,SNP,Cis.Gene.ID,Cis.Gene.Name,Cis.Gene.type,Cis.Gene.Chr,Cis.Gene.Start,Cis.Gene.End,Trans.Gene.ID,Trans.Gene.Name,Trans.Gene.Type,Trans.Gene.Chr,Trans.Gene.Start,Trans.Gene.End,MRPC.Addis.Inferred.Model,Trio.orig.index,Trio.sub.index,Mean.Cis.Exp,SD.Cis.Exp,Mean.Trans.Exp,SD.Trans.Exp,Cor.SNP.Cis,Cor.SNP.Trans,Cor.Cis.Trans,GMAC.Inferred.Mediation.Type.Qval,GMAC.Inferred.Mediation.Type.alpha01,GMAC.Inferred.Mediation.Type.alpha05,MRGN.Inferred.Model.CSq,MRGN.Inferred.Model.Csalpha,MRGN.libconf.alpha05.number.of.PCs,GMAC.number.of.PCs,MRGN.number.of.PCs,MRPC.number.of.PCs
1,chr14_64910832_G_A_b38,ENSG00000258289,CHURC1,protein_coding,14,64914361,64944591,ENSG00000168757,TSPY2,protein_coding,Y,6246223,6249019,M0,1,1,0.083570293,6.102500098,2.29492001693219e-05,0.005364741,0.751584603,0.209734803,0.199825801,No Mediation,No Mediation,No Mediation,M3,M0.1,45,21,21,1
2,chr17_50547162_A_C_b38,ENSG00000006282,SPATA20,protein_coding,17,50543058,50555852,ENSG00000111843,TMEM14C,protein_coding,6,10722915,10731129,M3,3,2,-0.043582801,3.491344765,0.098162926,5.99733771,-0.76911662,0.182685052,-0.11970233,No Mediation,No Mediation,No Mediation,M3,M0.1,51,31,31,0
3,chr11_74948744_G_C_b38,ENSG00000166435,XRRA1,protein_coding,11,74807739,74949200,ENSG00000269220,LINC00528,lncRNA,22,17777322,17779481,M3,4,3,0.009099441,1.039730902,-0.072669591,4.180041036,0.811670912,-0.178134723,-0.161757571,No Mediation,No Mediation,No Mediation,M3,M0.1,48,30,30,2
4,chr8_144396341_G_A_b38,ENSG00000071894,CPSF1,protein_coding,8,144393229,144409335,ENSG00000111843,TMEM14C,protein_coding,6,10722915,10731129,M3,8,4,0.031205105,10.99206858,0.098162926,5.99733771,0.652502009,-0.24998045,-0.150067159,No Mediation,No Mediation,No Mediation,M3,M3,46,28,28,1
5,chr6_32666407_A_G_b38,ENSG00000179344,HLA-DQB1,protein_coding,6,32659467,32668383,ENSG00000178105,DDX10,protein_coding,11,108665069,108940927,M3,17,5,2.000359549,74.90932938,0.002310037,0.25033789,-0.539443856,0.201228361,-0.150009238,No Mediation,Cis Mediated,Undirected,M0.1,M0.1,47,30,30,3
6,chr4_973551_C_G_b38,ENSG00000145214,DGKQ,protein_coding,4,958887,986895,ENSG00000238083,LRRC37A2,protein_coding,17,46511511,46555650,M3,18,6,0.004604527,6.196721509,0.005699988,1.298088711,0.677381298,0.183951128,0.153697316,No Mediation,No Mediation,No Mediation,M0.1,M0.1,57,31,31,0
7,chr6_42952678_A_AC_b38,ENSG00000124587,PEX6,protein_coding,6,42963865,42979181,ENSG00000134061,CD180,protein_coding,5,67179613,67196799,M3,21,7,-0.088796791,5.200178519,-0.025215566,1.991774448,0.578240512,0.191098778,0.115829934,No Mediation,No Mediation,No Mediation,M3,M0.1,50,32,32,1
8,chr17_81682485_G_A_b38,ENSG00000214087,ARL16,protein_coding,17,81681187,81683797,ENSG00000167291,TBC1D16,protein_coding,17,79932343,80035872,M1.1,22,8,-0.051458014,3.630369215,-0.007481241,0.645790692,-0.686875927,0.192553162,-0.226101687,Cis Mediated,Cis Mediated,Undirected,M1.1,M1.1,50,31,31,2
9,chr6_32667293_T_A_b38,ENSG00000232629,HLA-DQB2,protein_coding,6,32756098,32763532,ENSG00000178105,DDX10,protein_coding,11,108665069,108940927,M1.1,28,9,0.076054975,6.770257128,0.002310037,0.25033789,0.595723621,0.206505376,0.25302513,Undirected,Undirected,Undirected,M1.1,M1.1,60,33,33,3
10,chr17_45581150_C_T_b38,ENSG00000214401,KANSL1-AS1,lncRNA,17,46193576,46196723,ENSG00000159208,CIART,protein_coding,1,150282543,150287093,M3,29,10,0.088457932,4.79191633,0.000906704,0.156998184,0.791524582,0.181737591,0.13744515,No Mediation,No Mediation,No Mediation,M0.1,M0.1,45,19,19,0
11,chr12_8058041_A_G_b38,ENSG00000171860,C3AR1,protein_coding,12,8056844,8066359,ENSG00000240563,L1TD1,protein_coding,1,62194849,62212328,M4,30,11,0.881971721,93.36907965,0.000621066,0.126124487,0.527927999,-0.177335376,-0.15488147,Undirected,Undirected,Undirected,M0.1,M1.1,49,23,23,2
12,chr11_72139110_CTA_C_b38,ENSG00000110203,FOLR3,protein_coding,11,72114869,72139892,ENSG00000104361,NIPAL2,protein_coding,8,98189826,98294393,M3,40,12,51.96413134,445.7025461,0.006143494,1.129136523,-0.601207693,0.187908515,-0.099166599,No Mediation,No Mediation,No Mediation,M3,M3,41,15,15,0
13,chr5_181003797_T_C_b38,ENSG00000168903,BTNL3,protein_coding,5,180988846,181006727,ENSG00000233110,,lncRNA,4,185587909,185594003,M3,45,13,0.044039312,7.756924193,-0.000121505,0.026146323,0.681647332,0.16988321,0.106321464,No Mediation,No Mediation,No Mediation,M3,M0.1,39,18,18,2
14,chr11_61828092_C_T_b38,ENSG00000134824,FADS2,protein_coding,11,61792980,61867354,ENSG00000259284,LINC02349,lncRNA,15,61729765,61731389,M3,49,14,0.023952876,2.772570708,-3.11E-06,0.003283942,0.727496201,0.172265559,0.116731697,No Mediation,No Mediation,No Mediation,M0.1,M0.1,61,31,31,1
15,chr7_150780504_T_G_b38,ENSG00000002933,TMEM176A,protein_coding,7,150800403,150805118,ENSG00000170265,ZNF282,protein_coding,7,149195546,149226238,M3,50,15,0.643099573,41.92415007,-0.000201721,4.16457487,-0.526461497,-0.189465927,0.071284552,No Mediation,No Mediation,No Mediation,M3,M3,48,29,29,0
16,chr6_31393227_T_C_b38,ENSG00000272221,,lncRNA,6,31394289,31395495,ENSG00000204632,HLA-G,protein_coding,6,29826967,29831125,M3,51,16,-0.003355875,2.373093955,0.175903993,11.68566131,-0.651141498,0.34637984,-0.21461208,No Mediation,No Mediation,No Mediation,M3,M3,43,20,20,0
17,chr16_15727006_C_T_b38,ENSG00000263335,,lncRNA,16,15726674,15732993,ENSG00000173262,SLC2A14,protein_coding,12,7812512,7891148,M3,52,17,0.048153433,3.867405128,-0.010525774,5.458606291,0.654605208,0.170415242,0.035221724,No Mediation,No Mediation,No Mediation,M3,M3,50,21,21,0
18,chr21_44067413_T_G_b38,ENSG00000241945,PWP2,protein_coding,21,44107373,44131181,ENSG00000280071,GATD3B,protein_coding,21,5079294,5128413,M4,54,18,-0.015096965,0.777119168,0.007613918,0.908242913,0.755684967,-0.756901283,-0.698344066,Undirected,Undirected,Undirected,M4,M4,47,27,27,0
19,chr17_410391_T_C_b38,ENSG00000187624,C17orf97,protein_coding,17,410325,431062,ENSG00000138617,PARP16,protein_coding,15,65234460,65300618,M3,55,19,0.00234608,0.524504984,0.004844049,1.5462098,0.747322328,0.205890536,0.194483191,No Mediation,No Mediation,No Mediation,M0.1,M0.1,45,22,22,0
20,chr21_44072497_A_G_b38,ENSG00000160221,GATD3A,protein_coding,21,44133610,44210114,ENSG00000280071,GATD3B,protein_coding,21,5079294,5128413,M4,56,20,-0.013133068,1.064566619,0.007613918,0.908242913,0.830678922,-0.772925929,-0.852099934,Undirected,Undirected,Undirected,M4,M4,41,24,24,0
21,chr2_127389186_G_C_b38,ENSG00000236682,MAP3K2-DT,lncRNA,2,127388184,127400580,ENSG00000281392,LINC00506,lncRNA,3,87089129,87158363,M1.1,57,21,-0.000794138,0.352194805,0.000207636,0.01821437,-0.758800448,-0.179769519,0.227509548,No Mediation,No Mediation,Undirected,M1.1,M0.1,45,26,26,2
22,chr6_26354552_A_C_b38,ENSG00000186470,BTN3A2,protein_coding,6,26365159,26378320,ENSG00000204644,ZFP57,protein_coding,6,29672483,29681155,M3,59,22,-0.056773921,14.36182505,-0.000910634,1.849695146,-0.44509765,0.24790103,-0.145275708,No Mediation,No Mediation,No Mediation,M3,M3,54,25,25,1
23,chr4_55346203_G_GCGCGTCCCCGCCCCGCGC_b38,ENSG00000128039,SRD5A3,protein_coding,4,55346213,55373100,ENSG00000152926,ZNF117,protein_coding,7,64971772,65006684,M1.1,60,23,-0.025330375,1.427938311,-0.046932419,4.073956332,0.711479115,0.193802415,0.222904505,No Mediation,No Mediation,No Mediation,M1.1,M0.1,60,26,26,0
24,chr22_26508575_G_A_b38,ENSG00000100109,TFIP11,protein_coding,22,26491225,26512505,ENSG00000145147,SLIT2,protein_coding,4,20251905,20620561,M3,62,24,-0.061685347,4.795289178,0.001114101,0.057420713,-0.557658451,0.20416162,-0.141671777,No Mediation,No Mediation,No Mediation,M0.1,M3,52,44,44,3
25,chr6_32636787_C_T_b38,ENSG00000237541,HLA-DQA2,protein_coding,6,32741391,32747198,ENSG00000228221,LINC00578,lncRNA,3,177441910,177767379,M3,64,25,0.258723489,19.06108108,2.28219016940757e-05,0.021470885,0.629838303,0.189524084,0.129535426,No Mediation,No Mediation,No Mediation,M3,M3,48,20,20,0
26,chr19_21595415_A_G_b38,ENSG00000268555,,lncRNA,19,21569738,21587322,ENSG00000268696,ZNF723,protein_coding,19,22832291,22858667,M3,67,26,0.364166021,6.948142456,0.000189447,0.027354925,-0.467665203,0.409550458,-0.125655716,No Mediation,No Mediation,No Mediation,M3,M3,43,25,25,2
27,chr21_42106308_A_C_b38,ENSG00000184385,UMODL1-AS1,lncRNA,21,42102134,42108534,ENSG00000267852,ARHGEF18-AS1,lncRNA,19,7390522,7395039,M3,68,27,-0.009331812,6.016888278,-0.001622084,0.528581294,0.270898089,0.178477529,0.040949756,No Mediation,No Mediation,No Mediation,M3,M3,53,24,24,2
28,chr9_62885682_A_G_b38,ENSG00000234665,LERFS,lncRNA,9,62856999,62898095,ENSG00000131944,FAAP24,protein_coding,19,32972209,32978229,M3,72,28,-0.000499533,0.122993932,-0.003396965,0.580312284,0.71222411,0.180174464,0.113510134,No Mediation,No Mediation,No Mediation,M3,M3,53,21,21,0
29,chr6_32558749_A_G_b38,ENSG00000198502,HLA-DRB5,protein_coding,6,32517353,32530287,ENSG00000230523,LINC01756,lncRNA,1,29329620,29350114,M3,76,29,5.991248068,124.8845219,8.37840374081123e-05,0.004037104,-0.55793524,-0.172461147,0.084115316,No Mediation,No Mediation,No Mediation,M3,M0.1,49,18,18,0
30,chr1_109656105_C_G_b38,ENSG00000168765,GSTM4,protein_coding,1,109656099,109674836,ENSG00000181585,TMIE,protein_coding,3,46694528,46710886,M3,77,30,0.009073133,1.597755385,0.000284291,0.15179397,-0.667206816,0.171452422,-0.126214491,No Mediation,No Mediation,No Mediation,M0.1,M0.1,49,28,28,0
31,chr7_100613863_G_C_b38,ENSG00000106330,MOSPD3,protein_coding,7,100612102,100615384,ENSG00000242973,,lncRNA,6,46670444,46688165,M3,81,31,0.040993865,9.549006428,7.31832036301546e-05,0.016452298,-0.418628348,0.175737729,-0.064827017,No Mediation,No Mediation,No Mediation,M3,M3,53,26,26,1
32,chr7_42905432_C_T_b38,ENSG00000136197,C7orf25,protein_coding,7,42908726,42912305,ENSG00000187806,TMEM202,protein_coding,15,72398302,72408367,M3,85,32,0.006742012,3.910803391,-0.000182827,0.013963379,-0.61784847,-0.171830046,0.045689658,No Mediation,No Mediation,No Mediation,M3,M3,46,10,10,0
33,chr4_47915457_A_G_b38,ENSG00000170448,NFXL1,protein_coding,4,47847233,47914667,ENSG00000089041,P2RX7,protein_coding,12,121132819,121188032,M1.1,87,33,-0.029544166,8.553550157,-0.017829081,2.275079271,0.424408793,0.169941578,0.26580843,Undirected,Undirected,Undirected,M1.1,M1.1,51,32,32,1
34,chr6_30920003_C_CTGGGGCGGTGCAGGTGA_b38,ENSG00000137411,VARS2,protein_coding,6,30914205,30926459,ENSG00000204632,HLA-G,protein_coding,6,29826967,29831125,M3,89,34,-0.005733829,1.550632998,0.175903993,11.68566131,0.52867564,0.195718651,-0.005868637,No Mediation,No Mediation,No Mediation,M3,M3,46,27,27,1
35,chr8_98293311_A_T_b38,ENSG00000104361,NIPAL2,protein_coding,8,98189826,98294393,ENSG00000142185,TRPM2,protein_coding,21,44350163,44443081,M3,94,35,0.006143494,1.129136523,-0.155287748,7.82337293,-0.529577412,0.305024213,-0.187651758,No Mediation,No Mediation,No Mediation,M4,M4,47,25,25,0
36,chr11_8682426_G_GC_b38,ENSG00000166436,TRIM66,protein_coding,11,8612037,8682694,ENSG00000188848,BEND4,protein_coding,4,42110853,42152878,M3,95,36,0.001490313,0.903668341,-0.001130293,0.115181976,0.593376864,0.17562247,0.199881783,No Mediation,No Mediation,No Mediation,M0.1,M0.1,51,34,34,3
37,chr22_38959104_T_C_b38,ENSG00000179750,APOBEC3B,protein_coding,22,38982347,38992804,ENSG00000243543,WFDC6,protein_coding,20,45534196,45539482,M3,97,37,0.011888991,8.084202992,-7.98E-05,0.026013191,0.683134783,0.208689808,0.159546964,No Mediation,No Mediation,No Mediation,M3,M0.1,50,18,18,0
38,chr2_71071208_C_T_b38,ENSG00000124357,NAGK,protein_coding,2,71064344,71079808,ENSG00000223935,LGALSL-DT,lncRNA,2,64395220,64453967,M3,99,38,-0.04401602,17.11422954,-0.001637534,0.360361535,-0.443197162,0.175413699,-0.14218904,No Mediation,No Mediation,No Mediation,M3,M3,51,30,30,1
39,chr16_69939224_A_G_b38,ENSG00000157322,CLEC18A,protein_coding,16,69950705,69964452,ENSG00000140839,CLEC18B,protein_coding,16,74408270,74421953,M4,101,39,-0.004373901,0.770612263,-0.004658109,0.292050765,-0.496184598,0.49965425,-0.420237419,Undirected,Undirected,Undirected,M4,M4,43,22,22,1
40,chr7_26912520_T_C_b38,ENSG00000005020,SKAP2,protein_coding,7,26667068,26995239,ENSG00000181481,RNF135,protein_coding,17,30970984,30999911,M1.1,102,40,-0.055918011,17.50937204,-0.100508448,5.510196474,0.457182389,-0.176839365,-0.260554641,Undirected,Undirected,Undirected,M1.1,M1.1,54,38,38,1
41,chr5_96661562_T_C_b38,ENSG00000153113,CAST,protein_coding,5,96525267,96779595,ENSG00000185290,NUPR2,protein_coding,7,56114681,56116417,M3,105,41,-0.036189642,9.409402016,0.001464308,0.422724621,0.587452601,0.226266944,0.169184083,No Mediation,No Mediation,No Mediation,M3,M0.1,53,28,28,1
42,chr9_75092384_A_T_b38,ENSG00000106733,NMRK1,protein_coding,9,75060573,75088217,ENSG00000203942,C10orf62,protein_coding,10,97589721,97590934,M3,106,42,-0.011277408,2.947768527,0.00040844,0.046490964,-0.551984485,0.194632214,-0.146283876,No Mediation,No Mediation,No Mediation,M3,M3,46,22,22,2
43,chr1_1665061_C_T_b38,ENSG00000189339,SLC35E2B,protein_coding,1,1659529,1692795,ENSG00000118523,CCN2,protein_coding,6,131948176,131951372,M3,107,43,-0.016587337,4.825999083,0.000457612,2.036738324,-0.514857883,0.174767316,-0.096107021,No Mediation,No Mediation,No Mediation,M0.1,M0.1,63,34,34,2
44,chr7_26913945_C_G_b38,ENSG00000233429,HOTAIRM1,lncRNA,7,27095647,27100265,ENSG00000181481,RNF135,protein_coding,17,30970984,30999911,M3,108,44,-0.138159571,6.122309787,-0.100508448,5.510196474,0.527046135,-0.177842611,-0.083169441,No Mediation,No Mediation,No Mediation,M3,M3,52,33,33,2
45,chr19_21595336_C_G_b38,ENSG00000197013,ZNF429,protein_coding,19,21496682,21556270,ENSG00000268696,ZNF723,protein_coding,19,22832291,22858667,M3,110,45,-0.003848764,1.579318909,0.000189447,0.027354925,-0.522332156,0.382271226,-0.203980871,No Mediation,No Mediation,No Mediation,M3,M3,54,24,24,0
46,chr6_31264420_TAA_T_b38,ENSG00000204301,NOTCH4,protein_coding,6,32194843,32224067,ENSG00000204632,HLA-G,protein_coding,6,29826967,29831125,M1.1,111,46,-0.000881419,0.636809469,0.175903993,11.68566131,0.770251776,0.341735479,0.393571214,Undirected,Undirected,Undirected,M1.1,M1.1,42,11,11,0
47,chr12_130795585_T_A_b38,ENSG00000111450,STX2,protein_coding,12,130789600,130839266,ENSG00000279217,,lncRNA,22,36071000,36085573,M3,113,47,0.01545102,1.4275016,-2.61E-05,0.004737583,0.560588007,0.187630223,0.131698106,No Mediation,No Mediation,No Mediation,M0.1,M0.1,50,32,32,2
48,chr12_112887655_T_C_b38,ENSG00000089169,RPH3A,protein_coding,12,112570380,112898881,ENSG00000188739,RBM34,protein_coding,1,235131183,235161283,M3,114,48,-0.036337841,11.6560453,0.001412319,0.285362948,0.379209058,0.172685901,0.10555707,No Mediation,No Mediation,No Mediation,M3,M3,42,18,18,0
49,chr4_152101223_G_A_b38,ENSG00000245954,LINC02273,lncRNA,4,152090459,152104720,ENSG00000183281,PLGLB1,protein_coding,2,87002559,87021852,M3,115,49,0.017396943,2.129291771,-0.000744414,0.22297487,-0.465504693,0.177345353,-0.137596583,No Mediation,No Mediation,No Mediation,M3,M3,48,23,23,1
50,chr1_46340721_T_C_b38,ENSG00000117481,NSUN4,protein_coding,1,46340789,46365152,ENSG00000150054,MPP7,protein_coding,10,28050993,28334486,M3,116,50,0.007692488,0.557816329,0.023745848,1.452759623,0.549183976,-0.172391904,-0.131224101,No Mediation,No Mediation,Trans Mediated,M0.1,M0.1,57,30,30,0
51,chr2_24874203_G_C_b38,ENSG00000138031,ADCY3,protein_coding,2,24819169,24920237,ENSG00000137267,TUBB2A,protein_coding,6,3153497,3157544,M3,125,51,-0.038138594,4.09705425,0.725591691,12.0861568,0.544839864,0.191851363,0.030337789,Undirected,Undirected,Undirected,M4,M4,36,19,19,0
52,chr10_47557412_C_A_b38,ENSG00000204172,AGAP9,protein_coding,10,47501854,47523638,ENSG00000235143,,lncRNA,1,30858158,30860254,M4,127,52,0.005146425,0.924759294,-1.54E-05,0.00801248,-0.526018449,0.175420714,-0.204065973,No Mediation,No Mediation,No Mediation,M0.1,M1.1,47,31,31,2
53,chr12_57931817_G_T_b38,ENSG00000166896,ATP23,protein_coding,12,57906039,57959148,ENSG00000236268,LINC01361,lncRNA,1,82970820,82986208,M4,129,53,0.011930845,1.35292862,-0.000170578,0.018332883,-0.508421439,0.182111622,-0.19687486,No Mediation,No Mediation,No Mediation,M0.1,M0.1,50,24,24,2
54,chr5_102782303_C_T_b38,ENSG00000145730,PAM,protein_coding,5,102753981,103029730,ENSG00000203356,LINC01562,lncRNA,1,51195095,51235096,M3,131,54,-0.038549642,3.41475128,5.33140206243843e-05,0.033244793,0.563757175,-0.174728404,-0.10046777,No Mediation,No Mediation,No Mediation,M3,M0.1,46,24,24,1
55,chr2_108449888_G_A_b38,ENSG00000135968,GCC2,protein_coding,2,108449191,108509415,ENSG00000106588,PSMA2,protein_coding,7,42916828,42932185,M3,134,55,-0.001182205,0.953790601,-0.007710899,2.599981614,0.478242394,0.175439125,0.077348518,No Mediation,No Mediation,No Mediation,M3,M0.1,59,38,38,3
56,chr16_89686659_GGGCCGTCCGCGTCTGCGCCTGCGCGCAAGAGA_G_b38,ENSG00000185324,CDK10,protein_coding,16,89680737,89696354,ENSG00000223614,ZNF735,protein_coding,7,64207090,64220508,M3,137,56,-0.036243753,2.548184846,5.73669229876276e-05,0.005087826,-0.468922017,0.208886234,-0.100670241,No Mediation,No Mediation,No Mediation,M3,M3,48,29,29,1
57,chr20_62833145_G_A_b38,ENSG00000092758,COL9A3,protein_coding,20,62816244,62841159,ENSG00000161618,ALDH16A1,protein_coding,19,49453225,49471050,M3,141,57,-0.000866703,3.047608408,-0.074189882,3.542094923,-0.457421616,0.188114085,-0.07493654,No Mediation,No Mediation,No Mediation,M3,M3,51,27,27,1
58,chr12_56521763_G_A_b38,ENSG00000076067,RBMS2,protein_coding,12,56521820,56596193,ENSG00000163590,PPM1L,protein_coding,3,160755602,161078902,M4,148,58,0.003548615,0.520549567,0.005749411,0.397922256,-0.537512542,0.174349571,-0.177874783,No Mediation,No Mediation,No Mediation,M0.1,M0.1,49,34,34,4
59,chr7_73734972_G_A_b38,ENSG00000106077,ABHD11,protein_coding,7,73736094,73738852,ENSG00000168255,POLR2J3,protein_coding,7,102537918,102572653,M3,149,59,-0.030355192,2.470288281,-0.004200583,0.918447079,-0.603264459,0.228875877,-0.197476875,No Mediation,No Mediation,No Mediation,M3,M3,48,26,26,0
60,chr20_25245556_A_G_b38,ENSG00000100994,PYGB,protein_coding,20,25248085,25298012,ENSG00000198026,ZNF335,protein_coding,20,45948660,45972203,M4,150,60,-0.012457382,3.44646909,-0.032250712,1.709520705,0.465709926,-0.186057717,-0.148815183,No Mediation,No Mediation,Undirected,M0.1,M0.1,50,34,34,2
61,chr19_51497418_G_A_b38,ENSG00000254521,SIGLEC12,protein_coding,19,51491227,51501800,ENSG00000248125,,lncRNA,5,145429811,145451108,M3,161,61,0.00763122,4.222326987,8.18826892738337e-06,0.004125789,-0.44842599,-0.170923032,0.145727282,No Mediation,No Mediation,No Mediation,M1.1,M1.1,40,12,12,0
62,chr2_151290158_G_T_b38,ENSG00000123610,TNFAIP6,protein_coding,2,151357592,151380046,ENSG00000224397,PELATON,lncRNA,20,50247643,50283250,M3,163,62,-0.020447745,38.1365117,1.389815144,58.22752742,-0.393666224,-0.186785212,-0.086818775,Cis Mediated,Undirected,Undirected,M4,M4,52,35,35,1
63,chr6_32829016_G_A_b38,ENSG00000241106,HLA-DOB,protein_coding,6,32812763,32820466,ENSG00000251048,,lncRNA,4,18488062,18489508,M3,165,63,0.002567716,8.356221243,4.59832870003979e-05,0.003460681,0.376638659,0.219371925,0.061374997,No Mediation,No Mediation,No Mediation,M3,M3,58,34,34,2
64,chr8_18069552_G_T_b38,ENSG00000104763,ASAH1,protein_coding,8,18055992,18084998,ENSG00000167077,MEI1,protein_coding,22,41699503,41799456,M3,167,64,-0.431174737,35.25055796,-0.005030518,1.716154369,0.445662863,0.207370786,0.090006454,No Mediation,No Mediation,No Mediation,M3,M3,53,28,28,2
65,chr2_113235808_C_G_b38,ENSG00000189223,PAX8-AS1,lncRNA,2,113211421,113276581,ENSG00000115289,PCGF1,protein_coding,2,74505043,74507695,M4,169,65,-0.020380081,1.270572471,0.005915215,1.015154991,-0.565134762,0.183237138,-0.200998987,No Mediation,No Mediation,No Mediation,M0.1,M0.1,38,23,23,2
66,chr6_36387595_T_C_b38,ENSG00000010030,ETV7,protein_coding,6,36354091,36387800,ENSG00000137267,TUBB2A,protein_coding,6,3153497,3157544,M3,170,66,-0.001218198,4.269989823,0.725591691,12.0861568,0.179653193,-0.171223992,-0.022186325,No Mediation,No Mediation,No Mediation,M3,M3,44,35,35,5
67,chr11_33052532_T_C_b38,ENSG00000280798,LINC00294,lncRNA,11,33076149,33079454,ENSG00000165730,STOX1,protein_coding,10,68827531,68895432,M3,174,67,-0.025434081,1.46446779,-5.38E-05,0.108557943,0.565876468,0.175796573,0.136507718,No Mediation,No Mediation,No Mediation,M3,M3,51,28,28,1
68,chr2_189661498_C_T_b38,ENSG00000138381,ASNSD1,protein_coding,2,189661385,189670831,ENSG00000170632,ARMC10,protein_coding,7,103074881,103099759,M4,179,68,0.008291274,2.859155875,-0.0016035,1.26149962,0.597024235,-0.22862601,-0.217022607,No Mediation,No Mediation,Undirected,M3,M0.1,49,32,32,2
69,chr1_93181063_C_T_b38,ENSG00000223745,CCDC18-AS1,lncRNA,1,93262186,93346025,ENSG00000230472,,lncRNA,6,50587607,50637205,M3,181,69,-0.020328169,1.437292446,5.52495614454583e-06,0.005351202,0.476313728,-0.193067982,-0.087967162,No Mediation,No Mediation,No Mediation,M3,M3,55,23,23,1
70,chr5_74631711_TG_T_b38,ENSG00000171617,ENC1,protein_coding,5,74627406,74641424,ENSG00000232394,,lncRNA,15,27775621,27776798,M3,182,70,-0.011597363,4.585668893,-1.09E-05,0.006971864,0.566619154,0.188381429,0.103504065,No Mediation,No Mediation,No Mediation,M3,M1.1,62,15,15,1
71,chr9_121488400_C_T_b38,ENSG00000204136,GGTA1,protein_coding,9,121444991,121499844,ENSG00000185290,NUPR2,protein_coding,7,56114681,56116417,M3,183,71,0.012051718,1.338332257,0.001464308,0.422724621,-0.383649286,-0.17037597,0.080678561,No Mediation,No Mediation,No Mediation,M3,M0.1,53,33,33,2
72,chr8_2134028_G_C_b38,ENSG00000036448,MYOM2,protein_coding,8,2045046,2165552,ENSG00000189051,RNF222,protein_coding,17,8390704,8397826,M4,185,72,-0.064042614,10.6605375,-0.001362601,0.106470607,0.372150009,0.178011253,0.221781595,No Mediation,No Mediation,No Mediation,M0.1,M1.1,51,37,37,0
73,chr1_37999643_G_A_b38,ENSG00000183386,FHL3,protein_coding,1,37996770,38005606,ENSG00000259448,LINC02352,lncRNA,15,31215622,31224445,M3,186,73,0.700059758,26.7274424,0.056310131,1.34624332,0.367997899,0.197152796,0.055403298,No Mediation,No Mediation,No Mediation,M3,M3,54,25,25,0
74,chr4_17512134_CG_C_b38,ENSG00000151552,QDPR,protein_coding,4,17460261,17512206,ENSG00000273117,INSIG1-DT,lncRNA,7,155295918,155297541,M3,187,74,-0.00400954,0.993764552,0.007184048,0.596621725,-0.541528487,0.199275232,-0.106879808,No Mediation,No Mediation,No Mediation,M3,M3,49,32,32,0
75,chr11_126271239_A_AAAGG_b38,ENSG00000110074,FOXRED1,protein_coding,11,126269055,126278131,ENSG00000269535,,lncRNA,19,52300693,52345229,M3,189,75,-0.000451943,1.556304579,-4.76E-06,0.056947674,0.576148216,-0.181286822,-0.130990723,No Mediation,No Mediation,No Mediation,M3,M0.1,47,27,27,1
76,chr22_23649233_C_T_b38,ENSG00000189269,DRICH1,protein_coding,22,23608452,23632321,ENSG00000111843,TMEM14C,protein_coding,6,10722915,10731129,M3,190,76,-0.013708334,0.751983903,0.098162926,5.99733771,-0.56546481,0.218683262,-0.076203964,No Mediation,No Mediation,Undirected,M3,M3,49,30,30,0
77,chrX_125294004_G_A_b38,ENSG00000009694,TENM1,protein_coding,X,124375903,124963817,ENSG00000168255,POLR2J3,protein_coding,7,102537918,102572653,M3,192,77,0.000737635,1.295920053,-0.004200583,0.918447079,-0.452588058,0.209032768,-0.080800202,No Mediation,No Mediation,No Mediation,M3,M3,51,32,32,0
78,chrX_103213553_C_A_b38,ENSG00000102409,BEX4,protein_coding,X,103215108,103217246,ENSG00000153827,TRIP12,protein_coding,2,229763837,229923239,M3,195,78,0.044974389,3.24444386,0.115134809,3.927208452,-0.541662942,-0.184390178,0.03385274,No Mediation,No Mediation,No Mediation,M3,M3,53,35,35,0
79,chr11_2902596_A_G_b38,ENSG00000110628,SLC22A18,protein_coding,11,2899721,2925246,ENSG00000131668,BARX1,protein_coding,9,93951627,93955355,M3,198,79,-0.107872419,9.059624989,0.000711269,0.050527778,-0.411709634,-0.181005092,0.090318477,No Mediation,No Mediation,No Mediation,M3,M3,44,25,25,2
80,chr17_1711518_A_ATATT_b38,ENSG00000185561,TLCD2,protein_coding,17,1702816,1710377,ENSG00000102226,USP11,protein_coding,X,47232866,47248328,M3,199,80,0.000253679,0.185508824,0.02337355,3.361151323,-0.57597448,-0.178458304,0.023206624,No Mediation,No Mediation,No Mediation,M3,M3,44,38,38,1
81,chr8_28093018_G_A_b38,ENSG00000134014,ELP3,protein_coding,8,28089673,28191156,ENSG00000280927,CTBP1-AS,lncRNA,4,1210120,1218591,M3,201,81,-0.00682154,0.842043885,-0.001132301,0.69885813,0.562193259,-0.176921971,-0.126040298,No Mediation,No Mediation,No Mediation,M0.1,M0.1,41,27,27,4
82,chr11_64340005_T_C_b38,ENSG00000236935,,lncRNA,11,64325050,64329504,ENSG00000144566,RAB5A,protein_coding,3,19947097,19985175,M1.1,207,82,0.013814841,1.39782057,0.113601728,3.632759109,0.615269645,0.177226404,0.264055491,No Mediation,No Mediation,Undirected,M0.1,M1.1,54,32,32,3
83,chr16_636337_G_A_b38,ENSG00000130731,METTL26,protein_coding,16,634427,636366,ENSG00000159335,PTMS,protein_coding,12,6765516,6770952,M3,210,83,0.028335556,7.65917801,2.149334986,28.92506051,0.453944273,0.177152842,0.136478985,Undirected,Undirected,Undirected,M1.1,M1.1,49,37,37,3
84,chr1_28089646_G_A_b38,ENSG00000158161,EYA3,protein_coding,1,27970344,28088637,ENSG00000253427,,lncRNA,8,126474189,126492596,M3,211,84,-0.014994815,1.621997165,-1.17E-05,0.003327807,0.652031405,0.251831974,0.109194103,No Mediation,No Mediation,No Mediation,M3,M3,58,13,13,0
85,chr22_50625049_T_C_b38,ENSG00000100299,ARSA,protein_coding,22,50622754,50628173,ENSG00000232086,,lncRNA,9,70708047,70712863,M3,213,85,-0.062583497,11.70041189,2.23410728104587e-05,0.003934426,-0.43276639,0.215656778,-0.150575066,No Mediation,No Mediation,No Mediation,M3,M3,56,22,22,2
86,chr6_130053316_T_A_b38,ENSG00000198945,L3MBTL3,protein_coding,6,130013699,130141449,ENSG00000183484,GPR132,protein_coding,14,105049395,105065445,M3,221,86,-0.002681274,1.358041707,0.058355663,4.269255186,-0.532082848,-0.184951195,0.078645579,No Mediation,No Mediation,No Mediation,M3,M3,43,28,28,4
87,chrX_109959801_C_T_b38,ENSG00000157600,TMEM164,protein_coding,X,110002631,110182734,ENSG00000259448,LINC02352,lncRNA,15,31215622,31224445,M4,222,87,0.006073461,7.567042857,0.056310131,1.34624332,-0.503104916,0.17917494,-0.169766957,No Mediation,No Mediation,No Mediation,M3,M3,48,25,25,0
88,chr1_109740350_G_T_b38,ENSG00000134202,GSTM3,protein_coding,1,109733932,109741038,ENSG00000119522,DENND1A,protein_coding,9,123379654,123930152,M3,224,88,0.01193657,0.827765645,0.008255128,1.274636364,0.393243363,-0.186228269,-0.101089377,No Mediation,No Mediation,No Mediation,M3,M3,47,29,29,0
89,chr2_264019_C_A_b38,ENSG00000035115,SH3YL1,protein_coding,2,217730,266398,ENSG00000260979,USP7-AS1,lncRNA,16,8962706,8966990,M3,226,89,-0.001672835,0.352763032,0.381630349,3.492540055,-0.513605937,0.200474521,-0.098790798,No Mediation,No Mediation,No Mediation,M3,M3,42,25,25,0
90,chr5_180561283_C_T_b38,ENSG00000161055,SCGB3A1,protein_coding,5,180590105,180591499,ENSG00000249697,,lncRNA,5,56313905,56321397,M0,229,90,0.753457337,104.3482328,-8.07E-05,0.019743485,-0.000914107,-0.193824924,0.006179933,No Mediation,No Mediation,No Mediation,M0.2,M0.2,55,13,13,2
91,chr16_70251998_A_G_b38,ENSG00000223496,EXOSC6,protein_coding,16,70246778,70251940,ENSG00000140839,CLEC18B,protein_coding,16,74408270,74421953,M3,235,91,0.008314793,0.722753956,-0.004658109,0.292050765,-0.510947051,0.353886412,-0.20898219,Undirected,Undirected,Undirected,M4,M4,45,28,28,2
92,chr7_128935498_C_G_b38,ENSG00000128604,IRF5,protein_coding,7,128937457,128950038,ENSG00000177757,FAM87B,lncRNA,1,817371,819837,M3,239,92,-0.005528743,5.975526869,0.00205608,0.080439821,0.392503984,0.181529476,0.053035328,No Mediation,No Mediation,No Mediation,M3,M0.1,55,34,34,1
93,chr14_77813858_C_T_b38,ENSG00000063761,ADCK1,protein_coding,14,77800109,77935014,ENSG00000035499,DEPDC1B,protein_coding,5,60596912,60700190,M3,240,93,0.00334094,0.982653715,-0.00232452,0.355675423,0.634507146,0.25984569,0.067227401,No Mediation,No Mediation,No Mediation,M0.1,M0.1,55,35,35,1
94,chr12_103831841_T_A_b38,ENSG00000111696,NT5DC3,protein_coding,12,103770453,103841234,ENSG00000188324,OR6C6,protein_coding,12,55293988,55296569,M3,244,94,0.002433022,0.686775106,-1.39E-05,0.011776267,0.524177148,0.186220673,0.116920524,No Mediation,No Mediation,No Mediation,M3,M3,50,24,24,1
95,chr19_24061240_C_T_b38,ENSG00000268362,,lncRNA,19,24033401,24077377,ENSG00000267575,,lncRNA,19,27793431,27984984,M3,245,95,7.65070096770322e-06,2.429527096,0.000361986,0.220116859,0.461080371,-0.189673201,-0.051782322,No Mediation,No Mediation,No Mediation,M3,M3,45,21,21,0
96,chr14_52697146_G_C_b38,ENSG00000197930,ERO1A,protein_coding,14,52639915,52695900,ENSG00000239265,CLRN1-AS1,lncRNA,3,150852484,151080726,M3,252,96,-0.09685867,12.43905532,0.007024071,1.389128245,-0.311083281,0.18524504,-0.078821682,No Mediation,No Mediation,Undirected,M3,M0.1,46,24,24,2
97,chr7_65889028_G_A_b38,ENSG00000196715,VKORC1L1,protein_coding,7,65873074,65959563,ENSG00000273142,LINC02604,lncRNA,7,66902857,66906297,M3,253,97,0.017244303,1.114520904,-0.012702047,1.405844976,0.616931119,-0.301200046,-0.179443448,No Mediation,No Mediation,Cis Mediated,M3,M3,53,32,32,0
98,chr2_200889340_T_C_b38,ENSG00000240344,PPIL3,protein_coding,2,200870907,200889303,ENSG00000168255,POLR2J3,protein_coding,7,102537918,102572653,M3,255,98,-0.009672265,1.083703837,-0.004200583,0.918447079,-0.539038614,0.224731033,-0.110151251,No Mediation,No Mediation,No Mediation,M3,M3,48,28,28,1
99,chr16_57688954_C_T_b38,ENSG00000159625,DRC7,protein_coding,16,57694793,57731805,ENSG00000005187,ACSM3,protein_coding,16,20610243,20797581,M3,259,99,-0.015595282,1.663097325,0.002858122,0.325419811,0.388814775,0.187537728,0.083221948,No Mediation,No Mediation,No Mediation,M3,M0.1,57,22,22,2
100,chr5_144170653_G_T_b38,ENSG00000145817,YIPF5,protein_coding,5,144158162,144170714,ENSG00000164604,GPR85,protein_coding,7,113078331,113087778,M4,260,100,0.006573511,1.349370062,-3.31E-05,0.043406306,-0.500798228,0.207383777,-0.20562519,No Mediation,No Mediation,No Mediation,M3,M3,54,26,26,1
101,chr1_226985776_G_C_b38,ENSG00000163050,COQ8A,protein_coding,1,226940286,226987544,ENSG00000176444,CLK2,protein_coding,1,155262868,155278491,M3,261,101,-0.05423067,4.643850856,-0.045425805,3.097646082,0.443323,-0.177153575,-0.087992102,No Mediation,No Mediation,No Mediation,M3,M0.1,53,34,34,2
102,chr1_17393501_G_A_b38,ENSG00000276747,PADI6,protein_coding,1,17372196,17401699,ENSG00000135226,UGT2B28,protein_coding,4,69280475,69295050,M4,263,102,-0.002647028,0.309263626,0.0001822,0.025733861,-0.488774185,-0.184415255,0.218636976,No Mediation,No Mediation,No Mediation,M3,M1.1,49,23,23,0
103,chr2_85616225_C_T_b38,ENSG00000168883,USP39,protein_coding,2,85602856,85649283,ENSG00000223536,,lncRNA,2,16728124,16769567,M3,271,103,-0.001496774,2.198655255,-2.39E-05,0.005731183,-0.462603339,0.21869315,-0.096027505,No Mediation,No Mediation,No Mediation,M3,M3,54,16,16,1
104,chr19_54167695_A_G_b38,ENSG00000167608,TMC4,protein_coding,19,54160108,54173250,ENSG00000173988,LRRC63,protein_coding,13,46211940,46277366,M3,272,104,0.015772787,2.29779399,9.34284815474399e-05,0.052571407,0.444412404,0.189272607,0.11178645,No Mediation,No Mediation,No Mediation,M3,M3,47,23,23,2
105,chr1_58579570_A_G_b38,ENSG00000184292,TACSTD2,protein_coding,1,58575433,58577252,ENSG00000230968,,lncRNA,2,77672215,77673792,M3,273,105,0.03343912,6.525395841,4.62865816406344e-06,0.004511688,0.18758476,0.187473084,0.042778483,No Mediation,No Mediation,No Mediation,M3,M3,59,11,11,1
106,chr10_45727276_C_G_b38,ENSG00000172661,WASHC2C,protein_coding,10,45727200,45792964,ENSG00000099290,WASHC2A,protein_coding,10,50067888,50133509,M4,274,106,-0.047735031,3.936090658,-0.025240805,2.256240709,-0.415231384,0.198930782,0.454702327,Undirected,Undirected,Undirected,M4,M4,44,31,31,3
107,chr16_4468204_G_A_b38,ENSG00000153406,NMRAL1,protein_coding,16,4461691,4495763,ENSG00000007129,CEACAM21,protein_coding,19,41549518,41586844,M3,278,107,-0.028056926,2.842733603,0.223621064,12.13212712,-0.481235342,0.182661194,-0.117301247,No Mediation,No Mediation,No Mediation,M3,M3,47,24,24,0
108,chr4_47841611_T_C_b38,ENSG00000259959,,lncRNA,4,47840122,47844339,ENSG00000089041,P2RX7,protein_coding,12,121132819,121188032,M4,279,108,0.001483348,0.683449345,-0.017829081,2.275079271,0.417426676,0.169854202,0.224298597,Undirected,Undirected,Undirected,M1.1,M1.1,55,35,35,1
109,chr12_7109558_C_T_b38,ENSG00000256967,,lncRNA,12,7129079,7131198,ENSG00000037757,MRI1,protein_coding,19,13764522,13774282,M4,282,109,-0.012083071,3.627526772,-0.012328439,1.442666303,0.504932928,0.185497663,0.202927597,No Mediation,No Mediation,Undirected,M0.1,M1.1,60,35,35,1
110,chr19_43984200_G_A_b38,ENSG00000204920,ZNF155,protein_coding,19,43967862,43998326,ENSG00000231510,LINC02782,lncRNA,1,5086459,5090899,M3,287,110,-0.002636889,0.597878997,8.35972589526652e-06,0.00950923,-0.504398264,0.207596827,-0.127782064,No Mediation,No Mediation,No Mediation,M3,M0.1,55,17,17,0
111,chr1_160343943_C_A_b38,ENSG00000162736,NCSTN,protein_coding,1,160343316,160358952,ENSG00000204842,ATXN2,protein_coding,12,111443485,111599676,M4,288,111,-0.41215,14.56830012,0.003111013,0.791108662,-0.39817113,-0.186265814,0.242546961,No Mediation,No Mediation,No Mediation,M0.1,M1.1,53,39,39,4
112,chr6_32855198_T_A_b38,ENSG00000240065,PSMB9,protein_coding,6,32844136,32859851,ENSG00000132938,MTUS2,protein_coding,13,28820339,29505947,M3,289,112,6.090889939,112.5098152,0.000200985,0.02722033,0.257538614,0.16990714,0.043539258,No Mediation,No Mediation,No Mediation,M3,M3,51,33,33,2
113,chrX_81365090_C_T_b38,ENSG00000131171,SH3BGRL,protein_coding,X,81202102,81298547,ENSG00000256810,,lncRNA,12,131029110,131035487,M3,293,113,0.269181284,50.01707844,-0.000119138,0.037980123,-0.453337477,0.180193472,-0.045609886,No Mediation,No Mediation,No Mediation,M3,M3,52,23,23,0
114,chr19_38930748_A_G_b38,ENSG00000104835,SARS2,protein_coding,19,38915266,38930763,ENSG00000176393,RNPEP,protein_coding,1,201982372,202006147,M3,296,114,-0.034736456,1.974747546,-0.09853313,12.8559257,-0.450708886,-0.178889737,0.070937447,No Mediation,No Mediation,No Mediation,M3,M3,50,38,38,0
115,chr20_44960400_G_A_b38,ENSG00000025772,TOMM34,protein_coding,20,44942130,44960397,ENSG00000228961,LINC01690,lncRNA,21,32958888,32960566,M3,297,115,-0.014554068,1.410278576,-0.000127187,0.02489332,-0.553145304,0.172056597,-0.079763192,No Mediation,No Mediation,No Mediation,M3,M0.1,50,28,28,1
116,chr10_77552679_T_C_b38,ENSG00000156113,KCNMA1,protein_coding,10,76869601,77638369,ENSG00000213722,DDAH2,protein_coding,6,31727038,31730617,M3,298,116,-0.015666841,1.342266758,0.109047323,36.11938088,-0.386920576,-0.176352637,0.034042381,No Mediation,No Mediation,No Mediation,M3,M3,51,28,28,1
117,chr1_27914572_G_A_b38,ENSG00000117748,RPA2,protein_coding,1,27891524,27914746,ENSG00000251421,,lncRNA,5,124395603,124400655,M3,301,117,0.160354797,11.64919668,-1.63E-05,0.004427851,0.57665587,0.222078241,0.119910174,No Mediation,No Mediation,No Mediation,M3,M3,37,27,27,5
118,chr19_9324196_C_T_b38,ENSG00000188321,ZNF559,protein_coding,19,9323772,9351162,ENSG00000121068,TBX2,protein_coding,17,61399843,61409466,M4,302,118,0.000942545,0.327991999,0.003385001,0.160597964,-0.499722617,0.226948377,-0.203770166,No Mediation,No Mediation,No Mediation,M3,M0.1,48,38,38,3
119,chr17_74567547_G_A_b38,ENSG00000261222,,lncRNA,17,74599840,74607229,ENSG00000137267,TUBB2A,protein_coding,6,3153497,3157544,M3,304,119,0.00120779,3.032647769,0.725591691,12.0861568,0.51419351,0.325801443,0.13989375,No Mediation,No Mediation,No Mediation,M3,M3,39,24,24,0
120,chr9_68560649_T_A_b38,ENSG00000154330,PGM5,protein_coding,9,68328308,68531061,ENSG00000272977,,lncRNA,22,25476218,25479971,M4,305,120,-8.34E-05,1.741664636,-0.002013343,0.344971934,-0.481994333,0.218445507,-0.18375395,No Mediation,No Mediation,Undirected,M0.1,M1.1,50,34,34,1
121,chr20_3765423_A_T_b38,ENSG00000101220,C20orf27,protein_coding,20,3753508,3767781,ENSG00000279998,,lncRNA,21,6789592,6812297,M3,306,121,0.101052114,15.05586136,1.58922583937259e-05,0.003198516,0.411964097,0.196511004,0.082718603,No Mediation,No Mediation,No Mediation,M3,M3,50,24,24,1
122,chr4_119366276_C_T_b38,ENSG00000145384,FABP2,protein_coding,4,119317250,119322138,ENSG00000167985,SDHAF2,protein_coding,11,61430042,61446733,M3,310,122,-0.004152826,0.412921814,-0.034436948,3.532862148,-0.46453678,0.170778772,-0.050942709,No Mediation,No Mediation,No Mediation,M3,M0.1,53,32,32,0
123,chr14_35101037_G_A_b38,ENSG00000092020,PPP2R3C,protein_coding,14,35085467,35122517,ENSG00000256287,LINC02398,lncRNA,12,20014780,20098868,M3,311,123,-0.034606717,6.351822812,0.000478401,0.030447951,-0.491429423,0.195265813,-0.062316156,No Mediation,No Mediation,No Mediation,M3,M3,43,28,28,1
124,chr18_75230_G_A_b38,ENSG00000173213,TUBB8B,protein_coding,18,47390,49557,ENSG00000261456,TUBB8,protein_coding,10,46888,74163,M4,312,124,0.000530125,0.262571623,0.000343419,0.108851236,0.497175761,0.49253072,0.839137668,Undirected,Undirected,Undirected,M4,M4,50,18,18,1
125,chr8_30812874_G_T_b38,ENSG00000104695,PPP2CB,protein_coding,8,30774457,30814314,ENSG00000234944,LINC02623,lncRNA,10,42871521,42874060,M4,313,125,-0.000370669,1.610690229,-8.93E-05,0.040102068,0.522771083,0.233725791,0.296031277,No Mediation,No Mediation,No Mediation,M1.1,M1.1,49,21,21,1
126,chr16_4686315_C_T_b38,ENSG00000102858,MGRN1,protein_coding,16,4616493,4690974,ENSG00000165556,CDX2,protein_coding,13,27960918,27969315,M3,314,126,0.030465782,13.73928753,0.000140222,0.018172076,0.344385762,-0.183038762,-0.044714477,No Mediation,No Mediation,Cis Mediated,M3,M3,59,31,31,1
127,chr2_86895991_G_A_b38,ENSG00000183281,PLGLB1,protein_coding,2,87002559,87021852,ENSG00000254126,CD8B2,protein_coding,2,106487364,106544297,M3,316,127,-0.000744414,0.22297487,-0.018069402,1.789808653,0.580027129,0.276142294,0.165462627,No Mediation,No Mediation,No Mediation,M3,M3,50,23,23,0
128,chr8_141126864_G_C_b38,ENSG00000253210,,lncRNA,8,141124717,141130064,ENSG00000065060,UHRF1BP1,protein_coding,6,34792015,34883138,M4,318,128,0.025190727,2.770960558,-8.24E-05,0.346126384,-0.541215578,0.185218281,-0.20031776,No Mediation,No Mediation,No Mediation,M0.1,M3,47,29,29,0
129,chr11_34422484_C_A_b38,ENSG00000121691,CAT,protein_coding,11,34438934,34472060,ENSG00000106952,TNFSF8,protein_coding,9,114893343,114930595,M3,320,129,1.008973714,52.64891603,0.063979953,4.462510763,0.498479787,0.193557183,-0.009468899,No Mediation,No Mediation,Undirected,M4,M3,43,32,32,1
130,chr10_79839130_C_T_b38,ENSG00000228570,NUTM2E,protein_coding,10,79826739,79850878,ENSG00000122877,EGR2,protein_coding,10,62811996,62919900,M3,324,130,-0.000547339,0.117458363,0.004840825,1.03364359,-0.546690929,-0.185733555,0.080658285,No Mediation,No Mediation,No Mediation,M3,M3,47,15,15,0
131,chr15_40288963_C_A_b38,ENSG00000273855,,lncRNA,15,40285468,40285909,ENSG00000101197,BIRC7,protein_coding,20,63235883,63240495,M3,325,131,-0.052062983,3.660044749,-0.002906597,0.203555027,-0.341514894,0.19552378,-0.025840892,No Mediation,No Mediation,No Mediation,M3,M3,49,28,28,0
132,chr16_2778171_T_G_b38,ENSG00000276791,,lncRNA,16,2777319,2780568,ENSG00000254111,,lncRNA,8,37559992,37567477,M3,328,132,-0.005436758,0.458111604,0.000192002,0.008308712,0.500246079,-0.182217399,-0.111578262,No Mediation,No Mediation,No Mediation,M3,M3,57,18,18,0
133,chr6_37517240_GA_G_b38,ENSG00000227920,,lncRNA,6,37545145,37550860,ENSG00000228452,,lncRNA,1,42775813,42776790,M4,335,133,0.000779261,0.193117233,0.001906168,0.380518701,-0.491818457,-0.172966071,0.195132396,No Mediation,No Mediation,No Mediation,M0.1,M0.1,45,24,24,2
134,chr12_29284928_A_G_b38,ENSG00000257176,,lncRNA,12,29277955,29317848,ENSG00000185290,NUPR2,protein_coding,7,56114681,56116417,M3,345,134,-0.001929768,0.567317747,0.001464308,0.422724621,0.574460919,0.181040171,0.105129543,No Mediation,No Mediation,No Mediation,M3,M3,44,24,24,0
135,chr15_40382719_T_C_b38,ENSG00000128944,KNSTRN,protein_coding,15,40382721,40394246,ENSG00000258100,LINC02823,lncRNA,12,91327045,91368607,M3,350,135,-0.012167119,1.539996469,6.70025556816532e-05,0.016231603,0.481762041,0.178286962,0.013624719,No Mediation,No Mediation,No Mediation,M3,M3,44,18,18,1
136,chr17_4962633_G_A_b38,ENSG00000091640,SPAG7,protein_coding,17,4959226,4967817,ENSG00000264790,,lncRNA,18,27343252,27346110,M3,354,136,-0.032761135,2.598642664,-1.61E-05,0.005043666,0.4638534,0.29923899,0.150609675,No Mediation,No Mediation,No Mediation,M3,M3,49,18,18,0
137,chr19_54218406_A_G_b38,ENSG00000204577,LILRB3,protein_coding,19,54216278,54223506,ENSG00000179604,CDC42EP4,protein_coding,17,73283624,73312005,M3,355,137,7.54006851,124.8817556,0.014005902,0.829176321,-0.314283753,0.189061933,-0.059482375,No Mediation,No Mediation,No Mediation,M3,M3,52,34,34,1
138,chr16_69970895_C_A_b38,ENSG00000157335,CLEC18C,protein_coding,16,70173322,70187361,ENSG00000140839,CLEC18B,protein_coding,16,74408270,74421953,M4,357,138,-0.002056259,0.170651221,-0.004658109,0.292050765,0.514725488,0.505435432,0.695636204,Undirected,Undirected,Undirected,M4,M4,38,13,13,1
139,chr18_24460531_G_A_b38,ENSG00000134489,HRH4,protein_coding,18,24460637,24479961,ENSG00000248508,SRP14-AS1,lncRNA,15,40039242,40076539,M3,358,139,-0.00119747,1.741470107,-0.002427748,0.312494479,0.497163413,0.184142925,0.086035587,No Mediation,No Mediation,No Mediation,M3,M0.1,55,22,22,0
140,chr18_63883351_G_T_b38,ENSG00000242550,SERPINB10,protein_coding,18,63897174,63936111,ENSG00000258694,LINC02319,lncRNA,14,52111122,52129625,M3,360,140,0.092304193,6.9747174,0.00013991,0.12708567,0.317575339,0.178752121,0.110023754,Cis Mediated,Undirected,Undirected,M4,M3,42,25,25,2
141,chr1_161645605_T_C_b38,ENSG00000072694,FCGR2B,protein_coding,1,161663147,161678654,ENSG00000250842,,lncRNA,5,145337932,145381670,M3,363,141,0.044048429,9.024698673,-1.87E-05,0.011548762,0.489241491,0.204386407,0.146072444,No Mediation,No Mediation,No Mediation,M0.1,M0.1,49,26,26,3
142,chr5_132841598_CA_C_b38,ENSG00000164403,SHROOM1,protein_coding,5,132822141,132830659,ENSG00000260003,,lncRNA,16,8276263,8295700,M3,370,142,-0.002209643,0.851453882,-6.00E-07,0.010114661,-0.372344367,0.170926505,-0.105834848,No Mediation,No Mediation,No Mediation,M3,M3,54,34,34,2
143,chr3_134477043_A_G_b38,ENSG00000129055,ANAPC13,protein_coding,3,134477706,134486716,ENSG00000141655,TNFRSF11A,protein_coding,18,62325287,62391288,M3,374,143,-0.060542936,6.797817245,-0.001527309,0.1681141,0.361416995,-0.186236171,-0.064655188,No Mediation,No Mediation,No Mediation,M3,M3,48,30,30,2
144,chr1_146027599_C_G_b38,ENSG00000271425,NBPF10,protein_coding,1,146064711,146229000,ENSG00000265737,,lncRNA,18,14816151,14825249,M3,378,144,-0.000453445,0.2429898,3.70657020240871e-05,0.034062203,-0.523180735,-0.20590601,0.103971759,No Mediation,No Mediation,No Mediation,M3,M3,56,27,27,0
145,chr4_17580020_CAG_C_b38,ENSG00000002549,LAP3,protein_coding,4,17577198,17607972,ENSG00000111843,TMEM14C,protein_coding,6,10722915,10731129,M3,379,145,-0.183934064,13.63948214,0.098162926,5.99733771,-0.247042484,-0.218966263,0.025264037,No Mediation,No Mediation,No Mediation,M3,M3,46,34,35,3
146,chr16_53375316_C_T_b38,ENSG00000262714,,lncRNA,16,53386944,53389085,ENSG00000257219,LNCOG,lncRNA,12,76259836,76305969,M3,386,146,0.003014972,1.191595152,-0.000176649,0.031318758,-0.434721879,-0.178327917,0.188246889,No Mediation,No Mediation,No Mediation,M3,M3,51,33,33,4
147,chr15_34338196_G_A_b38,ENSG00000182117,NOP10,protein_coding,15,34341719,34343136,ENSG00000273837,,lncRNA,19,51639478,51639931,M3,387,147,9.362544199,114.6388795,-0.2424561,14.79553782,0.281504597,-0.182658957,-0.069232419,No Mediation,No Mediation,No Mediation,M3,M3,55,21,21,0
148,chr11_62706279_G_T_b38,ENSG00000168000,BSCL2,protein_coding,11,62689289,62709845,ENSG00000228927,TSPY3,protein_coding,Y,9398421,9401223,M4,388,148,0.061717137,4.377970844,1.0937716905049e-05,0.001604417,0.619459897,0.378868512,0.336972797,No Mediation,No Mediation,Cis Mediated,M4,M4,48,21,21,2
149,chr13_49709253_T_C_b38,ENSG00000123179,EBPL,protein_coding,13,49660674,49691486,ENSG00000248197,LINC00290,lncRNA,4,181064089,181159149,M3,393,149,-0.007930945,2.379849832,3.60837639231819e-05,0.008461202,-0.412987305,0.17488624,-0.050172375,No Mediation,No Mediation,No Mediation,M3,M3,45,15,15,1
150,chr9_137647926_C_T_b38,ENSG00000181090,EHMT1,protein_coding,9,137618992,137870016,ENSG00000228496,,lncRNA,2,11681460,11683328,M4,395,150,-0.001331274,0.493689476,0.000802863,0.050315052,0.515922028,0.195295201,0.193179793,No Mediation,No Mediation,Undirected,M1.1,M1.1,48,12,12,2
151,chr5_180831087_G_A_b38,ENSG00000278970,HEIH,lncRNA,5,180826871,180831605,ENSG00000254562,LINC01493,lncRNA,11,38646451,38686323,M3,396,151,1.352599723,34.59287661,6.73732140125709e-05,0.003200627,-0.291918643,0.294442949,-0.040830951,No Mediation,No Mediation,No Mediation,M3,M3,64,23,23,1
152,chr7_56106660_CG_C_b38,ENSG00000106153,CHCHD2,protein_coding,7,56101573,56106476,ENSG00000214803,,lncRNA,8,124192671,124247398,M3,400,152,3.214787813,52.14882992,-0.000624969,0.234811802,-0.249843122,0.171850167,-0.066050256,No Mediation,No Mediation,No Mediation,M3,M3,54,30,30,0
153,chr10_97361977_T_C_b38,ENSG00000052749,RRP12,protein_coding,10,97356358,97426076,ENSG00000163947,ARHGEF3,protein_coding,3,56727418,57079329,M3,401,153,-0.008849163,7.692287706,-0.005138337,2.574072491,0.414231977,-0.176696745,-0.033816442,No Mediation,No Mediation,No Mediation,M3,M0.1,55,31,31,3
154,chr1_20600520_C_A_b38,ENSG00000158825,CDA,protein_coding,1,20589086,20618903,ENSG00000251033,,lncRNA,5,26711551,26749997,M3,404,154,31.43922712,198.2528943,-1.95E-05,0.002671256,0.277854667,0.195200866,0.060573664,No Mediation,No Mediation,No Mediation,M3,M3,59,31,31,0
155,chr6_32647623_C_T_b38,ENSG00000196735,HLA-DQA1,protein_coding,6,32628179,32647062,ENSG00000178105,DDX10,protein_coding,11,108665069,108940927,M3,405,155,0.183186871,21.29736379,0.002310037,0.25033789,-0.324808395,0.198752813,-0.032363374,No Mediation,No Mediation,No Mediation,M3,M3,57,34,34,3
156,chr1_239691988_A_G_b38,ENSG00000233355,CHRM3-AS2,lncRNA,1,239703381,239770130,ENSG00000251619,LINC02508,lncRNA,4,188776657,188785511,M3,412,156,0.038607594,2.073705725,-4.52E-06,0.002293676,-0.292608763,0.250026238,-0.044831555,No Mediation,No Mediation,No Mediation,M3,M3,62,25,25,1
157,chrX_79372454_C_G_b38,ENSG00000078596,ITM2A,protein_coding,X,79360384,79367667,ENSG00000277203,F8A1,protein_coding,X,154886349,154888061,M3,414,157,0.067830015,11.36927464,0.022948378,7.39050323,-0.279478059,0.178315499,-0.044430828,No Mediation,No Mediation,No Mediation,M3,M3,53,33,33,1
158,chr15_82715381_ATGT_A_b38,ENSG00000103723,AP3B2,protein_coding,15,82659281,82710112,ENSG00000274654,,lncRNA,15,48528980,48529728,M3,415,158,-0.056711077,6.035407067,0.001205163,0.079704129,0.249417834,0.182579394,0.004439725,No Mediation,No Mediation,No Mediation,M3,M3,60,22,22,0
159,chr2_88154199_G_A_b38,ENSG00000144115,THNSL2,protein_coding,2,88170295,88186636,ENSG00000078114,NEBL,protein_coding,10,20779973,21293011,M4,417,159,-0.000179594,0.942965574,0.000826803,0.326631731,0.576894004,0.190943588,0.178508772,No Mediation,Trans Mediated,Undirected,M1.1,M1.1,43,22,22,1
160,chr7_4972740_TG_T_b38,ENSG00000196204,RNF216P1,lncRNA,7,4973988,5040675,ENSG00000257185,LINC02293,lncRNA,14,26809340,26836458,M3,419,160,0.00483544,0.528224184,6.33223985120699e-06,0.007776287,-0.529124519,0.198725862,-0.103752392,No Mediation,No Mediation,No Mediation,M3,M3,51,27,27,0
161,chr7_143346147_C_T_b38,ENSG00000188037,CLCN1,protein_coding,7,143316111,143352083,ENSG00000168890,TMEM150A,protein_coding,2,85598547,85603196,M4,423,161,0.000168491,0.393046061,0.001017837,0.73680232,0.460803263,-0.186756363,-0.191387338,No Mediation,Undirected,Undirected,M1.1,M4,42,21,21,2
162,chr12_118063793_G_A_b38,ENSG00000176834,VSIG10,protein_coding,12,118063593,118136026,ENSG00000197006,METTL9,protein_coding,16,21597218,21657473,M3,424,162,-0.007357041,0.64446418,1.112389881,52.42701232,-0.378159938,0.174197729,-0.035821526,No Mediation,No Mediation,No Mediation,M3,M0.1,56,22,22,0
163,chr7_66211056_CTG_C_b38,ENSG00000241258,CRCP,protein_coding,7,66114604,66154568,ENSG00000273582,,lncRNA,16,29225594,29226348,M3,425,163,0.017227698,2.427039655,0.000520111,0.14017067,-0.406562843,-0.183120341,0.102076984,Cis Mediated,Cis Mediated,Undirected,M4,M3,53,31,31,2
164,chr10_119161076_T_C_b38,ENSG00000183605,SFXN4,protein_coding,10,119140767,119165714,ENSG00000111906,HDDC2,protein_coding,6,125219962,125302078,M4,428,164,-0.004682619,1.251179086,0.011777567,1.515956274,0.520459915,0.183772826,0.192959276,No Mediation,No Mediation,No Mediation,M0.1,M1.1,44,32,32,1
165,chr7_44070954_TAAA_T_b38,ENSG00000122678,POLM,protein_coding,7,44072062,44082530,ENSG00000242072,,lncRNA,7,115647461,115676329,M3,431,165,-0.027152438,3.417491929,1.67502888138215e-05,0.003970085,0.445926323,0.265563887,0.064946235,No Mediation,No Mediation,No Mediation,M3,M3,58,32,32,1
166,chr14_22952977_G_A_b38,ENSG00000100462,PRMT5,protein_coding,14,22920525,22929408,ENSG00000260810,,lncRNA,14,91258299,91259003,M4,436,166,0.056677092,8.404586705,-0.000246555,0.587590655,0.42552268,0.172609713,0.183900267,Undirected,Undirected,Undirected,M1.1,M1.1,51,31,31,1
167,chr17_39094055_T_C_b38,ENSG00000161381,PLXDC1,protein_coding,17,39063313,39154394,ENSG00000165632,TAF3,protein_coding,10,7818505,8016631,M3,438,167,-0.026310497,1.643525331,0.005736124,0.486664241,0.379886907,0.190731879,-0.043267885,No Mediation,No Mediation,No Mediation,M3,M3,51,28,28,3
168,chr22_37844361_G_C_b38,ENSG00000100124,ANKRD54,protein_coding,22,37830855,37849327,ENSG00000186886,OR5D3P,protein_coding,11,55723776,55729621,M3,439,168,-0.005409927,0.672092718,-1.05E-05,0.00382179,0.55101229,0.250488526,0.149686946,No Mediation,No Mediation,No Mediation,M3,M0.1,47,21,21,2
169,chr16_2475540_G_C_b38,ENSG00000162065,TBC1D24,protein_coding,16,2475051,2509560,ENSG00000226709,FGF12-AS3,lncRNA,3,192516831,192521398,M4,440,169,-0.003048596,0.413835871,-0.00013968,0.012999904,0.840661308,0.509463881,0.522960804,Undirected,Undirected,Undirected,M4,M1.1,53,12,12,0
170,chr5_151468094_G_C_b38,ENSG00000123643,SLC36A1,protein_coding,5,151437046,151492379,ENSG00000163219,ARHGAP25,protein_coding,2,68679601,68826833,M3,442,170,0.032993759,6.826536811,-0.076875189,17.82489293,-0.344813066,-0.17117261,-0.03123724,No Mediation,No Mediation,No Mediation,M3,M3,55,30,30,2
171,chr9_112174954_C_A_b38,ENSG00000106868,SUSD1,protein_coding,9,112040783,112175297,ENSG00000159450,TCHH,protein_coding,1,152106317,152115454,M3,445,171,-0.004792785,2.975518459,-0.000121963,0.039229523,-0.41084975,0.208548158,-0.116827562,No Mediation,No Mediation,No Mediation,M3,M0.1,56,34,34,2
172,chr4_119192945_C_G_b38,ENSG00000145390,USP53,protein_coding,4,119212587,119295517,ENSG00000232597,,lncRNA,2,103855829,103869651,M3,448,172,-0.001341506,0.503431507,-3.35E-06,0.003038605,0.420803099,0.183501961,0.047308282,No Mediation,No Mediation,No Mediation,M3,M3,56,19,19,1
173,chr5_80632699_T_C_b38,ENSG00000113318,MSH3,protein_coding,5,80654652,80876815,ENSG00000224794,,lncRNA,22,39292988,39295589,M3,450,173,-0.005508108,0.867277732,0.000153215,0.02475895,0.473353934,0.172046951,0.115351123,No Mediation,No Mediation,No Mediation,M0.1,M0.1,45,26,26,2
174,chr17_47691870_T_C_b38,ENSG00000198933,TBKBP1,protein_coding,17,47694081,47712050,ENSG00000271314,,lncRNA,9,95494924,95495379,M3,451,174,-0.061104719,13.6648475,-0.000163226,0.122151123,-0.382845709,0.187634594,-0.116209514,No Mediation,No Mediation,No Mediation,M3,M3,49,35,35,0
175,chr17_47031450_T_G_b38,ENSG00000262879,,lncRNA,17,46983287,47100323,ENSG00000258083,OR9A4,protein_coding,7,141916399,141920625,M4,455,175,0.002395845,0.25764505,-0.000387677,0.147765896,0.623217069,0.192503163,0.170346668,No Mediation,No Mediation,No Mediation,M0.1,M0.1,52,26,26,0
176,chr15_57563562_G_T_b38,ENSG00000263155,MYZAP,protein_coding,15,57591904,57685364,ENSG00000111843,TMEM14C,protein_coding,6,10722915,10731129,M3,456,176,0.017407736,1.316475948,0.098162926,5.99733771,0.422440313,-0.178854923,-0.018054348,No Mediation,No Mediation,No Mediation,M3,M3,51,32,32,0
177,chr7_22822020_C_A_b38,ENSG00000196683,TOMM7,protein_coding,7,22812628,22822852,ENSG00000242498,ARPIN,protein_coding,15,89895006,89912952,M3,457,177,0.716699692,21.69333797,-0.003705276,0.734035534,-0.151157779,-0.186752432,0.10033856,No Mediation,No Mediation,No Mediation,M3,M3,53,31,31,2
178,chr2_24875990_A_G_b38,ENSG00000138092,CENPO,protein_coding,2,24793136,24822376,ENSG00000137267,TUBB2A,protein_coding,6,3153497,3157544,M3,459,178,-0.009264127,1.020956743,0.725591691,12.0861568,0.465831938,0.189659826,0.020450739,No Mediation,No Mediation,Undirected,M4,M4,43,24,24,0
179,chr2_86203374_C_T_b38,ENSG00000132305,IMMT,protein_coding,2,86143932,86195472,ENSG00000185290,NUPR2,protein_coding,7,56114681,56116417,M3,464,179,-0.015542284,3.609662875,0.001464308,0.422724621,-0.374367365,-0.23215451,0.025531773,No Mediation,No Mediation,No Mediation,M3,M3,54,32,32,4
180,chr6_32668369_T_C_b38,ENSG00000223534,HLA-DQB1-AS1,lncRNA,6,32659880,32660729,ENSG00000178105,DDX10,protein_coding,11,108665069,108940927,M3,466,180,-0.023860714,10.77038116,0.002310037,0.25033789,-0.361153544,0.187317927,-0.096839878,No Mediation,No Mediation,No Mediation,M3,M0.1,50,32,32,3
181,chr9_129807163_G_A_b38,ENSG00000136816,TOR1B,protein_coding,9,129803157,129811281,ENSG00000241345,,lncRNA,7,123994622,124027659,M3,468,181,-0.111853574,6.236879764,4.17714196142941e-05,0.004776004,-0.33111887,0.188975895,-0.077202468,No Mediation,No Mediation,No Mediation,M3,M3,43,32,32,1
182,chr19_51391073_A_C_b38,ENSG00000262874,C19orf84,protein_coding,19,51388289,51390591,ENSG00000171421,MRPL36,protein_coding,5,1798385,1801366,M3,469,182,0.004045433,0.946636672,0.00628493,1.344264258,0.324850024,0.223004007,0.10010045,No Mediation,No Mediation,No Mediation,M3,M3,49,32,32,0
183,chr4_15583731_C_T_b38,ENSG00000273133,,lncRNA,4,15563698,15564253,ENSG00000254314,,lncRNA,8,52150820,52154892,M3,470,183,-0.025108286,4.254227725,0.000198621,0.012706747,0.31225962,0.177840574,0.065005585,No Mediation,No Mediation,No Mediation,M3,M3,49,22,22,1
184,chr9_136483046_G_C_b38,ENSG00000148396,SEC16A,protein_coding,9,136440096,136483759,ENSG00000157470,FAM81A,protein_coding,15,59372693,59523555,M3,472,184,-0.077118084,4.004830838,4.91300861893305e-05,0.043195316,-0.264130759,0.172561153,-0.087149298,No Mediation,No Mediation,No Mediation,M3,M3,53,37,37,1
185,chr2_113235767_A_C_b38,ENSG00000125618,PAX8,protein_coding,2,113215997,113278921,ENSG00000115289,PCGF1,protein_coding,2,74505043,74507695,M3,475,185,0.001303814,0.355781982,0.005915215,1.015154991,-0.43635276,0.181930064,-0.113824027,No Mediation,No Mediation,No Mediation,M3,M3,52,27,27,2
186,chr18_79965655_A_G_b38,ENSG00000226742,HSBP1L1,protein_coding,18,79964582,79970822,ENSG00000205710,C17orf107,protein_coding,17,4899418,4902934,M3,483,186,0.053078893,3.253496978,-0.007313739,1.808219677,0.485248301,0.19734841,0.10115364,No Mediation,No Mediation,No Mediation,M3,M0.1,52,31,31,1
187,chr12_26971595_GATTT_G_b38,ENSG00000247903,,lncRNA,12,26971586,26979582,ENSG00000109083,IFT20,protein_coding,17,28328325,28335489,M3,484,187,0.002478469,0.540197512,-0.026452317,4.448553056,-0.437645683,0.210131832,-0.09472115,No Mediation,No Mediation,No Mediation,M3,M3,58,34,34,2
188,chr17_46227544_G_C_b38,ENSG00000238083,LRRC37A2,protein_coding,17,46511511,46555650,ENSG00000159208,CIART,protein_coding,1,150282543,150287093,M3,486,188,0.005699988,1.298088711,0.000906704,0.156998184,0.573003169,0.175818436,0.029553321,No Mediation,No Mediation,No Mediation,M3,M3,53,29,29,0
189,chr1_56982950_T_C_b38,ENSG00000021852,C8B,protein_coding,1,56929207,56966140,ENSG00000259650,,lncRNA,15,73335260,73342387,M3,487,189,-0.006275762,0.692054357,6.98190352034259e-05,0.009175655,0.172291024,0.204960242,0.020400614,No Mediation,No Mediation,No Mediation,M3,M3,41,14,14,3
190,chr6_26215873_CACAGA_C_b38,ENSG00000274750,H3C6,protein_coding,6,26224199,26227473,ENSG00000265980,,lncRNA,18,29278509,29361963,M3,488,190,-0.0017195,0.903084565,9.95189774693611e-05,0.006941118,0.537961419,0.217224566,0.104425698,No Mediation,No Mediation,No Mediation,M3,M3,50,16,16,1
191,chr2_201286716_G_C_b38,ENSG00000064012,CASP8,protein_coding,2,201233443,201287711,ENSG00000259617,,lncRNA,15,40999274,41004865,M3,493,191,-0.218437483,13.13305291,0.000978215,0.08093527,0.294701099,-0.177533889,-0.025213454,No Mediation,No Mediation,No Mediation,M3,M3,61,33,33,0
192,chr6_43053781_G_A_b38,ENSG00000044090,CUL7,protein_coding,6,43037617,43053943,ENSG00000232893,IQCA1-AS1,lncRNA,2,236391074,236392388,M3,496,192,-0.011624613,0.800537687,2.74848978502877e-05,0.007508135,-0.365886283,0.223792871,-0.057498635,No Mediation,No Mediation,No Mediation,M3,M3,42,21,21,3
193,chr1_165630909_G_A_b38,ENSG00000143198,MGST3,protein_coding,1,165631213,165661796,ENSG00000152684,PELO,protein_coding,5,52787916,52804044,M3,497,193,0.038972932,1.796138776,0.022484083,4.736712391,-0.387638671,0.175633904,-0.074196967,No Mediation,No Mediation,No Mediation,M0.1,M3,47,34,34,3
194,chr12_29770920_G_C_b38,ENSG00000133687,TMTC1,protein_coding,12,29500840,29784759,ENSG00000259235,,lncRNA,15,48187121,48191691,M3,499,194,-0.001276698,2.352192527,-0.001659002,0.85363363,0.457257232,0.170511317,0.02211084,No Mediation,No Mediation,No Mediation,M3,M3,44,10,10,0
195,chr4_75935287_T_A_b38,ENSG00000138744,NAAA,protein_coding,4,75913660,75941013,ENSG00000162062,TEDC2,protein_coding,16,2460086,2464963,M3,500,195,-0.041362191,7.353961227,-0.002024338,0.264204263,0.433734369,0.174377083,0.100220605,No Mediation,No Mediation,No Mediation,M3,M3,44,27,27,2
196,chr21_44339472_T_C_b38,ENSG00000160226,CFAP410,protein_coding,21,44328944,44339402,ENSG00000259448,LINC02352,lncRNA,15,31215622,31224445,M3,501,196,-0.028117637,2.063142415,0.056310131,1.34624332,0.430313022,0.171517621,-0.005070169,Undirected,Undirected,Undirected,M4,M4,40,22,22,2
197,chr8_17801242_G_A_b38,ENSG00000129422,MTUS1,protein_coding,8,17643795,17800917,ENSG00000259058,,lncRNA,14,76921840,76924649,M3,503,197,0.000906588,0.182680035,-0.000508339,0.060448817,0.450401425,0.229726449,0.036381235,No Mediation,No Mediation,No Mediation,M3,M3,53,28,28,2
198,chr6_144090201_G_A_b38,ENSG00000118495,PLAGL1,protein_coding,6,143940300,144064599,ENSG00000182749,PAQR7,protein_coding,1,25861484,25875708,M4,504,198,-0.000770468,1.170669753,0.010664755,0.948022168,0.442639285,0.330028042,0.268568386,No Mediation,No Mediation,Undirected,M3,M3,47,36,36,2
199,chr19_40585915_C_G_b38,ENSG00000160410,SHKBP1,protein_coding,19,40576853,40591399,ENSG00000176170,SPHK1,protein_coding,17,76376584,76387860,M3,513,199,35.81945747,221.4125204,0.007440093,1.813931428,0.233266143,0.1712009,0.104235866,No Mediation,No Mediation,No Mediation,M3,M3,52,36,36,0
200,chr17_9911106_T_C_b38,ENSG00000109047,RCVRN,protein_coding,17,9896320,9905271,ENSG00000178199,ZC3H12D,protein_coding,6,149446795,149485014,M3,514,200,0.004988703,1.238837775,0.000946783,0.864567715,-0.399625965,0.171845862,-0.049006008,No Mediation,No Mediation,No Mediation,M3,M3,41,29,29,2
201,chr17_46044213_T_C_b38,ENSG00000267198,,lncRNA,17,45545804,45563230,ENSG00000265218,,lncRNA,17,64892729,64910180,M4,515,201,-0.000993577,0.178750961,0.002887627,0.696615063,0.571074826,0.580166224,0.826179554,Undirected,Undirected,Undirected,M4,M4,52,23,23,0
202,chr7_129072814_G_A_b38,ENSG00000064419,TNPO3,protein_coding,7,128954180,129055173,ENSG00000272824,,lncRNA,1,148358245,148358686,M3,519,202,-0.031672879,5.043681652,0.001487469,0.669939347,-0.434086212,0.175346351,-0.093419713,No Mediation,No Mediation,No Mediation,M3,M3,52,24,24,1
203,chr3_46208452_GTTC_G_b38,ENSG00000163823,CCR1,protein_coding,3,46201711,46208313,ENSG00000236021,,lncRNA,1,176207648,176447919,M3,523,203,-0.641453964,46.00760688,0.000216005,0.315792054,-0.338937989,0.183731971,-0.064828856,No Mediation,No Mediation,No Mediation,M3,M0.1,48,21,21,1
204,chr12_6473112_T_C_b38,ENSG00000139190,VAMP1,protein_coding,12,6462237,6470677,ENSG00000172508,CARNS1,protein_coding,11,67414968,67425607,M4,527,204,-0.107868539,8.192467203,-0.001167103,1.519547307,-0.399020406,-0.192621251,0.183683239,No Mediation,No Mediation,No Mediation,M3,M0.1,47,33,33,2
205,chr10_97224198_G_A_b38,ENSG00000187122,SLIT1,protein_coding,10,96998038,97185959,ENSG00000111843,TMEM14C,protein_coding,6,10722915,10731129,M3,533,205,0.002782601,0.228548118,0.098162926,5.99733771,-0.415301133,-0.213058095,0.027395142,No Mediation,No Mediation,No Mediation,M3,M3,47,28,28,0
206,chr19_17302138_T_C_b38,ENSG00000130312,MRPL34,protein_coding,19,17292609,17306843,ENSG00000126005,MMP24OS,protein_coding,20,35201745,35278131,M3,536,206,-0.005916873,3.698491363,0.140706672,2.493115638,0.300476815,0.172212922,0.009211947,No Mediation,No Mediation,Undirected,M3,M3,53,35,35,2
207,chr17_1539055_G_T_b38,ENSG00000174238,PITPNA,protein_coding,17,1517718,1562792,ENSG00000233802,TRIM49D2,protein_coding,11,89924064,89933063,M3,538,207,-0.055753121,13.32619097,2.7796782798298e-05,0.00146526,0.319155675,0.196975436,0.130477413,No Mediation,No Mediation,No Mediation,M3,M3,59,23,23,1
208,chr22_37803215_G_T_b38,ENSG00000100116,GCAT,protein_coding,22,37807905,37817176,ENSG00000171942,OR10H2,protein_coding,19,15728024,15729052,M3,541,208,0.090915575,1.291408348,2.37221718499083e-05,0.014809259,-0.529190706,-0.177013704,0.095074007,No Mediation,No Mediation,No Mediation,M3,M3,40,17,17,0
209,chr4_47831278_C_T_b38,ENSG00000145244,CORIN,protein_coding,4,47593999,47838106,ENSG00000089041,P2RX7,protein_coding,12,121132819,121188032,M3,544,209,0.001625663,0.385425558,-0.017829081,2.275079271,0.288739569,0.171367739,0.026191393,No Mediation,No Mediation,No Mediation,M3,M3,49,27,27,1
210,chr3_50295266_G_A_b38,ENSG00000186792,HYAL3,protein_coding,3,50292831,50299405,ENSG00000185290,NUPR2,protein_coding,7,56114681,56116417,M3,552,210,0.073498783,2.562732961,0.001464308,0.422724621,-0.256571636,-0.253499717,0.027950685,No Mediation,No Mediation,Undirected,M3,M3,41,28,28,2
211,chr18_12318756_T_TTTTGTTTG_b38,ENSG00000176014,TUBB6,protein_coding,18,12307669,12344320,ENSG00000082556,OPRK1,protein_coding,8,53225724,53251637,M3,553,211,0.001845576,2.124739568,1.8669134312146e-05,0.007300083,-0.434124002,-0.206982357,0.04450365,No Mediation,No Mediation,No Mediation,M3,M3,40,30,30,1
212,chr13_110615359_A_AC_b38,ENSG00000213995,NAXD,protein_coding,13,110615545,110639996,ENSG00000132613,MTSS2,protein_coding,16,70661204,70686053,M3,554,212,-0.035170172,2.075200976,0.003641888,0.390461401,-0.42377854,0.196330431,-0.092283775,No Mediation,No Mediation,No Mediation,M3,M3,52,42,42,2
213,chr6_13331828_G_T_b38,ENSG00000145979,TBC1D7,protein_coding,6,13266542,13328583,ENSG00000236545,,lncRNA,21,41870633,41872054,M3,558,213,-0.001279102,1.768708821,0.000342685,0.051099845,0.42471448,0.194314198,0.107520697,No Mediation,No Mediation,No Mediation,M3,M3,48,26,26,2
214,chr17_2688737_G_A_b38,ENSG00000272911,,lncRNA,17,2688473,2688960,ENSG00000180011,ZADH2,protein_coding,18,75195113,75209139,M3,559,214,-0.016200877,1.094542944,-0.004049657,0.948928542,-0.437357599,0.173267108,-0.144417708,No Mediation,No Mediation,No Mediation,M3,M3,41,21,21,0
215,chr6_63437739_A_T_b38,ENSG00000146166,LGSN,protein_coding,6,63275951,63319983,ENSG00000249743,,lncRNA,5,73213930,73295258,M3,561,215,-0.000211068,0.126059391,-3.34E-05,0.014059,0.363551714,0.171499543,0.038976092,No Mediation,No Mediation,No Mediation,M3,M3,46,23,23,1
216,chr6_28923681_T_C_b38,ENSG00000204713,TRIM27,protein_coding,6,28903002,28923988,ENSG00000103051,COG4,protein_coding,16,70480568,70523560,M3,562,216,-0.00195872,20.73310355,-0.002187636,3.799087119,0.424670746,-0.206383032,-0.111050929,No Mediation,No Mediation,No Mediation,M3,M0.1,53,35,35,2
217,chr10_88994001_G_A_b38,ENSG00000107796,ACTA2,protein_coding,10,88935074,88991339,ENSG00000170632,ARMC10,protein_coding,7,103074881,103099759,M3,563,217,0.054826206,3.95035876,-0.0016035,1.26149962,-0.297217253,0.183439671,-0.093420635,No Mediation,No Mediation,No Mediation,M3,M0.1,68,41,41,2
218,chr16_74663061_C_T_b38,ENSG00000168411,RFWD3,protein_coding,16,74621399,74666877,ENSG00000185290,NUPR2,protein_coding,7,56114681,56116417,M3,564,218,-0.012753139,0.806131194,0.001464308,0.422724621,0.424438444,0.170807176,0.049247946,No Mediation,No Mediation,No Mediation,M3,M3,55,32,32,0
219,chr12_55721801_C_T_b38,ENSG00000135437,RDH5,protein_coding,12,55720367,55724705,ENSG00000215256,DHRS4-AS1,lncRNA,14,23938219,24052555,M3,567,219,-0.036564622,2.371964585,0.011984308,0.539050183,-0.420047474,0.185510128,-0.084263577,No Mediation,No Mediation,No Mediation,M3,M3,54,29,29,0
220,chr19_984554_C_G_b38,ENSG00000065268,WDR18,protein_coding,19,984332,998438,ENSG00000122512,PMS2,protein_coding,7,5970925,6009106,M3,569,220,-0.038250687,2.853158435,-0.003799463,0.541064266,-0.357696499,-0.173341157,0.034677601,Undirected,Undirected,Undirected,M1.1,M0.1,47,31,31,2
221,chr19_52780933_A_G_b38,ENSG00000189190,ZNF600,protein_coding,19,52749942,52786807,ENSG00000259527,LINC00052,lncRNA,15,87576929,87579866,M4,571,221,-0.012335935,1.877686267,3.37433860858621e-06,0.004234333,-0.321222436,0.193069503,-0.21734627,Undirected,Undirected,Undirected,M4,M0.1,69,27,27,1
222,chr19_41958636_G_A_b38,ENSG00000105404,RABAC1,protein_coding,19,41956681,41959321,ENSG00000111843,TMEM14C,protein_coding,6,10722915,10731129,M4,574,222,4.079421897,93.42869793,0.098162926,5.99733771,0.225231566,-0.210642732,-0.128243557,Undirected,Undirected,Undirected,M1.1,M1.1,56,38,38,0
223,chr13_49583691_C_T_b38,ENSG00000136144,RCBTB1,protein_coding,13,49531946,49585558,ENSG00000185290,NUPR2,protein_coding,7,56114681,56116417,M3,578,223,-0.001865792,1.043014684,0.001464308,0.422724621,-0.458530855,0.221897038,-0.150370086,No Mediation,No Mediation,No Mediation,M3,M3,55,29,29,0
224,chr11_6204885_T_C_b38,ENSG00000051009,FAM160A2,protein_coding,11,6211345,6234711,ENSG00000185290,NUPR2,protein_coding,7,56114681,56116417,M3,579,224,-0.030135775,14.80875543,0.001464308,0.422724621,-0.372785665,-0.219382407,0.065127209,No Mediation,No Mediation,No Mediation,M3,M3,56,29,29,0
225,chr17_47838029_T_C_b38,ENSG00000141295,SCRN2,protein_coding,17,47837692,47841289,ENSG00000237556,KCND3-AS1,lncRNA,1,111909336,111910931,M3,585,225,-0.006297568,2.367474874,-7.74E-05,0.007586662,-0.375138512,0.180883557,-0.066262441,No Mediation,No Mediation,No Mediation,M3,M0.1,54,29,29,2
226,chr19_54443835_A_G_b38,ENSG00000267838,,lncRNA,19,54438665,54439544,ENSG00000259448,LINC02352,lncRNA,15,31215622,31224445,M3,589,226,-0.004209221,0.757060811,0.056310131,1.34624332,-0.527480934,0.19137828,-0.134157292,No Mediation,No Mediation,No Mediation,M3,M3,49,22,22,0
227,chr19_21570287_A_C_b38,ENSG00000182141,ZNF708,protein_coding,19,21291160,21329425,ENSG00000268696,ZNF723,protein_coding,19,22832291,22858667,M3,590,227,-0.009405427,0.798839729,0.000189447,0.027354925,-0.378753142,0.413833977,-0.143942742,No Mediation,No Mediation,No Mediation,M3,M3,53,30,30,1
228,chr17_82419814_T_G_b38,ENSG00000169660,HEXD,protein_coding,17,82418318,82442645,ENSG00000182534,MXRA7,protein_coding,17,76672551,76711004,M3,591,228,-0.117194106,5.063939268,0.027284194,4.160468528,0.293717816,0.179912776,-0.004054834,No Mediation,No Mediation,No Mediation,M3,M3,49,29,29,2
229,chr7_66904222_T_TTTCCAGGCCCAGCTCTCGCCTCCC_b38,ENSG00000273142,LINC02604,lncRNA,7,66902857,66906297,ENSG00000163249,CCNYL1,protein_coding,2,207711540,207761839,M3,593,229,-0.012702047,1.405844976,0.001322482,0.63820312,-0.414389948,0.18479225,-0.06145742,No Mediation,No Mediation,No Mediation,M3,M0.1,56,43,43,1
230,chr22_36862461_T_C_b38,ENSG00000100362,PVALB,protein_coding,22,36800684,36819479,ENSG00000180767,CHST13,protein_coding,3,126524155,126543291,M3,595,230,0.032204386,1.297706049,-0.040271084,10.77771472,-0.333581479,-0.181049027,0.03709814,No Mediation,No Mediation,No Mediation,M3,M3,48,29,29,0
231,chr16_30130664_T_C_b38,ENSG00000102882,MAPK3,protein_coding,16,30114105,30123506,ENSG00000180902,D2HGDH,protein_coding,2,241734602,241768816,M3,603,231,0.43491659,19.83109644,0.040521348,3.680259592,0.270438102,-0.177076842,-0.022368906,No Mediation,No Mediation,No Mediation,M3,M0.1,51,31,31,3
232,chr17_60078969_A_G_b38,ENSG00000068097,HEATR6,protein_coding,17,60041008,60078922,ENSG00000132842,AP3B1,protein_coding,5,78002326,78294698,M3,611,232,-0.007740174,0.607263986,-0.034762892,1.486331671,0.510624673,0.197086068,0.086729705,No Mediation,No Mediation,No Mediation,M3,M0.1,51,33,33,1
233,chr1_159856126_C_T_b38,ENSG00000272668,,lncRNA,1,159854870,159867685,ENSG00000259881,,lncRNA,16,88881038,88887136,M3,614,233,-0.004448013,0.807376152,-0.004804176,0.420884778,0.421000287,0.191918699,0.128764633,No Mediation,No Mediation,No Mediation,M3,M3,50,36,36,4
234,chr6_109340338_G_C_b38,ENSG00000135587,SMPD2,protein_coding,6,109440724,109443919,ENSG00000203926,SPANXA2,protein_coding,X,141589708,141590762,M3,616,234,0.036296587,3.110609753,-6.65E-07,0.004341728,0.470761795,0.173295633,0.03573714,No Mediation,No Mediation,No Mediation,M3,M3,50,20,20,3
235,chr22_50532618_T_C_b38,ENSG00000025708,TYMP,protein_coding,22,50525752,50530032,ENSG00000273136,NBPF26,protein_coding,1,120723949,120842110,M4,619,235,22.26669426,188.2585034,-0.001845759,2.016349043,0.204912959,0.173134268,0.132459268,No Mediation,No Mediation,No Mediation,M3,M3,47,30,30,1
236,chr7_93148429_G_A_b38,ENSG00000177409,SAMD9L,protein_coding,7,93130056,93148385,ENSG00000196228,SULT1C3,protein_coding,2,108239968,108265351,M0,620,236,-0.100310665,10.45617148,7.826051639598e-05,0.011393651,-0.101663986,0.213505437,-0.025091894,No Mediation,No Mediation,No Mediation,M3,M3,50,33,33,4
237,chr1_150840839_G_A_b38,ENSG00000143387,CTSK,protein_coding,1,150794880,150809577,ENSG00000154889,MPPE1,protein_coding,18,11882622,11908366,M4,621,237,-0.029471109,3.164367841,-0.026668441,4.802308365,-0.278850877,-0.18657143,0.160365018,No Mediation,No Mediation,No Mediation,M3,M3,53,31,31,3
238,chr22_50237219_C_A_b38,ENSG00000100429,HDAC10,protein_coding,22,50245183,50251405,ENSG00000267095,,lncRNA,17,60135762,60140081,M3,622,238,-0.010619508,2.114841712,0.000216536,0.045352949,-0.407549355,-0.170563452,0.085515278,No Mediation,No Mediation,No Mediation,M3,M3,53,20,20,1
239,chr1_117061948_C_T_b38,ENSG00000116830,TTF2,protein_coding,1,117060326,117107453,ENSG00000137267,TUBB2A,protein_coding,6,3153497,3157544,M3,624,239,-0.001608117,0.232958507,0.725591691,12.0861568,0.52891152,0.214345473,0.031954537,No Mediation,No Mediation,No Mediation,M3,M3,45,29,29,0
240,chr7_150337095_T_C_b38,ENSG00000127399,LRRC61,protein_coding,7,150323263,150338156,ENSG00000260163,,lncRNA,2,127025211,127029686,M3,626,240,-0.007957361,1.891384911,-2.52E-05,0.005816723,0.390129505,0.182241369,0.020499825,No Mediation,No Mediation,No Mediation,M3,M3,49,26,26,2
241,chr10_16822328_T_G_b38,ENSG00000148484,RSU1,protein_coding,10,16590611,16817463,ENSG00000100034,PPM1F,protein_coding,22,21919425,21952848,M3,628,241,0.212661442,5.309782792,0.019234043,17.19266668,0.258865961,0.205908753,-0.092431321,Undirected,Undirected,Undirected,M4,M4,52,36,36,0
242,chr20_62677212_C_A_b38,ENSG00000101188,NTSR1,protein_coding,20,62708836,62762771,ENSG00000142494,SLC47A1,protein_coding,17,19495385,19579034,M3,629,242,-0.025479677,6.022468151,0.000814492,0.248294719,-0.222691571,0.172252528,-0.071797061,No Mediation,No Mediation,No Mediation,M3,M4,51,26,26,0
243,chr6_30324819_GCGCGCCACA_G_b38,ENSG00000231074,HCG18,lncRNA,6,30286690,30327382,ENSG00000122025,FLT3,protein_coding,13,28003274,28100592,M3,630,243,-0.003470102,0.345195511,0.010332958,5.634250067,0.436780861,0.171293925,0.041749718,No Mediation,No Mediation,No Mediation,M3,M3,51,34,34,5
244,chr4_26860034_A_C_b38,ENSG00000240005,STIM2-AS1,lncRNA,4,26859806,26860632,ENSG00000104517,UBR5,protein_coding,8,102252273,102412759,M3,634,244,0.029078396,0.50024139,-0.029106994,1.642607988,-0.427824271,-0.186889873,0.093155439,No Mediation,No Mediation,No Mediation,M0.1,M0.1,38,29,29,4
245,chr3_130094219_T_C_b38,ENSG00000251287,ALG1L2,protein_coding,3,130081831,130113227,ENSG00000174837,ADGRE1,protein_coding,19,6887566,6940459,M3,636,245,0.001066627,0.139684278,-0.513943961,38.73578706,-0.537952434,-0.17743741,0.106908395,No Mediation,No Mediation,No Mediation,M3,M3,52,25,25,0
246,chr18_46585378_C_T_b38,ENSG00000167210,LOXHD1,protein_coding,18,46476972,46657220,ENSG00000238083,LRRC37A2,protein_coding,17,46511511,46555650,M3,637,246,-0.003783287,1.170057876,0.005699988,1.298088711,0.405594878,-0.177812782,-0.076333516,No Mediation,No Mediation,No Mediation,M3,M3,54,30,30,0
247,chr6_75604966_G_T_b38,ENSG00000112701,SENP6,protein_coding,6,75601509,75718281,ENSG00000273111,LYPD4,protein_coding,19,41837074,41844697,M3,641,247,-0.010973075,1.51303022,-0.000844179,0.152124218,-0.403931746,0.17266311,-0.006872078,No Mediation,No Mediation,No Mediation,M3,M3,55,32,32,1
248,chr20_24943437_G_A_b38,ENSG00000274173,,lncRNA,20,24931840,24932983,ENSG00000225087,,lncRNA,1,72636547,72899240,M3,644,248,0.291068881,23.97178112,-1.66E-06,0.013079666,-0.30537669,0.20993521,0.014741729,Cis Mediated,Cis Mediated,Undirected,M4,M3,41,25,25,2
249,chr7_44949751_C_T_b38,ENSG00000260997,,lncRNA,7,44958999,44960909,ENSG00000264422,,lncRNA,17,20576667,20578748,M3,646,249,-0.001511639,4.696326987,-1.32E-05,0.00478511,0.284528162,0.235138033,0.0458471,Cis Mediated,Cis Mediated,Undirected,M3,M3,59,33,33,0
250,chr9_98120227_A_G_b38,ENSG00000106789,CORO2A,protein_coding,9,98120975,98192637,ENSG00000254731,,lncRNA,11,86703099,86714092,M3,649,250,0.014656831,1.863224503,0.000189223,0.023916496,-0.341462499,0.176302539,-0.061905123,No Mediation,No Mediation,No Mediation,M3,M3,53,26,26,0
251,chr9_113375393_A_C_b38,ENSG00000119431,HDHD3,protein_coding,9,113373419,113376986,ENSG00000185290,NUPR2,protein_coding,7,56114681,56116417,M3,652,251,-0.013326416,1.841275495,0.001464308,0.422724621,-0.408420321,0.229453445,-0.115237084,No Mediation,No Mediation,No Mediation,M3,M3,48,24,24,1
252,chr3_184025859_A_G_b38,ENSG00000114770,ABCC5,protein_coding,3,183919934,184017939,ENSG00000254682,,lncRNA,11,71448674,71452157,M3,653,252,0.006707198,1.793109452,0.126791357,5.128549862,-0.383707913,-0.18006126,0.158965713,No Mediation,No Mediation,No Mediation,M3,M3,49,32,32,4
253,chr10_113679635_C_T_b38,ENSG00000165806,CASP7,protein_coding,10,113679162,113730907,ENSG00000111843,TMEM14C,protein_coding,6,10722915,10731129,M3,661,253,-0.019957294,1.32501843,0.098162926,5.99733771,0.371351267,0.2629447,0.137681078,No Mediation,No Mediation,No Mediation,M3,M3,47,35,35,1
254,chr7_99881181_T_C_b38,ENSG00000146833,TRIM4,protein_coding,7,99876958,99919531,ENSG00000170632,ARMC10,protein_coding,7,103074881,103099759,M4,664,254,0.009009312,1.038629051,-0.0016035,1.26149962,0.474755402,0.197051572,0.195618994,No Mediation,No Mediation,Trans Mediated,M0.1,M1.1,53,34,34,2
255,chr22_37808082_C_T_b38,ENSG00000189060,H1-0,protein_coding,22,37805229,37807432,ENSG00000116652,DLEU2L,lncRNA,1,63547082,63550636,M3,665,255,1.491643886,51.46711038,0.000494893,0.057201428,-0.197300015,0.173808288,-0.045463923,No Mediation,No Mediation,No Mediation,M3,M3,55,25,25,0
256,chr8_90005986_A_G_b38,ENSG00000104325,DECR1,protein_coding,8,90001405,90053633,ENSG00000229697,FAM242E,lncRNA,9,61898805,61911022,M3,666,256,-0.112365935,8.30062236,-3.87E-06,0.004303181,-0.403026721,0.234672517,-0.09024654,No Mediation,No Mediation,No Mediation,M3,M3,53,25,25,1
257,chr10_16513432_A_T_b38,ENSG00000165985,C1QL3,protein_coding,10,16513734,16521879,ENSG00000071889,FAM3A,protein_coding,X,154506159,154516242,M3,670,257,0.001701639,0.143809118,0.099203368,3.768332987,0.418383563,0.196918868,0.127216356,No Mediation,No Mediation,Cis Mediated,M0.1,M0.1,47,33,33,2
258,chr2_85707376_C_A_b38,ENSG00000115523,GNLY,protein_coding,2,85685175,85698852,ENSG00000125450,NUP85,protein_coding,17,75205659,75235758,M3,672,258,163.9289545,600.9667458,-0.015031628,2.018763201,0.227886268,0.196349675,0.003530098,No Mediation,No Mediation,No Mediation,M3,M3,64,36,36,0
259,chr4_158171481_A_G_b38,ENSG00000248429,FAM198B-AS1,lncRNA,4,158170752,158202877,ENSG00000184428,TOP1MT,protein_coding,8,143304384,143359979,M4,675,259,0.002143236,0.416470998,0.006999735,3.075825754,0.406978334,-0.219480046,-0.198703855,Cis Mediated,Cis Mediated,Undirected,M4,M1.1,50,25,25,2
260,chr6_42191490_T_C_b38,ENSG00000048544,MRPS10,protein_coding,6,42206807,42217861,ENSG00000111843,TMEM14C,protein_coding,6,10722915,10731129,M3,676,260,-0.008361467,1.663601446,0.098162926,5.99733771,0.425294219,-0.177386147,-0.143535468,No Mediation,No Mediation,No Mediation,M0.1,M0.1,47,32,32,1
261,chr10_101032154_C_A_b38,ENSG00000107819,SFXN3,protein_coding,10,101031234,101041244,ENSG00000254237,,lncRNA,8,9367898,9436205,M3,678,261,0.012005274,3.743746604,-1.07E-05,0.005795357,0.347641021,0.184465249,0.059599926,No Mediation,No Mediation,No Mediation,M3,M3,50,31,31,2
262,chr19_43347913_C_G_b38,ENSG00000231412,,lncRNA,19,43329295,43331430,ENSG00000107331,ABCA2,protein_coding,9,137007234,137028922,M3,681,262,3.673714416,137.95724,-0.145483485,14.8586742,0.244825149,0.17220938,0.098626827,No Mediation,No Mediation,No Mediation,M3,M3,52,28,28,2
263,chr17_82128987_C_T_b38,ENSG00000176155,CCDC57,protein_coding,17,82101460,82212830,ENSG00000163517,HDAC11,protein_coding,3,13479724,13506424,M3,682,263,0.004058103,1.544006145,0.000547091,0.455341417,0.283292769,-0.186147192,-0.006091168,No Mediation,No Mediation,No Mediation,M3,M3,52,34,34,2
264,chr3_185303758_A_T_b38,ENSG00000073803,MAP3K13,protein_coding,3,185282941,185489094,ENSG00000225937,PCA3,lncRNA,9,76691980,76863307,M3,685,264,-0.002086802,0.383036112,8.9654961586565e-05,0.009116241,0.337878793,-0.17243437,-0.071447167,No Mediation,No Mediation,No Mediation,M3,M3,41,22,22,2
265,chr10_5813440_G_C_b38,ENSG00000057608,GDI2,protein_coding,10,5765223,5842132,ENSG00000267757,EML2-AS1,lncRNA,19,45641494,45642840,M3,686,265,0.015611567,9.42660319,-0.007726034,0.606966652,-0.319660537,0.177782932,-0.088942104,No Mediation,No Mediation,No Mediation,M3,M3,53,33,33,1
266,chr8_23074609_A_C_b38,ENSG00000253616,,lncRNA,8,23071377,23074488,ENSG00000253331,,lncRNA,5,164119098,164234097,M3,687,266,0.060005578,5.268378566,-3.35E-05,0.005706913,0.191900491,-0.180414164,-0.005607183,No Mediation,No Mediation,No Mediation,M0.1,M0.1,56,37,37,4
267,chrX_281825_T_C_b38,ENSG00000182378,PLCXD1,protein_coding,X,276322,303356,ENSG00000117419,ERI3,protein_coding,1,44221070,44355260,M3,689,267,0.004030823,1.636454559,-0.005746877,1.097767022,0.417785265,-0.170914135,-0.135056548,No Mediation,No Mediation,No Mediation,M0.1,M0.1,45,30,30,3
268,chr19_41382945_AGGGGACTGGGC_A_b38,ENSG00000142046,TMEM91,protein_coding,19,41350911,41384083,ENSG00000253288,,lncRNA,8,137809444,138083657,M3,691,268,0.213682413,15.30652824,2.04688293285757e-05,0.007947673,-0.302129521,0.21102159,0.017553908,Cis Mediated,Cis Mediated,Undirected,M4,M3,61,44,44,1
269,chr10_132204497_G_A_b38,ENSG00000151640,DPYSL4,protein_coding,10,132186948,132205759,ENSG00000198601,OR2M2,protein_coding,1,248174821,248181067,M3,692,269,8.1287280642497e-05,0.407573475,2.69880480797172e-05,0.013492798,-0.382406335,-0.174189866,0.072553821,No Mediation,No Mediation,No Mediation,M3,M3,42,24,24,0
270,chr1_156180397_C_G_b38,ENSG00000196189,SEMA4A,protein_coding,1,156147366,156177752,ENSG00000196756,SNHG17,lncRNA,20,38419638,38435409,M3,694,270,-0.21735895,39.32921186,0.04020985,3.488560276,0.315553561,0.184441037,0.012480589,No Mediation,No Mediation,No Mediation,M3,M3,49,35,35,1
271,chr11_34897505_TAGAC_T_b38,ENSG00000149089,APIP,protein_coding,11,34853094,34916379,ENSG00000111843,TMEM14C,protein_coding,6,10722915,10731129,M3,695,271,-0.001409075,0.372229134,0.098162926,5.99733771,-0.479354821,0.257919801,-0.167848273,No Mediation,No Mediation,No Mediation,M3,M1.1,46,29,29,0
272,chr6_110420955_A_G_b38,ENSG00000203797,DDO,protein_coding,6,110391771,110415575,ENSG00000259448,LINC02352,lncRNA,15,31215622,31224445,M3,700,272,0.004240651,0.234027581,0.056310131,1.34624332,0.467235745,0.228571411,0.058535556,No Mediation,No Mediation,No Mediation,M3,M3,44,22,22,1
273,chr6_31525395_G_A_b38,ENSG00000198563,DDX39B,protein_coding,6,31530219,31542448,ENSG00000175806,MSRA,protein_coding,8,10054292,10428891,M3,701,273,0.042306901,21.26018476,0.032416321,5.179706144,-0.281456291,0.191218307,-8.82E-05,Undirected,Undirected,Undirected,M4,M0.1,55,30,30,2
274,chr2_219169108_A_G_b38,ENSG00000213901,SLC23A3,protein_coding,2,219161465,219170095,ENSG00000170667,RASA4B,protein_coding,7,102479976,102517777,M3,703,274,-0.00030809,0.244461497,0.000300775,0.254931159,-0.389496152,-0.192090461,0.054518206,No Mediation,No Mediation,No Mediation,M3,M0.1,52,27,27,2
275,chr20_44209910_A_G_b38,ENSG00000132823,OSER1,protein_coding,20,44195939,44210771,ENSG00000188511,C22orf34,lncRNA,22,49414524,49657542,M3,704,275,1.064241206,30.8419255,-0.004871148,0.356284177,0.183825262,-0.185530874,-0.094776928,No Mediation,No Mediation,No Mediation,M3,M3,40,19,19,2
276,chr21_5097921_C_T_b38,ENSG00000280071,GATD3B,protein_coding,21,5079294,5128413,ENSG00000160221,GATD3A,protein_coding,21,44133610,44210114,M4,705,276,0.007613918,0.908242913,-0.013133068,1.064566619,-0.55300045,0.620554905,-0.852099934,Undirected,Undirected,Undirected,M1.2,M1.2,41,24,24,0
277,chr1_168544200_G_A_b38,ENSG00000143185,XCL2,protein_coding,1,168540768,168543997,ENSG00000154016,GRAP,protein_coding,17,19020656,19047011,M3,706,277,0.190447251,25.94525086,0.003050915,1.108218877,-0.197066879,0.192219571,-0.123135095,No Mediation,No Mediation,No Mediation,M3,M3,48,37,37,4
278,chr10_5001312_G_A_b38,ENSG00000187134,AKR1C1,protein_coding,10,4963253,4983283,ENSG00000239641,PLS1-AS1,lncRNA,3,142654784,142656745,M3,707,278,-0.039249004,2.081539457,6.02239466931692e-05,0.012294983,0.171469403,0.197175728,0.013741285,No Mediation,No Mediation,No Mediation,M3,M3,47,22,22,2
279,chr22_50543249_T_C_b38,ENSG00000272821,,lncRNA,22,50523926,50524780,ENSG00000127129,EDN2,protein_coding,1,41478775,41484683,M3,708,279,-0.139932485,22.36229238,-0.001183146,0.103256884,-0.234622287,0.184930725,-0.076119983,No Mediation,No Mediation,No Mediation,M3,M3,55,35,35,2
280,chr18_24415873_C_T_b38,ENSG00000264695,,lncRNA,18,24489375,24491080,ENSG00000248508,SRP14-AS1,lncRNA,15,40039242,40076539,M3,711,280,0.002958894,0.544341104,-0.002427748,0.312494479,0.494398959,0.178224332,0.057890479,No Mediation,No Mediation,No Mediation,M3,M3,47,22,22,0
281,chr18_36135710_A_G_b38,ENSG00000134759,ELP2,protein_coding,18,36129444,36180557,ENSG00000187545,PRAMEF10,protein_coding,1,12892896,12898270,M3,712,281,-0.002059225,0.464694656,4.8803180693336e-05,0.008265333,0.384971712,0.198225721,-0.00126231,No Mediation,No Mediation,No Mediation,M3,M3,59,26,26,0
282,chr2_224883372_GAATA_G_b38,ENSG00000135905,DOCK10,protein_coding,2,224765090,225042468,ENSG00000125450,NUP85,protein_coding,17,75205659,75235758,M3,713,282,-0.022303182,1.722100543,-0.015031628,2.018763201,0.407008412,0.249597947,0.157733993,No Mediation,No Mediation,No Mediation,M3,M3,57,45,45,1
283,chr8_144414270_T_C_b38,ENSG00000147804,SLC39A4,protein_coding,8,144409742,144416844,ENSG00000235699,CXorf51B,protein_coding,X,146809771,146810411,M3,715,283,0.012227864,0.91281229,1.10979458820939e-05,0.003189608,-0.391370213,0.342666135,-0.050393081,No Mediation,No Mediation,No Mediation,M4,M3,37,18,18,5
284,chr5_52922503_A_G_b38,ENSG00000213949,ITGA1,protein_coding,5,52787916,52959209,ENSG00000137267,TUBB2A,protein_coding,6,3153497,3157544,M3,717,284,0.000183474,0.311237329,0.725591691,12.0861568,-0.363297378,-0.200660556,0.101806533,No Mediation,No Mediation,No Mediation,M3,M3,47,29,29,0
285,chr3_194535307_A_G_b38,ENSG00000133657,ATP13A3,protein_coding,3,194402672,194498364,ENSG00000233360,PDXP-DT,lncRNA,22,37641832,37658377,M3,720,285,-0.087606053,4.392060502,-0.001898759,0.252202981,0.257389209,-0.196665858,-0.036930706,No Mediation,No Mediation,No Mediation,M3,M3,52,33,33,0
286,chr22_49657211_G_A_b38,ENSG00000188511,C22orf34,lncRNA,22,49414524,49657542,ENSG00000125450,NUP85,protein_coding,17,75205659,75235758,M3,721,286,-0.004871148,0.356284177,-0.015031628,2.018763201,0.469026985,-0.201440336,-0.122837877,No Mediation,No Mediation,No Mediation,M3,M3,53,32,32,1
287,chr18_3058708_A_G_b38,ENSG00000101577,LPIN2,protein_coding,18,2916994,3013144,ENSG00000179431,FJX1,protein_coding,11,35618460,35620865,M3,723,287,0.264367561,7.442120556,-0.000218945,0.075730966,0.329930193,0.179796852,0.051560722,No Mediation,No Mediation,No Mediation,M3,M3,46,36,36,3
288,chr16_2883279_G_C_b38,ENSG00000162076,FLYWCH2,protein_coding,16,2883213,2899382,ENSG00000197901,SLC22A6,protein_coding,11,62936385,62984967,M3,726,288,-0.034574441,2.05665077,4.16658892567311e-05,0.01694565,0.400792148,0.19423897,0.125525557,No Mediation,No Mediation,No Mediation,M3,M3,39,24,24,1
289,chr19_32675345_G_GC_b38,ENSG00000105186,ANKRD27,protein_coding,19,32597006,32676597,ENSG00000228564,LINC01005,lncRNA,7,64024409,64030105,M3,727,289,-0.00250115,0.90475843,4.28578160542419e-05,0.003732348,0.440181704,0.218768285,0.103505259,No Mediation,No Mediation,No Mediation,M3,M3,55,15,15,0
290,chr4_989272_T_C_b38,ENSG00000145217,SLC26A1,protein_coding,4,979073,993440,ENSG00000251388,,lncRNA,4,133871246,134010690,M3,732,290,-0.001529906,0.201198804,-3.48E-05,0.005520207,-0.459284078,-0.179502187,0.078772311,No Mediation,No Mediation,No Mediation,M3,M3,52,26,26,1
291,chr6_163394158_C_T_b38,ENSG00000112531,QKI,protein_coding,6,163414000,163578592,ENSG00000186439,TRDN,protein_coding,6,123216339,123637093,M3,734,291,-0.013100161,1.796514473,-0.00039789,1.258788782,0.297196886,-0.22915779,-0.02367158,No Mediation,No Mediation,No Mediation,M3,M3,62,40,40,2
292,chr20_1468063_T_C_b38,ENSG00000088833,NSFL1C,protein_coding,20,1442162,1473842,ENSG00000168255,POLR2J3,protein_coding,7,102537918,102572653,M3,735,292,0.230050465,11.25699996,-0.004200583,0.918447079,-0.325501974,0.202208773,-0.081804279,No Mediation,No Mediation,No Mediation,M0.1,M0.1,54,38,38,1
293,chr17_7337072_C_T_b38,ENSG00000072818,ACAP1,protein_coding,17,7336529,7351477,ENSG00000253626,EIF5AL1,protein_coding,10,79512533,79516440,M3,737,293,3.183620407,71.29285715,0.003792992,0.371508813,-0.180805195,0.360687748,-0.104778852,No Mediation,No Mediation,No Mediation,M3,M3,54,30,30,0
294,chr3_100505413_GATTTC_G_b38,ENSG00000181458,TMEM45A,protein_coding,3,100492619,100577444,ENSG00000104177,MYEF2,protein_coding,15,48134632,48178353,M4,744,294,-0.005233035,1.768161577,-0.000560644,0.154616339,0.331988602,-0.17122797,-0.178360273,Undirected,Undirected,Undirected,M3,M0.1,57,23,23,0
295,chr16_57025062_C_T_b38,ENSG00000140853,NLRC5,protein_coding,16,56989485,57083531,ENSG00000206337,HCP5,lncRNA,6,31463170,31478936,M4,748,295,-0.117234246,14.65272318,-0.170185485,18.29775329,-0.33605572,-0.204796424,0.260557135,Undirected,Undirected,Undirected,M4,M4,55,35,35,2
296,chr1_203304849_C_T_b38,ENSG00000233791,LINC01136,lncRNA,1,203298758,203305309,ENSG00000225359,,lncRNA,1,181190471,181191149,M4,750,296,0.001972535,0.587411803,-4.97E-06,0.003528132,0.684663304,0.332465327,0.367831709,No Mediation,No Mediation,Cis Mediated,M1.1,M1.1,53,17,17,1
297,chr1_52271825_A_G_b38,ENSG00000154222,CC2D1B,protein_coding,1,52345723,52366205,ENSG00000259670,,lncRNA,15,48783190,48784121,M3,754,297,-0.030611397,1.730713139,0.000415215,0.048438568,0.437731958,0.240554065,0.061782144,No Mediation,No Mediation,No Mediation,M3,M3,46,28,28,4
298,chr19_18588679_T_C_b38,ENSG00000006015,REX1BD,protein_coding,19,18588685,18592337,ENSG00000259031,,lncRNA,14,100538939,100540409,M3,760,298,0.236170871,13.88787413,-0.002997137,0.469869515,-0.259277585,-0.185190387,0.0914084,No Mediation,No Mediation,No Mediation,M3,M3,50,30,30,1
299,chr2_161244750_G_A_b38,ENSG00000227403,LINC01806,lncRNA,2,161244730,161249050,ENSG00000259448,LINC02352,lncRNA,15,31215622,31224445,M3,761,299,0.001503633,0.173412988,0.056310131,1.34624332,-0.41208916,-0.186910793,0.135508266,No Mediation,No Mediation,No Mediation,M3,M3,46,25,25,0
300,chr7_45063882_A_G_b38,ENSG00000136280,CCM2,protein_coding,7,44999475,45076469,ENSG00000243144,,lncRNA,7,91311368,91515427,M3,763,300,-0.086168301,12.21833304,0.005895305,0.446310573,0.43481091,0.171406353,0.098439591,No Mediation,No Mediation,No Mediation,M3,M0.1,52,29,29,1
301,chr6_155222554_C_T_b38,ENSG00000146426,TIAM2,protein_coding,6,154832697,155257723,ENSG00000280623,PCAT14,lncRNA,22,23536881,23547797,M3,766,301,-0.001661241,0.756910746,-2.17E-05,0.011628051,0.228190089,-0.23307269,-0.052135561,No Mediation,No Mediation,No Mediation,M3,M3,55,33,33,0
302,chr8_16547704_A_T_b38,ENSG00000038945,MSR1,protein_coding,8,16107878,16567490,ENSG00000169299,PGM2,protein_coding,4,37826660,37862937,M3,769,302,-0.010157597,2.936813921,-0.089804119,5.378372116,-0.195200441,-0.208243548,0.029953283,No Mediation,No Mediation,No Mediation,M3,M3,62,45,45,2
303,chr2_198035639_G_A_b38,ENSG00000115896,PLCL1,protein_coding,2,197804593,198572581,ENSG00000185869,ZNF829,protein_coding,19,36888124,36916291,M3,770,303,-0.009315556,0.57154197,0.000964061,0.090829661,-0.337837844,0.1864488,-0.086122828,No Mediation,No Mediation,No Mediation,M0.1,M0.1,49,27,27,1
304,chr16_89790073_G_C_b38,ENSG00000187741,FANCA,protein_coding,16,89737549,89816657,ENSG00000223614,ZNF735,protein_coding,7,64207090,64220508,M3,775,304,-0.007278722,0.726840439,5.73669229876276e-05,0.005087826,-0.230542511,0.195112033,-0.05986106,No Mediation,No Mediation,No Mediation,M3,M3,49,31,31,2
305,chr9_129802427_C_G_b38,ENSG00000136827,TOR1A,protein_coding,9,129812942,129824244,ENSG00000241345,,lncRNA,7,123994622,124027659,M3,776,305,-0.009537592,3.410487592,4.17714196142941e-05,0.004776004,-0.396745253,0.196037455,-0.039524666,No Mediation,No Mediation,No Mediation,M3,M3,36,23,23,1
306,chr19_7625798_C_T_b38,ENSG00000229833,PET100,protein_coding,19,7629793,7631956,ENSG00000170836,PPM1D,protein_coding,17,60600183,60666280,M3,778,306,0.087306088,3.992689921,-0.015006368,0.802223979,-0.34327809,0.170026217,0.08282712,Undirected,Undirected,Undirected,M4,M3,49,36,36,1
307,chr5_131679653_A_G_b38,ENSG00000239642,MEIKIN,protein_coding,5,131806990,131945698,ENSG00000185290,NUPR2,protein_coding,7,56114681,56116417,M3,781,307,-0.003616086,1.060222773,0.001464308,0.422724621,-0.437282172,-0.285347003,0.110717658,No Mediation,No Mediation,No Mediation,M3,M3,52,16,16,0
308,chr17_46494702_A_G_b38,ENSG00000176681,LRRC37A,protein_coding,17,46292733,46337794,ENSG00000265218,,lncRNA,17,64892729,64910180,M3,782,308,-0.001308874,0.19690487,0.002887627,0.696615063,-0.443422318,0.306852166,0.060572551,Undirected,Undirected,Undirected,M4,M4,57,24,24,0
309,chr22_43955471_T_C_b38,ENSG00000100347,SAMM50,protein_coding,22,43955442,44010531,ENSG00000212855,TTTY2,lncRNA,Y,9740584,9758476,M3,783,309,-0.006720331,2.07245804,-4.77E-06,0.000655291,-0.316410439,0.201840937,-0.110705299,No Mediation,Undirected,Undirected,M4,M3,64,39,39,3
310,chr1_33324895_G_A_b38,ENSG00000184389,A3GALT2,protein_coding,1,33306766,33321098,ENSG00000137267,TUBB2A,protein_coding,6,3153497,3157544,M3,784,310,-0.013765968,0.738986415,0.725591691,12.0861568,0.392791179,-0.191061821,-0.117948731,No Mediation,No Mediation,No Mediation,M3,M3,38,18,18,1
311,chr1_209806682_C_T_b38,ENSG00000117595,IRF6,protein_coding,1,209785617,209806175,ENSG00000114395,CYB561D2,protein_coding,3,50350845,50358460,M3,787,311,-0.007868468,0.438053936,-0.085223431,4.811990136,0.337710681,0.174489852,0.035055032,No Mediation,No Mediation,No Mediation,M3,M3,54,41,41,3
312,chr1_228163073_C_T_b38,ENSG00000181873,IBA57,protein_coding,1,228165804,228182257,ENSG00000023697,DERA,protein_coding,12,15911302,16037381,M3,789,312,0.044483352,1.06615962,-0.000227725,1.431884463,0.247340137,0.170449423,0.014553619,No Mediation,No Mediation,No Mediation,M3,M3,38,29,29,2
313,chr7_75618011_C_T_b38,ENSG00000127946,HIP1,protein_coding,7,75533298,75738962,ENSG00000168038,ULK4,protein_coding,3,41246599,41962130,M3,790,313,-0.043574152,8.091057265,-0.002745291,0.286899245,-0.211333317,0.189521132,-0.059530863,No Mediation,No Mediation,No Mediation,M3,M0.1,53,34,34,2
314,chr3_134481840_C_T_b38,ENSG00000182923,CEP63,protein_coding,3,134485699,134587789,ENSG00000141655,TNFRSF11A,protein_coding,18,62325287,62391288,M3,792,314,-0.004054721,3.365752761,-0.001527309,0.1681141,0.301333501,-0.18382854,-0.02331243,No Mediation,No Mediation,Undirected,M3,M3,49,30,30,3
315,chr5_6606210_T_C_b38,ENSG00000037474,NSUN2,protein_coding,5,6599239,6633291,ENSG00000278890,,lncRNA,22,48052646,48058275,M3,797,315,0.002723883,1.871358298,1.07867692376977e-05,0.003692047,-0.408551061,-0.185837243,0.072093736,No Mediation,No Mediation,No Mediation,M3,M3,50,40,40,2
316,chr7_30404661_C_T_b38,ENSG00000281404,LINC01176,lncRNA,7,30390885,30412375,ENSG00000272824,,lncRNA,1,148358245,148358686,M4,801,316,-0.001385392,2.813945069,0.001487469,0.669939347,-0.399007431,0.222383319,-0.174304449,No Mediation,No Mediation,No Mediation,M3,M3,53,29,29,0
317,chr9_136373081_G_A_b38,ENSG00000187796,CARD9,protein_coding,9,136361903,136373681,ENSG00000160199,PKNOX1,protein_coding,21,42974510,43033931,M3,804,317,-0.00643606,2.724909369,-0.005429027,1.574696481,0.308617814,0.175613637,0.102820401,No Mediation,No Mediation,Undirected,M0.1,M0.1,46,33,33,2
318,chr21_44207698_A_T_b38,ENSG00000160223,ICOSLG,protein_coding,21,44217014,44240966,ENSG00000277117,,protein_coding,21,5022493,5040666,M1.1,805,318,-0.000359297,0.217700554,-0.002875698,0.254471336,0.424443799,-0.256662648,-0.454374364,Undirected,Undirected,Undirected,M1.1,M1.1,57,25,25,0
319,chr12_56467674_A_G_b38,ENSG00000176422,SPRYD4,protein_coding,12,56468578,56479708,ENSG00000261456,TUBB8,protein_coding,10,46888,74163,M3,806,319,0.000364144,0.429911558,0.000343419,0.108851236,-0.207477691,-0.218121104,0.090111519,No Mediation,No Mediation,No Mediation,M3,M3,56,24,24,3
320,chr7_98300261_TC_T_b38,ENSG00000272950,,lncRNA,7,98322853,98323430,ENSG00000167014,TERB2,protein_coding,15,44956687,44979229,M3,809,320,-0.005009072,1.233406978,0.000486686,0.067854697,0.3618893,-0.192026186,-0.146091688,No Mediation,No Mediation,No Mediation,M3,M3,41,25,25,2
321,chr1_19688246_C_T_b38,ENSG00000158748,HTR6,protein_coding,1,19664875,19680966,ENSG00000259448,LINC02352,lncRNA,15,31215622,31224445,M3,814,321,0.000248932,0.101885037,0.056310131,1.34624332,0.439369961,-0.228671249,-0.113759505,No Mediation,No Mediation,No Mediation,M3,M3,48,24,24,0
322,chr2_214798239_TTA_T_b38,ENSG00000138376,BARD1,protein_coding,2,214725646,214809683,ENSG00000228539,,lncRNA,20,24491472,24502345,M3,816,322,0.000844118,0.395441809,-0.000101902,0.012113272,0.396697913,0.186356385,0.086081029,No Mediation,No Mediation,No Mediation,M3,M3,51,25,25,0
323,chr17_45256638_G_C_b38,ENSG00000184361,SPATA32,protein_coding,17,45254393,45262094,ENSG00000238083,LRRC37A2,protein_coding,17,46511511,46555650,M3,818,323,0.001495265,0.146563729,0.005699988,1.298088711,-0.431793925,0.221261921,-0.126871298,No Mediation,No Mediation,No Mediation,M3,M3,46,21,21,1
324,chr19_49958987_G_A_b38,ENSG00000161640,SIGLEC11,protein_coding,19,49948985,49961172,ENSG00000086544,ITPKC,protein_coding,19,40717112,40740860,M3,819,324,-0.026861383,1.542755139,0.009856877,27.00178213,0.34084198,-0.190565381,0.039618292,No Mediation,No Mediation,No Mediation,M3,M4,53,44,44,1
325,chr2_85705880_C_T_b38,ENSG00000168874,ATOH8,protein_coding,2,85751344,85791383,ENSG00000125450,NUP85,protein_coding,17,75205659,75235758,M3,824,325,-0.00498377,0.84351381,-0.015031628,2.018763201,0.238772393,0.198606139,0.025276037,No Mediation,No Mediation,No Mediation,M3,M3,55,37,37,0
326,chr16_88811768_C_A_b38,ENSG00000198931,APRT,protein_coding,16,88809339,88811937,ENSG00000256714,,lncRNA,12,22395088,22398075,M3,825,326,0.47431937,24.02062474,0.00017821,0.063385073,-0.306293451,0.487348574,-0.173714053,Cis Mediated,Cis Mediated,Cis Mediated,M4,M3,60,31,31,2
327,chr3_141226870_A_G_b38,ENSG00000155893,PXYLP1,protein_coding,3,141228726,141367753,ENSG00000261638,,lncRNA,16,58847715,58880351,M3,826,327,-0.001770292,1.500228318,6.02348072232471e-05,0.007208379,0.381605451,0.2157442,0.123820102,No Mediation,No Mediation,No Mediation,M3,M3,52,12,12,3
328,chr21_42434957_A_C_b38,ENSG00000160185,UBASH3A,protein_coding,21,42403447,42447684,ENSG00000241945,PWP2,protein_coding,21,44107373,44131181,M3,829,328,-0.004259581,1.834798839,-0.015096965,0.777119168,0.247437058,-0.181993469,-0.060792295,No Mediation,No Mediation,Undirected,M3,M4,42,34,34,2
329,chr6_68740973_A_T_b38,ENSG00000230910,,lncRNA,6,68627879,68635161,ENSG00000168038,ULK4,protein_coding,3,41246599,41962130,M3,832,329,0.006413316,0.780428963,-0.002745291,0.286899245,-0.314860301,-0.172532526,0.130287562,No Mediation,No Mediation,No Mediation,M3,M0.1,42,29,29,2
330,chr16_733864_C_A_b38,ENSG00000103245,CIAO3,protein_coding,16,729760,741329,ENSG00000078142,PIK3C3,protein_coding,18,41955234,42087830,M4,834,330,-0.016954041,0.970854378,0.000869645,0.534369629,0.414197647,-0.171805553,-0.163874683,No Mediation,No Mediation,No Mediation,M3,M0.1,54,36,36,3
331,chrX_43740189_T_C_b38,ENSG00000189221,MAOA,protein_coding,X,43654907,43746824,ENSG00000155875,SAXO1,protein_coding,9,18858906,19049358,M3,835,331,-0.02327523,7.147705265,0.000230371,0.026856968,0.150111819,0.179465762,-0.008302465,No Mediation,No Mediation,No Mediation,M3,M3,55,27,27,0
332,chr10_133414152_C_G_b38,ENSG00000148824,MTG1,protein_coding,10,133394094,133422520,ENSG00000266573,,lncRNA,18,24725762,24986980,M3,836,332,-0.059246265,2.971032014,-2.82E-06,0.005013935,0.308545792,0.181942927,0.008090423,No Mediation,No Mediation,No Mediation,M3,M3,60,31,31,1
333,chr13_114174908_G_C_b38,ENSG00000283361,CFAP97D2,protein_coding,13,114154691,114223084,ENSG00000261269,,lncRNA,5,72439903,72442387,M3,838,333,0.003773318,0.251581684,0.002950173,1.125034274,0.370606629,0.179089622,-0.035653681,No Mediation,No Mediation,No Mediation,M3,M3,51,37,37,2
334,chr6_31411338_G_A_b38,ENSG00000204520,MICA,protein_coding,6,31399784,31415315,ENSG00000244349,,lncRNA,6,28986800,28988536,M3,842,334,0.00591395,2.512521967,-0.004004623,0.686955981,0.401047592,0.220874278,0.066673407,No Mediation,No Mediation,No Mediation,M3,M3,48,25,25,1
335,chr2_99141557_G_GCGCAGGCGCACGCCCA_b38,ENSG00000135951,TSGA10,protein_coding,2,98997261,99154964,ENSG00000137267,TUBB2A,protein_coding,6,3153497,3157544,M3,843,335,0.002741553,0.121444379,0.725591691,12.0861568,0.486838565,-0.202638548,-0.037291598,No Mediation,No Mediation,No Mediation,M3,M3,43,22,22,0
336,chr1_155062156_C_G_b38,ENSG00000143537,ADAM15,protein_coding,1,155050566,155062775,ENSG00000143954,REG3G,protein_coding,2,79025686,79028505,M3,844,336,-0.083456805,9.577031778,0.002848641,0.252250744,-0.219659117,0.178112903,-0.045727159,No Mediation,No Mediation,No Mediation,M3,M3,64,23,23,2
337,chr17_6626991_A_C_b38,ENSG00000198920,KIAA0753,protein_coding,17,6578147,6640711,ENSG00000125450,NUP85,protein_coding,17,75205659,75235758,M3,845,337,-0.005384906,0.417924991,-0.015031628,2.018763201,-0.397574548,-0.188533747,0.136604949,No Mediation,No Mediation,No Mediation,M0.1,M0.1,59,38,38,0
338,chr17_63699119_T_C_b38,ENSG00000108592,FTSJ3,protein_coding,17,63819433,63830012,ENSG00000124151,NCOA3,protein_coding,20,47501887,47656877,M3,846,338,-0.019590612,2.304025756,-0.015447814,2.09948666,0.406816615,0.170934768,0.078681698,No Mediation,No Mediation,No Mediation,M3,M3,53,37,37,1
339,chr1_39673881_C_T_b38,ENSG00000116983,HPCAL4,protein_coding,1,39678648,39691485,ENSG00000163389,POGLUT1,protein_coding,3,119468963,119494708,M4,847,339,0.005975569,0.476991551,0.002740402,0.682330349,0.33812797,-0.184638052,-0.184214136,Undirected,Undirected,Undirected,M1.1,M1.1,46,31,31,2
340,chr3_196712253_C_G_b38,ENSG00000174007,CEP19,protein_coding,3,196706277,196712250,ENSG00000259697,,lncRNA,15,62196066,62222911,M3,848,340,0.026901805,6.47088631,2.37489989219162e-05,0.006253201,0.305867839,0.204749494,0.031527788,No Mediation,No Mediation,No Mediation,M3,M3,53,30,30,1
341,chr7_29148330_G_A_b38,ENSG00000106066,CPVL,protein_coding,7,28995235,29195451,ENSG00000143126,CELSR2,protein_coding,1,109249539,109275751,M3,849,341,-0.25249562,26.54608318,-0.000290798,0.104444902,0.214623937,0.203491381,0.106434768,No Mediation,No Mediation,No Mediation,M3,M3,57,33,33,1
342,chr10_80535642_G_A_b38,ENSG00000226659,,lncRNA,10,80529597,80535942,ENSG00000157870,PRXL2B,protein_coding,1,2586491,2591469,M3,850,342,0.01515222,0.786818723,-0.008743112,2.253617145,-0.430557811,0.189640816,-0.140560642,No Mediation,No Mediation,No Mediation,M3,M3,49,29,29,2
343,chr10_27154694_C_G_b38,ENSG00000120539,MASTL,protein_coding,10,27154824,27187953,ENSG00000131876,SNRPA1,protein_coding,15,101281510,101295282,M3,851,343,-0.014759953,0.876976143,-0.010340767,1.641050154,0.278037429,-0.169907494,-0.024101212,No Mediation,No Mediation,No Mediation,M0.1,M0.1,50,32,32,4
344,chrX_14025023_T_C_b38,ENSG00000046647,GEMIN8,protein_coding,X,14006726,14029893,ENSG00000115091,ACTR3,protein_coding,2,113890063,113962596,M3,853,344,0.004301805,0.644000429,-0.058921005,16.53676472,-0.387421144,-0.176404365,0.04414775,No Mediation,No Mediation,No Mediation,M3,M0.1,57,28,28,0
345,chr4_120770744_A_C_b38,ENSG00000138738,PRDM5,protein_coding,4,120684919,120922870,ENSG00000233384,CNIH3-AS2,lncRNA,1,224608130,224616220,M3,854,345,0.016539643,0.851161172,0.000111743,0.017241434,0.338766723,-0.181116531,-0.04702221,No Mediation,No Mediation,No Mediation,M3,M3,46,30,30,1
346,chr16_67442669_A_G_b38,ENSG00000159720,ATP6V0D1,protein_coding,16,67438014,67481181,ENSG00000111843,TMEM14C,protein_coding,6,10722915,10731129,M4,857,346,1.66469855,63.96365971,0.098162926,5.99733771,-0.262078149,0.379796811,-0.198306632,No Mediation,No Mediation,No Mediation,M3,M3,53,39,39,0
347,chr2_218543331_G_A_b38,ENSG00000144580,CNOT9,protein_coding,2,218568580,218597080,ENSG00000111843,TMEM14C,protein_coding,6,10722915,10731129,M3,860,347,-0.005135085,1.248122247,0.098162926,5.99733771,0.34779193,-0.252594342,-0.105906856,No Mediation,No Mediation,No Mediation,M3,M3,49,39,39,1
348,chr1_205770138_C_T_b38,ENSG00000117280,RAB29,protein_coding,1,205767986,205775482,ENSG00000273001,PFKP-DT,lncRNA,10,3065424,3066001,M3,863,348,-0.014253537,4.144431519,-0.000856288,0.19574817,0.30093177,0.171194108,0.082409602,No Mediation,No Mediation,No Mediation,M3,M3,45,31,31,1
349,chr13_52419891_T_G_b38,ENSG00000136108,CKAP2,protein_coding,13,52455429,52476628,ENSG00000120675,DNAJC15,protein_coding,13,43023203,43114213,M3,867,349,0.00321592,0.79973843,0.005576783,0.502716243,-0.379733197,-0.192681252,0.092428686,No Mediation,No Mediation,Cis Mediated,M3,M3,45,29,29,1
350,chr15_65247069_C_T_b38,ENSG00000138617,PARP16,protein_coding,15,65234460,65300618,ENSG00000197054,ZNF763,protein_coding,19,11965037,11980617,M4,872,350,0.004844049,1.5462098,0.007401894,0.934247667,-0.372009301,0.171889169,-0.213878422,Undirected,Undirected,Undirected,M1.1,M3,51,28,28,1
351,chr10_70233338_T_G_b38,ENSG00000180817,PPA1,protein_coding,10,70202835,70233911,ENSG00000241839,PLEKHO2,protein_coding,15,64841883,64868002,M3,880,351,-0.001441656,6.55845083,-0.222891541,35.50306803,0.21784815,0.187571796,0.093466097,No Mediation,No Mediation,No Mediation,M3,M3,59,42,42,2
352,chr9_111671370_A_G_b38,ENSG00000242616,GNG10,protein_coding,9,111661605,111670226,ENSG00000205670,SMIM11A,protein_coding,21,34375480,34416961,M3,886,352,0.223755809,40.21561539,-8.79E-05,0.009110361,-0.28185653,0.18946262,-0.063507781,No Mediation,No Mediation,No Mediation,M3,M3,50,31,31,1
353,chr10_79763164_C_T_b38,ENSG00000225484,NUTM2B-AS1,lncRNA,10,79661394,79826594,ENSG00000263394,,lncRNA,17,19091069,19091825,M3,887,353,0.00457329,0.503434749,-3.02E-05,0.011649075,-0.453060468,0.18515929,-0.136569106,No Mediation,No Mediation,No Mediation,M3,M0.1,53,30,30,1
354,chr11_68634752_G_T_b38,ENSG00000069482,GAL,protein_coding,11,68683779,68691175,ENSG00000075239,ACAT1,protein_coding,11,108116695,108147603,M3,892,354,0.00334055,0.515200347,-0.044286351,2.223917973,0.363816917,0.217108297,0.028223314,No Mediation,No Mediation,No Mediation,M3,M3,48,24,24,1
355,chr15_30819861_T_C_b38,ENSG00000198690,FAN1,protein_coding,15,30890559,30943108,ENSG00000111843,TMEM14C,protein_coding,6,10722915,10731129,M3,895,355,0.000467838,0.406598672,0.098162926,5.99733771,-0.405938203,-0.179323607,0.069754822,No Mediation,No Mediation,No Mediation,M0.1,M0.1,46,31,31,2
356,chr22_38845651_A_T_b38,ENSG00000221890,NPTXR,protein_coding,22,38818452,38844028,ENSG00000250819,LINC02493,lncRNA,4,17171757,17186079,M3,899,356,-0.005981066,0.590721943,-2.01E-05,0.001891118,0.435110971,0.209380656,0.118641618,No Mediation,No Mediation,No Mediation,M3,M3,55,32,32,2
357,chr15_48605219_G_A_b38,ENSG00000166147,FBN1,protein_coding,15,48408313,48645721,ENSG00000259448,LINC02352,lncRNA,15,31215622,31224445,M3,903,357,-0.004855282,0.499882129,0.056310131,1.34624332,-0.193191825,0.206466899,-0.005496802,No Mediation,No Mediation,No Mediation,M3,M3,46,28,28,2
358,chr9_125190467_T_C_b38,ENSG00000136933,RABEPK,protein_coding,9,125200542,125234161,ENSG00000235023,,lncRNA,21,42648271,42651244,M3,905,358,-0.007912095,1.117312142,1.11484934324781e-05,0.006886866,-0.359246599,0.171049095,-0.044399877,No Mediation,No Mediation,No Mediation,M3,M3,52,23,23,2
359,chr7_6374056_T_C_b38,ENSG00000136238,RAC1,protein_coding,7,6374527,6403967,ENSG00000106077,ABHD11,protein_coding,7,73736094,73738852,M3,907,359,0.11924345,23.7390009,-0.030355192,2.470288281,0.205459236,-0.18758981,-0.037474034,No Mediation,No Mediation,No Mediation,M3,M3,47,34,34,0
360,chr2_47403074_T_C_b38,ENSG00000095002,MSH2,protein_coding,2,47403067,47663146,ENSG00000203685,STUM,protein_coding,1,226548764,226609230,M3,911,360,0.002018164,0.477280989,0.000934246,0.112628464,0.337806029,0.188165588,0.005817854,No Mediation,No Mediation,No Mediation,M3,M3,58,35,35,3
361,chr12_46355182_C_G_b38,ENSG00000257261,,lncRNA,12,46383652,46876784,ENSG00000271892,,lncRNA,5,17107360,17107789,M3,914,361,0.003594264,0.169006195,-0.006640302,0.491270861,0.498056833,-0.18796052,-0.106086254,No Mediation,No Mediation,No Mediation,M3,M3,55,27,27,0
362,chr12_51389636_T_A_b38,ENSG00000139629,GALNT6,protein_coding,12,51351247,51392867,ENSG00000268618,,lncRNA,19,8549506,8550139,M3,915,362,0.023170081,1.013829995,-0.025275247,3.119257219,0.376632707,-0.17880159,-0.003022272,No Mediation,No Mediation,No Mediation,M3,M3,60,31,31,2
363,chr15_58478324_C_T_b38,ENSG00000166035,LIPC,protein_coding,15,58410569,58569844,ENSG00000248990,LINC02758,lncRNA,11,28679183,28683469,M3,916,363,0.001341224,0.365220868,4.53076781746831e-05,0.004955137,0.434535841,0.190085854,0.044162012,No Mediation,No Mediation,No Mediation,M3,M3,36,32,32,9
364,chr2_151232641_C_G_b38,ENSG00000184898,RBM43,protein_coding,2,151247940,151261863,ENSG00000277203,F8A1,protein_coding,X,154886349,154888061,M3,918,364,0.002554994,0.357563007,0.022948378,7.39050323,-0.364062214,0.210681545,-0.009720398,No Mediation,No Mediation,No Mediation,M3,M3,61,32,32,1
365,chr12_8513522_A_T_b38,ENSG00000166527,CLEC4D,protein_coding,12,8509475,8522366,ENSG00000223985,LINC01874,lncRNA,2,490944,503905,M0,919,365,-0.296731834,46.41520057,4.57353803652163e-05,0.006561298,0.103799184,0.177820023,0.032861602,No Mediation,No Mediation,No Mediation,M3,M0.1,37,18,18,3
366,chr12_8540247_C_T_b38,ENSG00000166523,CLEC4E,protein_coding,12,8533305,8540905,ENSG00000214113,LYRM4,protein_coding,6,5103629,5260950,M3,920,366,5.177560599,150.5322818,-0.001620494,0.228685128,-0.182605173,0.175431161,-0.042323964,No Mediation,No Mediation,No Mediation,M3,M3,51,32,32,1
367,chr3_194585511_T_C_b38,ENSG00000231770,TMEM44-AS1,lncRNA,3,194584004,194590260,ENSG00000242282,,lncRNA,2,3531813,3536873,M3,925,367,-0.007721245,1.204391628,0.002043577,0.396375879,0.416192194,-0.179021815,-0.033819996,No Mediation,No Mediation,No Mediation,M3,M3,45,28,28,2
368,chr7_26923895_T_C_b38,ENSG00000253552,HOXA-AS2,lncRNA,7,27107777,27134302,ENSG00000183508,TENT5C,protein_coding,1,117606048,117628389,M3,926,368,-0.000245588,0.146053713,1.990333408,23.20291884,0.39511119,-0.179765561,-0.039623203,No Mediation,No Mediation,No Mediation,M3,M3,41,26,26,3
369,chr6_41272198_T_C_b38,ENSG00000124731,TREM1,protein_coding,6,41267926,41286682,ENSG00000237987,,lncRNA,6,168225279,168226517,M3,927,369,2.431900864,75.35928755,-2.01E-05,0.010342965,0.173865297,-0.210477282,-0.058724279,No Mediation,No Mediation,No Mediation,M3,M3,62,23,23,0
370,chr13_27595485_G_GTCC_b38,ENSG00000186184,POLR1D,protein_coding,13,27620742,27744237,ENSG00000165632,TAF3,protein_coding,10,7818505,8016631,M3,929,370,0.388290418,3.884174022,0.005736124,0.486664241,0.253941438,-0.181129468,0.047125302,Undirected,Undirected,Undirected,M4,M3,39,33,33,5
371,chr7_56083833_G_A_b38,ENSG00000129103,SUMF2,protein_coding,7,56064002,56080670,ENSG00000270457,,lncRNA,1,59289303,59289640,M3,930,371,-0.005218089,6.038767254,-0.000211236,0.134960967,0.318427697,0.170085338,-0.017578759,No Mediation,No Mediation,No Mediation,M3,M3,54,27,27,0
372,chr15_101192512_A_T_b38,ENSG00000131873,CHSY1,protein_coding,15,101175727,101252048,ENSG00000259110,LINC02304,lncRNA,14,97154857,97158736,M3,934,372,-0.023746207,9.906283757,0.000145446,0.018707423,-0.18526881,0.215055207,-0.083832529,No Mediation,No Mediation,No Mediation,M3,M3,40,30,30,8
373,chr15_31187083_C_T_b38,ENSG00000270055,,lncRNA,15,30487963,30490313,ENSG00000254011,,lncRNA,5,174173101,174181814,M3,935,373,0.007847081,3.006592603,3.99172682445671e-05,0.005939047,-0.315878154,0.260810157,-0.059199822,No Mediation,No Mediation,No Mediation,M3,M3,50,18,18,4
374,chr9_152143_T_A_b38,ENSG00000172785,CBWD1,protein_coding,9,121038,179147,ENSG00000259448,LINC02352,lncRNA,15,31215622,31224445,M3,938,374,4.93351759305641e-05,0.178990285,0.056310131,1.34624332,-0.372469503,-0.197948262,0.068763821,No Mediation,No Mediation,No Mediation,M3,M3,45,25,25,2
375,chr8_23103191_G_C_b38,ENSG00000120889,TNFRSF10B,protein_coding,8,23020133,23069031,ENSG00000254664,,lncRNA,11,45215815,45235292,M3,943,375,-0.073179091,4.385432818,-0.001247682,0.10127502,-0.302089213,-0.184753424,0.113298748,No Mediation,No Mediation,No Mediation,M3,M3,49,34,34,5
376,chr19_869198_C_T_b38,ENSG00000175221,MED16,protein_coding,19,867630,893218,ENSG00000255523,,lncRNA,11,58917015,58928689,M3,945,376,-0.009814116,8.540975464,2.71839550357493e-05,0.011949937,-0.336008631,0.174779916,-0.039861573,No Mediation,No Mediation,No Mediation,M3,M3,43,23,23,0
377,chr10_58197421_T_C_b38,ENSG00000151151,IPMK,protein_coding,10,58191517,58267894,ENSG00000137267,TUBB2A,protein_coding,6,3153497,3157544,M3,947,377,0.011155458,2.306101323,0.725591691,12.0861568,-0.247490919,0.219430043,-0.093790632,No Mediation,No Mediation,No Mediation,M3,M3,44,26,26,1
378,chr13_20581688_TA_T_b38,ENSG00000032742,IFT88,protein_coding,13,20567138,20691444,ENSG00000248275,TRIM52-AS1,lncRNA,5,181261169,181272307,M3,948,378,-0.000179825,0.235887677,0.171910143,5.270263846,-0.427508542,0.17645988,-0.128310219,No Mediation,No Mediation,No Mediation,M0.1,M3,50,32,32,2
379,chr2_218723411_A_G_b38,ENSG00000135929,CYP27A1,protein_coding,2,218781749,218815293,ENSG00000228242,XPC-AS1,lncRNA,3,14144637,14165978,M4,949,379,-0.046174025,33.35768279,0.005273768,2.400838534,0.148404874,0.176237108,-0.113860364,No Mediation,No Mediation,No Mediation,M3,M3,54,33,33,0
380,chr18_13708329_C_T_b38,ENSG00000101654,RNMT,protein_coding,18,13726660,13764556,ENSG00000249631,,lncRNA,4,11625714,11823906,M3,957,380,-0.031720584,3.120835419,0.000149401,0.011979071,0.175250692,0.190042511,0.023298206,No Mediation,No Mediation,No Mediation,M3,M3,43,31,31,4
381,chr19_32416268_A_G_b38,ENSG00000178904,DPY19L3,protein_coding,19,32405543,32485895,ENSG00000250126,,lncRNA,4,137645265,137655174,M4,958,381,0.012639315,2.379199297,-0.00017435,0.017727395,-0.281543848,-0.170508983,0.16516351,No Mediation,No Mediation,No Mediation,M3,M4,51,31,31,3
382,chr19_10126509_A_G_b38,ENSG00000130813,SHFL,protein_coding,19,10086122,10093252,ENSG00000186943,OR13C8,protein_coding,9,104569168,104570130,M4,960,382,-0.036750221,6.643794391,-4.02E-05,0.012684828,0.249628442,0.218135327,0.165173754,No Mediation,No Mediation,No Mediation,M3,M3,45,31,31,1
383,chr19_54593456_T_G_b38,ENSG00000104974,LILRA1,protein_coding,19,54593582,54602381,ENSG00000125450,NUP85,protein_coding,17,75205659,75235758,M3,969,383,-0.090836412,17.74344247,-0.015031628,2.018763201,-0.281720198,0.26606135,0.005030741,No Mediation,No Mediation,No Mediation,M3,M3,56,39,39,2
384,chr7_152463544_C_G_b38,ENSG00000261455,LINC01003,lncRNA,7,152463786,152465549,ENSG00000261770,,lncRNA,19,27757184,27760849,M3,972,384,-0.00270822,1.242551489,0.000623177,0.241315967,-0.345505651,-0.178907967,-0.064940138,No Mediation,No Mediation,No Mediation,M3,M3,51,37,37,4
385,chr8_144104401_G_A_b38,ENSG00000179632,MAF1,protein_coding,8,144104461,144107611,ENSG00000263821,,lncRNA,18,14978739,14979839,M3,975,385,2.561235365,24.6174052,9.30930756221099e-06,0.005116648,-0.245282981,0.191311833,-0.045278728,No Mediation,No Mediation,No Mediation,M3,M3,57,36,36,6
386,chr16_21609226_A_G_b38,ENSG00000197006,METTL9,protein_coding,16,21597218,21657473,ENSG00000185290,NUPR2,protein_coding,7,56114681,56116417,M3,981,386,1.112389881,52.42701232,0.001464308,0.422724621,-0.257959024,0.178984157,-0.088686729,No Mediation,No Mediation,No Mediation,M3,M3,52,29,29,0
387,chr2_65065628_G_T_b38,ENSG00000011523,CEP68,protein_coding,2,65056366,65087004,ENSG00000257500,,lncRNA,12,52407580,52428494,M3,983,387,0.010080939,1.184916931,0.000158494,0.018852576,-0.262524411,0.170844839,-0.037988629,No Mediation,Cis Mediated,Undirected,M3,M3,52,26,26,1
388,chr4_151390316_T_C_b38,ENSG00000164142,FAM160A1,protein_coding,4,151409176,151670503,ENSG00000102900,NUP93,protein_coding,16,56730118,56850286,M3,984,388,-0.000553267,0.111796942,-0.00291233,0.398570208,-0.28836761,0.200839436,0.037304136,No Mediation,No Mediation,No Mediation,M0.1,M0.1,41,32,32,3
389,chr16_74562720_C_A_b38,ENSG00000090863,GLG1,protein_coding,16,74447427,74607144,ENSG00000259426,,lncRNA,15,69396904,69415029,M3,986,389,-0.05081547,3.298928886,-0.000473117,0.023410078,0.281347338,0.173127125,0.05638339,No Mediation,No Mediation,No Mediation,M3,M0.1,54,29,29,3
390,chr9_136965502_C_T_b38,ENSG00000107317,PTGDS,protein_coding,9,136975092,136981742,ENSG00000185290,NUPR2,protein_coding,7,56114681,56116417,M3,989,390,0.876040946,112.0336132,0.001464308,0.422724621,-0.166467377,-0.202462794,0.055360466,No Mediation,No Mediation,No Mediation,M3,M3,62,32,32,0
391,chr12_29338595_A_G_b38,ENSG00000275476,,lncRNA,12,29277397,29277882,ENSG00000185290,NUPR2,protein_coding,7,56114681,56116417,M3,990,391,0.001721538,1.00934714,0.001464308,0.422724621,0.449457241,0.195347699,0.103650803,No Mediation,No Mediation,No Mediation,M3,M3,52,30,30,0
392,chr1_169561599_G_T_b38,ENSG00000198734,F5,protein_coding,1,169511951,169586588,ENSG00000255362,LINC02761,lncRNA,11,76210956,76216025,M3,993,392,-0.249490219,12.70414703,0.000481238,0.236186636,-0.213710185,0.196518889,-0.027131022,No Mediation,No Mediation,No Mediation,M3,M3,46,22,22,0
393,chr17_50909315_C_T_b38,ENSG00000141232,TOB1,protein_coding,17,50862223,50867978,ENSG00000184451,CCR10,protein_coding,17,42678889,42683917,M3,999,393,0.0787688,22.27278368,0.005815119,0.348190329,-0.205149263,0.203805681,0.002181586,No Mediation,No Mediation,No Mediation,M3,M3,53,32,32,3
394,chr1_6545710_G_GCCCATGAGCACA_b38,ENSG00000171680,PLEKHG5,protein_coding,1,6467122,6520074,ENSG00000184428,TOP1MT,protein_coding,8,143304384,143359979,M3,1000,394,0.002913298,0.246147893,0.006999735,3.075825754,0.3330594,-0.181244285,0.007886481,No Mediation,No Mediation,No Mediation,M3,M3,54,23,23,3
395,chr22_37193388_C_T_b38,ENSG00000133466,C1QTNF6,protein_coding,22,37180166,37199385,ENSG00000254662,,lncRNA,11,57325603,57327958,M3,1005,395,-0.002626049,0.865473513,5.14932813204533e-05,0.036062673,0.340712205,0.175697243,0.040280587,No Mediation,No Mediation,No Mediation,M3,M3,55,33,33,1
396,chr14_72926683_G_A_b38,ENSG00000119599,DCAF4,protein_coding,14,72926377,72959703,ENSG00000176246,OR4L1,protein_coding,14,20060045,20060983,M3,1008,396,-0.000626605,0.365208051,-4.50E-06,0.00924092,0.337841052,0.174940336,0.051284255,No Mediation,No Mediation,No Mediation,M3,M3,48,24,24,1
397,chr14_91873506_G_A_b38,ENSG00000140092,FBLN5,protein_coding,14,91869411,91947987,ENSG00000259448,LINC02352,lncRNA,15,31215622,31224445,M3,1009,397,0.001583362,0.865645808,0.056310131,1.34624332,-0.188457484,-0.189836604,0.015112776,No Mediation,No Mediation,No Mediation,M3,M3,56,34,34,1
398,chr17_36466322_G_A_b38,ENSG00000276070,CCL4L2,protein_coding,17,36210924,36212878,ENSG00000251170,,lncRNA,4,104230380,104411035,M3,1013,398,0.341520554,32.25477212,2.42327354689183e-05,0.003504759,-0.162942538,0.17440894,-0.056374045,No Mediation,No Mediation,No Mediation,M3,M0.1,56,24,24,2
399,chr20_23187889_G_T_b38,ENSG00000230387,,lncRNA,20,23179272,23190419,ENSG00000172497,ACOT12,protein_coding,5,81329996,81394179,M3,1015,399,0.002287295,0.625563057,-0.002229263,0.209031549,0.336788197,0.186491395,0.028543661,No Mediation,No Mediation,No Mediation,M3,M3,52,30,30,1
400,chr11_119066199_T_C_b38,ENSG00000160695,VPS11,protein_coding,11,119067818,119081972,ENSG00000235337,,lncRNA,2,220127546,220212491,M3,1016,400,-0.007607153,2.611298905,1.73708837561452e-05,0.006771308,0.345550998,-0.19501373,-0.045827852,No Mediation,No Mediation,No Mediation,M3,M3,53,28,28,2
401,chr22_35328666_C_A_b38,ENSG00000100284,TOM1,protein_coding,22,35299275,35347992,ENSG00000168255,POLR2J3,protein_coding,7,102537918,102572653,M3,1017,401,0.646699965,41.58057371,-0.004200583,0.918447079,-0.202492259,-0.186675859,0.039378709,No Mediation,No Mediation,No Mediation,M3,M3,57,36,36,1
402,chr16_3539024_AC_A_b38,ENSG00000103351,CLUAP1,protein_coding,16,3500976,3539048,ENSG00000229443,LINC00433,lncRNA,13,88494789,88607814,M3,1024,402,-0.000524512,0.284372644,-4.36E-06,0.005337949,0.45140974,0.182204896,0.056007954,No Mediation,No Mediation,No Mediation,M3,M0.1,54,26,26,1
403,chr7_23181519_T_TAC_b38,ENSG00000226816,,lncRNA,7,23205787,23208045,ENSG00000267413,LINC01901,lncRNA,18,39841174,39924840,M3,1026,403,-0.003348062,0.469320171,7.96266874706124e-05,0.01065372,0.557300274,0.278826497,0.135994711,No Mediation,No Mediation,No Mediation,M3,M3,48,20,20,0
404,chr15_76444287_C_T_b38,ENSG00000159556,ISL2,protein_coding,15,76336773,76342475,ENSG00000005513,SOX8,protein_coding,16,981770,986979,M3,1031,404,-0.007672987,1.611227709,0.002866542,0.25268537,-0.200062264,0.171784444,-0.039442443,No Mediation,No Mediation,No Mediation,M0.1,M0.1,55,30,30,1
405,chr6_32542823_A_G_b38,ENSG00000196126,HLA-DRB1,protein_coding,6,32578769,32589848,ENSG00000262881,,lncRNA,17,45907670,45910779,M3,1037,405,98.29437685,389.204513,7.05352622254164e-05,0.01216915,-0.160291017,0.211594235,-0.006766081,No Mediation,No Mediation,No Mediation,M3,M3,50,29,29,1
406,chr1_109121057_C_T_b38,ENSG00000215717,TMEM167B,protein_coding,1,109090764,109096934,ENSG00000177294,FBXO39,protein_coding,17,6776215,6797101,M4,1038,406,0.019471654,8.07510918,-0.000746704,0.154457501,0.217231735,0.202748779,0.138425244,No Mediation,No Mediation,No Mediation,M4,M3,62,38,38,3
407,chr7_6737325_A_G_b38,ENSG00000122512,PMS2,protein_coding,7,5970925,6009106,ENSG00000225387,,lncRNA,1,18385829,18388514,M3,1039,407,-0.003799463,0.541064266,-5.14E-05,0.008812004,0.414812348,0.181803555,0.065164155,No Mediation,No Mediation,No Mediation,M3,M3,54,25,25,0
408,chr11_67302952_T_A_b38,ENSG00000172830,SSH3,protein_coding,11,67303478,67312607,ENSG00000232353,,lncRNA,3,192029880,192036557,M3,1040,408,0.050667912,4.371023326,8.61602529325797e-06,0.001762735,-0.317117453,0.322609402,-0.080514759,No Mediation,No Mediation,No Mediation,M3,M3,59,30,30,2
409,chr4_6609511_TG_T_b38,ENSG00000013288,MAN2B2,protein_coding,4,6575189,6623362,ENSG00000260478,,lncRNA,16,52238081,52269574,M3,1041,409,-0.044013593,2.246444852,2.17810530733941e-06,0.003346739,-0.298938547,0.171213393,-0.023985407,No Mediation,No Mediation,No Mediation,M3,M3,53,26,26,1
410,chr10_93700616_T_G_b38,ENSG00000148690,FRA10AC1,protein_coding,10,93667883,93702592,ENSG00000204666,,lncRNA,19,50050589,50066793,M3,1048,410,6.70325066616286e-05,0.279920722,0.000126821,0.078210331,0.432482087,0.17858887,0.088310452,No Mediation,No Mediation,No Mediation,M3,M3,57,29,29,0
411,chr11_34409030_A_C_b38,ENSG00000166016,ABTB2,protein_coding,11,34150987,34358010,ENSG00000106952,TNFSF8,protein_coding,9,114893343,114930595,M3,1049,411,0.003932276,0.512738958,0.063979953,4.462510763,0.375096289,0.198924685,0.002146267,No Mediation,No Mediation,No Mediation,M3,M3,44,31,31,4
412,chr3_56643734_G_A_b38,ENSG00000180376,CCDC66,protein_coding,3,56557161,56621837,ENSG00000226629,LINC00974,lncRNA,17,41549606,41554495,M3,1054,412,0.002529207,0.425822075,0.000462983,0.062398733,0.44692186,0.238798865,0.109279204,No Mediation,No Mediation,No Mediation,M3,M3,48,20,20,2
413,chr16_394608_T_A_b38,ENSG00000103202,NME4,protein_coding,16,396725,410367,ENSG00000259448,LINC02352,lncRNA,15,31215622,31224445,M4,1059,413,0.65824367,7.385987545,0.056310131,1.34624332,0.395162304,0.216371341,0.188215097,No Mediation,Undirected,Undirected,M3,M4,47,25,25,1
414,chr19_54108427_A_G_b38,ENSG00000170906,NDUFA3,protein_coding,19,54102728,54109257,ENSG00000179270,PCARE,protein_coding,2,29060976,29074523,M3,1065,414,0.151221945,3.690271425,1.27827577508374e-05,0.009979316,0.267642971,0.202637291,0.041404993,No Mediation,No Mediation,No Mediation,M3,M3,46,35,35,3
415,chr18_50883325_C_A_b38,ENSG00000082212,ME2,protein_coding,18,50879080,50954257,ENSG00000170632,ARMC10,protein_coding,7,103074881,103099759,M3,1068,415,-0.001014006,1.542499294,-0.0016035,1.26149962,0.350788442,-0.1724383,-0.085187124,No Mediation,No Mediation,No Mediation,M0.1,M0.1,49,30,30,3
416,chr2_74513834_C_T_b38,ENSG00000257702,LBX2-AS1,lncRNA,2,74502595,74504678,ENSG00000274767,,lncRNA,17,36183235,36196471,M4,1070,416,0.000668771,1.343966413,-0.00552238,3.276754913,0.369885009,0.197492104,0.18186759,No Mediation,No Mediation,Cis Mediated,M3,M3,51,32,32,3
417,chr17_64329334_A_T_b38,ENSG00000261371,PECAM1,protein_coding,17,64319415,64413776,ENSG00000266934,,lncRNA,17,61382785,61384680,M3,1074,417,-0.363077244,32.86223388,-2.58E-05,0.166952233,0.243986659,0.174475618,0.11795519,No Mediation,No Mediation,Undirected,M0.1,M0.1,43,35,35,3
418,chr6_158083026_G_A_b38,ENSG00000078269,SYNJ2,protein_coding,6,157981863,158099176,ENSG00000170919,TPT1-AS1,lncRNA,13,45341345,45417975,M3,1076,418,-0.002658434,0.664595096,0.01202435,0.597482556,0.378117738,0.184266129,0.094065251,No Mediation,No Mediation,No Mediation,M0.1,M0.1,51,34,34,1
419,chr3_126080367_T_TA_b38,ENSG00000114544,SLC41A3,protein_coding,3,126006357,126101561,ENSG00000151718,WWC2,protein_coding,4,183099257,183320777,M3,1081,419,-0.00370858,0.99904557,0.001281361,0.130175131,0.375836583,0.180105352,-0.032482463,No Mediation,No Mediation,No Mediation,M0.1,M0.1,46,30,30,3
420,chr22_42509765_T_TTCAAG_b38,ENSG00000189306,RRP7A,protein_coding,22,42508344,42519796,ENSG00000248431,,lncRNA,4,162705359,162907428,M3,1083,420,-0.009163417,4.170096359,-5.63E-06,0.026968794,-0.288072692,0.20212731,-0.092738569,No Mediation,No Mediation,Trans Mediated,M0.1,M3,52,35,35,2
421,chr16_53423_C_A_b38,ENSG00000161980,POLR3K,protein_coding,16,46407,53608,ENSG00000224406,LINC02052,lncRNA,3,186454969,186493661,M4,1089,421,0.004242198,1.325503053,2.00775733874388e-05,0.00811365,0.357676864,-0.175381273,-0.15414493,No Mediation,No Mediation,No Mediation,M3,M3,54,42,42,2
422,chr7_77346872_A_ACT_b38,ENSG00000186088,GSAP,protein_coding,7,77310751,77416349,ENSG00000100583,SAMD15,protein_coding,14,77376689,77391497,M3,1091,422,-0.040581533,3.352404423,-0.00340845,0.237800598,0.259646056,0.187462107,-0.045173707,Undirected,Undirected,Undirected,M4,M4,54,33,33,2
423,chr1_109509517_A_G_b38,ENSG00000181754,AMIGO1,protein_coding,1,109504178,109509738,ENSG00000129295,LRRC6,protein_coding,8,132570416,132675592,M3,1094,423,0.01048774,0.534574009,0.023491191,3.323870801,0.324704311,-0.18173205,-0.077893427,No Mediation,No Mediation,No Mediation,M3,M3,59,37,37,0
424,chr5_147782912_G_A_b38,ENSG00000176049,JAKMIP2,protein_coding,5,147585438,147782775,ENSG00000170379,TCAF2,protein_coding,7,143620952,143730410,M3,1096,424,-0.001447063,0.153533403,0.007226984,1.266495526,0.376558076,-0.170553052,-0.070259256,No Mediation,No Mediation,No Mediation,M3,M3,51,32,32,3
425,chr8_1761752_A_G_b38,ENSG00000282021,,lncRNA,8,1758208,1760447,ENSG00000270953,,lncRNA,7,130507660,130508282,M3,1097,425,0.007759768,0.218010339,0.00168244,0.444380252,-0.354973427,-0.176499398,0.060483718,No Mediation,No Mediation,No Mediation,M3,M3,43,26,26,1
426,chr19_41176369_A_G_b38,ENSG00000167600,CYP2S1,protein_coding,19,41193210,41207539,ENSG00000145949,MYLK4,protein_coding,6,2663629,2750922,M4,1099,426,0.001644847,1.072913894,0.002190536,0.146111301,-0.327669127,-0.182460527,0.150185567,No Mediation,No Mediation,No Mediation,M0.1,M0.1,47,32,32,4
427,chr19_14732350_A_G_b38,ENSG00000160961,ZNF333,protein_coding,19,14689801,14733746,ENSG00000063978,RNF4,protein_coding,4,2462220,2625320,M3,1111,427,-0.026148274,1.318523695,-0.020974379,1.761683523,-0.414053016,-0.179165678,0.050259218,No Mediation,No Mediation,No Mediation,M3,M3,51,39,39,2
428,chr17_12992667_G_C_b38,ENSG00000006744,ELAC2,protein_coding,17,12991612,13018065,ENSG00000086827,ZW10,protein_coding,11,113733187,113773735,M3,1113,428,-0.014240473,1.655586653,-0.004616948,0.483636831,0.35239114,-0.173375344,-0.054601201,No Mediation,No Mediation,No Mediation,M3,M3,53,37,37,1
429,chr19_21510326_G_T_b38,ENSG00000268081,,lncRNA,19,21554640,21569237,ENSG00000241149,ZNF722P,protein_coding,7,63998874,64016130,M3,1114,429,-0.000405051,0.52926173,0.000128301,0.018604418,-0.432390473,0.236759484,-0.044893683,No Mediation,No Mediation,No Mediation,M3,M3,44,25,25,0
430,chr19_57789907_T_G_b38,ENSG00000204514,ZNF814,protein_coding,19,57848731,57889074,ENSG00000198920,KIAA0753,protein_coding,17,6578147,6640711,M3,1116,430,-0.010963076,0.803879151,-0.005384906,0.417924991,-0.339334843,0.17457811,-0.029519164,No Mediation,No Mediation,No Mediation,M3,M3,52,29,29,2
431,chr1_244970187_T_G_b38,ENSG00000272195,,lncRNA,1,244969350,244971088,ENSG00000172824,CES4A,protein_coding,16,66988589,67009758,M4,1120,431,0.00067508,0.183431568,0.002776656,0.424650092,0.414587916,0.186953727,0.171582859,No Mediation,Undirected,Undirected,M1.1,M0.1,46,24,24,0
432,chr14_69376994_C_CTG_b38,ENSG00000029364,SLC39A9,protein_coding,14,69398015,69462390,ENSG00000242120,MDFIC2,protein_coding,3,70194479,70312638,M4,1121,432,-0.026669649,1.495689319,3.9413143616939e-06,0.004482112,0.385430113,0.227130837,0.208837061,No Mediation,No Mediation,No Mediation,M4,M3,57,21,21,1
433,chr19_49543216_A_C_b38,ENSG00000142552,RCN3,protein_coding,19,49528003,49546962,ENSG00000184428,TOP1MT,protein_coding,8,143304384,143359979,M3,1122,433,0.009823416,16.49285268,0.006999735,3.075825754,-0.215006776,0.213441138,-0.07438524,No Mediation,No Mediation,No Mediation,M3,M3,67,29,29,1
434,chr10_120848420_G_A_b38,ENSG00000120008,WDR11,protein_coding,10,120851305,120909524,ENSG00000170677,SOCS6,protein_coding,18,70289045,70330199,M3,1123,434,-0.003785105,0.686477391,0.000714831,0.155055232,0.370875612,0.216928374,0.155555262,No Mediation,No Mediation,Undirected,M3,M0.1,49,32,32,3
435,chr17_45051538_T_A_b38,ENSG00000172992,DCAKD,protein_coding,17,45023340,45061109,ENSG00000162520,SYNC,protein_coding,1,32679906,32703596,M4,1124,435,0.007501417,1.083530196,0.000155231,0.126904001,0.351383366,-0.175963807,-0.21952003,No Mediation,No Mediation,Undirected,M3,M0.1,48,33,33,3
436,chr19_36114973_G_T_b38,ENSG00000105254,TBCB,protein_coding,19,36114289,36125947,ENSG00000244706,,lncRNA,3,167866500,167950292,M4,1125,436,0.067487687,7.941617581,-1.72E-05,0.005867524,0.276782178,0.285519584,0.173937919,No Mediation,No Mediation,No Mediation,M3,M3,49,24,24,1
437,chr1_16439071_A_G_b38,ENSG00000157191,NECAP2,protein_coding,1,16440721,16460078,ENSG00000237667,LINC01115,lncRNA,2,779840,868608,M4,1126,437,0.03678336,7.539583564,0.000422376,0.067894252,0.323445558,0.182750817,0.141615028,No Mediation,No Mediation,No Mediation,M3,M3,54,28,28,1
438,chr11_297638_T_A_b38,ENSG00000206013,IFITM5,protein_coding,11,298200,299526,ENSG00000272750,,lncRNA,1,222658867,222661512,M4,1127,438,-0.00508736,0.707095686,-0.001516061,0.201593951,-0.332340938,-0.174911495,0.161363783,No Mediation,No Mediation,No Mediation,M3,M0.1,52,29,29,2
439,chr1_246962065_C_T_b38,ENSG00000153207,AHCTF1,protein_coding,1,246839098,246931948,ENSG00000157227,MMP14,protein_coding,14,22836560,22849041,M3,1130,439,-0.02952964,2.132867004,-0.012129221,2.276406864,-0.280766726,0.203498627,-0.133332308,No Mediation,No Mediation,No Mediation,M3,M3,57,39,39,3
440,chr19_7649321_T_C_b38,ENSG00000076944,STXBP2,protein_coding,19,7636881,7647873,ENSG00000143786,CNIH3,protein_coding,1,224434660,224740554,M3,1134,440,18.82493814,186.5883532,0.010226719,0.168681253,0.17266242,-0.18606497,-0.049884507,No Mediation,No Mediation,No Mediation,M3,M3,43,31,31,0
441,chr17_35157072_AC_A_b38,ENSG00000073536,NLE1,protein_coding,17,35128730,35142304,ENSG00000082898,XPO1,protein_coding,2,61476032,61538741,M3,1144,441,0.001218379,0.441713243,-0.037103033,5.422151234,0.419449831,0.191228641,0.069117548,No Mediation,No Mediation,No Mediation,M0.1,M0.1,52,34,34,3
442,chr5_14664712_G_A_b38,ENSG00000154124,OTULIN,protein_coding,5,14664664,14699850,ENSG00000187922,LCN10,protein_coding,9,136738167,136743356,M3,1148,442,-0.017846957,0.924827587,-0.011174022,2.70163607,-0.306295573,-0.196421902,0.074847962,No Mediation,No Mediation,No Mediation,M3,M3,49,38,38,2
443,chr4_38661274_G_A_b38,ENSG00000231160,KLF3-AS1,lncRNA,4,38602438,38664914,ENSG00000168757,TSPY2,protein_coding,Y,6246223,6249019,M3,1150,443,1.36110208817383e-05,0.312976623,2.29492001693219e-05,0.005364741,0.418785234,0.195223048,0.142253514,No Mediation,No Mediation,No Mediation,M3,M3,49,30,30,1
444,chr17_78632079_G_A_b38,ENSG00000267123,SCAT1,lncRNA,17,78605233,78632155,ENSG00000250340,LINC02494,lncRNA,4,58524515,58536328,M3,1151,444,-8.64E-05,0.223968826,-1.24E-05,0.006422086,0.492809458,0.219052199,0.072204029,No Mediation,No Mediation,No Mediation,M3,M3,46,16,16,1
445,chr19_41806347_C_T_b38,ENSG00000142025,DMRTC2,protein_coding,19,41844743,41852333,ENSG00000224592,MIR3659HG,lncRNA,1,38047314,38119025,M3,1153,445,-0.003541192,0.401984767,-3.78E-05,0.029859275,0.306261837,-0.180565821,-0.013096255,No Mediation,No Mediation,No Mediation,M3,M3,48,26,26,1
446,chr14_73592128_C_T_b38,ENSG00000177465,ACOT4,protein_coding,14,73591873,73595766,ENSG00000253181,,lncRNA,8,37717579,37733756,M3,1154,446,-0.001057271,0.245591622,0.000157265,0.014930456,0.347395002,0.179802003,0.020367599,No Mediation,No Mediation,No Mediation,M3,M3,46,31,31,1
447,chr5_65742737_G_A_b38,ENSG00000123213,NLN,protein_coding,5,65722205,65871725,ENSG00000254874,,lncRNA,11,92965797,92966603,M3,1159,447,-0.002939623,0.309241044,-3.33E-05,0.011082095,0.35466271,0.181440524,0.065712702,No Mediation,No Mediation,No Mediation,M3,M3,49,28,28,1
448,chr8_140446466_C_G_b38,ENSG00000167632,TRAPPC9,protein_coding,8,139727725,140458579,ENSG00000127995,CASD1,protein_coding,7,94509219,94557019,M3,1162,448,0.010912851,1.604384268,0.00574734,0.446050251,0.260514817,-0.175360495,-0.038714438,No Mediation,No Mediation,Undirected,M3,M3,49,38,38,3
449,chr1_37514843_G_C_b38,ENSG00000163875,MEAF6,protein_coding,1,37489993,37514766,ENSG00000258601,,lncRNA,14,36808871,36828729,M3,1164,449,-0.008932785,1.781194218,2.12090141765168e-05,0.003117362,-0.309926309,0.211549594,-0.012304919,No Mediation,No Mediation,No Mediation,M3,M3,50,23,23,1
450,chr18_74591691_CAG_C_b38,ENSG00000264247,ZNF407-AS1,lncRNA,18,74590317,74598885,ENSG00000119820,YIPF4,protein_coding,2,32277904,32316594,M4,1166,450,0.003079331,0.76559101,-0.021109607,1.645741059,0.374369175,-0.188875993,-0.238682478,Undirected,Undirected,Undirected,M4,M4,51,32,32,3
451,chr5_14870497_T_G_b38,ENSG00000154122,ANKH,protein_coding,5,14704800,14871778,ENSG00000277203,F8A1,protein_coding,X,154886349,154888061,M3,1168,451,0.284078353,2.565036728,0.022948378,7.39050323,-0.234710712,0.183698745,0.005984789,No Mediation,No Mediation,No Mediation,M3,M0.1,48,25,25,2
452,chr19_27740842_T_C_b38,ENSG00000261770,,lncRNA,19,27757184,27760849,ENSG00000268362,,lncRNA,19,24033401,24077377,M3,1172,452,0.000623177,0.241315967,7.65070096770322e-06,2.429527096,-0.350172028,0.177911123,-0.037943498,No Mediation,No Mediation,No Mediation,M3,M3,59,33,33,2
453,chr18_76546180_T_TCACAAATGA_b38,ENSG00000101493,ZNF516,protein_coding,18,76357682,76495242,ENSG00000197208,SLC22A4,protein_coding,5,132294394,132344190,M3,1175,453,-0.034107358,4.393649842,0.031627117,16.32372668,0.295891487,-0.171810074,-0.142387867,No Mediation,No Mediation,Undirected,M0.1,M0.1,48,41,41,3
454,chr10_84483712_A_G_b38,ENSG00000107771,CCSER2,protein_coding,10,84328586,84518521,ENSG00000230523,LINC01756,lncRNA,1,29329620,29350114,M3,1176,454,0.018298372,1.541501052,8.37840374081123e-05,0.004037104,-0.317435537,0.188444511,-0.037279382,No Mediation,No Mediation,No Mediation,M3,M3,53,25,25,2
455,chr19_16802547_C_T_b38,ENSG00000127511,SIN3B,protein_coding,19,16829398,16880353,ENSG00000156804,FBXO32,protein_coding,8,123497889,123541206,M3,1180,455,0.010654135,2.084015534,0.044046053,6.532688778,-0.282367219,0.236556703,-0.057565433,No Mediation,No Mediation,No Mediation,M3,M3,58,42,42,4
456,chr21_42903610_C_T_b38,ENSG00000160194,NDUFV3,protein_coding,21,42879644,42913304,ENSG00000231510,LINC02782,lncRNA,1,5086459,5090899,M3,1183,456,0.028330442,0.702208067,8.35972589526652e-06,0.00950923,-0.358325612,0.234836063,-0.073210545,No Mediation,No Mediation,No Mediation,M3,M3,50,17,17,1
457,chr16_85026022_A_C_b38,ENSG00000135709,KIAA0513,protein_coding,16,85027751,85094230,ENSG00000166923,GREM1,protein_coding,15,32718004,32745106,M3,1185,457,0.039885944,7.1389749,0.00062063,0.040964333,0.327799934,0.178239428,0.077004836,No Mediation,No Mediation,No Mediation,M3,M0.1,53,33,33,2
458,chr1_47190144_A_G_b38,ENSG00000162366,PDZK1IP1,protein_coding,1,47183582,47191044,ENSG00000044090,CUL7,protein_coding,6,43037617,43053943,M3,1187,458,4.340748492,50.05652548,-0.011624613,0.800537687,0.223027765,-0.1723745,-0.042110512,No Mediation,No Mediation,No Mediation,M3,M3,40,25,25,3
459,chr3_150537365_C_A_b38,ENSG00000144895,EIF2A,protein_coding,3,150546678,150586016,ENSG00000204669,C9orf57,protein_coding,9,72051376,72072721,M3,1189,459,0.112415793,5.800956763,-2.99E-06,0.016753503,0.232999467,-0.183400406,-0.075128398,No Mediation,No Mediation,No Mediation,M3,M3,55,35,35,2
460,chr11_13283716_G_A_b38,ENSG00000133794,ARNTL,protein_coding,11,13276652,13387266,ENSG00000104361,NIPAL2,protein_coding,8,98189826,98294393,M3,1191,460,-0.032301242,3.571526201,0.006143494,1.129136523,-0.371745267,0.178623648,-0.104132557,No Mediation,No Mediation,No Mediation,M3,M3,47,25,25,0
461,chr19_13763485_G_A_b38,ENSG00000037757,MRI1,protein_coding,19,13764522,13774282,ENSG00000269189,,lncRNA,13,98233650,98234700,M3,1192,461,-0.012328439,1.442666303,3.797012937432e-05,0.009956183,-0.265329282,0.348866269,-0.133490477,No Mediation,No Mediation,No Mediation,M3,M3,59,41,41,3
462,chr10_3140852_T_TA_b38,ENSG00000107959,PITRM1,protein_coding,10,3137728,3172841,ENSG00000242925,PLCH1-AS2,lncRNA,3,155485803,155487121,M3,1193,462,-0.014530902,1.245418496,6.35486009499081e-05,0.007169358,-0.318535129,0.195723545,-0.04554473,No Mediation,No Mediation,No Mediation,M3,M0.1,55,21,21,2
463,chr17_7219921_T_TGGGCGTGCAGGACGC_b38,ENSG00000072778,ACADVL,protein_coding,17,7217125,7225266,ENSG00000163531,NFASC,protein_coding,1,204828651,205022822,M4,1194,463,0.626272906,31.01023043,0.000559849,0.05956316,-0.240583344,-0.184048003,0.119381642,No Mediation,No Mediation,No Mediation,M3,M4,39,20,20,1
464,chr8_143983700_A_G_b38,ENSG00000178685,PARP10,protein_coding,8,143977153,144012772,ENSG00000111843,TMEM14C,protein_coding,6,10722915,10731129,M4,1196,464,-0.176811125,14.98396269,0.098162926,5.99733771,-0.203105273,0.176342941,-0.16640068,No Mediation,No Mediation,No Mediation,M3,M0.1,49,40,40,2
465,chr1_109675302_G_A_b38,ENSG00000134184,GSTM1,protein_coding,1,109687814,109709039,ENSG00000267224,,lncRNA,19,56535299,56535763,M4,1203,465,-0.058899828,18.10020877,8.57408584070343e-05,0.01869376,-0.347782281,-0.204348098,0.258719175,Undirected,Undirected,Undirected,M1.1,M1.1,51,25,25,0
466,chr1_28510924_A_T_b38,ENSG00000204138,PHACTR4,protein_coding,1,28369582,28500364,ENSG00000184678,H2BC21,protein_coding,1,149884459,149886652,M3,1204,466,-0.004042541,1.014295371,4.622689612,117.963667,-0.178416048,-0.176305124,0.028414338,No Mediation,No Mediation,No Mediation,M3,M3,58,35,35,3
467,chr3_101523770_A_C_b38,ENSG00000138468,SENP7,protein_coding,3,101324205,101513241,ENSG00000196724,ZNF418,protein_coding,19,57921882,57935402,M3,1207,467,-0.014224988,1.148078716,-0.000587623,0.226750772,-0.329120043,-0.255864887,0.118949166,No Mediation,No Mediation,No Mediation,M3,M3,59,33,33,3
468,chr11_47634200_C_T_b38,ENSG00000172247,C1QTNF4,protein_coding,11,47589667,47594411,ENSG00000063245,EPN1,protein_coding,19,55675226,55709858,M3,1211,468,0.001028636,0.328866936,0.057809649,2.309024489,-0.287146854,0.192991458,-0.058882942,No Mediation,No Mediation,No Mediation,M3,M3,47,31,31,2
469,chr3_48308885_A_G_b38,ENSG00000172113,NME6,protein_coding,3,48290722,48301685,ENSG00000221819,GAS8-AS1,lncRNA,16,90028908,90029901,M3,1217,469,0.013678581,1.109821943,-9.94E-05,0.052529586,-0.334467317,0.192163549,-0.124881397,No Mediation,No Mediation,No Mediation,M3,M3,51,21,21,2
470,chr11_47238117_T_C_b38,ENSG00000134575,ACP2,protein_coding,11,47239302,47248906,ENSG00000130177,CDC16,protein_coding,13,114234887,114272723,M3,1221,470,-0.087281099,4.311943093,0.035662264,2.827540772,0.202545397,-0.180460442,-0.012147746,No Mediation,No Mediation,No Mediation,M3,M3,63,51,51,1
471,chr9_84368453_T_G_b38,ENSG00000197506,SLC28A3,protein_coding,9,84275457,84340758,ENSG00000111843,TMEM14C,protein_coding,6,10722915,10731129,M3,1222,471,-0.00316039,0.635016749,0.098162926,5.99733771,-0.174573804,0.303016068,-0.005603371,No Mediation,No Mediation,No Mediation,M3,M3,51,35,35,0
472,chrX_2748343_G_C_b38,ENSG00000124343,XG,protein_coding,X,2752040,2816500,ENSG00000186113,OR5D14,protein_coding,11,55795556,55796500,M3,1224,472,0.003144017,0.170886999,-2.85E-06,0.007654012,-0.325303631,0.169766475,-0.065739434,No Mediation,No Mediation,No Mediation,M3,M3,51,23,23,0
473,chr10_100193948_A_C_b38,ENSG00000095485,CWF19L1,protein_coding,10,100232298,100267680,ENSG00000251661,,lncRNA,11,318640,325631,M3,1228,473,-0.080093112,4.244927976,-0.030389494,5.060069578,0.3202732,-0.169732487,-0.11338923,Undirected,Undirected,Undirected,M4,M1.1,53,26,26,1
474,chr9_69788876_G_A_b38,ENSG00000188647,PTAR1,protein_coding,9,69709522,69760011,ENSG00000141519,CCDC40,protein_coding,17,80036632,80100613,M3,1238,474,0.006193591,1.332018635,0.000603658,0.113707253,-0.172916683,-0.213428416,0.025519767,No Mediation,No Mediation,No Mediation,M3,M3,48,23,23,3
475,chr17_80027554_C_T_b38,ENSG00000141519,CCDC40,protein_coding,17,80036632,80100613,ENSG00000253774,,lncRNA,8,8559894,8562124,M3,1241,475,0.000603658,0.113707253,3.56999207670286e-05,0.00598867,0.264620109,0.229782492,0.01126832,No Mediation,No Mediation,No Mediation,M3,M3,51,17,17,2
476,chr22_19173036_C_T_b38,ENSG00000070371,CLTCL1,protein_coding,22,19179473,19291719,ENSG00000213145,CRIP1,protein_coding,14,105486317,105488947,M3,1242,476,0.025021326,2.193897588,0.755361951,34.30793214,-0.228307522,0.176980978,-0.036762729,No Mediation,No Mediation,No Mediation,M3,M0.1,50,29,29,3
477,chr12_7189747_C_G_b38,ENSG00000139197,PEX5,protein_coding,12,7188685,7218574,ENSG00000259448,LINC02352,lncRNA,15,31215622,31224445,M3,1244,477,-0.000921806,0.973004588,0.056310131,1.34624332,0.333446464,-0.18800767,-0.122949959,No Mediation,No Mediation,No Mediation,M3,M3,49,22,22,1
478,chr8_6968521_A_T_b38,ENSG00000239839,DEFA3,protein_coding,8,7015869,7018297,ENSG00000178199,ZC3H12D,protein_coding,6,149446795,149485014,M3,1245,478,1674.641814,3630.765598,0.000946783,0.864567715,-0.143101724,0.175490468,-0.104714432,No Mediation,No Mediation,No Mediation,M3,M3,50,33,33,4
479,chr12_11171340_G_C_b38,ENSG00000111215,PRR4,protein_coding,12,10845849,10849475,ENSG00000111843,TMEM14C,protein_coding,6,10722915,10731129,M3,1247,479,0.000847023,0.222624729,0.098162926,5.99733771,-0.378805717,-0.186443457,0.097752406,No Mediation,No Mediation,No Mediation,M3,M0.1,47,28,28,0
480,chr17_42112643_C_G_b38,ENSG00000108771,DHX58,protein_coding,17,42101404,42112714,ENSG00000111843,TMEM14C,protein_coding,6,10722915,10731129,M3,1248,480,-0.022625202,4.966321388,0.098162926,5.99733771,-0.216666942,0.314157801,-0.07782388,No Mediation,No Mediation,No Mediation,M3,M3,49,40,40,1
481,chr1_151878980_T_C_b38,ENSG00000159445,THEM4,protein_coding,1,151870866,151909637,ENSG00000136939,OR1L4,protein_coding,9,122723990,122724925,M4,1250,481,0.015689336,1.401422454,4.60456808075072e-05,0.018761646,0.273655049,-0.214048839,-0.17936297,No Mediation,No Mediation,No Mediation,M3,M3,60,33,33,0
482,chr22_23924539_T_C_b38,ENSG00000272787,,lncRNA,22,23969211,23969873,ENSG00000110777,POU2AF1,protein_coding,11,111352255,111455630,M3,1252,482,0.001411354,0.477972097,0.011527046,4.684972425,-0.375121031,-0.171282486,0.114030902,No Mediation,No Mediation,No Mediation,M3,M3,39,26,26,7
483,chr6_49490122_A_G_b38,ENSG00000031691,CENPQ,protein_coding,6,49463370,49493107,ENSG00000250486,FAM218A,lncRNA,4,164956948,164959122,M3,1254,483,0.001447521,0.37273191,-0.000316491,0.070154054,0.360069735,-0.174976513,-0.083042845,No Mediation,No Mediation,No Mediation,M3,M3,43,32,32,3
484,chr14_104695582_T_TCCTCCCAGTGACCCCTCCTCCCAGTGACCC_b38,ENSG00000203485,INF2,protein_coding,14,104681146,104722535,ENSG00000227485,,lncRNA,1,63024207,63025658,M3,1256,484,0.012874198,2.290288621,-3.20E-06,0.004501329,-0.250802189,0.185104868,-0.069152117,No Mediation,No Mediation,No Mediation,M3,M3,52,28,28,4
485,chr17_63774826_G_C_b38,ENSG00000198231,DDX42,protein_coding,17,63773603,63819317,ENSG00000124151,NCOA3,protein_coding,20,47501887,47656877,M3,1257,485,-0.044063518,2.675331022,-0.015447814,2.09948666,-0.148875915,0.181006351,-0.024319134,No Mediation,No Mediation,Undirected,M3,M3,51,42,42,0
486,chr8_30090431_G_A_b38,ENSG00000104660,LEPROTL1,protein_coding,8,30095408,30177208,ENSG00000257435,,lncRNA,12,32988763,32993754,M3,1259,486,0.070355774,4.050647479,2.42512797587633e-05,0.00745485,0.19132132,0.247976123,0.009351645,No Mediation,No Mediation,No Mediation,M3,M3,50,31,31,3
487,chr7_6635227_T_A_b38,ENSG00000205903,ZNF316,protein_coding,7,6637318,6658279,ENSG00000278484,,lncRNA,10,120984966,120985596,M3,1262,487,-0.200275966,6.954854496,-7.00E-05,0.023982018,-0.242573849,0.182054137,-0.043329761,No Mediation,No Mediation,No Mediation,M3,M3,56,25,25,0
488,chr16_69343650_A_G_b38,ENSG00000157315,TMED6,protein_coding,16,69343250,69351786,ENSG00000089157,RPLP0,protein_coding,12,120196699,120201235,M3,1265,488,0.003005349,0.372086546,148.4080202,375.2450643,-0.355880896,-0.178139443,-0.032541071,No Mediation,No Mediation,No Mediation,M3,M3,54,29,29,1
489,chr7_65854580_G_T_b38,ENSG00000169919,GUSB,protein_coding,7,65960684,65982215,ENSG00000273142,LINC02604,lncRNA,7,66902857,66906297,M3,1267,489,-0.079405336,9.317184284,-0.012702047,1.405844976,0.215820426,-0.288610243,0.017223201,No Mediation,No Mediation,No Mediation,M3,M3,55,32,32,3
490,chr19_58016935_A_G_b38,ENSG00000176593,,lncRNA,19,58002061,58011232,ENSG00000111843,TMEM14C,protein_coding,6,10722915,10731129,M3,1269,490,0.001673948,0.175521652,0.098162926,5.99733771,-0.362784218,-0.219955755,0.076667953,No Mediation,No Mediation,No Mediation,M3,M0.1,51,29,29,0
491,chr2_238267745_A_G_b38,ENSG00000186235,LINC02610,lncRNA,2,238224552,238231699,ENSG00000235244,DANT2,lncRNA,X,115694880,115969130,M3,1271,491,0.003684339,0.46626708,-1.06E-05,0.007350925,0.356501723,0.211776786,0.074372008,No Mediation,No Mediation,No Mediation,M3,M3,45,30,30,1
492,chr17_44173010_G_T_b38,ENSG00000267080,ASB16-AS1,lncRNA,17,44175968,44186723,ENSG00000111906,HDDC2,protein_coding,6,125219962,125302078,M3,1272,492,-0.0003956,2.10774953,0.011777567,1.515956274,-0.32786413,-0.193515354,0.118110778,No Mediation,No Mediation,No Mediation,M3,M3,55,30,30,0
493,chr7_150324193_C_T_b38,ENSG00000188707,ZBED6CL,protein_coding,7,150322639,150332721,ENSG00000272865,,lncRNA,1,242147230,242209129,M3,1273,493,0.007600672,1.138762673,0.000743218,0.122238064,-0.332529837,0.189805312,-0.098196477,No Mediation,No Mediation,No Mediation,M3,M3,39,19,19,1
494,chr16_81739398_G_A_b38,ENSG00000261218,,lncRNA,16,81738248,81767868,ENSG00000168255,POLR2J3,protein_coding,7,102537918,102572653,M3,1276,494,-0.001186739,1.208695803,-0.004200583,0.918447079,0.32763749,-0.178370464,0.017406304,No Mediation,No Mediation,Undirected,M3,M4,56,32,32,1
495,chr2_74492783_G_T_b38,ENSG00000272183,,lncRNA,2,74501717,74502365,ENSG00000274767,,lncRNA,17,36183235,36196471,M4,1277,495,0.002505263,0.469690164,-0.00552238,3.276754913,0.448439848,0.20103552,0.211005563,Undirected,Undirected,Undirected,M4,M1.1,51,31,31,2
496,chr3_108684047_CAT_C_b38,ENSG00000198919,DZIP3,protein_coding,3,108589705,108694840,ENSG00000099860,GADD45B,protein_coding,19,2476122,2478259,M3,1280,496,-0.002366391,0.299116878,26.12847106,224.6875762,0.342269725,0.180280092,0.095913148,No Mediation,No Mediation,No Mediation,M3,M3,64,38,38,0
497,chr10_133185696_A_T_b38,ENSG00000171798,KNDC1,protein_coding,10,133160219,133226412,ENSG00000266171,,lncRNA,18,735746,737459,M4,1281,497,-0.00151579,0.356696993,0.002373327,0.206184778,-0.379807746,-0.18401298,0.142386475,No Mediation,No Mediation,No Mediation,M4,M0.1,65,35,35,0
498,chr7_3293388_C_G_b38,ENSG00000146555,SDK1,protein_coding,7,3301252,4269000,ENSG00000125482,TTF1,protein_coding,9,132375548,132406851,M3,1284,498,0.001995433,0.238996254,-0.002044881,0.64607104,0.314333403,0.178987145,0.066674392,No Mediation,No Mediation,No Mediation,M3,M0.1,40,20,20,2
499,chr1_63671_G_A_b38,ENSG00000238009,,lncRNA,1,89295,133723,ENSG00000227809,,lncRNA,9,74371335,74384578,M3,1288,499,0.00325495,0.439050057,-1.03E-06,0.003274145,0.362569505,0.187711232,0.0048201,No Mediation,No Mediation,No Mediation,M3,M4,52,18,18,0
500,chr7_77193353_CAAGT_C_b38,ENSG00000135205,CCDC146,protein_coding,7,77122434,77329533,ENSG00000255206,,lncRNA,8,68082204,68095081,M4,1289,500,0.002247952,0.597201143,1.054436972376e-05,0.003647637,-0.269620408,0.187947629,-0.132787297,No Mediation,No Mediation,No Mediation,M3,M0.1,47,23,23,3
501,chr2_181085647_G_C_b38,ENSG00000170035,UBE2E3,protein_coding,2,180967248,181076585,ENSG00000078808,SDF4,protein_coding,1,1216909,1232067,M4,1290,501,0.106827722,3.207337258,-0.020034513,9.930178431,0.261431308,0.173381266,0.142869758,Undirected,Undirected,Undirected,M4,M3,61,40,40,2
502,chr6_24678219_G_C_b38,ENSG00000112308,C6orf62,protein_coding,6,24704861,24719998,ENSG00000215533,LINC00189,lncRNA,21,29193480,29288205,M3,1291,502,0.087481341,14.24651057,0.006280617,1.035939448,0.211068133,0.181784524,0.08087762,No Mediation,No Mediation,No Mediation,M3,M3,48,27,27,1
503,chr20_63267276_A_C_b38,ENSG00000101197,BIRC7,protein_coding,20,63235883,63240495,ENSG00000171049,FPR2,protein_coding,19,51752026,51770531,M3,1297,503,-0.002906597,0.203555027,-0.85405437,50.32276317,0.301300107,0.175198375,0.037106183,No Mediation,No Mediation,No Mediation,M3,M3,53,28,28,1
504,chr19_38312349_C_G_b38,ENSG00000167645,YIF1B,protein_coding,19,38303558,38317273,ENSG00000108349,CASC3,protein_coding,17,40140318,40172171,M3,1305,504,0.162438293,7.196799141,0.857372774,17.93550928,0.216084862,0.182218438,0.034032528,No Mediation,No Mediation,No Mediation,M3,M1.1,57,36,36,3
505,chr19_3585521_G_A_b38,ENSG00000179855,GIPC3,protein_coding,19,3585478,3593541,ENSG00000233842,,lncRNA,2,145872209,145931146,M3,1308,505,0.005288427,0.5387859,7.70528564795422e-05,0.004232431,-0.222347484,0.187358946,-0.025910904,No Mediation,No Mediation,No Mediation,M3,M3,56,27,27,0
506,chr9_89498473_C_T_b38,ENSG00000187764,SEMA4D,protein_coding,9,89360787,89498130,ENSG00000224310,LINC01567,lncRNA,16,24661422,24671062,M3,1311,506,-0.029037874,8.814221607,6.92490157777697e-06,0.006157183,0.227627067,0.203656804,0.11936391,No Mediation,No Mediation,Undirected,M3,M4,53,45,45,2
507,chr1_247125977_T_TAA_b38,ENSG00000196418,ZNF124,protein_coding,1,247121975,247172020,ENSG00000238269,PAGE2B,protein_coding,X,55075030,55078909,M3,1312,507,-0.000513071,0.161625198,0.184560306,1.770422193,-0.343478148,0.185501088,-0.033014979,No Mediation,No Mediation,No Mediation,M3,M3,41,23,23,0
508,chr2_46629946_T_C_b38,ENSG00000119878,CRIPT,protein_coding,2,46616416,46630176,ENSG00000173825,TIGD3,protein_coding,11,65354751,65357613,M4,1314,508,0.016927658,1.49412281,0.04525505,3.143747647,0.320808783,0.169897207,0.149858483,No Mediation,No Mediation,No Mediation,M0.1,M0.1,44,27,27,1
509,chr1_209769811_A_G_b38,ENSG00000009790,TRAF3IP3,protein_coding,1,209756032,209782320,ENSG00000198938,MT-CO3,protein_coding,MT,9207,9990,M3,1319,509,-0.093121823,14.63092128,4734.490326,2978.535854,-0.275631425,0.174462143,-0.069889404,No Mediation,No Mediation,No Mediation,M0.1,M3,59,38,38,2
510,chr14_35125597_A_G_b38,ENSG00000100890,PRORP,protein_coding,14,35121846,35277622,ENSG00000223581,LINC02665,lncRNA,10,7096216,7097675,M3,1320,510,0.001642927,1.337764765,-7.79E-06,0.016150857,0.379428619,0.216290614,0.053896032,No Mediation,No Mediation,No Mediation,M3,M3,49,19,19,0
511,chr14_70759586_G_C_b38,ENSG00000006432,MAP3K9,protein_coding,14,70722526,70809534,ENSG00000108381,ASPA,protein_coding,17,3472374,3503405,M3,1321,511,-0.001060308,0.154746403,0.000320511,0.035302611,0.295269135,0.174621725,0.022092876,No Mediation,No Mediation,No Mediation,M3,M3,48,29,29,4
512,chr8_142402242_T_C_b38,ENSG00000171045,TSNARE1,protein_coding,8,142212080,142403182,ENSG00000247675,LRP4-AS1,lncRNA,11,46846412,46874421,M4,1324,512,0.000205464,0.949632242,0.000470209,0.041475676,-0.287997933,-0.197313192,0.141463449,No Mediation,No Mediation,No Mediation,M3,M0.1,49,27,27,1
513,chr19_19529715_T_C_b38,ENSG00000167491,GATAD2A,protein_coding,19,19385826,19508932,ENSG00000111843,TMEM14C,protein_coding,6,10722915,10731129,M3,1327,513,0.003238428,5.147778436,0.098162926,5.99733771,0.239492278,0.176569636,0.001184292,No Mediation,Undirected,Undirected,M4,M0.1,50,39,39,3
514,chr1_244970360_G_C_b38,ENSG00000203666,EFCAB2,protein_coding,1,244969705,245127164,ENSG00000111843,TMEM14C,protein_coding,6,10722915,10731129,M3,1328,514,0.005465924,0.816033777,0.098162926,5.99733771,-0.187981513,-0.209529275,-0.007670755,No Mediation,No Mediation,No Mediation,M3,M3,53,38,38,1
515,chr7_36724067_C_T_b38,ENSG00000136250,AOAH,protein_coding,7,36512941,36724549,ENSG00000262619,LINC00621,lncRNA,13,22859050,22916369,M3,1330,515,0.110290231,30.22887585,-0.000181252,0.024148212,-0.258406034,0.185288047,-0.054466604,No Mediation,No Mediation,No Mediation,M3,M3,44,30,30,3
516,chr16_68005937_T_A_b38,ENSG00000167261,DPEP2,protein_coding,16,67987394,68000586,ENSG00000184428,TOP1MT,protein_coding,8,143304384,143359979,M3,1331,516,0.271318176,40.36930433,0.006999735,3.075825754,0.170628461,0.326778267,0.055963204,No Mediation,No Mediation,No Mediation,M3,M3,68,26,26,0
517,chr20_35292343_T_A_b38,ENSG00000242372,EIF6,protein_coding,20,35278907,35284985,ENSG00000146666,LINC00525,lncRNA,7,47761476,47766772,M3,1332,517,-0.216203916,9.736903692,0.000227665,0.094677568,0.411647201,0.228203833,0.087150681,No Mediation,No Mediation,No Mediation,M3,M3,58,34,34,1
518,chr22_18186065_C_T_b38,ENSG00000278558,TMEM191B,protein_coding,22,18527802,18530573,ENSG00000206140,TMEM191C,protein_coding,22,21466423,21471269,M1.1,1335,518,0.003972293,0.367148353,0.002842704,0.195156597,0.434275171,0.217845713,0.492712821,Undirected,Undirected,Undirected,M1.1,M1.1,48,13,13,0
519,chr17_75896519_G_A_b38,ENSG00000141569,TRIM65,protein_coding,17,75880335,75896951,ENSG00000225818,,lncRNA,17,71596338,71597279,M3,1336,519,-0.010647933,0.862504635,6.02286612293164e-06,0.001552575,-0.295996697,0.245505166,-0.071423812,No Mediation,No Mediation,No Mediation,M3,M3,37,21,21,4
520,chr3_40303917_G_A_b38,ENSG00000280739,EIF1B-AS1,lncRNA,3,40061110,40309698,ENSG00000230100,,lncRNA,X,48333675,48334439,M3,1337,520,-0.000436186,0.183473109,-8.53E-05,0.026264487,0.313824675,0.179422507,0.104561202,No Mediation,No Mediation,No Mediation,M3,M3,58,22,22,0
521,chr9_100316182_C_T_b38,ENSG00000119509,INVS,protein_coding,9,100099243,100302175,ENSG00000233559,LINC00513,lncRNA,7,130853720,130930682,M3,1338,521,-0.003220623,0.315757968,0.003310107,0.502121458,0.307577204,0.170721388,0.072866037,No Mediation,No Mediation,No Mediation,M3,M0.1,53,34,34,0
522,chr11_108498446_G_A_b38,ENSG00000178202,POGLUT3,protein_coding,11,108472112,108498384,ENSG00000237365,,lncRNA,1,7008376,7014279,M3,1339,522,-0.00455703,0.432114624,-2.87E-06,0.012089704,-0.299941628,0.206563098,-0.070643157,No Mediation,No Mediation,No Mediation,M3,M3,50,23,23,1
523,chr7_44374215_G_A_b38,ENSG00000015676,NUDCD3,protein_coding,7,44379119,44490658,ENSG00000230197,,lncRNA,17,19077775,19087878,M4,1340,523,0.004104728,0.561468225,-6.30E-05,0.008839203,0.391176363,0.177834147,0.163417872,No Mediation,No Mediation,Undirected,M3,M3,62,30,30,0
524,chr17_17243305_G_A_b38,ENSG00000179598,PLD6,protein_coding,17,17200995,17206333,ENSG00000253992,,lncRNA,8,130935409,130949665,M3,1346,524,0.01209111,1.188485913,6.34882432121285e-05,0.006890347,0.349575424,0.183481387,0.01461372,No Mediation,No Mediation,No Mediation,M3,M3,51,27,27,2
525,chr8_1755864_C_T_b38,ENSG00000253982,,lncRNA,8,1761054,1764508,ENSG00000270953,,lncRNA,7,130507660,130508282,M3,1351,525,0.886385404,8.197133067,0.00168244,0.444380252,0.231064508,-0.174263282,-0.029338522,No Mediation,No Mediation,No Mediation,M3,M3,47,30,30,3
526,chr16_27315893_T_G_b38,ENSG00000077238,IL4R,protein_coding,16,27313668,27364778,ENSG00000268678,,lncRNA,19,57350848,57352012,M3,1357,526,1.373195725,85.6921505,-0.000413909,0.057996163,0.156050353,-0.17850639,-0.047090574,No Mediation,No Mediation,No Mediation,M3,M3,43,27,27,2
527,chr20_5069898_C_T_b38,ENSG00000089063,TMEM230,protein_coding,20,5068232,5113103,ENSG00000187862,TTC24,protein_coding,1,156579723,156587719,M3,1358,527,0.053262181,3.709227925,-0.003540303,0.488382132,0.259321425,-0.179062103,-0.006343128,No Mediation,No Mediation,No Mediation,M0.1,M3,61,38,38,1
528,chrX_46626726_G_A_b38,ENSG00000147119,CHST7,protein_coding,X,46573765,46598496,ENSG00000198712,MT-CO2,protein_coding,MT,7586,8269,M3,1359,528,-0.000382598,3.549773989,5871.41989,3452.085151,0.289853786,0.173196681,0.047546927,No Mediation,No Mediation,No Mediation,M3,M3,57,26,26,1
529,chr16_70473004_T_C_b38,ENSG00000103051,COG4,protein_coding,16,70480568,70523560,ENSG00000140839,CLEC18B,protein_coding,16,74408270,74421953,M3,1362,529,-0.002187636,3.799087119,-0.004658109,0.292050765,-0.341600086,0.303519598,-0.039424803,No Mediation,No Mediation,No Mediation,M3,M3,44,26,26,3
530,chr1_121282785_T_C_b38,ENSG00000171943,SRGAP2C,protein_coding,1,121184811,121392874,ENSG00000180900,SCRIB,protein_coding,8,143790920,143815773,M3,1364,530,-0.002515983,0.413911944,-0.034411459,1.668902334,-0.244426837,-0.183032976,0.007620794,No Mediation,No Mediation,No Mediation,M0.1,M3,45,37,37,4
531,chr9_27193849_A_G_b38,ENSG00000120156,TEK,protein_coding,9,27109141,27230174,ENSG00000234580,,lncRNA,10,44591208,44602104,M3,1371,531,-0.000806454,0.224757264,4.94210916367049e-05,0.006453566,0.331162228,0.171434316,-0.004876124,No Mediation,No Mediation,No Mediation,M3,M3,43,15,15,3
532,chr14_100341818_G_A_b38,ENSG00000258666,,lncRNA,14,100333790,100354061,ENSG00000253368,TRNP1,protein_coding,1,26993692,27000886,M3,1373,532,-0.012889533,2.784580344,-0.000634732,0.446485298,-0.226544037,-0.183420602,0.012344372,No Mediation,No Mediation,No Mediation,M0.1,M0.1,62,43,43,3
533,chr4_2996383_C_T_b38,ENSG00000125388,GRK4,protein_coding,4,2963571,3040760,ENSG00000113504,SLC12A7,protein_coding,5,1050384,1112063,M3,1374,533,0.000224949,0.109490686,-0.058875526,7.890283087,-0.373851622,0.175279959,-0.112419534,No Mediation,No Mediation,No Mediation,M3,M3,49,29,29,1
534,chrX_1412291_G_A_b38,ENSG00000236017,ASMTL-AS1,lncRNA,X,1401769,1414028,ENSG00000225867,,lncRNA,22,37550026,37551735,M4,1375,534,-0.014257158,1.254326998,1.18825834313123e-05,0.025665846,0.35154897,0.175662263,0.17353496,Undirected,Undirected,Undirected,M1.1,M1.1,46,33,33,0
535,chr12_47759262_G_A_b38,ENSG00000079337,RAPGEF3,protein_coding,12,47734363,47771040,ENSG00000230680,,lncRNA,7,46477822,46481578,M3,1377,535,0.000264798,0.355100241,1.91060740934205e-05,0.008680366,0.248876192,0.203929144,0.066172192,No Mediation,No Mediation,No Mediation,M3,M3,54,32,32,2
536,chr19_16230828_C_T_b38,ENSG00000072958,AP1M1,protein_coding,19,16197854,16245906,ENSG00000161513,FDXR,protein_coding,17,74862497,74873031,M4,1378,536,-0.012757106,1.550493537,-0.015493021,0.954632749,0.280469397,-0.188140202,-0.127072619,No Mediation,No Mediation,No Mediation,M3,M3,49,40,40,2
537,chr1_22019154_C_T_b38,ENSG00000070831,CDC42,protein_coding,1,22025511,22101360,ENSG00000112855,HARS2,protein_coding,5,140691430,140699305,M3,1379,537,0.573144474,30.69609841,-0.027304941,2.023139356,-0.164138047,-0.170338944,-0.012740253,No Mediation,No Mediation,No Mediation,M3,M0.1,55,35,35,2
538,chr12_51307507_A_G_b38,ENSG00000139610,CELA1,protein_coding,12,51328442,51346679,ENSG00000076604,TRAF4,protein_coding,17,28744005,28750956,M3,1380,538,0.002637705,0.325704614,-0.017598733,1.750689875,0.372361446,0.172296654,-0.024060683,No Mediation,No Mediation,No Mediation,M3,M3,43,25,25,2
539,chr11_295670_G_A_b38,ENSG00000142102,PGGHG,protein_coding,11,289126,296107,ENSG00000272750,,lncRNA,1,222658867,222661512,M3,1381,539,9.50533273,130.7412723,-0.001516061,0.201593951,0.206979325,-0.173826192,0.025897834,No Mediation,No Mediation,No Mediation,M3,M3,48,23,23,1
540,chr12_121634977_C_CAGGG_b38,ENSG00000139714,MORN3,protein_coding,12,121648742,121672631,ENSG00000262905,,lncRNA,17,552566,553417,M4,1382,540,-0.002748642,0.516750982,-0.002898357,0.485539468,0.400078596,0.186563533,0.152254104,No Mediation,No Mediation,No Mediation,M3,M0.1,50,25,25,2
541,chr16_2520372_T_C_b38,ENSG00000185883,ATP6V0C,protein_coding,16,2513952,2520218,ENSG00000241599,,lncRNA,1,160446,161525,M3,1383,541,40.66491487,181.5534126,-0.000729227,0.063151837,0.172095006,0.358336835,0.057962618,No Mediation,No Mediation,No Mediation,M3,M3,56,23,23,1
542,chr18_5237824_G_A_b38,ENSG00000263753,LINC00667,lncRNA,18,5237826,5290608,ENSG00000084207,GSTP1,protein_coding,11,67583742,67586656,M3,1384,542,-0.001120217,0.549739933,5.258368151,79.14300634,0.338360404,-0.178959784,0.028929829,No Mediation,No Mediation,No Mediation,M3,M3,52,27,27,0
543,chr9_112175409_T_C_b38,ENSG00000259953,,lncRNA,9,112028570,112039143,ENSG00000159450,TCHH,protein_coding,1,152106317,152115454,M3,1386,543,0.000430643,0.489963207,-0.000121963,0.039229523,-0.331517042,0.214863003,-0.097084121,No Mediation,No Mediation,No Mediation,M3,M3,59,37,37,1
544,chr13_21450281_C_T_b38,ENSG00000180776,ZDHHC20,protein_coding,13,21372571,21459370,ENSG00000276688,,lncRNA,20,5407564,5407876,M3,1387,544,-0.180443333,14.33078579,-0.000127354,0.022413558,0.161214821,0.185834297,0.053096179,No Mediation,No Mediation,No Mediation,M3,M0.1,58,24,24,2
545,chr22_45280564_C_G_b38,ENSG00000100373,UPK3A,protein_coding,22,45284949,45295874,ENSG00000278599,TBC1D3E,protein_coding,17,38127951,38138868,M3,1393,545,-0.015592585,1.704823643,0.000874188,0.613163138,0.167711618,-0.21372744,-0.069385146,No Mediation,No Mediation,No Mediation,M3,M3,52,23,23,0
546,chr14_22894897_G_A_b38,ENSG00000100461,RBM23,protein_coding,14,22893204,22919182,ENSG00000164879,CA3,protein_coding,8,85373436,85449040,M3,1394,546,0.045207612,3.152598709,0.04324482,11.79534423,-0.252898945,0.254388043,-0.070718204,No Mediation,No Mediation,Cis Mediated,M3,M3,53,28,28,4
547,chr22_31391486_C_T_b38,ENSG00000198089,SFI1,protein_coding,22,31488688,31618588,ENSG00000179542,SLITRK4,protein_coding,X,143622790,143636101,M3,1395,547,0.002720387,1.78849484,-0.00064183,0.131059125,0.288164845,-0.176512687,-0.045286681,No Mediation,No Mediation,No Mediation,M3,M3,49,33,33,0
548,chr2_96284617_C_T_b38,ENSG00000144028,SNRNP200,protein_coding,2,96274338,96321271,ENSG00000230173,LINC01790,lncRNA,2,194730595,194761435,M3,1397,548,-0.098032419,4.73648882,3.19787724893375e-05,0.005857358,-0.198141757,0.367717088,-0.096131147,No Mediation,No Mediation,No Mediation,M3,M3,43,36,36,7
549,chr4_6177984_C_T_b38,ENSG00000152969,JAKMIP1,protein_coding,4,6026199,6200591,ENSG00000246582,,lncRNA,8,23224471,23230926,M3,1401,549,-0.030364922,1.461423704,0.005316307,0.693963766,-0.307647909,-0.176237061,0.069872814,No Mediation,No Mediation,No Mediation,M3,M3,47,31,31,4
550,chr2_97739212_CCA_C_b38,ENSG00000115073,ACTR1B,protein_coding,2,97655939,97664044,ENSG00000161944,ASGR2,protein_coding,17,7101322,7115700,M3,1402,550,-0.024143075,4.321977976,-0.065538192,17.02196948,0.254104029,0.204893861,-0.024778064,No Mediation,No Mediation,No Mediation,M3,M3,53,33,33,1
551,chr5_136120102_T_TA_b38,ENSG00000113658,SMAD5,protein_coding,5,136132845,136188747,ENSG00000135926,TMBIM1,protein_coding,2,218274197,218292586,M3,1403,551,-9.37E-05,0.346182658,0.310310052,17.58097214,0.380300105,-0.179532002,-0.133842212,No Mediation,No Mediation,No Mediation,M3,M0.1,50,42,42,2
552,chr7_55574247_A_T_b38,ENSG00000154978,VOPP1,protein_coding,7,55436056,55572988,ENSG00000188086,PRSS45P,protein_coding,3,46742092,46750891,M3,1405,552,-0.0709905,5.755652496,-0.000320571,0.123956232,0.29458453,-0.374200214,-0.084091525,No Mediation,No Mediation,No Mediation,M3,M3,66,44,44,2
553,chr22_31293965_A_G_b38,ENSG00000138942,RNF185,protein_coding,22,31160182,31207019,ENSG00000223704,LINC01422,lncRNA,22,26858634,26968763,M3,1406,553,-0.044424899,2.980565243,0.000675329,0.108900381,-0.292810901,-0.173582409,0.071253771,No Mediation,No Mediation,No Mediation,M0.1,M0.1,44,31,31,3
554,chr5_81294179_T_G_b38,ENSG00000247572,CKMT2-AS1,lncRNA,5,81201341,81301565,ENSG00000241042,,lncRNA,1,59054397,59056049,M4,1407,554,0.001776275,0.178781827,-4.31E-05,0.044374744,-0.325781956,0.187331475,-0.290921909,Trans Mediated,Trans Mediated,Undirected,M1.1,M1.1,55,42,42,4
555,chr9_136410555_C_T_b38,ENSG00000165689,ENTR1,protein_coding,9,136401922,136410614,ENSG00000160199,PKNOX1,protein_coding,21,42974510,43033931,M3,1408,555,-0.025808295,1.469354373,-0.005429027,1.574696481,-0.282719691,0.186892124,-0.02437784,No Mediation,No Mediation,No Mediation,M3,M3,48,36,36,2
556,chr4_41990735_G_C_b38,ENSG00000014824,SLC30A9,protein_coding,4,41990502,42090461,ENSG00000230437,,lncRNA,20,12305613,12316485,M3,1413,556,0.000180557,0.467428407,-8.16E-06,0.001911426,-0.258161317,0.307278865,-0.09894867,No Mediation,No Mediation,No Mediation,M3,M3,48,22,22,0
557,chr17_68453703_T_G_b38,ENSG00000070540,WIPI1,protein_coding,17,68420948,68457513,ENSG00000237179,LINC01797,lncRNA,2,66696190,66703252,M3,1416,557,0.187790728,10.23196295,-7.84E-05,0.012098142,-0.212897469,0.192611391,-0.013859146,No Mediation,No Mediation,No Mediation,M3,M3,45,31,31,2
558,chr9_137044154_T_C_b38,ENSG00000107281,NPDC1,protein_coding,9,137039463,137046179,ENSG00000255169,LINC02722,lncRNA,11,33804768,33805641,M3,1421,558,0.040981708,8.139651375,-2.57E-06,0.008380778,0.234449172,-0.180530934,-0.020872184,No Mediation,No Mediation,No Mediation,M3,M3,48,17,17,1
559,chr10_18626002_A_T_b38,ENSG00000241058,NSUN6,protein_coding,10,18545561,18659285,ENSG00000073849,ST6GAL1,protein_coding,3,186930325,187078553,M3,1427,559,0.002331158,0.613507506,0.024507031,4.130911779,0.32518291,-0.175176846,-0.137541664,No Mediation,No Mediation,No Mediation,M0.1,M0.1,56,38,38,4
560,chr1_1013490_C_G_b38,ENSG00000187608,ISG15,protein_coding,1,1001138,1014540,ENSG00000137267,TUBB2A,protein_coding,6,3153497,3157544,M0,1428,560,3.107666742,114.2096824,0.725591691,12.0861568,0.07888243,-0.289903941,-0.016614183,No Mediation,No Mediation,No Mediation,M0.2,M0.2,43,28,28,1
561,chr1_55023869_C_T_b38,ENSG00000162399,BSND,protein_coding,1,54998933,55017172,ENSG00000181827,RFX7,protein_coding,15,56087280,56245082,M3,1433,561,-0.001231992,0.427348764,0.001154417,0.380450427,-0.203453373,0.173161875,0.047198885,No Mediation,No Mediation,No Mediation,M0.1,M0.1,54,34,34,3
562,chr17_76576799_T_C_b38,ENSG00000070731,ST6GALNAC2,protein_coding,17,76565377,76586956,ENSG00000109272,PF4V1,protein_coding,4,73853296,73854483,M3,1435,562,0.091508144,6.041120802,0.190266408,7.53864147,0.221698382,-0.187917798,0.02264414,No Mediation,No Mediation,No Mediation,M3,M3,46,26,26,0
563,chr1_150716760_G_C_b38,ENSG00000143437,ARNT,protein_coding,1,150809713,150876708,ENSG00000240152,LINC02271,lncRNA,4,61143656,61153962,M3,1438,563,-0.010446905,2.509558702,-2.56E-05,0.008171228,0.243558487,0.213823516,0.102479458,No Mediation,No Mediation,No Mediation,M3,M3,59,26,26,1
564,chr18_12787248_T_G_b38,ENSG00000267654,RP11-973H7.4,lncRNA,18,12739489,12749420,ENSG00000255517,,lncRNA,11,66473490,66480233,M3,1439,564,-3.32E-05,0.883547573,0.006180208,0.316675809,-0.31365205,-0.176488939,0.104964332,No Mediation,No Mediation,No Mediation,M3,M3,40,22,22,2
565,chr8_37778131_A_G_b38,ENSG00000147471,PLPBP,protein_coding,8,37762595,37779768,ENSG00000266153,,lncRNA,18,5159332,5171026,M3,1444,565,-0.035993448,3.420044192,0.000168534,0.0257482,0.209372758,0.189662819,0.098669617,No Mediation,No Mediation,No Mediation,M3,M0.1,49,21,21,2
566,chr6_36024555_T_C_b38,ENSG00000112053,SLC26A8,protein_coding,6,35943516,36024868,ENSG00000246526,LINC02481,lncRNA,4,6687448,6690519,M3,1447,566,-0.051068157,6.983760711,-0.001264831,1.051055358,-0.212324155,0.170926376,0.049451624,No Mediation,No Mediation,No Mediation,M0.1,M3,52,36,36,4
567,chr6_28225193_G_A_b38,ENSG00000137185,ZSCAN9,protein_coding,6,28224886,28233487,ENSG00000257458,,lncRNA,12,98931682,98976656,M3,1448,567,0.004750066,0.472387323,-3.43E-05,0.004122523,0.291774296,0.265496172,0.102097849,No Mediation,No Mediation,No Mediation,M3,M3,49,20,20,1
568,chr5_180081424_G_T_b38,ENSG00000113269,RNF130,protein_coding,5,179911651,180072113,ENSG00000137267,TUBB2A,protein_coding,6,3153497,3157544,M3,1454,568,-0.074755634,10.83643775,0.725591691,12.0861568,0.323249923,0.284530588,0.042551989,No Mediation,No Mediation,Cis Mediated,M3,M3,50,29,29,1
569,chr17_48518529_C_A_b38,ENSG00000120093,HOXB3,protein_coding,17,48548870,48604912,ENSG00000111843,TMEM14C,protein_coding,6,10722915,10731129,M3,1455,569,-0.000158482,0.328922032,0.098162926,5.99733771,0.315184772,-0.201850163,-0.134446846,No Mediation,No Mediation,No Mediation,M3,M3,54,39,39,1
570,chr11_35208126_T_C_b38,ENSG00000255443,CD44-AS1,lncRNA,11,35210343,35214985,ENSG00000254754,,lncRNA,11,25924188,25926808,M3,1460,570,-0.004497304,1.597998833,1.17417633785394e-05,0.006018379,0.274482206,-0.179451763,-0.098988038,No Mediation,No Mediation,No Mediation,M0.1,M0.1,57,43,43,4
571,chr11_3375363_G_A_b38,ENSG00000005801,ZNF195,protein_coding,11,3339261,3379222,ENSG00000259759,,lncRNA,16,54239693,54240654,M3,1461,571,0.003824544,0.309695376,3.01673805837193e-06,0.010184072,0.324623774,-0.18945881,-0.07281133,No Mediation,No Mediation,No Mediation,M3,M3,46,17,17,1
572,chr9_5841963_G_A_b38,ENSG00000099219,ERMP1,protein_coding,9,5765076,5833117,ENSG00000100413,POLR3H,protein_coding,22,41525799,41544606,M3,1466,572,0.002896888,0.591610005,0.000990956,0.634182004,-0.270024101,0.17670809,-0.113026297,No Mediation,No Mediation,No Mediation,M3,M3,47,33,33,3
573,chr17_7014470_CTGTTCCGTTTCTCCACCCTTCGCTG_C_b38,ENSG00000219200,RNASEK,protein_coding,17,7012417,7014532,ENSG00000231934,FAM242A,lncRNA,20,30323367,30362276,M0,1468,573,19.92475067,137.5648626,-6.69E-06,0.020387762,-0.089466194,0.225662127,-0.034345357,No Mediation,No Mediation,No Mediation,M0.2,M0.2,55,40,40,3
574,chr16_409422_A_G_b38,ENSG00000242612,DECR2,protein_coding,16,401858,412487,ENSG00000259448,LINC02352,lncRNA,15,31215622,31224445,M3,1469,574,-0.002798549,1.176167746,0.056310131,1.34624332,0.260182179,0.188659092,-0.008809195,No Mediation,No Mediation,No Mediation,M3,M3,45,30,30,1
575,chr7_66387354_T_C_b38,ENSG00000237310,GS1-124K5.4,lncRNA,7,66493607,66495758,ENSG00000273582,,lncRNA,16,29225594,29226348,M3,1472,575,0.009358335,0.621250447,0.000520111,0.14017067,0.378760828,0.172383764,0.126527576,No Mediation,No Mediation,No Mediation,M3,M0.1,47,25,25,1
576,chr16_3458012_A_C_b38,ENSG00000122390,NAA60,protein_coding,16,3443649,3486953,ENSG00000188060,RAB42,protein_coding,1,28592200,28595449,M3,1476,576,-0.028470283,4.146044756,-0.001144553,0.298206921,-0.245871576,0.199537031,-0.024829276,No Mediation,No Mediation,No Mediation,M3,M0.1,56,42,42,2
577,chr2_63060193_T_C_b38,ENSG00000115507,OTX1,protein_coding,2,63050057,63057836,ENSG00000254044,,lncRNA,4,97334635,97633823,M3,1477,577,0.03369413,1.910092256,-2.49E-06,0.008975424,0.29587514,0.191287115,-0.021370586,No Mediation,No Mediation,No Mediation,M3,M3,52,30,30,1
578,chr20_8427897_A_G_b38,ENSG00000182621,PLCB1,protein_coding,20,8077251,8968360,ENSG00000196670,ZFP62,protein_coding,5,180847611,180861285,M4,1481,578,0.00048977,0.12275617,0.004555083,0.413722216,0.204874474,0.185875602,0.14849316,Cis Mediated,Undirected,Undirected,M4,M4,51,38,38,2
579,chr1_7773891_T_G_b38,ENSG00000049245,VAMP3,protein_coding,1,7771296,7781432,ENSG00000269096,CT45A3,protein_coding,X,135759846,135768191,M3,1483,579,0.056511844,14.31490925,-7.08E-06,0.003748958,0.242606492,0.175289478,0.00171879,No Mediation,No Mediation,No Mediation,M3,M3,44,23,23,3
580,chr14_35783634_C_G_b38,ENSG00000174373,RALGAPA1,protein_coding,14,35538352,35809304,ENSG00000248440,,lncRNA,5,109497877,109499108,M3,1484,580,-0.001099024,0.235730127,-3.17E-05,0.005200277,0.317777054,0.195100362,0.042543402,No Mediation,No Mediation,No Mediation,M3,M3,56,36,36,2
581,chr2_197307424_T_G_b38,ENSG00000231621,ANKRD44-AS1,lncRNA,2,197197991,197199273,ENSG00000110665,C11orf21,protein_coding,11,2295628,2303049,M3,1489,581,0.010791185,0.8174301,-0.028617419,10.87598771,0.376810944,0.189493675,0.068971624,No Mediation,No Mediation,No Mediation,M3,M3,51,35,35,2
582,chr7_144172128_T_A_b38,ENSG00000213214,ARHGEF35,protein_coding,7,144186083,144195833,ENSG00000261446,LINC00559,lncRNA,13,90060247,90119719,M3,1490,582,-0.000701069,0.131915263,2.1573115172127e-05,0.002253762,-0.281250814,0.176556491,-0.040808593,No Mediation,No Mediation,No Mediation,M3,M3,45,24,24,1
583,chr12_70243049_G_A_b38,ENSG00000257815,PRANCR,lncRNA,12,69901918,70243379,ENSG00000264340,,lncRNA,18,74561381,74562100,M3,1491,583,0.001491628,0.677918459,-2.93E-05,0.015394219,0.332875339,0.181265262,0.042200969,No Mediation,No Mediation,No Mediation,M3,M3,46,18,18,0
584,chr1_6236734_C_G_b38,ENSG00000116237,ICMT,protein_coding,1,6221193,6235972,ENSG00000223870,,lncRNA,21,25127469,25135247,M3,1493,584,-0.003616842,0.82113793,-3.40E-05,0.009038581,-0.339373858,0.304438009,-0.069252346,No Mediation,No Mediation,No Mediation,M3,M3,53,32,32,1
585,chr14_65330128_G_C_b38,ENSG00000255002,LINC02324,lncRNA,14,65197254,65222443,ENSG00000111843,TMEM14C,protein_coding,6,10722915,10731129,M3,1495,585,0.002054858,0.146165822,0.098162926,5.99733771,-0.392214495,-0.213284551,0.07447868,No Mediation,No Mediation,No Mediation,M3,M3,50,28,28,0
586,chr9_33047400_T_C_b38,ENSG00000122692,SMU1,protein_coding,9,33041765,33076674,ENSG00000151650,VENTX,protein_coding,10,133237855,133241928,M3,1498,586,-0.023670676,1.13762844,-0.027027155,4.011732733,-0.227093044,-0.205867709,-0.078441747,No Mediation,No Mediation,No Mediation,M3,M3,39,27,27,5
587,chr17_36544987_C_G_b38,ENSG00000278311,GGNBP2,protein_coding,17,36544912,36589848,ENSG00000234380,LINC01426,lncRNA,21,34745757,34784886,M4,1499,587,0.00076395,2.51386933,-0.000166115,0.025738795,0.268147054,-0.173667411,-0.156562948,No Mediation,No Mediation,No Mediation,M3,M0.1,58,35,35,1
588,chr6_33685103_G_A_b38,ENSG00000096433,ITPR3,protein_coding,6,33620365,33696574,ENSG00000275491,LINC01730,lncRNA,20,3808357,3812434,M3,1501,588,-0.019489236,1.928857406,-0.008652258,2.771805097,-0.276082263,0.189262254,0.036956629,No Mediation,No Mediation,No Mediation,M3,M3,59,38,38,1
589,chr3_167856460_G_T_b38,ENSG00000163536,SERPINI1,protein_coding,3,167735243,167825569,ENSG00000261206,LINC00561,lncRNA,13,75932395,75935132,M3,1502,589,0.006797923,0.584223287,7.94947291035611e-06,0.00133971,0.351872028,0.211429628,0.119019566,No Mediation,No Mediation,No Mediation,M3,M3,41,15,15,0
590,chr1_36323945_A_G_b38,ENSG00000116883,RP11-268J15.5,protein_coding,1,36789335,36794822,ENSG00000172890,NADSYN1,protein_coding,11,71453109,71524107,M3,1504,590,0.003536196,0.850871744,-0.01577863,5.580909296,0.330581527,0.200056742,0.069823601,No Mediation,No Mediation,No Mediation,M3,M3,53,28,28,1
591,chr2_218322644_T_C_b38,ENSG00000127838,PNKD,protein_coding,2,218270392,218346793,ENSG00000272977,,lncRNA,22,25476218,25479971,M3,1506,591,0.01047223,6.039154056,-0.002013343,0.344971934,0.234182765,0.239232888,0.103111653,No Mediation,No Mediation,No Mediation,M3,M4,55,36,36,1
592,chrX_74290662_T_TA_b38,ENSG00000230590,FTX,lncRNA,X,73940435,74293574,ENSG00000130433,CACNG6,protein_coding,19,53991637,54012666,M3,1508,592,0.004787266,0.673801196,-0.00037107,0.907419011,-0.229186452,0.191124794,0.001044645,No Mediation,No Mediation,No Mediation,M3,M3,58,36,36,3
593,chr11_95784412_C_T_b38,ENSG00000077458,FAM76B,protein_coding,11,95768953,95790409,ENSG00000111906,HDDC2,protein_coding,6,125219962,125302078,M4,1509,593,-0.002643581,0.948857218,0.011777567,1.515956274,-0.283376623,0.187395763,-0.137313157,No Mediation,No Mediation,No Mediation,M3,M3,54,35,35,1
594,chr6_46100401_C_G_b38,ENSG00000001561,ENPP4,protein_coding,6,46129989,46146688,ENSG00000188687,SLC4A5,protein_coding,2,74216242,74343414,M3,1512,594,0.003003526,1.352993362,0.002082687,0.226848533,0.261123677,0.188386583,0.083372554,No Mediation,No Mediation,No Mediation,M3,M3,53,32,32,3
595,chr20_24948462_C_T_b38,ENSG00000101474,APMAP,protein_coding,20,24962925,24992751,ENSG00000225087,,lncRNA,1,72636547,72899240,M3,1514,595,4.534984082,93.57932334,-1.66E-06,0.013079666,-0.268731395,0.216865452,-0.023964241,No Mediation,No Mediation,No Mediation,M3,M3,43,20,20,2
596,chr7_74816826_A_G_b38,ENSG00000196275,GTF2IRD2,protein_coding,7,74796151,74851605,ENSG00000259448,LINC02352,lncRNA,15,31215622,31224445,M3,1515,596,0.000542192,0.216094819,0.056310131,1.34624332,-0.300522815,-0.24222981,0.01143593,No Mediation,No Mediation,No Mediation,M3,M3,47,22,22,1
597,chr10_48725929_T_C_b38,ENSG00000128815,WDFY4,protein_coding,10,48684876,48982956,ENSG00000248767,FOXL3,protein_coding,7,290170,294422,M3,1517,597,-0.0152695,2.647236874,-0.000102461,0.009130116,0.273503984,0.189230355,0.021861781,No Mediation,No Mediation,No Mediation,M3,M3,49,29,29,1
598,chr12_109154678_T_C_b38,ENSG00000076555,ACACB,protein_coding,12,109116595,109268226,ENSG00000253852,,lncRNA,5,150608428,150615354,M0,1520,598,0.005421022,1.025834761,-0.000291203,0.027402833,-0.113004836,0.178203824,-0.031820769,No Mediation,No Mediation,No Mediation,M3,M3,45,28,28,5
599,chr14_49584929_T_TCA_b38,ENSG00000165501,LRR1,protein_coding,14,49598761,49614672,ENSG00000275902,,lncRNA,17,81697025,81697714,M3,1522,599,-0.011191925,0.815148335,-0.001361341,0.364456442,0.283720669,0.178900155,0.148771837,No Mediation,No Mediation,No Mediation,M0.1,M0.1,45,26,26,2
600,chr11_243185_A_G_b38,ENSG00000177963,RIC8A,protein_coding,11,207708,215113,ENSG00000144057,ST6GAL2,protein_coding,2,106801600,106887108,M3,1525,600,-0.027870832,4.97979933,0.000172218,0.018958358,-0.256956375,-0.181183639,0.000551121,No Mediation,No Mediation,No Mediation,M3,M3,41,21,21,1
601,chr1_224465895_T_G_b38,ENSG00000143771,CNIH4,protein_coding,1,224356858,224379459,ENSG00000111843,TMEM14C,protein_coding,6,10722915,10731129,M3,1526,601,0.006223332,3.743855892,0.098162926,5.99733771,-0.350508161,0.19180481,-0.074825024,No Mediation,No Mediation,No Mediation,M3,M3,46,32,32,2
602,chr11_64308772_C_T_b38,ENSG00000126432,PRDX5,protein_coding,11,64318121,64321811,ENSG00000104805,NUCB1,protein_coding,19,48900312,48923372,M3,1527,602,11.1031527,95.86139233,2.043366167,58.1709148,0.162785629,0.176868316,0.082088129,Undirected,Undirected,Undirected,M4,M4,51,29,29,1
603,chr16_30281179_A_T_b38,ENSG00000183336,BOLA2,protein_coding,16,29443056,29454964,ENSG00000243716,NPIPB5,protein_coding,16,22479121,22536521,M3,1532,603,-0.007962451,0.947915251,0.024321904,1.337781124,-0.366463958,0.238902034,-0.143271881,No Mediation,No Mediation,No Mediation,M3,M3,47,31,31,0
604,chr7_149777533_G_A_b38,ENSG00000181444,ZNF467,protein_coding,7,149764182,149773588,ENSG00000256971,LINC00508,lncRNA,12,127933689,127983854,M0,1536,604,0.121211142,42.95155865,-4.60E-05,0.018055751,-0.110381462,0.224608997,-0.003255858,No Mediation,No Mediation,Trans Mediated,M3,M3,42,23,23,6
605,chr3_100741122_T_G_b38,ENSG00000114354,TFG,protein_coding,3,100709295,100748964,ENSG00000170632,ARMC10,protein_coding,7,103074881,103099759,M3,1538,605,-0.01750449,1.789522513,-0.0016035,1.26149962,0.185218114,-0.193650247,-0.02792508,No Mediation,No Mediation,No Mediation,M3,M3,50,37,37,3
606,chr19_55714300_C_G_b38,ENSG00000063245,EPN1,protein_coding,19,55675226,55709858,ENSG00000184985,SORCS2,protein_coding,4,7192538,7742836,M3,1540,606,0.057809649,2.309024489,-0.003131807,0.682814483,0.357274638,0.286388729,0.073134854,No Mediation,No Mediation,No Mediation,M3,M3,56,26,26,1
607,chr13_113182205_C_T_b38,ENSG00000126231,PROZ,protein_coding,13,113158648,113172386,ENSG00000153208,MERTK,protein_coding,2,111898607,112029561,M3,1541,607,-0.000876648,0.158734839,-0.070137473,3.346607091,0.322834906,-0.174926804,0.004811163,No Mediation,No Mediation,No Mediation,M0.1,M0.1,52,37,37,1
608,chr13_45120004_T_C_b38,ENSG00000188342,GTF2F2,protein_coding,13,45120510,45284893,ENSG00000254686,,lncRNA,11,35656694,35661339,M3,1542,608,-0.017607789,0.81165226,-2.71E-05,0.006440277,-0.297332062,-0.20729135,0.099916478,No Mediation,No Mediation,No Mediation,M3,M3,49,20,20,1
609,chr1_167622614_A_C_b38,ENSG00000241666,,lncRNA,1,167627385,167630674,ENSG00000241241,KRTAP4-16,protein_coding,17,41101502,41102209,M3,1545,609,0.000414109,0.93446933,0.000113421,0.013447185,0.273603143,-0.192059559,-0.071388162,No Mediation,No Mediation,No Mediation,M3,M3,57,25,25,0
610,chr1_15403471_C_T_b38,ENSG00000228140,,lncRNA,1,15402979,15409433,ENSG00000260088,DDX59-AS1,lncRNA,1,200669507,200694250,M4,1546,610,-0.00443799,0.263216033,0.000574799,0.143418383,-0.271193025,-0.177020759,0.207815416,Undirected,Undirected,Undirected,M1.1,M4,47,26,26,0
611,chrX_68700102_G_A_b38,ENSG00000130052,STARD8,protein_coding,X,68647666,68725842,ENSG00000236408,,lncRNA,7,154838388,154865483,M3,1548,611,-0.016095574,1.003827099,-2.72E-05,0.007228192,-0.180252689,0.228910731,-0.013556102,No Mediation,No Mediation,No Mediation,M3,M3,47,34,34,1
612,chr2_135939801_T_C_b38,ENSG00000231890,DARS1-AS1,lncRNA,2,135985176,136022593,ENSG00000176422,SPRYD4,protein_coding,12,56468578,56479708,M3,1552,612,0.006264009,0.404190674,0.000364144,0.429911558,-0.19230822,0.198754347,-0.056053397,No Mediation,No Mediation,No Mediation,M3,M3,47,26,26,4
613,chrX_135015225_A_G_b38,ENSG00000212747,RTL8B,protein_coding,X,135020513,135022542,ENSG00000185420,SMYD3,protein_coding,1,245749342,246507312,M3,1553,613,-0.002056311,0.320381428,0.002325503,0.307570531,0.2349042,0.174811564,-0.006016172,No Mediation,No Mediation,No Mediation,M3,M3,52,33,33,1
614,chr21_44875071_G_C_b38,ENSG00000183255,PTTG1IP,protein_coding,21,44849585,44873903,ENSG00000260306,,lncRNA,16,21794095,21795759,M3,1555,614,-0.147775785,22.59590921,0.000795388,0.280426483,0.217190503,0.173067586,-0.050161601,No Mediation,No Mediation,No Mediation,M3,M3,52,40,40,4
615,chr8_142757251_G_A_b38,ENSG00000180155,LYNX1,protein_coding,8,142771197,142777810,ENSG00000171115,GIMAP8,protein_coding,7,150450630,150479393,M3,1559,615,0.005388195,0.499024061,-0.005705753,6.241940007,0.247661982,0.17638084,0.007898541,No Mediation,No Mediation,No Mediation,M3,M3,51,35,35,1
616,chr10_49166885_C_T_b38,ENSG00000172538,FAM170B,protein_coding,10,49131154,49134021,ENSG00000250360,,lncRNA,5,50965687,50967008,M3,1561,616,-0.003582906,0.227672439,7.18071547127503e-05,0.018237107,0.344900528,0.174385034,-0.005525176,No Mediation,No Mediation,No Mediation,M3,M3,53,20,20,1
617,chr7_135664525_A_T_b38,ENSG00000243317,STMP1,protein_coding,7,135662496,135693418,ENSG00000264262,,lncRNA,17,22676695,22692618,M3,1565,617,0.804680811,8.066067598,5.51718686153042e-05,0.013294473,0.198133505,-0.181435129,-0.010854631,No Mediation,No Mediation,No Mediation,M3,M3,43,33,33,4
618,chr7_150346116_G_A_b38,ENSG00000261305,,lncRNA,7,150337483,150343346,ENSG00000260163,,lncRNA,2,127025211,127029686,M3,1566,618,0.000362175,0.170605254,-2.52E-05,0.005816723,0.370287895,0.176699301,-0.019120153,No Mediation,No Mediation,No Mediation,M3,M4,45,28,28,1
619,chr19_21594664_A_T_b38,ENSG00000172687,ZNF738,protein_coding,19,21358930,21388582,ENSG00000268696,ZNF723,protein_coding,19,22832291,22858667,M3,1568,619,-0.00236871,0.550932525,0.000189447,0.027354925,-0.244296716,0.388415712,-0.056953567,No Mediation,No Mediation,No Mediation,M3,M3,55,32,32,4
620,chr15_33155203_A_G_b38,ENSG00000248905,FMN1,protein_coding,15,32765544,33194714,ENSG00000102390,PBDC1,protein_coding,X,76173040,76178314,M3,1571,620,0.00314155,0.564660651,-0.017607647,1.77474697,-0.253201288,-0.173869462,0.058435055,No Mediation,No Mediation,No Mediation,M3,M0.1,51,34,34,2
621,chr19_35666265_G_A_b38,ENSG00000105668,UPK1A,protein_coding,19,35666516,35678483,ENSG00000167850,CD300C,protein_coding,17,74541073,74546115,M3,1574,621,-0.001407863,0.145390664,-0.080401986,11.83487774,0.339107188,-0.200653981,-0.067114234,No Mediation,No Mediation,Undirected,M0.1,M0.1,62,33,33,1
622,chr1_819943_A_C_b38,ENSG00000237491,LINC01409,lncRNA,1,778747,810065,ENSG00000253671,,lncRNA,8,17808361,17822183,M3,1579,622,0.0003406,0.068913788,0.000133608,0.035655753,0.37964873,0.1972668,0.109344847,No Mediation,No Mediation,No Mediation,M3,M3,50,25,25,1
623,chr11_62352023_G_C_b38,ENSG00000162174,ASRGL1,protein_coding,11,62337448,62393412,ENSG00000185303,SFTPA2,protein_coding,10,79555852,79560407,M3,1584,623,-0.003580685,0.558057177,0.085731757,11.79473892,-0.325921127,-0.175161935,0.00013937,No Mediation,No Mediation,No Mediation,M3,M3,54,31,31,1
624,chr20_1017740_T_C_b38,ENSG00000101282,RSPO4,protein_coding,20,958452,1002311,ENSG00000108666,C17orf75,protein_coding,17,32324565,32350023,M3,1585,624,0.000229089,0.102455763,0.001113693,0.266565144,-0.412527508,0.172927707,-0.075925632,No Mediation,No Mediation,No Mediation,M3,M3,48,31,31,1
625,chr16_84662384_C_T_b38,ENSG00000135686,KLHL36,protein_coding,16,84648511,84667686,ENSG00000119411,BSPRY,protein_coding,9,113349541,113371233,M3,1590,625,0.011595669,1.766373794,-0.00217373,0.709858936,-0.23892884,0.171017761,-0.075045287,No Mediation,No Mediation,No Mediation,M3,M3,48,35,35,4
626,chr2_48346756_G_C_b38,ENSG00000170802,FOXN2,protein_coding,2,48314637,48379295,ENSG00000239715,,lncRNA,7,174920,176013,M3,1594,626,0.021567599,3.14875977,4.04693805445385e-05,0.013152432,0.183248825,0.1816479,0.060649777,No Mediation,No Mediation,No Mediation,M3,M3,51,30,30,4
627,chr2_85401860_C_T_b38,ENSG00000042493,CAPG,protein_coding,2,85394753,85418432,ENSG00000272736,,lncRNA,17,10383132,10537862,M3,1595,627,2.686666082,78.54284067,2.11417519291098e-05,0.007406397,-0.139161443,0.212091824,-0.040647569,No Mediation,No Mediation,No Mediation,M3,M3,56,28,28,3
628,chr9_93120619_T_C_b38,ENSG00000131669,NINJ1,protein_coding,9,93121496,93134251,ENSG00000123815,COQ8B,protein_coding,19,40691514,40725784,M2,1596,628,7.0332083,103.0134353,-0.050526769,9.023692049,-0.117366088,-0.171763157,-0.112954984,No Mediation,No Mediation,No Mediation,M3,M3,54,40,40,2
629,chr1_26691718_A_T_b38,ENSG00000060642,PIGV,protein_coding,1,26787054,26800659,ENSG00000263655,,lncRNA,18,73914405,74034161,M3,1598,629,-0.039130979,1.401833789,-6.77E-05,0.019773159,-0.332571066,0.234708103,-0.026130509,No Mediation,No Mediation,No Mediation,M3,M3,43,19,19,1
630,chr1_180954459_G_A_b38,ENSG00000232586,KIAA1614-AS1,lncRNA,1,180949699,180954887,ENSG00000185897,FFAR3,protein_coding,19,35358460,35360489,M3,1601,630,-0.021601639,1.045766076,-0.053286487,3.6508563,0.355422798,0.195030694,0.146694755,No Mediation,No Mediation,No Mediation,M3,M3,42,21,21,2
631,chr19_4717175_G_A_b38,ENSG00000142002,DPP9,protein_coding,19,4675224,4724673,ENSG00000237407,,lncRNA,22,21312920,21314904,M3,1602,631,-0.02942208,2.398739809,-8.04E-05,0.005893481,-0.188824432,-0.187856455,0.007870756,No Mediation,No Mediation,No Mediation,M3,M3,52,24,24,4
632,chr14_101121813_C_G_b38,ENSG00000259004,LINC02285,lncRNA,14,101120840,101123545,ENSG00000227303,,lncRNA,X,143284977,143516803,M3,1608,632,0.001772102,0.759268909,-3.82E-05,0.006034025,0.312760354,-0.174389717,-0.029200396,No Mediation,No Mediation,No Mediation,M3,M3,50,24,24,1
633,chr1_229342020_A_G_b38,ENSG00000154429,CCSAP,protein_coding,1,229321011,229343294,ENSG00000269950,,lncRNA,21,16574718,16582637,M4,1609,633,0.001759336,0.927730165,-1.98E-05,0.00649748,0.334777533,0.197007851,0.242822903,No Mediation,No Mediation,Trans Mediated,M3,M3,43,31,31,4
634,chr1_22487407_C_T_b38,ENSG00000184677,ZBTB40,protein_coding,1,22428838,22531157,ENSG00000213614,HEXA,protein_coding,15,72340924,72376420,M3,1613,634,0.013229189,1.169874085,-0.011070751,2.336882292,-0.21295165,-0.195437298,0.014051844,No Mediation,Trans Mediated,Undirected,M3,M3,60,49,49,2
635,chr15_40410915_A_G_b38,ENSG00000128928,IVD,protein_coding,15,40405485,40435947,ENSG00000258100,LINC02823,lncRNA,12,91327045,91368607,M3,1616,635,-0.007040139,1.230274142,6.70025556816532e-05,0.016231603,-0.265824564,0.179108517,-0.086306109,No Mediation,No Mediation,No Mediation,M3,M0.1,52,22,22,1
636,chr22_50539833_G_A_b38,ENSG00000177989,ODF3B,protein_coding,22,50529710,50532506,ENSG00000127129,EDN2,protein_coding,1,41478775,41484683,M0,1617,636,0.069302919,25.00871893,-0.001183146,0.103256884,-0.106061623,0.188824392,-0.034496656,No Mediation,No Mediation,No Mediation,M3,M3,62,33,33,1
637,chr6_5260461_C_T_b38,ENSG00000214113,LYRM4,protein_coding,6,5103629,5260950,ENSG00000258994,LINC02309,lncRNA,14,86332376,86401285,M3,1622,637,-0.001620494,0.228685128,-4.46E-05,0.009006366,0.361270684,0.193064263,0.109222678,No Mediation,No Mediation,Undirected,M3,M0.1,53,20,20,1
638,chr11_842099_G_GAA_b38,ENSG00000177700,POLR2L,protein_coding,11,837356,842529,ENSG00000100387,RBX1,protein_coding,22,40951347,40973309,M3,1624,638,0.3557478,13.68325621,0.603494959,9.132517209,0.232352902,0.194344936,0.127432979,No Mediation,No Mediation,No Mediation,M3,M3,44,35,35,4
639,chr16_75381198_C_A_b38,ENSG00000261783,,lncRNA,16,75379818,75381260,ENSG00000117425,PTCH2,protein_coding,1,44819844,44843253,M4,1625,639,0.008282567,0.330779698,0.000352787,0.099289412,0.439326256,0.175057207,0.167501733,Cis Mediated,Undirected,Undirected,M1.1,M1.1,47,25,25,1
640,chr5_141679591_C_G_b38,ENSG00000120318,ARAP3,protein_coding,5,141653401,141682230,ENSG00000264232,LINC01916,lncRNA,18,65423958,65448167,M3,1626,640,0.040391047,8.739680693,-8.18E-06,0.004957661,-0.205751598,0.197953623,-0.112818597,No Mediation,No Mediation,Undirected,M4,M4,45,19,19,2
641,chr2_172591951_T_G_b38,ENSG00000152256,PDK1,protein_coding,2,172555373,172608669,ENSG00000185290,NUPR2,protein_coding,7,56114681,56116417,M0,1627,641,0.009188151,1.627776753,0.001464308,0.422724621,-0.000193831,0.204513721,0.018608024,No Mediation,No Mediation,No Mediation,M3,M3,50,35,35,2
642,chr2_30486222_G_T_b38,ENSG00000172954,LCLAT1,protein_coding,2,30447226,30644225,ENSG00000204257,HLA-DMA,protein_coding,6,32948613,32969094,M3,1628,642,-0.001538419,0.277572745,0.303019452,29.14933656,0.36018431,-0.170977634,0.004799576,No Mediation,No Mediation,No Mediation,M3,M3,52,37,37,1
643,chr14_77445894_C_T_b38,ENSG00000151445,VIPAS39,protein_coding,14,77426675,77457952,ENSG00000170632,ARMC10,protein_coding,7,103074881,103099759,M3,1629,643,-0.000724205,1.958773054,-0.0016035,1.26149962,-0.249456524,-0.179810483,0.105825605,No Mediation,No Mediation,No Mediation,M0.1,M0.1,52,38,38,3
644,chr8_9006847_A_G_b38,ENSG00000104626,ERI1,protein_coding,8,9002147,9116746,ENSG00000158710,TAGLN2,protein_coding,1,159918107,159925507,M4,1633,644,-0.015184005,2.039025665,546.3261693,646.1421893,0.275795397,-0.17993291,-0.17160879,No Mediation,No Mediation,No Mediation,M3,M3,49,29,29,1
645,chr2_10046292_A_G_b38,ENSG00000260077,,lncRNA,2,10039092,10040663,ENSG00000112139,MDGA1,protein_coding,6,37630679,37699306,M3,1634,645,0.002651902,1.467782911,-0.002024815,0.861417007,0.36024858,0.189288304,0.08340162,No Mediation,No Mediation,No Mediation,M3,M3,58,29,29,2
646,chr2_134677469_A_AT_b38,ENSG00000152128,TMEM163,protein_coding,2,134455759,134719000,ENSG00000259972,,lncRNA,16,74305127,74335346,M3,1635,646,0.002047387,0.389690603,0.004518927,0.519501813,0.328852561,-0.180664726,-0.076839805,No Mediation,No Mediation,No Mediation,M0.1,M0.1,52,38,38,2
647,chr6_42959801_A_AGAGT_b38,ENSG00000124713,GNMT,protein_coding,6,42960754,42963880,ENSG00000134061,CD180,protein_coding,5,67179613,67196799,M3,1638,647,-0.012998071,5.938884307,-0.025215566,1.991774448,-0.16984961,0.194495147,-0.053140572,No Mediation,No Mediation,No Mediation,M3,M4,59,36,36,3
648,chr12_93856011_C_T_b38,ENSG00000258303,,lncRNA,12,93836167,93838038,ENSG00000283010,,lncRNA,6,98829967,98832508,M3,1639,648,-0.000810828,0.200516513,-3.41E-05,0.012893218,-0.356381716,0.1797741,-0.02691971,No Mediation,No Mediation,No Mediation,M3,M3,39,12,12,0
649,chr1_58587411_C_G_b38,ENSG00000162600,OMA1,protein_coding,1,58415384,58546802,ENSG00000230968,,lncRNA,2,77672215,77673792,M4,1650,649,0.006172313,0.919921893,4.62865816406344e-06,0.004511688,0.364184541,0.18804571,0.216195915,No Mediation,No Mediation,Undirected,M1.1,M1.1,53,17,17,0
650,chr6_31221764_G_A_b38,ENSG00000137310,TCF19,protein_coding,6,31158547,31167159,ENSG00000204632,HLA-G,protein_coding,6,29826967,29831125,M4,1651,650,-0.013889586,1.277122766,0.175903993,11.68566131,0.247756264,0.241169683,0.174943991,Undirected,Undirected,Undirected,M4,M3,54,28,28,1
651,chr2_96325754_A_G_b38,ENSG00000198885,ITPRIPL1,protein_coding,2,96325317,96330517,ENSG00000228838,,lncRNA,1,53288024,53289706,M3,1652,651,-0.003311667,0.900211677,-0.000358702,0.047658645,0.296462563,-0.183952441,-0.0977359,No Mediation,No Mediation,No Mediation,M3,M3,52,36,36,3
652,chr22_35410245_G_T_b38,ENSG00000100297,MCM5,protein_coding,22,35400134,35425431,ENSG00000124596,OARD1,protein_coding,6,41033627,41097787,M0,1655,652,-0.0187144,3.554631442,-0.001599475,0.507618961,-0.111649399,-0.212192302,-0.089023992,No Mediation,No Mediation,No Mediation,M3,M3,53,31,31,4
653,chr1_16467620_G_C_b38,ENSG00000226029,LINC01772,lncRNA,1,16460948,16468481,ENSG00000225208,,lncRNA,10,101311018,101311505,M3,1659,653,-0.001699731,0.343196788,5.56294091303013e-05,0.018625228,0.330022318,0.170098992,0.012104568,No Mediation,No Mediation,No Mediation,M3,M3,51,32,32,1
654,chr7_28684757_G_T_b38,ENSG00000146592,CREB5,protein_coding,7,28299321,28825894,ENSG00000165832,TRUB1,protein_coding,10,114938195,114977676,M3,1661,654,0.019670036,11.57591585,0.004780651,0.315168779,-0.321800967,0.175839916,-0.138588496,No Mediation,No Mediation,No Mediation,M3,M3,48,36,36,6
655,chr1_109115282_A_C_b38,ENSG00000179902,C1orf194,protein_coding,1,109105951,109113857,ENSG00000068615,REEP1,protein_coding,2,86213993,86338083,M4,1662,655,-0.000881671,0.332539994,0.000520134,0.09225828,0.30897543,0.196752393,0.148730626,No Mediation,No Mediation,No Mediation,M4,M3,49,28,28,2
656,chr8_20251981_G_T_b38,ENSG00000061337,LZTS1,protein_coding,8,20246165,20303963,ENSG00000186925,KRTAP19-6,protein_coding,21,30541535,30541864,M3,1664,656,-5.91E-05,0.170872404,5.68593773754292e-05,0.014566661,-0.41336267,-0.170012455,0.137739771,No Mediation,No Mediation,No Mediation,M3,M0.1,54,18,18,0
657,chr9_128448637_T_A_b38,ENSG00000119392,GLE1,protein_coding,9,128504655,128543874,ENSG00000229335,DANT1,lncRNA,X,115840964,115843050,M4,1665,657,-0.06470481,2.057050839,-1.54E-05,0.002880004,-0.272198965,0.234058568,-0.13596008,No Mediation,No Mediation,No Mediation,M3,M3,47,21,21,3
658,chr13_49527390_C_T_b38,ENSG00000136147,PHF11,protein_coding,13,49495610,49528981,ENSG00000205981,DNAJC19,protein_coding,3,180983709,180989774,M3,1667,658,-0.061628208,4.866130401,0.006646829,0.63400226,0.149679874,-0.18730585,-0.060446291,No Mediation,No Mediation,No Mediation,M3,M3,40,36,36,5
659,chr19_57783750_T_G_b38,ENSG00000269343,ZNF587B,protein_coding,19,57819721,57846238,ENSG00000198920,KIAA0753,protein_coding,17,6578147,6640711,M4,1668,659,-0.010879479,0.657649532,-0.005384906,0.417924991,-0.372045821,0.187648724,-0.201092067,No Mediation,Cis Mediated,Undirected,M3,M0.1,52,33,33,0
660,chr18_12774861_G_C_b38,ENSG00000260302,LINC01882,lncRNA,18,12739490,12776140,ENSG00000142794,NBPF3,protein_coding,1,21440128,21485005,M4,1669,660,-0.004642274,0.55246471,0.002114919,0.359737875,-0.366716253,-0.183739473,0.19392824,No Mediation,No Mediation,No Mediation,M3,M3,45,26,26,2
661,chr4_2422373_C_T_b38,ENSG00000159733,ZFYVE28,protein_coding,4,2269582,2418651,ENSG00000280511,,lncRNA,6,76561328,76562590,M3,1674,661,-0.006614449,0.607536316,-3.19E-05,0.006533205,0.202859257,0.177963374,0.047213121,No Mediation,No Mediation,No Mediation,M3,M3,45,27,27,5
662,chr12_10428992_A_G_b38,ENSG00000134545,KLRC1,protein_coding,12,10442264,10454685,ENSG00000230852,LINC02857,lncRNA,6,84019204,84026100,M3,1677,662,0.008633553,1.944945808,-0.000147891,0.034874016,-0.263883579,-0.1868062,0.081397711,No Mediation,No Mediation,No Mediation,M3,M3,52,31,31,1
663,chr22_29531715_T_C_b38,ENSG00000100296,THOC5,protein_coding,22,29505879,29555216,ENSG00000267391,MIR122HG,lncRNA,18,58445788,58453766,M3,1679,663,-0.0256314,4.323274057,6.40821655988068e-05,0.016452997,-0.183992108,0.187881079,-0.03999195,No Mediation,No Mediation,No Mediation,M3,M3,47,36,36,2
664,chr6_166258927_T_C_b38,ENSG00000060762,MPC1,protein_coding,6,166364919,166383013,ENSG00000204889,KRT40,protein_coding,17,40977715,40987135,M3,1680,664,-0.021546176,4.652137395,0.000390731,0.048939207,0.163546133,0.189094245,0.090455935,No Mediation,No Mediation,No Mediation,M3,M3,59,34,34,0
665,chr6_16754135_G_A_b38,ENSG00000124788,ATXN1,protein_coding,6,16299112,16761491,ENSG00000254734,,lncRNA,11,29713909,29881714,M3,1684,665,-0.005072461,1.461550778,4.98832791578676e-05,0.009850064,-0.234851623,0.179084038,-0.089657216,No Mediation,No Mediation,No Mediation,M3,M3,52,29,29,2
666,chr11_113409200_G_A_b38,ENSG00000170209,ANKK1,protein_coding,11,113387779,113400416,ENSG00000268618,,lncRNA,19,8549506,8550139,M3,1685,666,0.000815451,0.229314597,-0.025275247,3.119257219,0.31114745,-0.204425379,-0.128547116,No Mediation,No Mediation,No Mediation,M3,M3,55,27,27,0
667,chr1_2576904_G_C_b38,ENSG00000157870,PRXL2B,protein_coding,1,2586491,2591469,ENSG00000105499,PLA2G4C,protein_coding,19,48047843,48110817,M3,1690,667,-0.008743112,2.253617145,0.002423096,0.456674738,0.224445183,-0.201103341,-0.093586058,No Mediation,No Mediation,No Mediation,M3,M3,52,34,34,2
668,chr17_47811738_C_A_b38,ENSG00000141294,LRRC46,protein_coding,17,47831634,47837719,ENSG00000265218,,lncRNA,17,64892729,64910180,M3,1691,668,-0.001902,0.317438234,0.002887627,0.696615063,-0.285910213,0.207900086,-0.115942226,No Mediation,No Mediation,No Mediation,M3,M3,46,26,26,1
669,chr4_82801981_T_TAGC_b38,ENSG00000145284,SCD5,protein_coding,4,82629539,82798796,ENSG00000170632,ARMC10,protein_coding,7,103074881,103099759,M3,1693,669,-0.003868722,0.360412111,-0.0016035,1.26149962,-0.369624836,-0.24771236,0.14513188,No Mediation,No Mediation,No Mediation,M3,M0.1,55,35,35,3
670,chr7_151084984_C_T_b38,ENSG00000133612,AGAP3,protein_coding,7,151085831,151144436,ENSG00000272396,,lncRNA,19,43360685,43368970,M3,1695,670,0.006095796,1.481822281,0.009011599,2.098235782,-0.20587218,0.187324752,-0.097702213,No Mediation,No Mediation,No Mediation,M3,M3,51,28,28,1
671,chr5_1818516_C_T_b38,ENSG00000171421,MRPL36,protein_coding,5,1798385,1801366,ENSG00000177854,TMEM187,protein_coding,X,153972754,153983194,M3,1696,671,0.00628493,1.344264258,-0.037835735,1.581404834,-0.3675672,0.207279565,-0.11556814,No Mediation,No Mediation,No Mediation,M3,M3,51,37,37,0
672,chr20_62402267_T_G_b38,ENSG00000275437,,lncRNA,20,62402236,62405935,ENSG00000231711,LINC00899,lncRNA,22,46039907,46044853,M3,1698,672,-0.006725258,0.647693384,-0.001186597,0.513023051,0.170161115,-0.174205084,-0.049568562,No Mediation,No Mediation,No Mediation,M3,M3,58,31,31,1
673,chr7_64314206_G_T_b38,ENSG00000234444,ZNF736,protein_coding,7,64307459,64356634,ENSG00000115457,IGFBP2,protein_coding,2,216632828,216664436,M3,1700,673,0.002645237,0.263172741,-0.005862079,4.084465219,-0.246743287,0.177014255,0.015785684,No Mediation,No Mediation,No Mediation,M3,M3,50,31,31,1
674,chr19_3184305_A_G_b38,ENSG00000125912,NCLN,protein_coding,19,3185563,3209575,ENSG00000265801,,lncRNA,17,27465112,27465541,M3,1701,674,-0.100531772,7.988422816,0.00032767,0.091978633,-0.22960507,0.170833083,-0.066634054,No Mediation,No Mediation,No Mediation,M3,M3,50,32,32,2
675,chr9_91157059_C_T_b38,ENSG00000230537,,lncRNA,9,91104327,91213046,ENSG00000105499,PLA2G4C,protein_coding,19,48047843,48110817,M4,1703,675,-0.02506684,1.790269356,0.002423096,0.456674738,-0.267036098,0.195289014,-0.199693075,No Mediation,No Mediation,No Mediation,M3,M3,56,36,36,0
676,chr10_104265468_TA_T_b38,ENSG00000148834,GSTO1,protein_coding,10,104235356,104267459,ENSG00000170632,ARMC10,protein_coding,7,103074881,103099759,M3,1705,676,0.445517298,26.23834985,-0.0016035,1.26149962,0.197491692,0.337858499,0.085793631,No Mediation,No Mediation,No Mediation,M3,M3,49,34,34,2
677,chr11_19111655_T_C_b38,ENSG00000177054,ZDHHC13,protein_coding,11,19117099,19176422,ENSG00000185527,PDE6G,protein_coding,17,81650459,81663112,M3,1708,677,-0.004773088,0.964586112,0.010597618,1.271669853,0.294565102,-0.180325056,-0.035154347,No Mediation,No Mediation,No Mediation,M3,M3,48,34,34,4
678,chr14_73590290_G_T_b38,ENSG00000119673,ACOT2,protein_coding,14,73567620,73575658,ENSG00000155249,OR4K1,protein_coding,14,19930917,19936757,M3,1709,678,-0.001000329,0.696225182,8.92652528153718e-05,0.012870464,-0.207633479,0.288452002,-0.043012169,No Mediation,No Mediation,No Mediation,M3,M3,50,30,30,1
679,chr22_41599217_CAAG_C_b38,ENSG00000100418,DESI1,protein_coding,22,41598028,41621043,ENSG00000249899,,lncRNA,5,52930606,52990278,M3,1712,679,0.039060045,1.91962252,6.68095801600755e-05,0.035767479,-0.282487085,0.174850215,-0.024053343,No Mediation,No Mediation,No Mediation,M3,M3,49,28,28,4
680,chr13_109266943_C_T_b38,ENSG00000275216,,lncRNA,13,109269634,109278512,ENSG00000107159,CA9,protein_coding,9,35673918,35681159,M3,1722,680,0.001075463,0.117535837,-0.005535035,0.385517949,0.251321431,-0.181289586,0.015738851,No Mediation,No Mediation,No Mediation,M3,M3,40,35,35,5
681,chr1_68271700_C_A_b38,ENSG00000116729,WLS,protein_coding,1,68098473,68233120,ENSG00000253679,LINC02844,lncRNA,8,101261541,101262903,M3,1726,681,-0.085847742,11.8594195,3.63486597704121e-05,0.013295589,0.267002917,0.182992594,0.061580221,No Mediation,No Mediation,No Mediation,M3,M3,49,16,16,0
682,chr19_40750305_G_T_b38,ENSG00000188493,C19orf54,protein_coding,19,40740856,40751553,ENSG00000184428,TOP1MT,protein_coding,8,143304384,143359979,M3,1727,682,-0.000654797,1.334585789,0.006999735,3.075825754,0.377286767,0.374483779,0.110056225,No Mediation,No Mediation,No Mediation,M3,M3,60,29,29,0
683,chr2_165810140_G_C_b38,ENSG00000235192,,lncRNA,2,165794851,165810010,ENSG00000235934,,lncRNA,2,170814686,170818037,M3,1728,683,0.001794412,2.833714876,-7.68E-05,0.029830914,0.220115147,-0.184385151,-0.054798165,No Mediation,No Mediation,No Mediation,M3,M0.1,58,33,33,1
684,chr14_23951433_C_G_b38,ENSG00000215256,DHRS4-AS1,lncRNA,14,23938219,24052555,ENSG00000111843,TMEM14C,protein_coding,6,10722915,10731129,M4,1729,684,0.011984308,0.539050183,0.098162926,5.99733771,-0.415230227,0.379956083,-0.239715464,Undirected,Undirected,Undirected,M4,M4,52,33,33,0
685,chr1_220866829_T_G_b38,ENSG00000272823,,lncRNA,1,220828676,220829211,ENSG00000080839,RBL1,protein_coding,20,36996349,37095997,M3,1733,685,0.001682205,0.396107728,0.001436879,0.260311579,0.28665303,0.208890522,0.070828686,No Mediation,No Mediation,No Mediation,M3,M3,56,27,27,1
686,chr1_220786795_C_G_b38,ENSG00000186205,MTARC1,protein_coding,1,220786913,220819659,ENSG00000134202,GSTM3,protein_coding,1,109733932,109741038,M3,1736,686,-0.041671689,10.21252071,0.01193657,0.827765645,0.29861024,0.205068031,0.128928151,No Mediation,No Mediation,No Mediation,M3,M3,47,31,31,0
687,chr19_35775920_A_G_b38,ENSG00000004777,ARHGAP33,protein_coding,19,35774532,35788822,ENSG00000241945,PWP2,protein_coding,21,44107373,44131181,M4,1738,687,0.011651426,1.524279431,-0.015096965,0.777119168,-0.209847884,0.193367153,-0.17444775,No Mediation,No Mediation,No Mediation,M3,M1.1,43,28,28,2
688,chr2_104999260_C_A_b38,ENSG00000135972,MRPS9,protein_coding,2,105038069,105099960,ENSG00000255679,JRKL-AS1,lncRNA,11,96447132,96506826,M3,1739,688,0.000569696,1.126696681,-2.53E-05,0.012034137,-0.290658669,0.194687256,-0.099220684,No Mediation,No Mediation,Undirected,M3,M3,50,39,39,1
689,chr14_105648321_C_T_b38,ENSG00000253364,COPDA1,lncRNA,14,105647924,105649057,ENSG00000168255,POLR2J3,protein_coding,7,102537918,102572653,M3,1740,689,-0.002148714,1.125661254,-0.004200583,0.918447079,-0.272824396,-0.206116605,0.01746288,No Mediation,No Mediation,No Mediation,M3,M3,49,30,30,1
690,chr2_227805760_C_G_b38,ENSG00000115009,CCL20,protein_coding,2,227805739,227817564,ENSG00000197506,SLC28A3,protein_coding,9,84275457,84340758,M0,1741,690,0.049165679,26.26980071,-0.00316039,0.635016749,-0.054418836,0.171729093,0.007780423,No Mediation,No Mediation,No Mediation,M0.2,M0.2,50,17,17,2
691,chr6_31621899_A_G_b38,ENSG00000204469,PRRC2A,protein_coding,6,31620715,31637771,ENSG00000248429,FAM198B-AS1,lncRNA,4,158170752,158202877,M3,1742,691,-0.128984523,8.978750903,0.002143236,0.416470998,0.169143208,0.183004047,0.101043874,No Mediation,No Mediation,No Mediation,M3,M3,52,35,35,5
692,chr7_944142_T_C_b38,ENSG00000105963,ADAP1,protein_coding,7,897900,955407,ENSG00000238113,LINC01410,lncRNA,9,62801461,62813486,M3,1743,692,-0.079902824,8.562160666,0.038862664,4.364868989,0.19992311,-0.182775717,-0.031403929,No Mediation,No Mediation,No Mediation,M3,M3,54,30,30,0
693,chr19_1095515_G_A_b38,ENSG00000099817,POLR2E,protein_coding,19,1086574,1095380,ENSG00000182165,TP53TG1,lncRNA,7,87322943,87345528,M4,1744,693,0.196353306,8.828462777,0.002960764,0.797769135,-0.298304522,0.172161908,-0.14149662,Undirected,Undirected,Undirected,M4,M4,50,36,36,2
694,chr2_70072022_G_A_b38,ENSG00000244617,ASPRV1,protein_coding,2,69960089,69961631,ENSG00000185290,NUPR2,protein_coding,7,56114681,56116417,M3,1746,694,0.116971079,13.3725423,0.001464308,0.422724621,-0.198350411,0.282134692,-0.085825489,No Mediation,No Mediation,No Mediation,M3,M3,61,26,26,0
695,chr1_161425691_T_TA_b38,ENSG00000283317,,lncRNA,1,161433444,161440996,ENSG00000071889,FAM3A,protein_coding,X,154506159,154516242,M3,1747,695,-0.002235103,0.515662235,0.099203368,3.768332987,-0.382078604,0.183176133,-0.100614761,No Mediation,No Mediation,No Mediation,M3,M3,49,30,30,3
696,chr1_22735058_G_A_b38,ENSG00000133216,EPHB2,protein_coding,1,22710839,22921500,ENSG00000259072,,lncRNA,14,38256202,38371338,M3,1749,696,-8.02E-05,0.179599048,9.64132843921052e-06,0.003469514,-0.258107483,0.25309964,-0.025986362,No Mediation,No Mediation,No Mediation,M3,M3,48,17,17,2
697,chr2_230389345_A_T_b38,ENSG00000185404,SP140L,protein_coding,2,230327184,230403732,ENSG00000224063,,lncRNA,2,187003220,187556288,M3,1750,697,0.01357792,1.754492766,0.000212107,0.026045076,-0.252591373,0.174296287,-0.070363231,No Mediation,No Mediation,No Mediation,M3,M3,45,23,23,2
698,chr11_66595526_A_G_b38,ENSG00000173992,CCS,protein_coding,11,66593153,66606019,ENSG00000129295,LRRC6,protein_coding,8,132570416,132675592,M3,1751,698,0.3629876,6.916443993,0.023491191,3.323870801,0.184821464,0.227744931,0.080588781,No Mediation,No Mediation,No Mediation,M3,M3,47,27,27,3
699,chr7_142927238_G_A_b38,ENSG00000165131,LLCFC1,protein_coding,7,142939343,142940868,ENSG00000230368,FAM41C,lncRNA,1,868071,876903,M3,1752,699,-0.028251769,4.187869094,0.001361736,0.132827269,-0.221078276,0.184215599,-0.05142084,No Mediation,No Mediation,No Mediation,M3,M3,50,20,20,1
700,chr8_64817650_G_A_b38,ENSG00000254006,,lncRNA,8,64801236,64817573,ENSG00000185634,SHC4,protein_coding,15,48823741,48963919,M3,1754,700,0.026077404,1.970643217,4.55701748020391e-06,0.02137626,-0.148309975,-0.183868522,-0.015702112,No Mediation,No Mediation,No Mediation,M3,M3,47,28,28,3
701,chr12_103830506_G_C_b38,ENSG00000257681,,lncRNA,12,103746315,103768858,ENSG00000188324,OR6C6,protein_coding,12,55293988,55296569,M3,1756,701,-0.002539599,0.501152329,-1.39E-05,0.011776267,0.279947688,0.177937489,0.086869631,No Mediation,No Mediation,No Mediation,M3,M3,56,16,16,0
702,chr17_80694435_A_G_b38,ENSG00000141564,RPTOR,protein_coding,17,80544819,80966371,ENSG00000125450,NUP85,protein_coding,17,75205659,75235758,M4,1758,702,-0.000883567,0.588003241,-0.015031628,2.018763201,-0.298257083,0.250947137,-0.17268895,Undirected,Undirected,Undirected,M4,M3,60,37,37,0
703,chr17_40340068_G_A_b38,ENSG00000265666,RARA-AS1,lncRNA,17,40340867,40343136,ENSG00000213145,CRIP1,protein_coding,14,105486317,105488947,M3,1759,703,-0.004420809,5.845584575,0.755361951,34.30793214,-0.290288587,0.191111494,-0.07907759,No Mediation,No Mediation,No Mediation,M3,M3,51,25,25,2
704,chr15_83021162_T_G_b38,ENSG00000169609,C15orf40,protein_coding,15,82988441,83011641,ENSG00000091262,ABCC6,protein_coding,16,16149565,16223522,M3,1762,704,0.000520382,0.184653273,-0.002084414,0.334618267,-0.270749013,0.178613323,0.106040265,No Mediation,No Mediation,No Mediation,M3,M3,52,32,32,2
705,chr10_28607017_G_A_b38,ENSG00000254635,WAC-AS1,lncRNA,10,28522652,28533066,ENSG00000067225,PKM,protein_coding,15,72199029,72231822,M3,1765,705,-0.023633566,2.673130504,28.76029172,195.9049652,-0.255837632,0.182831863,-0.003872151,No Mediation,No Mediation,No Mediation,M3,M3,56,31,31,1
706,chr6_24632414_A_C_b38,ENSG00000137261,KIAA0319,protein_coding,6,24544104,24646191,ENSG00000204131,NHSL2,protein_coding,X,71910818,72161750,M4,1766,706,0.005829228,0.744369655,0.008201666,3.273253771,0.28596217,0.178633719,0.309695146,Undirected,Undirected,Undirected,M1.1,M1.1,53,31,31,2
707,chr1_119126017_T_C_b38,ENSG00000231365,WARS2-AS1,lncRNA,1,119140391,119275973,ENSG00000168255,POLR2J3,protein_coding,7,102537918,102572653,M4,1767,707,0.00055423,0.105378115,-0.004200583,0.918447079,-0.370201296,0.181186562,-0.166866311,No Mediation,No Mediation,No Mediation,M3,M3,60,34,34,0
708,chr16_375298_G_T_b38,ENSG00000129925,PGAP6,protein_coding,16,370788,387113,ENSG00000156194,PPEF2,protein_coding,4,75859864,75902571,M3,1770,708,0.055286966,20.12632095,-0.000264126,0.045625922,-0.210245758,0.20520026,-0.038989745,No Mediation,No Mediation,No Mediation,M3,M3,49,28,28,2
709,chr1_53235909_A_G_b38,ENSG00000162384,CZIB,protein_coding,1,53214099,53220634,ENSG00000178828,RNF186,protein_coding,1,19814029,19815283,M3,1772,709,-0.012453305,2.793252339,7.93912201258006e-05,0.021481343,-0.272906921,0.196171698,-0.078375608,No Mediation,No Mediation,No Mediation,M3,M3,58,27,27,0
710,chr22_39090588_T_C_b38,ENSG00000239713,APOBEC3G,protein_coding,22,39077067,39087743,ENSG00000180332,KCTD4,protein_coding,13,45192853,45201045,M3,1776,710,-0.104230247,11.42513957,7.743888513755e-05,0.042203284,-0.223262209,0.18902166,-0.030590946,No Mediation,No Mediation,No Mediation,M3,M3,47,31,31,4
711,chr20_35286023_CT_C_b38,ENSG00000126005,MMP24OS,protein_coding,20,35201745,35278131,ENSG00000070915,SLC12A3,protein_coding,16,56865207,56915850,M3,1777,711,0.140706672,2.493115638,-0.000253485,0.053478886,-0.25989669,0.182845132,-0.078582671,No Mediation,No Mediation,No Mediation,M0.1,M0.1,54,39,39,2
712,chr1_236536054_G_A_b38,ENSG00000116977,LGALS8,protein_coding,1,236518000,236552981,ENSG00000256714,,lncRNA,12,22395088,22398075,M3,1778,712,-0.097644929,9.531110186,0.00017821,0.063385073,-0.149288488,0.244224524,-0.000722561,No Mediation,No Mediation,No Mediation,M3,M3,66,42,42,0
713,chr14_20470092_A_C_b38,ENSG00000198805,PNP,protein_coding,14,20468954,20477089,ENSG00000005981,ASB4,protein_coding,7,95478444,95540233,M3,1779,713,1.840309882,28.52047958,0.000167277,0.039278247,-0.135428377,0.173046704,-0.041385964,No Mediation,No Mediation,No Mediation,M3,M3,54,34,34,6
714,chr5_77432260_C_T_b38,ENSG00000113231,PDE8B,protein_coding,5,77210449,77428256,ENSG00000223784,LINP1,lncRNA,10,6709530,6740532,M3,1781,714,-0.000486342,0.107441132,-0.001823131,0.16481801,-0.300344272,-0.170908892,0.00805504,No Mediation,No Mediation,No Mediation,M0.1,M3,45,34,34,3
715,chr17_81294933_T_C_b38,ENSG00000157637,SLC38A10,protein_coding,17,81244811,81295547,ENSG00000248813,,lncRNA,5,31741833,31742327,M3,1784,715,-0.208807421,7.899166235,7.40150974706921e-05,0.015213931,0.171789064,0.189379035,0.014195402,No Mediation,No Mediation,No Mediation,M0.1,M0.1,59,48,48,1
716,chr6_166681242_G_A_b38,ENSG00000071242,RPS6KA2,protein_coding,6,166409364,166906451,ENSG00000188086,PRSS45P,protein_coding,3,46742092,46750891,M3,1786,716,0.0025116,0.790840421,-0.000320571,0.123956232,-0.163989542,0.225773841,0.081930212,No Mediation,No Mediation,Undirected,M3,M4,58,40,40,3
717,chr14_88002846_A_G_b38,ENSG00000140030,GPR65,protein_coding,14,88005135,88014811,ENSG00000228153,,lncRNA,1,204663872,204664613,M3,1788,717,-0.011146377,2.923962857,-0.000187491,0.0316898,0.268053942,0.194718804,0.067815313,No Mediation,No Mediation,No Mediation,M3,M3,48,32,32,1
718,chr12_96048099_C_T_b38,ENSG00000111144,LTA4H,protein_coding,12,96000753,96043520,ENSG00000182534,MXRA7,protein_coding,17,76672551,76711004,M4,1789,718,2.198587909,84.22530139,0.027284194,4.160468528,-0.216335685,0.253627801,-0.225841575,Undirected,Undirected,Undirected,M4,M4,56,23,23,0
719,chr2_119267289_A_G_b38,ENSG00000115107,STEAP3,protein_coding,2,119223831,119265652,ENSG00000259448,LINC02352,lncRNA,15,31215622,31224445,M3,1791,719,0.022061171,2.260465781,0.056310131,1.34624332,-0.25141994,-0.212271865,0.063176846,No Mediation,No Mediation,No Mediation,M3,M3,43,20,20,2
720,chr19_1207239_G_T_b38,ENSG00000118046,STK11,protein_coding,19,1177558,1228431,ENSG00000226629,LINC00974,lncRNA,17,41549606,41554495,M3,1792,720,0.425385226,8.571217265,0.000462983,0.062398733,-0.190806435,0.181231126,-0.06062316,No Mediation,No Mediation,No Mediation,M3,M3,34,19,19,3
721,chr1_111691462_G_T_b38,ENSG00000231346,LINC01160,lncRNA,1,111599655,111608723,ENSG00000140534,TICRR,protein_coding,15,89575469,89631056,M4,1793,721,-0.007398869,0.543758666,-0.000775104,0.131727055,-0.275581055,0.185622439,-0.131625591,No Mediation,No Mediation,No Mediation,M3,M3,49,36,36,2
722,chr6_24493694_G_A_b38,ENSG00000112294,ALDH5A1,protein_coding,6,24494867,24537207,ENSG00000261206,LINC00561,lncRNA,13,75932395,75935132,M3,1798,722,0.078375748,0.991630108,7.94947291035611e-06,0.00133971,-0.174297541,0.178466913,-0.004046807,No Mediation,No Mediation,Trans Mediated,M3,M3,42,18,18,2
723,chrX_149876263_T_C_b38,ENSG00000235703,LINC00894,lncRNA,X,149938613,150224580,ENSG00000166917,MIR202HG,lncRNA,10,133246478,133247891,M3,1801,723,0.000696147,0.17679034,0.0017447,0.283745504,0.352555458,0.311880199,0.164784623,No Mediation,No Mediation,No Mediation,M3,M0.1,46,26,26,3
724,chr1_99768863_C_G_b38,ENSG00000156869,FRRS1,protein_coding,1,99703970,99766635,ENSG00000119048,UBE2B,protein_coding,5,134371469,134392108,M3,1803,724,0.003355592,0.265196791,0.413491868,18.74479401,0.311349543,0.215941987,0.010317198,No Mediation,No Mediation,No Mediation,M3,M3,54,34,34,1
725,chr2_37279023_T_C_b38,ENSG00000115825,PRKD3,protein_coding,2,37250502,37324833,ENSG00000142224,IL19,protein_coding,1,206770764,206842979,M3,1805,725,-0.010634514,0.873052988,-3.84E-05,0.06752851,-0.251149894,-0.18251716,0.099032025,No Mediation,No Mediation,No Mediation,M0.1,M3,43,31,31,2
726,chr6_82364851_A_G_b38,ENSG00000146242,TPBG,protein_coding,6,82363206,82367420,ENSG00000226604,PAPPA-AS2,lncRNA,9,116285829,116288769,M3,1810,726,-0.00070434,0.110630041,8.77831173138062e-08,0.014392836,0.479108691,0.27687803,0.154389915,No Mediation,No Mediation,No Mediation,M3,M3,62,32,32,3
727,chr17_1714314_T_C_b38,ENSG00000186594,MIR22HG,lncRNA,17,1711493,1717174,ENSG00000102226,USP11,protein_coding,X,47232866,47248328,M0,1811,727,-0.023797037,6.566142169,0.02337355,3.361151323,-0.080499602,-0.175967037,0.022881086,No Mediation,No Mediation,No Mediation,M0.2,M0.2,56,37,37,2
728,chr9_132011450_A_G_b38,ENSG00000160563,MED27,protein_coding,9,131852928,132079867,ENSG00000099290,WASHC2A,protein_coding,10,50067888,50133509,M3,1813,728,-0.01317459,1.337576554,-0.025240805,2.256240709,-0.295231029,-0.172802256,0.034621869,No Mediation,No Mediation,No Mediation,M3,M3,42,30,30,4
729,chr4_78612751_T_G_b38,ENSG00000251442,LINC01094,lncRNA,4,78638780,78683185,ENSG00000005483,KMT2E,protein_coding,7,105014190,105115019,M3,1816,729,0.003541298,1.898953633,4.44639974565657e-05,2.851887934,-0.244369218,0.210781135,-0.116331496,No Mediation,No Mediation,Undirected,M0.1,M0.1,55,44,44,2
730,chr20_33446572_A_T_b38,ENSG00000101400,SNTA1,protein_coding,20,33407957,33443763,ENSG00000269433,OPN1MW3,protein_coding,X,154257538,154271805,M4,1819,730,-0.00478865,3.492196999,3.64793520797755e-06,0.00080111,0.24690897,0.341735366,0.210683922,No Mediation,No Mediation,No Mediation,M4,M4,59,17,17,2
731,chr11_62656384_C_G_b38,ENSG00000162194,LBHD1,protein_coding,11,62662817,62672255,ENSG00000166073,GPR176,protein_coding,15,39799008,39920266,M3,1820,731,-0.003423107,0.79499469,-0.000778867,0.104961697,-0.3396026,-0.187183734,0.066730134,No Mediation,No Mediation,No Mediation,M3,M3,55,44,44,3
732,chr4_73990969_C_CT_b38,ENSG00000163735,CXCL5,protein_coding,4,73995642,73998677,ENSG00000272977,,lncRNA,22,25476218,25479971,M3,1824,732,0.001656138,2.385117589,-0.002013343,0.344971934,-0.155945595,0.216086445,-0.080199401,Undirected,Undirected,Undirected,M4,M3,68,42,42,0
733,chr3_14944928_T_C_b38,ENSG00000225733,FGD5-AS1,lncRNA,3,14920347,14948424,ENSG00000111843,TMEM14C,protein_coding,6,10722915,10731129,M3,1825,733,0.052171083,2.532599679,0.098162926,5.99733771,0.216971548,0.218910248,0.091821541,No Mediation,No Mediation,No Mediation,M3,M3,46,33,33,3
734,chr1_222772968_A_G_b38,ENSG00000197520,FAM177B,protein_coding,1,222737207,222750805,ENSG00000261722,,lncRNA,16,79212711,79229453,M3,1827,734,-0.000278578,0.442603319,-6.03E-05,0.053899783,0.268474912,-0.1820661,-0.040929613,No Mediation,No Mediation,No Mediation,M3,M3,37,24,24,2
735,chr22_45157140_T_C_b38,ENSG00000093000,NUP50,protein_coding,22,45163925,45188017,ENSG00000142185,TRPM2,protein_coding,21,44350163,44443081,M4,1834,735,-0.015068557,3.27316178,-0.155287748,7.82337293,-0.176655909,0.300416015,-0.144077162,No Mediation,No Mediation,Undirected,M3,M4,51,34,34,0
736,chr19_1103376_CT_C_b38,ENSG00000167468,GPX4,protein_coding,19,1103926,1106791,ENSG00000096060,FKBP5,protein_coding,6,35573585,35728583,M4,1836,736,2.699037845,34.22613513,-0.025486525,52.0686947,0.172020132,-0.17110773,-0.117136916,Undirected,Undirected,Undirected,M1.1,M1.1,58,35,35,1
737,chr19_14031893_C_T_b38,ENSG00000104998,IL27RA,protein_coding,19,14031762,14053218,ENSG00000248346,,lncRNA,4,146957438,146975457,M3,1840,737,-0.040940068,5.645768189,8.87460447190157e-07,0.003057995,-0.237875721,0.205946266,-0.000389694,No Mediation,No Mediation,No Mediation,M3,M3,60,19,19,2
738,chr16_58720190_G_A_b38,ENSG00000125166,GOT2,protein_coding,16,58707131,58734342,ENSG00000214401,KANSL1-AS1,lncRNA,17,46193576,46196723,M3,1841,738,-0.012439827,3.886244811,0.088457932,4.79191633,-0.204631368,0.17760281,-0.068012026,No Mediation,No Mediation,No Mediation,M3,M3,50,28,28,1
739,chr10_80078900_A_C_b38,ENSG00000230091,TMEM254-AS1,lncRNA,10,80046860,80078912,ENSG00000257797,,lncRNA,15,42006132,42010117,M4,1843,739,0.003885617,0.119712127,1.86412750337301e-05,0.004510919,0.40309646,0.200903724,0.188738108,No Mediation,No Mediation,No Mediation,M3,M3,63,36,36,0
740,chr14_24289435_G_A_b38,ENSG00000157379,DHRS1,protein_coding,14,24290598,24299780,ENSG00000254260,,lncRNA,8,20941428,20950175,M3,1844,740,0.016749109,4.445814096,0.000154058,0.02064005,-0.215462945,0.20650752,-0.002201846,No Mediation,No Mediation,Undirected,M4,M3,57,30,30,2
741,chr6_29736623_T_C_b38,ENSG00000214922,HLA-F-AS1,lncRNA,6,29726601,29749049,ENSG00000198624,CCDC69,protein_coding,5,151181052,151224093,M3,1848,741,0.000680117,0.354103187,-0.246632348,26.13988079,0.294436153,-0.179146665,-0.058178329,No Mediation,No Mediation,Undirected,M3,M3,57,34,34,1
742,chr8_11111725_T_A_b38,ENSG00000269918,,lncRNA,8,11104691,11106704,ENSG00000253893,FAM85B,lncRNA,8,8167819,8226614,M3,1849,742,0.000465395,0.411440966,0.001574782,0.111419983,-0.247732755,0.229037901,-0.11359571,No Mediation,No Mediation,No Mediation,M3,M3,47,29,29,0
743,chr7_143251680_A_G_b38,ENSG00000106144,CASP2,protein_coding,7,143288215,143307696,ENSG00000235180,LINC00601,lncRNA,10,126413869,126421879,M3,1852,743,-0.010235118,4.051834908,5.76447229343727e-05,0.005760813,0.389737823,0.300611646,0.091599648,No Mediation,No Mediation,No Mediation,M3,M3,51,36,36,2
744,chrX_17528367_A_G_b38,ENSG00000188158,NHS,protein_coding,X,17375200,17735994,ENSG00000205944,DAZ2,protein_coding,Y,23219434,23291356,M4,1853,744,-0.001335576,0.283215164,8.63679027323956e-07,0.00049923,-0.137573936,0.373943624,-0.146747043,No Mediation,No Mediation,No Mediation,M0.2,M0.2,48,37,37,5
745,chr21_34512227_G_A_b38,ENSG00000180509,KCNE1,protein_coding,21,34446688,34512214,ENSG00000276289,KCNE1B,protein_coding,21,7816675,7829926,M3,1857,745,0.024952281,5.1217065,0.000292461,1.020759411,-0.216271569,-0.182159367,0.041886152,Undirected,Undirected,Undirected,M4,M4,41,27,27,2
746,chr16_87736553_T_C_b38,ENSG00000104731,KLHDC4,protein_coding,16,87696485,87765992,ENSG00000267198,,lncRNA,17,45545804,45563230,M3,1861,746,-0.004749898,1.339029281,-0.000993577,0.178750961,-0.245550713,0.194635218,-0.032921503,No Mediation,No Mediation,No Mediation,M3,M3,49,28,28,0
747,chr20_62231268_C_T_b38,ENSG00000130703,OSBPL2,protein_coding,20,62231922,62296213,ENSG00000232448,,lncRNA,20,10172701,10186740,M3,1864,747,-0.015809316,3.728088811,-3.76E-05,0.008552719,-0.251529626,0.272678543,-0.063586021,No Mediation,No Mediation,No Mediation,M3,M3,57,23,23,1
748,chr12_4633663_G_T_b38,ENSG00000111254,AKAP3,protein_coding,12,4615508,4649051,ENSG00000136449,MYCBPAP,protein_coding,17,50508384,50531501,M3,1865,748,-3.71E-05,0.080176101,0.000602334,0.060739132,0.352796819,0.170604061,0.114582877,No Mediation,No Mediation,No Mediation,M3,M0.1,51,35,35,1
749,chr17_81674548_G_A_b38,ENSG00000204237,OXLD1,protein_coding,17,81665036,81666635,ENSG00000241213,LINC02024,lncRNA,3,117678693,117691005,M3,1866,749,-0.025149744,3.924709613,2.66411188456561e-06,0.004758091,-0.275054248,0.258764986,-0.065760901,No Mediation,No Mediation,No Mediation,M3,M3,43,25,25,1
750,chr2_219386175_AG_A_b38,ENSG00000123992,DNPEP,protein_coding,2,219372043,219400022,ENSG00000111843,TMEM14C,protein_coding,6,10722915,10731129,M3,1867,750,-0.02279266,1.888824665,0.098162926,5.99733771,-0.296347248,-0.393916156,0.027518325,No Mediation,No Mediation,Undirected,M4,M3,56,39,39,0
751,chr17_79556282_A_C_b38,ENSG00000167281,RBFOX3,protein_coding,17,79089345,79516148,ENSG00000258313,,lncRNA,12,95387890,95388558,M4,1870,751,0.001166058,0.231872213,-0.0001923,0.018311482,0.218946468,0.234466672,0.126448682,No Mediation,No Mediation,No Mediation,M3,M3,66,19,19,0
752,chr3_75803689_A_T_b38,ENSG00000227124,ZNF717,protein_coding,3,75678660,75785583,ENSG00000188878,FBF1,protein_coding,17,75909574,75941140,M3,1876,752,0.000322395,0.126392202,-0.011994468,0.827586779,-0.272574802,0.174731292,0.03412485,No Mediation,No Mediation,No Mediation,M3,M3,48,34,34,2
753,chr14_52174106_A_G_b38,ENSG00000168229,PTGDR,protein_coding,14,52267698,52276724,ENSG00000145476,CYP4V2,protein_coding,4,186191567,186213463,M3,1877,753,-0.025258189,2.35779473,0.007026288,0.746645094,-0.146272678,0.180307772,0.019427364,No Mediation,No Mediation,No Mediation,M3,M3,48,38,38,2
754,chr16_68323026_C_G_b38,ENSG00000103064,SLC7A6,protein_coding,16,68264516,68301823,ENSG00000111843,TMEM14C,protein_coding,6,10722915,10731129,M3,1878,754,0.001533142,1.041305977,0.098162926,5.99733771,0.242252018,-0.171451915,-0.058281058,No Mediation,No Mediation,No Mediation,M3,M3,51,43,43,1
755,chr19_51570658_T_C_b38,ENSG00000105497,ZNF175,protein_coding,19,51571283,51592510,ENSG00000255829,,lncRNA,12,8664011,8669011,M3,1879,755,0.003076658,0.286575352,-0.000340288,0.048238484,0.19664873,-0.177881443,-0.074342462,No Mediation,No Mediation,No Mediation,M3,M3,50,30,30,2
756,chr11_196944_C_T_b38,ENSG00000188076,SCGB1C1,protein_coding,11,193078,194575,ENSG00000173193,PARP14,protein_coding,3,122680839,122730840,M3,1881,756,0.014734048,0.614921304,-0.188903218,13.24454099,0.344902473,0.189688035,0.015284836,No Mediation,No Mediation,No Mediation,M0.1,M3,46,32,32,6
757,chr5_43824575_A_G_b38,ENSG00000112992,NNT,protein_coding,5,43602692,43707405,ENSG00000225552,NAALADL2-AS1,lncRNA,3,175773145,175776333,M3,1882,757,0.003855175,0.651425687,-1.96E-05,0.006054229,0.310004606,0.211744486,0.067476788,No Mediation,No Mediation,No Mediation,M3,M3,54,19,19,0
758,chr3_113019471_C_T_b38,ENSG00000163608,NEPRO,protein_coding,3,113002444,113019861,ENSG00000156502,SUPV3L1,protein_coding,10,69180234,69209099,M3,1886,758,-0.009435392,0.963037949,-0.016591858,1.887831712,0.235294703,-0.187897377,0.05899809,Undirected,Undirected,Undirected,M4,M4,47,38,38,4
759,chr22_17219394_C_T_b38,ENSG00000093072,ADA2,protein_coding,22,17178790,17258235,ENSG00000185290,NUPR2,protein_coding,7,56114681,56116417,M3,1890,759,-0.290843053,19.87440109,0.001464308,0.422724621,0.19329364,0.243286937,0.053828045,No Mediation,No Mediation,No Mediation,M3,M3,59,29,29,0
760,chr22_36201698_A_C_b38,ENSG00000100336,APOL4,protein_coding,22,36189124,36204840,ENSG00000183607,GKN2,protein_coding,2,68945232,68952893,M3,1893,760,0.00364073,0.538385203,0.001251055,0.116770043,-0.13020756,0.176013179,-0.039373939,No Mediation,No Mediation,No Mediation,M3,M3,46,39,39,2
761,chr1_158844029_A_G_b38,ENSG00000163563,MNDA,protein_coding,1,158831351,158849506,ENSG00000175931,UBE2O,protein_coding,17,76389456,76453152,M0,1894,761,723.6969479,909.8236305,0.332389405,4.826338534,0.099791438,-0.171141705,-0.076235451,No Mediation,No Mediation,No Mediation,Other,Other,42,23,23,2
762,chr14_101727725_T_C_b38,ENSG00000258919,,lncRNA,14,101628984,101632530,ENSG00000257737,,lncRNA,12,103654780,103657995,M3,1895,762,-0.007446374,1.259056378,3.99061882870147e-05,0.012660893,-0.250452988,0.22566921,-0.085359073,No Mediation,No Mediation,No Mediation,M3,M3,43,26,26,2
763,chr10_102863296_C_G_b38,ENSG00000166275,BORCS7,protein_coding,10,102854259,102864961,ENSG00000261587,TMEM249,protein_coding,8,144352219,144354914,M3,1898,763,0.006138753,1.136681077,-0.001885125,0.199619275,-0.31073426,0.173114392,-0.02480755,No Mediation,No Mediation,No Mediation,M3,M3,49,32,32,1
764,chr9_75136446_G_A_b38,ENSG00000134996,OSTF1,protein_coding,9,75088514,75147265,ENSG00000172264,MACROD2,protein_coding,20,13995369,16053197,M3,1905,764,0.894560407,48.21523567,0.000690715,0.090373612,0.163812986,-0.182640322,-0.021658308,No Mediation,No Mediation,No Mediation,M3,M3,53,32,32,1
765,chr18_11917084_C_A_b38,ENSG00000154889,MPPE1,protein_coding,18,11882622,11908366,ENSG00000156689,GLYATL2,protein_coding,11,58834065,58904215,M4,1908,765,-0.026668441,4.802308365,-0.003176811,0.412977558,-0.287817835,0.204374091,-0.153158629,Cis Mediated,Cis Mediated,Undirected,M4,M4,61,26,26,0
766,chr6_26597156_G_A_b38,ENSG00000146109,ABT1,protein_coding,6,26596953,26600739,ENSG00000242145,,lncRNA,3,81208193,81208914,M3,1911,766,-0.022806276,2.142937975,-4.89E-05,0.006853838,-0.220345173,0.337243044,-0.14745316,No Mediation,No Mediation,No Mediation,M3,M3,60,23,23,3
767,chr17_73191134_A_G_b38,ENSG00000166685,COG1,protein_coding,17,73192632,73208507,ENSG00000107957,SH3PXD2A,protein_coding,10,103594027,103855543,M3,1914,767,-0.011940624,1.459442166,-9.79E-05,0.454529962,-0.204879616,-0.172882914,0.06093538,No Mediation,No Mediation,No Mediation,M3,M3,53,42,42,2
768,chr4_1358897_A_G_b38,ENSG00000090316,MAEA,protein_coding,4,1289887,1340147,ENSG00000125637,PSD4,protein_coding,2,113157325,113209396,M3,1916,768,-0.164429786,9.675813607,-0.076330323,9.252867963,-0.241389505,0.213271969,-0.034680879,No Mediation,No Mediation,No Mediation,M3,M3,51,33,33,2
769,chr3_196688484_G_C_b38,ENSG00000163964,PIGX,protein_coding,3,196639775,196736007,ENSG00000152944,MED21,protein_coding,12,27022546,27066343,M3,1925,769,0.002247632,2.003112676,0.006615932,0.711737186,-0.226151436,0.181833614,-0.121306054,No Mediation,No Mediation,Cis Mediated,M3,M3,46,30,30,1
770,chr17_19002062_A_G_b38,ENSG00000188522,FAM83G,protein_coding,17,18968789,19004764,ENSG00000111843,TMEM14C,protein_coding,6,10722915,10731129,M3,1928,770,-0.004269143,0.359379149,0.098162926,5.99733771,0.263176894,0.261905572,0.01377907,No Mediation,No Mediation,No Mediation,M3,M3,55,36,36,1
771,chr20_13805941_A_G_b38,ENSG00000101247,NDUFAF5,protein_coding,20,13785007,13821580,ENSG00000109193,SULT1E1,protein_coding,4,69841212,69860145,M4,1939,771,-0.001662808,0.233335391,-0.000394686,0.083274584,0.299385984,0.206145551,0.25981914,No Mediation,No Mediation,No Mediation,M3,M3,46,25,25,2
772,chr9_34988608_G_C_b38,ENSG00000137094,DNAJB5,protein_coding,9,34989641,34998900,ENSG00000229242,,lncRNA,1,215886582,215901464,M3,1940,772,-0.003197867,0.634491694,8.82516510602673e-06,0.001880944,0.242299058,0.255823649,0.002057185,No Mediation,No Mediation,No Mediation,M3,M3,39,23,23,2
773,chr13_114294290_A_G_b38,ENSG00000169062,UPF3A,protein_coding,13,114281601,114305817,ENSG00000137267,TUBB2A,protein_coding,6,3153497,3157544,M3,1941,773,0.012130808,1.076735872,0.725591691,12.0861568,0.265270322,0.221411339,0.103734423,No Mediation,No Mediation,No Mediation,M3,M3,42,25,25,2
774,chr15_92771931_AAGACAGGGTCCTGCTCTGTCAATCAGGCTGGAATCCAGTGGTAC_A_b38,ENSG00000185442,FAM174B,protein_coding,15,92617448,92809884,ENSG00000129562,DAD1,protein_coding,14,22564907,22589224,M3,1947,774,-0.000319685,0.382279576,0.968742107,37.92780042,-0.307836386,0.194892747,0.015589574,No Mediation,No Mediation,No Mediation,M3,M3,52,24,24,1
775,chr2_20676230_A_G_b38,ENSG00000143869,GDF7,protein_coding,2,20667144,20679243,ENSG00000154263,ABCA10,protein_coding,17,69147214,69244846,M3,1948,775,-0.000347908,0.16674029,0.000373636,0.052103818,-0.164029178,-0.175113822,-0.040837924,No Mediation,No Mediation,No Mediation,M0.1,M0.1,53,32,32,3
776,chr9_114510159_G_C_b38,ENSG00000095397,WHRN,protein_coding,9,114402080,114505473,ENSG00000125450,NUP85,protein_coding,17,75205659,75235758,M0,1951,776,-0.037088901,2.572465838,-0.015031628,2.018763201,0.055730181,-0.172913223,0.047952234,No Mediation,No Mediation,No Mediation,M0.2,Other,58,43,43,1
777,chr5_74642029_A_T_b38,ENSG00000049860,HEXB,protein_coding,5,74640023,74722647,ENSG00000232394,,lncRNA,15,27775621,27776798,M3,1952,777,-0.233183141,12.39459633,-1.09E-05,0.006971864,0.229540726,0.178915749,0.020660105,No Mediation,No Mediation,No Mediation,M3,M3,54,26,26,2
778,chr17_38765943_A_G_b38,ENSG00000277791,PSMB3,protein_coding,17,38752741,38764225,ENSG00000125898,FAM110A,protein_coding,20,833715,857463,M3,1954,778,4.998387863,86.14102664,0.067608675,7.899922591,-0.152673447,0.193240562,-0.064284264,No Mediation,No Mediation,No Mediation,M3,M3,61,40,40,1
779,chr3_119242155_C_T_b38,ENSG00000121578,B4GALT4,protein_coding,3,119211732,119240946,ENSG00000243347,LINC02045,lncRNA,3,148192872,148280098,M3,1957,779,-0.006820836,1.788897233,3.67393024813526e-05,0.004854235,0.194998763,0.176968483,0.084701165,No Mediation,No Mediation,No Mediation,M3,M3,47,26,26,0
780,chr15_63499029_A_G_b38,ENSG00000140455,USP3,protein_coding,15,63504511,63594640,ENSG00000241852,C8orf58,protein_coding,8,22599599,22604150,M3,1964,780,-0.015704838,3.429250539,-0.002388677,1.046179298,0.314410756,0.187732267,0.079119008,No Mediation,No Mediation,No Mediation,M3,M0.1,53,33,33,1
781,chr17_35041037_A_C_b38,ENSG00000092871,RFFL,protein_coding,17,35005990,35089319,ENSG00000254389,RHPN1-AS1,lncRNA,8,143366631,143368548,M3,1965,781,0.071856512,3.55172046,-0.001068763,0.162308848,-0.20632432,0.170244603,-0.112004466,No Mediation,Cis Mediated,Undirected,M3,M0.1,51,24,24,4
782,chr11_117321660_A_G_b38,ENSG00000110274,CEP164,protein_coding,11,117314557,117413266,ENSG00000174788,PCP2,protein_coding,19,7631611,7633719,M3,1970,782,-0.008836409,0.684956936,0.009162932,1.792375125,0.289606273,0.185733039,0.053969367,No Mediation,No Mediation,No Mediation,M3,M3,43,31,31,3
783,chr6_46103379_G_A_b38,ENSG00000231769,,lncRNA,6,46096004,46129857,ENSG00000188687,SLC4A5,protein_coding,2,74216242,74343414,M3,1971,783,-0.000247642,0.344214576,0.002082687,0.226848533,0.345985486,0.189696527,0.032680406,Cis Mediated,Undirected,Undirected,M4,M0.1,57,31,31,2
784,chr20_53569275_C_A_b38,ENSG00000197670,,lncRNA,20,53552770,53575863,ENSG00000236756,DNAJC9-AS1,lncRNA,10,73247360,73276984,M3,1975,784,0.005295001,0.466663079,-0.000629315,0.065116235,-0.29392354,-0.170097904,0.039546064,No Mediation,No Mediation,No Mediation,M3,M3,61,32,32,0
785,chr16_30095964_A_T_b38,ENSG00000090238,YPEL3,protein_coding,16,30092314,30096915,ENSG00000100288,CHKB,protein_coding,22,50578959,50601455,M4,1976,785,13.22187315,122.3711114,-0.048770773,10.1425299,0.129133696,0.191671239,0.162168961,Undirected,Undirected,Undirected,M1.2,Other,59,27,27,0
786,chr7_104951630_C_T_b38,ENSG00000237513,,lncRNA,7,104940943,105000713,ENSG00000105255,FSD1,protein_coding,19,4304598,4323843,M3,1979,786,0.182835993,5.968050614,-0.013856133,3.816046913,0.272419538,0.177949788,0.006402748,No Mediation,No Mediation,No Mediation,M3,M3,57,42,42,3
787,chr11_5689666_A_C_b38,ENSG00000132274,TRIM22,protein_coding,11,5689697,5737089,ENSG00000196156,KRTAP4-3,protein_coding,17,41167231,41168221,M3,1983,787,-0.442887994,65.3741659,0.000665453,0.028338904,-0.159292041,0.202359532,-0.027453629,No Mediation,No Mediation,No Mediation,M3,M3,49,21,21,0
788,chr11_842775_G_A_b38,ENSG00000214063,TSPAN4,protein_coding,11,842812,867116,ENSG00000100387,RBX1,protein_coding,22,40951347,40973309,M3,1988,788,0.001790598,2.605618834,0.603494959,9.132517209,0.265066758,0.200880191,0.040212825,No Mediation,No Mediation,No Mediation,M3,M3,57,43,43,2
789,chr15_98957027_G_A_b38,ENSG00000259475,,lncRNA,15,98954149,99105824,ENSG00000278156,TSC22D1-AS1,lncRNA,13,44575893,44580432,M4,1992,789,0.000160881,0.362881722,-0.000490299,0.102930688,-0.308807819,0.184616627,-0.151119065,No Mediation,No Mediation,No Mediation,M3,M0.1,58,35,35,0
790,chr7_150544009_T_C_b38,ENSG00000133574,GIMAP4,protein_coding,7,150567369,150573953,ENSG00000185324,CDK10,protein_coding,16,89680737,89696354,M3,1995,790,0.345557997,49.05736867,-0.036243753,2.548184846,0.181146963,0.177953542,-0.100358632,No Mediation,No Mediation,No Mediation,M3,M3,49,31,31,1
791,chr6_2765463_A_G_b38,ENSG00000124535,WRNIP1,protein_coding,6,2765393,2786952,ENSG00000006607,FARP2,protein_coding,2,241356285,241494841,M3,1997,791,0.013175079,1.200738286,0.000348147,0.19167432,-0.175176813,-0.180062577,-0.032868741,No Mediation,No Mediation,No Mediation,M3,M3,49,33,33,4
792,chr8_17155690_T_C_b38,ENSG00000104219,ZDHHC2,protein_coding,8,17156482,17224799,ENSG00000178591,DEFB125,protein_coding,20,87250,97094,M3,2000,792,0.257948175,3.288791263,5.55464182220184e-05,0.009391929,0.221386739,0.185226485,0.055232312,No Mediation,No Mediation,No Mediation,M3,M3,51,23,23,2
793,chr9_108918079_T_G_b38,ENSG00000119326,CTNNAL1,protein_coding,9,108942569,109013522,ENSG00000111843,TMEM14C,protein_coding,6,10722915,10731129,M3,2007,793,0.109610154,1.528184325,0.098162926,5.99733771,0.266678604,0.242796818,0.085773597,No Mediation,No Mediation,No Mediation,M3,M3,43,37,37,3
794,chr14_68969266_A_G_b38,ENSG00000259062,ACTN1-AS1,lncRNA,14,68979682,68987463,ENSG00000112308,C6orf62,protein_coding,6,24704861,24719998,M3,2009,794,0.002779406,0.290794178,0.087481341,14.24651057,0.323367087,0.191069008,0.020847785,No Mediation,No Mediation,No Mediation,M3,M3,50,33,33,1
795,chr6_41782158_T_C_b38,ENSG00000164663,USP49,protein_coding,6,41789896,41895375,ENSG00000238198,LRIG2-DT,lncRNA,1,113011687,113073113,M4,2012,795,-0.004974617,0.568625128,0.000132294,0.068354356,-0.254408966,-0.191836709,0.130313747,No Mediation,No Mediation,No Mediation,M3,M3,49,31,31,1
796,chr15_50994379_C_T_b38,ENSG00000081014,AP4E1,protein_coding,15,50908672,51005895,ENSG00000119185,ITGB1BP1,protein_coding,2,9403475,9423528,M3,2018,796,-0.000702289,0.288661776,-0.021792627,1.544262184,0.355593184,-0.181334884,-0.09749524,No Mediation,No Mediation,No Mediation,M3,M3,54,31,31,1
797,chr3_44497691_A_C_b38,ENSG00000179152,TCAIM,protein_coding,3,44338119,44409451,ENSG00000226706,,lncRNA,9,135503273,135506447,M3,2020,797,-0.003548633,0.987663484,-0.000833773,0.192964566,0.265160364,-0.188131582,0.026960942,No Mediation,No Mediation,No Mediation,M3,M3,44,32,32,3
798,chr17_38748486_GC_G_b38,ENSG00000277258,PCGF2,protein_coding,17,38733898,38749817,ENSG00000236240,GPC5-IT1,lncRNA,13,92484606,92510094,M3,2021,798,-0.001645851,0.576169969,-2.11E-05,0.004039499,0.190832823,0.175588413,0.092925604,No Mediation,No Mediation,No Mediation,M3,M3,58,34,34,4
799,chr17_8247860_G_A_b38,ENSG00000178921,PFAS,protein_coding,17,8247618,8270491,ENSG00000259730,,lncRNA,15,47944044,47949509,M3,2024,799,-0.002404883,0.455258142,9.6365562356694e-06,0.007685283,0.168613439,0.224465985,0.044259557,No Mediation,No Mediation,No Mediation,M3,M3,51,18,18,2
800,chr13_48975435_C_G_b38,ENSG00000275202,,lncRNA,13,48974967,48976867,ENSG00000236345,SCAT8,lncRNA,6,63806836,63822642,M4,2027,800,-0.005282763,0.685808613,0.008338519,1.370426339,-0.248441278,0.174337488,-0.133378348,No Mediation,No Mediation,No Mediation,M3,M0.1,57,36,36,1
801,chr2_61225744_T_C_b38,ENSG00000212978,,lncRNA,2,61141592,61144969,ENSG00000110721,CHKA,protein_coding,11,68052859,68121444,M3,2028,801,-0.003235032,0.376096025,-0.028334237,5.016579974,0.294575648,-0.181120187,0.067089846,No Mediation,No Mediation,No Mediation,M3,M3,47,31,31,1
802,chr5_103560699_T_C_b38,ENSG00000112874,NUDT12,protein_coding,5,103548855,103562790,ENSG00000227485,,lncRNA,1,63024207,63025658,M3,2030,802,0.000757365,0.106602773,-3.20E-06,0.004501329,-0.310350936,0.200134136,-0.040567541,No Mediation,No Mediation,No Mediation,M3,M3,52,26,26,1
803,chr7_121001677_C_T_b38,ENSG00000106034,CPED1,protein_coding,7,120988697,121297442,ENSG00000280071,GATD3B,protein_coding,21,5079294,5128413,M3,2032,803,0.003238319,0.242230436,0.007613918,0.908242913,0.192923202,0.200600428,0.05904494,Undirected,Undirected,Undirected,M4,M3,47,29,29,1
804,chr1_167768069_C_G_b38,ENSG00000197965,MPZL1,protein_coding,1,167721192,167791919,ENSG00000237670,LINC01866,lncRNA,2,16970034,16974497,M3,2034,804,0.164816985,12.85113898,-8.45E-06,0.006869947,0.335217031,0.38491169,0.08619868,No Mediation,No Mediation,No Mediation,M3,M3,52,29,29,3
805,chr9_4741308_C_G_b38,ENSG00000147853,AK3,protein_coding,9,4709556,4742043,ENSG00000231460,,lncRNA,9,23829670,23849914,M3,2035,805,-0.008697315,1.075831577,6.50583616374912e-06,0.003383598,-0.1931616,0.222425087,-0.01018225,No Mediation,No Mediation,No Mediation,M3,M0.1,49,33,33,4
806,chr2_37273292_G_C_b38,ENSG00000218739,CEBPZOS,protein_coding,2,37196488,37216193,ENSG00000142224,IL19,protein_coding,1,206770764,206842979,M3,2036,806,-0.009948178,2.261349952,-3.84E-05,0.06752851,-0.240881253,-0.190961496,0.098768135,No Mediation,No Mediation,No Mediation,M3,M0.1,43,32,32,1
807,chr16_53395261_C_T_b38,ENSG00000103479,RBL2,protein_coding,16,53433977,53491648,ENSG00000168255,POLR2J3,protein_coding,7,102537918,102572653,M4,2037,807,0.019021073,6.940798873,-0.004200583,0.918447079,-0.252861256,0.217239548,-0.16741491,Undirected,Undirected,Undirected,M4,M4,63,37,37,0
808,chr17_7174336_G_T_b38,ENSG00000141505,ASGR1,protein_coding,17,7173431,7179564,ENSG00000229639,LINC01758,lncRNA,1,69433255,69435409,M0,2041,808,-0.03121688,3.86549705,2.45504968155891e-06,0.00221135,-0.105074358,0.28904152,-0.00070955,No Mediation,No Mediation,No Mediation,M3,M3,57,14,14,1
809,chr17_7106107_C_T_b38,ENSG00000161944,ASGR2,protein_coding,17,7101322,7115700,ENSG00000188511,C22orf34,lncRNA,22,49414524,49657542,M3,2043,809,-0.065538192,17.02196948,-0.004871148,0.356284177,0.215175751,0.195312914,0.045828926,No Mediation,No Mediation,No Mediation,M3,M3,46,24,24,1
810,chr11_66532877_A_G_b38,ENSG00000174483,BBS1,protein_coding,11,66510606,66533613,ENSG00000174403,MIR1-1HG-AS1,lncRNA,20,62544343,62551526,M3,2044,810,-0.004619098,0.510346105,-0.000130295,0.061225735,-0.271726447,0.17979687,-0.039196732,No Mediation,No Mediation,No Mediation,M3,M3,43,25,25,1
811,chr10_60733103_G_A_b38,ENSG00000151150,ANK3,protein_coding,10,60026298,60733490,ENSG00000251410,,lncRNA,4,27964517,27985063,M3,2051,811,0.000823389,0.090010246,5.7464576117914e-07,0.008900744,-0.261411006,0.194791311,-0.074639013,No Mediation,No Mediation,No Mediation,M3,M3,58,30,30,1
812,chr9_92472848_C_T_b38,ENSG00000188312,CENPP,protein_coding,9,92325953,92620529,ENSG00000274274,GAGE13,protein_coding,X,49331616,49338952,M3,2053,812,0.000292366,0.143976688,3.25508882575214e-05,0.004955102,0.315346291,0.174994381,0.080094168,No Mediation,No Mediation,No Mediation,M3,M3,60,26,26,1
813,chr19_1491172_T_G_b38,ENSG00000115257,PCSK4,protein_coding,19,1481428,1490752,ENSG00000153113,CAST,protein_coding,5,96525267,96779595,M3,2056,813,0.001234843,0.26528503,-0.036189642,9.409402016,0.282082745,0.185445341,0.086044057,No Mediation,No Mediation,Undirected,M0.1,M0.1,53,34,34,2
814,chr22_23321585_G_C_b38,ENSG00000186716,BCR,protein_coding,22,23179704,23318037,ENSG00000284070,,lncRNA,22,24645171,24651657,M3,2057,814,0.007877188,3.001240888,-0.000776021,0.06715381,0.189150602,-0.228519228,0.014793377,No Mediation,No Mediation,No Mediation,M3,M3,53,32,32,1
815,chr5_67196897_G_C_b38,ENSG00000134061,CD180,protein_coding,5,67179613,67196799,ENSG00000106004,HOXA5,protein_coding,7,27141052,27143681,M3,2059,815,-0.025215566,1.991774448,-0.003934911,0.346892469,-0.259962588,0.172199921,-0.104275968,No Mediation,No Mediation,No Mediation,M0.1,M0.1,47,32,32,4
816,chr7_1570052_G_A_b38,ENSG00000157778,PSMG3,protein_coding,7,1567332,1571005,ENSG00000185290,NUPR2,protein_coding,7,56114681,56116417,M4,2061,816,-0.012055512,1.224616029,0.001464308,0.422724621,0.283082918,-0.189370181,-0.154114417,No Mediation,No Mediation,Undirected,M3,M4,51,28,28,1
817,chr1_6431189_C_T_b38,ENSG00000187017,ESPN,protein_coding,1,6424776,6461367,ENSG00000240895,,lncRNA,3,110527482,110529582,M3,2065,817,0.102799865,1.901063043,-5.81E-06,0.003086906,0.319784785,0.191023665,0.043437477,No Mediation,No Mediation,No Mediation,M3,M3,42,10,10,0
818,chr2_3498854_T_C_b38,ENSG00000182551,ADI1,protein_coding,2,3497366,3519531,ENSG00000111843,TMEM14C,protein_coding,6,10722915,10731129,M3,2068,818,0.016701059,4.034293953,0.098162926,5.99733771,0.162748329,0.274253082,0.035951162,No Mediation,No Mediation,No Mediation,M3,M3,56,35,35,2
819,chr5_115842992_A_AG_b38,ENSG00000145782,ATG12,protein_coding,5,115828200,115841837,ENSG00000129535,NRL,protein_coding,14,24078662,24115010,M3,2069,819,-0.007523163,0.761096044,0.000896823,0.135987957,0.301755562,-0.182693194,-0.067265798,No Mediation,No Mediation,No Mediation,M3,M3,44,23,23,2
820,chr20_48375308_C_T_b38,ENSG00000235621,LINC00494,lncRNA,20,48359884,48370636,ENSG00000233421,LINC01783,lncRNA,1,16533886,16535649,M3,2074,820,-0.003057893,0.413873128,0.000374894,0.059632245,-0.19943002,0.379889932,-0.154141268,No Mediation,No Mediation,Cis Mediated,M3,M3,40,30,30,5
821,chr5_69340700_T_C_b38,ENSG00000273841,TAF9,protein_coding,5,69364743,69370013,ENSG00000214894,LINC00243,lncRNA,6,30798654,30830659,M3,2075,821,-0.010643253,1.930547275,0.013023332,1.008056714,-0.252567095,0.187788088,-0.120382944,No Mediation,No Mediation,Undirected,M3,M3,44,31,31,2
822,chr15_99146309_C_T_b38,ENSG00000182253,SYNM,protein_coding,15,99098217,99135593,ENSG00000174527,MYO1H,protein_coding,12,109347903,109455523,M3,2079,822,-0.003404651,0.902584391,-0.000126985,0.020348464,-0.231317083,-0.175084565,0.007227263,No Mediation,No Mediation,No Mediation,M3,M3,51,39,39,0
823,chr4_25398057_C_T_b38,ENSG00000053900,ANAPC4,protein_coding,4,25377263,25418498,ENSG00000111843,TMEM14C,protein_coding,6,10722915,10731129,M4,2082,823,-0.021322477,1.097088329,0.098162926,5.99733771,-0.301548242,-0.229628092,0.195551135,No Mediation,No Mediation,Undirected,M3,M0.1,50,39,39,1
824,chr2_113413043_C_T_b38,ENSG00000184492,FOXD4L1,protein_coding,2,113498665,113501155,ENSG00000172785,CBWD1,protein_coding,9,121038,179147,M3,2089,824,0.00046104,0.09620393,4.93351759305641e-05,0.178990285,-0.271154312,0.318871344,-0.128791038,No Mediation,No Mediation,No Mediation,M3,M3,37,20,20,2
825,chr8_11805778_C_T_b38,ENSG00000255046,,lncRNA,8,11797928,11802568,ENSG00000254919,,lncRNA,11,35915051,35918739,M3,2091,825,0.001762515,0.163057325,8.68281721753857e-06,0.006224156,0.346754074,0.216067381,0.103226753,No Mediation,No Mediation,No Mediation,M3,M3,48,12,12,0
826,chr7_524944_G_A_b38,ENSG00000223855,HRAT92,lncRNA,7,520391,525238,ENSG00000173480,ZNF417,protein_coding,19,57900296,57916610,M3,2100,826,0.00865238,0.316248063,0.008632024,0.468071263,-0.229696178,0.191491468,0.043978964,No Mediation,No Mediation,No Mediation,M3,M3,57,37,37,2
827,chr17_81659369_T_C_b38,ENSG00000185298,CCDC137,protein_coding,17,81666737,81673904,ENSG00000241213,LINC02024,lncRNA,3,117678693,117691005,M3,2103,827,-0.011548401,1.405786816,2.66411188456561e-06,0.004758091,-0.310251152,0.254815323,-0.069841208,No Mediation,No Mediation,No Mediation,M3,M3,40,23,23,1
828,chr15_50498036_A_G_b38,ENSG00000138592,USP8,protein_coding,15,50424380,50514421,ENSG00000240708,LINC02030,lncRNA,3,55226862,55300738,M3,2104,828,-0.006436779,0.370780378,-3.20E-05,0.004616406,-0.266916223,0.190915169,-0.056341766,No Mediation,No Mediation,No Mediation,M3,M3,56,38,38,1
829,chr21_41800951_G_A_b38,ENSG00000141956,PRDM15,protein_coding,21,41798225,41879482,ENSG00000135480,KRT7,protein_coding,12,52232520,52252186,M3,2105,829,-0.002318957,0.327779903,-0.021686141,7.931697949,0.238732007,0.192366725,0.005882542,No Mediation,No Mediation,No Mediation,M3,M0.1,63,29,29,1
830,chr6_130184229_A_C_b38,ENSG00000164483,SAMD3,protein_coding,6,130144315,130365425,ENSG00000172361,CFAP53,protein_coding,18,50227193,50266495,M3,2106,830,-0.022488616,1.590059717,0.001889069,0.134753946,-0.173276094,0.171223304,-0.064942866,No Mediation,No Mediation,No Mediation,M3,M3,48,32,32,3
831,chr12_26847472_A_G_b38,ENSG00000123104,ITPR2,protein_coding,12,26335352,26833194,ENSG00000251562,MALAT1,lncRNA,11,65497688,65506516,M3,2107,831,-0.002644586,0.551972084,7.260523722,145.430534,-0.195139948,0.216768981,0.04643784,No Mediation,No Mediation,Undirected,M3,M4,61,28,28,2
832,chr1_162255355_T_A_b38,ENSG00000239887,C1orf226,protein_coding,1,162378841,162386812,ENSG00000255628,,lncRNA,12,34149839,34162238,M3,2110,832,-0.004709289,1.091092409,-3.29E-06,0.004605082,-0.185865437,0.187555799,-0.048956479,No Mediation,No Mediation,No Mediation,M0.1,M0.1,54,26,26,3
833,chr18_63970438_C_G_b38,ENSG00000166401,SERPINB8,protein_coding,18,63970029,64019779,ENSG00000248870,,lncRNA,5,82586776,82587411,M3,2112,833,-0.026082313,1.640287592,0.000117517,0.027010952,-0.247852101,0.179223068,-0.063232834,No Mediation,No Mediation,No Mediation,M3,M3,47,33,33,2
834,chr11_65895248_C_T_b38,ENSG00000172638,EFEMP2,protein_coding,11,65866441,65873592,ENSG00000163909,HEYL,protein_coding,1,39623435,39639643,M3,2113,834,-0.048155399,3.92020843,0.0010459,0.108549041,0.258538885,0.190990546,0.060419889,No Mediation,No Mediation,No Mediation,M3,M3,54,34,34,2
835,chr14_73990459_C_T_b38,ENSG00000140043,PTGR2,protein_coding,14,73851831,73885726,ENSG00000083457,ITGAE,protein_coding,17,3714628,3801188,M3,2114,835,-0.001963077,0.181035955,-0.005320462,0.636983079,-0.271485299,-0.186532965,0.109393963,No Mediation,No Mediation,No Mediation,M3,M3,50,26,26,1
836,chr15_41527085_G_A_b38,ENSG00000103932,RPAP1,protein_coding,15,41517176,41544269,ENSG00000187630,DHRS4L2,protein_coding,14,23969874,24006408,M3,2115,836,-0.006714411,0.437187826,0.004613183,1.257621817,-0.217856897,0.171311927,-0.020728172,No Mediation,No Mediation,No Mediation,M3,M3,49,32,32,5
837,chr19_52394860_GA_G_b38,ENSG00000269834,ZNF528-AS1,lncRNA,19,52388842,52397783,ENSG00000220891,LL22NC03-63E9.3,lncRNA,22,22559343,22566602,M3,2118,837,-0.00082592,0.348242862,-2.33E-05,0.013151887,-0.283973196,-0.225856815,-0.075267039,Undirected,Undirected,Undirected,M4,M3,53,26,26,0
838,chr13_48130802_A_G_b38,ENSG00000276968,,lncRNA,13,48041751,48042184,ENSG00000255206,,lncRNA,8,68082204,68095081,M3,2120,838,-0.004306358,0.483110676,1.054436972376e-05,0.003647637,-0.296321136,-0.19855121,0.050026303,No Mediation,No Mediation,No Mediation,M3,M3,51,22,22,3
839,chr6_108917869_T_C_b38,ENSG00000118690,ARMC2,protein_coding,6,108848416,108974476,ENSG00000279111,OR10X1,protein_coding,1,158578919,158579899,M3,2122,839,-0.00024432,0.347817093,2.2886491743561e-05,0.012722249,-0.311086582,-0.174458175,0.04302865,No Mediation,No Mediation,No Mediation,M3,M3,48,38,38,0
840,chr9_128202956_G_A_b38,ENSG00000106976,DNM1,protein_coding,9,128191655,128255248,ENSG00000274933,TBC1D3I,protein_coding,17,36253456,36264553,M3,2123,840,0.002885167,0.308554291,0.000878665,0.083460872,-0.266026148,-0.265713532,0.039481596,No Mediation,No Mediation,No Mediation,M3,M3,32,26,26,4
841,chr17_50094805_G_A_b38,ENSG00000005882,PDK2,protein_coding,17,50094737,50112152,ENSG00000215231,LINC01020,lncRNA,5,4987789,5070314,M4,2124,841,0.080235621,1.557868773,-1.46E-05,0.003853476,0.425984541,0.489999712,0.103223752,No Mediation,No Mediation,No Mediation,M4,M3,46,15,15,1
842,chr9_137205865_C_G_b38,ENSG00000188566,NDOR1,protein_coding,9,137205685,137219361,ENSG00000122507,BBS9,protein_coding,7,33109557,33877180,M3,2125,842,-0.051999516,2.914246499,-0.003145401,0.30220626,-0.227493357,0.177401564,-0.025655031,No Mediation,No Mediation,No Mediation,M3,M3,48,33,33,3
843,chr12_110032621_T_G_b38,ENSG00000277595,,lncRNA,12,110032245,110032803,ENSG00000231238,LINC00349,lncRNA,13,18538880,18551214,M3,2133,843,-0.020804354,1.790790803,-1.78E-05,0.002287904,-0.182565717,0.284282696,-0.086384179,No Mediation,No Mediation,Cis Mediated,M3,M3,61,31,31,0
844,chr19_57740100_G_A_b38,ENSG00000083828,ZNF586,protein_coding,19,57769655,57819939,ENSG00000111843,TMEM14C,protein_coding,6,10722915,10731129,M0,2134,844,-0.016337805,3.714686559,0.098162926,5.99733771,0.11853301,0.229950534,0.014474521,No Mediation,No Mediation,No Mediation,M3,M3,47,37,37,2
845,chr22_40860798_A_G_b38,ENSG00000196236,XPNPEP3,protein_coding,22,40857077,40932815,ENSG00000185164,NOMO2,protein_coding,16,18417325,18562211,M4,2135,845,-0.002199954,0.245280779,-0.001542464,0.452863727,0.249745226,0.171693283,0.114541534,No Mediation,No Mediation,No Mediation,M0.1,M0.1,49,35,35,3
846,chr3_196505590_G_A_b38,ENSG00000163961,RNF168,protein_coding,3,196468783,196503768,ENSG00000255580,,lncRNA,11,115363629,115377931,M3,2137,846,-0.010281551,1.143069007,-7.32E-05,0.013257442,-0.212326561,-0.175888697,0.020757155,Undirected,Undirected,Undirected,M1.1,M1.1,41,34,34,8
847,chr15_55305196_C_T_b38,ENSG00000225973,PIGBOS1,protein_coding,15,55317184,55319161,ENSG00000161513,FDXR,protein_coding,17,74862497,74873031,M3,2140,847,-0.01069616,2.847523098,-0.015493021,0.954632749,-0.318641547,0.266025683,-0.133570616,No Mediation,No Mediation,No Mediation,M3,M3,54,36,36,1
848,chr18_59354971_G_C_b38,ENSG00000074695,LMAN1,protein_coding,18,59327823,59359265,ENSG00000105948,TTC26,protein_coding,7,139133744,139191986,M3,2145,848,0.004572069,1.99321526,0.002683024,0.658496597,0.129250282,0.184273494,0.068590075,No Mediation,No Mediation,No Mediation,M3,M0.1,47,34,34,4
849,chr14_102599305_A_G_b38,ENSG00000089902,RCOR1,protein_coding,14,102592649,102730561,ENSG00000272362,,lncRNA,1,234644666,234647571,M3,2146,849,-0.04292287,3.097589961,0.000105651,0.018213326,0.168172974,0.181445834,0.023404351,No Mediation,No Mediation,No Mediation,M3,M3,50,22,22,3
850,chr19_43562442_AT_A_b38,ENSG00000073050,XRCC1,protein_coding,19,43543311,43580473,ENSG00000203434,,lncRNA,10,108547975,108561815,M3,2149,850,0.022412287,2.968992956,-5.25E-05,0.020212985,0.264727594,0.196208218,0.076580658,No Mediation,No Mediation,No Mediation,M3,M3,51,24,24,2
851,chr16_48168222_ACAAAAATCATAAAGTAATGACTCAAATTTGGGAAG_A_b38,ENSG00000102910,LONP2,protein_coding,16,48244300,48363122,ENSG00000185499,MUC1,protein_coding,1,155185824,155192916,M3,2150,851,-0.004081758,2.016952551,-0.002752411,0.558219121,-0.216586111,0.195122302,-0.09771517,No Mediation,No Mediation,No Mediation,M3,M3,52,37,37,3
852,chr7_6359906_G_A_b38,ENSG00000178397,FAM220A,protein_coding,7,6329411,6348981,ENSG00000198730,CTR9,protein_coding,11,10751246,10801625,M3,2153,852,0.005355332,1.05138186,-0.042280732,2.319182316,0.193040477,0.190686156,-0.070598969,No Mediation,No Mediation,No Mediation,M3,M3,49,36,36,4
853,chr2_97591653_C_G_b38,ENSG00000196912,ANKRD36B,protein_coding,2,97492663,97589965,ENSG00000259448,LINC02352,lncRNA,15,31215622,31224445,M3,2157,853,0.00073886,0.099984989,0.056310131,1.34624332,-0.301569076,-0.181493525,0.024139534,No Mediation,No Mediation,No Mediation,M3,M0.1,43,29,29,1
854,chrX_48521653_G_C_b38,ENSG00000147155,EBP,protein_coding,X,48521799,48528716,ENSG00000277058,HNRNPCL3,protein_coding,1,13060769,13062878,M3,2158,854,-0.0181201,4.086220902,0.000296801,0.02824655,0.159139136,0.208175173,0.049173538,No Mediation,No Mediation,No Mediation,M3,M3,53,34,34,0
855,chr16_87407681_G_A_b38,ENSG00000140941,MAP1LC3B,protein_coding,16,87383953,87404779,ENSG00000250576,,lncRNA,5,10775058,10777062,M3,2165,855,0.685310172,26.07474338,2.72553807646084e-05,0.004038511,0.182055519,0.284276835,0.089162661,No Mediation,No Mediation,No Mediation,M3,M3,42,26,26,3
856,chr16_2956921_G_A_b38,ENSG00000162073,PAQR4,protein_coding,16,2969270,2973484,ENSG00000248912,,lncRNA,4,156686664,156692636,M3,2166,856,-0.002401699,1.007145214,5.23809507482308e-07,0.002267314,0.263887453,0.299170453,0.085888332,No Mediation,No Mediation,No Mediation,M3,M3,28,14,14,4
857,chr22_42090076_G_A_b38,ENSG00000270083,,lncRNA,22,42089630,42090028,ENSG00000106123,EPHB6,protein_coding,7,142855061,142871094,M3,2170,857,-0.001576073,0.715414754,-0.055699161,12.93833308,0.40659427,0.266529788,0.071124191,No Mediation,No Mediation,No Mediation,M3,M3,62,20,20,0
858,chr15_41927762_T_C_b38,ENSG00000103966,EHD4,protein_coding,15,41895933,41972557,ENSG00000255317,,lncRNA,11,126992452,126995458,M3,2171,858,-0.018772248,1.722424425,-7.56E-06,0.004067166,-0.189421768,-0.171304334,0.049758034,No Mediation,No Mediation,No Mediation,M3,M3,67,27,27,1
859,chr7_128791051_C_T_b38,ENSG00000128617,OPN1SW,protein_coding,7,128772485,128775794,ENSG00000240980,,lncRNA,2,9143166,9146106,M3,2174,859,0.000453905,0.138442848,5.79150172733765e-05,0.007865984,0.574738007,0.299701896,0.089081846,No Mediation,No Mediation,No Mediation,M3,M3,51,29,29,2
860,chr7_73672391_C_G_b38,ENSG00000071462,BUD23,protein_coding,7,73683025,73705161,ENSG00000223351,ZNF385D-AS2,lncRNA,3,21942566,21979828,M3,2175,860,-0.001464808,1.100553027,-1.57E-05,0.002867506,0.237405038,0.203261725,0.093053605,No Mediation,No Mediation,Cis Mediated,M3,M3,54,23,23,1
861,chr2_189641251_GAAGTGAC_G_b38,ENSG00000128699,ORMDL1,protein_coding,2,189770267,189784364,ENSG00000238207,,lncRNA,2,117754139,117804174,M3,2176,861,-0.026349159,2.105195371,-5.79E-05,0.02263683,0.24119038,0.194147304,0.037911996,No Mediation,No Mediation,No Mediation,M3,M3,52,27,27,1
862,chr1_1658866_G_A_b38,ENSG00000248333,CDK11B,protein_coding,1,1635225,1659012,ENSG00000168255,POLR2J3,protein_coding,7,102537918,102572653,M3,2178,862,0.019314896,2.923005886,-0.004200583,0.918447079,-0.168618694,0.17938473,0.098528699,Undirected,Undirected,Undirected,M4,M3,52,34,34,2
863,chr7_67096127_C_T_b38,ENSG00000198874,TYW1,protein_coding,7,66995173,67239519,ENSG00000196715,VKORC1L1,protein_coding,7,65873074,65959563,M3,2180,863,-0.001142559,0.588429319,0.017244303,1.114520904,0.296984287,0.19897406,0.063368504,No Mediation,No Mediation,No Mediation,M3,M3,49,29,29,1
864,chr16_88684799_T_C_b38,ENSG00000158717,RNF166,protein_coding,16,88696499,88706408,ENSG00000204277,LINC01993,lncRNA,17,78261349,78278492,M4,2184,864,-0.141882558,19.61119101,-0.001086911,0.239987789,0.212511366,-0.170936362,-0.138157968,No Mediation,No Mediation,No Mediation,M3,M0.1,47,29,29,1
865,chr4_25861753_G_T_b38,ENSG00000091490,SEL1L3,protein_coding,4,25747433,25863760,ENSG00000006062,MAP3K14,protein_coding,17,45263119,45317029,M3,2186,865,-0.08150858,6.932008399,-0.011770251,2.020176534,-0.162740935,-0.172928278,-0.09222306,Undirected,Undirected,Undirected,M4,M3,41,28,28,2
866,chr10_5000102_T_C_b38,ENSG00000151632,AKR1C2,protein_coding,10,4987400,5018031,ENSG00000239641,PLS1-AS1,lncRNA,3,142654784,142656745,M0,2188,866,-0.062873974,3.279588822,6.02239466931692e-05,0.012294983,0.066571509,0.193121374,-0.00507614,No Mediation,No Mediation,No Mediation,M3,M0.2,49,22,22,1
867,chr16_15949317_C_G_b38,ENSG00000103222,ABCC1,protein_coding,16,15949138,16143257,ENSG00000111843,TMEM14C,protein_coding,6,10722915,10731129,M3,2190,867,0.008851198,1.675644687,0.098162926,5.99733771,0.245309641,-0.295521521,-0.037014648,No Mediation,No Mediation,No Mediation,M3,M3,48,36,36,0
868,chr17_81243257_G_A_b38,ENSG00000224877,NDUFAF8,protein_coding,17,81239305,81241310,ENSG00000276012,,lncRNA,13,101717564,101723106,M3,2198,868,0.009999406,1.187500666,0.000134398,0.01633927,0.30750243,0.203021879,0.015901497,No Mediation,No Mediation,No Mediation,M3,M0.1,53,19,19,2
869,chr7_95437999_G_A_b38,ENSG00000105854,PON2,protein_coding,7,95404862,95435329,ENSG00000267073,,lncRNA,19,1748056,1748745,M3,2200,869,-0.000415583,0.853144823,-0.000199151,0.056131117,-0.229580626,-0.194256044,0.011653075,No Mediation,No Mediation,No Mediation,M3,M3,39,35,35,5
870,chr8_28492482_T_C_b38,ENSG00000104290,FZD3,protein_coding,8,28494205,28574267,ENSG00000231740,,lncRNA,1,58838448,58851254,M3,2202,870,-0.000803931,0.07756718,3.91222274140715e-05,0.023949752,0.195958487,-0.212601482,-0.031165969,No Mediation,No Mediation,No Mediation,M3,M3,52,27,27,4
871,chr8_127996764_C_T_b38,ENSG00000249859,PVT1,lncRNA,8,127794526,128187101,ENSG00000146054,TRIM7,protein_coding,5,181193924,181205293,M3,2203,871,0.001025826,0.543247524,0.001176975,0.438658611,0.302505514,0.173768772,0.01217676,No Mediation,No Mediation,No Mediation,M0.1,M0.1,50,36,36,1
872,chr21_36117592_T_C_b38,ENSG00000159231,CBR3,protein_coding,21,36135079,36146562,ENSG00000179111,HES7,protein_coding,17,8120592,8124106,M3,2205,872,0.004015605,0.553219063,0.001355856,0.228235367,-0.266355793,-0.172901236,0.066472996,No Mediation,No Mediation,No Mediation,M0.1,M1.1,47,33,33,3
873,chr21_44057219_G_A_b38,ENSG00000237604,,lncRNA,21,44175489,44176453,ENSG00000280071,GATD3B,protein_coding,21,5079294,5128413,M4,2206,873,-0.002739808,0.307277074,0.007613918,0.908242913,0.290893585,-0.623726994,-0.285409531,Undirected,Undirected,Undirected,M4,M4,47,21,21,0
874,chr1_6027143_T_A_b38,ENSG00000069424,KCNAB2,protein_coding,1,5990927,6101193,ENSG00000267138,,lncRNA,19,3754620,3756659,M3,2207,874,-0.275934241,13.03632308,-0.004950397,0.387742439,-0.201629769,0.184495441,-0.043442816,No Mediation,No Mediation,No Mediation,M3,M3,49,34,34,3
875,chr11_535026_C_T_b38,ENSG00000161328,LRRC56,protein_coding,11,537527,554912,ENSG00000283629,,lncRNA,14,76131707,76152627,M3,2209,875,-0.001972275,0.364974798,0.000287276,0.024933811,-0.256097766,0.20224628,-0.040656466,No Mediation,No Mediation,No Mediation,M3,M3,46,16,16,3
876,chr19_54872451_G_A_b38,ENSG00000268734,,lncRNA,19,54890673,54891420,ENSG00000225836,,lncRNA,10,89646289,89650822,M0,2214,876,17.7109475,193.4916063,-1.17E-05,0.008291208,-0.044070887,0.215066537,-0.059672127,No Mediation,No Mediation,No Mediation,M0.2,M0.2,57,26,26,3
877,chr15_99273484_G_T_b38,ENSG00000168904,LRRC28,protein_coding,15,99251362,99390729,ENSG00000249150,,lncRNA,5,116819220,116830370,M3,2221,877,0.010491318,0.38816607,-3.62E-05,0.005803465,-0.234899209,0.238709266,-0.074260741,No Mediation,No Mediation,No Mediation,M3,M0.1,54,39,39,3
878,chr11_65717747_G_A_b38,ENSG00000172922,RNASEH2C,protein_coding,11,65714005,65720818,ENSG00000230381,,lncRNA,1,116429049,116433368,M3,2229,878,0.023302989,3.243140803,-0.000413545,0.079951032,-0.204599395,0.17321011,-0.05341247,No Mediation,No Mediation,No Mediation,M3,M3,42,31,31,2
879,chr15_66273822_G_A_b38,ENSG00000166938,DIS3L,protein_coding,15,66293217,66333898,ENSG00000279848,,lncRNA,22,27044001,27045315,M3,2232,879,-0.002682992,0.588109432,-0.000243777,0.02400442,-0.289364431,0.196310773,-0.089062991,No Mediation,No Mediation,Trans Mediated,M3,M3,47,34,34,5
880,chr11_1944024_CAT_C_b38,ENSG00000226416,MRPL23-AS1,lncRNA,11,1983237,1989920,ENSG00000169717,ACTRT2,protein_coding,1,3021467,3022903,M3,2234,880,1.53778857593216e-05,0.109097405,0.000315653,0.030035846,0.289567674,0.178043557,0.066716363,No Mediation,No Mediation,No Mediation,M3,M3,47,19,19,2
881,chr17_32792019_A_G_b38,ENSG00000006042,TMEM98,protein_coding,17,32927910,32945106,ENSG00000249945,,lncRNA,4,175457726,175473197,M0,2235,881,0.002834195,0.236139742,1.77845687535885e-05,0.004329361,0.10482695,0.190253438,-0.009615741,No Mediation,No Mediation,No Mediation,M3,M3,57,18,18,2
882,chr11_74460920_G_A_b38,ENSG00000175538,KCNE3,protein_coding,11,74454841,74467729,ENSG00000145934,TENM2,protein_coding,5,167284799,168264157,M3,2239,882,0.074100361,10.14395139,0.000371044,0.020703145,0.2383925,0.209063425,0.080016199,No Mediation,No Mediation,No Mediation,M3,M3,53,31,31,2
883,chr7_102543259_C_T_b38,ENSG00000279168,,lncRNA,7,102579104,102679295,ENSG00000224516,,lncRNA,2,232379635,232381674,M4,2240,883,-9.54E-05,0.196390503,-0.000265155,0.025740084,0.364466008,0.187527177,0.194276912,Undirected,Undirected,Undirected,M1.1,M4,51,24,24,1
884,chr15_63145547_G_A_b38,ENSG00000103642,LACTB,protein_coding,15,63121833,63142061,ENSG00000111906,HDDC2,protein_coding,6,125219962,125302078,M3,2242,884,-0.062586531,3.408339864,0.011777567,1.515956274,0.198770097,0.175942991,-0.006268665,No Mediation,No Mediation,No Mediation,M3,M3,45,31,31,4
885,chr17_75667292_A_T_b38,ENSG00000161526,SAP30BP,protein_coding,17,75667251,75708062,ENSG00000164893,SLC7A13,protein_coding,8,86214063,86321146,M3,2244,885,-0.030748055,2.703565254,-1.51E-06,0.004318596,0.214399733,0.173519364,0.044168796,No Mediation,No Mediation,No Mediation,M3,M0.1,55,36,36,1
886,chr8_97776033_G_T_b38,ENSG00000104341,LAPTM4B,protein_coding,8,97775057,97853013,ENSG00000166949,SMAD3,protein_coding,15,67063763,67195173,M3,2245,886,0.004005248,0.990454243,0.001186192,2.211383127,-0.153142095,0.173722229,-0.044539173,No Mediation,No Mediation,No Mediation,M3,M3,45,34,34,3
887,chr19_10559056_A_G_b38,ENSG00000129347,KRI1,protein_coding,19,10553085,10566031,ENSG00000111843,TMEM14C,protein_coding,6,10722915,10731129,M3,2246,887,-0.003406471,3.311421675,0.098162926,5.99733771,0.233420874,0.172773245,-0.036919093,No Mediation,No Mediation,No Mediation,M3,M3,49,34,34,1
888,chr18_2570847_G_C_b38,ENSG00000101574,METTL4,protein_coding,18,2537525,2571509,ENSG00000254827,SLC22A18AS,protein_coding,11,2887344,2903575,M3,2247,888,0.003297943,0.644442269,-0.000448592,0.724370068,0.246101051,0.173922408,-0.000919317,No Mediation,No Mediation,No Mediation,M3,M3,51,27,27,2
889,chr7_102748026_C_T_b38,ENSG00000260097,SPDYE6,protein_coding,7,102345746,102356444,ENSG00000236839,,lncRNA,7,69187833,69189318,M3,2248,889,-0.005051811,0.475316118,-2.59E-05,0.003875532,0.176136366,-0.19475802,-0.006232052,No Mediation,No Mediation,No Mediation,M3,M3,58,27,27,0
890,chr3_119667913_G_A_b38,ENSG00000121577,POPDC2,protein_coding,3,119636457,119665324,ENSG00000234617,SNRK-AS1,lncRNA,3,43346923,43352152,M3,2251,890,0.00261997,0.604218103,0.004440544,0.604027998,0.249476102,0.170668598,0.089404546,No Mediation,No Mediation,No Mediation,M0.1,M0.1,43,33,33,2
891,chr15_41892687_T_A_b38,ENSG00000174171,,lncRNA,15,41892777,41899528,ENSG00000204450,TRIM64,protein_coding,11,89968502,89974072,M3,2254,891,0.00183641,2.405809732,1.89836180613465e-06,0.001728236,0.201434515,0.284261861,0.071350758,No Mediation,No Mediation,No Mediation,M3,M3,55,34,34,1
892,chr2_159266569_C_A_b38,ENSG00000196151,WDSUB1,protein_coding,2,159235798,159286703,ENSG00000111843,TMEM14C,protein_coding,6,10722915,10731129,M3,2257,892,0.004183596,0.931858772,0.098162926,5.99733771,-0.264295256,-0.170960114,0.055409865,No Mediation,No Mediation,No Mediation,M3,M3,51,33,33,0
893,chr17_32746623_T_A_b38,ENSG00000176658,MYO1D,protein_coding,17,32492522,32877177,ENSG00000249945,,lncRNA,4,175457726,175473197,M0,2259,893,0.004671061,0.422390812,1.77845687535885e-05,0.004329361,0.120245671,0.195039186,0.028552159,No Mediation,No Mediation,No Mediation,M3,M3,58,19,19,4
894,chr11_10541543_G_T_b38,ENSG00000177112,IRAG1-AS1,lncRNA,11,10541258,10599936,ENSG00000236279,CLEC2L,protein_coding,7,139523685,139544985,M3,2260,894,0.004889729,1.423991501,0.04447432,1.202480497,-0.212963055,0.216654696,-0.029207992,No Mediation,No Mediation,No Mediation,M3,M3,51,32,32,2
895,chr13_49955472_G_A_b38,ENSG00000204977,TRIM13,protein_coding,13,49995888,50020481,ENSG00000250432,FAM242C,lncRNA,12,54085132,54125992,M3,2261,895,-0.01169257,0.74908314,1.14166379364124e-05,0.03276434,0.233903115,0.183688666,0.028186229,No Mediation,No Mediation,No Mediation,M3,M0.1,49,32,32,1
896,chr8_27301006_T_A_b38,ENSG00000104228,TRIM35,protein_coding,8,27284886,27311272,ENSG00000259448,LINC02352,lncRNA,15,31215622,31224445,M3,2264,896,0.005278628,0.819965004,0.056310131,1.34624332,-0.263871363,-0.171376144,-0.023558166,No Mediation,No Mediation,No Mediation,M3,M3,47,28,28,0
897,chr19_29714541_C_T_b38,ENSG00000131943,C19orf12,protein_coding,19,29698937,29715789,ENSG00000170667,RASA4B,protein_coding,7,102479976,102517777,M3,2266,897,0.005428114,0.726596751,0.000300775,0.254931159,0.24946501,0.192144207,0.076125733,No Mediation,No Mediation,No Mediation,M3,M3,45,24,24,3
898,chrX_2342892_C_T_b38,ENSG00000223571,DHRSX-IT1,lncRNA,X,2334295,2336410,ENSG00000255108,,lncRNA,11,823634,832883,M3,2274,898,0.000591362,0.295813743,-0.000846095,0.215312428,0.329205885,-0.175170521,-0.052178565,No Mediation,No Mediation,Undirected,M3,M4,48,22,22,1
899,chr11_18597951_GCT_G_b38,ENSG00000151116,UEVLD,protein_coding,11,18529609,18588747,ENSG00000185290,NUPR2,protein_coding,7,56114681,56116417,M3,2276,899,0.002019353,0.589935044,0.001464308,0.422724621,0.279349544,-0.184780827,-0.058525837,No Mediation,No Mediation,No Mediation,M3,M3,56,31,31,0
900,chr1_54760830_A_C_b38,ENSG00000162396,PARS2,protein_coding,1,54756898,54764523,ENSG00000171962,DRC3,protein_coding,17,17972813,18016889,M3,2277,900,-3.23E-05,0.237302081,-0.000883938,0.092826829,-0.315798609,-0.17217618,0.011909985,No Mediation,No Mediation,No Mediation,M0.1,M0.1,42,30,30,2
901,chr3_9788534_C_T_b38,ENSG00000171148,TADA3,protein_coding,3,9779967,9793011,ENSG00000174937,OR5M3,protein_coding,11,56469274,56473352,M3,2284,901,-0.11209102,11.73070545,3.43663887016096e-05,0.00992401,0.196485121,0.174315378,0.027077955,No Mediation,No Mediation,No Mediation,M3,M0.1,61,30,30,2
902,chr5_67204634_TTAG_T_b38,ENSG00000069020,MAST4,protein_coding,5,66596361,67169595,ENSG00000276968,,lncRNA,13,48041751,48042184,M3,2285,902,0.001642025,0.286889042,-0.004306358,0.483110676,-0.250580604,0.19433021,-0.05224434,No Mediation,No Mediation,No Mediation,M3,M3,50,33,33,1
903,chr5_78411054_T_C_b38,ENSG00000085365,SCAMP1,protein_coding,5,78360611,78480739,ENSG00000174456,C12orf76,protein_coding,12,110027028,110073634,M3,2288,903,-0.001946216,0.642289583,0.001672925,0.637647098,-0.2538133,0.178553788,-0.008477076,No Mediation,No Mediation,No Mediation,M3,M3,46,33,33,2
904,chr22_43165976_C_T_b38,ENSG00000100300,TSPO,protein_coding,22,43151547,43163242,ENSG00000126216,TUBGCP3,protein_coding,13,112485011,112588205,M0,2289,904,513.0564195,747.0874618,-0.016832509,1.81532448,0.079527067,-0.176857887,-0.028098159,No Mediation,No Mediation,No Mediation,M0.2,M0.2,58,35,35,2
905,chr2_24107394_T_C_b38,ENSG00000219626,FAM228B,protein_coding,2,24076526,24169640,ENSG00000174721,FGFBP3,protein_coding,10,91906584,91909486,M3,2290,905,0.000360443,0.446341134,0.001937159,0.207647655,0.224458271,-0.184906405,-0.023155025,No Mediation,No Mediation,No Mediation,M3,M3,51,32,32,0
906,chr1_26224136_G_A_b38,ENSG00000130695,CEP85,protein_coding,1,26234200,26278808,ENSG00000260402,,lncRNA,16,32262827,32265514,M3,2291,906,-0.008405173,0.539673079,-2.83E-05,0.006320508,0.279539258,0.1873987,0.044120696,No Mediation,No Mediation,No Mediation,M3,M0.1,51,29,29,2
907,chr17_29732952_T_C_b38,ENSG00000141298,SSH2,protein_coding,17,29625938,29930276,ENSG00000081014,AP4E1,protein_coding,15,50908672,51005895,M3,2294,907,-0.026034388,11.32520848,-0.000702289,0.288661776,-0.188753425,-0.188266889,-0.076424695,No Mediation,No Mediation,No Mediation,M3,M3,58,40,40,1
908,chr19_58346865_GC_G_b38,ENSG00000121410,A1BG,protein_coding,19,58345178,58353492,ENSG00000185290,NUPR2,protein_coding,7,56114681,56116417,M3,2301,908,0.002634834,0.744805401,0.001464308,0.422724621,0.21480922,-0.27215149,-0.030689314,No Mediation,No Mediation,No Mediation,M3,M3,42,24,24,2
909,chr20_2848512_A_G_b38,ENSG00000215305,VPS16,protein_coding,20,2840703,2866732,ENSG00000260629,BGLT3,lncRNA,11,5244554,5245546,M3,2305,909,-0.106619836,4.617324982,0.012017195,0.925660352,-0.181619892,0.173665341,-0.034311207,No Mediation,No Mediation,No Mediation,M3,M3,49,26,26,4
910,chr6_118839328_C_T_b38,ENSG00000111875,ASF1A,protein_coding,6,118894152,118909171,ENSG00000272205,POU2F1-DT,lncRNA,1,167219831,167220512,M3,2311,910,0.002342406,0.961674116,-0.005638412,0.5624266,0.299936271,0.182538461,0.138913013,No Mediation,No Mediation,No Mediation,M3,M3,50,34,34,3
911,chr10_46066076_C_T_b38,ENSG00000266412,NCOA4,protein_coding,10,46005088,46030623,ENSG00000205038,PKHD1L1,protein_coding,8,109362461,109537207,M3,2316,911,3.768221343,65.11837831,0.000979612,0.15067141,0.13153532,-0.181190381,-0.029031848,No Mediation,No Mediation,No Mediation,M0.1,M0.1,44,34,34,4
912,chr17_36513312_A_G_b38,ENSG00000278259,MYO19,protein_coding,17,36495636,36543435,ENSG00000234380,LINC01426,lncRNA,21,34745757,34784886,M3,2322,912,0.000260839,0.414512749,-0.000166115,0.025738795,-0.23345369,-0.176296043,0.037798814,No Mediation,No Mediation,No Mediation,M3,M3,51,33,33,1
913,chr6_122399668_T_TGCCGTAGCTGCC_b38,ENSG00000111897,SERINC1,protein_coding,6,122443351,122471807,ENSG00000256436,TAS2R31,protein_coding,12,11030387,11031407,M3,2326,913,-0.430799795,28.25146765,-0.000304456,0.100136445,-0.17182437,0.189002486,-0.038269294,No Mediation,No Mediation,No Mediation,M3,M3,59,37,37,0
914,chr19_2775725_C_T_b38,ENSG00000104969,SGTA,protein_coding,19,2754715,2783362,ENSG00000247867,,lncRNA,11,75758455,75768647,M3,2328,914,-0.071999237,2.990685289,-2.47E-05,0.007867618,0.181444719,-0.187388176,-0.017192401,No Mediation,No Mediation,Cis Mediated,M3,M3,53,26,26,3
915,chr20_62201126_G_A_b38,ENSG00000101181,MTG2,protein_coding,20,62183028,62203568,ENSG00000177462,OR2T8,protein_coding,1,247920252,247923152,M3,2329,915,-0.003669635,1.707738351,0.008376098,0.191743758,0.191137064,0.183218153,0.055807899,No Mediation,No Mediation,No Mediation,M3,M3,46,31,31,2
916,chr20_43668004_A_C_b38,ENSG00000101057,MYBL2,protein_coding,20,43667019,43716495,ENSG00000254389,RHPN1-AS1,lncRNA,8,143366631,143368548,M3,2333,916,0.103158839,8.645125545,-0.001068763,0.162308848,-0.186718568,-0.178184619,0.010329465,No Mediation,No Mediation,No Mediation,M3,M3,60,20,20,0
917,chr22_42649614_CG_C_b38,ENSG00000100243,CYB5R3,protein_coding,22,42617840,42649392,ENSG00000204450,TRIM64,protein_coding,11,89968502,89974072,M0,2334,917,0.625220214,12.10916642,1.89836180613465e-06,0.001728236,-0.108515338,0.219888277,-0.0413161,No Mediation,No Mediation,No Mediation,M3,M3,51,32,32,3
918,chr7_140062981_A_G_b38,ENSG00000059378,PARP12,protein_coding,7,140023749,140062951,ENSG00000248491,,lncRNA,4,127094410,127470569,M0,2338,918,-0.048834094,6.566073105,5.59805555487618e-05,0.010165021,-0.111169034,0.355145003,-0.04286108,No Mediation,No Mediation,No Mediation,M3,M3,53,39,39,5
919,chr12_25221263_C_T_b38,ENSG00000205707,ETFRF1,protein_coding,12,25195216,25209645,ENSG00000115274,INO80B,protein_coding,2,74455087,74457944,M3,2340,919,0.008923958,1.012435141,0.209096131,4.858997686,0.256852086,0.194195012,0.085371008,No Mediation,No Mediation,No Mediation,M0.1,M0.1,54,33,33,3
920,chr15_40029150_C_A_b38,ENSG00000128829,EIF2AK4,protein_coding,15,39934115,40035591,ENSG00000260581,,lncRNA,5,151652275,151655449,M3,2346,920,0.004892472,0.426219179,-0.000102915,0.054827607,-0.25492932,0.174997869,-0.075358392,No Mediation,No Mediation,No Mediation,M3,M3,52,35,35,2
921,chr16_57676667_T_C_b38,ENSG00000182885,ADGRG3,protein_coding,16,57668277,57689378,ENSG00000197992,CLEC9A,protein_coding,12,10030678,10066031,M0,2348,921,72.56573979,286.806133,-0.00076256,0.374387895,-0.043845778,-0.210894613,0.087346952,No Mediation,No Mediation,No Mediation,M0.2,M0.2,49,26,26,3
922,chr19_12766150_G_C_b38,ENSG00000167815,PRDX2,protein_coding,19,12796820,12801800,ENSG00000215014,,lncRNA,1,1574102,1577075,M0,2349,922,12.98685804,119.2176182,-0.000201272,0.155214556,0.029999698,-0.184263124,0.008182083,No Mediation,No Mediation,No Mediation,M0.2,M0.2,49,25,25,4
923,chr20_49323953_T_G_b38,ENSG00000124201,ZNFX1,protein_coding,20,49237946,49278426,ENSG00000241599,,lncRNA,1,160446,161525,M0,2352,923,-0.037935298,5.63506638,-0.000729227,0.063151837,-0.121493441,0.171297257,-0.0326482,No Mediation,No Mediation,No Mediation,M3,M0.1,52,29,29,3
924,chr19_10653111_C_T_b38,ENSG00000267100,ILF3-DT,lncRNA,19,10651862,10653844,ENSG00000105655,ISYNA1,protein_coding,19,18434388,18438167,M4,2353,924,0.028217686,3.277988323,0.017711519,4.412347684,0.299516,0.283307593,0.343135168,Undirected,Undirected,Undirected,M4,M1.1,63,40,40,2
925,chr7_158874488_C_T_b38,ENSG00000126870,DYNC2I1,protein_coding,7,158856558,158956747,ENSG00000160208,RRP1B,protein_coding,21,43659560,43696079,M3,2354,925,0.002152701,0.365143762,-0.006632968,0.674117436,-0.287153536,-0.17190326,0.11707607,No Mediation,No Mediation,Undirected,M0.1,M1.1,53,34,34,2
926,chr19_1811131_A_G_b38,ENSG00000130270,ATP8B3,protein_coding,19,1782075,1812276,ENSG00000143545,RAB13,protein_coding,1,153981617,153986358,M3,2355,926,0.00297304,0.372292609,0.103372257,4.44101792,0.212049913,-0.172642081,-0.037344104,No Mediation,No Mediation,No Mediation,M3,M3,57,39,39,2
927,chr8_42174368_G_A_b38,ENSG00000070718,AP3M2,protein_coding,8,42152946,42171673,ENSG00000127125,PPCS,protein_coding,1,42456117,42473385,M3,2356,927,0.001350574,1.097546563,-0.02579247,1.976293336,-0.138532839,0.172875824,-0.003743186,No Mediation,No Mediation,No Mediation,M3,M3,43,32,32,4
928,chr20_36950277_A_G_b38,ENSG00000101347,SAMHD1,protein_coding,20,36890229,36951893,ENSG00000100393,EP300,protein_coding,22,41092592,41180077,M0,2358,928,-0.68770886,27.03587244,-0.015249549,2.676442996,0.122956131,0.172544177,0.080619909,No Mediation,No Mediation,Undirected,M3,M3,49,26,26,4
929,chr12_120514505_A_C_b38,ENSG00000257218,GATC,protein_coding,12,120446444,120463749,ENSG00000259448,LINC02352,lncRNA,15,31215622,31224445,M3,2360,929,-0.001246137,1.284837105,0.056310131,1.34624332,-0.217877476,-0.234014769,0.006185256,No Mediation,No Mediation,Undirected,M3,M3,42,27,27,2
930,chr14_95984390_G_A_b38,ENSG00000227051,C14orf132,protein_coding,14,96039362,96093971,ENSG00000227342,LINC00307,lncRNA,21,30209151,30211783,M3,2361,930,0.00112959,0.147998857,5.70258708486013e-06,0.008063458,-0.219071616,0.253301899,-0.089586934,No Mediation,No Mediation,No Mediation,M3,M3,36,23,23,4
931,chr10_124745001_C_G_b38,ENSG00000203791,EEF1AKMT2,protein_coding,10,124748149,124791887,ENSG00000170632,ARMC10,protein_coding,7,103074881,103099759,M3,2363,931,-0.002094175,0.277854506,-0.0016035,1.26149962,-0.275100312,-0.189783897,0.047034749,No Mediation,No Mediation,No Mediation,M3,M3,48,29,29,4
932,chr11_57758411_A_G_b38,ENSG00000156603,MED19,protein_coding,11,57703714,57712323,ENSG00000105793,GTPBP10,protein_coding,7,90335223,90391453,M4,2364,932,-0.002060022,0.847263357,0.001217044,0.151183104,0.303330315,-0.183847558,-0.152708012,No Mediation,No Mediation,No Mediation,M3,M3,44,30,30,1
933,chr13_39641699_T_A_b38,ENSG00000133103,COG6,protein_coding,13,39655627,39791665,ENSG00000196705,ZNF431,protein_coding,19,21142024,21196053,M3,2368,933,0.002102427,0.210408982,0.003497497,0.329051176,0.256257887,0.172635045,0.054833175,No Mediation,No Mediation,No Mediation,M3,M3,47,28,28,1
934,chr13_25275445_C_A_b38,ENSG00000139505,MTMR6,protein_coding,13,25246222,25287488,ENSG00000223815,DIAPH3-AS2,lncRNA,13,60144648,60153678,M3,2369,934,-0.028179218,2.327644581,1.75817960770297e-06,0.012747357,-0.212129527,-0.198444071,0.085224232,No Mediation,No Mediation,No Mediation,M3,M3,46,20,20,2
935,chr20_45359558_T_C_b38,ENSG00000204070,SYS1,protein_coding,20,45361937,45376798,ENSG00000231023,LINC00326,lncRNA,6,132954257,133107410,M3,2372,935,-0.002612465,1.21047447,7.84321603519015e-05,0.007961713,0.247516802,-0.17833992,-0.046183609,No Mediation,No Mediation,No Mediation,M3,M3,48,29,29,1
936,chr22_39958545_T_TTGAA_b38,ENSG00000225528,,protein_coding,22,39960397,39964718,ENSG00000138175,ARL3,protein_coding,10,102673731,102714397,M3,2373,936,0.045426793,1.754819171,0.007226665,0.924761321,-0.160484851,0.17139062,-0.04466302,No Mediation,No Mediation,No Mediation,M0.1,M0.1,52,38,38,1
937,chr12_9668986_G_C_b38,ENSG00000069493,CLEC2D,protein_coding,12,9664969,9699553,ENSG00000170632,ARMC10,protein_coding,7,103074881,103099759,M0,2374,937,-0.083703684,3.428519894,-0.0016035,1.26149962,0.083019954,-0.199959364,-0.135245984,No Mediation,No Mediation,Undirected,M2.2,M2.2,45,34,34,6
938,chr19_38873944_C_T_b38,ENSG00000269050,,lncRNA,19,38870159,38873763,ENSG00000250509,,lncRNA,5,180416949,180443240,M3,2375,938,-0.004164253,0.714663517,0.000138628,0.030908395,0.3381123,0.196381455,0.085397655,No Mediation,No Mediation,No Mediation,M3,M3,50,25,25,1
939,chr19_53145820_A_G_b38,ENSG00000170954,ZNF415,protein_coding,19,53107879,53133077,ENSG00000278601,,lncRNA,10,110907483,110908182,M3,2376,939,0.00079708,0.156450739,0.00239229,0.440066966,-0.339451853,-0.205540513,0.044798451,No Mediation,No Mediation,No Mediation,M3,M3,55,28,28,0
940,chr2_99118589_G_T_b38,ENSG00000144182,LIPT1,protein_coding,2,99154955,99163157,ENSG00000137267,TUBB2A,protein_coding,6,3153497,3157544,M3,2378,940,0.000805228,0.41864819,0.725591691,12.0861568,0.302485788,-0.200634023,-0.02657985,No Mediation,No Mediation,No Mediation,M3,M3,40,24,24,2
941,chr19_46469097_A_T_b38,ENSG00000182013,PNMA8A,protein_coding,19,46466491,46471563,ENSG00000173113,TRMT112,protein_coding,11,64316460,64317559,M0,2385,941,0.00138199,0.162854147,0.283155042,9.458829618,0.121740662,0.182057888,0.052923832,Undirected,Undirected,Undirected,M4,M4,52,37,37,4
942,chr6_24427801_A_G_b38,ENSG00000124532,MRS2,protein_coding,6,24402908,24426194,ENSG00000278960,,lncRNA,22,25756318,25756669,M3,2386,942,0.003112241,0.378768212,5.11563191804583e-05,0.025472,0.315178964,0.205779118,0.139037554,No Mediation,No Mediation,No Mediation,M0.1,M0.1,53,35,35,1
943,chr22_29784012_A_G_b38,ENSG00000100330,MTMR3,protein_coding,22,29883169,30030868,ENSG00000265100,,lncRNA,17,68246629,68247938,M3,2387,943,-0.022121641,4.225152773,-0.005368507,0.573301067,0.266752124,-0.198918882,-0.002961325,No Mediation,No Mediation,No Mediation,M3,M3,59,37,37,2
944,chr22_24603282_G_A_b38,ENSG00000178026,LRRC75B,protein_coding,22,24585620,24593208,ENSG00000255171,LINC01499,lncRNA,11,41714534,41857733,M3,2394,944,-0.000950619,1.430721422,3.64871719868271e-05,0.002850254,0.338174535,0.379978096,0.068319792,No Mediation,No Mediation,No Mediation,M3,M3,50,29,29,2
945,chr6_73654420_CTACCTCGTGACTGTGGCGGCATATT_C_b38,ENSG00000119899,SLC17A5,protein_coding,6,73593379,73653992,ENSG00000179151,EDC3,protein_coding,15,74630558,74696292,M3,2395,945,-0.029886127,1.176548112,-0.003094104,1.107672621,-0.21836119,0.195859103,-0.154774768,No Mediation,No Mediation,No Mediation,M3,M3,41,27,27,2
946,chr13_109265867_T_C_b38,ENSG00000236242,MYO16-AS1,lncRNA,13,109163902,109201483,ENSG00000109736,MFSD10,protein_coding,4,2930561,2934834,M3,2396,946,0.005595989,0.683012697,0.097173583,13.94594426,-0.197254907,0.179643642,0.008903652,No Mediation,No Mediation,No Mediation,M0.1,M0.1,53,38,38,2
947,chr9_114796423_C_T_b38,ENSG00000181634,TNFSF15,protein_coding,9,114784652,114806039,ENSG00000145868,FBXO38,protein_coding,5,148383935,148442836,M0,2399,947,-0.01067672,0.813850268,-0.068761116,3.468082478,-0.106676296,0.173848221,-0.043525204,No Mediation,No Mediation,Undirected,M0.2,M0.2,50,40,40,1
948,chr5_173059736_A_G_b38,ENSG00000113734,BNIP1,protein_coding,5,173144442,173164387,ENSG00000272855,,lncRNA,1,76636877,76637339,M3,2400,948,4.05337828308789e-05,0.470673233,3.01373196390472e-05,0.276880392,-0.259777237,0.191521594,-0.050795155,No Mediation,No Mediation,No Mediation,M3,M3,47,35,35,1
949,chr11_78123257_C_T_b38,ENSG00000151366,NDUFC2,protein_coding,11,78068297,78079862,ENSG00000258795,,lncRNA,14,98497132,98514798,M3,2408,949,-0.069545644,4.870439784,-3.16E-07,0.003838548,-0.21988423,0.192310377,-0.048923005,No Mediation,No Mediation,No Mediation,M3,M0.1,56,24,24,3
950,chr19_10836325_C_T_b38,ENSG00000099203,TMED1,protein_coding,19,10832067,10836318,ENSG00000257787,,lncRNA,12,90809207,90810689,M3,2409,950,0.001407364,4.244991243,-4.15E-05,0.004245672,-0.238054976,0.318292559,0.00768599,Undirected,Undirected,Undirected,M4,M4,61,22,22,1
951,chr2_121285174_A_T_b38,ENSG00000115112,TFCP2L1,protein_coding,2,121216587,121285202,ENSG00000229671,LINC01150,lncRNA,11,1897015,1908656,M3,2412,951,0.000980762,0.149701466,0.000801091,0.510483297,0.287378331,-0.174439413,-0.037448324,No Mediation,No Mediation,No Mediation,M3,M3,53,21,21,0
952,chr3_11846785_C_G_b38,ENSG00000144559,TAMM41,protein_coding,3,11790442,11846919,ENSG00000132589,FLOT2,protein_coding,17,28879335,28897733,M3,2414,952,0.002592856,0.397006387,333.27409,640.3944857,-0.242423874,0.169789326,0.017893667,No Mediation,No Mediation,No Mediation,M3,M3,55,26,26,0
953,chr6_18171246_G_A_b38,ENSG00000165097,KDM1B,protein_coding,6,18155329,18223854,ENSG00000181781,ODF3L2,protein_coding,19,463346,474983,M3,2415,953,0.003301487,2.158561032,0.000740979,0.117449281,0.143230127,-0.196349933,0.045451482,No Mediation,No Mediation,No Mediation,M3,M0.1,56,41,41,2
954,chr16_84184959_T_C_b38,ENSG00000103168,TAF1C,protein_coding,16,84177847,84187070,ENSG00000144218,AFF3,protein_coding,2,99545419,100192428,M3,2417,954,-0.035482803,3.901311501,-0.00371101,0.582681777,-0.247108153,0.203493986,-0.130567383,Undirected,Undirected,Undirected,M1.1,M0.1,41,31,31,6
955,chr16_84570701_G_C_b38,ENSG00000140950,MEAK7,protein_coding,16,84476355,84554033,ENSG00000275197,,lncRNA,12,25225103,25225665,M3,2419,955,-0.000797558,0.272642852,-0.000804793,0.192593997,0.291583168,0.171816061,-0.004857568,No Mediation,No Mediation,Undirected,M3,M3,55,35,35,0
956,chr2_27427062_T_G_b38,ENSG00000115216,NRBP1,protein_coding,2,27427790,27442259,ENSG00000168255,POLR2J3,protein_coding,7,102537918,102572653,M3,2422,956,0.097902287,6.710101103,-0.004200583,0.918447079,-0.201514,0.216850956,-0.086141175,No Mediation,No Mediation,No Mediation,M3,M3,52,34,34,3
957,chr18_41950846_G_A_b38,ENSG00000078142,PIK3C3,protein_coding,18,41955234,42087830,ENSG00000176024,ZNF613,protein_coding,19,51927147,51948759,M3,2423,957,0.000869645,0.534369629,-0.000473944,0.39339106,-0.190208267,0.195503109,0.031063265,No Mediation,No Mediation,No Mediation,M3,M3,55,36,36,1
958,chr16_4343375_A_C_b38,ENSG00000217930,PAM16,protein_coding,16,4331549,4355607,ENSG00000274419,TBC1D3D,protein_coding,17,38003976,38014902,M3,2424,958,-0.046995508,2.296113208,-0.004420253,0.792225763,-0.214139616,0.239785406,-0.072400644,No Mediation,No Mediation,Undirected,M3,M3,51,35,35,0
959,chr17_45391440_C_T_b38,ENSG00000267344,,lncRNA,17,45396932,45397477,ENSG00000238083,LRRC37A2,protein_coding,17,46511511,46555650,M3,2427,959,-0.018969391,6.340942525,0.005699988,1.298088711,0.193977151,-0.21162699,0.044955402,No Mediation,No Mediation,No Mediation,M3,M3,54,35,35,4
960,chr16_30090275_C_A_b38,ENSG00000250616,,lncRNA,16,30096430,30104116,ENSG00000100288,CHKB,protein_coding,22,50578959,50601455,M3,2432,960,0.040106784,7.370781163,-0.048770773,10.1425299,0.142093486,0.173041758,-0.014485699,No Mediation,No Mediation,No Mediation,M3,M0.1,62,32,32,1
961,chr5_133091159_GTT_G_b38,ENSG00000170606,HSPA4,protein_coding,5,133052013,133106449,ENSG00000228073,,lncRNA,2,189095063,189096158,M3,2433,961,-0.03830524,5.111876081,-2.45E-05,0.006063841,-0.124138719,0.203175369,0.017376455,Trans Mediated,Trans Mediated,Undirected,M0.1,M1.1,41,36,36,9
962,chr18_45983056_C_T_b38,ENSG00000152229,PSTPIP2,protein_coding,18,45983536,46072272,ENSG00000185290,NUPR2,protein_coding,7,56114681,56116417,M0,2440,962,0.021862656,36.18621929,0.001464308,0.422724621,0.108073755,0.196348816,0.091197023,No Mediation,No Mediation,No Mediation,M3,M3,55,29,29,0
963,chr10_97430733_C_T_b38,ENSG00000171314,PGAM1,protein_coding,10,97426191,97433444,ENSG00000204006,C1orf185,protein_coding,1,51102221,51148086,M0,2441,963,-0.005757762,22.42394259,9.16603080440836e-05,0.008995611,-0.08776363,0.221599265,-0.031532821,No Mediation,No Mediation,No Mediation,M3,M3,38,22,22,4
964,chr1_32664705_C_G_b38,ENSG00000162521,RBBP4,protein_coding,1,32651142,32686211,ENSG00000170632,ARMC10,protein_coding,7,103074881,103099759,M3,2442,964,-0.023077605,1.580226532,-0.0016035,1.26149962,0.288933423,-0.313476839,-0.089020902,No Mediation,No Mediation,Cis Mediated,M3,M3,50,34,34,3
965,chr16_15593652_GAAAC_G_b38,ENSG00000166780,BMERB1,protein_coding,16,15434475,15625028,ENSG00000238156,,lncRNA,6,75454944,75458900,M3,2443,965,-0.002743714,0.549735712,1.92634607968225e-05,0.006490037,-0.22970664,0.189715802,-0.080927565,No Mediation,No Mediation,No Mediation,M3,M3,47,27,27,1
966,chr21_46286621_C_A_b38,ENSG00000160294,MCM3AP,protein_coding,21,46235133,46286297,ENSG00000230433,,lncRNA,6,524171,525581,M3,2445,966,-0.014990723,1.542995134,0.00186187,0.203536537,0.233054596,-0.177164728,-0.033786267,No Mediation,No Mediation,Undirected,M3,M3,47,35,35,3
967,chr19_662327_G_C_b38,ENSG00000070423,RNF126,protein_coding,19,647526,663233,ENSG00000153714,LURAP1L,protein_coding,9,12775020,12823060,M3,2447,967,0.178151018,9.051815054,-0.001939263,0.168475388,-0.177869184,0.238535003,-0.018016763,No Mediation,No Mediation,No Mediation,M3,M3,45,32,32,1
968,chr10_32777511_TC_T_b38,ENSG00000216937,CCDC7,protein_coding,10,32446140,32882874,ENSG00000232964,LINC01737,lncRNA,1,230592660,230595583,M3,2448,968,-0.00045092,0.072598058,5.70714593180386e-05,0.009297773,0.244820417,0.205657457,0.018842254,No Mediation,No Mediation,No Mediation,M3,M3,55,27,27,0
969,chr21_42555993_G_T_b38,ENSG00000235772,,lncRNA,21,42560374,42561934,ENSG00000223547,ZNF844,protein_coding,19,12064731,12081565,M3,2452,969,-0.001263139,0.314799867,0.003708307,0.744165189,-0.241654356,0.174690681,-0.072617881,No Mediation,No Mediation,No Mediation,M3,M3,49,32,32,5
970,chr9_133402955_G_A_b38,ENSG00000148290,SURF1,protein_coding,9,133351758,133356676,ENSG00000111843,TMEM14C,protein_coding,6,10722915,10731129,M4,2453,970,0.07755412,5.395664246,0.098162926,5.99733771,-0.201454978,0.1735812,0.106135486,No Mediation,No Mediation,No Mediation,M3,M3,48,37,37,0
971,chr7_44759748_T_C_b38,ENSG00000122515,ZMIZ2,protein_coding,7,44748581,44769881,ENSG00000269707,,lncRNA,2,104853285,104927722,M3,2457,971,-0.045198213,4.858753537,0.000168526,0.024178491,-0.177376362,0.193525063,0.017823207,No Mediation,No Mediation,Undirected,M3,M3,45,34,34,4
972,chr1_65429130_G_A_b38,ENSG00000116678,LEPR,protein_coding,1,65420652,65641559,ENSG00000184385,UMODL1-AS1,lncRNA,21,42102134,42108534,M3,2458,972,0.002782452,0.132361307,-0.009331812,6.016888278,0.273861944,0.217452279,0.014754086,No Mediation,No Mediation,No Mediation,M3,M3,52,10,10,2
973,chr4_6668588_C_T_b38,ENSG00000251580,LINC02482,lncRNA,4,6648695,6673965,ENSG00000283001,,lncRNA,9,104519847,104537194,M3,2462,973,0.002222495,0.549808044,5.96674553971345e-05,0.005339994,-0.295337666,0.191432994,-0.058232469,No Mediation,No Mediation,No Mediation,M3,M0.1,47,25,25,1
974,chr1_19303649_G_A_b38,ENSG00000053371,AKR7A2,protein_coding,1,19303965,19312144,ENSG00000242545,,lncRNA,3,59464330,59510678,M3,2463,974,0.010257899,3.322221877,8.77257721881438e-06,0.001791318,-0.179651239,0.510963077,-0.042929673,No Mediation,No Mediation,No Mediation,M3,M3,58,20,20,1
975,chr5_134741122_G_A_b38,ENSG00000164615,CAMLG,protein_coding,5,134738495,134752157,ENSG00000233735,,lncRNA,1,240177839,240179644,M3,2466,975,-0.002661292,2.273757721,-3.95E-05,0.005810232,0.195631374,0.185343678,0.032794207,No Mediation,No Mediation,No Mediation,M3,M3,58,25,25,3
976,chr11_69056239_G_A_b38,ENSG00000162341,TPCN2,protein_coding,11,69048932,69136316,ENSG00000268618,,lncRNA,19,8549506,8550139,M3,2469,976,-0.010934741,1.176239824,-0.025275247,3.119257219,0.249835656,-0.346776006,-0.094568793,No Mediation,No Mediation,No Mediation,M3,M3,59,35,35,0
977,chr12_101919312_G_GTTT_b38,ENSG00000136048,DRAM1,protein_coding,12,101877580,102012130,ENSG00000184428,TOP1MT,protein_coding,8,143304384,143359979,M4,2470,977,-0.075468969,5.904544895,0.006999735,3.075825754,0.235678934,0.238886168,0.218264696,Cis Mediated,Cis Mediated,Undirected,M4,M4,57,21,21,1
978,chr16_128736_C_G_b38,ENSG00000103148,NPRL3,protein_coding,16,84271,138677,ENSG00000224851,LINC00502,lncRNA,10,91033157,91062164,M3,2471,978,4.315021785,43.30191041,3.25430019129e-05,0.004810934,0.171917393,0.205930049,0.015205649,No Mediation,No Mediation,No Mediation,M0.1,M0.1,29,26,26,7
979,chr16_29118060_A_C_b38,ENSG00000103472,RRN3P2,lncRNA,16,29074976,29116718,ENSG00000183560,IZUMO1R,protein_coding,11,94305592,94307721,M3,2475,979,-0.001073406,1.31989605,5.89815410883114e-05,0.01411459,-0.26789278,-0.179414982,-0.044483161,No Mediation,No Mediation,No Mediation,M3,M3,46,26,26,1
980,chr10_89838417_G_T_b38,ENSG00000232229,LINC00865,lncRNA,10,89829483,89840861,ENSG00000203972,GLYATL3,protein_coding,6,49499923,49528078,M4,2476,980,-0.000628421,0.12558859,9.21121938707943e-05,0.011112705,0.375308788,0.204115617,0.148308502,No Mediation,No Mediation,Cis Mediated,M4,M4,44,20,20,1
981,chr6_17601622_T_C_b38,ENSG00000137414,FAM8A1,protein_coding,6,17600302,17611715,ENSG00000104687,GSR,protein_coding,8,30678066,30727846,M3,2478,981,-0.057502457,8.026571687,-0.071385596,10.42420853,0.13987078,0.189195011,0.039396928,No Mediation,No Mediation,No Mediation,M3,M0.1,53,36,36,3
982,chr10_15197499_A_G_b38,ENSG00000152465,NMT2,protein_coding,10,15102584,15168693,ENSG00000251072,LMNB1-DT,lncRNA,5,126751963,126776486,M3,2484,982,-0.004836801,0.687984523,0.000337408,0.060726534,-0.272316372,-0.178205293,0.029626175,No Mediation,No Mediation,No Mediation,M3,M3,49,34,34,0
983,chr2_207662814_C_T_b38,ENSG00000224137,LINC01857,lncRNA,2,207662375,207667024,ENSG00000213088,ACKR1,protein_coding,1,159203307,159206500,M3,2486,983,0.0276286,3.99572088,0.245860948,5.364410084,0.21017494,0.190184669,0.017932491,No Mediation,No Mediation,No Mediation,M3,M3,46,26,26,2
984,chr17_68186717_T_C_b38,ENSG00000267731,,lncRNA,17,68189884,68192802,ENSG00000213563,C8orf82,protein_coding,8,144525733,144529132,M3,2487,984,-7.92E-05,0.281368748,0.004944939,1.001954244,-0.205245052,-0.199755138,-0.066640607,No Mediation,No Mediation,No Mediation,M3,M3,49,37,37,5
985,chr7_66143852_G_C_b38,ENSG00000179406,LINC00174,lncRNA,7,66376044,66493566,ENSG00000232408,,lncRNA,2,130583549,130590463,M3,2489,985,-0.0141281,1.221881711,-7.12E-06,0.014195537,0.159419757,0.278770604,0.070314011,No Mediation,No Mediation,No Mediation,M3,M3,61,26,26,1
986,chr2_179194900_C_A_b38,ENSG00000187231,SESTD1,protein_coding,2,179101678,179264832,ENSG00000225172,,lncRNA,1,198973379,198985506,M3,2490,986,-0.005777457,0.581992433,-6.92E-05,0.02539137,0.264869744,0.170878982,0.061561332,No Mediation,No Mediation,No Mediation,M3,M3,37,16,16,2
987,chr7_99521178_C_T_b38,ENSG00000196652,ZKSCAN5,protein_coding,7,99504662,99534700,ENSG00000171446,KRT27,protein_coding,17,40776808,40782550,M3,2496,987,-0.001451467,0.355047634,0.00013627,0.042391138,-0.315940288,0.216549456,-0.049927941,No Mediation,No Mediation,No Mediation,M3,M3,57,27,27,0
988,chr17_2045932_C_T_b38,ENSG00000108963,DPH1,protein_coding,17,2030137,2043898,ENSG00000137501,SYTL2,protein_coding,11,85694224,85811159,M4,2497,988,0.045669017,1.255152343,-0.006031501,0.807061247,0.299648413,-0.174904375,-0.211821483,Undirected,Undirected,Undirected,M0.1,M0.1,50,35,35,1
989,chr19_19835828_A_G_b38,ENSG00000081665,ZNF506,protein_coding,19,19785839,19821751,ENSG00000145757,SPATA9,protein_coding,5,95652181,95698711,M3,2500,989,0.001701976,0.796601549,0.001779007,0.108882691,0.233266969,0.195601252,0.034636632,No Mediation,No Mediation,No Mediation,M3,M3,37,24,24,3
990,chr11_75504376_A_C_b38,ENSG00000158555,GDPD5,protein_coding,11,75434640,75525941,ENSG00000137267,TUBB2A,protein_coding,6,3153497,3157544,M4,2502,990,0.033769971,2.90568517,0.725591691,12.0861568,-0.273519681,-0.190582853,0.164089019,No Mediation,No Mediation,No Mediation,M3,M3,44,23,23,2
991,chr11_134412835_T_C_b38,ENSG00000109956,B3GAT1,protein_coding,11,134378504,134412242,ENSG00000133858,ZFC3H1,protein_coding,12,71609599,71667725,M3,2504,991,-0.01173838,1.520576219,-0.020064941,1.792776203,-0.208588226,0.21312209,0.076948114,No Mediation,No Mediation,No Mediation,M3,M3,61,43,43,3
992,chr15_78131254_A_C_b38,ENSG00000136425,CIB2,protein_coding,15,78104606,78131535,ENSG00000174137,FAM53A,protein_coding,4,1617915,1684261,M3,2506,992,-0.001439219,0.415990801,0.000250737,0.105177195,0.196287243,0.187109807,0.006197014,No Mediation,No Mediation,No Mediation,M3,M3,56,22,22,0
993,chr20_62939856_C_A_b38,ENSG00000101194,SLC17A9,protein_coding,20,62952707,62969585,ENSG00000111906,HDDC2,protein_coding,6,125219962,125302078,M3,2507,993,-0.004077117,1.90152971,0.011777567,1.515956274,-0.145088475,0.196583354,-0.066060787,Undirected,Undirected,Undirected,M4,M4,46,33,33,2
994,chrX_153785130_C_T_b38,ENSG00000184343,SRPK3,protein_coding,X,153776412,153785732,ENSG00000273104,,lncRNA,21,34412200,34412587,M0,2508,994,-0.002852961,0.437510524,-6.48E-05,0.006052737,-0.083172357,0.366988549,-0.039510257,No Mediation,No Mediation,No Mediation,M3,M3,48,27,27,5
995,chr3_42732656_C_T_b38,ENSG00000244607,CCDC13,protein_coding,3,42705756,42773253,ENSG00000013523,ANGEL1,protein_coding,14,76786009,76826246,M4,2510,995,-0.001384083,0.253932311,-0.002266235,0.55897841,0.35020482,0.19566037,0.175555918,No Mediation,No Mediation,No Mediation,M3,M3,48,31,31,2
996,chr21_32404482_A_G_b38,ENSG00000166979,EVA1C,protein_coding,21,32412006,32515397,ENSG00000265359,,lncRNA,17,40850800,40863282,M3,2511,996,0.006952465,1.102973449,0.000129291,0.017210945,-0.210053121,0.178139443,-0.033113083,No Mediation,No Mediation,No Mediation,M3,M0.1,54,27,27,0
997,chr15_68044473_G_A_b38,ENSG00000033800,PIAS1,protein_coding,15,68054309,68198603,ENSG00000189339,SLC35E2B,protein_coding,1,1659529,1692795,M4,2514,997,0.013224029,3.510748099,-0.016587337,4.825999083,0.269477864,-0.174637746,-0.257004688,Undirected,Undirected,Undirected,M4,M4,55,35,35,2
998,chr19_47264871_G_C_b38,ENSG00000105321,CCDC9,protein_coding,19,47255980,47273701,ENSG00000154330,PGM5,protein_coding,9,68328308,68531061,M3,2515,998,0.075983201,8.75942772,-8.34E-05,1.741664636,0.148860223,0.175018527,0.017838629,No Mediation,No Mediation,No Mediation,M3,M3,46,32,32,4
999,chr8_17915786_C_T_b38,ENSG00000078674,PCM1,protein_coding,8,17922840,18027975,ENSG00000272989,LINC02012,lncRNA,3,197505262,197506986,M3,2517,999,0.007373804,1.187692712,-0.000703075,0.127561008,-0.191869019,-0.17018238,0.027935082,No Mediation,No Mediation,No Mediation,M3,M3,57,33,33,1
1000,chr11_96388691_C_T_b38,ENSG00000149231,CCDC82,protein_coding,11,96349241,96389956,ENSG00000101695,RNF125,protein_coding,18,32018825,32073219,M4,2520,1000,-0.007189081,0.923061777,0.003656018,1.688155469,0.177197849,0.185170561,-0.152082496,No Mediation,Cis Mediated,Undirected,M4,M3,49,36,36,4
1001,chr2_156451296_A_AC_b38,ENSG00000115159,GPD2,protein_coding,2,156435290,156613735,ENSG00000277203,F8A1,protein_coding,X,154886349,154888061,M4,2523,1001,-0.006830955,0.879832251,0.022948378,7.39050323,0.221734174,0.213661936,0.150795418,No Mediation,No Mediation,No Mediation,M3,M0.1,58,34,34,1
1002,chr11_117318500_G_A_b38,ENSG00000186318,BACE1,protein_coding,11,117285232,117316259,ENSG00000174788,PCP2,protein_coding,19,7631611,7633719,M4,2530,1002,-0.001882171,0.355041156,0.009162932,1.792375125,0.274017787,0.189295746,0.170714642,No Mediation,No Mediation,Cis Mediated,M3,M3,39,31,31,1
1003,chr12_30720115_A_G_b38,ENSG00000110888,CAPRIN2,protein_coding,12,30709552,30754951,ENSG00000125637,PSD4,protein_coding,2,113157325,113209396,M3,2533,1003,0.003081113,0.551729842,-0.076330323,9.252867963,-0.272970118,0.185899521,-0.073555318,No Mediation,No Mediation,No Mediation,M3,M3,45,34,34,5
1004,chr1_45034411_C_T_b38,ENSG00000126107,HECTD3,protein_coding,1,45002540,45011324,ENSG00000267726,LINC02565,lncRNA,18,57169615,57171194,M3,2534,1004,0.069389926,2.155729902,9.43546214696639e-05,0.009640998,-0.214742934,0.359760692,-0.005403695,No Mediation,No Mediation,No Mediation,M3,M3,52,22,22,5
1005,chr11_32942076_GTTGT_G_b38,ENSG00000060749,QSER1,protein_coding,11,32892811,32993316,ENSG00000264080,,lncRNA,18,1780329,1782064,M3,2539,1005,0.001044653,0.183315291,2.7573717842466e-05,0.00833787,0.267910909,0.315626831,0.034835636,No Mediation,No Mediation,No Mediation,M3,M3,51,26,26,0
1006,chr22_24103241_G_A_b38,ENSG00000099994,SUSD2,protein_coding,22,24181487,24189106,ENSG00000234710,,lncRNA,7,9621764,9769513,M3,2540,1006,0.002130177,0.447411306,-3.37E-05,0.008897271,0.187768528,0.194793327,0.029328673,No Mediation,No Mediation,No Mediation,M3,M3,49,20,20,1
1007,chrX_139590549_CTTCCTTA_C_b38,ENSG00000101977,MCF2,protein_coding,X,139581770,139708227,ENSG00000274419,TBC1D3D,protein_coding,17,38003976,38014902,M3,2542,1007,-0.000278535,0.094311773,-0.004420253,0.792225763,-0.252769018,0.191896555,-0.062680695,No Mediation,No Mediation,No Mediation,M3,M3,49,26,26,0
1008,chr11_449811_A_G_b38,ENSG00000185101,ANO9,protein_coding,11,417933,442011,ENSG00000213759,UGT2B11,protein_coding,4,69199951,69214748,M3,2546,1008,-0.003703057,4.929756064,0.00120564,0.111424621,-0.148878341,-0.175446726,0.037111889,No Mediation,No Mediation,No Mediation,M3,M3,55,34,34,3
1009,chr6_44102396_G_C_b38,ENSG00000180992,MRPL14,protein_coding,6,44113451,44127452,ENSG00000109272,PF4V1,protein_coding,4,73853296,73854483,M3,2549,1009,0.063617539,2.982156553,0.190266408,7.53864147,-0.189421929,0.182919953,0.011906488,No Mediation,No Mediation,No Mediation,M3,M0.1,51,38,38,1
1010,chr7_143586479_C_T_b38,ENSG00000170379,TCAF2,protein_coding,7,143620952,143730410,ENSG00000237316,,lncRNA,22,34711908,34724919,M3,2550,1010,0.007226984,1.266495526,-3.52E-05,0.008742545,0.151954934,0.20096591,0.042800913,No Mediation,No Mediation,No Mediation,M3,M0.1,60,38,38,1
1011,chr11_9475310_A_G_b38,ENSG00000166478,ZNF143,protein_coding,11,9460319,9528524,ENSG00000249588,,lncRNA,5,68523878,68530007,M3,2554,1011,-0.000500828,1.650247822,-1.93E-05,0.014056363,0.183311806,0.225731463,0.095056048,No Mediation,No Mediation,No Mediation,M3,M3,51,22,22,2
1012,chr22_20581659_G_A_b38,ENSG00000099917,MED15,protein_coding,22,20495913,20587632,ENSG00000100941,PNN,protein_coding,14,39175183,39183220,M3,2560,1012,-0.012538315,8.887982849,-0.034647472,6.162563826,-0.138873605,0.181890554,-0.005569076,No Mediation,No Mediation,No Mediation,M3,M3,60,44,44,2
1013,chr11_95101707_C_T_b38,ENSG00000149218,ENDOD1,protein_coding,11,95089846,95132645,ENSG00000111843,TMEM14C,protein_coding,6,10722915,10731129,M3,2569,1013,0.114745981,2.134462323,0.098162926,5.99733771,0.134783845,-0.221156443,-0.025058804,No Mediation,No Mediation,No Mediation,M3,M3,47,36,36,1
1014,chr2_218406480_C_T_b38,ENSG00000127831,VIL1,protein_coding,2,218419121,218453295,ENSG00000165006,UBAP1,protein_coding,9,34179005,34252523,M3,2571,1014,0.009121362,0.465011439,1.313314873,38.33658036,-0.144457077,0.198621402,-0.046260346,No Mediation,No Mediation,No Mediation,M3,M3,56,36,36,3
1015,chr2_169573878_G_C_b38,ENSG00000138399,FASTKD1,protein_coding,2,169528508,169573875,ENSG00000258698,,lncRNA,14,52792875,52820034,M3,2578,1015,0.002230441,0.41944983,-3.62E-05,0.010465316,0.285128808,0.20061299,0.058880092,No Mediation,No Mediation,No Mediation,M3,M3,60,21,21,0
1016,chr9_121090581_C_T_b38,ENSG00000106804,C5,protein_coding,9,120952335,121050275,ENSG00000267174,,lncRNA,19,11300777,11324441,M3,2579,1016,0.00332946,0.292693584,0.67575428,36.81723557,0.242125864,0.176441525,0.028439773,No Mediation,No Mediation,No Mediation,M3,M3,47,27,27,2
1017,chrX_104004609_C_T_b38,ENSG00000269743,SLC25A53,protein_coding,X,104099214,104157009,ENSG00000258795,,lncRNA,14,98497132,98514798,M3,2582,1017,0.00273177,0.197514219,-3.16E-07,0.003838548,-0.236813096,0.235188294,-0.038076404,No Mediation,No Mediation,No Mediation,M3,M3,63,28,28,2
1018,chr17_4656846_G_T_b38,ENSG00000161905,ALOX15,protein_coding,17,4630919,4642294,ENSG00000157978,LDLRAP1,protein_coding,1,25543606,25568886,M3,2583,1018,0.007136312,4.310774166,0.108747986,6.517765042,-0.162309876,0.183344246,0.026940279,No Mediation,No Mediation,No Mediation,M3,M3,63,36,36,1
1019,chr17_42810491_A_T_b38,ENSG00000126581,BECN1,protein_coding,17,42810134,42833350,ENSG00000255009,UBTFL1,protein_coding,11,90085950,90087131,M3,2584,1019,0.079734861,4.57187411,-7.49E-05,0.022271326,0.202875668,0.181565738,0.015073474,No Mediation,No Mediation,No Mediation,M3,M3,62,38,38,2
1020,chr16_68030569_T_C_b38,ENSG00000213398,LCAT,protein_coding,16,67939750,67944131,ENSG00000106686,SPATA6L,protein_coding,9,4553386,4666674,M3,2585,1020,-0.008087254,1.354866011,0.000714784,0.070239883,0.252626928,0.19312077,0.049759258,No Mediation,No Mediation,No Mediation,M3,M3,53,33,33,1
1021,chr1_2581271_T_C_b38,ENSG00000238164,TNFRSF14-AS1,lncRNA,1,2549920,2557031,ENSG00000259448,LINC02352,lncRNA,15,31215622,31224445,M4,2588,1021,-0.003632603,1.264063933,0.056310131,1.34624332,-0.243773341,0.219494122,-0.135039054,No Mediation,No Mediation,No Mediation,M3,M3,51,29,29,0
1022,chr11_62646190_C_T_b38,ENSG00000089597,GANAB,protein_coding,11,62624826,62646726,ENSG00000226968,LINC00423,lncRNA,13,32877431,32911650,M3,2589,1022,-0.228231571,14.69165778,2.9142731662758e-06,0.010408618,-0.146418498,0.202710455,-0.013502086,No Mediation,No Mediation,No Mediation,M3,M3,61,35,35,1
1023,chr1_161649850_G_A_b38,ENSG00000234211,,lncRNA,1,161671978,161674824,ENSG00000156671,SAMD8,protein_coding,10,75099586,75182123,M3,2591,1023,-0.000151376,0.340474782,-0.038238694,2.022611811,0.292838177,0.180828394,0.150890109,No Mediation,No Mediation,No Mediation,M3,M3,49,31,31,2
1024,chr16_14829811_A_C_b38,ENSG00000103512,NOMO1,protein_coding,16,14833721,14896157,ENSG00000124157,SEMG2,protein_coding,20,45221373,45224458,M3,2595,1024,0.000837462,1.223453477,2.69535319521717e-05,0.039380855,0.316500157,0.211465721,0.01708852,No Mediation,No Mediation,No Mediation,M3,M3,49,34,34,3
1025,chr2_199953535_T_C_b38,ENSG00000162972,MAIP1,protein_coding,2,199955317,200008540,ENSG00000234752,LINC02676,lncRNA,10,8897989,8914596,M3,2597,1025,-0.061578623,1.993350865,-5.44E-05,0.009471992,-0.28278068,-0.171532905,0.019603609,No Mediation,No Mediation,No Mediation,M3,M3,54,29,29,1
1026,chr14_94098196_C_A_b38,ENSG00000165948,IFI27L1,protein_coding,14,94081301,94103846,ENSG00000177854,TMEM187,protein_coding,X,153972754,153983194,M3,2600,1026,0.015848259,0.619497527,-0.037835735,1.581404834,0.273554873,-0.178825567,-0.039502449,No Mediation,No Mediation,No Mediation,M3,M3,45,33,33,1
1027,chr11_17106799_A_G_b38,ENSG00000110700,RPS13,protein_coding,11,17074388,17077715,ENSG00000242545,,lncRNA,3,59464330,59510678,M0,2603,1027,78.06234069,286.7110941,8.77257721881438e-06,0.001791318,0.088561076,0.268462935,0.008336091,No Mediation,No Mediation,No Mediation,M0.2,M0.2,62,20,20,0
1028,chr1_28872696_A_C_b38,ENSG00000116329,OPRD1,protein_coding,1,28812142,28871267,ENSG00000237524,TEX51,protein_coding,2,126898864,126902097,M3,2604,1028,0.000556953,0.042119763,-0.000167691,0.026437829,-0.249629873,0.213531233,-0.082397648,No Mediation,No Mediation,No Mediation,M3,M3,43,32,32,4
1029,chr16_33807_G_C_b38,ENSG00000231439,WASIR2,lncRNA,16,22910,25123,ENSG00000173213,TUBB8B,protein_coding,18,47390,49557,M0,2607,1029,0.00700093,0.434688113,0.000530125,0.262571623,-0.149080135,0.479303101,-0.13439772,No Mediation,Trans Mediated,Undirected,M0.2,M1.2,39,22,22,4
1030,chr2_37135086_C_T_b38,ENSG00000055332,EIF2AK2,protein_coding,2,37099210,37157522,ENSG00000232790,LINC01162,lncRNA,7,20835376,21023362,M0,2608,1030,0.010831888,5.363527188,9.0068779131153e-06,0.002443367,-0.087654428,0.281762047,-0.022312042,No Mediation,No Mediation,No Mediation,M3,M0.1,42,30,30,8
1031,chr1_5996108_A_G_b38,ENSG00000131697,NPHP4,protein_coding,1,5862811,5992473,ENSG00000164124,TMEM144,protein_coding,4,158201604,158255416,M4,2612,1031,-0.002812862,0.409285113,0.000668847,0.384346669,-0.259725193,-0.172904935,0.142327915,No Mediation,No Mediation,No Mediation,M0.1,M3,51,29,29,0
1032,chr21_41362064_G_A_b38,ENSG00000183486,MX2,protein_coding,21,41361999,41409393,ENSG00000227718,,lncRNA,2,13723048,13758152,M3,2619,1032,-0.013561655,36.5496624,-3.19E-06,0.00617893,-0.129015181,0.232355891,0.0241912,No Mediation,No Mediation,No Mediation,M3,M3,62,40,40,1
1033,chr19_54661088_G_A_b38,ENSG00000186818,LILRB4,protein_coding,19,54643889,54670359,ENSG00000075702,WDR62,protein_coding,19,36054649,36105108,M3,2621,1033,-0.045110802,9.904021356,-0.00794889,0.519956169,0.215496438,0.207909819,0.011291499,No Mediation,No Mediation,No Mediation,M3,M3,59,43,43,3
1034,chr9_110274252_T_C_b38,ENSG00000136810,TXN,protein_coding,9,110243810,110256507,ENSG00000172061,LRRC15,protein_coding,3,194355249,194369743,M0,2633,1034,1.312442922,44.17528182,7.77039172365886e-05,0.009282244,0.095884082,0.186998121,0.030662175,No Mediation,No Mediation,No Mediation,M0.2,M3,49,28,28,1
1035,chr2_6849889_C_T_b38,ENSG00000205837,LINC00487,lncRNA,2,6728177,6770311,ENSG00000258254,,lncRNA,12,114621761,114622922,M3,2634,1035,0.001350115,0.433527223,-7.88E-05,0.016457455,0.136125091,0.226065797,0.000461794,No Mediation,No Mediation,No Mediation,M3,M3,63,28,28,1
1036,chrX_76758297_A_C_b38,ENSG00000102390,PBDC1,protein_coding,X,76173040,76178314,ENSG00000225457,,lncRNA,7,113100663,113146330,M3,2635,1036,-0.017607647,1.77474697,5.72466598760681e-05,0.005464719,0.130007206,0.175639325,0.042456167,No Mediation,No Mediation,No Mediation,M3,M0.1,45,25,25,1
1037,chr2_202290292_GT_G_b38,ENSG00000204217,BMPR2,protein_coding,2,202376327,202567751,ENSG00000261194,LINC01898,lncRNA,18,75696044,75712851,M3,2636,1037,0.0004361,0.335529743,-6.45E-07,0.002069812,0.180814972,0.187328579,-0.022795854,No Mediation,No Mediation,No Mediation,M3,M3,50,24,24,4
1038,chr4_81505412_G_C_b38,ENSG00000138670,RASGEF1B,protein_coding,4,81426393,82044244,ENSG00000234190,,lncRNA,1,147777590,147788953,M3,2639,1038,-0.002581579,1.360869276,4.9048780816357e-05,0.005513167,0.226115249,0.227396955,0.075738434,No Mediation,No Mediation,No Mediation,M3,M3,53,29,29,2
1039,chr19_16092494_C_A_b38,ENSG00000167460,TPM4,protein_coding,19,16067021,16103002,ENSG00000238158,,lncRNA,6,3831933,3855737,M3,2642,1039,0.395134856,33.1982257,7.3267822523094e-05,0.016831511,-0.154648878,0.221947368,-0.099874024,No Mediation,No Mediation,Undirected,M3,M3,58,31,31,1
1040,chr7_90595770_G_C_b38,ENSG00000223969,,lncRNA,7,90590619,90597353,ENSG00000228836,CT45A5,protein_coding,X,135777130,135785298,M3,2643,1040,0.00126827,0.510821119,-1.99E-06,0.001379454,-0.411656032,-0.250356211,-0.00021512,No Mediation,No Mediation,No Mediation,M4,M3,53,17,17,2
1041,chr11_66522593_T_G_b38,ENSG00000174516,PELI3,protein_coding,11,66466327,66477337,ENSG00000174403,MIR1-1HG-AS1,lncRNA,20,62544343,62551526,M3,2644,1041,-0.020645072,1.218303176,-0.000130295,0.061225735,-0.237050912,0.178444526,-0.004868185,No Mediation,No Mediation,No Mediation,M3,M3,47,29,29,0
1042,chr17_16343786_T_C_b38,ENSG00000166582,CENPV,protein_coding,17,16342534,16353656,ENSG00000213096,ZNF254,protein_coding,19,24033405,24129968,M3,2646,1042,0.014619968,0.659411984,-0.000742081,1.33012729,0.275534666,0.173067617,0.027482749,No Mediation,No Mediation,No Mediation,M3,M0.1,59,32,32,0
1043,chr21_33298609_A_T_b38,ENSG00000142166,IFNAR1,protein_coding,21,33324429,33359864,ENSG00000139218,SCAF11,protein_coding,12,45919131,45992120,M4,2647,1043,0.003071179,8.193764886,-0.023020199,1.122393568,0.125235231,0.176082187,0.136216461,No Mediation,No Mediation,No Mediation,M0.1,M0.1,41,35,35,4
1044,chr20_3411253_G_A_b38,ENSG00000088854,C20orf194,protein_coding,20,3249306,3407669,ENSG00000280445,,lncRNA,22,27414462,27419713,M3,2655,1044,9.52815164380999e-05,0.280278896,2.80720866354766e-05,0.005570138,-0.233769839,0.189648757,-0.040075528,No Mediation,No Mediation,No Mediation,M3,M3,49,28,28,1
1045,chr2_218118139_T_C_b38,ENSG00000180871,CXCR2,protein_coding,2,218125289,218137251,ENSG00000031691,CENPQ,protein_coding,6,49463370,49493107,M0,2661,1045,95.73656878,378.9855145,0.001447521,0.37273191,-0.107843718,-0.188868365,0.017436364,No Mediation,No Mediation,No Mediation,M3,M3,54,28,28,1
1046,chrX_24057745_A_G_b38,ENSG00000130741,EIF2S3,protein_coding,X,24054946,24078810,ENSG00000180574,EIF2S3B,protein_coding,12,10505602,10523135,M0,2662,1046,0.178427449,9.445482906,0.002633418,0.477466611,-0.069429275,0.761186286,0.053335063,No Mediation,No Mediation,Trans Mediated,M2.2,M2.2,53,28,28,1
1047,chr19_47761706_C_T_b38,ENSG00000178980,SELENOW,protein_coding,19,47778585,47784686,ENSG00000111843,TMEM14C,protein_coding,6,10722915,10731129,M3,2663,1047,-0.029069436,8.048530259,0.098162926,5.99733771,0.171797721,-0.221666067,-0.092538854,No Mediation,No Mediation,No Mediation,M3,M3,46,33,33,1
1048,chrX_101010563_T_A_b38,ENSG00000188917,TRMT2B,protein_coding,X,101009346,101052116,ENSG00000178860,MSC,protein_coding,8,71841560,71844412,M3,2668,1048,0.005771282,0.709966965,-0.013080188,1.170230152,0.248122904,0.174659845,0.029510963,No Mediation,No Mediation,Undirected,M0.1,M0.1,44,31,31,4
1049,chr16_87368655_G_C_b38,ENSG00000103264,FBXO31,protein_coding,16,87326987,87392142,ENSG00000267201,LINC01775,lncRNA,19,2458935,2462185,M3,2669,1049,-0.001366329,0.793852664,-0.000157211,0.107403019,0.230860742,-0.177816848,-0.030501258,No Mediation,No Mediation,No Mediation,M3,M3,45,36,36,4
1050,chr12_12319797_CTGAA_C_b38,ENSG00000070018,LRP6,protein_coding,12,12116025,12267044,ENSG00000230794,,lncRNA,21,35713139,35732942,M4,2671,1050,-0.001331604,0.146137441,-2.98E-05,0.006256513,0.290579016,0.254568077,0.160537989,No Mediation,No Mediation,No Mediation,M4,M3,59,34,34,1
1051,chr8_126501105_T_C_b38,ENSG00000168672,LRATD2,protein_coding,8,126552443,126558478,ENSG00000229639,LINC01758,lncRNA,1,69433255,69435409,M3,2672,1051,-0.001137087,0.357496277,2.45504968155891e-06,0.00221135,-0.231838893,0.176785998,-0.106689038,No Mediation,No Mediation,No Mediation,M3,M3,57,17,17,2
1052,chr5_80070257_T_C_b38,ENSG00000113296,THBS4,protein_coding,5,79991311,80083287,ENSG00000182255,KCNA4,protein_coding,11,30009730,30017030,M3,2674,1052,0.000195079,0.380281203,0.000131093,0.013433533,-0.203314362,0.180706948,-0.09071613,No Mediation,No Mediation,No Mediation,M3,M3,56,38,38,1
1053,chr16_69383881_AC_A_b38,ENSG00000141076,UTP4,protein_coding,16,69131291,69231130,ENSG00000267238,,lncRNA,19,28394851,28396428,M3,2675,1053,-0.000279099,0.584143057,4.74557550864011e-05,0.007337197,-0.261106928,0.372161668,-0.137980246,Cis Mediated,Cis Mediated,Undirected,M4,M4,59,34,34,3
1054,chr1_160092937_A_G_b38,ENSG00000162729,IGSF8,protein_coding,1,160091340,160098943,ENSG00000234818,,lncRNA,2,10589166,10604830,M3,2681,1054,-0.027432301,2.202402098,-4.15E-05,0.062036577,-0.25912268,0.17240688,0.05370479,No Mediation,No Mediation,No Mediation,M3,M0.1,55,30,30,2
1055,chr19_43754550_G_T_b38,ENSG00000105771,SMG9,protein_coding,19,43727983,43754962,ENSG00000137267,TUBB2A,protein_coding,6,3153497,3157544,M3,2687,1055,-0.002226336,0.847725949,0.725591691,12.0861568,0.225697364,0.170104325,0.06381221,No Mediation,No Mediation,No Mediation,M0.1,M3,38,28,28,1
1056,chr1_41902668_G_C_b38,ENSG00000127124,HIVEP3,protein_coding,1,41506365,42035925,ENSG00000181404,WASHC1,protein_coding,9,14475,73865,M0,2693,1056,-0.000541252,0.399823298,-0.070717075,6.666019175,-0.1096346,0.187158203,0.068164705,Cis Mediated,Undirected,Undirected,M4,M3,48,34,34,1
1057,chr12_109585867_G_A_b38,ENSG00000151148,UBE3B,protein_coding,12,109477402,109536705,ENSG00000239395,,protein_coding,1,247711813,247723764,M3,2694,1057,-0.000932714,0.669721519,-8.62E-05,0.009044227,0.216437389,0.212779388,0.053872305,No Mediation,No Mediation,No Mediation,M3,M3,51,21,21,3
1058,chr21_42385273_A_G_b38,ENSG00000160183,TMPRSS3,protein_coding,21,42371887,42396091,ENSG00000186723,OR10H1,protein_coding,19,15804549,15815664,M3,2695,1058,0.003022079,0.366934312,-1.29E-05,0.019697145,-0.152962721,0.185790235,-0.036079006,No Mediation,No Mediation,No Mediation,M3,M3,57,26,26,1
1059,chr17_35166878_C_T_b38,ENSG00000141161,UNC45B,protein_coding,17,35147817,35189345,ENSG00000082898,XPO1,protein_coding,2,61476032,61538741,M3,2699,1059,7.17127890284382e-05,0.129067126,-0.037103033,5.422151234,0.249786032,0.189933508,0.087940632,No Mediation,No Mediation,No Mediation,M0.1,M1.1,60,38,38,2
1060,chrX_102158881_C_T_b38,ENSG00000184905,TCEAL2,protein_coding,X,102125679,102140426,ENSG00000102409,BEX4,protein_coding,X,103215108,103217246,M0,2701,1060,0.000300288,0.349676114,0.044974389,3.24444386,0.101373974,-0.192931447,0.047738092,No Mediation,No Mediation,No Mediation,M3,M3,57,31,31,3
1061,chr12_8227270_T_C_b38,ENSG00000171847,FAM90A1,protein_coding,12,8221260,8227618,ENSG00000152266,PTH,protein_coding,11,13492054,13496181,M4,2703,1061,-0.005435116,0.659526108,-0.000736103,0.251811583,0.377784871,0.253673649,0.237784476,No Mediation,No Mediation,No Mediation,M4,M1.1,49,11,11,1
1062,chr19_51225847_CCCGG_C_b38,ENSG00000105383,CD33,protein_coding,19,51225064,51243860,ENSG00000223791,UBE2E1-AS1,lncRNA,3,23804024,23806905,M3,2706,1062,0.059939934,8.534210305,-0.00021753,0.031174152,-0.181326872,0.314165942,-0.035264259,No Mediation,No Mediation,No Mediation,M3,M3,60,27,27,1
1063,chr9_133418269_T_C_b38,ENSG00000160323,ADAMTS13,protein_coding,9,133414358,133459402,ENSG00000256684,LINC02737,lncRNA,11,96508425,96514748,M3,2709,1063,0.000476205,0.117583775,-4.02E-06,0.011934273,0.216346737,-0.197799565,-0.026369996,No Mediation,No Mediation,No Mediation,M3,M3,54,26,26,1
1064,chrX_51334145_C_A_b38,ENSG00000122824,NUDT10,protein_coding,X,51332231,51337525,ENSG00000265625,,lncRNA,17,29644796,29645847,M3,2710,1064,-0.000689404,0.173620151,0.006597587,5.504927852,0.248628565,0.178366464,-0.001007237,No Mediation,No Mediation,No Mediation,M3,M0.1,59,30,30,1
1065,chr6_5261233_GAGGCCGCGTTGCCCGGGTTACCGA_G_b38,ENSG00000145982,FARS2,protein_coding,6,5261044,5829192,ENSG00000231815,,lncRNA,2,59434552,59442261,M3,2711,1065,-0.003345064,0.804665838,3.37151513841531e-05,0.004275689,0.253365277,0.237323653,0.051059264,No Mediation,No Mediation,No Mediation,M3,M3,53,23,23,2
1066,chr19_36412360_G_A_b38,ENSG00000181007,ZFP82,protein_coding,19,36383120,36418644,ENSG00000161551,ZNF577,protein_coding,19,51804816,51890950,M3,2713,1066,0.0005957,0.168377199,3.45743580985425e-05,0.208408307,-0.266343755,0.180362848,0.089947967,No Mediation,No Mediation,No Mediation,M3,M3,54,28,28,0
1067,chr1_27897801_C_T_b38,ENSG00000130768,SMPDL3B,protein_coding,1,27935000,27959157,ENSG00000278599,TBC1D3E,protein_coding,17,38127951,38138868,M3,2714,1067,0.002322489,0.626839453,0.000874188,0.613163138,-0.210288049,0.173757299,-0.090920962,No Mediation,No Mediation,No Mediation,M3,M3,50,29,29,0
1068,chrX_71093814_G_T_b38,ENSG00000147168,IL2RG,protein_coding,X,71107404,71112108,ENSG00000215251,FASTKD5,protein_coding,20,3146519,3159865,M0,2717,1068,30.14935319,185.4436527,0.005750336,1.206099793,-0.030550466,-0.176600116,0.100060722,No Mediation,No Mediation,No Mediation,M0.2,M0.2,53,28,28,1
1069,chr14_58210782_C_T_b38,ENSG00000131966,ACTR10,protein_coding,14,58200080,58235636,ENSG00000253331,,lncRNA,5,164119098,164234097,M3,2720,1069,0.026438064,2.690711853,-3.35E-05,0.005706913,-0.174114424,0.308735067,-0.027989522,No Mediation,No Mediation,Undirected,M3,M3,53,35,35,3
1070,chr22_41926850_G_T_b38,ENSG00000159958,TNFRSF13C,protein_coding,22,41922032,41926806,ENSG00000255512,LINC02684,lncRNA,11,135061781,135075908,M0,2722,1070,0.02654685,9.55910698,-4.86E-07,0.004970574,-0.043586293,0.300401609,-0.022370512,No Mediation,No Mediation,No Mediation,M0.2,M0.2,50,34,34,2
1071,chrX_103482099_C_T_b38,ENSG00000166681,BEX3,protein_coding,X,103376395,103378164,ENSG00000224349,FAM135A-AS1,lncRNA,6,70412828,70413950,M0,2723,1071,0.251681536,9.516254694,-0.000420539,0.035334203,-0.079913046,0.201694793,-0.005900325,No Mediation,No Mediation,No Mediation,M3,M3,49,26,26,1
1072,chrX_2615840_C_G_b38,ENSG00000230542,LINC00102,lncRNA,X,2612988,2615347,ENSG00000259448,LINC02352,lncRNA,15,31215622,31224445,M3,2726,1072,0.000753788,0.167698997,0.056310131,1.34624332,-0.262966853,-0.176753654,0.015770372,No Mediation,No Mediation,No Mediation,M3,M3,52,25,25,0
1073,chr12_109096941_G_A_b38,ENSG00000076248,UNG,protein_coding,12,109097597,109110992,ENSG00000185290,NUPR2,protein_coding,7,56114681,56116417,M3,2728,1073,-0.002768011,1.165932569,0.001464308,0.422724621,-0.214485405,0.205844879,-0.072267154,No Mediation,No Mediation,No Mediation,M3,M3,55,31,31,1
1074,chrX_132558309_C_T_b38,ENSG00000123728,RAP2C,protein_coding,X,132203024,132219480,ENSG00000221955,SLC12A8,protein_coding,3,125082636,125212864,M3,2733,1074,0.016891176,3.380841786,-0.001858293,0.168550245,-0.16229202,0.210284515,0.010404289,No Mediation,No Mediation,No Mediation,M3,M3,58,41,41,1
1075,chr1_17054158_C_A_b38,ENSG00000117118,SDHB,protein_coding,1,17018722,17054032,ENSG00000282898,,lncRNA,1,79323769,79324852,M4,2734,1075,-0.009059984,10.90590285,1.6182828888155e-05,0.010353028,-0.213299936,0.331728043,-0.153805868,No Mediation,No Mediation,Cis Mediated,M3,M3,58,34,34,2
1076,chr22_23099328_G_C_b38,ENSG00000128266,GNAZ,protein_coding,22,23070519,23125032,ENSG00000007038,PRSS21,protein_coding,16,2817180,2826304,M0,2739,1076,0.035491473,1.356276361,0.022168277,1.978855601,0.110978029,0.170034945,0.010380431,No Mediation,No Mediation,No Mediation,M3,M3,50,34,34,1
1077,chr20_3202702_G_A_b38,ENSG00000198171,DDRGK1,protein_coding,20,3190350,3204685,ENSG00000154143,PANX3,protein_coding,11,124611428,124620356,M3,2740,1077,0.0377558,4.863430124,2.06550525741586e-05,0.015514876,-0.256225578,0.176820494,-0.024151577,No Mediation,No Mediation,No Mediation,M3,M3,49,30,30,0
1078,chr19_43580251_G_A_b38,ENSG00000176472,ZNF575,protein_coding,19,43525497,43536130,ENSG00000259542,,lncRNA,15,96393146,96405189,M4,2744,1078,0.004151992,0.313257562,4.81915230194766e-05,0.004068892,0.283567114,0.191327756,0.176276183,Undirected,Undirected,Undirected,M1.1,M1.1,51,24,24,3
1079,chr3_112977484_G_A_b38,ENSG00000163607,GTPBP8,protein_coding,3,112990984,113015060,ENSG00000259448,LINC02352,lncRNA,15,31215622,31224445,M3,2746,1079,-0.002892293,0.267673391,0.056310131,1.34624332,0.284324402,-0.275465323,-0.142715151,No Mediation,No Mediation,No Mediation,M3,M3,51,25,25,1
1080,chr21_6459022_C_T_b38,ENSG00000274276,CBSL,protein_coding,21,6444869,6468040,ENSG00000160200,CBS,protein_coding,21,43053191,43076943,M4,2750,1080,0.001667395,0.339926179,0.00091678,0.336669199,-0.199459387,0.411503184,-0.228052305,Undirected,Undirected,Undirected,M1.2,M1.2,45,14,14,0
1081,chr16_85006126_G_A_b38,ENSG00000153786,ZDHHC7,protein_coding,16,84974175,85011535,ENSG00000257910,,lncRNA,12,76878193,76880352,M3,2752,1081,-0.114841172,8.677272926,-6.32E-05,0.011671633,0.155810876,0.194557672,0.027913631,No Mediation,No Mediation,No Mediation,M3,M3,60,41,41,0
1082,chr15_90948462_C_T_b38,ENSG00000182511,FES,protein_coding,15,90883695,90895776,ENSG00000231056,LINC02522,lncRNA,6,10474500,10478502,M3,2755,1082,0.190142152,37.8852337,-1.00E-05,0.008471571,-0.201878538,0.310588619,-0.079837353,No Mediation,No Mediation,No Mediation,M3,M3,63,31,31,2
1083,chr19_27413096_C_T_b38,ENSG00000267575,,lncRNA,19,27793431,27984984,ENSG00000268362,,lncRNA,19,24033401,24077377,M3,2763,1083,0.000361986,0.220116859,7.65070096770322e-06,2.429527096,0.34509949,-0.300359044,-0.051782322,No Mediation,No Mediation,No Mediation,M3,M3,45,21,21,0
1084,chr16_11416772_A_G_b38,ENSG00000188897,,protein_coding,16,11359845,11527245,ENSG00000274827,LINC01297,lncRNA,14,19344578,19384587,M3,2764,1084,0.015974268,24.35077686,2.90480205116345e-05,0.009861081,0.165271441,0.219722286,0.047584408,No Mediation,No Mediation,No Mediation,M3,M3,57,35,35,3
1085,chr19_19860347_T_C_b38,ENSG00000256771,ZNF253,protein_coding,19,19865882,19894674,ENSG00000242593,,lncRNA,7,124032126,124489572,M3,2765,1085,0.001050279,0.277224357,3.5370799128371e-06,0.003169144,-0.246530793,0.180829178,-0.051178034,No Mediation,No Mediation,No Mediation,M3,M3,45,35,35,1
1086,chr3_63911539_C_T_b38,ENSG00000280620,SCAANT1,lncRNA,3,63911518,63911772,ENSG00000170632,ARMC10,protein_coding,7,103074881,103099759,M3,2767,1086,-0.000226802,0.52511844,-0.0016035,1.26149962,0.335065281,0.200699574,-0.025721662,No Mediation,No Mediation,No Mediation,M3,M0.1,54,30,30,2
1087,chr4_3041785_C_G_b38,ENSG00000197386,HTT,protein_coding,4,3041363,3243957,ENSG00000169894,MUC3A,protein_coding,7,100949534,100968347,M3,2769,1087,-0.024218058,1.312752969,-7.64E-05,0.023739708,0.188956848,0.174506668,0.075785621,No Mediation,No Mediation,No Mediation,M3,M3,55,47,47,2
1088,chr2_86226796_C_T_b38,ENSG00000068615,REEP1,protein_coding,2,86213993,86338083,ENSG00000137267,TUBB2A,protein_coding,6,3153497,3157544,M3,2771,1088,0.000520134,0.09225828,0.725591691,12.0861568,-0.264637463,-0.303234682,0.022565105,No Mediation,No Mediation,No Mediation,M3,M3,39,21,21,1
1089,chr1_42772360_A_G_b38,ENSG00000164008,C1orf50,protein_coding,1,42767249,42779491,ENSG00000257183,,lncRNA,12,74248637,74283669,M3,2773,1089,0.004113182,1.122842832,-5.10E-05,0.00797373,-0.204427738,0.181157824,-0.032442361,No Mediation,No Mediation,No Mediation,M3,M3,53,28,28,3
1090,chr9_137108049_T_C_b38,ENSG00000176978,DPP7,protein_coding,9,137110546,137115177,ENSG00000255146,,lncRNA,11,58044110,58060138,M0,2774,1090,-0.040687239,14.87480873,3.44784043441742e-05,0.005396621,-0.117195943,-0.17627893,0.034101671,No Mediation,No Mediation,No Mediation,M3,M3,49,32,32,4
1091,chr12_121352124_C_A_b38,ENSG00000089053,ANAPC5,protein_coding,12,121308245,121399896,ENSG00000272977,,lncRNA,22,25476218,25479971,M2,2778,1091,-0.036306207,3.945424499,-0.002013343,0.344971934,0.121266919,0.227484195,0.135183081,No Mediation,No Mediation,No Mediation,M0.1,M0.1,60,47,47,1
1092,chr1_16577626_T_G_b38,ENSG00000219481,NBPF1,protein_coding,1,16562319,16613562,ENSG00000226067,LINC00623,lncRNA,1,120913184,121009291,M3,2780,1092,0.000894433,0.148218188,-0.005146912,1.826974855,0.302217781,-0.224307838,-0.067883928,No Mediation,No Mediation,No Mediation,M3,M3,53,24,24,2
1093,chr6_119367891_A_C_b38,ENSG00000111885,MAN1A1,protein_coding,6,119177205,119349761,ENSG00000100413,POLR3H,protein_coding,22,41525799,41544606,M3,2781,1093,0.078630661,9.223783899,0.000990956,0.634182004,-0.185912685,0.192052883,-0.020848003,No Mediation,No Mediation,No Mediation,M3,M3,50,34,34,3
1094,chr9_72305384_T_TCACACTA_b38,ENSG00000225434,LINC01504,lncRNA,9,72305367,72356721,ENSG00000269445,,lncRNA,19,38526954,38528555,M3,2787,1094,0.003089348,0.358527221,8.10701056659819e-05,0.032551349,0.287520119,-0.174271699,-0.056680538,No Mediation,No Mediation,No Mediation,M3,M3,42,20,20,1
1095,chr19_35354837_A_T_b38,ENSG00000126251,GPR42,protein_coding,19,35370929,35372962,ENSG00000158715,SLC45A3,protein_coding,1,205657851,205680509,M3,2789,1095,-0.012928625,0.913100474,0.00736594,0.72985728,0.199514611,-0.170289499,0.046049417,No Mediation,No Mediation,No Mediation,M3,M3,50,25,25,0
1096,chr2_15594025_T_C_b38,ENSG00000079785,DDX1,protein_coding,2,15591178,15634346,ENSG00000136840,ST6GALNAC4,protein_coding,9,127907886,127917041,M3,2793,1096,-0.020508711,1.474392261,1.446820254,11.1405959,0.226283825,-0.181577182,-0.046619903,No Mediation,No Mediation,Undirected,M3,M3,44,37,37,3
1097,chr6_29704583_C_G_b38,ENSG00000204625,HCG9,lncRNA,6,29975112,29978410,ENSG00000038002,AGA,protein_coding,4,177430774,177442437,M3,2794,1097,-0.002298478,0.286070961,0.002673602,2.647724336,0.255449325,-0.177899518,-0.034749037,No Mediation,No Mediation,No Mediation,M3,M3,42,22,22,1
1098,chr19_17493922_G_A_b38,ENSG00000269439,PGLS-DT,lncRNA,19,17488990,17511889,ENSG00000261014,LINC02165,lncRNA,16,63730205,63755884,M3,2796,1098,-0.003600485,0.327319266,5.62939468494081e-06,0.009004036,-0.260431017,-0.19063293,0.046654853,No Mediation,No Mediation,No Mediation,M3,M3,46,14,14,0
1099,chr2_25673919_T_G_b38,ENSG00000138101,DTNB,protein_coding,2,25377198,25673647,ENSG00000231290,APCDD1L-DT,lncRNA,20,58515379,58619888,M3,2797,1099,-0.000271809,0.686048647,-1.98E-05,0.025474516,-0.209352231,-0.170866333,0.036012838,No Mediation,No Mediation,No Mediation,M3,M3,52,26,26,1
1100,chr1_10211630_C_G_b38,ENSG00000054523,KIF1B,protein_coding,1,10210570,10381603,ENSG00000170632,ARMC10,protein_coding,7,103074881,103099759,M3,2800,1100,-0.021152921,2.312638334,-0.0016035,1.26149962,0.224213253,0.207030293,0.012904174,No Mediation,No Mediation,No Mediation,M3,M3,49,39,39,4
1101,chr5_157471866_C_A_b38,ENSG00000135074,ADAM19,protein_coding,5,157395534,157575775,ENSG00000116254,CHD5,protein_coding,1,6101787,6180321,M4,2804,1101,-0.058505931,11.35035518,-6.12E-05,0.071675933,0.267702207,0.242131927,0.213525798,No Mediation,No Mediation,No Mediation,M4,M4,44,26,26,3
1102,chr20_56414777_T_A_b38,ENSG00000087589,CASS4,protein_coding,20,56412112,56460387,ENSG00000228549,,lncRNA,1,16870945,16883659,M3,2806,1102,0.042124275,3.244572116,0.000742091,0.072933948,-0.125880716,0.21384852,-0.005979127,No Mediation,No Mediation,Cis Mediated,M3,M3,49,31,31,2
1103,chr1_6580056_A_G_b38,ENSG00000204859,ZBTB48,protein_coding,1,6579994,6589280,ENSG00000095321,CRAT,protein_coding,9,129094142,129111189,M3,2808,1103,-0.050280955,6.130988828,0.1427795,3.17829976,0.158881843,-0.17181534,-0.004403116,No Mediation,No Mediation,No Mediation,M3,M3,49,39,39,3
1104,chr6_38710119_T_C_b38,ENSG00000124767,GLO1,protein_coding,6,38675925,38703145,ENSG00000125450,NUP85,protein_coding,17,75205659,75235758,M3,2810,1104,-0.000166041,2.754693635,-0.015031628,2.018763201,-0.161006233,-0.187053349,0.033246915,No Mediation,No Mediation,No Mediation,M3,M3,59,42,42,2
1105,chr19_36266505_A_C_b38,ENSG00000232677,LINC00665,lncRNA,19,36259540,36331770,ENSG00000227050,,lncRNA,1,27938875,27960193,M3,2812,1105,-0.001120691,0.182618626,-0.001858308,0.178104026,0.216945546,0.182091698,0.070291268,No Mediation,No Mediation,No Mediation,M3,M3,50,28,28,1
1106,chr21_33424249_C_T_b38,ENSG00000159128,IFNGR2,protein_coding,21,33403413,33479348,ENSG00000157693,TMEM268,protein_coding,9,114611206,114646422,M3,2814,1106,0.138880406,27.30551057,-0.000621276,1.280737826,0.132542118,0.202555875,0.104448717,Undirected,Undirected,Undirected,M1.1,M1.1,50,38,38,4
1107,chr4_15599176_A_G_b38,ENSG00000048342,CC2D2A,protein_coding,4,15469865,15601552,ENSG00000249222,ATP5MGL,protein_coding,22,42639803,42640601,M3,2817,1107,-0.000753147,0.103342017,-0.000509202,0.062973056,0.222504472,0.175956028,0.076039597,No Mediation,No Mediation,No Mediation,M3,M4,49,29,29,2
1108,chr19_36587704_C_T_b38,ENSG00000233527,ZNF529-AS1,lncRNA,19,36573070,36594708,ENSG00000133561,GIMAP6,protein_coding,7,150625375,150632648,M3,2822,1108,0.004395803,0.292705184,-0.008553976,7.734362314,0.315724984,0.18101743,0.007103901,No Mediation,No Mediation,No Mediation,M3,M3,42,27,27,1
1109,chrX_338143_G_C_b38,ENSG00000167393,PPP2R3B,protein_coding,X,333933,386955,ENSG00000196421,C20orf204,protein_coding,20,64034344,64039962,M3,2823,1109,-0.024018296,3.953107265,-0.001491002,0.380291658,0.158345956,-0.205254584,-0.092010509,No Mediation,No Mediation,No Mediation,M3,M3,53,25,25,1
1110,chr16_74701250_G_A_b38,ENSG00000168404,MLKL,protein_coding,16,74671855,74700960,ENSG00000187630,DHRS4L2,protein_coding,14,23969874,24006408,M3,2825,1110,-0.184857786,17.39185771,0.004613183,1.257621817,-0.244020306,-0.192338525,0.091970723,No Mediation,No Mediation,No Mediation,M3,M3,45,34,34,3
1111,chr3_43497801_G_T_b38,ENSG00000160746,ANO10,protein_coding,3,43354859,43691594,ENSG00000125450,NUP85,protein_coding,17,75205659,75235758,M4,2828,1111,0.001106255,3.871065779,-0.015031628,2.018763201,0.221896903,-0.205559556,-0.172241031,No Mediation,No Mediation,No Mediation,M3,M0.1,55,34,34,2
1112,chr16_85759361_A_G_b38,ENSG00000154102,C16orf74,protein_coding,16,85690084,85751129,ENSG00000230695,,lncRNA,2,215436253,215436992,M3,2829,1112,0.009649783,0.685880055,0.000119846,0.018470612,-0.213663489,0.195946823,-0.017745412,No Mediation,No Mediation,No Mediation,M3,M3,42,17,17,4
1113,chr17_35888063_C_T_b38,ENSG00000270240,,lncRNA,17,35868967,35885863,ENSG00000251081,,lncRNA,4,107258700,107301870,M3,2830,1113,0.003469664,0.252885586,7.1138293022349e-06,0.006752952,0.317623658,0.22203087,0.048381597,No Mediation,No Mediation,No Mediation,M3,M3,49,19,19,2
1114,chr1_200675973_C_T_b38,ENSG00000118197,DDX59,protein_coding,1,200623896,200669907,ENSG00000140497,SCAMP2,protein_coding,15,74843730,74873365,M3,2834,1114,-0.006788096,1.110909772,-0.058555206,8.275608659,-0.194607795,-0.181016548,-0.080492101,No Mediation,No Mediation,No Mediation,M3,M3,54,33,33,0
1115,chr2_28958241_G_A_b38,ENSG00000189350,TOGARAM2,protein_coding,2,28956611,29052230,ENSG00000224095,LINC01935,lncRNA,2,102967408,102984429,M3,2836,1115,-0.001831727,0.490554661,-0.000121506,0.010193355,0.167085567,0.178642152,-0.010729766,No Mediation,No Mediation,No Mediation,M3,M3,52,29,29,2
1116,chr1_26293998_T_C_b38,ENSG00000158062,UBXN11,protein_coding,1,26281328,26318363,ENSG00000249854,CDH18-AS1,lncRNA,5,20305565,20347972,M3,2843,1116,-0.112275607,13.52065223,2.27741801201991e-05,0.008932542,-0.180792937,-0.216560605,0.025376958,No Mediation,No Mediation,No Mediation,M3,M3,49,23,23,1
1117,chr7_2741032_G_A_b38,ENSG00000146535,GNA12,protein_coding,7,2728105,2844308,ENSG00000250237,,lncRNA,5,69038518,69043821,M3,2847,1117,0.357454184,4.016859789,-0.000143169,0.04332078,-0.190146888,0.172218994,-0.043452919,No Mediation,No Mediation,No Mediation,M3,M3,36,26,26,3
1118,chr6_118856872_T_A_b38,ENSG00000111877,MCM9,protein_coding,6,118813442,118935162,ENSG00000272205,POU2F1-DT,lncRNA,1,167219831,167220512,M4,2852,1118,-0.006084629,0.415132658,-0.005638412,0.5624266,0.249373953,0.181058247,0.127578487,Undirected,Undirected,Undirected,M1.1,M3,43,27,27,2
1119,chr3_9973426_T_C_b38,ENSG00000163704,PRRT3,protein_coding,3,9945542,9952408,ENSG00000111843,TMEM14C,protein_coding,6,10722915,10731129,M3,2858,1119,-0.004223579,0.552646723,0.098162926,5.99733771,-0.229853351,0.329058102,-0.07947119,No Mediation,No Mediation,No Mediation,M3,M3,49,31,31,2
1120,chr5_746081_G_A_b38,ENSG00000206077,ZDHHC11B,protein_coding,5,710355,784729,ENSG00000233822,H2BC15,protein_coding,6,27837760,27855709,M3,2860,1120,0.000233999,0.394057262,0.003107239,0.209554157,0.241580533,0.180803605,0.06279379,No Mediation,No Mediation,No Mediation,M3,M3,52,37,37,0
1121,chr20_33821787_CCAGATTATTG_C_b38,ENSG00000230753,ZNF341-AS1,lncRNA,20,33787373,33811109,ENSG00000274443,C8orf89,protein_coding,8,73241329,73259502,M3,2865,1121,-0.001760566,0.514823892,-0.000109088,0.046709015,0.299913852,0.188615661,-0.00839123,No Mediation,No Mediation,No Mediation,M3,M3,47,21,21,2
1122,chr15_25812475_G_T_b38,ENSG00000206190,ATP10A,protein_coding,15,25677271,25865184,ENSG00000111843,TMEM14C,protein_coding,6,10722915,10731129,M3,2868,1122,0.006452969,0.614621757,0.098162926,5.99733771,-0.175876718,-0.171746413,0.076626432,No Mediation,No Mediation,No Mediation,M3,M3,53,36,36,0
1123,chr17_82013189_C_T_b38,ENSG00000169689,CENPX,protein_coding,17,82018702,82024107,ENSG00000276119,OR13C2,protein_coding,9,104604671,104605627,M3,2870,1123,-0.047226567,2.787213699,-3.90E-05,0.009904352,0.241406426,0.174672948,0.098244072,No Mediation,No Mediation,No Mediation,M3,M3,51,26,26,2
1124,chr21_31445329_C_T_b38,ENSG00000156299,TIAM1,protein_coding,21,31118416,31559977,ENSG00000143845,ETNK2,protein_coding,1,204131062,204152044,M3,2873,1124,0.002144806,0.57476087,0.005332906,0.67881827,0.198320696,-0.200848434,-0.096364787,No Mediation,No Mediation,No Mediation,M3,M3,52,34,34,4
1125,chr9_123390632_T_C_b38,ENSG00000148204,CRB2,protein_coding,9,123356170,123380324,ENSG00000111843,TMEM14C,protein_coding,6,10722915,10731129,M4,2877,1125,0.000513738,0.095354891,0.098162926,5.99733771,0.251688999,-0.205544465,-0.125405899,No Mediation,No Mediation,No Mediation,M0.1,M0.1,52,38,38,0
1126,chr10_69465828_C_A_b38,ENSG00000099282,TSPAN15,protein_coding,10,69451465,69507666,ENSG00000137563,GGH,protein_coding,8,63014881,63039407,M3,2878,1126,0.000755479,0.611230688,-0.008025727,1.856363054,0.216051988,0.173784882,-0.032780085,No Mediation,No Mediation,No Mediation,M3,M3,57,40,40,2
1127,chr16_84803874_A_T_b38,ENSG00000103196,CRISPLD2,protein_coding,16,84819985,84920768,ENSG00000236279,CLEC2L,protein_coding,7,139523685,139544985,M4,2881,1127,-0.085708741,15.58262201,0.04447432,1.202480497,0.163143809,0.173812731,-0.107171111,No Mediation,No Mediation,No Mediation,M3,M3,58,39,39,0
1128,chr14_77316054_T_A_b38,ENSG00000100577,GSTZ1,protein_coding,14,77320996,77331597,ENSG00000258410,,lncRNA,15,20128745,20147953,M3,2882,1128,-0.007910338,1.611421084,-0.000103487,0.024567224,0.180228155,0.171659263,0.004121705,No Mediation,No Mediation,No Mediation,M3,M3,60,36,36,1
1129,chr2_87466944_C_T_b38,ENSG00000222041,CYTOR,lncRNA,2,87454781,87636740,ENSG00000174307,PHLDA3,protein_coding,1,201464278,201469237,M3,2886,1129,0.0475787,2.089096892,-0.009978946,0.947257426,-0.159575354,0.189254859,-0.069830385,No Mediation,No Mediation,No Mediation,M0.1,M0.1,49,34,34,0
1130,chr12_133036849_C_A_b38,ENSG00000198040,ZNF84,protein_coding,12,133037292,133063304,ENSG00000105755,ETHE1,protein_coding,19,43506719,43527230,M3,2889,1130,-0.000269162,0.256888738,0.118820559,5.43295731,0.252194945,-0.171070184,-0.042728744,No Mediation,No Mediation,No Mediation,M3,M3,44,39,39,2
1131,chr11_117223697_T_C_b38,ENSG00000160613,PCSK7,protein_coding,11,117204337,117232525,ENSG00000164236,ANKRD33B,protein_coding,5,10564070,10657816,M4,2892,1131,-0.016066169,3.064903444,-0.001292587,0.334706007,-0.180515066,0.191520613,-0.207312718,No Mediation,No Mediation,Undirected,M3,M3,53,38,38,5
1132,chrX_101354559_G_A_b38,ENSG00000010671,BTK,protein_coding,X,101349447,101390796,ENSG00000230628,,lncRNA,1,234669523,234696153,M0,2893,1132,-0.009507524,7.819566433,6.7401182534366e-05,0.008685951,-0.085789828,-0.179793848,0.031559862,No Mediation,No Mediation,No Mediation,M0.2,M3,52,38,38,4
1133,chr8_11330261_C_G_b38,ENSG00000177710,SLC35G5,protein_coding,8,11331012,11332360,ENSG00000253893,FAM85B,lncRNA,8,8167819,8226614,M3,2898,1133,-0.002853169,0.204477625,0.001574782,0.111419983,-0.252587671,-0.190673947,0.000590557,No Mediation,No Mediation,No Mediation,M3,M3,43,26,26,0
1134,chr3_48308013_G_A_b38,ENSG00000229453,SPINK8,protein_coding,3,48306842,48328341,ENSG00000221819,GAS8-AS1,lncRNA,16,90028908,90029901,M3,2901,1134,-0.004182958,1.266328879,-9.94E-05,0.052529586,0.20631691,0.194203299,0.057721741,No Mediation,No Mediation,No Mediation,M3,M3,44,19,19,0
1135,chr8_79846496_T_C_b38,ENSG00000164683,HEY1,protein_coding,8,79762371,79767857,ENSG00000261642,,lncRNA,1,191151510,191154634,M3,2902,1135,0.00241084,0.47378735,-1.19E-05,0.003074321,-0.254843659,-0.179097471,0.091451079,No Mediation,No Mediation,No Mediation,M3,M0.1,46,15,15,1
1136,chr16_1469805_G_A_b38,ENSG00000260051,,lncRNA,16,1451760,1452653,ENSG00000275226,LINC00547,lncRNA,13,37534940,37551536,M0,2903,1136,-0.011987429,1.69971223,-1.56E-05,0.003245797,-0.085793274,0.198707718,-0.066180612,No Mediation,No Mediation,No Mediation,M3,M3,54,32,32,4
1137,chr1_111597853_A_G_b38,ENSG00000116473,RAP1A,protein_coding,1,111542218,111716691,ENSG00000140534,TICRR,protein_coding,15,89575469,89631056,M3,2906,1137,0.106770754,6.478033744,-0.000775104,0.131727055,-0.12546346,0.173071081,-0.038337857,No Mediation,No Mediation,No Mediation,M3,M3,45,36,36,3
1138,chr1_110380440_T_A_b38,ENSG00000134248,LAMTOR5,protein_coding,1,110401249,110407942,ENSG00000171942,OR10H2,protein_coding,19,15728024,15729052,M0,2907,1138,0.480592518,28.25385626,2.37221718499083e-05,0.014809259,-0.073813297,-0.182176435,0.010144458,Undirected,Undirected,Undirected,M1.2,M0.2,44,23,23,1
1139,chr1_212699732_C_T_b38,ENSG00000123685,BATF3,protein_coding,1,212686417,212699840,ENSG00000203733,GJE1,protein_coding,6,142133090,142135151,M3,2908,1139,0.004221222,0.577847212,1.63517594729394e-05,0.001771972,-0.15306568,0.18368516,-0.035795093,No Mediation,No Mediation,No Mediation,M0.1,M0.1,42,29,29,6
1140,chr18_813659_C_CT_b38,ENSG00000273355,,lncRNA,18,813274,813756,ENSG00000177854,TMEM187,protein_coding,X,153972754,153983194,M3,2911,1140,0.008937791,0.550219441,-0.037835735,1.581404834,-0.20637656,-0.177364829,-0.036870125,No Mediation,No Mediation,No Mediation,M3,M3,37,27,27,2
1141,chr17_19694772_C_T_b38,ENSG00000072210,ALDH3A2,protein_coding,17,19648136,19685760,ENSG00000134248,LAMTOR5,protein_coding,1,110401249,110407942,M3,2916,1141,-0.009985811,0.87046904,0.480592518,28.25385626,0.181697762,0.179902063,0.037379326,No Mediation,No Mediation,No Mediation,M3,M3,68,34,34,2
1142,chr3_124730362_A_G_b38,ENSG00000114491,UMPS,protein_coding,3,124730433,124749273,ENSG00000161203,AP2M1,protein_coding,3,184174689,184184091,M3,2917,1142,0.001728501,0.243831894,2.060121155,24.5094736,0.258225202,-0.177846109,-0.071147484,No Mediation,No Mediation,No Mediation,M3,M3,45,36,36,4
1143,chr7_7304086_C_T_b38,ENSG00000230825,,lncRNA,7,7255154,7278071,ENSG00000174373,RALGAPA1,protein_coding,14,35538352,35809304,M3,2921,1143,0.001265582,0.248510763,-0.001099024,0.235730127,-0.204474082,0.186812339,-0.090338796,No Mediation,No Mediation,No Mediation,M3,M1.1,53,30,30,2
1144,chr1_28318402_C_T_b38,ENSG00000180198,RCC1,protein_coding,1,28505943,28539300,ENSG00000269903,,lncRNA,12,57814494,57814926,M3,2922,1144,0.002283367,1.844160786,-0.010460825,0.712964885,0.237811619,0.264376929,0.029597217,No Mediation,No Mediation,No Mediation,M3,M3,44,31,31,4
1145,chr12_54558958_T_C_b38,ENSG00000123360,PDE1B,protein_coding,12,54549601,54579239,ENSG00000241945,PWP2,protein_coding,21,44107373,44131181,M3,2927,1145,-0.079056863,3.373041166,-0.015096965,0.777119168,-0.165305752,-0.220211066,0.015895616,No Mediation,No Mediation,No Mediation,M3,M3,51,31,31,2
1146,chr16_57983935_C_G_b38,ENSG00000159648,TEPP,protein_coding,16,57976435,57988116,ENSG00000256769,CACNA1C-AS3,lncRNA,12,2603350,2607440,M3,2928,1146,0.000785815,0.139301154,0.000135675,0.006035417,0.248028553,-0.19278165,-0.019063053,No Mediation,No Mediation,No Mediation,M3,M3,43,11,11,1
1147,chr11_18280368_A_G_b38,ENSG00000110756,HPS5,protein_coding,11,18278668,18322198,ENSG00000228170,,lncRNA,6,3138394,3153062,M3,2929,1147,-0.004411063,0.755514817,0.000548895,0.228855782,-0.169658617,0.170522729,-0.005399802,No Mediation,No Mediation,No Mediation,M3,M3,50,34,34,4
1148,chr20_58708415_C_T_b38,ENSG00000254419,,lncRNA,20,58710795,58711633,ENSG00000185303,SFTPA2,protein_coding,10,79555852,79560407,M3,2933,1148,-0.002994486,2.396740404,0.085731757,11.79473892,-0.192548952,0.169848835,0.012973605,No Mediation,No Mediation,No Mediation,M3,M3,56,33,33,1
1149,chr14_71021174_T_C_b38,ENSG00000100731,PCNX1,protein_coding,14,70907405,71115382,ENSG00000233816,IFNA13,protein_coding,9,21367424,21368962,M3,2935,1149,-0.091034832,5.742851019,1.55833787318185e-06,0.002377908,0.201512076,0.191075846,0.010497399,No Mediation,No Mediation,No Mediation,M3,M3,56,32,32,1
1150,chr12_122692561_A_G_b38,ENSG00000256249,,lncRNA,12,122687125,122715979,ENSG00000078114,NEBL,protein_coding,10,20779973,21293011,M3,2936,1150,-0.000843665,1.272887458,0.000826803,0.326631731,0.187455541,-0.183828341,-0.05082078,No Mediation,No Mediation,No Mediation,M3,M3,51,33,33,1
1151,chr12_9053207_CG_C_b38,ENSG00000245105,A2M-AS1,lncRNA,12,9065163,9068689,ENSG00000196653,ZNF502,protein_coding,3,44712643,44723831,M3,2937,1151,0.000815296,0.228560551,0.002850297,0.206237965,0.194555408,0.170547954,-0.02802756,No Mediation,No Mediation,No Mediation,M3,M3,49,28,28,3
1152,chr6_41862232_A_G_b38,ENSG00000214736,TOMM6,protein_coding,6,41787662,41789898,ENSG00000174325,DIRC1,lncRNA,2,188734155,188790104,M3,2938,1152,0.873492037,15.55899144,-1.08E-05,0.007778341,-0.14094656,0.174258515,0.003094886,No Mediation,No Mediation,No Mediation,M3,M3,49,31,31,1
1153,chr1_148949927_A_G_b38,ENSG00000178104,PDE4DIP,protein_coding,1,148808181,149048286,ENSG00000235154,,lncRNA,22,48044710,48048549,M3,2939,1153,-0.000982283,0.251673226,0.000133226,0.012554071,-0.139722365,0.187394024,-0.025885451,No Mediation,No Mediation,No Mediation,M3,M0.1,58,30,30,1
1154,chr11_6670531_T_C_b38,ENSG00000166341,DCHS1,protein_coding,11,6621330,6655809,ENSG00000197616,MYH6,protein_coding,14,23381982,23408273,M3,2940,1154,0.000179593,0.287729953,0.011200517,1.111086081,0.222445128,0.184828621,-0.030541817,No Mediation,No Mediation,No Mediation,M3,M0.1,69,32,32,0
1155,chr9_94256375_C_T_b38,ENSG00000175787,ZNF169,protein_coding,9,94259298,94301829,ENSG00000276529,,lncRNA,21,44978832,44979274,M3,2944,1155,0.001406735,0.265300559,0.000111518,0.669166197,0.327610445,0.171228225,0.111584408,No Mediation,No Mediation,No Mediation,M3,M3,45,25,25,2
1156,chr12_53160499_G_A_b38,ENSG00000139651,ZNF740,protein_coding,12,53180704,53195142,ENSG00000255372,,lncRNA,11,22261209,22262256,M3,2950,1156,0.001470222,0.872307346,-2.54E-05,0.02216511,0.24874102,0.182478525,0.02800462,No Mediation,No Mediation,No Mediation,M3,M0.1,56,23,23,0
1157,chr17_1732320_T_C_b38,ENSG00000167716,WDR81,protein_coding,17,1716523,1738599,ENSG00000100083,GGA1,protein_coding,22,37608725,37633564,M3,2952,1157,0.007775178,1.626619928,-0.074298291,3.621107566,0.159200547,-0.177047219,-0.012313356,No Mediation,No Mediation,Trans Mediated,M0.1,M0.1,46,36,36,2
1158,chr11_115703007_T_C_b38,ENSG00000246100,LINC00900,lncRNA,11,115753889,115760646,ENSG00000133321,PLAAT4,protein_coding,11,63536808,63546462,M3,2953,1158,-9.43E-05,0.102761062,0.251722575,22.39114833,-0.223069885,-0.1862126,0.017962967,No Mediation,No Mediation,No Mediation,M3,M3,54,37,37,1
1159,chr13_113195837_C_T_b38,ENSG00000126226,PCID2,protein_coding,13,113177536,113208715,ENSG00000109272,PF4V1,protein_coding,4,73853296,73854483,M3,2954,1159,-0.001888581,0.770893366,0.190266408,7.53864147,0.227357019,-0.311535167,-0.043477726,No Mediation,No Mediation,Undirected,M3,M3,48,34,34,1
1160,chr6_113873358_A_G_b38,ENSG00000227502,MROCKI,lncRNA,6,113868013,113873351,ENSG00000268618,,lncRNA,19,8549506,8550139,M3,2955,1160,0.000768308,0.239013311,-0.025275247,3.119257219,-0.216969547,-0.185361727,0.003714192,No Mediation,No Mediation,No Mediation,M3,M0.1,64,31,31,1
1161,chrX_21953359_G_A_b38,ENSG00000102172,SMS,protein_coding,X,21940709,21994837,ENSG00000134531,EMP1,protein_coding,12,13196723,13219941,M4,2958,1161,0.00344659,3.445009093,-0.004078038,2.219710113,-0.174121439,-0.21858879,0.229105178,No Mediation,No Mediation,No Mediation,M3,M3,55,44,44,2
1162,chr20_62597630_C_T_b38,ENSG00000264490,,lncRNA,20,62575590,62577507,ENSG00000224808,SRGAP3-AS1,lncRNA,3,9014123,9015979,M3,2962,1162,-0.002641587,0.271105658,-3.97E-05,0.017822185,0.303287884,0.193008854,0.068498961,No Mediation,No Mediation,No Mediation,M3,M3,56,18,18,0
1163,chr15_78314225_G_A_b38,ENSG00000140395,WDR61,protein_coding,15,78277835,78299703,ENSG00000256218,,lncRNA,12,5366048,5367774,M4,2963,1163,-0.025151,2.049391818,-9.00E-06,0.003019186,0.23554351,0.182225856,0.146554024,No Mediation,No Mediation,No Mediation,M3,M4,62,28,28,2
1164,chr11_110097329_T_C_b38,ENSG00000149289,ZC3H12C,protein_coding,11,110093392,110171841,ENSG00000223546,LINC00630,lncRNA,X,102769158,102885406,M4,2964,1164,0.000121554,0.07702468,0.000208647,0.050126652,-0.259189789,-0.198203298,0.139591686,No Mediation,No Mediation,No Mediation,M3,M3,49,24,24,2
1165,chr12_124015292_C_T_b38,ENSG00000119242,CCDC92,protein_coding,12,123918660,123972831,ENSG00000151413,NUBPL,protein_coding,14,31489956,31861224,M3,2966,1165,0.02067513,1.155431216,0.001645572,0.110182751,0.197204591,0.179423559,0.081229889,No Mediation,No Mediation,No Mediation,M3,M0.1,48,32,32,1
1166,chr15_63148316_A_C_b38,ENSG00000185088,RPS27L,protein_coding,15,63125872,63158021,ENSG00000233656,,lncRNA,6,11417207,11481324,M0,2968,1166,-0.007115089,0.608607288,-7.78E-05,0.009201095,-0.080902214,0.230228902,-0.047523876,No Mediation,No Mediation,No Mediation,M3,M3,39,26,26,8
1167,chr22_49656820_G_A_b38,ENSG00000213279,,lncRNA,22,49572264,49575426,ENSG00000125450,NUP85,protein_coding,17,75205659,75235758,M3,2969,1167,-0.000981307,0.121364527,-0.015031628,2.018763201,-0.250248695,-0.203908818,0.095036452,No Mediation,No Mediation,No Mediation,M3,M3,54,33,33,0
1168,chr12_57936758_G_A_b38,ENSG00000257698,GIHCG,lncRNA,12,57930115,57936345,ENSG00000170632,ARMC10,protein_coding,7,103074881,103099759,M0,2971,1168,0.015009671,8.416180071,-0.0016035,1.26149962,-0.108507573,0.20665557,0.016473991,No Mediation,No Mediation,No Mediation,M0.2,M0.2,62,28,28,2
1169,chr17_68227876_A_G_b38,ENSG00000196704,AMZ2,protein_coding,17,68205481,68257712,ENSG00000173662,TAS1R1,protein_coding,1,6555307,6579755,M3,2972,1169,0.006708162,3.360723547,6.16325848039115e-05,0.066552424,-0.181068244,0.178435986,-0.052395891,No Mediation,No Mediation,No Mediation,M3,M3,58,36,36,3
1170,chr8_119782481_T_C_b38,ENSG00000064313,TAF2,protein_coding,8,119730774,119832841,ENSG00000234949,,lncRNA,2,237591020,237595981,M3,2975,1170,0.005670092,0.469075001,-0.000595383,0.03980415,-0.244800499,0.170698838,-0.050921067,No Mediation,No Mediation,No Mediation,M3,M3,42,38,38,6
1171,chr17_75234761_C_T_b38,ENSG00000125447,GGA3,protein_coding,17,75236599,75262363,ENSG00000233044,,lncRNA,6,157107727,157119706,M3,2977,1171,-0.034648967,4.836063995,-6.52E-05,0.052356076,-0.146027419,-0.188082557,0.035659487,No Mediation,No Mediation,No Mediation,M3,M3,49,29,29,1
1172,chr17_82447676_T_C_b38,ENSG00000178927,CYBC1,protein_coding,17,82442586,82450829,ENSG00000223774,,lncRNA,1,201893842,201899978,M3,2979,1172,0.940231383,60.11927341,-0.001122719,0.108942301,-0.130537367,0.180566988,-0.042698775,No Mediation,No Mediation,No Mediation,M3,M3,43,34,34,7
1173,chr2_221490753_G_C_b38,ENSG00000116106,EPHA4,protein_coding,2,221418027,221574202,ENSG00000259385,,lncRNA,15,48192191,48201684,M3,2982,1173,-0.004388798,0.309382982,-0.000295686,0.129581159,-0.160161806,0.174416244,-0.056976663,No Mediation,No Mediation,No Mediation,M3,M3,54,25,25,0
1174,chr8_17222730_TGATCACCTACATTATCTGTCTATAA_T_b38,ENSG00000198791,CNOT7,protein_coding,8,17224966,17246878,ENSG00000226709,FGF12-AS3,lncRNA,3,192516831,192521398,M3,2984,1174,0.005959013,0.718563608,-0.00013968,0.012999904,-0.180180102,-0.281604036,0.082198269,No Mediation,No Mediation,No Mediation,M3,M3,51,18,18,2
1175,chr15_64034659_CGTTT_C_b38,ENSG00000035664,DAPK2,protein_coding,15,63907036,64072033,ENSG00000253238,,lncRNA,8,80265907,80484481,M3,2985,1175,0.016779176,3.318834514,0.00015198,0.010228666,0.144183381,-0.18333319,-0.008384533,No Mediation,No Mediation,No Mediation,M3,M3,48,17,17,1
1176,chr3_16268872_G_A_b38,ENSG00000154813,DPH3,protein_coding,3,16257061,16264969,ENSG00000170632,ARMC10,protein_coding,7,103074881,103099759,M3,2986,1176,-0.013369435,2.416966571,-0.0016035,1.26149962,-0.173861399,0.229328162,0.04262896,No Mediation,No Mediation,No Mediation,M3,M3,44,34,34,5
1177,chr3_191328981_G_A_b38,ENSG00000152492,CCDC50,protein_coding,3,191329085,191398659,ENSG00000157191,NECAP2,protein_coding,1,16440721,16460078,M3,2988,1177,-0.011142105,0.841939186,0.03678336,7.539583564,-0.135811966,0.177775674,-0.023331343,No Mediation,No Mediation,No Mediation,M3,M0.1,52,37,37,1
1178,chr16_2860198_G_A_b38,ENSG00000005001,PRSS22,protein_coding,16,2852730,2858170,ENSG00000249241,LINC02265,lncRNA,4,40316485,40330419,M3,2992,1178,-0.005457088,0.282462736,0.000301876,0.060715892,-0.18023762,0.193019404,-0.066155018,No Mediation,No Mediation,No Mediation,M3,M3,48,36,36,1
1179,chr16_3283549_CTA_C_b38,ENSG00000006194,ZNF263,protein_coding,16,3263800,3301401,ENSG00000170632,ARMC10,protein_coding,7,103074881,103099759,M3,2993,1179,-0.007122312,0.908960545,-0.0016035,1.26149962,0.22641678,0.216663354,0.002709493,No Mediation,No Mediation,No Mediation,M3,M3,60,35,35,2
1180,chr6_87280961_T_C_b38,ENSG00000111850,SMIM8,protein_coding,6,87322583,87399749,ENSG00000120675,DNAJC15,protein_coding,13,43023203,43114213,M3,2996,1180,7.5434615362936e-05,0.294573652,0.005576783,0.502716243,0.208119422,0.188333793,0.001958424,No Mediation,No Mediation,No Mediation,M3,M3,40,25,25,2
1181,chr2_64991513_G_A_b38,ENSG00000115902,SLC1A4,protein_coding,2,64988477,65023865,ENSG00000250237,,lncRNA,5,69038518,69043821,M3,2997,1181,-0.004254338,1.910100069,-0.000143169,0.04332078,0.181266671,0.210973183,0.041369282,No Mediation,No Mediation,No Mediation,M3,M3,36,30,30,3
1182,chr17_78172776_G_T_b38,ENSG00000108639,SYNGR2,protein_coding,17,78168581,78173527,ENSG00000184428,TOP1MT,protein_coding,8,143304384,143359979,M3,2999,1182,-0.15320317,19.56989442,0.006999735,3.075825754,0.203952902,0.234619817,0.081466835,No Mediation,No Mediation,No Mediation,M3,M3,67,29,29,0
1183,chr11_1881245_G_A_b38,ENSG00000130595,TNNT3,protein_coding,11,1919703,1938706,ENSG00000122862,SRGN,protein_coding,10,69088103,69104805,M0,3000,1183,0.044803297,48.92329685,2692.382972,1975.192427,-0.027577879,0.207005027,-0.022590622,No Mediation,No Mediation,No Mediation,M0.2,M0.2,55,17,17,2
1184,chr12_9732930_C_T_b38,ENSG00000184293,CLECL1,protein_coding,12,9715860,9733299,ENSG00000265808,SEC22B,protein_coding,1,120150898,120176520,M3,3002,1184,-0.000283763,0.407319366,-0.004626938,2.131205028,-0.157184522,-0.184963816,-0.013301914,No Mediation,No Mediation,No Mediation,M3,M3,60,34,34,1
1185,chr19_35658859_A_G_b38,ENSG00000126267,COX6B1,protein_coding,19,35648323,35658782,ENSG00000167850,CD300C,protein_coding,17,74541073,74546115,M3,3004,1185,3.412098973,44.63826473,-0.080401986,11.83487774,-0.19025365,-0.190675981,-0.028478255,No Mediation,No Mediation,No Mediation,M3,M3,59,36,36,1
1186,chr2_61306422_G_C_b38,ENSG00000270820,USP34-DT,lncRNA,2,61471188,61484130,ENSG00000110721,CHKA,protein_coding,11,68052859,68121444,M3,3006,1186,-0.00511943,0.531361695,-0.028334237,5.016579974,-0.198962308,-0.17006655,0.077436054,No Mediation,No Mediation,No Mediation,M0.1,M0.1,48,32,32,3
1187,chr1_203765103_T_G_b38,ENSG00000122188,LAX1,protein_coding,1,203765177,203776372,ENSG00000258763,,lncRNA,12,55434734,55585471,M3,3010,1187,-0.010988902,1.267228337,-0.001745511,0.209115101,-0.161063091,0.17099837,-0.029941746,No Mediation,No Mediation,No Mediation,M3,M3,45,27,27,4
1188,chr3_99818093_C_T_b38,ENSG00000184220,CMSS1,protein_coding,3,99817837,100181732,ENSG00000274419,TBC1D3D,protein_coding,17,38003976,38014902,M3,3011,1188,-0.003360074,0.191931048,-0.004420253,0.792225763,-0.192220396,-0.176236025,0.024969331,No Mediation,No Mediation,No Mediation,M3,M3,41,29,29,1
1189,chr13_19663587_G_A_b38,ENSG00000196199,MPHOSPH8,protein_coding,13,19633659,19673441,ENSG00000259448,LINC02352,lncRNA,15,31215622,31224445,M3,3012,1189,-0.014625014,2.423420392,0.056310131,1.34624332,-0.195435229,-0.251511124,-0.005691463,No Mediation,No Mediation,No Mediation,M3,M3,55,31,31,1
1190,chr20_62928521_C_A_b38,ENSG00000273759,,lncRNA,20,62928621,62929297,ENSG00000229335,DANT1,lncRNA,X,115840964,115843050,M3,3015,1190,0.002421254,1.266300093,-1.54E-05,0.002880004,-0.221920041,0.271141032,-0.118702028,No Mediation,No Mediation,Trans Mediated,M3,M3,42,21,21,2
1191,chr19_20140267_G_A_b38,ENSG00000256229,ZNF486,protein_coding,19,20167214,20200488,ENSG00000227466,PDE4B-AS1,lncRNA,1,66042500,66050718,M3,3017,1191,0.008685275,0.864223068,1.23211301258122e-05,0.003767733,-0.178090541,0.201064502,-0.026187633,No Mediation,No Mediation,No Mediation,M3,M0.1,43,20,20,1
1192,chr13_95828017_C_T_b38,ENSG00000247400,DNAJC3-DT,lncRNA,13,95648733,95676955,ENSG00000100583,SAMD15,protein_coding,14,77376689,77391497,M3,3022,1192,-0.004164694,0.545761422,-0.00340845,0.237800598,0.201175646,-0.200674631,0.000928452,No Mediation,No Mediation,No Mediation,M3,M3,52,32,32,2
1193,chr12_8910861_T_C_b38,ENSG00000003056,M6PR,protein_coding,12,8940361,8949761,ENSG00000189114,BLOC1S3,protein_coding,19,45178784,45216933,M3,3030,1193,-0.104648397,6.775636128,-0.018575161,2.347053706,-0.20515579,-0.175401305,0.068178235,No Mediation,No Mediation,No Mediation,M3,M3,55,40,40,1
1194,chr9_83621106_C_T_b38,ENSG00000165115,KIF27,protein_coding,9,83834099,83921465,ENSG00000257325,,lncRNA,12,100852331,100859262,M0,3032,1194,0.001035463,0.894553076,-8.00E-05,0.009602813,0.091305925,0.29696984,0.039820562,No Mediation,No Mediation,No Mediation,M3,M3,54,23,23,2
1195,chr4_83316730_C_T_b38,ENSG00000173085,COQ2,protein_coding,4,83261536,83284914,ENSG00000206107,KRTAP27-1,protein_coding,21,30337013,30337694,M3,3033,1195,-0.021015412,1.379187013,-0.000106798,0.017226152,-0.243616072,0.202542804,-0.021488729,No Mediation,No Mediation,No Mediation,M3,M3,58,23,23,1
1196,chr16_11789197_A_C_b38,ENSG00000122299,ZC3H7A,protein_coding,16,11750586,11797258,ENSG00000261810,,lncRNA,16,10033684,10037297,M3,3035,1196,-0.014804536,1.580799338,4.41366122794901e-05,0.008075364,0.208149846,0.222612514,0.003582506,No Mediation,No Mediation,No Mediation,M3,M0.1,60,37,37,1
1197,chr19_10111519_A_G_b38,ENSG00000130812,ANGPTL6,protein_coding,19,10092338,10102678,ENSG00000136205,TNS3,protein_coding,7,47275154,47582558,M3,3037,1197,-0.000611251,0.431294495,-0.003852775,0.535731754,0.316827598,0.177713932,0.102355238,No Mediation,No Mediation,No Mediation,M3,M3,46,36,36,2
1198,chr2_202464210_T_C_b38,ENSG00000273456,,lncRNA,2,202374932,202375604,ENSG00000103550,KNOP1,protein_coding,16,19701937,19718235,M3,3044,1198,-0.000284656,0.407504421,-0.000572741,0.203488135,0.317922753,0.181647657,0.066305687,No Mediation,No Mediation,No Mediation,M3,M3,50,26,26,2
1199,chr7_157854579_G_T_b38,ENSG00000233038,PTPRN2-AS1,lncRNA,7,157854529,157863011,ENSG00000259564,,lncRNA,15,61834682,61935738,M4,3045,1199,-0.006020497,1.635144562,-4.45E-05,0.038394776,-0.232359402,0.174559394,-0.129798907,No Mediation,No Mediation,No Mediation,M3,M3,45,30,30,1
1200,chr2_73829437_A_G_b38,ENSG00000124356,STAMBP,protein_coding,2,73828916,73873659,ENSG00000274419,TBC1D3D,protein_coding,17,38003976,38014902,M3,3047,1200,-0.002166405,0.646953184,-0.004420253,0.792225763,0.310249172,0.217665029,0.131721096,No Mediation,No Mediation,No Mediation,M3,M3,46,29,29,1
1201,chr9_91192530_A_G_b38,ENSG00000165030,NFIL3,protein_coding,9,91409045,91423832,ENSG00000170445,HARS1,protein_coding,5,140673035,140691537,M0,3048,1201,11.07254201,150.6083932,-0.008389892,1.116115347,0.031979154,0.170567158,-0.001115105,No Mediation,No Mediation,No Mediation,M0.2,Other,64,34,34,1
1202,chr16_48569591_C_T_b38,ENSG00000260052,,lncRNA,16,48637143,48638719,ENSG00000248172,,lncRNA,17,49996889,50016844,M3,3049,1202,-0.001806748,0.433807343,0.000234821,0.01442067,0.327138421,0.174105824,-0.025656668,No Mediation,Undirected,Undirected,M4,M4,40,19,19,0
1203,chr1_153365467_G_A_b38,ENSG00000163220,S100A9,protein_coding,1,153357854,153361023,ENSG00000278044,FAM247B,lncRNA,22,18501794,18512187,M0,3051,1203,42968.16253,37530.23032,-0.000107385,0.014435276,0.028278603,0.189018458,0.025581187,No Mediation,No Mediation,No Mediation,M0.2,Other,48,25,25,3
1204,chr6_26222660_C_A_b38,ENSG00000277075,H2AC8,protein_coding,6,26216975,26217483,ENSG00000223360,,lncRNA,2,12598987,12605145,M0,3052,1204,0.312097079,14.88921481,3.7958098366642e-06,0.004849333,-0.050100627,0.190481336,-0.053398672,No Mediation,No Mediation,No Mediation,M0.2,M0.2,48,32,32,3
1205,chr17_37628628_T_C_b38,ENSG00000278053,DDX52,protein_coding,17,37609739,37643446,ENSG00000137267,TUBB2A,protein_coding,6,3153497,3157544,M3,3055,1205,0.003270952,0.56269165,0.725591691,12.0861568,-0.201908111,0.175670853,0.062269542,No Mediation,No Mediation,No Mediation,M3,M3,39,25,25,2
1206,chr1_209765642_G_A_b38,ENSG00000162757,C1orf74,protein_coding,1,209779208,209784559,ENSG00000231421,,lncRNA,17,30573471,30577000,M3,3057,1206,-0.014909329,1.103567757,0.000345701,0.026358889,-0.199584106,0.180635807,0.004743887,No Mediation,No Mediation,No Mediation,M3,M3,55,26,26,2
1207,chr21_44302928_A_C_b38,ENSG00000141959,PFKL,protein_coding,21,44300051,44327376,ENSG00000225775,,lncRNA,6,9124221,9161777,M3,3058,1207,-0.018099354,7.774766539,2.35522045342343e-05,0.002053094,0.141508492,0.243977356,0.006650686,No Mediation,No Mediation,No Mediation,M3,M0.1,41,24,24,3
1208,chr16_18528849_T_C_b38,ENSG00000185164,NOMO2,protein_coding,16,18417325,18562211,ENSG00000215343,ZNF705D,protein_coding,8,12104389,12115516,M3,3059,1208,-0.001542464,0.452863727,-1.48E-05,0.001610653,0.130922275,0.266754149,-0.006531863,No Mediation,No Mediation,No Mediation,M3,M3,55,24,24,1
1209,chr7_44959115_G_A_b38,ENSG00000136286,MYO1G,protein_coding,7,44962662,44979088,ENSG00000089335,ZNF302,protein_coding,19,34677639,34686397,M4,3060,1209,0.028657836,34.83394628,0.008140913,0.556798677,-0.194688474,-0.172640572,0.125227137,No Mediation,No Mediation,No Mediation,M3,M3,58,34,34,0
1210,chr16_2246196_A_C_b38,ENSG00000167969,ECI1,protein_coding,16,2239402,2252300,ENSG00000227485,,lncRNA,1,63024207,63025658,M3,3063,1210,-0.039728058,2.604839132,-3.20E-06,0.004501329,-0.169684687,0.203509296,-0.025409696,No Mediation,No Mediation,No Mediation,M3,M3,55,32,32,4
1211,chr1_243264850_T_G_b38,ENSG00000143702,CEP170,protein_coding,1,243124428,243255348,ENSG00000266709,,lncRNA,17,14303854,14305505,M0,3064,1211,-0.026417135,0.941819513,-0.026654067,3.615275093,0.119231597,0.170961347,-0.017312215,Cis Mediated,Undirected,Undirected,M4,M3,46,34,34,3
1212,chr6_49729710_G_C_b38,ENSG00000096006,CRISP3,protein_coding,6,49727376,49744437,ENSG00000245662,LINC02211,lncRNA,5,25187800,25324386,M0,3065,1212,1.48842804,49.41112445,8.63175138739049e-05,0.029569017,-0.090935755,0.177324113,-0.008447361,No Mediation,No Mediation,No Mediation,M3,M0.2,46,25,25,1
1213,chr3_128098665_C_T_b38,ENSG00000132394,EEFSEC,protein_coding,3,128153481,128408646,ENSG00000238282,,lncRNA,20,4475638,4525200,M3,3067,1213,-0.02395266,1.736800978,0.000414009,0.030641455,0.189017446,-0.174923893,-0.089582634,No Mediation,No Mediation,No Mediation,M3,M3,55,36,36,2
1214,chr9_121248808_T_TG_b38,ENSG00000148180,GSN,protein_coding,9,121207794,121332843,ENSG00000111843,TMEM14C,protein_coding,6,10722915,10731129,M3,3073,1214,0.55218038,40.58237947,0.098162926,5.99733771,0.14276859,-0.218599749,0.043547951,No Mediation,No Mediation,No Mediation,M3,M3,49,37,37,2
1215,chr11_63984346_C_T_b38,ENSG00000110583,NAA40,protein_coding,11,63938959,63957319,ENSG00000275774,HNRNPCL2,protein_coding,1,13115488,13116854,M3,3077,1215,-0.021565537,1.257764634,0.000161797,0.032905586,-0.16120335,-0.174477052,0.094640036,No Mediation,No Mediation,No Mediation,M3,M3,53,32,32,4
1216,chr16_802116_G_A_b38,ENSG00000102854,MSLN,protein_coding,16,760734,768865,ENSG00000249547,,lncRNA,4,23234625,23285573,M3,3081,1216,0.011295676,2.53335549,-1.82E-05,0.002934694,0.353662573,0.369934265,0.025325893,No Mediation,No Mediation,No Mediation,M4,M4,61,24,24,1
1217,chr1_26525238_A_C_b38,ENSG00000117682,DHDDS,protein_coding,1,26432282,26471306,ENSG00000253618,GRPEL2-AS1,lncRNA,5,149348116,149357642,M3,3083,1217,-0.009247336,0.63785096,-0.000721028,0.120580928,-0.217374724,-0.185776888,0.126333377,No Mediation,No Mediation,No Mediation,M3,M3,49,27,27,2
1218,chr12_54182016_C_A_b38,ENSG00000250742,LINC02381,lncRNA,12,54126082,54147485,ENSG00000120675,DNAJC15,protein_coding,13,43023203,43114213,M3,3086,1218,-0.001039478,0.169699147,0.005576783,0.502716243,0.174183433,-0.211925448,-0.070687523,No Mediation,No Mediation,No Mediation,M3,M3,54,39,39,0
1219,chr19_49513491_C_T_b38,ENSG00000104870,FCGRT,protein_coding,19,49506816,49526428,ENSG00000259448,LINC02352,lncRNA,15,31215622,31224445,M0,3088,1219,2.015645885,72.96923977,0.056310131,1.34624332,-0.08294608,0.225988142,-0.006506028,No Mediation,No Mediation,No Mediation,M0.2,M0.2,58,30,30,1
1220,chr14_64227477_C_T_b38,ENSG00000140009,ESR2,protein_coding,14,64084232,64338112,ENSG00000168255,POLR2J3,protein_coding,7,102537918,102572653,M4,3090,1220,-0.001821504,0.141339179,-0.004200583,0.918447079,-0.28066685,0.198415234,-0.190209091,Undirected,Undirected,Undirected,M4,M1.1,48,29,29,0
1221,chr14_94384600_A_T_b38,ENSG00000197249,SERPINA1,protein_coding,14,94376747,94390693,ENSG00000163346,PBXIP1,protein_coding,1,154944076,154956123,M0,3091,1221,493.9421333,631.6629848,0.599429032,41.15990056,-0.083558817,-0.182650283,-0.048751215,No Mediation,No Mediation,No Mediation,M3,M3,55,32,32,0
1222,chr6_33014746_G_C_b38,ENSG00000204252,HLA-DOA,protein_coding,6,33004182,33009591,ENSG00000227917,,lncRNA,9,100804,110138,M0,3092,1222,0.005073446,4.628215266,-9.10E-05,0.017360349,-0.060968267,0.16977256,-0.029343538,No Mediation,No Mediation,No Mediation,M0.2,M3,54,32,32,2
1223,chr11_5667914_G_C_b38,ENSG00000132256,TRIM5,protein_coding,11,5663195,5938619,ENSG00000224265,LINC02633,lncRNA,10,43323665,43327932,M3,3095,1223,-0.023707367,2.729361517,7.88890191089914e-05,0.005724496,-0.154455386,0.184620565,0.004012925,No Mediation,No Mediation,No Mediation,M3,M3,55,32,32,2
1224,chr5_139384001_C_T_b38,ENSG00000228672,PROB1,protein_coding,5,139390592,139395104,ENSG00000268618,,lncRNA,19,8549506,8550139,M3,3096,1224,-0.001569758,0.177251043,-0.025275247,3.119257219,-0.240899738,0.200126151,-0.085603988,No Mediation,No Mediation,No Mediation,M3,M3,68,40,40,0
1225,chr16_31077026_G_A_b38,ENSG00000103507,BCKDK,protein_coding,16,31106107,31112791,ENSG00000131238,PPT1,protein_coding,1,40072710,40097260,M2,3098,1225,0.016529178,12.96276354,0.972121945,95.4271785,0.100674744,0.177149165,-0.136450481,Undirected,Undirected,Undirected,M4,M4,59,45,45,1
1226,chr7_149110328_A_G_b38,ENSG00000204947,ZNF425,protein_coding,7,149102784,149126324,ENSG00000234877,,lncRNA,2,78597911,78599406,M3,3099,1226,-0.002500356,0.259554261,-6.62E-05,0.005631413,0.26141673,-0.199876259,-0.051708059,No Mediation,No Mediation,No Mediation,M3,M3,50,27,27,0
1227,chr16_14889311_C_G_b38,ENSG00000179889,PDXDC1,protein_coding,16,14974591,15139339,ENSG00000265046,,lncRNA,17,31830731,31831750,M3,3108,1227,-0.012256574,0.965678383,-7.54E-05,0.009802346,-0.237566977,0.225262872,-0.035666625,No Mediation,No Mediation,Undirected,M3,M3,48,31,31,2
1228,chr12_10070187_T_C_b38,ENSG00000172243,CLEC7A,protein_coding,12,10116777,10130258,ENSG00000257781,,lncRNA,12,115755262,115799936,M0,3109,1228,-0.608878934,42.58643229,-2.28E-06,0.004427208,0.038824306,0.17522898,-0.016337142,No Mediation,No Mediation,No Mediation,M0.2,M0.2,48,18,18,1
1229,chr4_662092_C_G_b38,ENSG00000242686,PDE6B-AS1,lncRNA,4,652850,656213,ENSG00000229876,CASC20,lncRNA,20,6446723,6528459,M3,3112,1229,-0.000688332,0.098774851,0.000154363,0.012229165,-0.178201963,0.195546423,-0.063912172,No Mediation,No Mediation,No Mediation,M3,M3,48,28,28,1
1230,chr1_89757841_C_A_b38,ENSG00000171488,LRRC8C,protein_coding,1,89633072,89769903,ENSG00000214226,C17orf67,protein_coding,17,56791913,56838773,M3,3114,1230,-0.000519843,0.829399073,-0.004579601,0.699828347,-0.137662126,0.178942488,-0.024245078,No Mediation,No Mediation,No Mediation,M3,M3,55,31,31,5
1231,chr20_3781448_T_C_b38,ENSG00000101224,CDC25B,protein_coding,20,3786772,3806121,ENSG00000072501,SMC1A,protein_coding,X,53374149,53422728,M0,3115,1231,-0.09948097,9.543843061,-0.005021229,1.477212632,0.110867511,-0.181030553,-0.024958567,No Mediation,No Mediation,No Mediation,Other,M0.2,47,33,33,4
1232,chr5_178232623_C_A_b38,ENSG00000175309,PHYKPL,protein_coding,5,178208471,178232802,ENSG00000260845,,lncRNA,16,32735909,32741094,M0,3116,1232,-0.032460328,4.488799507,2.96642639969194e-06,0.002067591,0.120766361,0.250092936,0.079826565,No Mediation,No Mediation,Cis Mediated,M3,M3,38,22,22,7
1233,chr1_230978849_C_T_b38,ENSG00000143643,TTC13,protein_coding,1,230906243,230978875,ENSG00000120697,ALG5,protein_coding,13,36949738,37000763,M4,3117,1233,-0.061750091,2.448239644,-0.022665632,1.209467812,-0.230087604,-0.186224306,0.173650553,No Mediation,No Mediation,Undirected,M0.1,M1.1,42,32,32,4
1234,chr11_254421_A_G_b38,ENSG00000174885,NLRP6,protein_coding,11,278407,285388,ENSG00000105499,PLA2G4C,protein_coding,19,48047843,48110817,M3,3119,1234,0.063850727,20.36633115,0.002423096,0.456674738,-0.133818042,0.180512844,-0.002305448,No Mediation,No Mediation,No Mediation,M3,M3,56,33,33,0
1235,chr1_111197723_C_G_b38,ENSG00000162777,DENND2D,protein_coding,1,111185969,111204535,ENSG00000168255,POLR2J3,protein_coding,7,102537918,102572653,M3,3122,1235,-0.026996718,8.040627224,-0.004200583,0.918447079,0.14454723,-0.229577313,-0.085364347,No Mediation,No Mediation,No Mediation,M3,M3,54,38,38,1
1236,chr20_63707707_C_G_b38,ENSG00000101246,ARFRP1,protein_coding,20,63698642,63708025,ENSG00000105088,OLFM2,protein_coding,19,9853718,9936515,M2,3123,1236,-0.005361446,1.559526442,0.005246648,0.586014478,-0.121282804,0.173404358,0.139050566,No Mediation,No Mediation,No Mediation,M3,M0.1,52,32,32,2
1237,chr7_133930257_A_G_b38,ENSG00000131558,EXOC4,protein_coding,7,133253073,134066589,ENSG00000260706,,lncRNA,16,80065836,80167577,M3,3125,1237,0.00333924,1.089871598,-7.34E-06,0.004194613,-0.140961237,0.208556288,-0.02921638,No Mediation,No Mediation,No Mediation,M3,M3,51,14,14,0
1238,chr17_6986238_G_A_b38,ENSG00000215067,ALOX12-AS1,lncRNA,17,6875232,7012530,ENSG00000253626,EIF5AL1,protein_coding,10,79512533,79516440,M3,3127,1238,-0.004102255,0.467277506,0.003792992,0.371508813,0.169096523,-0.202396979,-0.030732394,No Mediation,No Mediation,No Mediation,M3,M3,48,20,20,2
1239,chr1_247183504_T_C_b38,ENSG00000259865,,lncRNA,1,247187281,247188526,ENSG00000135821,GLUL,protein_coding,1,182378098,182392206,M3,3131,1239,-0.064457615,3.668237896,41.21317726,283.6687081,0.175737343,0.192464335,-0.037798284,No Mediation,No Mediation,No Mediation,M3,M3,61,32,32,3
1240,chr1_44775613_C_G_b38,ENSG00000142937,RPS8,protein_coding,1,44775251,44778779,ENSG00000172497,ACOT12,protein_coding,5,81329996,81394179,M0,3134,1240,19.62587867,157.4163736,-0.002229263,0.209031549,-0.021975644,0.204874649,-0.017198429,No Mediation,No Mediation,No Mediation,M0.2,M0.2,60,33,33,1
1241,chr3_36908471_G_T_b38,ENSG00000168016,TRANK1,protein_coding,3,36826819,36945057,ENSG00000107223,EDF1,protein_coding,9,136862119,136866308,M0,3136,1241,-0.018598819,4.150668285,1.616267275,27.08178111,-0.093874823,0.204917389,0.020197843,No Mediation,No Mediation,No Mediation,M3,M3,56,32,32,4
1242,chr4_142704109_G_A_b38,ENSG00000109452,INPP4B,protein_coding,4,142023160,142847432,ENSG00000214279,SCART1,protein_coding,10,133453928,133523558,M3,3137,1242,-0.000864636,0.404692215,0.008925718,0.430497436,0.157818,-0.183454394,-0.091449224,No Mediation,No Mediation,No Mediation,M3,M3,49,34,34,3
1243,chr4_47904795_C_A_b38,ENSG00000135605,TEC,protein_coding,4,48135783,48269838,ENSG00000089041,P2RX7,protein_coding,12,121132819,121188032,M3,3138,1243,-0.006354018,1.022693334,-0.017829081,2.275079271,0.168025961,0.175720556,0.029520727,No Mediation,No Mediation,No Mediation,M0.1,M3,48,36,36,2
1244,chr12_111877130_T_TCCTCAGCCTCCCGAGTAGCTGGGATTAAAGGCATGTGCCACCACGC_b38,ENSG00000234608,MAPKAPK5-AS1,lncRNA,12,111839764,111842902,ENSG00000187082,DEFB106B,protein_coding,8,7482504,7486400,M3,3139,1244,0.036180308,2.689634435,-7.51E-05,0.016514914,0.155029207,0.195533019,0.056861432,No Mediation,No Mediation,No Mediation,M3,M3,50,36,36,2
1245,chr17_80378776_G_T_b38,ENSG00000263069,RNF213-AS1,lncRNA,17,80351828,80415168,ENSG00000223530,,lncRNA,2,23330664,23332044,M3,3144,1245,0.000366048,0.705427901,4.46073987815446e-05,0.003333309,0.149190879,0.200050297,0.001827295,No Mediation,No Mediation,No Mediation,M3,M3,58,28,28,2
1246,chr11_63814042_G_A_b38,ENSG00000168005,SPINDOC,protein_coding,11,63813456,63827716,ENSG00000258815,LINC02820,lncRNA,12,85318060,85342912,M3,3146,1246,-0.002681765,1.616502326,3.46145784031033e-05,0.044092781,0.174019886,0.259371359,0.029646898,No Mediation,No Mediation,No Mediation,M3,M3,52,35,35,6
1247,chr16_30328432_G_A_b38,ENSG00000169203,NPIPB12,protein_coding,16,29483642,29505999,ENSG00000243716,NPIPB5,protein_coding,16,22479121,22536521,M4,3149,1247,0.001422715,0.301244216,0.024321904,1.337781124,0.18535563,0.226489685,0.253388197,Undirected,Undirected,Undirected,M4,M4,47,24,24,0
1248,chr7_19709077_G_A_b38,ENSG00000105849,POLR1F,protein_coding,7,19695461,19709037,ENSG00000254092,,lncRNA,8,20942863,21298168,M3,3156,1248,-0.000811134,0.689112898,-0.001936747,0.260463776,0.237529487,0.182363532,0.076216107,No Mediation,No Mediation,No Mediation,M0.1,M3,53,36,36,2
1249,chr3_52495250_T_C_b38,ENSG00000010327,STAB1,protein_coding,3,52495338,52524495,ENSG00000249642,,lncRNA,4,187613708,187712329,M0,3158,1249,-0.456507107,34.6755061,4.07981419379443e-06,0.003031516,0.11162674,-0.233029037,0.003233189,Trans Mediated,Trans Mediated,Trans Mediated,M3,M3,54,25,25,3
1250,chr9_136698367_C_G_b38,ENSG00000165716,DIPK1B,protein_coding,9,136712572,136724742,ENSG00000170632,ARMC10,protein_coding,7,103074881,103099759,M3,3159,1250,0.01672605,1.490218235,-0.0016035,1.26149962,-0.190115174,-0.202525801,-0.024980067,No Mediation,No Mediation,No Mediation,M3,M3,56,35,35,3
1251,chr8_11805659_T_TTC_b38,ENSG00000079459,FDFT1,protein_coding,8,11795573,11839304,ENSG00000253893,FAM85B,lncRNA,8,8167819,8226614,M3,3160,1251,0.247771443,6.406982338,0.001574782,0.111419983,0.181435044,-0.216636102,-0.043217912,No Mediation,No Mediation,No Mediation,M3,M3,46,27,27,0
1252,chr17_62878025_T_C_b38,ENSG00000170921,TANC2,protein_coding,17,63009556,63427699,ENSG00000170632,ARMC10,protein_coding,7,103074881,103099759,M3,3161,1252,-0.005757802,0.744912764,-0.0016035,1.26149962,-0.182647593,0.44640115,-0.084333225,No Mediation,No Mediation,Undirected,M3,M3,50,35,35,3
1253,chr7_91903726_G_C_b38,ENSG00000001629,ANKIB1,protein_coding,7,92245974,92401383,ENSG00000204897,KRT25,protein_coding,17,40748021,40755331,M3,3162,1253,0.002372129,0.417796957,0.000731669,0.071700716,0.156066767,0.193491863,-0.040543527,No Mediation,No Mediation,No Mediation,M3,M3,53,22,22,3
1254,chr5_90520482_C_A_b38,ENSG00000113356,POLR3G,protein_coding,5,90471748,90514557,ENSG00000111711,GOLT1B,protein_coding,12,21501781,21518408,M3,3165,1254,0.001161174,0.115079603,-0.003347771,0.843014224,0.25598776,0.171647623,0.107588086,No Mediation,No Mediation,No Mediation,M3,M0.1,56,35,35,1
1255,chr10_6233483_G_C_b38,ENSG00000212743,LINC02656,lncRNA,10,6350316,6352762,ENSG00000159199,ATP5MC1,protein_coding,17,48892765,48895871,M3,3166,1255,-0.031922648,2.774240826,0.027050736,6.300199362,-0.179493443,0.198441577,0.013326513,No Mediation,No Mediation,No Mediation,M3,M3,58,39,39,1
1256,chr1_65058899_C_G_b38,ENSG00000226891,LINC01359,lncRNA,1,64972225,65002489,ENSG00000253647,KCNIP1-OT1,lncRNA,5,170389493,170422844,M4,3172,1256,-0.00044278,0.104199919,1.97207055631469e-05,0.014010967,0.200935258,-0.172631455,-0.113394577,No Mediation,No Mediation,Undirected,M3,M3,47,24,24,1
1257,chr1_43880058_G_C_b38,ENSG00000132768,DPH2,protein_coding,1,43970000,43973369,ENSG00000235699,CXorf51B,protein_coding,X,146809771,146810411,M3,3175,1257,-0.003665339,1.422581548,1.10979458820939e-05,0.003189608,0.264017536,0.476647665,0.134181041,No Mediation,No Mediation,Cis Mediated,M3,M3,37,17,17,5
1258,chr17_16486158_G_A_b38,ENSG00000181350,LRRC75A,protein_coding,17,16441577,16492193,ENSG00000232287,SLC6A1-AS1,lncRNA,3,11006098,11019224,M3,3177,1258,0.103940365,1.265962018,7.36826267888346e-05,0.01378283,-0.197564547,0.199109169,-0.028775488,No Mediation,No Mediation,No Mediation,M3,M3,47,23,23,1
1259,chr15_55902993_T_C_b38,ENSG00000069869,NEDD4,protein_coding,15,55826922,55993660,ENSG00000269400,,lncRNA,19,8833065,8833541,M3,3178,1259,-0.00064452,0.490854724,-0.000315168,0.079040003,-0.200570632,-0.185393439,0.085371625,No Mediation,No Mediation,No Mediation,M3,M3,52,21,21,0
1260,chr16_67829548_T_C_b38,ENSG00000072736,NFATC3,protein_coding,16,68084751,68229259,ENSG00000111843,TMEM14C,protein_coding,6,10722915,10731129,M0,3180,1260,3.99812388775963e-05,1.5333312,0.098162926,5.99733771,-0.082427346,0.261424973,-0.030961819,No Mediation,No Mediation,No Mediation,M3,M3,58,38,38,0
1261,chr6_25935363_C_T_b38,ENSG00000272462,,lncRNA,6,25992641,26001775,ENSG00000204644,ZFP57,protein_coding,6,29672483,29681155,M3,3182,1261,-0.007435501,0.476999541,-0.000910634,1.849695146,0.234194157,0.23383747,0.090878576,No Mediation,No Mediation,No Mediation,M3,M3,47,23,23,1
1262,chr17_74463637_G_A_b38,ENSG00000167851,CD300A,protein_coding,17,74466399,74484794,ENSG00000213977,TAX1BP3,protein_coding,17,3662895,3668679,M0,3183,1262,7.057532792,106.9170285,0.02976324,10.73871507,-0.100229735,0.203664864,-0.080920318,No Mediation,No Mediation,No Mediation,M0.2,M0.2,54,31,31,2
1263,chr16_72045228_G_C_b38,ENSG00000257017,HP,protein_coding,16,72054505,72061055,ENSG00000238133,MAP3K20-AS1,lncRNA,2,173166446,173282036,M0,3190,1263,4.016780409,139.9014972,0.00011145,0.067004088,-0.08340816,-0.18830019,0.055975437,No Mediation,No Mediation,Undirected,M0.2,M0.1,53,26,26,2
1264,chr7_36591994_C_T_b38,ENSG00000230539,AOAH-IT1,lncRNA,7,36597834,36600120,ENSG00000111843,TMEM14C,protein_coding,6,10722915,10731129,M4,3196,1264,-0.01238618,2.190264694,0.098162926,5.99733771,0.278951907,0.264175777,0.200712687,No Mediation,No Mediation,No Mediation,M3,M4,50,27,27,0
1265,chr1_24739957_T_C_b38,ENSG00000169504,CLIC4,protein_coding,1,24745382,24844321,ENSG00000250915,,lncRNA,4,8745391,8747727,M0,3199,1265,0.021401301,2.774945179,0.000100527,0.011973132,-0.109676396,-0.172974814,0.004190411,No Mediation,No Mediation,No Mediation,M3,M3,59,32,32,1
1266,chr6_32866030_GA_G_b38,ENSG00000168394,TAP1,protein_coding,6,32845209,32853816,ENSG00000132938,MTUS2,protein_coding,13,28820339,29505947,M3,3200,1266,-0.211453247,68.53601545,0.000200985,0.02722033,0.151979689,0.185619253,0.034157131,No Mediation,No Mediation,No Mediation,M3,M3,47,36,36,2
1267,chr20_63627539_C_G_b38,ENSG00000232442,MHENCR,lncRNA,20,63627227,63628824,ENSG00000153113,CAST,protein_coding,5,96525267,96779595,M3,3202,1267,0.133430559,12.3194306,-0.036189642,9.409402016,0.187331238,-0.172802765,-0.079471967,No Mediation,No Mediation,Trans Mediated,M3,M0.1,57,33,33,2
1268,chr3_121629080_T_A_b38,ENSG00000163833,FBXO40,protein_coding,3,121593379,121630295,ENSG00000273136,NBPF26,protein_coding,1,120723949,120842110,M3,3203,1268,-0.000796868,0.144378051,-0.001845759,2.016349043,0.139549933,-0.191429461,0.099454453,No Mediation,No Mediation,No Mediation,M3,M3,55,33,33,1
1269,chr1_40488253_G_A_b38,ENSG00000238287,,lncRNA,1,40493157,40508661,ENSG00000175061,SNHG29,lncRNA,17,16438767,16478678,M3,3204,1269,0.001058655,0.210129677,1.449296292,30.00829182,-0.298093681,-0.186433488,0.047664485,No Mediation,No Mediation,No Mediation,M3,M3,52,31,31,1
1270,chr20_50511483_T_C_b38,ENSG00000196396,PTPN1,protein_coding,20,50510321,50585241,ENSG00000197054,ZNF763,protein_coding,19,11965037,11980617,M3,3207,1270,-0.173827114,11.45967316,0.007401894,0.934247667,0.148193348,-0.177540554,-0.061693641,No Mediation,No Mediation,No Mediation,M3,M3,55,29,29,3
1271,chr12_94288831_G_A_b38,ENSG00000258172,,lncRNA,12,94272150,94277195,ENSG00000198468,FLVCR1-DT,lncRNA,1,212852105,212858126,M3,3212,1271,0.003358305,0.519182076,-0.0013125,0.372976816,-0.230641756,0.188282166,-0.073123534,No Mediation,No Mediation,No Mediation,M3,M3,56,22,22,0
1272,chr1_173449275_G_A_b38,ENSG00000234741,GAS5,lncRNA,1,173858559,173868882,ENSG00000267760,,lncRNA,19,30665274,30668647,M3,3214,1272,0.325873176,16.41025838,-1.63E-05,0.003910976,0.169857378,0.304153294,0.025578722,No Mediation,No Mediation,No Mediation,M3,M0.2,66,39,39,1
1273,chr19_4396508_G_A_b38,ENSG00000267980,,lncRNA,19,4363789,4364640,ENSG00000134248,LAMTOR5,protein_coding,1,110401249,110407942,M3,3216,1273,-0.004480485,0.613127666,0.480592518,28.25385626,-0.258485408,0.178821978,-0.037198377,No Mediation,No Mediation,No Mediation,M3,M3,59,35,35,1
1274,chr3_122412930_C_G_b38,ENSG00000196981,WDR5B,protein_coding,3,122411846,122416062,ENSG00000177854,TMEM187,protein_coding,X,153972754,153983194,M3,3218,1274,0.004903846,0.446798981,-0.037835735,1.581404834,0.225862593,0.174046929,0.083617832,No Mediation,No Mediation,No Mediation,M3,M3,50,33,33,0
1275,chr1_40552495_T_C_b38,ENSG00000164002,EXO5,protein_coding,1,40508741,40516038,ENSG00000163531,NFASC,protein_coding,1,204828651,205022822,M3,3221,1275,-0.001284782,0.414328119,0.000559849,0.05956316,0.363133662,0.213481504,0.067899723,No Mediation,No Mediation,No Mediation,M3,M3,38,18,18,1
1276,chr2_172509705_G_A_b38,ENSG00000232788,ITGA6-AS1,lncRNA,2,172464262,172466022,ENSG00000170632,ARMC10,protein_coding,7,103074881,103099759,M3,3225,1276,0.004801185,0.968674134,-0.0016035,1.26149962,-0.25117892,0.212194922,-0.12067,Undirected,Undirected,Undirected,M1.1,M1.1,42,30,30,3
1277,chr16_1232973_C_G_b38,ENSG00000172236,TPSAB1,protein_coding,16,1240379,1242554,ENSG00000180205,WFDC9,protein_coding,20,45607939,45631284,M0,3227,1277,-0.007480093,4.482160125,4.13650650009357e-05,0.010541115,-0.112968599,0.18222261,-0.041251739,No Mediation,No Mediation,No Mediation,M0.2,M0.2,45,25,25,1
1278,chr22_41438208_G_C_b38,ENSG00000196419,XRCC6,protein_coding,22,41621163,41664048,ENSG00000237293,,lncRNA,2,75474453,75482579,M0,3234,1278,-0.186029446,17.53156423,0.000129406,0.010215004,0.083302681,0.273161589,0.028114606,No Mediation,No Mediation,No Mediation,M0.2,M0.2,67,23,23,1
1279,chr1_112886205_A_G_b38,ENSG00000226419,SLC16A1-AS1,lncRNA,1,112956415,113047055,ENSG00000204528,PSORS1C3,lncRNA,6,31173735,31177899,M3,3239,1279,0.000636117,0.091109494,-0.000880494,1.908692955,-0.202629097,-0.171150322,0.018455678,No Mediation,No Mediation,No Mediation,M3,M3,47,36,36,2
1280,chr11_2300420_A_G_b38,ENSG00000064201,TSPAN32,protein_coding,11,2301997,2318204,ENSG00000171219,CDC42BPG,protein_coding,11,64823052,64844653,M3,3243,1280,0.044731572,6.913776743,-0.002553525,0.373673152,0.222978747,-0.176437007,-0.041931793,No Mediation,No Mediation,No Mediation,M3,M3,58,39,39,4
1281,chr1_1407014_G_A_b38,ENSG00000242485,MRPL20,protein_coding,1,1401909,1407293,ENSG00000162621,LRRC53,protein_coding,1,74469376,74512611,M3,3244,1281,0.007248196,2.92519046,-8.76E-06,0.003172504,-0.272731748,0.244842614,-0.052283801,No Mediation,No Mediation,No Mediation,M3,M3,57,41,41,1
1282,chr21_33066900_A_G_b38,ENSG00000205927,OLIG2,protein_coding,21,33025935,33029196,ENSG00000183647,ZNF530,protein_coding,19,57599885,57612722,M3,3245,1282,0.003753617,0.821321947,0.001349587,0.227827344,-0.254135078,-0.172209127,0.097443029,No Mediation,No Mediation,No Mediation,M3,M0.1,52,26,26,1
1283,chr19_16495259_T_C_b38,ENSG00000105072,C19orf44,protein_coding,19,16496394,16521352,ENSG00000266248,,lncRNA,19,29489775,29526948,M4,3246,1283,-0.001082693,0.174266704,6.79955576457875e-06,0.019665236,0.245236514,-0.180562015,-0.192848154,Undirected,Undirected,Undirected,M4,M0.1,59,27,27,0
1284,chr2_64336738_G_A_b38,ENSG00000238201,,lncRNA,2,64338067,64341647,ENSG00000123472,ATPAF1,protein_coding,1,46632737,46673867,M3,3250,1284,0.017662038,0.814173202,-0.000173001,0.930677621,0.223374733,-0.194373614,-0.085844355,No Mediation,Trans Mediated,Undirected,M3,M0.1,47,32,32,2
1285,chr7_102978521_G_A_b38,ENSG00000161040,FBXL13,protein_coding,7,102813230,103074843,ENSG00000112115,IL17A,protein_coding,6,52186375,52190638,M3,3252,1285,0.002178893,1.223869246,-1.87E-05,0.06544288,0.185704005,0.207068272,0.005407564,No Mediation,No Mediation,No Mediation,M3,M3,41,23,23,4
1286,chr5_131408570_A_C_b38,ENSG00000164398,ACSL6,protein_coding,5,131949973,132012243,ENSG00000185290,NUPR2,protein_coding,7,56114681,56116417,M0,3258,1286,0.067299488,1.550374568,0.001464308,0.422724621,0.053440631,0.29938805,0.036704226,No Mediation,No Mediation,No Mediation,M0.2,M0.2,42,30,30,3
1287,chr1_67009698_T_TCGG_b38,ENSG00000198160,MIER1,protein_coding,1,66924895,66988619,ENSG00000161618,ALDH16A1,protein_coding,19,49453225,49471050,M2,3259,1287,0.009090286,1.595756443,-0.074189882,3.542094923,-0.11259145,0.180205803,0.1421391,Cis Mediated,Undirected,Undirected,M3,M3,47,34,34,2
1288,chr1_222566559_G_A_b38,ENSG00000143498,TAF1A,protein_coding,1,222557902,222589933,ENSG00000168255,POLR2J3,protein_coding,7,102537918,102572653,M4,3260,1288,0.00106717,0.185433682,-0.004200583,0.918447079,0.235637418,-0.237119675,-0.143958156,No Mediation,No Mediation,No Mediation,M3,M3,58,35,35,1
1289,chr19_57408766_C_T_b38,ENSG00000131845,ZNF304,protein_coding,19,57351271,57359898,ENSG00000162627,SNX7,protein_coding,1,98661701,98760500,M4,3264,1289,0.001732033,0.368114051,-0.002483087,0.210491657,0.27300932,-0.177090522,-0.206961024,No Mediation,No Mediation,Undirected,M0.1,M0.1,56,37,37,4
1290,chr3_10079420_G_T_b38,ENSG00000144554,FANCD2,protein_coding,3,10026370,10101932,ENSG00000111843,TMEM14C,protein_coding,6,10722915,10731129,M3,3265,1290,-0.002994223,0.496917212,0.098162926,5.99733771,-0.231163727,0.324777071,0.004557855,No Mediation,No Mediation,No Mediation,M3,M3,51,38,38,1
1291,chr7_149246898_C_T_b38,ENSG00000204946,ZNF783,protein_coding,7,149262171,149297302,ENSG00000198691,ABCA4,protein_coding,1,93992834,94121148,M3,3266,1291,-0.000482128,0.70772428,-0.000445394,0.080739745,-0.209614332,0.190015411,-0.079669673,No Mediation,No Mediation,No Mediation,M3,M3,50,26,26,1
1292,chr17_27920862_G_A_b38,ENSG00000232859,LYRM9,protein_coding,17,27878314,27894752,ENSG00000218357,LINC01644,lncRNA,22,47461299,47487111,M3,3268,1292,0.010911596,0.950769625,0.003880857,0.524943644,0.206592111,0.205550397,0.062522714,No Mediation,No Mediation,No Mediation,M3,M3,55,34,34,1
1293,chr4_16177243_C_T_b38,ENSG00000263327,TAPT1-AS1,lncRNA,4,16226685,16320140,ENSG00000111732,AICDA,protein_coding,12,8602170,8612867,M3,3271,1293,-0.005478792,0.441334054,-0.001345089,0.142004258,-0.203014534,0.197943432,0.059823019,No Mediation,No Mediation,No Mediation,M3,M3,57,30,30,0
1294,chr1_211397329_A_G_b38,ENSG00000153363,LINC00467,lncRNA,1,211382736,211435570,ENSG00000186474,KLK12,protein_coding,19,51029092,51035230,M3,3278,1294,-0.001821311,0.178453345,0.000514845,0.04924969,-0.212889851,0.199667713,-0.047739453,No Mediation,No Mediation,No Mediation,M3,M3,53,34,34,1
1295,chr10_133346099_G_C_b38,ENSG00000148803,FUOM,protein_coding,10,133355158,133358025,ENSG00000137267,TUBB2A,protein_coding,6,3153497,3157544,M3,3283,1295,-0.012678179,2.569649173,0.725591691,12.0861568,0.154198077,-0.302601509,-0.012269802,No Mediation,No Mediation,No Mediation,M3,M3,46,27,27,1
1296,chr1_19259409_G_A_b38,ENSG00000053372,MRTO4,protein_coding,1,19251805,19260128,ENSG00000090863,GLG1,protein_coding,16,74447427,74607144,M4,3287,1296,-0.006372304,1.064541447,-0.05081547,3.298928886,-0.206483772,0.181390132,-0.22945885,No Mediation,No Mediation,No Mediation,M3,M3,49,38,38,6
1297,chr2_28800883_A_G_b38,ENSG00000171103,TRMT61B,protein_coding,2,28849821,28870309,ENSG00000104231,ZFAND1,protein_coding,8,81701334,81732903,M3,3290,1297,-0.00163825,0.592488963,0.007109916,0.600602629,-0.234706845,0.174152978,-0.112943172,No Mediation,No Mediation,No Mediation,M3,M4,48,34,34,5
1298,chr22_24488688_T_C_b38,ENSG00000128271,ADORA2A,protein_coding,22,24417879,24442357,ENSG00000137267,TUBB2A,protein_coding,6,3153497,3157544,M0,3291,1298,-0.036082136,15.06400129,0.725591691,12.0861568,0.10257065,-0.178992896,-0.062055247,No Mediation,No Mediation,No Mediation,M3,M0.2,54,34,34,1
1299,chr20_62794234_C_G_b38,ENSG00000101189,MRGBP,protein_coding,20,62796473,62801729,ENSG00000137267,TUBB2A,protein_coding,6,3153497,3157544,M3,3294,1299,-0.014483838,2.445083945,0.725591691,12.0861568,-0.196595054,0.21644205,0.019867026,No Mediation,No Mediation,No Mediation,M3,M3,46,29,29,3
1300,chr15_81112591_A_G_b38,ENSG00000156206,CFAP161,protein_coding,15,81007033,81149179,ENSG00000132010,ZNF20,protein_coding,19,12092843,12140355,M3,3297,1300,0.008434489,0.348477864,-0.00254064,0.519621277,-0.200107908,0.177447145,-0.057904671,No Mediation,No Mediation,No Mediation,M3,M3,47,29,29,1
1301,chr19_14097970_C_T_b38,ENSG00000267169,ADGRL1-AS1,lncRNA,19,14137146,14171267,ENSG00000229913,,lncRNA,1,56823679,56826920,M3,3303,1301,-0.005550985,0.923151137,4.55970679033624e-05,0.009988401,-0.208902124,0.191520154,0.083892732,No Mediation,No Mediation,Trans Mediated,M3,M4,39,29,29,4
1302,chr15_93862593_T_C_b38,ENSG00000258754,LINC01579,lncRNA,15,93718542,94070898,ENSG00000254095,,lncRNA,8,31339197,31346479,M3,3306,1302,-0.000770859,0.092819138,3.76903823229468e-06,0.002290037,0.213339812,0.225620502,-0.001432998,No Mediation,No Mediation,No Mediation,M3,M3,51,12,12,1
1303,chr10_58381777_G_A_b38,ENSG00000108064,TFAM,protein_coding,10,58385345,58399220,ENSG00000188993,LRRC66,protein_coding,4,51993652,52020363,M3,3308,1303,-0.006519045,0.771188195,0.000206736,0.031491511,-0.24094309,0.170445211,-0.044841426,No Mediation,No Mediation,No Mediation,M3,M3,48,30,30,3
1304,chr10_6233217_C_T_b38,ENSG00000215244,LINC02649,lncRNA,10,6271169,6353827,ENSG00000146701,MDH2,protein_coding,7,76048051,76067508,M4,3311,1304,-0.004924389,2.089938066,-0.003789427,6.89697536,-0.169297771,0.204255611,-0.161197692,No Mediation,No Mediation,Undirected,M0.1,M1.1,61,45,45,1
1305,chr7_152676167_C_G_b38,ENSG00000196584,XRCC2,protein_coding,7,152644776,152676141,ENSG00000188573,FBLL1,protein_coding,5,168529305,168530634,M4,3314,1305,-0.000537968,0.091806279,-0.000328841,0.09985517,0.202569126,0.196086351,0.110622639,No Mediation,No Mediation,No Mediation,M3,M3,45,25,25,2
1306,chr1_107949351_T_C_b38,ENSG00000230489,VAV3-AS1,lncRNA,1,107964443,107994607,ENSG00000111843,TMEM14C,protein_coding,6,10722915,10731129,M3,3317,1306,-0.00210151,0.228001299,0.098162926,5.99733771,-0.292519902,-0.24044718,0.034994747,No Mediation,No Mediation,No Mediation,M3,M3,48,31,31,0
1307,chr3_42715824_A_G_b38,ENSG00000173811,CCDC13-AS1,lncRNA,3,42732575,42746768,ENSG00000013523,ANGEL1,protein_coding,14,76786009,76826246,M4,3318,1307,-0.001281695,0.214089182,-0.002266235,0.55897841,0.28867194,0.190125749,0.136354425,No Mediation,No Mediation,No Mediation,M3,M3,52,33,33,2
1308,chr3_16262140_A_T_b38,ENSG00000154814,OXNAD1,protein_coding,3,16265160,16350299,ENSG00000103202,NME4,protein_coding,16,396725,410367,M3,3324,1308,0.012544191,0.639974512,0.65824367,7.385987545,-0.161701336,-0.17324744,0.110288394,No Mediation,No Mediation,No Mediation,M3,M3,50,28,28,2
1309,chr3_136896426_G_A_b38,ENSG00000114054,PCCB,protein_coding,3,136250340,136337896,ENSG00000274512,TBC1D3L,protein_coding,17,37978155,37989060,M3,3326,1309,0.004781965,0.550148272,-0.01157893,3.976610242,0.210782715,0.188719286,0.104204376,No Mediation,No Mediation,No Mediation,M3,M3,48,28,28,0
1310,chr20_62814091_G_T_b38,ENSG00000060491,OGFR,protein_coding,20,62804835,62814000,ENSG00000051620,HEBP2,protein_coding,6,138403531,138422197,M0,3327,1310,-0.094081416,10.77339377,-0.032223223,2.538608083,-0.112313766,-0.173764031,0.048818514,No Mediation,No Mediation,No Mediation,M3,M3,59,37,37,2
1311,chr11_403545_C_T_b38,ENSG00000185187,SIGIRR,protein_coding,11,405716,417455,ENSG00000274419,TBC1D3D,protein_coding,17,38003976,38014902,M0,3329,1311,-0.012068224,21.65652907,-0.004420253,0.792225763,-0.04751562,0.18836216,0.01900296,No Mediation,No Mediation,No Mediation,M3,M3,56,34,34,0
1312,chr22_25068343_A_G_b38,ENSG00000197077,KIAA1671,protein_coding,22,24952716,25197448,ENSG00000254202,,lncRNA,8,83912713,84142463,M3,3331,1312,-0.003289264,0.364992384,-4.23E-05,0.007369161,0.157677345,0.176954074,0.083283914,No Mediation,No Mediation,No Mediation,M3,M0.1,53,40,40,2
1313,chr15_69131804_T_C_b38,ENSG00000138604,GLCE,protein_coding,15,69160584,69272217,ENSG00000268618,,lncRNA,19,8549506,8550139,M3,3333,1313,0.002461406,0.243849258,-0.025275247,3.119257219,-0.193860409,0.178868815,0.004100336,No Mediation,No Mediation,No Mediation,M3,M4,62,31,31,2
1314,chr1_224330441_T_C_b38,ENSG00000143748,NVL,protein_coding,1,224227334,224330189,ENSG00000072571,HMMR,protein_coding,5,163460203,163491941,M3,3339,1314,-0.007905522,0.565204015,-0.000913243,0.700298237,0.195808422,-0.245600977,-0.030080081,No Mediation,No Mediation,No Mediation,M3,M3,53,30,30,6
1315,chr1_228491018_C_T_b38,ENSG00000168159,RNF187,protein_coding,1,228487382,228496188,ENSG00000267225,WDR7-OT1,lncRNA,18,57027832,57038845,M0,3340,1315,1.575535252,19.60116644,-0.000381711,0.075534222,0.073017429,0.193921858,0.007201701,No Mediation,No Mediation,No Mediation,M0.2,M0.2,37,18,18,2
1316,chr21_44976991_T_C_b38,ENSG00000276529,,lncRNA,21,44978832,44979274,ENSG00000237445,,lncRNA,1,13657311,13659910,M3,3341,1316,0.000111518,0.669166197,-2.18E-05,0.009667197,0.225587779,0.1835915,-0.028945627,No Mediation,No Mediation,No Mediation,M3,M3,34,21,21,3
1317,chr4_38958642_T_C_b38,ENSG00000109790,KLHL5,protein_coding,4,39045039,39126857,ENSG00000166860,ZBTB39,protein_coding,12,56998836,57006546,M3,3343,1317,0.002604856,1.01089597,0.00253392,0.195439929,0.135740796,-0.198451355,-0.102108391,No Mediation,No Mediation,No Mediation,M3,M3,53,37,37,2
1318,chr22_26906581_CTTT_C_b38,ENSG00000235271,,lncRNA,22,26903292,26920935,ENSG00000176774,MAGEB18,protein_coding,X,26138343,26140736,M3,3348,1318,-0.001660613,0.165586853,4.09882294620933e-06,0.003811905,0.33039067,0.203247774,0.042918774,No Mediation,No Mediation,No Mediation,M3,M3,50,25,25,0
1319,chr19_34857707_C_A_b38,ENSG00000271109,,lncRNA,19,34849046,34860747,ENSG00000142185,TRPM2,protein_coding,21,44350163,44443081,M4,3349,1319,0.031546464,2.180991273,-0.155287748,7.82337293,-0.271976546,0.335542641,-0.172372856,No Mediation,No Mediation,No Mediation,M3,M3,43,27,27,4
1320,chr2_227318603_C_T_b38,ENSG00000168958,MFF,protein_coding,2,227325151,227357836,ENSG00000281264,SALRNA3,lncRNA,15,70615547,70616567,M3,3350,1320,-0.022041223,4.793179201,3.52190315750894e-05,0.011051942,-0.128497954,0.188208536,-0.046007615,No Mediation,No Mediation,No Mediation,M3,M0.1,39,26,26,2
1321,chr3_188625941_T_G_b38,ENSG00000145012,LPP,protein_coding,3,188153284,188890671,ENSG00000258804,LINC01148,lncRNA,14,86905778,86922755,M3,3352,1321,0.000227767,0.781053016,-1.56E-06,0.001345732,0.174955787,-0.174121295,0.010109583,No Mediation,No Mediation,No Mediation,M3,M3,46,22,22,3
1322,chr1_43964491_C_T_b38,ENSG00000117408,IPO13,protein_coding,1,43946950,43968022,ENSG00000250865,,lncRNA,4,135792384,135805904,M3,3354,1322,-0.01049701,0.838690358,-3.72E-05,0.005443211,0.189856019,0.20809428,0.006883549,No Mediation,No Mediation,No Mediation,M3,M3,54,26,26,2
1323,chr5_176950068_T_A_b38,ENSG00000160867,FGFR4,protein_coding,5,177086905,177098144,ENSG00000259448,LINC02352,lncRNA,15,31215622,31224445,M3,3356,1323,0.002011391,0.213323517,0.056310131,1.34624332,0.181596477,0.205208506,0.039331558,No Mediation,No Mediation,No Mediation,M3,M3,51,31,31,1
1324,chr8_70744924_T_C_b38,ENSG00000147592,LACTB2,protein_coding,8,70635318,70669185,ENSG00000262319,,lncRNA,17,19141017,19143689,M3,3357,1324,-0.001800653,0.508132923,0.000654733,0.079703622,0.262304757,0.191802842,0.055923535,No Mediation,No Mediation,No Mediation,M3,M3,52,29,29,1
1325,chr10_112442894_G_GCATCTGTTCCT_b38,ENSG00000023041,ZDHHC6,protein_coding,10,112424428,112447572,ENSG00000238083,LRRC37A2,protein_coding,17,46511511,46555650,M3,3363,1325,-0.035659322,1.263868468,0.005699988,1.298088711,-0.181880658,0.184893786,-0.029913886,No Mediation,No Mediation,No Mediation,M3,M3,57,29,29,0
1326,chr17_17265319_T_C_b38,ENSG00000154803,FLCN,protein_coding,17,17212212,17237188,ENSG00000105499,PLA2G4C,protein_coding,19,48047843,48110817,M0,3365,1326,0.185693586,9.445602494,0.002423096,0.456674738,0.066862101,0.200725187,-0.023556975,No Mediation,No Mediation,No Mediation,M3,M3,51,33,33,2
1327,chr10_30949035_G_C_b38,ENSG00000272914,,lncRNA,10,30831828,30833387,ENSG00000277855,,lncRNA,3,71581721,71628558,M4,3366,1327,-0.01873361,1.841717222,0.001031653,0.53812037,0.1775114,0.171257841,0.192321599,Undirected,Undirected,Undirected,M4,M4,51,27,27,1
1328,chr2_63365657_G_A_b38,ENSG00000143951,WDPCP,protein_coding,2,63119559,63827843,ENSG00000161618,ALDH16A1,protein_coding,19,49453225,49471050,M3,3368,1328,-4.58E-05,0.06864255,-0.074189882,3.542094923,-0.200689095,0.188532075,0.024997532,No Mediation,No Mediation,No Mediation,M3,M3,53,34,34,2
1329,chr13_31852181_T_C_b38,ENSG00000133105,RXFP2,protein_coding,13,31739526,31803389,ENSG00000274512,TBC1D3L,protein_coding,17,37978155,37989060,M3,3369,1329,0.000626463,0.087959195,-0.01157893,3.976610242,-0.186130575,0.177404553,-0.052543475,No Mediation,No Mediation,No Mediation,M3,M3,38,20,20,2
1330,chr10_51699940_T_G_b38,ENSG00000177613,CSTF2T,protein_coding,10,51695486,51699595,ENSG00000255271,,lncRNA,11,34533014,34557924,M3,3370,1330,0.022244272,1.714234233,-0.000114572,0.010127392,-0.17633941,0.287941869,-0.083574826,No Mediation,No Mediation,No Mediation,M3,M3,52,27,27,3
1331,chr19_689590_C_G_b38,ENSG00000185198,PRSS57,protein_coding,19,685546,695498,ENSG00000168282,MGAT2,protein_coding,14,49620799,49623481,M3,3372,1331,0.146488043,9.199490915,-0.007129953,2.089241389,0.13213179,-0.170686143,-0.024573358,No Mediation,No Mediation,No Mediation,M3,M3,55,36,36,3
1332,chr19_19135326_G_C_b38,ENSG00000064545,TMEM161A,protein_coding,19,19119169,19138513,ENSG00000267761,MIR4527HG,lncRNA,18,47285725,47594550,M3,3380,1332,-0.008328273,1.241888415,0.000119939,0.009130183,-0.210710083,0.242535412,-0.010203299,No Mediation,No Mediation,No Mediation,M3,M3,47,21,21,2
1333,chr15_92809616_G_A_b38,ENSG00000258922,,lncRNA,15,92805770,92808567,ENSG00000228538,,lncRNA,2,21638068,21649572,M3,3381,1333,0.000933272,0.595690336,6.4983619062902e-05,0.007466358,-0.19745004,0.169961071,-0.028520632,No Mediation,No Mediation,No Mediation,M3,M3,59,19,19,1
1334,chr5_77788700_G_A_b38,ENSG00000171530,TBCA,protein_coding,5,77691166,77868780,ENSG00000174928,C3orf33,protein_coding,3,155762617,155806278,M3,3382,1334,-0.010074487,2.592773743,0.000214178,0.252972546,0.197081548,-0.178892841,-0.032667775,No Mediation,No Mediation,No Mediation,M3,M3,44,27,27,2
1335,chr19_55489529_G_T_b38,ENSG00000179954,SSC5D,protein_coding,19,55488404,55519099,ENSG00000279761,OR5D13,protein_coding,11,55773438,55774382,M3,3385,1335,0.000122582,0.066797407,9.11423175171306e-05,0.01245171,0.252080655,0.173644272,0.026126238,No Mediation,No Mediation,No Mediation,M3,M0.1,50,15,15,1
1336,chr6_26167482_G_T_b38,ENSG00000283064,,lncRNA,6,26160765,26172802,ENSG00000113597,TRAPPC13,protein_coding,5,65625004,65666233,M3,3386,1336,0.002342246,0.38821584,0.002897336,0.589544415,-0.206791019,0.179039918,0.049403908,No Mediation,No Mediation,No Mediation,M3,M3,51,39,39,1
1337,chr11_73188646_C_A_b38,ENSG00000260401,,lncRNA,11,73238975,73242335,ENSG00000267121,FMNL1-DT,lncRNA,17,45190931,45222222,M4,3387,1337,-0.009831115,1.711891876,-0.042387839,6.143265842,0.126846834,-0.186907538,0.119740476,No Mediation,No Mediation,No Mediation,M3,M3,62,45,45,2
1338,chrX_153090574_T_C_b38,ENSG00000235961,PNMA6A,protein_coding,X,153072454,153075019,ENSG00000231460,,lncRNA,9,23829670,23849914,M3,3389,1338,7.06595810019036e-06,0.186595475,6.50583616374912e-06,0.003383598,-0.14563536,0.240523826,-0.053025966,No Mediation,No Mediation,No Mediation,M3,M3,56,28,28,2
1339,chr5_180293429_T_G_b38,ENSG00000248367,,lncRNA,5,180293245,180295253,ENSG00000254001,,lncRNA,8,78148101,78153913,M3,3390,1339,-0.003127,0.668535213,5.99228094110166e-06,0.00403596,-0.208247728,-0.171093483,0.056829387,No Mediation,No Mediation,No Mediation,M3,M3,55,19,19,0
1340,chr5_140735949_C_T_b38,ENSG00000120314,WDR55,protein_coding,5,140664868,140674124,ENSG00000177383,MAGEF1,protein_coding,3,184710364,184712064,M3,3391,1340,-0.041744885,2.162495123,-0.010438194,1.078182956,0.204161328,-0.178500615,-0.126027338,No Mediation,No Mediation,Undirected,M3,M3,51,38,38,3
1341,chr12_121880659_C_A_b38,ENSG00000110801,PSMD9,protein_coding,12,121888732,121918297,ENSG00000160131,VMA21,protein_coding,X,151396515,151409364,M3,3392,1341,0.091844147,2.557932592,0.004205581,0.539693922,-0.138643126,0.201536928,0.05413215,No Mediation,No Mediation,No Mediation,M3,M3,47,34,34,2
1342,chr15_82978766_A_G_b38,ENSG00000169612,RAMAC,protein_coding,15,82986210,82991057,ENSG00000235272,RAMACL,protein_coding,6,166585604,166587594,M4,3393,1342,0.002523572,1.039419011,-0.004923556,0.805647006,-0.306704593,0.797068082,-0.293385306,Undirected,Undirected,Undirected,M4,M1.2,51,25,25,0
1343,chr1_205080243_T_TA_b38,ENSG00000174529,TMEM81,protein_coding,1,205083129,205084460,ENSG00000259448,LINC02352,lncRNA,15,31215622,31224445,M2,3394,1343,-0.032122262,1.440732294,0.056310131,1.34624332,-0.12204823,-0.172264654,0.170759887,Undirected,Undirected,Undirected,M4,M4,46,33,33,3
1344,chr1_209651362_A_T_b38,ENSG00000196878,LAMB3,protein_coding,1,209614870,209652425,ENSG00000229606,LINC01718,lncRNA,20,61079049,61083750,M0,3395,1344,-0.042315432,4.450036188,1.18314151942327e-05,0.010086489,0.024396506,-0.176395938,-0.008166185,No Mediation,No Mediation,No Mediation,M0.2,M0.2,55,24,24,0
1345,chr6_42888761_T_G_b38,ENSG00000146223,RPL7L1,protein_coding,6,42879616,42889925,ENSG00000271933,,lncRNA,10,84138420,84140582,M3,3399,1345,0.013240733,0.996173611,-0.000742381,0.176656342,-0.186142234,-0.176066347,-0.016189291,No Mediation,No Mediation,No Mediation,M3,M3,53,37,37,3
1346,chr13_20473719_C_T_b38,ENSG00000165475,CRYL1,protein_coding,13,20403666,20525873,ENSG00000111843,TMEM14C,protein_coding,6,10722915,10731129,M3,3400,1346,0.032916897,2.008941446,0.098162926,5.99733771,0.178951372,-0.214241424,0.034866038,No Mediation,No Mediation,No Mediation,M3,M3,51,38,38,0
1347,chr1_169207352_T_C_b38,ENSG00000143156,NME7,protein_coding,1,169132531,169367948,ENSG00000105261,OVOL3,protein_coding,19,36111151,36113711,M3,3402,1347,-0.002761603,0.395371213,-0.000583412,0.06784649,0.225148078,0.175150601,-0.014254195,No Mediation,No Mediation,No Mediation,M3,M3,49,29,29,1
1348,chr13_96162820_T_C_b38,ENSG00000102595,UGGT2,protein_coding,13,95801580,96053482,ENSG00000172818,OVOL1,protein_coding,11,65787063,65797214,M3,3403,1348,-0.00135402,0.115226869,-0.001304362,0.084061558,-0.15891953,0.197387669,0.008919677,No Mediation,No Mediation,No Mediation,M3,M3,64,49,49,2
1349,chr3_11230319_A_G_b38,ENSG00000197548,ATG7,protein_coding,3,11272309,11557665,ENSG00000274419,TBC1D3D,protein_coding,17,38003976,38014902,M3,3405,1349,-0.038009984,2.139838762,-0.004420253,0.792225763,-0.238809952,0.213332291,-0.070301773,No Mediation,No Mediation,No Mediation,M3,M3,51,34,34,0
1350,chr21_33266554_G_A_b38,ENSG00000243646,IL10RB,protein_coding,21,33266367,33310187,ENSG00000280382,,lncRNA,3,50599879,50601148,M3,3406,1350,-0.343964449,15.21489909,-0.000196706,0.066248534,-0.180975105,-0.188926575,0.084133423,No Mediation,No Mediation,No Mediation,M3,M3,57,29,29,3
1351,chr1_159317553_T_TA_b38,ENSG00000179639,FCER1A,protein_coding,1,159289714,159308224,ENSG00000069696,DRD4,protein_coding,11,637269,640706,M0,3411,1351,0.100429309,6.531305784,0.001298357,0.218922251,0.044672194,0.173720227,-0.029372064,No Mediation,No Mediation,No Mediation,M0.2,M3,55,33,33,1
1352,chr1_6591033_G_A_b38,ENSG00000041988,THAP3,protein_coding,1,6624866,6635586,ENSG00000107669,ATE1,protein_coding,10,121740424,121928492,M4,3412,1352,-0.007561159,1.007582994,0.003978792,0.484076807,0.164149514,-0.197457563,0.128508576,No Mediation,No Mediation,Undirected,M3,M4,52,29,29,3
1353,chr4_156249_G_GTGTT_b38,ENSG00000272602,ZNF595,protein_coding,4,53286,88208,ENSG00000160219,GAB3,protein_coding,X,154675249,154751583,M3,3413,1353,-0.000276626,0.551799876,-0.074038986,3.67099264,-0.188800499,-0.183743637,0.067870573,No Mediation,No Mediation,No Mediation,M0.1,M0.1,48,39,39,5
1354,chr16_28814986_A_G_b38,ENSG00000168488,ATXN2L,protein_coding,16,28822999,28837237,ENSG00000198677,TTC37,protein_coding,5,95461755,95554977,M3,3415,1354,0.039827995,7.373728075,-0.001779839,0.85564991,-0.138059933,-0.181080698,-0.049424167,No Mediation,No Mediation,No Mediation,M3,M3,63,33,33,1
1355,chr19_36496747_C_T_b38,ENSG00000186017,ZNF566,protein_coding,19,36445119,36489902,ENSG00000153012,LGI2,protein_coding,4,24998847,25030946,M3,3421,1355,-0.000571345,0.14114399,-1.21E-05,0.06890682,-0.175860232,0.178636827,-0.099483652,No Mediation,No Mediation,No Mediation,M3,M3,46,27,27,2
1356,chr16_87463138_T_C_b38,ENSG00000140948,ZCCHC14,protein_coding,16,87406246,87493024,ENSG00000258102,MAP1LC3B2,protein_coding,12,116548105,116576606,M3,3423,1356,-0.001129432,0.460591004,-0.001616964,1.374383764,0.208071594,0.37080604,0.07046319,No Mediation,Cis Mediated,Undirected,M3,M3,49,31,31,2
1357,chr3_36987617_TC_T_b38,ENSG00000076242,MLH1,protein_coding,3,36993350,37050846,ENSG00000251670,,lncRNA,5,174751304,174850725,M3,3425,1357,-0.005686847,1.043531676,7.14330325115328e-05,0.009401436,0.195008107,0.18254461,0.019261224,No Mediation,No Mediation,No Mediation,M3,M3,48,24,24,1
1358,chr19_41811775_T_C_b38,ENSG00000170956,CEACAM3,protein_coding,19,41796587,41811554,ENSG00000238083,LRRC37A2,protein_coding,17,46511511,46555650,M0,3427,1358,0.513526841,34.3115511,0.005699988,1.298088711,-0.028056507,0.177973868,0.066285325,No Mediation,No Mediation,No Mediation,M0.2,Other,60,36,36,2
1359,chr1_1629332_G_T_b38,ENSG00000197530,MIB2,protein_coding,1,1615454,1630605,ENSG00000062582,MRPS24,protein_coding,7,43866558,43869893,M3,3428,1359,-0.048368586,4.378247993,0.053833884,4.057511798,-0.153693817,0.175469303,-0.060262171,No Mediation,No Mediation,No Mediation,M3,M3,59,46,46,2
1360,chr10_93515215_C_A_b38,ENSG00000186188,FFAR4,protein_coding,10,93566665,93604480,ENSG00000125450,NUP85,protein_coding,17,75205659,75235758,M3,3429,1360,0.000805677,0.116443376,-0.015031628,2.018763201,-0.160759583,-0.194047212,0.055247165,No Mediation,No Mediation,No Mediation,M3,M3,56,32,32,1
1361,chr3_3147595_A_G_b38,ENSG00000072756,TRNT1,protein_coding,3,3126933,3150879,ENSG00000111843,TMEM14C,protein_coding,6,10722915,10731129,M4,3436,1361,-0.001257579,0.301339262,0.098162926,5.99733771,0.242913002,-0.299434732,-0.151189733,No Mediation,No Mediation,No Mediation,M3,M3,55,35,35,0
1362,chr4_75531858_G_A_b38,ENSG00000163743,RCHY1,protein_coding,4,75479033,75514764,ENSG00000235086,FNDC1-IT1,lncRNA,6,159240786,159243329,M3,3440,1362,-0.005894525,1.022009744,8.29459327653592e-06,0.012936653,0.244014769,0.183847854,0.02946098,No Mediation,No Mediation,No Mediation,M3,M3,45,21,21,1
1363,chr19_35774084_G_C_b38,ENSG00000272333,KMT2B,protein_coding,19,35717973,35738878,ENSG00000168255,POLR2J3,protein_coding,7,102537918,102572653,M3,3441,1363,-0.085108524,3.59158342,-0.004200583,0.918447079,0.141046761,0.190474716,0.055260462,No Mediation,No Mediation,No Mediation,M3,M3,53,38,38,1
1364,chrX_155768714_G_C_b38,ENSG00000168939,SPRY3,protein_coding,X,155612572,155782459,ENSG00000089902,RCOR1,protein_coding,14,102592649,102730561,M4,3444,1364,-0.007204047,0.717558176,-0.04292287,3.097589961,-0.232767431,-0.182551466,0.23692797,Undirected,Undirected,Undirected,M1.1,M0.1,50,32,32,4
1365,chr19_41439080_T_A_b38,ENSG00000105341,DMAC2,protein_coding,19,41431318,41440717,ENSG00000123143,PKN1,protein_coding,19,14433053,14471867,M3,3447,1365,-0.02432938,2.366555762,-0.140694706,18.74313236,0.214079062,0.182213593,0.088512927,No Mediation,No Mediation,No Mediation,M3,M3,54,40,40,1
1366,chr1_174080447_C_G_b38,ENSG00000152061,RABGAP1L,protein_coding,1,174159410,174995308,ENSG00000185290,NUPR2,protein_coding,7,56114681,56116417,M3,3448,1366,0.004717505,0.768816892,0.001464308,0.422724621,0.227069038,0.19585634,0.076625992,No Mediation,No Mediation,No Mediation,M3,M3,53,34,34,1
1367,chr22_39512739_T_C_b38,ENSG00000128272,ATF4,protein_coding,22,39519695,39522683,ENSG00000214128,TMEM213,protein_coding,7,138797952,138838101,M3,3451,1367,1.435884991,26.07454482,-0.000106379,0.017281764,0.129074894,0.198703368,0.007360559,No Mediation,No Mediation,No Mediation,M3,M3,56,23,23,1
1368,chr12_113160879_T_C_b38,ENSG00000139405,RITA1,protein_coding,12,113185526,113192368,ENSG00000249752,,lncRNA,4,149027445,149062522,M3,3455,1368,0.005138312,1.05489548,-0.000172211,0.036564808,-0.253624279,0.229133113,-0.074326903,No Mediation,No Mediation,No Mediation,M3,M3,42,33,33,3
1369,chr9_121154742_T_A_b38,ENSG00000119397,CNTRL,protein_coding,9,121074753,121177610,ENSG00000267174,,lncRNA,19,11300777,11324441,M3,3456,1369,-0.007142671,0.918138842,0.67575428,36.81723557,0.145094395,0.183962483,-0.032788873,Undirected,Undirected,Undirected,M4,M4,51,26,26,2
1370,chr19_57394711_G_A_b38,ENSG00000188785,ZNF548,protein_coding,19,57389850,57402992,ENSG00000234435,LINC01432,lncRNA,20,22054074,22074654,M3,3457,1370,0.001292534,0.44929586,1.02800756771266e-05,0.003287664,0.178295918,0.191289767,0.037789163,No Mediation,No Mediation,No Mediation,M3,M3,52,20,20,3
1371,chr1_93157232_A_G_b38,ENSG00000117500,TMED5,protein_coding,1,93149742,93180516,ENSG00000230472,,lncRNA,6,50587607,50637205,M0,3458,1371,0.006314589,1.885816213,5.52495614454583e-06,0.005351202,0.107532765,-0.193250936,0.00043292,No Mediation,No Mediation,No Mediation,M3,M3,51,29,29,2
1372,chr12_54946542_A_G_b38,ENSG00000135426,TESPA1,protein_coding,12,54948015,54984762,ENSG00000185065,,lncRNA,22,19447893,19450105,M3,3459,1372,0.059811518,2.529701796,7.61628317743985e-05,0.088884423,0.130405111,-0.188819422,0.090244045,No Mediation,Undirected,Undirected,M4,M3,53,32,32,2
1373,chr7_143232544_C_A_b38,ENSG00000197448,GSTK1,protein_coding,7,143244093,143270854,ENSG00000227574,,lncRNA,2,110449242,110451064,M3,3461,1373,0.150154889,19.89877793,-2.46E-05,0.011163273,-0.166993264,0.24521018,-0.028762901,No Mediation,No Mediation,No Mediation,M3,M3,57,26,26,1
1374,chr19_4789164_T_C_b38,ENSG00000141965,FEM1A,protein_coding,19,4791734,4801273,ENSG00000111843,TMEM14C,protein_coding,6,10722915,10731129,M4,3462,1374,0.005042001,0.210592453,0.098162926,5.99733771,0.22597085,-0.180773881,-0.144444396,No Mediation,No Mediation,No Mediation,M3,M3,45,30,30,2
1375,chr10_102469300_C_CA_b38,ENSG00000138111,MFSD13A,protein_coding,10,102461395,102477045,ENSG00000084710,EFR3B,protein_coding,2,25042076,25159135,M4,3463,1375,0.010799265,2.950187528,0.000421787,0.05448889,-0.168437135,-0.178246093,0.139372858,Undirected,Undirected,Undirected,M1.1,M3,44,27,27,1
1376,chr22_19173814_G_A_b38,ENSG00000100075,SLC25A1,protein_coding,22,19175581,19178739,ENSG00000213145,CRIP1,protein_coding,14,105486317,105488947,M3,3464,1376,-0.026627793,4.704789528,0.755361951,34.30793214,-0.132146233,0.178709718,0.016851237,No Mediation,No Mediation,No Mediation,M3,M0.1,50,27,27,1
1377,chr14_91862142_G_A_b38,ENSG00000260711,,lncRNA,14,91752856,91759798,ENSG00000111671,SPSB2,protein_coding,12,6870935,6889358,M3,3465,1377,0.001628257,0.207301013,-0.001615511,1.295812662,0.179168611,0.201659732,0.077571554,No Mediation,No Mediation,No Mediation,M3,M3,54,35,35,3
1378,chr8_71840740_C_A_b38,ENSG00000178860,MSC,protein_coding,8,71841560,71844412,ENSG00000273098,,lncRNA,17,13095695,13100939,M3,3468,1378,-0.013080188,1.170230152,-8.55E-06,0.005969233,-0.169070853,0.192072607,-0.068692705,No Mediation,No Mediation,No Mediation,M3,M3,52,36,36,5
1379,chr10_102727625_C_T_b38,ENSG00000156398,SFXN2,protein_coding,10,102714538,102743492,ENSG00000253887,,lncRNA,8,9255349,9260295,M3,3469,1379,-4.93E-05,0.165397677,-1.88E-05,0.010348218,-0.182521081,0.172809665,-0.020252625,No Mediation,No Mediation,No Mediation,M3,M3,53,21,21,1
1380,chr20_35139628_C_T_b38,ENSG00000088298,EDEM2,protein_coding,20,35115364,35147336,ENSG00000259180,,lncRNA,15,55680385,55681463,M4,3471,1380,-0.207817029,7.667250988,3.9196750174651e-05,0.006984062,-0.17844787,0.184697853,-0.128420626,No Mediation,Trans Mediated,Undirected,M3,M0.1,62,36,36,4
1381,chr13_99866380_C_T_b38,ENSG00000125246,CLYBL,protein_coding,13,99606669,99897134,ENSG00000177689,MAGEB10,protein_coding,X,27807990,27823014,M3,3473,1381,0.000778346,0.156126104,1.17846204762257e-06,0.002283973,-0.240686269,0.313844594,-0.060564704,No Mediation,No Mediation,No Mediation,M3,M3,48,17,17,2
1382,chr17_38786378_C_T_b38,ENSG00000276293,PIP4K2B,protein_coding,17,38765691,38800126,ENSG00000125898,FAM110A,protein_coding,20,833715,857463,M3,3475,1382,-0.01065443,0.950053572,0.067608675,7.899922591,0.228804728,0.223304269,0.004473993,No Mediation,No Mediation,Undirected,M3,M3,58,33,33,0
1383,chr12_42460403_A_G_b38,ENSG00000134283,PPHLN1,protein_coding,12,42238447,42459715,ENSG00000135775,COG2,protein_coding,1,230642481,230693982,M3,3478,1383,0.006968406,0.52251275,-0.011913288,0.613766574,0.186710115,-0.181114556,0.081474552,Undirected,Undirected,Undirected,M4,M4,39,32,32,6
1384,chr21_33917413_T_C_b38,ENSG00000241837,ATP5PO,protein_coding,21,33903453,33915814,ENSG00000151327,FAM177A1,protein_coding,14,35044907,35113130,M3,3479,1384,0.042104952,9.239406955,0.026912817,2.176566904,0.131103685,-0.185007848,0.03413294,No Mediation,No Mediation,No Mediation,M3,M3,45,37,37,5
1385,chr2_3476188_T_C_b38,ENSG00000171853,TRAPPC12,protein_coding,2,3379675,3485094,ENSG00000267004,,lncRNA,19,12725517,12725886,M3,3481,1385,-0.010803803,1.803816101,-3.72E-05,0.017396454,0.14354125,0.180573668,0.045155731,No Mediation,No Mediation,No Mediation,M3,M0.1,51,21,21,3
1386,chr16_58672422_C_T_b38,ENSG00000103042,SLC38A7,protein_coding,16,58665109,58684770,ENSG00000261558,LINC01859,lncRNA,19,23015059,23031818,M3,3482,1386,-0.011717744,0.655385549,7.81884534276219e-05,0.103689643,0.168506235,0.416194891,0.107704929,No Mediation,Cis Mediated,Cis Mediated,M3,M3,52,39,39,10
1387,chr17_5114198_C_T_b38,ENSG00000234327,ZNF232-AS1,lncRNA,17,5111468,5115004,ENSG00000261757,,lncRNA,5,142703782,142705421,M3,3488,1387,-0.000724163,0.251623596,1.89971847669482e-05,0.00792545,-0.224775537,0.191007586,-0.048691057,No Mediation,No Mediation,No Mediation,M3,M3,47,31,31,1
1388,chr22_50318683_G_A_b38,ENSG00000196576,PLXNB2,protein_coding,22,50274979,50307646,ENSG00000167613,LAIR1,protein_coding,19,54351384,54370558,M0,3489,1388,-0.2314583,13.46323416,-0.259169913,17.50876908,0.089922744,0.180341448,0.10695917,No Mediation,No Mediation,No Mediation,M3,M3,61,41,41,1
1389,chr4_8503182_A_T_b38,ENSG00000205959,,lncRNA,4,8482270,8516759,ENSG00000224459,SLC25A34-AS1,lncRNA,1,15740051,15749896,M3,3491,1389,-0.001824198,0.120282081,9.97717235669139e-05,0.041351309,-0.263594284,-0.199572425,0.105196059,No Mediation,No Mediation,No Mediation,M3,M3,50,33,33,1
1390,chr1_108666583_TG_T_b38,ENSG00000162639,HENMT1,protein_coding,1,108648290,108661526,ENSG00000170632,ARMC10,protein_coding,7,103074881,103099759,M3,3492,1390,-0.040492096,2.162665524,-0.0016035,1.26149962,0.252415332,-0.306957824,-0.004043501,No Mediation,No Mediation,No Mediation,M3,M3,54,32,32,2
1391,chr7_36150817_C_T_b38,ENSG00000122547,EEPD1,protein_coding,7,36153254,36301538,ENSG00000171489,SPACA5,protein_coding,X,48004336,48009729,M3,3493,1391,0.000409794,3.258570754,4.54794616918879e-06,0.003311586,-0.157618237,0.180133673,-0.045647339,No Mediation,No Mediation,No Mediation,M3,M3,51,32,32,3
1392,chr2_227426971_C_T_b38,ENSG00000173744,AGFG1,protein_coding,2,227472152,227561217,ENSG00000259663,,lncRNA,5,51372736,51383332,M3,3497,1392,-0.195875891,18.45620301,1.18256470648078e-05,0.003805799,0.189709402,0.213126093,0.085541948,No Mediation,No Mediation,No Mediation,M3,M3,63,32,32,0
1393,chr20_63979094_T_C_b38,ENSG00000130590,SAMD10,protein_coding,20,63974116,63980008,ENSG00000137267,TUBB2A,protein_coding,6,3153497,3157544,M3,3498,1393,-0.00476376,1.045813561,0.725591691,12.0861568,0.163943305,0.201386831,0.047580704,No Mediation,No Mediation,No Mediation,M3,M3,45,27,27,2
1394,chr1_33266591_G_T_b38,ENSG00000160094,ZNF362,protein_coding,1,33256492,33300719,ENSG00000231654,RPS6KA2-AS1,lncRNA,6,166903698,166904835,M0,3500,1394,0.008412787,1.66164913,4.97515803314191e-06,0.092195567,0.093816778,-0.179790771,-0.009607468,No Mediation,No Mediation,No Mediation,M3,M3,42,34,34,2
1395,chr6_87601686_T_A_b38,ENSG00000135336,ORC3,protein_coding,6,87590067,87667453,ENSG00000205174,C7orf66,lncRNA,7,108883975,108884587,M3,3503,1395,0.00094651,0.610939776,2.33324673974575e-05,0.007146294,-0.202145953,0.251927978,-0.009273838,No Mediation,No Mediation,No Mediation,M3,M3,45,21,21,5
1396,chr17_78911584_T_C_b38,ENSG00000035862,TIMP2,protein_coding,17,78852977,78925387,ENSG00000183643,C15orf32,lncRNA,15,92471654,92501117,M3,3509,1396,-0.252235352,11.84615953,-1.80E-06,0.005857113,-0.257844659,0.187579573,-0.02564847,No Mediation,No Mediation,No Mediation,M3,M3,58,30,30,0
1397,chr8_70926929_T_G_b38,ENSG00000067167,TRAM1,protein_coding,8,70573218,70608416,ENSG00000262319,,lncRNA,17,19141017,19143689,M3,3510,1397,0.066898178,5.329086027,0.000654733,0.079703622,0.161869309,0.181990563,0.07781959,No Mediation,No Mediation,No Mediation,M3,M0.1,47,32,32,3
1398,chr17_14738603_T_A_b38,ENSG00000125430,HS3ST3B1,protein_coding,17,14301081,14349404,ENSG00000274419,TBC1D3D,protein_coding,17,38003976,38014902,M3,3512,1398,0.023629101,3.457619495,-0.004420253,0.792225763,0.150165562,0.184187212,0.003687637,No Mediation,No Mediation,No Mediation,M3,M3,43,30,30,1
1399,chr3_9933702_C_G_b38,ENSG00000163703,CRELD1,protein_coding,3,9933793,9945413,ENSG00000188386,PPP3R2,protein_coding,9,101591604,101595021,M0,3524,1399,0.005459033,1.741987959,-0.000358225,0.034579989,0.082297888,0.197670974,0.089595188,No Mediation,No Mediation,No Mediation,M3,M3,45,33,33,5
1400,chr1_1408286_G_A_b38,ENSG00000272455,MRPL20-DT,lncRNA,1,1409096,1410618,ENSG00000254389,RHPN1-AS1,lncRNA,8,143366631,143368548,M3,3527,1400,-0.003467847,0.569785899,-0.001068763,0.162308848,-0.173723025,0.221418019,-0.058525304,No Mediation,No Mediation,No Mediation,M3,M3,56,25,25,4
1401,chr19_8551036_T_C_b38,ENSG00000142347,MYO1F,protein_coding,19,8520778,8577577,ENSG00000260368,,lncRNA,8,100913247,100914388,M0,3528,1401,13.98870788,136.6077959,-0.00516213,0.55964471,-0.091542036,-0.186654829,0.040488541,No Mediation,No Mediation,No Mediation,M0.2,M0.2,54,32,32,2
1402,chrX_15490906_A_G_b38,ENSG00000087842,PIR,protein_coding,X,15384799,15493564,ENSG00000106077,ABHD11,protein_coding,7,73736094,73738852,M0,3529,1402,-0.011744481,0.611375577,-0.030355192,2.470288281,0.082339058,-0.180241092,-0.038656902,No Mediation,No Mediation,No Mediation,M0.2,M0.2,47,33,33,2
1403,chr2_127842940_A_G_b38,ENSG00000144231,POLR2D,protein_coding,2,127843553,127858155,ENSG00000224189,HAGLR,lncRNA,2,176164051,176188958,M3,3533,1403,-0.000815354,0.431640391,8.28736332252121e-05,0.043987378,-0.243318986,-0.175485019,0.117334585,No Mediation,No Mediation,No Mediation,M3,M3,56,36,36,1
1404,chr12_47810471_G_A_b38,ENSG00000061273,HDAC7,protein_coding,12,47782722,47833132,ENSG00000234665,LERFS,lncRNA,9,62856999,62898095,M3,3535,1404,-0.059165773,11.92943252,-0.000499533,0.122993932,-0.131742354,0.220846475,-0.052445404,No Mediation,No Mediation,No Mediation,M3,M3,53,25,25,2
1405,chrX_153699178_T_C_b38,ENSG00000101986,ABCD1,protein_coding,X,153724856,153744755,ENSG00000102794,ACOD1,protein_coding,13,76948511,76958638,M3,3540,1405,-0.036241249,3.171940008,0.000484374,0.074608638,-0.222417451,0.198629771,-0.035136752,No Mediation,No Mediation,No Mediation,M3,M0.1,55,33,33,0
1406,chr1_9650763_C_T_b38,ENSG00000171603,CLSTN1,protein_coding,1,9728926,9823984,ENSG00000227535,,lncRNA,6,104831129,104845820,M0,3541,1406,-0.025405772,3.236353048,-8.65E-05,0.017671475,-0.115378244,0.302568811,-0.097449123,Undirected,Undirected,Undirected,M4,M3,51,29,29,1
1407,chr1_11664651_T_C_b38,ENSG00000162490,DRAXIN,protein_coding,1,11691710,11725857,ENSG00000147650,LRP12,protein_coding,8,104489231,104589258,M3,3546,1407,0.001639189,0.79053718,-3.03E-05,0.142329892,-0.20760493,0.183689959,-0.006024616,No Mediation,No Mediation,No Mediation,M0.1,M0.1,53,36,36,2
1408,chr7_103278142_T_C_b38,ENSG00000230257,NFE4,lncRNA,7,102973522,102988856,ENSG00000112115,IL17A,protein_coding,6,52186375,52190638,M3,3550,1408,0.03578449,8.50241369,-1.87E-05,0.06544288,0.123881459,0.205740415,0.020961765,No Mediation,No Mediation,No Mediation,M3,M3,43,19,19,2
1409,chr8_123182777_C_T_b38,ENSG00000147689,FAM83A,protein_coding,8,123178960,123210079,ENSG00000255193,LINC02726,lncRNA,11,23730588,23796970,M0,3552,1409,0.086414287,2.234929629,-2.10E-05,0.006415164,0.026222769,0.186459387,0.011332218,No Mediation,No Mediation,No Mediation,M0.2,M0.2,50,11,11,1
1410,chr12_10460215_T_C_b38,ENSG00000183542,KLRC4,protein_coding,12,10407382,10409757,ENSG00000105220,GPI,protein_coding,19,34359480,34402413,M1.2,3561,1410,-0.077469686,3.058072613,2.475077908,57.05507414,0.048087188,0.190416535,-0.11229446,No Mediation,No Mediation,Undirected,M3,M3,61,39,39,0
1411,chr7_154924722_C_T_b38,ENSG00000272760,,lncRNA,7,154951226,154952188,ENSG00000276898,,lncRNA,9,67512034,67515393,M3,3562,1411,0.002339626,0.61064754,2.22473671199813e-05,0.004323782,0.251030015,0.194755642,0.053740894,No Mediation,No Mediation,No Mediation,M3,M0.1,50,20,20,1
1412,chr18_36925628_C_T_b38,ENSG00000150477,KIAA1328,protein_coding,18,36829106,37232172,ENSG00000185897,FFAR3,protein_coding,19,35358460,35360489,M3,3567,1412,-8.60E-05,0.092462265,-0.053286487,3.6508563,0.202098093,0.179071633,-0.045997406,No Mediation,No Mediation,No Mediation,M3,M3,53,31,31,2
1413,chr3_113292103_C_T_b38,ENSG00000206530,CFAP44,protein_coding,3,113286930,113441610,ENSG00000259448,LINC02352,lncRNA,15,31215622,31224445,M3,3568,1413,0.000257879,0.123642151,0.056310131,1.34624332,0.175438565,-0.203233743,-0.011690403,No Mediation,No Mediation,No Mediation,M3,M3,53,32,32,0
1414,chr4_94446264_T_G_b38,ENSG00000163110,PDLIM5,protein_coding,4,94451857,94668227,ENSG00000106236,NPTX2,protein_coding,7,98617285,98629869,M3,3570,1414,0.003081948,0.664802678,0.002129681,0.177801151,-0.226198281,0.36636684,-0.075249255,No Mediation,No Mediation,No Mediation,M3,M3,46,30,30,1
1415,chr2_85879424_T_C_b38,ENSG00000115525,ST3GAL5,protein_coding,2,85837120,85905199,ENSG00000168582,CRYGA,protein_coding,2,208160740,208163589,M3,3573,1415,-0.003463539,0.564921734,-2.67E-05,0.008922643,-0.125076771,0.200731253,-0.001777416,No Mediation,No Mediation,No Mediation,M3,M3,52,20,20,2
1416,chr2_10033485_G_A_b38,ENSG00000172059,KLF11,protein_coding,2,10042849,10054836,ENSG00000168594,ADAM29,protein_coding,4,174829668,174978180,M3,3575,1416,0.019948521,1.396472459,0.000325403,0.048467019,-0.145498603,0.178910477,-0.050317415,No Mediation,No Mediation,No Mediation,M3,M0.1,55,37,37,2
1417,chr19_52570311_G_T_b38,ENSG00000167562,ZNF701,protein_coding,19,52555457,52587174,ENSG00000139567,ACVRL1,protein_coding,12,51906908,51923361,M3,3576,1417,0.003051694,0.39939916,-0.007254438,0.755338135,-0.151989674,0.169792308,-0.012471389,No Mediation,No Mediation,No Mediation,M0.1,M0.1,52,35,35,3
1418,chr5_60794183_T_A_b38,ENSG00000049167,ERCC8,protein_coding,5,60866454,60945073,ENSG00000233256,,lncRNA,10,13415202,13423133,M3,3577,1418,-0.000988593,0.298104213,0.000241294,0.024156102,0.243475343,0.177563758,0.022921719,No Mediation,No Mediation,No Mediation,M3,M3,47,16,16,2
1419,chr16_78257956_A_G_b38,ENSG00000186153,WWOX,protein_coding,16,78099400,79212667,ENSG00000167130,DOLPP1,protein_coding,9,129081111,129090438,M3,3578,1419,0.002161341,0.262135781,-0.006028202,0.803589565,0.241779206,0.171079558,0.026771932,No Mediation,No Mediation,No Mediation,M3,M3,54,36,36,2
1420,chr12_21529305_C_T_b38,ENSG00000134548,SPX,protein_coding,12,21526296,21541249,ENSG00000118939,UCHL3,protein_coding,13,75549480,75606020,M0,3579,1420,0.006175997,0.377679313,-0.005463022,0.795076823,-0.122172116,-0.206735841,-0.011729469,No Mediation,No Mediation,No Mediation,M3,M3,57,39,39,0
1421,chr2_219704423_A_C_b38,ENSG00000144589,STK11IP,protein_coding,2,219597857,219616451,ENSG00000214338,SOGA3,protein_coding,6,127472794,127519191,M3,3580,1421,-0.058918412,2.411762832,0.000136521,0.049953686,-0.182287373,-0.201032883,-0.015321719,No Mediation,No Mediation,No Mediation,M3,M3,48,30,30,5
1422,chr18_63367187_T_G_b38,ENSG00000119537,KDSR,protein_coding,18,63327726,63367228,ENSG00000170632,ARMC10,protein_coding,7,103074881,103099759,M3,3581,1422,-0.003138186,0.731272171,-0.0016035,1.26149962,0.236324526,0.257934958,0.025306218,No Mediation,No Mediation,No Mediation,M3,M0.1,52,39,39,3
1423,chr9_131171616_A_G_b38,ENSG00000126883,NUP214,protein_coding,9,131125586,131234663,ENSG00000276874,,lncRNA,22,18374106,18375689,M3,3585,1423,-0.012786038,5.989385678,-2.06E-05,0.004153725,0.180183765,0.273869347,0.076382071,No Mediation,No Mediation,No Mediation,M3,M3,58,31,31,1
1424,chr3_16315362_T_C_b38,ENSG00000272529,,lncRNA,3,16345126,16346440,ENSG00000103202,NME4,protein_coding,16,396725,410367,M3,3586,1424,0.014633526,1.087846984,0.65824367,7.385987545,0.190615455,0.172572841,0.09920898,No Mediation,No Mediation,No Mediation,M3,M3,51,35,35,2
1425,chr3_196826996_A_G_b38,ENSG00000180370,PAK2,protein_coding,3,196739857,196832647,ENSG00000228073,,lncRNA,2,189095063,189096158,M3,3591,1425,0.078913353,6.646515707,-2.45E-05,0.006063841,-0.129945722,-0.18223775,0.003110157,No Mediation,No Mediation,No Mediation,M0.1,M0.1,45,36,36,8
1426,chr7_56106658_C_G_b38,ENSG00000164776,PHKG1,protein_coding,7,56080283,56092996,ENSG00000214803,,lncRNA,8,124192671,124247398,M3,3593,1426,-0.004121959,0.478946632,-0.000624969,0.234811802,-0.149630383,0.171499374,-0.03522322,No Mediation,No Mediation,No Mediation,M3,M0.1,46,32,32,4
1427,chr11_43335487_A_G_b38,ENSG00000166181,API5,protein_coding,11,43311963,43344529,ENSG00000270972,,lncRNA,11,333192,333688,M3,3599,1427,0.011326361,1.471042167,0.434626283,34.88901979,-0.163084902,0.181729346,-0.014290846,No Mediation,No Mediation,No Mediation,M3,M0.1,61,40,40,1
1428,chr3_185277690_G_A_b38,ENSG00000113790,EHHADH,protein_coding,3,185190624,185281990,ENSG00000273771,,lncRNA,15,96080713,96084584,M3,3602,1428,0.000624699,0.115860883,8.69814219186082e-05,0.015147886,0.263223714,-0.193284154,-0.068356295,No Mediation,No Mediation,No Mediation,M3,M3,47,28,28,1
1429,chr16_4486620_T_C_b38,ENSG00000089486,CDIP1,protein_coding,16,4510669,4538828,ENSG00000254396,,lncRNA,9,27102630,27104728,M3,3603,1429,0.003118767,1.680441232,0.000203514,0.239356627,0.129367126,-0.174742758,-0.060180875,No Mediation,No Mediation,No Mediation,M3,M3,49,26,26,1
1430,chr8_143684491_G_T_b38,ENSG00000181135,ZNF707,protein_coding,8,143684452,143713898,ENSG00000261222,,lncRNA,17,74599840,74607229,M3,3605,1430,-0.001038207,0.401305609,0.00120779,3.032647769,0.224837062,0.197689157,0.025019641,No Mediation,No Mediation,No Mediation,M3,M3,50,32,32,0
1431,chr17_47833699_A_G_b38,ENSG00000159111,MRPL10,protein_coding,17,47823272,47831541,ENSG00000259448,LINC02352,lncRNA,15,31215622,31224445,M3,3607,1431,0.003697041,6.167680449,0.056310131,1.34624332,-0.199288126,-0.205655091,0.044108828,No Mediation,No Mediation,No Mediation,M3,M3,53,32,32,1
1432,chr19_50481596_A_G_b38,ENSG00000161671,EMC10,protein_coding,19,50476400,50490871,ENSG00000253374,,lncRNA,8,81521618,81533275,M3,3609,1432,0.001720248,1.601081938,-3.16E-06,0.020158007,0.171143096,-0.174943569,-0.086567498,No Mediation,No Mediation,No Mediation,M3,M3,39,26,26,3
1433,chr14_71960608_G_A_b38,ENSG00000182732,RGS6,protein_coding,14,71932429,72566530,ENSG00000258123,LINC02444,lncRNA,12,73159190,73208317,M3,3610,1433,0.016707436,0.232707482,3.40973343222075e-05,0.004741991,0.188328928,0.180123757,-0.001722692,No Mediation,No Mediation,No Mediation,M3,M3,51,30,30,1
1434,chr1_203279909_G_A_b38,ENSG00000159388,BTG2,protein_coding,1,203305491,203309602,ENSG00000121671,CRY2,protein_coding,11,45847118,45883248,M0,3614,1434,-0.246539023,49.52390277,-0.010963511,1.136708528,0.114860269,0.18782279,-0.114939908,No Mediation,No Mediation,No Mediation,M3,M3,46,32,32,1
1435,chr19_12467292_G_A_b38,ENSG00000180855,ZNF443,protein_coding,19,12429706,12441021,ENSG00000260572,,lncRNA,3,160753428,160755142,M3,3615,1435,0.003064883,1.392449734,-0.000300877,0.126670871,-0.127691688,-0.17762922,-0.011883421,No Mediation,No Mediation,No Mediation,M3,M3,56,25,25,0
1436,chr8_102867304_T_A_b38,ENSG00000253320,MAILR,lncRNA,8,102864271,103002424,ENSG00000102125,TAZ,protein_coding,X,154411524,154421726,M3,3616,1436,-0.000293764,0.071195359,0.04073847,8.391615134,-0.262872272,0.183987508,-0.078803762,No Mediation,No Mediation,No Mediation,M3,M3,43,24,24,2
1437,chr6_15229523_A_G_b38,ENSG00000271888,JARID2-DT,lncRNA,6,15243923,15245000,ENSG00000267402,TCF4-AS2,lncRNA,18,55492175,55496392,M3,3617,1437,-0.002444359,0.235827214,0.000238176,0.019481741,0.2385041,0.191350101,0.007463792,No Mediation,No Mediation,No Mediation,M3,M3,43,22,22,1
1438,chr6_151452185_T_A_b38,ENSG00000155906,RMND1,protein_coding,6,151398898,151452158,ENSG00000185290,NUPR2,protein_coding,7,56114681,56116417,M4,3623,1438,-0.005126443,0.592766558,0.001464308,0.422724621,-0.264244682,0.234656317,-0.170166385,No Mediation,No Mediation,Undirected,M3,M3,49,29,29,1
1439,chr15_68631691_T_G_b38,ENSG00000103647,CORO2B,protein_coding,15,68578993,68727806,ENSG00000134061,CD180,protein_coding,5,67179613,67196799,M4,3624,1439,-0.00222303,0.505554386,-0.025215566,1.991774448,-0.161799535,0.232041296,0.222508419,Undirected,Undirected,Undirected,M4,M3,62,39,39,2
1440,chr11_61788567_A_C_b38,ENSG00000134825,TMEM258,protein_coding,11,61768501,61792802,ENSG00000259284,LINC02349,lncRNA,15,61729765,61731389,M3,3625,1440,0.102389342,3.051785815,-3.11E-06,0.003283942,0.152794114,0.170091991,-0.049091605,No Mediation,No Mediation,No Mediation,M3,M3,58,41,41,4
1441,chr7_102337534_T_C_b38,ENSG00000128563,PRKRIP1,protein_coding,7,102363872,102426676,ENSG00000123561,SERPINA7,protein_coding,X,106032435,106038727,M3,3626,1441,0.00189453,1.413527478,0.00169825,0.159579537,-0.204527406,-0.171993989,0.021498247,No Mediation,No Mediation,No Mediation,M3,M0.1,53,32,32,1
1442,chr12_105121569_G_A_b38,ENSG00000136051,WASHC4,protein_coding,12,105107324,105169130,ENSG00000234445,FGF14-AS1,lncRNA,13,102367539,102373666,M3,3627,1442,-0.033800044,3.412395208,5.52963337474751e-05,0.005326175,-0.126302511,0.224369694,-0.040953752,No Mediation,No Mediation,No Mediation,M3,M3,59,21,21,2
1443,chr10_114070959_C_G_b38,ENSG00000043591,ADRB1,protein_coding,10,114043866,114046904,ENSG00000259791,,lncRNA,16,35640029,35640582,M3,3630,1443,0.000324981,0.19105137,-8.77E-06,0.003826334,0.195585209,0.173627856,0.060349007,No Mediation,No Mediation,No Mediation,M3,M3,58,25,25,1
1444,chr14_74203190_G_A_b38,ENSG00000205659,LIN52,protein_coding,14,74084796,74201235,ENSG00000274349,ZNF658,protein_coding,9,66856426,66932141,M3,3632,1444,0.000361797,0.420658199,0.002549966,0.143035722,-0.1555771,-0.198426273,-0.098471626,No Mediation,No Mediation,No Mediation,M3,M3,49,31,31,3
1445,chr2_99186357_A_G_b38,ENSG00000158411,MITD1,protein_coding,2,99161427,99181058,ENSG00000137267,TUBB2A,protein_coding,6,3153497,3157544,M3,3633,1445,-0.008215302,1.521336861,0.725591691,12.0861568,-0.186046175,-0.179069702,0.022040586,No Mediation,No Mediation,No Mediation,M3,M3,34,25,25,3
1446,chr7_98376086_T_C_b38,ENSG00000205356,TECPR1,protein_coding,7,98214624,98252232,ENSG00000170632,ARMC10,protein_coding,7,103074881,103099759,M4,3639,1446,-0.040703898,3.071947985,-0.0016035,1.26149962,-0.193254102,-0.257171916,0.176497229,No Mediation,No Mediation,No Mediation,M3,M4,56,40,40,3
1447,chr17_42693251_G_A_b38,ENSG00000108784,NAGLU,protein_coding,17,42536241,42544449,ENSG00000260704,LINC00543,lncRNA,13,27953526,27955370,M3,3641,1447,-0.060324597,2.215332685,0.000270099,0.044985301,-0.139540862,0.306697605,0.026616358,No Mediation,No Mediation,No Mediation,M3,M3,60,33,33,3
1448,chr10_32058394_C_G_b38,ENSG00000170759,KIF5B,protein_coding,10,32009015,32056425,ENSG00000275728,,lncRNA,20,16580258,16580622,M3,3642,1448,0.00039743,2.348776273,0.000432181,0.033884826,0.173079312,0.187087999,0.061855631,No Mediation,No Mediation,No Mediation,M3,M3,35,24,24,3
1449,chr14_69634656_C_T_b38,ENSG00000100647,SUSD6,protein_coding,14,69611596,69715144,ENSG00000231912,,lncRNA,6,113791829,113837368,M3,3644,1449,-0.103270099,13.34558417,-8.20E-05,0.01339474,-0.124645563,0.389106025,-0.087834859,No Mediation,No Mediation,Cis Mediated,M0.2,M0.2,61,25,25,1
1450,chr8_28078074_C_G_b38,ENSG00000189233,NUGGC,protein_coding,8,28021964,28083936,ENSG00000231575,,lncRNA,10,94109116,94121107,M3,3648,1450,-0.00068864,0.576107602,-2.74E-05,0.007468417,0.218636886,0.339233343,0.047962156,No Mediation,No Mediation,No Mediation,M3,M3,45,22,22,6
1451,chr8_8778378_A_G_b38,ENSG00000147324,MFHAS1,protein_coding,8,8783354,8893630,ENSG00000154319,FAM167A,protein_coding,8,11421476,11475908,M0,3649,1451,0.034593597,1.196966315,0.004134194,0.238592799,-0.118709685,-0.17236944,-0.004078134,No Mediation,No Mediation,No Mediation,M3,M3,47,26,26,3
1452,chr19_5205647_G_C_b38,ENSG00000105426,PTPRS,protein_coding,19,5158495,5340803,ENSG00000188729,OSTN,protein_coding,3,191199241,191265615,M4,3652,1452,-0.001877996,0.245048628,0.000119152,0.01097762,0.193726566,0.212793109,0.125739839,No Mediation,No Mediation,No Mediation,M3,M3,50,40,40,2
1453,chr17_40874031_T_A_b38,ENSG00000167920,TMEM99,lncRNA,17,40819106,40836270,ENSG00000174788,PCP2,protein_coding,19,7631611,7633719,M3,3656,1453,-0.005744142,0.451985053,0.009162932,1.792375125,0.2012752,0.183967361,0.021867391,No Mediation,No Mediation,Trans Mediated,M3,M3,53,33,33,0
1454,chr17_80996699_C_T_b38,ENSG00000176108,CHMP6,protein_coding,17,80991598,81009517,ENSG00000083814,ZNF671,protein_coding,19,57719751,57727624,M4,3659,1454,-0.015964972,3.020474293,-0.004287149,0.934233741,0.207325483,-0.19001126,-0.117996487,No Mediation,No Mediation,No Mediation,M3,M0.1,56,38,38,3
1455,chr5_142110854_CA_C_b38,ENSG00000131507,NDFIP1,protein_coding,5,142108779,142154440,ENSG00000071889,FAM3A,protein_coding,X,154506159,154516242,M3,3661,1455,0.112403773,3.593004723,0.099203368,3.768332987,-0.183658267,0.19102568,0.099403032,No Mediation,No Mediation,No Mediation,M3,M3,45,32,32,3
1456,chr19_17501862_C_A_b38,ENSG00000130304,SLC27A1,protein_coding,19,17468769,17506168,ENSG00000261014,LINC02165,lncRNA,16,63730205,63755884,M3,3662,1456,-0.010389188,1.395773625,5.62939468494081e-06,0.009004036,0.132169792,-0.216655428,0.048354574,No Mediation,No Mediation,No Mediation,M3,M3,52,26,26,1
1457,chr1_6467273_A_G_b38,ENSG00000215788,TNFRSF25,protein_coding,1,6460786,6466175,ENSG00000137267,TUBB2A,protein_coding,6,3153497,3157544,M0,3663,1457,0.065236569,6.549601551,0.725591691,12.0861568,-0.091811795,0.263926026,0.007196444,No Mediation,No Mediation,No Mediation,M0.2,M0.2,54,33,33,2
1458,chr9_77274625_C_T_b38,ENSG00000197969,VPS13A,protein_coding,9,77177445,77421537,ENSG00000259281,LINGO1-AS2,lncRNA,15,77660052,77668074,M3,3664,1458,0.001614391,0.190207188,-1.64E-05,0.01138393,-0.13014656,0.227327935,-0.033057512,No Mediation,No Mediation,No Mediation,M3,M3,46,28,28,3
1459,chr16_1617070_C_T_b38,ENSG00000007545,CRAMP1,protein_coding,16,1612337,1677908,ENSG00000265671,,lncRNA,18,894435,907680,M0,3668,1459,0.00678084,0.963017692,-1.80E-05,0.00617388,0.109452461,0.234274012,0.068586904,No Mediation,No Mediation,No Mediation,M3,M3,55,37,37,4
1460,chr22_24336077_A_G_b38,ENSG00000100014,SPECC1L,protein_coding,22,24270817,24417739,ENSG00000102245,CD40LG,protein_coding,X,136648158,136660390,M0,3672,1460,-0.013737341,1.924110501,0.047546142,3.743895158,0.110843994,-0.186960291,-0.010769042,No Mediation,No Mediation,No Mediation,M0.2,M0.2,47,34,34,4
1461,chr11_4612531_G_A_b38,ENSG00000167333,TRIM68,protein_coding,11,4598672,4608231,ENSG00000139083,ETV6,protein_coding,12,11649674,11895377,M3,3675,1461,0.017858884,0.524662862,-0.080026631,9.089523891,-0.169198749,0.198365363,0.02026934,No Mediation,No Mediation,No Mediation,M3,M3,57,35,35,3
1462,chr19_39846440_C_T_b38,ENSG00000105202,FBL,protein_coding,19,39834458,39846379,ENSG00000267857,,lncRNA,21,45100487,45101094,M3,3676,1462,0.541928041,18.53084019,0.000315656,0.081791768,-0.124770389,0.17535031,-0.01472323,No Mediation,No Mediation,No Mediation,M3,M3,53,36,36,3
1463,chr6_30663286_G_A_b38,ENSG00000137404,NRM,protein_coding,6,30688047,30691420,ENSG00000224960,PPP4R3C,protein_coding,X,27460207,27463341,M3,3681,1463,0.036369705,4.722482218,-7.20E-06,0.00359109,0.185529204,0.289863203,0.081471129,No Mediation,No Mediation,No Mediation,M3,M3,56,45,45,0
1464,chr9_136796962_T_TGAG_b38,ENSG00000213213,CCDC183,protein_coding,9,136796338,136807741,ENSG00000262298,,lncRNA,17,56939932,56941275,M3,3684,1464,0.001076587,0.209261196,0.000595359,0.129949003,-0.218030278,0.185372746,-0.036017503,No Mediation,No Mediation,No Mediation,M3,M3,52,25,25,0
1465,chr11_66847541_C_T_b38,ENSG00000173715,C11orf80,protein_coding,11,66744451,66843516,ENSG00000277210,,lncRNA,15,101522597,101524739,M3,3686,1465,-0.016353996,0.980420732,2.50955922733263e-05,0.008026004,-0.145783717,0.214749295,-0.029664657,No Mediation,No Mediation,No Mediation,M3,M3,52,25,25,2
1466,chr7_134448868_T_G_b38,ENSG00000085662,AKR1B1,protein_coding,7,134442356,134459284,ENSG00000126773,PCNX4,protein_coding,14,60091911,60169133,M3,3690,1466,0.035447447,6.751040655,-0.000876274,0.24968962,0.145302027,-0.171735217,0.049375933,No Mediation,No Mediation,No Mediation,M3,M3,56,37,37,1
1467,chr3_184637317_C_T_b38,ENSG00000182580,EPHB3,protein_coding,3,184561785,184582408,ENSG00000135913,USP37,protein_coding,2,218450251,218568351,M3,3691,1467,-0.004538212,0.334021172,0.002526032,0.380849912,-0.131318836,0.172121014,0.001452279,No Mediation,No Mediation,No Mediation,M0.1,M0.1,43,31,31,3
1468,chr21_33266060_C_CA_b38,ENSG00000223799,IL10RB-DT,lncRNA,21,33263873,33266260,ENSG00000225181,,lncRNA,20,15552157,15552885,M3,3693,1468,-0.047909718,6.437529299,3.75666329459258e-05,0.005834518,-0.202373671,0.313122238,-0.075619032,No Mediation,No Mediation,No Mediation,M3,M3,55,16,16,0
1469,chrX_1545920_C_T_b38,ENSG00000182162,P2RY8,protein_coding,X,1462581,1537185,ENSG00000123165,ACTRT1,protein_coding,X,128050962,128052403,M0,3696,1469,0.033557054,9.491419602,8.6492305745739e-06,0.011126916,0.085045912,0.186124048,0.042837987,No Mediation,No Mediation,No Mediation,Other,Other,52,29,29,2
1470,chr20_17969902_A_T_b38,ENSG00000089006,SNX5,protein_coding,20,17941597,17968980,ENSG00000204685,STARD7-AS1,lncRNA,2,96208403,96243353,M3,3701,1470,-0.009619041,1.847475559,-0.006559057,0.769649881,-0.15535327,0.18336444,-0.087836501,No Mediation,No Mediation,No Mediation,M3,M0.1,51,35,35,3
1471,chr19_7949021_A_G_b38,ENSG00000104980,TIMM44,protein_coding,19,7926718,7943667,ENSG00000265168,,lncRNA,17,28573117,28574243,M3,3707,1471,-0.012977308,1.297256085,0.014702296,0.918330432,0.1662409,0.195883511,0.067028237,No Mediation,No Mediation,No Mediation,M3,M0.1,48,18,18,4
1472,chr11_3033643_A_G_b38,ENSG00000110619,CARS1,protein_coding,11,3000922,3057613,ENSG00000259499,,lncRNA,15,44387320,44390451,M0,3708,1472,-0.041774985,2.882387672,0.000384683,0.061495913,0.106533416,-0.220137821,-0.030786755,No Mediation,No Mediation,Undirected,M3,M3,47,34,34,3
1473,chr1_175000135_C_T_b38,ENSG00000116161,CACYBP,protein_coding,1,174999163,175012027,ENSG00000130313,PGLS,protein_coding,19,17511636,17521288,M0,3710,1473,0.06256064,16.63695677,0.351832796,37.15673209,-0.031248532,0.180167132,-0.084360987,No Mediation,No Mediation,No Mediation,M0.2,Other,57,34,34,6
1474,chr1_231561284_G_A_b38,ENSG00000233461,,lncRNA,1,231520729,231528618,ENSG00000109272,PF4V1,protein_coding,4,73853296,73854483,M0,3712,1474,-0.02974938,8.504332774,0.190266408,7.53864147,0.114266239,0.213022001,0.073789738,No Mediation,No Mediation,No Mediation,M3,M0.1,49,36,36,0
1475,chr9_92217261_C_T_b38,ENSG00000198000,NOL8,protein_coding,9,92297358,92325636,ENSG00000278829,,lncRNA,17,42272069,42275571,M3,3714,1475,-0.009017325,0.502628561,0.007184381,0.515594971,-0.198654667,0.198880174,-0.075818069,No Mediation,No Mediation,No Mediation,M3,M3,53,34,34,1
1476,chr5_56430804_T_C_b38,ENSG00000248727,LINC01948,lncRNA,5,56451627,56481946,ENSG00000125445,MRPS7,protein_coding,17,75261674,75266376,M3,3718,1476,-0.00597917,0.428809703,-0.00884964,1.602498452,-0.308139259,0.190851484,-0.098039535,No Mediation,No Mediation,No Mediation,M3,M3,53,28,28,0
1477,chr11_45805170_G_A_b38,ENSG00000181830,SLC35C1,protein_coding,11,45804072,45813016,ENSG00000248378,,lncRNA,5,31743988,31744451,M3,3721,1477,-0.016394767,0.91874858,-1.13E-05,0.006466758,-0.176563086,0.187668185,-0.044624299,No Mediation,No Mediation,No Mediation,M3,M3,48,34,34,5
1478,chr1_26274192_CACTT_C_b38,ENSG00000142669,SH3BGRL3,protein_coding,1,26280086,26281522,ENSG00000223563,,lncRNA,21,26889376,26939742,M0,3724,1478,228.7711613,368.9480725,-3.55E-05,0.007828502,-0.068761497,0.186480068,-0.004183058,No Mediation,No Mediation,No Mediation,M0.2,M0.2,59,14,14,0
1479,chr18_3599767_C_T_b38,ENSG00000262001,DLGAP1-AS2,lncRNA,18,3603000,3608336,ENSG00000124780,KCNK17,protein_coding,6,39299001,39314461,M3,3725,1479,-0.000728278,1.020224435,0.001482651,0.174880086,0.20138892,0.173215164,0.023542415,No Mediation,No Mediation,No Mediation,M3,M3,48,33,33,0
1480,chr8_65588941_AG_A_b38,ENSG00000066855,MTFR1,protein_coding,8,65644734,65771261,ENSG00000269859,ZNF628-DT,lncRNA,19,55475983,55476482,M3,3726,1480,0.000552082,0.248498872,-0.000217606,0.034993838,0.240537495,0.192979925,0.0196973,No Mediation,No Mediation,No Mediation,M3,M3,61,28,28,1
1481,chr10_14535405_A_G_b38,ENSG00000065809,FAM107B,protein_coding,10,14518557,14774897,ENSG00000230782,,lncRNA,9,106974833,107102988,M0,3729,1481,-0.083676363,8.948733176,-1.41E-05,0.004114528,-0.094699764,0.17781297,-0.020602095,No Mediation,No Mediation,No Mediation,M3,M3,55,28,28,4
1482,chr2_38671088_G_GC_b38,ENSG00000143891,GALM,protein_coding,2,38666081,38741237,ENSG00000227744,LINC01940,lncRNA,2,238919302,238926269,M3,3733,1482,0.022337779,2.92434696,-1.61E-05,0.004498092,0.131527755,0.176953513,0.036489786,No Mediation,No Mediation,No Mediation,M3,M3,40,24,24,3
1483,chrX_41335422_GCCAGAATCC_G_b38,ENSG00000215301,DDX3X,protein_coding,X,41333348,41364472,ENSG00000229102,,lncRNA,3,179101366,179147973,M3,3736,1483,-0.056765368,16.09142496,0.000119763,0.034193185,-0.13515127,0.198712481,-0.084072553,No Mediation,No Mediation,No Mediation,M3,M1.1,59,42,42,4
1484,chr15_32438695_T_A_b38,ENSG00000249931,GOLGA8K,protein_coding,15,32392782,32403292,ENSG00000137267,TUBB2A,protein_coding,6,3153497,3157544,M3,3739,1484,-0.000507265,0.08203609,0.725591691,12.0861568,0.171295262,-0.201844973,-0.005772514,No Mediation,No Mediation,No Mediation,M3,M3,46,26,26,1
1485,chr9_125127428_G_A_b38,ENSG00000119414,PPP6C,protein_coding,9,125146573,125189939,ENSG00000137204,SLC22A7,protein_coding,6,43295694,43305538,M0,3741,1485,-0.002867931,3.229166534,1.03549239461992e-06,0.039613816,-0.110135911,-0.188030673,0.044405503,No Mediation,No Mediation,No Mediation,M3,M3,41,34,34,4
1486,chr15_88621350_C_G_b38,ENSG00000181026,AEN,protein_coding,15,88621337,88632281,ENSG00000169885,CALML6,protein_coding,1,1915108,1917296,M3,3745,1486,0.020036917,2.785292277,-0.006921753,0.835232657,0.20744986,0.261809229,0.105393914,No Mediation,No Mediation,No Mediation,M3,M3,54,45,45,3
1487,chr17_66285954_GTATTT_G_b38,ENSG00000154229,PRKCA,protein_coding,17,66302613,66810743,ENSG00000127445,PIN1,protein_coding,19,9835257,9849689,M3,3749,1487,0.00886096,0.598553897,-0.025305524,2.979200949,0.200533947,0.171717181,0.073979974,No Mediation,No Mediation,No Mediation,M3,M3,52,37,37,4
1488,chr19_310404_A_G_b38,ENSG00000105556,MIER2,protein_coding,19,305573,344815,ENSG00000282142,,lncRNA,8,2517898,2556440,M3,3750,1488,0.001953829,0.523076337,-9.06E-05,0.025442101,-0.132506972,0.196496495,0.056147405,No Mediation,No Mediation,No Mediation,M3,M3,43,33,33,3
1489,chr1_1308178_GGGGCGCGGGGA_G_b38,ENSG00000169972,PUSL1,protein_coding,1,1308597,1311677,ENSG00000273523,,lncRNA,13,52128891,52132723,M3,3752,1489,-0.030213337,1.954638194,0.000127645,0.026238767,-0.176434301,0.17645399,0.009997898,No Mediation,No Mediation,No Mediation,M3,M3,41,36,36,4
1490,chr1_145929722_T_A_b38,ENSG00000234222,LIX1L-AS1,lncRNA,1,145926590,145959179,ENSG00000267174,,lncRNA,19,11300777,11324441,M3,3753,1490,-0.000349031,0.144250574,0.67575428,36.81723557,0.212036371,0.17058024,0.09595462,No Mediation,No Mediation,No Mediation,M3,M3,50,18,18,1
1491,chr1_27271955_T_TA_b38,ENSG00000142784,WDTC1,protein_coding,1,27234632,27308636,ENSG00000233824,,lncRNA,7,25321302,25326865,M3,3757,1491,0.636285973,13.51876215,-4.54E-05,0.006482233,-0.139883417,0.295403293,-0.078740942,No Mediation,No Mediation,No Mediation,M3,M3,54,28,28,3
1492,chr11_1267646_G_A_b38,ENSG00000255153,TOLLIP-AS1,lncRNA,11,1309769,1310707,ENSG00000251654,,lncRNA,5,25218973,25298612,M3,3760,1492,-0.009660417,0.81059206,-7.18E-06,0.003344052,0.211172864,0.213678762,0.00869156,No Mediation,No Mediation,No Mediation,M3,M3,49,22,22,1
1493,chr14_50899857_C_T_b38,ENSG00000131969,ABHD12B,protein_coding,14,50872053,50904970,ENSG00000236262,SHANK2-AS2,lncRNA,11,70646165,70647562,M3,3761,1493,0.000582045,0.398786561,3.06866713473747e-05,0.009366146,-0.268760996,0.176762387,-0.112912109,No Mediation,No Mediation,Cis Mediated,M3,M1.1,57,34,34,4
1494,chr17_50436681_A_G_b38,ENSG00000167107,ACSF2,protein_coding,17,50426158,50474845,ENSG00000111241,FGF6,protein_coding,12,4428155,4445815,M3,3762,1494,0.006648073,1.197307351,-0.000330381,0.039625911,-0.204860467,0.183925605,-0.031301475,No Mediation,No Mediation,No Mediation,M3,M3,56,23,23,1
1495,chr14_103524408_G_A_b38,ENSG00000166166,TRMT61A,protein_coding,14,103529196,103537073,ENSG00000186517,ARHGAP30,protein_coding,1,161046946,161069970,M3,3763,1495,-0.000683286,0.707140754,-0.320208794,41.16318103,-0.145081352,0.178534147,-0.008353781,No Mediation,No Mediation,No Mediation,M3,M3,44,31,31,5
1496,chr4_146522419_G_C_b38,ENSG00000120519,SLC10A7,protein_coding,4,146253975,146521964,ENSG00000152433,ZNF547,protein_coding,19,57363477,57379565,M4,3770,1496,-0.002002211,0.19697517,-1.26E-06,0.190979105,-0.198716597,0.179028827,-0.15265889,No Mediation,No Mediation,No Mediation,M3,M3,50,25,25,1
1497,chr17_44321389_C_A_b38,ENSG00000108309,RUNDC3A,protein_coding,17,44308413,44318670,ENSG00000259448,LINC02352,lncRNA,15,31215622,31224445,M1.2,3772,1497,3.349831099,56.84087177,0.056310131,1.34624332,-0.062423581,0.194686984,0.121152479,No Mediation,No Mediation,No Mediation,M0.2,M3,45,22,22,1
1498,chr2_172036608_G_A_b38,ENSG00000172878,METAP1D,protein_coding,2,171999943,172082430,ENSG00000115956,PLEK,protein_coding,2,68365282,68397453,M3,3775,1498,0.000411732,0.263030675,14.66310854,159.9780877,0.198246555,0.184605266,0.040067556,No Mediation,No Mediation,Undirected,M3,M3,53,35,35,2
1499,chr10_70835693_A_G_b38,ENSG00000166224,SGPL1,protein_coding,10,70815948,70881184,ENSG00000272872,,lncRNA,22,15823197,15823890,M3,3776,1499,-0.005215549,1.166537588,0.001192274,0.135142731,0.140694632,0.223454339,-0.063613708,No Mediation,No Mediation,No Mediation,M3,M3,60,38,38,1
1500,chr11_33076440_T_A_b38,ENSG00000121690,DEPDC7,protein_coding,11,33015876,33033582,ENSG00000185290,NUPR2,protein_coding,7,56114681,56116417,M3,3777,1500,-0.000827779,0.153348585,0.001464308,0.422724621,0.236111764,-0.175219603,-0.080698115,Cis Mediated,Undirected,Undirected,M4,M3,54,28,28,0
1501,chr20_4087397_C_T_b38,ENSG00000101236,RNF24,protein_coding,20,3927309,4015558,ENSG00000242009,,lncRNA,3,81840514,81953534,M0,3780,1501,-0.179926193,25.21443432,-4.06E-05,0.012604807,-0.05825043,0.224391556,0.031904262,No Mediation,No Mediation,No Mediation,M0.2,M0.2,48,27,27,2
1502,chr18_68659533_G_A_b38,ENSG00000166479,TMX3,protein_coding,18,68673688,68715108,ENSG00000231653,,lncRNA,2,206640073,206641282,M3,3783,1502,-0.002488919,0.815094237,4.80431559508225e-05,0.007375768,0.15143682,0.216805134,0.14324905,No Mediation,No Mediation,No Mediation,M3,M3,38,32,32,7
1503,chr3_10326429_G_C_b38,ENSG00000157017,GHRL,protein_coding,3,10285666,10292947,ENSG00000278615,C11orf98,protein_coding,11,62662817,62665210,M3,3788,1503,-0.006263039,2.443880978,-0.075082503,4.023448494,-0.140888891,-0.177978054,-0.006388377,No Mediation,No Mediation,No Mediation,M3,M3,54,27,27,0
1504,chr14_50923455_T_C_b38,ENSG00000100504,PYGL,protein_coding,14,50857891,50944483,ENSG00000169488,OR4K15,protein_coding,14,19975591,19976565,M3,3792,1504,19.39069741,186.6840027,6.50794574132523e-05,0.014675824,0.161053167,0.171913519,0.024663528,No Mediation,No Mediation,No Mediation,M3,M3,69,40,40,0
1505,chr3_14481989_C_G_b38,ENSG00000131389,SLC6A6,protein_coding,3,14402576,14489349,ENSG00000169855,ROBO1,protein_coding,3,78597239,79767998,M0,3796,1505,-0.657851473,37.64737258,0.000272577,0.038518781,0.090175205,-0.216847834,-0.007247408,No Mediation,No Mediation,No Mediation,M0.2,M0.2,52,35,35,3
1506,chr2_215312084_T_G_b38,ENSG00000138363,ATIC,protein_coding,2,215311956,215349773,ENSG00000103051,COG4,protein_coding,16,70480568,70523560,M0,3798,1506,-0.03641787,2.718884092,-0.002187636,3.799087119,0.073229898,0.196795176,-0.091352627,No Mediation,No Mediation,No Mediation,M3,M3,44,40,40,5
1507,chr12_132141646_C_T_b38,ENSG00000185163,DDX51,protein_coding,12,132136594,132144319,ENSG00000120675,DNAJC15,protein_coding,13,43023203,43114213,M0,3802,1507,0.007853049,1.027746262,0.005576783,0.502716243,0.101886847,0.209455596,0.06430475,No Mediation,No Mediation,No Mediation,M3,M3,44,32,32,2
1508,chr12_117040431_C_A_b38,ENSG00000088992,TESC,protein_coding,12,117038923,117099479,ENSG00000124232,RBPJL,protein_coding,20,45306840,45317824,M3,3804,1508,4.303208891,32.22656559,-0.000992888,0.205831519,0.197488994,0.180501203,0.021477473,No Mediation,No Mediation,No Mediation,M3,M3,44,18,18,1
1509,chr4_102362238_T_C_b38,ENSG00000138821,SLC39A8,protein_coding,4,102251080,102431258,ENSG00000178209,PLEC,protein_coding,8,143915153,143976734,M0,3806,1509,-0.01409175,9.426925857,-0.18184984,17.82065708,0.080585503,0.187877679,0.051172989,No Mediation,No Mediation,No Mediation,M3,M0.2,58,41,41,3
1510,chr1_236035822_A_T_b38,ENSG00000116962,NID1,protein_coding,1,235975830,236065109,ENSG00000237756,,lncRNA,1,163259850,163260659,M3,3809,1510,-0.003689826,0.776747036,0.000340594,0.044016664,0.139908306,0.176422316,0.074659432,Cis Mediated,Cis Mediated,Undirected,M4,M3,44,29,29,0
1511,chr14_75182261_C_T_b38,ENSG00000119684,MLH3,protein_coding,14,75013769,75051532,ENSG00000132463,GRSF1,protein_coding,4,70815783,70839897,M3,3811,1511,0.005715185,0.290168675,0.006133555,0.71790594,-0.212494744,0.17040619,-0.079364316,Undirected,Undirected,Undirected,M1.1,M1.1,43,36,36,0
1512,chr4_109700664_A_G_b38,ENSG00000123739,PLA2G12A,protein_coding,4,109709989,109730070,ENSG00000113845,TIMMDC1,protein_coding,3,119498547,119525090,M0,3814,1512,0.015366473,0.509067953,-0.035792959,2.40960454,0.115875525,0.174728069,-0.051910306,No Mediation,No Mediation,No Mediation,M3,M0.1,58,39,39,3
1513,chr1_6514358_G_A_b38,ENSG00000162408,NOL9,protein_coding,1,6521347,6554513,ENSG00000131634,TMEM204,protein_coding,16,1528688,1555580,M3,3818,1513,0.002761467,0.395348337,0.022093666,4.97559645,0.203782747,0.194576479,0.018866371,No Mediation,No Mediation,No Mediation,M3,M3,56,40,40,5
1514,chr12_55923804_G_A_b38,ENSG00000065357,DGKA,protein_coding,12,55927319,55954027,ENSG00000257754,,lncRNA,12,103819610,103822085,M0,3819,1514,0.149524089,13.91645788,4.63273104789768e-05,0.029627488,-0.08427445,0.225750994,0.023159903,No Mediation,No Mediation,No Mediation,M0.2,M0.2,66,22,22,1
1515,chr1_205688442_G_A_b38,ENSG00000069275,NUCKS1,protein_coding,1,205712822,205750182,ENSG00000170265,ZNF282,protein_coding,7,149195546,149226238,M0,3821,1515,-0.005399043,1.874099284,-0.000201721,4.16457487,-0.06334866,0.198325148,-0.005604839,No Mediation,No Mediation,No Mediation,M3,M0.2,48,29,29,2
1516,chr1_247454453_A_G_b38,ENSG00000177535,OR2B11,protein_coding,1,247449118,247458105,ENSG00000111843,TMEM14C,protein_coding,6,10722915,10731129,M3,3835,1516,0.001676367,0.238967717,0.098162926,5.99733771,-0.187475306,-0.244705793,0.115488208,No Mediation,No Mediation,No Mediation,M3,M3,58,31,31,0
1517,chr1_202927014_G_C_b38,ENSG00000117153,KLHL12,protein_coding,1,202891116,202928636,ENSG00000253956,,lncRNA,8,110334743,110349607,M3,3842,1517,0.0167754,2.483481733,2.97177394265839e-05,0.005113174,-0.140690936,0.231668762,-0.010861228,No Mediation,No Mediation,No Mediation,M3,M3,54,21,21,4
1518,chr1_247094025_A_T_b38,ENSG00000188295,ZNF669,protein_coding,1,247099962,247104372,ENSG00000171130,ATP6V0E2,protein_coding,7,149872968,149891204,M3,3844,1518,-0.001884326,0.497423575,-0.028526434,2.680287319,0.156402997,0.17939082,0.004470758,No Mediation,No Mediation,No Mediation,M0.1,M0.1,56,39,39,2
1519,chr19_16480653_G_A_b38,ENSG00000127527,EPS15L1,protein_coding,19,16355239,16472085,ENSG00000267673,FDX2,protein_coding,19,10310045,10316015,M4,3845,1519,0.061979468,2.773911778,-0.009536457,1.018555323,-0.173861549,0.174965107,-0.152237055,No Mediation,No Mediation,No Mediation,M3,M0.1,56,43,43,2
1520,chr11_47344544_G_T_b38,ENSG00000110514,MADD,protein_coding,11,47269161,47330031,ENSG00000243636,,lncRNA,1,207179296,207184062,M0,3846,1520,0.013944721,4.010539237,0.000167478,0.022491458,0.052219169,0.215133047,0.043534097,No Mediation,No Mediation,No Mediation,M0.2,M0.2,54,30,30,2
1521,chr14_105896876_G_A_b38,ENSG00000244620,,lncRNA,14,105890084,105896577,ENSG00000165424,ZCCHC24,protein_coding,10,79382325,79445624,M3,3847,1521,0.0039485,0.327563884,0.001157049,0.526990896,-0.173343615,0.196114394,-0.06935449,No Mediation,No Mediation,No Mediation,M3,M0.1,49,25,25,2
1522,chr21_41765185_A_G_b38,ENSG00000183421,RIPK4,protein_coding,21,41739369,41767089,ENSG00000262061,RPH3AL-AS1,lncRNA,17,331205,333488,M3,3848,1522,-0.007347089,0.315961007,-0.001400005,0.114582169,-0.163764575,-0.172842061,0.107873924,No Mediation,No Mediation,No Mediation,M3,M3,36,33,33,6
1523,chr17_75823056_T_C_b38,ENSG00000108479,GALK1,protein_coding,17,75751594,75765236,ENSG00000170632,ARMC10,protein_coding,7,103074881,103099759,M3,3851,1523,-0.11328744,9.721827478,-0.0016035,1.26149962,-0.137227832,0.301363684,-0.039930547,No Mediation,No Mediation,No Mediation,M3,M3,53,37,37,3
1524,chr4_47479954_A_G_b38,ENSG00000145246,ATP10D,protein_coding,4,47485275,47593486,ENSG00000164096,C4orf3,protein_coding,4,119296419,119304445,M0,3852,1524,0.001840511,0.435327602,0.526535075,32.04774152,-0.120270962,0.196492735,0.023097939,No Mediation,No Mediation,No Mediation,M3,M3,43,30,30,2
1525,chr1_151091640_A_G_b38,ENSG00000143458,GABPB2,protein_coding,1,151070578,151125542,ENSG00000223432,,lncRNA,10,121615425,121615839,M3,3853,1525,0.003010709,0.310546627,8.26411183472591e-05,0.015470159,0.160831899,0.22042518,0.064959785,No Mediation,No Mediation,No Mediation,M3,M3,53,30,30,5
1526,chr17_44666870_A_C_b38,ENSG00000180340,FZD2,protein_coding,17,44557484,44561262,ENSG00000146918,NCAPG2,protein_coding,7,158631169,158704804,M0,3857,1526,-0.004507872,1.939524993,-0.012441939,0.828560965,0.077760864,0.196208107,-0.012356416,No Mediation,No Mediation,No Mediation,M0.2,M0.2,63,36,36,1
1527,chr2_134142558_A_G_b38,ENSG00000152127,MGAT5,protein_coding,2,134119983,134454621,ENSG00000258010,,lncRNA,15,80433795,80445152,M0,3862,1527,0.004572074,1.420947342,6.33275786029442e-05,0.010679062,0.098329925,0.172679121,0.094186886,No Mediation,No Mediation,No Mediation,M3,M0.1,48,36,36,4
1528,chr5_176894573_A_G_b38,ENSG00000087206,UIMC1,protein_coding,5,176905005,177022633,ENSG00000170632,ARMC10,protein_coding,7,103074881,103099759,M3,3863,1528,0.228086615,9.51170397,-0.0016035,1.26149962,0.148898948,0.302611839,0.021950539,No Mediation,No Mediation,No Mediation,M3,M3,52,39,39,3
1529,chr14_20315958_A_G_b38,ENSG00000100814,CCNB1IP1,protein_coding,14,20311368,20333312,ENSG00000111843,TMEM14C,protein_coding,6,10722915,10731129,M3,3865,1529,-0.003414982,1.004603111,0.098162926,5.99733771,0.149290323,-0.189109972,0.083006636,No Mediation,No Mediation,No Mediation,M3,M3,42,35,35,1
1530,chr19_11272726_G_A_b38,ENSG00000130158,DOCK6,protein_coding,19,11199295,11262524,ENSG00000111843,TMEM14C,protein_coding,6,10722915,10731129,M3,3866,1530,-0.000236118,0.289926635,0.098162926,5.99733771,-0.223198003,-0.239053627,0.069886325,No Mediation,No Mediation,No Mediation,M3,M3,50,32,32,2
1531,chr16_70534338_A_G_b38,ENSG00000189091,SF3B3,protein_coding,16,70523791,70577670,ENSG00000196436,NPIPB15,protein_coding,16,74377878,74392080,M0,3871,1531,0.014667883,1.607164792,0.003824904,3.756667456,0.082282405,0.376408542,0.115592479,No Mediation,No Mediation,Cis Mediated,M0.2,M3,60,36,36,4
1532,chr20_38059968_C_G_b38,ENSG00000101413,RPRD1B,protein_coding,20,38033725,38127780,ENSG00000251661,,lncRNA,11,318640,325631,M3,3872,1532,-0.006221977,0.696538882,-0.030389494,5.060069578,0.183576814,0.198336091,-0.042040924,No Mediation,No Mediation,No Mediation,M3,M3,51,33,33,0
1533,chr4_85727412_G_A_b38,ENSG00000138639,ARHGAP24,protein_coding,4,85475150,86002668,ENSG00000224222,LINC02636,lncRNA,10,69994276,70019496,M3,3873,1533,0.002882389,1.40140336,7.87073794974765e-05,0.034575629,0.185662316,0.178923613,0.091833825,No Mediation,No Mediation,No Mediation,M3,M3,53,25,25,1
1534,chr7_123749039_G_C_b38,ENSG00000272686,WASL-DT,lncRNA,7,123749068,123751166,ENSG00000004660,CAMKK1,protein_coding,17,3860315,3894891,M3,3874,1534,0.00060985,0.257259757,-0.018766627,6.352562345,-0.210142108,0.173538674,-0.006894052,No Mediation,No Mediation,No Mediation,M0.1,M0.1,48,29,29,2
1535,chr10_103197872_T_A_b38,ENSG00000076685,NT5C2,protein_coding,10,103087185,103277605,ENSG00000088002,SULT2B1,protein_coding,19,48552172,48599425,M3,3877,1535,-0.031631501,7.250259395,-0.002004446,0.254518305,0.124289005,0.210667747,0.046046357,No Mediation,No Mediation,No Mediation,M3,M3,52,37,37,6
1536,chr16_88715809_G_A_b38,ENSG00000278341,,lncRNA,16,88708956,88710437,ENSG00000259519,,lncRNA,15,45170344,45199958,M3,3878,1536,0.001229983,0.278490499,0.000404336,0.054732176,-0.172151754,0.185494541,-0.093889438,Cis Mediated,Undirected,Undirected,M3,M3,52,23,23,2
1537,chr19_32714938_G_C_b38,ENSG00000267475,NUDT19-DT,lncRNA,19,32687089,32691750,ENSG00000137821,LRRC49,protein_coding,15,70853239,71053658,M3,3891,1537,0.00366918,0.748424311,-9.92E-05,0.019687545,-0.261511906,0.175208534,-0.088468617,No Mediation,No Mediation,No Mediation,M3,M3,47,33,33,3
1538,chr15_83108623_T_C_b38,ENSG00000260351,,lncRNA,15,83022571,83090782,ENSG00000272812,,lncRNA,8,233119,233692,M3,3895,1538,0.00060316,0.396223433,-0.002850755,0.842387408,-0.223277833,0.180952678,-0.061098832,No Mediation,No Mediation,No Mediation,M3,M3,51,28,28,0
1539,chr19_52300416_CTG_C_b38,ENSG00000198464,ZNF480,protein_coding,19,52297169,52325922,ENSG00000268618,,lncRNA,19,8549506,8550139,M3,3896,1539,0.000613802,0.329346179,-0.025275247,3.119257219,0.221260735,-0.215249802,-0.0574056,No Mediation,No Mediation,No Mediation,M3,M0.1,60,30,30,1
1540,chr17_44329276_T_C_b38,ENSG00000013306,SLC25A39,protein_coding,17,44319625,44324870,ENSG00000259448,LINC02352,lncRNA,15,31215622,31224445,M4,3899,1540,316.6814503,496.265162,0.056310131,1.34624332,0.137952894,0.192448094,0.228360366,Undirected,Undirected,Undirected,M4,M4,38,22,22,2
1541,chr19_2427154_A_G_b38,ENSG00000099800,TIMM13,protein_coding,19,2425625,2427586,ENSG00000185290,NUPR2,protein_coding,7,56114681,56116417,M3,3900,1541,-0.006666286,3.145357327,0.001464308,0.422724621,0.160057218,0.236005647,0.088487599,No Mediation,No Mediation,No Mediation,M3,M3,54,30,30,3
1542,chr16_57138652_A_AC_b38,ENSG00000172775,PSME3IP1,protein_coding,16,57152466,57186116,ENSG00000261446,LINC00559,lncRNA,13,90060247,90119719,M0,3905,1542,-0.022693938,5.148480867,2.1573115172127e-05,0.002253762,0.122013846,-0.252666913,-0.040364595,No Mediation,No Mediation,No Mediation,M3,M3,45,25,25,2
1543,chr19_54218226_G_A_b38,ENSG00000105609,LILRB5,protein_coding,19,54249421,54257301,ENSG00000154529,CNTNAP3B,protein_coding,9,41890314,42129510,M0,3907,1543,0.002055742,1.628040309,6.69466620033134e-05,0.167320156,0.081441351,0.218115442,0.096228101,No Mediation,No Mediation,Cis Mediated,M3,M0.2,68,35,35,0
1544,chr16_53475219_G_A_b38,ENSG00000166971,AKTIP,protein_coding,16,53491040,53504411,ENSG00000131470,PSMC3IP,protein_coding,17,42572310,42577831,M3,3909,1544,-0.032175528,2.111390596,0.002106192,0.840139899,0.175274809,0.169933815,-0.001011999,No Mediation,No Mediation,No Mediation,M3,M3,45,26,26,1
1545,chr18_57571588_A_G_b38,ENSG00000066926,FECH,protein_coding,18,57544377,57586732,ENSG00000226317,LINC00351,lncRNA,13,85363601,85544570,M0,3914,1545,1.072583739,15.06320757,-2.57E-05,0.00338234,-0.083213597,0.276237081,-0.015261036,No Mediation,No Mediation,No Mediation,M3,M3,43,33,33,4
1546,chr19_1119700_A_G_b38,ENSG00000064932,SBNO2,protein_coding,19,1107637,1174268,ENSG00000096060,FKBP5,protein_coding,6,35573585,35728583,M0,3921,1546,0.487937152,60.84019766,-0.025486525,52.0686947,-0.04197075,-0.179832209,0.06257486,Undirected,Undirected,Undirected,M1.2,Other,62,41,41,4
1547,chr20_20760130_A_G_b38,ENSG00000188559,RALGAPA2,protein_coding,20,20389530,20712644,ENSG00000223883,LINC01707,lncRNA,1,69055838,69229607,M4,3924,1547,-0.104847223,5.71397237,-2.97E-05,0.005918845,0.165763215,0.222724344,0.204709852,No Mediation,No Mediation,Cis Mediated,M4,M3,66,45,45,4
1548,chr19_8583819_T_C_b38,ENSG00000267986,,lncRNA,19,8581160,8582715,ENSG00000170949,ZNF160,protein_coding,19,53066606,53103434,M3,3925,1548,-0.003427182,0.321133672,-0.011722068,1.296487739,-0.191878943,-0.172807651,0.038443906,No Mediation,No Mediation,No Mediation,M3,M3,50,33,33,1
1549,chr10_71782793_T_G_b38,ENSG00000107736,CDH23,protein_coding,10,71396920,71815947,ENSG00000116183,PAPPA2,protein_coding,1,176463171,176845601,M3,3927,1549,-0.007517005,1.600925752,-0.000154717,0.016272024,-0.176801104,-0.182675384,0.090423658,No Mediation,No Mediation,No Mediation,M3,M3,51,36,36,0
1550,chr10_16480339_A_G_b38,ENSG00000165983,PTER,protein_coding,10,16436943,16513745,ENSG00000154889,MPPE1,protein_coding,18,11882622,11908366,M3,3928,1550,0.002333088,0.321240918,-0.026668441,4.802308365,0.190198003,0.188050028,0.047531381,No Mediation,No Mediation,No Mediation,M3,M3,54,34,34,3
1551,chr5_140627426_T_C_b38,ENSG00000170458,CD14,protein_coding,5,140631728,140633701,ENSG00000163743,RCHY1,protein_coding,4,75479033,75514764,M0,3929,1551,64.04447165,315.0672962,-0.005894525,1.022009744,0.053754736,-0.169864237,0.088053973,No Mediation,No Mediation,No Mediation,M0.2,M0.2,49,31,31,1
1552,chr7_44558427_A_G_b38,ENSG00000158604,TMED4,protein_coding,7,44577894,44582287,ENSG00000111906,HDDC2,protein_coding,6,125219962,125302078,M3,3930,1552,-0.027973127,2.754317397,0.011777567,1.515956274,-0.201023816,-0.192943116,-0.090502584,No Mediation,No Mediation,Undirected,M3,M4,51,36,36,1
1553,chr1_218285209_T_C_b38,ENSG00000067533,RRP15,protein_coding,1,218285293,218337983,ENSG00000272824,,lncRNA,1,148358245,148358686,M3,3932,1553,0.001012764,0.142549446,0.001487469,0.669939347,0.248723777,0.176263746,-0.052032629,No Mediation,No Mediation,No Mediation,M3,M3,48,22,22,1
1554,chr17_75244022_G_C_b38,ENSG00000263843,MIF4GD-DT,lncRNA,17,75271369,75273895,ENSG00000172123,SLFN12,protein_coding,17,35410922,35433283,M4,3933,1554,-0.001086079,0.167440484,-0.008091948,1.1151059,-0.259703491,0.197119604,-0.15937203,No Mediation,No Mediation,Undirected,M3,M3,51,27,27,1
1555,chr17_80210880_C_T_b38,ENSG00000181523,SGSH,protein_coding,17,80206716,80220923,ENSG00000215545,DEFB116,protein_coding,20,31303212,31308585,M0,3937,1555,-0.240376074,13.39792686,5.92157101335087e-05,0.019406182,0.10263653,0.194697218,0.070174631,No Mediation,No Mediation,No Mediation,M0.2,M0.2,43,30,30,2
1556,chr9_129610131_G_C_b38,ENSG00000148335,NTMT1,protein_coding,9,129608884,129636135,ENSG00000227851,,lncRNA,10,111349939,111352103,M3,3939,1556,-0.002403049,1.043520519,3.17505209030928e-05,0.009068563,0.132674133,0.295837491,0.044597583,No Mediation,No Mediation,No Mediation,M3,M3,50,19,19,2
1557,chr1_204311319_T_C_b38,ENSG00000143850,PLEKHA6,protein_coding,1,204218853,204377665,ENSG00000197576,HOXA4,protein_coding,7,27128507,27130780,M3,3941,1557,-0.000356821,0.114622064,-0.001010722,0.224398506,0.198846896,0.174473727,0.056312208,No Mediation,No Mediation,No Mediation,M3,M3,49,17,17,1
1558,chr4_76265771_A_C_b38,ENSG00000118804,STBD1,protein_coding,4,76306733,76311130,ENSG00000104863,LIN7B,protein_coding,19,49114324,49118460,M0,3943,1558,0.018584143,2.366083174,0.010118584,0.773830933,0.084040649,0.173482786,0.028121178,No Mediation,No Mediation,No Mediation,M0.2,M3,51,35,35,3
1559,chr14_20357806_A_C_b38,ENSG00000129484,PARP2,protein_coding,14,20343615,20357904,ENSG00000248115,,lncRNA,4,52945649,52958087,M3,3947,1559,-0.000910065,0.624065872,9.17077074939413e-05,0.017479701,0.180899227,0.175754123,0.070002448,No Mediation,No Mediation,No Mediation,M3,M3,56,35,35,1
1560,chr19_610243_C_G_b38,ENSG00000099822,HCN2,protein_coding,19,589881,617159,ENSG00000231876,,lncRNA,16,26302064,26340815,M3,3950,1560,0.005773476,0.269197348,1.51416698352124e-05,0.003371609,-0.253136124,0.188459634,-0.056919211,No Mediation,No Mediation,No Mediation,M3,M3,47,22,22,2
1561,chr16_57737425_A_G_b38,ENSG00000140854,KATNB1,protein_coding,16,57735739,57757244,ENSG00000263860,,lncRNA,17,30550493,30551189,M3,3951,1561,-0.000538909,2.84228782,0.000195253,0.051878643,0.161635129,0.211250142,0.004622823,No Mediation,No Mediation,No Mediation,M3,M3,44,20,20,1
1562,chrX_153723443_T_G_b38,ENSG00000185825,BCAP31,protein_coding,X,153700492,153724565,ENSG00000238265,LINC00317,lncRNA,21,21723293,21737319,M3,3956,1562,1.016796865,46.20855314,9.70115246805583e-05,0.005094054,-0.144315474,0.24875691,-0.032456323,No Mediation,No Mediation,No Mediation,M3,M3,55,24,24,2
1563,chr22_44203856_G_C_b38,ENSG00000138964,PARVG,protein_coding,22,44172956,44219533,ENSG00000037042,TUBG2,protein_coding,17,42659284,42667006,M4,3957,1563,0.019837007,14.5004157,0.047701891,1.835700579,-0.186833282,0.180626414,-0.197473323,No Mediation,No Mediation,No Mediation,M3,M3,47,35,35,2
1564,chr6_3850959_C_G_b38,ENSG00000145945,FAM50B,protein_coding,6,3849373,3851320,ENSG00000170667,RASA4B,protein_coding,7,102479976,102517777,M3,3960,1564,-0.002548492,0.609092648,0.000300775,0.254931159,-0.225245808,0.185526411,0.09878061,No Mediation,No Mediation,Trans Mediated,M3,M3,45,27,27,2
1565,chr9_6716244_C_G_b38,ENSG00000225489,,lncRNA,9,6716157,6727438,ENSG00000255480,,lncRNA,11,30425552,30429268,M3,3961,1565,0.002081756,0.0982329,-7.21E-05,0.019641745,0.229286148,0.184212198,0.01367966,No Mediation,No Mediation,No Mediation,M3,M3,53,22,22,1
1566,chr11_722202_G_C_b38,ENSG00000177106,EPS8L2,protein_coding,11,694438,727727,ENSG00000213145,CRIP1,protein_coding,14,105486317,105488947,M3,3962,1566,-0.003589311,0.444157997,0.755361951,34.30793214,-0.148594618,0.187489129,0.015186037,No Mediation,No Mediation,No Mediation,M3,M3,58,36,36,2
1567,chr11_22254731_C_T_b38,ENSG00000171714,ANO5,protein_coding,11,21782659,22283567,ENSG00000120093,HOXB3,protein_coding,17,48548870,48604912,M3,3963,1567,0.000198461,0.087449284,-0.000158482,0.328922032,-0.230272464,-0.198887424,0.054697301,No Mediation,No Mediation,No Mediation,M3,M3,49,38,38,2
1568,chr1_98062144_G_A_b38,ENSG00000188641,DPYD,protein_coding,1,97077743,97995000,ENSG00000177138,FAM9B,protein_coding,X,9024232,9295682,M3,3965,1568,-0.000655969,7.939618317,0.003583273,1.901725667,-0.17607889,0.205675973,-0.104997901,No Mediation,No Mediation,Trans Mediated,M3,M3,42,19,19,5
1569,chr11_72134050_A_G_b38,ENSG00000110200,ANAPC15,protein_coding,11,72106378,72112780,ENSG00000234206,,lncRNA,6,107509803,107511721,M3,3970,1569,-0.008372063,1.810890689,-2.68E-05,0.013257203,-0.207950628,0.208273409,-0.0112046,No Mediation,No Mediation,No Mediation,M3,M3,55,23,23,1
1570,chr22_17977093_C_T_b38,ENSG00000243156,MICAL3,protein_coding,22,17787649,18024561,ENSG00000188086,PRSS45P,protein_coding,3,46742092,46750891,M3,3973,1570,0.003921054,0.429341583,-0.000320571,0.123956232,-0.146015716,0.176670504,-0.016987414,No Mediation,No Mediation,No Mediation,M3,M3,52,36,36,2
1571,chr22_21335586_C_T_b38,ENSG00000206140,TMEM191C,protein_coding,22,21466423,21471269,ENSG00000278558,TMEM191B,protein_coding,22,18527802,18530573,M1.2,3978,1571,0.002842704,0.195156597,0.003972293,0.367148353,0.251221946,0.391309495,0.492712821,Undirected,Undirected,Undirected,M1.2,M1.2,48,13,13,0
1572,chr3_68057785_C_T_b38,ENSG00000183662,TAFA1,protein_coding,3,68004247,68545621,ENSG00000131437,KIF3A,protein_coding,5,132692628,132737638,M4,3979,1572,0.000822252,0.122092312,0.001148757,0.143310386,-0.185502463,-0.176746243,0.22648633,Undirected,Undirected,Undirected,M4,M1.1,46,32,32,3
1573,chr9_127940363_C_T_b38,ENSG00000227218,,lncRNA,9,127934503,127940952,ENSG00000254508,FBXO3-DT,lncRNA,11,33774699,33775670,M3,3982,1573,0.003599805,0.195266055,-0.000201971,0.02239858,-0.220577164,0.186662034,-0.040984694,No Mediation,No Mediation,No Mediation,M3,M3,53,16,16,2
1574,chr16_55530885_C_T_b38,ENSG00000087253,LPCAT2,protein_coding,16,55509072,55586666,ENSG00000174788,PCP2,protein_coding,19,7631611,7633719,M0,3984,1574,-0.106778626,8.995614094,0.009162932,1.792375125,-0.122851617,-0.175225415,-0.086644407,Undirected,Undirected,Undirected,M4,M4,50,32,32,0
1575,chr2_12717952_G_A_b38,ENSG00000071575,TRIB2,protein_coding,2,12716910,12742734,ENSG00000164850,GPER1,protein_coding,7,1082208,1093815,M4,3988,1575,0.009715106,2.061433375,0.012041336,3.689495119,0.127941574,0.169842437,-0.149362821,No Mediation,No Mediation,Undirected,M3,M3,50,37,37,2
1576,chr14_22913393_G_A_b38,ENSG00000139890,REM2,protein_coding,14,22883222,22887678,ENSG00000258490,,lncRNA,14,66969038,66969816,M0,3989,1576,0.094818618,16.90811881,0.000306274,0.022153571,0.063609612,0.199100643,0.015233207,No Mediation,No Mediation,No Mediation,M0.2,M0.2,58,26,26,0
1577,chr10_87791003_GT_G_b38,ENSG00000198682,PAPSS2,protein_coding,10,87659613,87747705,ENSG00000185290,NUPR2,protein_coding,7,56114681,56116417,M0,3992,1577,-0.003291573,1.347648066,0.001464308,0.422724621,0.118647792,0.235479749,0.107037552,No Mediation,No Mediation,No Mediation,M3,M3,51,38,38,2
1578,chr12_53046995_C_T_b38,ENSG00000111077,TNS2,protein_coding,12,53046969,53064379,ENSG00000228488,,lncRNA,2,100722221,100722882,M0,3994,1578,0.004296321,0.939547535,-8.96E-05,0.008748774,-0.095026189,0.207877318,-0.021082366,No Mediation,No Mediation,No Mediation,M3,M0.2,56,32,32,4
1579,chr6_132459629_G_A_b38,ENSG00000079950,STX7,protein_coding,6,132445867,132513198,ENSG00000225484,NUTM2B-AS1,lncRNA,10,79661394,79826594,M4,3995,1579,-0.009143055,1.370462073,0.00457329,0.503434749,0.20218118,0.171885268,0.172136208,Undirected,Undirected,Undirected,M4,M3,50,31,31,2
1580,chr9_109165443_G_A_b38,ENSG00000106771,TMEM245,protein_coding,9,109015135,109119947,ENSG00000245573,BDNF-AS,lncRNA,11,27506830,27698231,M0,3996,1580,0.038098105,0.81872403,0.001218661,0.060938966,0.12182812,0.180280595,0.103919356,No Mediation,No Mediation,No Mediation,M3,M3,40,27,27,3
1581,chr1_1534218_C_G_b38,ENSG00000197785,ATAD3A,protein_coding,1,1512162,1534685,ENSG00000122122,SASH3,protein_coding,X,129779949,129795201,M3,4000,1581,-0.022790462,1.055417098,-0.576086696,31.74219032,-0.23676191,0.224447109,-0.072515476,No Mediation,No Mediation,No Mediation,M3,M3,44,32,32,2
1582,chr11_94602964_T_C_b38,ENSG00000134627,PIWIL4,protein_coding,11,94543840,94621421,ENSG00000120675,DNAJC15,protein_coding,13,43023203,43114213,M0,4001,1582,-0.000704589,1.223932835,0.005576783,0.502716243,0.06467241,0.197817588,-0.011860049,No Mediation,No Mediation,No Mediation,M3,M3,45,31,31,5
1583,chr19_48229673_C_T_b38,ENSG00000105483,CARD8,protein_coding,19,48180770,48255946,ENSG00000255371,OPCML-IT2,lncRNA,11,132859245,132860077,M0,4002,1583,-0.056596377,5.343639525,1.51842170329297e-05,0.002717599,-0.118296186,0.227194252,-0.013060241,No Mediation,No Mediation,No Mediation,M0.1,M0.1,35,20,20,8
1584,chr12_109500660_A_T_b38,ENSG00000110906,KCTD10,protein_coding,12,109448655,109477359,ENSG00000284452,,lncRNA,2,495731,496633,M3,4004,1584,0.001537809,2.915831889,3.14072931020624e-05,0.009314954,0.262855686,0.259187006,0.082740071,No Mediation,No Mediation,No Mediation,M3,M3,53,29,29,2
1585,chr20_60069108_G_C_b38,ENSG00000176659,C20orf197,lncRNA,20,60055853,60072956,ENSG00000065060,UHRF1BP1,protein_coding,6,34792015,34883138,M2,4005,1585,0.002971837,0.416284368,-8.24E-05,0.346126384,-0.067710089,-0.192304524,-0.128906057,No Mediation,No Mediation,No Mediation,M3,M3,51,39,39,0
1586,chr16_74998033_G_T_b38,ENSG00000186187,ZNRF1,protein_coding,16,74999024,75110994,ENSG00000111843,TMEM14C,protein_coding,6,10722915,10731129,M4,4007,1586,0.012564277,0.861262315,0.098162926,5.99733771,0.128621528,-0.174853892,-0.107498155,No Mediation,No Mediation,Trans Mediated,M3,M3,51,30,30,0
1587,chr8_62966880_C_A_b38,ENSG00000137563,GGH,protein_coding,8,63014881,63039407,ENSG00000269720,CCDC194,protein_coding,19,17390509,17394158,M3,4009,1587,-0.008025727,1.856363054,0.00062869,0.883803711,0.128233236,0.22248141,-3.49E-06,No Mediation,No Mediation,No Mediation,M0.1,M0.1,62,46,46,1
1588,chr19_58315168_A_G_b38,ENSG00000283103,,lncRNA,19,58309727,58327248,ENSG00000272899,ATP6V1FNB,protein_coding,7,128866330,128872047,M4,4012,1588,-0.047820553,1.986574335,-0.000690684,0.138361546,-0.167410474,0.199186497,-0.117155158,No Mediation,No Mediation,No Mediation,M3,M3,51,33,33,3
1589,chr5_177330840_A_C_b38,ENSG00000169223,LMAN2,protein_coding,5,177331567,177351668,ENSG00000268734,,lncRNA,19,54890673,54891420,M0,4013,1589,-0.209694704,18.86455628,17.7109475,193.4916063,0.100105972,0.209072628,0.066831115,No Mediation,No Mediation,No Mediation,M3,M3,49,32,32,2
1590,chr20_1369864_A_G_b38,ENSG00000088832,FKBP1A,protein_coding,20,1368977,1393164,ENSG00000271631,,lncRNA,9,112885158,112885767,M0,4014,1590,0.558228863,48.6842701,0.000345877,0.440657097,0.08827164,-0.173770098,0.042117962,No Mediation,No Mediation,No Mediation,M3,M3,54,31,31,1
1591,chr17_8221008_C_T_b38,ENSG00000178977,LINC00324,lncRNA,17,8220642,8224043,ENSG00000224932,LINC02262,lncRNA,4,117314597,117360655,M3,4015,1591,0.012973289,1.441351455,-4.67E-05,0.00444304,-0.222432914,0.346234918,-0.00892109,No Mediation,No Mediation,No Mediation,M3,M3,44,27,27,5
1592,chr17_78369710_T_C_b38,ENSG00000266970,SOCS3-DT,lncRNA,17,78360453,78373911,ENSG00000268618,,lncRNA,19,8549506,8550139,M3,4018,1592,0.005525903,0.647257738,-0.025275247,3.119257219,-0.139187576,-0.185251561,-0.027701374,No Mediation,No Mediation,No Mediation,M3,M3,55,32,32,3
1593,chr7_130220016_A_G_b38,ENSG00000146842,TMEM209,protein_coding,7,130164713,130207770,ENSG00000240211,PPP1R35-AS1,lncRNA,7,100436204,100438504,M3,4020,1593,0.004017436,0.359382009,0.004266398,0.48271267,-0.202899225,0.196800348,0.006036127,No Mediation,No Mediation,No Mediation,M3,M3,54,33,33,1
1594,chr17_30576376_A_G_b38,ENSG00000176390,CRLF3,protein_coding,17,30769388,30824692,ENSG00000111843,TMEM14C,protein_coding,6,10722915,10731129,M3,4025,1594,-0.043243875,2.817280979,0.098162926,5.99733771,0.125703115,-0.27958652,0.007539415,No Mediation,Cis Mediated,Undirected,M4,M4,47,36,36,2
1595,chr12_56221571_C_T_b38,ENSG00000196465,MYL6B,protein_coding,12,56152256,56159647,ENSG00000264080,,lncRNA,18,1780329,1782064,M0,4027,1595,-0.009551219,1.978012731,2.7573717842466e-05,0.00833787,-0.091140458,0.301254223,-0.026872216,No Mediation,No Mediation,No Mediation,M0.2,M0.2,64,22,22,1
1596,chr1_200909599_G_A_b38,ENSG00000170128,GPR25,protein_coding,1,200872981,200874178,ENSG00000224127,,lncRNA,1,75127830,75133058,M3,4029,1596,-0.005072502,0.906191078,1.51813257955959e-05,0.007200032,0.141270704,0.200948056,-0.048978138,No Mediation,No Mediation,No Mediation,M3,M3,47,31,31,2
1597,chr18_36151959_A_G_b38,ENSG00000141424,SLC39A6,protein_coding,18,36108531,36129385,ENSG00000187545,PRAMEF10,protein_coding,1,12892896,12898270,M0,4032,1597,-0.025343513,1.281073762,4.8803180693336e-05,0.008265333,0.122843402,0.197043716,0.051986212,No Mediation,No Mediation,No Mediation,M3,M3,55,21,21,2
1598,chr12_89540154_G_A_b38,ENSG00000139323,POC1B,protein_coding,12,89419718,89526047,ENSG00000143858,SYT2,protein_coding,1,202590596,202710454,M3,4036,1598,0.135945318,2.578213433,0.001373662,0.164737166,-0.139133277,0.170034113,0.028952775,No Mediation,No Mediation,No Mediation,M3,M3,45,34,34,2
1599,chr19_9142167_G_A_b38,ENSG00000130803,ZNF317,protein_coding,19,9140397,9163424,ENSG00000259448,LINC02352,lncRNA,15,31215622,31224445,M4,4037,1599,-0.000633414,0.998702343,0.056310131,1.34624332,0.171170878,0.228558421,-0.104199409,No Mediation,No Mediation,No Mediation,M3,M4,54,32,32,0
1600,chr6_42942193_G_C_b38,ENSG00000231113,,lncRNA,6,42940364,42948360,ENSG00000181924,COA4,protein_coding,11,73872667,73876901,M0,4039,1600,-0.043286295,1.893344679,-0.002773427,1.216238041,0.086965925,0.17891106,-0.033222117,No Mediation,No Mediation,No Mediation,M0.1,M0.1,49,38,38,5
1601,chr9_120735317_G_A_b38,ENSG00000106780,MEGF9,protein_coding,9,120600811,120714470,ENSG00000147689,FAM83A,protein_coding,8,123178960,123210079,M0,4040,1601,-0.020146548,24.93775257,0.086414287,2.234929629,-0.109553888,0.192772919,-0.049372172,No Mediation,No Mediation,No Mediation,M3,M3,53,27,27,2
1602,chr19_10526228_C_T_b38,ENSG00000180739,S1PR5,protein_coding,19,10512742,10517931,ENSG00000139263,LRIG3,protein_coding,12,58872149,58920504,M3,4041,1602,0.078187769,28.52859678,0.000221646,0.046428868,0.126159528,0.190520313,0.052736406,No Mediation,No Mediation,No Mediation,M0.2,M0.2,59,38,38,3
1603,chr16_85791923_G_T_b38,ENSG00000131143,COX4I1,protein_coding,16,85798633,85807068,ENSG00000238083,LRRC37A2,protein_coding,17,46511511,46555650,M0,4044,1603,0.746222697,18.41720618,0.005699988,1.298088711,-0.068760193,0.240791083,-0.034853106,No Mediation,No Mediation,Undirected,M0.2,M0.2,60,31,31,2
1604,chr3_125755899_C_T_b38,ENSG00000144909,OSBPL11,protein_coding,3,125528858,125595497,ENSG00000203926,SPANXA2,protein_coding,X,141589708,141590762,M0,4046,1604,-0.014538075,2.809837637,-6.65E-07,0.004341728,-0.110550567,0.174826199,-0.027479776,No Mediation,No Mediation,No Mediation,M3,M3,54,29,29,4
1605,chr1_35712989_C_T_b38,ENSG00000142686,C1orf216,protein_coding,1,35713877,35718894,ENSG00000253238,,lncRNA,8,80265907,80484481,M3,4047,1605,-0.00756167,0.654799908,0.00015198,0.010228666,-0.152205468,0.183870799,-0.060229591,No Mediation,No Mediation,No Mediation,M3,M3,42,21,21,2
1606,chr17_40130817_G_C_b38,ENSG00000188895,MSL1,protein_coding,17,40121971,40136917,ENSG00000234519,,lncRNA,6,169067764,169069427,M0,4050,1606,-0.153190095,22.75642986,-7.39E-06,0.004806366,-0.120110325,0.207309918,-0.010646873,No Mediation,No Mediation,No Mediation,M3,M3,52,16,16,2
1607,chr9_41222899_G_A_b38,ENSG00000215126,CBWD6,protein_coding,9,41131306,41199261,ENSG00000225411,,lncRNA,9,63802144,63814159,M4,4051,1607,-0.001978709,0.32724912,0.002592064,0.265554413,0.213386596,-0.218364172,0.234820314,Undirected,Undirected,Undirected,M4,M4,53,26,26,2
1608,chr6_135069698_G_A_b38,ENSG00000112339,HBS1L,protein_coding,6,134960378,135103056,ENSG00000196565,HBG2,protein_coding,11,5253188,5505605,M3,4056,1608,-0.001624673,0.326626126,29.32297336,306.6838867,-0.169569993,0.214349095,-0.019908012,No Mediation,No Mediation,No Mediation,M3,M3,46,23,23,2
1609,chr1_25253604_G_A_b38,ENSG00000188672,RHCE,protein_coding,1,25362249,25430192,ENSG00000111843,TMEM14C,protein_coding,6,10722915,10731129,M2,4061,1609,0.299867114,7.157605676,0.098162926,5.99733771,-0.052751396,-0.220877874,0.156439702,Undirected,Undirected,Undirected,M1.2,M1.2,46,35,35,2
1610,chr1_20657992_C_CG_b38,ENSG00000244038,DDOST,protein_coding,1,20651767,20661544,ENSG00000251033,,lncRNA,5,26711551,26749997,M0,4062,1610,-0.101162085,12.92086242,-1.95E-05,0.002671256,0.076991049,-0.19063275,-0.087756065,No Mediation,No Mediation,Cis Mediated,M3,M3,64,31,31,1
1611,chr15_39313745_C_T_b38,ENSG00000276107,THBS1-IT1,lncRNA,15,39586561,39587293,ENSG00000274419,TBC1D3D,protein_coding,17,38003976,38014902,M3,4063,1611,0.018762278,2.046934313,-0.004420253,0.792225763,0.135969986,0.176283252,-0.003387909,No Mediation,No Mediation,No Mediation,M3,M3,50,31,31,0
1612,chr22_30313542_G_C_b38,ENSG00000187860,CCDC157,protein_coding,22,30356635,30378673,ENSG00000122852,SFTPA1,protein_coding,10,79610939,79615455,M3,4064,1612,0.024273216,0.416494558,0.084373965,9.605684349,-0.198354593,-0.206764688,0.055044921,No Mediation,No Mediation,No Mediation,M3,M3,47,30,30,3
1613,chr6_8426430_G_A_b38,ENSG00000124786,SLC35B3,protein_coding,6,8411435,8435561,ENSG00000228707,,lncRNA,9,116012361,116012965,M4,4066,1613,0.001239516,1.208118969,-3.01E-05,0.004323551,-0.155311933,0.178290414,-0.157759248,Undirected,Undirected,Undirected,M4,M1.1,56,31,31,4
1614,chr22_50450494_C_T_b38,ENSG00000100241,SBF1,protein_coding,22,50445000,50475035,ENSG00000272824,,lncRNA,1,148358245,148358686,M3,4073,1614,-0.091946466,5.441738949,0.001487469,0.669939347,0.223611918,0.396843178,0.152618852,No Mediation,No Mediation,No Mediation,M3,M3,55,29,29,1
1615,chr10_79069217_C_T_b38,ENSG00000224596,ZMIZ1-AS1,lncRNA,10,78943328,79067895,ENSG00000229600,,lncRNA,6,93886900,93889410,M3,4075,1615,0.000484259,0.089996234,3.09243631340311e-05,0.002559373,0.201282827,0.232662623,0.045909706,No Mediation,No Mediation,No Mediation,M3,M3,52,15,15,2
1616,chr13_113357874_G_T_b38,ENSG00000139835,GRTP1,protein_coding,13,113324163,113364148,ENSG00000225076,WWC3-AS1,lncRNA,X,10024842,10038654,M0,4083,1616,-0.001241495,0.247062034,-1.89E-05,0.087091878,-0.118720877,0.171366577,-0.032507042,No Mediation,No Mediation,Undirected,M3,M3,52,28,28,1
1617,chr6_57129226_T_C_b38,ENSG00000168116,KIAA1586,protein_coding,6,57046532,57055239,ENSG00000272824,,lncRNA,1,148358245,148358686,M3,4087,1617,0.006730863,0.279310714,0.001487469,0.669939347,-0.208290397,0.177043489,-0.098864627,No Mediation,No Mediation,No Mediation,M3,M3,47,22,22,3
1618,chr19_33036982_T_C_b38,ENSG00000076650,GPATCH1,protein_coding,19,33080899,33130542,ENSG00000260338,LINC01570,lncRNA,16,5596856,5616373,M3,4089,1618,-0.003647555,0.563453235,6.30157135321443e-05,0.008725699,0.186122508,0.18833165,-0.043012049,No Mediation,No Mediation,Undirected,M3,M3,47,23,23,1
1619,chr3_46217411_T_C_b38,ENSG00000173578,XCR1,protein_coding,3,46016990,46085825,ENSG00000236021,,lncRNA,1,176207648,176447919,M3,4093,1619,0.001477994,0.591667611,0.000216005,0.315792054,0.162122465,0.175951373,-0.001873601,No Mediation,No Mediation,No Mediation,M3,M3,49,24,24,0
1620,chr11_73543553_G_A_b38,ENSG00000054967,RELT,protein_coding,11,73376399,73397474,ENSG00000274038,,lncRNA,16,11056556,11057034,M0,4094,1620,-0.176782119,18.23427215,0.004410313,0.361513234,0.064930872,0.180270776,-0.097851697,No Mediation,No Mediation,No Mediation,M3,M0.2,53,39,39,2
1621,chr4_7064789_G_A_b38,ENSG00000109519,GRPEL1,protein_coding,4,7058895,7068064,ENSG00000137267,TUBB2A,protein_coding,6,3153497,3157544,M0,4095,1621,-0.024694283,6.255120873,0.725591691,12.0861568,0.086744842,-0.219123309,-0.026637053,No Mediation,No Mediation,No Mediation,M0.2,M3,50,33,33,1
1622,chr2_120273173_T_TA_b38,ENSG00000144118,RALB,protein_coding,2,120240064,120294710,ENSG00000174796,THAP6,protein_coding,4,75513946,75550473,M0,4098,1622,0.312192698,39.25828047,0.003662826,0.265639442,0.086029285,-0.170540575,-0.024646965,No Mediation,No Mediation,No Mediation,M3,M3,53,37,37,2
1623,chr2_229345721_A_G_b38,ENSG00000153823,PID1,protein_coding,2,228850526,229271287,ENSG00000129864,VCY,protein_coding,Y,13985772,13986473,M3,4101,1623,0.009941271,2.70634738,1.01218364074523e-05,0.00436602,-0.138125214,0.198711405,-0.043343266,No Mediation,No Mediation,No Mediation,M3,M3,49,17,17,0
1624,chr11_8125865_T_C_b38,ENSG00000166405,RIC3,protein_coding,11,8106056,8169055,ENSG00000172155,LCE1D,protein_coding,1,152796721,152798181,M0,4103,1624,-0.002549392,0.353184994,-0.000938354,0.103838961,-0.076211597,0.18026469,-0.102106991,Undirected,Undirected,Undirected,M2.2,M2.2,45,26,26,3
1625,chr12_53417250_T_C_b38,ENSG00000185591,SP1,protein_coding,12,53380176,53416446,ENSG00000228064,,lncRNA,2,150982506,151003474,M3,4105,1625,-0.015033264,7.171933155,-1.15E-07,0.004124753,0.177968187,0.175560743,0.02355362,No Mediation,No Mediation,No Mediation,M3,M3,62,33,33,1
1626,chr10_88830989_A_G_b38,ENSG00000138134,STAMBPL1,protein_coding,10,88879734,88975153,ENSG00000121897,LIAS,protein_coding,4,39459004,39485109,M3,4106,1626,-0.002745473,0.349598557,-0.000124183,0.122938172,0.1294891,0.179472778,-0.099064348,No Mediation,No Mediation,No Mediation,M3,M3,51,37,37,2
1627,chr19_53443010_A_T_b38,ENSG00000160336,ZNF761,protein_coding,19,53431984,53461862,ENSG00000263412,NFE2L1-DT,lncRNA,17,48045141,48048073,M3,4107,1627,0.001138642,0.270010396,0.000461358,0.156352719,0.212811353,-0.18378391,-0.100874714,No Mediation,No Mediation,No Mediation,M3,M3,52,32,32,1
1628,chr11_118359644_C_T_b38,ENSG00000110344,UBE4A,protein_coding,11,118359600,118399211,ENSG00000261195,,lncRNA,16,19761172,19766099,M3,4108,1628,0.008542748,1.850727952,0.000210624,0.024802534,0.252803385,0.217444515,0.118981466,No Mediation,No Mediation,No Mediation,M3,M3,53,34,34,3
1629,chr4_88141133_T_G_b38,ENSG00000118777,ABCG2,protein_coding,4,88090150,88231628,ENSG00000100596,SPTLC2,protein_coding,14,77505997,77616637,M0,4109,1629,0.020207281,0.429084968,-0.018694689,11.92466176,-0.040705479,0.210999019,-0.014913003,No Mediation,No Mediation,No Mediation,M0.2,M0.2,45,36,36,3
1630,chr2_43763274_A_G_b38,ENSG00000138036,DYNC2LI1,protein_coding,2,43774039,43810010,ENSG00000259194,,lncRNA,15,51367377,51369110,M0,4112,1630,-0.000452663,0.177889206,-7.53E-06,0.015393656,-0.106269566,0.281434105,-0.03931665,No Mediation,No Mediation,No Mediation,M3,M3,57,11,11,0
1631,chr2_38115424_G_A_b38,ENSG00000119787,ATL2,protein_coding,2,38293954,38377285,ENSG00000182783,OR2T29,protein_coding,1,248556912,248562772,M3,4118,1631,-0.002467764,1.118642002,-3.49E-05,0.004406743,0.209557341,0.226139164,0.046107679,No Mediation,No Mediation,No Mediation,M3,M3,59,23,23,0
1632,chr3_158095336_C_CAGA_b38,ENSG00000174891,RSRC1,protein_coding,3,158105855,158545730,ENSG00000249998,,lncRNA,4,16973275,17073903,M3,4122,1632,0.007765389,0.388446899,1.49419003203398e-05,0.008477065,0.19930204,-0.191519928,0.004600143,No Mediation,No Mediation,No Mediation,M3,M3,51,25,25,1
1633,chr3_15272091_G_A_b38,ENSG00000131370,SH3BP5,protein_coding,3,15254353,15341368,ENSG00000148346,LCN2,protein_coding,9,128149071,128153453,M3,4123,1633,0.051698094,4.574146055,285.9825619,809.6258856,-0.177635742,0.171117114,-0.017673559,No Mediation,No Mediation,No Mediation,M3,M3,53,32,32,1
1634,chr17_83198614_T_C_b38,ENSG00000176845,METRNL,protein_coding,17,83079609,83095122,ENSG00000236263,,lncRNA,1,155211151,155213819,M0,4130,1634,0.849881874,36.6712162,-0.005249826,7.351493256,-0.008614287,0.182253889,-0.012654667,No Mediation,No Mediation,No Mediation,M0.2,Other,53,34,34,1
1635,chr7_44551678_C_A_b38,ENSG00000136271,DDX56,protein_coding,7,44565804,44575051,ENSG00000224023,EDRF1-DT,lncRNA,10,125700436,125719566,M0,4134,1635,-0.058019762,3.190350416,0.000185392,0.042408225,-0.106905298,-0.173238412,0.03156909,No Mediation,No Mediation,No Mediation,M3,M3,56,36,36,2
1636,chr10_109907906_T_C_b38,ENSG00000108039,XPNPEP1,protein_coding,10,109864766,109923553,ENSG00000185290,NUPR2,protein_coding,7,56114681,56116417,M3,4137,1636,0.012262072,2.296789889,0.001464308,0.422724621,0.163404291,0.204947606,0.082800068,No Mediation,No Mediation,No Mediation,M3,M3,45,34,34,2
1637,chr5_134176930_C_A_b38,ENSG00000113558,SKP1,protein_coding,5,134148935,134176964,ENSG00000142185,TRPM2,protein_coding,21,44350163,44443081,M1.2,4139,1637,0.146301515,2.613239236,-0.155287748,7.82337293,0.099496296,0.196541568,-0.134638424,No Mediation,No Mediation,No Mediation,M3,M3,44,31,31,2
1638,chr11_60946335_CACCACCACT_C_b38,ENSG00000110446,SLC15A3,protein_coding,11,60937060,60952653,ENSG00000267732,,lncRNA,18,56137573,56150102,M0,4140,1638,0.165631615,27.25037147,0.000124084,0.01816163,-0.081132549,0.174808826,-0.005892549,No Mediation,No Mediation,No Mediation,M3,M0.2,59,39,39,1
1639,chr15_79500588_C_T_b38,ENSG00000166557,TMED3,protein_coding,15,79311112,79427432,ENSG00000237741,,lncRNA,X,148498113,148500615,M3,4142,1639,-0.000402778,0.36197395,1.80826225955367e-05,0.030137644,0.163322275,-0.285882411,-0.07022799,No Mediation,No Mediation,Undirected,M3,M3,38,27,27,1
1640,chr17_78173989_GA_G_b38,ENSG00000183077,AFMID,protein_coding,17,78187317,78207701,ENSG00000184428,TOP1MT,protein_coding,8,143304384,143359979,M0,4143,1640,-0.007072299,0.915341424,0.006999735,3.075825754,0.122228616,0.241245247,0.078469123,No Mediation,No Mediation,No Mediation,M3,M3,50,24,24,1
1641,chr17_3611981_T_C_b38,ENSG00000197417,SHPK,protein_coding,17,3608240,3636250,ENSG00000147434,CHRNA6,protein_coding,8,42752620,42796392,M3,4148,1641,-0.008456562,0.466920376,7.50717184412529e-05,0.024786221,0.15568115,0.17106966,0.094731624,No Mediation,No Mediation,No Mediation,M3,M3,52,41,41,1
1642,chr21_39365245_T_C_b38,ENSG00000205581,HMGN1,protein_coding,21,39342315,39349647,ENSG00000233290,,lncRNA,1,82212413,82848205,M3,4150,1642,0.115187775,7.666522257,1.59473615111037e-05,0.001939419,-0.175250813,0.437288432,-0.001001756,No Mediation,No Mediation,No Mediation,M3,M3,55,21,21,5
1643,chr13_51176489_A_G_b38,ENSG00000150510,FAM124A,protein_coding,13,51222334,51284239,ENSG00000185290,NUPR2,protein_coding,7,56114681,56116417,M0,4153,1643,-0.000845143,0.156204028,0.001464308,0.422724621,-0.079769621,-0.203405427,0.014284437,No Mediation,No Mediation,No Mediation,M0.2,M0.2,63,36,36,1
1644,chr6_30163769_A_G_b38,ENSG00000204610,TRIM15,protein_coding,6,30163206,30172693,ENSG00000262188,LINC01978,lncRNA,17,79919357,79925999,M4,4154,1644,0.002331784,0.229287837,0.000467182,0.04066139,0.22079749,0.186360542,0.257930952,Undirected,Undirected,Undirected,M1.1,M1.1,50,25,25,1
1645,chr10_133298365_CT_C_b38,ENSG00000130640,TUBGCP2,protein_coding,10,133278635,133318823,ENSG00000227356,LINC00866,lncRNA,10,97828478,97849798,M3,4155,1645,-0.078122759,3.268816759,0.001239655,0.176167958,-0.152406191,0.190709823,-0.081935126,No Mediation,No Mediation,No Mediation,M3,M0.1,56,35,35,1
1646,chr9_128097053_C_T_b38,ENSG00000234771,SLC25A25-AS1,lncRNA,9,128108581,128118693,ENSG00000111843,TMEM14C,protein_coding,6,10722915,10731129,M3,4156,1646,0.014315955,0.943381327,0.098162926,5.99733771,-0.144268866,-0.283067934,0.042011468,No Mediation,No Mediation,No Mediation,M3,M3,54,33,33,3
1647,chr11_5202690_C_T_b38,ENSG00000224091,,lncRNA,11,5205041,5207308,ENSG00000165490,DDIAS,protein_coding,11,82899975,82958277,M3,4160,1647,0.019812412,0.383439319,-0.012662461,0.893108595,0.185385403,0.194648121,0.015608333,No Mediation,No Mediation,No Mediation,M3,M3,44,27,27,3
1648,chr11_118604004_CA_C_b38,ENSG00000095139,ARCN1,protein_coding,11,118572390,118603033,ENSG00000230229,,lncRNA,10,78352597,78356100,M0,4169,1648,-0.094699571,5.219954656,-9.09E-05,0.008103159,-0.115253499,0.17964204,-0.005466442,No Mediation,No Mediation,Undirected,M3,M3,64,45,45,2
1649,chr22_19947476_T_C_b38,ENSG00000093010,COMT,protein_coding,22,19941371,19969975,ENSG00000117000,RLF,protein_coding,1,40161387,40240921,M3,4172,1649,0.020226466,2.216713664,-0.108846899,6.983886161,-0.213486574,0.182748244,-0.150965357,No Mediation,No Mediation,No Mediation,M3,M3,51,37,37,4
1650,chr1_9181780_G_A_b38,ENSG00000228526,MIR34AHG,lncRNA,1,9148011,9198906,ENSG00000233138,,lncRNA,6,142748443,142753759,M3,4173,1650,0.000205655,0.087450718,-8.93E-05,0.016591433,0.245798564,0.219924131,-0.001305152,No Mediation,No Mediation,No Mediation,M3,M3,54,20,20,0
1651,chr15_99015155_A_G_b38,ENSG00000278090,LUNAR1,lncRNA,15,99014526,99031054,ENSG00000268618,,lncRNA,19,8549506,8550139,M3,4174,1651,0.008804216,0.842390483,-0.025275247,3.119257219,0.164084053,0.230006154,0.060845108,No Mediation,No Mediation,No Mediation,M3,M3,63,28,28,0
1652,chr7_92506806_TCCC_T_b38,ENSG00000127980,PEX1,protein_coding,7,92487020,92528520,ENSG00000235972,,lncRNA,6,150040547,150042033,M3,4175,1652,-0.002452118,0.424904144,-4.36E-05,0.006080104,0.19242784,0.286945513,0.090310735,Trans Mediated,Trans Mediated,Undirected,M3,M3,60,36,36,2
1653,chr3_120376977_G_A_b38,ENSG00000163428,LRRC58,protein_coding,3,120324509,120349354,ENSG00000128951,DUT,protein_coding,15,48331011,48343373,M4,4176,1653,0.000560623,0.370784479,-0.025305135,3.641043298,0.184191278,0.192591952,0.103587974,Undirected,Undirected,Undirected,M4,M3,55,28,28,2
1654,chr1_109988373_G_C_b38,ENSG00000143093,STRIP1,protein_coding,1,110031577,110074641,ENSG00000185290,NUPR2,protein_coding,7,56114681,56116417,M3,4178,1654,-0.015302872,1.529786334,0.001464308,0.422724621,-0.202582231,-0.194437859,0.099974815,No Mediation,No Mediation,No Mediation,M3,M3,45,31,31,5
1655,chr6_30656378_T_C_b38,ENSG00000204560,DHX16,protein_coding,6,30653119,30673006,ENSG00000175398,OR10P1,protein_coding,12,55636892,55637833,M3,4181,1655,-0.00631566,3.00608984,-0.001010425,0.105937578,-0.142885037,0.253769678,-0.05805325,No Mediation,No Mediation,No Mediation,M3,M3,44,33,33,2
1656,chr12_215291_A_T_b38,ENSG00000111181,SLC6A12,protein_coding,12,190077,214570,ENSG00000272824,,lncRNA,1,148358245,148358686,M0,4185,1656,-0.072225946,2.684743154,0.001487469,0.669939347,-0.118482531,0.270702789,-0.049870606,No Mediation,No Mediation,Cis Mediated,M3,M3,59,24,24,0
1657,chr22_50550266_T_C_b38,ENSG00000217442,SYCE3,protein_coding,22,50551112,50562919,ENSG00000276508,,lncRNA,17,36684754,36685129,M3,4186,1657,0.000387937,0.386951745,0.000211763,0.017258262,-0.175877052,0.223261597,0.016855631,No Mediation,No Mediation,Cis Mediated,M3,M3,46,6,6,0
1658,chr5_151448453_G_A_b38,ENSG00000271795,,lncRNA,5,151509453,151512769,ENSG00000254938,,lncRNA,11,126920188,126940659,M3,4191,1658,0.004749417,0.437493144,3.58289687924366e-05,0.020245267,-0.173528745,0.407631841,-0.021473396,No Mediation,No Mediation,No Mediation,M3,M3,51,39,39,5
1659,chr1_161716109_C_T_b38,ENSG00000162746,FCRLB,protein_coding,1,161721563,161728143,ENSG00000170426,SDR9C7,protein_coding,12,56923133,56934408,M3,4192,1659,-0.004394678,0.386655454,0.000364423,0.04889897,-0.15833798,-0.173080733,-0.013115334,No Mediation,No Mediation,No Mediation,M3,M0.1,48,33,33,1
1660,chr3_119323125_G_A_b38,ENSG00000031081,ARHGAP31,protein_coding,3,119294383,119420714,ENSG00000232225,LINC01047,lncRNA,13,89214847,89236890,M3,4200,1660,0.001282859,0.461099563,4.3493153097826e-06,0.001696244,-0.153248867,0.314282915,-0.07192643,No Mediation,No Mediation,No Mediation,M3,M3,46,20,20,5
1661,chr3_158106320_T_C_b38,ENSG00000168779,SHOX2,protein_coding,3,158095905,158106420,ENSG00000249998,,lncRNA,4,16973275,17073903,M3,4201,1661,0.000609843,0.135041851,1.49419003203398e-05,0.008477065,0.186566219,-0.191866592,-0.033080415,No Mediation,No Mediation,No Mediation,M3,M3,57,23,23,1
1662,chr17_44010049_G_A_b38,ENSG00000161653,NAGS,protein_coding,17,44004622,44009068,ENSG00000254451,CAPS2-AS1,lncRNA,12,75234740,75298508,M3,4202,1662,-0.012653443,0.415983701,5.59070846663159e-05,0.004819569,0.217380114,-0.186237008,-0.026433491,No Mediation,No Mediation,No Mediation,M3,M3,39,20,20,1
1663,chr8_95268514_T_C_b38,ENSG00000156172,C8orf37,protein_coding,8,95244913,95269201,ENSG00000259701,,lncRNA,15,51278927,51280015,M3,4203,1663,-3.03E-06,0.115357644,6.12459055840041e-05,0.018924574,0.225679622,0.291744117,0.014855905,No Mediation,No Mediation,No Mediation,M3,M3,54,26,26,1
1664,chr9_88326585_C_A_b38,ENSG00000130045,NXNL2,protein_coding,9,88534033,88584274,ENSG00000168334,XIRP1,protein_coding,3,39183210,39192596,M3,4204,1664,-0.000280691,0.102068572,-0.00739883,1.812351228,0.182999814,0.213790793,-0.010499711,No Mediation,No Mediation,No Mediation,M3,M3,54,32,32,1
1665,chr13_46608933_G_A_b38,ENSG00000136141,LRCH1,protein_coding,13,46553168,46753040,ENSG00000177606,JUN,protein_coding,1,58776845,58784048,M0,4205,1665,-0.002489804,0.3674765,2.830053897,94.89433124,-0.101244004,-0.175950508,-0.106106184,No Mediation,No Mediation,No Mediation,M3,M3,53,34,34,3
1666,chr4_158936387_A_G_b38,ENSG00000109756,RAPGEF2,protein_coding,4,159103013,159360174,ENSG00000111843,TMEM14C,protein_coding,6,10722915,10731129,M4,4206,1666,0.04847587,1.81401978,0.098162926,5.99733771,-0.142381377,-0.194321122,0.096878533,No Mediation,No Mediation,No Mediation,M3,M3,55,36,36,2
1667,chr20_49787540_T_C_b38,ENSG00000197818,SLC9A8,protein_coding,20,49812713,49892242,ENSG00000229525,,lncRNA,2,219388496,219403633,M3,4208,1667,-0.066158819,13.30001125,0.00035362,0.027264498,-0.126082578,0.176875649,-0.077516524,No Mediation,No Mediation,No Mediation,M3,M3,58,34,34,1
1668,chr16_24526826_G_A_b38,ENSG00000122257,RBBP6,protein_coding,16,24537693,24572863,ENSG00000196228,SULT1C3,protein_coding,2,108239968,108265351,M0,4213,1668,-0.003099612,0.782879548,7.826051639598e-05,0.011393651,0.076505306,0.198124944,0.053649208,No Mediation,No Mediation,No Mediation,M3,M3,54,26,26,0
1669,chr2_84831270_C_T_b38,ENSG00000186854,TRABD2A,protein_coding,2,84821650,84907008,ENSG00000257470,,lncRNA,12,97024021,97127626,M3,4214,1669,0.013564592,1.233404911,1.34064216965794e-05,0.006450552,-0.141013795,0.208067998,-0.017059798,No Mediation,No Mediation,No Mediation,M3,M3,48,26,26,4
1670,chr6_2246384_G_A_b38,ENSG00000250903,GMDS-DT,lncRNA,6,2245718,2525976,ENSG00000271792,,lncRNA,5,139775305,139775472,M3,4216,1670,0.000308695,0.058586708,-0.000151788,0.033574211,0.168825384,0.218497332,0.065683264,No Mediation,No Mediation,No Mediation,M3,M3,50,19,19,0
1671,chr10_102455318_CTCTT_C_b38,ENSG00000269609,C10orf95-AS1,lncRNA,10,102449816,102461106,ENSG00000257325,,lncRNA,12,100852331,100859262,M0,4217,1671,-0.003960017,1.475601317,-8.00E-05,0.009602813,-0.041044628,0.182190344,-0.016055857,No Mediation,No Mediation,No Mediation,M0.2,M0.2,56,23,23,2
1672,chr14_52915542_TA_T_b38,ENSG00000073712,FERMT2,protein_coding,14,52857268,52952435,ENSG00000228592,D21S2088E,lncRNA,21,23352929,23423778,M0,4219,1672,-0.002592972,0.326836215,-7.79E-06,0.003810339,0.107195589,0.199240844,0.015264752,No Mediation,No Mediation,No Mediation,M3,M3,50,31,31,4
1673,chr11_12359400_C_T_b38,ENSG00000133808,MICALCL,protein_coding,11,12297627,12380691,ENSG00000142185,TRPM2,protein_coding,21,44350163,44443081,M3,4225,1673,0.058752915,0.842444624,-0.155287748,7.82337293,-0.135958994,-0.199816196,0.052374514,No Mediation,No Mediation,No Mediation,M3,M3,46,33,33,2
1674,chr11_73896951_C_G_b38,ENSG00000175582,RAB6A,protein_coding,11,73675638,73761137,ENSG00000272977,,lncRNA,22,25476218,25479971,M0,4229,1674,0.165115231,4.735069993,-0.002013343,0.344971934,-0.102972163,-0.193355898,0.045366165,No Mediation,No Mediation,No Mediation,M3,M3,48,35,35,1
1675,chr2_61599917_A_G_b38,ENSG00000273302,,lncRNA,2,61199979,61200769,ENSG00000164096,C4orf3,protein_coding,4,119296419,119304445,M3,4231,1675,-0.000479551,0.372797436,0.526535075,32.04774152,0.207814234,-0.170995113,-0.077117046,No Mediation,No Mediation,No Mediation,M3,M3,49,31,31,3
1676,chr2_151351465_G_A_b38,ENSG00000080345,RIF1,protein_coding,2,151409883,151508013,ENSG00000173744,AGFG1,protein_coding,2,227472152,227561217,M3,4236,1676,-0.000953647,0.259854416,-0.195875891,18.45620301,-0.163941657,0.179040679,-0.061026664,No Mediation,No Mediation,No Mediation,M3,M3,58,36,36,2
1677,chr2_24107669_A_G_b38,ENSG00000186453,FAM228A,protein_coding,2,24175053,24200849,ENSG00000277545,,lncRNA,13,112811566,112812158,M3,4239,1677,0.000243638,0.112700979,-0.004565945,0.47405967,0.218287982,-0.172109555,0.020290103,No Mediation,No Mediation,No Mediation,M3,M3,45,28,28,0
1678,chr8_58595685_CT_C_b38,ENSG00000035681,NSMAF,protein_coding,8,58583508,58659853,ENSG00000104361,NIPAL2,protein_coding,8,98189826,98294393,M3,4240,1678,0.036477838,3.990376715,0.006143494,1.129136523,0.1886061,0.172197201,0.009068707,No Mediation,No Mediation,No Mediation,M3,M3,54,34,34,1
1679,chrX_150706024_A_G_b38,ENSG00000063601,MTMR1,protein_coding,X,150692971,150765108,ENSG00000229522,LINC01523,lncRNA,20,47983404,47984313,M3,4245,1679,-0.007899302,3.651156006,8.796402044434e-05,0.009936409,0.12943261,0.187787807,0.018334057,No Mediation,No Mediation,Undirected,M3,M3,57,37,37,3
1680,chr13_24279882_T_C_b38,ENSG00000182957,SPATA13,protein_coding,13,23979805,24307074,ENSG00000269989,,lncRNA,18,63485601,63486018,M0,4246,1680,-0.043756152,4.368406409,9.82061384269427e-06,0.013600543,-0.113348027,0.177160946,-0.006685585,No Mediation,No Mediation,No Mediation,M3,M3,49,30,30,6
1681,chr19_2744505_C_T_b38,ENSG00000261342,,lncRNA,19,2727743,2729327,ENSG00000259448,LINC02352,lncRNA,15,31215622,31224445,M3,4251,1681,-0.001252624,0.289636602,0.056310131,1.34624332,0.192283039,0.210336506,0.040982246,No Mediation,No Mediation,No Mediation,M3,M3,50,23,23,0
1682,chr16_75261741_C_A_b38,ENSG00000050820,BCAR1,protein_coding,16,75228181,75268053,ENSG00000237414,,lncRNA,9,23894990,23898054,M0,4252,1682,-0.001131809,0.209281782,8.73710625075627e-05,0.006844335,0.11097516,0.189087482,0.040160097,No Mediation,No Mediation,No Mediation,M0.2,M0.2,55,29,29,3
1683,chr2_97607910_T_C_b38,ENSG00000135976,ANKRD36,protein_coding,2,97113153,97264521,ENSG00000242282,,lncRNA,2,3531813,3536873,M3,4253,1683,-0.000252877,0.145851701,0.002043577,0.396375879,0.189665322,-0.170466007,-0.023105962,No Mediation,No Mediation,No Mediation,M3,M3,48,28,28,2
1684,chr10_59847305_G_A_b38,ENSG00000108091,CCDC6,protein_coding,10,59788747,59906556,ENSG00000101463,SYNDIG1,protein_coding,20,24469629,24666616,M3,4254,1684,0.008289051,0.964260054,9.86493250820786e-05,0.046533414,-0.184192843,0.180140574,-0.068124464,No Mediation,No Mediation,No Mediation,M0.1,M0.1,46,33,33,5
1685,chr9_128271329_G_C_b38,ENSG00000175854,SWI5,protein_coding,9,128275379,128316123,ENSG00000224700,,lncRNA,11,131981096,131984661,M3,4259,1685,0.003806657,1.02099763,-1.15E-05,0.001948207,-0.180893543,0.306973972,-0.01848128,No Mediation,No Mediation,No Mediation,M3,M3,48,20,20,2
1686,chr6_152678788_G_GT_b38,ENSG00000131018,SYNE1,protein_coding,6,152121687,152637801,ENSG00000257548,,lncRNA,12,107093298,107123314,M3,4262,1686,-0.011833048,1.220242975,-5.17E-05,0.01336583,0.186473924,0.172111497,0.051501672,No Mediation,No Mediation,No Mediation,M3,M0.1,58,46,46,2
1687,chr12_49018926_G_A_b38,ENSG00000181929,PRKAG1,protein_coding,12,49002274,49018807,ENSG00000166734,GOLM2,protein_coding,15,44288719,44415758,M0,4265,1687,-0.059737103,3.774350578,-0.001773966,2.017314834,0.109320372,0.171274639,-0.079479128,No Mediation,No Mediation,No Mediation,M0.1,M0.1,55,36,36,1
1688,chr4_185204226_A_T_b38,ENSG00000164323,CFAP97,protein_coding,4,185159665,185209504,ENSG00000170412,GPRC5C,protein_coding,17,74424851,74451653,M3,4266,1688,0.003966167,0.431296451,0.003105867,0.312275783,-0.163367941,0.19646415,-0.087111958,No Mediation,No Mediation,No Mediation,M3,M3,44,28,28,3
1689,chr1_86364847_G_A_b38,ENSG00000122417,ODF2L,protein_coding,1,86346824,86396342,ENSG00000138193,PLCE1,protein_coding,10,93993931,94332823,M3,4268,1689,-0.002976331,0.360749588,0.000584729,0.037032421,0.189941675,0.183448152,-0.010236932,No Mediation,No Mediation,Undirected,M3,M3,48,35,35,1
1690,chr3_69044164_A_G_b38,ENSG00000163378,EOGT,protein_coding,3,68975217,69013684,ENSG00000241956,,lncRNA,5,164296696,165171643,M3,4271,1690,-0.004357529,0.329247174,1.51284458175425e-05,0.00372777,-0.173117144,0.195226767,-0.050367917,No Mediation,No Mediation,No Mediation,M3,M3,48,39,39,4
1691,chr17_68193585_G_A_b38,ENSG00000278740,,lncRNA,17,68188547,68189165,ENSG00000203875,SNHG5,lncRNA,6,85650491,85678932,M3,4273,1691,-0.002450931,0.374555813,0.333307125,12.64721198,0.183994843,0.179014054,0.093961546,No Mediation,No Mediation,Undirected,M3,M0.1,42,29,29,3
1692,chr5_116304165_G_A_b38,ENSG00000145781,COMMD10,protein_coding,5,116085016,116412762,ENSG00000240241,,lncRNA,3,78266940,78294731,M3,4274,1692,0.009269,1.072122818,1.43513319817973e-06,0.003988154,0.143763524,0.182282473,-0.012552612,No Mediation,No Mediation,No Mediation,M3,M3,51,24,24,2
1693,chr5_141640002_G_C_b38,ENSG00000164620,RELL2,protein_coding,5,141636950,141641064,ENSG00000249476,,lncRNA,5,109237120,109326369,M3,4275,1693,-0.006962516,1.88655797,-0.009321927,0.771809901,-0.181698021,0.174790314,-0.051070333,No Mediation,No Mediation,No Mediation,M3,M3,55,35,35,1
1694,chrX_74358634_A_G_b38,ENSG00000271533,,lncRNA,X,74209976,74213660,ENSG00000130433,CACNG6,protein_coding,19,53991637,54012666,M3,4276,1694,-0.001132605,0.91716494,-0.00037107,0.907419011,-0.139341102,0.219665142,0.029003629,No Mediation,No Mediation,No Mediation,M3,M3,57,33,33,1
1695,chr19_17416999_G_A_b38,ENSG00000282851,BISPR,lncRNA,19,17405686,17419324,ENSG00000269028,MTRNR2L12,protein_coding,3,96617188,96618236,M0,4277,1695,-0.011186769,2.258427102,0.067138475,3.02741952,-0.117788607,0.314992349,-0.073107818,No Mediation,No Mediation,No Mediation,M0.2,M3,55,31,31,5
1696,chr13_112987170_C_T_b38,ENSG00000126217,MCF2L,protein_coding,13,112894378,113099742,ENSG00000272516,,lncRNA,10,22332404,22332987,M3,4279,1696,0.000720466,0.064042235,0.000491386,0.083824596,0.241471033,0.180512865,-0.032098926,No Mediation,No Mediation,No Mediation,M3,M3,54,21,21,0
1697,chr2_86210775_C_T_b38,ENSG00000132313,MRPL35,protein_coding,2,86199355,86213790,ENSG00000168255,POLR2J3,protein_coding,7,102537918,102572653,M3,4280,1697,0.005628231,0.504229848,-0.004200583,0.918447079,-0.193823525,-0.25672151,0.066939318,No Mediation,No Mediation,Undirected,M3,M3,50,35,35,0
1698,chr2_207231746_C_T_b38,ENSG00000234902,,lncRNA,2,207186717,207236066,ENSG00000137267,TUBB2A,protein_coding,6,3153497,3157544,M3,4284,1698,-0.00128197,0.398070026,0.725591691,12.0861568,-0.215218798,0.19005548,-0.009805216,No Mediation,No Mediation,No Mediation,M3,M3,44,24,24,1
1699,chr2_218527031_A_G_b38,ENSG00000135913,USP37,protein_coding,2,218450251,218568351,ENSG00000255258,LINC02743,lncRNA,11,133783671,133810376,M0,4287,1699,0.002526032,0.380849912,4.57485117084304e-05,0.006279552,-0.116189019,-0.176418915,-0.035688662,No Mediation,No Mediation,No Mediation,M3,M3,45,30,30,4
1700,chr16_21578488_C_T_b38,ENSG00000169246,NPIPB3,protein_coding,16,21402237,21448567,ENSG00000256769,CACNA1C-AS3,lncRNA,12,2603350,2607440,M3,4294,1700,-0.000845814,0.500391667,0.000135675,0.006035417,-0.178879304,0.185401503,-0.037806771,No Mediation,No Mediation,No Mediation,M3,M3,40,11,11,0
1701,chr19_2628527_A_G_b38,ENSG00000099860,GADD45B,protein_coding,19,2476122,2478259,ENSG00000111843,TMEM14C,protein_coding,6,10722915,10731129,M0,4298,1701,26.12847106,224.6875762,0.098162926,5.99733771,-0.118140671,0.28590685,0.038043972,No Mediation,No Mediation,No Mediation,M3,M3,52,35,35,0
1702,chr11_65706943_TTC_T_b38,ENSG00000172977,KAT5,protein_coding,11,65711996,65719604,ENSG00000230381,,lncRNA,1,116429049,116433368,M0,4301,1702,-0.022873997,3.939184893,-0.000413545,0.079951032,0.110010474,0.174364603,0.018440029,No Mediation,No Mediation,No Mediation,M3,M3,46,31,31,2
1703,chr12_38326249_G_A_b38,ENSG00000175548,ALG10B,protein_coding,12,38316762,38329721,ENSG00000258701,LINC00638,lncRNA,14,104821201,104823718,M3,4302,1703,0.001409285,0.102316746,0.000765603,0.137784916,0.227769178,0.181979868,0.078605156,No Mediation,No Mediation,Undirected,M3,M3,54,35,35,2
1704,chr7_504379_G_C_b38,ENSG00000197461,PDGFA,protein_coding,7,497258,520296,ENSG00000276957,,lncRNA,13,102593338,102593873,M3,4303,1704,0.004449082,0.263880966,-0.000254472,0.204793239,-0.156528912,0.175025257,-0.008399345,No Mediation,No Mediation,No Mediation,M3,M3,44,36,36,1
1705,chr19_36112801_T_A_b38,ENSG00000105258,POLR2I,protein_coding,19,36113709,36115213,ENSG00000258511,LINC02295,lncRNA,14,98136074,98139242,M0,4305,1705,0.082821843,3.641458248,0.006814727,0.472574159,-0.116566959,-0.170769571,0.061661047,No Mediation,No Mediation,No Mediation,M3,M3,54,29,29,3
1706,chr7_107005649_A_G_b38,ENSG00000005249,PRKAR2B,protein_coding,7,107044705,107161811,ENSG00000271590,,lncRNA,2,111210995,111212476,M0,4308,1706,0.175536618,6.002164946,0.000702598,0.149969899,0.092708604,0.174141845,0.071448437,No Mediation,No Mediation,No Mediation,M3,M0.2,47,33,33,4
1707,chr3_32245299_G_A_b38,ENSG00000170293,CMTM8,protein_coding,3,32238679,32370321,ENSG00000186925,KRTAP19-6,protein_coding,21,30541535,30541864,M3,4310,1707,-0.002934979,1.137288347,5.68593773754292e-05,0.014566661,-0.234861825,-0.171906846,0.102648675,No Mediation,No Mediation,No Mediation,M3,M3,54,27,27,0
1708,chr4_88381953_A_C_b38,ENSG00000138642,HERC6,protein_coding,4,88378739,88443097,ENSG00000260004,,lncRNA,16,65601101,65601698,M0,4312,1708,-0.004519523,2.202081463,-0.000152192,0.014878469,0.036192708,0.271910201,0.031489873,No Mediation,No Mediation,No Mediation,M3,M3,61,48,48,4
1709,chr15_58770997_G_C_b38,ENSG00000128923,MINDY2,protein_coding,15,58771192,58861900,ENSG00000272977,,lncRNA,22,25476218,25479971,M3,4315,1709,0.00070009,0.588558087,-0.002013343,0.344971934,0.147995326,-0.190863135,-0.07256402,No Mediation,No Mediation,Undirected,M3,M3,52,30,30,3
1710,chr17_5029242_C_G_b38,ENSG00000227495,KIF1C-AS1,lncRNA,17,5019214,5020093,ENSG00000264790,,lncRNA,18,27343252,27346110,M3,4316,1710,0.007328136,0.566311225,-1.61E-05,0.005043666,-0.161552902,0.288613276,-0.103009926,No Mediation,No Mediation,No Mediation,M3,M3,50,18,18,0
1711,chr14_103584546_G_A_b38,ENSG00000166170,BAG5,protein_coding,14,103556545,103562657,ENSG00000181072,CHRM2,protein_coding,7,136868652,137020255,M3,4320,1711,0.001534553,0.646047378,0.00013037,0.00959693,0.185883481,0.183417965,-0.064642424,No Mediation,No Mediation,Undirected,M4,M4,47,29,29,1
1712,chr3_46318831_T_C_b38,ENSG00000160791,CCR5,protein_coding,3,46370854,46376206,ENSG00000234696,GPR50-AS1,lncRNA,X,151175192,151177836,M0,4325,1712,-0.02082183,2.42092561,-1.71E-05,0.004797313,-0.111782802,0.198393013,-0.040802092,No Mediation,Cis Mediated,Undirected,M3,M0.2,57,29,29,2
1713,chr17_42738959_T_C_b38,ENSG00000108797,CNTNAP1,protein_coding,17,42682531,42699993,ENSG00000136881,BAAT,protein_coding,9,101354182,101385400,M3,4335,1713,0.002611656,0.262192003,-0.005082273,5.441205977,0.155597459,0.271111478,0.019509192,No Mediation,No Mediation,No Mediation,M3,M3,55,38,38,3
1714,chr5_119396492_C_G_b38,ENSG00000145779,TNFAIP8,protein_coding,5,119268692,119399688,ENSG00000274367,,lncRNA,16,2981175,2981591,M3,4336,1714,-0.020739396,1.984589848,-0.000725207,0.304109855,-0.189134993,0.175706175,0.044469512,No Mediation,No Mediation,No Mediation,M3,M3,51,27,27,1
1715,chr19_56577682_C_T_b38,ENSG00000127903,ZNF835,protein_coding,19,56661980,56671783,ENSG00000213463,SYNJ2BP,protein_coding,14,70366499,70417090,M3,4339,1715,-0.000516435,0.11382764,0.005694352,0.303190267,0.177633688,-0.171552111,-0.082589608,No Mediation,No Mediation,No Mediation,M0.1,M0.1,51,33,33,3
1716,chr11_10455151_C_T_b38,ENSG00000133805,AMPD3,protein_coding,11,10308313,10507579,ENSG00000229639,LINC01758,lncRNA,1,69433255,69435409,M3,4340,1716,-0.040267263,5.079227232,2.45504968155891e-06,0.00221135,-0.143777169,0.198095768,-0.046098358,Undirected,Undirected,Undirected,M3,M3,54,18,18,2
1717,chr6_167119979_G_A_b38,ENSG00000112486,CCR6,protein_coding,6,167111807,167139696,ENSG00000185290,NUPR2,protein_coding,7,56114681,56116417,M3,4341,1717,-0.002507584,0.847460354,0.001464308,0.422724621,-0.160762098,-0.179196729,0.045192347,No Mediation,No Mediation,No Mediation,M3,M0.1,47,25,25,2
1718,chr2_151311731_G_C_b38,ENSG00000123609,NMI,protein_coding,2,151270470,151289894,ENSG00000277203,F8A1,protein_coding,X,154886349,154888061,M4,4345,1718,-0.059248576,16.00853324,0.022948378,7.39050323,0.176801983,0.204014712,0.188694208,Undirected,Undirected,Undirected,M4,M3,51,32,32,2
1719,chr22_31105995_G_A_b38,ENSG00000198832,SELENOM,protein_coding,22,31104772,31120069,ENSG00000229437,LINC00366,lncRNA,13,38567715,38622671,M3,4346,1719,0.002806163,2.744327176,-2.32E-05,0.008138714,0.17621171,0.297467232,0.023137856,No Mediation,No Mediation,No Mediation,M3,M3,58,31,31,1
1720,chr7_76294901_G_T_b38,ENSG00000106211,HSPB1,protein_coding,7,76302673,76304295,ENSG00000272516,,lncRNA,10,22332404,22332987,M0,4350,1720,57.34952677,472.2046764,0.000491386,0.083824596,-0.035742842,0.179276408,-0.027456066,No Mediation,No Mediation,No Mediation,M0.2,M0.2,62,21,21,1
1721,chr1_148273455_T_C_b38,ENSG00000263956,NBPF11,protein_coding,1,148102046,148152322,ENSG00000228437,LINC02474,lncRNA,1,221966341,221984964,M3,4354,1721,0.000247337,0.415930494,-6.96E-06,0.016793003,-0.209300602,0.196415813,-0.094696705,No Mediation,No Mediation,No Mediation,M3,M3,52,29,29,1
1722,chr4_70732771_TG_T_b38,ENSG00000018189,RUFY3,protein_coding,4,70704204,70808619,ENSG00000232229,LINC00865,lncRNA,10,89829483,89840861,M3,4358,1722,0.000138889,0.364650646,-0.000628421,0.12558859,0.126643089,0.199352543,0.017709744,No Mediation,No Mediation,No Mediation,M3,M3,48,30,30,3
1723,chrX_48481597_C_T_b38,ENSG00000068438,FTSJ1,protein_coding,X,48476021,48486364,ENSG00000060709,RIMBP2,protein_coding,12,130396137,130716281,M0,4359,1723,-0.009266232,1.340298944,-0.00026711,0.05274305,0.118741209,0.174589004,-0.020640789,No Mediation,No Mediation,No Mediation,M3,M3,51,30,30,2
1724,chr11_118241718_C_T_b38,ENSG00000160593,JAML,protein_coding,11,118193725,118225094,ENSG00000142632,ARHGEF19,protein_coding,1,16197854,16212652,M0,4362,1724,15.40504282,178.0980589,0.00331536,1.445562781,0.046354233,-0.173261264,-0.110824469,No Mediation,No Mediation,No Mediation,M0.2,M0.2,47,27,27,2
1725,chr14_81587377_G_T_b38,ENSG00000071537,SEL1L,protein_coding,14,81471547,81533853,ENSG00000138617,PARP16,protein_coding,15,65234460,65300618,M3,4363,1725,-0.047396533,2.46006128,0.004844049,1.5462098,0.144791,0.204367904,0.035647449,Cis Mediated,Cis Mediated,Undirected,M4,M3,48,34,34,2
1726,chr17_777300_A_G_b38,ENSG00000167699,GLOD4,protein_coding,17,757097,783390,ENSG00000278646,,protein_coding,X,120877496,120878924,M3,4367,1726,-0.007454759,1.25513106,2.06467870710375e-06,0.003546643,0.143466989,0.378768027,0.014791187,No Mediation,No Mediation,No Mediation,M3,M3,27,19,19,3
1727,chr14_89344738_T_C_b38,ENSG00000053254,FOXN3,protein_coding,14,89124871,89619149,ENSG00000136144,RCBTB1,protein_coding,13,49531946,49585558,M3,4373,1727,0.033601537,1.642500635,-0.001865792,1.043014684,-0.126288594,0.172669798,-0.039044131,No Mediation,No Mediation,Cis Mediated,M3,M3,52,36,36,3
1728,chr4_76210141_G_A_b38,ENSG00000138760,SCARB2,protein_coding,4,76158737,76234536,ENSG00000272797,,lncRNA,3,168927475,168927919,M0,4376,1728,-0.034279105,2.21550075,-0.000259438,0.030402769,0.034399753,0.188942263,-0.021250001,No Mediation,No Mediation,No Mediation,M3,M3,55,34,34,3
1729,chr18_658423_A_G_b38,ENSG00000176890,TYMS,protein_coding,18,657653,673578,ENSG00000128563,PRKRIP1,protein_coding,7,102363872,102426676,M3,4377,1729,-0.035388444,2.303109428,0.00189453,1.413527478,-0.214403824,0.185140204,-0.086236313,No Mediation,No Mediation,No Mediation,M3,M3,59,25,25,0
1730,chr10_133407040_CT_C_b38,ENSG00000203772,SPRN,protein_coding,10,133420666,133424572,ENSG00000171130,ATP6V0E2,protein_coding,7,149872968,149891204,M4,4383,1730,-0.004647805,0.558495268,-0.028526434,2.680287319,-0.206692545,-0.19584492,0.247991516,No Mediation,No Mediation,Undirected,M3,M3,50,35,35,3
1731,chr1_226739756_G_A_b38,ENSG00000143772,ITPKB,protein_coding,1,226631690,226739323,ENSG00000075415,SLC25A3,protein_coding,12,98593591,98606379,M2,4392,1731,0.021737524,4.579077922,-0.066992303,6.992350405,-0.115898524,0.172137848,0.195998952,Undirected,Undirected,Undirected,M4,M4,57,43,43,2
1732,chr19_45099604_C_T_b38,ENSG00000104866,PPP1R37,protein_coding,19,45091396,45148077,ENSG00000180884,ZNF792,protein_coding,19,34956354,34964229,M3,4395,1732,-0.014591217,0.865750167,-0.001239476,0.335283338,0.151202949,-0.18078629,-0.034654163,No Mediation,No Mediation,No Mediation,M3,M0.1,43,35,35,4
1733,chr2_58166701_C_T_b38,ENSG00000028116,VRK2,protein_coding,2,57907629,58159920,ENSG00000111843,TMEM14C,protein_coding,6,10722915,10731129,M3,4400,1733,0.004978345,0.710447244,0.098162926,5.99733771,-0.161296692,0.278345289,-0.070428043,No Mediation,No Mediation,No Mediation,M3,M3,57,37,37,0
1734,chr17_59287678_C_T_b38,ENSG00000153982,GDPD1,protein_coding,17,59220467,59275970,ENSG00000229263,,lncRNA,7,30796691,30803410,M3,4401,1734,-0.000971338,0.183360937,8.01118304004933e-05,0.029977216,-0.191790833,0.218789423,-0.043133364,No Mediation,No Mediation,No Mediation,M3,M3,57,30,30,1
1735,chr19_52175810_T_C_b38,ENSG00000105568,PPP2R1A,protein_coding,19,52190048,52229518,ENSG00000240563,L1TD1,protein_coding,1,62194849,62212328,M3,4407,1735,-0.09100268,4.264650137,0.000621066,0.126124487,0.142043739,0.179798184,0.026658702,No Mediation,No Mediation,No Mediation,M3,M3,49,24,24,4
1736,chr4_2829455_C_G_b38,ENSG00000087266,SH3BP2,protein_coding,4,2793071,2841098,ENSG00000261442,,lncRNA,16,4634329,4640623,M0,4410,1736,-0.156402165,10.95116162,-0.001491833,0.482339745,-0.094311626,0.262346413,0.047649585,No Mediation,Cis Mediated,Undirected,M3,M3,57,35,35,2
1737,chr15_77037329_TCTC_T_b38,ENSG00000140368,PSTPIP1,protein_coding,15,76993359,77037475,ENSG00000188056,TREML4,protein_coding,6,41228339,41238882,M2,4411,1737,0.12306655,23.32404616,0.021289141,4.662296029,0.109377417,-0.176278114,-0.11244091,No Mediation,No Mediation,Undirected,M3,M3,56,26,26,0
1738,chr1_226651254_T_C_b38,ENSG00000228382,ITPKB-IT1,lncRNA,1,226656640,226675067,ENSG00000133328,PLAAT2,protein_coding,11,63552770,63563379,M3,4412,1738,0.008963983,0.922971067,-0.000287852,0.507388121,0.196931432,0.169893667,-0.008508504,No Mediation,No Mediation,No Mediation,M3,M3,50,30,30,1
1739,chr16_249981_T_C_b38,ENSG00000167930,FAM234A,protein_coding,16,234521,272183,ENSG00000137875,BCL2L10,protein_coding,15,52109263,52112775,M3,4413,1739,0.075365633,2.27212984,-0.000685363,0.070233494,-0.180370925,0.187500849,-0.064479155,No Mediation,No Mediation,No Mediation,M3,M3,45,27,27,3
1740,chr19_48628507_A_AAG_b38,ENSG00000063176,SPHK2,protein_coding,19,48619291,48630717,ENSG00000168255,POLR2J3,protein_coding,7,102537918,102572653,M0,4414,1740,-0.008889306,0.701126076,-0.004200583,0.918447079,0.088930846,0.227222355,0.000159325,No Mediation,No Mediation,No Mediation,M3,M3,53,30,30,1
1741,chr19_51883470_G_A_b38,ENSG00000198093,ZNF649,protein_coding,19,51889235,51905040,ENSG00000283093,CENPVL2,protein_coding,X,51681212,51682831,M3,4416,1741,0.000444402,0.215351985,1.33074012622464e-05,0.001311966,-0.22583242,0.18357114,-0.05650485,No Mediation,No Mediation,No Mediation,M3,M3,52,27,27,0
1742,chr17_7592060_GTC_G_b38,ENSG00000129245,FXR2,protein_coding,17,7591230,7614897,ENSG00000111843,TMEM14C,protein_coding,6,10722915,10731129,M0,4417,1742,-0.006869896,1.90885806,0.098162926,5.99733771,-0.118407199,-0.172994038,-0.042207008,No Mediation,No Mediation,No Mediation,M0.1,M0.1,53,37,37,1
1743,chr10_118754196_G_C_b38,ENSG00000151893,CACUL1,protein_coding,10,118674167,118755249,ENSG00000136205,TNS3,protein_coding,7,47275154,47582558,M4,4418,1743,-0.009044433,1.899377276,-0.003852775,0.535731754,-0.171649008,0.188254926,-0.196017381,No Mediation,No Mediation,Undirected,M3,M3,54,42,42,3
1744,chr7_16662482_G_C_b38,ENSG00000136261,BZW2,protein_coding,7,16646131,16706523,ENSG00000116922,C1orf109,protein_coding,1,37681570,37692249,M3,4420,1744,-0.002827395,1.876762089,0.004924017,0.324783813,-0.149480403,0.178573024,0.067731974,No Mediation,No Mediation,No Mediation,M3,M3,41,33,33,2
1745,chr13_32109158_G_GAT_b38,ENSG00000073910,FRY,protein_coding,13,31846713,32299125,ENSG00000262898,,lncRNA,17,83135734,83221442,M3,4421,1745,0.002370901,1.126758149,0.00303045,0.124937981,0.171932114,0.219333133,0.03779629,No Mediation,No Mediation,No Mediation,M3,M3,45,25,25,2
1746,chr22_28336010_G_C_b38,ENSG00000100154,TTC28,protein_coding,22,27978014,28679865,ENSG00000152591,DSPP,protein_coding,4,87608529,87616873,M3,4422,1746,0.000761533,0.063783275,4.77778444495817e-06,0.004036743,-0.229039092,-0.169823008,0.059584644,No Mediation,No Mediation,No Mediation,M3,M3,43,25,25,2
1747,chr14_104660530_T_C_b38,ENSG00000256050,RP11-982M15.6,lncRNA,14,105147483,105151269,ENSG00000204510,PRAMEF7,protein_coding,1,12916610,12920482,M3,4423,1747,0.002516429,0.172678148,-3.29E-05,0.005051093,0.149202951,0.220523872,0.049147627,No Mediation,No Mediation,No Mediation,M3,M3,51,24,24,0
1748,chr19_41459593_C_T_b38,ENSG00000268027,,lncRNA,19,41545192,41555462,ENSG00000253960,,lncRNA,8,93215925,93234878,M3,4424,1748,-0.020066648,2.022065727,1.55261495154861e-05,0.003286583,-0.151686287,0.308416495,-0.046411463,No Mediation,No Mediation,No Mediation,M3,M3,51,24,24,4
1749,chr15_65693119_C_T_b38,ENSG00000138614,INTS14,protein_coding,15,65578753,65611289,ENSG00000280341,,lncRNA,22,15282557,15288670,M3,4428,1749,-0.004344268,0.665020727,6.425158996413e-06,0.00148557,-0.170022143,0.225711238,-0.050354971,No Mediation,No Mediation,No Mediation,M3,M3,49,26,26,4
1750,chr16_55535685_A_G_b38,ENSG00000261997,,lncRNA,16,55538200,55542027,ENSG00000256714,,lncRNA,12,22395088,22398075,M0,4432,1750,-0.006711481,0.926062906,0.00017821,0.063385073,0.091038809,0.237319023,0.064093295,No Mediation,No Mediation,No Mediation,M3,M3,71,37,37,1
1751,chr3_195904228_G_T_b38,ENSG00000224614,TNK2-AS1,lncRNA,3,195908076,195913986,ENSG00000168255,POLR2J3,protein_coding,7,102537918,102572653,M3,4434,1751,0.016570874,0.426296336,-0.004200583,0.918447079,0.172518455,0.299571937,0.106060707,No Mediation,No Mediation,No Mediation,M3,M3,45,27,27,2
1752,chr1_3602615_C_T_b38,ENSG00000162591,MEGF6,protein_coding,1,3487951,3611508,ENSG00000149792,MRPL49,protein_coding,11,65122183,65127371,M0,4439,1752,0.056636942,3.932816718,0.009587858,2.653595807,-0.110162566,-0.178445537,0.060462973,No Mediation,No Mediation,Undirected,M0.1,M3,47,39,39,4
1753,chr12_95878685_G_A_b38,ENSG00000139343,SNRPF,protein_coding,12,95858928,95903828,ENSG00000237087,,lncRNA,2,232420661,232421461,M3,4441,1753,-0.000198181,1.220962465,0.000126916,0.018073848,0.151157781,0.205803478,0.009174366,No Mediation,No Mediation,No Mediation,M3,M3,53,30,30,2
1754,chr2_117748769_A_G_b38,ENSG00000088205,DDX18,protein_coding,2,117814691,117832377,ENSG00000116237,ICMT,protein_coding,1,6221193,6235972,M0,4442,1754,0.007141204,1.518327351,-0.003616842,0.82113793,-0.098951662,-0.184939083,-0.015606993,No Mediation,No Mediation,No Mediation,M3,M3,55,32,32,3
1755,chr17_59199202_G_C_b38,ENSG00000167447,SMG8,protein_coding,17,59209400,59215239,ENSG00000167549,CORO6,protein_coding,17,29614756,29622912,M3,4444,1755,-0.021501165,0.852949921,0.008337907,2.855611601,0.219897483,0.175457363,0.043805899,No Mediation,No Mediation,No Mediation,M3,M3,62,36,36,0
1756,chr12_8924734_A_G_b38,ENSG00000111752,PHC1,protein_coding,12,8913896,8941467,ENSG00000272202,,lncRNA,3,57078943,57080101,M3,4450,1756,-0.001403385,0.664440194,-2.99E-05,0.010659689,0.138692069,0.19141383,0.06852585,No Mediation,No Mediation,No Mediation,M3,M0.2,51,32,32,3
1757,chr9_35559216_C_T_b38,ENSG00000198853,RUSC2,protein_coding,9,35490111,35561898,ENSG00000255332,LINC02756,lncRNA,11,91794319,91872086,M3,4453,1757,-0.009508103,0.75399278,-7.47E-06,0.003569925,-0.129060914,0.188325687,0.030970184,No Mediation,No Mediation,No Mediation,M3,M3,61,29,29,0
1758,chr16_28369704_A_C_b38,ENSG00000184110,EIF3C,protein_coding,16,28688558,28735727,ENSG00000272977,,lncRNA,22,25476218,25479971,M3,4456,1758,0.005376284,0.558617431,-0.002013343,0.344971934,0.209374945,0.204024045,0.023750622,No Mediation,No Mediation,No Mediation,M3,M3,48,31,31,0
1759,chr6_88882631_C_T_b38,ENSG00000111880,RNGTT,protein_coding,6,88609897,88963618,ENSG00000263551,,lncRNA,18,976589,1310018,M3,4457,1759,0.012316173,0.831544629,4.98647943486367e-05,0.008986606,0.140300985,0.185473317,-0.012954612,No Mediation,No Mediation,No Mediation,M3,M3,62,33,33,1
1760,chr18_75205371_AC_A_b38,ENSG00000179981,TSHZ1,protein_coding,18,75210755,75289950,ENSG00000185290,NUPR2,protein_coding,7,56114681,56116417,M0,4459,1760,-0.002566562,0.647456116,0.001464308,0.422724621,-0.094202832,-0.191595429,0.038316176,No Mediation,No Mediation,No Mediation,M3,M3,54,35,35,1
1761,chr11_8687790_G_A_b38,ENSG00000166444,DENND2B,protein_coding,11,8693351,8910951,ENSG00000111843,TMEM14C,protein_coding,6,10722915,10731129,M3,4461,1761,3.5922984773321e-05,0.080157769,0.098162926,5.99733771,0.130647942,-0.173959039,-0.018335329,No Mediation,No Mediation,No Mediation,M3,M0.1,53,29,29,1
1762,chr7_150397765_G_A_b38,ENSG00000196456,ZNF775,protein_coding,7,150368790,150398630,ENSG00000280165,PCDH20,protein_coding,13,61409685,61415522,M3,4462,1762,-0.003253106,0.877303792,0.000218004,0.013678489,0.139808693,-0.182295749,0.000235778,No Mediation,No Mediation,No Mediation,M3,M3,42,26,26,2
1763,chr19_5708140_A_G_b38,ENSG00000130255,RPL36,protein_coding,19,5674947,5691875,ENSG00000231944,PHKA1-AS1,lncRNA,X,72688950,72712348,M0,4463,1763,8.342657021,89.60963305,7.34361751127116e-05,0.010364534,-0.076878299,0.255985211,-0.067255301,No Mediation,No Mediation,No Mediation,M0.2,M3,68,35,35,1
1764,chr2_96266108_T_C_b38,ENSG00000135956,TMEM127,protein_coding,2,96248514,96265997,ENSG00000144026,ZNF514,protein_coding,2,95145000,95165413,M0,4465,1764,-0.298040791,8.295973215,0.003718784,0.633123614,0.076890344,0.171589215,0.031977228,No Mediation,No Mediation,No Mediation,M3,M3,54,31,31,1
1765,chr15_43751988_C_G_b38,ENSG00000140264,SERF2,protein_coding,15,43777087,43804427,ENSG00000204176,SYT15,protein_coding,10,46578217,46594173,M3,4468,1765,6.18120021,43.59813483,7.41734821001874e-05,0.016254928,-0.123727957,0.198713175,0.009051168,No Mediation,No Mediation,No Mediation,M3,M3,38,29,29,2
1766,chr8_144084619_C_G_b38,ENSG00000197858,GPAA1,protein_coding,8,144082590,144086216,ENSG00000274281,,lncRNA,15,38851306,38853432,M0,4469,1766,-0.116689809,9.221161689,1.28207787451744e-05,0.011355187,0.060280684,0.194790653,0.101088852,No Mediation,No Mediation,No Mediation,M0.2,M0.2,59,40,40,1
1767,chr15_81359283_A_G_b38,ENSG00000172345,STARD5,protein_coding,15,81309053,81324183,ENSG00000186930,KRTAP6-2,protein_coding,21,30598590,30598902,M3,4470,1767,-0.001565671,1.19152501,-3.35E-05,0.01053692,0.167305864,0.171957752,0.059132288,No Mediation,No Mediation,No Mediation,M3,M0.1,61,36,36,2
1768,chr1_53326326_C_G_b38,ENSG00000157193,LRP8,protein_coding,1,53242364,53328469,ENSG00000243144,,lncRNA,7,91311368,91515427,M3,4472,1768,-0.005875786,0.350758534,0.005895305,0.446310573,0.140337609,0.213895805,0.090028193,No Mediation,No Mediation,No Mediation,M3,M3,41,31,31,3
1769,chr17_35825687_G_T_b38,ENSG00000270379,HEATR9,protein_coding,17,35854946,35868891,ENSG00000272661,,lncRNA,7,151240399,151240972,M3,4475,1769,-0.007922497,0.816823579,-0.000352454,0.042336613,0.208186172,0.206374302,0.033563763,No Mediation,No Mediation,No Mediation,M3,M0.1,44,28,28,8
1770,chr1_1468856_C_T_b38,ENSG00000215915,ATAD3C,protein_coding,1,1449689,1470163,ENSG00000272824,,lncRNA,1,148358245,148358686,M3,4477,1770,0.002624887,0.181862005,0.001487469,0.669939347,0.124043804,0.278786188,-0.011968325,No Mediation,No Mediation,No Mediation,M3,M3,54,15,15,0
1771,chr2_172527557_G_A_b38,ENSG00000225205,,lncRNA,2,172480840,172556596,ENSG00000137080,IFNA21,protein_coding,9,21165637,21166660,M3,4482,1771,0.009700454,0.437276139,-0.000125971,0.023817717,-0.189136609,0.205188445,-0.002903869,No Mediation,No Mediation,No Mediation,M3,M3,48,22,22,1
1772,chr1_84473776_T_C_b38,ENSG00000117151,CTBS,protein_coding,1,84549611,84574480,ENSG00000172724,CCL19,protein_coding,9,34689570,34691276,M3,4483,1772,-0.011584323,4.033591369,-0.037665835,2.114106388,-0.151701566,0.239878224,-0.064437534,No Mediation,No Mediation,No Mediation,M3,M3,58,30,30,1
1773,chr7_66081075_C_T_b38,ENSG00000126522,ASL,protein_coding,7,66075800,66094697,ENSG00000273582,,lncRNA,16,29225594,29226348,M0,4486,1773,-0.031028933,5.165260838,0.000520111,0.14017067,0.122836018,-0.178981154,-0.028447908,No Mediation,No Mediation,No Mediation,M3,M3,53,29,29,3
1774,chr17_42717416_G_A_b38,ENSG00000141699,RETREG3,protein_coding,17,42579513,42610623,ENSG00000130950,NUTM2F,protein_coding,9,94318196,94328644,M4,4487,1774,0.033468731,3.91831861,8.03959219166557e-05,0.017110787,0.222798789,0.334843179,0.154866063,Cis Mediated,Undirected,Undirected,M4,M3,49,32,32,0
1775,chr3_156598903_A_T_b38,ENSG00000114850,SSR3,protein_coding,3,156539553,156555149,ENSG00000105948,TTC26,protein_coding,7,139133744,139191986,M3,4489,1775,0.013253901,3.626591693,0.002683024,0.658496597,-0.154649429,0.171118852,0.004651287,No Mediation,Trans Mediated,Undirected,M4,M0.1,56,35,35,3
1776,chr9_61221821_T_TA_b38,ENSG00000275676,,lncRNA,9,61229913,61231863,ENSG00000275649,,lncRNA,9,42231811,42354454,M4,4490,1776,-0.000568029,0.231632741,0.000181871,0.127233118,0.216108825,0.39843348,0.3325986,Undirected,Undirected,Undirected,M1.2,M1.2,51,19,19,0
1777,chr1_145927447_C_T_b38,ENSG00000265241,RBM8A,protein_coding,1,145917714,145927678,ENSG00000180532,ZSCAN4,protein_coding,19,57651476,57679152,M3,4492,1777,0.074920614,2.775241186,0.000253385,0.132938407,-0.157121961,0.242696537,-0.014234396,No Mediation,No Mediation,No Mediation,M3,M3,53,37,37,1
1778,chr17_4983477_A_G_b38,ENSG00000108528,SLC25A11,protein_coding,17,4937130,4940053,ENSG00000105879,CBLL1,protein_coding,7,107743949,107761667,M0,4498,1778,-0.101218985,7.932591232,0.020797334,0.902110373,0.102047331,0.179276371,0.031286666,No Mediation,No Mediation,No Mediation,M3,M3,49,35,35,4
1779,chr20_25061351_C_G_b38,ENSG00000154930,ACSS1,protein_coding,20,25006230,25058980,ENSG00000264080,,lncRNA,18,1780329,1782064,M0,4506,1779,0.004645545,1.155336023,2.7573717842466e-05,0.00833787,-0.096456076,0.433836648,-0.067906024,No Mediation,No Mediation,No Mediation,M0.2,M0.2,52,25,25,2
1780,chr1_175186071_T_G_b38,ENSG00000235750,KIAA0040,protein_coding,1,175156986,175192999,ENSG00000178394,HTR1A,protein_coding,5,63957874,63962507,M3,4508,1780,-0.144389848,18.77576181,3.11708930297103e-05,0.007427619,-0.153216268,-0.170520507,-0.017151343,No Mediation,No Mediation,No Mediation,M3,M3,51,31,31,0
1781,chr1_247887936_C_CT_b38,ENSG00000177462,OR2T8,protein_coding,1,247920252,247923152,ENSG00000230525,LINC01799,lncRNA,2,66904436,66971462,M3,4510,1781,0.008376098,0.191743758,2.04831639112216e-05,0.005205083,-0.163281288,-0.20069577,-0.025977859,No Mediation,No Mediation,No Mediation,M3,M3,46,23,23,2
1782,chr3_184019094_G_A_b38,ENSG00000161202,DVL3,protein_coding,3,184155377,184173614,ENSG00000254682,,lncRNA,11,71448674,71452157,M3,4511,1782,-0.049044337,3.053987063,0.126791357,5.128549862,-0.153289911,-0.179829773,-0.149894035,Cis Mediated,Undirected,Undirected,M4,M4,50,31,31,5
1783,chr2_233352233_T_C_b38,ENSG00000077044,DGKD,protein_coding,2,233354494,233472104,ENSG00000242498,ARPIN,protein_coding,15,89895006,89912952,M0,4512,1783,0.078540861,9.744680946,-0.003705276,0.734035534,0.110521192,0.171071735,-0.004350636,No Mediation,No Mediation,No Mediation,M3,M3,58,33,33,0
1784,chr14_93330065_T_C_b38,ENSG00000011114,BTBD7,protein_coding,14,93237550,93333092,ENSG00000231092,,lncRNA,2,216259595,216266130,M0,4513,1784,0.001262015,0.323036755,-1.17E-05,0.008401122,-0.111381519,0.171169363,0.041925911,No Mediation,No Mediation,No Mediation,M3,M3,50,26,26,3
1785,chr19_12365764_G_GC_b38,ENSG00000198342,ZNF442,protein_coding,19,12345944,12365905,ENSG00000149806,FAU,protein_coding,11,65120630,65122177,M3,4517,1785,-0.001024797,0.106093735,12.37100812,105.3277753,-0.129448972,0.183752878,0.025841243,No Mediation,No Mediation,No Mediation,M3,M3,61,36,36,1
1786,chr7_23607897_A_G_b38,ENSG00000169193,CCDC126,protein_coding,7,23597382,23644708,ENSG00000160307,S100B,protein_coding,21,46598604,46605208,M3,4519,1786,0.019471783,0.862034309,0.01329112,9.314825228,0.154248231,0.176981457,0.063575734,No Mediation,No Mediation,No Mediation,M3,M3,48,28,28,1
1787,chr3_183631222_T_G_b38,ENSG00000114796,KLHL24,protein_coding,3,183635610,183684519,ENSG00000237290,LINC01343,lncRNA,1,38209034,38214806,M0,4520,1787,-0.011166829,2.463075447,-0.000120253,0.024601902,-0.092072481,0.184999051,-0.076915618,No Mediation,No Mediation,No Mediation,M0.2,M0.2,40,31,31,4
1788,chr3_12796583_C_T_b38,ENSG00000144712,CAND2,protein_coding,3,12796472,12871916,ENSG00000111843,TMEM14C,protein_coding,6,10722915,10731129,M0,4522,1788,-0.000701503,0.261087547,0.098162926,5.99733771,0.105558514,0.271553703,0.063436901,No Mediation,No Mediation,No Mediation,M3,M3,54,41,41,2
1789,chr9_124796759_C_T_b38,ENSG00000148200,NR6A1,protein_coding,9,124517275,124771311,ENSG00000182534,MXRA7,protein_coding,17,76672551,76711004,M3,4523,1789,-0.002979148,0.853519197,0.027284194,4.160468528,-0.182396055,0.184256216,-0.053781361,Cis Mediated,Undirected,Undirected,M3,M0.1,54,29,29,0
1790,chr1_22636557_G_A_b38,ENSG00000173372,C1QA,protein_coding,1,22636628,22639678,ENSG00000253834,,lncRNA,8,61821481,61825252,M0,4525,1790,1.604010208,108.4936215,-1.96E-05,0.005396494,-0.108273826,0.215806618,-0.034243625,No Mediation,No Mediation,No Mediation,M0.2,M0.2,55,34,34,3
1791,chr22_31815426_A_C_b38,ENSG00000100150,DEPDC5,protein_coding,22,31753867,31908033,ENSG00000160284,SPATC1L,protein_coding,21,46161148,46184476,M4,4528,1791,-0.007359741,0.542943144,0.021957432,1.42883176,-0.205627042,-0.186949608,0.122351423,No Mediation,No Mediation,No Mediation,M3,M3,48,34,34,3
1792,chr6_31730180_C_G_b38,ENSG00000213722,DDAH2,protein_coding,6,31727038,31730617,ENSG00000204632,HLA-G,protein_coding,6,29826967,29831125,M0,4530,1792,0.109047323,36.11938088,0.175903993,11.68566131,-0.060267464,0.257480904,-0.08367017,No Mediation,No Mediation,No Mediation,M0.2,M0.2,48,30,30,1
1793,chr19_16325451_T_C_b38,ENSG00000127528,KLF2,protein_coding,19,16324826,16328685,ENSG00000188070,C11orf95,protein_coding,11,63759892,63768775,M0,4535,1793,16.61260055,173.1042625,0.00091012,0.175921273,-0.10684365,-0.187017521,0.061850243,No Mediation,No Mediation,No Mediation,M3,M3,51,31,31,2
1794,chr16_56464599_G_T_b38,ENSG00000087263,OGFOD1,protein_coding,16,56451521,56479104,ENSG00000260306,,lncRNA,16,21794095,21795759,M3,4539,1794,-0.001987728,0.494953787,0.000795388,0.280426483,-0.238402184,-0.170689041,0.081590915,No Mediation,No Mediation,No Mediation,M3,M3,51,36,36,2
1795,chr7_152787352_T_G_b38,ENSG00000133627,ACTR3B,protein_coding,7,152759749,152855378,ENSG00000137267,TUBB2A,protein_coding,6,3153497,3157544,M3,4541,1795,0.00484796,0.502402593,0.725591691,12.0861568,-0.200884006,-0.225476837,0.089684239,No Mediation,No Mediation,No Mediation,M3,M3,37,25,25,0
1796,chr17_81723166_G_A_b38,ENSG00000183048,SLC25A10,protein_coding,17,81712236,81721016,ENSG00000269364,LINC01233,lncRNA,19,22532626,22533494,M3,4544,1796,-0.013741402,0.687173126,0.000144657,0.008191295,-0.142533172,0.203861676,-0.056965344,No Mediation,No Mediation,No Mediation,M3,M3,36,21,21,1
1797,chr22_50194619_T_G_b38,ENSG00000073150,PANX2,protein_coding,22,50170731,50180295,ENSG00000205327,OR6C68,protein_coding,12,55492378,55493316,M3,4545,1797,0.008792003,7.790956409,4.57199459805139e-05,0.021569592,0.199748668,0.175672767,0.088566932,No Mediation,No Mediation,No Mediation,M3,M3,48,20,20,1
1798,chr12_9716675_A_G_b38,ENSG00000256582,LINC02390,lncRNA,12,9704077,9709350,ENSG00000265808,SEC22B,protein_coding,1,120150898,120176520,M3,4546,1798,0.006084188,0.802720137,-0.004626938,2.131205028,0.164435683,-0.193401297,0.007251394,No Mediation,No Mediation,Undirected,M3,M3,58,38,38,1
1799,chr16_23698839_T_C_b38,ENSG00000166851,PLK1,protein_coding,16,23677656,23690367,ENSG00000213145,CRIP1,protein_coding,14,105486317,105488947,M0,4547,1799,-0.017553991,2.390473718,0.755361951,34.30793214,0.016699741,0.221715919,-0.077192137,No Mediation,No Mediation,No Mediation,M0.2,M0.2,53,30,30,1
1800,chr20_45021828_A_G_b38,ENSG00000101109,STK4,protein_coding,20,44966479,45080021,ENSG00000228108,SPTBN1-AS1,lncRNA,2,54516048,54540697,M0,4551,1800,-0.029829465,5.308662967,8.90182102283241e-05,0.014481117,0.083637517,0.201392461,-0.033903197,No Mediation,No Mediation,No Mediation,M3,M3,59,29,29,2
1801,chr22_29794440_C_T_b38,ENSG00000100325,ASCC2,protein_coding,22,29788609,29838304,ENSG00000168255,POLR2J3,protein_coding,7,102537918,102572653,M0,4553,1801,3.412546235,26.77261384,-0.004200583,0.918447079,0.090798824,0.236403608,0.023352791,No Mediation,No Mediation,No Mediation,M3,M3,45,26,26,2
1802,chr2_218145423_C_T_b38,ENSG00000163464,CXCR1,protein_coding,2,218162841,218166962,ENSG00000031691,CENPQ,protein_coding,6,49463370,49493107,M0,4557,1802,535.7327783,695.2677049,0.001447521,0.37273191,-0.089905527,-0.196646167,0.009169663,No Mediation,No Mediation,No Mediation,M0.2,M0.2,56,33,33,1
1803,chr1_229029741_C_A_b38,ENSG00000116574,RHOU,protein_coding,1,228735479,228746664,ENSG00000227518,MIR1302-9HG,lncRNA,9,27657,30891,M0,4558,1803,-0.008382064,2.573190219,-0.000145029,0.027662082,-0.119301245,-0.171190586,0.049745736,No Mediation,No Mediation,No Mediation,M3,M0.2,47,21,21,1
1804,chr19_18926244_T_C_b38,ENSG00000105671,DDX49,protein_coding,19,18919705,18929189,ENSG00000196497,IPO4,protein_coding,14,24180219,24188869,M0,4560,1804,0.093061221,3.611492436,-0.006010279,1.151168864,-0.08232159,0.170466844,-0.030653444,No Mediation,No Mediation,No Mediation,M3,M3,53,39,39,3
1805,chr22_38717129_G_A_b38,ENSG00000100242,SUN2,protein_coding,22,38734725,38794143,ENSG00000104237,RP1,protein_coding,8,54509422,54871720,M0,4563,1805,-0.699189285,28.39348526,8.65547266204966e-07,0.005550947,-0.057085784,0.170929992,-0.017368127,No Mediation,No Mediation,No Mediation,M0.2,M0.2,57,28,28,0
1806,chr11_66841818_C_T_b38,ENSG00000173653,RCE1,protein_coding,11,66842835,66846552,ENSG00000174928,C3orf33,protein_coding,3,155762617,155806278,M3,4564,1806,-0.008063471,1.981311136,0.000214178,0.252972546,-0.175221284,0.173123817,0.070422579,No Mediation,No Mediation,No Mediation,M3,M3,49,28,28,1
1807,chr2_182970719_T_C_b38,ENSG00000061676,NCKAP1,protein_coding,2,182909115,183038858,ENSG00000131944,FAAP24,protein_coding,19,32972209,32978229,M0,4565,1807,0.00149895,0.148938909,-0.003396965,0.580312284,-0.046528299,-0.231716388,-0.051791497,No Mediation,No Mediation,No Mediation,M3,M3,44,24,24,6
1808,chr18_11917842_G_C_b38,ENSG00000255112,CHMP1B,protein_coding,18,11851413,11854444,ENSG00000227681,,lncRNA,6,147660703,147953937,M3,4572,1808,0.012656761,7.36517328,-6.81E-05,0.013533075,-0.131654532,0.183216153,-0.006725226,No Mediation,No Mediation,No Mediation,M3,M0.1,46,33,33,5
1809,chr6_116140475_C_T_b38,ENSG00000178425,NT5DC1,protein_coding,6,116100851,116249497,ENSG00000272541,,lncRNA,6,57855891,57856468,M3,4577,1809,0.000310974,0.381376011,-0.000714335,0.177171549,-0.134931136,0.170806549,-0.031749617,No Mediation,No Mediation,No Mediation,M3,M3,47,35,35,2
1810,chr19_54153332_T_C_b38,ENSG00000088038,CNOT3,protein_coding,19,54137749,54155681,ENSG00000063438,AHRR,protein_coding,5,321714,438291,M0,4580,1810,-0.048775911,3.282258938,-0.00124734,0.470127394,-0.094995003,-0.18517856,0.07935418,No Mediation,No Mediation,No Mediation,M3,M3,54,30,30,2
1811,chr11_8560831_G_A_b38,ENSG00000130413,STK33,protein_coding,11,8391868,8594289,ENSG00000228528,,lncRNA,2,104702650,104705813,M4,4585,1811,-0.000207192,0.070749421,6.07726546584319e-05,0.012436534,0.214137695,0.205815329,0.148670824,No Mediation,No Mediation,Cis Mediated,M4,M4,53,16,16,0
1812,chr12_13049085_C_G_b38,ENSG00000084444,FAM234B,protein_coding,12,13044381,13142521,ENSG00000172732,MUS81,protein_coding,11,65857126,65867653,M3,4586,1812,-0.000512454,0.232187671,-0.081472539,3.026186745,-0.152240579,0.179907751,-0.073301825,No Mediation,No Mediation,No Mediation,M3,M3,45,34,34,3
1813,chr3_183207445_T_G_b38,ENSG00000176597,B3GNT5,protein_coding,3,183253253,183298504,ENSG00000258131,,lncRNA,12,96985656,97185609,M0,4587,1813,0.014356908,4.773905814,9.81410921667702e-06,0.007163919,0.028013985,0.228224768,0.005185384,No Mediation,No Mediation,No Mediation,M0.2,M0.2,61,42,42,4
1814,chr10_73102502_C_T_b38,ENSG00000272630,,lncRNA,10,73098044,73101297,ENSG00000224363,,lncRNA,1,144641371,144919902,M3,4589,1814,-2.09E-05,0.170099065,6.53514800378888e-05,0.008231937,-0.161608666,0.307817347,-0.103938519,No Mediation,No Mediation,No Mediation,M3,M3,55,28,28,1
1815,chr20_32733991_C_T_b38,ENSG00000149600,COMMD7,protein_coding,20,32702699,32743467,ENSG00000260509,,lncRNA,13,25300124,25301438,M0,4591,1815,0.010496266,3.105962778,9.32069661255592e-05,0.056640407,0.096425147,0.182249284,-0.000471576,No Mediation,No Mediation,No Mediation,M3,M3,51,31,31,1
1816,chr16_30387087_T_C_b38,ENSG00000198064,NPIPB13,protein_coding,16,30222937,30254510,ENSG00000243716,NPIPB5,protein_coding,16,22479121,22536521,M3,4593,1816,0.002900435,0.329710916,0.024321904,1.337781124,0.204639747,-0.219468863,0.079586076,No Mediation,No Mediation,No Mediation,M3,M3,45,27,27,0
1817,chr5_140679308_C_T_b38,ENSG00000113119,TMCO6,protein_coding,5,140639435,140645408,ENSG00000264272,,lncRNA,17,74256896,74262020,M3,4595,1817,-0.020104338,2.819504441,0.001743564,0.156214718,0.128879948,0.178147996,0.027118148,No Mediation,No Mediation,No Mediation,M3,M3,53,30,30,3
1818,chr5_140677950_G_A_b38,ENSG00000170445,HARS1,protein_coding,5,140673035,140691537,ENSG00000265174,,lncRNA,18,6557822,6558654,M3,4596,1818,-0.008389892,1.116115347,5.47023346439006e-06,0.003706817,0.153558102,0.244258308,0.031578136,No Mediation,No Mediation,No Mediation,M3,M3,56,22,22,1
1819,chr5_54589753_A_T_b38,ENSG00000178996,SNX18,protein_coding,5,54517759,54546586,ENSG00000168255,POLR2J3,protein_coding,7,102537918,102572653,M3,4597,1819,-0.081225543,7.055174721,-0.004200583,0.918447079,0.129403167,-0.187243728,-0.033022278,No Mediation,No Mediation,No Mediation,M3,M0.2,56,41,41,1
1820,chr15_69796516_C_T_b38,ENSG00000259703,LINC00593,lncRNA,15,70127573,70135459,ENSG00000226771,,lncRNA,21,21223295,21226829,M3,4599,1820,0.010097063,0.482896631,-1.03E-05,0.016169751,0.225469382,0.31216291,0.079010222,No Mediation,No Mediation,No Mediation,M3,M3,38,36,36,4
1821,chr17_68295121_TGAG_T_b38,ENSG00000108932,SLC16A6,protein_coding,17,68267026,68291267,ENSG00000257256,,lncRNA,12,50219604,50229984,M3,4603,1821,-0.063939779,5.367771693,0.000218466,0.03715781,0.129832093,0.171832049,0.036083746,No Mediation,No Mediation,No Mediation,M3,M3,50,30,30,1
1822,chr5_456093_G_A_b38,ENSG00000188242,PP7080,lncRNA,5,466124,473098,ENSG00000256197,TSPAN9-IT1,lncRNA,12,3149797,3151476,M3,4605,1822,0.001522814,0.433047842,3.31820530275885e-05,0.004568664,0.170523931,0.189869899,0.004465972,No Mediation,No Mediation,No Mediation,M3,M3,46,16,16,0
1823,chr12_131827447_G_A_b38,ENSG00000198598,MMP17,protein_coding,12,131828393,131851783,ENSG00000257268,,lncRNA,12,110831779,110845963,M3,4606,1823,0.001848121,1.595463576,-0.00013185,0.017477291,-0.153459923,0.242319326,-0.062507876,No Mediation,No Mediation,No Mediation,M3,M3,44,23,23,1
1824,chr6_131099900_A_G_b38,ENSG00000079819,EPB41L2,protein_coding,6,130839347,131063322,ENSG00000259721,,lncRNA,15,32717270,32719007,M0,4609,1824,-0.003037441,0.505000951,-0.00011256,0.012989172,0.106820208,0.17132761,0.036719497,No Mediation,No Mediation,No Mediation,M3,M3,55,32,32,2
1825,chr3_197545813_C_T_b38,ENSG00000161267,BDH1,protein_coding,3,197509783,197573323,ENSG00000111843,TMEM14C,protein_coding,6,10722915,10731129,M3,4610,1825,2.94952695049457e-05,0.61710692,0.098162926,5.99733771,0.16239254,0.179439961,0.032427505,Undirected,Undirected,Undirected,M4,M3,48,38,38,1
1826,chr4_11436969_AAAC_A_b38,ENSG00000002587,HS3ST1,protein_coding,4,11393150,11429564,ENSG00000178764,ZHX2,protein_coding,8,122781655,122974510,M3,4611,1826,-0.000998768,0.102912515,0.087000695,4.642256981,-0.182922499,-0.178573569,-0.015779665,No Mediation,No Mediation,No Mediation,M3,M3,59,42,42,2
1827,chr10_5631565_G_A_b38,ENSG00000196372,ASB13,protein_coding,10,5638867,5666595,ENSG00000234396,,lncRNA,1,2212523,2220738,M0,4618,1827,0.011450228,1.14139332,1.05861478846576e-05,0.0823627,0.087638404,0.191633188,0.009987425,No Mediation,No Mediation,No Mediation,M0.2,M0.2,44,20,20,2
1828,chr8_123219268_C_T_b38,ENSG00000189376,C8orf76,protein_coding,8,123219967,123241377,ENSG00000235497,,lncRNA,2,23375229,23381299,M3,4620,1828,-0.043216842,1.740107242,7.44146366524723e-06,0.002014088,-0.188640133,0.352340357,-0.076213341,No Mediation,No Mediation,No Mediation,M3,M3,42,24,24,3
1829,chr9_101404040_G_A_b38,ENSG00000136870,ZNF189,protein_coding,9,101398851,101410660,ENSG00000223597,LINC02142,lncRNA,5,7373115,7391907,M3,4621,1829,0.006962521,0.559881978,6.47519545499386e-05,0.01121617,0.24208853,0.228259683,0.029452336,No Mediation,No Mediation,No Mediation,M3,M3,53,31,31,1
1830,chr7_98330644_A_G_b38,ENSG00000164713,BRI3,protein_coding,7,98252379,98310441,ENSG00000170632,ARMC10,protein_coding,7,103074881,103099759,M0,4622,1830,0.34613526,18.82307158,-0.0016035,1.26149962,-0.090735769,-0.178011944,0.055356808,No Mediation,No Mediation,No Mediation,M0.2,M0.2,54,38,38,4
1831,chr8_141436524_C_T_b38,ENSG00000271959,,lncRNA,8,141434545,141437954,ENSG00000111843,TMEM14C,protein_coding,6,10722915,10731129,M3,4623,1831,0.001356494,0.114001586,0.098162926,5.99733771,0.232557925,0.183808694,0.078279927,No Mediation,No Mediation,No Mediation,M3,M3,52,31,31,0
1832,chr4_39036323_T_C_b38,ENSG00000121895,TMEM156,protein_coding,4,38966744,39032922,ENSG00000263388,,lncRNA,17,10680734,10683988,M0,4625,1832,-0.00574633,0.981086916,-0.000108117,0.043730608,-0.113664337,0.250652454,0.035092185,No Mediation,No Mediation,No Mediation,M3,M3,48,30,30,4
1833,chr3_171788908_C_T_b38,ENSG00000075651,PLD1,protein_coding,3,171600404,171810950,ENSG00000231243,,lncRNA,3,38823902,38825302,M3,4628,1833,-0.001357173,0.335392967,-7.73E-05,0.015220889,-0.140995089,-0.171267363,0.036438589,No Mediation,No Mediation,No Mediation,M3,M3,42,18,18,1
1834,chr15_34211959_A_G_b38,ENSG00000134152,KATNBL1,protein_coding,15,34140674,34210096,ENSG00000101605,MYOM1,protein_coding,18,3066807,3219968,M0,4630,1834,0.003758273,4.033004118,0.002055413,1.092784519,-0.113626852,-0.178761373,-0.05918122,No Mediation,No Mediation,No Mediation,M3,M3,59,35,35,2
1835,chr14_74320299_C_A_b38,ENSG00000258559,,lncRNA,14,74289127,74294425,ENSG00000277203,F8A1,protein_coding,X,154886349,154888061,M3,4631,1835,-0.000832065,0.603332277,0.022948378,7.39050323,0.149061906,0.19030049,-0.011585406,No Mediation,No Mediation,No Mediation,M3,M3,49,31,31,2
1836,chrX_2928976_T_C_b38,ENSG00000006756,ARSD,protein_coding,X,2903972,2929349,ENSG00000259867,,lncRNA,16,80154979,80563354,M3,4637,1836,0.008392173,1.170648073,-7.16E-05,0.007779103,0.156437096,-0.170321567,-0.000413718,No Mediation,No Mediation,No Mediation,M3,M3,44,24,24,1
1837,chr14_63578989_G_A_b38,ENSG00000054654,SYNE2,protein_coding,14,63761899,64226433,ENSG00000273119,,lncRNA,18,11390033,11390729,M0,4642,1837,-0.01294852,1.255675721,-5.64E-05,0.0044149,-0.109514049,0.284976177,-0.059181145,No Mediation,No Mediation,No Mediation,M3,M0.2,56,34,34,3
1838,chr5_65731966_A_G_b38,ENSG00000197860,SGTB,protein_coding,5,65665928,65723035,ENSG00000254874,,lncRNA,11,92965797,92966603,M3,4644,1838,-0.024384475,2.352046037,-3.33E-05,0.011082095,0.152261803,0.180567415,0.055487867,No Mediation,No Mediation,No Mediation,M3,M0.1,51,30,30,3
1839,chr9_35656677_G_A_b38,ENSG00000137135,ARHGEF39,protein_coding,9,35658875,35675866,ENSG00000180767,CHST13,protein_coding,3,126524155,126543291,M3,4649,1839,-0.002997518,0.416123019,-0.040271084,10.77771472,0.186452348,-0.177959353,0.005207451,No Mediation,No Mediation,No Mediation,M3,M3,52,29,29,0
1840,chr2_68824188_G_A_b38,ENSG00000163219,ARHGAP25,protein_coding,2,68679601,68826833,ENSG00000273257,,lncRNA,4,55373637,55388497,M0,4657,1840,-0.076875189,17.82489293,-0.000882143,0.168271877,-0.106204103,-0.178736433,0.049275934,No Mediation,No Mediation,No Mediation,M3,M3,46,22,22,1
1841,chr8_104532632_C_T_b38,ENSG00000147650,LRP12,protein_coding,8,104489231,104589258,ENSG00000111843,TMEM14C,protein_coding,6,10722915,10731129,M4,4658,1841,-3.03E-05,0.142329892,0.098162926,5.99733771,-0.160344738,0.190300253,-0.119748689,No Mediation,No Mediation,No Mediation,M3,M3,53,39,39,1
1842,chr4_8391674_C_A_b38,ENSG00000087008,ACOX3,protein_coding,4,8366282,8440723,ENSG00000280267,PRAMEF26,protein_coding,1,13148905,13155961,M3,4660,1842,-0.00888107,0.777664345,-1.09E-05,0.002044765,0.189273182,0.186416249,0.03712586,No Mediation,No Mediation,No Mediation,M3,M3,56,28,28,1
1843,chr3_15562882_A_G_b38,ENSG00000131373,HACL1,protein_coding,3,15560699,15601852,ENSG00000257453,,lncRNA,12,76030494,76031378,M0,4661,1843,-0.000305663,1.223466137,-0.000445564,0.112499716,-0.0968305,0.310538966,-0.102838703,No Mediation,No Mediation,No Mediation,M0.2,M3,56,31,31,3
1844,chr2_189739054_C_T_b38,ENSG00000064933,PMS1,protein_coding,2,189784085,189877629,ENSG00000250968,LINC02382,lncRNA,4,170742469,170743718,M3,4663,1844,0.000237444,0.219746896,-5.34E-05,0.005542787,0.168014216,0.193621553,0.031498363,No Mediation,No Mediation,No Mediation,M3,M3,56,32,32,2
1845,chr10_30440774_C_A_b38,ENSG00000107968,MAP3K8,protein_coding,10,30434021,30461833,ENSG00000228836,CT45A5,protein_coding,X,135777130,135785298,M3,4664,1845,-0.004225802,15.34229741,-1.99E-06,0.001379454,0.184279949,0.247294792,0.102241783,No Mediation,No Mediation,No Mediation,M3,M3,61,27,27,2
1846,chr16_88736065_C_T_b38,ENSG00000103335,PIEZO1,protein_coding,16,88715338,88785220,ENSG00000147804,SLC39A4,protein_coding,8,144409742,144416844,M0,4666,1846,-0.053044075,4.172186169,0.012227864,0.91281229,0.118519541,0.185344194,0.04482911,No Mediation,No Mediation,Undirected,M3,M3,54,35,35,1
1847,chr1_158250501_T_C_b38,ENSG00000158477,CD1A,protein_coding,1,158254424,158258269,ENSG00000174417,TRHR,protein_coding,8,109086585,109121565,M0,4667,1847,-0.071153949,20.96099115,-5.65E-05,0.010054398,-0.023810539,0.188099623,-0.006680136,No Mediation,No Mediation,No Mediation,M0.2,M0.2,63,12,12,0
1848,chr2_37139545_T_C_b38,ENSG00000008869,HEATR5B,protein_coding,2,36968383,37084372,ENSG00000232790,LINC01162,lncRNA,7,20835376,21023362,M3,4668,1848,-0.00133802,0.871285458,9.0068779131153e-06,0.002443367,-0.147705258,0.265155841,-0.004731148,No Mediation,No Mediation,No Mediation,M3,M0.1,38,28,28,6
1849,chr11_65597606_T_C_b38,ENSG00000173338,KCNK7,protein_coding,11,65592836,65595996,ENSG00000255599,,lncRNA,11,115628065,115629743,M0,4669,1849,-0.001979892,1.71989665,-1.67E-05,0.010868236,-0.118619195,0.209915686,-0.047648151,No Mediation,No Mediation,No Mediation,M3,M3,53,27,27,0
1850,chr13_49728472_T_A_b38,ENSG00000102753,KPNA3,protein_coding,13,49699320,49792682,ENSG00000263618,,lncRNA,18,14903580,14915628,M0,4671,1850,-0.000687669,1.025452777,4.11419883920332e-05,0.008718223,-0.11045203,0.217123737,-0.023854081,No Mediation,No Mediation,No Mediation,M3,M3,53,30,30,3
1851,chr5_69299757_C_T_b38,ENSG00000134058,CDK7,protein_coding,5,69234795,69277430,ENSG00000145736,GTF2H2,protein_coding,5,71032670,71067689,M3,4675,1851,-0.015823204,1.23967944,-0.013255075,0.597368313,0.197367397,0.175728124,0.09209268,Cis Mediated,Cis Mediated,Undirected,M4,M3,46,25,25,1
1852,chr22_50182079_C_T_b38,ENSG00000273188,,lncRNA,22,50191724,50192402,ENSG00000260957,,lncRNA,15,62284190,62285006,M0,4679,1852,-0.049710068,2.684257147,3.79147138938715e-05,0.005889233,0.120703143,0.225185283,0.023479233,No Mediation,No Mediation,No Mediation,M3,M3,50,25,25,3
1853,chr1_241532492_T_C_b38,ENSG00000117009,KMO,protein_coding,1,241532134,241595642,ENSG00000268618,,lncRNA,19,8549506,8550139,M3,4683,1853,-0.000744293,0.281574199,-0.025275247,3.119257219,-0.192392281,0.287306997,-0.021979992,No Mediation,No Mediation,No Mediation,M3,M3,63,34,34,0
1854,chr16_31084843_G_C_b38,ENSG00000151006,PRSS53,protein_coding,16,31083425,31089628,ENSG00000131238,PPT1,protein_coding,1,40072710,40097260,M3,4688,1854,-0.016772703,0.702565734,0.972121945,95.4271785,-0.1449568,-0.181461012,0.010701182,No Mediation,No Mediation,No Mediation,M3,M0.1,60,33,33,0
1855,chr2_135388929_T_A_b38,ENSG00000121988,ZRANB3,protein_coding,2,135136916,135531218,ENSG00000163531,NFASC,protein_coding,1,204828651,205022822,M3,4689,1855,0.000499204,0.066049205,0.000559849,0.05956316,-0.190419021,0.188078291,-0.007068645,No Mediation,No Mediation,Trans Mediated,M3,M3,44,21,21,1
1856,chr6_105402837_A_G_b38,ENSG00000085377,PREP,protein_coding,6,105273218,105454062,ENSG00000272137,,lncRNA,6,79561132,79561602,M3,4690,1856,-0.012852265,1.118611986,-0.000221363,0.055212716,-0.196069214,0.172921094,-0.081921617,No Mediation,No Mediation,No Mediation,M3,M0.1,56,31,31,2
1857,chr7_150692589_G_C_b38,ENSG00000106560,GIMAP2,protein_coding,7,150685697,150693641,ENSG00000111843,TMEM14C,protein_coding,6,10722915,10731129,M3,4691,1857,0.200338295,16.31746698,0.098162926,5.99733771,-0.148118036,0.245672731,-0.034603278,No Mediation,No Mediation,No Mediation,M3,M3,65,35,35,0
1858,chr13_112874983_T_C_b38,ENSG00000068650,ATP11A,protein_coding,13,112690038,112887168,ENSG00000137267,TUBB2A,protein_coding,6,3153497,3157544,M3,4695,1858,0.003229896,3.317924975,0.725591691,12.0861568,-0.140072183,-0.34066004,0.084528343,No Mediation,No Mediation,No Mediation,M3,M3,47,32,32,5
1859,chr14_93108721_T_G_b38,ENSG00000100605,ITPK1,protein_coding,14,92936914,93116320,ENSG00000235198,,lncRNA,10,117562084,117572457,M0,4697,1859,0.076407468,13.60374917,1.36188634498005e-06,0.002105264,-0.097293358,0.32272231,-0.006884622,No Mediation,No Mediation,No Mediation,M0.2,M0.2,40,25,25,8
1860,chr12_42008540_C_T_b38,ENSG00000151233,GXYLT1,protein_coding,12,42081845,42144874,ENSG00000180574,EIF2S3B,protein_coding,12,10505602,10523135,M3,4699,1860,-0.002243974,0.298434531,0.002633418,0.477466611,-0.157748944,0.188763047,-0.015747227,No Mediation,No Mediation,No Mediation,M3,M3,40,24,24,3
1861,chr13_78661409_A_G_b38,ENSG00000152193,OBI1,protein_coding,13,78614289,78659155,ENSG00000115042,FAHD2A,protein_coding,2,95402708,95416616,M4,4701,1861,0.001550663,0.503282222,0.000517801,0.435352761,-0.203615199,0.176617342,-0.12196696,No Mediation,No Mediation,No Mediation,M3,M3,54,33,33,1
1862,chr6_70540230_G_A_b38,ENSG00000154079,SDHAF4,protein_coding,6,70566917,70589569,ENSG00000105499,PLA2G4C,protein_coding,19,48047843,48110817,M3,4703,1862,0.005015979,0.576164274,0.002423096,0.456674738,-0.209503609,0.189259646,-0.077697053,No Mediation,No Mediation,Undirected,M3,M4,47,31,31,1
1863,chr2_26455922_G_A_b38,ENSG00000157856,DRC1,protein_coding,2,26401920,26456711,ENSG00000268618,,lncRNA,19,8549506,8550139,M3,4705,1863,0.002943055,0.222134006,-0.025275247,3.119257219,-0.2147099,0.273622518,-0.049560848,No Mediation,No Mediation,No Mediation,M3,M3,54,32,32,0
1864,chr21_44933682_C_T_b38,ENSG00000183250,LINC01547,lncRNA,21,44932814,44939937,ENSG00000232225,LINC01047,lncRNA,13,89214847,89236890,M3,4708,1864,-0.023593724,1.651147021,4.3493153097826e-06,0.001696244,0.198992957,0.221876907,0.101364449,No Mediation,No Mediation,No Mediation,M3,M3,50,22,22,4
1865,chr16_89115696_A_G_b38,ENSG00000261546,,lncRNA,16,89113175,89115279,ENSG00000197291,RAMP2-AS1,lncRNA,17,42753914,42761257,M3,4711,1865,-0.000632671,0.139680228,6.89816556926539e-05,0.064499978,-0.161955453,-0.173335667,0.053673029,No Mediation,No Mediation,No Mediation,M3,M3,50,38,38,4
1866,chr17_59911246_G_T_b38,ENSG00000189050,RNFT1,protein_coding,17,59952240,59964761,ENSG00000230737,,lncRNA,2,29890371,29892354,M0,4715,1866,-0.006757905,1.476662856,-2.21E-05,0.003695702,-0.119089431,0.206425157,-0.030273813,No Mediation,No Mediation,No Mediation,M3,M3,46,17,17,0
1867,chr20_59007902_G_A_b38,ENSG00000101160,CTSZ,protein_coding,20,58985686,59008238,ENSG00000186395,KRT10,protein_coding,17,40818117,40822614,M0,4716,1867,5.180197468,95.86411659,-0.022797555,11.03297949,-0.113551013,0.291941749,-0.075711599,No Mediation,No Mediation,Undirected,M3,M3,63,33,33,1
1868,chr16_48360773_A_C_b38,ENSG00000196470,SIAH1,protein_coding,16,48356364,48448402,ENSG00000282121,,lncRNA,10,60139912,60140877,M0,4717,1868,-0.003645805,0.392641902,3.38298107160528e-05,0.007327296,-0.112200708,0.260000782,-0.023450518,No Mediation,No Mediation,No Mediation,M3,M0.2,50,29,29,5
1869,chr5_151447740_G_A_b38,ENSG00000086570,FAT2,protein_coding,5,151504092,151591331,ENSG00000167515,TRAPPC2L,protein_coding,16,88856220,88862686,M3,4718,1869,0.000870747,0.06327945,-0.003425159,0.919535506,0.183379719,0.173195169,0.033294487,No Mediation,No Mediation,No Mediation,M0.1,M0.1,48,38,38,4
1870,chr12_43687236_T_A_b38,ENSG00000129317,PUS7L,protein_coding,12,43718992,43758793,ENSG00000104863,LIN7B,protein_coding,19,49114324,49118460,M3,4719,1870,0.002237136,0.14167572,0.010118584,0.773830933,0.197216801,-0.187728192,-0.008567627,No Mediation,No Mediation,No Mediation,M3,M3,45,33,33,3
1871,chr14_24576383_A_G_b38,ENSG00000100448,CTSG,protein_coding,14,24573518,24576250,ENSG00000180205,WFDC9,protein_coding,20,45607939,45631284,M0,4720,1871,22.84956373,270.5387434,4.13650650009357e-05,0.010541115,-0.005006355,-0.21151177,-0.017838618,No Mediation,No Mediation,No Mediation,M0.2,M0.2,51,25,25,1
1872,chr1_150730890_TAACA_T_b38,ENSG00000143452,HORMAD1,protein_coding,1,150698060,150720895,ENSG00000233429,HOTAIRM1,lncRNA,7,27095647,27100265,M0,4721,1872,-0.001021114,0.364630047,-0.138159571,6.122309787,0.113177015,-0.1778854,-0.048753287,No Mediation,No Mediation,No Mediation,M3,M3,53,33,33,3
1873,chr1_59812848_G_A_b38,ENSG00000134709,HOOK1,protein_coding,1,59814786,59876322,ENSG00000248717,LINC02222,lncRNA,5,180684766,180686546,M3,4732,1873,8.92974477984123e-05,0.109009883,-0.000132876,0.021403907,-0.158087164,0.226160418,-0.010143257,No Mediation,No Mediation,No Mediation,M3,M3,55,32,32,1
1874,chr17_18074353_A_G_b38,ENSG00000108591,DRG2,protein_coding,17,18087892,18107970,ENSG00000254033,,lncRNA,8,34229294,34248946,M3,4734,1874,-0.004579213,1.508539528,3.24475347395546e-05,0.006941919,0.190092075,-0.19542707,-0.023202376,No Mediation,No Mediation,No Mediation,M3,M0.1,49,32,32,5
1875,chr17_35251311_T_C_b38,ENSG00000185379,RAD51D,protein_coding,17,35092221,35121522,ENSG00000150756,ATPSCKMT,protein_coding,5,10225507,10249897,M3,4736,1875,0.001538032,0.210113124,-0.000794941,0.845685199,0.162167806,0.17955106,0.135831562,No Mediation,No Mediation,No Mediation,M3,M0.1,52,34,34,3
1876,chr9_67038400_A_G_b38,ENSG00000274349,ZNF658,protein_coding,9,66856426,66932141,ENSG00000154529,CNTNAP3B,protein_coding,9,41890314,42129510,M4,4738,1876,0.002549966,0.143035722,6.69466620033134e-05,0.167320156,0.452923246,0.515839072,0.410047403,Undirected,Undirected,Undirected,M4,M4,55,27,27,2
1877,chr16_4247650_G_T_b38,ENSG00000262468,LINC01569,lncRNA,16,4243943,4253817,ENSG00000284430,,lncRNA,19,31100304,31147981,M3,4742,1877,0.002233612,0.294848157,-7.87E-05,0.013248783,-0.218585998,0.173139837,0.015688203,No Mediation,No Mediation,No Mediation,M3,M3,50,33,33,2
1878,chr16_3622586_G_C_b38,ENSG00000213918,DNASE1,protein_coding,16,3611728,3680143,ENSG00000259448,LINC02352,lncRNA,15,31215622,31224445,M0,4749,1878,-0.002453954,0.930576255,0.056310131,1.34624332,-0.046086503,0.212062474,0.020008315,No Mediation,No Mediation,No Mediation,M0.2,M3,48,33,33,3
1879,chr15_55220548_G_T_b38,ENSG00000069974,RAB27A,protein_coding,15,55202966,55319113,ENSG00000137267,TUBB2A,protein_coding,6,3153497,3157544,M3,4750,1879,-0.054295985,12.09130798,0.725591691,12.0861568,-0.173402493,0.240919993,-0.073909424,No Mediation,No Mediation,No Mediation,M3,M3,51,27,27,1
1880,chr19_11774593_C_T_b38,ENSG00000171295,ZNF440,protein_coding,19,11814273,11835216,ENSG00000239991,,lncRNA,3,55166910,55175732,M3,4757,1880,-0.000110091,0.290578608,-0.000136232,0.019358017,-0.155574461,0.357942876,-0.068215557,No Mediation,No Mediation,No Mediation,M3,M3,57,29,29,1
1881,chr9_37517942_C_T_b38,ENSG00000137054,POLR1E,protein_coding,9,37485948,37503697,ENSG00000249638,,lncRNA,5,7362979,7364531,M3,4758,1881,0.024718665,1.697391568,7.42908492855947e-05,0.008579422,0.226904057,0.180373151,-0.01146693,No Mediation,No Mediation,No Mediation,M3,M0.1,54,23,23,2
1882,chr17_74695746_C_T_b38,ENSG00000264659,,lncRNA,17,74670077,74677624,ENSG00000111843,TMEM14C,protein_coding,6,10722915,10731129,M3,4759,1882,-0.001718362,0.266040736,0.098162926,5.99733771,0.18543216,0.260251229,0.060665231,No Mediation,No Mediation,No Mediation,M3,M3,48,26,26,0
1883,chr10_126166954_A_C_b38,ENSG00000148848,ADAM12,protein_coding,10,126012381,126388477,ENSG00000259420,,lncRNA,15,77568970,77608888,M0,4764,1883,0.000407938,0.101933147,0.00021223,0.01757086,-0.071094398,-0.177444575,0.103090956,No Mediation,No Mediation,No Mediation,M3,M3,49,30,30,1
1884,chr17_40619553_G_A_b38,ENSG00000073584,SMARCE1,protein_coding,17,40624962,40648654,ENSG00000261471,,lncRNA,16,84594393,84596826,M3,4765,1884,0.013593958,0.845853747,0.034081434,2.993803352,-0.165613006,-0.176546978,-0.120204099,No Mediation,No Mediation,No Mediation,M3,M3,49,31,31,4
1885,chr7_140303122_C_CT_b38,ENSG00000006459,KDM7A,protein_coding,7,140084746,140176983,ENSG00000147804,SLC39A4,protein_coding,8,144409742,144416844,M0,4769,1885,-0.018414862,3.451391246,0.012227864,0.91281229,-0.096475797,0.173522558,0.064650439,No Mediation,No Mediation,Undirected,M3,M0.1,51,33,33,4
1886,chr14_101716656_T_C_b38,ENSG00000258404,LINC02320,lncRNA,14,101634454,101731108,ENSG00000130950,NUTM2F,protein_coding,9,94318196,94328644,M3,4770,1886,-0.00226245,0.481927533,8.03959219166557e-05,0.017110787,-0.183623633,0.283565912,-0.004269593,No Mediation,No Mediation,No Mediation,M3,M3,51,28,28,0
1887,chr5_132872671_G_A_b38,ENSG00000072364,AFF4,protein_coding,5,132875395,132963634,ENSG00000263317,LINC01982,lncRNA,17,52390515,52535701,M0,4772,1887,-0.024453982,1.363283949,0.000297224,0.014316874,-0.100274412,-0.173724213,-0.038801189,No Mediation,No Mediation,No Mediation,M3,M3,44,29,29,4
1888,chr19_45817460_C_G_b38,ENSG00000125755,SYMPK,protein_coding,19,45815410,45863194,ENSG00000253168,,lncRNA,8,17703988,17706187,M0,4774,1888,-0.037133142,1.863812059,6.7543231375227e-05,0.011448611,-0.038216432,0.205027873,-0.005117907,No Mediation,No Mediation,No Mediation,M3,M3,47,24,24,2
1889,chr1_160587679_G_C_b38,ENSG00000066294,CD84,protein_coding,1,160541095,160579516,ENSG00000179055,OR13D1,protein_coding,9,104694518,104695462,M3,4777,1889,-0.027403059,1.833409081,1.73455290311735e-05,0.014726239,-0.160320155,-0.197798378,-0.016968998,No Mediation,No Mediation,No Mediation,M3,M3,56,37,37,0
1890,chr3_45032479_C_T_b38,ENSG00000075914,EXOSC7,protein_coding,3,44975241,45036066,ENSG00000258323,,lncRNA,12,112063909,112065755,M3,4780,1890,0.010956688,1.021819427,-5.98E-05,0.034759054,0.163113888,0.20219604,0.037266031,No Mediation,No Mediation,No Mediation,M3,M3,58,35,35,0
1891,chr19_12014530_G_A_b38,ENSG00000219665,ZNF433-AS1,lncRNA,19,11987617,12046275,ENSG00000184428,TOP1MT,protein_coding,8,143304384,143359979,M3,4781,1891,0.012333972,1.066381656,0.006999735,3.075825754,-0.136181063,0.253659667,0.001509078,No Mediation,No Mediation,Cis Mediated,M3,M3,55,26,26,0
1892,chr22_20087052_C_T_b38,ENSG00000183597,TANGO2,protein_coding,22,20017014,20067164,ENSG00000267457,,lncRNA,17,35073831,35074374,M3,4782,1892,0.641947937,6.747082617,0.003140945,0.240280558,-0.144735582,0.185480497,0.013479421,No Mediation,No Mediation,No Mediation,M3,M3,36,26,26,5
1893,chr2_46403722_T_A_b38,ENSG00000116016,EPAS1,protein_coding,2,46293667,46386697,ENSG00000185290,NUPR2,protein_coding,7,56114681,56116417,M0,4783,1893,0.017979444,2.199485137,0.001464308,0.422724621,0.079109074,-0.205508715,0.016421982,No Mediation,No Mediation,No Mediation,M3,M0.2,52,31,31,1
1894,chr22_30279084_C_T_b38,ENSG00000242114,MTFP1,protein_coding,22,30425623,30429054,ENSG00000229283,,lncRNA,1,111317600,111323981,M3,4789,1894,0.153997568,7.770438369,0.000208134,0.017078878,0.13839803,0.188923272,-0.020078818,No Mediation,No Mediation,No Mediation,M3,M0.1,61,33,33,1
1895,chr2_143570965_C_T_b38,ENSG00000075884,ARHGAP15,protein_coding,2,143091362,143768352,ENSG00000266767,,lncRNA,18,7741310,7754831,M0,4792,1895,-0.016155007,9.365179263,8.2442196256111e-05,0.007609057,-0.09441339,0.271124928,-0.078169707,No Mediation,No Mediation,Undirected,M0.2,M0.2,51,38,38,2
1896,chr4_114598684_A_G_b38,ENSG00000174607,UGT8,protein_coding,4,114598770,114678225,ENSG00000265994,,lncRNA,18,28638714,28789580,M3,4796,1896,-0.000577231,0.122599283,5.3969359776181e-05,0.005404579,-0.144286096,-0.174050535,0.006699063,No Mediation,No Mediation,No Mediation,M3,M3,41,31,31,3
1897,chr1_156220489_C_A_b38,ENSG00000160783,PMF1,protein_coding,1,156212993,156240042,ENSG00000227039,ITGB2-AS1,lncRNA,21,44921051,44929678,M2,4798,1897,0.00967449,11.04043711,0.386749062,35.78276045,-0.121526501,0.177063867,-0.185960332,Undirected,Undirected,Undirected,M4,M1.2,57,38,38,0
1898,chr11_535596_C_T_b38,ENSG00000070047,PHRF1,protein_coding,11,576470,612222,ENSG00000283629,,lncRNA,14,76131707,76152627,M0,4799,1898,-0.025428748,1.519022663,0.000287276,0.024933811,0.099893136,0.188140661,-0.012402869,No Mediation,No Mediation,No Mediation,M3,M0.2,45,26,26,3
1899,chr10_128191591_G_A_b38,ENSG00000280953,LINC01163,lncRNA,10,128181032,128317726,ENSG00000261082,LINC01228,lncRNA,16,79798050,79827150,M3,4803,1899,0.000414853,0.217371025,-0.000165113,0.038137719,-0.143811062,0.226687931,0.036448993,No Mediation,No Mediation,Undirected,M3,M3,50,26,26,1
1900,chr2_66497930_T_C_b38,ENSG00000143995,MEIS1,protein_coding,2,66433452,66573869,ENSG00000226856,THORLNC,lncRNA,2,118132128,118222250,M3,4813,1900,0.003299879,0.162556934,0.001896105,0.276027124,0.148441477,0.182231117,0.042441758,No Mediation,No Mediation,No Mediation,M3,M3,56,34,34,0
1901,chr20_45914193_C_T_b38,ENSG00000064601,CTSA,protein_coding,20,45890144,45898949,ENSG00000258637,,lncRNA,14,79661666,79791263,M0,4815,1901,1.630349256,68.81796135,3.94084293977575e-05,0.005352559,-0.033441816,0.32499674,-0.008010957,No Mediation,No Mediation,No Mediation,M0.2,M0.2,50,28,28,2
1902,chr14_20802929_G_C_b38,ENSG00000129538,RNASE1,protein_coding,14,20801228,20802855,ENSG00000185290,NUPR2,protein_coding,7,56114681,56116417,M3,4821,1902,1.178509403,79.44281602,0.001464308,0.422724621,0.16455208,0.375013511,0.074094771,No Mediation,No Mediation,No Mediation,M3,M3,54,34,34,0
1903,chr9_136408597_C_A_b38,ENSG00000148384,INPP5E,protein_coding,9,136428619,136439845,ENSG00000204278,TMEM235,protein_coding,17,78231310,78240987,M3,4825,1903,-0.00019469,0.401316907,9.45606632414448e-05,0.026959818,-0.152779074,0.187202022,0.056892124,No Mediation,No Mediation,No Mediation,M3,M3,57,31,31,2
1904,chr6_73394834_C_G_b38,ENSG00000080007,DDX43,protein_coding,6,73394828,73417566,ENSG00000198598,MMP17,protein_coding,12,131828393,131851783,M3,4837,1904,0.001192153,0.310308449,0.001848121,1.595463576,0.178120225,0.176878309,0.034143071,No Mediation,No Mediation,No Mediation,M3,M3,51,29,29,1
1905,chr3_50734193_G_A_b38,ENSG00000259956,RBM15B,protein_coding,3,51391285,51397908,ENSG00000275464,,protein_coding,21,5130871,5154658,M3,4841,1905,0.001420737,1.024566913,0.00364134,0.642253607,0.191267589,0.183975784,0.06134275,No Mediation,No Mediation,No Mediation,M3,M3,55,32,32,1
1906,chr1_26475513_G_T_b38,ENSG00000198830,HMGN2,protein_coding,1,26472440,26476642,ENSG00000230645,LINC01818,lncRNA,2,150169474,150356460,M0,4842,1906,1.694499783,49.96229459,2.95660505980438e-05,0.011199529,-0.085570943,-0.233656322,0.018769046,No Mediation,No Mediation,No Mediation,M0.2,M0.2,58,27,27,1
1907,chr18_9893129_A_G_b38,ENSG00000168454,TXNDC2,protein_coding,18,9885726,9889275,ENSG00000241921,,lncRNA,7,126378970,126424185,M0,4843,1907,-0.000155834,0.690765673,2.79468711990226e-06,0.001596586,0.036835349,-0.198656322,-0.037712412,No Mediation,No Mediation,No Mediation,Other,M0.2,37,28,28,5
1908,chr19_11120527_G_A_b38,ENSG00000130164,LDLR,protein_coding,19,11089462,11133820,ENSG00000241792,,lncRNA,3,148093175,148127233,M4,4844,1908,-0.043310015,3.858982821,-1.35E-05,0.005109709,0.150730436,0.293531,0.189462153,No Mediation,No Mediation,Trans Mediated,M4,M3,56,29,29,0
1909,chr19_20282803_T_C_b38,ENSG00000197124,ZNF682,protein_coding,19,19997058,20039505,ENSG00000149050,ZNF214,protein_coding,11,6997085,7020346,M4,4846,1909,0.001400106,0.143107501,0.000147148,0.016531374,0.176449172,0.198824667,0.115166176,Undirected,Undirected,Undirected,M4,M3,45,21,21,0
1910,chr16_72077049_C_G_b38,ENSG00000261701,HPR,protein_coding,16,72063148,72077246,ENSG00000238133,MAP3K20-AS1,lncRNA,2,173166446,173282036,M0,4849,1910,-0.029454527,3.732653697,0.00011145,0.067004088,0.019341226,-0.182079308,0.025033596,No Mediation,No Mediation,No Mediation,M0.2,M0.2,59,33,33,2
1911,chr1_39859048_C_T_b38,ENSG00000116990,MYCL,protein_coding,1,39895426,39902256,ENSG00000244502,HDAC11-AS1,lncRNA,3,13476982,13480053,M3,4850,1911,0.008033465,0.855595433,-0.00022566,0.069272171,-0.156729043,0.185368328,-0.17510246,No Mediation,No Mediation,No Mediation,M0.1,M1.1,38,28,28,6
1912,chr8_55791766_T_C_b38,ENSG00000167904,TMEM68,protein_coding,8,55696424,55773407,ENSG00000156381,ANKRD9,protein_coding,14,102501767,102509799,M3,4855,1912,-0.000713221,0.114822973,0.246922378,4.408113887,-0.214167865,0.195967606,-0.089760633,No Mediation,No Mediation,No Mediation,M3,M3,41,30,30,4
1913,chr10_12139104_G_A_b38,ENSG00000181192,DHTKD1,protein_coding,10,12068954,12123221,ENSG00000129244,ATP1B2,protein_coding,17,7646627,7657770,M3,4856,1913,-0.024011524,1.638569732,0.048484636,1.121808535,-0.152056742,0.182066703,-0.11032411,No Mediation,No Mediation,No Mediation,M3,M3,43,27,27,3
1914,chr1_145249115_GAATA_G_b38,ENSG00000196369,SRGAP2B,protein_coding,1,144887265,145095528,ENSG00000254020,,lncRNA,8,92723024,92725111,M4,4857,1914,0.000220919,0.182202185,-5.04E-05,0.009682588,0.171535296,0.244829306,0.14344951,No Mediation,No Mediation,No Mediation,M3,M3,54,32,32,0
1915,chr4_25325012_G_T_b38,ENSG00000168228,ZCCHC4,protein_coding,4,25312774,25370383,ENSG00000125445,MRPS7,protein_coding,17,75261674,75266376,M4,4859,1915,0.000745722,0.186511619,-0.00884964,1.602498452,-0.137303423,0.193274082,-0.133615009,No Mediation,No Mediation,Undirected,M3,M3,52,32,32,0
1916,chr7_17894690_T_C_b38,ENSG00000071189,SNX13,protein_coding,7,17790761,17940501,ENSG00000111906,HDDC2,protein_coding,6,125219962,125302078,M3,4863,1916,0.00113403,0.510050031,0.011777567,1.515956274,0.162938676,-0.194909682,-0.086718647,No Mediation,No Mediation,No Mediation,M3,M0.1,53,34,34,2
1917,chr17_20003827_C_T_b38,ENSG00000266126,,lncRNA,17,19929372,19929737,ENSG00000139832,RAB20,protein_coding,13,110523066,110561722,M3,4865,1917,0.000820689,0.373378419,0.776423588,52.09449183,0.236300666,0.186573223,0.00681834,No Mediation,No Mediation,Undirected,M3,M3,51,26,26,0
1918,chr1_169501510_T_G_b38,ENSG00000117479,SLC19A2,protein_coding,1,169463909,169485944,ENSG00000241921,,lncRNA,7,126378970,126424185,M0,4866,1918,-0.005945389,0.657403195,2.79468711990226e-06,0.001596586,-0.080423987,-0.204907962,-0.005427875,No Mediation,No Mediation,No Mediation,M3,M3,42,32,32,6
1919,chr16_53834270_T_C_b38,ENSG00000140718,FTO,protein_coding,16,53701692,54158512,ENSG00000160654,CD3G,protein_coding,11,118344344,118355161,M3,4868,1919,-0.000857018,0.143985658,-0.05021404,4.7738227,-0.145899124,0.17714074,-0.005898184,No Mediation,No Mediation,No Mediation,M3,M3,51,38,38,4
1920,chr14_95684913_C_T_b38,ENSG00000213231,TCL1B,protein_coding,14,95686426,95692628,ENSG00000272977,,lncRNA,22,25476218,25479971,M0,4870,1920,0.004745225,0.797798078,-0.002013343,0.344971934,-0.112487891,0.200722993,-0.026328869,No Mediation,No Mediation,No Mediation,M3,M3,54,31,31,0
1921,chr19_51366384_G_A_b38,ENSG00000105379,ETFB,protein_coding,19,51345169,51366388,ENSG00000248143,LINC02383,lncRNA,4,43457527,43492543,M0,4876,1921,-0.038195211,3.271224333,-1.09E-05,0.004985,-0.106174188,0.317315699,0.037379614,No Mediation,No Mediation,No Mediation,M3,M4,62,27,27,3
1922,chr5_177959659_ACT_A_b38,ENSG00000249684,,lncRNA,5,177950335,177963960,ENSG00000051596,THOC3,protein_coding,5,175917873,176034680,M4,4877,1922,0.021541636,0.461414378,0.00080745,0.467240167,-0.185048563,-0.2255007,0.153397319,No Mediation,No Mediation,Undirected,M3,M3,43,26,26,0
1923,chr5_157232595_AAGGGAGGGAGGG_A_b38,ENSG00000113263,ITK,protein_coding,5,157142933,157255185,ENSG00000218305,CDC14C,protein_coding,7,48919765,48927454,M3,4881,1923,0.083793347,7.718032394,3.40199636079277e-05,0.018006445,0.166501109,0.195337456,0.050971037,No Mediation,No Mediation,No Mediation,M0.1,M0.1,58,41,41,3
1924,chr15_84866136_G_A_b38,ENSG00000140612,SEC11A,protein_coding,15,84669538,84716460,ENSG00000239886,KRTAP9-2,protein_coding,17,41226648,41227652,M0,4883,1924,0.058583186,7.962485352,0.00021355,0.019589195,-0.116585824,-0.182419366,-0.011161156,No Mediation,No Mediation,No Mediation,M3,M3,42,27,27,3
1925,chr17_47779980_G_A_b38,ENSG00000108468,CBX1,protein_coding,17,48070052,48101478,ENSG00000120071,KANSL1,protein_coding,17,46029916,46225389,M3,4885,1925,-0.000837085,2.849194366,-0.009205836,1.534176106,0.173899112,0.228078489,0.09708298,No Mediation,No Mediation,No Mediation,M3,M3,50,36,36,3
1926,chr2_97061111_C_A_b38,ENSG00000144199,FAHD2B,protein_coding,2,97083583,97094882,ENSG00000259448,LINC02352,lncRNA,15,31215622,31224445,M3,4886,1926,0.002046698,0.542860907,0.056310131,1.34624332,0.196973987,-0.281377409,-0.005025508,No Mediation,No Mediation,No Mediation,M3,M4,47,31,31,1
1927,chr9_61230232_T_A_b38,ENSG00000276422,,lncRNA,9,60943311,60964196,ENSG00000275649,,lncRNA,9,42231811,42354454,M1.2,4888,1927,4.50720614406155e-05,0.223518223,0.000181871,0.127233118,0.15834994,0.38451904,0.299046643,Undirected,Undirected,Undirected,M1.2,M1.2,52,21,21,0
1928,chr19_36972540_GAGCAGAAATTAGTGACTTAAATGTTGAGATGCCAGAAGACCTGGACTGGGGCATGAATTCCCAGCCCA_G_b38,ENSG00000245680,ZNF585B,protein_coding,19,37181579,37218153,ENSG00000251264,,lncRNA,4,54440502,54446723,M3,4889,1928,0.004180745,0.243200692,-7.08E-05,0.011309628,0.192460876,0.183835471,-0.017654977,No Mediation,No Mediation,No Mediation,M3,M3,62,32,32,2
1929,chr1_115869940_C_T_b38,ENSG00000173212,MAB21L3,protein_coding,1,116111399,116138149,ENSG00000170632,ARMC10,protein_coding,7,103074881,103099759,M0,4892,1929,-0.005267281,0.460736888,-0.0016035,1.26149962,-0.098380938,-0.206539194,-0.102913194,No Mediation,No Mediation,Undirected,M3,M2.2,45,35,35,5
1930,chr2_37231668_CA_C_b38,ENSG00000003509,NDUFAF7,protein_coding,2,37231631,37253403,ENSG00000232790,LINC01162,lncRNA,7,20835376,21023362,M0,4893,1930,-0.012060821,1.837133263,9.0068779131153e-06,0.002443367,-0.101037808,0.323642745,-0.016590442,No Mediation,No Mediation,No Mediation,M3,M0.1,37,23,23,7
1931,chr1_154286388_C_T_b38,ENSG00000143575,HAX1,protein_coding,1,154272589,154275875,ENSG00000134852,CLOCK,protein_coding,4,55427903,55546909,M3,4894,1931,0.119822376,6.5073312,-0.000166172,0.186940732,0.13551062,0.173366208,0.052438946,No Mediation,No Mediation,No Mediation,M3,M3,48,41,41,4
1932,chr19_10305768_G_A_b38,ENSG00000105376,ICAM5,protein_coding,19,10289952,10296778,ENSG00000147753,TTTY7,lncRNA,Y,6449468,6457906,M4,4897,1932,-0.003772235,0.644154313,-3.85E-06,0.001288167,0.193695758,0.226291241,0.163521414,No Mediation,No Mediation,No Mediation,M4,M4,56,17,17,1
1933,chr6_87346049_T_TA_b38,ENSG00000188994,ZNF292,protein_coding,6,87152833,87265943,ENSG00000224848,,lncRNA,9,96687050,96774318,M0,4898,1933,-0.015588287,1.49140037,0.000847716,0.189034102,0.115675452,0.17374272,-0.048968524,No Mediation,No Mediation,No Mediation,M3,M3,46,36,36,3
1934,chr20_13232867_G_A_b38,ENSG00000101230,ISM1,protein_coding,20,13221274,13300651,ENSG00000184887,BTBD6,protein_coding,14,105248533,105251093,M3,4899,1934,0.001621731,0.213152498,0.019675827,5.663938127,-0.202607895,0.170204952,-0.089625515,No Mediation,No Mediation,No Mediation,M3,M3,54,34,34,1
1935,chr10_121967362_A_G_b38,ENSG00000107672,NSMCE4A,protein_coding,10,121957091,121975217,ENSG00000235366,LINC01055,lncRNA,13,45680184,45701184,M3,4900,1935,-0.00053851,0.807385737,0.000158187,0.021307173,-0.139792204,0.171217775,-0.033554862,No Mediation,No Mediation,No Mediation,M3,M3,49,24,24,1
1936,chr19_54248765_C_T_b38,ENSG00000269524,,lncRNA,19,54224523,54224881,ENSG00000233693,PBX1-AS1,lncRNA,1,164769116,164774641,M3,4907,1936,-0.008133046,0.441648457,1.24821871829783e-06,0.004121733,0.224698207,0.172671994,0.087530702,No Mediation,No Mediation,No Mediation,M3,M3,54,22,22,0
1937,chr3_33114704_T_C_b38,ENSG00000170275,CRTAP,protein_coding,3,33114014,33147773,ENSG00000233339,,lncRNA,2,106179542,106183797,M0,4910,1937,0.101975145,5.925546905,0.000304476,0.057621835,0.072037606,-0.203862907,-0.060832488,No Mediation,No Mediation,No Mediation,M0.2,M0.2,62,32,32,1
1938,chr1_86805486_A_G_b38,ENSG00000097033,SH3GLB1,protein_coding,1,86704570,86748184,ENSG00000170632,ARMC10,protein_coding,7,103074881,103099759,M3,4913,1938,0.056761184,21.16935343,-0.0016035,1.26149962,-0.1671588,0.254359568,-0.048059715,No Mediation,No Mediation,No Mediation,M3,M3,54,39,39,4
1939,chr11_38465800_TG_T_b38,ENSG00000255477,,lncRNA,11,38498995,38500186,ENSG00000257599,OVCH1-AS1,lncRNA,12,29389289,29487488,M0,4914,1939,0.040153425,1.043789041,0.002178688,0.729306402,0.087792076,0.203300732,0.018095373,No Mediation,No Mediation,No Mediation,M3,M0.2,40,14,14,3
1940,chr1_151158615_A_G_b38,ENSG00000143434,SEMA6C,protein_coding,1,151131685,151146664,ENSG00000071889,FAM3A,protein_coding,X,154506159,154516242,M0,4916,1940,-0.009186731,0.748751337,0.099203368,3.768332987,0.105570657,0.214327379,-0.041954276,No Mediation,No Mediation,No Mediation,M0.2,M0.2,42,33,33,6
1941,chr17_64025610_C_T_b38,ENSG00000108622,ICAM2,protein_coding,17,64002594,64020634,ENSG00000171860,C3AR1,protein_coding,12,8056844,8066359,M0,4918,1941,0.323556919,13.31192424,0.881971721,93.36907965,-0.063022679,0.172837198,0.084820238,No Mediation,No Mediation,Trans Mediated,M3,M3,52,33,33,4
1942,chrX_49114315_T_G_b38,ENSG00000196998,WDR45,protein_coding,X,49074433,49101170,ENSG00000277203,F8A1,protein_coding,X,154886349,154888061,M3,4920,1942,0.857612015,10.32453623,0.022948378,7.39050323,-0.138824797,0.185476948,-0.026069693,No Mediation,No Mediation,No Mediation,M3,M3,52,33,33,3
1943,chr7_99376415_T_A_b38,ENSG00000130429,ARPC1B,protein_coding,7,99374249,99394816,ENSG00000170667,RASA4B,protein_coding,7,102479976,102517777,M3,4921,1943,10.19632873,133.3538695,0.000300775,0.254931159,0.125090786,0.237644444,0.030079908,No Mediation,No Mediation,No Mediation,M3,M3,55,30,30,0
1944,chr4_77001711_T_C_b38,ENSG00000138758,SEPTIN11,protein_coding,4,76949751,77040384,ENSG00000260257,,lncRNA,20,32856621,32858751,M0,4928,1944,0.002942146,0.459487344,-0.071429909,3.480412684,0.10521204,-0.175392065,0.02454936,Cis Mediated,Undirected,Undirected,M4,M3,55,31,31,4
1945,chr4_112272384_A_T_b38,ENSG00000138660,AP1AR,protein_coding,4,112231740,112273110,ENSG00000262001,DLGAP1-AS2,lncRNA,18,3603000,3608336,M4,4929,1945,0.004614049,0.612989012,-0.000728278,1.020224435,0.160231476,-0.192707112,-0.13485215,No Mediation,No Mediation,No Mediation,M3,M3,53,38,38,1
1946,chr1_86821970_T_C_b38,ENSG00000261737,CLCA4-AS1,lncRNA,1,86703502,86704462,ENSG00000185290,NUPR2,protein_coding,7,56114681,56116417,M3,4930,1946,-2.04E-05,0.646060027,0.001464308,0.422724621,-0.154974918,0.197645681,-0.017646692,No Mediation,No Mediation,No Mediation,M3,M0.1,51,26,26,0
1947,chr1_232611120_C_T_b38,ENSG00000116991,SIPA1L2,protein_coding,1,232397965,232630571,ENSG00000260422,,lncRNA,6,164084023,164085661,M0,4935,1947,-0.058422957,6.276421186,-1.29E-05,0.016370829,-0.024144156,-0.17538868,0.054391687,No Mediation,No Mediation,No Mediation,M0.2,M0.2,48,35,35,1
1948,chr22_19870026_T_C_b38,ENSG00000184470,TXNRD2,protein_coding,22,19875517,19941820,ENSG00000111843,TMEM14C,protein_coding,6,10722915,10731129,M3,4936,1948,0.029546499,1.078251898,0.098162926,5.99733771,-0.192240812,0.223879233,0.028745022,No Mediation,No Mediation,No Mediation,M3,M3,48,33,33,2
1949,chr19_57492829_A_G_b38,ENSG00000105136,ZNF419,protein_coding,19,57487711,57496098,ENSG00000172403,SYNPO2,protein_coding,4,118850688,119061247,M3,4937,1949,-0.002644763,0.337864799,0.01413155,1.993517637,0.181298574,0.269538862,-0.003225792,No Mediation,No Mediation,No Mediation,M3,M3,48,35,35,4
1950,chr13_113537810_A_G_b38,ENSG00000150401,DCUN1D2,protein_coding,13,113455819,113490951,ENSG00000274512,TBC1D3L,protein_coding,17,37978155,37989060,M3,4938,1950,-0.01439884,0.867337287,-0.01157893,3.976610242,0.140248282,-0.178429063,0.041820999,No Mediation,No Mediation,No Mediation,M3,M3,48,25,25,1
1951,chr17_64001974_A_G_b38,ENSG00000224383,PRR29,protein_coding,17,63998351,64004305,ENSG00000134824,FADS2,protein_coding,11,61792980,61867354,M3,4940,1951,0.020308702,1.281508139,0.023952876,2.772570708,-0.124965966,0.193123865,0.012101026,No Mediation,No Mediation,No Mediation,M3,M3,57,26,26,0
1952,chr17_29136998_A_C_b38,ENSG00000221995,TIAF1,protein_coding,17,29073521,29078857,ENSG00000083520,DIS3,protein_coding,13,72752169,72782096,M3,4942,1952,-0.007517317,0.403451468,-0.000878365,0.336155417,-0.185736485,0.17719609,-0.047695637,No Mediation,No Mediation,No Mediation,M3,M3,60,43,43,1
1953,chr7_75921_C_T_b38,ENSG00000242611,,lncRNA,7,77038,81178,ENSG00000010539,ZNF200,protein_coding,16,3222325,3236221,M3,4943,1953,0.004477253,0.31601108,-0.035235405,2.849550135,-0.20373957,0.17881342,-0.065025826,No Mediation,No Mediation,Trans Mediated,M3,M3,46,26,26,4
1954,chr14_22609401_T_C_b38,ENSG00000100439,ABHD4,protein_coding,14,22598237,22613215,ENSG00000111843,TMEM14C,protein_coding,6,10722915,10731129,M0,4944,1954,0.120878045,5.675207445,0.098162926,5.99733771,0.115177564,0.202286263,0.072957373,Undirected,Undirected,Undirected,M4,M3,50,36,36,3
1955,chr3_101699657_G_A_b38,ENSG00000256628,ZBTB11-AS1,lncRNA,3,101676475,101679217,ENSG00000253490,LINC02099,lncRNA,8,29748309,29798492,M3,4945,1955,0.00099316,0.211593278,-6.44E-06,0.013831038,0.187977431,0.173389799,0.021584697,No Mediation,No Mediation,No Mediation,M3,M3,45,32,32,1
1956,chr2_216108009_G_T_b38,ENSG00000079246,XRCC5,protein_coding,2,216107464,216206303,ENSG00000273183,,lncRNA,7,154956429,154957107,M3,4946,1956,-0.243451286,17.00696775,0.003856137,0.439215399,-0.14769669,0.176417796,-0.0822543,No Mediation,No Mediation,No Mediation,M3,Other,56,38,38,1
1957,chr2_109559035_G_A_b38,ENSG00000198142,SOWAHC,protein_coding,2,109614364,109618990,ENSG00000234546,LNCTAM34A,lncRNA,1,9182004,9196284,M0,4947,1957,-0.001723799,0.152353277,1.75364739470075e-07,0.099455574,-0.116033149,0.173583498,-0.076710715,No Mediation,No Mediation,Undirected,M3,M0.2,51,28,28,1
1958,chr19_35309759_G_T_b38,ENSG00000105695,MAG,protein_coding,19,35292125,35313807,ENSG00000234551,LINC01309,lncRNA,13,103420825,103428298,M4,4948,1958,0.000364361,0.119447409,8.37095430373421e-05,0.010483236,-0.176838539,-0.199500472,0.160692982,No Mediation,No Mediation,Undirected,M4,M4,34,12,12,1
1959,chr12_48924763_G_A_b38,ENSG00000134285,FKBP11,protein_coding,12,48921518,48926474,ENSG00000167264,DUS2,protein_coding,16,67987746,68079320,M3,4949,1959,0.052398387,7.586394144,-0.021217198,3.136945335,-0.129819982,-0.171600498,0.041727541,No Mediation,No Mediation,No Mediation,M3,M3,45,36,36,5
1960,chr5_17226362_A_T_b38,ENSG00000176788,BASP1,protein_coding,5,17065598,17276843,ENSG00000178996,SNX18,protein_coding,5,54517759,54546586,M0,4951,1960,96.02170597,322.2863827,-0.081225543,7.055174721,-0.01615569,-0.183585525,0.062644651,No Mediation,No Mediation,No Mediation,M0.2,M0.2,65,38,38,1
1961,chr9_114782019_G_A_b38,ENSG00000106952,TNFSF8,protein_coding,9,114893343,114930595,ENSG00000257890,,lncRNA,12,106050961,106058254,M3,4959,1961,0.063979953,4.462510763,0.00012741,0.017505688,-0.126278104,0.179459654,-0.075730323,No Mediation,No Mediation,No Mediation,M3,M3,52,29,29,1
1962,chr9_121046685_C_A_b38,ENSG00000095261,PSMD5,protein_coding,9,120815496,120842951,ENSG00000267174,,lncRNA,19,11300777,11324441,M0,4960,1962,-0.008091718,1.413032989,0.67575428,36.81723557,-0.118943223,0.177440333,-0.007448493,No Mediation,No Mediation,No Mediation,M3,M3,40,23,23,2
1963,chr11_60122662_G_C_b38,ENSG00000254952,LINC02705,lncRNA,11,60159687,60160822,ENSG00000170632,ARMC10,protein_coding,7,103074881,103099759,M3,4962,1963,-0.000504221,0.845814563,-0.0016035,1.26149962,0.272145392,0.276839066,0.142252884,No Mediation,No Mediation,No Mediation,M3,M3,51,32,32,2
1964,chr11_119193684_C_T_b38,ENSG00000248712,CCDC153,protein_coding,11,119189638,119196769,ENSG00000165617,DACT1,protein_coding,14,58633967,58648321,M0,4968,1964,0.008481515,0.753107263,0.007752434,0.399661883,0.1213559,0.185842434,-0.013540643,No Mediation,No Mediation,No Mediation,M3,M3,53,29,29,2
1965,chr20_25724100_G_C_b38,ENSG00000130684,ZNF337,protein_coding,20,25673195,25696853,ENSG00000259448,LINC02352,lncRNA,15,31215622,31224445,M3,4974,1965,0.001360184,0.774999887,0.056310131,1.34624332,-0.145566909,0.264352968,-0.037527167,No Mediation,No Mediation,No Mediation,M3,M3,44,26,26,1
1966,chr17_76778743_C_T_b38,ENSG00000092931,MFSD11,protein_coding,17,76735865,76781449,ENSG00000264149,,lncRNA,18,21871446,21893996,M3,4976,1966,-0.021239955,0.948284243,-0.000176349,0.019066147,0.197330192,-0.19238179,-0.061950475,No Mediation,No Mediation,No Mediation,M3,M3,43,25,25,4
1967,chr3_30771775_G_A_b38,ENSG00000261468,,lncRNA,3,30697661,30699576,ENSG00000170632,ARMC10,protein_coding,7,103074881,103099759,M3,4977,1967,-0.014185602,1.166996326,-0.0016035,1.26149962,-0.158408411,-0.228444743,0.08333085,No Mediation,No Mediation,Undirected,M3,M3,53,42,42,3
1968,chr4_152370361_C_T_b38,ENSG00000109670,FBXW7,protein_coding,4,152320544,152536092,ENSG00000127578,WFIKKN1,protein_coding,16,629239,634117,M0,4978,1968,-0.008723313,0.722210205,0.006549457,0.670168953,0.113007397,0.178432942,0.013489638,No Mediation,No Mediation,No Mediation,M3,M3,59,30,30,2
1969,chr12_70303022_G_A_b38,ENSG00000111596,CNOT2,protein_coding,12,70243002,70354993,ENSG00000257663,,lncRNA,12,52076841,52082084,M3,4980,1969,-0.00552294,0.567823951,-0.000238276,0.08900921,-0.142550154,0.199407791,-0.012793689,No Mediation,No Mediation,No Mediation,M3,M3,60,23,23,2
1970,chr4_89850348_A_G_b38,ENSG00000145335,SNCA,protein_coding,4,89700345,89838315,ENSG00000155621,C9orf85,protein_coding,9,71911510,71986054,M3,4982,1970,3.821717849,35.67890759,-0.001054453,0.172979155,-0.137756916,-0.174767437,-0.003724657,No Mediation,No Mediation,No Mediation,M3,M3,40,23,23,3
1971,chr7_93240483_C_T_b38,ENSG00000004766,VPS50,protein_coding,7,93232340,93361123,ENSG00000250814,LINC02221,lncRNA,5,9854371,9899970,M3,4983,1971,0.003884643,0.296833578,-3.53E-07,0.005435005,0.152752871,0.181797341,0.009654262,No Mediation,No Mediation,No Mediation,M3,M0.1,49,26,26,3
1972,chr3_42788027_CA_C_b38,ENSG00000181061,HIGD1A,protein_coding,3,42782908,42804490,ENSG00000148513,ANKRD30A,protein_coding,10,37125598,37232567,M0,4984,1972,0.068119445,3.868116154,6.13000056030465e-05,0.014660658,0.082945904,-0.336086264,-0.015264059,No Mediation,No Mediation,No Mediation,M3,M3,59,26,26,2
1973,chr1_159935478_T_C_b38,ENSG00000162723,SLAMF9,protein_coding,1,159951492,159954237,ENSG00000176160,HSF5,protein_coding,17,58420167,58488408,M3,4986,1973,-0.002914344,0.728913888,0.000471534,0.085018403,0.139614435,0.171480527,0.057823811,No Mediation,No Mediation,No Mediation,M3,M3,67,37,37,1
1974,chr5_80098218_A_G_b38,ENSG00000249825,THBS4-AS1,lncRNA,5,80052374,80083654,ENSG00000257467,PPFIA2-AS1,lncRNA,12,81270669,81312422,M3,4991,1974,0.001575678,0.148613739,1.71439986666856e-06,0.00633147,-0.170257623,0.185057141,-0.036474112,No Mediation,No Mediation,No Mediation,M3,M3,54,36,36,2
1975,chr22_29363199_C_G_b38,ENSG00000100280,AP1B1,protein_coding,22,29327680,29388583,ENSG00000215910,C1orf167,protein_coding,1,11761787,11789585,M0,4998,1975,-0.082891754,7.413266273,-0.000634254,0.051096147,-0.116330691,0.187716258,-0.055595358,No Mediation,No Mediation,Undirected,M3,M3,48,35,35,2
1976,chr11_5226561_C_G_b38,ENSG00000176239,OR51B6,protein_coding,11,5351508,5352446,ENSG00000204382,XAGE1B,protein_coding,X,52512077,52520803,M0,5001,1976,0.013410564,0.222606504,-2.51E-05,0.007185332,0.060195133,-0.195225579,-0.054489621,No Mediation,No Mediation,No Mediation,M3,Other,47,30,30,4
1977,chr3_130641683_C_T_b38,ENSG00000196455,PIK3R4,protein_coding,3,130678934,130746829,ENSG00000236724,,lncRNA,9,3875584,3878809,M3,5004,1977,-0.020219732,0.713343766,1.2487921562005e-05,0.020266614,0.129005064,0.245319048,0.018938042,No Mediation,No Mediation,No Mediation,M3,M3,57,27,27,3
1978,chr3_48381084_A_G_b38,ENSG00000232112,TMA7,protein_coding,3,48440257,48444208,ENSG00000145020,AMT,protein_coding,3,49416778,49422685,M0,5005,1978,0.862474074,27.92387115,0.003691145,1.505256694,-0.099863071,0.19221078,-0.062310868,No Mediation,No Mediation,No Mediation,M0.2,M3,57,34,34,1
1979,chr21_28931363_C_A_b38,ENSG00000156239,N6AMT1,protein_coding,21,28872191,28885371,ENSG00000182824,FAM230E,lncRNA,22,18733914,18757906,M3,5006,1979,0.00111281,0.185833062,-1.49E-05,0.001610631,-0.152165078,0.194102322,0.004760638,No Mediation,No Mediation,No Mediation,M3,M3,58,31,31,1
1980,chr12_42708441_G_A_b38,ENSG00000139174,PRICKLE1,protein_coding,12,42456757,42590355,ENSG00000074755,ZZEF1,protein_coding,17,4004445,4143030,M3,5008,1980,-0.000125152,0.097408115,-0.015510529,1.309744372,0.14733291,0.207756617,0.05199749,No Mediation,No Mediation,No Mediation,M3,M3,54,35,35,1
1981,chr11_126431554_T_C_b38,ENSG00000149571,KIRREL3,protein_coding,11,126423358,127003460,ENSG00000169499,PLEKHA2,protein_coding,8,38901235,38973912,M3,5017,1981,0.001215459,0.05760489,0.09340841,5.919377497,0.149256604,0.178371619,0.077995752,No Mediation,No Mediation,No Mediation,M3,M3,56,39,39,3
1982,chr1_21472521_C_T_b38,ENSG00000233431,LINC02596,lncRNA,1,21586472,21591187,ENSG00000026950,BTN3A1,protein_coding,6,26402237,26415208,Other,5019,1982,-0.001918174,1.391790185,-0.207027767,20.20609766,0.095230886,0.196582789,-0.15230733,Undirected,Undirected,Undirected,M2.2,M2.2,51,32,32,3
1983,chr12_31712600_C_T_b38,ENSG00000139160,ETFBKMT,protein_coding,12,31647160,31673114,ENSG00000185290,NUPR2,protein_coding,7,56114681,56116417,M3,5021,1983,-0.001447717,0.315567573,0.001464308,0.422724621,-0.1248498,-0.174682316,-0.056024858,No Mediation,No Mediation,No Mediation,M3,M0.1,50,29,29,0
1984,chr1_222546244_T_C_b38,ENSG00000225265,TAF1A-AS1,lncRNA,1,222589825,222593843,ENSG00000248275,TRIM52-AS1,lncRNA,5,181261169,181272307,M3,5022,1984,-0.001021194,0.125099909,0.171910143,5.270263846,-0.18885619,0.212473381,-0.003239668,No Mediation,No Mediation,No Mediation,M3,M3,45,25,25,2
1985,chr7_105515483_C_T_b38,ENSG00000091127,PUS7,protein_coding,7,105439661,105522271,ENSG00000267564,,lncRNA,18,11447756,11489369,M3,5023,1985,0.001498856,0.226006052,3.62437104129966e-05,0.011468193,0.249447141,0.17991007,-0.016992871,No Mediation,No Mediation,No Mediation,M3,M3,46,28,28,2
1986,chr1_151227038_A_G_b38,ENSG00000143390,RFX5,protein_coding,1,151340640,151347326,ENSG00000163121,NEURL3,protein_coding,2,96497646,96508109,M3,5024,1986,-0.011321534,1.629507921,2.31557108684262e-05,0.098271486,-0.146793575,0.176143404,0.012862846,No Mediation,No Mediation,No Mediation,M3,M3,56,29,29,3
1987,chr4_69216109_G_T_b38,ENSG00000250696,,lncRNA,4,69182100,69216766,ENSG00000261194,LINC01898,lncRNA,18,75696044,75712851,M0,5025,1987,0.002634375,0.505031912,-6.45E-07,0.002069812,-0.077786352,0.170324981,-0.01834701,No Mediation,No Mediation,No Mediation,M0.2,M0.1,53,32,32,1
1988,chr14_105076883_C_T_b38,ENSG00000170779,CDCA4,protein_coding,14,105009573,105021083,ENSG00000071894,CPSF1,protein_coding,8,144393229,144409335,M0,5031,1988,-0.011853698,0.773566071,0.031205105,10.99206858,0.121988748,0.17235155,0.055306051,No Mediation,No Mediation,No Mediation,M3,M3,48,29,29,2
1989,chr13_99413867_C_T_b38,ENSG00000125245,GPR18,protein_coding,13,99254732,99261744,ENSG00000232891,,lncRNA,6,150600834,150605850,M4,5032,1989,-0.021089489,2.020166919,-0.000829225,0.157105726,0.158106858,0.178243405,0.109697999,Undirected,Undirected,Undirected,M4,M1.1,53,36,36,2
1990,chr1_93381634_A_T_b38,ENSG00000117505,DR1,protein_coding,1,93345907,93369493,ENSG00000230472,,lncRNA,6,50587607,50637205,M3,5035,1990,0.017986783,1.180877998,5.52495614454583e-06,0.005351202,-0.163257725,-0.179651829,-0.014870944,No Mediation,No Mediation,No Mediation,M3,M3,48,24,24,1
1991,chr19_49571900_G_C_b38,ENSG00000126464,PRR12,protein_coding,19,49591182,49626439,ENSG00000233605,LINC01851,lncRNA,2,77915870,77918011,M3,5041,1991,-0.007955331,1.092133042,4.27446179231477e-05,0.007941425,0.136034787,0.175105922,0.006091857,No Mediation,No Mediation,No Mediation,M3,M3,46,25,25,2
1992,chr2_74460131_A_ACACATTT_b38,ENSG00000239779,WBP1,protein_coding,2,74458400,74460891,ENSG00000274767,,lncRNA,17,36183235,36196471,M3,5047,1992,0.126230902,5.896048655,-0.00552238,3.276754913,-0.136691158,0.235752609,-0.048664277,No Mediation,No Mediation,No Mediation,M3,M3,53,37,37,3
1993,chrX_150479092_C_T_b38,ENSG00000013619,MAMLD1,protein_coding,X,150361422,150514178,ENSG00000267579,,lncRNA,18,58557070,58566677,M0,5049,1993,-0.001211726,0.291221151,-0.000152049,0.026420556,-0.099913549,0.178132434,-0.104579093,No Mediation,No Mediation,Undirected,M0.2,M0.2,55,27,27,2
1994,chr15_23053730_A_G_b38,ENSG00000275835,TUBGCP5,protein_coding,15,22983192,23039572,ENSG00000249865,,lncRNA,5,7367929,7373074,M3,5051,1994,-0.000843917,0.216603026,-2.80E-05,0.011273044,0.161904184,0.276902809,0.03893999,No Mediation,No Mediation,No Mediation,M3,M3,55,22,22,1
1995,chr8_6935484_A_T_b38,ENSG00000164821,DEFA4,protein_coding,8,6935820,6938306,ENSG00000036448,MYOM2,protein_coding,8,2045046,2165552,M0,5057,1995,66.51499062,439.1668987,-0.064042614,10.6605375,0.024819923,0.200553785,-0.040548191,No Mediation,No Mediation,No Mediation,M0.2,Other,56,41,41,2
1996,chr2_237680884_G_A_b38,ENSG00000124831,LRRFIP1,protein_coding,2,237627587,237813682,ENSG00000274419,TBC1D3D,protein_coding,17,38003976,38014902,M0,5060,1996,-0.050749567,9.384472216,-0.004420253,0.792225763,-0.094331713,-0.187807494,0.059496922,No Mediation,No Mediation,No Mediation,M3,M0.2,48,31,31,1
1997,chr1_37611020_C_T_b38,ENSG00000134697,GNL2,protein_coding,1,37566816,37595937,ENSG00000113838,TBCCD1,protein_coding,3,186546067,186570543,M3,5062,1997,-0.011664293,0.760616319,0.00652131,0.429041905,0.130530465,0.188669429,0.041398811,No Mediation,No Mediation,No Mediation,M3,M3,34,27,27,3
1998,chrX_108043536_G_A_b38,ENSG00000101844,ATG4A,protein_coding,X,108091668,108154671,ENSG00000242012,,lncRNA,3,182365147,182368256,M0,5063,1998,0.024571971,1.345486666,2.40340936012325e-05,0.004841511,0.120479032,0.29193614,0.010884664,No Mediation,No Mediation,No Mediation,M3,M0.2,51,20,20,2
1999,chr17_7237821_C_G_b38,ENSG00000040633,PHF23,protein_coding,17,7235029,7239722,ENSG00000253626,EIF5AL1,protein_coding,10,79512533,79516440,M3,5065,1999,-0.003758896,6.913754585,0.003792992,0.371508813,-0.126336982,0.239652404,-0.077931805,No Mediation,No Mediation,No Mediation,M3,M3,49,27,27,1
2000,chr14_103533846_C_T_b38,ENSG00000166165,CKB,protein_coding,14,103519667,103522833,ENSG00000140941,MAP1LC3B,protein_coding,16,87383953,87404779,M0,5068,2000,0.03259335,2.784670787,0.685310172,26.07474338,-0.095722906,-0.179192945,-0.049428171,No Mediation,No Mediation,No Mediation,M3,M3,56,34,34,2
2001,chr7_150578376_C_T_b38,ENSG00000179144,GIMAP7,protein_coding,7,150514872,150521073,ENSG00000237468,,lncRNA,6,146594516,146598931,M3,5074,2001,-0.04371441,20.96210876,-1.43E-05,0.003676379,-0.155941703,0.171466471,-0.062959767,No Mediation,No Mediation,No Mediation,M3,M3,50,18,18,0
2002,chr17_59857634_A_G_b38,ENSG00000108443,RPS6KB1,protein_coding,17,59893046,59950574,ENSG00000230737,,lncRNA,2,29890371,29892354,M3,5075,2002,-0.000512447,0.469956662,-2.21E-05,0.003695702,0.130289996,0.20459364,0.034070516,No Mediation,No Mediation,No Mediation,M3,M3,50,19,19,2
2003,chr19_50804800_A_C_b38,ENSG00000167748,KLK1,protein_coding,19,50819146,50823787,ENSG00000254552,XIRP2-AS1,lncRNA,2,167123904,167140955,M0,5076,2003,-0.005940711,1.005440775,-2.12E-05,0.004767963,0.109450855,0.187210628,0.037657473,No Mediation,No Mediation,No Mediation,M0.2,M3,44,32,32,6
2004,chr1_148434963_TGCATTGCGAGGCGCCGGGCCTCCC_T_b38,ENSG00000274020,LINC01138,lncRNA,1,148290889,148519604,ENSG00000264343,NOTCH2NLA,protein_coding,1,146146203,146229026,M4,5079,2004,-0.004952149,0.939685597,0.003856902,0.435643763,0.149516613,0.184231082,-0.155959218,No Mediation,No Mediation,No Mediation,M3,M3,46,29,29,3
2005,chr10_86753161_C_T_b38,ENSG00000272734,ADIRF-AS1,lncRNA,10,86965345,86971311,ENSG00000271715,,lncRNA,5,10269489,10269918,M3,5080,2005,-0.000402144,0.286651911,0.000211766,0.039638055,-0.161388943,0.174335842,-0.096387391,No Mediation,No Mediation,Undirected,M0.1,M1.1,54,32,32,1
2006,chr22_38737654_G_A_b38,ENSG00000225450,,lncRNA,22,38739003,38749041,ENSG00000215271,HOMEZ,protein_coding,14,23272422,23299447,M4,5081,2006,-0.06410502,4.77035774,0.0046023,0.471160904,-0.151551273,0.212512158,-0.138788707,No Mediation,No Mediation,No Mediation,M3,M3,49,38,38,3
2007,chr1_160982919_C_T_b38,ENSG00000158764,ITLN2,protein_coding,1,160945025,160954809,ENSG00000136383,ALPK3,protein_coding,15,84817356,84873479,M3,5083,2007,-0.001809382,0.261163018,-0.008005291,0.848681069,-0.134154693,-0.173020201,0.002049036,No Mediation,No Mediation,Trans Mediated,M0.1,M0.1,62,35,35,4
2008,chr15_40847504_C_T_b38,ENSG00000166145,SPINT1,protein_coding,15,40844018,40858207,ENSG00000273012,,lncRNA,10,33341655,33341905,M0,5085,2008,-0.031036743,3.427542875,-2.54E-05,0.009602392,-0.101780587,0.376328612,-0.037693518,No Mediation,No Mediation,No Mediation,M3,M0.2,51,15,15,1
2009,chr5_177497495_G_C_b38,ENSG00000196923,PDLIM7,protein_coding,5,177483394,177497606,ENSG00000272619,FAM131B-AS1,lncRNA,7,143363899,143364229,M0,5086,2009,1.836339683,53.83187656,-5.80E-06,0.086559237,0.038895466,-0.174440213,-0.033192353,No Mediation,No Mediation,No Mediation,M0.2,M0.2,50,34,34,1
2010,chr6_52403210_T_G_b38,ENSG00000065308,TRAM2,protein_coding,6,52497408,52577060,ENSG00000162627,SNX7,protein_coding,1,98661701,98760500,M0,5087,2010,-0.000553112,0.875186398,-0.002483087,0.210491657,-0.098145555,0.20387867,-0.007150902,No Mediation,Cis Mediated,Undirected,M3,M0.1,48,34,34,7
2011,chr1_184739484_A_C_b38,ENSG00000116406,EDEM3,protein_coding,1,184690237,184754907,ENSG00000111843,TMEM14C,protein_coding,6,10722915,10731129,M3,5090,2011,0.001390149,1.553558334,0.098162926,5.99733771,-0.125228181,-0.18906057,-0.023448218,No Mediation,No Mediation,No Mediation,M3,M3,42,35,35,2
2012,chr14_95670438_C_A_b38,ENSG00000187621,TCL6,lncRNA,14,95650498,95679833,ENSG00000261114,,lncRNA,16,56941028,56941726,M0,5091,2012,-0.003285105,0.49371988,-0.013285043,1.740948613,0.064880576,0.187837384,0.027881006,No Mediation,No Mediation,No Mediation,M3,M0.2,56,39,39,3
2013,chr19_5899632_AT_A_b38,ENSG00000174886,NDUFA11,protein_coding,19,5891276,5904006,ENSG00000183783,KCTD8,protein_coding,4,44173903,44448809,M0,5100,2013,0.030774642,2.127328213,0.000225813,0.027456501,0.11618349,-0.172076472,-0.06579428,No Mediation,No Mediation,No Mediation,M3,M3,56,40,40,3
2014,chr1_156901526_G_A_b38,ENSG00000187800,PEAR1,protein_coding,1,156893698,156916429,ENSG00000255246,,lncRNA,11,82603529,82643445,M0,5102,2014,0.016135351,1.131415054,7.26565929232778e-06,0.003028935,0.073995523,0.207953941,0.045285023,No Mediation,No Mediation,No Mediation,M0.2,M0.2,59,32,32,3
2015,chr4_86930956_G_T_b38,ENSG00000163633,C4orf36,protein_coding,4,86876205,86892422,ENSG00000125637,PSD4,protein_coding,2,113157325,113209396,M3,5103,2015,-0.000101177,0.073385599,-0.076330323,9.252867963,0.208906429,-0.185233674,-0.102334076,No Mediation,No Mediation,No Mediation,M3,M3,39,28,28,2
2016,chr19_51427157_G_T_b38,ENSG00000254760,,lncRNA,19,51414298,51414965,ENSG00000180539,C9orf139,lncRNA,9,137027464,137037957,M4,5105,2016,-0.004231065,1.654542783,0.010686994,5.467248046,0.169510222,0.179715181,0.107256473,No Mediation,No Mediation,No Mediation,M3,M3,51,33,33,1
2017,chr2_119321202_T_C_b38,ENSG00000186132,C2orf76,protein_coding,2,119302225,119366834,ENSG00000130768,SMPDL3B,protein_coding,1,27935000,27959157,M3,5108,2017,-0.006034525,0.667528665,0.002322489,0.626839453,0.177431176,-0.18931514,0.000183253,Undirected,Undirected,Undirected,M4,M0.1,54,34,34,0
2018,chr19_50458805_G_A_b38,ENSG00000204653,ASPDH,protein_coding,19,50511600,50514690,ENSG00000160049,DFFA,protein_coding,1,10456522,10472529,M0,5111,2018,0.005387334,1.206197401,0.003318005,0.381696009,-0.012638335,0.174021249,-0.076818329,No Mediation,No Mediation,No Mediation,M0.2,M0.2,51,33,33,4
2019,chr2_206705079_A_C_b38,ENSG00000232125,DYTN,protein_coding,2,206651621,206721570,ENSG00000163527,STT3B,protein_coding,3,31532638,31637616,M3,5113,2019,-0.000210594,0.339307236,0.014756358,4.401631048,0.310960634,-0.186436685,-0.00602378,No Mediation,No Mediation,No Mediation,M0.1,M3,58,33,33,1
2020,chrX_3822804_C_T_b38,ENSG00000205664,RP11-706O15.1,protein_coding,X,3735569,3761898,ENSG00000137267,TUBB2A,protein_coding,6,3153497,3157544,M3,5117,2020,0.004961388,0.654270741,0.725591691,12.0861568,-0.210933272,0.236062672,-0.091221874,No Mediation,No Mediation,No Mediation,M3,M3,49,30,30,0
2021,chr19_55586255_T_C_b38,ENSG00000218891,ZNF579,protein_coding,19,55576774,55580848,ENSG00000267082,,lncRNA,19,11203628,11216168,M0,5120,2021,0.003042992,0.480296484,0.055617376,0.579522393,0.097914397,-0.175911117,-0.027616979,No Mediation,No Mediation,No Mediation,M3,M0.2,46,18,18,2
2022,chrX_47900172_C_T_b38,ENSG00000147118,ZNF182,protein_coding,X,47974851,48003989,ENSG00000010361,FUZ,protein_coding,19,49806866,49817376,M3,5121,2022,-0.009702846,0.751989969,0.062483067,2.809382052,0.209292306,-0.185541201,-0.147831049,No Mediation,No Mediation,No Mediation,M3,M3,43,36,36,4
2023,chr12_98485136_C_T_b38,ENSG00000245017,LINC02453,lncRNA,12,98485544,98503855,ENSG00000151665,PIGF,protein_coding,2,46580937,46617055,M3,5125,2023,0.000926263,0.103294207,-0.001719928,0.283072352,-0.148196715,0.179004024,-0.087488517,No Mediation,No Mediation,No Mediation,M3,M3,42,26,26,3
2024,chr5_95851444_A_C_b38,ENSG00000236882,LINC01554,lncRNA,5,95838245,95860133,ENSG00000182534,MXRA7,protein_coding,17,76672551,76711004,M0,5126,2024,-0.008691944,1.627342157,0.027284194,4.160468528,0.024639998,0.170066193,-0.022995143,No Mediation,No Mediation,No Mediation,M0.2,M0.2,61,38,38,0
2025,chr5_172388296_A_G_b38,ENSG00000168246,UBTD2,protein_coding,5,172209646,172283764,ENSG00000168255,POLR2J3,protein_coding,7,102537918,102572653,M3,5130,2025,0.000507333,0.538534377,-0.004200583,0.918447079,0.218373888,0.172517197,0.048054264,No Mediation,No Mediation,No Mediation,M3,M3,48,30,30,1
2026,chr5_153989277_G_A_b38,ENSG00000037749,MFAP3,protein_coding,5,154038959,154220478,ENSG00000253174,,lncRNA,8,41540381,41545044,M0,5132,2026,-0.004554936,0.684063562,9.57605504631082e-06,0.042891313,-0.113627496,0.385439889,0.022253234,No Mediation,No Mediation,No Mediation,M3,M3,56,24,24,1
2027,chr16_48567380_A_G_b38,ENSG00000261267,,lncRNA,16,48559661,48587403,ENSG00000272977,,lncRNA,22,25476218,25479971,M3,5136,2027,0.005173112,0.314033649,-0.002013343,0.344971934,-0.157981079,-0.213340468,0.112965356,No Mediation,No Mediation,No Mediation,M3,M3,49,34,34,1
2028,chr9_137557159_T_C_b38,ENSG00000148399,DPH7,protein_coding,9,137554444,137578925,ENSG00000255647,,lncRNA,5,90410000,90410669,M3,5138,2028,-0.003794837,0.798902872,0.000417285,0.042642934,-0.141276189,0.179981631,-0.048299348,No Mediation,No Mediation,No Mediation,M3,M3,47,27,27,0
2029,chr9_34698416_CTACTGCAAAATG_C_b38,ENSG00000164967,RPP25L,protein_coding,9,34610486,34612104,ENSG00000213145,CRIP1,protein_coding,14,105486317,105488947,M0,5141,2029,-0.040969921,3.691483749,0.755361951,34.30793214,0.098111708,-0.187095356,-0.008610017,No Mediation,No Mediation,No Mediation,M3,M3,54,33,33,3
2030,chr10_86443910_G_A_b38,ENSG00000062650,WAPL,protein_coding,10,86435256,86521792,ENSG00000259823,LYPD8,protein_coding,1,248739415,248755759,M3,5144,2030,0.011618763,1.100684121,0.000160703,0.09500731,0.177856892,-0.171947543,0.006913369,No Mediation,No Mediation,No Mediation,M3,M3,50,35,35,3
2031,chr1_35135439_A_G_b38,ENSG00000197056,ZMYM1,protein_coding,1,35032172,35115859,ENSG00000268618,,lncRNA,19,8549506,8550139,M3,5146,2031,0.00242528,0.259670453,-0.025275247,3.119257219,-0.154560729,-0.283330029,-0.008331101,No Mediation,No Mediation,No Mediation,M3,M3,62,34,34,1
2032,chr6_110311766_A_G_b38,ENSG00000112290,WASF1,protein_coding,6,110099819,110180004,ENSG00000170632,ARMC10,protein_coding,7,103074881,103099759,M0,5147,2032,-0.001705554,0.589804544,-0.0016035,1.26149962,-0.099688594,0.23754923,-0.005275714,No Mediation,No Mediation,No Mediation,M3,M3,51,41,41,3
2033,chr17_49206453_C_T_b38,ENSG00000167083,GNGT2,protein_coding,17,49202791,49210574,ENSG00000167244,IGF2,protein_coding,11,2129112,2141238,M3,5149,2033,0.036897802,2.165120486,0.081149093,6.183252122,0.14290222,0.192530376,0.075242039,No Mediation,No Mediation,No Mediation,M3,M3,52,25,25,3
2034,chr7_42938543_G_C_b38,ENSG00000261019,,lncRNA,7,42901272,42902639,ENSG00000185028,LRRC14B,protein_coding,5,191495,196334,M3,5154,2034,-0.003327524,0.267072157,-0.001832484,0.253472386,-0.231880784,-0.182601436,-0.02306786,No Mediation,No Mediation,No Mediation,M3,M3,52,31,31,2
2035,chr15_83095945_A_G_b38,ENSG00000140598,EFL1,protein_coding,15,82130233,82262734,ENSG00000259306,,lncRNA,15,51315841,51321996,M4,5155,2035,-0.005821372,0.519421036,0.000104048,0.038312241,0.167190553,0.360742897,0.17098499,No Mediation,No Mediation,No Mediation,M4,M3,50,22,22,0
2036,chr6_26881447_ATAACT_A_b38,ENSG00000228223,HCG11,lncRNA,6,26521709,26527404,ENSG00000259730,,lncRNA,15,47944044,47949509,M3,5158,2036,0.003896,0.375101425,9.6365562356694e-06,0.007685283,0.163744375,0.191606603,0.002679779,No Mediation,No Mediation,No Mediation,M3,M3,53,15,15,2
2037,chr4_176019184_G_T_b38,ENSG00000150625,GPM6A,protein_coding,4,175632934,176002664,ENSG00000139223,ANP32D,protein_coding,12,48472559,48473622,M0,5162,2037,0.001613344,0.301411073,0.000889165,0.072079129,0.109855365,-0.17437776,-0.037413287,No Mediation,No Mediation,No Mediation,M3,M3,47,17,17,1
2038,chr6_30255943_C_T_b38,ENSG00000204599,TRIM39,protein_coding,6,30326479,30343729,ENSG00000204713,TRIM27,protein_coding,6,28903002,28923988,M3,5163,2038,-0.024434902,1.637833524,-0.00195872,20.73310355,0.174080346,0.205453854,-0.04645161,No Mediation,No Mediation,No Mediation,M3,M3,47,39,39,1
2039,chr16_1822478_A_G_b38,ENSG00000063854,HAGH,protein_coding,16,1795620,1827157,ENSG00000236936,,lncRNA,1,21266082,21267251,M0,5174,2039,1.653379257,11.84000369,0.00830035,0.483198389,-0.100172427,0.174123938,0.015333212,No Mediation,No Mediation,No Mediation,M3,M3,38,27,27,2
2040,chr1_35590926_A_G_b38,ENSG00000126067,PSMB2,protein_coding,1,35599541,35641526,ENSG00000237670,LINC01866,lncRNA,2,16970034,16974497,M0,5176,2040,-0.02006203,1.759641028,-8.45E-06,0.006869947,-0.120716014,0.401850188,-0.077586762,No Mediation,No Mediation,No Mediation,M3,M3,49,31,31,6
2041,chr7_55484139_T_C_b38,ENSG00000132434,LANCL2,protein_coding,7,55365337,55433737,ENSG00000264196,,lncRNA,17,72839039,72839718,M3,5177,2041,0.001569166,0.339692827,-0.000676723,0.063308893,0.152104479,0.177214136,0.088701508,Undirected,Undirected,Undirected,M4,M3,41,30,30,1
2042,chr9_20655342_A_G_b38,ENSG00000188352,FOCAD,protein_coding,9,20658309,20995955,ENSG00000161640,SIGLEC11,protein_coding,19,49948985,49961172,M3,5182,2042,-0.005820513,0.445092389,-0.026861383,1.542755139,0.175178679,0.246999078,0.036272229,No Mediation,No Mediation,No Mediation,M3,M3,51,33,33,1
2043,chr7_92486787_C_T_b38,ENSG00000127993,RBM48,protein_coding,7,92528773,92540481,ENSG00000196578,OR5AC2,protein_coding,3,98087173,98088102,M3,5185,2043,-0.000428756,0.601650648,-0.000162193,0.016066189,-0.139172604,0.277669876,-0.034721739,Undirected,Undirected,Undirected,M4,M3,49,33,33,4
2044,chr16_25018436_C_T_b38,ENSG00000140750,ARHGAP17,protein_coding,16,24919389,25015666,ENSG00000174446,SNAPC5,protein_coding,15,66490135,66497780,M3,5186,2044,-0.04974611,2.039961555,0.005435341,0.861671194,-0.148713578,0.187360423,-0.046644326,No Mediation,No Mediation,No Mediation,M3,M3,52,32,32,4
2045,chr9_128301890_C_T_b38,ENSG00000167113,COQ4,protein_coding,9,128322544,128334072,ENSG00000214642,DEFB113,protein_coding,6,49968677,49969625,M3,5187,2045,-0.001766158,0.714580464,-8.31E-06,0.0153177,0.124290176,0.214077451,0.061119605,No Mediation,No Mediation,No Mediation,M3,M3,57,22,22,2
2046,chr8_90196579_C_T_b38,ENSG00000253394,LINC00534,lncRNA,8,90221341,90687863,ENSG00000232445,EMSLR,lncRNA,7,101308270,101314800,M3,5191,2046,0.004147632,0.19326977,-0.001388878,0.116076151,0.203390853,0.180936824,-0.021588302,No Mediation,No Mediation,No Mediation,M3,M3,49,34,34,1
2047,chr1_2578436_C_G_b38,ENSG00000157873,TNFRSF14,protein_coding,1,2555639,2565382,ENSG00000249984,,lncRNA,5,92675956,92688254,M0,5192,2047,0.246015753,27.25879232,2.46558571614432e-07,0.004222093,-0.053791542,0.281465915,-0.064757753,No Mediation,No Mediation,No Mediation,M0.2,M0.2,50,28,28,3
2048,chr2_72035218_G_A_b38,ENSG00000116096,SPR,protein_coding,2,72887382,72892158,ENSG00000125450,NUP85,protein_coding,17,75205659,75235758,M0,5202,2048,-0.00319275,1.980688101,-0.015031628,2.018763201,0.087449091,0.305128295,0.009156411,No Mediation,No Mediation,No Mediation,M0.2,M0.2,62,37,37,0
2049,chr11_78214883_GACTT_G_b38,ENSG00000118369,USP35,protein_coding,11,78188812,78215232,ENSG00000274767,,lncRNA,17,36183235,36196471,M0,5203,2049,-0.019537105,1.08620242,-0.00552238,3.276754913,0.106995649,0.172529755,-0.005028569,No Mediation,No Mediation,No Mediation,M0.2,M0.2,49,33,33,4
2050,chr19_6459341_C_A_b38,ENSG00000125648,SLC25A23,protein_coding,19,6436079,6465203,ENSG00000257155,,lncRNA,14,31558507,31561334,M0,5206,2050,0.005476264,0.74949466,-4.59E-05,0.006673653,0.086988851,0.242907526,0.049991016,No Mediation,No Mediation,No Mediation,M3,M0.2,51,24,24,0
2051,chr1_20601164_C_A_b38,ENSG00000117242,PINK1-AS,lncRNA,1,20642657,20652193,ENSG00000251033,,lncRNA,5,26711551,26749997,M3,5208,2051,-0.002620105,0.409475691,-1.95E-05,0.002671256,0.223525977,0.19950754,0.006444604,No Mediation,No Mediation,No Mediation,M3,M3,63,26,26,1
2052,chr16_69450627_G_C_b38,ENSG00000102908,NFAT5,protein_coding,16,69565094,69704666,ENSG00000274419,TBC1D3D,protein_coding,17,38003976,38014902,M3,5209,2052,0.000549099,0.809755894,-0.004420253,0.792225763,0.168502547,0.175834446,0.097739968,No Mediation,No Mediation,No Mediation,M3,M3,49,34,34,2
2053,chr11_63971967_C_T_b38,ENSG00000176340,COX8A,protein_coding,11,63974620,63976543,ENSG00000133703,KRAS,protein_coding,12,25205246,25250936,M0,5210,2053,7.974935907,87.82474764,-0.03372338,2.379076884,-0.037671198,0.174933449,-0.005510147,No Mediation,No Mediation,No Mediation,M0.2,M0.2,53,31,31,1
2054,chrX_150728164_T_C_b38,ENSG00000171100,MTM1,protein_coding,X,150568621,150673143,ENSG00000229522,LINC01523,lncRNA,20,47983404,47984313,M3,5211,2054,-0.00706567,0.918532987,8.796402044434e-05,0.009936409,0.16396348,0.189648758,0.074672556,No Mediation,No Mediation,No Mediation,M3,M3,51,30,30,2
2055,chr21_42940170_C_T_b38,ENSG00000160201,U2AF1,protein_coding,21,43092956,43107570,ENSG00000274276,CBSL,protein_coding,21,6444869,6468040,M0,5212,2055,-0.003966113,0.453666124,0.001667395,0.339926179,0.100725123,0.288652536,0.003471913,No Mediation,No Mediation,No Mediation,M3,M0.2,50,26,26,0
2056,chr16_611439_A_G_b38,ENSG00000007541,PIGQ,protein_coding,16,566995,584109,ENSG00000260798,,lncRNA,16,68814330,68823526,M2,5214,2056,0.17956587,3.776326108,0.000233896,0.039102906,0.061481584,0.170035017,0.150335991,No Mediation,Cis Mediated,Undirected,M0.2,M0.2,40,18,18,2
2057,chr5_84125802_G_T_b38,ENSG00000164176,EDIL3,protein_coding,5,83940554,84384880,ENSG00000079785,DDX1,protein_coding,2,15591178,15634346,M0,5218,2057,0.001300974,0.091767043,-0.020508711,1.474392261,-0.062707349,-0.192394539,0.051205877,No Mediation,No Mediation,No Mediation,M3,M3,39,32,32,2
2058,chr17_78992980_C_T_b38,ENSG00000171302,CANT1,protein_coding,17,78991716,79009867,ENSG00000248296,,lncRNA,5,124492775,124536348,M0,5219,2058,-0.038429339,8.341675567,6.5551443391874e-05,0.010435292,0.113968747,0.209033414,0.015619279,No Mediation,No Mediation,No Mediation,M3,M3,43,25,25,4
2059,chr16_4855126_T_G_b38,ENSG00000140632,GLYR1,protein_coding,16,4803203,4847288,ENSG00000228634,,lncRNA,1,31933020,31933975,M0,5220,2059,-0.085508815,3.291544398,0.003713484,0.378817655,-0.094567802,0.200469604,0.045929946,No Mediation,No Mediation,No Mediation,M3,M3,51,36,36,4
2060,chr17_44593125_T_C_b38,ENSG00000073670,ADAM11,protein_coding,17,44758988,44781846,ENSG00000185290,NUPR2,protein_coding,7,56114681,56116417,M3,5224,2060,6.28077508464678e-05,0.08327806,0.001464308,0.422724621,-0.205750177,0.191477443,-0.033443195,No Mediation,No Mediation,No Mediation,M3,M3,51,28,28,1
2061,chr17_7403968_T_C_b38,ENSG00000187838,PLSCR3,protein_coding,17,7389727,7394842,ENSG00000170667,RASA4B,protein_coding,7,102479976,102517777,M3,5228,2061,0.036559257,5.335550863,0.000300775,0.254931159,0.207614714,-0.209959363,-0.041630642,No Mediation,No Mediation,No Mediation,M3,M0.1,57,38,38,0
2062,chr19_831815_GT_G_b38,ENSG00000172232,AZU1,protein_coding,19,825097,832018,ENSG00000183632,TP53TG3,protein_coding,16,32673528,32676732,M0,5229,2062,15.42983946,203.3401556,-9.59E-06,0.002214778,-0.002136745,0.345653316,-0.009054801,No Mediation,No Mediation,No Mediation,M0.2,M0.2,47,29,29,0
2063,chr19_58118469_G_GCGGGGC_b38,ENSG00000181894,ZNF329,protein_coding,19,58126248,58155110,ENSG00000259959,,lncRNA,4,47840122,47844339,M3,5233,2063,0.000303826,0.382358193,0.001483348,0.683449345,-0.131895686,0.185145986,-0.081692181,No Mediation,No Mediation,No Mediation,M3,M3,56,32,32,2
2064,chr16_67547980_A_G_b38,ENSG00000102977,ACD,protein_coding,16,67657512,67660815,ENSG00000111843,TMEM14C,protein_coding,6,10722915,10731129,M0,5235,2064,-0.019471063,2.328167252,0.098162926,5.99733771,-0.109032354,0.290442348,-0.07909061,No Mediation,No Mediation,No Mediation,M3,M3,51,41,41,0
2065,chr18_79791738_A_G_b38,ENSG00000267780,,lncRNA,18,79792726,79816529,ENSG00000234556,LINC00701,lncRNA,10,2305083,2315075,M0,5236,2065,-0.014067915,0.877480469,3.59858332218997e-05,0.00402756,0.110780123,0.205475745,0.000964675,No Mediation,No Mediation,No Mediation,M3,M3,34,23,23,3
2066,chr10_19759459_CTTTA_C_b38,ENSG00000233968,,lncRNA,10,19710328,19728550,ENSG00000167671,UBXN6,protein_coding,19,4444999,4457794,M0,5237,2066,0.001953625,0.240973589,34.78777983,163.8764422,-0.122265991,0.175535842,0.06971943,No Mediation,No Mediation,No Mediation,M3,M3,42,27,27,2
2067,chr17_67377863_C_G_b38,ENSG00000154217,PITPNC1,protein_coding,17,67377281,67697261,ENSG00000204428,LY6G5C,protein_coding,6,31676684,31684040,M3,5238,2067,0.036951542,2.623984606,-0.005692012,2.085014859,-0.12790502,0.196883057,-0.06406027,No Mediation,No Mediation,No Mediation,M3,M0.1,51,30,30,0
2068,chr19_45502566_T_G_b38,ENSG00000125744,RTN2,protein_coding,19,45485294,45497055,ENSG00000242072,,lncRNA,7,115647461,115676329,M0,5239,2068,-0.087855177,5.054938079,1.67502888138215e-05,0.003970085,-0.102800169,0.189737169,-0.060925123,No Mediation,No Mediation,No Mediation,M0.2,M3,51,31,31,3
2069,chr8_94957029_G_A_b38,ENSG00000253878,,lncRNA,8,94950037,94951396,ENSG00000265579,,lncRNA,18,72743756,72745961,M3,5241,2069,0.002982084,0.223869277,0.000408233,0.218815887,-0.162423613,0.171626628,0.018726392,No Mediation,No Mediation,No Mediation,M3,M3,44,32,32,1
2070,chr11_107869185_A_C_b38,ENSG00000110660,SLC35F2,protein_coding,11,107790991,107928293,ENSG00000224691,,lncRNA,1,186176814,186177302,M3,5246,2070,0.001730731,0.393250899,-1.57E-05,0.01222324,0.165350995,-0.202897917,-0.00034228,No Mediation,No Mediation,No Mediation,M3,M3,53,35,35,1
2071,chr8_97275602_G_A_b38,ENSG00000180543,TSPYL5,protein_coding,8,97273488,97277928,ENSG00000177673,TEX44,protein_coding,2,231592864,231594276,M3,5249,2071,0.000515387,0.172734171,0.000299661,0.038510338,0.162125832,0.183760778,0.064822858,No Mediation,No Mediation,No Mediation,M3,M3,50,22,22,1
2072,chr12_113149437_C_T_b38,ENSG00000111344,RASAL1,protein_coding,12,113098819,113136239,ENSG00000251031,,lncRNA,5,144856890,145228982,M3,5254,2072,-0.000986424,0.121216559,3.21362162713373e-05,0.00611906,0.154157306,0.216695165,-0.010016092,No Mediation,No Mediation,No Mediation,M3,M3,53,16,16,0
2073,chr17_6440484_T_TA_b38,ENSG00000129195,PIMREG,protein_coding,17,6444441,6451469,ENSG00000109272,PF4V1,protein_coding,4,73853296,73854483,M0,5255,2073,-0.0163103,0.850832324,0.190266408,7.53864147,-0.080765046,0.179261894,-0.020940838,No Mediation,No Mediation,No Mediation,M3,M3,57,39,39,2
2074,chr5_131161374_C_T_b38,ENSG00000169567,HINT1,protein_coding,5,131155383,131224468,ENSG00000111843,TMEM14C,protein_coding,6,10722915,10731129,M0,5256,2074,0.220367651,13.33272282,0.098162926,5.99733771,-0.0417655,0.28663192,0.008164817,No Mediation,No Mediation,No Mediation,M0.2,M0.2,49,35,35,0
2075,chr12_120291727_C_A_b38,ENSG00000089163,SIRT4,protein_coding,12,120302316,120313249,ENSG00000261057,LINC00555,lncRNA,13,102589372,102589813,M3,5257,2075,0.000306738,0.264463558,0.000110238,0.023544326,0.200950996,0.305762246,0.107426453,No Mediation,No Mediation,No Mediation,M3,M3,50,27,27,0
2076,chr9_131715387_A_C_b38,ENSG00000130717,UCK1,protein_coding,9,131523801,131531264,ENSG00000131669,NINJ1,protein_coding,9,93121496,93134251,M3,5259,2076,-0.045776151,2.014213928,7.0332083,103.0134353,-0.155799384,-0.176747495,-0.00804773,No Mediation,No Mediation,No Mediation,M3,M3,47,30,30,4
2077,chr1_44619610_T_C_b38,ENSG00000126106,TMEM53,protein_coding,1,44635238,44674481,ENSG00000275703,,lncRNA,12,6899752,6900212,M3,5264,2077,-0.000894716,0.376509584,0.00538176,0.585766138,-0.138388752,0.187467715,0.035191686,No Mediation,No Mediation,No Mediation,M3,M3,52,29,29,2
2078,chr6_3342841_T_C_b38,ENSG00000137266,SLC22A23,protein_coding,6,3268962,3457050,ENSG00000177854,TMEM187,protein_coding,X,153972754,153983194,M0,5266,2078,0.04150607,0.720046468,-0.037835735,1.581404834,-0.087963839,-0.202063922,-0.023159465,No Mediation,No Mediation,No Mediation,M3,M3,41,32,32,3
2079,chr13_109731998_G_A_b38,ENSG00000185950,IRS2,protein_coding,13,109752695,109786583,ENSG00000273402,,lncRNA,8,237045,237669,M0,5267,2079,0.00857481,7.643719929,0.001474391,0.177006983,0.114378489,0.178202634,-0.026827936,No Mediation,No Mediation,No Mediation,M3,M3,52,31,31,2
2080,chr1_149796950_T_C_b38,ENSG00000150337,FCGR1A,protein_coding,1,149782671,149791675,ENSG00000180090,OR3A1,protein_coding,17,3291017,3298360,M0,5268,2080,-0.578300185,37.6567132,-0.000120479,0.031695207,-0.073658102,0.220273312,0.00587877,No Mediation,No Mediation,No Mediation,M3,M0.2,51,38,38,2
2081,chr4_169721630_C_T_b38,ENSG00000137601,NEK1,protein_coding,4,169392809,169612627,ENSG00000254236,,lncRNA,8,103020187,103021428,M3,5270,2081,0.000330091,0.146644229,0.000195919,0.084939144,0.167110293,0.181085077,0.07025802,No Mediation,No Mediation,No Mediation,M3,M3,48,29,29,3
2082,chr3_196874650_T_G_b38,ENSG00000119231,SENP5,protein_coding,3,196867856,196934714,ENSG00000261757,,lncRNA,5,142703782,142705421,M3,5271,2082,-0.007618205,0.87685958,1.89971847669482e-05,0.00792545,0.152066066,0.171049091,-0.00092889,No Mediation,No Mediation,No Mediation,M3,M3,47,35,35,2
2083,chr7_5872458_A_G_b38,ENSG00000008256,CYTH3,protein_coding,7,6161776,6272644,ENSG00000215231,LINC01020,lncRNA,5,4987789,5070314,M3,5274,2083,-0.011098727,0.908786798,-1.46E-05,0.003853476,-0.259369504,0.386918313,-0.05198587,Cis Mediated,Cis Mediated,Undirected,M3,M3,53,26,26,1
2084,chr11_73449323_T_C_b38,ENSG00000215841,,lncRNA,11,73214998,73215913,ENSG00000249261,,lncRNA,5,124868972,124869914,M3,5276,2084,0.002196941,0.761410325,-2.63E-05,0.016936076,0.149107561,0.208106166,0.00903606,No Mediation,No Mediation,No Mediation,M3,M3,43,18,18,0
2085,chr10_97850261_C_T_b38,ENSG00000155265,GOLGA7B,protein_coding,10,97849843,97871580,ENSG00000231990,,lncRNA,9,93808347,93858340,M3,5277,2085,-0.001402779,0.608945366,-0.000142001,0.012432443,-0.139169516,0.22333703,-0.043203311,No Mediation,No Mediation,No Mediation,M3,M3,53,38,38,4
2086,chr14_23352152_G_A_b38,ENSG00000092096,SLC22A17,protein_coding,14,23346306,23352912,ENSG00000102239,BRS3,protein_coding,X,136487947,136493780,M3,5278,2086,0.009479817,0.892440484,0.002600547,0.110915324,0.148476747,0.255875963,0.069861822,No Mediation,No Mediation,Undirected,M3,M3,71,31,31,1
2087,chr17_9564139_G_T_b38,ENSG00000154914,USP43,protein_coding,17,9644698,9729687,ENSG00000260206,,lncRNA,15,75636139,75639239,M3,5279,2087,-0.001148456,0.186568429,0.000202226,0.078540758,-0.141140509,0.171402485,0.070106224,No Mediation,No Mediation,No Mediation,M3,M3,51,32,32,1
2088,chr14_74620733_C_G_b38,ENSG00000119681,LTBP2,protein_coding,14,74498183,74612378,ENSG00000225742,LINC02036,lncRNA,3,194202392,194250203,M3,5280,2088,0.012207605,0.646626735,4.19158338431839e-05,0.017775756,-0.131026304,0.181803335,-0.096505094,No Mediation,No Mediation,No Mediation,M3,M3,50,29,29,0
2089,chr12_118211042_A_T_b38,ENSG00000089220,PEBP1,protein_coding,12,118136124,118145584,ENSG00000250977,,lncRNA,4,138664725,138665569,M0,5283,2089,0.264729028,30.06596581,-0.000128503,0.034979386,-0.043033404,0.172352612,0.003164815,No Mediation,No Mediation,No Mediation,M0.2,M0.2,55,22,22,2
2090,chr11_86322801_A_T_b38,ENSG00000149196,HIKESHI,protein_coding,11,86302211,86345943,ENSG00000255276,RRM1-AS1,lncRNA,11,4137116,4138257,M3,5289,2090,0.011115212,1.182632582,2.37641083954055e-05,0.120496019,0.210526608,0.174541181,-0.041928782,No Mediation,No Mediation,No Mediation,M3,M4,48,21,21,1
2091,chr16_4734039_G_C_b38,ENSG00000168096,ANKS3,protein_coding,16,4696510,4734378,ENSG00000184428,TOP1MT,protein_coding,8,143304384,143359979,M3,5293,2091,-0.004693862,0.445147332,0.006999735,3.075825754,0.289439735,0.398410874,0.146017831,No Mediation,No Mediation,No Mediation,M3,M3,59,22,22,2
2092,chr5_36299445_G_C_b38,ENSG00000145604,SKP2,protein_coding,5,36151989,36196849,ENSG00000181481,RNF135,protein_coding,17,30970984,30999911,M3,5294,2092,-0.002105768,0.445415277,-0.100508448,5.510196474,0.146662419,-0.188822609,-0.064918055,No Mediation,No Mediation,No Mediation,M3,M3,50,38,38,3
2093,chr10_97633477_G_A_b38,ENSG00000171160,MORN4,protein_coding,10,97614553,97633500,ENSG00000173598,NUDT4,protein_coding,12,93377883,93408146,M4,5296,2093,0.001957555,0.112376874,0.167573223,3.115532994,-0.148490017,0.182424625,0.157010203,No Mediation,No Mediation,No Mediation,M3,M3,41,29,29,3
2094,chr19_17937206_A_G_b38,ENSG00000007080,CCDC124,protein_coding,19,17933015,17943991,ENSG00000185290,NUPR2,protein_coding,7,56114681,56116417,M0,5301,2094,0.68576023,8.160675452,0.001464308,0.422724621,0.110995897,0.181512058,0.015790318,No Mediation,No Mediation,No Mediation,M3,M3,43,32,32,2
2095,chr19_57727854_C_T_b38,ENSG00000083814,ZNF671,protein_coding,19,57719751,57727624,ENSG00000281880,PAUPAR,lncRNA,11,31812307,32002405,M4,5302,2095,-0.004287149,0.934233741,1.407396893866e-05,0.003354445,-0.154939863,0.253892164,-0.114639325,No Mediation,No Mediation,Undirected,M3,M3,48,20,20,1
2096,chr1_208446513_T_G_b38,ENSG00000076356,PLXNA2,protein_coding,1,208022242,208244384,ENSG00000093134,VNN3,protein_coding,6,132722787,132736935,M0,5307,2096,-0.002177594,0.552237823,-0.00311201,19.56575225,0.055425224,0.198044801,0.084833108,No Mediation,No Mediation,No Mediation,M3,M3,58,30,30,2
2097,chr1_989148_C_A_b38,ENSG00000272512,,lncRNA,1,995966,998051,ENSG00000173272,MZT2A,protein_coding,2,131464900,131492743,M0,5308,2097,0.000172513,0.556990421,0.277965299,6.266483709,0.081906904,0.247893131,-0.020694326,No Mediation,No Mediation,No Mediation,M3,M3,43,32,32,5
2098,chr1_150635844_CAAG_C_b38,ENSG00000203804,ADAMTSL4-AS1,lncRNA,1,150560202,150562115,ENSG00000135845,PIGC,protein_coding,1,172370189,172444086,M0,5309,2098,-0.026234847,4.268715841,0.101657778,1.589845772,-0.103328059,-0.182311848,-0.025217076,No Mediation,No Mediation,No Mediation,M3,M3,45,29,29,1
2099,chr11_65129981_C_T_b38,ENSG00000149806,FAU,protein_coding,11,65120630,65122177,ENSG00000168710,AHCYL1,protein_coding,1,109984765,110023742,M0,5315,2099,12.37100812,105.3277753,-0.011169974,2.094137772,0.077633759,-0.185064165,-0.007031302,No Mediation,No Mediation,No Mediation,Other,Other,62,39,39,2
2100,chr19_8484576_T_A_b38,ENSG00000099783,HNRNPM,protein_coding,19,8444767,8489114,ENSG00000162627,SNX7,protein_coding,1,98661701,98760500,M3,5318,2100,-0.181503567,8.496862495,-0.002483087,0.210491657,0.181653497,0.235918051,0.027284869,No Mediation,No Mediation,No Mediation,M3,M0.1,42,33,33,5
2101,chr7_151076577_C_T_b38,ENSG00000164896,FASTK,protein_coding,7,151076593,151080866,ENSG00000226022,,lncRNA,3,6148484,6365885,M0,5319,2101,-0.075073219,4.552206734,0.000159019,0.011536683,0.045540287,0.195074638,0.027789995,No Mediation,No Mediation,No Mediation,M3,M3,55,29,29,2
2102,chr3_142934670_C_T_b38,ENSG00000188582,PAQR9,protein_coding,3,142949164,142963674,ENSG00000255871,,lncRNA,12,16693800,16695977,M0,5320,2102,0.00638854,0.168065837,4.9566810847959e-05,0.005771763,-0.098101536,0.243998049,-0.062118996,No Mediation,No Mediation,No Mediation,M0.2,M0.2,40,23,23,5
2103,chr4_87332079_T_C_b38,ENSG00000145332,KLHL8,protein_coding,4,87160103,87240314,ENSG00000237787,LINC02877,lncRNA,3,153431856,153502697,M0,5321,2103,0.005360908,2.513726836,4.70990735076198e-05,0.012440041,0.020425631,0.260560038,-0.000533168,No Mediation,No Mediation,No Mediation,M0.2,M0.2,46,30,30,2
2104,chr19_14617683_C_T_b38,ENSG00000131355,ADGRE3,protein_coding,19,14619117,14690027,ENSG00000162441,LZIC,protein_coding,1,9922113,9943407,M0,5328,2104,0.220220351,22.75410696,0.00672834,0.918631444,-0.058503479,0.17019263,0.08818788,No Mediation,No Mediation,No Mediation,M0.2,M0.2,44,31,31,4
2105,chr17_56820462_G_A_b38,ENSG00000214226,C17orf67,protein_coding,17,56791913,56838773,ENSG00000242536,,lncRNA,3,157814822,158088997,M0,5329,2105,-0.004579601,0.699828347,2.60110448549828e-06,0.007712564,-0.101692693,0.199160009,0.00752195,No Mediation,No Mediation,No Mediation,M0.1,Other,48,42,42,9
2106,chr19_17859305_G_C_b38,ENSG00000105640,RPL18A,protein_coding,19,17859910,17864153,ENSG00000273143,DUSP5-DT,lncRNA,10,110428840,110496590,M0,5333,2106,21.80592025,151.7976551,0.001493715,0.237041456,0.020278696,0.274100757,-0.029526398,No Mediation,No Mediation,No Mediation,M3,M3,55,36,36,2
2107,chr3_134101224_C_T_b38,ENSG00000163785,RYK,protein_coding,3,134065303,134250859,ENSG00000230173,LINC01790,lncRNA,2,194730595,194761435,M3,5334,2107,0.004572766,0.763689943,3.19787724893375e-05,0.005857358,0.275026015,0.44037858,0.195916873,No Mediation,No Mediation,No Mediation,M3,M3,45,33,33,7
2108,chr12_82493724_A_G_b38,ENSG00000127720,METTL25,protein_coding,12,82358528,82479239,ENSG00000260596,DUX4,protein_coding,4,190173774,190185942,M3,5335,2108,-0.005832612,0.424226213,-1.49E-06,0.001355749,0.211346371,0.178621932,0.021187432,No Mediation,No Mediation,No Mediation,M3,M3,50,15,15,1
2109,chr7_100116427_G_T_b38,ENSG00000106258,CYP3A5,protein_coding,7,99648194,99679998,ENSG00000091127,PUS7,protein_coding,7,105439661,105522271,M0,5336,2109,0.002205306,0.203416968,0.001498856,0.226006052,-0.045661951,-0.180309745,0.049719971,No Mediation,No Mediation,No Mediation,M0.2,Other,51,29,29,0
2110,chr5_43037924_G_A_b38,ENSG00000177721,ANXA2R,protein_coding,5,43039233,43043170,ENSG00000259448,LINC02352,lncRNA,15,31215622,31224445,M3,5338,2110,0.005280415,1.936326064,0.056310131,1.34624332,0.167580389,-0.227547508,-0.079681586,No Mediation,No Mediation,No Mediation,M3,M3,42,25,25,2
2111,chr22_49944578_G_A_b38,ENSG00000278869,,lncRNA,22,49933198,49934074,ENSG00000116017,ARID3A,protein_coding,19,925781,975939,M4,5340,2111,0.007034433,1.938433708,-0.04745108,4.158196323,0.170315974,0.190449582,0.18243847,Cis Mediated,Undirected,Undirected,M4,M1.1,53,34,34,1
2112,chr12_51048833_A_C_b38,ENSG00000050426,LETMD1,protein_coding,12,51047962,51060424,ENSG00000228404,,lncRNA,21,46185079,46188941,M3,5341,2112,0.011008695,1.464520301,-0.000272722,0.122137833,0.196855884,-0.214932344,-0.103892095,No Mediation,No Mediation,No Mediation,M3,M3,52,32,32,2
2113,chr10_119166954_C_CCA_b38,ENSG00000165672,PRDX3,protein_coding,10,119167720,119178812,ENSG00000185290,NUPR2,protein_coding,7,56114681,56116417,M0,5343,2113,-0.04486943,11.02705584,0.001464308,0.422724621,0.067603132,0.203293747,-0.006005605,No Mediation,No Mediation,No Mediation,M3,M3,60,33,33,1
2114,chr20_44521668_G_A_b38,ENSG00000132824,SERINC3,protein_coding,20,44496221,44522085,ENSG00000237571,LINC02862,lncRNA,2,215274992,215277947,M3,5344,2114,-0.056620486,9.823573493,-7.13E-05,0.009224035,-0.129981714,0.224990919,0.018896995,No Mediation,No Mediation,No Mediation,M3,M3,51,34,34,1
2115,chr16_70730774_C_A_b38,ENSG00000214353,VAC14-AS1,lncRNA,16,70755035,70773251,ENSG00000111843,TMEM14C,protein_coding,6,10722915,10731129,M3,5345,2115,-0.000419809,0.08165632,0.098162926,5.99733771,-0.142424845,0.22075702,0.068272182,No Mediation,No Mediation,No Mediation,M3,M3,53,36,36,0
2116,chr7_101111694_G_A_b38,ENSG00000169871,TRIM56,protein_coding,7,101085481,101097967,ENSG00000253593,,lncRNA,8,133886496,133902407,M0,5346,2116,-0.066513705,3.883156743,-0.000219646,0.026126136,-0.076173942,-0.256515353,0.018229653,No Mediation,No Mediation,No Mediation,M0.2,M0.2,51,33,33,1
2117,chr3_134600613_C_T_b38,ENSG00000154928,EPHB1,protein_coding,3,134795260,135260467,ENSG00000160447,PKN3,protein_coding,9,128702503,128720916,M3,5347,2117,0.006643971,0.860311359,-1.73E-05,0.719650655,0.152496974,0.175962636,0.063012641,No Mediation,No Mediation,No Mediation,M3,M3,50,30,30,3
2118,chr17_58336274_C_A_b38,ENSG00000005381,MPO,protein_coding,17,58269855,58280935,ENSG00000227432,ASIC4-AS1,lncRNA,2,219482073,219516877,M0,5348,2118,9.941049571,168.1421159,-0.000180582,0.039465752,-0.029738628,0.202568401,-0.01245991,No Mediation,No Mediation,No Mediation,M0.2,M0.2,57,28,28,0
2119,chrX_24466011_GGTGTTGCT_G_b38,ENSG00000067992,PDK3,protein_coding,X,24465270,24550466,ENSG00000255179,,lncRNA,11,7222933,7230863,M3,5351,2119,-0.03485056,4.330245452,-5.32E-05,0.007372939,0.185176824,0.338415698,0.036125029,No Mediation,No Mediation,No Mediation,M3,M3,62,22,22,2
2120,chr5_179832030_G_A_b38,ENSG00000161011,SQSTM1,protein_coding,5,179806398,179838078,ENSG00000268318,LINC01872,lncRNA,19,51271266,51281234,M0,5353,2120,0.161226079,10.21013984,0.000205372,0.016857182,-0.079747167,-0.17244593,0.001637817,No Mediation,No Mediation,No Mediation,M0.2,M0.2,51,30,30,1
2121,chr6_142378811_A_C_b38,ENSG00000009844,VTA1,protein_coding,6,142147162,142224685,ENSG00000259448,LINC02352,lncRNA,15,31215622,31224445,M3,5355,2121,0.004650386,0.531419016,0.056310131,1.34624332,-0.154989952,0.226533203,-0.057741531,No Mediation,No Mediation,No Mediation,M3,M3,45,27,27,3
2122,chr7_76403349_T_C_b38,ENSG00000170027,YWHAG,protein_coding,7,76326799,76358991,ENSG00000228013,IL6R-AS1,lncRNA,1,154402328,154406564,M0,5356,2122,-0.024996102,5.491196924,-0.000146103,0.120139774,0.11166932,0.175052745,0.090216978,No Mediation,No Mediation,No Mediation,M3,M3,52,36,36,0
2123,chr14_59473009_T_C_b38,ENSG00000181619,GPR135,protein_coding,14,59429022,59465342,ENSG00000111843,TMEM14C,protein_coding,6,10722915,10731129,M3,5358,2123,0.000408393,0.053746155,0.098162926,5.99733771,0.205003567,0.186089993,0.089202701,No Mediation,No Mediation,No Mediation,M3,M3,54,33,33,1
2124,chr5_157334062_C_T_b38,ENSG00000172568,FNDC9,protein_coding,5,157341598,157345677,ENSG00000168255,POLR2J3,protein_coding,7,102537918,102572653,M3,5359,2124,-0.003263281,0.217021236,-0.004200583,0.918447079,0.154531533,0.211640459,-0.097181951,No Mediation,No Mediation,No Mediation,M3,M3,52,38,38,1
2125,chr19_38668743_C_CAG_b38,ENSG00000130402,ACTN4,protein_coding,19,38647649,38731589,ENSG00000231507,LINC01353,lncRNA,1,203273221,203288804,M0,5365,2125,-0.186768364,20.48497527,0.007994313,0.666263878,-0.0347225,-0.17771654,0.090939111,No Mediation,No Mediation,No Mediation,M0.2,M0.2,53,32,32,0
2126,chr7_133116461_T_G_b38,ENSG00000106554,CHCHD3,protein_coding,7,132784870,133082090,ENSG00000170632,ARMC10,protein_coding,7,103074881,103099759,M3,5379,2126,0.011779923,1.337486512,-0.0016035,1.26149962,0.138741654,0.329755109,0.005958132,No Mediation,No Mediation,No Mediation,M3,M3,51,35,35,5
2127,chr12_7310645_A_T_b38,ENSG00000177575,CD163,protein_coding,12,7470811,7503893,ENSG00000185290,NUPR2,protein_coding,7,56114681,56116417,M0,5384,2127,4.833870094,181.9016113,0.001464308,0.422724621,0.107951225,-0.182651749,0.005503349,No Mediation,No Mediation,No Mediation,M3,M0.2,51,32,32,1
2128,chr9_15507682_AT_A_b38,ENSG00000164985,PSIP1,protein_coding,9,15464066,15510995,ENSG00000115009,CCL20,protein_coding,2,227805739,227817564,M3,5386,2128,0.004629271,1.23472655,0.049165679,26.26980071,-0.14574457,0.215423192,-0.011968349,No Mediation,No Mediation,No Mediation,M3,M3,53,27,27,3
2129,chr10_70247550_G_A_b38,ENSG00000079332,SAR1A,protein_coding,10,70147289,70170523,ENSG00000241839,PLEKHO2,protein_coding,15,64841883,64868002,M0,5392,2129,-0.027763096,2.148537259,-0.222891541,35.50306803,0.085313855,0.172196492,0.033671834,No Mediation,No Mediation,No Mediation,M3,M3,51,38,38,3
2130,chr9_12870864_A_G_b38,ENSG00000153714,LURAP1L,protein_coding,9,12775020,12823060,ENSG00000179615,OR2AP1,protein_coding,12,55572468,55575612,M3,5399,2130,-0.001939263,0.168475388,-0.000417452,0.0368065,0.485351142,0.444366123,0.207849387,No Mediation,No Mediation,No Mediation,M3,M3,37,23,23,4
2131,chr12_15545850_A_G_b38,ENSG00000151490,PTPRO,protein_coding,12,15322257,15602175,ENSG00000172757,CFL1,protein_coding,11,65823022,65862026,M3,5401,2131,0.001022071,0.212242142,19.48185944,145.8667979,0.157819484,0.184164878,0.046664072,No Mediation,No Mediation,No Mediation,M3,M0.1,57,29,29,2
2132,chr1_92376810_A_C_b38,ENSG00000162676,GFI1,protein_coding,1,92473043,92486925,ENSG00000254239,,lncRNA,5,135897637,135900250,M0,5406,2132,0.020983508,3.415345724,7.6097973605875e-05,0.03152462,0.091904531,0.272272057,0.023016585,No Mediation,No Mediation,No Mediation,M3,M3,56,31,31,3
2133,chr5_14572603_T_C_b38,ENSG00000145569,OTULINL,protein_coding,5,14581792,14616180,ENSG00000156171,DRAM2,protein_coding,1,111117163,111140203,M1.2,5407,2133,-0.016785739,4.562554984,0.010443529,3.359890946,0.073718056,0.191411545,0.107899477,No Mediation,No Mediation,No Mediation,M3,M3,55,40,40,2
2134,chr2_20228362_C_T_b38,ENSG00000055917,PUM2,protein_coding,2,20248691,20352234,ENSG00000258772,,lncRNA,14,20916766,20928580,M0,5408,2134,0.030975577,2.154433102,-1.64E-05,0.01489174,-0.067966951,0.233086624,-0.015994186,No Mediation,No Mediation,No Mediation,M0.2,M3,52,27,27,4
2135,chr19_35769209_T_C_b38,ENSG00000105672,ETV2,protein_coding,19,35641745,35644871,ENSG00000205352,PRR13,protein_coding,12,53441678,53446645,M3,5409,2135,0.000433357,0.143155715,7.352200454,98.26713642,0.230490357,-0.185512297,-0.036900263,No Mediation,No Mediation,No Mediation,M3,M3,48,29,29,2
2136,chr12_106976812_G_A_b38,ENSG00000120832,MTERF2,protein_coding,12,106977277,106987160,ENSG00000258672,,lncRNA,14,99691445,99693648,M3,5411,2136,0.002987198,0.505250141,3.16976943354552e-05,0.009098556,-0.147671152,0.183467483,-0.059039722,No Mediation,No Mediation,No Mediation,M3,M3,55,26,26,2
2137,chr2_68218181_ATTAAT_A_b38,ENSG00000221823,PPP3R1,protein_coding,2,68178857,68256237,ENSG00000261749,LINC02180,lncRNA,16,52085210,52099120,M0,5413,2137,0.127091954,9.005178229,-1.32E-05,0.005441879,0.088271717,0.244763258,-0.035367617,No Mediation,No Mediation,No Mediation,M3,M3,46,27,27,3
2138,chr12_106249226_C_A_b38,ENSG00000136026,CKAP4,protein_coding,12,106237881,106304279,ENSG00000258007,,lncRNA,12,101038420,101039094,M0,5414,2138,-0.401259087,46.22822613,5.86393770757227e-06,0.004092355,-0.112686006,0.27622883,-0.002061299,No Mediation,No Mediation,No Mediation,M3,M3,74,20,20,1
2139,chr3_58686910_G_A_b38,ENSG00000198643,FAM3D,protein_coding,3,58633946,58666834,ENSG00000131944,FAAP24,protein_coding,19,32972209,32978229,M0,5418,2139,-0.004319543,0.528250971,-0.003396965,0.580312284,0.033470522,-0.182814228,-0.056502594,No Mediation,No Mediation,Undirected,M0.2,M3,53,37,37,4
2140,chr19_45156663_A_G_b38,ENSG00000189114,BLOC1S3,protein_coding,19,45178784,45216933,ENSG00000140263,SORD,protein_coding,15,45023147,45077185,M3,5419,2140,-0.018575161,2.347053706,-0.000829475,0.824698193,-0.16845331,0.184313401,-0.043216901,No Mediation,No Mediation,No Mediation,M3,M0.1,54,32,32,1
2141,chr3_39107689_A_G_b38,ENSG00000168026,TTC21A,protein_coding,3,39107680,39138903,ENSG00000111843,TMEM14C,protein_coding,6,10722915,10731129,M0,5423,2141,-0.00503027,0.618051688,0.098162926,5.99733771,-0.096896244,0.207162653,-0.084663023,No Mediation,No Mediation,No Mediation,M3,M3,43,35,35,4
2142,chr11_45363319_T_A_b38,ENSG00000254427,LINC02696,lncRNA,11,45355371,45367490,ENSG00000260805,,lncRNA,1,212557833,212559731,M3,5424,2142,0.00032114,0.086363179,-0.005401695,0.426602661,-0.144952636,0.175908511,-0.037735574,No Mediation,No Mediation,No Mediation,M0.1,M0.1,44,22,22,2
2143,chr14_77321352_G_T_b38,ENSG00000009830,POMT2,protein_coding,14,77274956,77320883,ENSG00000108515,ENO3,protein_coding,17,4948092,4957131,M3,5425,2143,-0.00386849,0.339520645,-0.09143577,41.58794075,0.136282162,0.198765749,-0.002284976,No Mediation,No Mediation,No Mediation,M3,M3,62,22,22,2
2144,chr12_57585772_A_G_b38,ENSG00000166908,PIP4K2C,protein_coding,12,57591174,57603418,ENSG00000170632,ARMC10,protein_coding,7,103074881,103099759,M3,5428,2144,-0.070750672,2.506330475,-0.0016035,1.26149962,0.165213259,-0.17806735,0.040858615,No Mediation,No Mediation,No Mediation,M3,M3,47,35,35,4
2145,chr4_112217036_A_C_b38,ENSG00000073331,ALPK1,protein_coding,4,112285509,112442621,ENSG00000262001,DLGAP1-AS2,lncRNA,18,3603000,3608336,M0,5445,2145,-0.030692062,10.72831722,-0.000728278,1.020224435,-0.100770465,0.177097807,-0.118572237,No Mediation,No Mediation,No Mediation,M3,M0.1,58,36,36,2
2146,chr20_59253868_A_C_b38,ENSG00000124203,ZNF831,protein_coding,20,59123381,59259113,ENSG00000152454,ZNF256,protein_coding,19,57940833,57947706,M3,5450,2146,0.001704838,0.545109501,-0.002916535,0.39729074,0.166180069,-0.206207804,-0.135386899,No Mediation,No Mediation,No Mediation,M3,M3,46,33,33,4
2147,chr2_200279723_G_A_b38,ENSG00000196141,SPATS2L,protein_coding,2,200305881,200482264,ENSG00000135974,C2orf49,protein_coding,2,105337532,105349211,M0,5451,2147,-0.003267337,0.646800665,0.002154133,0.492595059,0.088427172,0.181801961,0.039644536,No Mediation,No Mediation,No Mediation,M3,M0.2,53,35,35,5
2148,chr7_87866057_G_A_b38,ENSG00000075303,SLC25A40,protein_coding,7,87833568,87876360,ENSG00000236340,GRM8-AS1,lncRNA,7,127215127,127229927,M0,5452,2148,-0.007476192,3.566097657,-5.81E-06,0.004657076,-0.019897714,0.245527158,-0.015448034,No Mediation,No Mediation,No Mediation,M0.2,M0.2,56,31,31,1
2149,chr17_75764545_T_C_b38,ENSG00000132471,WBP2,protein_coding,17,75845699,75856507,ENSG00000183791,TCEB3C,protein_coding,18,44554573,44556449,M0,5453,2149,6.792881655,75.04482951,7.83405496247778e-06,0.002404388,-0.090620841,0.199113015,0.008450713,No Mediation,No Mediation,No Mediation,M3,M0.2,58,17,17,1
2150,chr19_9541508_G_A_b38,ENSG00000278611,ZNF426-DT,lncRNA,19,9538693,9539734,ENSG00000272824,,lncRNA,1,148358245,148358686,M3,5458,2150,0.000946082,0.259093653,0.001487469,0.669939347,-0.179841158,0.275565363,-0.102689209,No Mediation,No Mediation,No Mediation,M3,M3,45,24,24,1
2151,chr4_1014616_A_G_b38,ENSG00000127418,FGFRL1,protein_coding,4,1009936,1026898,ENSG00000227364,,lncRNA,2,2729908,2730957,M3,5459,2151,0.017096916,1.534643766,3.02748788889498e-05,0.005282653,0.141401099,0.249018284,0.028425698,No Mediation,No Mediation,No Mediation,M3,M3,54,35,35,3
2152,chr14_100180480_G_A_b38,ENSG00000168350,DEGS2,protein_coding,14,100143957,100159645,ENSG00000071889,FAM3A,protein_coding,X,154506159,154516242,M3,5460,2152,-0.000775634,0.135636584,0.099203368,3.768332987,0.13975172,-0.22491408,-0.028170314,No Mediation,No Mediation,No Mediation,M0.2,M0.2,53,36,36,2
2153,chr17_38981041_A_G_b38,ENSG00000263874,LINC00672,protein_coding,17,38925168,38929384,ENSG00000258081,,lncRNA,14,26599755,27295516,M3,5462,2153,-0.035685203,2.069498004,-5.43E-05,0.00596122,-0.131774024,0.176003594,-0.011446429,No Mediation,No Mediation,No Mediation,M3,M3,58,22,22,1
2154,chr17_40148103_C_A_b38,ENSG00000108349,CASC3,protein_coding,17,40140318,40172171,ENSG00000215231,LINC01020,lncRNA,5,4987789,5070314,M0,5466,2154,0.857372774,17.93550928,-1.46E-05,0.003853476,-0.111526805,0.289664713,-0.053690713,No Mediation,No Mediation,No Mediation,M0.2,M0.2,53,29,29,3
2155,chr11_3005704_T_C_b38,ENSG00000205531,NAP1L4,protein_coding,11,2944431,2992377,ENSG00000265489,ARHGAP44-AS1,lncRNA,17,12760140,12790242,M3,5468,2155,0.250099818,5.906372398,-1.01E-05,0.006142932,0.223476745,-0.174189537,-0.023258046,No Mediation,No Mediation,No Mediation,M3,M3,40,27,27,3
2156,chr12_64621464_G_A_b38,ENSG00000153179,RASSF3,protein_coding,12,64507001,64697564,ENSG00000055732,MCOLN3,protein_coding,1,85018082,85048500,M0,5473,2156,0.153502112,17.41655563,0.000209677,0.070527588,-0.090988213,-0.171489834,0.063676129,No Mediation,No Mediation,No Mediation,M3,M3,53,43,43,2
2157,chr18_76817732_G_A_b38,ENSG00000278107,,lncRNA,18,76805151,76805736,ENSG00000269986,,lncRNA,16,63066526,63066990,M3,5475,2157,-0.001570192,0.508846425,7.31016754608431e-05,0.013343446,-0.206613091,0.176958135,-0.05797117,No Mediation,No Mediation,No Mediation,M3,M3,59,17,17,0
2158,chr7_26876872_GTTTAA_G_b38,ENSG00000222004,LINC02860,lncRNA,7,26637871,26647305,ENSG00000093167,LRRFIP2,protein_coding,3,37052626,37183689,M3,5476,2158,-0.000536043,0.106197951,0.011624002,2.51584245,0.191827101,-0.193986504,-0.020204852,Cis Mediated,Undirected,Undirected,M0.1,M0.1,44,27,27,1
2159,chr20_17505647_A_T_b38,ENSG00000125864,BFSP1,protein_coding,20,17493905,17569220,ENSG00000111843,TMEM14C,protein_coding,6,10722915,10731129,M3,5481,2159,0.000592291,0.251578431,0.098162926,5.99733771,0.124195001,-0.190591572,-0.009346947,No Mediation,No Mediation,No Mediation,M3,M3,50,33,33,3
2160,chr1_94958709_C_T_b38,ENSG00000226026,,lncRNA,1,95161676,95233982,ENSG00000257737,,lncRNA,12,103654780,103657995,M0,5482,2160,0.003181839,0.070643149,3.99061882870147e-05,0.012660893,-0.103041078,0.243458206,-0.055364438,No Mediation,No Mediation,No Mediation,M0.2,M0.2,43,31,31,2
2161,chr14_103326678_GCACACCTGGAGGGGGACAGTGCCCACA_G_b38,ENSG00000100664,EIF5,protein_coding,14,103333544,103345025,ENSG00000152214,RIT2,protein_coding,18,42743227,43115691,M3,5485,2161,0.104387264,4.299902768,-1.75E-05,0.031428625,0.195317737,0.186184133,0.028816296,No Mediation,No Mediation,No Mediation,M3,M3,43,24,24,3
2162,chr2_64638670_T_C_b38,ENSG00000179833,SERTAD2,protein_coding,2,64631621,64751005,ENSG00000105227,PRX,protein_coding,19,40393766,40414793,M3,5488,2162,0.01643799,2.777169847,-0.002136584,0.409231569,-0.144451824,-0.170323315,-0.001578349,No Mediation,No Mediation,No Mediation,M3,M3,52,31,31,4
2163,chr1_88236_C_T_b38,ENSG00000241860,,lncRNA,1,141474,173862,ENSG00000278646,,protein_coding,X,120877496,120878924,M3,5489,2163,0.000578974,0.321369623,2.06467870710375e-06,0.003546643,0.215081774,0.406559583,0.135920888,No Mediation,No Mediation,No Mediation,M3,M3,27,16,16,3
2164,chr17_4555019_C_T_b38,ENSG00000132382,MYBBP1A,protein_coding,17,4538897,4555386,ENSG00000174837,ADGRE1,protein_coding,19,6887566,6940459,M0,5491,2164,-0.004572288,1.419869136,-0.513943961,38.73578706,0.097016838,-0.193452095,0.009570575,No Mediation,No Mediation,No Mediation,M0.2,M0.2,58,37,37,2
2165,chr4_189881760_T_C_b38,ENSG00000109536,FRG1,protein_coding,4,189940870,189963202,ENSG00000259448,LINC02352,lncRNA,15,31215622,31224445,M3,5492,2165,-0.031608413,2.66958603,0.056310131,1.34624332,0.141338411,-0.259614039,-0.121137111,No Mediation,No Mediation,No Mediation,M3,M3,38,25,25,3
2166,chr14_53053032_A_T_b38,ENSG00000100523,DDHD1,protein_coding,14,53036745,53153323,ENSG00000272218,,lncRNA,4,186892552,186892983,M3,5493,2166,-0.004480758,0.498560782,6.69207338589005e-05,0.011250916,0.154939351,0.363984183,0.026659961,No Mediation,No Mediation,No Mediation,M3,M3,31,19,19,5
2167,chr17_5443830_TCGTG_T_b38,ENSG00000108561,C1QBP,protein_coding,17,5432777,5448830,ENSG00000185290,NUPR2,protein_coding,7,56114681,56116417,M0,5495,2167,0.053454227,4.967857667,0.001464308,0.422724621,0.096179674,0.170223987,-0.021548046,No Mediation,No Mediation,No Mediation,M3,M3,48,31,31,3
2168,chr5_180081199_G_A_b38,ENSG00000249412,,lncRNA,5,179963615,179964419,ENSG00000137267,TUBB2A,protein_coding,6,3153497,3157544,M3,5500,2168,7.45674727289979e-05,0.55043574,0.725591691,12.0861568,0.175765574,0.251645646,-0.011712984,No Mediation,No Mediation,No Mediation,M3,M3,46,31,31,1
2169,chr16_30095661_C_T_b38,ENSG00000149930,TAOK2,protein_coding,16,29973868,29992261,ENSG00000258931,,lncRNA,15,26050538,26052276,M4,5502,2169,-0.021095001,1.463088925,-6.46E-06,0.001759249,-0.158680946,0.356715726,-0.213740518,Cis Mediated,Cis Mediated,Cis Mediated,M1.2,M1.2,40,29,29,3
2170,chr16_30374516_T_C_b38,ENSG00000180096,SEPTIN1,protein_coding,16,30378133,30395991,ENSG00000243716,NPIPB5,protein_coding,16,22479121,22536521,M0,5507,2170,-0.155434232,14.12461317,0.024321904,1.337781124,0.11505263,-0.182683063,-0.08465418,No Mediation,No Mediation,No Mediation,M0.2,M0.2,59,40,40,1
2171,chr6_38169008_T_C_b38,ENSG00000156639,ZFAND3,protein_coding,6,37819727,38154624,ENSG00000259448,LINC02352,lncRNA,15,31215622,31224445,M0,5511,2171,0.323767009,9.028886243,0.056310131,1.34624332,-0.029555233,0.180453364,0.020143746,No Mediation,No Mediation,No Mediation,M0.2,M0.2,52,35,35,1
2172,chr11_126314150_G_T_b38,ENSG00000110080,ST3GAL4,protein_coding,11,126355640,126440344,ENSG00000234832,NXT1-AS1,lncRNA,20,23346941,23351486,M0,5512,2172,0.139419677,17.19738971,7.85654926987073e-05,0.09937273,-0.086625997,0.171644609,0.026211767,No Mediation,No Mediation,No Mediation,M3,M3,51,35,35,3
2173,chr16_90034709_T_A_b38,ENSG00000141013,GAS8,protein_coding,16,90019629,90044975,ENSG00000180712,LINC02363,lncRNA,4,184334292,184353977,M3,5517,2173,0.002244104,0.242242961,-0.002900927,0.505050649,-0.140289018,0.177015367,0.007149266,No Mediation,No Mediation,No Mediation,M3,M3,50,33,33,0
2174,chr4_73859203_G_T_b38,ENSG00000124875,CXCL6,protein_coding,4,73836640,73849064,ENSG00000253174,,lncRNA,8,41540381,41545044,M0,5519,2174,-0.012683868,1.522510144,9.57605504631082e-06,0.042891313,0.01013913,-0.32811144,-0.002696205,No Mediation,No Mediation,No Mediation,M0.2,M0.2,71,27,27,0
2175,chr6_32062152_C_T_b38,ENSG00000241404,EGFL8,protein_coding,6,32164595,32168281,ENSG00000226859,LINC02051,lncRNA,3,186476727,186478370,M0,5521,2175,0.015127523,1.664068805,0.000101898,0.009660841,-0.096197708,0.242575421,0.038701405,No Mediation,No Mediation,No Mediation,M0.2,M3,52,24,24,3
2176,chr14_81417430_T_G_b38,ENSG00000140022,STON2,protein_coding,14,81260656,81436465,ENSG00000224049,,lncRNA,3,187796187,187805258,M0,5522,2176,0.005546618,0.3552402,-0.00031371,0.14018465,-0.062098796,0.198306471,0.008997014,No Mediation,No Mediation,No Mediation,M0.2,M0.2,53,38,38,0
2177,chr3_58521593_C_G_b38,ENSG00000168306,ACOX2,protein_coding,3,58505136,58537283,ENSG00000111843,TMEM14C,protein_coding,6,10722915,10731129,M1.2,5528,2177,-0.001610188,0.513521363,0.098162926,5.99733771,-0.04664412,0.224837913,-0.130225724,Undirected,Undirected,Undirected,M1.2,M0.2,50,37,37,0
2178,chr17_78213194_G_A_b38,ENSG00000089685,BIRC5,protein_coding,17,78214186,78225636,ENSG00000259776,,lncRNA,1,239247808,239250818,M3,5529,2178,-0.018811378,1.37911172,-9.92E-06,0.004515764,0.170759347,0.199346002,0.03684799,No Mediation,No Mediation,No Mediation,M3,M3,50,25,25,2
2179,chr1_212251949_C_A_b38,ENSG00000229832,,lncRNA,1,212357418,212358353,ENSG00000262209,PCDHGB3,protein_coding,5,141370242,141512975,M3,5530,2179,-0.002910205,0.381241137,6.75975164805136e-05,0.029477327,0.135522901,0.187401191,0.08960584,No Mediation,No Mediation,No Mediation,M3,M3,47,33,33,0
2180,chr11_60293725_T_G_b38,ENSG00000110079,MS4A4A,protein_coding,11,60185657,60318080,ENSG00000237179,LINC01797,lncRNA,2,66696190,66703252,M0,5537,2180,-0.281251531,32.04612605,-7.84E-05,0.012098142,0.078247966,0.183172227,-0.010965824,No Mediation,No Mediation,No Mediation,M3,M3,43,24,24,1
2181,chr1_27195682_A_G_b38,ENSG00000186501,TMEM222,protein_coding,1,27322145,27336400,ENSG00000232896,,lncRNA,9,110599475,110605219,M3,5540,2181,-0.066889337,4.461101398,-0.00040118,0.041458931,0.20734946,0.284799521,0.083745898,No Mediation,No Mediation,No Mediation,M3,M0.1,53,44,44,4
2182,chr12_62616557_A_G_b38,ENSG00000257354,,lncRNA,12,62602752,62622213,ENSG00000151655,ITIH2,protein_coding,10,7703316,7749520,M3,5542,2182,-0.000236873,0.184574802,-0.001251878,2.051082142,-0.135147588,0.218163675,0.058369548,No Mediation,No Mediation,No Mediation,M3,M3,48,33,33,3
2183,chr6_43640649_C_T_b38,ENSG00000172426,RSPH9,protein_coding,6,43645036,43672600,ENSG00000268618,,lncRNA,19,8549506,8550139,M3,5543,2183,-0.006776538,0.87354724,-0.025275247,3.119257219,0.158865714,-0.175017979,-0.040247568,No Mediation,No Mediation,No Mediation,M3,M3,61,27,27,1
2184,chr9_135486007_A_G_b38,ENSG00000196422,PPP1R26,protein_coding,9,135479079,135488893,ENSG00000140044,JDP2,protein_coding,14,75427716,75474111,M3,5546,2184,7.92891565543502e-05,0.280698535,0.064648323,9.125864726,0.124027241,0.182252962,0.051183658,No Mediation,No Mediation,No Mediation,M0.1,M0.1,52,33,33,3
2185,chr19_40796913_C_A_b38,ENSG00000167578,RAB4B,protein_coding,19,40778216,40796942,ENSG00000136542,GALNT5,protein_coding,2,157257705,157318491,M0,5559,2185,-0.038624551,17.32693409,0.003508861,0.236322647,-0.079037131,0.322699843,-0.041393889,No Mediation,No Mediation,No Mediation,M0.2,M0.2,65,39,39,2
2186,chr20_5872297_A_G_b38,ENSG00000089195,TRMT6,protein_coding,20,5937228,5950558,ENSG00000249515,LINC02113,lncRNA,5,99549432,99577957,M0,5562,2186,-0.009365069,2.535116376,1.53804345571379e-05,0.008247562,0.11382779,0.188446856,0.066103189,No Mediation,No Mediation,No Mediation,M3,M0.1,51,23,23,2
2187,chr6_53579521_A_G_b38,ENSG00000001084,GCLC,protein_coding,6,53497341,53616970,ENSG00000133816,MICAL2,protein_coding,11,12094008,12359144,Other,5564,2187,0.059602866,1.709241849,0.474746987,5.515988747,-0.054185284,0.172637326,0.290183448,No Mediation,Trans Mediated,Undirected,M3,M3,43,36,36,4
2188,chr11_6609179_T_C_b38,ENSG00000166333,ILK,protein_coding,11,6603708,6610874,ENSG00000104763,ASAH1,protein_coding,8,18055992,18084998,M1.2,5565,2188,0.205487532,14.1760911,-0.431174737,35.25055796,0.00775213,0.185175471,-0.270402464,Undirected,Undirected,Undirected,M1.2,M2.2,56,31,31,2
2189,chr18_58040353_C_T_b38,ENSG00000049759,NEDD4L,protein_coding,18,58044226,58401540,ENSG00000180398,MCFD2,protein_coding,2,46901870,46941855,M0,5567,2189,0.075181619,1.131197275,-0.001793889,1.154363065,-0.036904486,0.178213348,-0.039426545,No Mediation,No Mediation,No Mediation,M0.2,M0.2,37,29,29,7
2190,chr1_1600379_C_T_b38,ENSG00000228594,FNDC10,protein_coding,1,1598012,1600135,ENSG00000248115,,lncRNA,4,52945649,52958087,M3,5574,2190,0.00411812,0.78148586,9.17077074939413e-05,0.017479701,-0.15306431,0.171706574,-0.105173395,No Mediation,No Mediation,No Mediation,M3,M3,50,26,26,1
2191,chr11_119066912_T_TG_b38,ENSG00000256269,HMBS,protein_coding,11,119084866,119093549,ENSG00000111843,TMEM14C,protein_coding,6,10722915,10731129,M2,5577,2191,1.553231253,27.55465285,0.098162926,5.99733771,0.066912145,0.188839856,0.119073836,No Mediation,No Mediation,Undirected,M0.2,M0.2,43,32,32,2
2192,chr5_69382304_G_A_b38,ENSG00000152942,RAD17,protein_coding,5,69369293,69414801,ENSG00000272085,,lncRNA,5,158464465,158464678,M3,5579,2192,-0.00239334,0.540005358,3.35786118726059e-05,0.008150937,0.147812278,0.204758486,0.055332946,No Mediation,No Mediation,No Mediation,M3,M3,60,23,23,1
2193,chr11_2321786_C_T_b38,ENSG00000110651,CD81,protein_coding,11,2376177,2397397,ENSG00000231421,,lncRNA,17,30573471,30577000,M0,5581,2193,-0.141277381,14.20277031,0.000345701,0.026358889,-0.093619623,-0.187630436,0.023022616,No Mediation,No Mediation,No Mediation,M0.2,M3,49,29,29,1
2194,chr11_105122307_A_G_b38,ENSG00000137757,CASP5,protein_coding,11,104994235,105023168,ENSG00000258007,,lncRNA,12,101038420,101039094,M0,5584,2194,0.049428354,10.11346314,5.86393770757227e-06,0.004092355,0.041215764,0.22210444,0.000389373,No Mediation,No Mediation,No Mediation,M0.2,M0.2,62,23,23,4
2195,chr1_40361329_G_A_b38,ENSG00000049089,COL9A2,protein_coding,1,40300489,40317813,ENSG00000267105,,lncRNA,19,10259109,10260045,M0,5588,2195,0.269784412,25.29447595,0.000173794,0.049940696,0.109370335,-0.210161592,-0.005304351,No Mediation,No Mediation,Cis Mediated,M3,M0.2,60,27,27,0
2196,chr6_30893952_G_A_b38,ENSG00000272273,IER3-AS1,lncRNA,6,30742929,30743592,ENSG00000204632,HLA-G,protein_coding,6,29826967,29831125,M3,5592,2196,0.009408145,0.565290345,0.175903993,11.68566131,0.140117805,0.285470469,0.01751752,No Mediation,No Mediation,No Mediation,M3,M3,46,23,23,0
2197,chr19_868551_T_C_b38,ENSG00000116014,KISS1R,protein_coding,19,917287,921005,ENSG00000102390,PBDC1,protein_coding,X,76173040,76178314,M3,5593,2197,0.002658611,0.367409648,-0.017607647,1.77474697,0.189432254,0.193358419,0.05439274,No Mediation,No Mediation,No Mediation,M3,M3,51,32,32,2
2198,chr19_38603971_G_A_b38,ENSG00000178982,EIF3K,protein_coding,19,38619082,38636955,ENSG00000264232,LINC01916,lncRNA,18,65423958,65448167,M0,5594,2198,0.668395132,16.94851784,-8.18E-06,0.004957661,0.021861313,0.225548638,-0.017131685,No Mediation,No Mediation,No Mediation,M0.2,M0.2,43,29,29,3
2199,chr19_51750853_G_A_b38,ENSG00000171049,FPR2,protein_coding,19,51752026,51770531,ENSG00000157423,HYDIN,protein_coding,16,70802084,71230722,M0,5600,2199,-0.85405437,50.32276317,6.39330079247341e-05,0.006030027,-0.078762114,0.187876468,-0.020401464,No Mediation,No Mediation,No Mediation,M0.2,M0.2,60,35,35,2
2200,chr1_150310476_G_A_b38,ENSG00000163125,RPRD2,protein_coding,1,150363091,150476566,ENSG00000213397,HAUS7,protein_coding,X,153447668,153495516,M3,5601,2200,-0.004652475,0.623327914,0.000861955,0.218094354,0.199078658,-0.181296763,-0.130991387,No Mediation,No Mediation,No Mediation,M3,M3,45,30,30,3
2201,chr2_71515762_T_C_b38,ENSG00000135636,DYSF,protein_coding,2,71453561,71686763,ENSG00000248491,,lncRNA,4,127094410,127470569,M3,5602,2201,1.880590521,101.8477175,5.59805555487618e-05,0.010165021,-0.129918044,0.190747414,-0.004543512,Trans Mediated,Trans Mediated,Undirected,M0.2,Other,51,32,32,4
2202,chr6_144120534_C_T_b38,ENSG00000169976,SF3B5,protein_coding,6,144094884,144095573,ENSG00000182749,PAQR7,protein_coding,1,25861484,25875708,M0,5604,2202,0.287617901,14.65732507,0.010664755,0.948022168,0.044783431,0.326756148,0.053346365,No Mediation,No Mediation,No Mediation,M3,M0.2,52,39,39,2
2203,chr2_127828045_A_G_b38,ENSG00000272789,,lncRNA,2,127625997,127626848,ENSG00000248275,TRIM52-AS1,lncRNA,5,181261169,181272307,M0,5605,2203,0.002330111,0.59867664,0.171910143,5.270263846,-0.112871379,-0.232982462,-0.009114787,No Mediation,No Mediation,No Mediation,M0.2,M0.2,47,38,38,5
2204,chr10_103858150_A_C_b38,ENSG00000107957,SH3PXD2A,protein_coding,10,103594027,103855543,ENSG00000102879,CORO1A,protein_coding,16,30182827,30189076,M0,5608,2204,-9.79E-05,0.454529962,267.0334789,444.6742987,-0.117853945,-0.176639202,-0.028404709,No Mediation,No Mediation,No Mediation,M3,M3,65,33,33,2
2205,chr19_48798620_C_T_b38,ENSG00000105552,BCAT2,protein_coding,19,48795062,48811029,ENSG00000069943,PIGB,protein_coding,15,55318960,55355648,M3,5611,2205,-0.004835789,0.958469699,-0.024158109,3.45523926,0.179441661,0.175259278,-0.044873212,No Mediation,No Mediation,No Mediation,M3,M3,46,38,38,2
2206,chr17_32048555_C_T_b38,ENSG00000214708,,lncRNA,17,32141226,32143135,ENSG00000257748,LINC02281,lncRNA,14,28800084,28830204,M3,5613,2206,-0.003863163,0.355507361,1.96744893862583e-08,0.004761364,0.202048576,0.343680866,0.094679876,No Mediation,No Mediation,No Mediation,M3,M3,42,11,11,4
2207,chr12_56156806_T_A_b38,ENSG00000139613,SMARCC2,protein_coding,12,56162359,56189567,ENSG00000171804,WDR87,protein_coding,19,37884823,37906677,M0,5614,2207,0.000737757,3.35355482,-9.99E-05,0.009806435,0.101198063,0.183052383,-0.041300055,Undirected,Undirected,Undirected,M3,M3,50,23,23,1
2208,chr2_30242091_A_T_b38,ENSG00000213626,LBH,protein_coding,2,30231534,30323730,ENSG00000154099,DNAAF1,protein_coding,16,84145287,84178767,M0,5615,2208,0.15216784,6.516405539,-0.001276762,0.596583679,0.089392945,0.1712492,0.001883761,No Mediation,No Mediation,No Mediation,M3,M0.2,45,27,27,3
2209,chr5_61309463_AGTT_A_b38,ENSG00000130449,ZSWIM6,protein_coding,5,61332258,61546172,ENSG00000227364,,lncRNA,2,2729908,2730957,M0,5621,2209,-0.019121598,2.776553093,3.02748788889498e-05,0.005282653,-0.058217149,0.256870677,-0.033561422,No Mediation,No Mediation,No Mediation,M0.2,M0.2,49,33,33,4
2210,chr1_161306153_C_T_b38,ENSG00000158887,MPZ,protein_coding,1,161304735,161309968,ENSG00000232120,,lncRNA,6,64377795,64412779,M0,5622,2210,-0.020679235,3.587312612,1.69263709912189e-05,0.003378674,-0.118185137,0.358196446,-0.08788033,No Mediation,No Mediation,No Mediation,M3,M3,66,44,44,1
2211,chr1_25143751_G_A_b38,ENSG00000272432,,lncRNA,1,25247837,25248321,ENSG00000258084,,lncRNA,12,78352519,78483030,M3,5632,2211,0.00056791,0.356909919,0.000160165,0.011466717,-0.128004016,0.271549775,-0.021463099,No Mediation,No Mediation,No Mediation,M3,M3,58,15,15,0
2212,chr15_45649646_A_AT_b38,ENSG00000104164,BLOC1S6,protein_coding,15,45587214,45615945,ENSG00000148408,CACNA1B,protein_coding,9,137877782,138124624,M4,5633,2212,0.012949604,0.913792647,0.001189655,0.5156141,0.139926854,0.361324137,0.127198937,No Mediation,No Mediation,Trans Mediated,M3,M3,73,45,45,1
2213,chr1_42441370_C_T_b38,ENSG00000066185,ZMYND12,protein_coding,1,42430329,42456253,ENSG00000003402,CFLAR,protein_coding,2,201116154,201176687,M3,5635,2213,0.002297672,0.139416661,-0.146261411,13.05497013,-0.192337958,0.171855777,-0.02201654,No Mediation,No Mediation,No Mediation,M3,M3,60,36,36,1
2214,chr1_108640720_C_CAG_b38,ENSG00000134186,PRPF38B,protein_coding,1,108692310,108702928,ENSG00000170632,ARMC10,protein_coding,7,103074881,103099759,M0,5637,2214,0.001294661,2.677919587,-0.0016035,1.26149962,-0.121567382,0.274876075,-0.098948544,No Mediation,No Mediation,No Mediation,M3,M3,52,39,39,3
2215,chr11_35927928_C_T_b38,ENSG00000179241,LDLRAD3,protein_coding,11,35943981,36232136,ENSG00000170632,ARMC10,protein_coding,7,103074881,103099759,M0,5638,2215,0.009532038,1.361154238,-0.0016035,1.26149962,-0.119402278,-0.409131587,0.044043627,No Mediation,No Mediation,No Mediation,M0.2,M3,52,37,37,3
2216,chr18_9850584_G_A_b38,ENSG00000168461,RAB31,protein_coding,18,9708275,9862551,ENSG00000263786,,lncRNA,17,75145261,75146546,M3,5648,2216,0.090323857,17.5070286,-0.000421764,0.474107227,-0.147229425,-0.173042462,0.017162314,No Mediation,No Mediation,No Mediation,M3,M3,55,33,33,3
2217,chr19_667184_G_A_b38,ENSG00000267666,,lncRNA,19,663482,669500,ENSG00000111843,TMEM14C,protein_coding,6,10722915,10731129,M3,5650,2217,-0.00056187,0.042898086,0.098162926,5.99733771,0.185277487,-0.180057428,0.008166031,No Mediation,No Mediation,No Mediation,M3,M3,45,34,34,0
2218,chr19_36149867_T_C_b38,ENSG00000126247,CAPNS1,protein_coding,19,36139953,36150353,ENSG00000284546,SSU72P3,protein_coding,11,4329865,4330449,M0,5660,2218,2.114880639,53.97883509,0.000262848,0.024202482,0.053470218,-0.191557728,-0.000160897,No Mediation,No Mediation,No Mediation,M0.2,M0.2,55,23,23,0
2219,chr10_119555346_AG_A_b38,ENSG00000148908,RGS10,protein_coding,10,119499817,119542719,ENSG00000260433,LINC01917,lncRNA,18,53480825,53581107,M3,5662,2219,1.919019585,17.02391528,-5.71E-05,0.008712806,-0.144717631,0.300598138,-0.064609689,No Mediation,No Mediation,No Mediation,M3,M3,45,17,17,1
2220,chr10_94302642_G_T_b38,ENSG00000173145,NOC3L,protein_coding,10,94333226,94362959,ENSG00000205669,ACOT6,protein_coding,14,73610945,73619888,M3,5663,2220,0.000993056,0.317515664,-0.000585194,0.030501584,0.124865123,0.177017084,0.063339344,No Mediation,No Mediation,No Mediation,M3,M3,43,36,36,1
2221,chr10_119210515_G_A_b38,ENSG00000198873,GRK5,protein_coding,10,119207571,119459745,ENSG00000185290,NUPR2,protein_coding,7,56114681,56116417,M0,5667,2221,0.08626846,3.544716603,0.001464308,0.422724621,0.058540259,-0.195668068,0.053475218,No Mediation,No Mediation,No Mediation,M0.2,M0.2,53,34,34,1
2222,chr9_126884496_A_G_b38,ENSG00000177125,ZBTB34,protein_coding,9,126860665,126885878,ENSG00000231114,,lncRNA,7,137318592,137326953,M3,5669,2222,-0.036621778,3.270428874,1.81405639306098e-05,0.003408238,0.146356057,0.206821299,0.033075211,No Mediation,No Mediation,No Mediation,M3,M3,47,30,30,3
2223,chr21_44479207_G_A_b38,ENSG00000235890,TSPEAR-AS1,lncRNA,21,44506807,44516575,ENSG00000260970,,lncRNA,9,119495375,119524125,M4,5673,2223,0.000522638,0.148915092,-7.80E-06,0.001631835,0.224647862,0.344393312,0.164648076,No Mediation,No Mediation,No Mediation,M3,M3,53,12,12,1
2224,chr13_108262017_G_A_b38,ENSG00000174405,LIG4,protein_coding,13,108207439,108218368,ENSG00000259635,,lncRNA,15,64701248,64719602,M0,5678,2224,-0.009608303,0.877609887,-0.000166211,0.070430655,0.070494899,0.173434783,0.013917337,No Mediation,No Mediation,No Mediation,M0.2,M0.2,49,33,33,3
2225,chr13_46109632_G_A_b38,ENSG00000123200,ZC3H13,protein_coding,13,45954465,46052759,ENSG00000205078,SYCE1L,protein_coding,16,77199408,77213215,M3,5680,2225,-0.003100992,0.697436963,0.000348222,0.62540315,-0.181499544,-0.180719691,0.119196148,No Mediation,No Mediation,No Mediation,M3,M3,46,33,33,4
2226,chr15_90567592_G_A_b38,ENSG00000259212,,lncRNA,15,90595840,90596447,ENSG00000227012,LINC02527,lncRNA,6,111900305,111909420,M3,5683,2226,0.003229673,0.217785749,-0.000342837,0.215922961,0.135798068,0.318388938,0.064542419,No Mediation,No Mediation,No Mediation,M3,M3,53,25,25,1
2227,chr11_61501480_G_A_b38,ENSG00000167985,SDHAF2,protein_coding,11,61430042,61446733,ENSG00000233128,LINC01794,lncRNA,2,40746481,40767452,M0,5685,2227,-0.034436948,3.532862148,1.12097493368297e-05,0.006565203,-0.098707204,0.291723797,-0.053156216,No Mediation,No Mediation,No Mediation,M3,M3,58,26,26,0
2228,chr7_130406928_G_C_b38,ENSG00000106477,CEP41,protein_coding,7,130393771,130442433,ENSG00000104219,ZDHHC2,protein_coding,8,17156482,17224799,M0,5691,2228,0.001355299,0.115682954,0.257948175,3.288791263,0.115701068,-0.178023708,0.092070268,No Mediation,No Mediation,Trans Mediated,M3,M3,42,28,28,3
2229,chr14_92604419_T_C_b38,ENSG00000100599,RIN3,protein_coding,14,92513781,92688994,ENSG00000163421,PROK2,protein_coding,3,71771655,71785206,M3,5694,2229,0.254950499,27.07684209,23.30353016,235.2075948,0.148317513,-0.189960873,-0.103385399,Cis Mediated,Undirected,Undirected,Other,Other,54,36,36,3
2230,chr5_137804608_G_A_b38,ENSG00000146021,KLHL3,protein_coding,5,137617500,137736089,ENSG00000111843,TMEM14C,protein_coding,6,10722915,10731129,M0,5695,2230,0.001435723,0.133192843,0.098162926,5.99733771,-0.076123357,-0.183392787,0.001439591,No Mediation,No Mediation,No Mediation,M3,M3,52,33,33,1
2231,chr17_8376006_T_C_b38,ENSG00000184619,KRBA2,protein_coding,17,8356902,8376704,ENSG00000230937,MIR205HG,lncRNA,1,209428817,209432838,M3,5698,2231,0.001526446,0.185988888,0.001156338,0.083952063,0.212213747,0.17366318,0.03090226,No Mediation,No Mediation,No Mediation,M3,M3,48,22,22,1
2232,chr9_122372975_A_G_b38,ENSG00000269970,,lncRNA,9,122372605,122372825,ENSG00000157227,MMP14,protein_coding,14,22836560,22849041,M3,5700,2232,0.083903467,3.006737286,-0.012129221,2.276406864,0.126213524,-0.198065866,-0.028693363,No Mediation,No Mediation,No Mediation,M3,M0.1,58,46,46,0
2233,chr19_511796_C_G_b38,ENSG00000197540,GZMM,protein_coding,19,544034,549924,ENSG00000111843,TMEM14C,protein_coding,6,10722915,10731129,M0,5701,2233,1.94536206,63.67015738,0.098162926,5.99733771,-0.028521143,0.204431925,-0.076444214,No Mediation,No Mediation,No Mediation,M0.2,M0.2,61,43,43,0
2234,chr16_30146201_C_CA_b38,ENSG00000254206,NPIPB11,protein_coding,16,29381354,29404029,ENSG00000237359,,lncRNA,9,3630947,3648390,M0,5707,2234,-0.00352731,0.722004559,0.000426689,0.062401628,-0.109438759,-0.17669132,0.041555056,No Mediation,No Mediation,No Mediation,M3,M3,52,29,29,0
2235,chr1_151559247_G_A_b38,ENSG00000143367,TUFT1,protein_coding,1,151540305,151583583,ENSG00000107290,SETX,protein_coding,9,132261356,132354986,M0,5713,2235,-0.022646471,1.875845205,-0.029480815,2.482698681,0.075929426,-0.171501163,0.09581125,No Mediation,No Mediation,No Mediation,M0.1,M0.1,50,39,39,4
2236,chr5_123433602_T_C_b38,ENSG00000151292,CSNK1G3,protein_coding,5,123512099,123617045,ENSG00000171189,GRIK1,protein_coding,21,29536933,29940033,M0,5718,2236,0.000370652,0.545509878,-0.000129707,0.052230747,0.115974488,0.199769088,0.070227916,No Mediation,No Mediation,No Mediation,M3,M3,49,37,37,1
2237,chr20_4176425_C_G_b38,ENSG00000088826,SMOX,protein_coding,20,4120980,4187747,ENSG00000255328,,lncRNA,11,327171,330122,M3,5726,2237,0.619442736,11.2040606,0.050461035,9.38474826,-0.143533017,0.189522822,-0.033468828,No Mediation,No Mediation,No Mediation,M3,M3,46,28,28,4
2238,chr16_67148096_A_G_b38,ENSG00000237172,B3GNT9,protein_coding,16,67148104,67150998,ENSG00000111843,TMEM14C,protein_coding,6,10722915,10731129,M3,5732,2238,0.007822169,0.581305015,0.098162926,5.99733771,0.190301893,0.220711855,0.032989953,No Mediation,No Mediation,No Mediation,M3,M3,47,32,32,2
2239,chr9_21031472_C_A_b38,ENSG00000188921,HACD4,protein_coding,9,20999509,21031640,ENSG00000138381,ASNSD1,protein_coding,2,189661385,189670831,M3,5737,2239,0.032785185,2.754572954,0.008291274,2.859155875,0.156860812,0.176113849,0.013249438,No Mediation,No Mediation,No Mediation,M3,M3,42,33,33,3
2240,chr10_98166813_G_T_b38,ENSG00000166024,R3HCC1L,protein_coding,10,98134624,98244897,ENSG00000144026,ZNF514,protein_coding,2,95145000,95165413,M0,5740,2240,-0.022604492,1.396383763,0.003718784,0.633123614,0.097127959,0.175108738,0.000584877,No Mediation,No Mediation,No Mediation,M3,M3,52,32,32,1
2241,chr2_187954575_T_C_b38,ENSG00000003436,TFPI,protein_coding,2,187464230,187565760,ENSG00000237843,,lncRNA,2,204473834,204507672,M0,5747,2241,-0.003017737,0.694566297,-4.33E-05,0.009483776,-0.076033317,0.260707232,0.014883306,No Mediation,No Mediation,No Mediation,M0.2,M0.2,48,31,31,3
2242,chr1_7942584_C_G_b38,ENSG00000049249,TNFRSF9,protein_coding,1,7915871,7943165,ENSG00000111843,TMEM14C,protein_coding,6,10722915,10731129,M3,5749,2242,-0.011237163,1.244858035,0.098162926,5.99733771,-0.186989802,0.349611631,-0.139425587,No Mediation,No Mediation,No Mediation,M3,M0.2,44,28,28,1
2243,chr6_146807156_T_C_b38,ENSG00000233452,STXBP5-AS1,lncRNA,6,146824539,147204614,ENSG00000229081,LINC01165,lncRNA,10,132520827,132522449,M3,5750,2243,0.00139007,0.117389323,-0.000154367,0.017517544,0.205657159,-0.181385988,-0.066282653,No Mediation,No Mediation,No Mediation,M3,M3,49,33,33,1
2244,chr6_34147840_G_A_b38,ENSG00000112473,SLC39A7,protein_coding,6,33200445,33204439,ENSG00000116132,PRRX1,protein_coding,1,170662728,170739421,M0,5751,2244,-0.114935668,5.186304676,-0.002017665,0.195419429,-0.100969948,0.301023905,-0.099075931,No Mediation,No Mediation,Trans Mediated,M0.2,Other,56,51,51,3
2245,chr12_52418871_C_CG_b38,ENSG00000205420,KRT6A,protein_coding,12,52487176,52493257,ENSG00000235450,,lncRNA,7,91380778,91556848,M0,5752,2245,-0.018377959,14.92356602,3.91879932396423e-05,0.004048654,-0.032139506,0.235094381,-0.004935886,No Mediation,No Mediation,No Mediation,M0.2,M0.2,31,18,18,4
2246,chr2_31012715_T_G_b38,ENSG00000158089,GALNT14,protein_coding,2,30910467,31155202,ENSG00000181444,ZNF467,protein_coding,7,149764182,149773588,M0,5753,2246,-0.085785821,5.2856369,0.121211142,42.95155865,0.093412918,-0.172703462,0.022239697,No Mediation,No Mediation,No Mediation,M3,M3,55,39,39,2
2247,chr1_161014318_C_G_b38,ENSG00000158769,F11R,protein_coding,1,160995211,161021343,ENSG00000168066,SF1,protein_coding,11,64764606,64778786,M3,5762,2247,-0.069842711,12.01339958,0.544799359,25.99253643,-0.124419933,-0.173179457,-0.047696234,Undirected,Undirected,Undirected,M1.2,M1.2,49,35,35,3
2248,chr8_10425148_G_A_b38,ENSG00000253641,LINCR-0001,lncRNA,8,10474565,10482388,ENSG00000110455,ACCS,protein_coding,11,44065925,44084237,M3,5763,2248,-0.000145014,0.239776664,0.033898679,3.99246794,0.217978715,0.181274994,0.080328764,No Mediation,No Mediation,No Mediation,M3,M3,49,22,22,0
2249,chr12_49606604_T_C_b38,ENSG00000161791,FMNL3,protein_coding,12,49636499,49708165,ENSG00000185290,NUPR2,protein_coding,7,56114681,56116417,M0,5768,2249,-0.002944463,1.013701824,0.001464308,0.422724621,-0.072612376,0.236128189,-0.086431761,No Mediation,No Mediation,No Mediation,M0.2,M0.2,44,29,29,4
2250,chr17_76292311_CACCAGGTTGCACCAAACCACGCTGAACTAT_C_b38,ENSG00000161542,PRPSAP1,protein_coding,17,76309478,76384521,ENSG00000125450,NUP85,protein_coding,17,75205659,75235758,M3,5771,2250,-0.008411631,0.813386351,-0.015031628,2.018763201,-0.152665074,0.18714673,-0.032139442,No Mediation,No Mediation,No Mediation,M0.1,M0.1,55,35,35,3
2251,chr13_42248413_G_A_b38,ENSG00000023516,AKAP11,protein_coding,13,42272152,42323261,ENSG00000236054,SYN3-AS1,lncRNA,22,32583300,32584204,M0,5775,2251,0.002200288,0.376499524,0.0009287,0.05793659,0.097150809,0.193094648,0.005853136,No Mediation,No Mediation,No Mediation,M3,M3,41,23,23,1
2252,chr15_55180994_C_T_b38,ENSG00000137876,RSL24D1,protein_coding,15,55180806,55197049,ENSG00000137267,TUBB2A,protein_coding,6,3153497,3157544,M0,5778,2252,-0.016876845,3.879726108,0.725591691,12.0861568,0.117224603,0.247210039,0.001404043,No Mediation,No Mediation,No Mediation,M3,M3,48,31,31,3
2253,chr1_223655488_G_C_b38,ENSG00000203697,CAPN8,protein_coding,1,223538007,223665723,ENSG00000273270,,lncRNA,7,128524016,128531069,M3,5779,2253,7.35786885940539e-05,0.068445594,-0.002083739,0.33947798,-0.151283668,-0.179012293,0.050126435,No Mediation,No Mediation,No Mediation,M3,M3,57,34,34,0
2254,chr20_62456010_C_T_b38,ENSG00000184402,SS18L1,protein_coding,20,62143769,62182514,ENSG00000185290,NUPR2,protein_coding,7,56114681,56116417,M3,5783,2254,-0.006451324,0.529218713,0.001464308,0.422724621,0.167742294,0.183554119,0.09467323,No Mediation,No Mediation,No Mediation,M3,M3,46,28,28,1
2255,chr1_26851434_T_A_b38,ENSG00000260063,,lncRNA,1,26692132,26694131,ENSG00000230645,LINC01818,lncRNA,2,150169474,150356460,M3,5787,2255,-0.000192735,0.156891978,2.95660505980438e-05,0.011199529,-0.171744995,0.230655004,-0.032439736,No Mediation,No Mediation,No Mediation,M3,M3,52,19,19,1
2256,chr9_4661853_C_T_b38,ENSG00000106686,SPATA6L,protein_coding,9,4553386,4666674,ENSG00000160221,GATD3A,protein_coding,21,44133610,44210114,M3,5789,2256,0.000714784,0.070239883,-0.013133068,1.064566619,0.166043597,0.182473623,0.017990165,No Mediation,No Mediation,No Mediation,M3,M3,51,25,25,1
2257,chr15_20734866_T_C_b38,ENSG00000260409,,lncRNA,15,20729747,20756183,ENSG00000261177,,lncRNA,16,86081409,86089526,M0,5793,2257,-0.000909242,0.124041336,2.07240157185119e-05,0.003553209,0.102496137,0.176782295,-0.050348374,No Mediation,No Mediation,No Mediation,M3,M3,42,27,27,6
2258,chr19_14111697_C_T_b38,ENSG00000072062,PRKACA,protein_coding,19,14091688,14118084,ENSG00000101266,CSNK2A1,protein_coding,20,472498,543835,M3,5796,2258,-0.205916895,15.27680467,0.01461045,0.91973101,0.185811822,0.199836226,0.134529366,No Mediation,No Mediation,No Mediation,M3,M0.1,54,37,37,3
2259,chr16_721108_C_A_b38,ENSG00000103254,ANTKMT,protein_coding,16,720581,722590,ENSG00000167992,VWCE,protein_coding,11,61258286,61295316,M4,5798,2259,-0.026160254,3.059980141,0.309803127,4.2931323,0.168146987,-0.171798501,-0.10519712,No Mediation,No Mediation,Undirected,M3,M1.2,49,30,30,2
2260,chr14_22891249_A_G_b38,ENSG00000197324,LRP10,protein_coding,14,22871740,22881713,ENSG00000224812,TMEM72-AS1,lncRNA,10,44793119,44959709,M0,5799,2260,1.587221623,85.8841483,-4.18E-05,0.038497071,-0.035073509,-0.170680211,-0.056383005,No Mediation,No Mediation,No Mediation,M0.2,M0.2,57,36,36,2
2261,chr6_163387988_C_T_b38,ENSG00000228692,,lncRNA,6,163586583,163588165,ENSG00000186439,TRDN,protein_coding,6,123216339,123637093,M3,5801,2261,-0.00121486,0.377056515,-0.00039789,1.258788782,-0.180638077,0.239431355,0.014233045,No Mediation,No Mediation,No Mediation,M3,M3,47,30,30,1
2262,chr5_115515458_T_C_b38,ENSG00000249249,,lncRNA,5,115602057,115623897,ENSG00000109758,HGFAC,protein_coding,4,3441968,3449486,M3,5808,2262,-0.000201604,0.340274821,0.000509913,0.083704186,-0.13554631,0.172124229,-0.030374759,No Mediation,No Mediation,No Mediation,M3,M3,40,21,21,3
2263,chr16_3669867_A_G_b38,ENSG00000276754,,lncRNA,16,3686998,3687380,ENSG00000259448,LINC02352,lncRNA,15,31215622,31224445,M3,5810,2263,0.001317612,0.365332001,0.056310131,1.34624332,-0.154295582,0.228172355,0.016461919,No Mediation,No Mediation,No Mediation,M3,M3,45,17,17,0
2264,chr6_42855832_A_G_b38,ENSG00000124541,RRP36,protein_coding,6,43021623,43034156,ENSG00000125740,FOSB,protein_coding,19,45467995,45475179,M3,5811,2264,-0.018968245,1.920225007,0.0546855,10.98438071,-0.1541947,0.286190977,-0.120918492,No Mediation,No Mediation,No Mediation,M3,M3,50,41,41,3
2265,chr7_99073286_G_A_b38,ENSG00000198742,SMURF1,protein_coding,7,99027440,99144108,ENSG00000265168,,lncRNA,17,28573117,28574243,M3,5813,2265,-0.020449272,1.108561824,0.014702296,0.918330432,0.138225384,0.223398839,0.039552841,No Mediation,No Mediation,No Mediation,M3,M3,58,21,21,3
2266,chr19_52605014_A_G_b38,ENSG00000268970,,lncRNA,19,52597699,52598887,ENSG00000231815,,lncRNA,2,59434552,59442261,M3,5815,2266,0.002471789,0.709881315,3.37151513841531e-05,0.004275689,0.157165574,0.365249028,0.072165857,No Mediation,No Mediation,No Mediation,M3,M3,56,23,23,1
2267,chr17_45188724_G_A_b38,ENSG00000267288,,lncRNA,17,45168800,45171584,ENSG00000170956,CEACAM3,protein_coding,19,41796587,41811554,M2,5816,2267,0.005537288,0.95932599,0.513526841,34.3115511,0.121406237,-0.187067526,0.179502298,Undirected,Undirected,Undirected,M4,M4,59,44,44,2
2268,chr12_6729737_T_C_b38,ENSG00000111652,COPS7A,protein_coding,12,6724014,6731875,ENSG00000260190,,lncRNA,9,136937169,136937988,M3,5817,2268,0.019624899,2.112579337,0.001448686,0.217113357,-0.13231592,-0.174499484,0.04662392,No Mediation,No Mediation,No Mediation,M3,M3,47,25,25,1
2269,chr6_36551160_G_A_b38,ENSG00000112079,STK38,protein_coding,6,36493892,36547479,ENSG00000231515,,lncRNA,7,157739010,157740456,M3,5818,2269,-0.404067315,18.09195725,-1.51E-05,0.003945302,0.155349499,0.192226429,0.033537869,No Mediation,No Mediation,No Mediation,M3,M0.1,58,27,27,3
2270,chr15_78879238_C_G_b38,ENSG00000185787,MORF4L1,protein_coding,15,78810487,78898139,ENSG00000203733,GJE1,protein_coding,6,142133090,142135151,M0,5819,2270,0.170849019,6.701504436,1.63517594729394e-05,0.001771972,-0.047091225,0.177346215,-0.0110833,No Mediation,No Mediation,No Mediation,Other,Other,51,33,33,6
2271,chr16_2820949_G_A_b38,ENSG00000103197,TSC2,protein_coding,16,2047967,2089491,ENSG00000225582,,lncRNA,17,34479272,34482148,M0,5822,2271,0.009598755,2.257085462,5.33186738734844e-05,0.005900679,0.021930192,0.395490708,0.023972291,Cis Mediated,Cis Mediated,Cis Mediated,M0.2,M0.2,49,23,23,5
2272,chr15_90830383_C_G_b38,ENSG00000140564,FURIN,protein_coding,15,90868588,90883564,ENSG00000123684,LPGAT1,protein_coding,1,211743457,211830763,M2,5823,2272,0.76481976,44.58630299,0.014025874,4.243111414,0.11309106,-0.176191548,-0.194552845,Undirected,Undirected,Undirected,M1.2,M1.2,60,36,36,4
2273,chr6_24651771_G_C_b38,ENSG00000111802,TDP2,protein_coding,6,24649979,24666930,ENSG00000226868,,lncRNA,1,211715928,211725402,M0,5824,2273,0.139964637,15.12734654,9.83426129530573e-05,0.032102424,-0.09639022,0.425183101,-0.021242466,No Mediation,No Mediation,No Mediation,M3,M0.2,50,29,29,3
2274,chr4_158727444_C_T_b38,ENSG00000171503,ETFDH,protein_coding,4,158671968,158710742,ENSG00000161270,NPHS1,protein_coding,19,35825372,35869287,M3,5826,2274,-0.003904856,0.931639987,0.000164797,0.022979947,0.149068041,0.170224814,0.028320629,No Mediation,No Mediation,No Mediation,M3,M3,49,34,34,3
2275,chr6_163381871_T_G_b38,ENSG00000270419,CAHM,lncRNA,6,163413065,163413960,ENSG00000186439,TRDN,protein_coding,6,123216339,123637093,M3,5828,2275,-0.006319349,0.841590642,-0.00039789,1.258788782,-0.179478303,0.239517516,-0.00670312,No Mediation,No Mediation,No Mediation,M3,M3,53,34,34,2
2276,chr3_51345713_T_C_b38,ENSG00000088543,C3orf18,protein_coding,3,50558025,50571027,ENSG00000275437,,lncRNA,20,62402236,62405935,M3,5830,2276,0.001909148,0.533578815,-0.006725258,0.647693384,-0.149078933,-0.188322312,0.009352246,No Mediation,No Mediation,No Mediation,M3,M3,46,27,27,2
2277,chr19_49814712_A_AT_b38,ENSG00000126457,PRMT1,protein_coding,19,49675786,49689029,ENSG00000164168,TMEM184C,protein_coding,4,147617386,147672044,M0,5834,2277,0.025397829,3.539815824,-0.006257283,0.583665178,0.122408865,0.184955808,-0.093595641,No Mediation,No Mediation,No Mediation,M3,M0.1,47,35,35,4
2278,chr17_75900952_A_AC_b38,ENSG00000204316,MRPL38,protein_coding,17,75898644,75905093,ENSG00000170632,ARMC10,protein_coding,7,103074881,103099759,M4,5841,2278,-0.057433546,2.39663475,-0.0016035,1.26149962,-0.162141458,0.224499411,-0.158770844,Undirected,Undirected,Undirected,M4,M4,43,34,34,6
2279,chr8_38162890_T_C_b38,ENSG00000272092,,lncRNA,8,38382364,38383461,ENSG00000178980,SELENOW,protein_coding,19,47778585,47784686,M3,5843,2279,0.001757122,0.214533347,-0.029069436,8.048530259,-0.204327966,0.174187484,0.007516644,No Mediation,No Mediation,No Mediation,M3,M3,50,26,26,1
2280,chr9_65677153_A_T_b38,ENSG00000147996,CBWD5,protein_coding,9,65668805,65734041,ENSG00000274349,ZNF658,protein_coding,9,66856426,66932141,M3,5847,2280,-0.000240849,0.192372201,0.002549966,0.143035722,-0.16837097,0.299692783,-0.122210675,No Mediation,No Mediation,Undirected,M3,M3,50,32,32,3
2281,chr21_44804541_C_T_b38,ENSG00000184787,UBE2G2,protein_coding,21,44768580,44801826,ENSG00000205029,OR5D16,protein_coding,11,55838752,55839738,M3,5848,2281,0.023746173,2.114929061,-3.95E-05,0.007463461,0.124955635,0.194272326,0.0097907,No Mediation,No Mediation,No Mediation,M3,M3,61,22,22,1
2282,chr21_44001525_T_G_b38,ENSG00000160218,TRAPPC10,protein_coding,21,44012309,44106552,ENSG00000280071,GATD3B,protein_coding,21,5079294,5128413,M1.2,5849,2282,0.021046624,1.03390705,0.007613918,0.908242913,-0.116687334,-0.436546439,0.138465729,No Mediation,No Mediation,No Mediation,M3,M3,51,33,33,1
2283,chr14_93401022_T_C_b38,ENSG00000012963,UBR7,protein_coding,14,93207241,93229215,ENSG00000261397,LINC01177,lncRNA,16,9441294,9444985,M3,5851,2283,-0.018398674,0.90373388,3.69142981485514e-05,0.007848209,-0.137416779,0.198068715,-0.059445828,No Mediation,No Mediation,No Mediation,M3,M3,49,16,16,2
2284,chr4_42597024_G_C_b38,ENSG00000124406,ATP8A1,protein_coding,4,42408373,42657105,ENSG00000235699,CXorf51B,protein_coding,X,146809771,146810411,M3,5855,2284,-0.01331444,1.022400607,1.10979458820939e-05,0.003189608,0.136715928,0.437063516,0.023636792,No Mediation,No Mediation,No Mediation,M3,M3,36,22,22,6
2285,chr19_14597332_T_C_b38,ENSG00000187912,CLEC17A,protein_coding,19,14583084,14612035,ENSG00000111843,TMEM14C,protein_coding,6,10722915,10731129,M0,5859,2285,0.004712081,2.125357189,0.098162926,5.99733771,0.099660512,0.176922474,-0.05122429,No Mediation,No Mediation,No Mediation,M0.2,M0.1,59,41,41,3
2286,chr5_131665003_A_G_b38,ENSG00000217128,FNIP1,protein_coding,5,131641714,131797063,ENSG00000185290,NUPR2,protein_coding,7,56114681,56116417,M0,5860,2286,-0.068358019,4.210367021,0.001464308,0.422724621,-0.094791063,-0.304473274,0.073780379,No Mediation,No Mediation,No Mediation,M3,M3,58,37,37,3
2287,chr2_86567210_T_G_b38,ENSG00000115561,CHMP3,protein_coding,2,86503430,86563479,ENSG00000236780,LINC01829,lncRNA,2,67123357,67397980,M3,5862,2287,0.09448289,2.439249442,-2.35E-06,0.011829032,0.130749934,-0.174023556,0.000821754,Undirected,Undirected,Undirected,M4,M4,54,36,36,1
2288,chr16_2212112_G_C_b38,ENSG00000182685,BRICD5,protein_coding,16,2209253,2210905,ENSG00000148187,MRRF,protein_coding,9,122264603,122331337,M0,5863,2288,0.001874495,2.283682962,0.000423443,0.278621962,-0.094899294,-0.171001448,-0.073286102,No Mediation,No Mediation,No Mediation,M3,M3,54,38,38,5
2289,chr20_62674647_G_A_b38,ENSG00000228705,LINC00659,lncRNA,20,62774121,62776996,ENSG00000273877,,lncRNA,X,153225649,153230357,M3,5865,2289,0.004161461,0.617656243,-5.00E-05,0.01738599,0.145227139,0.176573554,0.0343259,No Mediation,No Mediation,No Mediation,M3,M3,42,27,27,2
2290,chr1_161202735_C_T_b38,ENSG00000158864,NDUFS2,protein_coding,1,161197104,161214723,ENSG00000135175,OCM2,protein_coding,7,97984684,97991169,M0,5866,2290,-0.069383131,4.612774214,5.46258662637486e-05,0.014114854,-0.092851482,0.188534485,0.006062498,No Mediation,No Mediation,No Mediation,M3,M3,54,27,27,3
2291,chr10_26629557_G_C_b38,ENSG00000136754,ABI1,protein_coding,10,26746593,26861087,ENSG00000256915,,lncRNA,12,65622273,65663299,M0,5873,2291,-0.066684549,6.173461059,0.000111062,0.010501723,0.090286442,0.180141035,-0.013351866,No Mediation,No Mediation,No Mediation,M3,M3,45,23,23,4
2292,chr7_74290347_T_C_b38,ENSG00000106665,CLIP2,protein_coding,7,74289407,74405935,ENSG00000185290,NUPR2,protein_coding,7,56114681,56116417,M0,5879,2292,0.008143683,1.246458981,0.001464308,0.422724621,0.085355638,0.175110619,0.010499181,No Mediation,No Mediation,No Mediation,M3,M3,55,37,37,2
2293,chr10_95894054_A_G_b38,ENSG00000059573,ALDH18A1,protein_coding,10,95605941,95656711,ENSG00000179943,FIZ1,protein_coding,19,55591376,55601970,M3,5884,2293,0.002701766,0.796423642,-0.003226923,0.387028748,0.143869744,0.178633633,-0.050600231,No Mediation,No Mediation,No Mediation,M0.1,M3,49,34,34,3
2294,chr9_121307545_C_T_b38,ENSG00000214654,B3GALT9,protein_coding,9,120792403,120799918,ENSG00000224218,,lncRNA,4,76758554,76801964,M3,5886,2294,-0.000385191,0.23265007,5.67920142256936e-05,0.023309477,-0.170263235,0.338115612,-0.031454424,No Mediation,No Mediation,No Mediation,M3,M3,54,17,17,2
2295,chr16_82026239_A_C_b38,ENSG00000184860,SDR42E1,protein_coding,16,81988855,82011481,ENSG00000263485,,lncRNA,17,34080882,34082224,M0,5893,2295,0.000446708,0.073933922,2.67350715172251e-05,0.005732646,0.119165791,0.315717005,0.018520238,No Mediation,No Mediation,No Mediation,M3,M3,51,26,26,4
2296,chrX_54809928_A_G_b38,ENSG00000102316,MAGED2,protein_coding,X,54807599,54816015,ENSG00000139289,PHLDA1,protein_coding,12,76025447,76031776,M0,5895,2296,-0.048263055,5.295626627,-0.006347874,0.688412189,-0.088114132,0.169893883,-0.007907534,No Mediation,No Mediation,No Mediation,M3,M3,53,38,38,3
2297,chr17_19540878_C_CACACACA_b38,ENSG00000142494,SLC47A1,protein_coding,17,19495385,19579034,ENSG00000253583,,lncRNA,8,63586000,63589408,M0,5896,2297,0.000814492,0.248294719,6.79844108002448e-06,0.002304392,-0.096183741,0.265800682,-0.009799814,No Mediation,No Mediation,No Mediation,M0.2,M0.2,34,20,20,4
2298,chr4_55415153_A_G_b38,ENSG00000134852,CLOCK,protein_coding,4,55427903,55546909,ENSG00000111843,TMEM14C,protein_coding,6,10722915,10731129,M3,5898,2298,-0.000166172,0.186940732,0.098162926,5.99733771,0.150569279,-0.184959448,-0.102091626,No Mediation,No Mediation,No Mediation,M3,M3,49,39,39,3
2299,chr19_2210270_C_T_b38,ENSG00000065000,AP3D1,protein_coding,19,2100988,2164468,ENSG00000259757,,lncRNA,5,2736662,2737759,M0,5899,2299,-0.064430394,2.956281254,1.87656121801437e-05,0.005613366,-0.044489955,0.194425238,0.027686611,No Mediation,No Mediation,No Mediation,M0.2,M0.2,45,22,22,3
2300,chr11_74986607_T_A_b38,ENSG00000162139,NEU3,protein_coding,11,74988279,75018893,ENSG00000259448,LINC02352,lncRNA,15,31215622,31224445,M0,5900,2300,-0.007236288,0.500357773,0.056310131,1.34624332,0.119259549,-0.20732736,-0.055261687,No Mediation,No Mediation,No Mediation,M3,M3,46,30,30,1
2301,chr2_178480456_C_T_b38,ENSG00000116095,PLEKHA3,protein_coding,2,178480457,178516463,ENSG00000114988,LMAN2L,protein_coding,2,96705929,96740064,M3,5901,2301,0.001845869,0.140074635,0.010058465,0.965529569,-0.206826005,0.17176375,0.111053525,No Mediation,No Mediation,No Mediation,M3,M3,52,36,36,3
2302,chr9_72329521_C_T_b38,ENSG00000107372,ZFAND5,protein_coding,9,72351413,72365235,ENSG00000084693,AGBL5,protein_coding,2,27042364,27070622,M0,5905,2302,0.094878499,7.955665642,0.035055955,0.621711505,0.117358253,-0.199398757,0.034722442,No Mediation,No Mediation,No Mediation,M3,M0.2,40,33,33,5
2303,chr6_33379049_C_T_b38,ENSG00000112511,PHF1,protein_coding,6,33410399,33416453,ENSG00000236864,,lncRNA,3,187932764,187946221,M0,5907,2303,0.349162473,16.57564392,-0.000101826,0.020145087,-0.03181355,0.3993296,-0.066585778,No Mediation,No Mediation,No Mediation,M0.2,M0.2,68,37,37,0
2304,chr11_5350810_T_A_b38,ENSG00000221996,OR52B4,protein_coding,11,4367263,4368386,ENSG00000280878,,lncRNA,2,111468810,111637967,M0,5908,2304,0.006742883,0.170630253,-3.28E-05,0.008672252,-0.097132509,-0.279632765,0.002363,No Mediation,No Mediation,No Mediation,M3,M3,42,12,12,3
2305,chr12_110264030_G_C_b38,ENSG00000122986,HVCN1,protein_coding,12,110627841,110704950,ENSG00000256006,,lncRNA,11,18405609,18406731,M0,5913,2305,0.054371148,4.649648128,0.007059988,2.198533949,-0.095590322,0.209905146,-0.020771224,No Mediation,No Mediation,No Mediation,M3,M3,58,35,35,0
2306,chr2_127420802_G_A_b38,ENSG00000169967,MAP3K2,protein_coding,2,127298668,127388465,ENSG00000048545,GUCA1A,protein_coding,6,42155406,42181338,M0,5916,2306,-0.05733572,5.11911754,0.000324343,0.025164368,-0.055086197,0.173732502,-0.028297864,No Mediation,No Mediation,No Mediation,M0.2,M3,44,30,30,4
2307,chr1_155149859_C_T_b38,ENSG00000173171,MTX1,protein_coding,1,155208695,155213824,ENSG00000249242,TMEM150C,protein_coding,4,82483170,82562357,M0,5917,2307,-0.007515399,5.368104571,0.000115972,0.077377966,-0.098949757,0.223830557,0.02008624,No Mediation,No Mediation,No Mediation,M0.2,M0.2,50,36,36,4
2308,chr16_4477108_T_C_b38,ENSG00000103415,HMOX2,protein_coding,16,4474690,4510347,ENSG00000248517,LINC02437,lncRNA,4,184988997,185005186,M3,5918,2308,0.040638982,3.177294601,-0.000199364,0.042371059,-0.126499039,-0.179436574,0.032446874,No Mediation,No Mediation,No Mediation,M3,M3,48,27,27,1
2309,chr6_4119282_A_G_b38,ENSG00000198721,ECI2,protein_coding,6,4115693,4135597,ENSG00000259448,LINC02352,lncRNA,15,31215622,31224445,M0,5922,2309,0.002658148,2.506311697,0.056310131,1.34624332,-0.110071253,0.203356835,-0.036112145,No Mediation,No Mediation,No Mediation,M3,M3,49,28,28,1
2310,chr4_176418544_A_C_b38,ENSG00000248980,SPCS3-AS1,lncRNA,4,176308268,176320458,ENSG00000248692,ADGRL3-AS1,lncRNA,4,62071752,62165554,M3,5925,2310,-0.001635853,0.260773225,-8.62E-06,0.004151593,0.129427411,0.39252299,0.033564564,No Mediation,No Mediation,No Mediation,M0.2,M0.2,41,15,15,2
2311,chr11_74407657_T_C_b38,ENSG00000165434,PGM2L1,protein_coding,11,74330316,74398433,ENSG00000284018,SSU72P5,protein_coding,11,4233288,4233872,M4,5933,2311,0.0067934,0.403444044,0.000104405,0.011341808,0.178093423,0.18131963,0.210107708,Cis Mediated,Cis Mediated,Undirected,M4,M4,43,12,12,1
2312,chr11_94588727_A_T_b38,ENSG00000196371,FUT4,protein_coding,11,94543921,94549895,ENSG00000120675,DNAJC15,protein_coding,13,43023203,43114213,M0,5934,2312,0.031694003,3.115267026,0.005576783,0.502716243,-0.050599609,0.187896162,-0.043214047,No Mediation,No Mediation,No Mediation,M0.2,M0.2,50,31,31,2
2313,chr3_101555163_C_T_b38,ENSG00000081148,IMPG2,protein_coding,3,101222546,101320575,ENSG00000196724,ZNF418,protein_coding,19,57921882,57935402,M3,5944,2313,-0.000348567,0.072669611,-0.000587623,0.226750772,-0.14600716,-0.19369422,0.102341107,No Mediation,No Mediation,No Mediation,M3,M3,42,31,31,3
2314,chr17_4135687_G_T_b38,ENSG00000185722,ANKFY1,protein_coding,17,4163821,4263995,ENSG00000205944,DAZ2,protein_coding,Y,23219434,23291356,M0,5945,2314,-0.009852193,1.31838306,8.63679027323956e-07,0.00049923,0.080968808,0.332212768,-0.043420836,No Mediation,No Mediation,No Mediation,M3,M3,41,32,32,6
2315,chr11_76411045_T_C_b38,ENSG00000137492,THAP12,protein_coding,11,76349898,76381132,ENSG00000277089,CCL3-AS1,lncRNA,17,36072866,36090134,M1.2,5946,2315,0.004591716,1.396799519,0.141964522,10.46689004,-0.03783085,-0.212226312,-0.172330631,Undirected,Undirected,Undirected,M2.2,M3,60,36,36,0
2316,chr22_44651531_A_G_b38,ENSG00000186654,PRR5,protein_coding,22,44668547,44737681,ENSG00000170632,ARMC10,protein_coding,7,103074881,103099759,M3,5947,2316,0.251959442,4.575987249,-0.0016035,1.26149962,0.19159728,0.218069954,0.003929316,No Mediation,No Mediation,No Mediation,M3,M3,47,37,37,4
2317,chr8_6350198_C_G_b38,ENSG00000147316,MCPH1,protein_coding,8,6406592,6648508,ENSG00000227716,,lncRNA,21,23477641,23490724,M3,5949,2317,-0.000576328,0.211687604,6.90503076852952e-06,0.002627083,-0.129286095,0.207374712,-0.059512119,No Mediation,No Mediation,No Mediation,M3,M3,53,19,19,1
2318,chr4_101021230_T_C_b38,ENSG00000138814,PPP3CA,protein_coding,4,101023409,101348278,ENSG00000163634,THOC7,protein_coding,3,63833870,63863868,M0,5950,2318,0.028676362,3.269792026,0.142334013,2.789498547,0.120343525,0.170178266,-0.002715001,No Mediation,No Mediation,No Mediation,M3,M3,45,37,37,3
2319,chr7_69990168_T_C_b38,ENSG00000158321,AUTS2,protein_coding,7,69598296,70793506,ENSG00000225811,,lncRNA,1,190264898,190362270,M0,5952,2319,0.004229379,2.413621299,2.7850689293836e-05,0.004014528,-0.080408342,0.202181754,-0.00673712,No Mediation,No Mediation,No Mediation,M0.2,M0.2,58,29,29,1
2320,chr6_31831514_C_T_b38,ENSG00000204410,MSH5,protein_coding,6,31739677,31762676,ENSG00000260073,,lncRNA,16,35192687,35195661,M3,5954,2320,-0.009846745,0.637358148,1.85517389568372e-05,0.008017741,-0.15879711,0.211392253,-0.066054827,No Mediation,No Mediation,No Mediation,M3,M3,44,40,40,7
2321,chr10_110188014_T_C_b38,ENSG00000119950,MXI1,protein_coding,10,110207605,110287365,ENSG00000185290,NUPR2,protein_coding,7,56114681,56116417,M0,5956,2321,2.399267659,24.74918585,0.001464308,0.422724621,0.06210112,0.222157105,0.018066168,No Mediation,No Mediation,No Mediation,M3,M3,50,35,35,2
2322,chr2_200601698_T_G_b38,ENSG00000163535,SGO2,protein_coding,2,200510008,200584096,ENSG00000237993,,lncRNA,1,116013813,116017705,M0,5957,2322,-0.00110046,0.228076369,-6.60E-06,0.089779195,0.072482671,0.170612073,0.014936038,No Mediation,No Mediation,No Mediation,M3,M3,40,26,26,2
2323,chr17_46855972_T_A_b38,ENSG00000073969,NSF,protein_coding,17,46590669,46757464,ENSG00000235180,LINC00601,lncRNA,10,126413869,126421879,M0,5962,2323,-0.022609038,1.175906803,5.76447229343727e-05,0.005760813,-0.121984937,0.192323731,0.010002369,No Mediation,No Mediation,No Mediation,M3,M3,50,35,35,3
2324,chr17_40834751_T_C_b38,ENSG00000186395,KRT10,protein_coding,17,40818117,40822614,ENSG00000198873,GRK5,protein_coding,10,119207571,119459745,M0,5963,2324,-0.022797555,11.03297949,0.08626846,3.544716603,0.020482154,0.187606663,-0.003122779,No Mediation,No Mediation,No Mediation,M0.2,M0.2,61,36,36,2
2325,chr1_37506657_T_G_b38,ENSG00000163877,SNIP1,protein_coding,1,37534449,37554293,ENSG00000267204,LINC01782,lncRNA,19,32102088,32105916,M0,5968,2325,-0.013176811,0.698780353,1.59123748900712e-05,0.005608548,-0.099856141,0.19272421,-0.024826359,No Mediation,No Mediation,No Mediation,M3,M3,56,28,28,3
2326,chr11_116778822_A_G_b38,ENSG00000109917,ZPR1,protein_coding,11,116773799,116788039,ENSG00000251367,,lncRNA,5,109467353,109467952,M0,5971,2326,0.001719461,0.781879469,9.22902258494037e-06,0.002482772,-0.107206699,0.222713853,-0.023877452,No Mediation,No Mediation,Cis Mediated,M3,M3,56,29,29,1
2327,chr7_30612322_G_A_b38,ENSG00000006625,GGCT,protein_coding,7,30496621,30504841,ENSG00000249330,,lncRNA,4,46390255,46510194,M3,5972,2327,-0.006580912,0.857467555,-6.98E-06,0.005896573,-0.15382099,-0.184669099,0.020965833,No Mediation,No Mediation,No Mediation,M3,M3,54,34,34,2
2328,chr9_133528744_G_A_b38,ENSG00000148300,REXO4,protein_coding,9,133406059,133418096,ENSG00000203565,,lncRNA,10,33684755,33709868,M0,5975,2328,0.006889341,1.136357524,8.86354503550205e-06,0.004007259,0.103217157,0.197455929,-0.019889266,No Mediation,No Mediation,No Mediation,M3,M3,43,21,21,3
2329,chr19_41256765_T_C_b38,ENSG00000105323,HNRNPUL1,protein_coding,19,41262496,41307787,ENSG00000250043,,lncRNA,4,173877471,173913252,M0,5983,2329,0.16102145,11.1150779,-3.35E-05,0.007404967,0.082959966,0.18960935,0.044291057,No Mediation,No Mediation,No Mediation,Other,Other,65,38,38,1
2330,chr5_482942_C_T_b38,ENSG00000112877,CEP72,protein_coding,5,612340,667168,ENSG00000146083,RNF44,protein_coding,5,176526712,176538025,M0,5985,2330,-0.002100376,0.223540068,0.005669826,6.941278907,0.099532584,-0.206564916,0.049822838,No Mediation,No Mediation,No Mediation,M3,M3,51,36,36,2
2331,chr13_36980020_C_T_b38,ENSG00000120699,EXOSC8,protein_coding,13,36998816,37009614,ENSG00000103051,COG4,protein_coding,16,70480568,70523560,M3,5986,2331,-0.01995586,1.038408906,-0.002187636,3.799087119,0.130592126,0.18727038,-0.061324437,No Mediation,No Mediation,No Mediation,M3,M3,51,36,36,4
2332,chr8_39861229_G_T_b38,ENSG00000131203,IDO1,protein_coding,8,39902275,39928790,ENSG00000238195,,lncRNA,22,27204211,27205126,M0,5987,2332,0.007925713,2.178548048,-9.98E-05,0.010141296,-0.097254287,0.29078248,-0.016377959,No Mediation,No Mediation,No Mediation,M3,M0.2,54,23,23,2
2333,chr11_35139055_G_T_b38,ENSG00000255521,,lncRNA,11,35132655,35138032,ENSG00000243089,,lncRNA,3,99507187,99529985,M3,5998,2333,-0.000580038,0.129363416,3.15238895154835e-05,0.009170564,0.185334921,0.309331105,0.025239711,No Mediation,No Mediation,No Mediation,M3,M3,49,19,19,0
2334,chrX_46637594_T_A_b38,ENSG00000065923,SLC9A7,protein_coding,X,46599251,46759118,ENSG00000213088,ACKR1,protein_coding,1,159203307,159206500,M3,5999,2334,-0.002790827,0.370563066,0.245860948,5.364410084,0.136736846,0.17562246,0.017033567,No Mediation,No Mediation,No Mediation,M3,M3,52,26,26,3
2335,chr5_140736975_A_G_b38,ENSG00000146007,ZMAT2,protein_coding,5,140698680,140706686,ENSG00000111843,TMEM14C,protein_coding,6,10722915,10731129,M0,6002,2335,1.17157691,20.5469087,0.098162926,5.99733771,-0.084165304,0.201128358,0.053753251,No Mediation,No Mediation,No Mediation,M3,M3,45,40,40,0
2336,chr21_17784538_G_A_b38,ENSG00000154642,C21orf91,protein_coding,21,17788974,17819386,ENSG00000253334,,lncRNA,8,81791823,81815714,M3,6003,2336,-0.001018707,0.871123637,-0.004252224,0.193807925,-0.140384165,0.176077803,-0.08162053,No Mediation,No Mediation,No Mediation,M3,M3,49,33,33,1
2337,chr16_89593130_T_A_b38,ENSG00000178773,CPNE7,protein_coding,16,89575758,89597246,ENSG00000255186,,lncRNA,11,36386521,36388250,M3,6007,2337,-0.001280859,0.229396271,0.001248345,0.209590177,-0.125685487,0.182582948,-0.085354116,No Mediation,No Mediation,No Mediation,M3,M3,46,27,27,2
2338,chr12_15703579_T_G_b38,ENSG00000151491,EPS8,protein_coding,12,15620134,15882329,ENSG00000173261,PLAC8L1,protein_coding,5,146084313,146105577,M0,6010,2338,-0.002119428,0.369625503,0.00150546,0.163607499,0.122778665,0.190835156,0.026358814,No Mediation,No Mediation,No Mediation,M3,M3,58,37,37,1
2339,chr5_36094261_G_A_b38,ENSG00000164187,LMBRD2,protein_coding,5,36098407,36151887,ENSG00000120318,ARAP3,protein_coding,5,141653401,141682230,M3,6011,2339,-0.001280061,0.266977661,0.040391047,8.739680693,0.145540518,0.188856179,-0.033621689,No Mediation,No Mediation,No Mediation,M3,M0.1,49,34,34,5
2340,chr3_57669014_G_A_b38,ENSG00000272146,ARF4-AS1,lncRNA,3,57597531,57600927,ENSG00000275613,,lncRNA,17,36722443,36726346,M3,6014,2340,0.035407643,0.610406231,0.001219721,0.129712475,0.200910893,0.178448419,0.077606056,No Mediation,No Mediation,No Mediation,M3,M3,36,23,23,1
2341,chr1_162555090_A_G_b38,ENSG00000152332,UHMK1,protein_coding,1,162497251,162529631,ENSG00000261028,,lncRNA,16,64242608,64343909,M0,6016,2341,0.011330179,1.700635641,-1.37E-06,0.003193793,0.109932247,0.233785751,-0.02611143,No Mediation,No Mediation,No Mediation,M3,M3,44,34,34,6
2342,chr2_983980_A_G_b38,ENSG00000235688,SNTG2-AS1,lncRNA,2,949627,950274,ENSG00000130764,LRRC47,protein_coding,1,3778559,3796498,M3,6017,2342,-0.000842192,0.295675665,0.009316232,0.970713972,-0.150086484,0.186900128,-0.035594937,No Mediation,No Mediation,No Mediation,M3,M3,51,26,26,1
2343,chr16_30389301_G_C_b38,ENSG00000169217,CD2BP2,protein_coding,16,30350773,30355308,ENSG00000164199,ADGRV1,protein_coding,5,90529344,91164437,M0,6021,2343,-0.038805216,5.147076862,0.00030356,0.044467569,-0.110828792,0.312253997,-0.029377731,No Mediation,No Mediation,No Mediation,M3,M3,45,33,33,5
2344,chr11_102800966_C_T_b38,ENSG00000196611,MMP1,protein_coding,11,102789401,102798160,ENSG00000241520,,lncRNA,2,216483032,216487196,M3,6024,2344,-0.000326824,0.532732118,-0.000889545,0.106324898,0.167075604,0.171196647,0.116023064,No Mediation,No Mediation,No Mediation,M3,M3,50,30,30,2
2345,chr19_36536315_A_G_b38,ENSG00000186020,ZNF529,protein_coding,19,36534774,36605276,ENSG00000133561,GIMAP6,protein_coding,7,150625375,150632648,M3,6027,2345,0.000592811,0.217114535,-0.008553976,7.734362314,-0.148092972,0.175783099,-0.061620109,No Mediation,No Mediation,No Mediation,M3,M3,55,39,39,3
2346,chr4_55546378_C_G_b38,ENSG00000134851,TMEM165,protein_coding,4,55395957,55453397,ENSG00000111843,TMEM14C,protein_coding,6,10722915,10731129,M0,6028,2346,-0.023878495,3.351726706,0.098162926,5.99733771,0.071121892,-0.187436398,-0.05406779,No Mediation,No Mediation,No Mediation,M0.2,M0.2,52,36,36,2
2347,chr3_31513134_C_T_b38,ENSG00000163527,STT3B,protein_coding,3,31532638,31637616,ENSG00000181552,EDDM3B,protein_coding,14,20768404,20770948,M3,6030,2347,0.014756358,4.401631048,-0.000162075,0.024621014,-0.132364831,0.181530075,0.028190919,No Mediation,No Mediation,No Mediation,M3,M0.1,57,46,46,3
2348,chr11_1844782_C_T_b38,ENSG00000130598,TNNI2,protein_coding,11,1838981,1841680,ENSG00000205307,SAP25,protein_coding,7,100572228,100573900,M0,6037,2348,0.342396403,76.22366341,1.020312444,39.75461421,0.015943496,0.178682392,0.044704708,Undirected,Undirected,Undirected,M1.2,M0.2,67,29,29,1
2349,chr12_57462993_C_G_b38,ENSG00000166986,MARS1,protein_coding,12,57475445,57517569,ENSG00000111843,TMEM14C,protein_coding,6,10722915,10731129,M3,6039,2349,-0.073265997,6.202337968,0.098162926,5.99733771,-0.151349307,-0.187119452,0.052314155,No Mediation,No Mediation,No Mediation,M3,M3,52,33,33,0
2350,chr8_144616470_G_A_b38,ENSG00000160957,RECQL4,protein_coding,8,144511288,144517845,ENSG00000229443,LINC00433,lncRNA,13,88494789,88607814,M0,6041,2350,-0.004413892,0.895424962,-4.36E-06,0.005337949,0.120709633,0.276016228,0.0004572,No Mediation,No Mediation,No Mediation,M3,M3,45,19,19,4
2351,chr7_143734790_A_G_b38,ENSG00000198420,TCAF1,protein_coding,7,143851375,143902198,ENSG00000228890,TTTY21,lncRNA,Y,9717653,9721296,M3,6042,2351,0.000738191,0.113750581,-2.51E-05,0.00321422,-0.144437688,-0.23172965,0.069661808,No Mediation,No Mediation,No Mediation,M3,M3,38,17,17,2
2352,chr4_107813663_T_C_b38,ENSG00000164023,SGMS2,protein_coding,4,107824563,107915047,ENSG00000256769,CACNA1C-AS3,lncRNA,12,2603350,2607440,M0,6043,2352,-0.001947393,2.539224166,0.000135675,0.006035417,-0.06273997,0.31219714,-0.004843724,No Mediation,No Mediation,No Mediation,M0.2,M0.2,44,23,23,3
2353,chr7_99457842_C_CATCCGAAA_b38,ENSG00000160917,CPSF4,protein_coding,7,99438922,99457373,ENSG00000170667,RASA4B,protein_coding,7,102479976,102517777,M0,6044,2353,-0.008590269,1.140432928,0.000300775,0.254931159,-0.082199901,0.232641458,0.013681161,No Mediation,No Mediation,No Mediation,M3,M3,50,29,29,4
2354,chr12_10394739_T_C_b38,ENSG00000245648,KLRK1-AS1,lncRNA,12,10363638,10398506,ENSG00000213965,NUDT19,protein_coding,19,32691821,32713792,M0,6045,2354,-0.007382112,0.609918478,-0.000798554,0.615154675,0.043701372,0.173668707,0.037401096,No Mediation,No Mediation,No Mediation,M3,M3,59,36,36,3
2355,chr7_39942516_A_G_b38,ENSG00000065883,CDK13,protein_coding,7,39950121,40099580,ENSG00000276571,,lncRNA,16,19694035,19694428,M4,6046,2355,-0.008657102,0.756835896,0.000816584,0.307764936,-0.164244181,0.172370896,-0.143053324,No Mediation,No Mediation,No Mediation,M0.1,M0.1,54,34,34,3
2356,chr1_27168074_T_C_b38,ENSG00000090020,SLC9A1,protein_coding,1,27098809,27166981,ENSG00000268069,,lncRNA,12,47784923,47786002,M3,6050,2356,-0.094841192,4.222617736,-0.02305544,2.228375763,-0.131283658,-0.170430806,0.117092488,No Mediation,No Mediation,No Mediation,M3,M3,49,32,32,5
2357,chr3_46615285_A_T_b38,ENSG00000163827,LRRC2,protein_coding,3,46515385,46606948,ENSG00000244278,,lncRNA,21,25055535,25069906,M0,6051,2357,0.008163293,0.33051751,1.4854318926236e-05,0.004432336,0.061008681,0.321093035,0.035609106,No Mediation,No Mediation,No Mediation,M0.2,M0.2,51,22,22,5
2358,chr6_34581481_C_T_b38,ENSG00000064999,ANKS1A,protein_coding,6,34889255,35091406,ENSG00000248378,,lncRNA,5,31743988,31744451,M0,6052,2358,-0.02767058,3.740217683,-1.13E-05,0.006466758,0.088326688,0.220584175,0.022471726,No Mediation,No Mediation,No Mediation,M3,M0.1,50,29,29,4
2359,chr7_30446383_A_C_b38,ENSG00000106100,NOD1,protein_coding,7,30424527,30478784,ENSG00000272824,,lncRNA,1,148358245,148358686,M3,6053,2359,-0.003640053,0.525644647,0.001487469,0.669939347,0.206731839,0.292145845,0.057345293,No Mediation,No Mediation,No Mediation,M3,M3,50,26,26,0
2360,chr7_38735723_G_A_b38,ENSG00000006715,VPS41,protein_coding,7,38722974,38932394,ENSG00000233321,LINC02669,lncRNA,10,3433508,3502915,M3,6054,2360,-0.003675117,0.971974383,7.17546741101098e-05,0.03469368,-0.192515887,-0.202721199,0.073423832,No Mediation,No Mediation,No Mediation,M3,M3,56,23,23,3
2361,chr6_30686754_G_C_b38,ENSG00000146112,PPP1R18,protein_coding,6,30676389,30687895,ENSG00000204644,ZFP57,protein_coding,6,29672483,29681155,M0,6055,2361,2.875153727,63.9078452,-0.000910634,1.849695146,0.051359929,0.190284469,0.001894667,No Mediation,No Mediation,No Mediation,M0.2,M0.2,51,28,28,3
2362,chr21_36165765_G_A_b38,ENSG00000142197,DOP1B,protein_coding,21,36156782,36294274,ENSG00000125445,MRPS7,protein_coding,17,75261674,75266376,M0,6057,2362,-0.009930282,1.770194652,-0.00884964,1.602498452,-0.066590512,0.172723205,-0.018575606,No Mediation,No Mediation,No Mediation,M0.2,M0.2,49,34,34,3
2363,chr9_114359922_C_T_b38,ENSG00000106948,AKNA,protein_coding,9,114334156,114394405,ENSG00000111843,TMEM14C,protein_coding,6,10722915,10731129,M0,6058,2363,0.087806653,19.0503174,0.098162926,5.99733771,0.081750038,-0.233332667,-0.004908083,No Mediation,No Mediation,No Mediation,M3,M3,56,39,39,0
2364,chr4_99839008_C_T_b38,ENSG00000164032,H2AZ1,protein_coding,4,99948086,99950355,ENSG00000229081,LINC01165,lncRNA,10,132520827,132522449,M0,6062,2364,1.815474023,51.63015229,-0.000154367,0.017517544,-0.06897443,0.183087549,-0.017318874,No Mediation,No Mediation,No Mediation,M0.2,M0.2,57,26,26,0
2365,chr4_113787173_C_G_b38,ENSG00000145349,CAMK2D,protein_coding,4,113418054,113761927,ENSG00000205830,,lncRNA,4,27207505,27218404,M0,6065,2365,0.00018284,0.727277376,1.15244321715358e-05,0.001904422,0.105904187,-0.174703587,-0.018489235,No Mediation,No Mediation,No Mediation,M0.2,M0.2,52,34,34,4
2366,chr22_31465964_A_G_b38,ENSG00000184708,EIF4ENIF1,protein_coding,22,31436977,31496108,ENSG00000267077,,lncRNA,16,4795265,4796532,M0,6071,2366,-0.003943166,0.744683311,-0.00103699,0.428510382,-0.121144269,0.17748892,-0.030766974,No Mediation,No Mediation,No Mediation,M3,M3,47,25,25,2
2367,chr4_153776278_T_G_b38,ENSG00000145423,SFRP2,protein_coding,4,153780591,153789083,ENSG00000114923,SLC4A3,protein_coding,2,219627394,219641980,M0,6079,2367,0.124212199,2.708408617,0.001934568,0.153836933,-0.056384266,-0.175706953,0.066548441,No Mediation,No Mediation,No Mediation,M0.2,M0.2,56,29,29,1
2368,chr10_95901103_C_A_b38,ENSG00000138185,ENTPD1,protein_coding,10,95711779,95877266,ENSG00000163945,UVSSA,protein_coding,4,1345691,1395989,M3,6081,2368,0.070132737,7.646702373,-0.001083051,1.517029442,0.129853992,0.175465564,0.076963926,No Mediation,No Mediation,No Mediation,M3,M3,54,39,39,1
2369,chr1_154291320_G_A_b38,ENSG00000143595,AQP10,protein_coding,1,154321090,154325325,ENSG00000182566,CLEC4G,protein_coding,19,7728958,7733906,M0,6082,2369,0.090345819,4.17405721,-0.006985438,1.350691903,0.072337453,0.218695972,0.011334325,No Mediation,No Mediation,No Mediation,M0.2,M3,45,25,25,0
2370,chr3_112294699_C_T_b38,ENSG00000174500,GCSAM,protein_coding,3,112120839,112133270,ENSG00000226917,LINC01276,lncRNA,6,41499033,41519852,M3,6084,2370,-0.008903025,0.936350112,3.65694305468994e-05,0.010791354,-0.164745285,0.206183325,-0.082505692,No Mediation,No Mediation,No Mediation,M3,M3,61,29,29,1
2371,chr1_31729530_A_T_b38,ENSG00000134668,SPOCD1,protein_coding,1,31790422,31816051,ENSG00000235699,CXorf51B,protein_coding,X,146809771,146810411,M0,6087,2371,0.047728882,2.044390959,1.10979458820939e-05,0.003189608,-0.071841584,0.404244332,-0.007404316,No Mediation,No Mediation,No Mediation,M0.2,M0.2,39,28,28,4
2372,chr4_97537161_C_T_b38,ENSG00000138698,RAP1GDS1,protein_coding,4,98261384,98443858,ENSG00000164695,CHMP4C,protein_coding,8,81732448,81759515,M1.2,6088,2372,-0.012579083,1.428367399,0.000841369,0.339385042,-0.070331188,0.219559225,-0.112998344,No Mediation,No Mediation,No Mediation,M1.2,M1.2,49,18,18,1
2373,chr1_231037421_T_C_b38,ENSG00000182118,FAM89A,protein_coding,1,231018958,231040254,ENSG00000251033,,lncRNA,5,26711551,26749997,M3,6089,2373,-0.014923903,2.356883371,-1.95E-05,0.002671256,0.225524399,0.278364102,0.123489478,No Mediation,No Mediation,No Mediation,M3,M4,51,23,23,0
2374,chr19_41792362_T_TACTC_b38,ENSG00000105388,CEACAM5,protein_coding,19,41708585,41730433,ENSG00000205944,DAZ2,protein_coding,Y,23219434,23291356,M4,6090,2374,-0.001571502,0.1714442,8.63679027323956e-07,0.00049923,0.16956886,0.383418242,0.125431066,No Mediation,No Mediation,No Mediation,M3,M3,49,34,34,4
2375,chr7_150995356_G_A_b38,ENSG00000164867,NOS3,protein_coding,7,150991017,151014588,ENSG00000227033,,lncRNA,2,231978488,232015720,M0,6101,2375,-0.00066442,0.281929743,2.55755661131463e-06,0.015796663,-0.044848118,0.171027089,0.063428363,No Mediation,No Mediation,No Mediation,M3,M3,52,33,33,4
2376,chr7_141672007_G_C_b38,ENSG00000006530,AGK,protein_coding,7,141551278,141655244,ENSG00000260532,,lncRNA,16,1111627,1113399,M0,6103,2376,-0.001582972,0.803020419,0.000670507,0.044014929,-0.081388257,0.190026483,0.068941448,No Mediation,No Mediation,No Mediation,M3,M3,38,28,28,5
2377,chr17_82103297_G_GGTCACACA_b38,ENSG00000265678,,lncRNA,17,82153430,82154815,ENSG00000135406,PRPH,protein_coding,12,49293252,49298686,M2,6104,2377,0.006772733,1.634563872,9.19858521934765e-05,0.041593375,0.117630492,-0.172371862,-0.118199965,No Mediation,No Mediation,No Mediation,M3,M3,54,25,25,0
2378,chr3_126717132_A_G_b38,ENSG00000114554,PLXNA1,protein_coding,3,126982693,127037389,ENSG00000254054,,lncRNA,8,17900484,17908011,M0,6105,2378,-0.003842637,0.37092245,-0.001453801,0.277978777,-0.100312419,-0.19294983,0.038510517,No Mediation,No Mediation,No Mediation,M3,M3,48,29,29,1
2379,chr19_5738767_G_A_b38,ENSG00000223573,TINCR,protein_coding,19,5558167,5578349,ENSG00000141384,TAF4B,protein_coding,18,26226445,26391685,M4,6111,2379,-0.000806615,0.15127,0.003127359,0.289317242,-0.191187335,0.174094275,-0.229900849,No Mediation,No Mediation,No Mediation,M0.1,M0.1,44,33,33,3
2380,chr10_99446538_CA_C_b38,ENSG00000224934,,lncRNA,10,99430919,99463259,ENSG00000213145,CRIP1,protein_coding,14,105486317,105488947,M3,6113,2380,0.000868228,0.118494034,0.755361951,34.30793214,-0.15463768,-0.194717723,-0.011046186,No Mediation,No Mediation,No Mediation,M3,M3,49,25,25,2
2381,chr13_20993400_A_G_b38,ENSG00000150457,LATS2,protein_coding,13,20973036,21061586,ENSG00000120675,DNAJC15,protein_coding,13,43023203,43114213,M3,6115,2381,-0.025402075,1.288008741,0.005576783,0.502716243,-0.137892164,-0.217514799,0.038818928,No Mediation,No Mediation,No Mediation,M3,M0.2,43,34,34,3
2382,chr12_113296542_G_A_b38,ENSG00000166578,IQCD,protein_coding,12,113195441,113221094,ENSG00000251504,LINC01099,lncRNA,4,177729638,177907936,M4,6120,2382,-0.001149716,0.128766504,-5.23E-05,0.013901486,0.183104524,0.243154516,0.327597129,No Mediation,No Mediation,No Mediation,M3,M4,47,35,35,5
2383,chr2_106199764_A_G_b38,ENSG00000115652,UXS1,protein_coding,2,106093308,106194301,ENSG00000234161,PABPC5-AS1,lncRNA,X,91414878,91434999,M3,6121,2383,0.015748136,1.326400199,-4.19E-07,0.004494634,-0.143196824,-0.189349574,0.001013081,No Mediation,No Mediation,No Mediation,M3,M3,55,24,24,2
2384,chr17_40207754_AGCCTCT_A_b38,ENSG00000171475,WIPF2,protein_coding,17,40219304,40284136,ENSG00000231064,THBS3-AS1,lncRNA,1,155195004,155205495,M4,6122,2384,-0.020421349,1.550534352,-0.0013041,0.332780363,-0.171576926,0.180605437,-0.151613231,No Mediation,No Mediation,No Mediation,M3,M1.1,44,34,34,5
2385,chr2_240548744_T_A_b38,ENSG00000188542,DUSP28,protein_coding,2,240560054,240565256,ENSG00000259385,,lncRNA,15,48192191,48201684,M3,6123,2385,-0.000787277,0.577074386,-0.000295686,0.129581159,-0.136082137,0.172847386,0.030248655,No Mediation,No Mediation,Undirected,M3,M3,51,24,24,1
2386,chrX_68448305_G_T_b38,ENSG00000181704,YIPF6,protein_coding,X,68498562,68537282,ENSG00000283740,TAF11L11,protein_coding,5,17604177,17605377,M0,6124,2386,0.051631044,0.642804778,0.000289722,0.028363767,0.099641989,0.204446748,0.031133363,No Mediation,No Mediation,No Mediation,M3,M3,38,19,19,7
2387,chr22_38632908_C_T_b38,ENSG00000273076,,lncRNA,22,38743495,38743910,ENSG00000111843,TMEM14C,protein_coding,6,10722915,10731129,M3,6127,2387,-0.019185219,1.626118331,0.098162926,5.99733771,0.203013953,0.22939854,0.072508888,No Mediation,No Mediation,No Mediation,M3,M3,51,33,33,1
2388,chr2_189478833_G_A_b38,ENSG00000115368,WDR75,protein_coding,2,189441446,189475552,ENSG00000243955,GSTA1,protein_coding,6,52791371,52803860,M3,6131,2388,1.23113282580873e-05,0.515152324,0.098564556,12.72146628,-0.168702103,0.211377451,-0.02732417,No Mediation,No Mediation,No Mediation,M3,M3,58,28,28,2
2389,chr7_154980394_T_TTA_b38,ENSG00000273344,PAXIP1-DT,lncRNA,7,155003448,155005703,ENSG00000265069,,lncRNA,18,6954677,6957419,M0,6135,2389,-0.002169556,0.505503715,3.40702420503679e-05,0.006850566,-0.10953594,0.183961158,0.01232891,No Mediation,No Mediation,No Mediation,M3,M3,57,28,28,2
2390,chr6_169727512_G_T_b38,ENSG00000130023,ERMARD,protein_coding,6,169751622,169781600,ENSG00000138035,PNPT1,protein_coding,2,55634061,55693863,M0,6137,2390,-0.008871553,0.795603724,0.005784237,0.735004153,0.085036963,0.207231268,0.021885268,No Mediation,No Mediation,No Mediation,M3,M3,43,37,37,4
2391,chr2_24876488_A_C_b38,ENSG00000271936,,lncRNA,2,24825610,24826717,ENSG00000137267,TUBB2A,protein_coding,6,3153497,3157544,M3,6141,2391,-9.53E-05,0.292938752,0.725591691,12.0861568,0.243966915,0.193661551,0.04783714,No Mediation,No Mediation,No Mediation,M3,M3,41,22,22,0
2392,chr2_53677624_T_C_b38,ENSG00000272156,,lncRNA,2,54082554,54085066,ENSG00000197362,ZNF786,protein_coding,7,149069641,149090782,M3,6147,2392,-0.005095614,0.370094773,0.011993475,0.600228146,-0.135540663,0.206001811,-0.065348015,No Mediation,No Mediation,No Mediation,M3,M3,41,28,28,2
2393,chr3_129119076_A_T_b38,ENSG00000172780,RAB43,protein_coding,3,129087569,129122801,ENSG00000261512,,lncRNA,16,46622861,46624451,M4,6151,2393,-0.015609552,5.050294239,-0.00340965,2.600452234,-0.173349671,0.441874582,0.373472886,Undirected,Undirected,Undirected,M4,M4,54,25,25,2
2394,chr17_75782435_CA_C_b38,ENSG00000132478,UNK,protein_coding,17,75784806,75825799,ENSG00000170632,ARMC10,protein_coding,7,103074881,103099759,M0,6153,2394,0.000474875,0.684443232,-0.0016035,1.26149962,-0.084176636,0.325660362,-0.050528151,No Mediation,No Mediation,No Mediation,M0.2,M0.2,51,38,38,3
2395,chr19_56141198_G_A_b38,ENSG00000197483,ZNF628,protein_coding,19,55476617,55484487,ENSG00000230294,LINC02370,lncRNA,12,131347470,131367555,M0,6154,2395,0.006522286,1.062855111,-7.79E-05,0.011367497,-0.077998194,0.239089761,-0.074425533,No Mediation,No Mediation,No Mediation,M0.2,M0.2,48,36,36,4
2396,chr8_90777153_T_C_b38,ENSG00000180694,TMEM64,protein_coding,8,90621995,90791632,ENSG00000273295,,lncRNA,22,23901432,23907068,M0,6156,2396,-0.000507851,0.493422338,0.000158258,0.175585403,-0.121434694,-0.173774048,0.043254185,No Mediation,No Mediation,No Mediation,M3,M0.1,51,30,30,3
2397,chr12_53442912_GTC_G_b38,ENSG00000205352,PRR13,protein_coding,12,53441678,53446645,ENSG00000132357,CARD6,protein_coding,5,40841308,40860175,M0,6158,2397,7.352200454,98.26713642,-0.171700356,9.66947051,0.033779549,0.183750178,0.004237282,No Mediation,No Mediation,No Mediation,M0.2,M0.2,50,36,36,4
2398,chr18_80139595_C_G_b38,ENSG00000278000,,lncRNA,18,80161752,80162413,ENSG00000070526,ST6GALNAC1,protein_coding,17,76624761,76643786,M3,6161,2398,-0.00721687,0.975850556,0.00279014,0.336922372,-0.154960199,0.178066486,-0.037549117,No Mediation,No Mediation,No Mediation,M3,M3,59,29,29,1
2399,chr9_122377061_T_G_b38,ENSG00000095303,PTGS1,protein_coding,9,122370530,122395703,ENSG00000257164,LINC02451,lncRNA,12,42646583,42686701,M0,6166,2399,0.204837977,12.65379944,-3.09E-05,0.002525469,-0.100715099,0.178548571,0.005070658,No Mediation,No Mediation,No Mediation,M0.1,M0.1,60,47,47,4
2400,chr12_54102435_A_G_b38,ENSG00000198353,HOXC4,protein_coding,12,54016931,54056030,ENSG00000100031,GGT1,protein_coding,22,24594811,24629005,M0,6167,2400,-0.001384885,0.379904362,-0.037592974,6.800680673,-0.12121661,0.219508669,-0.053757203,No Mediation,No Mediation,No Mediation,M3,M3,58,40,40,1
2401,chr3_167860293_C_T_b38,ENSG00000114209,PDCD10,protein_coding,3,167683298,167734939,ENSG00000232423,PRAMEF6,protein_coding,1,12938472,12947580,M0,6168,2401,0.056875246,3.960368285,5.94697505455281e-05,0.004616465,0.068118009,0.182535089,0.000835551,No Mediation,No Mediation,No Mediation,M0.2,M0.2,47,22,22,2
2402,chr13_52001876_C_T_b38,ENSG00000136098,NEK3,protein_coding,13,52132639,52159861,ENSG00000276972,,lncRNA,12,115332146,115332566,M0,6171,2402,-0.001185865,0.372681731,1.83007505735185e-05,0.00266328,-0.106033697,0.319495947,-0.02800017,No Mediation,No Mediation,No Mediation,M0.2,M0.2,55,21,21,1
2403,chr18_35270683_C_T_b38,ENSG00000186814,ZSCAN30,protein_coding,18,35251058,35290245,ENSG00000149177,PTPRJ,protein_coding,11,47980558,48170841,M0,6175,2403,0.000555249,0.460084039,-0.063762671,9.245791303,0.112962927,-0.192926032,-0.103803705,No Mediation,No Mediation,Cis Mediated,M3,M3,51,36,36,1
2404,chr7_131744295_T_G_b38,ENSG00000221866,PLXNA4,protein_coding,7,132123332,132648688,ENSG00000274349,ZNF658,protein_coding,9,66856426,66932141,M0,6179,2404,-0.000201965,0.123812004,0.002549966,0.143035722,-0.08462419,0.319294388,-0.06210496,No Mediation,No Mediation,No Mediation,M3,M3,47,31,31,7
2405,chrX_150899665_T_C_b38,ENSG00000102181,CD99L2,protein_coding,X,150766336,150898816,ENSG00000170667,RASA4B,protein_coding,7,102479976,102517777,M0,6181,2405,-0.023072273,3.563559687,0.000300775,0.254931159,-0.067390266,0.193578146,0.068261836,No Mediation,No Mediation,No Mediation,M0.2,M0.2,57,28,28,0
2406,chr19_16131076_G_A_b38,ENSG00000167461,RAB8A,protein_coding,19,16111889,16134234,ENSG00000283631,,lncRNA,X,20311838,20317783,M0,6184,2406,0.004953692,5.778523122,8.85491020701228e-05,0.014200936,-0.046563659,0.194442653,-0.018265287,No Mediation,No Mediation,No Mediation,M3,M0.2,49,27,27,3
2407,chr5_100266670_G_A_b38,ENSG00000113532,ST8SIA4,protein_coding,5,100806933,100903282,ENSG00000235279,,lncRNA,10,51302566,51306709,M0,6185,2407,-0.028091135,3.83654818,4.12556319540964e-05,0.015035033,-0.090540556,0.218536229,-0.022535497,No Mediation,No Mediation,No Mediation,M3,M3,45,16,16,1
2408,chr3_10181686_C_T_b38,ENSG00000134070,IRAK2,protein_coding,3,10164919,10243745,ENSG00000276223,,lncRNA,20,44746642,44747201,M0,6194,2408,-0.031003074,3.3606947,0.000453708,0.030693355,-0.072244454,0.173833862,0.028586092,Undirected,Undirected,Undirected,M1.2,M3,53,34,34,1
2409,chr7_7629929_C_A_b38,ENSG00000164654,MIOS,protein_coding,7,7566875,7608932,ENSG00000164002,EXO5,protein_coding,1,40508741,40516038,M3,6197,2409,-0.005000139,0.794415776,-0.001284782,0.414328119,-0.152868087,-0.177882103,0.006418461,No Mediation,No Mediation,No Mediation,M3,M3,50,30,30,1
2410,chr5_157290620_G_T_b38,ENSG00000055163,CYFIP2,protein_coding,5,157266079,157395595,ENSG00000133805,AMPD3,protein_coding,11,10308313,10507579,M2,6198,2410,0.039359019,10.84508466,-0.040267263,5.079227232,-0.117209401,0.179041475,0.157896775,Undirected,Undirected,Undirected,M4,M0.1,54,39,39,3
2411,chr2_190179517_G_C_b38,ENSG00000187699,C2orf88,protein_coding,2,189879609,190203484,ENSG00000111843,TMEM14C,protein_coding,6,10722915,10731129,M0,6202,2411,0.106267467,1.682347823,0.098162926,5.99733771,-0.080765296,0.359450245,-0.092582807,No Mediation,No Mediation,Undirected,M3,M3,46,32,32,2
2412,chr21_32614529_C_G_b38,ENSG00000242220,TCP10L,protein_coding,21,32497967,32587373,ENSG00000138750,NUP54,protein_coding,4,76114659,76148444,M4,6213,2412,0.001220065,0.09691244,-0.006781826,0.585021997,-0.176016206,-0.180704668,0.142565313,No Mediation,No Mediation,No Mediation,M3,M3,50,23,23,2
2413,chr3_172256433_A_G_b38,ENSG00000154310,TNIK,protein_coding,3,171058414,171460408,ENSG00000230794,,lncRNA,21,35713139,35732942,M4,6218,2413,0.000752185,0.710487098,-2.98E-05,0.006256513,0.245218674,0.358420661,0.29229557,No Mediation,No Mediation,No Mediation,M3,M3,54,34,34,4
2414,chr2_9146373_GCCGACCT_G_b38,ENSG00000119185,ITGB1BP1,protein_coding,2,9403475,9423528,ENSG00000281473,PISRT1,lncRNA,3,139232992,139233522,M0,6219,2414,-0.021792627,1.544262184,8.70123010881527e-06,0.00372593,-0.096443569,0.291636475,-0.055346514,No Mediation,No Mediation,No Mediation,M3,M0.2,60,32,32,1
2415,chr12_121923046_C_T_b38,ENSG00000158023,CFAP251,protein_coding,12,121918592,122003927,ENSG00000262482,,lncRNA,16,2939714,2954276,M3,6220,2415,0.000659072,0.111843031,9.99515014353084e-05,0.545313013,0.153812308,0.171268461,-0.016181532,No Mediation,No Mediation,No Mediation,M3,M3,48,34,34,2
2416,chr9_35640948_C_T_b38,ENSG00000231393,,lncRNA,9,35642514,35643517,ENSG00000250915,,lncRNA,4,8745391,8747727,M3,6225,2416,0.000295726,0.189617427,0.000100527,0.011973132,0.177261018,0.210904788,0.003872654,No Mediation,No Mediation,No Mediation,M3,M3,55,26,26,0
2417,chr2_185984332_A_G_b38,ENSG00000065548,ZC3H15,protein_coding,2,186486253,186509361,ENSG00000167996,FTH1,protein_coding,11,61959718,61967634,M0,6226,2417,-0.00228965,2.451721335,3678.004889,2658.921463,-0.061485443,0.193381354,0.037794955,No Mediation,No Mediation,No Mediation,M0.2,M0.2,56,32,32,3
2418,chr1_31542395_C_A_b38,ENSG00000233775,,lncRNA,1,32349194,32350663,ENSG00000249216,,lncRNA,4,41688858,41692797,M3,6227,2418,0.001763633,0.162258912,-3.93E-05,0.018543763,0.152912834,0.211526152,0.051302855,No Mediation,No Mediation,No Mediation,M3,M3,52,21,21,0
2419,chr6_79204239_T_G_b38,ENSG00000118418,HMGN3,protein_coding,6,79201245,79234738,ENSG00000168255,POLR2J3,protein_coding,7,102537918,102572653,M0,6229,2419,-0.009419939,3.62969046,-0.004200583,0.918447079,0.069180016,-0.191516867,0.025829878,No Mediation,No Mediation,No Mediation,M3,M3,56,37,37,2
2420,chr1_185167167_C_T_b38,ENSG00000121486,TRMT1L,protein_coding,1,185118101,185157072,ENSG00000267177,,lncRNA,18,13234945,13236470,M3,6230,2420,-0.00566587,0.873246075,-7.63E-05,0.010506796,-0.143079281,0.234431505,-0.024272938,No Mediation,No Mediation,No Mediation,M3,M3,55,21,21,2
2421,chr14_103540356_G_T_b38,ENSG00000100711,ZFYVE21,protein_coding,14,103715730,103733668,ENSG00000245648,KLRK1-AS1,lncRNA,12,10363638,10398506,M3,6232,2421,0.040646618,1.435655287,-0.007382112,0.609918478,0.153564991,0.173275178,0.093963474,No Mediation,No Mediation,No Mediation,M0.1,M0.1,51,38,38,4
2422,chr16_31298484_C_T_b38,ENSG00000156886,ITGAD,protein_coding,16,31393335,31426505,ENSG00000233802,TRIM49D2,protein_coding,11,89924064,89933063,M3,6234,2422,-0.022429819,2.383307884,2.7796782798298e-05,0.00146526,-0.133210754,0.186843985,-0.016227018,No Mediation,No Mediation,No Mediation,M0.2,M3,49,21,21,3
2423,chr9_132404979_G_A_b38,ENSG00000125482,TTF1,protein_coding,9,132375548,132406851,ENSG00000254171,,lncRNA,5,166128498,166155439,M0,6236,2423,-0.002044881,0.64607104,1.77226593745788e-05,0.003387508,0.099993661,0.20066787,0.039368732,No Mediation,No Mediation,No Mediation,M3,M0.2,61,19,19,2
2424,chr12_257719_AC_A_b38,ENSG00000010379,SLC6A13,protein_coding,12,220621,262873,ENSG00000273674,,lncRNA,15,50839875,50908603,M3,6237,2424,-0.00044602,0.125321692,-6.24E-05,0.037314493,0.203867514,0.192904085,0.065757759,No Mediation,No Mediation,No Mediation,M3,M3,51,21,21,0
2425,chr1_10026334_G_A_b38,ENSG00000162444,RBP7,protein_coding,1,9997206,10016021,ENSG00000251129,LINC02506,lncRNA,4,31997376,32228543,M0,6239,2425,0.156322953,15.77377085,0.01018322,0.664430113,-0.079169037,0.250390767,-0.013203767,No Mediation,No Mediation,No Mediation,M3,M3,48,26,26,1
2426,chr1_53510380_T_C_b38,ENSG00000081870,HSPB11,protein_coding,1,53916574,53945699,ENSG00000233290,,lncRNA,1,82212413,82848205,M3,6242,2426,-0.001950306,0.431023974,1.59473615111037e-05,0.001939419,-0.130078036,0.322251592,-0.001095971,No Mediation,No Mediation,No Mediation,M3,M3,51,22,22,4
2427,chr19_53010537_G_A_b38,ENSG00000198538,ZNF28,protein_coding,19,52797408,52857600,ENSG00000186980,KRTAP23-1,protein_coding,21,30348399,30348606,M0,6243,2427,0.002065541,0.224760685,-2.37E-05,0.006650208,-0.098838637,0.230926635,0.006011702,No Mediation,No Mediation,No Mediation,M3,M3,57,18,18,3
2428,chr6_24806366_C_T_b38,ENSG00000260286,ARMH2,protein_coding,6,24797335,24798917,ENSG00000112759,SLC29A1,protein_coding,6,44219553,44234142,M3,6245,2428,-0.024250311,1.978533886,0.036462249,5.823388834,-0.200938911,0.182850133,-0.02469269,No Mediation,No Mediation,No Mediation,M3,M3,55,23,23,1
2429,chr17_35104355_T_C_b38,ENSG00000132141,CCT6B,protein_coding,17,34927859,34981078,ENSG00000227708,LINC01850,lncRNA,2,153337705,153357422,M3,6249,2429,0.000164407,0.241954014,-6.26E-05,0.008033194,-0.134188524,0.490930331,0.01624449,No Mediation,No Mediation,No Mediation,M0.2,M0.2,43,33,33,5
2430,chr1_247015552_C_A_b38,ENSG00000197472,ZNF695,protein_coding,1,246945547,247008093,ENSG00000168334,XIRP1,protein_coding,3,39183210,39192596,M3,6250,2430,-0.000119152,0.059270919,-0.00739883,1.812351228,-0.152674071,0.18569906,-0.015255382,No Mediation,No Mediation,No Mediation,M3,M0.1,61,32,32,1
2431,chr2_97563646_T_C_b38,ENSG00000168754,FAM178B,protein_coding,2,96875882,96986580,ENSG00000171657,GPR82,protein_coding,X,41724181,41730130,M0,6254,2431,0.00893461,0.490671273,-0.005994492,0.527574191,0.117423051,0.202602243,0.023570196,No Mediation,No Mediation,No Mediation,M0.2,M0.2,44,24,24,1
2432,chr10_45710864_C_T_b38,ENSG00000165406,MARCHF8,protein_coding,10,45454585,45594906,ENSG00000136732,GYPC,protein_coding,2,126656133,126696667,Other,6256,2432,1.487449438,19.49439315,40.31535732,185.5628058,-0.054873562,0.202923627,0.427255214,No Mediation,No Mediation,No Mediation,M3,M3,37,25,25,3
2433,chr1_151030595_G_A_b38,ENSG00000163141,BNIPL,protein_coding,1,151036321,151047720,ENSG00000267004,,lncRNA,19,12725517,12725886,M3,6258,2433,-0.01161798,0.649668762,-3.72E-05,0.017396454,-0.175396356,-0.200055249,0.101349173,No Mediation,No Mediation,No Mediation,M3,M4,53,20,20,1
2434,chr19_11794045_G_T_b38,ENSG00000171291,ZNF439,protein_coding,19,11848726,11883750,ENSG00000185290,NUPR2,protein_coding,7,56114681,56116417,M3,6260,2434,-0.002184049,0.425159637,0.001464308,0.422724621,-0.147369458,0.210843566,-0.096393785,No Mediation,No Mediation,No Mediation,M0.2,M0.2,50,27,27,0
2435,chr14_96502772_TC_T_b38,ENSG00000090060,PAPOLA,protein_coding,14,96501433,96567116,ENSG00000147872,PLIN2,protein_coding,9,19108375,19149290,M0,6261,2435,0.063026968,3.990429726,32.69454189,275.9975797,-0.113073012,-0.176343903,0.03400087,No Mediation,No Mediation,No Mediation,M3,M3,67,38,38,1
2436,chr5_149681824_G_A_b38,ENSG00000155846,PPARGC1B,protein_coding,5,149730298,149855022,ENSG00000184428,TOP1MT,protein_coding,8,143304384,143359979,M0,6262,2436,0.000675226,0.153683713,0.006999735,3.075825754,-0.088434799,0.174343261,-0.002210911,No Mediation,No Mediation,No Mediation,M3,M3,62,27,27,1
2437,chr14_20474585_A_G_b38,ENSG00000258908,,lncRNA,14,20474789,20477089,ENSG00000170613,FAM71B,protein_coding,5,157161846,157166264,M0,6264,2437,0.013571758,1.257133999,9.21302750001231e-05,0.011393032,-0.119375984,0.176950862,0.03608248,No Mediation,No Mediation,No Mediation,M3,M3,39,16,16,0
2438,chr6_14098239_T_C_b38,ENSG00000112149,CD83,protein_coding,6,14117256,14136918,ENSG00000255270,NAV2-IT1,lncRNA,11,19380484,19385014,M0,6265,2438,0.05557139,11.78427864,-2.76E-05,0.006099246,0.021529891,0.27037475,0.017458221,No Mediation,No Mediation,No Mediation,M0.2,M0.2,46,34,34,3
2439,chr17_7006892_T_G_b38,ENSG00000108839,ALOX12,protein_coding,17,6996049,7010754,ENSG00000231934,FAM242A,lncRNA,20,30323367,30362276,M0,6266,2439,0.104562578,4.830128503,-6.69E-06,0.020387762,0.112168645,0.218801941,0.032898171,No Mediation,No Mediation,No Mediation,M3,M3,50,46,46,5
2440,chr8_122977074_G_A_b38,ENSG00000178764,ZHX2,protein_coding,8,122781655,122974510,ENSG00000064205,CCN5,protein_coding,20,44714844,44728509,M0,6268,2440,0.087000695,4.642256981,-0.000991327,0.483394916,-0.030314565,0.186736148,-0.041660802,No Mediation,No Mediation,No Mediation,M0.2,M0.2,71,49,49,1
2441,chr22_21629564_G_A_b38,ENSG00000161179,YDJC,protein_coding,22,21628089,21630064,ENSG00000226390,KCNQ2-AS1,lncRNA,20,63448051,63449329,M0,6275,2441,0.022299373,3.514313003,-0.000122353,0.019291721,-0.087683903,0.173386564,0.020543702,No Mediation,No Mediation,No Mediation,M3,M3,49,33,33,1
2442,chr20_3816237_T_C_b38,ENSG00000125901,MRPS26,protein_coding,20,3046052,3048250,ENSG00000168255,POLR2J3,protein_coding,7,102537918,102572653,M0,6276,2442,0.016963161,2.677481196,-0.004200583,0.918447079,0.084616143,0.220868048,0.001688236,No Mediation,No Mediation,No Mediation,M0.2,M3,55,36,36,2
2443,chr12_31724355_G_A_b38,ENSG00000276900,,lncRNA,12,31729117,31731204,ENSG00000248107,LINC02039,lncRNA,5,126179565,126193858,M0,6278,2443,-0.049063307,5.390177384,5.15798016322015e-06,0.004707086,0.065927303,0.24368053,0.066143125,No Mediation,No Mediation,No Mediation,M0.2,M3,56,37,37,5
2444,chr21_36063983_G_A_b38,ENSG00000185917,SETD4,protein_coding,21,36034541,36079389,ENSG00000230035,IGSF21-AS1,lncRNA,1,18166929,18179346,M0,6280,2444,-0.000970363,0.38548006,0.000294427,0.02339017,0.113893673,0.249878784,0.038006065,No Mediation,No Mediation,No Mediation,M3,M0.2,51,30,30,3
2445,chr1_54835129_G_A_b38,ENSG00000006555,TTC22,protein_coding,1,54779712,54801323,ENSG00000253656,,lncRNA,8,130595299,130655712,M0,6282,2445,0.007839709,0.650982772,-1.58E-05,0.003502838,0.085034857,0.178661917,0.0373871,No Mediation,No Mediation,No Mediation,M3,M0.2,60,34,34,3
2446,chr12_52336462_C_T_b38,ENSG00000205426,KRT81,protein_coding,12,52285913,52291534,ENSG00000138193,PLCE1,protein_coding,10,93993931,94332823,M0,6283,2446,0.001374213,0.444428335,0.000584729,0.037032421,-0.09686022,-0.188576581,0.045889002,No Mediation,No Mediation,No Mediation,M0.2,M0.2,51,30,30,0
2447,chr13_25341921_T_C_b38,ENSG00000139496,NUP58,protein_coding,13,25301556,25349800,ENSG00000117481,NSUN4,protein_coding,1,46340789,46365152,M0,6286,2447,-0.057243422,4.251043829,0.007692488,0.557816329,-0.041409855,0.186709434,-0.063698915,No Mediation,No Mediation,No Mediation,M0.2,M0.1,46,29,29,3
2448,chr6_31530198_T_C_b38,ENSG00000226979,LTA,protein_coding,6,31572054,31574324,ENSG00000175806,MSRA,protein_coding,8,10054292,10428891,M0,6288,2448,0.000792495,2.226655678,0.032416321,5.179706144,0.096360412,0.189513427,-0.021546667,No Mediation,No Mediation,No Mediation,M0.2,M0.2,52,33,33,3
2449,chr4_6642546_C_G_b38,ENSG00000179010,MRFAP1,protein_coding,4,6640091,6642745,ENSG00000168255,POLR2J3,protein_coding,7,102537918,102572653,M0,6290,2449,0.252837284,11.07604891,-0.004200583,0.918447079,0.07307034,-0.170673772,-0.072854762,No Mediation,No Mediation,No Mediation,M0.2,M0.2,56,36,36,1
2450,chr2_98609558_C_T_b38,ENSG00000183513,COA5,protein_coding,2,98599314,98608515,ENSG00000146872,TLK2,protein_coding,17,62458658,62615481,M3,6295,2450,-0.026773396,1.571383218,0.003103864,0.867441738,0.166435802,0.180222263,0.078012134,No Mediation,No Mediation,No Mediation,M0.1,M0.1,38,30,30,3
2451,chr8_103407872_T_C_b38,ENSG00000164934,DCAF13,protein_coding,8,103414714,103443453,ENSG00000184995,IFNE,protein_coding,9,21480839,21482313,M0,6296,2451,0.001412621,0.62639348,6.67383149135927e-05,0.023132781,-0.121691072,0.19002038,-0.024741668,No Mediation,No Mediation,No Mediation,M3,M3,64,35,35,1
2452,chr11_62421383_C_G_b38,ENSG00000124942,AHNAK,protein_coding,11,62433542,62556235,ENSG00000157778,PSMG3,protein_coding,7,1567332,1571005,M0,6297,2452,-0.190884857,9.486724913,-0.012055512,1.224616029,-0.082310819,-0.170834292,0.105409913,No Mediation,No Mediation,No Mediation,M0.2,M0.2,59,40,40,3
2453,chr12_51401780_A_G_b38,ENSG00000050438,SLC4A8,protein_coding,12,51391317,51515763,ENSG00000076108,BAZ2A,protein_coding,12,56595596,56636816,M3,6298,2453,-0.000200344,0.116517771,0.023390092,5.439203204,0.133964422,0.179746199,0.097867952,No Mediation,No Mediation,No Mediation,M3,M0.1,56,41,41,3
2454,chrX_76400070_G_A_b38,ENSG00000198934,MAGEE1,protein_coding,X,76427710,76431342,ENSG00000166387,PPFIBP2,protein_coding,11,7513298,7657127,M3,6303,2454,-0.00150171,0.222380434,-0.008108609,0.869609858,-0.130447847,0.214423374,-0.049897081,No Mediation,No Mediation,No Mediation,M0.2,M0.2,51,34,34,4
2455,chr11_95764007_C_T_b38,ENSG00000166037,CEP57,protein_coding,11,95789965,95832693,ENSG00000177685,CRACR2B,protein_coding,11,826144,831991,M0,6305,2455,-0.011176487,0.860421638,0.039626383,4.101751762,-0.116013247,-0.189385146,-0.108529087,No Mediation,No Mediation,No Mediation,M3,M3,46,36,36,5
2456,chr8_134814337_C_G_b38,ENSG00000259820,,lncRNA,8,134792020,134798272,ENSG00000272977,,lncRNA,22,25476218,25479971,M0,6310,2456,-0.000219865,0.198305476,-0.002013343,0.344971934,-0.038108036,-0.188654037,-0.071183968,No Mediation,No Mediation,No Mediation,M3,M3,56,38,38,2
2457,chr2_47147912_A_G_b38,ENSG00000239605,STPG4,protein_coding,2,47045538,47155308,ENSG00000203812,H2AC18,protein_coding,1,149842188,149842736,M3,6311,2457,-0.000492017,0.107122418,-0.012894558,3.932269532,0.200922649,0.176419807,-0.014702391,No Mediation,No Mediation,No Mediation,M3,M3,49,19,19,1
2458,chr7_74869001_A_G_b38,ENSG00000174428,GTF2IRD2B,protein_coding,7,75092573,75149817,ENSG00000271208,,lncRNA,6,112234165,112234758,M3,6312,2458,-0.001251615,0.317562014,2.28118266511331e-05,0.007392813,0.145164482,-0.175915639,-0.030422712,No Mediation,No Mediation,No Mediation,M3,M3,50,29,29,1
2459,chr5_43136603_T_C_b38,ENSG00000177453,NIM1K,protein_coding,5,43192071,43280850,ENSG00000225391,NHEG1,lncRNA,6,136982165,136993234,M3,6317,2459,-0.000624396,0.069596593,1.80520726671467e-05,0.007924231,0.205206743,0.175130904,0.053322085,No Mediation,No Mediation,No Mediation,M3,M3,51,25,25,0
2460,chr17_35614725_A_T_b38,ENSG00000236320,SLFN14,protein_coding,17,35543985,35560819,ENSG00000260596,DUX4,protein_coding,4,190173774,190185942,M0,6319,2460,0.016244684,0.612673055,-1.49E-06,0.001355749,-0.025817617,0.29251794,-0.030860472,No Mediation,No Mediation,No Mediation,M0.2,M0.2,54,19,19,3
2461,chr9_137386970_TGCTCCCTGCCTGCCTCCCTCAGCACCCCC_T_b38,ENSG00000176101,SSNA1,protein_coding,9,137188660,137190370,ENSG00000132541,RIDA,protein_coding,8,98102344,98117171,M0,6320,2461,0.276751189,8.664055489,-0.028775875,11.43636353,-0.105144573,0.476999142,-0.123602029,Trans Mediated,Trans Mediated,Trans Mediated,M0.2,M0.2,49,34,34,6
2462,chr14_50813954_C_T_b38,ENSG00000100503,NIN,protein_coding,14,50719763,50831162,ENSG00000174788,PCP2,protein_coding,19,7631611,7633719,M0,6328,2462,-0.055591842,4.592368588,0.009162932,1.792375125,-0.106705542,-0.182352481,0.082014943,No Mediation,No Mediation,No Mediation,M0.2,M3,53,34,34,0
2463,chr19_39760534_C_T_b38,ENSG00000105205,CLC,protein_coding,19,39731255,39738029,ENSG00000243613,,lncRNA,1,153746851,153751227,M0,6336,2463,43.34894388,497.122293,-0.000184929,0.054075889,0.054088846,0.178226161,-0.003093624,No Mediation,No Mediation,No Mediation,M0.2,M0.2,48,6,6,0
2464,chr13_52350114_T_C_b38,ENSG00000278238,,lncRNA,13,52454775,52455331,ENSG00000254209,LINC02855,lncRNA,8,121668934,121697600,M0,6340,2464,0.037336842,0.87198816,2.99877816926832e-06,0.002468375,-0.04793516,0.200110131,0.019968914,No Mediation,No Mediation,No Mediation,M0.2,Other,36,19,19,4
2465,chr8_119852600_A_C_b38,ENSG00000136982,DSCC1,protein_coding,8,119833976,119855894,ENSG00000122033,MTIF3,protein_coding,13,27435643,27450591,M0,6342,2465,-0.000596811,0.203012884,-0.048248765,4.069729635,0.122573376,0.177529093,-0.081412952,No Mediation,No Mediation,Undirected,M3,M3,50,29,29,3
2466,chr7_98210712_C_T_b38,ENSG00000164715,LMTK2,protein_coding,7,98106862,98209638,ENSG00000232225,LINC01047,lncRNA,13,89214847,89236890,M0,6343,2466,-0.048107091,2.767475033,4.3493153097826e-06,0.001696244,-0.06349672,0.242385769,-0.023169026,No Mediation,No Mediation,Cis Mediated,M0.2,M0.2,48,22,22,8
2467,chr1_28539198_A_G_b38,ENSG00000197989,SNHG12,lncRNA,1,28578538,28583132,ENSG00000184678,H2BC21,protein_coding,1,149884459,149886652,M3,6352,2467,0.013284886,2.143979346,4.622689612,117.963667,-0.140689233,-0.172872019,0.036145594,No Mediation,No Mediation,No Mediation,M3,M3,67,37,37,2
2468,chr3_48567642_GA_G_b38,ENSG00000114268,PFKFB4,protein_coding,3,48517684,48562015,ENSG00000225083,GRTP1-AS1,lncRNA,13,113351645,113361868,M0,6355,2468,0.060569487,11.97549776,-0.000161628,0.095802815,0.111687974,0.280333855,-0.008569191,No Mediation,No Mediation,No Mediation,M3,M3,52,26,26,2
2469,chr3_18424323_A_AC_b38,ENSG00000182568,SATB1,protein_coding,3,18345377,18445588,ENSG00000281358,RASSF1-AS1,lncRNA,3,50337511,50338300,M2,6356,2469,0.009933139,2.294571972,-0.045147949,2.199746318,0.079799847,0.182667619,-0.24743246,Undirected,Undirected,Undirected,M2.2,M2.2,63,42,42,1
2470,chr4_2467872_C_G_b38,ENSG00000063978,RNF4,protein_coding,4,2462220,2625320,ENSG00000253880,,lncRNA,8,6044353,6257537,M3,6363,2470,-0.020974379,1.761683523,1.88953913670075e-05,0.010965257,0.135649999,0.176922705,0.043609085,No Mediation,No Mediation,No Mediation,M3,M3,49,27,27,2
2471,chr6_34687223_C_T_b38,ENSG00000124562,SNRPC,protein_coding,6,34757505,34773857,ENSG00000170632,ARMC10,protein_coding,7,103074881,103099759,M0,6365,2471,-0.008458632,3.648649785,-0.0016035,1.26149962,-0.103469383,0.234360267,-0.074397931,No Mediation,No Mediation,No Mediation,M3,M3,47,32,32,3
2472,chr20_1645833_T_C_b38,ENSG00000237914,SIRPG-AS1,lncRNA,20,1633508,1648472,ENSG00000264598,,lncRNA,17,33052107,33052867,M3,6367,2472,-0.000175917,0.069865099,-1.07E-05,0.005852413,-0.135858368,0.172140987,-0.009361303,No Mediation,No Mediation,No Mediation,M3,M3,46,23,23,3
2473,chr11_125900829_C_T_b38,ENSG00000110060,PUS3,protein_coding,11,125893485,125903221,ENSG00000188086,PRSS45P,protein_coding,3,46742092,46750891,M0,6373,2473,0.001380459,1.148060293,-0.000320571,0.123956232,-0.077250896,-0.183100916,-0.025464738,No Mediation,No Mediation,No Mediation,M0.2,M0.2,59,39,39,3
2474,chr2_207124821_A_C_b38,ENSG00000237892,KLF7-IT1,lncRNA,2,207120884,207122044,ENSG00000256862,PARP11-AS1,lncRNA,12,3871579,3910382,M3,6374,2474,-0.013763948,1.357144008,0.009285404,0.73324599,-0.13359947,-0.182341002,0.039977703,No Mediation,No Mediation,No Mediation,M3,M3,46,36,36,5
2475,chr22_25537616_G_A_b38,ENSG00000138867,GUCD1,protein_coding,22,24540423,24555935,ENSG00000146733,PSPH,protein_coding,7,56011051,56051604,M0,6375,2475,0.60524522,9.247425339,-0.000277267,0.445331747,0.034518791,0.178857387,0.024809828,No Mediation,No Mediation,No Mediation,M0.2,M0.2,46,32,32,2
2476,chrX_17776667_A_G_b38,ENSG00000047634,SCML1,protein_coding,X,17737449,17754988,ENSG00000265697,,lncRNA,17,33534110,33541339,M0,6378,2476,-0.002393455,0.732622863,-4.01E-06,0.00250921,0.073105272,0.334619354,0.009411561,No Mediation,No Mediation,No Mediation,M0.2,M3,38,23,23,5
2477,chr3_52414897_A_G_b38,ENSG00000168273,SMIM4,protein_coding,3,52534013,52579237,ENSG00000272085,,lncRNA,5,158464465,158464678,M3,6379,2477,0.000728726,0.433690991,3.35786118726059e-05,0.008150937,-0.153926209,-0.252611737,0.037840346,No Mediation,No Mediation,No Mediation,M3,M3,56,20,20,1
2478,chr6_28333322_A_G_b38,ENSG00000187626,ZKSCAN4,protein_coding,6,28241697,28252269,ENSG00000204644,ZFP57,protein_coding,6,29672483,29681155,M0,6381,2478,0.001056891,0.585775925,-0.000910634,1.849695146,0.114289254,0.262659675,0.009910844,No Mediation,No Mediation,No Mediation,M3,M0.2,48,28,28,0
2479,chr3_97874641_C_T_b38,ENSG00000170854,RIOX2,protein_coding,3,97941818,97972457,ENSG00000130768,SMPDL3B,protein_coding,1,27935000,27959157,M4,6384,2479,0.00219669,0.345041343,0.002322489,0.626839453,0.125650538,0.172811185,0.146198396,No Mediation,No Mediation,Undirected,M0.1,M0.1,45,30,30,1
2480,chr4_47465150_G_C_b38,ENSG00000169019,COMMD8,protein_coding,4,47450787,47463702,ENSG00000224568,LINC01886,lncRNA,2,107529292,107556499,M3,6388,2480,-0.002943129,2.492175328,-5.81E-05,0.010045312,-0.139085371,0.192598398,-0.069566347,No Mediation,No Mediation,No Mediation,M3,M3,50,32,32,4
2481,chr17_82426037_GT_G_b38,ENSG00000279066,HEXD-IT1,lncRNA,17,82425498,82427310,ENSG00000071539,TRIP13,protein_coding,5,892884,919357,M0,6389,2481,-0.002901643,0.378039185,-0.005885599,0.31626641,-0.117674733,0.174117351,-0.107898818,No Mediation,No Mediation,No Mediation,M3,M3,44,33,33,8
2482,chr17_758618_TATA_T_b38,ENSG00000179409,GEMIN4,protein_coding,17,744421,753999,ENSG00000163531,NFASC,protein_coding,1,204828651,205022822,M0,6391,2482,-0.005261775,0.576580391,0.000559849,0.05956316,-0.121149899,0.190342537,-0.064542959,No Mediation,No Mediation,No Mediation,M3,M0.2,41,27,27,2
2483,chr8_22938718_T_C_b38,ENSG00000120896,SORBS3,protein_coding,8,22544986,22575788,ENSG00000250576,,lncRNA,5,10775058,10777062,M3,6397,2483,0.022005069,2.625902137,2.72553807646084e-05,0.004038511,0.124363449,0.415467048,0.018279497,No Mediation,No Mediation,No Mediation,M3,M3,51,29,29,3
2484,chr12_51172567_C_T_b38,ENSG00000135457,TFCP2,protein_coding,12,51093656,51173135,ENSG00000196578,OR5AC2,protein_coding,3,98087173,98088102,M3,6401,2484,-0.003118753,1.249131784,-0.000162193,0.016066189,0.145151273,0.215804225,0.018618479,No Mediation,No Mediation,No Mediation,M3,M3,52,31,31,2
2485,chr12_53221209_A_G_b38,ENSG00000172819,RARG,protein_coding,12,53210567,53232980,ENSG00000111843,TMEM14C,protein_coding,6,10722915,10731129,M3,6404,2485,-0.002096904,0.972712004,0.098162926,5.99733771,0.151087044,0.23202375,0.067816015,No Mediation,No Mediation,Undirected,M4,M4,52,37,37,0
2486,chr8_117489974_G_A_b38,ENSG00000164758,MED30,protein_coding,8,117520713,117540262,ENSG00000230262,LINC02603,lncRNA,9,94176492,94259545,M0,6405,2486,0.020200754,2.81244857,-0.000149062,0.020590567,0.109727857,0.218298411,0.052447581,No Mediation,No Mediation,No Mediation,M3,M0.2,48,17,17,2
2487,chr5_61893312_A_G_b38,ENSG00000188725,SMIM15,protein_coding,5,61157704,61162468,ENSG00000283324,CTXND2,protein_coding,1,150887136,150913292,M0,6406,2487,0.002624278,0.823902611,-0.000185152,0.020435485,-0.120546931,0.184961948,-0.039549381,No Mediation,No Mediation,No Mediation,M0.2,M0.2,47,27,27,1
2488,chr17_9246075_G_C_b38,ENSG00000065320,NTN1,protein_coding,17,9021510,9244000,ENSG00000228748,,lncRNA,10,77782866,77793176,M0,6408,2488,0.000854029,0.097971666,0.000643725,0.116364739,-0.121907228,0.174064785,-0.079559817,No Mediation,No Mediation,No Mediation,M3,M3,46,35,35,2
2489,chr1_1999860_A_T_b38,ENSG00000187730,GABRD,protein_coding,1,2019329,2030758,ENSG00000166147,FBN1,protein_coding,15,48408313,48645721,M0,6411,2489,0.001233301,0.103593567,-0.004855282,0.499882129,0.110187734,0.180392903,0.02907855,No Mediation,No Mediation,No Mediation,M3,M3,43,27,27,4
2490,chr14_75666070_A_G_b38,ENSG00000133935,ERG28,protein_coding,14,75649791,75660876,ENSG00000170632,ARMC10,protein_coding,7,103074881,103099759,M0,6412,2490,-0.00393428,1.194455433,-0.0016035,1.26149962,-0.114612351,0.226831683,-0.052038088,No Mediation,No Mediation,No Mediation,M3,M3,48,34,34,2
2491,chr20_56442504_T_C_b38,ENSG00000124091,GCNT7,protein_coding,20,56491492,56525925,ENSG00000111906,HDDC2,protein_coding,6,125219962,125302078,M3,6415,2491,0.001795074,0.220286933,0.011777567,1.515956274,0.144295143,-0.184836717,0.009894725,No Mediation,No Mediation,No Mediation,M3,M3,49,33,33,2
2492,chr16_1057998_G_A_b38,ENSG00000198736,MSRB1,protein_coding,16,1938229,1943293,ENSG00000213931,HBE1,protein_coding,11,5268345,5505652,M0,6416,2492,93.75633191,339.4615108,6.113803792,198.9520906,0.072126971,0.316357984,0.027013923,No Mediation,No Mediation,No Mediation,M0.2,M0.2,62,17,17,0
2493,chr11_58578680_T_C_b38,ENSG00000186660,ZFP91,protein_coding,11,58579063,58621550,ENSG00000267349,,lncRNA,17,35477994,35478444,M3,6420,2493,0.001168546,2.174183022,0.002991315,0.341098947,0.125233204,0.169799217,0.082651777,No Mediation,No Mediation,No Mediation,M3,M3,49,31,31,3
2494,chr15_64858348_G_A_b38,ENSG00000140451,PIF1,protein_coding,15,64815632,64825668,ENSG00000234660,LINC00440,lncRNA,13,89181324,89280240,M3,6430,2494,-0.006539783,0.570386593,-8.47E-06,0.004363605,0.153920441,0.255412397,0.043024339,No Mediation,No Mediation,No Mediation,M3,M3,57,35,35,4
2495,chr1_155255544_T_C_b38,ENSG00000160767,FAM189B,protein_coding,1,155247205,155255483,ENSG00000255327,LINC02697,lncRNA,11,134950708,134951568,M3,6434,2495,-0.024972032,1.339158019,1.09192412761575e-05,0.004994905,-0.136062004,0.275208541,-0.029320207,No Mediation,No Mediation,No Mediation,M3,M3,54,29,29,0
2496,chr3_122348040_A_G_b38,ENSG00000272758,WDR5B-DT,lncRNA,3,122416207,122443180,ENSG00000171403,KRT9,protein_coding,17,41565836,41572059,M0,6436,2496,0.003953282,0.339140622,0.000102695,0.130164051,0.098900889,0.270964276,0.024359251,No Mediation,No Mediation,No Mediation,M3,M0.2,37,18,18,3
2497,chr2_177325763_A_C_b38,ENSG00000280374,,lncRNA,2,177317715,177318471,ENSG00000111843,TMEM14C,protein_coding,6,10722915,10731129,M4,6440,2497,-0.00105203,0.184539261,0.098162926,5.99733771,-0.165892558,-0.234162265,0.205029052,Undirected,Undirected,Undirected,M4,M4,42,28,28,1
2498,chr21_44940382_G_T_b38,ENSG00000160256,FAM207A,protein_coding,21,44940012,44976989,ENSG00000221989,OR2A2,protein_coding,7,144109583,144110539,M3,6441,2498,-0.028779495,1.808021864,0.000166474,0.011040781,-0.12757798,0.173372059,-0.016773796,No Mediation,No Mediation,No Mediation,M3,M0.2,48,31,31,3
2499,chr10_124679797_C_T_b38,ENSG00000189319,FAM53B,protein_coding,10,124619292,124744378,ENSG00000071889,FAM3A,protein_coding,X,154506159,154516242,M1.2,6446,2499,-0.014641608,6.464163413,0.099203368,3.768332987,0.081413467,-0.252340751,-0.149358376,No Mediation,No Mediation,No Mediation,M0.2,M0.2,55,36,36,3
2500,chr18_23499690_T_C_b38,ENSG00000141458,NPC1,protein_coding,18,23506184,23586506,ENSG00000254682,,lncRNA,11,71448674,71452157,M0,6448,2500,-0.031604645,1.799579276,0.126791357,5.128549862,0.09375322,0.197795422,-0.027686727,No Mediation,Cis Mediated,Undirected,M2.2,M0.2,51,39,39,5
2501,chr19_33293751_T_C_b38,ENSG00000245848,CEBPA,protein_coding,19,33299934,33302534,ENSG00000250078,,lncRNA,4,58562160,58565212,M0,6449,2501,-0.134535917,13.27367957,-2.09E-05,0.00493185,-0.064444372,0.249545906,-0.053044866,No Mediation,No Mediation,No Mediation,M3,M0.2,62,24,24,2
2502,chr10_35225373_C_T_b38,ENSG00000108100,CCNY,protein_coding,10,35247025,35572669,ENSG00000077943,ITGA8,protein_coding,10,15513954,15719922,M4,6450,2502,0.039188232,5.592720272,0.001357316,0.117788316,-0.133767048,0.18103306,-0.113437871,No Mediation,No Mediation,Undirected,M3,M0.1,58,34,34,3
2503,chr3_39101133_G_A_b38,ENSG00000114745,GORASP1,protein_coding,3,39096599,39107863,ENSG00000243715,CACNA2D3-AS1,lncRNA,3,54874605,54901255,M0,6460,2503,-0.045055736,2.928045012,4.07696887835405e-05,0.004246501,-0.08877223,0.211178893,-0.031572081,No Mediation,No Mediation,No Mediation,M3,M3,43,29,29,2
2504,chr6_105548125_G_A_b38,ENSG00000269919,,lncRNA,6,106100140,106100593,ENSG00000241599,,lncRNA,1,160446,161525,M0,6467,2504,0.002597027,1.811694808,-0.000729227,0.063151837,-0.032866812,0.316248372,-0.018792748,No Mediation,No Mediation,No Mediation,M0.2,M0.2,53,30,30,3
2505,chr19_48399744_A_AAG_b38,ENSG00000105464,GRIN2D,protein_coding,19,48393668,48444931,ENSG00000023228,NDUFS1,protein_coding,2,206114817,206159509,M0,6469,2505,-0.000747915,0.151675791,-0.008549445,0.420991741,-0.118436173,-0.185801184,-0.01799098,No Mediation,No Mediation,No Mediation,M3,M3,48,28,28,2
2506,chr3_105776997_A_C_b38,ENSG00000114423,CBLB,protein_coding,3,105655461,105869552,ENSG00000261442,,lncRNA,16,4634329,4640623,M0,6478,2506,-0.003267551,1.997472205,-0.001491833,0.482339745,0.081471062,-0.180066128,-0.057313211,No Mediation,No Mediation,No Mediation,M3,M3,53,34,34,3
2507,chr19_53789487_T_TA_b38,ENSG00000269564,,lncRNA,19,53788782,53789168,ENSG00000178498,DTX3,protein_coding,12,57604622,57609804,M3,6483,2507,0.001735756,1.936004459,-0.001935713,1.526934365,0.140979664,0.171168807,0.033285748,No Mediation,No Mediation,No Mediation,M3,M3,65,37,37,2
2508,chr11_100975025_A_G_b38,ENSG00000165895,ARHGAP42,protein_coding,11,100687288,100993941,ENSG00000203605,,lncRNA,1,63139250,63163153,M3,6487,2508,0.001375795,0.095534258,7.38521494175943e-05,0.006124185,-0.153601209,0.172147758,-0.040656147,No Mediation,No Mediation,No Mediation,M0.2,M0.2,48,27,27,1
2509,chr3_69104703_G_T_b38,ENSG00000144746,ARL6IP5,protein_coding,3,69084937,69106092,ENSG00000171496,OR1L8,protein_coding,9,122567117,122583384,M0,6489,2509,-0.400654301,28.40808565,0.000169229,0.042942019,0.07030104,0.170066775,0.048400796,No Mediation,No Mediation,No Mediation,M0.2,M0.2,48,29,29,5
2510,chr8_10116208_C_T_b38,ENSG00000261451,,lncRNA,8,10433672,10438312,ENSG00000253893,FAM85B,lncRNA,8,8167819,8226614,M3,6491,2510,-0.000431248,0.063932955,0.001574782,0.111419983,-0.145335823,0.20175694,-0.04400251,No Mediation,No Mediation,No Mediation,M3,M3,53,29,29,0
2511,chr10_72106753_T_C_b38,ENSG00000107742,SPOCK2,protein_coding,10,72059034,72089032,ENSG00000247556,OIP5-AS1,lncRNA,15,41283990,41309737,M0,6495,2511,0.140036412,24.92455273,0.009544272,1.650118742,-0.100893329,-0.175016851,0.048453598,No Mediation,No Mediation,No Mediation,M0.2,M0.2,53,33,33,3
2512,chr19_45456342_T_C_b38,ENSG00000125741,OPA3,protein_coding,19,45527427,45602212,ENSG00000278630,LINC02335,lncRNA,13,55062945,55161490,M3,6506,2512,0.000455871,0.423108327,3.29094007421231e-05,0.010587852,0.127368231,0.32044232,0.096043753,No Mediation,No Mediation,No Mediation,M0.2,M0.2,38,25,25,4
2513,chr3_179653366_C_T_b38,ENSG00000058056,USP13,protein_coding,3,179653032,179804366,ENSG00000267225,WDR7-OT1,lncRNA,18,57027832,57038845,M0,6509,2513,0.001371872,0.329806178,-0.000381711,0.075534222,-0.107203993,0.193804638,-0.012913191,No Mediation,No Mediation,No Mediation,M3,M3,41,27,27,4
2514,chr15_55226347_G_C_b38,ENSG00000069943,PIGB,protein_coding,15,55318960,55355648,ENSG00000161513,FDXR,protein_coding,17,74862497,74873031,M0,6513,2514,-0.024158109,3.45523926,-0.015493021,0.954632749,0.071184501,0.207558156,-8.04E-05,No Mediation,No Mediation,No Mediation,Other,Other,55,41,41,0
2515,chr16_412963_C_T_b38,ENSG00000206177,HBM,protein_coding,16,153892,166764,ENSG00000166426,CRABP1,protein_coding,15,78340353,78348225,M0,6516,2515,70.92237045,314.237446,-0.00115187,0.873201902,-0.043614844,0.330229415,-0.004988515,No Mediation,No Mediation,No Mediation,M0.2,M0.2,50,15,15,2
2516,chr20_62938171_G_C_b38,ENSG00000101193,GID8,protein_coding,20,62938147,62948475,ENSG00000111906,HDDC2,protein_coding,6,125219962,125302078,M3,6517,2516,0.130814589,2.502687603,0.011777567,1.515956274,-0.137974244,-0.194158242,-0.015802941,No Mediation,No Mediation,No Mediation,M3,M3,46,33,33,3
2517,chr7_130883970_T_G_b38,ENSG00000231721,LINC-PINT,lncRNA,7,130938963,131110176,ENSG00000111843,TMEM14C,protein_coding,6,10722915,10731129,M0,6518,2517,-0.038990458,5.20639593,0.098162926,5.99733771,0.109979761,0.189873703,0.066420105,No Mediation,No Mediation,No Mediation,M0.2,Other,53,36,36,2
2518,chr1_62887038_C_T_b38,ENSG00000125703,ATG4C,protein_coding,1,62784132,62865516,ENSG00000140990,NDUFB10,protein_coding,16,1959538,1961975,M3,6521,2518,-0.003571922,0.465748387,0.327847365,11.84079744,0.146468119,0.174875533,-0.051928025,No Mediation,No Mediation,No Mediation,M0.1,M0.1,49,39,39,1
2519,chr20_476073_T_C_b38,ENSG00000101266,CSNK2A1,protein_coding,20,472498,543835,ENSG00000213145,CRIP1,protein_coding,14,105486317,105488947,M3,6528,2519,0.01461045,0.91973101,0.755361951,34.30793214,-0.200631386,0.253527849,0.056466625,No Mediation,No Mediation,Undirected,M3,M3,52,30,30,2
2520,chr5_54347876_T_C_b38,ENSG00000185305,ARL15,protein_coding,5,53883942,54310582,ENSG00000135338,LCA5,protein_coding,6,79484991,79537458,M0,6530,2520,0.004086363,0.679885456,8.68038338636841e-05,0.027319956,-0.118372537,0.173776797,-0.031109387,No Mediation,No Mediation,No Mediation,M3,M3,52,37,37,3
2521,chr17_58354092_A_G_b38,ENSG00000213246,SUPT4H1,protein_coding,17,58345175,58353093,ENSG00000259028,,lncRNA,14,87568181,87569399,M0,6534,2521,0.565335735,19.32220156,5.57388935488288e-05,0.004584809,-0.103483943,0.183158688,0.007542049,No Mediation,No Mediation,No Mediation,M3,M3,57,27,27,3
2522,chr20_19839367_G_A_b38,ENSG00000132669,RIN2,protein_coding,20,19757606,20002457,ENSG00000251270,,lncRNA,3,141115124,141124182,M0,6535,2522,0.001417968,1.190069178,5.16701584396586e-05,0.005222147,0.043978181,0.265013317,-0.004250023,No Mediation,No Mediation,No Mediation,M0.2,M0.2,51,28,28,3
2523,chr10_128061505_G_A_b38,ENSG00000132334,PTPRE,protein_coding,10,127907103,128085855,ENSG00000232494,,lncRNA,9,79874696,79886678,M0,6541,2523,-0.503609919,20.52773599,-8.24E-07,0.009263791,0.040787798,0.190834791,0.003503699,No Mediation,No Mediation,No Mediation,M0.2,M0.2,55,19,19,1
2524,chr7_87340243_C_T_b38,ENSG00000182165,TP53TG1,lncRNA,7,87322943,87345528,ENSG00000233729,NCKAP5-AS1,lncRNA,2,132915557,132931494,M3,6542,2524,0.002960764,0.797769135,-3.27E-05,0.007946349,0.157382163,-0.171567426,-0.013422895,No Mediation,No Mediation,No Mediation,M3,M3,49,23,23,1
2525,chr14_73487792_C_A_b38,ENSG00000170468,RIOX1,protein_coding,14,73490933,73493394,ENSG00000229664,,lncRNA,10,6025978,6036427,M4,6545,2525,-0.004074232,0.666316034,8.35139860412968e-05,0.082484073,0.152099057,-0.183707804,-0.143321422,No Mediation,No Mediation,Undirected,M3,M3,45,35,35,3
2526,chr14_68713254_C_T_b38,ENSG00000258623,,lncRNA,14,68683411,68685565,ENSG00000243187,CCDC39-AS1,lncRNA,3,180680084,180700449,M3,6547,2526,0.004745722,0.493297426,2.0351105390478e-05,0.009206964,-0.161459963,0.229659071,-0.096656342,No Mediation,No Mediation,No Mediation,M3,M3,52,31,31,2
2527,chr11_46250712_G_A_b38,ENSG00000254639,,lncRNA,11,46238382,46239267,ENSG00000223487,FRMPD4-AS1,lncRNA,X,12373167,12375133,M3,6550,2527,-0.025367296,1.358146524,7.43617925329443e-05,0.012917531,0.123718011,0.184821229,0.017769732,No Mediation,No Mediation,No Mediation,M3,M0.2,47,24,24,1
2528,chr3_120450401_C_T_b38,ENSG00000163430,FSTL1,protein_coding,3,120392293,120450993,ENSG00000238083,LRRC37A2,protein_coding,17,46511511,46555650,M0,6551,2528,-0.008321546,2.045198228,0.005699988,1.298088711,-0.022107828,0.189648433,0.070215412,No Mediation,No Mediation,No Mediation,M0.2,M0.2,52,33,33,1
2529,chr8_119879003_G_A_b38,ENSG00000155792,DEPTOR,protein_coding,8,119873717,120050918,ENSG00000231714,,lncRNA,1,194350943,194352426,M0,6554,2529,-0.003030184,0.55918224,6.84689965584848e-05,0.009462863,-0.046823999,0.355968279,-0.014443395,No Mediation,No Mediation,No Mediation,M0.2,M0.2,38,25,25,8
2530,chr4_83471365_G_A_b38,ENSG00000163319,MRPS18C,protein_coding,4,83455932,83469735,ENSG00000170632,ARMC10,protein_coding,7,103074881,103099759,M3,6556,2530,-0.002658312,0.907616505,-0.0016035,1.26149962,0.176797938,0.396372896,0.090847502,No Mediation,No Mediation,No Mediation,M3,M3,49,36,36,2
2531,chr10_110553541_A_G_b38,ENSG00000108055,SMC3,protein_coding,10,110567695,110606048,ENSG00000265775,,lncRNA,17,34118347,34118882,M0,6558,2531,-0.03634464,1.770870289,2.56903687909132e-05,0.009850462,0.088367876,-0.209212258,-0.016748526,No Mediation,No Mediation,No Mediation,M3,M3,56,40,40,4
2532,chr12_56352611_AATGC_A_b38,ENSG00000257727,CNPY2,protein_coding,12,56309842,56316119,ENSG00000170632,ARMC10,protein_coding,7,103074881,103099759,M0,6562,2532,0.013466543,2.005124375,-0.0016035,1.26149962,0.110380757,0.289274249,-0.108350466,No Mediation,No Mediation,Undirected,M3,M3,51,37,37,5
2533,chr8_288516_T_C_b38,ENSG00000272812,,lncRNA,8,233119,233692,ENSG00000162069,BICDL2,protein_coding,16,3027682,3036944,M0,6567,2533,-0.002850755,0.842387408,-0.01067293,2.02470618,0.092837631,0.179655692,0.051246484,No Mediation,No Mediation,No Mediation,M3,M3,50,30,30,1
2534,chr12_122583390_C_A_b38,ENSG00000184445,KNTC1,protein_coding,12,122527246,122626396,ENSG00000230260,,lncRNA,1,197437976,197447469,M0,6569,2534,-0.005860497,0.283608354,2.35733760692072e-05,0.018909517,0.054099795,0.209462748,0.002464158,No Mediation,No Mediation,No Mediation,M0.2,M3,50,34,34,5
2535,chr17_57008100_C_G_b38,ENSG00000153933,DGKE,protein_coding,17,56834107,56869567,ENSG00000111843,TMEM14C,protein_coding,6,10722915,10731129,M0,6573,2535,-0.000348767,0.264044254,0.098162926,5.99733771,-0.037656739,-0.306764992,-0.069925615,Undirected,Undirected,Undirected,M2.2,M3,49,37,37,3
2536,chr10_919587_TA_T_b38,ENSG00000107929,LARP4B,protein_coding,10,806914,931705,ENSG00000083857,FAT1,protein_coding,4,186587794,186726722,M0,6575,2536,-0.003494602,1.634665991,0.000710383,0.033651315,-0.069622508,0.181923445,0.073912349,No Mediation,No Mediation,No Mediation,M3,M3,58,40,40,4
2537,chr17_7877701_T_C_b38,ENSG00000132510,KDM6B,protein_coding,17,7834217,7854796,ENSG00000273104,,lncRNA,21,34412200,34412587,M0,6582,2537,-0.157324511,19.05338816,-6.48E-05,0.006052737,-0.056187861,0.251806679,-0.004406609,No Mediation,No Mediation,No Mediation,M0.2,M0.2,51,20,20,3
2538,chr12_49832220_C_G_b38,ENSG00000186666,BCDIN3D,protein_coding,12,49836043,49843106,ENSG00000228198,OR2M3,protein_coding,1,248197265,248212925,M3,6583,2538,-0.003203195,0.343541154,0.000215124,0.02180901,-0.141972674,0.218883737,-0.05169486,No Mediation,No Mediation,No Mediation,M3,M3,42,19,19,1
2539,chr17_7410818_G_A_b38,ENSG00000174282,ZBTB4,protein_coding,17,7459366,7484263,ENSG00000101000,PROCR,protein_coding,20,35172072,35216240,M0,6584,2539,0.083609201,4.694952072,-0.024454319,3.584920444,0.026848279,0.244086604,0.015381888,No Mediation,No Mediation,No Mediation,M0.2,M0.2,69,49,49,2
2540,chr10_72056168_C_T_b38,ENSG00000272988,,lncRNA,10,72053294,72054037,ENSG00000118307,CFAP94,protein_coding,12,25108289,25195162,M0,6585,2540,-0.000964899,0.196300693,8.63736701274375e-05,0.23933346,-0.112617948,0.222266319,0.059028602,No Mediation,No Mediation,No Mediation,M3,M3,45,30,30,0
2541,chr7_142906797_A_G_b38,ENSG00000165125,TRPV6,protein_coding,7,142871208,142885745,ENSG00000141519,CCDC40,protein_coding,17,80036632,80100613,M3,6587,2541,0.000120363,0.326247474,0.000603658,0.113707253,-0.157320469,-0.276885991,0.039525288,No Mediation,No Mediation,No Mediation,M3,M3,52,24,24,0
2542,chr11_117993114_T_C_b38,ENSG00000137747,TMPRSS13,protein_coding,11,117900641,117929459,ENSG00000197747,S100A10,protein_coding,1,151982915,151993859,M3,6588,2542,-0.000649494,0.183071384,3.675149428,74.27140055,0.187707127,-0.202359067,0.071418014,No Mediation,No Mediation,No Mediation,M3,M3,59,37,37,0
2543,chr9_33061442_A_G_b38,ENSG00000137074,APTX,protein_coding,9,32886601,33025130,ENSG00000151650,VENTX,protein_coding,10,133237855,133241928,M3,6591,2543,-0.005369353,0.568248286,-0.027027155,4.011732733,-0.154012707,-0.212563493,0.04669788,No Mediation,No Mediation,No Mediation,M3,M3,48,30,30,3
2544,chr1_161003726_G_A_b38,ENSG00000158874,APOA2,protein_coding,1,161222292,161223631,ENSG00000148408,CACNA1B,protein_coding,9,137877782,138124624,M0,6593,2544,5.049449076,212.1635343,0.001189655,0.5156141,-0.019522298,0.467142892,-0.0038734,No Mediation,No Mediation,No Mediation,M0.2,M0.2,62,33,33,1
2545,chr8_144094687_G_A_b38,ENSG00000179526,SHARPIN,protein_coding,8,144098633,144108124,ENSG00000259448,LINC02352,lncRNA,15,31215622,31224445,M1.2,6598,2545,2.164423888,18.26290805,0.056310131,1.34624332,-0.091661524,-0.231020256,0.20225346,Undirected,Undirected,Undirected,M2.2,M2.2,34,17,17,1
2546,chr19_39315693_C_A_b38,ENSG00000128011,LRFN1,protein_coding,19,39306566,39320863,ENSG00000225458,,lncRNA,20,41991140,42063969,M3,6600,2546,-0.019541159,11.01019052,2.72700729469965e-05,0.002887133,-0.126519689,0.296055038,-0.042365674,No Mediation,No Mediation,No Mediation,M0.2,M0.2,58,21,21,2
2547,chr19_13128431_T_C_b38,ENSG00000104915,STX10,protein_coding,19,13144058,13150383,ENSG00000184428,TOP1MT,protein_coding,8,143304384,143359979,M0,6601,2547,0.842230422,35.68308622,0.006999735,3.075825754,-0.040417549,0.43160328,-0.085916474,No Mediation,No Mediation,No Mediation,M0.2,M0.2,67,28,28,0
2548,chr1_154861707_G_A_b38,ENSG00000163344,PMVK,protein_coding,1,154924740,154936719,ENSG00000176402,GJC3,protein_coding,7,99923266,99929620,M0,6602,2548,-0.019224511,3.522856064,5.21665008099221e-05,0.084542269,0.056921022,-0.186124927,-0.013856951,No Mediation,No Mediation,No Mediation,M0.2,M0.2,44,19,19,3
2549,chr19_4016007_T_G_b38,ENSG00000167658,EEF2,protein_coding,19,3976056,3985463,ENSG00000198105,ZNF248,protein_coding,10,37776526,37858106,M0,6607,2549,160.6749635,364.4159283,0.001208945,0.163604137,0.034472228,-0.171113162,-0.052703232,No Mediation,No Mediation,No Mediation,Other,Other,54,28,28,3
2550,chr7_17298431_G_A_b38,ENSG00000237773,,lncRNA,7,16970320,17299368,ENSG00000250874,,lncRNA,5,85663232,85664684,M3,6615,2550,0.000267108,0.096652344,1.96639604474282e-05,0.00271628,0.213081157,0.255444226,0.077352958,No Mediation,No Mediation,No Mediation,M3,M3,55,16,16,0
2551,chr12_2690821_C_T_b38,ENSG00000246627,CACNA1C-AS1,lncRNA,12,2676001,2691200,ENSG00000253778,,lncRNA,8,86765935,86818558,M3,6616,2551,0.000565203,0.187599549,-2.61E-05,0.008167954,-0.167308193,0.174898916,-0.077956646,No Mediation,No Mediation,Undirected,M3,M3,49,19,19,0
2552,chr9_112445477_G_A_b38,ENSG00000119471,HSDL2,protein_coding,9,112380080,112472405,ENSG00000154162,CDH12,protein_coding,5,21750673,22853344,M0,6618,2552,0.004772776,6.962949751,5.04615916684292e-05,0.005412487,-0.072336245,0.179122625,0.001151544,No Mediation,No Mediation,No Mediation,M3,M3,62,35,35,1
2553,chr11_3072724_G_A_b38,ENSG00000183562,,lncRNA,11,2989863,2991344,ENSG00000256897,,lncRNA,11,47220218,47221751,M3,6625,2553,0.001480216,0.163906182,-0.002261929,0.301151329,0.189362958,0.176885502,0.134099935,No Mediation,No Mediation,No Mediation,M0.1,M0.1,47,37,37,5
2554,chr12_6333180_A_G_b38,ENSG00000067182,TNFRSF1A,protein_coding,12,6328757,6342114,ENSG00000111843,TMEM14C,protein_coding,6,10722915,10731129,M0,6630,2554,-0.234276971,59.47427322,0.098162926,5.99733771,-0.030223378,0.206636137,-0.036381207,No Mediation,No Mediation,No Mediation,M0.2,M0.2,48,35,35,4
2555,chr17_63653257_C_G_b38,ENSG00000198909,MAP3K3,protein_coding,17,63622415,63696305,ENSG00000124151,NCOA3,protein_coding,20,47501887,47656877,M0,6632,2555,-0.034219629,12.1771023,-0.015447814,2.09948666,0.0884495,0.184781257,-0.01695411,No Mediation,No Mediation,No Mediation,M3,M3,55,37,37,1
2556,chr16_81837841_C_A_b38,ENSG00000197943,PLCG2,protein_coding,16,81739097,81962685,ENSG00000233220,LINC00167,lncRNA,11,130002938,130004356,M0,6633,2556,-0.057551911,4.820383609,-3.72E-05,0.043589769,-0.074800884,0.205171647,-0.035781789,No Mediation,No Mediation,No Mediation,M3,M3,48,28,28,2
2557,chr22_31613962_G_A_b38,ENSG00000100220,RTCB,protein_coding,22,32387582,32412248,ENSG00000224404,,lncRNA,22,34191194,34210564,M0,6637,2557,-0.060053342,3.23358131,-5.23E-05,0.017456592,-0.09741962,0.397693618,-0.012505052,No Mediation,No Mediation,No Mediation,M3,M3,59,43,43,6
2558,chr9_136962187_C_G_b38,ENSG00000184925,LCN12,protein_coding,9,136949551,136955497,ENSG00000185290,NUPR2,protein_coding,7,56114681,56116417,M3,6640,2558,-0.000813548,0.204797324,0.001464308,0.422724621,-0.189776126,-0.215815458,0.020685843,No Mediation,No Mediation,No Mediation,M3,M3,48,34,34,1
2559,chr15_40599426_C_T_b38,ENSG00000137812,KNL1,protein_coding,15,40594020,40664342,ENSG00000236153,,lncRNA,2,180979427,180980090,M0,6641,2559,-0.00168852,0.17956833,9.72116716062075e-05,0.04194536,0.078007143,0.301506539,0.027961095,No Mediation,No Mediation,Cis Mediated,M0.2,M0.2,58,42,42,3
2560,chr2_208100399_T_C_b38,ENSG00000144407,PTH2R,protein_coding,2,208359714,208854503,ENSG00000254389,RHPN1-AS1,lncRNA,8,143366631,143368548,M0,6642,2560,-0.000333576,0.123333124,-0.001068763,0.162308848,-0.081237622,0.207965941,0.094314843,No Mediation,No Mediation,No Mediation,M3,M3,56,26,26,1
2561,chr5_132010768_A_G_b38,ENSG00000158985,CDC42SE2,protein_coding,5,131245493,131398447,ENSG00000116062,MSH6,protein_coding,2,47695530,47810063,M0,6643,2561,0.099579848,6.37833292,0.001248272,0.47530779,-0.07044581,-0.176534229,0.054987716,No Mediation,No Mediation,No Mediation,M0.2,M0.2,45,35,35,3
2562,chr22_23580365_G_A_b38,ENSG00000128322,IGLL1,protein_coding,22,23573125,23580302,ENSG00000116285,ERRFI1,protein_coding,1,8004404,8026309,M0,6645,2562,0.020447058,1.74086423,-0.021537491,4.532724626,-0.108936333,0.19199082,-0.014618524,Cis Mediated,Cis Mediated,Undirected,M0.2,M0.2,59,38,38,1
2563,chr2_214198674_A_G_b38,ENSG00000144451,SPAG16,protein_coding,2,213284379,214410501,ENSG00000235191,NUCB1-AS1,lncRNA,19,48910930,48918891,M0,6646,2563,6.70449439881008e-05,0.047646069,0.00232792,0.618330551,-0.109271723,0.209564012,-0.061846355,No Mediation,No Mediation,No Mediation,M3,M3,48,32,32,3
2564,chr19_45505007_C_T_b38,ENSG00000125753,VASP,protein_coding,19,45506579,45526983,ENSG00000233397,,lncRNA,2,162092232,162095032,M0,6649,2564,14.6794852,139.7000309,3.87691791173038e-06,0.002886417,0.043788858,0.180079232,0.001751316,No Mediation,No Mediation,No Mediation,M0.2,M0.2,52,23,23,3
2565,chr10_19816920_T_C_b38,ENSG00000120594,PLXDC2,protein_coding,10,19816239,20289856,ENSG00000257470,,lncRNA,12,97024021,97127626,M0,6656,2565,-0.015032255,3.229936101,1.34064216965794e-05,0.006450552,-0.109713491,0.232310932,-0.043492368,No Mediation,No Mediation,No Mediation,M0.2,M0.2,46,17,17,2
2566,chr3_94062771_G_T_b38,ENSG00000178700,DHFR2,protein_coding,3,94047836,94063389,ENSG00000110455,ACCS,protein_coding,11,44065925,44084237,M3,6657,2566,0.00021559,0.256710241,0.033898679,3.99246794,0.132685857,0.185724277,0.043072693,No Mediation,No Mediation,No Mediation,M3,M3,49,32,32,0
2567,chr12_111216417_T_A_b38,ENSG00000257595,LINC02356,lncRNA,12,111369261,111403310,ENSG00000233290,,lncRNA,1,82212413,82848205,M3,6659,2567,0.005611731,0.361871403,1.59473615111037e-05,0.001939419,0.19439897,0.416265512,0.061798536,No Mediation,No Mediation,No Mediation,M3,M3,46,13,13,3
2568,chr12_43692000_T_C_b38,ENSG00000198001,IRAK4,protein_coding,12,43758944,43789543,ENSG00000229042,,lncRNA,20,42685404,42688562,M0,6661,2568,-0.023711377,4.459151414,2.02184673365713e-05,0.002185586,-0.022129304,0.204856044,0.007466787,No Mediation,No Mediation,No Mediation,M0.2,M0.2,50,24,24,5
2569,chr8_12748326_G_C_b38,ENSG00000154359,LONRF1,protein_coding,8,12721906,12756073,ENSG00000139151,PLCZ1,protein_coding,12,18683169,18738100,M0,6666,2569,-0.012576639,0.980064469,0.000154664,0.00692681,0.063230071,-0.188630885,0.030391968,No Mediation,No Mediation,No Mediation,M0.2,M3,50,23,23,2
2570,chr4_102686096_C_G_b38,ENSG00000109323,MANBA,protein_coding,4,102630770,102760994,ENSG00000260423,LINC02367,lncRNA,12,9347056,9400387,M0,6670,2570,-0.037005679,4.642318096,0.000169985,0.036847932,0.08888013,0.173028893,0.030712532,No Mediation,No Mediation,No Mediation,M3,M3,47,35,35,5
2571,chr18_9096995_A_G_b38,ENSG00000101745,ANKRD12,protein_coding,18,9136228,9285985,ENSG00000172890,NADSYN1,protein_coding,11,71453109,71524107,M0,6674,2571,0.004921236,0.779913208,-0.01577863,5.580909296,-0.035716758,0.176118019,-0.029746166,No Mediation,No Mediation,No Mediation,M0.2,M3,52,35,35,3
2572,chr9_128004669_T_G_b38,ENSG00000136908,DPM2,protein_coding,9,127935099,127937854,ENSG00000268618,,lncRNA,19,8549506,8550139,M0,6679,2572,1.93739584,15.1615502,-0.025275247,3.119257219,0.030370848,0.202221379,0.029158563,No Mediation,No Mediation,No Mediation,M0.2,M0.2,48,27,27,2
2573,chr11_134153964_C_A_b38,ENSG00000151503,NCAPD3,protein_coding,11,134150113,134225454,ENSG00000250781,,lncRNA,4,42281830,42391651,M0,6680,2573,-0.004293333,0.355366525,-2.38E-05,0.009830055,0.086455842,0.199005213,0.010565605,No Mediation,No Mediation,No Mediation,M0.2,M0.2,49,24,24,4
2574,chr11_211203_G_A_b38,ENSG00000254872,LINC02688,lncRNA,11,1049880,1055749,ENSG00000145879,SPINK7,protein_coding,5,148312419,148315922,M3,6682,2574,0.000458153,0.103875673,0.001736059,0.507669684,-0.142263206,0.352901411,-0.074430877,No Mediation,No Mediation,No Mediation,M3,M3,42,32,32,8
2575,chr11_3855203_A_G_b38,ENSG00000228661,STIM1-AS1,lncRNA,11,3854318,3855509,ENSG00000026297,RNASET2,protein_coding,6,166922113,166957191,M3,6686,2575,0.004059602,0.377114345,1.325326816,75.25243651,0.164391482,-0.172550099,-0.079264947,No Mediation,No Mediation,No Mediation,M3,M3,44,27,27,0
2576,chr1_19975434_A_T_b38,ENSG00000162543,UBXN10,protein_coding,1,20186096,20196050,ENSG00000065361,ERBB3,protein_coding,12,56076799,56103505,M3,6687,2576,0.005352089,0.375641866,0.000257816,0.073841734,0.124560522,0.195450299,0.03838157,No Mediation,No Mediation,No Mediation,Other,Other,47,30,30,3
2577,chr6_170035626_C_T_b38,ENSG00000227508,LINC01624,lncRNA,6,170272474,170279887,ENSG00000145734,BDP1,protein_coding,5,71455651,71567820,M0,6697,2577,0.001582885,0.100500703,0.00250312,0.268261063,-0.078010049,-0.19899646,0.061362882,No Mediation,No Mediation,No Mediation,M0.2,Other,44,32,32,4
2578,chr2_189060271_G_A_b38,ENSG00000204262,COL5A2,protein_coding,2,189031898,189225312,ENSG00000254302,,lncRNA,8,34174886,34207513,M4,6699,2578,-0.000702112,0.191555997,-6.90E-05,0.007677382,0.169986212,0.38773807,0.161239741,No Mediation,No Mediation,Undirected,M1.2,M1.2,62,21,21,1
2579,chr12_82964640_C_T_b38,ENSG00000179104,TMTC2,protein_coding,12,82686880,83134870,ENSG00000168255,POLR2J3,protein_coding,7,102537918,102572653,M0,6701,2579,0.001551588,0.348800678,-0.004200583,0.918447079,-0.063336244,-0.178126431,0.023512281,No Mediation,No Mediation,No Mediation,M3,M0.2,57,31,31,2
2580,chr10_45503761_T_C_b38,ENSG00000012779,ALOX5,protein_coding,10,45374176,45446119,ENSG00000230000,,lncRNA,7,63348861,63351774,M0,6702,2580,11.8638984,156.4226742,1.28156935037379e-05,0.003501641,0.049848495,0.182622355,-0.014716845,No Mediation,No Mediation,No Mediation,M0.2,M0.2,58,19,19,2
2581,chr2_87709831_T_C_b38,ENSG00000185304,RGPD2,protein_coding,2,87755960,87825952,ENSG00000250001,,lncRNA,5,9519853,9523178,M0,6703,2581,-0.007992708,0.870987311,3.35785007337108e-06,0.007834274,-0.054098739,0.398501419,0.037209267,Cis Mediated,Undirected,Undirected,M0.2,M0.2,47,16,16,0
2582,chrX_153887306_G_T_b38,ENSG00000172534,HCFC1,protein_coding,X,153947557,153971818,ENSG00000249662,LINC02218,protein_coding,5,17444010,17486829,M0,6704,2582,-0.011024762,1.654012399,0.000873165,0.540899716,-0.096196636,0.204025788,-0.024484932,No Mediation,No Mediation,No Mediation,M3,M3,60,39,39,1
2583,chrX_85126103_A_G_b38,ENSG00000155008,APOOL,protein_coding,X,85003877,85093316,ENSG00000226762,LINC02668,lncRNA,10,3232264,3258897,M0,6705,2583,0.001685461,0.203151015,0.000306528,0.023425645,0.119700041,-0.18062584,-0.022120109,No Mediation,No Mediation,No Mediation,M3,M3,46,26,26,0
2584,chr6_89650627_G_A_b38,ENSG00000112159,MDN1,protein_coding,6,89642498,89819794,ENSG00000196242,OR2C3,protein_coding,1,247524677,247536440,M0,6712,2584,-7.63E-05,0.258447177,-0.000142659,0.023232433,-0.060241892,-0.184696173,0.052364512,No Mediation,No Mediation,No Mediation,M0.2,M3,49,28,28,1
2585,chr12_57454856_G_A_b38,ENSG00000179912,R3HDM2,protein_coding,12,57253762,57431005,ENSG00000259448,LINC02352,lncRNA,15,31215622,31224445,M0,6717,2585,0.069106291,3.48333906,0.056310131,1.34624332,0.050992195,-0.185662272,0.01774557,No Mediation,No Mediation,Trans Mediated,M0.2,M3,51,35,35,2
2586,chr16_4642112_G_A_b38,ENSG00000261442,,lncRNA,16,4634329,4640623,ENSG00000184428,TOP1MT,protein_coding,8,143304384,143359979,M4,6718,2586,-0.001491833,0.482339745,0.006999735,3.075825754,0.309260772,0.299168296,0.254915918,No Mediation,No Mediation,No Mediation,M4,M3,58,25,25,1
2587,chr1_160665479_A_G_b38,ENSG00000117090,SLAMF1,protein_coding,1,160608106,160647295,ENSG00000263766,KPNB1-DT,lncRNA,17,47603860,47649420,M0,6720,2587,-0.036185498,3.344586015,0.006280402,0.705534301,-0.114781558,0.173281752,0.040913008,No Mediation,No Mediation,No Mediation,M0.2,M3,59,33,33,2
2588,chr14_24331464_G_A_b38,ENSG00000139908,TSSK4,protein_coding,14,24205696,24208362,ENSG00000251176,,lncRNA,4,171553000,171564267,M0,6723,2588,0.000830017,0.423366502,3.34930703519291e-05,0.003122216,-0.102255691,0.296365143,0.002781007,No Mediation,No Mediation,No Mediation,M3,M3,29,16,16,6
2589,chr6_36292197_A_G_b38,ENSG00000189325,BNIP5,protein_coding,6,36315761,36336888,ENSG00000227599,PTPRT-AS1,lncRNA,20,42968743,42971492,M3,6724,2589,-0.000321998,0.073132971,5.83088329479853e-06,0.001674526,-0.137622138,-0.224984292,-0.012271306,No Mediation,No Mediation,No Mediation,M3,M3,55,20,20,1
2590,chr7_45964199_A_G_b38,ENSG00000146674,IGFBP3,protein_coding,7,45912245,45921874,ENSG00000281721,LINC01080,lncRNA,13,80011077,80028283,M0,6725,2590,-0.028444361,4.169239439,-1.61E-05,0.00400172,-0.011381836,0.170474536,-0.006653379,No Mediation,No Mediation,No Mediation,M0.2,M0.2,46,31,31,3
2591,chr1_14855049_C_A_b38,ENSG00000189337,KAZN,protein_coding,1,13892792,15118043,ENSG00000229928,LINC00400,lncRNA,13,43158631,43159466,M0,6727,2591,0.015901794,1.807278415,2.49531720063674e-05,0.004495825,-0.093525068,0.263156453,-0.028888188,No Mediation,No Mediation,No Mediation,M0.2,M3,58,11,11,0
2592,chr6_29763071_G_A_b38,ENSG00000204655,MOG,protein_coding,6,29657002,29672372,ENSG00000125827,TMX4,protein_coding,20,7977346,8019805,M0,6729,2592,0.000611345,0.098755777,0.114076098,8.525003791,-0.023913229,0.170066232,0.001780437,No Mediation,No Mediation,No Mediation,M3,Other,47,35,35,4
2593,chr6_116305167_C_T_b38,ENSG00000187189,TSPYL4,protein_coding,6,116249964,116254075,ENSG00000174332,GLIS1,protein_coding,1,53506237,53738106,M3,6734,2593,-0.007348117,1.24507903,0.000162717,0.072653617,0.210929789,0.271723346,0.070595114,No Mediation,No Mediation,No Mediation,M3,M3,58,37,37,2
2594,chr8_144272470_T_C_b38,ENSG00000261236,BOP1,protein_coding,8,144262045,144291438,ENSG00000231714,,lncRNA,1,194350943,194352426,M0,6737,2594,-0.023708619,2.435745793,6.84689965584848e-05,0.009462863,-0.068724555,0.303193405,-0.019207302,No Mediation,No Mediation,No Mediation,M0.2,M0.2,42,21,21,6
2595,chr9_39778391_G_T_b38,ENSG00000278175,GLIDR,lncRNA,9,39748514,39810097,ENSG00000234665,LERFS,lncRNA,9,62856999,62898095,M1.2,6739,2595,-0.000178697,0.043529534,-0.000499533,0.122993932,-0.146725319,0.401262771,-0.173608868,Undirected,Undirected,Undirected,M1.2,M1.2,47,22,22,0
2596,chr10_17853689_C_T_b38,ENSG00000273153,,lncRNA,10,17137336,17137585,ENSG00000233997,LINC01425,lncRNA,21,21746973,21797415,M3,6745,2596,-0.001382429,0.491994146,-3.16E-05,0.005907777,0.135465659,0.27503646,0.03919174,No Mediation,No Mediation,No Mediation,M3,M3,52,33,33,1
2597,chr1_186900018_G_GC_b38,ENSG00000116711,PLA2G4A,protein_coding,1,186828949,186988981,ENSG00000131669,NINJ1,protein_coding,9,93121496,93134251,M0,6747,2597,-0.021519026,1.067867179,7.0332083,103.0134353,0.100834531,0.172911457,-0.05301617,No Mediation,No Mediation,No Mediation,M3,M0.1,44,32,32,2
2598,chr2_8850632_A_C_b38,ENSG00000143797,MBOAT2,protein_coding,2,8852690,9003709,ENSG00000251206,,lncRNA,5,67268022,67270182,M0,6754,2598,0.009620842,3.030586151,-0.000233523,0.015406248,-0.069650432,0.184877569,-0.051945404,No Mediation,No Mediation,No Mediation,M0.2,M0.2,49,36,36,4
2599,chr7_105050911_G_T_b38,ENSG00000239569,KMT2E-AS1,lncRNA,7,105013425,105014321,ENSG00000233574,,lncRNA,22,27276240,27286349,M3,6757,2599,0.017310435,3.763584201,-6.89E-05,0.013682342,0.149433463,0.315893597,0.004705469,No Mediation,No Mediation,No Mediation,M3,M3,58,38,38,2
2600,chr19_48884500_G_A_b38,ENSG00000235191,NUCB1-AS1,lncRNA,19,48910930,48918891,ENSG00000258944,,lncRNA,14,73272182,73274081,M3,6759,2600,0.00232792,0.618330551,-0.007875744,4.097701266,0.132179282,0.191815673,0.006084478,Undirected,Undirected,Undirected,M4,M4,49,34,34,3
2601,chr3_49305377_C_CAACTTTTTTGTTGTTTTTAAAGAAA_b38,ENSG00000010256,UQCRC1,protein_coding,3,48599002,48610976,ENSG00000278698,,lncRNA,13,106773623,106774279,M0,6761,2601,-0.046164911,17.91559587,-7.33E-05,0.009310053,-0.097198864,0.368734112,-0.015178317,No Mediation,No Mediation,No Mediation,M3,M0.2,51,31,31,0
2602,chr17_49981036_A_T_b38,ENSG00000136504,KAT7,protein_coding,17,49788648,49835026,ENSG00000231912,,lncRNA,6,113791829,113837368,M0,6767,2602,-0.001026525,1.039613611,-8.20E-05,0.01339474,-0.054913107,0.227575744,0.027363825,No Mediation,No Mediation,Undirected,M3,M0.2,51,26,26,5
2603,chr19_18417708_G_A_b38,ENSG00000130511,SSBP4,protein_coding,19,18418864,18434562,ENSG00000259437,,lncRNA,15,66919811,66931755,M0,6772,2603,-0.159815948,8.742986157,-9.76E-05,0.010263509,-0.07057137,0.311066621,-0.040638255,No Mediation,No Mediation,No Mediation,M0.2,M1.2,66,39,39,5
2604,chr2_42345946_G_C_b38,ENSG00000224875,EML4-AS1,lncRNA,2,42143238,42170301,ENSG00000198464,ZNF480,protein_coding,19,52297169,52325922,M3,6773,2604,0.002057126,0.254530888,0.000613802,0.329346179,0.176045808,0.174618038,0.102141979,No Mediation,No Mediation,No Mediation,M3,M3,48,33,33,2
2605,chr19_18894573_G_A_b38,ENSG00000105676,ARMC6,protein_coding,19,19033575,19060311,ENSG00000184724,KRTAP6-1,protein_coding,21,30613431,30613930,M3,6774,2605,-0.007702019,1.182504124,0.000192856,0.016420727,-0.158791173,0.19639762,-0.004507794,No Mediation,No Mediation,No Mediation,M3,M3,46,20,20,1
2606,chr12_96416733_G_A_b38,ENSG00000059758,CDK17,protein_coding,12,96278261,96400480,ENSG00000124789,NUP153,protein_coding,6,17615035,17706925,M0,6779,2606,-0.021807654,1.630607948,-0.000247106,2.582772299,-0.089407377,0.177042938,0.17347627,Undirected,Undirected,Undirected,M2.2,M2.2,48,38,38,6
2607,chr22_38180308_C_T_b38,ENSG00000128298,BAIAP2L2,protein_coding,22,38084652,38111015,ENSG00000231078,,lncRNA,20,57105741,57107128,M3,6780,2607,0.002107589,0.25560088,-1.76E-05,0.009099657,-0.161040451,0.178352964,0.000999855,No Mediation,No Mediation,No Mediation,M3,M3,59,16,16,0
2608,chr15_73086740_C_T_b38,ENSG00000067225,PKM,protein_coding,15,72199029,72231822,ENSG00000259448,LINC02352,lncRNA,15,31215622,31224445,M0,6782,2608,28.76029172,195.9049652,0.056310131,1.34624332,0.043328836,0.189701176,-0.025676716,No Mediation,No Mediation,No Mediation,M0.2,M0.2,54,26,26,0
2609,chr17_32045098_T_G_b38,ENSG00000185158,LRRC37B,protein_coding,17,32007872,32053504,ENSG00000189283,FHIT,protein_coding,3,59747277,61251459,M0,6789,2609,-0.002200312,0.663115631,0.034092121,1.643780991,-0.105558163,-0.19199761,0.087212833,No Mediation,No Mediation,No Mediation,M3,M3,50,36,36,4
2610,chr1_43171878_A_G_b38,ENSG00000117395,EBNA1BP2,protein_coding,1,43164175,43270936,ENSG00000179219,LINC00311,lncRNA,16,85282958,85285963,M0,6791,2610,-0.004617611,0.958762844,0.000149037,0.015074198,0.07521811,0.173657783,0.001831219,No Mediation,No Mediation,No Mediation,M3,M3,52,32,32,3
2611,chr9_32448038_G_A_b38,ENSG00000107201,DDX58,protein_coding,9,32455302,32526208,ENSG00000231110,,lncRNA,X,140216035,140216804,M0,6797,2611,-0.060280088,6.593777288,-3.13E-05,0.010210561,0.057454562,0.186886581,0.037509889,No Mediation,No Mediation,No Mediation,M0.2,M0.2,49,29,29,4
2612,chr19_2207270_A_G_b38,ENSG00000104885,DOT1L,protein_coding,19,2163933,2232578,ENSG00000177731,FLII,protein_coding,17,18244815,18258738,M0,6799,2612,-0.067077999,3.187878212,-0.084868413,15.91808933,0.08920958,0.173654877,-0.033637496,No Mediation,No Mediation,No Mediation,M3,M3,51,43,43,3
2613,chr19_10359299_A_C_b38,ENSG00000161847,RAVER1,protein_coding,19,10316212,10333638,ENSG00000235830,SRGAP3-AS4,lncRNA,3,9249742,9257507,M0,6801,2613,-0.121277884,7.24589542,0.000311138,0.026267755,0.061658119,0.193801449,0.02267676,No Mediation,No Mediation,No Mediation,M0.2,M0.2,44,22,22,1
2614,chr7_4783682_A_G_b38,ENSG00000242802,AP5Z1,protein_coding,7,4775615,4794397,ENSG00000274419,TBC1D3D,protein_coding,17,38003976,38014902,M3,6803,2614,-0.211905106,5.732293375,-0.004420253,0.792225763,0.170084742,0.34109175,0.060095839,No Mediation,No Mediation,No Mediation,M3,M3,51,34,34,1
2615,chr11_2160994_A_T_b38,ENSG00000167244,IGF2,protein_coding,11,2129112,2141238,ENSG00000111843,TMEM14C,protein_coding,6,10722915,10731129,M0,6804,2615,0.081149093,6.183252122,0.098162926,5.99733771,-0.007935132,-0.271669356,-0.00024473,No Mediation,No Mediation,Undirected,M0.2,M0.2,59,29,29,0
2616,chr2_69105814_T_C_b38,ENSG00000059728,MXD1,protein_coding,2,69897688,69942945,ENSG00000240596,KCNAB1-AS2,lncRNA,3,156215560,156227883,M0,6810,2616,50.05643319,273.1967843,0.000139427,0.009419838,0.016244956,0.205755464,0.006593041,No Mediation,No Mediation,No Mediation,M0.2,M0.2,55,17,17,0
2617,chr10_131965148_A_C_b38,ENSG00000277959,,lncRNA,10,131971202,131971533,ENSG00000248663,LINC00992,lncRNA,5,117415509,117546298,M3,6824,2617,0.010164966,1.372148516,6.16306306228716e-05,0.011898867,0.181117233,0.184922606,0.084175208,No Mediation,No Mediation,No Mediation,M3,M3,45,28,28,1
2618,chr11_78560568_A_C_b38,ENSG00000251323,LINC02728,lncRNA,11,78423982,78429836,ENSG00000235277,,lncRNA,21,14918534,14947096,M3,6828,2618,0.001168503,0.09595577,-1.73E-05,0.014624922,-0.182775692,-0.17427581,0.076745079,No Mediation,No Mediation,No Mediation,M3,M1.1,58,30,30,1
2619,chr16_71711159_G_A_b38,ENSG00000182149,IST1,protein_coding,16,71845996,71931199,ENSG00000241648,CADM2-AS2,lncRNA,3,85799987,85828050,M0,6830,2619,-0.084899645,5.398167921,4.93264346965562e-05,0.004241775,-0.121055463,0.194373971,-0.020451239,No Mediation,No Mediation,No Mediation,M3,M3,44,32,32,8
2620,chr6_30106972_C_T_b38,ENSG00000137343,ATAT1,protein_coding,6,30626842,30646823,ENSG00000163273,NPPC,protein_coding,2,231921809,231926396,M0,6831,2620,-0.001616257,0.381518125,0.000311076,0.055945154,0.069456676,0.196157336,0.023119324,No Mediation,No Mediation,No Mediation,M3,M3,47,39,39,3
2621,chr11_1495262_TTTC_T_b38,ENSG00000182208,MOB2,protein_coding,11,1469457,1501247,ENSG00000240573,,lncRNA,3,78087404,78092270,M2,6833,2621,0.251098224,4.63986918,2.46344466109234e-05,0.00775722,0.097144496,0.198371663,0.119041745,No Mediation,No Mediation,No Mediation,M3,M0.1,46,36,36,3
2622,chr19_13046337_G_C_b38,ENSG00000105576,TNPO2,protein_coding,19,12699201,12724011,ENSG00000250337,PURPL,lncRNA,5,27217714,27496994,M0,6836,2622,-0.001246413,1.261449413,0.00016203,0.013774402,0.050185031,0.179774119,-0.020525965,No Mediation,No Mediation,No Mediation,M0.2,M0.2,49,34,34,2
2623,chr11_577296_G_C_b38,ENSG00000099834,CDHR5,protein_coding,11,616577,626078,ENSG00000049540,ELN,protein_coding,7,74027789,74069907,M3,6844,2623,0.000254919,0.116459753,-0.000517434,4.330116008,0.16485455,0.238231588,-0.029907702,No Mediation,No Mediation,Undirected,M4,M3,45,30,30,4
2624,chr6_26242549_G_C_b38,ENSG00000272468,,lncRNA,6,27122657,27123221,ENSG00000265174,,lncRNA,18,6557822,6558654,M0,6845,2624,-0.021316349,1.811701473,5.47023346439006e-06,0.003706817,-0.071660918,0.189834744,-0.048904675,No Mediation,No Mediation,No Mediation,M0.2,M0.2,58,23,23,1
2625,chr3_129580438_T_C_b38,ENSG00000129071,MBD4,protein_coding,3,129430947,129440179,ENSG00000249992,TMEM158,protein_coding,3,45224466,45226287,M0,6846,2625,-0.065051773,5.263693714,0.141388513,2.913344897,0.056207239,0.175762292,-0.053653303,No Mediation,No Mediation,No Mediation,M0.2,M0.2,51,20,20,1
2626,chr1_99820678_C_T_b38,ENSG00000162688,AGL,protein_coding,1,99850361,99924023,ENSG00000169118,CSNK1G1,protein_coding,15,64165525,64356173,M3,6849,2626,-0.001106467,0.413066605,0.000318954,0.331888739,-0.158367329,-0.170543708,0.065965179,No Mediation,No Mediation,No Mediation,M3,M3,50,37,37,1
2627,chr19_38546636_G_A_b38,ENSG00000104814,MAP4K1,protein_coding,19,38587641,38618882,ENSG00000274238,,lncRNA,4,89743792,89744305,M0,6855,2627,-0.156170259,10.55989217,8.28241342774231e-05,0.011499534,0.040757532,0.23093977,0.028493092,No Mediation,No Mediation,No Mediation,M0.2,M0.2,57,25,25,1
2628,chr13_28169384_C_G_b38,ENSG00000261485,PAN3-AS1,lncRNA,13,28136843,28138193,ENSG00000106123,EPHB6,protein_coding,7,142855061,142871094,M3,6858,2628,-0.004279084,0.639629567,-0.055699161,12.93833308,0.16220455,0.281856222,-0.00622555,No Mediation,No Mediation,No Mediation,M3,M3,63,19,19,0
2629,chr20_5077459_TTTTGGGAGGTGGGTGGATCACCTGAGGTCAGGAGTTCCAGACCAGCCTGGTCAACATGGCAAAATCCCGTCTCTACTAAAAATACAAAAATTAACTGGGCATGGTGGCGCACACCTGTAATCCCAGCAC_T_b38,ENSG00000132646,PCNA,protein_coding,20,5114953,5126626,ENSG00000249776,,lncRNA,5,92410256,92660863,M0,6860,2629,-0.052252893,14.2078449,-9.70E-06,0.003973467,0.022894039,0.232932511,0.001036853,No Mediation,No Mediation,No Mediation,M0.2,M0.2,49,13,13,1
2630,chr14_52902770_G_A_b38,ENSG00000198252,STYX,protein_coding,14,52730166,52774989,ENSG00000235272,RAMACL,protein_coding,6,166585604,166587594,M0,6861,2630,0.007460106,0.629120767,-0.004923556,0.805647006,0.098892449,0.197259662,-0.050837506,No Mediation,No Mediation,No Mediation,M3,M3,47,26,26,2
2631,chr2_218879319_T_A_b38,ENSG00000115556,PLCD4,protein_coding,2,218607855,218637184,ENSG00000229600,,lncRNA,6,93886900,93889410,M0,6866,2631,-0.002513429,0.283971625,3.09243631340311e-05,0.002559373,-0.059352229,0.355235099,-0.038747017,No Mediation,No Mediation,No Mediation,M0.2,M0.2,42,21,21,7
2632,chrX_47113117_C_T_b38,ENSG00000130985,UBA1,protein_coding,X,47190861,47215128,ENSG00000165583,SSX5,protein_coding,X,48186220,48196795,M0,6867,2632,0.087243816,18.12172109,0.001300494,0.450691953,0.037859706,0.358160108,0.075730539,No Mediation,No Mediation,No Mediation,M0.2,M0.2,58,30,30,2
2633,chr6_8102815_G_T_b38,ENSG00000124802,EEF1E1,protein_coding,6,8073360,8102559,ENSG00000269901,,lncRNA,16,87362536,87367476,M0,6868,2633,-0.002249135,0.538512681,0.000280954,0.08869325,-0.080731564,0.177661171,-0.050011991,No Mediation,No Mediation,No Mediation,M0.2,M3,44,32,32,4
2634,chr19_45898685_C_T_b38,ENSG00000170604,IRF2BP1,protein_coding,19,45883608,45886141,ENSG00000257663,,lncRNA,12,52076841,52082084,M0,6871,2634,-0.008750704,1.924044796,-0.000238276,0.08900921,0.061930157,0.174656212,0.002362931,No Mediation,No Mediation,No Mediation,M0.2,M0.2,51,19,19,3
2635,chr16_70430915_C_T_b38,ENSG00000157349,DDX19B,protein_coding,16,70289663,70335305,ENSG00000196436,NPIPB15,protein_coding,16,74377878,74392080,M3,6872,2635,0.003146311,0.725746972,0.003824904,3.756667456,0.13426753,0.196437013,0.027356024,No Mediation,No Mediation,No Mediation,M3,M3,52,28,28,1
2636,chr2_238212011_T_C_b38,ENSG00000132323,ILKAP,protein_coding,2,238170402,238203708,ENSG00000138617,PARP16,protein_coding,15,65234460,65300618,M3,6874,2636,-0.016722294,2.305462728,0.004844049,1.5462098,0.125692249,0.19184163,0.021291398,No Mediation,No Mediation,No Mediation,M3,M3,53,37,37,1
2637,chr5_6708370_G_A_b38,ENSG00000112941,TENT4A,protein_coding,5,6713432,6757044,ENSG00000157119,KLHL40,protein_coding,3,42685537,42692544,M0,6875,2637,-0.013450755,1.109284461,-0.002326689,5.139542152,0.08500198,0.213841091,0.039955125,No Mediation,No Mediation,No Mediation,M3,M3,59,29,29,3
2638,chr9_127798788_C_T_b38,ENSG00000225032,,lncRNA,9,127816066,127822520,ENSG00000111843,TMEM14C,protein_coding,6,10722915,10731129,M3,6877,2638,0.000253407,0.628096896,0.098162926,5.99733771,-0.161065057,0.180481356,-0.051913129,No Mediation,No Mediation,No Mediation,M3,M3,50,37,37,2
2639,chr9_136563054_C_T_b38,ENSG00000148400,NOTCH1,protein_coding,9,136494433,136546048,ENSG00000178538,CA8,protein_coding,8,60185412,60281400,M0,6880,2639,-0.182672131,8.405391098,0.00403636,0.307586803,0.120185488,-0.205358735,-0.023310659,No Mediation,No Mediation,No Mediation,M3,M3,47,34,34,2
2640,chr15_34227309_C_T_b38,ENSG00000128463,EMC4,protein_coding,15,34225013,34230156,ENSG00000101605,MYOM1,protein_coding,18,3066807,3219968,M0,6882,2640,-0.001406143,2.523327026,0.002055413,1.092784519,-0.104155863,0.182443998,0.011715011,No Mediation,No Mediation,No Mediation,M3,M3,63,40,40,2
2641,chr11_8168627_A_C_b38,ENSG00000183801,OLFML1,protein_coding,11,7485388,7511377,ENSG00000197301,HMGA2-AS1,lncRNA,12,65851340,65882167,M0,6889,2641,0.000943781,0.108180363,-0.000939768,0.078448969,-0.070645405,0.213380473,-0.018502974,No Mediation,No Mediation,No Mediation,M0.2,M0.2,50,30,30,3
2642,chr10_73067092_T_A_b38,ENSG00000236756,DNAJC9-AS1,lncRNA,10,73247360,73276984,ENSG00000256341,,lncRNA,11,64118272,64119210,M3,6892,2642,-0.000629315,0.065116235,7.00583031840636e-05,0.043181594,-0.131372745,0.221402043,-0.033843499,No Mediation,No Mediation,No Mediation,M3,M3,66,18,18,0
2643,chr15_74768325_G_C_b38,ENSG00000178761,FAM219B,protein_coding,15,74899992,74906883,ENSG00000228478,,lncRNA,6,10423140,10426176,M0,6899,2643,-0.006173191,1.062143854,7.29738021924114e-06,0.003524098,-0.070999083,0.308451095,-0.068078016,No Mediation,No Mediation,No Mediation,M0.2,M0.2,55,31,31,1
2644,chr3_45923894_G_A_b38,ENSG00000173585,CCR9,protein_coding,3,45886509,45903174,ENSG00000196867,ZFP28,protein_coding,19,56538948,56556808,M0,6903,2644,-0.015175594,0.841225985,0.000721102,0.131546197,-0.063260364,-0.176410083,-0.009147334,No Mediation,No Mediation,No Mediation,M0.2,M0.2,50,24,24,2
2645,chr19_17195722_C_T_b38,ENSG00000269480,,lncRNA,19,17207138,17208010,ENSG00000264434,,lncRNA,18,25302126,25302960,M3,6904,2645,0.002928059,0.859052706,3.84359803157072e-05,0.00465865,0.183356954,0.179564886,0.019866328,No Mediation,No Mediation,No Mediation,M3,M3,56,27,27,2
2646,chr20_51203468_G_T_b38,ENSG00000232043,,lncRNA,20,50570975,50578041,ENSG00000255175,LINC02759,lncRNA,11,38618264,38646384,M0,6906,2646,0.001544894,0.493641819,-1.83E-05,0.002836462,-0.043892973,0.227187782,-0.021418969,No Mediation,No Mediation,No Mediation,M0.2,M0.2,46,25,25,6
2647,chr17_81968589_G_C_b38,ENSG00000183010,PYCR1,protein_coding,17,81932384,81942412,ENSG00000204839,MROH6,protein_coding,8,143566192,143572772,M0,6907,2647,0.006356749,0.758030932,-0.092463716,10.38193876,0.088885122,0.230392973,0.048073921,No Mediation,No Mediation,Undirected,M3,M0.2,47,35,35,5
2648,chr9_137651120_C_T_b38,ENSG00000233198,RNF224,protein_coding,9,137227502,137229640,ENSG00000264262,,lncRNA,17,22676695,22692618,M0,6908,2648,0.000746144,0.073319925,5.51718686153042e-05,0.013294473,0.105498776,0.277052108,0.009578674,No Mediation,No Mediation,No Mediation,M3,M3,48,30,30,1
2649,chr7_155710115_T_A_b38,ENSG00000216895,,lncRNA,7,155611231,155645205,ENSG00000233360,PDXP-DT,lncRNA,22,37641832,37658377,M3,6919,2649,0.000375071,0.382470266,-0.001898759,0.252202981,-0.202619355,-0.182829091,0.015114476,No Mediation,No Mediation,No Mediation,M3,M3,50,35,35,0
2650,chr20_45573888_T_A_b38,ENSG00000101473,ACOT8,protein_coding,20,45841721,45857405,ENSG00000224087,POTEF-AS1,lncRNA,2,130107684,130109741,M3,6924,2650,-0.055922929,2.91576706,6.59029117675563e-05,0.006234301,0.147376607,0.229066105,0.00079487,No Mediation,No Mediation,No Mediation,M3,M3,40,27,27,8
2651,chr10_87155978_T_G_b38,ENSG00000148672,GLUD1,protein_coding,10,87050202,87094843,ENSG00000166329,CCDC182,protein_coding,17,57744495,57745299,M0,6932,2651,-0.002444256,3.915526675,-8.77E-06,0.016248379,-0.118345982,0.181680956,-0.074566935,No Mediation,No Mediation,No Mediation,M0.2,M0.2,43,18,18,1
2652,chr9_85195996_A_G_b38,ENSG00000135049,AGTPBP1,protein_coding,9,85546539,85742029,ENSG00000198326,TMEM239,protein_coding,20,2816302,2820284,M0,6934,2652,-0.162098923,14.8053634,2.71970175081558e-05,0.00946633,0.100961089,0.242959706,0.014003201,No Mediation,No Mediation,No Mediation,M0.2,M3,54,27,27,1
2653,chr20_60204821_A_G_b38,ENSG00000196074,SYCP2,protein_coding,20,59863564,59933655,ENSG00000224267,,lncRNA,9,63728877,63744910,M0,6936,2653,-0.007150768,0.736877751,-1.25E-06,0.005523301,-0.04315198,0.234883927,-0.051515227,No Mediation,No Mediation,Cis Mediated,M0.2,M0.2,63,19,19,1
2654,chr3_127085614_T_G_b38,ENSG00000163884,KLF15,protein_coding,3,126342635,126357408,ENSG00000268618,,lncRNA,19,8549506,8550139,M0,6938,2654,1.70925298511092e-05,0.459236314,-0.025275247,3.119257219,-0.007979315,0.329470058,-0.030212273,No Mediation,No Mediation,No Mediation,M0.2,M0.2,59,38,38,1
2655,chr12_105898344_G_A_b38,ENSG00000136052,SLC41A2,protein_coding,12,104801801,104958744,ENSG00000250957,,lncRNA,4,174135055,174154637,M0,6940,2655,4.11885665423834e-05,0.086550464,6.47097309248143e-06,0.004822179,0.066343456,0.192247329,-0.022081277,No Mediation,No Mediation,No Mediation,M0.2,M3,58,26,26,1
2656,chr12_52871691_T_C_b38,ENSG00000185640,KRT79,protein_coding,12,52821408,52834311,ENSG00000107611,CUBN,protein_coding,10,16823966,17129811,M0,6941,2656,-0.001493475,0.719491435,0.001216981,0.152914635,-0.004191053,-0.180814785,0.012253745,No Mediation,No Mediation,No Mediation,M0.2,Other,51,43,43,7
2657,chr14_94944877_C_G_b38,ENSG00000133937,GSC,protein_coding,14,94768223,94770113,ENSG00000239886,KRTAP9-2,protein_coding,17,41226648,41227652,M3,6944,2657,0.001210136,0.121651859,0.00021355,0.019589195,-0.168022822,0.183805871,0.011029613,No Mediation,No Mediation,No Mediation,M3,M3,39,16,16,2
2658,chr19_49072898_C_T_b38,ENSG00000104863,LIN7B,protein_coding,19,49114324,49118460,ENSG00000122679,RAMP3,protein_coding,7,45157791,45186302,M3,6946,2658,0.010118584,0.773830933,0.007206187,1.508764927,-0.16468211,0.176427822,-0.041158774,No Mediation,No Mediation,No Mediation,M3,M0.1,45,32,32,3
2659,chr10_119104900_T_G_b38,ENSG00000119979,DENND10,protein_coding,10,119104086,119137984,ENSG00000227028,SLC8A1-AS1,lncRNA,2,39786453,40255209,M0,6947,2659,0.014067943,1.770855819,-0.000418235,0.086695324,-0.112387508,-0.304197729,0.031068881,No Mediation,No Mediation,No Mediation,M3,M3,48,29,29,3
2660,chr22_31103698_A_T_b38,ENSG00000128242,GAL3ST1,protein_coding,22,30554635,30574665,ENSG00000257319,,lncRNA,12,45050901,45103107,M0,6951,2660,0.000120715,0.066327016,0.000308095,0.036370016,0.072985037,0.206283444,-0.012978069,No Mediation,No Mediation,No Mediation,M0.2,M0.2,50,20,20,1
2661,chr2_189835768_G_A_b38,ENSG00000253559,OSGEPL1-AS1,lncRNA,2,189762704,189765556,ENSG00000168255,POLR2J3,protein_coding,7,102537918,102572653,M3,6952,2661,0.001924208,0.208980705,-0.004200583,0.918447079,-0.18490907,0.184570561,-0.089178845,No Mediation,No Mediation,No Mediation,M3,M3,51,28,28,0
2662,chr1_113623495_TA_T_b38,ENSG00000081026,MAGI3,protein_coding,1,113390515,113685923,ENSG00000198794,SCAMP5,protein_coding,15,74957219,75021495,M0,6960,2662,-8.54E-05,0.172379045,-0.004456204,0.567230122,-0.008130879,-0.221680963,-0.002593359,No Mediation,No Mediation,No Mediation,M0.2,M0.2,45,31,31,3
2663,chr14_49443559_A_C_b38,ENSG00000213741,RPS29,protein_coding,14,49570984,49599164,ENSG00000234686,,lncRNA,7,49230137,49254816,M0,6961,2663,0.41328736,11.68074064,5.50421295680389e-06,0.00804482,-0.063724244,0.302919554,-0.037150171,No Mediation,No Mediation,No Mediation,M0.2,M0.2,59,33,33,1
2664,chr10_92975676_C_T_b38,ENSG00000107864,CPEB3,protein_coding,10,92046692,92291078,ENSG00000233290,,lncRNA,1,82212413,82848205,M0,6962,2664,-0.002425956,0.202311214,1.59473615111037e-05,0.001939419,0.010637127,0.406204926,0.00934093,No Mediation,No Mediation,No Mediation,M0.2,M0.2,45,19,19,5
2665,chr14_54348508_T_C_b38,ENSG00000198554,WDHD1,protein_coding,14,54938949,55027105,ENSG00000164488,DACT2,protein_coding,6,168292830,168319777,M0,6963,2665,-0.000137684,0.124277927,0.000812885,0.077127548,-0.022556071,0.441801733,-0.029620045,No Mediation,No Mediation,No Mediation,M0.2,M0.2,52,30,30,3
2666,chr15_74767205_G_A_b38,ENSG00000179361,ARID3B,protein_coding,15,74541206,74598131,ENSG00000284546,SSU72P3,protein_coding,11,4329865,4330449,M3,6964,2666,0.002741675,5.295991292,0.000262848,0.024202482,-0.128395185,0.213607938,-0.039294209,No Mediation,No Mediation,No Mediation,M0.2,M3,52,35,35,3
2667,chr1_151390129_T_C_b38,ENSG00000232671,ZNF687-AS1,lncRNA,1,151279678,151281950,ENSG00000258763,,lncRNA,12,55434734,55585471,M0,6965,2667,-0.002459589,0.798318712,-0.001745511,0.209115101,-0.042807651,0.259846385,-0.007552381,No Mediation,No Mediation,No Mediation,M0.2,M0.2,45,22,22,1
2668,chr11_4387831_CATAA_C_b38,ENSG00000196778,OR52K1,protein_coding,11,4482646,4493497,ENSG00000213221,DNLZ,protein_coding,9,136359480,136363744,M3,6968,2668,0.002396772,0.141590456,-0.00241226,1.081903175,0.229577044,-0.177242425,-0.03670644,No Mediation,No Mediation,No Mediation,M3,M3,45,23,23,2
2669,chr9_128322700_C_T_b38,ENSG00000175283,DOLK,protein_coding,9,128945530,128947603,ENSG00000259734,,lncRNA,15,86630266,86631136,M0,6971,2669,-0.002738208,0.630541024,9.6531267187327e-06,0.004428583,-0.035686311,0.258611993,-0.010665221,No Mediation,No Mediation,No Mediation,M0.2,M0.2,67,43,43,2
2670,chr5_71633683_A_C_b38,ENSG00000131844,MCCC2,protein_coding,5,71579531,71658706,ENSG00000272142,LYRM4-AS1,lncRNA,6,5003774,5045666,M0,6975,2670,-0.001322076,0.498920577,-0.000927643,0.148432188,0.116288055,-0.198518324,0.097693635,Undirected,Undirected,Undirected,M4,M4,43,30,30,3
2671,chr9_133113651_T_C_b38,ENSG00000224992,,lncRNA,9,132768965,132770212,ENSG00000250124,,lncRNA,5,86380660,86381426,M0,6977,2671,0.000235081,0.161296142,7.31609320270641e-06,0.002015987,0.096279495,0.308354368,0.033788046,No Mediation,No Mediation,No Mediation,M3,M3,49,19,19,0
2672,chr9_19174436_G_A_b38,ENSG00000137145,DENND4C,protein_coding,9,19230435,19374281,ENSG00000215256,DHRS4-AS1,lncRNA,14,23938219,24052555,M0,6979,2672,0.002947449,0.410535226,0.011984308,0.539050183,0.107777651,0.173947953,-0.052512358,No Mediation,No Mediation,No Mediation,M0.1,M0.1,50,37,37,2
2673,chr5_122044080_C_T_b38,ENSG00000113083,LOX,protein_coding,5,122063195,122078413,ENSG00000115380,EFEMP1,protein_coding,2,55865967,55924139,M1.2,6983,2673,-0.00596889,0.426985683,-0.042970578,4.269755193,0.029711672,0.193078919,0.392747108,Undirected,Undirected,Undirected,M1.2,M1.2,67,50,50,1
2674,chr12_70441306_C_T_b38,ENSG00000127329,PTPRB,protein_coding,12,70515870,70637440,ENSG00000228836,CT45A5,protein_coding,X,135777130,135785298,M0,6985,2674,-0.000894933,0.158408447,-1.99E-06,0.001379454,-0.012224034,0.31254936,-0.011733587,No Mediation,No Mediation,No Mediation,M0.2,M0.2,47,27,27,5
2675,chr6_79771829_A_C_b38,ENSG00000118402,ELOVL4,protein_coding,6,79914814,79947553,ENSG00000271434,,lncRNA,10,124447152,124450048,M0,6986,2675,-0.037783701,2.322234327,0.000380804,0.049407394,0.016402525,0.225313742,0.00014533,No Mediation,No Mediation,No Mediation,M0.2,M0.2,64,9,9,1
2676,chr9_90896572_A_G_b38,ENSG00000165025,SYK,protein_coding,9,90801787,90898549,ENSG00000079112,CDH17,protein_coding,8,94127162,94217303,M0,6990,2676,-0.15593826,15.04495477,0.000140692,0.036645499,-0.107625265,0.181921541,-0.001342654,No Mediation,No Mediation,Undirected,M3,M3,43,33,33,1
2677,chr13_20460953_A_G_b38,ENSG00000165474,GJB2,protein_coding,13,20187463,20192938,ENSG00000235198,,lncRNA,10,117562084,117572457,M1.2,6996,2677,-0.001745951,0.7163561,1.36188634498005e-06,0.002105264,-0.106574382,-0.364685001,0.17050022,No Mediation,No Mediation,No Mediation,M1.2,M1.2,34,23,23,6
2678,chr17_80254513_G_A_b38,ENSG00000181045,SLC26A11,protein_coding,17,80219699,80253500,ENSG00000272264,,lncRNA,8,80032724,80033300,M0,6998,2678,-0.063078711,3.781833736,-0.002896661,0.413583636,0.030865712,0.182045721,0.008698254,No Mediation,No Mediation,No Mediation,M0.2,Other,47,31,31,2
2679,chr1_61723869_T_C_b38,ENSG00000162604,TM2D1,protein_coding,1,61681046,61725423,ENSG00000251055,,lncRNA,4,63128311,63143881,M3,6999,2679,-0.009974473,0.593381697,-2.58E-06,0.003052098,0.150624834,0.180991905,-0.02175999,No Mediation,No Mediation,No Mediation,M3,M3,54,31,31,3
2680,chrX_120588413_C_T_b38,ENSG00000171155,C1GALT1C1,protein_coding,X,120625674,120630054,ENSG00000188039,NWD1,protein_coding,19,16719847,16817963,M3,7000,2680,-0.067027418,3.553537396,3.89227511555846e-05,0.040897433,-0.132945844,0.270897641,-0.014156156,No Mediation,No Mediation,No Mediation,M3,M3,44,21,21,3
2681,chr7_130876020_G_C_b38,ENSG00000226380,,lncRNA,7,130876809,130913310,ENSG00000151327,FAM177A1,protein_coding,14,35044907,35113130,M0,7001,2681,-0.006348064,1.497696261,0.026912817,2.176566904,0.091459533,-0.171121133,0.170469082,No Mediation,No Mediation,No Mediation,M0.2,M0.2,53,37,37,5
2682,chr12_32099194_C_T_b38,ENSG00000274964,,lncRNA,12,32339368,32340724,ENSG00000185290,NUPR2,protein_coding,7,56114681,56116417,M0,7002,2682,-0.001098353,0.181107131,0.001464308,0.422724621,0.077479721,0.224587404,0.012277802,No Mediation,No Mediation,No Mediation,M3,M3,50,31,31,2
2683,chr8_81670133_A_C_b38,ENSG00000164695,CHMP4C,protein_coding,8,81732448,81759515,ENSG00000250340,LINC02494,lncRNA,4,58524515,58536328,M3,7011,2683,0.000841369,0.339385042,-1.24E-05,0.006422086,0.429690441,0.421823642,0.161375202,No Mediation,No Mediation,No Mediation,M3,M3,51,12,12,1
2684,chr1_23665872_C_T_b38,ENSG00000197880,MDS2,lncRNA,1,23581495,23640568,ENSG00000250921,LINC02063,lncRNA,5,4135638,4147429,M1.2,7015,2684,0.004141686,0.3168468,3.95919989332741e-06,0.003578134,0.128005165,0.332263459,0.18929061,No Mediation,No Mediation,No Mediation,M0.2,M0.2,57,41,41,3
2685,chr2_55708394_C_T_b38,ENSG00000275052,PPP4R3B,protein_coding,2,55547292,55618880,ENSG00000125450,NUP85,protein_coding,17,75205659,75235758,M3,7016,2685,-0.00537793,1.077592135,-0.015031628,2.018763201,0.127186939,0.196454196,0.010523238,No Mediation,No Mediation,No Mediation,M3,M0.2,52,35,35,3
2686,chr15_30940331_C_T_b38,ENSG00000259772,,lncRNA,15,31221999,31230838,ENSG00000234445,FGF14-AS1,lncRNA,13,102367539,102373666,M3,7017,2686,0.002892987,1.223792232,5.52963337474751e-05,0.005326175,0.150455051,0.323639187,0.024317961,No Mediation,No Mediation,No Mediation,M3,M3,56,21,21,3
2687,chr9_130852066_T_A_b38,ENSG00000097007,ABL1,protein_coding,9,130713016,130887675,ENSG00000111843,TMEM14C,protein_coding,6,10722915,10731129,M3,7018,2687,-0.021675039,1.339098952,0.098162926,5.99733771,-0.140299991,0.21394046,0.027539456,No Mediation,No Mediation,Undirected,M3,M3,51,41,41,2
2688,chr19_35794920_A_G_b38,ENSG00000205155,PSENEN,protein_coding,19,35745600,35747519,ENSG00000010671,BTK,protein_coding,X,101349447,101390796,M4,7019,2688,0.110380279,15.85623936,-0.009507524,7.819566433,0.158043792,-0.17954041,-0.165039398,Undirected,Undirected,Undirected,Other,M1.1,54,38,38,5
2689,chr1_207325930_C_G_b38,ENSG00000203710,CR1,protein_coding,1,207496147,207641765,ENSG00000198074,AKR1B10,protein_coding,7,134527567,134541412,M3,7024,2689,-0.636307033,20.25628218,-0.112062374,6.044576939,0.163599857,0.235074985,0.057573822,No Mediation,Trans Mediated,Trans Mediated,M3,M3,57,37,37,5
2690,chr6_129660752_T_A_b38,ENSG00000146376,ARHGAP18,protein_coding,6,129576132,129710177,ENSG00000279408,OR4N4C,protein_coding,15,21651844,21652968,M3,7028,2690,0.001210021,1.192115569,2.34699017696653e-05,0.005818254,-0.191531938,0.255098777,-0.001156723,No Mediation,No Mediation,No Mediation,M3,M3,49,18,18,2
2691,chr16_73511712_G_A_b38,ENSG00000103035,PSMD7,protein_coding,16,74296814,74306288,ENSG00000272085,,lncRNA,5,158464465,158464678,M0,7030,2691,-0.044133639,4.170834357,3.35786118726059e-05,0.008150937,-0.063563058,0.17976002,-0.002081001,No Mediation,No Mediation,No Mediation,M0.2,M0.2,63,27,27,0
2692,chr10_97131271_G_A_b38,ENSG00000077147,TM9SF3,protein_coding,10,96518110,96587452,ENSG00000259702,,lncRNA,15,96045341,96064357,M0,7039,2692,-0.008024762,1.530321826,-1.72E-05,0.011949465,0.043453769,0.368279006,0.027682016,No Mediation,No Mediation,No Mediation,M0.2,M0.2,52,40,40,4
2693,chr3_16320622_G_T_b38,ENSG00000272498,,lncRNA,3,16339308,16339871,ENSG00000103202,NME4,protein_coding,16,396725,410367,M3,7040,2693,0.009497562,0.518968402,0.65824367,7.385987545,0.160668258,0.176540502,0.082172663,No Mediation,No Mediation,No Mediation,M3,M3,45,26,26,1
2694,chr12_56156255_G_A_b38,ENSG00000139579,NABP2,protein_coding,12,56222015,56229854,ENSG00000171804,WDR87,protein_coding,19,37884823,37906677,M3,7041,2694,0.025355645,1.096968704,-9.99E-05,0.009806435,-0.1526744,0.205131396,-0.013732594,No Mediation,No Mediation,No Mediation,M3,M3,53,20,20,0
2695,chr4_1166771_C_T_b38,ENSG00000159674,SPON2,protein_coding,4,1166932,1208962,ENSG00000249748,,lncRNA,5,35938822,35939993,M0,7043,2695,0.198176946,27.7676405,4.63299716928834e-05,0.008134518,0.091147536,0.213980134,-0.001738278,No Mediation,No Mediation,No Mediation,M0.2,M0.2,51,22,22,4
2696,chr19_14047340_A_G_b38,ENSG00000141854,MISP3,protein_coding,19,14072536,14075062,ENSG00000111843,TMEM14C,protein_coding,6,10722915,10731129,M4,7046,2696,0.035417546,2.051813472,0.098162926,5.99733771,0.129722675,0.198601423,0.11014849,No Mediation,No Mediation,No Mediation,Other,Other,47,37,37,1
2697,chr15_34342123_C_G_b38,ENSG00000140199,SLC12A6,protein_coding,15,34229784,34338060,ENSG00000137267,TUBB2A,protein_coding,6,3153497,3157544,M3,7048,2697,-0.068016776,5.701166383,0.725591691,12.0861568,-0.132947748,0.191821622,-0.013612725,No Mediation,No Mediation,No Mediation,M3,M3,41,26,26,2
2698,chr7_159305500_T_A_b38,ENSG00000106018,VIPR2,protein_coding,7,159028175,159144867,ENSG00000136546,SCN7A,protein_coding,2,166403573,166611482,M0,7052,2698,-0.001504803,0.288278407,0.000553122,0.078224746,-0.068482539,0.244463734,-0.047145503,No Mediation,Trans Mediated,Undirected,M0.2,Other,53,33,33,1
2699,chr12_6722930_C_T_b38,ENSG00000089693,MLF2,protein_coding,12,6747996,6767475,ENSG00000260190,,lncRNA,9,136937169,136937988,M3,7053,2699,0.149503299,18.31593007,0.001448686,0.217113357,0.16360457,0.1899482,0.02696172,No Mediation,No Mediation,No Mediation,M3,M3,52,25,25,0
2700,chr5_7885413_T_C_b38,ENSG00000124279,FASTKD3,protein_coding,5,7859159,7869037,ENSG00000259072,,lncRNA,14,38256202,38371338,M3,7059,2700,-0.001103218,0.593696703,9.64132843921052e-06,0.003469514,-0.158608544,0.213048637,-0.015091933,No Mediation,No Mediation,No Mediation,M3,M3,53,22,22,1
2701,chr3_13012586_G_A_b38,ENSG00000144711,IQSEC1,protein_coding,3,12897043,13283281,ENSG00000204428,LY6G5C,protein_coding,6,31676684,31684040,M2,7061,2701,-0.152137607,15.18277865,-0.005692012,2.085014859,-0.121166517,0.171061824,-0.146657665,No Mediation,No Mediation,Trans Mediated,M0.2,M0.2,55,29,29,2
2702,chr13_51287792_G_A_b38,ENSG00000139668,WDFY2,protein_coding,13,51584455,51767709,ENSG00000177138,FAM9B,protein_coding,X,9024232,9295682,M0,7062,2702,-0.008673096,1.789453977,0.003583273,1.901725667,0.043676594,0.214800537,0.034290416,Cis Mediated,Cis Mediated,Cis Mediated,M0.2,Other,44,23,23,4
2703,chr22_50224992_C_T_b38,ENSG00000188130,MAPK12,protein_coding,22,50245450,50261716,ENSG00000215112,FAM74A1,lncRNA,9,39371065,39376916,M0,7065,2703,-0.006547199,0.561439213,5.55817019495177e-05,0.005899147,-0.053474282,0.187566992,0.000211752,No Mediation,No Mediation,No Mediation,M0.2,M0.2,45,23,23,5
2704,chr14_73041768_T_C_b38,ENSG00000100767,PAPLN,protein_coding,14,73237497,73274640,ENSG00000235279,,lncRNA,10,51302566,51306709,M0,7070,2704,-0.004478148,0.558634255,4.12556319540964e-05,0.015035033,-0.066354719,0.182847151,-0.028210838,No Mediation,No Mediation,No Mediation,M0.2,M0.2,50,20,20,1
2705,chr14_92832675_A_G_b38,ENSG00000066455,GOLGA5,protein_coding,14,92794305,92839947,ENSG00000127952,STYXL1,protein_coding,7,75996338,76048004,M0,7080,2705,-0.025284159,1.399797647,0.038981425,5.388247306,0.114559348,-0.179613151,-0.028041737,Undirected,Undirected,Undirected,M4,M1.2,52,31,31,2
2706,chr18_12956337_T_C_b38,ENSG00000085415,SEH1L,protein_coding,18,12947133,12987536,ENSG00000185290,NUPR2,protein_coding,7,56114681,56116417,M0,7081,2706,-0.001550908,0.275312838,0.001464308,0.422724621,-0.099497644,0.187019882,0.088326736,No Mediation,No Mediation,No Mediation,M3,M3,56,38,38,0
2707,chr3_69742587_G_A_b38,ENSG00000187098,MITF,protein_coding,3,69739464,69968336,ENSG00000183044,ABAT,protein_coding,16,8674596,8784575,M3,7082,2707,0.000649916,0.174773503,-0.000609999,1.504614158,0.153282678,-0.190507703,-0.042521885,No Mediation,No Mediation,No Mediation,M3,M3,46,25,25,4
2708,chr19_53191687_T_C_b38,ENSG00000197497,ZNF665,protein_coding,19,53159213,53193386,ENSG00000235880,,lncRNA,9,267966,273002,M3,7083,2708,-0.000326968,0.059784307,4.43904299233387e-05,0.121944634,0.168637179,0.180985497,0.090948927,No Mediation,No Mediation,No Mediation,M3,M3,46,34,34,3
2709,chrX_71324000_C_T_b38,ENSG00000147166,ITGB1BP2,protein_coding,X,71301750,71305371,ENSG00000231533,,lncRNA,6,79420172,79529276,M3,7084,2709,-0.000265836,0.175553619,-0.000204893,0.048088054,0.159260599,0.273908803,-0.034114148,No Mediation,No Mediation,No Mediation,M3,M3,37,27,27,6
2710,chr22_21868718_AT_A_b38,ENSG00000100030,MAPK1,protein_coding,22,21759657,21867680,ENSG00000166847,DCTN5,protein_coding,16,23641466,23677472,M0,7090,2710,0.054402063,4.5814071,0.019279957,1.514772274,-0.00475071,0.184008004,-0.039783641,No Mediation,No Mediation,No Mediation,M0.2,M0.2,49,32,32,3
2711,chr10_89006839_A_G_b38,ENSG00000261438,,lncRNA,10,89015836,89017059,ENSG00000226134,,lncRNA,13,97675011,97677963,M0,7091,2711,-0.002788364,0.597181059,-1.39E-05,0.00501426,0.107051779,0.187758778,0.029300277,No Mediation,No Mediation,No Mediation,M3,M0.2,49,16,16,3
2712,chr1_233328039_G_C_b38,ENSG00000143674,MAP3K21,protein_coding,1,233327724,233385148,ENSG00000251445,,lncRNA,4,169010430,169010939,M3,7093,2712,0.000724681,0.089253888,-0.000173838,0.065047244,0.177048367,0.211631871,0.039836523,No Mediation,No Mediation,No Mediation,M3,M3,54,27,27,1
2713,chr9_96036659_G_A_b38,ENSG00000130948,HSD17B3,protein_coding,9,96235306,96302176,ENSG00000168255,POLR2J3,protein_coding,7,102537918,102572653,M3,7098,2713,0.000698377,0.141782164,-0.004200583,0.918447079,0.182493272,0.383223693,0.056079528,No Mediation,No Mediation,No Mediation,M3,M3,52,31,31,0
2714,chr10_79867521_C_T_b38,ENSG00000189129,PLAC9,protein_coding,10,80131682,80145359,ENSG00000250340,LINC02494,lncRNA,4,58524515,58536328,M3,7102,2714,-0.003455337,0.927911395,-1.24E-05,0.006422086,-0.16373209,0.213161218,-0.050539189,Cis Mediated,Cis Mediated,Cis Mediated,M3,M3,55,25,25,1
2715,chr7_44542744_G_A_b38,ENSG00000164543,STK17A,protein_coding,7,43582758,43650713,ENSG00000223530,,lncRNA,2,23330664,23332044,M0,7104,2715,0.095813478,8.939402806,4.46073987815446e-05,0.003333309,0.1023249,0.279467169,-0.001360501,No Mediation,No Mediation,No Mediation,M3,M3,51,22,22,2
2716,chr5_172151935_T_C_b38,ENSG00000072786,STK10,protein_coding,5,172042079,172188224,ENSG00000226363,HAGLROS,lncRNA,2,176177717,176179008,M0,7106,2716,-0.318220333,17.38171122,0.000391286,0.050521027,-0.097070546,-0.173627096,0.055113893,No Mediation,No Mediation,No Mediation,M0.2,M0.2,51,29,29,1
2717,chr17_48782589_T_C_b38,ENSG00000234494,SP2-AS1,lncRNA,17,47897330,47941410,ENSG00000129455,KLK8,protein_coding,19,50996007,51002711,M0,7110,2717,-0.000828483,0.106175953,-0.001356612,0.189626439,-0.115199369,0.227526793,-7.51E-05,No Mediation,No Mediation,No Mediation,M3,M3,50,32,32,4
2718,chr5_141959323_T_C_b38,ENSG00000156453,PCDH1,protein_coding,5,141853090,141879246,ENSG00000130385,BMP15,protein_coding,X,50910735,50916641,M0,7111,2718,0.015931539,0.627530383,4.60140097083471e-05,0.0060815,0.097782814,-0.192229627,-0.026874506,No Mediation,No Mediation,No Mediation,M3,M0.2,49,18,18,1
2719,chr3_63846536_T_C_b38,ENSG00000163634,THOC7,protein_coding,3,63833870,63863868,ENSG00000275491,LINC01730,lncRNA,20,3808357,3812434,M0,7119,2719,0.142334013,2.789498547,-0.008652258,2.771805097,0.096122143,0.175624158,0.086637736,No Mediation,No Mediation,No Mediation,M3,M3,54,36,36,3
2720,chr14_24168817_C_T_b38,ENSG00000213928,IRF9,protein_coding,14,24161265,24166565,ENSG00000125651,GTF2F1,protein_coding,19,6379572,6393981,M0,7133,2720,0.084425318,37.9813459,0.100511955,5.208478,-0.024602806,-0.17434378,-0.061355599,No Mediation,No Mediation,No Mediation,Other,M0.2,51,40,40,1
2721,chr8_65558008_A_G_b38,ENSG00000272155,,lncRNA,8,65714334,65714778,ENSG00000253774,,lncRNA,8,8559894,8562124,M3,7134,2721,-0.016781721,2.21171816,3.56999207670286e-05,0.00598867,0.151855746,0.20170868,0.011201226,No Mediation,No Mediation,No Mediation,M3,M3,50,33,33,3
2722,chr1_24902899_G_GC_b38,ENSG00000117640,MTFR1L,protein_coding,1,25818640,25832942,ENSG00000258433,,lncRNA,15,95034108,95047108,M0,7141,2722,0.018555236,1.47576264,-1.58E-05,0.007656204,0.109357027,0.204512476,-0.033009062,No Mediation,No Mediation,No Mediation,M3,M3,44,24,24,3
2723,chr3_9314909_C_T_b38,ENSG00000125037,EMC3,protein_coding,3,9962537,10011116,ENSG00000163814,CDCP1,protein_coding,3,45082277,45146422,M0,7143,2723,1.434668137,13.15482161,-0.010018098,0.973341185,-0.083331735,0.27446982,0.024963052,No Mediation,No Mediation,No Mediation,M3,M3,53,30,30,3
2724,chr6_31047474_G_C_b38,ENSG00000204427,ABHD16A,protein_coding,6,31686955,31703356,ENSG00000233835,,lncRNA,6,79871873,79874610,M3,7146,2724,-0.081309571,9.31489103,-3.70E-06,0.002684285,-0.125935594,0.29774416,-0.018625918,No Mediation,No Mediation,No Mediation,M0.2,M3,43,26,26,6
2725,chr19_10231337_G_T_b38,ENSG00000105364,MRPL4,protein_coding,19,10251901,10260055,ENSG00000142185,TRPM2,protein_coding,21,44350163,44443081,M3,7147,2725,-0.007206693,1.358851023,-0.155287748,7.82337293,0.123607604,0.175981351,0.017890184,No Mediation,No Mediation,No Mediation,M3,M3,45,26,26,2
2726,chr1_159781012_G_C_b38,ENSG00000158716,DUSP23,protein_coding,1,159780932,159782543,ENSG00000267642,ASXL3-DT,lncRNA,18,33552123,33578187,M0,7150,2726,-0.082735775,7.73215585,-1.26E-05,0.003458882,0.07244132,0.19473234,0.05615733,No Mediation,No Mediation,No Mediation,M3,M0.2,46,35,35,6
2727,chr3_72089803_G_A_b38,ENSG00000241163,LINC00877,lncRNA,3,71943592,72279503,ENSG00000259448,LINC02352,lncRNA,15,31215622,31224445,M0,7154,2727,-0.004320527,1.217547883,0.056310131,1.34624332,-0.106907839,-0.213282053,0.042545766,Undirected,Undirected,Undirected,M1.2,M1.2,51,27,27,1
2728,chr7_7571699_A_G_b38,ENSG00000272732,,lncRNA,7,7550104,7552440,ENSG00000168255,POLR2J3,protein_coding,7,102537918,102572653,M3,7155,2728,-0.00034301,0.124251969,-0.004200583,0.918447079,0.176780049,-0.190011275,-0.015505519,No Mediation,No Mediation,No Mediation,M3,M3,46,30,30,0
2729,chr1_231547531_T_C_b38,ENSG00000116918,TSNAX,protein_coding,1,231528541,231566524,ENSG00000177201,OR2T12,protein_coding,1,248290139,248303424,M0,7158,2729,-0.00570536,3.338251998,4.60543633081799e-05,0.012591603,0.049103309,0.324392076,0.041120853,No Mediation,No Mediation,No Mediation,M0.2,M3,49,27,27,2
2730,chr1_151423306_T_C_b38,ENSG00000159377,PSMB4,protein_coding,1,151399560,151401937,ENSG00000111707,SUDS3,protein_coding,12,118376555,118418033,M0,7164,2730,0.643785457,28.59331546,0.018414845,1.464479833,0.001401381,-0.178552966,0.044591102,No Mediation,No Mediation,No Mediation,M0.2,M0.2,48,31,31,3
2731,chr19_3555050_T_C_b38,ENSG00000161091,MFSD12,protein_coding,19,3538261,3574290,ENSG00000156171,DRAM2,protein_coding,1,111117163,111140203,M1.2,7165,2731,0.078120573,3.987090241,0.010443529,3.359890946,0.021041861,0.172812667,0.114093045,No Mediation,No Mediation,No Mediation,M0.2,M0.2,62,40,40,0
2732,chr1_2188984_G_T_b38,ENSG00000230415,LINC01786,lncRNA,1,1275223,1280420,ENSG00000275553,ELOA3CP,protein_coding,18,46968695,46969912,M3,7169,2732,0.003411631,0.420755267,-1.34E-05,0.006295412,0.152374942,0.321794121,0.055315769,No Mediation,No Mediation,No Mediation,M3,M3,48,26,26,4
2733,chr17_30364082_C_A_b38,ENSG00000108582,CPD,protein_coding,17,30378927,30469989,ENSG00000249740,OSMR-AS1,lncRNA,5,38682581,38845829,M0,7170,2733,-0.059517338,14.03285351,0.000152708,0.011748243,-0.103490837,-0.187658659,-0.058570874,No Mediation,No Mediation,Undirected,M3,M3,49,33,33,0
2734,chr18_48930681_T_C_b38,ENSG00000265681,RPL17,protein_coding,18,49488453,49492508,ENSG00000249675,,lncRNA,4,166388701,166526119,M0,7174,2734,11.34019294,158.1434748,2.04192479126939e-05,0.005221323,-0.056598425,0.328087951,-0.024902544,No Mediation,No Mediation,Cis Mediated,M0.2,M0.2,67,41,41,1
2735,chr1_109106827_G_A_b38,ENSG00000085433,WDR47,protein_coding,1,108970214,109042113,ENSG00000177294,FBXO39,protein_coding,17,6776215,6797101,M0,7179,2735,-0.016521446,0.683455073,-0.000746704,0.154457501,0.082235339,0.195893261,0.028810529,No Mediation,No Mediation,Undirected,M2.2,M3,50,36,36,0
2736,chr4_90165989_G_A_b38,ENSG00000138722,MMRN1,protein_coding,4,89879532,89954629,ENSG00000259542,,lncRNA,15,96393146,96405189,M0,7180,2736,0.010945344,1.139808426,4.81915230194766e-05,0.004068892,-0.055428472,0.21179689,-0.019304184,No Mediation,No Mediation,No Mediation,M3,M3,51,29,29,4
2737,chr17_82553498_C_G_b38,ENSG00000141568,FOXK2,protein_coding,17,82519713,82644662,ENSG00000241042,,lncRNA,1,59054397,59056049,M3,7186,2737,-0.008511379,0.831211256,-4.31E-05,0.044374744,-0.123989376,0.287634594,-0.100422079,No Mediation,No Mediation,No Mediation,M3,M3,54,39,39,3
2738,chr5_73990334_T_A_b38,ENSG00000164338,UTP15,protein_coding,5,73565443,73583380,ENSG00000256389,,lncRNA,12,17479446,17709867,M3,7187,2738,0.000301915,0.177345736,3.24297770964507e-05,0.00562982,-0.127750212,0.366412662,-0.041706901,No Mediation,No Mediation,No Mediation,M3,M3,49,25,25,3
2739,chr13_46124637_G_A_b38,ENSG00000136167,LCP1,protein_coding,13,46125920,46211871,ENSG00000229418,,lncRNA,10,96292685,96306695,M0,7188,2739,745.6102459,609.1609428,4.86404950158851e-05,0.006814759,0.010545969,0.176940443,-0.034552834,No Mediation,No Mediation,No Mediation,M0.2,M0.2,56,19,19,0
2740,chr5_73160344_G_A_b38,ENSG00000157111,TMEM171,protein_coding,5,73120569,73131809,ENSG00000229750,,lncRNA,2,175167904,175168522,M3,7190,2740,0.001080504,0.223740284,7.26764298429879e-05,0.061457781,-0.1396726,0.175606225,-0.021198038,No Mediation,No Mediation,No Mediation,M3,M0.1,46,20,20,0
2741,chr12_55573904_G_C_b38,ENSG00000139645,ANKRD52,protein_coding,12,56237807,56258384,ENSG00000259437,,lncRNA,15,66919811,66931755,M0,7191,2741,-0.008975127,0.84507512,-9.76E-05,0.010263509,-0.108021112,0.193838322,-0.087802566,No Mediation,No Mediation,No Mediation,M0.2,Other,60,36,36,5
2742,chr12_92956900_C_G_b38,ENSG00000257322,,lncRNA,12,93003415,93215679,ENSG00000177234,LINC01561,lncRNA,10,120597949,120600124,M0,7192,2742,0.001644878,0.19495975,7.75194289729628e-05,0.023160697,-0.059165908,0.282969664,0.018847882,No Mediation,No Mediation,No Mediation,M3,M3,53,18,18,1
2743,chr4_109962188_C_T_b38,ENSG00000138798,EGF,protein_coding,4,109912883,110013766,ENSG00000111843,TMEM14C,protein_coding,6,10722915,10731129,M0,7193,2743,0.010140931,0.547281348,0.098162926,5.99733771,0.119946772,0.234310275,-0.015472483,No Mediation,No Mediation,Undirected,M3,M3,49,36,36,3
2744,chr17_42346306_C_T_b38,ENSG00000108773,KAT2A,protein_coding,17,42113111,42121367,ENSG00000146147,MLIP,protein_coding,6,53929982,54266280,M0,7194,2744,-0.03054038,3.941889543,0.000514082,0.273087666,-0.074963491,0.236662621,0.003616617,No Mediation,No Mediation,No Mediation,M0.2,M0.2,45,32,32,6
2745,chr7_103813147_T_C_b38,ENSG00000105819,PMPCB,protein_coding,7,103297435,103329511,ENSG00000259462,CPEB1-AS1,lncRNA,15,82647770,82692820,M0,7201,2745,0.001961783,1.749125962,6.98397895182247e-06,0.07966903,0.080330388,-0.306493824,-0.068104697,No Mediation,No Mediation,No Mediation,M0.2,M3,55,31,31,2
2746,chr6_53767874_A_ATT_b38,ENSG00000137269,LRRC1,protein_coding,6,53794497,53924125,ENSG00000167257,RNF214,protein_coding,11,117232625,117286454,M3,7206,2746,-0.000805374,0.102684193,0.016004821,0.922910202,-0.13162764,0.174209802,-0.06163156,No Mediation,No Mediation,No Mediation,M3,M3,43,29,29,2
2747,chr10_97483569_C_T_b38,ENSG00000155229,MMS19,protein_coding,10,97458324,97498794,ENSG00000145740,SLC30A5,protein_coding,5,69093949,69131069,M0,7207,2747,-0.042145329,2.325500854,0.001365353,0.474987576,0.108008987,-0.178143862,-0.079682775,No Mediation,No Mediation,No Mediation,M3,M3,48,33,33,4
2748,chr2_10466996_A_C_b38,ENSG00000115758,ODC1,protein_coding,2,10439968,10448327,ENSG00000261426,,lncRNA,15,27362310,27366398,M0,7213,2748,0.550101016,8.327166459,1.71293780771412e-05,0.003391897,-0.068398614,0.177364247,-0.002839746,No Mediation,No Mediation,No Mediation,M0.2,M3,53,25,25,0
2749,chr20_25240911_T_C_b38,ENSG00000175170,FAM182B,lncRNA,20,25762384,25868225,ENSG00000273295,,lncRNA,22,23901432,23907068,M3,7218,2749,-8.28E-05,0.063008235,0.000158258,0.175585403,0.152171754,-0.182169198,-0.016588115,No Mediation,No Mediation,No Mediation,M3,M3,57,29,29,2
2750,chrX_1460971_C_T_b38,ENSG00000197976,AKAP17A,protein_coding,X,1591604,1602520,ENSG00000167118,URM1,protein_coding,9,128371361,128392016,M0,7219,2750,-0.095537702,15.4000765,-0.003307881,1.850366574,-0.107487749,0.180157486,-0.026074707,No Mediation,No Mediation,Undirected,M3,Other,51,38,38,2
2751,chr19_1380838_C_T_b38,ENSG00000160953,PWWP3A,protein_coding,19,1354711,1378431,ENSG00000230695,,lncRNA,2,215436253,215436992,M0,7224,2751,-0.003909903,1.5896766,0.000119846,0.018470612,0.107073979,0.26425944,0.022610091,No Mediation,No Mediation,No Mediation,M0.2,M0.2,43,21,21,6
2752,chr1_224438409_C_G_b38,ENSG00000143786,CNIH3,protein_coding,1,224434660,224740554,ENSG00000111843,TMEM14C,protein_coding,6,10722915,10731129,M0,7226,2752,0.010226719,0.168681253,0.098162926,5.99733771,0.060753328,0.196761382,0.053229971,No Mediation,No Mediation,No Mediation,M0.2,M0.2,46,26,26,0
2753,chr4_7617853_C_A_b38,ENSG00000173013,CCDC96,protein_coding,4,7040849,7043001,ENSG00000167825,OR5I1,protein_coding,11,55935456,55936400,M0,7227,2753,0.003831944,0.281115828,1.04641346483087e-05,0.003097682,-0.088924312,0.220568821,-0.0314228,No Mediation,No Mediation,No Mediation,M0.2,M0.2,41,22,22,4
2754,chr10_63448892_G_A_b38,ENSG00000165476,REEP3,protein_coding,10,63521401,63625128,ENSG00000226742,HSBP1L1,protein_coding,18,79964582,79970822,M3,7234,2754,-0.001077335,0.554844559,0.053078893,3.253496978,-0.140415642,0.178615486,-0.050295078,No Mediation,No Mediation,No Mediation,M3,M0.1,50,32,32,1
2755,chr2_99926707_T_TG_b38,ENSG00000196872,CRACDL,protein_coding,2,98793846,98936259,ENSG00000159063,ALG8,protein_coding,11,78095244,78139660,M0,7237,2755,7.07460761959873e-05,0.259426608,-0.012893808,0.870516246,0.066975731,-0.170531081,-0.027561443,No Mediation,No Mediation,No Mediation,M3,M3,42,32,32,4
2756,chrX_46752215_CT_C_b38,ENSG00000102225,CDK16,protein_coding,X,47217860,47229997,ENSG00000264434,,lncRNA,18,25302126,25302960,M0,7238,2756,0.141736782,4.190678765,3.84359803157072e-05,0.00465865,0.036555047,0.465774137,-0.002858486,No Mediation,No Mediation,No Mediation,M0.2,M0.2,60,26,26,1
2757,chr4_122021218_T_C_b38,ENSG00000145386,CCNA2,protein_coding,4,121816444,121823883,ENSG00000205944,DAZ2,protein_coding,Y,23219434,23291356,M0,7241,2757,-0.009241985,0.979853555,8.63679027323956e-07,0.00049923,0.028557062,0.343333417,0.007179781,No Mediation,No Mediation,No Mediation,M0.2,M0.2,46,32,32,3
2758,chr6_26926254_T_TA_b38,ENSG00000276180,H4C9,protein_coding,6,27138588,27139881,ENSG00000241886,,lncRNA,X,30698207,30721932,M0,7244,2758,-0.035116835,3.613570587,-0.05928037,5.102010789,0.009401133,0.256566716,-0.043895988,No Mediation,No Mediation,No Mediation,M0.2,M3,54,41,41,4
2759,chr5_137796825_A_C_b38,ENSG00000152377,SPOCK1,protein_coding,5,136975298,137598379,ENSG00000254885,,lncRNA,11,79191558,79193160,M0,7247,2759,-0.000993519,0.260367366,-3.83E-05,0.017604402,0.036829485,0.171038978,0.010741754,No Mediation,No Mediation,No Mediation,M0.2,M0.2,58,29,29,1
2760,chr19_9992089_G_C_b38,ENSG00000267534,S1PR2,protein_coding,19,10221433,10231331,ENSG00000078114,NEBL,protein_coding,10,20779973,21293011,M0,7248,2760,-0.00743794,0.559890253,0.000826803,0.326631731,-0.08149256,0.211851944,-0.011993467,No Mediation,No Mediation,No Mediation,M0.2,M0.2,44,30,30,2
2761,chr14_93234499_C_T_b38,ENSG00000170270,GON7,protein_coding,14,93202894,93207065,ENSG00000227475,,lncRNA,10,36089086,36089389,M0,7249,2761,-0.00349234,0.845938215,4.8899868127578e-05,0.010279154,-0.091363901,0.19692111,-0.079852255,No Mediation,No Mediation,No Mediation,M0.2,M3,46,16,16,2
2762,chr18_70625867_T_G_b38,ENSG00000263417,GTSCR1,lncRNA,18,70630534,70650744,ENSG00000080839,RBL1,protein_coding,20,36996349,37095997,M3,7251,2762,0.005601053,0.501728378,0.001436879,0.260311579,0.136501103,0.176226573,0.039227609,No Mediation,No Mediation,No Mediation,M3,M3,51,37,37,1
2763,chrX_129242759_T_G_b38,ENSG00000102034,ELF4,protein_coding,X,130063955,130110716,ENSG00000235625,,lncRNA,13,78275720,78277514,M3,7256,2763,-0.146963675,8.906905901,2.14027062129525e-05,0.005723095,0.166140326,0.458203142,0.053419896,No Mediation,No Mediation,No Mediation,M0.2,M0.2,50,26,26,1
2764,chr15_67847977_A_G_b38,ENSG00000188779,SKOR1,protein_coding,15,67819704,67834582,ENSG00000266114,,lncRNA,17,10792059,10794985,M3,7257,2764,7.225613999389e-05,0.070283421,0.000197607,0.014951938,-0.17156182,0.191967094,-0.014186522,No Mediation,No Mediation,No Mediation,M3,M3,56,17,17,0
2765,chr12_31771944_A_G_b38,ENSG00000275854,,lncRNA,12,32736930,32737660,ENSG00000249959,,lncRNA,5,107699392,107716841,M0,7262,2765,0.000603385,0.348212974,-1.21E-05,0.005271055,0.090105889,0.244643085,0.003245864,No Mediation,No Mediation,No Mediation,M0.2,M0.2,47,21,21,4
2766,chr11_46246938_C_T_b38,ENSG00000175224,ATG13,protein_coding,11,46617527,46674818,ENSG00000277879,,lncRNA,10,117267116,117268668,M2,7263,2766,0.042991396,2.874807856,-0.019842941,2.402112409,-0.105158389,0.195040604,-0.145560077,No Mediation,Trans Mediated,Undirected,M1.2,M1.2,52,28,28,3
2767,chr11_118343847_C_T_b38,ENSG00000167283,ATP5MG,protein_coding,11,118401606,118431496,ENSG00000179695,OR6C2,protein_coding,12,55444069,55453347,M0,7264,2767,0.253350799,7.064178446,-0.000752878,0.088576484,0.036237315,0.185062825,0.002380057,No Mediation,No Mediation,No Mediation,M0.2,Other,56,36,36,1
2768,chr1_89235531_A_G_b38,ENSG00000162654,GBP4,protein_coding,1,89181144,89198942,ENSG00000196289,BECN2,protein_coding,1,241957767,241959062,M0,7265,2768,-0.032766591,6.605162446,-8.76E-06,0.006089663,0.075577145,-0.177406278,0.014259098,No Mediation,No Mediation,No Mediation,M0.2,M0.2,52,29,29,4
2769,chr6_39818136_G_A_b38,ENSG00000146122,DAAM2,protein_coding,6,39792298,39904877,ENSG00000148408,CACNA1B,protein_coding,9,137877782,138124624,M0,7270,2769,-0.051236839,19.90036311,0.001189655,0.5156141,-0.005356501,0.507762355,0.038230061,Undirected,Undirected,Undirected,M0.2,M0.2,66,49,49,0
2770,chr1_201665027_C_T_b38,ENSG00000118194,TNNT2,protein_coding,1,201359008,201377764,ENSG00000237761,,lncRNA,10,104566931,104624795,M0,7272,2770,0.015846831,1.37664175,-1.23E-06,0.007387557,-0.050372659,0.350632148,-0.031273119,No Mediation,No Mediation,No Mediation,M0.2,M0.2,62,11,11,0
2771,chr2_37282870_G_C_b38,ENSG00000115816,CEBPZ,protein_coding,2,37201612,37231596,ENSG00000142224,IL19,protein_coding,1,206770764,206842979,M0,7273,2771,-0.013353697,1.59467457,-3.84E-05,0.06752851,-0.086089639,-0.175450608,-0.047596819,No Mediation,No Mediation,No Mediation,M3,M0.1,47,35,35,1
2772,chr17_29137378_A_G_b38,ENSG00000108256,NUFIP2,protein_coding,17,29255839,29294148,ENSG00000257766,,lncRNA,12,103668575,103669406,M2,7279,2772,-0.050219476,3.687514802,0.000146111,0.012186844,0.108496083,0.28529978,0.180657734,No Mediation,No Mediation,No Mediation,M0.2,M0.2,52,33,33,5
2773,chr12_32563883_C_T_b38,ENSG00000139131,YARS2,protein_coding,12,32727490,32755897,ENSG00000283093,CENPVL2,protein_coding,X,51681212,51682831,M3,7280,2773,-0.000402491,0.679328743,1.33074012622464e-05,0.001311966,0.137893028,0.293242556,0.073049831,No Mediation,No Mediation,No Mediation,M3,M3,51,23,23,1
2774,chr8_125955214_G_A_b38,ENSG00000245164,LINC00861,lncRNA,8,125859721,126292788,ENSG00000175643,RMI2,protein_coding,16,11249619,11381662,M0,7284,2774,-0.042889035,8.661002579,-0.001706513,0.615827887,-0.03234827,0.17510709,-0.027791229,No Mediation,No Mediation,No Mediation,M0.2,M0.2,58,34,34,2
2775,chr16_4375491_ATTC_A_b38,ENSG00000153443,UBALD1,protein_coding,16,4608883,4615027,ENSG00000253947,,lncRNA,5,167965187,167967086,M0,7287,2775,0.233215312,4.936469117,6.76601101884498e-05,0.003383869,0.085926613,0.241617535,0.053878606,No Mediation,No Mediation,No Mediation,M0.2,Other,49,29,29,3
2776,chr10_1099344_C_A_b38,ENSG00000067064,IDI1,protein_coding,10,1039152,1049119,ENSG00000064835,POU1F1,protein_coding,3,87259404,87276584,M0,7289,2776,-0.145104752,33.62158071,-0.000394896,0.046970569,-0.068942111,-0.17268131,0.048682273,No Mediation,No Mediation,No Mediation,M0.2,M0.2,49,22,22,2
2777,chr4_53948497_G_A_b38,ENSG00000145216,FIP1L1,protein_coding,4,53377641,53460862,ENSG00000203643,,lncRNA,2,11721619,11724222,M0,7292,2777,-0.001200155,2.555188524,-2.69E-05,0.004718739,-0.061392536,0.184211187,-0.0134629,No Mediation,No Mediation,No Mediation,M3,M0.1,50,35,35,4
2778,chr14_56305252_G_A_b38,ENSG00000259719,LINC02284,lncRNA,14,56310880,56427032,ENSG00000265179,,lncRNA,18,902766,906667,M0,7296,2778,0.008518586,0.391966583,0.000400911,0.030846182,0.110993696,0.180022909,-0.005089467,No Mediation,No Mediation,No Mediation,M0.2,M0.2,52,26,26,1
2779,chr3_131361221_T_TGAC_b38,ENSG00000198585,NUDT16,protein_coding,3,131381671,131388830,ENSG00000205944,DAZ2,protein_coding,Y,23219434,23291356,M0,7298,2779,0.099847788,14.00746888,8.63679027323956e-07,0.00049923,0.015696924,0.361681253,-0.008357396,No Mediation,No Mediation,No Mediation,M0.2,M0.2,45,34,34,4
2780,chr3_113019778_C_T_b38,ENSG00000240057,,lncRNA,3,113019468,113184377,ENSG00000156502,SUPV3L1,protein_coding,10,69180234,69209099,M4,7302,2780,0.000442769,0.079072665,-0.016591858,1.887831712,-0.148389556,-0.178209101,0.126106432,No Mediation,No Mediation,No Mediation,M0.1,M0.1,52,38,38,1
2781,chr12_39151947_T_C_b38,ENSG00000173208,ABCD2,protein_coding,12,39550033,39619803,ENSG00000275663,H4C7,protein_coding,6,26246611,26246996,M0,7303,2781,0.000797816,0.217345337,-0.000881932,0.073856223,-0.052172721,0.353760407,-0.153199156,No Mediation,No Mediation,Cis Mediated,M0.2,M0.2,36,29,29,11
2782,chr16_606033_T_C_b38,ENSG00000140983,RHOT2,protein_coding,16,668105,674174,ENSG00000260798,,lncRNA,16,68814330,68823526,M0,7306,2782,-0.099581745,12.43406974,0.000233896,0.039102906,0.096165002,0.177315218,0.014517404,No Mediation,No Mediation,No Mediation,M3,M0.2,58,29,29,0
2783,chr13_111318716_A_G_b38,ENSG00000153495,TEX29,protein_coding,13,111316184,111344249,ENSG00000226709,FGF12-AS3,lncRNA,3,192516831,192521398,M4,7307,2783,-0.009503685,0.385452844,-0.00013968,0.012999904,0.148875999,0.17405092,0.165549315,No Mediation,No Mediation,No Mediation,M4,M3,47,16,16,0
2784,chr3_63483192_C_T_b38,ENSG00000163635,ATXN7,protein_coding,3,63863155,64003462,ENSG00000264422,,lncRNA,17,20576667,20578748,M0,7309,2784,-0.008872699,3.098885652,-1.32E-05,0.00478511,0.037516993,0.312841901,0.017150187,No Mediation,No Mediation,No Mediation,M0.2,M0.2,48,27,27,5
2785,chr14_23730681_C_T_b38,ENSG00000157227,MMP14,protein_coding,14,22836560,22849041,ENSG00000233581,,lncRNA,2,216303325,216321737,M0,7314,2785,-0.012129221,2.276406864,6.47874483764832e-05,0.008919814,0.057940448,0.181306482,-0.037937951,No Mediation,No Mediation,No Mediation,M0.2,M0.2,65,28,28,0
2786,chr19_34180214_T_C_b38,ENSG00000257103,LSM14A,protein_coding,19,34172504,34229288,ENSG00000272347,,lncRNA,5,1005039,1006623,M0,7315,2786,0.13182534,3.250377874,0.000171123,0.020242888,0.11197627,-0.180470102,-0.033417186,No Mediation,No Mediation,No Mediation,M3,M3,53,32,32,5
2787,chr17_19867907_C_T_b38,ENSG00000083290,ULK2,protein_coding,17,19770829,19867936,ENSG00000147697,GSDMC,protein_coding,8,129748196,129786624,M2,7316,2787,0.004185528,0.405762747,-0.000214772,0.106678568,-0.11099316,0.179799957,-0.121023946,Undirected,Undirected,Undirected,M1.1,M0.1,54,36,36,2
2788,chr19_57179312_A_G_b38,ENSG00000268713,,lncRNA,19,57261354,57262738,ENSG00000263388,,lncRNA,17,10680734,10683988,M0,7318,2788,0.004017424,0.804626871,-0.000108117,0.043730608,-0.122366615,0.339662832,-0.076631668,No Mediation,No Mediation,No Mediation,M3,M3,34,26,26,3
2789,chr16_88383550_C_T_b38,ENSG00000276337,,lncRNA,16,87470370,87474370,ENSG00000223536,,lncRNA,2,16728124,16769567,M0,7321,2789,-0.002331168,0.135739763,-2.39E-05,0.005731183,0.108276838,0.280893318,0.12102457,Undirected,Undirected,Undirected,M1.2,M0.2,52,24,24,3
2790,chr11_76629744_C_T_b38,ENSG00000255363,LINC02757,lncRNA,11,76607853,76630465,ENSG00000171433,GLOD5,protein_coding,X,48761747,48773648,M0,7322,2790,0.001353596,0.206860457,0.001804912,0.168551813,0.115888061,0.18898737,0.086514387,No Mediation,No Mediation,Undirected,M3,M0.1,52,28,28,1
2791,chr9_112688081_A_G_b38,ENSG00000148153,INIP,protein_coding,9,112683926,112718149,ENSG00000184428,TOP1MT,protein_coding,8,143304384,143359979,M3,7326,2791,0.000381891,0.684668109,0.006999735,3.075825754,0.159272186,0.259165858,0.01532477,No Mediation,No Mediation,No Mediation,M3,M3,62,28,28,0
2792,chr7_107856791_G_A_b38,ENSG00000091136,LAMB1,protein_coding,7,107923799,108003213,ENSG00000173714,WFIKKN2,protein_coding,17,50834650,50842353,M0,7327,2792,0.001010241,0.55731631,-0.000370141,0.079318136,-0.008571728,0.425323943,-0.028279659,No Mediation,No Mediation,No Mediation,M0.2,M0.2,50,32,32,4
2793,chr5_124860454_C_G_b38,ENSG00000168916,ZNF608,protein_coding,5,124636913,124748807,ENSG00000237271,,lncRNA,2,204219984,204234985,M0,7329,2793,0.006390628,1.905666498,-3.80E-06,0.002431409,0.074653228,0.271448724,0.038588297,No Mediation,No Mediation,No Mediation,M0.2,M0.2,45,19,19,2
2794,chr7_4674186_G_A_b38,ENSG00000182095,TNRC18,protein_coding,7,5306790,5425414,ENSG00000212855,TTTY2,lncRNA,Y,9740584,9758476,M0,7332,2794,-0.050617211,3.209283396,-4.77E-06,0.000655291,0.062868045,0.262581047,0.053701391,No Mediation,No Mediation,No Mediation,M0.2,M0.2,60,41,41,6
2795,chr10_133331320_A_C_b38,ENSG00000127884,ECHS1,protein_coding,10,133362485,133373354,ENSG00000239887,C1orf226,protein_coding,1,162378841,162386812,M0,7333,2795,0.444574892,36.53660535,-0.004709289,1.091092409,0.105005909,0.243268345,-0.005519796,No Mediation,No Mediation,No Mediation,M0.2,M0.2,55,22,22,2
2796,chrX_153093235_G_T_b38,ENSG00000232725,,lncRNA,X,153735626,153766478,ENSG00000248343,,lncRNA,4,21697450,21719026,M3,7337,2796,-0.002015877,0.255403533,2.1361511578256e-05,0.003779392,0.132259815,0.460164064,0.056973026,No Mediation,No Mediation,No Mediation,M3,M3,57,22,22,1
2797,chr5_115262507_C_T_b38,ENSG00000164221,CCDC112,protein_coding,5,115267190,115296693,ENSG00000089847,ANKRD24,protein_coding,19,4183354,4224814,M0,7344,2797,-0.00403756,0.472484337,0.004677463,0.330887529,-0.034220381,-0.17586376,0.070381476,No Mediation,No Mediation,No Mediation,M0.2,M0.2,37,25,25,3
2798,chr7_31503186_G_A_b38,ENSG00000106105,GARS1,protein_coding,7,30580533,30634033,ENSG00000232263,KRTAP25-1,protein_coding,21,30289145,30289514,M0,7349,2798,0.036202399,6.069219063,6.88962789218518e-05,0.00414064,0.070109862,0.331833746,0.04659399,No Mediation,No Mediation,No Mediation,M3,M3,58,26,26,4
2799,chr19_14087206_G_A_b38,ENSG00000105011,ASF1B,protein_coding,19,14119512,14136613,ENSG00000101266,CSNK2A1,protein_coding,20,472498,543835,M0,7355,2799,-0.042713074,3.76245265,0.01461045,0.91973101,0.05670705,0.179806276,-0.013771352,No Mediation,No Mediation,No Mediation,Other,Other,57,34,34,1
2800,chr10_49576191_T_C_b38,ENSG00000225830,ERCC6,protein_coding,10,49454168,49539538,ENSG00000234634,LINC02093,lncRNA,17,13299184,13306771,M0,7361,2800,0.001164598,0.228313608,-1.78E-05,0.005223417,0.126078637,0.260958322,0.121775696,No Mediation,No Mediation,No Mediation,M3,M3,52,25,25,4
2801,chr22_45155101_T_C_b38,ENSG00000241990,PRR34-AS1,lncRNA,22,46053705,46057210,ENSG00000250576,,lncRNA,5,10775058,10777062,M0,7363,2801,0.10527313,1.08032504,2.72553807646084e-05,0.004038511,-0.085226793,0.36687268,-0.011094779,No Mediation,No Mediation,No Mediation,M3,M3,37,21,21,3
2802,chr8_144689939_G_A_b38,ENSG00000147799,ARHGAP39,protein_coding,8,144529179,144605816,ENSG00000272977,,lncRNA,22,25476218,25479971,M3,7368,2802,2.0546007401018e-05,0.055492599,-0.002013343,0.344971934,-0.176976593,0.190017274,0.024765889,No Mediation,No Mediation,No Mediation,M3,M3,60,28,28,0
2803,chr4_165349860_T_A_b38,ENSG00000109472,CPE,protein_coding,4,165361194,165498547,ENSG00000131097,HIGD1B,protein_coding,17,44846353,44850476,M0,7369,2803,0.00468037,1.402732087,0.000671177,0.121343914,0.039645772,0.17323046,-0.123157536,No Mediation,No Mediation,No Mediation,M0.2,M2.2,49,38,38,3
2804,chr15_81139338_C_T_b38,ENSG00000172349,IL16,protein_coding,15,81159575,81314058,ENSG00000230440,,lncRNA,20,26132887,26134198,M0,7376,2804,0.10697641,8.108841858,2.87405268741779e-05,0.009222039,-0.10110244,0.290787173,-0.004152468,No Mediation,No Mediation,No Mediation,M3,M3,59,26,26,2
2805,chr10_12157743_T_C_b38,ENSG00000151461,UPF2,protein_coding,10,11920022,12043170,ENSG00000215853,RPTN,protein_coding,1,152153595,152159228,M0,7377,2805,0.003500414,1.292357715,0.00017417,0.015650945,-0.098156699,0.171990458,0.023472864,No Mediation,No Mediation,No Mediation,M3,M3,61,34,34,0
2806,chr22_44142808_T_C_b38,ENSG00000280434,,lncRNA,22,44139365,44153626,ENSG00000111843,TMEM14C,protein_coding,6,10722915,10731129,M3,7379,2806,0.000534537,0.051228068,0.098162926,5.99733771,-0.127996749,-0.17299596,0.050153569,No Mediation,No Mediation,Trans Mediated,M3,Other,46,35,35,1
2807,chr15_40904009_T_C_b38,ENSG00000251161,,lncRNA,15,40906811,40910337,ENSG00000184428,TOP1MT,protein_coding,8,143304384,143359979,M0,7380,2807,-0.004868935,0.967199611,0.006999735,3.075825754,-0.056142135,0.395624282,-0.052995355,No Mediation,No Mediation,No Mediation,M0.2,M0.2,57,20,20,1
2808,chr7_77081162_T_C_b38,ENSG00000187257,RSBN1L,protein_coding,7,77696459,77783022,ENSG00000230437,,lncRNA,20,12305613,12316485,M0,7383,2808,-0.017829907,1.31824658,-8.16E-06,0.001911426,0.070964591,0.390571556,0.043338381,No Mediation,No Mediation,Cis Mediated,M0.2,M0.2,51,22,22,2
2809,chr22_28925020_A_G_b38,ENSG00000100219,XBP1,protein_coding,22,28794555,28800597,ENSG00000174989,FBXW8,protein_coding,12,116910950,117031148,M0,7386,2809,0.481512606,27.54670889,0.001031695,0.738286279,-0.081983936,-0.190277487,0.031511553,No Mediation,No Mediation,No Mediation,M0.2,M0.2,39,32,32,1
2810,chr6_41999960_A_C_b38,ENSG00000124496,TRERF1,protein_coding,6,42224931,42452051,ENSG00000253416,,lncRNA,8,76904591,76913399,M0,7387,2810,-0.017545424,1.744506129,-2.13E-05,0.003063642,0.066626543,0.361761432,0.088361982,No Mediation,No Mediation,No Mediation,M0.2,M0.2,52,36,36,4
2811,chr15_43267033_T_C_b38,ENSG00000137822,TUBGCP4,protein_coding,15,43369221,43409771,ENSG00000233021,,lncRNA,10,437561,441170,M3,7390,2811,0.001918131,0.357396992,3.78190164359585e-05,0.017212155,-0.137960722,0.19274465,-0.057576142,No Mediation,No Mediation,No Mediation,M3,M3,55,20,20,2
2812,chr9_37075626_C_T_b38,ENSG00000281649,EBLN3P,lncRNA,9,37079645,37090928,ENSG00000141627,DYM,protein_coding,18,49036387,49461347,M0,7392,2812,0.016256178,1.403658779,0.001678427,1.117951797,-0.050238637,0.169982797,-0.009448818,No Mediation,No Mediation,Undirected,M0.2,M0.2,45,36,36,4
2813,chr21_33188644_A_C_b38,ENSG00000159147,DONSON,protein_coding,21,33559542,33588706,ENSG00000204219,TCEA3,protein_coding,1,23380909,23424748,M0,7394,2813,-0.001303712,0.491216637,0.008964421,1.783278742,-0.088633497,0.24801152,0.035982813,No Mediation,No Mediation,No Mediation,M3,M3,57,33,33,3
2814,chr1_152578800_A_G_b38,ENSG00000186207,LCE5A,protein_coding,1,152510803,152512177,ENSG00000278619,MRM1,protein_coding,17,36601583,36608964,M0,7397,2814,0.0010496,0.558310743,-0.010512601,0.589682045,0.103257445,-0.182486647,-0.014571363,No Mediation,No Mediation,No Mediation,M3,M3,48,25,25,2
2815,chr5_53401297_G_T_b38,ENSG00000164171,ITGA2,protein_coding,5,52989340,53094779,ENSG00000228226,,lncRNA,2,228683537,228684580,M3,7398,2815,0.000692427,0.054589052,4.63658890763707e-05,0.016026584,0.145310399,0.223834419,0.047494474,No Mediation,No Mediation,No Mediation,M3,M0.1,52,41,41,4
2816,chr19_19090712_A_G_b38,ENSG00000181035,SLC25A42,protein_coding,19,19063994,19113030,ENSG00000233651,,lncRNA,9,62387171,62394004,M3,7405,2816,0.021520448,2.003384744,-2.55E-05,0.004703276,-0.132299448,-0.170370362,0.006185816,No Mediation,No Mediation,No Mediation,M3,M3,55,32,32,3
2817,chr9_32940530_C_CACCA_b38,ENSG00000086061,DNAJA1,protein_coding,9,33025273,33039907,ENSG00000151650,VENTX,protein_coding,10,133237855,133241928,M0,7408,2817,0.297433964,43.57504285,-0.027027155,4.011732733,-0.004850468,0.19092655,-0.015493408,No Mediation,No Mediation,No Mediation,M0.2,M0.2,56,33,33,2
2818,chr6_136777814_C_CA_b38,ENSG00000197442,MAP3K5,protein_coding,6,136557046,136792477,ENSG00000034239,EFCAB1,protein_coding,8,48710789,48735311,M3,7412,2818,-0.079960096,3.572858683,0.000110914,0.025984568,0.14650978,-0.171688914,-0.020512243,No Mediation,No Mediation,No Mediation,M3,M3,54,38,38,1
2819,chr11_6119310_T_C_b38,ENSG00000180988,OR52N2,protein_coding,11,5808924,5821483,ENSG00000255167,,lncRNA,11,21260061,21262570,M0,7413,2819,0.006184679,0.148832094,5.53495304902312e-05,0.00466832,0.089610893,0.264206648,0.058198519,No Mediation,No Mediation,No Mediation,M3,M3,41,23,23,6
2820,chr11_47428947_T_C_b38,ENSG00000165916,PSMC3,protein_coding,11,47418769,47426473,ENSG00000184277,TM2D3,protein_coding,15,101621444,101652391,M3,7415,2820,-0.009177152,5.084915892,-0.010848709,1.139092877,-0.136261233,0.194203256,-0.076304566,No Mediation,No Mediation,No Mediation,M3,M3,45,33,33,4
2821,chr11_77323960_T_C_b38,ENSG00000182704,TSKU,protein_coding,11,76782251,76798153,ENSG00000231132,,lncRNA,10,51244894,51245806,M0,7420,2821,-0.003681977,0.543908044,3.64930031520401e-05,0.003946652,-0.021343396,0.368404584,0.035136797,No Mediation,No Mediation,No Mediation,M0.2,M0.2,62,27,27,4
2822,chr7_44053918_T_C_b38,ENSG00000136279,DBNL,protein_coding,7,44044640,44069456,ENSG00000242072,,lncRNA,7,115647461,115676329,M0,7422,2822,-0.047615325,12.11652303,1.67502888138215e-05,0.003970085,0.000605615,0.211375817,0.009800486,No Mediation,No Mediation,No Mediation,M0.2,Other,49,32,32,3
2823,chr7_130938186_CCTGT_C_b38,ENSG00000273319,,lncRNA,7,130936464,130939661,ENSG00000237378,,protein_coding,13,63746741,63751080,M0,7428,2823,-0.001012102,0.344285682,1.98620718889804e-05,0.002583691,-0.064494235,0.250628505,-0.019585531,No Mediation,No Mediation,No Mediation,M3,M0.2,49,17,17,4
2824,chr6_99634375_TGCAGCAATGCTTATG_T_b38,ENSG00000112237,CCNC,protein_coding,6,99542387,99568825,ENSG00000232140,,lncRNA,2,120552481,120558119,M0,7429,2824,0.008195046,0.675133194,4.28107463747763e-06,0.015318442,0.110050533,0.185293275,-0.01243953,No Mediation,No Mediation,No Mediation,M3,M0.2,48,29,29,2
2825,chr20_63783195_T_C_b38,ENSG00000101210,EEF1A2,protein_coding,20,63488013,63499239,ENSG00000234169,LINC01868,lncRNA,2,100669892,100676038,M0,7431,2825,-0.181513656,32.25940808,-3.33E-05,0.005408516,-0.045425978,-0.178007122,-0.004273643,No Mediation,No Mediation,No Mediation,M0.2,M0.2,69,19,19,0
2826,chr7_6689949_T_C_b38,ENSG00000236609,ZNF853,protein_coding,7,6615610,6624290,ENSG00000264026,LINC02003,lncRNA,17,72342692,72355136,M3,7433,2826,-0.002166679,0.403672312,1.50426866490144e-05,0.00327215,-0.146070827,0.206100128,0.004944984,No Mediation,No Mediation,No Mediation,M3,M0.2,59,25,25,2
2827,chr9_94519872_G_A_b38,ENSG00000165140,FBP1,protein_coding,9,94603133,94640249,ENSG00000206062,,lncRNA,X,91307781,91308878,M0,7436,2827,0.008510862,23.69404273,2.28084439147178e-06,0.00348084,-0.078722879,0.282245738,-0.021009743,No Mediation,No Mediation,No Mediation,M0.2,M0.2,60,27,27,3
2828,chr11_96120536_G_A_b38,ENSG00000087053,MTMR2,protein_coding,11,95821766,95925315,ENSG00000234286,,lncRNA,7,23680195,23680786,M0,7437,2828,0.004056796,0.377138121,-6.48E-06,0.013680885,-0.043235707,0.266198231,0.010218665,No Mediation,No Mediation,No Mediation,M0.2,M3,34,27,27,8
2829,chr6_36256771_G_A_b38,ENSG00000180316,PNPLA1,protein_coding,6,36243203,36313955,ENSG00000184428,TOP1MT,protein_coding,8,143304384,143359979,M3,7439,2829,0.002312288,2.124990709,0.006999735,3.075825754,0.173455139,0.338037967,0.089088843,No Mediation,No Mediation,No Mediation,M3,M3,64,30,30,1
2830,chr1_94345681_A_G_b38,ENSG00000137936,BCAR3,protein_coding,1,93561741,93847150,ENSG00000228944,,lncRNA,7,24196662,24255719,M0,7442,2830,-0.000566793,0.163620216,-6.69E-05,0.006024509,-0.116022928,0.343943906,-0.060485408,Undirected,Undirected,Undirected,M1.2,M0.2,60,43,43,3
2831,chr19_52832483_C_T_b38,ENSG00000167554,ZNF610,protein_coding,19,52336243,52367778,ENSG00000105497,ZNF175,protein_coding,19,51571283,51592510,M3,7443,2831,0.00074144,0.063780894,0.003076658,0.286575352,-0.136970243,0.223165209,-0.041475839,No Mediation,No Mediation,No Mediation,M3,M3,49,33,33,2
2832,chr14_49502971_G_A_b38,ENSG00000087299,L2HGDH,protein_coding,14,50237563,50312229,ENSG00000236662,,lncRNA,10,100980507,100985614,M0,7446,2832,0.000424344,0.072301106,0.000338423,0.036422679,-0.055516046,0.377568138,-0.036416213,No Mediation,No Mediation,No Mediation,M0.2,M0.2,47,22,22,2
2833,chr22_28820173_A_G_b38,ENSG00000272858,,lncRNA,22,28814914,28815662,ENSG00000276581,SPATA31A5,protein_coding,9,60914407,60920653,M3,7447,2833,-0.00202096,0.303589279,-1.05E-05,0.001251433,-0.16661508,-0.248288888,-0.025372643,No Mediation,No Mediation,No Mediation,M3,M3,45,18,18,1
2834,chr11_117672369_T_A_b38,ENSG00000149582,TMEM25,protein_coding,11,118531041,118547280,ENSG00000266839,,lncRNA,17,20323058,20323337,M3,7449,2834,0.00234166,0.254325125,7.71442959213251e-05,0.008094232,0.13496617,-0.251965234,-0.037167708,No Mediation,No Mediation,No Mediation,M3,M3,45,17,17,3
2835,chr5_57292983_C_T_b38,ENSG00000062194,GPBP1,protein_coding,5,57173948,57264679,ENSG00000267480,,lncRNA,18,12031178,12032181,M0,7450,2835,-0.036103431,4.073833737,-0.006799647,1.294161426,0.051117706,0.17359518,-0.07721722,No Mediation,No Mediation,No Mediation,M0.2,M0.2,44,29,29,5
2836,chr1_22393374_C_T_b38,ENSG00000090686,USP48,protein_coding,1,21678298,21783606,ENSG00000227945,PTPRK-AS1,lncRNA,6,128027886,128085248,M3,7456,2836,-0.022827946,1.562768275,0.000200341,0.077989816,-0.12342722,0.190634047,-0.038777546,No Mediation,No Mediation,No Mediation,M3,M3,58,36,36,1
2837,chr7_91909261_G_T_b38,ENSG00000127989,MTERF1,protein_coding,7,91692008,91880702,ENSG00000260094,LINC00564,lncRNA,13,81225865,81226983,M0,7460,2837,0.003889124,0.206901372,4.30167696729551e-05,0.002778883,-0.070261739,0.258878045,0.025695479,No Mediation,No Mediation,No Mediation,M3,M3,47,23,23,6
2838,chr2_32608366_G_A_b38,ENSG00000115760,BIRC6,protein_coding,2,32357028,32618899,ENSG00000232596,LINC01646,lncRNA,1,4571481,4594016,M0,7461,2838,-0.012018354,0.712648616,-2.35E-05,0.004505752,-0.046470115,0.188226276,0.057697332,No Mediation,No Mediation,No Mediation,M0.2,M0.2,46,26,26,5
2839,chr10_8487232_G_A_b38,ENSG00000107485,GATA3,protein_coding,10,8045378,8075198,ENSG00000272575,LINC02098,lncRNA,11,128208749,128241441,M0,7463,2839,0.006692056,1.695224775,-1.89E-06,0.002981058,0.118477582,0.417215224,-0.015446115,No Mediation,No Mediation,No Mediation,M3,M3,59,20,20,1
2840,chr9_137204748_A_T_b38,ENSG00000176058,TPRN,protein_coding,9,137191617,137204193,ENSG00000258763,,lncRNA,12,55434734,55585471,M3,7466,2840,-0.001426757,0.616576926,-0.001745511,0.209115101,0.167288471,0.350743347,0.081089067,No Mediation,No Mediation,No Mediation,M0.2,M0.2,48,26,26,3
2841,chr4_168436749_C_A_b38,ENSG00000137628,DDX60,protein_coding,4,168216291,168318883,ENSG00000268009,SSX4,protein_coding,X,48383516,48393347,M0,7467,2841,-0.025192243,3.308918028,-2.77E-05,0.007755508,-0.048232091,-0.179866499,0.038292207,No Mediation,No Mediation,No Mediation,M0.2,M0.2,52,38,38,4
2842,chr6_111521474_A_G_b38,ENSG00000112769,LAMA4,protein_coding,6,112107931,112254939,ENSG00000224733,,lncRNA,6,128500527,128501176,M0,7468,2842,-0.000281337,0.255721206,7.89951612442741e-05,0.00756542,-0.003307888,0.279353832,-0.001329621,No Mediation,No Mediation,No Mediation,M0.2,M0.2,56,29,29,1
2843,chr18_24134970_C_T_b38,ENSG00000264924,,lncRNA,18,24113637,24121003,ENSG00000128482,RNF112,protein_coding,17,19411125,19417276,M3,7469,2843,-0.000836881,0.43924097,0.004035438,0.345260833,-0.143978199,-0.223925708,-0.016246013,No Mediation,No Mediation,No Mediation,M3,M3,43,35,35,5
2844,chr12_110853890_C_T_b38,ENSG00000122970,IFT81,protein_coding,12,110124335,110218793,ENSG00000280314,OR8K3,protein_coding,11,56315144,56320639,M0,7470,2844,1.95797157487762e-05,0.071829482,3.71994771387054e-05,0.006767928,0.108820511,0.318489932,0.02854216,No Mediation,No Mediation,No Mediation,M3,M0.2,62,27,27,1
2845,chr5_17166884_A_G_b38,ENSG00000215196,BASP1-AS1,lncRNA,5,17089296,17217047,ENSG00000142507,PSMB6,protein_coding,17,4796144,4798502,M0,7473,2845,-0.004764327,0.708744052,0.067089149,9.943283871,-0.077266413,0.181868694,-0.058959813,No Mediation,No Mediation,No Mediation,M0.2,M0.2,51,36,36,3
2846,chr14_52378039_G_A_b38,ENSG00000087303,NID2,protein_coding,14,52004803,52069228,ENSG00000234286,,lncRNA,7,23680195,23680786,M3,7477,2846,0.001003486,0.135581857,-6.48E-06,0.013680885,0.227092459,0.279996867,0.076704264,No Mediation,No Mediation,No Mediation,M3,M0.1,43,32,32,6
2847,chr8_102241559_C_T_b38,ENSG00000272037,,lncRNA,8,102256392,102257821,ENSG00000238124,,lncRNA,7,65463071,65463438,M3,7482,2847,-0.002150615,1.107909874,-3.97E-05,0.007891703,-0.154445472,0.324898448,-0.017853216,No Mediation,No Mediation,No Mediation,M3,M3,57,25,25,3
2848,chr19_46722120_C_T_b38,ENSG00000177045,SIX5,protein_coding,19,45764785,45769252,ENSG00000274652,,lncRNA,13,51180178,51180967,M3,7487,2848,8.31468475621138e-05,0.125378491,-1.30E-06,0.004892464,0.189805865,0.274956229,-0.000800626,No Mediation,No Mediation,No Mediation,M3,M3,49,20,20,3
2849,chr17_78514956_T_C_b38,ENSG00000108679,LGALS3BP,protein_coding,17,78971238,78979947,ENSG00000253576,,lncRNA,8,91975908,91977418,M0,7489,2849,-0.000723231,6.283001472,4.11482824062266e-05,0.010349596,-0.038718071,0.329457026,-0.008828132,No Mediation,No Mediation,No Mediation,M0.2,M0.2,54,24,24,3
2850,chr16_69729875_A_G_b38,ENSG00000181019,NQO1,protein_coding,16,69706996,69726668,ENSG00000272519,,lncRNA,2,213266995,213276152,M0,7494,2850,-0.015644732,0.665882901,-0.00011322,0.016347736,-0.09401324,-0.178736992,-0.01004598,No Mediation,No Mediation,No Mediation,M3,M3,62,27,27,0
2851,chr5_676010_CAGCTTCTCTGGGACTGA_C_b38,ENSG00000271781,,lncRNA,5,675826,676616,ENSG00000111843,TMEM14C,protein_coding,6,10722915,10731129,M3,7498,2851,-0.00279021,0.270184892,0.098162926,5.99733771,-0.194515665,0.242365329,-0.060740138,No Mediation,No Mediation,No Mediation,M3,M3,51,35,35,1
2852,chr16_30970904_A_G_b38,ENSG00000232748,,lncRNA,16,31056460,31062803,ENSG00000111843,TMEM14C,protein_coding,6,10722915,10731129,M3,7501,2852,-0.001914837,0.160244519,0.098162926,5.99733771,0.192799863,-0.181184535,-0.111569752,No Mediation,No Mediation,No Mediation,M3,M3,46,30,30,2
2853,chr8_85029065_G_A_b38,ENSG00000133739,LRRCC1,protein_coding,8,85107215,85146080,ENSG00000274685,,lncRNA,10,133374736,133374869,M3,7502,2853,0.000750796,0.142030831,0.000377294,0.074949923,-0.125671525,0.17861526,-0.070388378,No Mediation,No Mediation,Undirected,M3,M3,50,30,30,3
2854,chr6_14154076_G_A_b38,ENSG00000225921,NOL7,protein_coding,6,13615335,13632739,ENSG00000248656,,lncRNA,4,111516117,111739871,M0,7503,2854,-0.004066529,6.366145699,4.89816537354734e-05,0.004044966,-0.049715647,0.34826537,-0.05211228,No Mediation,No Mediation,No Mediation,M0.2,M0.2,48,23,23,3
2855,chr19_424806_G_A_b38,ENSG00000282508,LINC01002,lncRNA,19,198264,246544,ENSG00000260235,,lncRNA,15,75624793,75625690,M0,7504,2855,0.004313414,6.142803377,-0.000120568,0.084372967,-0.034998138,0.29618181,-0.024699475,No Mediation,No Mediation,No Mediation,M0.2,M0.2,53,25,25,1
2856,chr11_77829903_C_T_b38,ENSG00000048649,RSF1,protein_coding,11,77660009,77820869,ENSG00000235201,LINC02578,lncRNA,9,118740563,118745312,M0,7505,2856,-0.00496827,0.371712795,-2.30E-05,0.007002197,-0.112220104,0.201839776,-0.047311029,No Mediation,No Mediation,No Mediation,M3,M3,45,24,24,5
2857,chr20_57790123_AAGAG_A_b38,ENSG00000218018,RBM38-AS1,lncRNA,20,57377140,57393062,ENSG00000254630,,lncRNA,11,75635883,75638587,M0,7508,2857,-0.003226879,0.614447367,0.000137118,0.01620449,-0.033756652,0.174441457,-0.047688951,No Mediation,No Mediation,No Mediation,M0.2,M0.2,36,20,20,6
2858,chr5_74766533_G_T_b38,ENSG00000164347,GFM2,protein_coding,5,74721206,74767147,ENSG00000196466,ZNF799,protein_coding,19,12390016,12401271,M4,7511,2858,-0.001344737,0.570547022,-0.002585319,0.993765011,-0.150367694,0.182932078,-0.105788616,No Mediation,No Mediation,Undirected,M3,M4,65,27,27,0
2859,chr4_153684311_CCAGGCGGCTGCTCGGCGTTCTCT_C_b38,ENSG00000137462,TLR2,protein_coding,4,153684070,153706260,ENSG00000249966,,lncRNA,5,1850950,1851497,M0,7515,2859,5.421533647,124.6657017,6.39661902443631e-05,0.018634682,-0.048610091,0.188525878,-0.008148426,No Mediation,No Mediation,No Mediation,M0.2,Other,50,26,26,2
2860,chr12_10115529_G_A_b38,ENSG00000150048,CLEC1A,protein_coding,12,10069554,10111627,ENSG00000198133,TMEM229B,protein_coding,14,67447084,67533739,M3,7516,2860,-0.016725713,1.400421785,0.002703384,0.837746019,0.13059232,-0.173414718,-0.115193531,No Mediation,No Mediation,No Mediation,M0.2,M0.2,51,38,38,4
2861,chrX_22726945_C_T_b38,ENSG00000091482,SMPX,protein_coding,X,21705978,21758116,ENSG00000251586,TET2-AS1,lncRNA,4,105171354,105178063,M0,7526,2861,-0.000186703,0.51531582,-0.000638464,0.156141854,0.032205852,0.172743709,-0.09688246,No Mediation,No Mediation,No Mediation,M0.2,M0.2,51,44,44,3
2862,chr1_234808780_A_G_b38,ENSG00000168264,IRF2BP2,protein_coding,1,234604269,234610178,ENSG00000230794,,lncRNA,21,35713139,35732942,M0,7527,2862,0.083184468,8.507574147,-2.98E-05,0.006256513,0.109198117,0.244192052,0.063953983,No Mediation,No Mediation,No Mediation,M3,M3,60,36,36,2
2863,chr19_37798534_A_G_b38,ENSG00000196381,ZNF781,protein_coding,19,37667751,37692315,ENSG00000247498,GPRC5D-AS1,lncRNA,12,12927726,12984645,M3,7530,2863,-0.000339711,0.085224159,-0.000467947,0.166619366,-0.134379301,-0.291313082,-0.02005624,No Mediation,No Mediation,No Mediation,M3,M3,50,29,29,2
2864,chr17_57548709_G_A_b38,ENSG00000108389,MTMR4,protein_coding,17,58489529,58517905,ENSG00000254619,,lncRNA,11,33810145,33811178,M0,7532,2864,-0.020179715,7.015565111,3.99618311362179e-05,0.00749332,-0.009915767,0.261584452,0.022106025,No Mediation,No Mediation,No Mediation,M0.2,M0.2,63,26,26,3
2865,chr1_77110532_G_A_b38,ENSG00000142892,PIGK,protein_coding,1,77088989,77219430,ENSG00000251248,,lncRNA,4,142514446,142518983,M0,7543,2865,0.001109718,0.754797898,2.3970875272697e-05,0.004918305,0.066214894,0.19355533,0.087472437,No Mediation,No Mediation,No Mediation,M0.2,M0.2,50,19,19,4
2866,chr7_101085390_G_A_b38,ENSG00000077454,LRCH4,protein_coding,7,100574011,100586129,ENSG00000236951,,lncRNA,Y,22100814,22147484,M0,7545,2866,0.50358523,35.88359363,-2.10E-06,0.001515662,-0.036838978,0.294132451,0.022717927,No Mediation,No Mediation,No Mediation,M0.2,M1.2,44,23,23,4
2867,chrX_101656920_C_G_b38,ENSG00000261101,,lncRNA,X,101627868,101628523,ENSG00000184428,TOP1MT,protein_coding,8,143304384,143359979,M3,7549,2867,0.001956099,0.366944479,0.006999735,3.075825754,-0.154890768,-0.434568422,0.002746679,No Mediation,No Mediation,No Mediation,M3,M3,66,26,26,0
2868,chr19_53599489_C_T_b38,ENSG00000228323,MYADM-AS1,lncRNA,19,53854581,53869107,ENSG00000115593,SMYD1,protein_coding,2,88067825,88113384,M3,7554,2868,-0.001000277,0.258600654,-0.003537671,0.332396259,0.178820888,0.259027514,0.075141399,No Mediation,No Mediation,No Mediation,M3,M3,53,36,36,3
2869,chrX_78097456_C_T_b38,ENSG00000078589,P2RY10,protein_coding,X,78945332,78963727,ENSG00000244358,,lncRNA,3,145939912,145961536,M0,7555,2869,0.029027161,2.895204762,2.47247468610452e-05,0.002479454,-0.062511424,0.314810759,-0.027611793,No Mediation,No Mediation,No Mediation,M0.2,M0.2,48,27,27,7
2870,chr2_26418989_C_T_b38,ENSG00000138018,SELENOI,protein_coding,2,26308547,26395891,ENSG00000238019,,lncRNA,6,158397885,158398561,M0,7558,2870,-0.000892177,0.288151443,0.000278149,0.031308481,0.020731436,0.219260131,-0.01044195,No Mediation,No Mediation,No Mediation,M0.2,M0.2,47,23,23,4
2871,chr9_136514304_A_G_b38,ENSG00000196366,C9orf163,lncRNA,9,136483495,136486067,ENSG00000071889,FAM3A,protein_coding,X,154506159,154516242,M0,7565,2871,-0.000275532,0.068803624,0.099203368,3.768332987,-0.112460965,0.178708224,0.071983713,No Mediation,No Mediation,No Mediation,M3,M3,49,31,31,3
2872,chr1_242417005_T_TA_b38,ENSG00000203668,CHML,protein_coding,1,241628851,241640369,ENSG00000270087,,lncRNA,10,75279726,75401246,M0,7566,2872,-0.00274847,0.294789619,-2.08E-05,0.010072691,-0.063144438,0.312598747,-0.042695045,No Mediation,No Mediation,No Mediation,M0.2,M0.2,51,32,32,4
2873,chr17_81239116_A_G_b38,ENSG00000167302,TEPSIN,protein_coding,17,81228277,81239091,ENSG00000229309,,lncRNA,13,81250438,81302407,M0,7567,2873,-0.055034771,4.273310034,3.51995553446885e-05,0.008152688,0.112681451,0.343545925,0.007010398,No Mediation,No Mediation,Cis Mediated,M3,M3,44,25,25,5
2874,chr6_105401620_A_AC_b38,ENSG00000085382,HACE1,protein_coding,6,104728094,104859919,ENSG00000170632,ARMC10,protein_coding,7,103074881,103099759,M3,7568,2874,0.001611801,0.191431084,-0.0016035,1.26149962,-0.12466518,0.270672596,-0.057743331,No Mediation,No Mediation,No Mediation,M3,M3,50,35,35,2
2875,chr9_35836262_T_C_b38,ENSG00000165283,STOML2,protein_coding,9,35099776,35103195,ENSG00000241945,PWP2,protein_coding,21,44107373,44131181,M3,7571,2875,0.209454952,3.334911245,-0.015096965,0.777119168,-0.17612681,-0.213570929,0.062012841,No Mediation,No Mediation,No Mediation,M3,M3,53,37,37,0
2876,chr5_160419067_A_G_b38,ENSG00000164609,SLU7,protein_coding,5,160401641,160421711,ENSG00000258460,,lncRNA,14,101332511,101335497,M0,7577,2876,-0.023438872,3.078221097,0.000186589,0.034657392,0.064473962,0.170674325,0.003885788,No Mediation,No Mediation,No Mediation,M3,M3,44,28,28,2
2877,chr3_194580767_C_T_b38,ENSG00000230266,XXYLT1-AS2,lncRNA,3,195147871,195152790,ENSG00000250078,,lncRNA,4,58562160,58565212,M3,7581,2877,0.002746037,0.212462407,-2.09E-05,0.00493185,0.154505543,0.266630049,-0.01207531,No Mediation,No Mediation,No Mediation,M3,M3,56,17,17,2
2878,chr11_65415288_G_GCCTGGCACGCACAGCCTGGCTCAGCCAGCA_b38,ENSG00000173039,RELA,protein_coding,11,65653597,65663090,ENSG00000225458,,lncRNA,20,41991140,42063969,M0,7582,2878,0.124308879,13.38809644,2.72700729469965e-05,0.002887133,0.013205022,0.303660302,-0.00556558,No Mediation,No Mediation,No Mediation,M0.2,M0.2,56,22,22,2
2879,chr19_36498054_C_CA_b38,ENSG00000011600,TYROBP,protein_coding,19,35904401,35908295,ENSG00000276411,,lncRNA,2,11673964,11676925,M0,7583,2879,1967.569594,1337.531662,-6.45E-05,0.006446601,-0.007184963,0.304832749,0.027343361,No Mediation,No Mediation,No Mediation,Other,M0.2,55,38,38,4
2880,chr2_32199363_T_G_b38,ENSG00000152683,SLC30A6,protein_coding,2,32165841,32224379,ENSG00000260832,,lncRNA,16,82953230,82990298,M0,7589,2880,-0.006184485,0.632613925,5.42972580633568e-05,0.003625016,0.087760008,0.220579689,-0.034971538,No Mediation,No Mediation,No Mediation,M3,M3,42,24,24,3
2881,chr19_56962143_G_A_b38,ENSG00000018869,ZNF582,protein_coding,19,56375846,56393545,ENSG00000242498,ARPIN,protein_coding,15,89895006,89912952,M0,7596,2881,-0.001272025,0.142971293,-0.003705276,0.734035534,0.0759948,0.185138559,-0.004572133,No Mediation,No Mediation,No Mediation,M0.2,M0.2,53,31,31,1
2882,chr17_27655709_T_C_b38,ENSG00000109079,TNFAIP1,protein_coding,17,28335602,28347009,ENSG00000280837,CPS1-IT1,lncRNA,2,210617571,210619876,M0,7599,2882,-0.011308499,0.953454256,-4.42E-06,0.007642399,0.100165696,0.282641029,0.141974964,No Mediation,No Mediation,No Mediation,M0.2,M0.2,46,43,43,5
2883,chr2_38287267_A_G_b38,ENSG00000115904,SOS1,protein_coding,2,38981549,39124345,ENSG00000168255,POLR2J3,protein_coding,7,102537918,102572653,M3,7600,2883,0.003470712,0.703025667,-0.004200583,0.918447079,-0.198574028,0.398229553,-0.162457921,No Mediation,No Mediation,No Mediation,M3,M3,58,40,40,2
2884,chr7_157301445_T_C_b38,ENSG00000009335,UBE3C,protein_coding,7,157138916,157269370,ENSG00000250064,,lncRNA,4,28435449,28600275,M3,7601,2884,-4.13E-05,0.839904364,4.32880334043528e-05,0.005600781,-0.125413859,-0.226482563,0.042454507,No Mediation,No Mediation,No Mediation,M3,M3,63,33,33,1
2885,chr19_49993024_G_GAC_b38,ENSG00000104872,PIH1D1,protein_coding,19,49446298,49453497,ENSG00000256199,,lncRNA,12,64507166,64533638,M0,7602,2885,0.048239677,3.932741245,-0.000469486,0.133761999,0.079246946,-0.209637848,0.009044717,No Mediation,No Mediation,No Mediation,M0.2,M3,61,41,41,3
2886,chr6_126158399_G_C_b38,ENSG00000111911,HINT3,protein_coding,6,125956770,125980244,ENSG00000229458,,lncRNA,10,82224213,82229179,M0,7607,2886,-0.010195198,1.252822916,-1.51E-05,0.006067699,0.12317317,0.305110603,0.059738865,No Mediation,No Mediation,No Mediation,M3,M3,49,32,32,4
2887,chr16_14595840_A_G_b38,ENSG00000103429,BFAR,protein_coding,16,14632931,14669236,ENSG00000257265,,lncRNA,12,71007773,71032083,M0,7608,2887,-0.000290608,1.676420009,7.96932790542508e-06,0.002764019,-0.047216189,0.234504391,0.025028774,No Mediation,No Mediation,No Mediation,M0.2,M0.2,53,26,26,3
2888,chr19_51091925_G_A_b38,ENSG00000129437,KLK14,protein_coding,19,51077495,51084245,ENSG00000235497,,lncRNA,2,23375229,23381299,M0,7611,2888,0.000534978,0.224091116,7.44146366524723e-06,0.002014088,0.108099084,0.18612707,-0.023261723,No Mediation,No Mediation,Cis Mediated,M3,M3,47,26,26,2
2889,chr6_170603543_T_G_b38,ENSG00000112592,TBP,protein_coding,6,170554302,170572870,ENSG00000237491,LINC01409,lncRNA,1,778747,810065,M3,7612,2889,-0.001758073,0.696066609,0.0003406,0.068913788,0.132875646,0.416074842,0.037405686,No Mediation,No Mediation,No Mediation,M3,M3,47,31,31,2
2890,chr19_41875310_A_G_b38,ENSG00000105372,RPS19,protein_coding,19,41860255,41872925,ENSG00000242485,MRPL20,protein_coding,1,1401909,1407293,M0,7615,2890,9.869974125,99.53090141,0.007248196,2.92519046,-0.021059032,-0.178809198,0.078372296,No Mediation,No Mediation,No Mediation,M0.2,M0.2,62,40,40,1
2891,chr2_215974763_A_G_b38,ENSG00000232485,RPL37A-DT,lncRNA,2,216479030,216498761,ENSG00000267051,,lncRNA,18,11366913,11378409,M3,7616,2891,0.000644413,0.103887281,0.000131182,0.009004178,0.159736221,-0.175988642,-0.062753161,No Mediation,No Mediation,No Mediation,M3,M3,54,17,17,0
2892,chr2_131326420_G_T_b38,ENSG00000152102,FAM168B,protein_coding,2,131047876,131093460,ENSG00000232985,,lncRNA,10,128958772,128960062,M3,7617,2892,-0.011246452,2.288305962,-3.81E-05,0.009968261,0.161264483,0.297026283,0.068653461,No Mediation,No Mediation,No Mediation,M3,M3,52,41,41,4
2893,chr3_154239068_T_G_b38,ENSG00000174953,DHX36,protein_coding,3,154272546,154324487,ENSG00000251642,,lncRNA,4,38286994,38287491,M3,7620,2893,-0.009698512,0.642419657,0.000236164,0.01370473,-0.132941281,-0.18792044,0.01207261,No Mediation,No Mediation,No Mediation,M3,M0.1,58,23,23,0
2894,chr19_4048563_G_T_b38,ENSG00000077009,NMRK2,protein_coding,19,3933103,3942416,ENSG00000226067,LINC00623,lncRNA,1,120913184,121009291,M0,7621,2894,-0.0004661,1.371840927,-0.005146912,1.826974855,0.026947562,0.188966257,-0.014149831,No Mediation,No Mediation,No Mediation,M0.2,Other,46,19,19,2
2895,chr17_6644848_T_C_b38,ENSG00000129235,TXNDC17,protein_coding,17,6640985,6644541,ENSG00000125450,NUP85,protein_coding,17,75205659,75235758,M0,7624,2895,-0.033601803,3.005913325,-0.015031628,2.018763201,0.086727744,0.188555712,0.001027124,No Mediation,No Mediation,No Mediation,M0.1,M0.1,52,40,40,1
2896,chr5_133306919_T_C_b38,ENSG00000164402,SEPTIN8,protein_coding,5,132750819,132807241,ENSG00000203472,,lncRNA,16,75475896,75495407,M0,7626,2896,0.000877502,0.311764763,0.000495116,0.112068646,0.033152666,-0.184395217,-0.063995376,No Mediation,No Mediation,No Mediation,M0.2,M0.2,67,32,32,1
2897,chr17_57373857_G_C_b38,ENSG00000121057,AKAP1,protein_coding,17,57085092,57121346,ENSG00000236390,,lncRNA,1,201673105,201674144,M0,7627,2897,0.006472271,0.54998179,-0.000101721,0.017691954,-0.104303433,0.212355312,0.144235346,No Mediation,No Mediation,No Mediation,M3,M3,49,35,35,4
2898,chr7_30163611_G_A_b38,ENSG00000180354,MTURN,protein_coding,7,30134986,30162762,ENSG00000127561,SYNGR3,protein_coding,16,1989660,1994275,M0,7633,2898,0.174856394,3.417778352,-0.002361751,0.59710798,-0.09722729,0.176334515,0.050546778,No Mediation,No Mediation,No Mediation,M0.1,M0.1,47,41,41,4
2899,chr6_25931567_A_G_b38,ENSG00000197061,H4C3,protein_coding,6,26103933,26104337,ENSG00000257781,,lncRNA,12,115755262,115799936,M0,7640,2899,-0.000615438,0.601597297,-2.28E-06,0.004427208,-0.08901594,-0.35681705,-0.004678915,No Mediation,No Mediation,No Mediation,M0.2,M0.2,42,14,14,1
2900,chr19_7713902_T_G_b38,ENSG00000090659,CD209,protein_coding,19,7739993,7747564,ENSG00000183706,OR4N4,protein_coding,15,22094522,22095472,M0,7647,2900,-0.010424161,1.812487445,-2.74E-05,0.008607914,0.028221413,0.184805225,0.009048928,No Mediation,No Mediation,No Mediation,M0.2,M0.2,64,25,25,0
2901,chr5_150068515_G_A_b38,ENSG00000132912,DCTN4,protein_coding,5,150708440,150759095,ENSG00000260642,,lncRNA,15,32359538,32367784,M0,7649,2901,0.017812391,1.551426981,-6.66E-05,0.009892658,0.042842273,0.26991635,-0.037779625,No Mediation,No Mediation,Trans Mediated,M0.2,M0.2,61,39,39,4
2902,chr7_156908271_T_C_b38,ENSG00000146909,NOM1,protein_coding,7,156949712,156973176,ENSG00000253184,,lncRNA,8,16604255,16664879,M0,7650,2902,0.001039422,0.275320584,-5.66E-06,0.00378024,0.111404927,0.287848787,0.094763391,No Mediation,No Mediation,No Mediation,M3,M0.2,48,20,20,3
2903,chr2_241196287_G_A_b38,ENSG00000146205,ANO7,protein_coding,2,241188509,241225377,ENSG00000261404,PSMD7-DT,lncRNA,16,73943078,74296762,M3,7652,2903,0.000837375,0.1414565,0.000161223,0.016228257,0.190106567,-0.178911337,-0.017155572,No Mediation,No Mediation,No Mediation,M3,M3,43,25,25,0
2904,chr6_73784185_C_G_b38,ENSG00000164430,CGAS,protein_coding,6,73413515,73452297,ENSG00000230040,LINC00364,lncRNA,13,67326177,67379994,M0,7653,2904,-0.046322154,3.258483138,-4.72E-06,0.009746621,-0.032564798,0.183375199,-0.015494998,No Mediation,No Mediation,No Mediation,M0.2,M0.2,51,22,22,3
2905,chr2_96936468_T_TG_b38,ENSG00000135940,COX5B,protein_coding,2,97646062,97648383,ENSG00000261206,LINC00561,lncRNA,13,75932395,75935132,M0,7655,2905,1.138620267,27.12331467,7.94947291035611e-06,0.00133971,-0.054343497,0.233197073,-0.037987928,No Mediation,No Mediation,No Mediation,M0.2,M0.2,54,20,20,1
2906,chr22_18148441_C_T_b38,ENSG00000184979,USP18,protein_coding,22,18150170,18177397,ENSG00000244461,LINC02077,lncRNA,3,78038705,78046794,M0,7660,2906,-0.001703611,1.576360278,-0.000130639,0.019383914,0.020973867,0.345538429,-0.029695811,No Mediation,No Mediation,No Mediation,M0.2,M0.2,43,38,38,5
2907,chr6_158481558_A_G_b38,ENSG00000224478,,lncRNA,6,159094093,159116254,ENSG00000237670,LINC01866,lncRNA,2,16970034,16974497,M3,7662,2907,-0.000474461,0.250308417,-8.45E-06,0.006869947,-0.126006073,0.410807279,-0.027959868,No Mediation,No Mediation,No Mediation,M3,M0.2,57,30,30,4
2908,chr9_32198268_G_A_b38,ENSG00000197579,TOPORS,protein_coding,9,32540544,32552586,ENSG00000253887,,lncRNA,8,9255349,9260295,M0,7663,2908,-0.003297679,1.61212674,-1.88E-05,0.010348218,0.102577936,0.271386309,0.013864522,No Mediation,No Mediation,No Mediation,M3,M3,54,20,20,3
2909,chr9_127009019_G_A_b38,ENSG00000136859,ANGPTL2,protein_coding,9,127087348,127122635,ENSG00000256484,,lncRNA,12,131366660,131371059,M0,7664,2909,-0.000715507,0.304766876,4.44390657925559e-05,0.004907958,0.025054847,0.331289873,0.003421052,No Mediation,No Mediation,No Mediation,M0.2,M0.2,54,28,28,1
2910,chr15_62604410_A_G_b38,ENSG00000276651,,lncRNA,15,63500737,63503083,ENSG00000244405,ETV5,protein_coding,3,186046314,186110318,M3,7665,2910,-0.000571674,0.063953695,-0.004716131,0.310718316,0.158910922,0.17875027,0.035573282,No Mediation,No Mediation,No Mediation,M0.1,M0.1,56,30,30,1
2911,chr2_219222632_A_C_b38,ENSG00000243910,TUBA4B,protein_coding,2,219253243,219272197,ENSG00000165457,FOLR2,protein_coding,11,72216601,72221950,M0,7668,2911,-0.001683718,0.182751581,-0.097296353,14.24184579,0.11909678,0.21528783,0.025294492,No Mediation,No Mediation,No Mediation,M3,M3,52,35,35,2
2912,chr4_55895494_A_G_b38,ENSG00000090989,EXOC1,protein_coding,4,55853648,55905086,ENSG00000198054,DSCR8,lncRNA,21,38121451,38156511,M0,7669,2912,-0.029537742,2.012208005,9.6214488906692e-05,0.068734432,0.07594165,0.2312295,0.030731463,No Mediation,No Mediation,No Mediation,M0.2,M0.2,44,26,26,4
2913,chr12_14783224_T_C_b38,ENSG00000182993,C12orf60,protein_coding,12,14803666,14906586,ENSG00000203865,ATP1A1-AS1,lncRNA,1,116378437,116421301,M0,7675,2913,0.000412717,0.121270752,-0.00016864,0.404649673,-0.09034782,0.176037878,0.059500201,No Mediation,No Mediation,No Mediation,M0.1,M3,44,38,38,5
2914,chr19_41473578_T_C_b38,ENSG00000177191,B3GNT8,protein_coding,19,41425359,41428730,ENSG00000232656,IDI2-AS1,lncRNA,10,1022630,1045425,M0,7677,2914,-0.292433105,30.43440703,-0.014524359,4.196841096,-0.024061508,0.202472341,-0.10883989,No Mediation,No Mediation,No Mediation,M0.2,Other,56,41,41,2
2915,chr6_138476454_C_T_b38,ENSG00000164442,CITED2,protein_coding,6,139371807,139374648,ENSG00000257458,,lncRNA,12,98931682,98976656,M0,7681,2915,0.376294795,13.90592938,-3.43E-05,0.004122523,0.103174812,0.281334032,-0.01263246,No Mediation,No Mediation,No Mediation,M3,M3,49,23,23,1
2916,chr9_131111461_G_A_b38,ENSG00000126878,AIF1L,protein_coding,9,131096476,131123152,ENSG00000272977,,lncRNA,22,25476218,25479971,M0,7682,2916,-0.001777042,0.640187274,-0.002013343,0.344971934,-0.048190276,0.187411218,-0.057055156,No Mediation,No Mediation,No Mediation,M3,Other,53,35,35,2
2917,chr15_64241368_T_C_b38,ENSG00000157734,SNX22,protein_coding,15,64151715,64157481,ENSG00000230962,LINC01520,lncRNA,10,85449592,85492001,M0,7683,2917,0.073416366,2.327643549,-8.11E-06,0.002526795,0.047245314,0.235550484,-0.005619485,No Mediation,No Mediation,No Mediation,M0.2,M0.2,53,18,18,1
2918,chr19_40400430_T_C_b38,ENSG00000105221,AKT2,protein_coding,19,40230317,40285536,ENSG00000111843,TMEM14C,protein_coding,6,10722915,10731129,M0,7685,2918,0.10938149,2.800109477,0.098162926,5.99733771,-0.041866698,0.274549087,-0.007735814,No Mediation,No Mediation,No Mediation,M0.2,M0.2,49,35,35,2
2919,chr10_77957365_A_C_b38,ENSG00000138326,RPS24,protein_coding,10,78033760,78056813,ENSG00000240888,,lncRNA,3,143313067,143314429,M0,7689,2919,0.600015435,33.63093303,-7.33E-05,0.045307887,0.007591738,0.183770422,-0.008851313,No Mediation,No Mediation,No Mediation,M0.2,M0.2,57,31,31,3
2920,chr12_26367980_G_C_b38,ENSG00000123096,SSPN,protein_coding,12,26121991,26299290,ENSG00000196748,CLPSL2,protein_coding,6,35776594,35779552,M0,7693,2920,6.76650192532967e-05,0.094595753,0.000129685,0.053320431,0.101229356,-0.180781673,-0.084977447,No Mediation,No Mediation,No Mediation,M3,M0.2,40,22,22,1
2921,chr1_55242937_T_TCCAGGAGTTAGGATTTGGGGTTTTC_b38,ENSG00000162402,USP24,protein_coding,1,55066359,55215364,ENSG00000230647,,lncRNA,17,14374139,14421472,M0,7694,2921,-0.015896239,1.079699004,-0.000162948,0.033822093,0.029747455,-0.20765666,-0.030761041,No Mediation,No Mediation,No Mediation,M0.2,M3,53,26,26,3
2922,chr5_134936365_T_C_b38,ENSG00000132570,PCBD2,protein_coding,5,134905120,135007959,ENSG00000137700,SLC37A4,protein_coding,11,119024114,119030906,M3,7696,2922,0.000940875,0.124995784,-0.00825941,0.721110449,0.154081686,-0.172390374,-0.032296344,No Mediation,No Mediation,No Mediation,M3,M3,56,35,35,1
2923,chr4_38801507_C_G_b38,ENSG00000174125,TLR1,protein_coding,4,38790677,38856817,ENSG00000235699,CXorf51B,protein_coding,X,146809771,146810411,M0,7698,2923,-0.253152402,13.34886967,1.10979458820939e-05,0.003189608,-0.071370824,0.442161103,-0.007633908,No Mediation,No Mediation,No Mediation,M0.2,M0.2,38,25,25,7
2924,chr16_22809167_G_A_b38,ENSG00000260751,,lncRNA,16,23568673,23569696,ENSG00000248969,,lncRNA,5,35678484,35827018,M0,7699,2924,0.001055848,0.292376986,-0.001310271,0.13265908,-0.100992842,0.277888024,-0.141183814,No Mediation,No Mediation,No Mediation,M0.2,M0.2,37,34,34,7
2925,chr20_62115475_C_T_b38,ENSG00000149657,LSM14B,protein_coding,20,62122461,62135374,ENSG00000111843,TMEM14C,protein_coding,6,10722915,10731129,M0,7700,2925,0.005075379,2.564839375,0.098162926,5.99733771,0.113730363,-0.269817733,-0.00760019,No Mediation,No Mediation,No Mediation,M3,M3,54,36,36,2
2926,chr7_129605788_G_GA_b38,ENSG00000106459,NRF1,protein_coding,7,129611720,129757082,ENSG00000254557,,lncRNA,8,69713390,69719722,M0,7702,2926,-0.010655552,1.131477644,2.39561279213105e-05,0.012897032,-0.097810711,-0.200225139,0.027663804,No Mediation,No Mediation,No Mediation,M3,M3,50,22,22,2
2927,chr13_73395890_A_C_b38,ENSG00000279463,,lncRNA,13,73844683,73845130,ENSG00000251055,,lncRNA,4,63128311,63143881,M0,7710,2927,0.000282651,0.483871743,-2.58E-06,0.003052098,0.054535883,0.291259799,0.028379447,No Mediation,No Mediation,No Mediation,M0.2,M0.2,51,31,31,4
2928,chr19_34889500_C_T_b38,ENSG00000089356,FXYD3,protein_coding,19,35115823,35124324,ENSG00000182534,MXRA7,protein_coding,17,76672551,76711004,M0,7711,2928,-0.000398988,0.137605576,0.027284194,4.160468528,0.08821665,0.174458357,-0.070943745,No Mediation,No Mediation,Cis Mediated,M0.2,M0.2,48,28,28,2
2929,chr19_17782242_G_A_b38,ENSG00000130522,JUND,protein_coding,19,18279694,18281622,ENSG00000228734,,lncRNA,1,63249920,63251771,M0,7715,2929,26.85497611,213.0741219,-4.52E-05,0.006191931,-0.027758246,0.345767274,0.015355304,No Mediation,No Mediation,No Mediation,M0.2,M0.2,47,20,20,2
2930,chr6_36376581_T_G_b38,ENSG00000096060,FKBP5,protein_coding,6,35573585,35728583,ENSG00000182379,NXPH4,protein_coding,12,57216794,57226449,M0,7718,2930,-0.025486525,52.0686947,-0.001744688,0.473259911,0.07592871,0.204380258,0.013427645,No Mediation,No Mediation,No Mediation,M0.2,M0.2,72,33,33,0
2931,chr11_115190753_T_C_b38,ENSG00000076043,REXO2,protein_coding,11,114439435,114450279,ENSG00000258532,LINC02305,lncRNA,14,83903437,83915377,M0,7719,2931,0.310734985,5.800877413,0.000134491,0.008693281,0.042504624,0.329034409,0.024841118,No Mediation,No Mediation,No Mediation,M0.2,M0.2,47,17,17,3
2932,chr7_5491151_C_T_b38,ENSG00000155034,FBXL18,protein_coding,7,5431335,5513809,ENSG00000122122,SASH3,protein_coding,X,129779949,129795201,M3,7720,2932,-0.00498092,0.321786514,-0.576086696,31.74219032,0.130988686,0.194253928,0.048242477,No Mediation,No Mediation,No Mediation,M3,M3,50,32,32,2
2933,chr6_27101529_T_C_b38,ENSG00000124635,H2BC11,protein_coding,6,27125897,27132795,ENSG00000253174,,lncRNA,8,41540381,41545044,M0,7723,2933,0.187174088,11.9355134,9.57605504631082e-06,0.042891313,0.025706348,0.433217596,0.022865522,No Mediation,No Mediation,No Mediation,M0.2,M0.2,53,22,22,2
2934,chr12_28982247_T_C_b38,ENSG00000275278,,lncRNA,12,29156448,29156991,ENSG00000233754,,lncRNA,21,42781074,42782229,M0,7734,2934,-0.007606097,0.937568766,6.9989427731289e-06,0.027288672,0.123077315,-0.183246264,-0.042253611,No Mediation,No Mediation,No Mediation,M3,M3,43,21,21,1
2935,chr2_61891379_G_A_b38,ENSG00000115484,CCT4,protein_coding,2,61868085,61888671,ENSG00000234396,,lncRNA,1,2212523,2220738,M0,7747,2935,0.013015534,7.922013811,1.05861478846576e-05,0.0823627,0.119540688,0.213203514,-0.050747469,No Mediation,No Mediation,No Mediation,M3,M3,53,36,36,1
2936,chr1_53733252_C_T_b38,ENSG00000211452,DIO1,protein_coding,1,53891239,53911086,ENSG00000259448,LINC02352,lncRNA,15,31215622,31224445,M0,7751,2936,-0.000275692,0.28952476,0.056310131,1.34624332,-0.000264174,-0.218086337,-0.027842708,No Mediation,No Mediation,No Mediation,M0.2,M0.2,41,29,29,3
2937,chr2_174556031_T_TAAGTA_b38,ENSG00000260868,LINC01960,lncRNA,2,174025280,174027163,ENSG00000170632,ARMC10,protein_coding,7,103074881,103099759,M3,7755,2937,-0.001473898,0.118287465,-0.0016035,1.26149962,0.151336619,-0.350477854,-0.105565481,No Mediation,No Mediation,No Mediation,M3,M3,47,30,30,2
2938,chr2_75094508_A_G_b38,ENSG00000115275,MOGS,protein_coding,2,74461057,74465410,ENSG00000276077,,lncRNA,21,7430659,7469007,M0,7764,2938,-0.03668569,3.498040159,-6.98E-06,0.00392098,0.094730768,0.173488404,0.10637629,No Mediation,No Mediation,Undirected,M0.2,M0.2,48,33,33,4
2939,chr1_40631275_T_C_b38,ENSG00000117016,RIMS3,protein_coding,1,40620680,40665682,ENSG00000270972,,lncRNA,11,333192,333688,M0,7767,2939,-0.002131824,0.271422468,0.434626283,34.88901979,-0.087929548,0.177408702,-0.068229906,No Mediation,No Mediation,No Mediation,M3,M3,50,33,33,2
2940,chr12_49005079_G_A_b38,ENSG00000257913,DDN-AS1,lncRNA,12,48998367,49019235,ENSG00000166734,GOLM2,protein_coding,15,44288719,44415758,M3,7776,2940,0.000526097,0.117595265,-0.001773966,2.017314834,0.149404002,0.173321227,0.038687121,No Mediation,No Mediation,No Mediation,M0.1,M0.1,55,26,26,1
2941,chrX_9207769_C_T_b38,ENSG00000101850,GPR143,protein_coding,X,9725346,9786297,ENSG00000227028,SLC8A1-AS1,lncRNA,2,39786453,40255209,M4,7777,2941,-0.000999554,0.10697122,-0.000418235,0.086695324,0.292760903,0.393188138,0.489116566,No Mediation,No Mediation,Undirected,M4,M4,50,25,25,0
2942,chr16_18554055_A_G_b38,ENSG00000103528,SYT17,protein_coding,16,19167971,19268332,ENSG00000172366,MCRIP2,protein_coding,16,636817,648474,M0,7778,2942,0.000539555,0.120397415,-0.01010536,1.762244952,-0.111706591,0.248832182,0.096685879,No Mediation,No Mediation,Cis Mediated,M4,M3,56,35,35,1
2943,chr2_26753704_A_G_b38,ENSG00000213699,SLC35F6,protein_coding,2,26764284,26781231,ENSG00000185290,NUPR2,protein_coding,7,56114681,56116417,M0,7781,2943,-0.03435057,2.075556079,0.001464308,0.422724621,-0.073578266,-0.183423846,-0.019910665,No Mediation,No Mediation,No Mediation,M3,M0.2,53,32,32,1
2944,chr9_4860618_C_T_b38,ENSG00000120158,RCL1,protein_coding,9,4792944,4885917,ENSG00000184428,TOP1MT,protein_coding,8,143304384,143359979,M0,7783,2944,0.04054438,1.082901181,0.006999735,3.075825754,0.114903641,0.362390942,0.096735317,No Mediation,No Mediation,No Mediation,M0.2,M0.2,54,24,24,3
2945,chr2_168190062_G_A_b38,ENSG00000198648,STK39,protein_coding,2,167954020,168247595,ENSG00000170632,ARMC10,protein_coding,7,103074881,103099759,M0,7784,2945,-0.010527123,1.15248961,-0.0016035,1.26149962,-0.086476129,0.174762225,0.049767739,No Mediation,No Mediation,No Mediation,M3,M3,53,35,35,3
2946,chr15_55498637_A_G_b38,ENSG00000256061,DNAAF4,protein_coding,15,55410525,55508234,ENSG00000272824,,lncRNA,1,148358245,148358686,M3,7785,2946,0.00024778,0.102864324,0.001487469,0.669939347,0.19865357,0.210790444,-0.041312545,Undirected,Undirected,Undirected,M3,M3,49,22,22,0
2947,chr2_171168935_G_A_b38,ENSG00000115806,GORASP2,protein_coding,2,170928464,170967130,ENSG00000250417,LINC02116,lncRNA,5,1855970,1856568,M0,7786,2947,0.004216166,1.513285391,2.30925743533508e-05,0.007357773,0.108170301,0.181931039,0.019715641,No Mediation,No Mediation,No Mediation,M3,M3,61,29,29,2
2948,chr7_100498041_C_T_b38,ENSG00000146834,MEPCE,protein_coding,7,100428790,100434118,ENSG00000144134,RABL2A,protein_coding,2,113627229,113643396,M0,7787,2948,0.059046559,4.544887496,0.001565937,0.494453482,-0.086472381,0.180891506,-0.109484301,No Mediation,No Mediation,No Mediation,M3,M3,51,37,37,4
2949,chr17_35562685_C_T_b38,ENSG00000277089,CCL3-AS1,lncRNA,17,36072866,36090134,ENSG00000154553,PDLIM3,protein_coding,4,185500660,185535507,M0,7789,2949,0.141964522,10.46689004,0.003374258,6.134961737,0.079082635,0.182126795,0.09771629,No Mediation,No Mediation,Cis Mediated,M0.2,M0.2,68,24,24,0
2950,chr13_48083697_G_A_b38,ENSG00000260388,LINC00562,lncRNA,13,47930153,47932622,ENSG00000233290,,lncRNA,1,82212413,82848205,M3,7790,2950,0.000206594,0.07242555,1.59473615111037e-05,0.001939419,0.175975689,0.314604496,-0.004675549,No Mediation,No Mediation,No Mediation,M3,M3,52,23,23,3
2951,chr18_35737960_C_A_b38,ENSG00000141429,GALNT1,protein_coding,18,35581117,35711834,ENSG00000238019,,lncRNA,6,158397885,158398561,M0,7795,2951,0.027967339,2.72608029,0.000278149,0.031308481,-0.087263372,0.295702525,-0.018325087,No Mediation,No Mediation,No Mediation,M3,M3,51,18,18,2
2952,chr17_81680685_A_C_b38,ENSG00000185359,HGS,protein_coding,17,81683326,81703138,ENSG00000226497,LINC02549,lncRNA,6,68226972,68329899,M0,7805,2952,-0.06032345,6.823579707,1.20366888095033e-05,0.001969125,0.110177991,0.267908424,0.002477621,No Mediation,No Mediation,No Mediation,M3,M0.2,57,27,27,3
2953,chr1_227898121_C_T_b38,ENSG00000162910,MRPL55,protein_coding,1,228106679,228109312,ENSG00000175398,OR10P1,protein_coding,12,55636892,55637833,M0,7807,2953,0.143978009,11.77430208,-0.001010425,0.105937578,-0.087989482,0.349946202,-0.079653711,No Mediation,No Mediation,No Mediation,M0.2,M0.2,40,27,27,3
2954,chr19_17521012_G_A_b38,ENSG00000130313,PGLS,protein_coding,19,17511636,17521288,ENSG00000249269,,lncRNA,4,188757678,188779343,M0,7809,2954,0.351832796,37.15673209,-2.09E-06,0.006367367,-0.082503722,0.254895512,-0.042671078,No Mediation,No Mediation,No Mediation,M0.2,M0.2,63,25,25,0
2955,chr4_67662742_C_T_b38,ENSG00000248049,UBA6-AS1,lncRNA,4,67701209,68080952,ENSG00000228358,LINC02263,lncRNA,4,117360596,117412712,M0,7819,2955,-0.00335681,0.250214373,-2.76E-06,0.00523096,-0.117929453,0.173904737,0.055523537,Cis Mediated,Cis Mediated,Undirected,M4,M3,58,26,26,2
2956,chr8_129808559_C_A_b38,ENSG00000254317,,lncRNA,8,129832301,129844504,ENSG00000254222,,lncRNA,8,61264624,61292039,M1.2,7825,2956,-0.018684807,1.577527204,-2.98E-05,0.005985526,0.100326844,0.287150254,0.150767057,Undirected,Undirected,Undirected,M4,M4,54,42,42,3
2957,chr16_79476626_G_A_b38,ENSG00000178573,MAF,protein_coding,16,79585843,79600737,ENSG00000224087,POTEF-AS1,lncRNA,2,130107684,130109741,M0,7827,2957,0.004878278,3.200085634,6.59029117675563e-05,0.006234301,0.039648186,0.181238621,0.021199986,No Mediation,No Mediation,No Mediation,M0.2,Other,48,32,32,8
2958,chr10_7385715_C_T_b38,ENSG00000065675,PRKCQ,protein_coding,10,6427143,6580301,ENSG00000172772,OR10W1,protein_coding,11,58266792,58268260,M0,7828,2958,0.024784682,2.627455196,0.0001084,0.007051943,0.006721015,-0.187511637,0.006167437,No Mediation,No Mediation,No Mediation,M0.2,M0.2,46,26,26,3
2959,chrX_40595340_G_A_b38,ENSG00000185753,CXorf38,protein_coding,X,40626921,40647561,ENSG00000250576,,lncRNA,5,10775058,10777062,M0,7833,2959,-0.017394436,1.939206337,2.72553807646084e-05,0.004038511,0.102012939,0.505765477,0.057503385,No Mediation,No Mediation,No Mediation,M0.2,M0.2,37,18,18,4
2960,chr14_68857206_C_T_b38,ENSG00000072110,ACTN1,protein_coding,14,68874128,68979440,ENSG00000269986,,lncRNA,16,63066526,63066990,M0,7834,2960,0.297156509,33.82293444,7.31016754608431e-05,0.013343446,-0.014610655,-0.22115289,0.008689975,No Mediation,No Mediation,No Mediation,M0.2,M0.2,62,24,24,2
2961,chr12_122240252_G_A_b38,ENSG00000139719,VPS33A,protein_coding,12,122229564,122266494,ENSG00000254753,,lncRNA,8,13844101,13849109,M0,7836,2961,-0.017224671,0.803045234,3.91533151752077e-05,0.004936781,0.097463385,0.220459062,0.00031866,No Mediation,No Mediation,No Mediation,M3,M3,44,21,21,5
2962,chr19_50687861_G_A_b38,ENSG00000131409,LRRC4B,protein_coding,19,50516892,50568435,ENSG00000254687,,lncRNA,8,53177571,53242683,M0,7837,2962,0.002271814,0.206491033,-5.11E-05,0.01545164,-0.013901338,0.281227771,-0.028174213,No Mediation,No Mediation,No Mediation,M0.2,M0.2,58,23,23,2
2963,chr7_87822859_A_C_b38,ENSG00000085563,ABCB1,protein_coding,7,87503017,87713323,ENSG00000244278,,lncRNA,21,25055535,25069906,M3,7840,2963,-0.010446015,0.657017673,1.4854318926236e-05,0.004432336,0.142253453,0.344890721,0.03758219,No Mediation,No Mediation,No Mediation,M3,M3,57,23,23,3
2964,chr1_23969042_A_G_b38,ENSG00000117308,GALE,protein_coding,1,23795599,23800781,ENSG00000259819,,lncRNA,16,8369864,8376276,M0,7848,2964,-0.018238789,0.798924035,8.28775648800281e-05,0.005770945,0.05458598,0.325728234,0.027612727,No Mediation,No Mediation,No Mediation,M0.2,M0.2,41,28,28,3
2965,chr18_12941460_A_C_b38,ENSG00000177150,FAM210A,protein_coding,18,13663347,13726663,ENSG00000254297,,lncRNA,5,167296234,167303372,M0,7849,2965,-0.007790897,2.433458084,9.26687337501355e-05,0.006732325,-0.020001101,0.310965816,0.018487249,No Mediation,No Mediation,No Mediation,M0.2,M0.2,51,30,30,4
2966,chr18_49985257_C_T_b38,ENSG00000141642,ELAC1,protein_coding,18,50967991,50988121,ENSG00000235086,FNDC1-IT1,lncRNA,6,159240786,159243329,M0,7851,2966,-0.000599517,0.196861856,8.29459327653592e-06,0.012936653,-0.095021353,0.199008328,0.041362653,No Mediation,No Mediation,No Mediation,M0.2,M3,41,18,18,3
2967,chr4_5720582_C_A_b38,ENSG00000072840,EVC,protein_coding,4,5711201,5814305,ENSG00000272575,LINC02098,lncRNA,11,128208749,128241441,M3,7858,2967,0.000556633,0.107458915,-1.89E-06,0.002981058,0.128106873,-0.231631874,-0.018008035,No Mediation,No Mediation,No Mediation,M3,M3,49,16,16,0
2968,chr20_33700110_T_C_b38,ENSG00000131061,ZNF341,protein_coding,20,33731657,33792269,ENSG00000170632,ARMC10,protein_coding,7,103074881,103099759,M0,7859,2968,-0.011307164,1.156116754,-0.0016035,1.26149962,0.053368097,0.199220073,0.051079123,No Mediation,No Mediation,No Mediation,M0.2,M0.2,49,39,39,2
2969,chr5_79990745_C_T_b38,ENSG00000177034,MTX3,protein_coding,5,79976716,79991262,ENSG00000271252,,lncRNA,1,95743096,95759470,M3,7860,2969,0.004169606,0.219715174,-6.84E-05,0.011116987,-0.154297324,0.188150475,-0.022427036,No Mediation,No Mediation,No Mediation,M3,M3,50,21,21,1
2970,chr4_100065506_T_C_b38,ENSG00000109270,LAMTOR3,protein_coding,4,99878336,99894428,ENSG00000260520,,lncRNA,16,71513863,71517849,M0,7864,2970,0.009302937,1.342608096,0.000121613,0.012164631,-0.040127986,0.176502613,-0.016841793,No Mediation,No Mediation,No Mediation,M0.2,M0.2,50,20,20,2
2971,chr9_52789_T_C_b38,ENSG00000227155,,lncRNA,9,452492,492248,ENSG00000230262,LINC02603,lncRNA,9,94176492,94259545,M0,7865,2971,0.001843377,0.393729785,-0.000149062,0.020590567,-0.061461873,0.303366668,-0.047585164,No Mediation,No Mediation,No Mediation,M0.2,M0.2,51,22,22,3
2972,chr12_71350513_T_A_b38,ENSG00000139291,TMEM19,protein_coding,12,71686082,71705047,ENSG00000182534,MXRA7,protein_coding,17,76672551,76711004,M3,7868,2972,-0.001715776,0.378607459,0.027284194,4.160468528,0.157260307,0.185182419,0.026718809,No Mediation,No Mediation,No Mediation,M3,M3,44,31,31,0
2973,chr17_50302465_TG_T_b38,ENSG00000015532,XYLT2,protein_coding,17,50346126,50363138,ENSG00000244953,,lncRNA,11,43943787,43947206,M0,7870,2973,-0.009000086,0.98905633,0.000286719,0.021445313,-0.077526988,-0.177791826,-0.006937224,No Mediation,No Mediation,No Mediation,M3,M0.2,58,39,39,1
2974,chr5_137920278_C_T_b38,ENSG00000250159,,lncRNA,5,137809780,137889394,ENSG00000171421,MRPL36,protein_coding,5,1798385,1801366,M3,7871,2974,-0.000644124,0.096425171,0.00628493,1.344264258,0.168575372,-0.182637116,-0.057606718,No Mediation,No Mediation,No Mediation,M3,M3,51,34,34,0
2975,chr10_93648021_T_C_b38,ENSG00000095464,PDE6C,protein_coding,10,93612537,93666010,ENSG00000173908,KRT28,protein_coding,17,40792196,40799959,M3,7875,2975,0.00018794,0.041565666,2.19537736239857e-05,0.014629476,0.143707745,0.17641484,0.008125855,No Mediation,No Mediation,No Mediation,M3,M3,48,17,17,0
2976,chr17_29858618_C_A_b38,ENSG00000265845,,lncRNA,17,28926275,28944749,ENSG00000227075,,lncRNA,21,21933315,21975681,M0,7877,2976,-0.002903115,0.741922425,1.72697975708429e-05,0.003165094,-0.093496917,0.302357902,-0.00985195,No Mediation,No Mediation,No Mediation,M3,M0.2,54,25,25,1
2977,chr19_13796991_C_T_b38,ENSG00000132003,ZSWIM4,protein_coding,19,13795460,13832230,ENSG00000197265,GTF2E2,protein_coding,8,30578318,30658236,M0,7879,2977,-0.008669498,0.610160305,-0.038759474,1.434574523,0.122970014,0.179759638,0.064726702,No Mediation,No Mediation,Cis Mediated,M3,M4,53,34,34,3
2978,chr19_2261022_T_A_b38,ENSG00000167476,JSRP1,protein_coding,19,2252252,2269759,ENSG00000147804,SLC39A4,protein_coding,8,144409742,144416844,M0,7883,2978,-0.028056942,3.669795111,0.012227864,0.91281229,-0.037819199,0.180041643,-0.083104087,No Mediation,Undirected,Undirected,M1.2,M0.2,55,34,34,2
2979,chr3_186231255_T_C_b38,ENSG00000090520,DNAJB11,protein_coding,3,186567403,186585800,ENSG00000181830,SLC35C1,protein_coding,11,45804072,45813016,M3,7886,2979,-0.068529881,5.829877356,-0.016394767,0.91874858,-0.132961861,-0.181875775,0.021140773,No Mediation,No Mediation,No Mediation,M3,M0.2,51,42,42,4
2980,chr4_184408550_A_G_b38,ENSG00000168556,ING2,protein_coding,4,183505058,183512429,ENSG00000233290,,lncRNA,1,82212413,82848205,M0,7888,2980,0.012051248,1.438867174,1.59473615111037e-05,0.001939419,0.093482182,0.386136336,0.020428715,No Mediation,No Mediation,No Mediation,M0.2,M0.2,51,26,26,4
2981,chr1_23821267_G_A_b38,ENSG00000185436,IFNLR1,protein_coding,1,24154168,24187959,ENSG00000229309,,lncRNA,13,81250438,81302407,M0,7890,2981,-0.001455511,0.338775124,3.51995553446885e-05,0.008152688,0.102966435,0.421496838,0.096892058,No Mediation,No Mediation,No Mediation,M0.2,M0.2,50,33,33,5
2982,chr20_44344268_G_A_b38,ENSG00000197296,FITM2,protein_coding,20,44302840,44311202,ENSG00000180305,WFDC10A,protein_coding,20,45629739,45631196,M3,7891,2982,0.000488424,0.188733934,-0.000467397,0.050385859,-0.187571195,0.25001615,-0.055648414,No Mediation,No Mediation,No Mediation,M3,M3,56,23,23,0
2983,chr2_26283247_G_A_b38,ENSG00000143994,ABHD1,protein_coding,2,27123789,27130812,ENSG00000236532,LINC01695,lncRNA,21,28116094,28228667,M0,7893,2983,0.000730968,0.190020919,-7.59E-05,0.01094831,-0.113562418,0.25894027,-0.070284952,No Mediation,No Mediation,No Mediation,M3,M0.2,44,35,35,5
2984,chr15_80047244_C_T_b38,ENSG00000172379,ARNT2,protein_coding,15,80404350,80597933,ENSG00000184428,TOP1MT,protein_coding,8,143304384,143359979,M0,7901,2984,0.000510034,0.105773458,0.006999735,3.075825754,0.120250055,0.301292501,-0.030848101,No Mediation,No Mediation,No Mediation,M0.2,M3,44,20,20,1
2985,chr11_124693659_A_G_b38,ENSG00000110013,SIAE,protein_coding,11,124633113,124695707,ENSG00000227338,,lncRNA,10,3263346,3267216,M0,7905,2985,0.017670677,1.516904306,2.94597760642576e-05,0.007215381,0.080281005,0.286829176,0.023341785,No Mediation,No Mediation,No Mediation,M3,M0.2,49,34,34,4
2986,chr7_106311391_G_GGT_b38,ENSG00000128536,CDHR3,protein_coding,7,105876796,106036432,ENSG00000248762,,lncRNA,8,95986108,95993103,M0,7906,2986,5.44461237489065e-05,0.090210761,2.81691407058676e-05,0.002173856,-0.103049688,-0.184383336,-0.010250298,No Mediation,No Mediation,No Mediation,M0.2,M0.2,44,21,21,1
2987,chr18_3653037_C_T_b38,ENSG00000266401,,lncRNA,18,3653030,3656282,ENSG00000263450,,lncRNA,18,32954075,32957998,M0,7909,2987,0.009886688,0.354901536,-5.12E-06,0.010526344,-0.091478053,0.257347111,-0.066757829,No Mediation,No Mediation,No Mediation,M3,M0.2,60,24,24,1
2988,chr19_38508131_A_G_b38,ENSG00000196218,RYR1,protein_coding,19,38433691,38587564,ENSG00000274238,,lncRNA,4,89743792,89744305,M0,7910,2988,-0.003763575,0.556310364,8.28241342774231e-05,0.011499534,0.010857466,0.209187809,-0.003999595,No Mediation,No Mediation,No Mediation,M0.2,M0.2,54,27,27,2
2989,chr2_86791329_A_G_b38,ENSG00000153563,CD8A,protein_coding,2,86784610,86808396,ENSG00000185290,NUPR2,protein_coding,7,56114681,56116417,M0,7912,2989,0.38725246,46.82602768,0.001464308,0.422724621,-0.057526092,-0.196975605,-0.019305444,No Mediation,No Mediation,No Mediation,M0.2,M0.2,57,30,30,1
2990,chr1_40777756_A_G_b38,ENSG00000066136,NFYC,protein_coding,1,40691648,40771603,ENSG00000269924,,lncRNA,8,47527397,47528148,M0,7913,2990,-0.016963717,4.779094461,-0.000987206,0.326901784,-0.098535303,0.182602214,-0.084183193,No Mediation,No Mediation,No Mediation,Other,Other,48,31,31,5
2991,chr17_3696368_C_G_b38,ENSG00000262903,,lncRNA,17,3655621,3658092,ENSG00000272977,,lncRNA,22,25476218,25479971,M3,7915,2991,0.003921484,0.322799354,-0.002013343,0.344971934,0.130166881,0.180825805,0.042469453,No Mediation,No Mediation,No Mediation,M3,M3,49,27,27,1
2992,chr1_103489757_T_C_b38,ENSG00000243480,AMY2A,protein_coding,1,103617427,103625780,ENSG00000237798,,lncRNA,2,174575227,174587726,M0,7919,2992,0.004906068,0.488290709,-0.000149348,0.259896174,-0.009235504,0.197781137,-0.016604879,No Mediation,No Mediation,No Mediation,M0.2,M0.2,48,21,21,0
2993,chr14_90928936_C_G_b38,ENSG00000100784,RPS6KA5,protein_coding,14,90847861,91060641,ENSG00000104833,TUBB4A,protein_coding,19,6494319,6502848,M0,7923,2993,0.001523168,0.194476411,-0.050249913,5.202730316,-0.098475261,0.246026502,0.015559124,No Mediation,No Mediation,No Mediation,M0.2,M3,57,20,20,4
2994,chr9_120841191_A_C_b38,ENSG00000119403,PHF19,protein_coding,9,120855651,120894896,ENSG00000111843,TMEM14C,protein_coding,6,10722915,10731129,M0,7926,2994,-0.014555203,2.044963206,0.098162926,5.99733771,0.083198241,-0.25496107,-0.044573144,No Mediation,No Mediation,No Mediation,M3,M3,58,39,39,1
2995,chr8_143566693_G_A_b38,ENSG00000187954,CYHR1,protein_coding,8,144449582,144465667,ENSG00000273338,,lncRNA,1,78004346,78004554,M0,7940,2995,0.019435991,3.423856285,-0.060077882,6.38336696,-0.013362599,0.377512798,0.054875799,No Mediation,No Mediation,No Mediation,M0.2,M0.2,60,43,43,5
2996,chr4_27488338_A_G_b38,ENSG00000109680,TBC1D19,protein_coding,4,26576437,26756223,ENSG00000250921,LINC02063,lncRNA,5,4135638,4147429,M2,7944,2996,-0.000611385,0.205830749,3.95919989332741e-06,0.003578134,0.092035255,0.286879108,0.157684302,No Mediation,No Mediation,Trans Mediated,M0.2,M0.2,52,39,39,3
2997,chrX_47072758_G_T_b38,ENSG00000102218,RP2,protein_coding,X,46837043,46882358,ENSG00000269792,,lncRNA,19,39532412,39534422,M0,7945,2997,-0.031303963,5.534776677,-8.35E-05,0.020419277,-0.043764381,0.172190399,0.066420786,No Mediation,No Mediation,No Mediation,M0.2,M0.2,54,29,29,1
2998,chr1_3900696_C_T_b38,ENSG00000236423,LINC01134,lncRNA,1,3900352,3917225,ENSG00000244349,,lncRNA,6,28986800,28988536,M0,7958,2998,-0.003209219,0.169338152,-0.004004623,0.686955981,-0.106410341,0.173295677,0.014320986,No Mediation,No Mediation,No Mediation,M3,M3,52,21,21,1
2999,chr9_6559688_G_A_b38,ENSG00000147854,UHRF2,protein_coding,9,6413151,6507054,ENSG00000248431,,lncRNA,4,162705359,162907428,M3,7959,2999,-0.011215868,0.912321812,-5.63E-06,0.026968794,-0.137380354,0.290389589,-0.002379898,No Mediation,No Mediation,No Mediation,M3,M3,51,42,42,4
3000,chr2_28391534_T_C_b38,ENSG00000243943,ZNF512,protein_coding,2,27582969,27623217,ENSG00000162441,LZIC,protein_coding,1,9922113,9943407,M0,7960,3000,-0.013369461,1.503933582,0.00672834,0.918631444,-0.059602833,0.172270483,-0.018635212,No Mediation,No Mediation,No Mediation,M0.2,M0.2,45,34,34,3
3001,chr6_169598639_A_G_b38,ENSG00000184465,WDR27,protein_coding,6,169457212,169702067,ENSG00000280580,LINC02342,lncRNA,13,68878380,68893573,M4,7962,3001,0.000431587,0.193778067,-5.64E-06,0.003841268,0.167519306,0.405591209,0.200673819,No Mediation,No Mediation,No Mediation,M4,M4,53,26,26,4
3002,chr20_46492042_G_A_b38,ENSG00000132801,ZSWIM3,protein_coding,20,45857614,45879122,ENSG00000234286,,lncRNA,7,23680195,23680786,M0,7964,3002,-0.004286975,0.557505698,-6.48E-06,0.013680885,-0.115489103,0.311806629,-0.001497288,No Mediation,No Mediation,No Mediation,M3,M3,33,24,24,6
3003,chr11_129373304_G_C_b38,ENSG00000134909,ARHGAP32,protein_coding,11,128965060,129279324,ENSG00000265749,,lncRNA,17,8365563,8381328,M3,7965,3003,-0.000140277,0.095047045,-0.000752129,0.093851778,0.13116488,0.17175845,0.018489163,No Mediation,No Mediation,No Mediation,M3,M3,49,37,37,1
3004,chr14_103220735_G_C_b38,ENSG00000256053,COA8,protein_coding,14,103562960,103607523,ENSG00000224814,,lncRNA,2,233693434,233708699,M3,7966,3004,0.026150743,0.589872737,8.22474567084738e-05,0.0196358,0.133606151,0.218902669,0.050503276,No Mediation,No Mediation,No Mediation,M3,M3,45,22,22,2
3005,chr12_57582335_A_G_b38,ENSG00000240771,ARHGEF25,protein_coding,12,57610180,57617245,ENSG00000119138,KLF9,protein_coding,9,70384604,70414657,M0,7968,3005,-0.000890843,0.24202188,0.051859884,5.786304408,-0.05819234,0.194299173,-0.071765377,No Mediation,No Mediation,No Mediation,M0.2,M0.2,60,44,44,1
3006,chr11_65336906_T_A_b38,ENSG00000133884,DPF2,protein_coding,11,65333852,65354262,ENSG00000268618,,lncRNA,19,8549506,8550139,M0,7971,3006,0.054403919,4.765623998,-0.025275247,3.119257219,0.017157457,-0.280383526,-0.031165495,No Mediation,No Mediation,No Mediation,M0.2,M0.2,65,38,38,1
3007,chr14_35331013_G_A_b38,ENSG00000100902,PSMA6,protein_coding,14,35278633,35317493,ENSG00000256287,LINC02398,lncRNA,12,20014780,20098868,M0,7972,3007,0.19828132,18.39162977,0.000478401,0.030447951,0.020024515,0.202106558,0.068794251,No Mediation,No Mediation,No Mediation,M0.2,M0.2,48,29,29,3
3008,chrX_124438382_T_C_b38,ENSG00000101972,STAG2,protein_coding,X,123960212,124422664,ENSG00000223870,,lncRNA,21,25127469,25135247,M0,7975,3008,-0.034177075,5.146229909,-3.40E-05,0.009038581,-0.024909546,0.340754169,-0.054838037,No Mediation,No Mediation,Undirected,M0.2,M3,59,34,34,1
3009,chr2_46422412_G_C_b38,ENSG00000119888,EPCAM,protein_coding,2,47345158,47387601,ENSG00000106236,NPTX2,protein_coding,7,98617285,98629869,M0,7979,3009,-0.001487986,1.148830542,0.002129681,0.177801151,-0.079451734,0.337443216,-0.032619272,No Mediation,No Mediation,No Mediation,M0.2,M0.2,48,27,27,1
3010,chr7_6295618_C_G_b38,ENSG00000106346,USP42,protein_coding,7,6104884,6161564,ENSG00000235564,,lncRNA,21,23960569,23968747,M0,7981,3010,-0.00151493,0.324677147,-2.98E-05,0.008588526,0.035612144,0.186418686,-0.022177164,No Mediation,No Mediation,No Mediation,M0.2,M3,51,22,22,3
3011,chr7_152514745_C_T_b38,ENSG00000229591,,lncRNA,7,152120001,152121717,ENSG00000178773,CPNE7,protein_coding,16,89575758,89597246,M0,7989,3011,-0.003849509,0.510180348,-0.001280859,0.229396271,-0.108924823,0.206949514,-0.070783636,No Mediation,No Mediation,No Mediation,M3,M3,51,38,38,2
3012,chr3_135906656_C_T_b38,ENSG00000073711,PPP2R3A,protein_coding,3,135965728,136147894,ENSG00000270462,,lncRNA,2,75697583,75697996,M3,7995,3012,-0.00065742,0.080000664,0.000269965,0.108014967,0.152763014,0.188976909,0.000979649,No Mediation,No Mediation,No Mediation,M3,M3,41,34,34,3
3013,chr6_106969971_C_CAA_b38,ENSG00000272398,CD24,protein_coding,6,106969831,106975627,ENSG00000267567,,lncRNA,19,32718298,32719595,M0,7996,3013,1.645178123,52.42838527,6.80062173580779e-06,0.082792562,-0.020523525,0.181368321,0.003403081,No Mediation,No Mediation,No Mediation,M0.2,M0.2,58,30,30,2
3014,chr14_97868910_G_A_b38,ENSG00000246223,LINC01550,lncRNA,14,97924637,97978124,ENSG00000226101,LINC02097,lncRNA,17,72072333,72103035,M0,7997,3014,0.003702753,0.185322536,2.9744388517266e-05,0.004835057,-0.079567263,0.339198287,-0.017793533,No Mediation,No Mediation,No Mediation,M0.2,M0.2,47,22,22,3
3015,chr2_117757355_C_T_b38,ENSG00000236255,,lncRNA,2,117833937,117841658,ENSG00000249772,,lncRNA,5,81113385,81114852,M1.2,7999,3015,-0.000688288,0.165644566,-0.000245396,0.068886401,-0.113210783,0.186611574,0.12278796,No Mediation,No Mediation,No Mediation,M3,M3,38,29,29,4
3016,chr16_641819_G_A_b38,ENSG00000172366,MCRIP2,protein_coding,16,636817,648474,ENSG00000251033,,lncRNA,5,26711551,26749997,M0,8000,3016,-0.01010536,1.762244952,-1.95E-05,0.002671256,-0.069627831,0.346268903,0.047449232,No Mediation,No Mediation,Trans Mediated,M0.2,M0.2,63,33,33,1
3017,chr16_20433702_T_C_b38,ENSG00000183549,ACSM5,protein_coding,16,20409534,20441336,ENSG00000260780,,lncRNA,15,24206784,24225854,M0,8001,3017,0.000914684,0.312858696,2.28471259269194e-05,0.004641191,-0.058376053,0.209537316,-0.001009795,No Mediation,No Mediation,No Mediation,M0.2,M0.2,54,16,16,0
3018,chr15_100332360_G_C_b38,ENSG00000259583,,lncRNA,15,100892343,100919391,ENSG00000261656,BEAN1-AS1,lncRNA,16,66469796,66481230,M0,8003,3018,-0.000757607,0.06692219,0.00484378,1.124873472,-0.09094293,0.187479403,-0.072794918,No Mediation,No Mediation,Cis Mediated,M0.2,M0.2,59,34,34,1
3019,chr17_49362261_ACGCGCGCGCC_A_b38,ENSG00000198740,ZNF652,protein_coding,17,49289206,49362473,ENSG00000257517,,lncRNA,12,114768674,114771851,M0,8008,3019,-0.012674976,1.479963053,0.000379558,0.04912622,-0.04666613,0.328759892,-0.016611784,No Mediation,No Mediation,No Mediation,M0.2,M0.2,32,30,30,5
3020,chr1_147403356_C_T_b38,ENSG00000278811,LINC00624,lncRNA,1,147258885,147517875,ENSG00000248388,,lncRNA,4,176669621,176706145,M0,8009,3020,0.00058638,0.046574925,6.24198052732868e-06,0.01087561,0.079105537,0.170242356,-0.000730153,No Mediation,No Mediation,No Mediation,M0.2,M3,52,24,24,2
3021,chr4_78805351_C_T_b38,ENSG00000138756,BMP2K,protein_coding,4,78776342,78916365,ENSG00000274226,TBC1D3H,protein_coding,17,36377531,36388423,M0,8017,3021,0.179559627,2.659865828,1.10945430144545e-05,0.006686084,-0.108124672,0.262449655,-0.054585162,No Mediation,No Mediation,No Mediation,M3,M3,44,31,31,2
3022,chr1_206547224_C_T_b38,ENSG00000143486,EIF2D,protein_coding,1,206571292,206612465,ENSG00000102837,OLFM4,protein_coding,13,53028813,53052057,M0,8018,3022,0.10657035,2.251538649,10.44316327,202.5114208,0.086907197,0.189257767,-0.019271988,Undirected,Undirected,Undirected,M0.2,M0.2,49,25,25,2
3023,chr9_34643430_C_A_b38,ENSG00000221829,FANCG,protein_coding,9,35073835,35079942,ENSG00000250626,,lncRNA,4,188777672,188818522,M0,8019,3023,-0.017048981,0.819540099,2.81477024296944e-05,0.004845338,-0.073785413,0.27832578,0.008072505,No Mediation,No Mediation,No Mediation,M3,M3,36,23,23,2
3024,chr1_46778726_C_G_b38,ENSG00000162367,TAL1,protein_coding,1,47216290,47232220,ENSG00000231740,,lncRNA,1,58838448,58851254,M0,8031,3024,0.51341307,7.046018416,3.91222274140715e-05,0.023949752,0.029988051,0.404289666,0.062529024,No Mediation,No Mediation,No Mediation,M0.2,M0.2,41,26,26,4
3025,chr20_57719257_A_G_b38,ENSG00000101146,RAE1,protein_coding,20,57351223,57379211,ENSG00000215231,LINC01020,lncRNA,5,4987789,5070314,M0,8036,3025,-0.031885505,1.594489723,-1.46E-05,0.003853476,-0.099976921,0.205068565,-0.074359254,No Mediation,No Mediation,Trans Mediated,M0.2,M0.2,50,22,22,4
3026,chr22_26368672_T_C_b38,ENSG00000100095,SEZ6L,protein_coding,22,26169462,26383597,ENSG00000181481,RNF135,protein_coding,17,30970984,30999911,M0,8043,3026,0.001006683,0.104455029,-0.100508448,5.510196474,0.072413486,0.173354341,-0.064769112,No Mediation,No Mediation,No Mediation,M0.2,M3,51,40,40,2
3027,chr22_30495277_C_A_b38,ENSG00000133488,SEC14L4,protein_coding,22,30488902,30505711,ENSG00000272824,,lncRNA,1,148358245,148358686,M0,8045,3027,0.029248355,0.686884228,0.001487469,0.669939347,-0.019659801,0.340016435,-0.005922527,No Mediation,No Mediation,No Mediation,M0.2,M0.2,40,23,23,2
3028,chr5_126840059_G_C_b38,ENSG00000173926,MARCHF3,protein_coding,5,126867714,127030558,ENSG00000277203,F8A1,protein_coding,X,154886349,154888061,M0,8047,3028,0.02186804,1.101921651,0.022948378,7.39050323,-0.057716403,0.207489563,0.007742987,No Mediation,No Mediation,No Mediation,M0.2,M0.2,59,31,31,1
3029,chr3_15060658_G_A_b38,ENSG00000131375,CAPN7,protein_coding,3,15206152,15252916,ENSG00000235285,SMIM2-IT1,lncRNA,13,44146470,44158222,M1.2,8050,3029,0.007229152,0.583666501,-0.000111708,0.02111012,0.037432142,0.212935372,0.103499655,Undirected,Undirected,Undirected,M1.2,M0.2,58,38,38,3
3030,chr17_40092101_C_T_b38,ENSG00000126368,NR1D1,protein_coding,17,40092793,40100589,ENSG00000224515,,lncRNA,1,161556290,161557078,M0,8054,3030,0.021597151,3.834158924,-0.005904541,1.005389255,0.033017628,0.20238863,0.00754445,No Mediation,No Mediation,No Mediation,M0.2,M0.2,46,21,21,1
3031,chr1_65243265_G_GC_b38,ENSG00000184588,PDE4B,protein_coding,1,65792514,66374579,ENSG00000257458,,lncRNA,12,98931682,98976656,M0,8055,3031,0.038499257,6.13987736,-3.43E-05,0.004122523,0.015841263,0.27531018,0.004362773,No Mediation,No Mediation,No Mediation,M0.2,M0.2,48,22,22,4
3032,chr7_103884455_T_A_b38,ENSG00000161048,NAPEPLD,protein_coding,7,103099776,103149560,ENSG00000257407,,lncRNA,12,115582061,115639734,M0,8056,3032,0.004089206,0.220740329,8.35638288595304e-05,0.010029884,0.116041894,0.199672996,0.029253749,No Mediation,No Mediation,No Mediation,M3,M3,42,27,27,2
3033,chr4_121786965_T_A_b38,ENSG00000138686,BBS7,protein_coding,4,121824329,121870487,ENSG00000230437,,lncRNA,20,12305613,12316485,M0,8057,3033,0.003487745,0.247185599,-8.16E-06,0.001911426,0.067005604,0.210766968,0.083324823,No Mediation,No Mediation,No Mediation,M0.2,M0.2,53,24,24,1
3034,chr9_88921159_C_A_b38,ENSG00000213694,S1PR3,protein_coding,9,88990863,89005155,ENSG00000274808,TBC1D3B,protein_coding,17,36165683,36176636,M3,8058,3034,-0.003634211,0.668946627,-0.000253583,0.302990201,-0.142359639,0.338691526,-0.072415824,No Mediation,No Mediation,No Mediation,M3,M3,59,17,17,1
3035,chr3_194396225_C_T_b38,ENSG00000178732,GP5,protein_coding,3,194394821,194398354,ENSG00000166920,C15orf48,protein_coding,15,45430579,45448761,M0,8060,3035,0.002166276,0.239646405,0.03986056,9.723470801,0.117261641,0.273775102,0.048291002,No Mediation,No Mediation,No Mediation,M3,M3,55,35,35,2
3036,chr12_49359436_G_T_b38,ENSG00000066117,SMARCD1,protein_coding,12,50085200,50100707,ENSG00000225836,,lncRNA,10,89646289,89650822,M0,8061,3036,-0.0131318,2.233772684,-1.17E-05,0.008291208,0.105336315,0.409000329,0.050960901,No Mediation,No Mediation,No Mediation,M0.2,M0.2,60,25,25,5
3037,chr22_40851934_A_G_b38,ENSG00000196588,MRTFA,protein_coding,22,40410281,40636719,ENSG00000134061,CD180,protein_coding,5,67179613,67196799,M0,8065,3037,-0.029250164,4.851057501,-0.025215566,1.991774448,-0.113914335,0.194350747,0.046014933,No Mediation,No Mediation,Undirected,M3,M3,53,40,40,3
3038,chr8_28205822_A_G_b38,ENSG00000147421,HMBOX1,protein_coding,8,28890395,29064764,ENSG00000111843,TMEM14C,protein_coding,6,10722915,10731129,M0,8070,3038,-0.000183115,0.371810481,0.098162926,5.99733771,0.078830189,0.20431505,0.072655528,No Mediation,No Mediation,No Mediation,M0.2,M0.2,51,38,38,0
3039,chr16_31160302_A_G_b38,ENSG00000260304,,lncRNA,16,31182511,31183285,ENSG00000232353,,lncRNA,3,192029880,192036557,M0,8074,3039,-0.004024915,0.700482282,8.61602529325797e-06,0.001762735,-0.113694235,0.329746282,0.007738787,No Mediation,No Mediation,No Mediation,M3,M3,55,25,25,4
3040,chr19_45414987_G_A_b38,ENSG00000117877,POLR1G,protein_coding,19,45406644,45410737,ENSG00000253949,,lncRNA,8,108581062,108626767,M0,8075,3040,-0.001238507,0.159098101,-3.60E-05,0.00550446,-0.114820557,0.320647194,-0.009095665,No Mediation,No Mediation,No Mediation,M3,M3,54,15,15,2
3041,chr10_25027826_G_C_b38,ENSG00000151023,ENKUR,protein_coding,10,24981979,25062279,ENSG00000164307,ERAP1,protein_coding,5,96760810,96808100,M0,8082,3041,0.004386041,0.277891206,-0.042880241,2.380250112,0.115047341,0.177904103,0.055665651,No Mediation,No Mediation,No Mediation,M3,M3,45,32,32,1
3042,chr4_165277994_C_T_b38,ENSG00000109466,KLHL2,protein_coding,4,165207561,165323156,ENSG00000249842,,lncRNA,5,85446974,85447758,M0,8085,3042,-0.130722294,14.36273009,-3.09E-06,0.001540995,0.095476927,0.327183804,0.108571966,Trans Mediated,Trans Mediated,Trans Mediated,M3,M3,55,31,31,5
3043,chr1_158650857_G_A_b38,ENSG00000163554,SPTA1,protein_coding,1,158610704,158686715,ENSG00000229400,CNIH3-AS1,lncRNA,1,224717504,224730662,M0,8089,3043,0.157726661,6.201981835,1.70215397715697e-05,0.008949836,-0.033478308,0.186713815,-0.006371469,No Mediation,No Mediation,No Mediation,M0.2,M0.2,41,24,24,2
3044,chr12_16348717_C_T_b38,ENSG00000008394,MGST1,protein_coding,12,16347142,16609259,ENSG00000170632,ARMC10,protein_coding,7,103074881,103099759,M3,8095,3044,-0.021945536,2.243321314,-0.0016035,1.26149962,-0.165331073,0.401805165,-0.071553751,No Mediation,No Mediation,No Mediation,M3,M3,54,34,34,2
3045,chr12_71830516_G_A_b38,ENSG00000133858,ZFC3H1,protein_coding,12,71609599,71667725,ENSG00000270017,,lncRNA,15,94855586,94857011,M1.2,8097,3045,-0.020064941,1.792776203,-0.000105163,0.013357961,0.141576595,0.282772249,0.301573835,No Mediation,No Mediation,No Mediation,M1.2,M4,70,28,28,3
3046,chr20_18970317_T_A_b38,ENSG00000232838,PET117,protein_coding,20,18137863,18143169,ENSG00000264232,LINC01916,lncRNA,18,65423958,65448167,M0,8098,3046,0.001057489,0.45285893,-8.18E-06,0.004957661,-0.110287852,0.2200215,-0.034896362,No Mediation,No Mediation,No Mediation,M3,M0.2,45,19,19,1
3047,chr3_148805574_A_G_b38,ENSG00000169908,TM4SF1,protein_coding,3,149369022,149377692,ENSG00000253489,,lncRNA,8,111179193,111179872,M0,8102,3047,-0.011363897,2.813749623,-2.71E-05,0.006683781,-0.011785639,0.481133674,-0.007207704,Trans Mediated,Trans Mediated,Trans Mediated,M0.2,M0.2,61,32,32,0
3048,chr15_42380047_C_T_b38,ENSG00000180979,LRRC57,protein_coding,15,42537820,42548802,ENSG00000164256,PRDM9,protein_coding,5,23443586,23528093,M0,8110,3048,-0.011326154,0.939228849,1.52623177580527e-05,0.004071494,0.073734967,0.225024993,0.001246361,No Mediation,No Mediation,No Mediation,M0.2,M0.2,46,27,27,3
3049,chrX_40736145_T_G_b38,ENSG00000234636,MED14OS,lncRNA,X,40735400,40738701,ENSG00000248752,,lncRNA,5,125333369,126368755,M0,8111,3049,-0.001027997,0.379821324,6.81741559009112e-07,0.00276756,0.117568893,0.385792486,0.030069128,No Mediation,No Mediation,No Mediation,M3,M3,51,18,18,1
3050,chr2_239542150_C_T_b38,ENSG00000172428,COPS9,protein_coding,2,240126563,240136807,ENSG00000258850,,lncRNA,14,42412573,42528888,M0,8120,3050,-0.006635305,2.202946281,-2.17E-08,0.001536705,-0.063064377,0.237077971,-0.018206995,No Mediation,No Mediation,No Mediation,M0.2,M0.2,56,24,24,1
3051,chr17_28634447_A_C_b38,ENSG00000087095,NLK,protein_coding,17,28041737,28196381,ENSG00000227090,,lncRNA,21,24886676,24902756,M0,8123,3051,0.006007262,0.622611724,3.40903286643825e-05,0.009125463,0.10947685,0.364980801,0.007992105,No Mediation,No Mediation,No Mediation,M3,M3,47,28,28,3
3052,chr2_101404230_C_T_b38,ENSG00000272902,TBC1D8-AS1,lncRNA,2,101151660,101155412,ENSG00000272824,,lncRNA,1,148358245,148358686,M0,8125,3052,0.000484772,0.07965285,0.001487469,0.669939347,0.120362138,0.390683645,0.046377214,No Mediation,No Mediation,No Mediation,M3,M3,50,25,25,1
3053,chr4_2019905_T_C_b38,ENSG00000163950,SLBP,protein_coding,4,1692731,1712344,ENSG00000205944,DAZ2,protein_coding,Y,23219434,23291356,M0,8127,3053,-0.058172019,5.488140504,8.63679027323956e-07,0.00049923,0.109432716,0.316219925,0.020004809,No Mediation,No Mediation,No Mediation,M0.2,M0.2,42,29,29,5
3054,chr1_146663835_A_T_b38,ENSG00000168509,HJV,protein_coding,1,146017468,146036746,ENSG00000227769,,lncRNA,2,215004782,215085488,M0,8128,3054,0.013017993,1.064481088,4.06470914708395e-05,0.023933024,-0.040745758,0.209020068,0.001075589,No Mediation,No Mediation,Trans Mediated,M0.2,M0.2,54,37,37,5
3055,chr6_32058480_T_C_b38,ENSG00000204371,EHMT2,protein_coding,6,31879759,31897687,ENSG00000204632,HLA-G,protein_coding,6,29826967,29831125,M0,8132,3055,-0.006999784,1.60880945,0.175903993,11.68566131,-0.121752231,0.245573178,-0.112646406,No Mediation,No Mediation,No Mediation,M0.2,M0.2,49,29,29,2
3056,chr6_30571044_C_T_b38,ENSG00000204564,C6orf136,protein_coding,6,30647039,30653210,ENSG00000215117,LINC00588,lncRNA,8,57279543,57286968,M0,8133,3056,-0.007703336,1.134825151,1.60123899234608e-05,0.002723874,0.102998131,0.199723291,-0.007873863,No Mediation,No Mediation,No Mediation,M3,M0.2,48,27,27,1
3057,chr11_76713249_A_G_b38,ENSG00000074201,CLNS1A,protein_coding,11,77514936,77637794,ENSG00000138795,LEF1,protein_coding,4,108047545,108168956,M1.2,8137,3057,0.020006536,1.294936009,0.038036933,11.04780372,0.139876817,0.355661994,0.138118577,No Mediation,No Mediation,No Mediation,M0.2,M0.2,60,27,27,4
3058,chr22_50484961_G_C_b38,ENSG00000100253,MIOX,protein_coding,22,50486784,50490648,ENSG00000072571,HMMR,protein_coding,5,163460203,163491941,M3,8145,3058,-1.61E-06,0.082839144,-0.000913243,0.700298237,-0.148050543,0.194324539,-0.050975451,No Mediation,No Mediation,No Mediation,M3,M3,47,32,32,4
3059,chr1_2348378_C_T_b38,ENSG00000272420,,lncRNA,1,2363061,2363628,ENSG00000143198,MGST3,protein_coding,1,165631213,165661796,M3,8148,3059,0.003131073,0.251168286,0.038972932,1.796138776,-0.188927358,0.173720285,-0.071492502,No Mediation,No Mediation,No Mediation,M3,M3,52,28,28,2
3060,chr19_47394412_TGTC_T_b38,ENSG00000130749,ZC3H4,protein_coding,19,47064187,47113776,ENSG00000186925,KRTAP19-6,protein_coding,21,30541535,30541864,M0,8151,3060,-0.002231811,1.411422231,5.68593773754292e-05,0.014566661,0.096783192,0.333396476,0.018032808,No Mediation,No Mediation,No Mediation,M3,M3,53,23,23,2
3061,chr10_110859970_CA_C_b38,ENSG00000270589,,lncRNA,10,110910596,110912244,ENSG00000170632,ARMC10,protein_coding,7,103074881,103099759,M0,8152,3061,0.000979673,0.59988636,-0.0016035,1.26149962,0.091671309,0.200547246,0.035556427,No Mediation,No Mediation,No Mediation,M3,M0.1,51,34,34,3
3062,chr10_133025107_T_C_b38,ENSG00000151651,ADAM8,protein_coding,10,133262420,133276868,ENSG00000136819,C9orf78,protein_coding,9,129827290,129835863,M0,8155,3062,4.098724419,102.6674952,2.98199559,26.31715445,-0.065181585,-0.170282542,-0.064430941,No Mediation,No Mediation,No Mediation,M0.2,M0.2,46,29,29,1
3063,chr12_122783634_C_T_b38,ENSG00000130783,CCDC62,protein_coding,12,122774526,122827528,ENSG00000237524,TEX51,protein_coding,2,126898864,126902097,M0,8157,3063,-0.00173123,0.111996555,-0.000167691,0.026437829,-0.117059889,0.290962888,-0.007191182,No Mediation,No Mediation,Trans Mediated,M3,M3,48,34,34,4
3064,chr19_18912717_C_T_b38,ENSG00000105669,COPE,protein_coding,19,18899514,18919387,ENSG00000106077,ABHD11,protein_coding,7,73736094,73738852,M0,8162,3064,0.43197619,23.33020671,-0.030355192,2.470288281,0.085386037,-0.194732624,0.070423448,No Mediation,No Mediation,No Mediation,M0.2,M0.2,50,37,37,2
3065,chr11_2796609_G_A_b38,ENSG00000229671,LINC01150,lncRNA,11,1897015,1908656,ENSG00000228505,,lncRNA,2,14616428,14630192,M0,8165,3065,0.000801091,0.510483297,2.35787168233387e-06,0.003416501,-0.083226035,0.313463631,-0.042814412,No Mediation,No Mediation,No Mediation,M0.2,M0.2,52,18,18,0
3066,chr9_89311209_A_G_b38,ENSG00000123975,CKS2,protein_coding,9,89311195,89316703,ENSG00000237365,,lncRNA,1,7008376,7014279,M0,8166,3066,0.222216621,11.22255907,-2.87E-06,0.012089704,0.03687712,0.300847999,0.063005049,No Mediation,No Mediation,No Mediation,M0.2,M0.2,55,19,19,1
3067,chr5_177373391_C_T_b38,ENSG00000169220,RGS14,protein_coding,5,177357924,177372596,ENSG00000259180,,lncRNA,15,55680385,55681463,M3,8167,3067,-0.087716749,34.38145844,3.9196750174651e-05,0.006984062,-0.149131461,0.21018723,-0.046547857,No Mediation,No Mediation,No Mediation,M3,Other,59,34,34,5
3068,chr3_169557953_G_C_b38,ENSG00000184378,ACTRT3,protein_coding,3,169766921,169769561,ENSG00000248254,,lncRNA,4,47556731,47560259,M0,8171,3068,-0.009802878,1.137583815,-0.001230558,0.168069213,0.016200761,0.195284406,0.006527003,No Mediation,No Mediation,No Mediation,M0.2,M0.2,47,35,35,4
3069,chr17_43444968_C_G_b38,ENSG00000188825,LINC00910,lncRNA,17,43338741,43389199,ENSG00000186886,OR5D3P,protein_coding,11,55723776,55729621,M0,8173,3069,4.34610186450517e-05,0.228216578,-1.05E-05,0.00382179,-0.035007943,0.25261232,-0.06290617,Cis Mediated,Cis Mediated,Cis Mediated,M1.2,M0.2,57,25,25,3
3070,chr16_2879431_C_T_b38,ENSG00000172382,PRSS27,protein_coding,16,2712419,2720551,ENSG00000232590,,lncRNA,9,73573615,73579498,M3,8174,3070,-0.003973923,1.071470741,1.2593369698532e-05,0.00351935,0.266025501,0.346287963,0.055620724,No Mediation,No Mediation,No Mediation,M3,M3,51,37,37,3
3071,chr21_15221432_C_T_b38,ENSG00000180530,NRIP1,protein_coding,21,14961235,15065936,ENSG00000179091,CYC1,protein_coding,8,144095039,144097525,M0,8184,3071,0.000787489,0.427165623,-0.032228147,11.19262005,0.064076842,0.175599661,0.030216316,No Mediation,No Mediation,No Mediation,M0.2,M0.2,58,42,42,2
3072,chr18_649759_T_C_b38,ENSG00000176912,TYMSOS,lncRNA,18,630886,658340,ENSG00000234147,,lncRNA,6,140575812,140898448,M0,8188,3072,0.001298311,0.248952486,-0.004442077,0.528153391,0.122975653,0.174958383,0.004839711,No Mediation,No Mediation,No Mediation,M3,M3,49,21,21,1
3073,chr20_22284848_C_T_b38,ENSG00000275457,,lncRNA,20,21302731,21303704,ENSG00000227364,,lncRNA,2,2729908,2730957,M0,8189,3073,-0.000921144,0.441690725,3.02748788889498e-05,0.005282653,-0.119118667,0.28626971,0.003533943,No Mediation,No Mediation,Trans Mediated,M3,M3,39,20,20,4
3074,chr1_110889415_C_T_b38,ENSG00000232811,,lncRNA,1,110943467,110952848,ENSG00000272518,,lncRNA,8,79956465,79957381,M0,8195,3074,-0.003193476,0.385175384,-0.000602504,0.267031837,0.106048249,0.180588344,0.049468327,No Mediation,No Mediation,No Mediation,M3,M0.2,50,34,34,1
3075,chr11_113792122_A_G_b38,ENSG00000048028,USP28,protein_coding,11,113797874,113875570,ENSG00000283740,TAF11L11,protein_coding,5,17604177,17605377,M0,8201,3075,-0.012910016,1.096504133,0.000289722,0.028363767,-0.023544848,0.234683403,0.004105689,Cis Mediated,Undirected,Undirected,M0.2,M0.2,46,23,23,3
3076,chr11_47989817_A_G_b38,ENSG00000149187,CELF1,protein_coding,11,47465933,47565569,ENSG00000253121,,lncRNA,8,63024372,63025294,M0,8202,3076,-0.119318472,4.446279565,-0.000988832,0.06360029,0.057734443,0.227875936,-0.027335336,No Mediation,No Mediation,No Mediation,M0.2,M0.2,42,33,33,5
3077,chr12_120116998_C_T_b38,ENSG00000277283,,lncRNA,12,120116907,120119000,ENSG00000180712,LINC02363,lncRNA,4,184334292,184353977,M3,8206,3077,0.000690581,0.398460843,-0.002900927,0.505050649,-0.162306403,-0.217502394,0.05565517,No Mediation,No Mediation,No Mediation,M3,M3,46,31,31,3
3078,chr15_83822214_C_T_b38,ENSG00000136383,ALPK3,protein_coding,15,84817356,84873479,ENSG00000228772,,lncRNA,6,22589137,22593833,M0,8218,3078,-0.008005291,0.848681069,5.17424650446791e-06,0.002141685,-0.023225874,0.340514063,0.043463068,No Mediation,No Mediation,No Mediation,M0.2,M0.2,53,26,26,5
3079,chr9_124641656_C_T_b38,ENSG00000224020,MIR181A2HG,lncRNA,9,124658467,124698631,ENSG00000214353,VAC14-AS1,lncRNA,16,70755035,70773251,M3,8224,3079,-0.001813999,0.323493694,-0.000419809,0.08165632,-0.127962325,0.170409468,-0.063550255,No Mediation,No Mediation,No Mediation,M3,M1.1,55,36,36,1
3080,chr15_80948905_TGAA_T_b38,ENSG00000103888,CEMIP,protein_coding,15,80779343,80951776,ENSG00000249722,,lncRNA,5,174329612,174330503,M0,8229,3080,-9.91E-05,0.899697662,3.7980672632601e-05,0.006277025,0.004725962,0.289005935,-0.019698969,No Mediation,No Mediation,No Mediation,M0.2,M0.2,61,29,29,0
3081,chr17_29030188_G_C_b38,ENSG00000109083,IFT20,protein_coding,17,28328325,28335489,ENSG00000234286,,lncRNA,7,23680195,23680786,M0,8232,3081,-0.026452317,4.448553056,-6.48E-06,0.013680885,0.05417237,0.326267272,0.007774096,No Mediation,Trans Mediated,Trans Mediated,M0.2,M0.2,44,29,29,7
3082,chr20_41988004_C_T_b38,ENSG00000124181,PLCG1,protein_coding,20,41136960,41196801,ENSG00000105486,LIG1,protein_coding,19,48115445,48170603,M0,8236,3082,0.001481123,4.088223687,-0.014534834,1.67356902,-0.074686598,0.171346927,0.100135392,No Mediation,No Mediation,No Mediation,M0.2,M0.2,57,36,36,2
3083,chr1_228211076_G_A_b38,ENSG00000162913,OBSCN-AS1,lncRNA,1,228203503,228213664,ENSG00000175463,TBC1D10C,protein_coding,11,67403915,67410089,M3,8238,3083,0.000849848,0.115230581,1.711407646,56.53954347,0.176251129,0.183160826,0.008288154,No Mediation,No Mediation,No Mediation,M3,M3,68,36,36,0
3084,chr7_11263213_C_G_b38,ENSG00000106443,PHF14,protein_coding,7,10973336,11169623,ENSG00000228939,AKT3-IT1,lncRNA,1,243793205,243794400,M0,8239,3084,-0.000791529,0.41077245,0.000304634,0.086242505,-0.098108099,0.182925416,-0.04948789,No Mediation,No Mediation,No Mediation,M3,M3,49,34,34,2
3085,chr11_65036320_G_C_b38,ENSG00000168061,SAC3D1,protein_coding,11,65040901,65044828,ENSG00000185290,NUPR2,protein_coding,7,56114681,56116417,M3,8244,3085,-0.009295033,0.903943002,0.001464308,0.422724621,-0.140226515,0.239437983,0.022453174,No Mediation,No Mediation,No Mediation,M3,M3,50,31,31,2
3086,chr10_103885967_A_G_b38,ENSG00000260461,,lncRNA,10,103877374,103879761,ENSG00000158201,ABHD3,protein_coding,18,21650901,21704780,M3,8245,3086,0.001914575,0.552099241,-0.080788273,6.352650651,-0.128378056,0.172936682,0.00351179,No Mediation,No Mediation,No Mediation,M3,M3,55,35,35,3
3087,chr1_30728493_G_A_b38,ENSG00000186056,MATN1-AS1,lncRNA,1,30718504,30726827,ENSG00000137267,TUBB2A,protein_coding,6,3153497,3157544,M3,8250,3087,0.00384541,0.504482323,0.725591691,12.0861568,-0.131996121,-0.19700032,0.000481034,No Mediation,No Mediation,No Mediation,M3,M3,46,25,25,1
3088,chr10_35206079_T_C_b38,ENSG00000269952,,lncRNA,10,35210416,35210750,ENSG00000175567,UCP2,protein_coding,11,73974672,73982843,M0,8262,3088,-0.031271866,2.160710919,6.038818348,82.33691548,-0.090848389,-0.186972317,0.029989113,No Mediation,No Mediation,No Mediation,M0.2,M0.2,61,35,35,1
3089,chr17_58743985_A_G_b38,ENSG00000176160,HSF5,protein_coding,17,58420167,58488408,ENSG00000253583,,lncRNA,8,63586000,63589408,M0,8266,3089,0.000471534,0.085018403,6.79844108002448e-06,0.002304392,-0.059963904,0.299073932,-0.017659418,No Mediation,No Mediation,No Mediation,M0.2,M0.2,28,18,18,5
3090,chr22_23406724_T_C_b38,ENSG00000187792,ZNF70,protein_coding,22,23738682,23751112,ENSG00000261126,RBFADN,lncRNA,18,80046900,80095482,M0,8270,3090,0.000789455,0.123406304,0.000407013,0.030909781,0.051233767,-0.1832128,0.093246814,No Mediation,No Mediation,No Mediation,M3,M3,49,36,36,3
3091,chr11_67615718_C_T_b38,ENSG00000175505,CLCF1,protein_coding,11,67364168,67374177,ENSG00000224184,MIR3681HG,lncRNA,2,11833926,12702913,M4,8273,3091,-0.002770711,1.043794782,-1.82E-05,0.026863695,-0.124646339,0.18927734,-0.10472339,Undirected,Undirected,Undirected,M4,M3,57,29,29,0
3092,chr1_26759071_T_C_b38,ENSG00000117713,ARID1A,protein_coding,1,26693236,26782104,ENSG00000230645,LINC01818,lncRNA,2,150169474,150356460,M0,8275,3092,-0.049901503,2.523537919,2.95660505980438e-05,0.011199529,-0.106859389,0.229077157,-0.032886618,No Mediation,No Mediation,No Mediation,M3,M0.2,48,19,19,3
3093,chr5_134054931_A_G_b38,ENSG00000181904,C5orf24,protein_coding,5,134845680,134859735,ENSG00000278599,TBC1D3E,protein_coding,17,38127951,38138868,M0,8278,3093,0.006001,0.413950897,0.000874188,0.613163138,0.074518871,0.261283592,0.021919406,No Mediation,No Mediation,No Mediation,M0.2,M0.2,37,28,28,4
3094,chr22_20604924_C_T_b38,ENSG00000234409,CCDC188,protein_coding,22,20148416,20151055,ENSG00000260235,,lncRNA,15,75624793,75625690,M3,8283,3094,-0.000793573,0.103893043,-0.000120568,0.084372967,0.167489696,0.376408012,0.058519215,No Mediation,No Mediation,No Mediation,M3,M3,55,19,19,0
3095,chr2_111313932_C_T_b38,ENSG00000153094,BCL2L11,protein_coding,2,111119378,111168445,ENSG00000254383,,lncRNA,8,40900016,40901854,M0,8284,3095,0.005508793,2.993040713,2.86412018096001e-05,0.005418154,0.059363308,0.303430405,0.069944021,No Mediation,No Mediation,No Mediation,M0.2,M0.2,52,23,23,2
3096,chr2_73224999_AG_A_b38,ENSG00000135632,SMYD5,protein_coding,2,73214222,73227221,ENSG00000257115,OR11H12,protein_coding,14,18601117,18602097,M0,8286,3096,0.002320599,1.055833335,-5.43E-05,0.005659002,-0.058633798,0.233017932,-0.073840167,Undirected,Undirected,Undirected,M0.2,M3,62,25,25,2
3097,chr1_164523524_G_A_b38,ENSG00000269887,,lncRNA,1,164680085,164680799,ENSG00000122824,NUDT10,protein_coding,X,51332231,51337525,M0,8287,3097,0.088370576,1.27278573,-0.000689404,0.173620151,-0.078346946,0.173843219,-0.031396152,No Mediation,No Mediation,No Mediation,M0.2,M0.2,48,24,24,3
3098,chr18_22125142_A_G_b38,ENSG00000264188,,lncRNA,18,21661787,21662395,ENSG00000111843,TMEM14C,protein_coding,6,10722915,10731129,M0,8289,3098,0.000819778,0.353553387,0.098162926,5.99733771,-0.090834899,0.386268044,-0.069797469,No Mediation,No Mediation,No Mediation,M0.2,M0.2,47,32,32,0
3099,chr20_33775731_G_T_b38,ENSG00000101444,AHCY,protein_coding,20,34280268,34311802,ENSG00000255426,,lncRNA,11,45733994,45735766,M0,8291,3099,0.031902432,5.167411673,2.58776437992459e-05,0.014282953,0.011365552,0.191360796,0.001912162,No Mediation,No Mediation,No Mediation,M0.2,M0.2,45,32,32,3
3100,chr12_52413806_C_T_b38,ENSG00000170477,KRT4,protein_coding,12,52806549,52814116,ENSG00000142185,TRPM2,protein_coding,21,44350163,44443081,M0,8293,3100,0.057913738,13.63251983,-0.155287748,7.82337293,-0.036823106,0.187191529,-0.039376705,No Mediation,No Mediation,No Mediation,M0.2,M0.2,48,37,37,5
3101,chr15_85119140_A_G_b38,ENSG00000073417,PDE8A,protein_coding,15,84980440,85139145,ENSG00000184428,TOP1MT,protein_coding,8,143304384,143359979,M0,8294,3101,-0.011512617,0.84474259,0.006999735,3.075825754,-0.048560443,0.432841241,-0.056790967,No Mediation,No Mediation,No Mediation,M0.2,M0.2,49,23,23,5
3102,chr8_39425328_C_T_b38,ENSG00000176907,TCIM,protein_coding,8,40153482,40155310,ENSG00000256306,,lncRNA,12,13526854,13547582,M0,8309,3102,-0.004269448,0.854978654,-0.000105064,0.011086071,-0.001328615,0.383986025,-0.016887587,No Mediation,No Mediation,No Mediation,M0.2,M0.2,56,30,30,2
3103,chr2_201230407_C_T_b38,ENSG00000003402,CFLAR,protein_coding,2,201116154,201176687,ENSG00000261129,,lncRNA,4,144505900,144509001,M0,8312,3103,-0.146261411,13.05497013,7.65435992841741e-05,0.00669869,0.01428994,0.238574561,0.008302019,No Mediation,No Mediation,No Mediation,M0.2,M0.2,59,42,42,2
3104,chr20_45008333_G_A_b38,ENSG00000149634,SPATA25,protein_coding,20,45886491,45887622,ENSG00000228108,SPTBN1-AS1,lncRNA,2,54516048,54540697,M3,8315,3104,-0.001702774,0.235778931,8.90182102283241e-05,0.014481117,-0.161689378,0.188341243,-0.097722771,No Mediation,No Mediation,No Mediation,M3,M3,44,22,22,1
3105,chr11_61192521_C_T_b38,ENSG00000167987,VPS37C,protein_coding,11,61130257,61161615,ENSG00000274736,CCL23,protein_coding,17,36013056,36017972,M0,8323,3105,-0.012042465,3.177102922,-0.017761395,7.72274511,-0.061164709,0.218045084,-0.013187838,No Mediation,No Mediation,No Mediation,M0.2,M0.2,55,23,23,2
3106,chr11_62841205_C_T_b38,ENSG00000185475,TMEM179B,protein_coding,11,62787402,62790400,ENSG00000278599,TBC1D3E,protein_coding,17,38127951,38138868,M3,8326,3106,-0.016824956,8.961271894,0.000874188,0.613163138,0.179872625,-0.273876332,-0.09430741,No Mediation,No Mediation,No Mediation,M3,M3,46,31,31,2
3107,chrX_46563132_T_C_b38,ENSG00000251192,ZNF674,protein_coding,X,46497725,46545457,ENSG00000219200,RNASEK,protein_coding,17,7012417,7014532,M0,8332,3107,0.000305651,0.213431365,19.92475067,137.5648626,0.104359809,0.178299649,0.075602796,No Mediation,No Mediation,No Mediation,M3,M3,56,30,30,2
3108,chr1_33305638_G_A_b38,ENSG00000134686,PHC2,protein_coding,1,33323623,33431095,ENSG00000272218,,lncRNA,4,186892552,186892983,M0,8337,3108,10.68807276,143.234837,6.69207338589005e-05,0.011250916,-0.026305762,0.394071342,-0.021708874,No Mediation,No Mediation,No Mediation,M0.2,M0.2,42,23,23,2
3109,chrX_70618445_A_G_b38,ENSG00000120509,PDZD11,protein_coding,X,70286595,70290514,ENSG00000224204,PHEX-AS1,lncRNA,X,22162733,22172983,M0,8338,3109,-0.010781157,1.604533597,-3.79E-05,0.010203256,-0.120916149,0.175630946,-0.013342296,No Mediation,No Mediation,No Mediation,M0.2,Other,64,39,39,0
3110,chr19_13653155_C_G_b38,ENSG00000171223,JUNB,protein_coding,19,12791486,12793315,ENSG00000283098,,lncRNA,14,36320753,36656163,M0,8344,3110,187.2219955,463.1671515,0.000130024,0.014301489,0.020114178,0.170921454,0.005014465,No Mediation,No Mediation,No Mediation,M0.2,M0.2,56,24,24,0
3111,chr1_9272788_C_T_b38,ENSG00000171608,PIK3CD,protein_coding,1,9651731,9729114,ENSG00000231334,EML6-AS1,lncRNA,2,54747103,54750473,M0,8345,3111,-0.567931992,26.33682873,5.36204826776564e-05,0.01559244,-0.00435314,0.218917379,0.049595109,Cis Mediated,Cis Mediated,Undirected,M0.2,M0.2,55,29,29,2
3112,chr3_137700070_C_T_b38,ENSG00000181322,NME9,protein_coding,3,138261437,138329886,ENSG00000170632,ARMC10,protein_coding,7,103074881,103099759,M0,8346,3112,0.000713422,0.069047483,-0.0016035,1.26149962,-0.080155189,0.224929915,0.008512048,No Mediation,No Mediation,No Mediation,M0.2,M0.2,55,33,33,2
3113,chr2_74442388_G_T_b38,ENSG00000114993,RTKN,protein_coding,2,74425835,74442422,ENSG00000276077,,lncRNA,21,7430659,7469007,M3,8349,3113,-0.003252329,0.285943771,-6.98E-06,0.00392098,0.145985827,0.176533735,0.07356198,No Mediation,No Mediation,No Mediation,M3,Other,53,38,38,3
3114,chr1_39092138_C_T_b38,ENSG00000131236,CAP1,protein_coding,1,40040233,40072649,ENSG00000243296,,lncRNA,3,99500347,99505508,M0,8353,3114,44.21355839,216.0812232,-6.65E-05,0.009859925,0.032673131,0.198088298,0.015430992,No Mediation,No Mediation,No Mediation,M0.2,M0.2,55,17,17,1
3115,chr2_204806897_A_T_b38,ENSG00000163599,CTLA4,protein_coding,2,203867771,203873965,ENSG00000253968,,lncRNA,5,173383941,173451591,M0,8354,3115,0.037348209,1.452412982,-7.11E-05,0.009677052,0.110125265,0.248257271,0.073456161,No Mediation,No Mediation,Undirected,M4,M0.2,65,32,32,1
3116,chr17_36606902_C_A_b38,ENSG00000275720,,lncRNA,17,36634069,36634698,ENSG00000158604,TMED4,protein_coding,7,44577894,44582287,M3,8356,3116,-0.000300604,0.239060325,-0.027973127,2.754317397,-0.189811014,-0.17987733,0.071835994,No Mediation,No Mediation,No Mediation,M3,M3,47,29,29,2
3117,chr14_88075040_T_C_b38,ENSG00000258867,LINC01146,lncRNA,14,88024519,88098025,ENSG00000138760,SCARB2,protein_coding,4,76158737,76234536,M1.2,8363,3117,0.000267663,0.421667451,-0.034279105,2.21550075,0.109007978,0.174027122,0.259395603,No Mediation,No Mediation,Cis Mediated,M3,M0.1,47,34,34,5
3118,chr16_29173025_G_A_b38,ENSG00000275441,,lncRNA,16,28553709,28554140,ENSG00000163995,ABLIM2,protein_coding,4,7965310,8158832,M3,8364,3118,-0.002461235,1.89078757,0.002072273,0.684502102,0.132513197,0.198002098,0.079920789,No Mediation,No Mediation,No Mediation,M3,M3,49,33,33,2
3119,chr5_138526411_C_T_b38,ENSG00000112984,KIF20A,protein_coding,5,138178719,138187723,ENSG00000231496,,lncRNA,10,10960148,10970816,M0,8372,3119,-0.010717892,0.609921513,2.39768173049748e-05,0.004630234,-0.050108128,0.385407393,-0.07325369,No Mediation,No Mediation,No Mediation,M0.2,M3,52,26,26,1
3120,chr1_145523331_C_T_b38,ENSG00000143127,ITGA10,protein_coding,1,145891208,145910111,ENSG00000197409,H3C4,protein_coding,6,26196784,26197286,M0,8378,3120,2.64321884779788e-05,0.483973029,0.454142639,43.02496364,-0.044536591,0.208363783,-0.077715898,No Mediation,No Mediation,No Mediation,M0.2,M0.2,48,30,30,7
3121,chrX_154776309_C_T_b38,ENSG00000071553,ATP6AP1,protein_coding,X,154428633,154436516,ENSG00000186970,KRTAP15-1,protein_coding,21,30440275,30440945,M0,8379,3121,-0.009230733,16.90900262,0.000115752,0.014032513,-0.031416602,0.279193327,0.044245297,No Mediation,No Mediation,No Mediation,M0.2,M0.2,51,33,33,3
3122,chr9_34121031_G_A_b38,ENSG00000164976,MYORG,protein_coding,9,34366666,34376898,ENSG00000231892,,lncRNA,7,3196626,3198256,M0,8383,3122,-0.001253048,0.10063808,0.0001293,0.028455406,0.03450932,0.250235773,0.009064079,No Mediation,No Mediation,No Mediation,M0.2,M0.2,52,29,29,3
3123,chr3_50311255_CG_C_b38,ENSG00000114737,CISH,protein_coding,3,50606489,50611774,ENSG00000275923,,lncRNA,20,55504906,55505215,M0,8384,3123,-0.169586125,17.55153353,0.000168991,0.010849707,-0.085661982,-0.229317416,0.025115517,No Mediation,No Mediation,No Mediation,M0.2,M0.2,53,24,24,7
3124,chr7_88424056_GTCTGGACACTGCTCTTTGAA_G_b38,ENSG00000008277,ADAM22,protein_coding,7,87934143,88202889,ENSG00000227161,,lncRNA,15,59644298,59672302,M0,8387,3124,-0.000475678,0.074237665,0.000187278,0.018438174,0.105083729,0.294283217,0.068234507,No Mediation,Cis Mediated,Cis Mediated,M3,M0.2,62,30,30,2
3125,chr6_36760634_A_T_b38,ENSG00000137193,PIM1,protein_coding,6,37170152,37175428,ENSG00000142185,TRPM2,protein_coding,21,44350163,44443081,M0,8388,3125,5.723014684,80.06022023,-0.155287748,7.82337293,-0.053321814,-0.181932041,0.058929594,No Mediation,No Mediation,No Mediation,M0.2,M0.2,47,29,29,2
3126,chr4_151737037_G_A_b38,ENSG00000251455,,lncRNA,4,151674483,151677893,ENSG00000258532,LINC02305,lncRNA,14,83903437,83915377,M3,8393,3126,0.000260541,0.085195597,0.000134491,0.008693281,-0.16363048,0.464440052,-0.109036251,No Mediation,No Mediation,No Mediation,M0.2,M0.2,48,19,19,2
3127,chr19_36194851_A_G_b38,ENSG00000196357,ZNF565,protein_coding,19,36182276,36246257,ENSG00000185262,UBALD2,protein_coding,17,76265348,76271298,M3,8395,3127,-0.00038786,0.143189679,6.105405802,82.9877417,-0.136455453,0.181721294,-0.04621057,No Mediation,No Mediation,No Mediation,M3,M3,58,34,34,0
3128,chr2_25997767_A_G_b38,ENSG00000084733,RAB10,protein_coding,2,26034084,26137454,ENSG00000232423,PRAMEF6,protein_coding,1,12938472,12947580,M0,8396,3128,-0.039624789,9.817900431,5.94697505455281e-05,0.004616465,-0.114349219,-0.227051408,0.042284388,No Mediation,No Mediation,No Mediation,M3,M0.2,46,20,20,1
3129,chr14_90290159_G_A_b38,ENSG00000100764,PSMC1,protein_coding,14,90256527,90275429,ENSG00000242498,ARPIN,protein_coding,15,89895006,89912952,M0,8398,3129,-0.072249339,6.318173982,-0.003705276,0.734035534,0.086201173,0.18095355,-0.014086906,No Mediation,No Mediation,No Mediation,M3,M3,53,34,34,1
3130,chr17_59132952_G_A_b38,ENSG00000121101,TEX14,protein_coding,17,58556678,58692055,ENSG00000275467,,lncRNA,12,116801023,116801477,M3,8402,3130,0.000115703,0.056869139,-5.86E-05,0.045568472,0.153329094,0.186474895,0.09763401,No Mediation,No Mediation,No Mediation,M3,M3,51,23,23,1
3131,chr19_42175966_T_TC_b38,ENSG00000160570,DEDD2,protein_coding,19,42198598,42220140,ENSG00000233816,IFNA13,protein_coding,9,21367424,21368962,M0,8405,3131,1.590550576,43.86995867,1.55833787318185e-06,0.002377908,0.078737618,0.202406089,0.054897734,No Mediation,No Mediation,No Mediation,M0.2,M0.2,55,21,21,1
3132,chr17_82560617_G_C_b38,ENSG00000265458,NARF-AS2,lncRNA,17,82454140,82458521,ENSG00000261609,GAN,protein_coding,16,81314944,81390809,M3,8408,3132,0.004426914,0.891098121,0.000741167,0.086871393,0.12374434,0.194031765,0.055648145,No Mediation,No Mediation,Cis Mediated,M3,M3,39,28,28,5
3133,chr3_16043766_G_A_b38,ENSG00000271964,,lncRNA,3,16314439,16314987,ENSG00000135253,KCP,protein_coding,7,128862042,128910719,M0,8409,3133,0.009429834,1.118214769,-0.000397725,0.065813055,0.056349824,0.186805317,-0.03795419,No Mediation,No Mediation,No Mediation,M0.2,M0.2,45,36,36,3
3134,chr1_46608949_G_C_b38,ENSG00000162368,CMPK1,protein_coding,1,47333790,47378839,ENSG00000233290,,lncRNA,1,82212413,82848205,M0,8412,3134,0.059754971,3.785917084,1.59473615111037e-05,0.001939419,0.062592207,-0.493404917,0.014842753,No Mediation,No Mediation,No Mediation,M0.2,M0.2,50,23,23,7
3135,chr2_127463852_G_C_b38,ENSG00000115718,PROC,protein_coding,2,127418427,127429242,ENSG00000235660,LINC00345,lncRNA,13,52482804,52489216,M0,8417,3135,-0.000875022,0.420653201,2.15628712400907e-05,0.006338759,-0.066126711,0.204108338,0.015632165,No Mediation,No Mediation,Trans Mediated,M0.2,M0.2,56,15,15,1
3136,chr6_41199267_C_T_b38,ENSG00000112576,CCND3,protein_coding,6,41934934,42050357,ENSG00000239440,LINC02008,lncRNA,3,81986138,82463675,M0,8420,3136,0.569320809,35.19289237,1.23674121158416e-05,0.005016756,-0.100607214,0.416279625,0.011076015,No Mediation,No Mediation,No Mediation,M3,M4,51,30,30,6
3137,chr9_124924691_C_T_b38,ENSG00000136935,GOLGA1,protein_coding,9,124878275,124948492,ENSG00000267174,,lncRNA,19,11300777,11324441,M1.2,8422,3137,-0.040605416,5.00383836,0.67575428,36.81723557,-0.040789415,0.189208403,-0.113621468,No Mediation,No Mediation,No Mediation,M0.2,M0.2,50,34,34,2
3138,chr11_66322997_T_C_b38,ENSG00000173120,KDM2A,protein_coding,11,67119263,67258082,ENSG00000268618,,lncRNA,19,8549506,8550139,M0,8424,3138,-0.092238554,4.404883858,-0.025275247,3.119257219,0.002297441,-0.298541945,0.06420357,No Mediation,No Mediation,No Mediation,M0.2,M0.2,55,29,29,3
3139,chr1_25012497_C_T_b38,ENSG00000117632,STMN1,protein_coding,1,25884181,25906991,ENSG00000258601,,lncRNA,14,36808871,36828729,M0,8425,3139,-0.080981122,18.42037668,2.12090141765168e-05,0.003117362,-0.000146954,0.375119027,0.006879889,No Mediation,No Mediation,No Mediation,M0.2,M0.2,57,6,6,0
3140,chr2_224139500_T_C_b38,ENSG00000171951,SCG2,protein_coding,2,223596940,223602361,ENSG00000231413,,lncRNA,1,48078787,48082196,M0,8428,3140,-0.000169612,0.184187081,-2.81E-05,0.007586554,-0.080921013,-0.198320677,0.005028624,No Mediation,No Mediation,No Mediation,M3,M0.2,46,25,25,3
3141,chr12_132636794_C_CA_b38,ENSG00000176894,PXMP2,protein_coding,12,132687587,132704985,ENSG00000228586,,lncRNA,2,158685903,158753775,M0,8433,3141,-0.003946768,2.568002061,1.29465601248875e-05,0.016909831,-0.027598717,0.18866081,0.045547722,No Mediation,No Mediation,No Mediation,M0.2,M0.2,55,39,39,7
3142,chr15_55464560_G_A_b38,ENSG00000274765,,lncRNA,15,55343141,55343575,ENSG00000103415,HMOX2,protein_coding,16,4474690,4510347,M3,8435,3142,-0.002228274,0.710498707,0.040638982,3.177294601,0.132015476,0.187531792,0.073875903,No Mediation,No Mediation,No Mediation,M0.1,Other,54,34,34,1
3143,chr11_46079363_C_T_b38,ENSG00000180423,HARBI1,protein_coding,11,46602861,46617909,ENSG00000205174,C7orf66,lncRNA,7,108883975,108884587,M0,8436,3143,0.004435602,0.350906222,2.33324673974575e-05,0.007146294,0.115309266,0.252608981,0.007410418,No Mediation,No Mediation,No Mediation,M3,M3,41,22,22,4
3144,chr5_76814444_G_A_b38,ENSG00000171643,S100Z,protein_coding,5,76850001,76921650,ENSG00000231606,,lncRNA,1,14221887,14304445,M0,8440,3144,-0.006217364,0.968123874,3.31547371252551e-05,0.019190938,0.113117856,0.182659441,0.04705902,No Mediation,No Mediation,No Mediation,M0.2,M0.2,52,27,27,1
3145,chr19_18286699_C_T_b38,ENSG00000269191,,lncRNA,19,18532908,18536188,ENSG00000184428,TOP1MT,protein_coding,8,143304384,143359979,M0,8451,3145,0.02436219,1.510165053,0.006999735,3.075825754,-0.063647598,0.31223245,0.005355345,No Mediation,No Mediation,No Mediation,M0.2,M0.2,60,28,28,1
3146,chr1_156438812_A_G_b38,ENSG00000160803,UBQLN4,protein_coding,1,156035299,156053798,ENSG00000231143,,lncRNA,6,94163920,94194658,M0,8455,3146,-0.009456555,1.222750089,-3.70E-05,0.004798376,-0.09357147,0.337033741,-0.049432748,No Mediation,No Mediation,Trans Mediated,M0.2,M0.2,52,22,22,0
3147,chr3_121961834_A_C_b38,ENSG00000163406,SLC15A2,protein_coding,3,121894401,121944188,ENSG00000255476,,lncRNA,11,9839143,9929263,M3,8456,3147,-0.001213425,0.724146288,0.000162895,0.133678902,0.145228178,0.197402229,-0.061288905,No Mediation,No Mediation,No Mediation,M3,M3,51,29,29,4
3148,chr10_116609758_C_T_b38,ENSG00000165646,SLC18A2,protein_coding,10,117241093,117279430,ENSG00000227702,LINC00111,lncRNA,21,41679181,41697336,M0,8465,3148,0.001460332,0.218336507,-2.76E-05,0.012947639,-0.052691923,0.259459103,-0.02060067,No Mediation,No Mediation,No Mediation,M3,M0.2,56,23,23,1
3149,chr19_40785055_C_T_b38,ENSG00000255974,CYP2A6,protein_coding,19,40843541,40850447,ENSG00000168255,POLR2J3,protein_coding,7,102537918,102572653,M0,8470,3149,0.001322453,0.345534165,-0.004200583,0.918447079,-2.99E-05,0.196284899,0.045772549,No Mediation,No Mediation,No Mediation,M0.2,Other,55,35,35,2
3150,chr14_69372067_C_T_b38,ENSG00000100632,ERH,protein_coding,14,69380128,69398299,ENSG00000242120,MDFIC2,protein_coding,3,70194479,70312638,M0,8471,3150,0.000750095,7.234356956,3.9413143616939e-06,0.004482112,0.076181773,0.224673019,0.056848222,No Mediation,No Mediation,No Mediation,M0.2,M0.2,66,25,25,1
3151,chr1_206104706_A_G_b38,ENSG00000196188,CTSE,protein_coding,1,206008535,206023909,ENSG00000256714,,lncRNA,12,22395088,22398075,M0,8474,3151,0.06114844,1.518294282,0.00017821,0.063385073,0.094485862,0.376559267,0.03900788,No Mediation,No Mediation,No Mediation,M3,M3,66,39,39,0
3152,chr1_145510134_G_T_b38,ENSG00000265491,RNF115,protein_coding,1,145738868,145824095,ENSG00000268618,,lncRNA,19,8549506,8550139,M0,8483,3152,0.012399824,0.830639764,-0.025275247,3.119257219,-0.093442656,0.313948925,0.063343891,Undirected,Undirected,Undirected,M1.2,M1.2,61,34,34,2
3153,chr7_99220174_T_A_b38,ENSG00000106246,PTCD1,protein_coding,7,99416739,99466163,ENSG00000273485,,lncRNA,10,103450196,103450852,M0,8490,3153,-0.004216142,0.438066782,-0.000150971,0.04636781,0.106485846,0.20380441,0.014604642,No Mediation,No Mediation,No Mediation,M3,M0.2,64,21,21,1
3154,chrX_100795294_C_T_b38,ENSG00000241343,RPL36A,protein_coding,X,101390824,101396155,ENSG00000135437,RDH5,protein_coding,12,55720367,55724705,M0,8492,3154,1.621580589,43.91832513,-0.036564622,2.371964585,0.001527466,-0.174762511,-0.057595145,No Mediation,No Mediation,No Mediation,M0.2,M0.2,46,27,27,3
3155,chr15_83096050_T_C_b38,ENSG00000136404,TM6SF1,protein_coding,15,83107572,83144854,ENSG00000262006,,lncRNA,17,50909637,50910232,M4,8496,3155,0.000634608,2.973432941,0.021530603,1.753758054,-0.133214069,0.196472629,-0.132178717,No Mediation,Undirected,Undirected,M4,M3,65,34,34,0
3156,chr17_15466216_G_A_b38,ENSG00000187688,TRPV2,protein_coding,17,16415571,16437003,ENSG00000248378,,lncRNA,5,31743988,31744451,M0,8498,3156,-0.127781424,8.253269787,-1.13E-05,0.006466758,-0.056764541,0.306736024,-0.011091911,No Mediation,No Mediation,No Mediation,M0.2,M0.2,58,34,34,3
3157,chr18_45398952_G_A_b38,ENSG00000141622,RNF165,protein_coding,18,46326809,46463140,ENSG00000162065,TBC1D24,protein_coding,16,2475051,2509560,M0,8503,3157,0.000163134,0.364774037,-0.003048596,0.413835871,-0.025450874,0.316809418,0.043291296,No Mediation,No Mediation,No Mediation,M0.2,M0.2,52,30,30,3
3158,chr18_56791271_G_A_b38,ENSG00000091164,TXNL1,protein_coding,18,56597209,56651600,ENSG00000237378,,protein_coding,13,63746741,63751080,M0,8504,3158,0.014258158,0.687688757,1.98620718889804e-05,0.002583691,0.053814517,0.195831059,0.033867683,No Mediation,No Mediation,No Mediation,M0.2,M0.2,50,19,19,5
3159,chr5_94914351_A_C_b38,ENSG00000175471,MCTP1,protein_coding,5,94703741,95284575,ENSG00000230098,TCERG1L-AS1,lncRNA,10,131095218,131095777,M0,8506,3159,-0.023166232,1.356415742,0.000135769,0.019108618,0.069743488,0.212368623,0.003882045,No Mediation,No Mediation,No Mediation,M3,M3,57,29,29,1
3160,chr17_64737600_C_T_b38,ENSG00000120063,GNA13,protein_coding,17,65009289,65056740,ENSG00000226965,,lncRNA,7,110108031,110534757,M0,8507,3160,0.207983267,17.74605788,3.54804122931699e-05,0.019917699,0.015763966,0.35341261,0.015730184,No Mediation,No Mediation,No Mediation,M0.2,M0.2,56,38,38,1
3161,chr2_173967851_T_C_b38,ENSG00000271151,,lncRNA,2,173968351,173969418,ENSG00000283873,SSU72P4,protein_coding,11,4287499,4288083,M0,8517,3161,-0.00649618,0.982915061,-1.76E-05,0.00627146,-0.068709618,0.171213691,-0.001240822,No Mediation,No Mediation,No Mediation,M3,M0.2,53,18,18,1
3162,chr10_99670281_T_C_b38,ENSG00000155287,SLC25A28,protein_coding,10,99610522,99620609,ENSG00000100249,C22orf31,protein_coding,22,29058672,29061831,M0,8524,3162,-0.100205567,20.92752498,-0.000272515,0.042772804,-0.052042916,0.174392585,-0.029985955,No Mediation,No Mediation,Undirected,M0.2,M0.2,55,26,26,0
3163,chr12_123537696_C_A_b38,ENSG00000051825,MPHOSPH9,protein_coding,12,123152320,123244014,ENSG00000259407,,lncRNA,15,85744109,85750281,M0,8527,3163,-0.00042892,0.304800142,0.001310756,0.404283065,0.045653198,-0.170334799,0.036477907,No Mediation,No Mediation,No Mediation,M3,M3,52,32,32,2
3164,chr1_44996969_C_T_b38,ENSG00000126088,UROD,protein_coding,1,45010950,45015575,ENSG00000249330,,lncRNA,4,46390255,46510194,M0,8528,3164,0.61668637,13.35077906,-6.98E-06,0.005896573,-0.041387891,0.199210612,-0.010346521,No Mediation,No Mediation,No Mediation,M0.2,M0.2,44,28,28,3
3165,chr6_89196538_A_G_b38,ENSG00000198833,UBE2J1,protein_coding,6,89326625,89352722,ENSG00000226078,,lncRNA,9,126527618,126530343,M0,8530,3165,-0.144007732,19.52580921,8.16375502266177e-05,0.018038911,-0.087046289,0.194173517,-0.051806563,No Mediation,No Mediation,No Mediation,M0.2,M0.2,45,27,27,2
3166,chr11_128629317_A_G_b38,ENSG00000134954,ETS1,protein_coding,11,128458761,128587558,ENSG00000232353,,lncRNA,3,192029880,192036557,M0,8535,3166,0.134992808,18.6523657,8.61602529325797e-06,0.001762735,-0.069709942,0.338891953,0.002078036,No Mediation,No Mediation,No Mediation,M0.2,M0.2,58,26,26,3
3167,chr18_61915269_C_G_b38,ENSG00000267316,,lncRNA,18,61571342,61579456,ENSG00000156574,NODAL,protein_coding,10,70431936,70447951,M0,8540,3167,0.001698858,0.229071906,-0.00112286,0.254216453,-0.113542717,0.175508584,-0.097738457,No Mediation,No Mediation,No Mediation,M0.2,M3,44,30,30,3
3168,chr10_97528296_A_G_b38,ENSG00000165886,UBTD1,protein_coding,10,97498924,97571206,ENSG00000259819,,lncRNA,16,8369864,8376276,M0,8548,3168,-0.028722573,8.451092971,8.28775648800281e-05,0.005770945,0.059595892,0.284880484,0.022956395,No Mediation,No Mediation,No Mediation,M0.2,M0.2,45,31,31,2
3169,chr14_70107404_A_G_b38,ENSG00000100650,SRSF5,protein_coding,14,69726900,69772005,ENSG00000111906,HDDC2,protein_coding,6,125219962,125302078,M0,8555,3169,0.063320901,12.4017179,0.011777567,1.515956274,0.052622452,0.195625867,0.069841343,No Mediation,No Mediation,Cis Mediated,M0.2,M0.2,55,40,40,0
3170,chr7_104200974_A_G_b38,ENSG00000105821,DNAJC2,protein_coding,7,103312289,103344830,ENSG00000242145,,lncRNA,3,81208193,81208914,M0,8556,3170,-0.004600374,0.498539122,-4.89E-05,0.006853838,-0.087289356,0.279920606,-0.031130902,No Mediation,No Mediation,No Mediation,M3,M3,58,22,22,2
3171,chr1_228003374_T_A_b38,ENSG00000143761,ARF1,protein_coding,1,228082660,228099212,ENSG00000175463,TBC1D10C,protein_coding,11,67403915,67410089,M1.2,8557,3171,3.521034275,55.71068257,1.711407646,56.53954347,-0.082793189,0.19562897,-0.287093302,Undirected,Undirected,Undirected,M1.2,M1.2,72,42,42,1
3172,chr2_220258966_G_A_b38,ENSG00000127824,TUBA4A,protein_coding,2,219249710,219277902,ENSG00000139579,NABP2,protein_coding,12,56222015,56229854,M0,8558,3172,9.175032026,105.8967283,0.025355645,1.096968704,0.004544006,0.177841007,-0.00065486,No Mediation,No Mediation,No Mediation,M0.2,Other,53,34,34,2
3173,chr9_72260385_A_G_b38,ENSG00000135048,CEMIP2,protein_coding,9,71683366,71816690,ENSG00000204934,ATP6V0E2-AS1,lncRNA,7,149867697,149880610,M0,8562,3173,0.004205268,6.758607022,-0.001160099,0.261410721,-0.003873069,0.176884494,-0.030933875,No Mediation,No Mediation,No Mediation,M0.2,Other,64,44,44,2
3174,chr19_9338309_ACTCT_A_b38,ENSG00000130810,PPAN,protein_coding,19,10106362,10112012,ENSG00000225775,,lncRNA,6,9124221,9161777,M0,8563,3174,-0.005259565,2.410291946,2.35522045342343e-05,0.002053094,-0.061504284,0.446928242,-0.021643921,No Mediation,No Mediation,No Mediation,M3,M3,45,28,28,2
3175,chr19_41756661_G_A_b38,ENSG00000086548,CEACAM6,protein_coding,19,41750977,41772211,ENSG00000155463,OXA1L,protein_coding,14,22766522,22773042,M1.2,8566,3175,0.848998641,31.26987182,0.138925144,9.536113993,-0.030425475,-0.172477821,0.140151825,No Mediation,No Mediation,No Mediation,M0.2,Other,56,37,37,2
3176,chr17_38580767_A_G_b38,ENSG00000167258,CDK12,protein_coding,17,39461486,39564907,ENSG00000260478,,lncRNA,16,52238081,52269574,M0,8574,3176,0.069335072,1.085338618,2.17810530733941e-06,0.003346739,0.059141121,0.188851786,0.113760657,No Mediation,No Mediation,No Mediation,M0.2,M0.2,51,27,27,2
3177,chr7_23210744_C_T_b38,ENSG00000156928,MALSU1,protein_coding,7,23298739,23311729,ENSG00000267413,LINC01901,lncRNA,18,39841174,39924840,M0,8575,3177,0.001429864,1.420576805,7.96266874706124e-05,0.01065372,-0.100241926,0.253678163,-0.052264012,No Mediation,No Mediation,No Mediation,M0.2,M0.2,50,25,25,1
3178,chr14_72663057_T_A_b38,ENSG00000251393,,lncRNA,14,73462362,73477175,ENSG00000224406,LINC02052,lncRNA,3,186454969,186493661,M0,8581,3178,0.009960368,1.023297911,2.00775733874388e-05,0.00811365,-0.049399983,0.170625053,0.095917025,No Mediation,No Mediation,No Mediation,M0.2,M0.2,45,35,35,5
3179,chr3_100771526_C_G_b38,ENSG00000206535,LNP1,protein_coding,3,100401532,100456319,ENSG00000160868,CYP3A4,protein_coding,7,99756960,99784248,M0,8592,3179,-0.000267276,0.117387763,0.00853313,11.39069698,-0.090210354,-0.244307039,0.013624311,No Mediation,No Mediation,No Mediation,M0.2,M0.2,49,31,31,2
3180,chr11_93922350_A_G_b38,ENSG00000166004,CEP295,protein_coding,11,93661682,93730358,ENSG00000250576,,lncRNA,5,10775058,10777062,M0,8593,3180,-0.000920066,0.178724343,2.72553807646084e-05,0.004038511,-0.107298048,0.327650892,-0.041759247,No Mediation,No Mediation,No Mediation,M0.2,M0.2,47,25,25,4
3181,chr12_14671092_G_A_b38,ENSG00000121316,PLBD1,protein_coding,12,14503661,14567883,ENSG00000186886,OR5D3P,protein_coding,11,55723776,55729621,M0,8602,3181,30.01650575,215.3248957,-1.05E-05,0.00382179,0.100914365,0.442800142,0.038094418,Undirected,Undirected,Undirected,M3,M0.2,55,19,19,2
3182,chr8_89722278_C_T_b38,ENSG00000104312,RIPK2,protein_coding,8,89757806,89791064,ENSG00000248787,,lncRNA,3,125907765,125916360,M0,8606,3182,0.04094809,5.132294142,0.000176906,0.125083891,0.047820659,0.171172118,0.005239287,No Mediation,No Mediation,No Mediation,M0.2,M0.2,41,25,25,3
3183,chr17_42383285_G_A_b38,ENSG00000108774,RAB5C,protein_coding,17,42124978,42155044,ENSG00000232555,,lncRNA,2,172137345,172370401,M0,8609,3183,0.3116218,19.60893255,-0.000127741,0.017650314,0.042546681,0.19642512,-0.054733854,No Mediation,No Mediation,No Mediation,M0.2,M0.2,56,35,35,1
3184,chr2_28559397_G_A_b38,ENSG00000270640,,lncRNA,2,28396815,28397110,ENSG00000280090,OR8B4,protein_coding,11,124423942,124424871,M0,8611,3184,0.140150854,12.43198307,1.52468213882322e-05,0.006510918,-0.054734889,0.171563369,-0.035734737,No Mediation,No Mediation,No Mediation,M0.2,M0.2,55,21,21,1
3185,chr15_71643344_G_A_b38,ENSG00000166233,ARIH1,protein_coding,15,72474330,72602987,ENSG00000259221,,lncRNA,15,47359430,47396732,M0,8612,3185,-0.005231221,0.661025818,-4.00E-05,0.00832882,-0.058031166,0.345476068,-0.088088466,No Mediation,No Mediation,No Mediation,M0.2,M0.2,51,45,45,5
3186,chr11_61250346_G_T_b38,ENSG00000257052,,lncRNA,11,60906789,60909742,ENSG00000278011,,lncRNA,12,88601862,88602195,M0,8613,3186,0.007653048,0.556863482,-3.39E-05,0.010630865,-0.063573474,0.334121532,-0.028487459,No Mediation,No Mediation,No Mediation,M0.2,M0.2,71,34,34,1
3187,chr2_166135904_G_A_b38,ENSG00000163092,XIRP2,protein_coding,2,166888480,167259753,ENSG00000170632,ARMC10,protein_coding,7,103074881,103099759,M0,8617,3187,0.006639361,1.130483069,-0.0016035,1.26149962,0.006118491,0.375860723,-0.013657865,No Mediation,No Mediation,No Mediation,M0.2,M0.2,50,41,41,5
3188,chr8_41652741_G_C_b38,ENSG00000029534,ANK1,protein_coding,8,41653220,41896762,ENSG00000198833,UBE2J1,protein_coding,6,89326625,89352722,M0,8621,3188,0.566554009,8.556291787,-0.144007732,19.52580921,0.042172677,-0.170782274,-0.101649122,No Mediation,No Mediation,No Mediation,M0.2,M0.2,44,36,36,2
3189,chr9_128730047_G_A_b38,ENSG00000171159,C9orf16,protein_coding,9,128160265,128163924,ENSG00000266466,,lncRNA,17,21532974,21542786,M0,8625,3189,0.517453477,17.13546258,-3.61E-05,0.014689844,0.020600158,0.216298678,-0.021400202,No Mediation,No Mediation,No Mediation,M0.2,M0.2,46,25,25,2
3190,chr20_33720381_A_C_b38,ENSG00000101417,PXMP4,protein_coding,20,33702758,33720319,ENSG00000262011,,lncRNA,16,13331368,13332583,M3,8627,3190,0.001095396,0.232544233,8.44916586792446e-06,0.00283999,0.150402292,0.359954865,0.052608624,No Mediation,No Mediation,No Mediation,M3,M0.2,62,21,21,0
3191,chrX_155422316_C_A_b38,ENSG00000160219,GAB3,protein_coding,X,154675249,154751583,ENSG00000276874,,lncRNA,22,18374106,18375689,M0,8630,3191,-0.074038986,3.67099264,-2.06E-05,0.004153725,0.068403671,0.468302846,0.044495979,No Mediation,No Mediation,No Mediation,M0.2,M0.2,56,36,36,2
3192,chr16_67960016_A_C_b38,ENSG00000103061,SLC7A6OS,protein_coding,16,68284503,68310946,ENSG00000205944,DAZ2,protein_coding,Y,23219434,23291356,M0,8631,3192,0.000261977,0.725158745,8.63679027323956e-07,0.00049923,-0.066666294,0.388537306,-0.018844515,No Mediation,No Mediation,No Mediation,M3,M3,49,34,34,2
3193,chrX_38340360_A_G_b38,ENSG00000101955,SRPX,protein_coding,X,38149336,38220924,ENSG00000062038,CDH3,protein_coding,16,68636189,68727468,M2,8636,3193,-0.01468296,1.71734004,0.00022679,0.116332757,-0.038183839,0.421159647,-0.283438512,Undirected,Undirected,Undirected,M1.2,M1.2,60,48,48,9
3194,chr12_58060214_G_A_b38,ENSG00000135439,AGAP2,protein_coding,12,57723761,57742157,ENSG00000263609,LINC02002,lncRNA,17,22233926,22266392,M0,8637,3194,0.04544246,4.967150541,4.43362648089098e-05,0.004852011,-0.053051252,0.249583476,0.011829466,No Mediation,No Mediation,No Mediation,M0.2,M0.2,54,34,34,2
3195,chr11_46738021_A_G_b38,ENSG00000175220,ARHGAP1,protein_coding,11,46677080,46700619,ENSG00000176728,TTTY14,lncRNA,Y,18772706,19077416,M0,8641,3195,-0.135498983,6.932406582,-0.000269573,0.298515703,-0.105720058,-0.176681331,0.032477841,No Mediation,No Mediation,No Mediation,M3,M0.1,45,24,24,2
3196,chr9_100355804_A_C_b38,ENSG00000136891,TEX10,protein_coding,9,100302077,100352942,ENSG00000279797,LINC02339,lncRNA,13,61424689,61427946,M0,8650,3196,-0.003812217,0.290553659,7.57861629486498e-05,0.004231857,0.099168132,0.276119235,-0.011947064,No Mediation,No Mediation,No Mediation,M3,M3,50,32,32,2
3197,chr4_103094157_C_T_b38,ENSG00000164038,SLC9B2,protein_coding,4,103019868,103085829,ENSG00000225102,,lncRNA,6,11990338,12001286,M3,8655,3197,0.002764734,0.275640005,0.000155236,0.015154762,-0.143693969,0.229921777,0.017702779,No Mediation,No Mediation,No Mediation,M3,M3,51,30,30,1
3198,chr7_123762525_G_A_b38,ENSG00000106299,WASL,protein_coding,7,123681943,123749003,ENSG00000254580,LINC02719,lncRNA,11,106112459,106132116,M0,8656,3198,0.00020005,0.364166242,3.55035656025054e-05,0.007268278,-0.082140782,0.200581423,0.005619142,No Mediation,No Mediation,No Mediation,M3,M0.2,51,26,26,1
3199,chr12_57386159_G_GCAGCCCTCA_b38,ENSG00000123384,LRP1,protein_coding,12,57128483,57213361,ENSG00000204583,LRCOL1,protein_coding,12,132603150,132610582,M0,8658,3199,-0.100053214,6.233400797,0.002093319,0.168563008,-0.016315436,0.18277199,-0.022719779,No Mediation,No Mediation,No Mediation,M0.2,M0.2,69,39,39,2
3200,chr1_197908687_T_A_b38,ENSG00000081237,PTPRC,protein_coding,1,198638457,198757476,ENSG00000231132,,lncRNA,10,51244894,51245806,M0,8659,3200,2.724349109,119.1075267,3.64930031520401e-05,0.003946652,0.031881303,0.342913133,0.00064918,No Mediation,No Mediation,No Mediation,M0.2,M0.2,53,7,7,0
3201,chr15_65292060_G_A_b38,ENSG00000138615,CILP,protein_coding,15,65194760,65211473,ENSG00000235169,SMIM1,protein_coding,1,3772749,3775982,M0,8661,3201,-0.000401921,0.240266094,2.061034917,28.5441259,0.115160357,0.173967742,0.036985338,No Mediation,No Mediation,No Mediation,M3,M3,44,22,22,3
3202,chr15_42730963_C_T_b38,ENSG00000140326,CDAN1,protein_coding,15,42723544,42737128,ENSG00000205944,DAZ2,protein_coding,Y,23219434,23291356,M3,8662,3202,-0.008527236,0.592018852,8.63679027323956e-07,0.00049923,0.127793648,0.384191575,-0.002917722,Cis Mediated,Undirected,Undirected,M0.2,M3,46,31,31,4
3203,chr9_124891978_C_CAG_b38,ENSG00000136950,ARPC5L,protein_coding,9,124862130,124877733,ENSG00000153714,LURAP1L,protein_coding,9,12775020,12823060,M0,8664,3203,-0.094775912,4.350752739,-0.001939263,0.168475388,-0.047524325,-0.368516936,0.0008674,No Mediation,No Mediation,No Mediation,M0.2,M0.2,43,27,27,2
3204,chr5_103540097_A_ATG_b38,ENSG00000181751,MACIR,protein_coding,5,103258763,103278660,ENSG00000225399,,lncRNA,3,49260085,49261316,M0,8665,3204,0.020922195,6.438182065,-0.001385076,0.194809063,-0.029988188,-0.18688489,-0.047742836,No Mediation,No Mediation,No Mediation,M0.2,M0.2,55,29,29,3
3205,chr19_38317835_C_G_b38,ENSG00000099337,KCNK6,protein_coding,19,38319845,38332076,ENSG00000261537,,lncRNA,16,78994345,79004730,M3,8672,3205,-0.005536096,1.597231061,0.000352204,0.062406258,0.136058914,0.178828335,0.003290908,No Mediation,No Mediation,No Mediation,M3,M3,43,23,23,3
3206,chr6_83193907_G_C_b38,ENSG00000013375,PGM3,protein_coding,6,83161150,83193936,ENSG00000008382,MPND,protein_coding,19,4343527,4360086,M0,8675,3206,-0.000506658,0.23591423,0.026324136,2.085077661,-0.053627734,-0.175700697,-0.102064781,No Mediation,No Mediation,No Mediation,M3,M3,47,32,32,2
3207,chr12_90194231_A_G_b38,ENSG00000271327,,lncRNA,12,89367807,89369301,ENSG00000184428,TOP1MT,protein_coding,8,143304384,143359979,M3,8678,3207,0.001984224,0.329530524,0.006999735,3.075825754,0.154642044,0.32185012,0.079593822,No Mediation,No Mediation,No Mediation,M3,M3,52,20,20,2
3208,chr15_42658039_T_C_b38,ENSG00000278769,,lncRNA,15,42724102,42724922,ENSG00000260369,,lncRNA,17,80453735,80454729,M3,8679,3208,0.00276898,0.48895396,-0.000257056,0.05186669,0.162585591,0.188413671,0.088084068,No Mediation,No Mediation,Undirected,M3,M3,47,25,25,0
3209,chr6_111536435_G_C_b38,ENSG00000009413,REV3L,protein_coding,6,111299028,111483715,ENSG00000278540,ACACA,protein_coding,17,37084992,37406836,M0,8680,3209,-0.001890007,0.257518885,-0.000857809,0.224579014,-0.063156311,0.187359764,0.095105641,No Mediation,No Mediation,Undirected,M0.1,M0.1,51,39,39,2
3210,chr6_26948432_G_C_b38,ENSG00000233822,H2BC15,protein_coding,6,27837760,27855709,ENSG00000255175,LINC02759,lncRNA,11,38618264,38646384,M0,8682,3210,0.003107239,0.209554157,-1.83E-05,0.002836462,-0.047628402,0.260169364,-0.024325849,No Mediation,No Mediation,No Mediation,M0.2,M0.2,45,17,17,2
3211,chr3_100234575_T_C_b38,ENSG00000036054,TBC1D23,protein_coding,3,100260992,100325251,ENSG00000268618,,lncRNA,19,8549506,8550139,M0,8685,3211,-0.000252368,0.890433998,-0.025275247,3.119257219,-0.092525376,-0.179471517,-0.034112855,No Mediation,No Mediation,No Mediation,M0.2,Other,61,33,33,4
3212,chr11_108815369_G_A_b38,ENSG00000178105,DDX10,protein_coding,11,108665069,108940927,ENSG00000269986,,lncRNA,16,63066526,63066990,M3,8686,3212,0.002310037,0.25033789,7.31016754608431e-05,0.013343446,0.12551797,0.192460096,-0.042313752,No Mediation,No Mediation,No Mediation,M3,M3,56,25,25,3
3213,chr1_43276737_T_C_b38,ENSG00000179178,TMEM125,protein_coding,1,43269983,43274002,ENSG00000205238,SPDYE2,protein_coding,7,102551232,102562308,M0,8687,3213,0.000952297,0.212704145,-0.00071276,0.134725741,0.006624358,0.306417103,0.023935324,No Mediation,No Mediation,No Mediation,M0.2,M0.2,58,41,41,3
3214,chr16_70607267_A_G_b38,ENSG00000168872,DDX19A,protein_coding,16,70346861,70373383,ENSG00000196436,NPIPB15,protein_coding,16,74377878,74392080,M0,8690,3214,-0.004360346,0.687677543,0.003824904,3.756667456,0.115837157,0.229617587,0.0722673,No Mediation,Trans Mediated,Undirected,M3,M3,54,32,32,1
3215,chr3_161273549_A_G_b38,ENSG00000260572,,lncRNA,3,160753428,160755142,ENSG00000273338,,lncRNA,1,78004346,78004554,M0,8694,3215,-0.000300877,0.126670871,-0.060077882,6.38336696,-0.099304013,0.373358186,-0.012490716,No Mediation,No Mediation,No Mediation,M3,M3,51,38,38,2
3216,chr15_49702324_T_C_b38,ENSG00000104047,DTWD1,protein_coding,15,49621037,49656232,ENSG00000249381,LINC00500,lncRNA,4,138425523,138436869,M0,8695,3216,0.000176479,0.084417674,9.07939064732158e-05,0.012877328,-0.105486262,0.267631796,-0.036990261,No Mediation,No Mediation,No Mediation,M0.2,M0.2,45,18,18,1
3217,chr11_74484325_C_G_b38,ENSG00000175536,LIPT2,protein_coding,11,74490519,74493724,ENSG00000259448,LINC02352,lncRNA,15,31215622,31224445,M3,8697,3217,0.002638636,0.383709234,0.056310131,1.34624332,-0.187361506,-0.189155263,0.074872738,No Mediation,No Mediation,No Mediation,M3,M3,50,24,24,0
3218,chr3_137809749_G_A_b38,ENSG00000168917,SLC35G2,protein_coding,3,136818647,136855888,ENSG00000230020,NHS-AS1,lncRNA,X,17552349,17557387,M0,8700,3218,-0.000242251,0.097679104,7.98446648413621e-05,0.027330859,-0.054217462,0.234512906,-0.029436912,No Mediation,No Mediation,No Mediation,M0.2,M0.2,62,21,21,0
3219,chr20_25411333_C_T_b38,ENSG00000276952,,lncRNA,20,25284915,25285588,ENSG00000237903,,lncRNA,X,119422917,119423547,M3,8705,3219,0.001882098,0.290774285,0.000473164,0.097112129,-0.149638228,-0.188038045,0.013610961,No Mediation,No Mediation,No Mediation,M3,M3,47,23,23,0
3220,chr2_64792271_T_G_b38,ENSG00000197329,PELI1,protein_coding,2,64092652,64144420,ENSG00000120289,MAGEB4,protein_coding,X,30242000,30244187,M0,8706,3220,0.025630352,67.53095822,1.40133896209916e-05,0.006216703,0.071174523,0.193546679,-0.01896821,No Mediation,No Mediation,No Mediation,M0.2,M0.2,50,11,11,1
3221,chrX_153611520_G_A_b38,ENSG00000130821,SLC6A8,protein_coding,X,153687926,153696588,ENSG00000250158,,lncRNA,5,96247776,96278751,M2,8707,3221,1.016630484,8.719054721,-1.48E-05,0.022140398,0.09896517,0.388645599,0.13630743,No Mediation,No Mediation,No Mediation,M1.2,M0.2,40,18,18,4
3222,chrX_19770470_T_C_b38,ENSG00000177189,RPS6KA3,protein_coding,X,20149911,20267519,ENSG00000234211,,lncRNA,1,161671978,161674824,M0,8708,3222,-0.01234455,5.356303962,-0.000151376,0.340474782,-0.105634763,0.192706549,-0.043015884,No Mediation,No Mediation,No Mediation,M0.2,Other,58,33,33,2
3223,chr7_134345404_A_G_b38,ENSG00000205060,SLC35B4,protein_coding,7,134289332,134316930,ENSG00000065717,TLE2,protein_coding,19,2997639,3047635,M3,8710,3223,0.000952109,0.204531418,0.006330885,0.818622594,-0.14366635,0.18191654,-0.001296414,No Mediation,No Mediation,No Mediation,M3,M3,57,33,33,1
3224,chr15_45027452_G_A_b38,ENSG00000166734,GOLM2,protein_coding,15,44288719,44415758,ENSG00000162065,TBC1D24,protein_coding,16,2475051,2509560,M0,8731,3224,-0.001773966,2.017314834,-0.003048596,0.413835871,-0.117585887,0.218095389,-0.037849041,No Mediation,No Mediation,No Mediation,M0.2,M3,58,25,25,1
3225,chr1_70976774_T_C_b38,ENSG00000118454,ANKRD13C,protein_coding,1,70258999,70354734,ENSG00000116717,GADD45A,protein_coding,1,67685201,67688334,M0,8733,3225,-0.00043098,0.404902092,0.429229125,36.78520897,0.093742069,0.186907758,-0.027538055,No Mediation,No Mediation,No Mediation,M3,M0.1,55,31,31,3
3226,chr22_42246041_G_A_b38,ENSG00000183864,TOB2,protein_coding,22,41433494,41446801,ENSG00000226497,LINC02549,lncRNA,6,68226972,68329899,M0,8735,3226,-0.011878509,1.516774865,1.20366888095033e-05,0.001969125,0.075048902,0.347151089,-0.017650056,No Mediation,No Mediation,No Mediation,M3,M3,59,19,19,1
3227,chrX_6863006_A_C_b38,ENSG00000101846,STS,protein_coding,X,7147237,7804358,ENSG00000258412,,lncRNA,14,96210860,96214818,M0,8741,3227,0.004408297,1.112925618,-0.000133112,0.009635061,-0.063344165,0.274918753,-0.098263521,No Mediation,No Mediation,No Mediation,M0.2,M0.2,51,35,35,7
3228,chr17_42414633_T_C_b38,ENSG00000267060,PTGES3L,protein_coding,17,42968088,42980433,ENSG00000164794,KCNV1,protein_coding,8,109963636,109975771,M3,8743,3228,0.00139983,0.206577197,3.50146415027001e-05,0.007939679,-0.129785112,-0.170920509,-0.005413326,No Mediation,No Mediation,No Mediation,M3,M3,50,41,41,2
3229,chrX_65937150_C_A_b38,ENSG00000155659,VSIG4,protein_coding,X,66021738,66040125,ENSG00000277128,,lncRNA,14,19124807,19175530,M0,8746,3229,0.928311078,102.0469194,1.06360097941352e-05,0.013171747,-0.023571125,0.185844289,0.009397512,No Mediation,No Mediation,No Mediation,M0.2,M0.2,63,41,41,1
3230,chr2_200726597_G_A_b38,ENSG00000155729,KCTD18,protein_coding,2,200488958,200519784,ENSG00000111843,TMEM14C,protein_coding,6,10722915,10731129,M3,8747,3230,0.002106568,0.7537329,0.098162926,5.99733771,0.124707899,-0.248471757,0.016285639,No Mediation,No Mediation,No Mediation,M0.2,M0.2,53,34,34,1
3231,chr2_200447940_A_G_b38,ENSG00000138356,AOX1,protein_coding,2,200586014,200677064,ENSG00000038295,TLL1,protein_coding,4,165873237,166104457,M0,8752,3231,-0.007213951,0.92807652,9.60129731049789e-05,0.011850322,-0.015038217,-0.179684722,-0.013428713,No Mediation,No Mediation,Undirected,M0.2,M0.2,53,42,42,5
3232,chrX_51464012_T_C_b38,ENSG00000196368,NUDT11,protein_coding,X,51490011,51496592,ENSG00000235699,CXorf51B,protein_coding,X,146809771,146810411,M0,8761,3232,-0.000861044,0.167765844,1.10979458820939e-05,0.003189608,-0.110725541,0.631998013,-0.007957788,No Mediation,No Mediation,No Mediation,M3,M3,37,18,18,6
3233,chrX_36941548_A_G_b38,ENSG00000147036,LANCL3,protein_coding,X,37571569,37684463,ENSG00000249017,,lncRNA,5,102500541,102505670,M0,8762,3233,0.002279955,0.10454137,-6.04E-06,0.004037681,0.079689215,0.47358626,0.077946978,No Mediation,No Mediation,No Mediation,M0.2,M0.2,57,33,33,0
3234,chr11_58615405_TGTTTTA_T_b38,ENSG00000242689,CNTF,protein_coding,11,58622665,58625733,ENSG00000269583,,lncRNA,19,43574638,43575618,M3,8764,3234,-0.001651598,0.245893063,-0.001233266,0.237097046,0.138595249,0.17599392,0.080598421,No Mediation,No Mediation,No Mediation,M0.2,M0.2,47,31,31,3
3235,chr11_46802307_C_T_b38,ENSG00000157613,CREB3L1,protein_coding,11,46277662,46321409,ENSG00000251176,,lncRNA,4,171553000,171564267,M0,8765,3235,0.007813176,0.451397056,3.34930703519291e-05,0.003122216,-0.042691084,0.193014712,-0.014353176,No Mediation,No Mediation,No Mediation,Other,Other,32,20,20,6
3236,chr1_151510039_G_T_b38,ENSG00000143393,PI4KB,protein_coding,1,151291797,151327715,ENSG00000272430,LINC02637,lncRNA,10,46632387,46635472,M0,8767,3236,0.075465374,3.427907668,0.000632379,0.263476619,-0.077953879,0.279568508,0.048513646,No Mediation,No Mediation,Undirected,M3,M3,50,45,45,5
3237,chrX_101372073_A_T_b38,ENSG00000198960,ARMCX6,protein_coding,X,101615118,101618001,ENSG00000101347,SAMHD1,protein_coding,20,36890229,36951893,M3,8768,3237,0.00416856,0.796266233,-0.68770886,27.03587244,0.125846904,0.192338484,-0.044248844,Undirected,Undirected,Undirected,M4,M3,63,30,30,1
3238,chr8_85893959_C_CGT_b38,ENSG00000253154,,lncRNA,8,85833377,85951083,ENSG00000251176,,lncRNA,4,171553000,171564267,M0,8769,3238,0.017691995,0.342851698,3.34930703519291e-05,0.003122216,0.067219309,0.210184983,0.012427637,Cis Mediated,Cis Mediated,Cis Mediated,Other,M0.1,27,14,14,6
3239,chrX_49275635_ACT_A_b38,ENSG00000126768,TIMM17B,protein_coding,X,48893447,48898143,ENSG00000253524,,lncRNA,8,36004316,36095046,M0,8772,3239,0.127545413,6.137502603,2.69804018471269e-05,0.005239235,0.063516448,0.432092962,0.010953406,No Mediation,No Mediation,No Mediation,M0.2,M0.2,57,25,25,4
3240,chr2_198317601_C_T_b38,ENSG00000115524,SF3B1,protein_coding,2,197388515,197435079,ENSG00000282111,LINC02815,lncRNA,1,229022773,229038274,M0,8779,3240,-0.248533361,10.82591407,-0.000343941,0.045788296,0.12022053,0.21326381,0.052146154,No Mediation,No Mediation,No Mediation,M0.2,M0.2,41,27,27,2
3241,chr3_46532185_A_G_b38,ENSG00000260236,,lncRNA,3,47379089,47380999,ENSG00000120833,SOCS2,protein_coding,12,93569814,93583487,M0,8788,3241,-0.000266218,0.205138146,0.009505848,1.702267108,0.083702547,0.387360898,0.021453528,No Mediation,No Mediation,No Mediation,M0.2,M0.2,52,18,18,1
3242,chrX_154704870_A_C_b38,ENSG00000185515,BRCC3,protein_coding,X,155071420,155123077,ENSG00000267219,,lncRNA,19,34348356,34359412,M0,8790,3242,0.00727039,0.483881687,0.000605255,0.120868452,-0.099979869,0.202087735,-0.0051165,No Mediation,No Mediation,No Mediation,M3,M3,51,29,29,2
3243,chr15_42813351_G_A_b38,ENSG00000128886,ELL3,protein_coding,15,43772605,43777315,ENSG00000248708,LINC02144,lncRNA,5,87665345,87733269,M0,8791,3243,-0.005595197,0.388401261,6.18057374920871e-05,0.008135013,0.077810947,0.220373252,-0.027315544,No Mediation,No Mediation,No Mediation,M0.2,M0.2,54,41,41,2
3244,chr16_31648181_A_G_b38,ENSG00000197302,ZNF720,protein_coding,16,31713229,31794869,ENSG00000178645,C10orf53,protein_coding,10,49679651,49710261,M0,8793,3244,0.001496388,0.131569657,1.24453099135226e-05,0.004891098,-0.095143698,-0.179493804,0.031427532,No Mediation,No Mediation,No Mediation,M3,M3,47,26,26,3
3245,chrX_102677776_C_T_b38,ENSG00000198932,GPRASP1,protein_coding,X,102651092,102659083,ENSG00000248816,,lncRNA,4,182697902,182708042,M0,8808,3245,-0.002876764,0.641517263,-3.01E-05,0.005291929,0.010057572,0.278666549,-0.003748704,No Mediation,No Mediation,Cis Mediated,M0.2,M0.2,53,24,24,2
3246,chr2_95726448_C_T_b38,ENSG00000275111,ZNF2,protein_coding,2,95165432,95184317,ENSG00000260277,,lncRNA,16,22083256,22092485,M0,8816,3246,0.001371282,0.200540942,-0.000351819,0.143085252,0.103400182,0.172020688,0.092540761,Cis Mediated,Undirected,Undirected,M4,M3,52,28,28,0
3247,chrX_78689119_T_C_b38,ENSG00000226784,PGAM4,protein_coding,X,77967949,77969638,ENSG00000232590,,lncRNA,9,73573615,73579498,M0,8820,3247,-0.000900388,0.185100974,1.2593369698532e-05,0.00351935,-0.100163562,0.299134193,-0.055092872,No Mediation,No Mediation,No Mediation,M3,M0.2,51,39,39,1
3248,chr16_46714481_C_G_b38,ENSG00000261512,,lncRNA,16,46622861,46624451,ENSG00000250158,,lncRNA,5,96247776,96278751,M0,8823,3248,-0.00340965,2.600452234,-1.48E-05,0.022140398,-0.01171237,-0.475265827,0.049092224,No Mediation,No Mediation,Cis Mediated,M0.2,M0.2,50,16,16,1