"dataset","model","sample.size","effect_size","replicate","minor.freq","b.snp","b.med","SD","W_n","Z_n","K_n","U_n","n.resamples","R2.T1.U","R2.T2.U","truth.model","n.true.confs","true.confs","CSq.n.selected","CSq.n.tp","CSq.n.fp","CSq.n.fn","CSq.n.fp.other.trio","CSq.has.common.child","CSq.has.intermediate","CSq.selected","CSa.n.selected","CSa.n.tp","CSa.n.fp","CSa.n.fn","CSa.n.fp.other.trio","CSa.has.common.child","CSa.has.intermediate","CSa.selected","CSq.filter_int_child","CSa.filter_int_child","mrgn.truth.model","mrgn.truth.correct","mrgn.truth.correct.coarse","mrgn.truth.time.seconds","mrgn.truth.boot.model","mrgn.truth.boot.min.edge.prob","mrgn.truth.boot.p.V1T1","mrgn.truth.boot.p.T1T2","mrgn.truth.boot.p.V1T2","mrgn.truth.boot.p.T2T1","mrgn.truth.bootstrap.time.seconds","mrgn.truth.error","mrgn.CSq.model","mrgn.CSq.correct","mrgn.CSq.correct.coarse","mrgn.CSq.time.seconds","mrgn.CSq.boot.model","mrgn.CSq.boot.min.edge.prob","mrgn.CSq.boot.p.V1T1","mrgn.CSq.boot.p.T1T2","mrgn.CSq.boot.p.V1T2","mrgn.CSq.boot.p.T2T1","mrgn.CSq.bootstrap.time.seconds","mrgn.CSq.error","mrgn.CSa.model","mrgn.CSa.correct","mrgn.CSa.correct.coarse","mrgn.CSa.time.seconds","mrgn.CSa.boot.model","mrgn.CSa.boot.min.edge.prob","mrgn.CSa.boot.p.V1T1","mrgn.CSa.boot.p.T1T2","mrgn.CSa.boot.p.V1T2","mrgn.CSa.boot.p.T2T1","mrgn.CSa.bootstrap.time.seconds","mrgn.CSa.error"
1,"model0",670,"small",1,0.29,0.317581494059414,0.119042147463188,1,1,0,3,19,1,0.416868634743781,0.465353291501493,"M0.1",19,"U1.1;U2.1;U3.1;U4.1;U5.1;U6.1;U7.1;U8.1;U9.1;U10.1;U11.1;U12.1;U13.1;U14.1;U15.1;U16.1;U17.1;U18.1;U19.1",17,17,0,2,0,FALSE,FALSE,"U1.1;U2.1;U3.1;U4.1;U5.1;U6.1;U7.1;U8.1;U9.1;U10.1;U11.1;U12.1;U13.1;U15.1;U17.1;U18.1;U19.1",101,18,83,1,82,FALSE,TRUE,"U1.1;U2.1;U3.1;U4.1;U5.1;U6.1;U7.1;U8.1;U9.1;U10.1;U11.1;U12.1;U13.1;U15.1;U16.1;U17.1;U18.1;U19.1;W1.1;U4.2;U5.7;U3.12;U8.16;U25.17;U8.19;U37.21;U3.24;U11.28;U23.39;U10.40;U30.40;U8.51;U16.58;U29.58;U34.61;U28.62;U10.64;U25.64;U6.65;U34.76;U44.76;U10.79;U2.86;U4.93;W1.93;U3.96;U7.97;U36.98;U20.102;U8.104;U14.118;U25.118;U10.119;U8.130;U35.133;U3.142;U41.142;U19.147;U19.149;U16.155;U9.157;U16.163;U33.168;U5.169;U32.171;U6.177;U32.185;U19.190;U38.191;U2.213;U13.214;U20.219;U1.229;W1.229;U17.230;U19.232;U6.238;U10.238;U13.238;U29.239;U8.242;U22.248;U2.253;U5.254;U12.261;U8.262;U25.270;W1.270;U16.273;U23.273;U3.274;U21.274;U26.274;U1.279;U30.287;U11.288;U25.292;U17.295;U27.297;U32.297;U11.300",TRUE,TRUE,"M0.1",TRUE,TRUE,0.016956090927124,NA,NA,NA,NA,NA,NA,NA,NA,"M1.1",FALSE,FALSE,0.00784111022949219,NA,NA,NA,NA,NA,NA,NA,NA,"M0.1",TRUE,TRUE,0.0298988819122314,NA,NA,NA,NA,NA,NA,NA,NA
2,"model1",670,"small",1,0.39,0.228025308810174,0.295674874028191,1,1,0,3,27,1,0.49722968864547,0.430586322272709,"M1.1",27,"U1.2;U2.2;U3.2;U4.2;U5.2;U6.2;U7.2;U8.2;U9.2;U10.2;U11.2;U12.2;U13.2;U14.2;U15.2;U16.2;U17.2;U18.2;U19.2;U20.2;U21.2;U22.2;U23.2;U24.2;U25.2;U26.2;U27.2",19,16,3,11,2,FALSE,TRUE,"U2.2;U3.2;U4.2;U5.2;U6.2;U8.2;U11.2;U12.2;U13.2;U14.2;U15.2;U16.2;U19.2;U22.2;U23.2;U26.2;W1.2;U20.129;U5.298",114,25,89,2,88,FALSE,TRUE,"U14.1;U1.2;U2.2;U3.2;U4.2;U5.2;U6.2;U7.2;U8.2;U9.2;U10.2;U11.2;U12.2;U13.2;U14.2;U15.2;U16.2;U17.2;U18.2;U19.2;U20.2;U22.2;U23.2;U24.2;U25.2;U26.2;W1.2;U5.3;U10.19;U20.21;U41.31;U3.36;U3.44;U35.44;U3.49;U32.50;U10.51;U11.52;U28.53;U27.54;U37.59;U17.60;U16.61;U21.62;U17.65;U41.76;U27.79;U38.79;U45.79;U18.90;U8.92;U3.94;U12.99;U14.101;U42.104;U1.106;U20.116;U3.119;U20.129;U7.130;U24.130;U15.134;U14.137;U8.142;U4.151;U1.154;U11.161;U28.163;U29.163;U10.164;U6.171;U22.172;U13.174;U12.178;U18.179;U37.181;U45.185;U22.189;U20.191;U29.191;U3.194;U9.199;W1.200;U24.205;U27.213;U50.213;U16.221;U20.222;U13.224;U6.229;U21.229;U15.241;U33.243;U10.244;U13.255;U7.257;U9.258;U34.262;U17.264;U3.272;U23.273;W1.273;U26.274;U3.275;U8.278;U26.281;U31.285;U2.287;U13.293;U6.294;U8.295;U15.297;U24.297;U5.298",TRUE,TRUE,"M1.1",TRUE,TRUE,0.0110518932342529,NA,NA,NA,NA,NA,NA,NA,NA,"M1.1",TRUE,TRUE,0.00604605674743652,NA,NA,NA,NA,NA,NA,NA,NA,"M1.1",TRUE,TRUE,0.0374190807342529,NA,NA,NA,NA,NA,NA,NA,NA
3,"model2",670,"small",1,0.08,0.148354986961931,0.210009341593832,1,1,0,3,23,1,0.448505889522124,0.521514189926093,"M2.1",23,"U1.3;U2.3;U3.3;U4.3;U5.3;U6.3;U7.3;U8.3;U9.3;U10.3;U11.3;U12.3;U13.3;U14.3;U15.3;U16.3;U17.3;U18.3;U19.3;U20.3;U21.3;U22.3;U23.3",18,16,2,7,1,FALSE,TRUE,"U1.3;U2.3;U3.3;U4.3;U6.3;U7.3;U9.3;U10.3;U12.3;U13.3;U14.3;U15.3;U18.3;U19.3;U20.3;U22.3;W1.3;U15.57",108,20,88,3,87,FALSE,TRUE,"U21.2;U1.3;U2.3;U3.3;U4.3;U5.3;U6.3;U7.3;U8.3;U9.3;U10.3;U12.3;U13.3;U14.3;U15.3;U18.3;U19.3;U20.3;U21.3;U22.3;U23.3;W1.3;U23.5;U37.5;U1.14;U29.21;U9.32;W1.32;U13.36;U14.39;U6.40;U36.44;U4.49;U21.49;U16.53;U15.57;U47.59;U27.62;U37.62;U12.69;U4.70;U5.70;U19.73;U12.79;U44.88;U5.99;U6.100;U1.105;U2.107;U10.112;U11.119;U38.122;U39.122;U41.122;U11.129;U24.131;W1.132;U19.133;U16.134;U8.139;U12.140;U4.141;U32.147;U13.151;U21.151;U2.161;U43.164;U31.168;U4.170;U12.170;U9.176;U3.183;U6.183;U27.185;U9.189;U3.190;U11.192;U32.194;U43.194;U26.197;U4.198;U13.200;U16.200;U27.201;U28.202;U10.206;U7.210;U9.216;U15.216;U34.216;U14.221;U8.237;U19.240;U10.244;U1.246;U24.246;U40.246;U38.248;U4.256;U3.257;U34.260;U19.262;U8.275;U5.277;U23.280;U28.281;U36.287;U8.299",TRUE,TRUE,"M0.1",FALSE,FALSE,0.00702285766601562,NA,NA,NA,NA,NA,NA,NA,NA,"Other",FALSE,FALSE,0.00735902786254883,NA,NA,NA,NA,NA,NA,NA,NA,"Other",FALSE,FALSE,0.0299990177154541,NA,NA,NA,NA,NA,NA,NA,NA
4,"model3",670,"small",1,0.2,0.280959927290678,0.263194491108879,1,1,0,3,3,1,0.0692112762054136,0.0288363474212944,"M3",3,"U1.4;U2.4;U3.4",3,2,1,1,1,FALSE,FALSE,"U1.4;U2.4;U12.60",69,3,66,0,65,FALSE,TRUE,"U1.4;U2.4;U3.4;W1.4;U39.5;U19.8;U25.12;U16.24;U2.28;W1.29;U18.39;U26.48;U7.49;U12.60;U18.60;U3.63;U19.64;U32.73;U23.85;U1.88;U27.97;U24.99;U3.101;U26.103;U33.103;U2.108;U33.110;U29.111;U15.116;U34.120;U1.121;U27.122;U36.122;U35.128;U38.128;U21.129;U31.133;U17.135;U23.136;U3.148;U15.149;U3.157;U2.163;U25.163;U4.164;U10.178;U9.186;U14.190;U28.197;U2.199;U14.205;U1.207;U12.223;U32.224;U7.235;U11.237;U33.250;U5.252;U33.254;U25.258;U15.259;U20.262;U15.273;U13.282;U8.288;U10.294;U5.297;U38.297;U2.300",TRUE,TRUE,"M3",TRUE,TRUE,0.00316190719604492,NA,NA,NA,NA,NA,NA,NA,NA,"M3",TRUE,TRUE,0.00267601013183594,NA,NA,NA,NA,NA,NA,NA,NA,"M3",TRUE,TRUE,0.0164659023284912,NA,NA,NA,NA,NA,NA,NA,NA
5,"model4",670,"small",1,0.41,0.128117094747722,0.298530749836937,1,1,0,3,42,1,0.623548246966035,0.609360891365609,"M4",42,"U1.5;U2.5;U3.5;U4.5;U5.5;U6.5;U7.5;U8.5;U9.5;U10.5;U11.5;U12.5;U13.5;U14.5;U15.5;U16.5;U17.5;U18.5;U19.5;U20.5;U21.5;U22.5;U23.5;U24.5;U25.5;U26.5;U27.5;U28.5;U29.5;U30.5;U31.5;U32.5;U33.5;U34.5;U35.5;U36.5;U37.5;U38.5;U39.5;U40.5;U41.5;U42.5",21,20,1,22,0,FALSE,TRUE,"U2.5;U4.5;U6.5;U7.5;U8.5;U10.5;U11.5;U13.5;U21.5;U23.5;U24.5;U25.5;U29.5;U32.5;U35.5;U36.5;U38.5;U39.5;U41.5;U42.5;W1.5",112,33,79,9,78,FALSE,TRUE,"U1.5;U2.5;U4.5;U5.5;U6.5;U7.5;U8.5;U9.5;U10.5;U11.5;U12.5;U13.5;U14.5;U20.5;U21.5;U22.5;U23.5;U24.5;U25.5;U26.5;U27.5;U28.5;U29.5;U32.5;U33.5;U34.5;U35.5;U36.5;U38.5;U39.5;U40.5;U41.5;U42.5;W1.5;U10.6;U14.7;U21.7;U16.8;U19.8;U35.10;U7.26;U2.32;U1.43;U6.51;U31.52;U26.60;U27.69;U29.71;U22.79;U17.81;U10.93;U1.94;U16.95;U23.103;U41.106;U4.108;U30.110;U22.111;U29.111;U2.116;U19.120;U3.122;W1.122;U17.145;U21.149;U24.150;U13.156;W1.159;U3.165;U14.172;U26.172;U8.173;U22.178;U20.179;U10.185;U49.185;U6.186;U9.186;U10.186;U9.190;U11.193;U10.194;U33.194;U10.200;U11.205;U18.206;U29.206;W1.214;U3.223;U19.226;U18.227;U20.229;U1.232;U22.232;U4.236;U38.239;U9.241;U16.248;U12.256;U42.258;U31.260;U12.264;U19.264;U31.273;U36.273;W1.275;U19.285;U8.286;U11.288;U18.289;U22.297;U3.300",TRUE,TRUE,"Other",FALSE,FALSE,0.0350339412689209,NA,NA,NA,NA,NA,NA,NA,NA,"Other",FALSE,FALSE,0.00970292091369629,NA,NA,NA,NA,NA,NA,NA,NA,"Other",FALSE,FALSE,0.0250329971313477,NA,NA,NA,NA,NA,NA,NA,NA
6,"model0",670,"medium",1,0.1,0.827982575399801,0.384667922370136,1,1,0,3,15,1,0.369427150310502,0.336734372594094,"M0.1",15,"U1.6;U2.6;U3.6;U4.6;U5.6;U6.6;U7.6;U8.6;U9.6;U10.6;U11.6;U12.6;U13.6;U14.6;U15.6",13,12,1,3,0,FALSE,TRUE,"U1.6;U2.6;U3.6;U5.6;U6.6;U7.6;U8.6;U9.6;U10.6;U11.6;U14.6;U15.6;W1.6",98,13,85,2,84,FALSE,TRUE,"U1.1;U4.1;U1.6;U2.6;U3.6;U5.6;U6.6;U7.6;U8.6;U9.6;U10.6;U11.6;U13.6;U14.6;U15.6;W1.6;U11.7;U10.9;U3.13;U12.16;U4.34;U9.39;U10.39;U15.40;U11.44;U16.47;U5.54;U33.59;U15.62;U21.64;U29.69;U12.71;U7.72;U11.72;U8.73;U5.76;U22.76;U47.79;U2.81;U12.85;W1.87;W1.91;U1.97;U2.97;U15.102;U4.105;U4.108;U19.111;U8.118;U4.121;U3.123;U6.123;U12.123;U17.135;U8.147;U18.147;U12.152;U2.154;U25.155;U22.156;U28.156;U6.157;U1.158;U14.170;U41.172;U25.179;U8.182;U31.189;U20.201;U21.213;U32.216;U2.218;U19.218;U31.218;U13.219;U20.219;U36.219;U1.228;U22.229;U21.239;U13.241;U2.248;U17.258;U23.260;U6.262;U22.263;U2.266;U6.268;U4.279;U23.281;U12.282;U4.284;U21.287;U34.287;U25.288;U7.289;U16.289;U13.296",TRUE,TRUE,"M0.1",TRUE,TRUE,0.00446414947509766,NA,NA,NA,NA,NA,NA,NA,NA,"M0.1",TRUE,TRUE,0.00401020050048828,NA,NA,NA,NA,NA,NA,NA,NA,"M0.1",TRUE,TRUE,0.0198700428009033,NA,NA,NA,NA,NA,NA,NA,NA
7,"model1",670,"medium",1,0.01,0.794161204714328,0.434755742596462,1,1,0,3,23,5,0.544322397952055,0.367438243264453,"M1.1",23,"U1.7;U2.7;U3.7;U4.7;U5.7;U6.7;U7.7;U8.7;U9.7;U10.7;U11.7;U12.7;U13.7;U14.7;U15.7;U16.7;U17.7;U18.7;U19.7;U20.7;U21.7;U22.7;U23.7",14,13,1,10,1,FALSE,FALSE,"U2.7;U4.7;U6.7;U7.7;U8.7;U9.7;U10.7;U13.7;U14.7;U19.7;U20.7;U21.7;U22.7;U11.264",99,21,78,2,77,FALSE,TRUE,"U5.1;U25.5;U2.7;U3.7;U4.7;U5.7;U6.7;U7.7;U8.7;U9.7;U10.7;U11.7;U12.7;U13.7;U14.7;U15.7;U17.7;U18.7;U19.7;U20.7;U21.7;U22.7;U23.7;W1.7;U2.11;U2.14;U19.21;U32.21;U17.24;U4.25;U21.25;U3.34;U28.40;U2.43;U16.48;U20.48;W1.50;U22.52;U33.52;U27.54;U32.61;U50.79;U1.81;U17.85;U31.89;U9.97;U48.98;U1.100;U28.110;U16.116;U24.116;U7.118;U41.118;U10.122;U3.128;U34.129;U1.130;U24.133;U9.134;U6.144;U9.150;U42.152;U17.161;U29.163;U40.163;U10.166;U6.178;U8.178;U25.186;U14.190;U45.191;U6.194;U11.194;U3.196;U16.200;U16.205;U35.206;U17.210;U22.210;U40.216;U17.238;W1.240;U5.242;U2.246;U37.246;U34.248;U48.248;U15.258;U31.259;W1.262;U11.264;W1.265;U6.267;U7.267;U4.276;U19.289;U9.293;U21.294;U18.297",TRUE,TRUE,"M1.1",TRUE,TRUE,0.00537705421447754,NA,NA,NA,NA,NA,NA,NA,NA,"M1.1",TRUE,TRUE,0.195317983627319,NA,NA,NA,NA,NA,NA,NA,NA,"M1.1",TRUE,TRUE,0.02040696144104,NA,NA,NA,NA,NA,NA,NA,NA
8,"model2",670,"medium",1,0.14,0.961380692897364,0.411773893330246,1,1,0,3,38,1,0.510862440136017,0.559151810443932,"M2.1",38,"U1.8;U2.8;U3.8;U4.8;U5.8;U6.8;U7.8;U8.8;U9.8;U10.8;U11.8;U12.8;U13.8;U14.8;U15.8;U16.8;U17.8;U18.8;U19.8;U20.8;U21.8;U22.8;U23.8;U24.8;U25.8;U26.8;U27.8;U28.8;U29.8;U30.8;U31.8;U32.8;U33.8;U34.8;U35.8;U36.8;U37.8;U38.8",20,18,2,20,2,FALSE,FALSE,"U1.8;U5.8;U6.8;U7.8;U10.8;U11.8;U12.8;U16.8;U18.8;U21.8;U25.8;U26.8;U27.8;U28.8;U31.8;U32.8;U34.8;U38.8;U20.150;U47.216",121,33,88,5,87,FALSE,TRUE,"U20.2;U25.5;U1.8;U3.8;U4.8;U5.8;U6.8;U7.8;U8.8;U9.8;U10.8;U11.8;U12.8;U14.8;U15.8;U16.8;U18.8;U19.8;U21.8;U22.8;U23.8;U24.8;U25.8;U26.8;U27.8;U28.8;U29.8;U30.8;U31.8;U32.8;U34.8;U35.8;U36.8;U37.8;U38.8;W1.8;U5.12;U31.17;U25.21;U2.22;U23.24;U8.28;U2.36;U21.39;U19.40;U3.42;U18.47;U18.48;U4.50;U20.51;U36.59;U10.72;U2.88;U4.93;U22.93;U2.97;U6.104;U27.106;U21.113;U12.118;U17.122;W1.123;U2.128;U4.129;U15.130;U1.131;U11.131;U34.133;U38.133;U7.134;U12.138;U11.139;U25.141;U30.142;U8.143;U3.146;U20.150;U22.151;U16.180;U16.181;U5.186;U5.189;U2.192;U11.192;U2.195;U22.197;U7.201;U20.202;U4.203;U12.205;U37.206;U43.206;U25.208;U26.214;U47.216;U16.218;U32.221;U11.238;W1.243;U4.245;U27.246;U36.246;U24.249;U15.257;U35.257;U3.261;U2.264;U12.266;U24.266;U26.275;U8.279;U6.282;U17.282;U6.285;U41.287;U15.288;U25.292;U7.294;U24.296;U37.296;U43.296",TRUE,TRUE,"M1.1",FALSE,FALSE,0.0072169303894043,NA,NA,NA,NA,NA,NA,NA,NA,"M1.1",FALSE,FALSE,0.00520610809326172,NA,NA,NA,NA,NA,NA,NA,NA,"M1.1",FALSE,FALSE,0.026123046875,NA,NA,NA,NA,NA,NA,NA,NA
9,"model3",670,"medium",1,0.14,0.953459436772391,0.339206597907469,1,1,0,3,17,1,0.320186371319443,0.31803192843115,"M3",17,"U1.9;U2.9;U3.9;U4.9;U5.9;U6.9;U7.9;U8.9;U9.9;U10.9;U11.9;U12.9;U13.9;U14.9;U15.9;U16.9;U17.9",16,12,4,5,3,FALSE,TRUE,"U1.9;U3.9;U4.9;U7.9;U8.9;U9.9;U11.9;U12.9;U13.9;U15.9;U16.9;U17.9;W1.9;W1.52;U25.185;U16.239",111,16,95,1,94,FALSE,TRUE,"U14.6;U1.9;U2.9;U3.9;U4.9;U5.9;U7.9;U8.9;U9.9;U10.9;U11.9;U12.9;U13.9;U14.9;U15.9;U16.9;U17.9;W1.9;U20.14;U17.17;U2.18;U8.19;U9.22;U7.23;U22.23;U8.34;U7.41;U1.43;U20.47;U38.47;W1.52;U2.54;U21.55;U7.57;U20.58;U31.69;U10.70;U9.71;U6.73;U9.88;U31.88;U1.97;U31.97;U4.99;U36.103;U13.104;U19.104;U31.110;U3.119;U1.120;U27.128;U40.128;U26.130;U16.132;W1.134;U12.136;U22.139;U27.139;U28.142;U4.143;U25.147;U44.147;U1.149;U30.149;U23.150;U14.152;U3.156;U26.156;U3.163;U22.163;U38.168;U43.168;U37.173;U10.176;U6.179;U15.181;U16.181;U26.181;U35.181;U22.185;U25.185;U35.186;U23.191;U46.191;U3.199;U15.200;U23.201;U9.202;U22.202;U28.204;U9.206;U9.207;U3.208;U3.215;U7.216;U39.216;U23.219;U3.223;U6.227;U34.229;U6.232;U16.239;U17.254;U27.258;U20.260;U21.266;U28.284;U9.291;U37.296;U5.297;U27.297",TRUE,TRUE,"M3",TRUE,TRUE,0.00453090667724609,NA,NA,NA,NA,NA,NA,NA,NA,"M3",TRUE,TRUE,0.00806617736816406,NA,NA,NA,NA,NA,NA,NA,NA,"M3",TRUE,TRUE,0.0267989635467529,NA,NA,NA,NA,NA,NA,NA,NA
10,"model4",670,"medium",1,0.07,0.896198667935096,0.415569735690951,1,1,0,3,38,1,0.595805267854831,0.599551208175446,"M4",38,"U1.10;U2.10;U3.10;U4.10;U5.10;U6.10;U7.10;U8.10;U9.10;U10.10;U11.10;U12.10;U13.10;U14.10;U15.10;U16.10;U17.10;U18.10;U19.10;U20.10;U21.10;U22.10;U23.10;U24.10;U25.10;U26.10;U27.10;U28.10;U29.10;U30.10;U31.10;U32.10;U33.10;U34.10;U35.10;U36.10;U37.10;U38.10",23,22,1,16,0,FALSE,TRUE,"U2.10;U3.10;U5.10;U7.10;U9.10;U11.10;U12.10;U13.10;U14.10;U15.10;U18.10;U20.10;U21.10;U24.10;U26.10;U27.10;U28.10;U29.10;U31.10;U33.10;U36.10;U37.10;W1.10",115,31,84,7,83,FALSE,TRUE,"U30.8;U1.10;U2.10;U3.10;U5.10;U6.10;U7.10;U9.10;U10.10;U11.10;U12.10;U13.10;U14.10;U15.10;U18.10;U19.10;U20.10;U21.10;U23.10;U24.10;U26.10;U27.10;U28.10;U29.10;U30.10;U31.10;U32.10;U33.10;U34.10;U36.10;U37.10;U38.10;W1.10;U23.12;U4.34;U1.45;U28.47;U35.48;U36.48;U7.50;U11.50;U27.62;U23.67;U43.76;U14.79;U16.79;U29.88;U13.94;U13.95;U17.98;U13.99;U2.102;U8.109;U4.114;U19.120;U28.120;U7.127;U10.127;U25.129;U4.133;U12.133;U13.136;U16.137;U24.142;U9.147;U21.147;U46.147;U23.149;U2.151;U25.152;U15.160;U32.163;U22.170;U11.173;U23.173;U35.183;U28.189;U5.192;U28.197;U7.204;W1.204;U43.206;U46.213;U1.220;U42.223;U34.226;U18.229;U7.230;U31.230;U15.232;U18.235;W1.235;U37.238;U25.243;U33.243;U26.245;U3.247;U25.249;U6.258;U23.261;U20.264;U10.269;U13.270;U38.274;U4.278;U4.281;U25.281;U15.284;U20.284;U39.287;U22.288;U3.291;U16.291;U9.295;U22.296",TRUE,TRUE,"M4",TRUE,TRUE,0.0096440315246582,NA,NA,NA,NA,NA,NA,NA,NA,"M4",TRUE,TRUE,0.00553107261657715,NA,NA,NA,NA,NA,NA,NA,NA,"M4",TRUE,TRUE,0.0244140625,NA,NA,NA,NA,NA,NA,NA,NA
11,"model0",670,"large",1,0.04,1.15410796296783,0.565777977695689,1,1,0,3,9,1,0.313618210384011,0.189525223719733,"M0.1",9,"U1.11;U2.11;U3.11;U4.11;U5.11;U6.11;U7.11;U8.11;U9.11",6,5,1,4,0,FALSE,TRUE,"U2.11;U5.11;U6.11;U7.11;U9.11;W1.11",83,8,75,1,74,FALSE,TRUE,"U25.5;U13.7;U2.9;U8.10;U1.11;U2.11;U4.11;U5.11;U6.11;U7.11;U8.11;U9.11;W1.11;U4.18;U12.46;U37.52;U39.52;U17.53;U10.54;U3.56;U28.59;U5.67;U49.76;U18.81;U8.85;U7.93;U28.95;U12.103;U14.109;U7.116;U7.119;U38.128;U2.131;U23.134;U7.141;U10.143;W1.143;U22.144;U18.149;U24.156;U28.156;U21.161;U19.164;U49.164;U38.173;U13.175;U5.177;U28.179;U6.180;U10.184;U23.201;U2.206;U42.206;U5.207;U8.207;U8.208;U36.213;U8.219;U18.226;U14.227;U26.229;U16.239;U31.240;W1.244;U25.246;U7.250;U25.253;U9.254;U15.255;U42.258;U9.259;U16.259;U7.264;U1.265;U6.268;U10.273;U16.275;U7.277;U21.284;U8.292;U2.293;W1.296;U5.299",TRUE,TRUE,"M0.1",TRUE,TRUE,0.00407290458679199,NA,NA,NA,NA,NA,NA,NA,NA,"M0.1",TRUE,TRUE,0.00415611267089844,NA,NA,NA,NA,NA,NA,NA,NA,"M0.1",TRUE,TRUE,0.0240788459777832,NA,NA,NA,NA,NA,NA,NA,NA
12,"model1",670,"large",1,0.3,1.37096307438333,0.837702335556969,1,1,0,3,28,1,0.408812235404659,0.503713662223599,"M1.1",28,"U1.12;U2.12;U3.12;U4.12;U5.12;U6.12;U7.12;U8.12;U9.12;U10.12;U11.12;U12.12;U13.12;U14.12;U15.12;U16.12;U17.12;U18.12;U19.12;U20.12;U21.12;U22.12;U23.12;U24.12;U25.12;U26.12;U27.12;U28.12",20,18,2,10,1,FALSE,TRUE,"U1.12;U3.12;U4.12;U5.12;U6.12;U7.12;U8.12;U9.12;U12.12;U13.12;U17.12;U18.12;U21.12;U24.12;U25.12;U26.12;U27.12;U28.12;W1.12;U30.24",99,25,74,3,73,FALSE,TRUE,"U7.5;U29.8;U1.12;U3.12;U4.12;U5.12;U6.12;U7.12;U8.12;U9.12;U10.12;U11.12;U12.12;U13.12;U14.12;U16.12;U17.12;U18.12;U20.12;U21.12;U22.12;U23.12;U24.12;U25.12;U26.12;U27.12;U28.12;W1.12;U17.22;U30.24;U28.31;U2.36;U3.46;U29.47;U27.52;U41.60;U7.63;U6.72;U27.73;U15.76;U39.76;U12.88;U25.88;U36.95;U18.102;U23.102;U29.102;U45.106;U9.109;U20.113;U16.123;U7.125;U12.138;U35.142;U41.142;W1.156;U33.163;U16.171;U4.177;U3.186;U15.186;U27.190;W1.190;U18.202;U40.206;W1.216;U13.218;U5.221;U3.222;U4.223;U21.223;U14.229;U20.229;U24.229;U24.230;U29.230;U31.230;U33.230;U18.236;U35.238;U3.240;U30.240;U13.241;U20.251;U17.257;U33.257;U14.258;U4.259;U4.261;U19.261;U2.264;U22.266;U9.275;U7.283;U39.285;U27.287;U6.288;U4.294;U40.296",TRUE,TRUE,"M1.1",TRUE,TRUE,0.010261058807373,NA,NA,NA,NA,NA,NA,NA,NA,"M4",FALSE,FALSE,0.0163199901580811,NA,NA,NA,NA,NA,NA,NA,NA,"M1.1",TRUE,TRUE,0.0311038494110107,NA,NA,NA,NA,NA,NA,NA,NA
13,"model2",670,"large",1,0.04,1.10849036625586,0.847539758542553,1,1,0,3,3,1,0.111652265171578,0.135276854700779,"M2.1",3,"U1.13;U2.13;U3.13",6,3,3,0,2,FALSE,TRUE,"U1.13;U2.13;U3.13;W1.13;U12.53;U44.79",80,3,77,0,76,FALSE,TRUE,"U3.2;U29.8;U23.10;U1.13;U2.13;U3.13;W1.13;U4.16;U8.16;U6.26;U9.28;U3.31;U13.32;U3.44;U5.49;U12.53;U8.58;U15.59;U16.60;U41.62;U22.64;U24.64;U14.72;U14.76;U21.76;U1.78;U44.79;U36.89;U24.103;U5.116;U15.120;U29.120;U19.123;U25.133;U2.137;U12.141;U15.149;U29.149;U29.150;U1.151;W1.151;U37.152;U40.156;U20.161;U34.163;U11.164;U42.168;U15.171;U1.177;U1.179;U24.181;U1.185;U9.191;U22.194;U7.198;U4.200;U14.202;U27.202;U8.203;U4.208;U3.214;U5.235;U2.239;U17.242;U28.249;U2.253;U24.253;U5.258;U27.259;U16.263;U13.264;U3.270;U21.273;U23.277;U7.285;U14.285;U7.287;W1.288;U13.295;U12.297",TRUE,TRUE,"M2.1",TRUE,TRUE,0.00345706939697266,NA,NA,NA,NA,NA,NA,NA,NA,"M2.1",TRUE,TRUE,0.00304293632507324,NA,NA,NA,NA,NA,NA,NA,NA,"M1.1",FALSE,FALSE,0.0213139057159424,NA,NA,NA,NA,NA,NA,NA,NA
14,"model3",670,"large",1,0.35,1.35958966577891,0.602517514373176,1,1,0,3,22,1,0.310979108488982,0.357515048267211,"M3",22,"U1.14;U2.14;U3.14;U4.14;U5.14;U6.14;U7.14;U8.14;U9.14;U10.14;U11.14;U12.14;U13.14;U14.14;U15.14;U16.14;U17.14;U18.14;U19.14;U20.14;U21.14;U22.14",15,12,3,10,2,FALSE,TRUE,"U3.14;U5.14;U6.14;U7.14;U8.14;U9.14;U10.14;U15.14;U18.14;U19.14;U20.14;U22.14;W1.14;U35.60;U12.134",99,20,79,2,78,FALSE,TRUE,"U6.5;U16.5;U1.14;U2.14;U3.14;U4.14;U5.14;U6.14;U7.14;U8.14;U9.14;U10.14;U11.14;U13.14;U14.14;U15.14;U16.14;U18.14;U19.14;U20.14;U21.14;U22.14;W1.14;U2.20;U38.21;U3.23;U29.24;W1.24;U37.31;U13.32;U21.39;U2.46;U9.47;U35.47;U30.48;U30.50;U9.51;U7.52;U35.52;U1.57;U3.60;U35.60;U16.70;U17.75;U8.78;U11.81;U2.82;U2.83;U47.88;U7.99;U12.99;U3.102;U13.104;U17.111;U12.112;W1.120;U11.121;U13.123;U22.133;U1.134;U11.134;U12.134;U20.134;U37.134;W1.134;U22.136;U17.144;U15.155;U16.156;U8.157;U43.164;U7.168;U12.171;U7.173;U17.173;U36.173;U12.179;U5.181;U25.197;U30.201;U39.204;U19.206;U3.216;W1.223;U18.227;U3.234;W1.237;U30.248;U7.250;U3.260;U7.261;U1.262;U2.264;U21.266;U11.271;U4.277;U2.284;U21.288;U6.293",TRUE,TRUE,"M3",TRUE,TRUE,0.00607991218566895,NA,NA,NA,NA,NA,NA,NA,NA,"M3",TRUE,TRUE,0.00540590286254883,NA,NA,NA,NA,NA,NA,NA,NA,"M3",TRUE,TRUE,0.0229899883270264,NA,NA,NA,NA,NA,NA,NA,NA
15,"model4",670,"large",1,0.19,1.21743547869846,0.624417419428937,1,1,0,3,6,1,0.172276325568512,0.114427852134544,"M4",6,"U1.15;U2.15;U3.15;U4.15;U5.15;U6.15",5,4,1,2,0,FALSE,TRUE,"U1.15;U2.15;U3.15;U6.15;W1.15",94,5,89,1,88,FALSE,TRUE,"U19.14;U1.15;U2.15;U3.15;U5.15;U6.15;W1.15;U14.22;U11.31;U3.37;U19.48;U3.50;U28.50;U33.50;U1.54;U14.57;U33.59;U26.62;W1.63;U16.64;U7.75;U30.76;U41.79;U3.80;U2.86;U4.89;U32.89;U13.94;U36.98;U8.100;U5.101;U19.102;U28.102;U4.104;U9.104;U30.104;U44.104;U8.105;U28.110;U17.113;U17.123;U7.125;U1.127;U20.129;U33.129;U1.138;U4.140;U12.144;U18.144;U22.144;U9.145;U16.146;U15.149;U8.152;U28.152;W1.158;U1.163;U9.166;U22.168;U27.168;U10.172;U12.188;U34.190;U31.194;U3.197;U47.213;U28.219;U9.221;U18.221;U3.226;U16.226;U5.229;U2.230;U28.230;U9.242;U3.244;U21.249;U19.250;U15.251;U6.261;U16.263;U31.266;U32.266;U6.272;U33.274;U21.281;U14.282;U13.288;U21.289;U26.293;U8.294;U12.296;U1.298;U7.299",TRUE,TRUE,"M4",TRUE,TRUE,0.00346779823303223,NA,NA,NA,NA,NA,NA,NA,NA,"M4",TRUE,TRUE,0.00382781028747559,NA,NA,NA,NA,NA,NA,NA,NA,"M4",TRUE,TRUE,0.02146315574646,NA,NA,NA,NA,NA,NA,NA,NA
16,"model0",670,"small",2,0.27,0.218442564550787,0.23037073793821,1,1,0,3,13,1,0.314438323621452,0.331681786242262,"M0.1",13,"U1.16;U2.16;U3.16;U4.16;U5.16;U6.16;U7.16;U8.16;U9.16;U10.16;U11.16;U12.16;U13.16",11,9,2,4,1,FALSE,TRUE,"U3.16;U4.16;U6.16;U7.16;U8.16;U9.16;U10.16;U12.16;U13.16;W1.16;U10.46",85,12,73,1,72,FALSE,TRUE,"U3.4;U8.7;U14.9;U1.16;U3.16;U4.16;U5.16;U6.16;U7.16;U8.16;U9.16;U10.16;U11.16;U12.16;U13.16;W1.16;U4.24;U12.25;U26.25;U9.34;W1.37;U3.43;U10.46;U2.48;U20.50;U7.56;U11.57;U20.64;U2.66;U8.67;U15.68;U2.73;U12.75;U13.79;U17.94;U20.95;U12.97;U7.102;U39.104;U1.106;U2.106;U34.106;U6.109;U10.111;U39.122;U11.128;U20.129;U27.133;U15.139;U26.141;U12.144;U13.146;U8.147;U13.150;U5.164;U2.172;U10.181;U31.185;U43.190;U26.191;U7.203;U23.206;U6.211;U20.216;U8.220;U16.221;U19.221;U44.226;U30.229;U20.230;U23.230;U33.230;U11.232;U1.240;U1.242;U14.258;U30.258;U37.260;U19.273;U39.274;U23.277;U4.283;U5.284;U29.293;U24.297",TRUE,TRUE,"M0.1",TRUE,TRUE,0.004119873046875,NA,NA,NA,NA,NA,NA,NA,NA,"M0.1",TRUE,TRUE,0.00385093688964844,NA,NA,NA,NA,NA,NA,NA,NA,"M0.1",TRUE,TRUE,0.0158970355987549,NA,NA,NA,NA,NA,NA,NA,NA
17,"model1",670,"small",2,0.2,0.467828917317092,0.146856626542285,1,1,0,3,32,1,0.506965536636885,0.533676292701682,"M1.1",32,"U1.17;U2.17;U3.17;U4.17;U5.17;U6.17;U7.17;U8.17;U9.17;U10.17;U11.17;U12.17;U13.17;U14.17;U15.17;U16.17;U17.17;U18.17;U19.17;U20.17;U21.17;U22.17;U23.17;U24.17;U25.17;U26.17;U27.17;U28.17;U29.17;U30.17;U31.17;U32.17",22,20,2,12,2,FALSE,FALSE,"U1.17;U2.17;U3.17;U4.17;U6.17;U7.17;U8.17;U10.17;U12.17;U15.17;U18.17;U20.17;U21.17;U22.17;U24.17;U26.17;U27.17;U28.17;U29.17;U32.17;U12.87;U39.227",103,27,76,5,75,FALSE,TRUE,"U11.1;U4.7;U6.16;U1.17;U2.17;U3.17;U4.17;U6.17;U7.17;U8.17;U9.17;U10.17;U11.17;U12.17;U14.17;U15.17;U16.17;U17.17;U18.17;U19.17;U20.17;U21.17;U22.17;U23.17;U24.17;U26.17;U27.17;U28.17;U29.17;U32.17;W1.17;U6.24;U18.24;U20.24;U12.36;U31.39;U1.43;U35.44;U19.51;U13.54;U9.60;U16.65;U18.65;U24.69;U23.71;U31.71;U10.73;U7.75;W1.84;U12.87;U5.88;U31.89;U43.89;U21.95;U25.95;U32.97;U27.99;U14.103;U36.104;U26.106;U40.118;U8.122;U14.134;U18.147;U15.151;U21.161;U25.163;U9.170;U38.172;U19.174;U5.178;U27.183;U15.186;U12.189;U7.196;W1.201;U17.206;U10.207;U5.216;U18.219;U1.222;U14.223;U39.227;U11.231;U22.232;U2.234;U11.235;U27.240;U22.246;U23.253;U8.260;U30.264;U10.270;U5.274;U4.280;U16.281;U4.282;U3.287;U28.287;U13.291;W1.295;U38.296;W1.299",TRUE,TRUE,"M1.1",TRUE,TRUE,0.00652194023132324,NA,NA,NA,NA,NA,NA,NA,NA,"M1.1",TRUE,TRUE,0.00498604774475098,NA,NA,NA,NA,NA,NA,NA,NA,"M1.1",TRUE,TRUE,0.0264129638671875,NA,NA,NA,NA,NA,NA,NA,NA
18,"model2",670,"small",2,0.13,0.316364631894976,0.248874476365745,1,1,0,3,4,1,0.0736789647925985,0.0986659419753403,"M2.1",4,"U1.18;U2.18;U3.18;U4.18",7,4,3,0,2,FALSE,TRUE,"U1.18;U2.18;U3.18;U4.18;W1.18;U2.149;U10.277",83,4,79,0,78,FALSE,TRUE,"U7.3;U18.3;U10.7;U1.18;U2.18;U3.18;U4.18;W1.18;U1.19;U19.21;U21.39;U3.43;U3.46;U18.49;U8.50;U25.51;U11.55;U23.58;U9.60;U1.61;U3.67;U17.67;U11.68;U16.79;U36.79;U20.81;W1.85;U39.89;U10.92;U7.94;U19.97;U17.103;U7.106;U10.106;U10.111;U16.120;U5.126;U7.129;U28.130;U2.134;U22.142;U2.149;U36.152;U11.153;U2.155;U1.167;U6.167;U6.175;U21.180;U19.183;U21.189;U14.191;U1.198;U8.200;U26.205;U27.205;U28.206;U26.213;U32.216;U33.216;U16.219;U9.234;U30.239;U15.246;U7.248;U21.249;U23.249;U33.250;U25.253;U21.264;U10.271;U38.274;U28.275;U10.277;U16.281;U25.281;U16.291;U26.292;U6.293;U35.293;U23.296;U38.296;U1.298",TRUE,TRUE,"M1.1",FALSE,FALSE,0.00378513336181641,NA,NA,NA,NA,NA,NA,NA,NA,"M1.1",FALSE,FALSE,0.00601720809936523,NA,NA,NA,NA,NA,NA,NA,NA,"Other",FALSE,FALSE,0.0372838973999023,NA,NA,NA,NA,NA,NA,NA,NA
19,"model3",670,"small",2,0.24,0.304851689375937,0.183041555946693,1,1,0,3,29,1,0.417219121299263,0.509763785313905,"M3",29,"U1.19;U2.19;U3.19;U4.19;U5.19;U6.19;U7.19;U8.19;U9.19;U10.19;U11.19;U12.19;U13.19;U14.19;U15.19;U16.19;U17.19;U18.19;U19.19;U20.19;U21.19;U22.19;U23.19;U24.19;U25.19;U26.19;U27.19;U28.19;U29.19",17,15,2,14,1,FALSE,TRUE,"U1.19;U8.19;U9.19;U10.19;U12.19;U13.19;U14.19;U16.19;U17.19;U18.19;U19.19;U20.19;U25.19;U27.19;U28.19;W1.19;U6.28",99,22,77,7,76,FALSE,TRUE,"U7.2;U37.5;U4.7;U7.9;U1.19;U5.19;U6.19;U7.19;U8.19;U9.19;U10.19;U11.19;U12.19;U13.19;U14.19;U16.19;U17.19;U18.19;U19.19;U20.19;U22.19;U23.19;U25.19;U27.19;U28.19;U29.19;W1.19;U6.22;U16.22;U6.28;U38.31;U1.46;U9.46;U17.47;W1.52;U15.60;U43.62;U1.70;U15.72;U31.79;U7.92;U15.93;U18.93;U22.98;U12.101;U13.101;U1.104;U3.116;U41.118;U4.121;U29.129;U24.131;U24.133;U28.134;U2.139;U3.141;U40.142;U7.147;U1.161;U13.161;U45.163;U5.171;U5.176;U12.178;U19.179;U50.185;U14.186;U20.188;U21.189;U15.191;U8.199;U15.202;U27.205;U11.206;U9.207;U21.210;U18.221;U7.223;U16.224;U15.230;U4.232;U13.232;U14.236;U4.243;U20.243;U5.251;U8.253;U27.262;U5.272;U16.274;U27.274;U18.282;U32.285;U10.288;U10.290;U6.291;U10.294;U7.297;U35.297",TRUE,TRUE,"M3",TRUE,TRUE,0.00753498077392578,NA,NA,NA,NA,NA,NA,NA,NA,"M3",TRUE,TRUE,0.00717306137084961,NA,NA,NA,NA,NA,NA,NA,NA,"M0.2",FALSE,FALSE,0.0207769870758057,NA,NA,NA,NA,NA,NA,NA,NA
20,"model4",670,"small",2,0.36,0.406298216525465,0.168770538223907,1,1,0,3,11,1,0.272968530494067,0.207286667919972,"M4",11,"U1.20;U2.20;U3.20;U4.20;U5.20;U6.20;U7.20;U8.20;U9.20;U10.20;U11.20",13,9,4,2,3,FALSE,TRUE,"U1.20;U2.20;U4.20;U5.20;U6.20;U8.20;U9.20;U10.20;U11.20;W1.20;U20.113;U16.136;U3.195",87,11,76,0,75,FALSE,TRUE,"U12.10;U7.11;U13.16;U17.17;U1.20;U2.20;U3.20;U4.20;U5.20;U6.20;U7.20;U8.20;U9.20;U10.20;U11.20;W1.20;U36.21;U18.22;U20.22;U7.30;U24.39;U9.49;U27.50;U13.53;U15.54;U11.57;U9.65;U32.69;U19.75;U12.76;U48.79;U29.97;U26.102;U29.103;U36.103;U8.113;U20.113;U24.113;W1.116;W1.121;U11.129;U1.130;U10.133;U16.136;U5.142;U19.145;U6.147;U15.150;U31.150;U15.151;U7.163;U15.164;U34.171;U20.173;U16.174;U3.195;U25.197;U6.198;U22.206;U26.206;U19.210;U2.220;U5.220;U1.221;U3.222;U13.222;U11.227;U28.227;U34.230;U18.235;U16.236;U16.241;U20.243;U24.246;U3.257;U35.260;U9.271;U10.271;U3.272;U14.273;U36.273;U16.281;U47.285;U8.289;U19.289;U15.295;U1.297",TRUE,TRUE,"M4",TRUE,TRUE,0.00353002548217773,NA,NA,NA,NA,NA,NA,NA,NA,"M4",TRUE,TRUE,0.00365400314331055,NA,NA,NA,NA,NA,NA,NA,NA,"M4",TRUE,TRUE,0.0226919651031494,NA,NA,NA,NA,NA,NA,NA,NA
21,"model0",670,"medium",2,0.3,0.980587123311125,0.336351362848654,1,1,0,3,38,1,0.543241392256958,0.593886611700935,"M0.1",38,"U1.21;U2.21;U3.21;U4.21;U5.21;U6.21;U7.21;U8.21;U9.21;U10.21;U11.21;U12.21;U13.21;U14.21;U15.21;U16.21;U17.21;U18.21;U19.21;U20.21;U21.21;U22.21;U23.21;U24.21;U25.21;U26.21;U27.21;U28.21;U29.21;U30.21;U31.21;U32.21;U33.21;U34.21;U35.21;U36.21;U37.21;U38.21",22,20,2,18,1,FALSE,TRUE,"U1.21;U3.21;U4.21;U9.21;U14.21;U15.21;U16.21;U17.21;U20.21;U24.21;U25.21;U26.21;U28.21;U29.21;U31.21;U33.21;U34.21;U35.21;U37.21;U38.21;W1.21;U37.190",115,30,85,8,84,FALSE,TRUE,"U16.8;U6.19;U26.19;U1.21;U3.21;U4.21;U6.21;U8.21;U9.21;U10.21;U11.21;U13.21;U14.21;U15.21;U16.21;U17.21;U18.21;U19.21;U20.21;U21.21;U24.21;U25.21;U26.21;U28.21;U29.21;U31.21;U32.21;U33.21;U34.21;U35.21;U36.21;U37.21;U38.21;W1.21;U22.22;U4.29;U24.31;U22.40;W1.41;U9.48;U18.48;U19.48;U11.49;U25.51;U27.57;U21.59;U30.60;U14.70;U38.79;U6.87;U24.90;U35.95;U8.99;U1.100;U1.101;U3.102;U14.104;U5.118;U22.122;U40.128;U19.130;W1.133;U25.142;U9.144;U37.144;U42.144;U11.146;U5.151;U23.152;U11.161;U18.168;U7.170;U21.172;U7.177;U35.185;U46.185;U8.189;U37.190;U23.191;U16.193;U16.194;U3.201;U17.204;U5.206;U3.207;U3.210;U18.213;U31.216;U8.218;U15.218;U16.222;U17.223;U19.224;U17.226;U24.232;U13.236;U11.239;U3.241;U20.246;U15.250;U3.251;U6.252;U2.256;U6.256;U9.257;U18.259;U4.260;U21.270;U21.273;U6.275;U4.278;U10.284;U5.292;U8.296;U10.297",TRUE,TRUE,"M0.1",TRUE,TRUE,0.011991024017334,NA,NA,NA,NA,NA,NA,NA,NA,"M0.1",TRUE,TRUE,0.00961518287658691,NA,NA,NA,NA,NA,NA,NA,NA,"M0.1",TRUE,TRUE,0.0311980247497559,NA,NA,NA,NA,NA,NA,NA,NA
22,"model1",670,"medium",2,0.18,0.83813086966984,0.430627363733947,1,1,0,3,22,1,0.379529882042738,0.455700380127719,"M1.1",22,"U1.22;U2.22;U3.22;U4.22;U5.22;U6.22;U7.22;U8.22;U9.22;U10.22;U11.22;U12.22;U13.22;U14.22;U15.22;U16.22;U17.22;U18.22;U19.22;U20.22;U21.22;U22.22",15,14,1,8,0,FALSE,TRUE,"U1.22;U2.22;U3.22;U5.22;U6.22;U10.22;U11.22;U12.22;U13.22;U15.22;U17.22;U19.22;U20.22;U22.22;W1.22",96,19,77,3,76,FALSE,TRUE,"U12.1;W1.4;U22.10;W1.16;U25.19;U1.22;U2.22;U3.22;U4.22;U5.22;U6.22;U9.22;U10.22;U11.22;U12.22;U13.22;U15.22;U16.22;U17.22;U18.22;U19.22;U20.22;U21.22;U22.22;W1.22;U7.31;U12.31;U16.40;U30.48;U4.49;U25.50;U2.52;U6.55;U23.57;U26.59;U43.59;U27.62;W1.62;U4.74;U29.76;U27.89;U22.93;U17.118;U14.120;U13.122;U14.136;U22.142;U34.142;U20.144;U24.156;U8.161;U6.166;U31.171;U5.173;U17.179;U27.179;U1.180;U15.181;U10.182;U34.183;U10.186;U17.193;U12.194;U41.194;W1.199;U7.201;U11.201;W1.201;W1.203;U6.206;U23.206;U6.213;U23.214;U6.216;U2.227;U3.234;U2.243;U15.243;U8.245;U30.246;U8.247;U3.249;U26.249;U27.250;U30.254;U20.259;U32.262;U17.263;U1.264;U13.285;U22.285;W1.286;U9.287;U26.287;W1.294;U37.297",TRUE,TRUE,"M1.1",TRUE,TRUE,0.0056459903717041,NA,NA,NA,NA,NA,NA,NA,NA,"M1.1",TRUE,TRUE,0.00707197189331055,NA,NA,NA,NA,NA,NA,NA,NA,"M1.1",TRUE,TRUE,0.0242350101470947,NA,NA,NA,NA,NA,NA,NA,NA
23,"model2",670,"medium",2,0.41,0.716908942093141,0.41815488236025,1,1,0,3,22,1,0.300572682653138,0.452318009010891,"M2.1",22,"U1.23;U2.23;U3.23;U4.23;U5.23;U6.23;U7.23;U8.23;U9.23;U10.23;U11.23;U12.23;U13.23;U14.23;U15.23;U16.23;U17.23;U18.23;U19.23;U20.23;U21.23;U22.23",10,10,0,12,0,FALSE,FALSE,"U3.23;U5.23;U8.23;U9.23;U10.23;U11.23;U16.23;U17.23;U18.23;U21.23",90,17,73,5,72,FALSE,TRUE,"U9.11;U2.12;U2.14;U29.17;U2.23;U3.23;U4.23;U5.23;U6.23;U7.23;U8.23;U9.23;U10.23;U11.23;U13.23;U14.23;U16.23;U17.23;U18.23;U20.23;U21.23;W1.23;U12.24;U16.25;U4.42;U15.49;U37.50;U29.52;U13.57;U14.59;U46.59;U48.59;U32.61;U15.69;U9.81;U9.87;U16.87;U31.88;W1.89;U31.90;U19.93;U4.94;U7.99;U40.104;U7.105;U6.106;U29.110;U34.110;U13.118;U28.122;U6.125;U3.129;U15.129;U21.129;U5.131;U9.139;U25.141;U24.144;U23.150;U8.160;U20.161;U33.163;U30.164;U21.167;U24.170;U3.178;U6.180;W1.183;U3.191;U18.191;U27.204;U28.206;U19.218;U5.222;U9.222;U19.235;U36.238;U5.239;U18.240;U33.246;U17.254;U28.254;U41.254;U6.258;U7.258;U29.266;U1.280;U21.280;U15.293;U12.295",TRUE,TRUE,"M2.1",TRUE,TRUE,0.00710010528564453,NA,NA,NA,NA,NA,NA,NA,NA,"M2.1",TRUE,TRUE,0.00923418998718262,NA,NA,NA,NA,NA,NA,NA,NA,"M2.1",TRUE,TRUE,0.0221469402313232,NA,NA,NA,NA,NA,NA,NA,NA
24,"model3",670,"medium",2,0.14,0.755065217264928,0.43377294964157,1,1,0,3,30,1,0.468366343962769,0.479975322039918,"M3",30,"U1.24;U2.24;U3.24;U4.24;U5.24;U6.24;U7.24;U8.24;U9.24;U10.24;U11.24;U12.24;U13.24;U14.24;U15.24;U16.24;U17.24;U18.24;U19.24;U20.24;U21.24;U22.24;U23.24;U24.24;U25.24;U26.24;U27.24;U28.24;U29.24;U30.24",18,18,0,12,0,FALSE,FALSE,"U1.24;U2.24;U3.24;U6.24;U7.24;U8.24;U9.24;U10.24;U11.24;U15.24;U16.24;U18.24;U19.24;U21.24;U22.24;U23.24;U25.24;U26.24",121,24,97,6,97,FALSE,FALSE,"U21.5;U10.8;U11.8;U30.8;U5.19;U9.20;U1.24;U2.24;U3.24;U6.24;U7.24;U8.24;U9.24;U10.24;U11.24;U14.24;U15.24;U16.24;U17.24;U18.24;U19.24;U21.24;U22.24;U23.24;U24.24;U25.24;U26.24;U27.24;U28.24;U29.24;U5.26;U7.26;U4.28;U18.31;U18.39;U20.58;U39.59;U41.59;U20.60;U2.73;U18.76;U1.77;U2.78;U11.79;U28.89;U35.89;U10.94;U11.94;U18.99;U7.102;U12.102;U1.109;U9.109;U35.113;U5.118;U6.120;U21.120;U25.122;U5.127;U17.128;U10.131;U13.131;U24.131;U27.133;U23.134;U36.134;U14.139;U5.140;U2.141;U22.142;U16.146;U25.150;U40.152;U18.155;U16.156;U29.156;W1.157;U2.158;U44.164;U1.167;U4.167;U17.170;U3.171;U2.172;U1.174;U4.176;U18.176;U20.179;W1.182;U26.185;U43.185;U21.186;U31.186;U2.188;U6.189;U2.191;U2.197;U14.200;U3.202;U16.205;U11.213;U22.218;U28.219;U12.241;U20.245;U10.249;U19.251;U30.254;U10.259;W1.261;U30.262;U3.263;U19.266;U18.270;U33.273;U3.274;U3.277;U3.278;U8.285;U14.288;U4.291",TRUE,TRUE,"M3",TRUE,TRUE,0.0066070556640625,NA,NA,NA,NA,NA,NA,NA,NA,"M3",TRUE,TRUE,0.00524497032165527,NA,NA,NA,NA,NA,NA,NA,NA,"M3",TRUE,TRUE,0.0287339687347412,NA,NA,NA,NA,NA,NA,NA,NA
25,"model4",670,"medium",2,0.04,0.755906829144806,0.386927995225415,1,1,0,3,30,6,0.526902283214123,0.543806836326219,"M4",30,"U1.25;U2.25;U3.25;U4.25;U5.25;U6.25;U7.25;U8.25;U9.25;U10.25;U11.25;U12.25;U13.25;U14.25;U15.25;U16.25;U17.25;U18.25;U19.25;U20.25;U21.25;U22.25;U23.25;U24.25;U25.25;U26.25;U27.25;U28.25;U29.25;U30.25",20,19,1,11,0,FALSE,TRUE,"U1.25;U2.25;U6.25;U8.25;U9.25;U10.25;U12.25;U13.25;U14.25;U15.25;U16.25;U18.25;U19.25;U20.25;U21.25;U23.25;U24.25;U27.25;U30.25;W1.25",114,28,86,2,85,FALSE,TRUE,"U5.2;U1.3;U21.8;U9.10;U2.12;U5.12;U7.21;U3.22;U11.24;U1.25;U2.25;U3.25;U4.25;U5.25;U6.25;U8.25;U9.25;U10.25;U11.25;U12.25;U13.25;U14.25;U15.25;U16.25;U17.25;U18.25;U19.25;U20.25;U21.25;U22.25;U23.25;U24.25;U26.25;U27.25;U28.25;U29.25;U30.25;W1.25;U28.31;U16.40;U2.50;U27.50;U2.53;U31.53;U3.54;U2.57;U17.58;U8.60;U38.60;U26.61;U10.64;U23.67;U10.69;U30.69;U41.79;W1.79;U17.88;U9.89;U5.92;U21.95;U19.98;U29.98;U8.99;U23.103;U38.106;U15.111;U13.112;U38.118;U9.127;U49.128;U10.129;U14.131;U12.133;U24.133;W1.140;U5.144;U5.152;U45.163;U20.167;U2.172;U11.172;U34.172;U21.173;U11.177;U1.179;U13.185;U43.185;U9.190;U30.191;U32.194;U26.201;U33.205;U13.206;U49.206;U46.216;U2.222;U6.222;U10.226;W1.228;U11.229;U36.232;W1.236;U39.239;U12.250;U24.259;U16.261;U3.263;U10.267;U43.274;U15.275;U9.278;U18.281;U2.288;U20.293",TRUE,TRUE,"M1.2",FALSE,FALSE,0.00901889801025391,NA,NA,NA,NA,NA,NA,NA,NA,"M1.2",FALSE,FALSE,0.00601410865783691,NA,NA,NA,NA,NA,NA,NA,NA,"M1.2",FALSE,FALSE,0.0290291309356689,NA,NA,NA,NA,NA,NA,NA,NA
26,"model0",670,"large",2,0.2,1.47201726795174,0.627073903102428,1,1,0,3,18,1,0.255527202129459,0.38654906132635,"M0.1",18,"U1.26;U2.26;U3.26;U4.26;U5.26;U6.26;U7.26;U8.26;U9.26;U10.26;U11.26;U12.26;U13.26;U14.26;U15.26;U16.26;U17.26;U18.26",12,11,1,7,0,FALSE,TRUE,"U1.26;U4.26;U5.26;U6.26;U7.26;U8.26;U9.26;U10.26;U12.26;U14.26;U18.26;W1.26",93,16,77,2,76,FALSE,TRUE,"U8.1;U29.10;U2.13;U1.26;U2.26;U3.26;U4.26;U5.26;U6.26;U7.26;U8.26;U9.26;U10.26;U12.26;U13.26;U14.26;U15.26;U16.26;U18.26;W1.26;U2.31;U42.33;U20.44;U37.44;U4.45;U10.48;U13.48;U20.48;U15.49;U32.50;U13.51;U14.53;U11.55;U9.58;U5.62;W1.62;U7.63;U17.71;U17.73;U3.74;U8.78;U46.79;U11.85;U42.88;U19.90;U32.90;W1.91;U12.96;U11.103;U9.105;U21.111;U12.118;U45.118;U11.134;U20.134;U37.134;U26.139;U7.149;U13.149;U36.152;U16.156;U17.163;U4.170;U13.171;U4.177;U33.183;U13.191;U34.194;U10.205;U34.205;U1.209;U32.213;U28.221;U8.223;U18.224;U8.226;U6.230;U32.230;U7.244;U1.253;W1.253;U40.254;U29.257;U8.258;U14.259;U14.260;W1.265;U43.274;U21.277;U15.281;U16.290;U14.294;U27.296",TRUE,TRUE,"M0.1",TRUE,TRUE,0.00648713111877441,NA,NA,NA,NA,NA,NA,NA,NA,"M0.1",TRUE,TRUE,0.00615096092224121,NA,NA,NA,NA,NA,NA,NA,NA,"M0.1",TRUE,TRUE,0.0240709781646729,NA,NA,NA,NA,NA,NA,NA,NA
27,"model1",670,"large",2,0.16,1.10851868346799,0.665323674096726,1,1,0,3,9,1,0.0861951173593168,0.132469886524046,"M1.1",9,"U1.27;U2.27;U3.27;U4.27;U5.27;U6.27;U7.27;U8.27;U9.27",6,5,1,4,0,FALSE,TRUE,"U2.27;U3.27;U4.27;U6.27;U7.27;W1.27",74,6,68,3,67,FALSE,TRUE,"U5.1;U23.8;U25.8;U18.14;W1.16;U4.21;U13.22;U21.24;U2.27;U3.27;U4.27;U6.27;U7.27;U9.27;W1.27;U7.36;U31.44;U2.51;U14.51;U40.59;U31.67;U22.71;U24.73;U12.75;U18.76;U32.89;U35.89;U9.93;U25.95;U20.97;U29.97;U15.98;U6.99;U5.101;U21.102;U9.105;U7.113;U11.118;W1.127;U13.141;U5.144;U10.147;U49.147;U2.149;U14.150;U25.155;U28.164;U5.176;U8.178;U22.180;U30.180;U29.183;U8.192;U3.202;U26.204;U27.218;U11.219;U33.223;U28.232;U2.238;U26.238;U2.248;U46.248;U20.250;U27.253;U16.258;U25.258;U34.274;U46.274;U8.280;U19.282;U1.288;U2.293;U26.297",TRUE,TRUE,"M1.1",TRUE,TRUE,0.0057370662689209,NA,NA,NA,NA,NA,NA,NA,NA,"M1.1",TRUE,TRUE,0.00372505187988281,NA,NA,NA,NA,NA,NA,NA,NA,"M1.1",TRUE,TRUE,0.0182039737701416,NA,NA,NA,NA,NA,NA,NA,NA
28,"model2",670,"large",2,0.34,1.12687831034418,0.585497228079475,1,1,0,3,17,1,0.263499948699582,0.318735105197229,"M2.1",17,"U1.28;U2.28;U3.28;U4.28;U5.28;U6.28;U7.28;U8.28;U9.28;U10.28;U11.28;U12.28;U13.28;U14.28;U15.28;U16.28;U17.28",12,11,1,6,0,FALSE,TRUE,"U2.28;U3.28;U6.28;U9.28;U10.28;U11.28;U12.28;U13.28;U14.28;U15.28;U17.28;W1.28",102,15,87,2,86,FALSE,TRUE,"U32.5;U6.8;U10.14;U1.28;U2.28;U3.28;U4.28;U5.28;U6.28;U7.28;U9.28;U10.28;U11.28;U12.28;U13.28;U14.28;U15.28;U17.28;W1.28;U2.33;W1.37;U31.50;U26.51;U12.53;U4.59;U34.59;U20.61;U29.69;U5.72;U15.73;U19.73;U29.73;U12.88;U24.95;U21.99;U3.101;U4.104;U39.104;U25.113;U1.115;U28.122;U12.123;U2.125;U12.127;U5.128;U48.128;W1.128;U7.129;U6.132;U2.135;U7.135;U20.142;U49.144;U11.146;U17.147;U26.147;U31.147;U42.147;U11.163;U22.163;U24.170;U25.172;U35.172;U36.172;U17.178;U33.183;U5.185;U1.186;U3.187;U17.190;U21.191;U7.206;U41.206;U18.221;U14.226;U2.231;U18.236;U19.236;U20.240;U4.247;U13.250;U19.250;U34.250;U4.251;U4.255;U26.261;U15.262;U8.264;U17.266;U18.273;U21.273;U22.280;U17.282;U2.286;U5.286;U7.286;U11.289;U3.290;U29.292;U3.296;U39.296;W1.296",TRUE,TRUE,"M2.1",TRUE,TRUE,0.00588798522949219,NA,NA,NA,NA,NA,NA,NA,NA,"M2.1",TRUE,TRUE,0.0043950080871582,NA,NA,NA,NA,NA,NA,NA,NA,"M2.1",TRUE,TRUE,0.0255558490753174,NA,NA,NA,NA,NA,NA,NA,NA
29,"model3",670,"large",2,0.24,1.39862135367002,0.749579776776955,1,1,0,3,4,1,0.0319093356862677,0.10930881172774,"M3",4,"U1.29;U2.29;U3.29;U4.29",4,3,1,1,1,FALSE,FALSE,"U2.29;U3.29;U4.29;U24.227",80,4,76,0,75,FALSE,TRUE,"W1.10;U8.11;U13.17;U9.21;U10.23;U1.29;U2.29;U3.29;U4.29;W1.29;U9.40;U19.55;U24.58;U44.59;U14.65;U5.68;U11.81;U11.85;U25.90;U17.98;U18.103;U29.104;U11.111;U20.118;W1.121;U33.134;W1.134;U25.141;U18.142;U1.143;U2.150;U40.152;U44.152;U18.161;U4.167;U7.169;U9.170;U27.181;U14.182;U22.185;U35.188;U2.189;U2.190;U22.191;U1.192;U39.194;U11.200;U8.202;U23.205;U16.210;U16.216;U18.216;U9.218;U2.220;U9.223;U20.223;U18.224;U19.226;U10.227;U24.227;U40.227;U33.229;U1.231;W1.231;U13.249;U8.252;U32.258;U2.265;U8.266;U32.266;U2.273;U6.273;U8.278;U1.280;U24.285;U18.287;U7.291;U3.295;U46.296;U1.300",TRUE,TRUE,"M3",TRUE,TRUE,0.00308489799499512,NA,NA,NA,NA,NA,NA,NA,NA,"M3",TRUE,TRUE,0.00618290901184082,NA,NA,NA,NA,NA,NA,NA,NA,"M4",FALSE,FALSE,0.219081163406372,NA,NA,NA,NA,NA,NA,NA,NA
30,"model4",670,"large",2,0.13,1.38165472948458,0.910534506896511,1,1,0,3,8,1,0.152042479765172,0.0404943119108557,"M4",8,"U1.30;U2.30;U3.30;U4.30;U5.30;U6.30;U7.30;U8.30",9,6,3,2,2,FALSE,TRUE,"U1.30;U2.30;U5.30;U6.30;U7.30;U8.30;W1.30;U14.123;U20.172",107,7,100,1,99,FALSE,TRUE,"U18.7;U22.7;U6.11;U2.15;U10.20;U12.21;U12.22;U6.24;W1.24;U1.30;U2.30;U4.30;U5.30;U6.30;U7.30;U8.30;W1.30;U5.32;U7.32;W1.35;U1.41;U3.44;U3.50;U26.50;U31.50;U13.51;U19.52;U29.53;U14.57;U17.57;U9.61;U22.73;U15.79;U31.79;U39.79;U11.87;U18.89;U15.90;U33.90;U2.92;U4.96;U17.97;U6.98;U14.98;U33.98;U11.99;U27.106;U10.110;U30.110;U34.110;U21.118;U14.123;U29.130;U31.134;U35.134;U3.138;U27.142;U6.143;U40.144;U47.144;U1.146;U45.147;U13.154;U5.157;W1.160;U1.162;U21.164;U39.164;U11.171;U29.171;U20.172;U33.172;U2.179;U28.179;U2.180;U18.180;U4.183;U16.184;U24.191;U5.200;U26.204;U2.206;U4.211;U20.219;U27.221;U29.224;U14.226;U9.227;U36.227;U10.229;U23.239;U22.240;U7.247;U8.252;U13.258;U15.258;W1.259;U9.260;U23.261;U2.267;U9.273;U17.273;U14.280;U16.280;U11.282;U20.289;U28.293",TRUE,TRUE,"M1.2",FALSE,FALSE,0.00300788879394531,NA,NA,NA,NA,NA,NA,NA,NA,"M1.2",FALSE,FALSE,0.00290989875793457,NA,NA,NA,NA,NA,NA,NA,NA,"M1.2",FALSE,FALSE,0.0307159423828125,NA,NA,NA,NA,NA,NA,NA,NA
31,"model0",670,"small",3,0.12,0.202404728904367,0.108186369435862,1,1,0,3,45,1,0.648312475753647,0.630525970554616,"M0.1",45,"U1.31;U2.31;U3.31;U4.31;U5.31;U6.31;U7.31;U8.31;U9.31;U10.31;U11.31;U12.31;U13.31;U14.31;U15.31;U16.31;U17.31;U18.31;U19.31;U20.31;U21.31;U22.31;U23.31;U24.31;U25.31;U26.31;U27.31;U28.31;U29.31;U30.31;U31.31;U32.31;U33.31;U34.31;U35.31;U36.31;U37.31;U38.31;U39.31;U40.31;U41.31;U42.31;U43.31;U44.31;U45.31",24,22,2,23,1,FALSE,TRUE,"W1.6;U3.31;U4.31;U7.31;U8.31;U12.31;U13.31;U14.31;U17.31;U19.31;U22.31;U23.31;U24.31;U25.31;U27.31;U28.31;U31.31;U35.31;U36.31;U38.31;U42.31;U43.31;U44.31;W1.31",118,37,81,8,80,FALSE,TRUE,"U20.2;U4.3;W1.6;U11.14;U14.25;U15.25;U1.31;U2.31;U3.31;U4.31;U6.31;U7.31;U8.31;U9.31;U10.31;U11.31;U12.31;U13.31;U14.31;U15.31;U17.31;U19.31;U20.31;U22.31;U23.31;U24.31;U25.31;U26.31;U27.31;U28.31;U29.31;U30.31;U31.31;U32.31;U35.31;U36.31;U37.31;U38.31;U40.31;U41.31;U42.31;U43.31;U44.31;W1.31;U6.32;U13.47;U33.48;U1.53;U20.53;U25.54;U27.54;U40.59;U21.61;U8.93;U16.93;U24.95;U27.97;U4.103;U2.105;U15.112;W1.117;U29.120;U25.122;W1.124;U9.125;U8.126;U2.127;U19.128;U24.131;U15.133;U1.134;U4.135;U12.137;U7.138;U25.147;U3.149;U13.164;U30.168;U11.173;U20.173;U6.178;U10.186;U13.186;U37.188;U32.189;U36.190;U22.193;W1.201;U11.206;U9.213;U8.216;U5.221;U3.229;U5.232;U31.239;U23.240;U27.240;U8.242;U9.243;U34.246;U33.250;U7.251;U35.258;U6.260;U12.262;U5.264;U2.265;U9.274;U6.278;U15.281;U17.281;U18.281;U26.284;U6.286;U8.286;U36.287;U27.288;U13.295",TRUE,TRUE,"M0.1",TRUE,TRUE,0.0107519626617432,NA,NA,NA,NA,NA,NA,NA,NA,"M0.1",TRUE,TRUE,0.00583195686340332,NA,NA,NA,NA,NA,NA,NA,NA,"M0.1",TRUE,TRUE,0.0421841144561768,NA,NA,NA,NA,NA,NA,NA,NA
32,"model1",670,"small",3,0.48,0.22235209448263,0.175860805530101,1,1,0,3,20,1,0.474905105563516,0.47807272443127,"M1.1",20,"U1.32;U2.32;U3.32;U4.32;U5.32;U6.32;U7.32;U8.32;U9.32;U10.32;U11.32;U12.32;U13.32;U14.32;U15.32;U16.32;U17.32;U18.32;U19.32;U20.32",15,13,2,7,1,FALSE,TRUE,"U1.32;U2.32;U3.32;U4.32;U5.32;U7.32;U12.32;U13.32;U14.32;U16.32;U17.32;U18.32;U19.32;W1.32;U12.55",117,17,100,3,99,FALSE,TRUE,"W1.4;U27.10;U10.14;U10.22;U27.24;U8.25;U1.32;U2.32;U3.32;U4.32;U5.32;U6.32;U7.32;U9.32;U10.32;U12.32;U13.32;U14.32;U15.32;U16.32;U17.32;U18.32;U19.32;W1.32;U15.33;U23.33;U32.33;U2.36;U12.40;U20.51;U22.51;U12.55;U11.64;U13.69;U30.71;U1.72;U20.73;U23.75;U25.75;U15.76;U2.81;W1.81;U18.85;U29.89;U15.94;U10.96;U9.98;U8.105;W1.106;U18.116;U29.129;U31.130;U16.134;U36.134;U1.135;U5.137;W1.140;U25.142;U14.143;U5.145;U3.150;U20.150;U18.151;U7.155;U15.156;U19.156;U2.158;U38.164;U1.165;U6.167;U2.172;U19.173;U35.173;U8.180;W1.180;U9.181;U16.181;U12.182;U29.183;W1.184;U11.188;U17.189;U30.191;U17.201;U3.204;U26.208;U13.213;U25.216;U29.216;U48.216;W1.218;U19.222;U34.226;U1.232;U22.232;U29.232;U4.239;U7.239;U6.242;U19.245;U27.248;U20.253;U16.262;U37.262;U12.263;U29.264;U4.268;U16.270;U7.271;U25.275;U1.279;U1.280;U25.280;U22.293;U21.294;U4.295;U12.297",TRUE,TRUE,"M1.1",TRUE,TRUE,0.00432109832763672,NA,NA,NA,NA,NA,NA,NA,NA,"M1.1",TRUE,TRUE,0.00440692901611328,NA,NA,NA,NA,NA,NA,NA,NA,"M1.1",TRUE,TRUE,0.0242519378662109,NA,NA,NA,NA,NA,NA,NA,NA
33,"model2",670,"small",3,0.24,0.106765103340149,0.145305801974609,1,1,0,3,44,1,0.626105029959923,0.600945607190727,"M2.1",44,"U1.33;U2.33;U3.33;U4.33;U5.33;U6.33;U7.33;U8.33;U9.33;U10.33;U11.33;U12.33;U13.33;U14.33;U15.33;U16.33;U17.33;U18.33;U19.33;U20.33;U21.33;U22.33;U23.33;U24.33;U25.33;U26.33;U27.33;U28.33;U29.33;U30.33;U31.33;U32.33;U33.33;U34.33;U35.33;U36.33;U37.33;U38.33;U39.33;U40.33;U41.33;U42.33;U43.33;U44.33",22,20,2,24,1,FALSE,TRUE,"U7.33;U8.33;U10.33;U12.33;U13.33;U14.33;U17.33;U19.33;U20.33;U23.33;U24.33;U25.33;U29.33;U30.33;U33.33;U34.33;U35.33;U37.33;U38.33;U44.33;W1.33;U21.75",111,36,75,8,74,FALSE,TRUE,"U19.1;U5.2;U8.2;U22.8;U27.8;U38.10;W1.20;U22.21;U8.23;U14.23;U4.29;U17.32;U1.33;U2.33;U4.33;U5.33;U6.33;U7.33;U8.33;U9.33;U10.33;U11.33;U12.33;U13.33;U14.33;U16.33;U17.33;U18.33;U19.33;U20.33;U21.33;U23.33;U24.33;U25.33;U27.33;U28.33;U29.33;U30.33;U31.33;U32.33;U33.33;U34.33;U35.33;U37.33;U38.33;U39.33;U40.33;U44.33;W1.33;U33.44;U38.44;U1.49;U8.51;U9.64;U26.73;U21.75;U24.87;U1.92;U18.95;U19.95;U8.97;U8.98;U45.98;U9.103;U21.106;U6.118;U15.119;U31.122;U13.123;W1.124;U12.129;U26.129;U22.130;U38.134;U17.135;U6.148;U18.149;U22.151;U25.152;U16.154;U6.161;U32.163;U21.180;U4.188;U16.189;U15.192;U2.195;U20.201;U10.202;U25.227;U28.238;U37.238;U6.240;W1.247;U9.249;U1.251;U11.253;U14.253;U43.258;U5.262;W1.263;U26.264;U24.266;U35.266;W1.273;U16.274;U38.274;U15.284;U44.285;U15.289;U22.297",TRUE,TRUE,"Other",FALSE,FALSE,0.0121119022369385,NA,NA,NA,NA,NA,NA,NA,NA,"Other",FALSE,FALSE,0.0126419067382812,NA,NA,NA,NA,NA,NA,NA,NA,"Other",FALSE,FALSE,0.0431680679321289,NA,NA,NA,NA,NA,NA,NA,NA
34,"model3",670,"small",3,0.2,0.152005291637033,0.204437247244641,1,1,0,3,9,1,0.213594742712329,0.224650317293292,"M3",9,"U1.34;U2.34;U3.34;U4.34;U5.34;U6.34;U7.34;U8.34;U9.34",7,6,1,3,0,FALSE,TRUE,"U3.34;U4.34;U5.34;U6.34;U7.34;U9.34;W1.34",90,8,82,1,81,FALSE,TRUE,"U10.2;U25.2;U36.5;U11.6;U19.8;U23.8;U19.10;U1.34;U2.34;U3.34;U4.34;U5.34;U6.34;U7.34;U9.34;W1.34;U22.39;U17.40;U14.41;U26.44;U3.48;U36.48;U38.48;W1.50;U14.58;W1.58;U31.59;U19.60;U28.61;U9.64;U11.72;U9.81;U8.85;U22.87;U1.89;U12.96;U13.103;U10.104;U20.110;U2.115;U8.119;U16.119;U35.122;U18.129;U28.134;U17.136;W1.140;U9.142;U7.144;U1.148;U9.156;U39.156;U42.156;U6.158;U5.161;U30.163;U39.163;U43.164;U43.168;U39.172;U31.173;U10.186;U10.191;U19.191;U35.191;U35.205;U19.210;U9.214;U36.223;U18.224;U8.234;U24.239;U27.239;U1.243;U1.248;U37.248;U46.248;U42.254;U30.258;U35.260;U14.264;U19.264;U15.273;U40.274;U31.275;U15.277;U18.277;U10.282;U17.291;U4.297",TRUE,TRUE,"M0.2",FALSE,FALSE,0.00467705726623535,NA,NA,NA,NA,NA,NA,NA,NA,"M0.2",FALSE,FALSE,0.00396609306335449,NA,NA,NA,NA,NA,NA,NA,NA,"Other",FALSE,FALSE,0.0246129035949707,NA,NA,NA,NA,NA,NA,NA,NA
35,"model4",670,"small",3,0.09,0.149552107881755,0.11051029022783,1,1,0,3,1,1,0.00437506071184565,0.00130832630898887,"M4",1,"U1.35",2,0,2,1,1,FALSE,TRUE,"W1.35;U14.137",78,0,78,1,77,FALSE,TRUE,"W1.3;U15.12;U18.12;U4.19;U27.24;U27.25;U7.26;U13.26;U9.34;W1.35;U15.39;U12.46;U13.53;U13.58;U24.62;U35.62;U38.62;U12.64;U2.75;U6.78;U13.82;U13.85;U33.88;U18.90;U22.90;U19.92;U20.92;U11.97;U25.97;U29.97;U36.98;U3.101;U5.121;U19.123;U12.134;U14.137;U10.139;U1.155;U9.160;U31.163;U15.164;U22.164;U14.167;U1.169;U23.171;W1.183;U12.185;U41.185;U3.194;U26.194;U20.202;U12.208;U19.208;U34.213;U28.216;U40.216;U2.219;U10.219;U7.222;U19.222;U24.224;U1.227;U7.229;U23.232;W1.233;U29.239;U32.239;U31.257;U23.270;U17.274;U12.275;U22.280;U20.284;U20.289;U38.293;U19.295;U42.296;U13.300",TRUE,TRUE,"M0.2",FALSE,FALSE,0.00328207015991211,NA,NA,NA,NA,NA,NA,NA,NA,"M0.2",FALSE,FALSE,0.00262212753295898,NA,NA,NA,NA,NA,NA,NA,NA,"Other",FALSE,FALSE,0.0154850482940674,NA,NA,NA,NA,NA,NA,NA,NA
36,"model0",670,"medium",3,0.14,0.543913752306253,0.429349094070494,1,1,0,3,13,1,0.218929048017947,0.377348874326127,"M0.1",13,"U1.36;U2.36;U3.36;U4.36;U5.36;U6.36;U7.36;U8.36;U9.36;U10.36;U11.36;U12.36;U13.36",14,11,3,2,2,FALSE,TRUE,"U1.36;U3.36;U4.36;U5.36;U7.36;U8.36;U9.36;U10.36;U11.36;U12.36;U13.36;W1.36;U11.65;U6.213",93,12,81,1,80,FALSE,TRUE,"U22.2;U7.5;U17.5;U6.10;U2.13;U2.19;U4.23;U1.36;U2.36;U3.36;U4.36;U5.36;U7.36;U8.36;U9.36;U10.36;U11.36;U12.36;U13.36;W1.36;W1.39;U9.44;U17.44;U6.48;U34.48;U36.52;U30.53;U28.57;U39.62;U2.63;U11.65;U8.68;U31.71;U11.75;U6.79;U6.82;U11.85;U10.88;U11.98;U26.99;U4.102;U28.102;U12.104;U31.104;U33.106;U9.111;U31.116;U36.118;U5.123;U10.131;U5.142;U48.144;U21.147;U10.157;U1.164;U33.171;U32.173;U4.174;U14.179;U8.180;U23.185;U27.185;U23.188;U22.189;U18.190;U14.192;U1.194;U11.197;U5.201;U12.202;U18.205;U6.213;U10.214;U22.216;U36.216;U47.216;U32.218;U2.229;U24.229;U7.240;U2.242;U16.243;U8.247;U31.248;U17.250;U5.260;U6.262;U19.263;U9.273;U13.282;U28.292;U3.294;U8.299",TRUE,TRUE,"M0.1",TRUE,TRUE,0.00390100479125977,NA,NA,NA,NA,NA,NA,NA,NA,"M0.1",TRUE,TRUE,0.00371789932250977,NA,NA,NA,NA,NA,NA,NA,NA,"M0.1",TRUE,TRUE,0.0178289413452148,NA,NA,NA,NA,NA,NA,NA,NA
37,"model1",670,"medium",3,0.35,0.730098081054166,0.381428983062506,1,1,0,3,4,1,0.151607119756603,0.135161790795656,"M1.1",4,"U1.37;U2.37;U3.37;U4.37",5,4,1,0,0,FALSE,TRUE,"U1.37;U2.37;U3.37;U4.37;W1.37",82,4,78,0,77,FALSE,TRUE,"U23.5;U11.7;U3.19;U10.23;U22.25;U3.29;U1.37;U2.37;U3.37;U4.37;W1.37;U3.42;U6.50;U9.55;U26.60;U43.60;U12.72;U32.76;U38.95;U33.98;W1.100;U28.102;U5.103;U23.103;U26.106;U23.122;U38.122;U20.128;U9.130;U1.133;U9.136;U13.141;U31.147;U45.152;U3.156;U16.156;W1.162;U7.163;U17.164;U13.167;U24.171;U24.172;U27.172;U14.180;U1.188;U6.190;U20.192;U28.194;U14.202;U4.203;U4.204;U7.205;U11.210;W1.213;U5.214;U8.223;U30.224;U6.226;U23.226;U39.227;U15.232;U40.239;U1.240;U20.245;U34.246;U12.248;U3.249;U15.250;U1.252;U31.257;U41.260;U35.262;U13.263;U12.264;U30.266;U35.266;U9.280;U5.283;U27.292;U28.293;U7.294;U30.297",TRUE,TRUE,"M1.1",TRUE,TRUE,0.00292015075683594,NA,NA,NA,NA,NA,NA,NA,NA,"M1.1",TRUE,TRUE,0.0036468505859375,NA,NA,NA,NA,NA,NA,NA,NA,"M1.1",TRUE,TRUE,0.0154409408569336,NA,NA,NA,NA,NA,NA,NA,NA
38,"model2",670,"medium",3,0.2,0.720096534816548,0.471593183185905,1,1,0,3,5,1,0.0790763182730922,0.0662620343152167,"M2.1",5,"U1.38;U2.38;U3.38;U4.38;U5.38",4,3,1,2,0,FALSE,TRUE,"U3.38;U4.38;U5.38;W1.38",80,5,75,0,74,FALSE,TRUE,"U29.10;U16.17;U16.22;W1.22;U4.31;U10.33;U1.38;U2.38;U3.38;U4.38;U5.38;W1.38;U33.44;U28.50;W1.51;U12.54;U15.54;U22.62;U3.65;U19.67;U24.85;U37.98;U3.100;U3.107;U1.115;U26.118;U10.121;U11.122;U34.122;U2.127;U40.128;U7.130;W1.131;U7.139;U9.139;U11.140;U38.147;U43.147;U1.155;U4.155;U30.156;U7.161;U12.174;U1.175;U25.178;U1.181;U9.182;U12.182;U6.185;U41.185;U19.188;U36.188;U28.190;W1.194;U24.204;U18.221;U35.221;U24.224;U18.229;U16.230;U23.248;U13.249;U25.254;U38.254;U25.257;U8.259;U28.259;U24.260;U37.266;U4.267;U30.274;U28.275;U5.277;U4.281;U24.284;U13.285;U3.292;U4.293;U9.297;U44.297",TRUE,TRUE,"M2.1",TRUE,TRUE,0.00313186645507812,NA,NA,NA,NA,NA,NA,NA,NA,"M2.1",TRUE,TRUE,0.00266695022583008,NA,NA,NA,NA,NA,NA,NA,NA,"M2.1",TRUE,TRUE,0.0153501033782959,NA,NA,NA,NA,NA,NA,NA,NA
39,"model3",670,"medium",3,0.2,0.914895446505398,0.321203994983807,1,1,0,3,32,1,0.454460546514907,0.473417610002238,"M3",32,"U1.39;U2.39;U3.39;U4.39;U5.39;U6.39;U7.39;U8.39;U9.39;U10.39;U11.39;U12.39;U13.39;U14.39;U15.39;U16.39;U17.39;U18.39;U19.39;U20.39;U21.39;U22.39;U23.39;U24.39;U25.39;U26.39;U27.39;U28.39;U29.39;U30.39;U31.39;U32.39",19,17,2,15,1,FALSE,TRUE,"U2.39;U3.39;U4.39;U6.39;U9.39;U13.39;U14.39;U15.39;U18.39;U19.39;U21.39;U22.39;U23.39;U24.39;U26.39;U28.39;U29.39;W1.39;U27.213",95,25,70,7,69,FALSE,TRUE,"U6.17;U19.19;U9.26;U5.27;U42.31;U7.33;U1.39;U2.39;U3.39;U4.39;U5.39;U6.39;U9.39;U10.39;U12.39;U13.39;U14.39;U15.39;U17.39;U18.39;U19.39;U20.39;U21.39;U22.39;U23.39;U24.39;U26.39;U27.39;U28.39;U29.39;U31.39;W1.39;U2.48;U18.48;U9.49;U10.51;U14.52;U6.53;U23.62;U14.65;U30.67;U11.69;W1.86;U9.88;U21.92;U29.93;U12.98;U20.99;U13.102;U3.130;U6.131;U6.133;U13.133;U19.133;U20.139;U22.142;U29.147;U3.151;U11.157;U3.158;U38.168;U15.174;U22.179;U35.183;U10.194;U4.196;U27.213;U40.213;U40.216;U17.218;U12.226;W1.228;U3.232;U7.248;U5.252;U11.252;U23.254;U1.257;U5.260;U34.260;U31.261;U4.262;U16.262;U9.264;U4.265;U27.266;U2.267;U22.280;U7.284;U26.284;U13.285;U27.285;U21.289;U3.295;U46.296",TRUE,TRUE,"M3",TRUE,TRUE,0.00731682777404785,NA,NA,NA,NA,NA,NA,NA,NA,"M3",TRUE,TRUE,0.00522279739379883,NA,NA,NA,NA,NA,NA,NA,NA,"M3",TRUE,TRUE,0.126652002334595,NA,NA,NA,NA,NA,NA,NA,NA
40,"model4",670,"medium",3,0.21,0.692804754362442,0.458306777849793,1,1,0,3,30,1,0.528504042473683,0.503349474889215,"M4",30,"U1.40;U2.40;U3.40;U4.40;U5.40;U6.40;U7.40;U8.40;U9.40;U10.40;U11.40;U12.40;U13.40;U14.40;U15.40;U16.40;U17.40;U18.40;U19.40;U20.40;U21.40;U22.40;U23.40;U24.40;U25.40;U26.40;U27.40;U28.40;U29.40;U30.40",17,16,1,14,0,FALSE,TRUE,"U1.40;U2.40;U5.40;U6.40;U7.40;U8.40;U9.40;U10.40;U11.40;U12.40;U15.40;U17.40;U24.40;U25.40;U26.40;U29.40;W1.40",105,25,80,5,79,FALSE,TRUE,"U17.3;U29.5;U3.11;U13.16;U9.23;U4.27;U1.32;U23.39;U1.40;U2.40;U3.40;U4.40;U5.40;U6.40;U7.40;U8.40;U9.40;U10.40;U11.40;U12.40;U14.40;U15.40;U16.40;U17.40;U18.40;U19.40;U21.40;U22.40;U24.40;U25.40;U26.40;U28.40;U29.40;W1.40;U6.45;U21.47;U23.51;U13.62;U5.65;U12.68;W1.69;U27.71;U1.82;U4.82;U29.85;U12.87;U24.90;U6.99;U3.103;U7.103;U5.108;U15.110;U6.112;U35.120;U8.121;U38.122;U34.130;U19.133;U30.133;U9.138;U16.143;U29.144;U40.147;U1.150;W1.150;U5.151;U7.152;U5.154;W1.155;U16.163;U11.171;U7.180;U37.183;U9.187;U11.188;U11.189;U7.192;U5.194;U23.194;U42.194;U15.201;U27.205;U1.216;U8.218;U25.224;U8.225;U16.227;U4.241;U10.243;U22.243;U6.246;U8.253;U14.253;U28.254;U20.257;U42.257;U2.258;U28.259;U33.274;U3.280;U34.288;U13.290;U8.291;U48.296;U4.299",TRUE,TRUE,"M4",TRUE,TRUE,0.0104000568389893,NA,NA,NA,NA,NA,NA,NA,NA,"M4",TRUE,TRUE,0.00462698936462402,NA,NA,NA,NA,NA,NA,NA,NA,"M4",TRUE,TRUE,0.0223269462585449,NA,NA,NA,NA,NA,NA,NA,NA
41,"model0",670,"large",3,0.28,1.23412441811524,0.990004627383314,1,1,0,3,14,1,0.275464653267921,0.300677685061178,"M0.1",14,"U1.41;U2.41;U3.41;U4.41;U5.41;U6.41;U7.41;U8.41;U9.41;U10.41;U11.41;U12.41;U13.41;U14.41",12,11,1,3,0,FALSE,TRUE,"U1.41;U3.41;U4.41;U5.41;U6.41;U8.41;U9.41;U10.41;U12.41;U13.41;U14.41;W1.41",96,14,82,0,81,FALSE,TRUE,"U18.1;U16.10;U21.12;U24.12;U26.17;U14.24;U6.26;U8.28;U6.30;U9.31;U7.34;U9.34;U1.41;U2.41;U3.41;U4.41;U5.41;U6.41;U7.41;U8.41;U9.41;U10.41;U11.41;U12.41;U13.41;U14.41;W1.41;U25.48;U27.50;U28.54;U1.56;U16.59;U3.60;U20.61;U24.61;U21.67;U22.71;U2.83;U4.85;U11.85;U27.85;U12.92;U16.94;U17.96;U2.97;U32.97;U33.98;U6.105;U10.106;U4.111;U11.113;U42.118;U49.128;U19.129;U4.134;U21.134;U14.139;U3.141;U28.168;U10.172;U42.172;U19.174;U15.186;U32.186;U23.189;U30.189;U33.191;U29.197;U2.198;U5.202;U36.205;U10.206;U13.207;U7.210;U2.211;U12.213;U18.214;U7.230;U9.234;U4.242;U16.242;U7.243;U14.245;U21.250;U26.253;U2.254;U34.254;U8.271;U10.275;U22.284;U6.286;U38.287;U15.289;U17.292;U36.293;U26.297",TRUE,TRUE,"M0.1",TRUE,TRUE,0.0090479850769043,NA,NA,NA,NA,NA,NA,NA,NA,"M0.1",TRUE,TRUE,0.00365304946899414,NA,NA,NA,NA,NA,NA,NA,NA,"M0.1",TRUE,TRUE,0.0174520015716553,NA,NA,NA,NA,NA,NA,NA,NA
42,"model1",670,"large",3,0.39,1.4349961852422,0.818522002082318,1,1,0,3,6,1,0.116549671850547,0.0497160849889934,"M1.1",6,"U1.42;U2.42;U3.42;U4.42;U5.42;U6.42",6,4,2,2,1,FALSE,TRUE,"U2.42;U4.42;U5.42;U6.42;W1.42;U23.136",78,5,73,1,72,FALSE,TRUE,"U1.8;U15.10;U11.12;U2.13;U30.17;U19.19;U11.20;U2.21;U25.25;U6.26;U2.42;U3.42;U4.42;U5.42;U6.42;W1.42;U11.51;U3.55;U28.57;U1.58;U33.60;W1.60;U31.61;U18.68;W1.69;U25.75;U13.85;U9.87;U39.89;U27.90;U3.91;U3.98;U11.98;U5.99;U43.104;U5.116;U11.116;W1.117;U35.122;U19.133;U4.136;U23.136;U6.145;U3.148;U16.150;U16.160;U18.171;U3.181;U18.188;U19.194;U19.197;U27.201;U13.207;U12.210;U3.216;U6.218;U8.223;U18.223;U9.231;U1.234;U3.234;U21.240;U15.241;U23.246;U28.250;U30.254;U31.258;U37.258;U3.260;U7.260;U12.261;U22.270;U9.283;U16.285;U21.285;U10.287;U26.287;U7.290",TRUE,TRUE,"M1.1",TRUE,TRUE,0.00319194793701172,NA,NA,NA,NA,NA,NA,NA,NA,"M1.1",TRUE,TRUE,0.00309991836547852,NA,NA,NA,NA,NA,NA,NA,NA,"M1.1",TRUE,TRUE,0.0135788917541504,NA,NA,NA,NA,NA,NA,NA,NA
43,"model2",670,"large",3,0.05,1.06607673945837,0.808811447350308,1,1,0,3,15,1,0.356715509799038,0.346375284988497,"M2.1",15,"U1.43;U2.43;U3.43;U4.43;U5.43;U6.43;U7.43;U8.43;U9.43;U10.43;U11.43;U12.43;U13.43;U14.43;U15.43",12,10,2,5,1,FALSE,TRUE,"U2.43;U3.43;U4.43;U8.43;U9.43;U10.43;U11.43;U13.43;U14.43;U15.43;W1.43;U29.51",81,13,68,2,67,FALSE,TRUE,"U13.5;U5.7;U21.7;U5.11;U3.25;U10.28;U1.43;U2.43;U3.43;U4.43;U6.43;U7.43;U8.43;U9.43;U10.43;U11.43;U13.43;U14.43;U15.43;W1.43;W1.48;U18.51;U29.51;U10.61;U33.69;U13.72;U43.76;U7.78;U20.81;U2.87;U18.87;U17.89;U18.89;U25.89;U41.89;W1.97;U5.98;W1.102;U21.110;U12.132;U1.134;U22.144;U4.145;U15.146;U18.150;W1.155;U3.160;U33.163;U39.164;U24.167;W1.167;U27.168;U32.168;U21.171;U5.177;U14.178;U21.185;U13.186;U14.190;U46.191;U1.202;U25.208;U15.214;U26.214;U14.223;U27.229;U34.230;U9.244;U4.248;W1.250;U8.257;U36.260;U20.263;U24.264;U8.285;U42.287;U31.288;U17.290;U2.292;U18.292;W1.293",TRUE,TRUE,"M2.1",TRUE,TRUE,0.0046839714050293,NA,NA,NA,NA,NA,NA,NA,NA,"M2.1",TRUE,TRUE,0.00370907783508301,NA,NA,NA,NA,NA,NA,NA,NA,"M2.1",TRUE,TRUE,0.132037162780762,NA,NA,NA,NA,NA,NA,NA,NA
44,"model3",670,"large",3,0.21,1.24919534299988,0.833803898189217,1,1,0,3,40,1,0.557156164613402,0.588254721431788,"M3",40,"U1.44;U2.44;U3.44;U4.44;U5.44;U6.44;U7.44;U8.44;U9.44;U10.44;U11.44;U12.44;U13.44;U14.44;U15.44;U16.44;U17.44;U18.44;U19.44;U20.44;U21.44;U22.44;U23.44;U24.44;U25.44;U26.44;U27.44;U28.44;U29.44;U30.44;U31.44;U32.44;U33.44;U34.44;U35.44;U36.44;U37.44;U38.44;U39.44;U40.44",20,19,1,21,0,FALSE,TRUE,"U3.44;U7.44;U10.44;U12.44;U16.44;U17.44;U18.44;U23.44;U24.44;U26.44;U27.44;U28.44;U30.44;U31.44;U32.44;U35.44;U36.44;U38.44;U40.44;W1.44",113,29,84,11,83,FALSE,TRUE,"U15.1;U21.5;U26.10;U4.15;W1.15;U6.17;U15.25;U5.34;U14.41;U2.44;U3.44;U6.44;U7.44;U9.44;U10.44;U11.44;U12.44;U13.44;U16.44;U17.44;U18.44;U21.44;U23.44;U24.44;U25.44;U26.44;U27.44;U28.44;U30.44;U31.44;U32.44;U33.44;U34.44;U35.44;U36.44;U38.44;U39.44;U40.44;W1.44;U28.48;U21.49;U10.55;U12.55;U4.58;U13.58;U32.59;U33.60;U26.64;U13.69;U11.72;U25.73;U41.76;U1.87;U9.87;U31.87;U12.88;U16.89;U12.93;W1.93;U2.98;U5.104;U17.104;U10.105;U6.110;U6.118;U27.118;U6.123;U6.125;U17.134;U5.140;U16.140;U3.144;U8.144;U1.149;U8.171;U1.176;U14.182;U10.183;U39.183;U35.185;U12.186;U22.194;U14.197;U28.197;U8.200;U17.202;U32.205;U15.213;U30.219;U4.223;U35.226;U35.227;U20.239;U33.239;U1.240;U12.240;U10.241;U5.243;U3.244;U20.248;U13.251;U21.251;U16.260;U22.261;U2.262;U17.263;U5.272;U24.273;U3.281;U36.285;U5.286;U41.296;W1.298",TRUE,TRUE,"M3",TRUE,TRUE,0.0100080966949463,NA,NA,NA,NA,NA,NA,NA,NA,"M4",FALSE,FALSE,0.00766491889953613,NA,NA,NA,NA,NA,NA,NA,NA,"M4",FALSE,FALSE,0.0233337879180908,NA,NA,NA,NA,NA,NA,NA,NA
45,"model4",670,"large",3,0.33,1.49781535950024,0.895123727619648,1,1,0,3,8,1,0.0313221240011835,0.0577560595371704,"M4",8,"U1.45;U2.45;U3.45;U4.45;U5.45;U6.45;U7.45;U8.45",1,1,0,7,0,FALSE,FALSE,"U4.45",88,5,83,3,83,FALSE,FALSE,"U2.2;U2.3;U10.8;U19.14;U1.16;U20.23;U20.24;W1.25;U25.33;U16.40;U11.41;U1.43;U7.44;U1.45;U4.45;U5.45;U6.45;U7.45;U5.51;U28.51;U6.52;U6.53;U11.54;U17.54;W1.57;U3.65;U18.75;U9.76;U29.76;U5.79;U50.79;U18.81;U13.87;U23.89;U43.89;U4.91;U20.97;U18.103;U5.106;U16.110;U19.112;U25.113;U29.118;U12.137;U13.141;U19.142;U33.142;U7.144;U34.147;U30.149;U15.151;U8.152;U31.152;U38.164;U44.168;U10.170;U3.171;U3.172;U20.172;U21.173;U16.177;U16.183;U7.184;U41.185;U8.186;U42.188;U42.190;U3.197;U17.202;U2.206;U4.208;U4.226;U7.230;U10.236;U17.239;U12.242;U27.245;U3.246;U4.250;U31.250;U11.253;U5.264;U9.293;U12.293;U21.293;U22.296;U34.297;U6.298",TRUE,TRUE,"M1.2",FALSE,FALSE,0.00407695770263672,NA,NA,NA,NA,NA,NA,NA,NA,"M1.2",FALSE,FALSE,0.00258803367614746,NA,NA,NA,NA,NA,NA,NA,NA,"M1.2",FALSE,FALSE,0.0169439315795898,NA,NA,NA,NA,NA,NA,NA,NA
46,"model0",670,"small",4,0.19,0.199108306411654,0.161324509093538,1,1,0,3,19,1,0.448622134912079,0.36693544078153,"M0.1",19,"U1.46;U2.46;U3.46;U4.46;U5.46;U6.46;U7.46;U8.46;U9.46;U10.46;U11.46;U12.46;U13.46;U14.46;U15.46;U16.46;U17.46;U18.46;U19.46",16,15,1,4,0,FALSE,TRUE,"U2.46;U4.46;U5.46;U6.46;U7.46;U8.46;U9.46;U10.46;U12.46;U13.46;U14.46;U16.46;U17.46;U18.46;U19.46;W1.46",88,17,71,2,70,FALSE,TRUE,"U42.5;U10.7;U23.8;U9.11;U30.24;W1.39;U22.44;U2.46;U4.46;U5.46;U6.46;U7.46;U8.46;U9.46;U10.46;U11.46;U12.46;U13.46;U14.46;U15.46;U16.46;U17.46;U18.46;U19.46;W1.46;U10.50;U9.51;U14.51;U25.59;U7.65;U13.65;U19.65;U10.67;U18.75;U22.76;U12.79;U36.88;U34.98;U2.109;U15.116;U14.119;U27.122;U38.133;U7.141;U13.141;U10.147;U1.155;U1.160;U2.161;U23.171;U32.172;U1.176;U19.178;U17.181;U20.182;U14.183;U1.185;U15.188;U6.191;U21.193;U8.194;U19.194;U13.206;U16.208;U14.210;U30.221;U39.223;U3.224;U8.224;U42.226;U4.232;U9.232;U37.239;U5.240;U13.241;U20.245;U2.246;U46.254;U6.259;U7.270;U5.277;U20.280;U19.282;U8.285;U22.285;U24.289;U12.290;U40.293",TRUE,TRUE,"M0.1",TRUE,TRUE,0.00499796867370605,NA,NA,NA,NA,NA,NA,NA,NA,"M0.1",TRUE,TRUE,0.00462579727172852,NA,NA,NA,NA,NA,NA,NA,NA,"M0.1",TRUE,TRUE,0.0209999084472656,NA,NA,NA,NA,NA,NA,NA,NA
47,"model1",670,"small",4,0.3,0.18638732554391,0.108748931111768,1,1,0,3,38,1,0.550979292532937,0.65664206993281,"M1.1",38,"U1.47;U2.47;U3.47;U4.47;U5.47;U6.47;U7.47;U8.47;U9.47;U10.47;U11.47;U12.47;U13.47;U14.47;U15.47;U16.47;U17.47;U18.47;U19.47;U20.47;U21.47;U22.47;U23.47;U24.47;U25.47;U26.47;U27.47;U28.47;U29.47;U30.47;U31.47;U32.47;U33.47;U34.47;U35.47;U36.47;U37.47;U38.47",22,20,2,18,1,FALSE,TRUE,"U19.23;U1.47;U3.47;U4.47;U6.47;U7.47;U9.47;U13.47;U15.47;U16.47;U18.47;U19.47;U20.47;U22.47;U23.47;U24.47;U26.47;U27.47;U31.47;U33.47;U38.47;W1.47",114,35,79,3,78,FALSE,TRUE,"U1.1;U26.2;U9.7;W1.17;U19.23;U1.47;U2.47;U3.47;U4.47;U5.47;U6.47;U7.47;U8.47;U9.47;U11.47;U12.47;U13.47;U14.47;U15.47;U16.47;U17.47;U18.47;U19.47;U20.47;U21.47;U22.47;U23.47;U24.47;U25.47;U26.47;U27.47;U29.47;U30.47;U31.47;U32.47;U33.47;U34.47;U35.47;U37.47;U38.47;W1.47;U27.51;U28.51;U5.56;U11.57;W1.57;U13.60;U2.69;U4.69;U17.69;U7.76;U40.76;U30.79;U2.80;U12.87;U29.87;U6.98;U3.104;U14.109;U37.113;U31.116;U3.119;U5.123;U5.126;U32.130;U5.131;U3.133;U32.133;U17.134;U30.134;U8.140;U13.142;U5.143;U7.143;U28.144;U44.152;U12.154;U1.157;U7.166;U24.167;U9.168;W1.177;U15.183;U6.187;U17.190;U41.194;U43.194;W1.198;U22.204;U31.205;U4.208;U40.213;U12.214;U22.214;U27.216;U28.224;U9.227;W1.229;U1.230;U24.230;U5.235;U11.236;U30.243;U11.252;U33.259;U1.261;U7.280;U12.281;U21.284;U47.285;U1.287;U25.289;U9.295;U50.296",TRUE,TRUE,"M0.1",FALSE,FALSE,0.00809693336486816,NA,NA,NA,NA,NA,NA,NA,NA,"M0.1",FALSE,FALSE,0.00588798522949219,NA,NA,NA,NA,NA,NA,NA,NA,"M0.1",FALSE,FALSE,0.0224208831787109,NA,NA,NA,NA,NA,NA,NA,NA
48,"model2",670,"small",4,0.49,0.10820745844394,0.15805054679513,1,1,0,3,39,1,0.627205254264042,0.604058730709406,"M2.1",39,"U1.48;U2.48;U3.48;U4.48;U5.48;U6.48;U7.48;U8.48;U9.48;U10.48;U11.48;U12.48;U13.48;U14.48;U15.48;U16.48;U17.48;U18.48;U19.48;U20.48;U21.48;U22.48;U23.48;U24.48;U25.48;U26.48;U27.48;U28.48;U29.48;U30.48;U31.48;U32.48;U33.48;U34.48;U35.48;U36.48;U37.48;U38.48;U39.48",24,23,1,16,0,FALSE,TRUE,"U1.48;U5.48;U6.48;U7.48;U8.48;U9.48;U12.48;U13.48;U16.48;U20.48;U21.48;U22.48;U23.48;U24.48;U25.48;U26.48;U30.48;U31.48;U32.48;U34.48;U36.48;U37.48;U39.48;W1.48",109,32,77,7,76,FALSE,TRUE,"U19.2;U3.5;U19.5;U14.7;U4.11;U16.28;U26.40;U30.40;W1.40;U11.46;U1.48;U3.48;U4.48;U5.48;U6.48;U7.48;U8.48;U9.48;U10.48;U11.48;U12.48;U13.48;U14.48;U16.48;U19.48;U20.48;U21.48;U22.48;U23.48;U24.48;U25.48;U26.48;U29.48;U30.48;U31.48;U32.48;U33.48;U34.48;U36.48;U37.48;U38.48;U39.48;W1.48;U17.60;U1.66;U2.66;U8.67;U18.68;U27.76;U29.76;U38.76;W1.81;U10.82;U5.85;U20.89;U35.89;U10.90;U11.93;U19.103;U28.111;U3.115;U12.119;U10.127;W1.129;U22.130;U23.130;U8.133;U8.135;U2.138;U3.138;U13.146;U16.147;U15.149;W1.149;U19.152;U37.156;U9.161;U19.164;U3.171;U18.172;U22.173;U36.185;U9.190;U13.193;U36.206;U4.207;U20.224;U1.230;U4.232;U8.238;U3.239;U11.239;U5.241;U12.241;W1.248;U24.249;U1.250;U26.254;U11.255;U7.270;U18.270;U39.273;U28.274;U17.284;U18.289;U26.290;U20.292;U3.293;U41.297",TRUE,TRUE,"Other",FALSE,FALSE,0.00867915153503418,NA,NA,NA,NA,NA,NA,NA,NA,"Other",FALSE,FALSE,0.00682306289672852,NA,NA,NA,NA,NA,NA,NA,NA,"Other",FALSE,FALSE,0.0296130180358887,NA,NA,NA,NA,NA,NA,NA,NA
49,"model3",670,"small",4,0.07,0.290384338516742,0.178419699380174,1,1,0,3,25,1,0.532138997621944,0.50932886888876,"M3",25,"U1.49;U2.49;U3.49;U4.49;U5.49;U6.49;U7.49;U8.49;U9.49;U10.49;U11.49;U12.49;U13.49;U14.49;U15.49;U16.49;U17.49;U18.49;U19.49;U20.49;U21.49;U22.49;U23.49;U24.49;U25.49",19,19,0,6,0,FALSE,FALSE,"U1.49;U2.49;U3.49;U4.49;U5.49;U6.49;U7.49;U8.49;U9.49;U10.49;U11.49;U13.49;U14.49;U17.49;U18.49;U20.49;U22.49;U24.49;U25.49",98,22,76,3,75,FALSE,TRUE,"U23.3;U7.8;U9.23;U19.23;U5.25;W1.30;U29.40;U23.44;U3.47;U1.49;U2.49;U3.49;U4.49;U5.49;U6.49;U7.49;U8.49;U9.49;U10.49;U11.49;U13.49;U14.49;U15.49;U16.49;U17.49;U18.49;U20.49;U21.49;U22.49;U24.49;U25.49;W1.49;U26.54;U10.57;U17.58;U6.65;U10.71;U29.73;U24.76;U39.79;U23.87;U46.88;U6.89;U14.96;U21.104;U3.107;U18.112;U8.113;U31.113;U5.116;U29.116;U7.118;U16.130;U19.130;U3.136;U3.137;U28.139;U10.147;U24.150;W1.154;U6.157;U3.159;U15.168;U32.172;U18.178;U11.183;U6.190;U1.192;U44.194;U6.196;U14.204;U5.205;U19.208;U15.210;U23.213;U12.216;U31.218;U21.221;U26.224;U7.226;U32.227;U23.230;U10.232;U2.236;U30.238;U17.253;U4.254;U3.258;U5.261;U3.281;U7.283;W1.284;U13.285;U17.288;U2.289;U11.294;U21.294;U13.296",TRUE,TRUE,"Other",FALSE,FALSE,0.00737619400024414,NA,NA,NA,NA,NA,NA,NA,NA,"Other",FALSE,FALSE,0.00551295280456543,NA,NA,NA,NA,NA,NA,NA,NA,"M0.2",FALSE,FALSE,0.0200738906860352,NA,NA,NA,NA,NA,NA,NA,NA
50,"model4",670,"small",4,0.14,0.227406644076109,0.22971040699631,1,1,0,3,37,1,0.569660259311145,0.620748913295506,"M4",37,"U1.50;U2.50;U3.50;U4.50;U5.50;U6.50;U7.50;U8.50;U9.50;U10.50;U11.50;U12.50;U13.50;U14.50;U15.50;U16.50;U17.50;U18.50;U19.50;U20.50;U21.50;U22.50;U23.50;U24.50;U25.50;U26.50;U27.50;U28.50;U29.50;U30.50;U31.50;U32.50;U33.50;U34.50;U35.50;U36.50;U37.50",19,18,1,19,0,FALSE,TRUE,"U3.50;U7.50;U8.50;U9.50;U10.50;U11.50;U12.50;U17.50;U18.50;U21.50;U22.50;U23.50;U26.50;U27.50;U28.50;U29.50;U30.50;U34.50;W1.50",101,29,72,8,71,FALSE,TRUE,"W1.10;U6.12;U16.28;U2.32;U15.32;U9.36;W1.46;U16.48;U29.48;U2.50;U3.50;U4.50;U5.50;U7.50;U8.50;U9.50;U10.50;U11.50;U12.50;U13.50;U15.50;U16.50;U17.50;U18.50;U21.50;U22.50;U23.50;U24.50;U25.50;U26.50;U27.50;U28.50;U29.50;U30.50;U31.50;U33.50;U34.50;U37.50;W1.50;U23.52;U17.59;U3.61;U1.66;U1.68;U13.75;U3.76;U18.79;U6.87;U14.87;U7.89;U20.92;U29.102;U43.104;U4.122;U2.123;U18.128;U1.131;W1.143;U43.144;U9.146;U37.147;U34.152;U20.156;U35.163;U28.164;U30.168;U9.169;U11.170;U1.175;U15.181;U21.181;U22.188;U19.192;U6.197;U10.201;U6.202;U27.202;U23.208;U17.210;U26.218;U43.223;U9.224;U17.224;U16.226;U28.229;U27.232;U17.235;U22.235;U10.237;U11.245;U8.253;U26.254;U40.257;U9.262;U34.262;U21.270;U13.275;U9.278;U27.287;U12.294;U31.296",TRUE,TRUE,"M4",TRUE,TRUE,0.0121090412139893,NA,NA,NA,NA,NA,NA,NA,NA,"M1.1",FALSE,FALSE,0.00508713722229004,NA,NA,NA,NA,NA,NA,NA,NA,"M1.1",FALSE,FALSE,0.0237889289855957,NA,NA,NA,NA,NA,NA,NA,NA
51,"model0",670,"medium",4,0.1,0.928820610512048,0.367884676950052,1,1,0,3,32,1,0.573132559235957,0.542534810625841,"M0.1",32,"U1.51;U2.51;U3.51;U4.51;U5.51;U6.51;U7.51;U8.51;U9.51;U10.51;U11.51;U12.51;U13.51;U14.51;U15.51;U16.51;U17.51;U18.51;U19.51;U20.51;U21.51;U22.51;U23.51;U24.51;U25.51;U26.51;U27.51;U28.51;U29.51;U30.51;U31.51;U32.51",23,22,1,10,0,FALSE,TRUE,"U3.51;U4.51;U5.51;U8.51;U9.51;U10.51;U12.51;U13.51;U14.51;U15.51;U16.51;U17.51;U18.51;U19.51;U21.51;U22.51;U23.51;U24.51;U27.51;U28.51;U29.51;U31.51;W1.51",119,29,90,3,89,FALSE,TRUE,"U22.2;U2.18;U1.24;U11.24;U8.28;U4.29;U11.31;U15.47;U20.47;U21.48;U35.48;U16.50;U1.51;U2.51;U3.51;U4.51;U5.51;U7.51;U8.51;U9.51;U10.51;U12.51;U13.51;U14.51;U15.51;U16.51;U17.51;U18.51;U19.51;U20.51;U21.51;U22.51;U23.51;U24.51;U25.51;U26.51;U27.51;U28.51;U29.51;U30.51;U31.51;W1.51;U5.52;U27.53;W1.56;U5.57;U29.57;U21.58;W1.58;U18.60;U40.60;W1.63;U1.67;U16.70;U4.73;U16.89;U10.90;U17.90;U10.92;U35.95;U4.106;U45.106;U24.110;U8.113;U11.113;U43.118;U19.119;U22.131;U38.142;U24.149;U11.153;U12.161;U30.163;W1.164;U6.170;U10.174;U8.182;U28.183;U34.186;U13.187;U2.188;U18.189;U20.189;U23.189;U34.190;U39.190;U31.191;U21.193;U10.197;U5.200;U27.204;U32.206;U14.208;U7.220;U25.223;U34.223;U6.226;U40.229;U7.232;U25.238;U22.239;U29.248;U6.251;U15.259;U15.261;U23.262;U19.264;U2.265;U10.274;U7.282;W1.282;U9.285;U18.285;U23.289;U26.290;U28.290;U12.291;W1.292;U46.296",TRUE,TRUE,"M0.1",TRUE,TRUE,0.00691318511962891,NA,NA,NA,NA,NA,NA,NA,NA,"M0.1",TRUE,TRUE,0.00564718246459961,NA,NA,NA,NA,NA,NA,NA,NA,"M0.1",TRUE,TRUE,0.0339529514312744,NA,NA,NA,NA,NA,NA,NA,NA
52,"model1",670,"medium",4,0.14,0.674201236921363,0.45934013100341,1,1,0,3,41,1,0.600938468244325,0.623126632801101,"M1.1",41,"U1.52;U2.52;U3.52;U4.52;U5.52;U6.52;U7.52;U8.52;U9.52;U10.52;U11.52;U12.52;U13.52;U14.52;U15.52;U16.52;U17.52;U18.52;U19.52;U20.52;U21.52;U22.52;U23.52;U24.52;U25.52;U26.52;U27.52;U28.52;U29.52;U30.52;U31.52;U32.52;U33.52;U34.52;U35.52;U36.52;U37.52;U38.52;U39.52;U40.52;U41.52",17,16,1,25,0,FALSE,TRUE,"U2.52;U5.52;U7.52;U9.52;U11.52;U12.52;U13.52;U17.52;U18.52;U23.52;U30.52;U32.52;U33.52;U35.52;U37.52;U40.52;W1.52",116,32,84,9,83,FALSE,TRUE,"W1.11;U1.16;U22.21;U7.24;U22.31;U2.33;U25.33;W1.38;W1.39;U11.44;U3.48;U21.51;U26.51;U2.52;U3.52;U4.52;U5.52;U7.52;U8.52;U9.52;U10.52;U11.52;U12.52;U13.52;U14.52;U15.52;U17.52;U18.52;U19.52;U21.52;U22.52;U23.52;U28.52;U29.52;U30.52;U31.52;U32.52;U33.52;U34.52;U35.52;U36.52;U37.52;U38.52;U39.52;U40.52;W1.52;U1.60;U7.60;U4.61;U8.61;U30.61;U21.69;U15.70;U11.73;U9.76;U31.87;U8.92;U10.94;U15.95;U25.97;U11.106;U3.116;U29.118;U20.120;U25.122;U10.125;U7.126;U2.136;U12.136;U15.136;U20.141;U25.141;U36.142;U42.152;U4.158;U1.162;U28.164;U22.167;U16.170;U1.171;U2.171;U9.171;U33.172;U7.177;U25.178;U28.183;U36.183;U32.188;U15.192;U41.194;U5.196;U8.200;U7.213;U6.216;U22.221;U27.221;U3.222;U36.230;U13.232;U18.242;U2.245;U25.248;U20.251;U24.254;U5.256;U23.266;U12.270;U36.274;U5.275;U13.284;U18.287;U36.287;U10.295;U4.297;U17.297;U6.298",TRUE,TRUE,"M1.1",TRUE,TRUE,0.00822019577026367,NA,NA,NA,NA,NA,NA,NA,NA,"M1.1",TRUE,TRUE,0.00439691543579102,NA,NA,NA,NA,NA,NA,NA,NA,"M1.1",TRUE,TRUE,0.026482105255127,NA,NA,NA,NA,NA,NA,NA,NA
53,"model2",670,"medium",4,0.45,0.724310459103435,0.478043465176597,1,1,0,3,32,1,0.512612837757206,0.578843142552447,"M2.1",32,"U1.53;U2.53;U3.53;U4.53;U5.53;U6.53;U7.53;U8.53;U9.53;U10.53;U11.53;U12.53;U13.53;U14.53;U15.53;U16.53;U17.53;U18.53;U19.53;U20.53;U21.53;U22.53;U23.53;U24.53;U25.53;U26.53;U27.53;U28.53;U29.53;U30.53;U31.53;U32.53",19,16,3,16,2,FALSE,TRUE,"U3.53;U4.53;U9.53;U11.53;U12.53;U14.53;U15.53;U16.53;U18.53;U19.53;U20.53;U26.53;U27.53;U28.53;U31.53;U32.53;W1.53;U28.62;U20.250",104,26,78,6,77,FALSE,TRUE,"U36.8;U9.10;U19.31;U39.33;U6.40;U14.40;U3.42;W1.48;W1.50;U1.53;U3.53;U4.53;U5.53;U6.53;U7.53;U8.53;U9.53;U11.53;U12.53;U13.53;U14.53;U15.53;U16.53;U18.53;U19.53;U20.53;U21.53;U23.53;U25.53;U26.53;U27.53;U28.53;U30.53;U31.53;U32.53;W1.53;U14.55;U28.62;U15.64;U12.71;U17.73;U25.75;U8.78;U42.79;U4.88;U3.89;U39.89;U37.95;U25.103;U1.109;U12.116;U10.120;U3.121;U6.128;U12.128;U18.134;U6.146;U15.146;U43.147;U46.147;U18.150;U16.151;U6.155;U3.160;U11.160;U30.164;U31.164;U37.172;U5.178;U10.179;U39.183;U28.185;U10.189;U15.189;U31.190;U11.194;U10.201;U17.201;U17.204;U9.207;U48.213;U9.226;U36.230;U6.237;U6.241;W1.244;U1.245;U20.250;U32.250;U13.251;U16.254;U31.254;U49.254;U15.257;U28.258;U14.260;U4.261;U10.274;U22.284;U22.287;U21.292;U27.293;U15.295;U9.300",TRUE,TRUE,"M2.1",TRUE,TRUE,0.00688815116882324,NA,NA,NA,NA,NA,NA,NA,NA,"M2.1",TRUE,TRUE,0.00493383407592773,NA,NA,NA,NA,NA,NA,NA,NA,"M2.1",TRUE,TRUE,0.0252151489257812,NA,NA,NA,NA,NA,NA,NA,NA
54,"model3",670,"medium",4,0.22,0.894571012235247,0.403223410109058,1,1,0,3,29,1,0.488499766674787,0.492960177940092,"M3",29,"U1.54;U2.54;U3.54;U4.54;U5.54;U6.54;U7.54;U8.54;U9.54;U10.54;U11.54;U12.54;U13.54;U14.54;U15.54;U16.54;U17.54;U18.54;U19.54;U20.54;U21.54;U22.54;U23.54;U24.54;U25.54;U26.54;U27.54;U28.54;U29.54",17,15,2,14,1,FALSE,TRUE,"U3.54;U6.54;U10.54;U12.54;U15.54;U16.54;U17.54;U18.54;U19.54;U20.54;U22.54;U23.54;U27.54;U28.54;U29.54;W1.54;U28.288",112,27,85,2,84,FALSE,TRUE,"U41.5;U3.7;U12.7;U27.8;U21.23;W1.24;U11.25;U30.25;W1.28;U9.41;U3.51;U18.53;U1.54;U2.54;U3.54;U4.54;U5.54;U6.54;U7.54;U8.54;U9.54;U10.54;U11.54;U12.54;U14.54;U15.54;U16.54;U17.54;U18.54;U19.54;U20.54;U21.54;U22.54;U23.54;U24.54;U26.54;U27.54;U28.54;U29.54;W1.54;U4.55;W1.59;U42.60;U4.69;U26.69;U23.75;U33.76;U45.79;U2.83;U5.87;U6.89;U19.89;W1.89;U7.96;U22.98;U16.104;U2.106;U7.108;U5.114;U24.116;U8.120;U6.121;U13.122;U7.132;U18.134;U24.139;U14.145;U9.149;U25.150;U27.152;U5.154;U4.157;U9.160;W1.162;U10.172;U16.178;U8.179;U4.180;U16.180;U4.183;U13.190;U2.192;U4.192;U12.192;U4.194;U6.196;U14.197;U5.198;U31.205;U46.206;U23.219;U23.221;U42.226;U39.229;U19.232;U18.235;U10.236;U3.242;U8.242;U10.245;U3.246;U21.254;U5.261;U20.262;U5.266;U8.273;U28.275;U11.285;U20.285;U34.287;U28.288;U16.290",TRUE,TRUE,"M3",TRUE,TRUE,0.0136680603027344,NA,NA,NA,NA,NA,NA,NA,NA,"M3",TRUE,TRUE,0.0112180709838867,NA,NA,NA,NA,NA,NA,NA,NA,"M3",TRUE,TRUE,0.0303709506988525,NA,NA,NA,NA,NA,NA,NA,NA
55,"model4",670,"medium",4,0.21,0.846998302033171,0.415423387708142,1,1,0,3,21,1,0.461395355574595,0.387038814016754,"M4",21,"U1.55;U2.55;U3.55;U4.55;U5.55;U6.55;U7.55;U8.55;U9.55;U10.55;U11.55;U12.55;U13.55;U14.55;U15.55;U16.55;U17.55;U18.55;U19.55;U20.55;U21.55",17,15,2,6,1,FALSE,TRUE,"U1.55;U2.55;U3.55;U4.55;U5.55;U7.55;U11.55;U12.55;U14.55;U15.55;U16.55;U17.55;U18.55;U19.55;U20.55;W1.55;U14.275",101,19,82,2,81,FALSE,TRUE,"U4.1;U18.1;U15.2;U13.3;U9.10;U20.10;U3.13;U6.14;U15.17;U11.21;U8.23;U1.34;U3.39;U6.40;U1.42;U4.45;U6.50;U29.50;U29.51;U22.53;U1.55;U2.55;U3.55;U4.55;U5.55;U6.55;U7.55;U10.55;U11.55;U12.55;U13.55;U14.55;U15.55;U16.55;U17.55;U18.55;U19.55;U20.55;U21.55;W1.55;U30.61;U4.67;U17.67;U33.76;U48.76;U8.87;U46.88;U41.89;U1.90;U38.90;U4.95;U17.95;U24.98;U33.98;U22.101;U7.102;U30.103;U6.106;U12.109;U10.110;U17.112;U9.118;U28.120;U38.122;U30.128;U16.129;U24.131;U15.134;U39.134;U11.141;U1.149;U20.150;U16.156;U27.156;U7.159;U29.163;U23.164;U6.175;U10.177;U9.205;U27.205;U11.223;U18.224;U28.224;U4.239;U24.240;W1.245;U41.246;W1.246;U16.248;U22.249;U33.250;U10.252;U25.254;U9.266;U23.266;U14.275;U16.275;U16.282;U40.287;U5.291",TRUE,TRUE,"M4",TRUE,TRUE,0.0061180591583252,NA,NA,NA,NA,NA,NA,NA,NA,"M4",TRUE,TRUE,0.00501680374145508,NA,NA,NA,NA,NA,NA,NA,NA,"M4",TRUE,TRUE,0.0227091312408447,NA,NA,NA,NA,NA,NA,NA,NA
56,"model0",670,"large",4,0.17,1.21748818492051,0.548489491106011,1,1,0,3,7,1,0.124102254745925,0.137933603862169,"M0.1",7,"U1.56;U2.56;U3.56;U4.56;U5.56;U6.56;U7.56",7,6,1,1,0,FALSE,TRUE,"U2.56;U3.56;U4.56;U5.56;U6.56;U7.56;W1.56",82,7,75,0,74,FALSE,TRUE,"U2.1;U15.6;U2.9;U3.15;U4.16;U22.17;U13.19;U3.20;U8.21;U10.23;U6.24;U17.26;U7.30;W1.32;U8.33;U21.39;U9.47;U36.47;U8.48;U1.56;U2.56;U3.56;U4.56;U5.56;U6.56;U7.56;W1.56;U42.59;U2.62;U7.63;U13.63;U17.65;U12.69;U42.79;U12.93;U37.98;U7.101;U24.106;U3.110;U3.116;U4.118;U36.118;U6.120;U8.126;U20.130;U34.134;U1.142;U16.142;U7.143;U19.144;U46.144;U30.149;U12.172;U20.178;U16.179;U18.182;U3.185;U45.191;U20.193;U4.194;U3.201;U2.205;U37.206;U44.206;U4.210;U19.213;W1.218;U31.221;U7.222;W1.227;U3.243;U22.245;U8.247;U27.249;U42.260;U16.277;U30.285;U30.288;U29.292;U20.293;U5.296;U40.296",TRUE,TRUE,"M0.1",TRUE,TRUE,0.00327897071838379,NA,NA,NA,NA,NA,NA,NA,NA,"M0.1",TRUE,TRUE,0.00518798828125,NA,NA,NA,NA,NA,NA,NA,NA,"M0.1",TRUE,TRUE,0.0260179042816162,NA,NA,NA,NA,NA,NA,NA,NA
57,"model1",670,"large",4,0.36,1.06221473996993,0.760096579906531,1,1,0,3,31,1,0.490032668831283,0.527889415363746,"M1.1",31,"U1.57;U2.57;U3.57;U4.57;U5.57;U6.57;U7.57;U8.57;U9.57;U10.57;U11.57;U12.57;U13.57;U14.57;U15.57;U16.57;U17.57;U18.57;U19.57;U20.57;U21.57;U22.57;U23.57;U24.57;U25.57;U26.57;U27.57;U28.57;U29.57;U30.57;U31.57",18,18,0,13,0,FALSE,FALSE,"U1.57;U2.57;U3.57;U6.57;U8.57;U9.57;U13.57;U14.57;U15.57;U19.57;U20.57;U21.57;U25.57;U26.57;U27.57;U28.57;U29.57;U30.57",113,24,89,7,89,FALSE,FALSE,"U1.1;U9.5;U12.5;U18.8;U24.10;U32.10;W1.20;U4.22;U7.22;U7.28;U22.31;U17.33;U34.44;U14.55;U1.57;U2.57;U3.57;U6.57;U8.57;U9.57;U11.57;U12.57;U13.57;U14.57;U15.57;U17.57;U18.57;U19.57;U20.57;U21.57;U22.57;U24.57;U25.57;U26.57;U27.57;U28.57;U29.57;U30.57;U7.67;U30.67;U3.71;U7.81;U7.82;U22.85;U26.85;U20.89;U14.97;U18.97;U1.102;U6.102;U7.105;W1.105;U27.111;U7.113;U38.118;U4.120;U29.120;U2.122;W1.125;U18.134;U13.136;U27.139;U33.142;U38.147;U13.152;U40.152;U13.154;W1.159;U28.168;U35.171;U38.171;U3.172;U7.175;U19.178;U18.181;U5.186;U28.186;U4.189;U42.191;U9.193;U9.199;U17.213;U8.214;U34.218;U35.223;U29.224;U6.226;U40.226;U29.227;U26.243;U14.245;U48.248;U9.249;U13.249;U10.254;U38.260;U10.262;U20.264;U1.269;U2.277;U6.278;U3.282;U8.282;U15.284;U22.285;U34.285;U44.285;U15.287;U9.290;U8.292;U10.292;U26.293;U25.297",TRUE,TRUE,"M1.1",TRUE,TRUE,0.0134661197662354,NA,NA,NA,NA,NA,NA,NA,NA,"M1.1",TRUE,TRUE,0.00786900520324707,NA,NA,NA,NA,NA,NA,NA,NA,"M1.1",TRUE,TRUE,0.031358003616333,NA,NA,NA,NA,NA,NA,NA,NA
58,"model2",670,"large",4,0.22,1.3513815322658,0.613950416678563,1,1,0,3,29,1,0.405915535177251,0.472627535346807,"M2.1",29,"U1.58;U2.58;U3.58;U4.58;U5.58;U6.58;U7.58;U8.58;U9.58;U10.58;U11.58;U12.58;U13.58;U14.58;U15.58;U16.58;U17.58;U18.58;U19.58;U20.58;U21.58;U22.58;U23.58;U24.58;U25.58;U26.58;U27.58;U28.58;U29.58",16,15,1,14,0,FALSE,TRUE,"U1.58;U3.58;U5.58;U7.58;U9.58;U10.58;U11.58;U12.58;U14.58;U18.58;U19.58;U20.58;U21.58;U23.58;U29.58;W1.58",106,23,83,6,82,FALSE,TRUE,"U2.9;U22.14;U10.21;U9.28;U16.33;U1.43;U6.48;U23.48;U38.48;U23.51;U1.58;U3.58;U4.58;U5.58;U7.58;U9.58;U10.58;U11.58;U12.58;U13.58;U14.58;U15.58;U18.58;U19.58;U20.58;U21.58;U22.58;U23.58;U24.58;U25.58;U27.58;U28.58;U29.58;W1.58;U5.79;U14.88;U24.90;U5.111;U46.118;U14.119;U16.122;U3.129;U29.129;U13.133;U21.147;U34.149;U10.152;U24.155;U7.156;U6.163;U36.164;U35.168;U31.172;U10.173;U26.173;U1.175;U35.183;U7.185;U17.185;U29.188;U20.189;U4.190;U33.191;U12.200;U7.202;U21.202;U12.205;U22.206;U27.208;U5.209;U14.214;U24.214;U5.218;U11.218;U14.224;U1.232;U24.235;U7.237;U11.237;U6.238;U16.238;W1.242;U27.245;U1.246;U3.249;U12.249;U7.251;U11.254;U41.254;U33.257;U17.258;U9.259;U7.260;U5.266;U10.266;U1.267;U19.282;U27.285;U42.285;U11.286;U24.289;U32.290;U2.291;U22.292;U30.292;U11.294",TRUE,TRUE,"M2.1",TRUE,TRUE,0.0107920169830322,NA,NA,NA,NA,NA,NA,NA,NA,"M2.1",TRUE,TRUE,0.00456690788269043,NA,NA,NA,NA,NA,NA,NA,NA,"M2.1",TRUE,TRUE,0.0274457931518555,NA,NA,NA,NA,NA,NA,NA,NA
59,"model3",670,"large",4,0.48,1.41445102228317,0.691579551668838,1,1,0,3,50,1,0.498739083614045,0.536167701775257,"M3",50,"U1.59;U2.59;U3.59;U4.59;U5.59;U6.59;U7.59;U8.59;U9.59;U10.59;U11.59;U12.59;U13.59;U14.59;U15.59;U16.59;U17.59;U18.59;U19.59;U20.59;U21.59;U22.59;U23.59;U24.59;U25.59;U26.59;U27.59;U28.59;U29.59;U30.59;U31.59;U32.59;U33.59;U34.59;U35.59;U36.59;U37.59;U38.59;U39.59;U40.59;U41.59;U42.59;U43.59;U44.59;U45.59;U46.59;U47.59;U48.59;U49.59;U50.59",20,18,2,32,1,FALSE,TRUE,"U5.59;U9.59;U10.59;U12.59;U13.59;U21.59;U25.59;U29.59;U32.59;U33.59;U36.59;U38.59;U41.59;U42.59;U43.59;U45.59;U48.59;U49.59;W1.59;U34.60",105,34,71,16,70,FALSE,TRUE,"U20.3;U21.8;U15.9;W1.9;U30.10;U4.23;U8.25;U16.25;U12.26;U7.30;U2.33;U4.33;U7.48;U13.48;U15.48;U8.54;U2.59;U5.59;U6.59;U8.59;U9.59;U10.59;U12.59;U13.59;U16.59;U17.59;U18.59;U20.59;U21.59;U23.59;U25.59;U26.59;U27.59;U28.59;U29.59;U30.59;U31.59;U32.59;U33.59;U34.59;U35.59;U36.59;U38.59;U41.59;U42.59;U43.59;U45.59;U47.59;U48.59;U49.59;W1.59;U34.60;U19.61;U24.61;U4.66;U4.67;U5.70;U27.76;U35.88;U27.92;U15.98;U21.103;U10.119;U2.122;U1.125;U13.131;U3.139;U7.144;U23.150;U26.155;U9.157;U20.161;U25.163;U7.170;U25.171;U5.173;U23.181;U7.190;U17.190;U18.194;U9.200;U9.208;U5.214;U7.219;U38.219;U10.221;U21.221;U42.223;W1.230;U3.236;U31.238;U25.243;U4.253;U35.254;U2.257;U2.258;U28.259;U39.273;U23.277;W1.281;U24.284;U3.285;U12.290;U2.292;U23.296",TRUE,TRUE,"M3",TRUE,TRUE,0.0128810405731201,NA,NA,NA,NA,NA,NA,NA,NA,"M4",FALSE,FALSE,0.00744295120239258,NA,NA,NA,NA,NA,NA,NA,NA,"M3",TRUE,TRUE,0.0215330123901367,NA,NA,NA,NA,NA,NA,NA,NA
60,"model4",670,"large",4,0.27,1.2704473923659,0.983696663053706,1,1,0,3,46,1,0.581801797921713,0.53636996871266,"M4",46,"U1.60;U2.60;U3.60;U4.60;U5.60;U6.60;U7.60;U8.60;U9.60;U10.60;U11.60;U12.60;U13.60;U14.60;U15.60;U16.60;U17.60;U18.60;U19.60;U20.60;U21.60;U22.60;U23.60;U24.60;U25.60;U26.60;U27.60;U28.60;U29.60;U30.60;U31.60;U32.60;U33.60;U34.60;U35.60;U36.60;U37.60;U38.60;U39.60;U40.60;U41.60;U42.60;U43.60;U44.60;U45.60;U46.60",23,21,2,25,1,FALSE,TRUE,"U4.60;U5.60;U6.60;U7.60;U12.60;U13.60;U14.60;U15.60;U20.60;U24.60;U25.60;U26.60;U28.60;U29.60;U31.60;U32.60;U36.60;U39.60;U40.60;U41.60;U43.60;W1.60;U6.99",122,35,87,11,86,FALSE,TRUE,"U14.1;W1.11;U23.21;U16.28;U4.36;U4.38;U12.44;U1.45;U28.48;U5.57;U18.59;U3.60;U4.60;U5.60;U6.60;U7.60;U8.60;U9.60;U10.60;U11.60;U12.60;U13.60;U14.60;U15.60;U17.60;U19.60;U20.60;U23.60;U24.60;U25.60;U26.60;U27.60;U28.60;U29.60;U31.60;U32.60;U34.60;U35.60;U36.60;U37.60;U39.60;U40.60;U41.60;U42.60;U43.60;U46.60;W1.60;U25.62;U29.62;U2.70;U18.71;U19.71;U11.73;U27.79;W1.81;U15.89;U17.89;U9.91;U3.98;U6.99;U24.99;U12.101;U13.104;U4.105;U42.106;U5.109;U20.118;U19.122;U3.128;U23.128;U14.132;U13.133;U23.136;U15.140;U27.142;U15.157;U9.160;U38.164;U3.171;U7.171;U12.172;U32.172;U9.180;U31.180;U37.181;U46.185;U4.186;U17.186;U3.187;U16.188;U23.188;U7.191;U9.193;U4.198;U4.199;U14.200;U2.203;U14.204;U2.208;U23.213;U8.221;U6.229;U11.231;U6.245;U12.246;U13.247;U4.255;U18.257;U12.259;U5.260;U6.262;U19.270;U1.277;U6.282;U12.284;U18.284;W1.286;U20.290;U7.291;U28.296;U9.297;U21.297",TRUE,TRUE,"M1.2",FALSE,FALSE,0.00903105735778809,NA,NA,NA,NA,NA,NA,NA,NA,"M1.2",FALSE,FALSE,0.0053870677947998,NA,NA,NA,NA,NA,NA,NA,NA,"M1.2",FALSE,FALSE,0.037060022354126,NA,NA,NA,NA,NA,NA,NA,NA
61,"model0",670,"small",5,0.38,0.486976241879165,0.152862186916173,1,1,0,3,36,1,0.585423731775781,0.560916997121707,"M0.1",36,"U1.61;U2.61;U3.61;U4.61;U5.61;U6.61;U7.61;U8.61;U9.61;U10.61;U11.61;U12.61;U13.61;U14.61;U15.61;U16.61;U17.61;U18.61;U19.61;U20.61;U21.61;U22.61;U23.61;U24.61;U25.61;U26.61;U27.61;U28.61;U29.61;U30.61;U31.61;U32.61;U33.61;U34.61;U35.61;U36.61",22,21,1,15,0,FALSE,TRUE,"U2.61;U4.61;U5.61;U7.61;U8.61;U9.61;U10.61;U11.61;U15.61;U16.61;U18.61;U19.61;U22.61;U23.61;U25.61;U26.61;U27.61;U31.61;U32.61;U34.61;U35.61;W1.61",103,28,75,8,74,FALSE,TRUE,"U10.6;U3.10;U9.12;U32.17;U7.20;U14.26;W1.38;U11.40;U4.57;U2.61;U4.61;U5.61;U7.61;U8.61;U9.61;U10.61;U11.61;U12.61;U15.61;U16.61;U17.61;U18.61;U19.61;U20.61;U21.61;U22.61;U23.61;U24.61;U25.61;U26.61;U27.61;U29.61;U30.61;U31.61;U32.61;U34.61;U35.61;W1.61;U8.62;U13.62;U33.69;U18.76;U24.88;U36.88;U5.90;U3.91;U16.93;U30.97;U22.98;U15.99;U19.101;U25.103;U4.106;U16.106;U34.110;U4.119;U12.120;U6.122;U13.131;U9.134;U14.134;U1.137;U25.139;U35.163;U5.167;U6.168;U35.168;U1.173;U16.178;U26.181;U26.185;U10.193;U8.197;U11.202;U3.203;U20.205;U27.205;U27.213;U16.218;U3.227;U9.230;U21.232;U28.235;U16.242;U26.246;U22.248;U48.248;U21.253;U7.257;U21.257;U6.258;U28.259;U13.260;U31.262;W1.263;U6.274;W1.274;U22.275;U1.277;U28.288;U9.289;U17.297;U31.297",TRUE,TRUE,"M0.1",TRUE,TRUE,0.00766491889953613,NA,NA,NA,NA,NA,NA,NA,NA,"M1.1",FALSE,FALSE,0.0102329254150391,NA,NA,NA,NA,NA,NA,NA,NA,"M0.1",TRUE,TRUE,0.0367720127105713,NA,NA,NA,NA,NA,NA,NA,NA
62,"model1",670,"small",5,0.41,0.208510275743902,0.272163028782234,1,1,0,3,44,1,0.608334276665197,0.603435658960209,"M1.1",44,"U1.62;U2.62;U3.62;U4.62;U5.62;U6.62;U7.62;U8.62;U9.62;U10.62;U11.62;U12.62;U13.62;U14.62;U15.62;U16.62;U17.62;U18.62;U19.62;U20.62;U21.62;U22.62;U23.62;U24.62;U25.62;U26.62;U27.62;U28.62;U29.62;U30.62;U31.62;U32.62;U33.62;U34.62;U35.62;U36.62;U37.62;U38.62;U39.62;U40.62;U41.62;U42.62;U43.62;U44.62",26,23,3,21,2,FALSE,TRUE,"U22.59;U1.62;U4.62;U6.62;U7.62;U8.62;U12.62;U13.62;U14.62;U15.62;U16.62;U18.62;U19.62;U23.62;U26.62;U27.62;U34.62;U35.62;U37.62;U38.62;U39.62;U40.62;U42.62;U43.62;W1.62;U15.120",119,33,86,11,85,FALSE,TRUE,"U29.8;U10.10;U16.10;U6.19;U10.25;U44.31;U30.33;U11.36;U13.39;U3.40;U5.40;U17.40;U3.42;U10.50;U18.50;U22.52;U14.58;U16.58;U22.59;W1.61;U1.62;U2.62;U4.62;U6.62;U7.62;U8.62;U10.62;U11.62;U12.62;U13.62;U14.62;U15.62;U16.62;U18.62;U19.62;U20.62;U23.62;U24.62;U26.62;U27.62;U28.62;U30.62;U31.62;U32.62;U33.62;U34.62;U35.62;U37.62;U38.62;U39.62;U40.62;U42.62;U43.62;W1.62;U15.71;W1.71;W1.73;W1.88;U3.92;U29.93;U7.97;U17.97;U21.97;U41.106;U3.111;U6.113;U15.118;U15.120;U35.120;W1.125;U5.128;U44.128;U41.134;U3.136;U9.149;U30.149;U14.154;U2.158;U4.159;U43.163;U2.164;U15.168;U36.168;U9.170;U9.172;U7.174;U9.174;U9.177;U12.181;U12.182;U4.185;U35.186;U8.193;U6.194;U35.194;U33.204;U1.207;W1.219;U14.223;U12.224;U2.226;U31.227;U20.232;U26.238;U22.245;U20.246;U28.248;U1.252;U33.259;U23.261;U6.280;U26.281;U6.282;U21.282;U5.284;U3.289;U9.291;U37.296;U18.297",TRUE,TRUE,"M1.1",TRUE,TRUE,0.011883020401001,NA,NA,NA,NA,NA,NA,NA,NA,"M1.1",TRUE,TRUE,0.0118710994720459,NA,NA,NA,NA,NA,NA,NA,NA,"M1.1",TRUE,TRUE,0.0372240543365479,NA,NA,NA,NA,NA,NA,NA,NA
63,"model2",670,"small",5,0.48,0.339993628207594,0.165605365904048,1,1,0,3,14,1,0.304529338758354,0.345310169451819,"M2.1",14,"U1.63;U2.63;U3.63;U4.63;U5.63;U6.63;U7.63;U8.63;U9.63;U10.63;U11.63;U12.63;U13.63;U14.63",13,12,1,2,0,FALSE,TRUE,"U1.63;U2.63;U3.63;U5.63;U6.63;U7.63;U8.63;U9.63;U10.63;U11.63;U12.63;U13.63;W1.63",98,13,85,1,84,FALSE,TRUE,"U15.3;U8.6;U23.7;U27.8;U8.19;U8.25;U8.32;U23.39;U4.40;U3.42;U4.44;U15.46;W1.46;U16.49;U29.52;U9.57;U1.59;U1.63;U2.63;U3.63;U5.63;U6.63;U7.63;U8.63;U9.63;U10.63;U11.63;U12.63;U13.63;U14.63;W1.63;U15.72;U8.73;U7.82;U29.87;U8.88;U18.88;U30.89;U45.89;U12.90;U17.94;W1.107;U21.113;U4.122;U1.125;U6.127;U9.136;U21.139;U4.143;U20.144;U43.144;U8.145;U41.147;U8.149;U9.151;U16.156;U11.157;U9.166;U11.166;U1.169;U14.170;U5.171;U9.176;U1.180;U16.181;U24.181;U12.182;U29.190;U41.190;U36.191;U43.191;U7.194;U28.194;U1.211;U4.220;U9.229;U14.232;U17.235;U6.244;U17.245;U20.250;W1.254;U14.255;U25.257;U4.258;U31.260;U14.261;U19.262;U5.267;U9.269;U41.274;U1.277;U2.280;U2.288;U16.288;U13.292;U33.292;U24.297",TRUE,TRUE,"M1.1",FALSE,FALSE,0.00882792472839355,NA,NA,NA,NA,NA,NA,NA,NA,"M1.1",FALSE,FALSE,0.00555109977722168,NA,NA,NA,NA,NA,NA,NA,NA,"M1.1",FALSE,FALSE,0.0226168632507324,NA,NA,NA,NA,NA,NA,NA,NA
64,"model3",670,"small",5,0.45,0.298061804194003,0.182457050262019,1,1,0,3,26,1,0.521305098169508,0.497807617528372,"M3",26,"U1.64;U2.64;U3.64;U4.64;U5.64;U6.64;U7.64;U8.64;U9.64;U10.64;U11.64;U12.64;U13.64;U14.64;U15.64;U16.64;U17.64;U18.64;U19.64;U20.64;U21.64;U22.64;U23.64;U24.64;U25.64;U26.64",17,16,1,10,0,FALSE,TRUE,"U1.64;U2.64;U3.64;U4.64;U6.64;U7.64;U9.64;U10.64;U15.64;U16.64;U17.64;U19.64;U20.64;U21.64;U23.64;U24.64;W1.64",107,24,83,2,82,FALSE,TRUE,"U6.1;U9.5;U11.8;U15.8;U33.8;U10.9;U22.12;U6.14;U22.33;U22.40;U12.46;U1.51;W1.56;U16.58;U49.59;U18.62;U1.64;U2.64;U3.64;U4.64;U5.64;U6.64;U7.64;U8.64;U9.64;U10.64;U11.64;U13.64;U14.64;U15.64;U16.64;U17.64;U18.64;U19.64;U20.64;U21.64;U23.64;U24.64;U25.64;U26.64;W1.64;U5.85;U9.90;U13.92;U8.94;U30.104;U11.110;U1.115;U6.125;U4.128;U15.130;U6.133;U10.135;U6.137;U10.138;U11.138;U15.139;U4.140;U8.140;U3.141;U13.144;U34.144;U4.147;U6.151;U8.153;U22.155;U42.156;W1.166;U22.168;U9.172;U13.173;U7.182;U11.183;U14.183;U34.183;U11.185;U1.187;U18.189;U7.191;U4.193;U15.194;U1.199;U7.201;U10.206;U16.206;U4.213;U37.219;U15.221;U5.226;U16.226;U18.226;U22.227;U35.227;U8.230;U22.238;U18.249;U7.253;U13.254;U17.259;U23.261;U25.262;U6.281;U7.281;U17.281;U5.285;U1.296;U5.298",TRUE,TRUE,"M3",TRUE,TRUE,0.00597715377807617,NA,NA,NA,NA,NA,NA,NA,NA,"M4",FALSE,FALSE,0.00972890853881836,NA,NA,NA,NA,NA,NA,NA,NA,"M4",FALSE,FALSE,0.0331530570983887,NA,NA,NA,NA,NA,NA,NA,NA
65,"model4",670,"small",5,0.26,0.480559614766389,0.270928837032989,1,1,0,3,19,1,0.384331984030701,0.386219128053682,"M4",19,"U1.65;U2.65;U3.65;U4.65;U5.65;U6.65;U7.65;U8.65;U9.65;U10.65;U11.65;U12.65;U13.65;U14.65;U15.65;U16.65;U17.65;U18.65;U19.65",15,14,1,5,0,FALSE,TRUE,"U1.65;U3.65;U4.65;U6.65;U9.65;U10.65;U11.65;U12.65;U13.65;U14.65;U15.65;U16.65;U17.65;U19.65;W1.65",100,16,84,3,83,FALSE,TRUE,"U6.5;U32.5;U15.9;U25.12;U26.12;U15.14;U6.20;U4.21;U20.24;U22.25;U1.40;U13.44;U20.44;U21.50;U7.54;U1.65;U3.65;U4.65;U5.65;U6.65;U8.65;U9.65;U10.65;U11.65;U12.65;U13.65;U14.65;U15.65;U16.65;U17.65;U19.65;W1.65;U7.69;U9.70;U11.73;U16.75;U30.76;U32.79;U10.82;U12.91;U19.92;U11.93;U1.103;U7.109;U2.110;U20.110;U16.119;U20.123;U4.133;U17.133;U22.133;U31.133;W1.138;W1.147;U6.150;U19.152;U29.155;U41.156;U40.163;U2.169;U9.174;U17.176;U5.177;U15.177;U9.182;U1.183;U7.183;U4.185;U12.188;U16.189;U7.191;U34.191;U1.196;U2.197;U2.200;U8.207;U12.219;U31.221;U6.226;U20.232;U4.235;U5.237;U7.237;U6.238;U27.240;U24.246;U19.251;U10.253;U11.254;U20.254;U31.257;U15.259;U33.259;U28.260;U12.284;U28.284;U18.285;U7.291;U4.294;U5.300",TRUE,TRUE,"M4",TRUE,TRUE,0.00517797470092773,NA,NA,NA,NA,NA,NA,NA,NA,"M4",TRUE,TRUE,0.00666999816894531,NA,NA,NA,NA,NA,NA,NA,NA,"M4",TRUE,TRUE,0.0234987735748291,NA,NA,NA,NA,NA,NA,NA,NA
66,"model0",670,"medium",5,0.15,0.896691336180083,0.453137428918853,1,1,0,3,8,1,0.184907108242865,0.290930463556297,"M0.1",8,"U1.66;U2.66;U3.66;U4.66;U5.66;U6.66;U7.66;U8.66",9,8,1,0,1,FALSE,FALSE,"U1.66;U2.66;U3.66;U4.66;U5.66;U6.66;U7.66;U8.66;U4.68",85,8,77,0,77,FALSE,FALSE,"U27.8;U15.21;U31.21;U35.21;U3.32;U4.39;U6.46;U5.51;U24.51;U11.57;U21.58;U29.60;U1.66;U2.66;U3.66;U4.66;U5.66;U6.66;U7.66;U8.66;U18.67;U19.67;U4.68;U24.69;U8.74;U20.79;U24.85;U9.88;U16.89;U5.91;U28.92;U9.99;U25.99;U2.100;U13.101;U22.103;U34.110;U6.120;U3.125;U16.130;U3.134;U17.137;U28.139;U13.140;U13.144;U10.146;U14.146;U39.152;U2.161;U45.163;U16.164;W1.170;U13.183;U6.184;U10.186;U34.188;U23.191;U25.191;U17.200;U13.213;U37.223;U34.226;U22.232;U28.246;U20.250;U5.251;U22.251;U6.254;U19.260;U39.260;U2.266;U31.266;W1.268;U3.273;U28.274;U44.274;U11.275;U15.275;U7.280;U13.281;U27.287;U36.287;U2.288;U20.297;U6.300",TRUE,TRUE,"M0.1",TRUE,TRUE,0.00510597229003906,NA,NA,NA,NA,NA,NA,NA,NA,"M0.1",TRUE,TRUE,0.00520086288452148,NA,NA,NA,NA,NA,NA,NA,NA,"M0.1",TRUE,TRUE,0.017611026763916,NA,NA,NA,NA,NA,NA,NA,NA
67,"model1",670,"medium",5,0.42,0.883395399199799,0.417649478372186,1,1,0,3,31,1,0.395829693741143,0.568620594474508,"M1.1",31,"U1.67;U2.67;U3.67;U4.67;U5.67;U6.67;U7.67;U8.67;U9.67;U10.67;U11.67;U12.67;U13.67;U14.67;U15.67;U16.67;U17.67;U18.67;U19.67;U20.67;U21.67;U22.67;U23.67;U24.67;U25.67;U26.67;U27.67;U28.67;U29.67;U30.67;U31.67",19,17,2,14,1,FALSE,TRUE,"U1.67;U2.67;U3.67;U4.67;U5.67;U6.67;U8.67;U10.67;U14.67;U16.67;U19.67;U20.67;U22.67;U24.67;U25.67;U28.67;U31.67;W1.67;U43.190",99,22,77,9,76,FALSE,TRUE,"U7.3;U11.3;U17.3;U14.6;U16.8;U30.24;U3.25;U13.31;U7.39;U38.47;W1.48;U29.58;U41.59;U49.59;U12.61;U33.61;U15.62;U25.62;U11.64;U1.67;U2.67;U3.67;U4.67;U5.67;U6.67;U8.67;U10.67;U14.67;U16.67;U17.67;U18.67;U19.67;U20.67;U21.67;U22.67;U23.67;U24.67;U25.67;U26.67;U28.67;U31.67;W1.67;U2.79;U5.79;U15.81;U2.86;U18.87;U7.89;U27.89;U26.93;U6.97;U9.98;U19.104;U35.118;U8.119;U1.121;U37.128;U9.130;U4.139;U14.146;U10.151;U5.152;U8.156;U34.163;U20.168;U24.168;U36.173;U3.177;U12.179;U15.182;U28.188;U43.190;U13.193;U10.194;W1.200;U9.201;U33.205;U5.206;U47.206;U12.207;U25.216;U32.218;U2.221;U22.238;U15.241;U5.246;U8.249;U31.250;U14.264;W1.266;W1.269;U12.270;U5.271;U27.274;U13.278;U13.292;U18.293;U2.297;U30.297",TRUE,TRUE,"M1.1",TRUE,TRUE,0.0142040252685547,NA,NA,NA,NA,NA,NA,NA,NA,"M1.1",TRUE,TRUE,0.00541591644287109,NA,NA,NA,NA,NA,NA,NA,NA,"M1.1",TRUE,TRUE,0.0266330242156982,NA,NA,NA,NA,NA,NA,NA,NA
68,"model2",670,"medium",5,0.29,0.972355347359553,0.382685197563842,1,1,0,3,18,1,0.332379554603268,0.376298958287383,"M2.1",18,"U1.68;U2.68;U3.68;U4.68;U5.68;U6.68;U7.68;U8.68;U9.68;U10.68;U11.68;U12.68;U13.68;U14.68;U15.68;U16.68;U17.68;U18.68",14,13,1,5,0,FALSE,TRUE,"U2.68;U3.68;U4.68;U5.68;U7.68;U8.68;U9.68;U11.68;U12.68;U13.68;U14.68;U15.68;U18.68;W1.68",91,17,74,1,73,FALSE,TRUE,"U24.17;W1.21;U17.22;U9.24;U9.33;U17.33;U6.47;W1.47;U13.51;U31.51;U9.55;U7.56;U3.61;U9.62;U8.63;U28.67;U1.68;U2.68;U3.68;U4.68;U5.68;U6.68;U7.68;U8.68;U9.68;U10.68;U11.68;U12.68;U13.68;U14.68;U15.68;U17.68;U18.68;W1.68;U5.69;U9.75;W1.79;U8.85;W1.85;U18.97;U32.97;U13.98;U45.104;U18.113;U14.118;U4.120;U18.122;U12.123;U17.123;U22.130;U10.131;U14.131;W1.134;W1.139;U39.144;U19.145;W1.151;U4.152;U26.167;U15.170;U12.180;U7.182;U33.186;U35.186;U29.188;U46.191;U11.194;W1.197;U1.200;U19.201;U7.205;U21.219;U35.219;U11.221;U14.222;U6.230;U1.231;U31.239;U11.248;U3.252;U13.258;U34.258;U16.259;U3.263;W1.264;U28.266;W1.279;U16.288;U8.294;U48.296;U24.297",TRUE,TRUE,"M2.1",TRUE,TRUE,0.00948190689086914,NA,NA,NA,NA,NA,NA,NA,NA,"M2.1",TRUE,TRUE,0.00713491439819336,NA,NA,NA,NA,NA,NA,NA,NA,"M2.1",TRUE,TRUE,0.0198249816894531,NA,NA,NA,NA,NA,NA,NA,NA
69,"model3",670,"medium",5,0.33,0.557915661484003,0.478726104553789,1,1,0,3,34,1,0.447694962481882,0.593378070906208,"M3",34,"U1.69;U2.69;U3.69;U4.69;U5.69;U6.69;U7.69;U8.69;U9.69;U10.69;U11.69;U12.69;U13.69;U14.69;U15.69;U16.69;U17.69;U18.69;U19.69;U20.69;U21.69;U22.69;U23.69;U24.69;U25.69;U26.69;U27.69;U28.69;U29.69;U30.69;U31.69;U32.69;U33.69;U34.69",15,13,2,21,1,FALSE,TRUE,"U31.31;U2.69;U4.69;U6.69;U7.69;U9.69;U12.69;U14.69;U16.69;U26.69;U29.69;U30.69;U31.69;U33.69;W1.69",91,29,62,5,61,FALSE,TRUE,"U19.1;U32.5;U28.8;U2.15;U2.16;U25.21;U29.21;U29.31;U31.31;U8.41;U4.49;U16.49;U24.49;U21.57;U2.68;U1.69;U2.69;U3.69;U4.69;U5.69;U6.69;U7.69;U8.69;U9.69;U11.69;U12.69;U13.69;U14.69;U15.69;U16.69;U17.69;U18.69;U20.69;U21.69;U22.69;U23.69;U25.69;U26.69;U27.69;U29.69;U30.69;U31.69;U33.69;U34.69;W1.69;U4.75;U7.87;U22.101;U37.106;U21.110;U29.113;U9.125;U26.128;U25.141;U19.142;U29.149;U24.152;U27.152;U45.152;U22.163;U39.163;U17.164;U8.166;U36.171;U19.180;U31.180;U3.181;U12.182;U8.186;U26.188;U18.190;U31.194;U2.205;U29.218;U41.229;U11.238;U23.240;W1.246;U27.250;U10.262;U11.262;U27.262;U28.264;U8.281;U19.282;U28.284;U17.288;U32.289;U6.294;U32.297;U5.300",TRUE,TRUE,"M3",TRUE,TRUE,0.0080418586730957,NA,NA,NA,NA,NA,NA,NA,NA,"M3",TRUE,TRUE,0.00521111488342285,NA,NA,NA,NA,NA,NA,NA,NA,"M3",TRUE,TRUE,0.0173511505126953,NA,NA,NA,NA,NA,NA,NA,NA
70,"model4",670,"medium",5,0.32,0.7051763770869,0.465685060108081,1,1,0,3,18,1,0.292451752119509,0.315914716548901,"M4",18,"U1.70;U2.70;U3.70;U4.70;U5.70;U6.70;U7.70;U8.70;U9.70;U10.70;U11.70;U12.70;U13.70;U14.70;U15.70;U16.70;U17.70;U18.70",14,12,2,6,1,FALSE,TRUE,"U1.70;U5.70;U6.70;U7.70;U8.70;U9.70;U10.70;U11.70;U12.70;U13.70;U17.70;U18.70;W1.70;U8.169",85,16,69,2,68,FALSE,TRUE,"U19.2;U26.2;U18.5;U1.15;U38.44;U7.49;U15.49;U11.51;U27.58;U21.62;U35.62;U28.67;U1.70;U2.70;U3.70;U4.70;U5.70;U6.70;U7.70;U8.70;U9.70;U10.70;U11.70;U12.70;U13.70;U15.70;U17.70;U18.70;W1.70;U32.73;U39.79;U15.85;U47.88;U33.89;U9.95;U40.98;U2.102;U9.106;U6.121;U24.133;U14.137;U10.142;U18.144;U29.150;U1.152;U11.156;U14.160;U9.164;U30.164;U39.168;U8.169;W1.170;U25.171;U18.172;U13.175;U9.189;U14.189;U33.191;U45.194;U9.197;U26.205;U7.206;U15.208;U12.223;U2.224;U2.227;U3.229;W1.230;U21.235;U44.238;U1.243;U7.245;U20.245;U10.246;U11.253;W1.256;U16.257;U16.263;U4.272;U9.273;U11.275;U26.281;W1.284;U11.294;U12.295",TRUE,TRUE,"M4",TRUE,TRUE,0.00473785400390625,NA,NA,NA,NA,NA,NA,NA,NA,"M4",TRUE,TRUE,0.00408697128295898,NA,NA,NA,NA,NA,NA,NA,NA,"M4",TRUE,TRUE,0.0248191356658936,NA,NA,NA,NA,NA,NA,NA,NA
71,"model0",670,"large",5,0.05,1.36493331636302,0.765313562122174,1,1,0,3,31,1,0.451873042868068,0.465228286804867,"M0.1",31,"U1.71;U2.71;U3.71;U4.71;U5.71;U6.71;U7.71;U8.71;U9.71;U10.71;U11.71;U12.71;U13.71;U14.71;U15.71;U16.71;U17.71;U18.71;U19.71;U20.71;U21.71;U22.71;U23.71;U24.71;U25.71;U26.71;U27.71;U28.71;U29.71;U30.71;U31.71",19,17,2,14,1,FALSE,TRUE,"U5.2;U5.71;U7.71;U8.71;U12.71;U13.71;U14.71;U15.71;U16.71;U17.71;U18.71;U20.71;U22.71;U23.71;U26.71;U27.71;U28.71;U31.71;W1.71",87,23,64,8,63,FALSE,TRUE,"U5.2;U35.21;U21.47;U15.52;U22.61;U17.70;U3.71;U4.71;U5.71;U6.71;U7.71;U8.71;U10.71;U11.71;U12.71;U13.71;U14.71;U15.71;U16.71;U17.71;U18.71;U20.71;U22.71;U23.71;U24.71;U26.71;U27.71;U28.71;U31.71;W1.71;U29.79;U39.88;U26.92;U43.98;U22.102;U2.106;W1.109;U29.111;U25.118;U7.122;U41.122;U3.128;U27.130;U15.135;U21.149;U28.149;U14.154;U29.164;U38.168;U1.171;U20.171;U10.173;U6.174;U13.177;U35.185;U41.188;U9.189;U21.189;U27.189;U15.197;U22.205;U17.208;U24.219;U35.221;U16.229;U38.229;U7.232;U1.234;U2.234;U7.235;U2.238;U1.243;U10.243;U2.256;U40.258;U34.262;U14.264;U2.269;U29.273;U28.274;U2.278;U6.278;U27.284;U28.285;W1.293;U5.295;U49.296",TRUE,TRUE,"M0.1",TRUE,TRUE,0.0102460384368896,NA,NA,NA,NA,NA,NA,NA,NA,"M0.1",TRUE,TRUE,0.00507712364196777,NA,NA,NA,NA,NA,NA,NA,NA,"M0.1",TRUE,TRUE,0.0187010765075684,NA,NA,NA,NA,NA,NA,NA,NA
72,"model1",670,"large",5,0.11,1.12704382592347,0.850907892687246,1,1,0,3,15,1,0.317530907256179,0.26603237759598,"M1.1",15,"U1.72;U2.72;U3.72;U4.72;U5.72;U6.72;U7.72;U8.72;U9.72;U10.72;U11.72;U12.72;U13.72;U14.72;U15.72",11,11,0,4,0,FALSE,FALSE,"U1.72;U2.72;U3.72;U5.72;U6.72;U7.72;U8.72;U9.72;U10.72;U12.72;U13.72",77,13,64,2,63,FALSE,TRUE,"U8.2;U7.3;U13.14;U15.26;W1.38;W1.49;W1.50;U13.53;U25.53;U13.54;U17.57;U37.62;U14.67;U1.72;U2.72;U3.72;U4.72;U5.72;U6.72;U7.72;U8.72;U9.72;U10.72;U12.72;U13.72;U15.72;W1.72;U11.75;U8.92;U19.98;U19.101;U36.106;U9.110;U3.116;U14.131;U5.132;U10.142;U17.147;U28.150;U20.163;U7.169;U10.172;U10.178;U30.180;U37.181;U18.182;U22.185;U5.187;U24.191;W1.191;U5.194;U7.197;U1.210;U9.210;U1.218;U7.234;U19.235;U33.238;U35.239;U4.240;U17.240;U12.242;U35.246;U16.254;U45.254;U48.254;U11.256;U37.262;U7.269;U15.270;U37.273;U21.281;U25.287;U5.289;U19.290;U17.291;U7.300",TRUE,TRUE,"M1.1",TRUE,TRUE,0.0096280574798584,NA,NA,NA,NA,NA,NA,NA,NA,"M1.1",TRUE,TRUE,0.00434207916259766,NA,NA,NA,NA,NA,NA,NA,NA,"M1.1",TRUE,TRUE,0.0250949859619141,NA,NA,NA,NA,NA,NA,NA,NA
73,"model2",670,"large",5,0.1,1.2839001432294,0.75942019908689,1,1,0,3,32,1,0.538600568822052,0.568291310533085,"M2.1",32,"U1.73;U2.73;U3.73;U4.73;U5.73;U6.73;U7.73;U8.73;U9.73;U10.73;U11.73;U12.73;U13.73;U14.73;U15.73;U16.73;U17.73;U18.73;U19.73;U20.73;U21.73;U22.73;U23.73;U24.73;U25.73;U26.73;U27.73;U28.73;U29.73;U30.73;U31.73;U32.73",19,19,0,13,0,FALSE,FALSE,"U3.73;U4.73;U5.73;U6.73;U7.73;U9.73;U10.73;U14.73;U16.73;U17.73;U18.73;U19.73;U23.73;U24.73;U26.73;U29.73;U30.73;U31.73;U32.73",114,27,87,5,86,FALSE,TRUE,"U8.3;U8.16;U2.20;U11.21;U17.23;U20.32;W1.40;U11.41;U21.44;U34.50;W1.52;U20.58;U49.59;U12.61;U12.70;U1.73;U2.73;U3.73;U4.73;U5.73;U6.73;U7.73;U8.73;U9.73;U10.73;U11.73;U12.73;U14.73;U16.73;U17.73;U18.73;U19.73;U22.73;U23.73;U24.73;U26.73;U27.73;U28.73;U29.73;U30.73;U31.73;U32.73;W1.73;U25.93;U3.94;U29.95;U19.96;U22.98;U12.99;U7.103;U25.104;U11.106;U5.110;U3.118;U11.119;U10.121;U23.134;U15.136;U14.140;U10.141;U5.144;U13.144;U12.149;U2.151;U13.152;W1.152;U13.155;U20.156;U14.161;U30.163;U41.163;U42.164;U11.168;U9.169;W1.171;U39.172;U19.174;U6.178;U17.179;U14.183;U29.185;U16.186;U28.194;U26.201;U9.202;U2.205;U47.213;U5.215;U25.219;U22.221;U5.226;U7.230;U15.230;U16.232;U6.236;U44.239;U6.240;W1.243;U1.245;U4.248;U6.253;U17.253;U8.255;U10.260;U22.264;U23.270;U10.271;U20.273;U4.274;U4.275;W1.277;U14.293;U5.295;U15.295",TRUE,TRUE,"M2.1",TRUE,TRUE,0.012566089630127,NA,NA,NA,NA,NA,NA,NA,NA,"M2.1",TRUE,TRUE,0.00725102424621582,NA,NA,NA,NA,NA,NA,NA,NA,"M2.1",TRUE,TRUE,0.0259590148925781,NA,NA,NA,NA,NA,NA,NA,NA
74,"model3",670,"large",5,0.42,1.33117809717078,0.780083798454143,1,1,0,3,8,1,0.10289551947615,0.0884557939541293,"M3",8,"U1.74;U2.74;U3.74;U4.74;U5.74;U6.74;U7.74;U8.74",3,2,1,6,0,FALSE,TRUE,"U2.74;U7.74;W1.74",84,6,78,2,77,FALSE,TRUE,"U3.2;U16.5;U10.7;U8.14;U14.14;U1.19;U14.21;U17.25;U26.33;W1.38;U14.39;U37.44;U29.47;U33.48;U19.61;U3.63;U22.67;U9.70;U1.74;U2.74;U3.74;U4.74;U5.74;U7.74;W1.74;U21.79;U9.85;U24.92;U31.104;U9.110;U15.111;U27.111;U11.112;U3.113;U28.129;U16.141;U3.154;U22.164;U31.164;U13.171;W1.171;U26.172;U8.174;U6.177;U23.186;U8.189;U18.189;U16.202;U14.204;U9.208;U28.218;U4.220;U6.223;U29.223;U2.226;U19.230;U11.236;U20.240;U15.243;U32.243;U17.245;U22.246;U43.246;U27.248;W1.248;U11.249;U46.254;U14.257;U16.257;U4.260;U6.260;U33.262;U19.263;U40.273;U19.274;U23.274;U6.280;U7.280;U17.280;U19.284;U26.285;U7.286;U25.289;U18.290",TRUE,TRUE,"M3",TRUE,TRUE,0.00565099716186523,NA,NA,NA,NA,NA,NA,NA,NA,"M3",TRUE,TRUE,0.00690197944641113,NA,NA,NA,NA,NA,NA,NA,NA,"M4",FALSE,FALSE,0.0173940658569336,NA,NA,NA,NA,NA,NA,NA,NA
75,"model4",670,"large",5,0.33,1.43395693879575,0.993057899177074,1,1,0,3,25,1,0.318466964367576,0.316779814720413,"M4",25,"U1.75;U2.75;U3.75;U4.75;U5.75;U6.75;U7.75;U8.75;U9.75;U10.75;U11.75;U12.75;U13.75;U14.75;U15.75;U16.75;U17.75;U18.75;U19.75;U20.75;U21.75;U22.75;U23.75;U24.75;U25.75",12,11,1,14,1,FALSE,FALSE,"U1.75;U3.75;U5.75;U7.75;U8.75;U10.75;U16.75;U17.75;U19.75;U20.75;U23.75;U22.151",90,21,69,4,69,FALSE,FALSE,"U4.1;U19.7;U2.10;U2.17;U7.19;U19.24;U15.25;U1.26;U11.28;U30.31;U14.33;U26.44;U22.49;U25.50;U28.51;U23.54;U18.57;U10.59;U36.60;U14.64;U2.70;U1.75;U2.75;U3.75;U4.75;U5.75;U6.75;U7.75;U8.75;U10.75;U11.75;U13.75;U14.75;U15.75;U16.75;U17.75;U18.75;U19.75;U20.75;U21.75;U22.75;U23.75;U31.85;W1.90;U10.91;U29.97;U15.99;U10.103;U27.106;U18.111;U5.118;U14.123;U3.125;U14.130;U5.132;U2.134;U8.138;U40.142;U22.151;U42.152;U16.164;U6.171;U27.173;U13.179;U5.180;U20.181;U43.185;U31.188;U11.190;U3.191;U6.192;U13.204;U26.206;U12.213;U27.214;U31.219;U19.222;U32.229;U3.232;U7.236;U9.237;U22.243;U8.247;U33.266;U5.269;U15.270;U23.274;U37.274;U11.275;U5.288",TRUE,TRUE,"M1.2",FALSE,FALSE,0.0104789733886719,NA,NA,NA,NA,NA,NA,NA,NA,"M1.2",FALSE,FALSE,0.00553011894226074,NA,NA,NA,NA,NA,NA,NA,NA,"M1.2",FALSE,FALSE,0.0206339359283447,NA,NA,NA,NA,NA,NA,NA,NA
76,"model0",670,"small",6,0.21,0.375583561137319,0.2526569719892,1,1,0,3,50,1,0.62903572407347,0.652086443331648,"M0.1",50,"U1.76;U2.76;U3.76;U4.76;U5.76;U6.76;U7.76;U8.76;U9.76;U10.76;U11.76;U12.76;U13.76;U14.76;U15.76;U16.76;U17.76;U18.76;U19.76;U20.76;U21.76;U22.76;U23.76;U24.76;U25.76;U26.76;U27.76;U28.76;U29.76;U30.76;U31.76;U32.76;U33.76;U34.76;U35.76;U36.76;U37.76;U38.76;U39.76;U40.76;U41.76;U42.76;U43.76;U44.76;U45.76;U46.76;U47.76;U48.76;U49.76;U50.76",19,18,1,32,0,FALSE,TRUE,"U5.76;U6.76;U10.76;U15.76;U17.76;U23.76;U25.76;U27.76;U29.76;U33.76;U34.76;U36.76;U40.76;U43.76;U44.76;U46.76;U47.76;U50.76;W1.76",112,36,76,14,75,FALSE,TRUE,"U20.5;U12.8;U13.28;U41.31;W1.31;U24.39;U3.42;U27.44;U21.50;U21.55;U19.57;U29.58;U44.59;U14.61;U15.69;U1.71;U3.76;U4.76;U5.76;U6.76;U7.76;U10.76;U11.76;U12.76;U14.76;U15.76;U16.76;U17.76;U18.76;U19.76;U21.76;U22.76;U23.76;U24.76;U25.76;U27.76;U29.76;U30.76;U31.76;U33.76;U34.76;U36.76;U38.76;U39.76;U40.76;U42.76;U43.76;U44.76;U46.76;U47.76;U48.76;U50.76;W1.76;U49.79;U18.81;U21.85;U29.88;U25.97;U19.98;U7.99;U24.101;U22.102;U34.104;U41.104;U14.113;U36.120;U4.122;U2.124;U5.127;U5.132;U3.141;U5.149;U30.152;W1.153;U10.155;U16.156;U27.156;U6.163;U3.164;U25.167;U4.169;U27.171;U15.178;U13.182;U19.183;U10.188;U41.194;U2.196;U10.196;U9.202;U21.205;U5.207;U11.219;U8.220;W1.225;U6.227;U32.227;U21.229;U9.236;U6.247;U12.247;U3.257;U12.270;U12.273;U6.274;U6.277;U19.280;U23.281;U9.282;U4.287;W1.294;U14.296",TRUE,TRUE,"M0.1",TRUE,TRUE,0.0156359672546387,NA,NA,NA,NA,NA,NA,NA,NA,"M0.1",TRUE,TRUE,0.00725102424621582,NA,NA,NA,NA,NA,NA,NA,NA,"M0.1",TRUE,TRUE,0.0262949466705322,NA,NA,NA,NA,NA,NA,NA,NA
77,"model1",670,"small",6,0.1,0.277529388014227,0.167081469250843,1,1,0,3,2,1,0.0621582128719805,0.0601644933839666,"M1.1",2,"U1.77;U2.77",2,1,1,1,0,FALSE,TRUE,"U2.77;W1.77",78,2,76,0,75,FALSE,TRUE,"U4.1;U27.5;U9.7;U3.9;U5.12;U19.17;U6.19;U9.20;U9.25;U30.47;U5.58;U43.60;U27.76;U1.77;U2.77;W1.77;U2.78;U10.79;U7.82;U24.87;U43.88;U39.89;U42.89;U24.92;W1.95;U15.110;U28.110;U31.110;U7.111;U13.113;U27.120;U15.128;U15.130;U15.139;U12.142;U23.142;U29.144;U41.144;U23.147;U23.155;U21.156;U5.164;U2.166;U5.171;U2.173;U9.173;U8.176;U7.177;U2.178;U8.183;U7.184;U12.185;U26.188;U16.200;U30.201;U5.213;U38.213;U15.216;W1.216;U4.221;U8.221;U15.224;U20.224;U9.230;U9.232;U2.233;U38.238;U32.239;U30.246;U6.253;U28.253;U25.270;U6.279;U20.281;U21.282;U20.285;U10.288;U42.296",TRUE,TRUE,"M1.1",TRUE,TRUE,0.00288581848144531,NA,NA,NA,NA,NA,NA,NA,NA,"M1.1",TRUE,TRUE,0.0025479793548584,NA,NA,NA,NA,NA,NA,NA,NA,"M1.1",TRUE,TRUE,0.0240991115570068,NA,NA,NA,NA,NA,NA,NA,NA
78,"model2",670,"small",6,0.01,0.4332255423069,0.164183328626677,1,1,0,3,8,7,0.209351637489271,0.248524628981811,"M2.1",8,"U1.78;U2.78;U3.78;U4.78;U5.78;U6.78;U7.78;U8.78",9,7,2,1,1,FALSE,TRUE,"U2.78;U3.78;U4.78;U5.78;U6.78;U7.78;U8.78;W1.78;U17.194",93,7,86,1,85,FALSE,TRUE,"U7.5;U5.9;U3.10;U33.10;U38.10;U17.23;U15.26;U1.35;U9.40;U33.47;U8.48;U30.52;U16.54;U21.58;U7.61;U14.61;U15.61;U5.66;U20.69;U5.71;U13.72;U4.75;U2.76;U2.78;U3.78;U4.78;U5.78;U6.78;U7.78;U8.78;W1.78;U37.90;U35.95;U4.98;U31.98;U8.99;U22.101;W1.104;U3.118;U25.120;W1.121;U2.123;U35.128;U8.133;U6.136;U34.144;U39.144;U9.147;W1.148;U30.152;U9.157;U5.158;U32.163;U1.164;U29.164;U7.168;U20.168;U13.173;U14.175;U29.181;U36.183;U37.185;U13.189;U6.190;U32.191;U17.194;U6.198;U1.201;U5.208;U8.214;U31.223;U26.226;U36.229;U11.235;U19.236;U5.237;U15.238;U18.245;U29.250;U5.251;U6.259;U31.259;U4.262;U20.263;U8.266;U20.266;U26.266;U4.268;U12.270;U4.271;U11.296;U14.296;U3.300",TRUE,TRUE,"Other",FALSE,FALSE,0.00366687774658203,NA,NA,NA,NA,NA,NA,NA,NA,"M1.1",FALSE,FALSE,0.00381684303283691,NA,NA,NA,NA,NA,NA,NA,NA,"Other",FALSE,FALSE,0.0280411243438721,NA,NA,NA,NA,NA,NA,NA,NA
79,"model3",670,"small",6,0.25,0.332359800767154,0.150620813155547,1,1,0,3,50,1,0.63882078465288,0.662178774295475,"M3",50,"U1.79;U2.79;U3.79;U4.79;U5.79;U6.79;U7.79;U8.79;U9.79;U10.79;U11.79;U12.79;U13.79;U14.79;U15.79;U16.79;U17.79;U18.79;U19.79;U20.79;U21.79;U22.79;U23.79;U24.79;U25.79;U26.79;U27.79;U28.79;U29.79;U30.79;U31.79;U32.79;U33.79;U34.79;U35.79;U36.79;U37.79;U38.79;U39.79;U40.79;U41.79;U42.79;U43.79;U44.79;U45.79;U46.79;U47.79;U48.79;U49.79;U50.79",26,24,2,26,1,FALSE,TRUE,"U5.3;U1.79;U3.79;U4.79;U6.79;U7.79;U8.79;U9.79;U13.79;U18.79;U20.79;U25.79;U26.79;U29.79;U32.79;U34.79;U38.79;U39.79;U40.79;U41.79;U42.79;U45.79;U46.79;U47.79;U50.79;W1.79",111,40,71,10,70,FALSE,TRUE,"U5.3;U7.11;U23.19;U3.22;U16.26;U19.39;U30.39;U32.39;U14.51;U4.52;U18.57;U24.62;U3.64;U6.67;U5.68;U10.70;U1.72;U2.73;U1.79;U2.79;U3.79;U4.79;U5.79;U6.79;U7.79;U8.79;U9.79;U10.79;U11.79;U13.79;U15.79;U16.79;U17.79;U18.79;U20.79;U21.79;U25.79;U26.79;U27.79;U29.79;U30.79;U32.79;U33.79;U34.79;U35.79;U36.79;U37.79;U38.79;U39.79;U40.79;U41.79;U42.79;U43.79;U45.79;U46.79;U47.79;U48.79;U50.79;W1.79;U21.87;U18.89;U2.95;U8.96;U21.98;U12.102;U28.102;U6.103;U3.107;U19.110;U8.111;U19.133;U8.135;U16.147;U17.149;U14.161;U43.163;U2.167;U17.167;U37.172;U21.173;W1.179;U22.180;U14.181;U20.183;U26.185;W1.188;U2.190;U32.191;U47.191;U18.192;U23.194;U24.202;U6.216;U29.227;U20.229;U1.232;U24.235;U22.254;U6.256;U19.259;U11.260;U40.260;W1.261;U5.265;U7.269;U11.274;U6.279;U27.284;U42.285;U36.287;U6.290",TRUE,TRUE,"M3",TRUE,TRUE,0.0137388706207275,NA,NA,NA,NA,NA,NA,NA,NA,"M0.2",FALSE,FALSE,0.00581693649291992,NA,NA,NA,NA,NA,NA,NA,NA,"M0.2",FALSE,FALSE,0.0259060859680176,NA,NA,NA,NA,NA,NA,NA,NA
80,"model4",670,"small",6,0.1,0.372865421697497,0.290735918749124,1,1,0,3,5,1,0.146890375555905,0.134203713161503,"M4",5,"U1.80;U2.80;U3.80;U4.80;U5.80",5,4,1,1,0,FALSE,TRUE,"U1.80;U2.80;U3.80;U4.80;W1.80",76,5,71,0,70,FALSE,TRUE,"U37.8;U9.12;U3.13;U4.18;U3.19;U18.19;U12.23;U4.26;U1.44;U7.49;U8.50;U22.52;U17.54;U8.60;U21.62;U22.71;U33.76;U46.76;U38.79;U1.80;U2.80;U3.80;U4.80;U5.80;W1.80;W1.81;U30.87;U6.94;U5.96;U19.103;U24.104;U2.105;U41.118;U18.123;U1.126;U32.133;U37.133;U5.138;U1.140;U1.146;U12.147;U13.147;U21.149;U22.150;U16.151;U7.152;U15.154;U29.156;U45.164;U35.168;U26.172;W1.180;U42.185;U17.190;U21.190;U2.214;U34.218;U2.222;U17.222;U16.223;U19.232;W1.233;U48.248;U31.250;U10.253;U12.255;U18.257;U32.259;U14.260;U30.273;U14.274;U23.274;U16.284;U22.287;U13.288;U10.296",TRUE,TRUE,"M4",TRUE,TRUE,0.0059969425201416,NA,NA,NA,NA,NA,NA,NA,NA,"M4",TRUE,TRUE,0.00307512283325195,NA,NA,NA,NA,NA,NA,NA,NA,"M4",TRUE,TRUE,0.0173718929290771,NA,NA,NA,NA,NA,NA,NA,NA
81,"model0",670,"medium",6,0.28,0.720156228169799,0.325752734020352,1,1,0,3,20,1,0.39127471373316,0.397919120345757,"M0.1",20,"U1.81;U2.81;U3.81;U4.81;U5.81;U6.81;U7.81;U8.81;U9.81;U10.81;U11.81;U12.81;U13.81;U14.81;U15.81;U16.81;U17.81;U18.81;U19.81;U20.81",16,15,1,5,0,FALSE,TRUE,"U1.81;U4.81;U5.81;U6.81;U8.81;U9.81;U10.81;U11.81;U12.81;U13.81;U14.81;U15.81;U16.81;U18.81;U19.81;W1.81",90,17,73,3,72,FALSE,TRUE,"U12.19;U22.19;U6.42;U38.44;U27.47;U16.51;U32.52;U41.52;U5.53;U29.62;U28.67;U29.69;U9.71;U10.73;W1.73;U35.76;U1.81;U4.81;U5.81;U6.81;U8.81;U9.81;U10.81;U11.81;U12.81;U13.81;U14.81;U15.81;U16.81;U17.81;U18.81;U19.81;U20.81;W1.81;U14.89;U9.93;U20.102;U21.103;U19.113;U28.116;U2.118;U42.128;U49.128;U22.129;U13.130;U14.132;U5.140;U8.143;U9.147;U20.151;U4.163;U15.163;U23.178;U16.180;U3.184;U47.185;U4.189;U30.189;U10.192;U44.194;U2.197;U11.201;U25.201;U4.203;U4.214;U8.214;U3.215;U26.223;U38.230;U2.231;U3.235;U12.239;U2.245;U4.245;U15.246;U21.250;U16.251;U37.257;U27.258;U24.263;U10.271;U27.273;U47.274;U26.281;U1.288;U31.290;U5.291;U2.292;U2.296;U35.297",TRUE,TRUE,"M0.1",TRUE,TRUE,0.00795912742614746,NA,NA,NA,NA,NA,NA,NA,NA,"M0.1",TRUE,TRUE,0.00487399101257324,NA,NA,NA,NA,NA,NA,NA,NA,"M0.1",TRUE,TRUE,0.0204150676727295,NA,NA,NA,NA,NA,NA,NA,NA
82,"model1",670,"medium",6,0.17,0.841038874932565,0.317461477639154,1,1,0,3,16,1,0.303554997215981,0.282817838807882,"M1.1",16,"U1.82;U2.82;U3.82;U4.82;U5.82;U6.82;U7.82;U8.82;U9.82;U10.82;U11.82;U12.82;U13.82;U14.82;U15.82;U16.82",12,10,2,6,1,FALSE,TRUE,"U2.82;U3.82;U6.82;U7.82;U8.82;U10.82;U11.82;U12.82;U13.82;U16.82;W1.82;U12.285",86,16,70,0,69,FALSE,TRUE,"U18.5;W1.14;U15.21;U8.46;U10.46;U18.47;U22.47;U38.48;U2.49;U17.51;U34.52;U22.54;U1.75;U31.76;U1.82;U2.82;U3.82;U4.82;U5.82;U6.82;U7.82;U8.82;U9.82;U10.82;U11.82;U12.82;U13.82;U14.82;U15.82;U16.82;W1.82;U17.89;U19.89;U12.90;U13.94;U24.98;U12.101;U21.101;U6.102;U17.111;U18.116;U18.119;U28.120;U11.122;U5.130;U24.136;U13.139;U39.142;U13.147;U8.151;U9.156;U1.159;U38.173;U18.174;U29.180;U30.183;U20.185;U3.188;U8.188;U39.191;U5.195;U25.202;U28.205;U24.208;U13.213;U2.216;U10.216;U15.216;U19.216;U3.235;U12.251;U23.251;U4.254;U26.258;U32.260;U34.266;U8.274;U7.276;W1.278;U2.281;U24.281;U8.282;U12.285;U12.286;U38.287;U26.293",TRUE,TRUE,"M1.1",TRUE,TRUE,0.00614595413208008,NA,NA,NA,NA,NA,NA,NA,NA,"M1.1",TRUE,TRUE,0.00407099723815918,NA,NA,NA,NA,NA,NA,NA,NA,"M1.1",TRUE,TRUE,0.0196399688720703,NA,NA,NA,NA,NA,NA,NA,NA
83,"model2",670,"medium",6,0.16,0.948510141344741,0.447127023944631,1,1,0,3,2,1,0.022533425425109,0.0465941126937925,"M2.1",2,"U1.83;U2.83",2,1,1,1,0,FALSE,TRUE,"U2.83;W1.83",87,2,85,0,84,FALSE,TRUE,"U15.2;U3.3;U15.6;U2.14;U19.14;U12.16;U29.17;U10.24;U7.27;U3.28;U2.41;U11.43;U34.44;U8.46;U27.50;U2.55;U3.57;U4.57;U20.58;U18.59;U48.59;U2.69;W1.72;U11.82;U1.83;U2.83;W1.83;U2.92;U1.95;U28.97;U36.104;U9.109;U35.110;U28.113;U2.118;U36.118;U12.120;U11.122;U8.123;U11.129;U5.131;U11.132;U12.132;U8.137;U11.140;U3.143;U12.143;U45.147;U15.164;U8.169;U18.170;U20.171;U21.172;U10.175;U13.175;U27.183;U36.188;U24.197;U9.208;U1.215;U8.220;U6.221;U22.223;U24.226;U29.226;U7.227;U12.230;U18.230;U2.247;U12.250;U2.251;U22.257;U2.259;U31.261;U15.262;U2.266;U1.268;U5.274;U8.274;U10.274;U32.275;U3.276;U18.285;W1.285;U21.288;U16.290;U42.297",TRUE,TRUE,"M2.1",TRUE,TRUE,0.00454497337341309,NA,NA,NA,NA,NA,NA,NA,NA,"M2.1",TRUE,TRUE,0.00285720825195312,NA,NA,NA,NA,NA,NA,NA,NA,"M2.1",TRUE,TRUE,0.0259239673614502,NA,NA,NA,NA,NA,NA,NA,NA
84,"model3",670,"medium",6,0.39,0.522103543276899,0.365416278829798,1,1,0,3,2,1,0.0681140575660186,0.0745348261715209,"M3",2,"U1.84;U2.84",2,2,0,0,0,FALSE,FALSE,"U1.84;U2.84",68,2,66,0,65,FALSE,TRUE,"U11.14;U5.16;U8.25;U3.42;U36.47;U18.53;U10.61;U3.65;U7.66;U7.74;U21.75;U6.79;U1.84;U2.84;W1.84;U24.85;U15.87;U5.89;U11.89;U16.89;U21.98;U8.103;U31.103;U5.105;U11.113;U5.128;U38.133;U2.138;U39.144;U43.147;U17.149;U28.152;U39.152;U40.152;U4.153;U13.154;U14.157;U26.163;U24.181;U3.182;U22.193;U19.202;U3.204;U30.205;U31.206;U9.214;U32.219;U14.227;U10.229;U3.235;U4.235;U10.236;U26.238;U9.244;U37.248;U1.250;U14.251;U28.261;U8.263;U17.264;U20.273;U28.285;U22.287;U14.290;U8.293;U28.297;U30.297;U32.297",TRUE,TRUE,"M3",TRUE,TRUE,0.00296497344970703,NA,NA,NA,NA,NA,NA,NA,NA,"M3",TRUE,TRUE,0.00276899337768555,NA,NA,NA,NA,NA,NA,NA,NA,"M3",TRUE,TRUE,0.0260992050170898,NA,NA,NA,NA,NA,NA,NA,NA
85,"model4",670,"medium",6,0.08,0.96104564552661,0.376246281946078,1,1,0,3,32,1,0.557478004230186,0.511449906256216,"M4",32,"U1.85;U2.85;U3.85;U4.85;U5.85;U6.85;U7.85;U8.85;U9.85;U10.85;U11.85;U12.85;U13.85;U14.85;U15.85;U16.85;U17.85;U18.85;U19.85;U20.85;U21.85;U22.85;U23.85;U24.85;U25.85;U26.85;U27.85;U28.85;U29.85;U30.85;U31.85;U32.85",20,19,1,13,1,FALSE,FALSE,"U3.85;U4.85;U5.85;U6.85;U9.85;U10.85;U12.85;U13.85;U15.85;U16.85;U17.85;U18.85;U19.85;U20.85;U21.85;U22.85;U24.85;U25.85;U26.85;U28.171",102,30,72,2,71,FALSE,TRUE,"U2.7;U35.10;U6.11;U24.19;U28.19;U17.23;U2.24;U17.31;U9.40;U20.44;U29.47;U26.54;U21.57;U13.58;U21.59;U27.60;U16.61;U41.62;U21.79;U25.79;U46.79;U2.83;U2.85;U3.85;U4.85;U5.85;U6.85;U7.85;U8.85;U9.85;U10.85;U11.85;U12.85;U13.85;U15.85;U16.85;U17.85;U18.85;U19.85;U20.85;U21.85;U22.85;U23.85;U24.85;U25.85;U26.85;U27.85;U28.85;U29.85;U30.85;U31.85;U32.85;W1.85;U32.89;U27.90;U34.95;U29.103;U30.110;U1.112;U23.113;U37.120;U2.125;U11.128;W1.128;U6.132;U29.133;U28.139;U18.142;U33.144;U35.147;U1.148;U28.149;U5.160;U20.163;U50.164;U28.171;U30.172;U33.173;U7.178;U25.188;U43.191;U20.192;U20.205;U19.208;U17.224;U28.224;U14.232;U2.248;U10.250;U24.251;U14.254;U18.263;U22.264;U18.274;U26.274;U23.284;U28.285;U29.288;U30.289;U11.290;U17.292;U42.297",TRUE,TRUE,"M4",TRUE,TRUE,0.0161910057067871,NA,NA,NA,NA,NA,NA,NA,NA,"M4",TRUE,TRUE,0.00796294212341309,NA,NA,NA,NA,NA,NA,NA,NA,"M4",TRUE,TRUE,0.0244321823120117,NA,NA,NA,NA,NA,NA,NA,NA
86,"model0",670,"large",6,0.49,1.10200847766828,0.820317235542461,1,1,0,3,5,1,0.0908261144987464,0.128209478212154,"M0.1",5,"U1.86;U2.86;U3.86;U4.86;U5.86",7,4,3,1,2,FALSE,TRUE,"U1.86;U3.86;U4.86;U5.86;W1.86;W1.223;U19.229",95,5,90,0,89,FALSE,TRUE,"U5.5;W1.6;U10.9;U1.15;U2.15;U13.16;U18.19;U7.21;U3.22;U17.23;U2.24;W1.30;U18.40;U32.44;U5.48;U16.49;U34.50;U20.51;U21.55;U18.60;U11.61;U43.62;U4.66;U27.71;U34.76;U1.86;U2.86;U3.86;U4.86;U5.86;W1.86;U6.87;U13.87;U18.88;U19.88;U45.89;U2.92;U7.96;U32.102;U45.104;U13.106;U16.106;U33.106;U17.112;U36.118;U4.119;U17.120;U32.122;U47.128;U24.130;U25.130;U19.135;U15.139;U28.142;U29.144;U2.146;U8.146;U9.147;U6.151;U33.152;U14.161;U18.170;U26.172;U18.174;U33.181;U5.182;U13.185;U46.185;U17.186;U6.188;U3.201;U12.210;U24.216;W1.223;W1.225;U34.226;U23.227;U19.229;W1.238;U29.240;U12.257;U36.258;U27.260;U15.261;U24.263;U5.269;U20.274;U32.275;U6.279;U6.280;U1.284;U32.287;U9.291;U28.293;U9.298",TRUE,TRUE,"M0.1",TRUE,TRUE,0.00325298309326172,NA,NA,NA,NA,NA,NA,NA,NA,"M0.1",TRUE,TRUE,0.00515985488891602,NA,NA,NA,NA,NA,NA,NA,NA,"M0.1",TRUE,TRUE,0.0386199951171875,NA,NA,NA,NA,NA,NA,NA,NA
87,"model1",670,"large",6,0.15,1.0957035922911,0.78660028683953,1,1,0,3,34,1,0.502176083332778,0.558435487765263,"M1.1",34,"U1.87;U2.87;U3.87;U4.87;U5.87;U6.87;U7.87;U8.87;U9.87;U10.87;U11.87;U12.87;U13.87;U14.87;U15.87;U16.87;U17.87;U18.87;U19.87;U20.87;U21.87;U22.87;U23.87;U24.87;U25.87;U26.87;U27.87;U28.87;U29.87;U30.87;U31.87;U32.87;U33.87;U34.87",22,20,2,14,1,FALSE,TRUE,"U1.87;U2.87;U5.87;U6.87;U8.87;U10.87;U11.87;U13.87;U14.87;U16.87;U21.87;U22.87;U23.87;U25.87;U27.87;U29.87;U31.87;U32.87;U33.87;U34.87;W1.87;U50.216",113,28,85,6,84,FALSE,TRUE,"U8.1;U17.7;U6.10;U7.10;U22.14;U20.24;U14.28;U14.31;U45.31;U13.32;W1.32;U9.41;U20.54;U26.69;U1.78;U2.78;U8.82;U1.87;U2.87;U3.87;U4.87;U5.87;U6.87;U7.87;U8.87;U9.87;U10.87;U11.87;U13.87;U14.87;U16.87;U18.87;U19.87;U20.87;U21.87;U22.87;U23.87;U25.87;U27.87;U29.87;U30.87;U31.87;U32.87;U33.87;U34.87;W1.87;U35.88;U5.108;U13.109;U23.110;U32.110;U19.113;U2.116;U6.116;U34.118;U40.118;U8.119;U19.119;U29.120;U2.123;U13.128;U15.128;U27.139;U19.141;U27.144;U49.144;U14.147;U32.152;U10.155;U2.163;U10.163;U28.164;U1.165;U35.168;W1.174;U31.181;U3.183;U14.183;U33.183;U5.188;U35.188;U5.189;U19.197;U20.205;U8.206;U25.208;U50.216;U32.219;U1.223;U12.236;U1.237;U25.238;U11.246;U1.247;U5.253;U15.254;U23.257;U21.258;U17.260;U9.264;U13.264;U26.264;U9.270;U2.273;U11.277;U19.282;U11.285;U8.289;U8.291;U11.292;U22.292;U4.293;U30.296",TRUE,TRUE,"M1.1",TRUE,TRUE,0.00817704200744629,NA,NA,NA,NA,NA,NA,NA,NA,"M1.1",TRUE,TRUE,0.0057981014251709,NA,NA,NA,NA,NA,NA,NA,NA,"M1.1",TRUE,TRUE,0.0300350189208984,NA,NA,NA,NA,NA,NA,NA,NA
88,"model2",670,"large",6,0.21,1.03464478661772,0.940669883508235,1,1,0,3,48,1,0.603004096294717,0.683685371793308,"M2.1",48,"U1.88;U2.88;U3.88;U4.88;U5.88;U6.88;U7.88;U8.88;U9.88;U10.88;U11.88;U12.88;U13.88;U14.88;U15.88;U16.88;U17.88;U18.88;U19.88;U20.88;U21.88;U22.88;U23.88;U24.88;U25.88;U26.88;U27.88;U28.88;U29.88;U30.88;U31.88;U32.88;U33.88;U34.88;U35.88;U36.88;U37.88;U38.88;U39.88;U40.88;U41.88;U42.88;U43.88;U44.88;U45.88;U46.88;U47.88;U48.88",27,25,2,23,1,FALSE,TRUE,"U2.50;U1.88;U2.88;U3.88;U5.88;U6.88;U7.88;U12.88;U14.88;U15.88;U17.88;U19.88;U21.88;U23.88;U24.88;U25.88;U28.88;U32.88;U35.88;U36.88;U38.88;U39.88;U42.88;U43.88;U46.88;U48.88;W1.88",133,38,95,10,94,FALSE,TRUE,"U25.5;U14.6;U5.8;U33.10;U3.13;U20.14;U1.15;U6.17;U10.21;U11.24;U16.31;W1.31;U5.32;U3.41;U11.46;U25.47;W1.47;W1.48;U11.49;U22.49;U2.50;U16.57;U45.59;U17.68;U6.69;U1.73;U25.75;U25.87;U26.87;U1.88;U2.88;U3.88;U4.88;U5.88;U6.88;U7.88;U10.88;U11.88;U12.88;U13.88;U14.88;U15.88;U16.88;U17.88;U18.88;U19.88;U21.88;U22.88;U23.88;U24.88;U25.88;U26.88;U28.88;U31.88;U32.88;U35.88;U36.88;U38.88;U39.88;U40.88;U41.88;U42.88;U43.88;U44.88;U45.88;U46.88;U48.88;W1.88;U14.89;U4.91;U22.93;U34.98;U6.99;U26.103;U39.104;U38.106;U1.109;U3.114;U7.118;U20.118;U18.119;U37.122;U1.123;U4.127;U17.132;U26.141;U29.142;U29.144;U3.145;U40.147;U19.149;U13.150;U4.154;U4.156;U10.156;U2.158;U22.164;U1.166;U5.170;U33.173;U15.177;U10.182;U29.186;U22.190;U47.191;U1.192;U4.194;U13.194;U25.194;U3.198;U25.201;U24.204;U34.216;U11.219;U33.221;U4.224;U17.227;U7.237;W1.240;U11.243;U22.253;U6.254;U7.255;U14.255;U29.259;U8.261;U11.261;U21.262;U18.273;U36.274;U8.277;U14.296;U15.296",TRUE,TRUE,"M2.1",TRUE,TRUE,0.0106000900268555,NA,NA,NA,NA,NA,NA,NA,NA,"M2.1",TRUE,TRUE,0.00618600845336914,NA,NA,NA,NA,NA,NA,NA,NA,"M2.1",TRUE,TRUE,0.0382339954376221,NA,NA,NA,NA,NA,NA,NA,NA
89,"model3",670,"large",6,0.11,1.14234138838947,0.644252791418694,1,1,0,3,45,1,0.569831545711997,0.537762620638632,"M3",45,"U1.89;U2.89;U3.89;U4.89;U5.89;U6.89;U7.89;U8.89;U9.89;U10.89;U11.89;U12.89;U13.89;U14.89;U15.89;U16.89;U17.89;U18.89;U19.89;U20.89;U21.89;U22.89;U23.89;U24.89;U25.89;U26.89;U27.89;U28.89;U29.89;U30.89;U31.89;U32.89;U33.89;U34.89;U35.89;U36.89;U37.89;U38.89;U39.89;U40.89;U41.89;U42.89;U43.89;U44.89;U45.89",22,21,1,24,0,FALSE,TRUE,"U5.89;U6.89;U9.89;U10.89;U11.89;U12.89;U13.89;U15.89;U18.89;U19.89;U21.89;U22.89;U28.89;U30.89;U34.89;U35.89;U37.89;U38.89;U39.89;U44.89;U45.89;W1.89",111,33,78,12,77,FALSE,TRUE,"U29.5;U40.5;U37.10;U13.17;U15.19;U24.24;U4.52;U19.61;U15.67;U1.76;U11.76;U40.76;U2.78;U18.81;U12.87;U1.89;U5.89;U6.89;U7.89;U8.89;U9.89;U10.89;U11.89;U12.89;U13.89;U14.89;U15.89;U16.89;U18.89;U19.89;U21.89;U22.89;U23.89;U24.89;U27.89;U28.89;U29.89;U30.89;U31.89;U32.89;U34.89;U35.89;U37.89;U38.89;U39.89;U42.89;U44.89;U45.89;W1.89;U35.90;U3.93;U3.96;U16.99;U30.102;U31.103;U5.112;U9.112;U10.113;U33.113;W1.119;U4.131;U16.133;U7.137;U6.139;U2.140;U7.141;U18.141;U12.143;U8.151;U6.156;U2.159;U26.163;U5.164;U5.171;U6.173;U3.175;U6.178;U2.179;U21.179;U2.180;U10.180;U27.181;U38.190;U7.196;U15.197;U8.199;U1.210;U28.213;U32.213;U3.214;U2.215;U6.216;U6.223;U13.223;U11.224;U1.225;U25.230;U14.239;U33.239;U16.243;U17.249;U11.250;U27.250;U5.258;U3.272;U40.273;U9.276;U4.285;U31.287;U23.289;U34.297",TRUE,TRUE,"M3",TRUE,TRUE,0.00897789001464844,NA,NA,NA,NA,NA,NA,NA,NA,"M4",FALSE,FALSE,0.0071570873260498,NA,NA,NA,NA,NA,NA,NA,NA,"M3",TRUE,TRUE,0.0377581119537354,NA,NA,NA,NA,NA,NA,NA,NA
90,"model4",670,"large",6,0.07,1.48887887771707,0.597013401915319,1,1,0,3,38,1,0.577406372489175,0.473183747368905,"M4",38,"U1.90;U2.90;U3.90;U4.90;U5.90;U6.90;U7.90;U8.90;U9.90;U10.90;U11.90;U12.90;U13.90;U14.90;U15.90;U16.90;U17.90;U18.90;U19.90;U20.90;U21.90;U22.90;U23.90;U24.90;U25.90;U26.90;U27.90;U28.90;U29.90;U30.90;U31.90;U32.90;U33.90;U34.90;U35.90;U36.90;U37.90;U38.90",24,23,1,15,0,FALSE,TRUE,"U1.90;U2.90;U4.90;U7.90;U11.90;U12.90;U13.90;U14.90;U15.90;U16.90;U18.90;U20.90;U21.90;U22.90;U27.90;U30.90;U31.90;U32.90;U33.90;U34.90;U35.90;U36.90;U38.90;W1.90",109,30,79,8,78,FALSE,TRUE,"U22.5;U24.5;U16.7;U15.9;U21.14;U9.17;U8.27;U1.31;U13.32;U10.33;U3.41;U13.44;U4.47;U7.56;U1.57;U29.58;U27.59;U21.61;U15.62;U29.62;U19.67;U11.70;U41.76;U31.85;U46.88;U10.89;U1.90;U2.90;U4.90;U6.90;U7.90;U8.90;U9.90;U11.90;U12.90;U13.90;U14.90;U15.90;U16.90;U18.90;U19.90;U20.90;U21.90;U22.90;U24.90;U26.90;U27.90;U29.90;U30.90;U31.90;U32.90;U33.90;U34.90;U35.90;U36.90;U38.90;W1.90;U24.97;U3.99;U26.99;U25.110;U19.118;U6.121;U7.121;U13.128;U31.133;U2.139;U9.143;U6.145;U18.147;U17.149;U41.152;U4.158;U1.159;U10.163;U33.173;U7.175;U15.178;U22.179;U28.179;U7.185;U41.185;U25.188;U24.189;U30.189;U39.191;U37.194;U6.196;U27.197;U44.206;U6.210;U39.213;U5.226;U21.226;U35.227;U8.232;U3.245;U26.246;U9.250;U11.254;U17.254;U19.254;U2.256;U13.257;U17.262;U1.277;U21.277;U32.290;U41.296",TRUE,TRUE,"M4",TRUE,TRUE,0.0108938217163086,NA,NA,NA,NA,NA,NA,NA,NA,"M4",TRUE,TRUE,0.0113859176635742,NA,NA,NA,NA,NA,NA,NA,NA,"M4",TRUE,TRUE,0.0274169445037842,NA,NA,NA,NA,NA,NA,NA,NA
91,"model0",670,"small",7,0.1,0.3258993412368,0.287662485381588,1,1,0,3,13,1,0.351604335423747,0.404505730477107,"M0.1",13,"U1.91;U2.91;U3.91;U4.91;U5.91;U6.91;U7.91;U8.91;U9.91;U10.91;U11.91;U12.91;U13.91",13,12,1,1,0,FALSE,TRUE,"U1.91;U3.91;U4.91;U5.91;U6.91;U7.91;U8.91;U9.91;U10.91;U11.91;U12.91;U13.91;W1.91",94,13,81,0,80,FALSE,TRUE,"U15.1;U26.12;U2.19;W1.24;U9.25;U38.31;U6.36;U7.39;U2.49;U12.49;U23.49;U37.50;U21.51;U19.53;U16.67;U26.69;U32.85;U1.91;U2.91;U3.91;U4.91;U5.91;U6.91;U7.91;U8.91;U9.91;U10.91;U11.91;U12.91;U13.91;W1.91;W1.97;U5.105;U5.106;U1.107;U4.107;U7.108;U9.109;U1.116;U20.122;U22.130;U18.134;U2.135;U5.142;U34.142;U12.151;U10.155;U31.156;U4.158;U16.161;U9.169;U19.170;U36.171;U14.174;U6.177;U2.179;U1.180;U11.180;U22.183;U40.185;U42.185;U32.186;U22.189;U14.193;U15.200;U6.202;U7.202;U26.204;U2.213;U3.216;U9.219;U23.223;U15.227;U38.229;U18.240;W1.245;U35.248;U17.249;U6.251;U14.254;U5.256;U8.256;U5.263;U29.266;U29.274;U31.275;U9.279;U12.281;U26.285;U27.287;U17.296;U27.296;U32.296;U11.297",TRUE,TRUE,"M0.1",TRUE,TRUE,0.00726199150085449,NA,NA,NA,NA,NA,NA,NA,NA,"M0.1",TRUE,TRUE,0.00489115715026855,NA,NA,NA,NA,NA,NA,NA,NA,"M0.1",TRUE,TRUE,0.0196220874786377,NA,NA,NA,NA,NA,NA,NA,NA
92,"model1",670,"small",7,0.13,0.241789726540446,0.287295430805534,1,1,0,3,29,1,0.544830786699272,0.498195037617439,"M1.1",29,"U1.92;U2.92;U3.92;U4.92;U5.92;U6.92;U7.92;U8.92;U9.92;U10.92;U11.92;U12.92;U13.92;U14.92;U15.92;U16.92;U17.92;U18.92;U19.92;U20.92;U21.92;U22.92;U23.92;U24.92;U25.92;U26.92;U27.92;U28.92;U29.92",20,19,1,10,0,FALSE,TRUE,"U3.92;U4.92;U5.92;U6.92;U7.92;U8.92;U9.92;U10.92;U11.92;U13.92;U16.92;U17.92;U18.92;U19.92;U20.92;U21.92;U25.92;U26.92;U29.92;W1.92",94,27,67,2,66,FALSE,TRUE,"U37.5;U22.10;U3.39;U1.47;U3.49;U5.51;U22.59;U11.63;U9.69;U1.85;U1.92;U2.92;U3.92;U4.92;U5.92;U6.92;U7.92;U8.92;U9.92;U10.92;U11.92;U12.92;U13.92;U14.92;U15.92;U16.92;U17.92;U18.92;U19.92;U20.92;U21.92;U24.92;U25.92;U26.92;U27.92;U28.92;U29.92;W1.92;U18.93;U11.97;U4.98;U7.104;U13.112;U4.113;U12.116;U31.118;U33.118;U2.119;U10.119;U8.120;U12.120;U7.123;U17.129;U30.130;U9.133;U36.133;U6.135;U34.142;U39.142;U14.183;U11.185;U40.188;U7.191;U4.202;U5.203;U1.210;U6.213;U10.213;U20.216;U26.218;U29.219;W1.219;U33.221;U4.226;U37.229;U31.230;U1.234;U9.236;U22.238;U18.239;U9.240;U21.240;U7.241;U16.242;U27.245;U27.266;U8.274;U5.278;U4.291;U37.293;U12.296;U46.296;U3.298;U3.299",TRUE,TRUE,"M1.1",TRUE,TRUE,0.00887107849121094,NA,NA,NA,NA,NA,NA,NA,NA,"M1.1",TRUE,TRUE,0.00499486923217773,NA,NA,NA,NA,NA,NA,NA,NA,"M1.1",TRUE,TRUE,0.0193488597869873,NA,NA,NA,NA,NA,NA,NA,NA
93,"model2",670,"small",7,0.42,0.330066830851138,0.271087949862704,1,1,0,3,30,1,0.53091664622412,0.537230858248313,"M2.1",30,"U1.93;U2.93;U3.93;U4.93;U5.93;U6.93;U7.93;U8.93;U9.93;U10.93;U11.93;U12.93;U13.93;U14.93;U15.93;U16.93;U17.93;U18.93;U19.93;U20.93;U21.93;U22.93;U23.93;U24.93;U25.93;U26.93;U27.93;U28.93;U29.93;U30.93",21,19,2,11,1,FALSE,TRUE,"U1.93;U2.93;U4.93;U5.93;U6.93;U8.93;U12.93;U14.93;U16.93;U17.93;U18.93;U20.93;U21.93;U23.93;U24.93;U25.93;U26.93;U27.93;U30.93;W1.93;U31.281",87,26,61,4,60,FALSE,TRUE,"U5.6;U7.8;U26.19;U12.25;U8.36;U27.44;U12.49;U7.57;U23.57;U25.57;U16.70;U49.76;U37.79;U16.81;U9.82;W1.85;U1.93;U2.93;U4.93;U5.93;U6.93;U8.93;U9.93;U10.93;U11.93;U12.93;U13.93;U14.93;U15.93;U16.93;U17.93;U18.93;U19.93;U20.93;U21.93;U23.93;U24.93;U25.93;U26.93;U27.93;U28.93;U30.93;W1.93;U48.98;U27.99;U41.104;U27.110;U10.111;U3.122;U8.123;U1.128;U12.129;U21.134;U10.136;U17.145;U1.147;U23.152;U12.154;U9.156;U2.178;U16.179;U21.182;U16.189;U4.196;U8.196;U6.200;U26.201;U5.205;U23.208;U32.213;U26.214;U13.222;U10.225;U34.227;U7.240;U4.241;U30.243;U38.246;U45.254;U23.258;U36.260;U8.274;U41.274;U14.277;U31.281;U47.285;U28.289",TRUE,TRUE,"M1.1",FALSE,FALSE,0.00635409355163574,NA,NA,NA,NA,NA,NA,NA,NA,"M1.1",FALSE,FALSE,0.00609803199768066,NA,NA,NA,NA,NA,NA,NA,NA,"M1.1",FALSE,FALSE,0.0254771709442139,NA,NA,NA,NA,NA,NA,NA,NA
94,"model3",670,"small",7,0.36,0.171216730773449,0.129586486145854,1,1,0,3,17,1,0.454496542895318,0.269492550206136,"M3",17,"U1.94;U2.94;U3.94;U4.94;U5.94;U6.94;U7.94;U8.94;U9.94;U10.94;U11.94;U12.94;U13.94;U14.94;U15.94;U16.94;U17.94",15,14,1,3,0,FALSE,TRUE,"U1.94;U2.94;U4.94;U5.94;U6.94;U7.94;U8.94;U10.94;U11.94;U12.94;U13.94;U14.94;U16.94;U17.94;W1.94",90,17,73,0,72,FALSE,TRUE,"U2.3;U28.5;U6.10;U29.10;U16.23;U5.33;U22.39;W1.45;U23.48;U21.55;U28.57;U35.61;U25.64;U34.69;U29.73;U49.76;U3.86;U7.90;U1.94;U2.94;U3.94;U4.94;U5.94;U6.94;U7.94;U8.94;U9.94;U10.94;U11.94;U12.94;U13.94;U14.94;U15.94;U16.94;U17.94;W1.94;U15.104;U47.104;U11.118;W1.119;U45.128;U25.129;U26.130;U15.131;U3.132;U3.143;U3.144;U1.145;U45.147;U17.150;U2.151;U7.164;U40.164;U4.171;U22.173;U24.173;U20.178;U1.180;U12.182;U18.182;U28.183;U7.186;U22.186;U26.194;U10.204;U20.219;U20.224;U11.230;U13.230;U9.236;W1.239;U23.240;U28.240;U14.241;U2.243;U13.246;U12.248;U2.252;U10.261;U16.262;U17.262;U19.282;U15.290;U17.290;U21.290;U5.291;U36.293;U2.295;U11.295;U45.296",TRUE,TRUE,"M0.1",FALSE,FALSE,0.00675582885742188,NA,NA,NA,NA,NA,NA,NA,NA,"M0.1",FALSE,FALSE,0.00522279739379883,NA,NA,NA,NA,NA,NA,NA,NA,"Other",FALSE,FALSE,0.0331459045410156,NA,NA,NA,NA,NA,NA,NA,NA
95,"model4",670,"small",7,0.25,0.287054562196136,0.238411066588014,1,1,0,3,38,1,0.585008038250302,0.545991630080449,"M4",38,"U1.95;U2.95;U3.95;U4.95;U5.95;U6.95;U7.95;U8.95;U9.95;U10.95;U11.95;U12.95;U13.95;U14.95;U15.95;U16.95;U17.95;U18.95;U19.95;U20.95;U21.95;U22.95;U23.95;U24.95;U25.95;U26.95;U27.95;U28.95;U29.95;U30.95;U31.95;U32.95;U33.95;U34.95;U35.95;U36.95;U37.95;U38.95",22,20,2,18,1,FALSE,TRUE,"U16.26;U1.95;U5.95;U8.95;U11.95;U13.95;U14.95;U18.95;U19.95;U20.95;U21.95;U24.95;U25.95;U26.95;U28.95;U29.95;U30.95;U32.95;U33.95;U34.95;U35.95;W1.95",129,31,98,7,97,FALSE,TRUE,"U25.2;U42.5;U13.10;U22.10;U15.12;U14.26;U16.26;U6.32;U9.39;U11.39;W1.51;U16.52;U12.57;U27.58;U45.60;U10.61;U8.62;U22.62;U10.63;U3.71;U20.71;U6.75;U5.76;U37.76;U27.79;U33.79;U7.89;U1.95;U2.95;U4.95;U5.95;U6.95;U8.95;U9.95;U10.95;U11.95;U13.95;U14.95;U15.95;U16.95;U18.95;U19.95;U20.95;U21.95;U23.95;U24.95;U25.95;U26.95;U28.95;U29.95;U30.95;U31.95;U32.95;U33.95;U34.95;U35.95;U37.95;U38.95;W1.95;U22.98;U16.103;U5.110;U10.113;U20.116;U36.120;U13.137;W1.137;U34.142;U31.149;U9.151;U7.158;U4.169;U2.170;U14.171;U32.171;U1.172;U5.175;U7.183;U40.191;U14.193;U2.194;U11.194;U13.194;U5.196;U12.202;U40.204;U20.213;U48.213;U29.216;W1.217;U2.218;U18.218;U1.220;U17.224;U13.226;U1.227;U34.227;U15.229;U7.231;U15.236;U15.238;U23.239;U41.239;U30.240;U11.243;U27.246;U9.253;U16.253;U41.257;U29.258;U18.259;U4.263;U8.264;U17.264;U28.266;U11.270;U20.270;U6.273;U45.274;U14.275;U28.275;U14.282;U21.282;U6.285;U1.287;U10.287;U21.292;U17.293;U21.294",TRUE,TRUE,"M4",TRUE,TRUE,0.0104830265045166,NA,NA,NA,NA,NA,NA,NA,NA,"M4",TRUE,TRUE,0.00766181945800781,NA,NA,NA,NA,NA,NA,NA,NA,"M4",TRUE,TRUE,0.0275261402130127,NA,NA,NA,NA,NA,NA,NA,NA
96,"model0",670,"medium",7,0.2,0.710168292629533,0.499447761103511,1,1,0,3,19,1,0.385089011624596,0.396065473388447,"M0.1",19,"U1.96;U2.96;U3.96;U4.96;U5.96;U6.96;U7.96;U8.96;U9.96;U10.96;U11.96;U12.96;U13.96;U14.96;U15.96;U16.96;U17.96;U18.96;U19.96",14,13,1,6,0,FALSE,TRUE,"U1.96;U2.96;U3.96;U7.96;U10.96;U11.96;U12.96;U13.96;U14.96;U15.96;U16.96;U17.96;U19.96;W1.96",94,15,79,4,78,FALSE,TRUE,"U28.5;U16.10;U2.14;U11.31;U5.36;U5.38;U8.47;U15.52;U34.52;U8.61;U20.62;U41.62;U1.65;U6.71;U32.76;U39.89;U1.96;U2.96;U3.96;U6.96;U7.96;U8.96;U10.96;U11.96;U12.96;U13.96;U14.96;U15.96;U16.96;U17.96;U19.96;W1.96;U11.102;U17.104;U41.104;U4.118;U32.118;U45.118;U14.119;U3.124;U29.129;U4.131;U8.131;U7.132;U36.133;U5.134;U6.139;U16.139;U5.144;U25.144;U19.149;U7.154;U21.161;U24.163;U5.171;U38.172;U16.174;U8.177;U15.179;W1.180;U9.181;U8.183;U14.186;U23.188;U31.188;U15.192;U2.200;U18.208;U20.213;U1.219;U2.219;U30.219;U10.226;U30.226;U38.227;U18.229;U32.229;U3.230;U28.230;U14.232;U36.232;U1.234;U3.238;W1.241;U26.257;U7.260;U23.266;U24.280;U24.282;U4.286;U18.292;U20.292;U18.296;U27.297",TRUE,TRUE,"M0.1",TRUE,TRUE,0.00943422317504883,NA,NA,NA,NA,NA,NA,NA,NA,"M0.1",TRUE,TRUE,0.00457000732421875,NA,NA,NA,NA,NA,NA,NA,NA,"M0.1",TRUE,TRUE,0.0216519832611084,NA,NA,NA,NA,NA,NA,NA,NA
97,"model1",670,"medium",7,0.12,0.561929162126034,0.462915467424318,1,1,0,3,32,1,0.518661909522233,0.553315929471423,"M1.1",32,"U1.97;U2.97;U3.97;U4.97;U5.97;U6.97;U7.97;U8.97;U9.97;U10.97;U11.97;U12.97;U13.97;U14.97;U15.97;U16.97;U17.97;U18.97;U19.97;U20.97;U21.97;U22.97;U23.97;U24.97;U25.97;U26.97;U27.97;U28.97;U29.97;U30.97;U31.97;U32.97",19,18,1,14,0,FALSE,TRUE,"U1.97;U2.97;U3.97;U5.97;U8.97;U9.97;U10.97;U11.97;U13.97;U15.97;U16.97;U19.97;U20.97;U22.97;U23.97;U24.97;U27.97;U32.97;W1.97",107,27,80,5,79,FALSE,TRUE,"U2.3;U9.6;U13.12;U13.14;U10.17;U10.20;U13.23;U16.26;U45.31;U5.32;U12.41;U16.49;U28.50;U7.53;U31.60;U24.64;U13.65;U2.68;U24.89;U34.90;U22.95;U1.97;U2.97;U3.97;U4.97;U5.97;U7.97;U8.97;U9.97;U10.97;U11.97;U12.97;U13.97;U15.97;U16.97;U18.97;U19.97;U20.97;U22.97;U23.97;U24.97;U25.97;U26.97;U27.97;U28.97;U29.97;U31.97;U32.97;W1.97;U4.102;U22.102;U3.108;U12.113;U2.116;U7.116;U30.118;U18.130;U5.131;U11.131;U2.133;U7.133;U3.136;U1.137;U5.138;U8.142;U20.144;U29.149;U13.150;U7.152;U17.163;U6.170;U9.171;U19.174;U21.178;U7.188;U4.189;U29.189;U38.190;U6.194;U18.204;U37.205;U41.213;U8.214;U16.214;U10.216;U34.216;U13.219;U29.221;U24.224;U21.227;U11.229;U2.230;U26.230;U11.245;U34.250;U18.253;U33.254;U11.255;U28.257;U31.274;U2.279;U25.280;U15.285;U17.287;U30.289;U28.292;U4.296",TRUE,TRUE,"M1.1",TRUE,TRUE,0.00704598426818848,NA,NA,NA,NA,NA,NA,NA,NA,"M1.1",TRUE,TRUE,0.00502204895019531,NA,NA,NA,NA,NA,NA,NA,NA,"M1.1",TRUE,TRUE,0.0238370895385742,NA,NA,NA,NA,NA,NA,NA,NA
98,"model2",670,"medium",7,0.28,0.517650087596849,0.356838692212477,1,1,0,3,48,1,0.577730387080215,0.622068895363072,"M2.1",48,"U1.98;U2.98;U3.98;U4.98;U5.98;U6.98;U7.98;U8.98;U9.98;U10.98;U11.98;U12.98;U13.98;U14.98;U15.98;U16.98;U17.98;U18.98;U19.98;U20.98;U21.98;U22.98;U23.98;U24.98;U25.98;U26.98;U27.98;U28.98;U29.98;U30.98;U31.98;U32.98;U33.98;U34.98;U35.98;U36.98;U37.98;U38.98;U39.98;U40.98;U41.98;U42.98;U43.98;U44.98;U45.98;U46.98;U47.98;U48.98",20,18,2,30,1,FALSE,TRUE,"U1.98;U2.98;U3.98;U4.98;U6.98;U18.98;U19.98;U21.98;U24.98;U30.98;U31.98;U33.98;U34.98;U35.98;U37.98;U44.98;U46.98;U48.98;W1.98;U38.168",119,36,83,12,82,FALSE,TRUE,"U4.3;U10.5;U23.24;U29.24;U1.35;U3.36;U12.36;U14.44;U8.45;U11.50;U31.51;U8.52;U31.52;U35.52;W1.53;U20.61;U26.73;U6.76;U16.76;U49.79;U15.82;U9.85;U13.85;U17.88;U10.90;U22.90;U5.96;U1.98;U2.98;U3.98;U4.98;U6.98;U7.98;U9.98;U10.98;U11.98;U12.98;U14.98;U15.98;U16.98;U17.98;U18.98;U19.98;U20.98;U21.98;U23.98;U24.98;U25.98;U26.98;U29.98;U30.98;U31.98;U33.98;U34.98;U35.98;U36.98;U37.98;U38.98;U42.98;U43.98;U44.98;U46.98;U48.98;W1.98;U19.99;U16.102;U7.109;U27.118;U3.121;U15.122;U6.125;U4.128;U36.128;U33.133;U2.134;U1.139;U23.144;U36.144;U5.148;U2.163;U28.164;U9.168;U38.168;U12.179;U6.183;U15.192;U14.193;U45.194;U7.199;U3.200;U29.206;U31.206;U40.206;U7.216;U34.216;U46.216;U26.221;U2.232;U9.235;U7.239;U4.240;U3.241;U7.241;U7.242;U17.245;U9.247;U22.248;U10.250;U12.250;U25.251;U48.254;U17.261;U13.273;U36.273;U41.274;U16.285;U28.285;U41.285;U32.292",TRUE,TRUE,"M1.1",FALSE,FALSE,0.0111799240112305,NA,NA,NA,NA,NA,NA,NA,NA,"M1.1",FALSE,FALSE,0.0051729679107666,NA,NA,NA,NA,NA,NA,NA,NA,"M1.1",FALSE,FALSE,0.0313189029693604,NA,NA,NA,NA,NA,NA,NA,NA
99,"model3",670,"medium",7,0.31,0.989547069417313,0.435518687078729,1,1,0,3,27,1,0.406344781540722,0.40770596029608,"M3",27,"U1.99;U2.99;U3.99;U4.99;U5.99;U6.99;U7.99;U8.99;U9.99;U10.99;U11.99;U12.99;U13.99;U14.99;U15.99;U16.99;U17.99;U18.99;U19.99;U20.99;U21.99;U22.99;U23.99;U24.99;U25.99;U26.99;U27.99",18,15,3,12,2,FALSE,TRUE,"U2.99;U3.99;U5.99;U6.99;U9.99;U10.99;U12.99;U14.99;U15.99;U21.99;U22.99;U24.99;U25.99;U26.99;U27.99;W1.99;U4.169;U1.274",101,20,81,7,80,FALSE,TRUE,"U19.12;U7.14;U3.15;U6.17;U19.17;U17.31;U34.31;W1.34;U4.38;U22.40;U4.41;U19.47;U27.47;U2.55;U23.59;U22.60;U37.62;U18.70;U8.72;U19.85;U29.90;U29.93;U2.99;U3.99;U4.99;U5.99;U6.99;U7.99;U9.99;U10.99;U12.99;U14.99;U15.99;U17.99;U18.99;U20.99;U21.99;U22.99;U24.99;U25.99;U26.99;U27.99;W1.99;U17.101;U18.101;U34.106;U4.107;U1.114;U5.114;U31.120;U13.122;U21.131;U4.143;U17.144;U27.150;U13.152;U22.155;U12.157;U11.167;U24.168;U4.169;U9.169;U2.170;U20.171;U31.172;U18.176;U11.177;U1.178;U13.180;U16.182;U17.182;U21.183;U14.184;U17.188;U19.191;U23.204;U9.205;U44.206;U9.223;U24.223;U10.224;U15.227;U14.230;U36.238;U22.240;U15.242;U28.243;U2.245;U33.250;U13.254;U7.259;U14.260;U27.261;U1.274;U16.274;U22.277;U15.280;U37.296;U9.297;U12.297;U36.297",TRUE,TRUE,"M3",TRUE,TRUE,0.0101621150970459,NA,NA,NA,NA,NA,NA,NA,NA,"M3",TRUE,TRUE,0.00879979133605957,NA,NA,NA,NA,NA,NA,NA,NA,"M3",TRUE,TRUE,0.0307531356811523,NA,NA,NA,NA,NA,NA,NA,NA
100,"model4",670,"medium",7,0.3,0.643486846820451,0.364148422935978,1,1,0,3,8,1,0.0949161250192015,0.138225137252785,"M4",8,"U1.100;U2.100;U3.100;U4.100;U5.100;U6.100;U7.100;U8.100",4,3,1,5,0,FALSE,TRUE,"U4.100;U5.100;U7.100;W1.100",70,6,64,2,63,FALSE,TRUE,"U7.9;U14.17;U15.17;U26.17;U27.31;U36.31;U13.32;U9.33;U23.39;U16.47;U24.47;U25.50;W1.52;U13.57;U23.58;U27.58;U36.60;U15.67;U6.68;U24.69;U8.75;U5.81;U3.82;U29.89;U1.91;U24.92;U16.94;U6.95;U12.96;U2.100;U3.100;U4.100;U5.100;U7.100;U8.100;W1.100;W1.114;U5.128;U3.136;U11.146;U2.149;U14.150;U10.155;U13.161;U24.167;U14.171;U23.171;U23.173;U39.173;U4.189;U4.196;U14.197;U10.199;U7.206;W1.217;U35.221;U3.232;U3.249;U13.250;U23.250;U20.262;U19.263;U20.266;U14.277;U4.283;U2.292;U3.294;U14.295;U23.296;U12.300",TRUE,TRUE,"M4",TRUE,TRUE,0.00774598121643066,NA,NA,NA,NA,NA,NA,NA,NA,"M4",TRUE,TRUE,0.00370502471923828,NA,NA,NA,NA,NA,NA,NA,NA,"M4",TRUE,TRUE,0.0144059658050537,NA,NA,NA,NA,NA,NA,NA,NA
101,"model0",670,"large",7,0.1,1.44562650693115,0.632963251555339,1,1,0,3,26,1,0.529228777100058,0.552517383224839,"M0.1",26,"U1.101;U2.101;U3.101;U4.101;U5.101;U6.101;U7.101;U8.101;U9.101;U10.101;U11.101;U12.101;U13.101;U14.101;U15.101;U16.101;U17.101;U18.101;U19.101;U20.101;U21.101;U22.101;U23.101;U24.101;U25.101;U26.101",21,20,1,6,0,FALSE,TRUE,"U3.101;U5.101;U6.101;U8.101;U9.101;U10.101;U11.101;U12.101;U14.101;U15.101;U16.101;U17.101;U18.101;U19.101;U20.101;U21.101;U22.101;U23.101;U25.101;U26.101;W1.101",97,23,74,3,73,FALSE,TRUE,"U23.3;U29.5;U26.8;U11.10;U2.19;U4.21;U2.32;U3.38;U6.40;W1.41;U13.46;U18.50;U16.51;U17.53;U1.58;U19.60;U10.61;U18.62;U1.68;U5.72;U3.73;U24.73;W1.73;U16.81;U16.88;U25.90;U1.101;U2.101;U3.101;U5.101;U6.101;U7.101;U8.101;U9.101;U10.101;U11.101;U12.101;U14.101;U15.101;U16.101;U17.101;U18.101;U19.101;U20.101;U21.101;U22.101;U23.101;U25.101;U26.101;W1.101;U24.104;U19.112;U37.113;U12.120;U36.120;U34.128;U28.129;U15.131;U1.132;U4.132;U15.132;U15.139;U13.143;U5.146;U19.152;U10.163;U15.171;U19.172;U4.175;W1.176;U46.191;U3.194;U14.197;U20.202;U14.206;U21.210;U42.213;U44.216;U9.223;U26.224;U17.230;U32.230;U24.235;U24.238;U6.244;U5.250;U29.257;U24.270;U7.275;U12.281;U2.282;U1.287;U3.287;U1.297;U4.298;U5.298;U7.298",TRUE,TRUE,"M0.1",TRUE,TRUE,0.00652503967285156,NA,NA,NA,NA,NA,NA,NA,NA,"M0.1",TRUE,TRUE,0.00548505783081055,NA,NA,NA,NA,NA,NA,NA,NA,"M0.1",TRUE,TRUE,0.0209159851074219,NA,NA,NA,NA,NA,NA,NA,NA
102,"model1",670,"large",7,0.23,1.05361660441849,0.67739870317746,1,1,0,3,33,1,0.509407198636698,0.54828513978632,"M1.1",33,"U1.102;U2.102;U3.102;U4.102;U5.102;U6.102;U7.102;U8.102;U9.102;U10.102;U11.102;U12.102;U13.102;U14.102;U15.102;U16.102;U17.102;U18.102;U19.102;U20.102;U21.102;U22.102;U23.102;U24.102;U25.102;U26.102;U27.102;U28.102;U29.102;U30.102;U31.102;U32.102;U33.102",21,20,1,13,0,FALSE,TRUE,"U1.102;U3.102;U4.102;U5.102;U6.102;U8.102;U9.102;U13.102;U14.102;U15.102;U16.102;U17.102;U19.102;U21.102;U22.102;U25.102;U28.102;U30.102;U31.102;U32.102;W1.102",103,25,78,8,77,FALSE,TRUE,"U15.2;U2.5;U23.7;U1.10;U29.10;U14.19;U10.21;U12.23;U15.25;U6.31;U20.33;W1.37;U29.39;U12.46;U1.47;U14.47;U25.47;U12.48;U28.51;U12.58;U8.60;W1.64;U7.78;U32.79;U23.85;U26.88;U29.92;U28.93;U25.95;U9.96;U5.101;U1.102;U2.102;U3.102;U4.102;U5.102;U6.102;U8.102;U9.102;U10.102;U13.102;U14.102;U15.102;U16.102;U17.102;U19.102;U20.102;U21.102;U22.102;U25.102;U26.102;U27.102;U28.102;U30.102;U31.102;U32.102;W1.102;U4.105;U13.110;W1.110;U8.111;U23.111;U30.113;U26.122;U13.123;U17.132;U3.133;U22.133;W1.136;U10.140;U6.142;U6.145;U12.147;U11.151;U8.157;U13.161;U2.167;U24.168;U26.168;U42.171;U17.176;U21.185;U4.201;U18.210;U28.214;U25.218;U15.221;U5.234;U8.236;U11.238;U13.243;U9.248;U11.257;U10.269;U4.272;U7.274;U14.277;U37.285;U24.287;U14.288;U23.290;U24.290;U6.295",TRUE,TRUE,"M1.1",TRUE,TRUE,0.00927186012268066,NA,NA,NA,NA,NA,NA,NA,NA,"M1.1",TRUE,TRUE,0.00731801986694336,NA,NA,NA,NA,NA,NA,NA,NA,"M1.1",TRUE,TRUE,0.0222749710083008,NA,NA,NA,NA,NA,NA,NA,NA
103,"model2",670,"large",7,0.34,1.45448042219505,0.865906404447742,1,1,0,3,37,1,0.454614271036919,0.635515335646545,"M2.1",37,"U1.103;U2.103;U3.103;U4.103;U5.103;U6.103;U7.103;U8.103;U9.103;U10.103;U11.103;U12.103;U13.103;U14.103;U15.103;U16.103;U17.103;U18.103;U19.103;U20.103;U21.103;U22.103;U23.103;U24.103;U25.103;U26.103;U27.103;U28.103;U29.103;U30.103;U31.103;U32.103;U33.103;U34.103;U35.103;U36.103;U37.103",22,20,2,17,1,FALSE,TRUE,"U2.103;U3.103;U4.103;U5.103;U6.103;U7.103;U8.103;U12.103;U14.103;U15.103;U16.103;U17.103;U18.103;U20.103;U23.103;U27.103;U30.103;U33.103;U34.103;U37.103;W1.103;U32.180",116,28,88,9,87,FALSE,TRUE,"U4.1;U19.5;U23.5;U9.7;U25.8;U27.8;U17.10;U5.21;U9.23;U39.31;U32.33;U22.40;W1.48;U1.49;U21.49;U9.50;U33.50;U9.52;U17.53;U11.57;U4.62;U22.64;U27.71;U19.76;U4.79;U12.82;U1.84;U14.87;U25.87;U39.88;U4.91;U13.91;U19.101;U2.103;U3.103;U4.103;U5.103;U6.103;U7.103;U8.103;U9.103;U11.103;U12.103;U14.103;U15.103;U16.103;U17.103;U18.103;U19.103;U20.103;U21.103;U22.103;U23.103;U26.103;U27.103;U30.103;U31.103;U33.103;U34.103;U36.103;U37.103;W1.103;U39.118;U28.120;U27.122;U8.125;U19.128;U2.129;U12.134;U5.137;U16.137;U27.139;W1.140;U11.141;U16.141;W1.144;U3.148;U14.154;U22.155;U19.161;U8.168;U29.168;U1.175;U16.177;U3.180;U27.180;U32.180;U8.185;U37.185;U1.186;U26.189;U3.193;U8.194;U10.197;U17.197;U1.198;U22.206;U5.208;U14.210;U2.216;U12.219;U18.226;U36.229;U19.230;U6.244;U3.247;U17.250;W1.250;U14.253;U21.254;U6.256;U4.262;U4.277;U8.291;U23.296;U34.296",TRUE,TRUE,"M2.1",TRUE,TRUE,0.00903677940368652,NA,NA,NA,NA,NA,NA,NA,NA,"M2.1",TRUE,TRUE,0.0101659297943115,NA,NA,NA,NA,NA,NA,NA,NA,"M2.1",TRUE,TRUE,0.0309817790985107,NA,NA,NA,NA,NA,NA,NA,NA
104,"model3",670,"large",7,0.09,1.27189440233633,0.663534154649824,1,1,0,3,49,1,0.558719870545379,0.595905033567244,"M3",49,"U1.104;U2.104;U3.104;U4.104;U5.104;U6.104;U7.104;U8.104;U9.104;U10.104;U11.104;U12.104;U13.104;U14.104;U15.104;U16.104;U17.104;U18.104;U19.104;U20.104;U21.104;U22.104;U23.104;U24.104;U25.104;U26.104;U27.104;U28.104;U29.104;U30.104;U31.104;U32.104;U33.104;U34.104;U35.104;U36.104;U37.104;U38.104;U39.104;U40.104;U41.104;U42.104;U43.104;U44.104;U45.104;U46.104;U47.104;U48.104;U49.104",21,19,2,30,1,FALSE,TRUE,"U2.83;U1.104;U2.104;U5.104;U6.104;U7.104;U9.104;U12.104;U19.104;U21.104;U24.104;U28.104;U31.104;U32.104;U38.104;U41.104;U43.104;U45.104;U48.104;U49.104;W1.104",115,34,81,15,80,FALSE,TRUE,"U5.9;U3.12;U3.16;U2.26;U1.36;U5.39;U9.43;U17.46;U19.48;U24.49;U24.52;U2.62;U9.64;U11.65;U11.68;U26.69;U15.79;U5.82;U2.83;U28.85;U10.90;U4.94;W1.95;U8.102;U15.102;U1.104;U2.104;U3.104;U5.104;U6.104;U7.104;U9.104;U10.104;U12.104;U16.104;U19.104;U20.104;U21.104;U24.104;U25.104;U26.104;U28.104;U29.104;U30.104;U31.104;U32.104;U33.104;U34.104;U36.104;U38.104;U41.104;U42.104;U43.104;U44.104;U45.104;U46.104;U47.104;U48.104;U49.104;W1.104;U6.112;U2.118;U36.118;U26.120;U40.122;U12.123;U37.133;U6.136;W1.137;U4.144;U18.144;U42.144;U23.156;U38.163;U41.168;U1.169;U6.171;U16.172;U1.181;U10.185;U2.195;U5.195;U17.197;U11.200;U22.202;U21.213;U27.218;U21.219;U2.222;U38.223;U6.224;U11.227;U32.232;U42.238;U6.239;U34.239;U4.244;U42.246;U4.250;U9.250;U27.250;U11.252;U32.254;U13.258;U21.258;U8.270;U29.273;U14.280;U17.281;U29.285;U5.286;U26.293;U29.296;U50.296;U8.300",TRUE,TRUE,"M3",TRUE,TRUE,0.0144979953765869,NA,NA,NA,NA,NA,NA,NA,NA,"M3",TRUE,TRUE,0.00656008720397949,NA,NA,NA,NA,NA,NA,NA,NA,"M3",TRUE,TRUE,0.0320470333099365,NA,NA,NA,NA,NA,NA,NA,NA
105,"model4",670,"large",7,0.32,1.2202983784955,0.547974067856558,1,1,0,3,10,1,0.165533849387817,0.15562346937063,"M4",10,"U1.105;U2.105;U3.105;U4.105;U5.105;U6.105;U7.105;U8.105;U9.105;U10.105",8,7,1,3,0,FALSE,TRUE,"U3.105;U4.105;U5.105;U6.105;U8.105;U9.105;U10.105;W1.105",86,9,77,1,76,FALSE,TRUE,"U20.3;U11.7;U14.8;U10.10;U31.10;U25.12;U6.16;U4.17;U5.17;U25.21;U36.31;U39.31;U31.33;U2.34;U17.39;U16.40;U32.44;U25.48;U38.48;U18.50;W1.53;U9.57;U14.76;U49.79;U17.81;U3.88;U5.89;U35.89;U4.91;U8.91;U12.91;U8.97;U31.104;U2.105;U3.105;U4.105;U5.105;U6.105;U7.105;U8.105;U9.105;U10.105;W1.105;U29.106;U4.116;U1.117;U19.118;U36.134;U5.135;U5.139;U38.142;U33.152;U13.161;U2.169;U10.170;U14.171;U38.172;U4.174;U28.183;U18.189;W1.189;U44.194;U11.202;U27.205;U10.206;U22.208;W1.213;U4.215;U25.224;U5.230;U20.230;U11.242;U12.247;U2.262;U36.266;U4.267;U12.270;U15.280;U31.281;U12.285;U1.287;U1.288;U21.290;U21.293;U39.293;U41.293",TRUE,TRUE,"M4",TRUE,TRUE,0.00431203842163086,NA,NA,NA,NA,NA,NA,NA,NA,"M4",TRUE,TRUE,0.00374412536621094,NA,NA,NA,NA,NA,NA,NA,NA,"M4",TRUE,TRUE,0.0177099704742432,NA,NA,NA,NA,NA,NA,NA,NA
106,"model0",670,"small",8,0.31,0.478649097774178,0.132278118794784,1,1,0,3,46,1,0.609579092554138,0.656040123602241,"M0.1",46,"U1.106;U2.106;U3.106;U4.106;U5.106;U6.106;U7.106;U8.106;U9.106;U10.106;U11.106;U12.106;U13.106;U14.106;U15.106;U16.106;U17.106;U18.106;U19.106;U20.106;U21.106;U22.106;U23.106;U24.106;U25.106;U26.106;U27.106;U28.106;U29.106;U30.106;U31.106;U32.106;U33.106;U34.106;U35.106;U36.106;U37.106;U38.106;U39.106;U40.106;U41.106;U42.106;U43.106;U44.106;U45.106;U46.106",25,24,1,22,0,FALSE,TRUE,"U2.106;U3.106;U7.106;U9.106;U10.106;U11.106;U12.106;U14.106;U19.106;U20.106;U23.106;U24.106;U25.106;U27.106;U30.106;U31.106;U32.106;U33.106;U34.106;U36.106;U37.106;U38.106;U40.106;U46.106;W1.106",113,38,75,8,74,FALSE,TRUE,"U29.5;U25.8;U15.9;U13.19;U26.19;U20.31;U35.31;U29.44;U14.46;U16.48;U32.48;U11.70;U1.75;U6.81;U7.85;U34.90;U9.96;U4.99;U3.102;U1.106;U2.106;U3.106;U6.106;U7.106;U9.106;U10.106;U11.106;U12.106;U13.106;U14.106;U15.106;U17.106;U19.106;U20.106;U21.106;U22.106;U23.106;U24.106;U25.106;U26.106;U27.106;U29.106;U30.106;U31.106;U32.106;U33.106;U34.106;U35.106;U36.106;U37.106;U38.106;U40.106;U41.106;U43.106;U44.106;U45.106;U46.106;W1.106;U12.112;U16.112;U6.121;U3.123;U20.128;U28.133;U14.134;W1.140;U10.143;U44.144;U41.152;W1.154;U12.155;U10.171;U14.183;U21.183;U48.185;U11.186;U18.186;U13.188;U32.188;U12.189;U22.189;U26.191;U27.194;U2.200;W1.203;U28.204;U6.205;U7.205;U8.206;U8.207;U27.224;U5.226;U1.230;U35.238;U26.243;U2.252;W1.252;U5.257;W1.257;U13.258;W1.265;U6.278;U22.285;U6.287;U26.290;U19.292;U12.293;U15.293;U5.295;U12.295;U19.296;U1.299;U1.300",TRUE,TRUE,"M0.1",TRUE,TRUE,0.009429931640625,NA,NA,NA,NA,NA,NA,NA,NA,"M0.1",TRUE,TRUE,0.00614190101623535,NA,NA,NA,NA,NA,NA,NA,NA,"M0.1",TRUE,TRUE,0.118916988372803,NA,NA,NA,NA,NA,NA,NA,NA
107,"model1",670,"small",8,0.13,0.216512730065733,0.250524503085762,1,1,0,3,5,1,0.102440715259435,0.161256388880144,"M1.1",5,"U1.107;U2.107;U3.107;U4.107;U5.107",6,3,3,2,2,FALSE,TRUE,"U23.40;U3.107;U4.107;U5.107;W1.107;U4.187",98,5,93,0,92,FALSE,TRUE,"U23.3;U1.5;U22.12;U27.12;U16.14;U6.22;U12.22;U10.25;U5.30;U9.31;U15.39;U23.40;W1.47;U8.50;U16.52;U21.53;U13.59;U2.61;U11.62;U26.62;U25.64;U5.76;U32.76;U30.79;U2.83;U20.85;U24.85;U15.88;W1.96;U9.97;U10.102;U13.104;U1.107;U2.107;U3.107;U4.107;U5.107;W1.107;U1.112;U2.122;W1.128;U14.131;U20.134;U25.139;U13.146;U16.146;U20.149;U4.150;U33.152;U8.153;U9.156;U9.159;U2.168;U32.171;U6.173;U14.173;U17.173;U23.173;U21.183;U25.183;U38.185;U4.187;U21.188;U8.190;U45.191;U6.194;U30.194;U1.197;U6.198;U9.200;U29.204;U14.206;U37.206;U19.221;U13.223;U32.226;U4.229;U23.229;U22.235;U22.239;U3.246;U34.254;U16.258;U12.260;W1.264;U23.270;U8.273;U15.273;U10.274;U18.274;U21.282;U8.283;U1.284;U37.285;U26.287;U9.294;U12.297;U34.297",TRUE,TRUE,"Other",FALSE,FALSE,0.00386404991149902,NA,NA,NA,NA,NA,NA,NA,NA,"Other",FALSE,FALSE,0.00349092483520508,NA,NA,NA,NA,NA,NA,NA,NA,"Other",FALSE,FALSE,0.0218119621276855,NA,NA,NA,NA,NA,NA,NA,NA
108,"model2",670,"small",8,0.33,0.480728383548558,0.105756616406143,1,1,0,3,8,1,0.235603044509682,0.220429397989657,"M2.1",8,"U1.108;U2.108;U3.108;U4.108;U5.108;U6.108;U7.108;U8.108",9,8,1,0,1,FALSE,FALSE,"U1.108;U2.108;U3.108;U4.108;U5.108;U6.108;U7.108;U8.108;U36.194",91,8,83,0,83,FALSE,FALSE,"U35.5;U4.7;U28.10;U1.15;U7.19;U7.20;U28.25;U14.31;U37.31;U16.33;U29.40;U12.41;U21.47;U3.55;U23.60;U24.60;U32.60;U3.65;W1.66;U30.67;W1.94;U21.97;U16.98;U28.98;U44.98;U23.102;U12.103;U18.103;U29.106;U1.108;U2.108;U3.108;U4.108;U5.108;U6.108;U7.108;U8.108;U8.120;U22.122;U47.128;U5.138;U15.139;U23.139;U11.141;U16.145;U18.149;U8.150;U36.152;U5.153;U7.155;U31.163;W1.173;U12.175;U34.181;U16.183;U24.183;U15.185;U18.185;U3.193;U36.194;U9.200;U4.204;U32.205;U3.210;U9.210;U24.210;U30.213;U10.214;U15.216;U5.218;U10.218;U36.219;U29.223;U13.227;U29.248;U5.250;U10.251;U20.254;U28.257;U16.259;U23.261;U22.270;U29.274;U26.281;U19.287;U33.287;U42.287;U23.290;U27.290;U33.296;U10.300",TRUE,TRUE,"M0.1",FALSE,FALSE,0.00378584861755371,NA,NA,NA,NA,NA,NA,NA,NA,"M0.1",FALSE,FALSE,0.00372695922851562,NA,NA,NA,NA,NA,NA,NA,NA,"M0.1",FALSE,FALSE,0.0228610038757324,NA,NA,NA,NA,NA,NA,NA,NA
109,"model3",670,"small",8,0.45,0.400955293141306,0.117246021796018,1,1,0,3,14,1,0.337329982464937,0.365657887371304,"M3",14,"U1.109;U2.109;U3.109;U4.109;U5.109;U6.109;U7.109;U8.109;U9.109;U10.109;U11.109;U12.109;U13.109;U14.109",14,12,2,2,1,FALSE,TRUE,"U40.52;U1.109;U2.109;U3.109;U4.109;U5.109;U6.109;U8.109;U9.109;U10.109;U12.109;U13.109;U14.109;W1.109",82,14,68,0,67,FALSE,TRUE,"U12.1;U28.5;U4.10;U6.21;U22.24;U7.26;U34.31;U44.33;U2.37;U35.44;U20.47;U27.47;U37.48;U40.52;U21.57;W1.70;U8.76;W1.84;U8.96;U23.98;U13.99;U26.99;U41.106;U1.109;U2.109;U3.109;U4.109;U5.109;U6.109;U7.109;U8.109;U9.109;U10.109;U11.109;U12.109;U13.109;U14.109;W1.109;U15.119;U3.124;U17.128;U44.128;U16.135;U8.138;U6.139;U7.142;U31.142;U20.144;U21.147;U16.151;U10.152;U8.156;U29.156;U4.161;W1.164;U16.182;U2.186;U8.191;U4.196;U10.197;U27.204;U21.210;U44.216;U21.224;U17.226;U32.226;U26.227;U4.236;U12.249;U7.256;U11.257;U34.258;U1.259;U21.260;U13.262;U16.264;U27.275;U25.282;U14.285;U4.288;U6.290;U5.295",TRUE,TRUE,"M3",TRUE,TRUE,0.00563311576843262,NA,NA,NA,NA,NA,NA,NA,NA,"M3",TRUE,TRUE,0.00533199310302734,NA,NA,NA,NA,NA,NA,NA,NA,"M3",TRUE,TRUE,0.0197970867156982,NA,NA,NA,NA,NA,NA,NA,NA
110,"model4",670,"small",8,0.34,0.448609056510031,0.295254680793732,1,1,0,3,36,1,0.516851105963381,0.522686453095136,"M4",36,"U1.110;U2.110;U3.110;U4.110;U5.110;U6.110;U7.110;U8.110;U9.110;U10.110;U11.110;U12.110;U13.110;U14.110;U15.110;U16.110;U17.110;U18.110;U19.110;U20.110;U21.110;U22.110;U23.110;U24.110;U25.110;U26.110;U27.110;U28.110;U29.110;U30.110;U31.110;U32.110;U33.110;U34.110;U35.110;U36.110",19,17,2,19,1,FALSE,TRUE,"U3.110;U5.110;U6.110;U7.110;U8.110;U9.110;U11.110;U19.110;U23.110;U26.110;U28.110;U29.110;U30.110;U31.110;U32.110;U34.110;U35.110;W1.110;U24.281",100,29,71,7,70,FALSE,TRUE,"U8.3;U14.3;U5.5;U2.11;U4.18;U1.35;U7.40;U15.43;U2.44;U27.44;U34.47;U15.53;U2.57;U19.59;U40.59;U43.59;U12.65;U6.68;U2.71;U18.73;U5.75;U35.79;U12.81;U16.81;U1.82;U1.84;U3.92;U21.99;U1.110;U2.110;U3.110;U4.110;U5.110;U6.110;U7.110;U8.110;U9.110;U10.110;U11.110;U15.110;U16.110;U17.110;U18.110;U19.110;U22.110;U23.110;U24.110;U26.110;U27.110;U28.110;U29.110;U30.110;U31.110;U32.110;U33.110;U34.110;U35.110;W1.110;U27.116;U21.120;U17.123;U26.128;U35.129;U9.150;U15.150;U12.155;U13.155;U15.167;U35.171;U4.175;W1.185;U34.190;U7.191;U24.191;U35.191;W1.196;U23.201;U18.205;U4.208;U6.210;U4.213;U32.213;U37.226;U14.229;U8.234;U11.235;W1.238;U34.239;U30.246;U9.247;U17.264;U16.274;U24.281;U3.282;U9.283;U30.285;U2.290;U8.290;U15.296;W1.298",TRUE,TRUE,"M4",TRUE,TRUE,0.0109610557556152,NA,NA,NA,NA,NA,NA,NA,NA,"M4",TRUE,TRUE,0.0168130397796631,NA,NA,NA,NA,NA,NA,NA,NA,"M4",TRUE,TRUE,0.0266549587249756,NA,NA,NA,NA,NA,NA,NA,NA
111,"model0",670,"medium",8,0.46,0.697764630080201,0.465027572214603,1,1,0,3,29,1,0.500601085470846,0.583775221622854,"M0.1",29,"U1.111;U2.111;U3.111;U4.111;U5.111;U6.111;U7.111;U8.111;U9.111;U10.111;U11.111;U12.111;U13.111;U14.111;U15.111;U16.111;U17.111;U18.111;U19.111;U20.111;U21.111;U22.111;U23.111;U24.111;U25.111;U26.111;U27.111;U28.111;U29.111",19,18,1,11,0,FALSE,TRUE,"U1.111;U2.111;U3.111;U4.111;U6.111;U7.111;U8.111;U10.111;U11.111;U12.111;U13.111;U14.111;U19.111;U20.111;U21.111;U25.111;U28.111;U29.111;W1.111",101,27,74,2,73,FALSE,TRUE,"U23.5;U14.6;U4.15;U3.16;U13.17;U13.19;U10.23;U4.31;U15.46;U10.48;U24.50;U2.54;U22.64;U18.68;U7.69;U5.73;U35.76;U4.78;U11.82;U29.88;U15.90;U6.91;U33.98;U17.99;U29.102;U1.106;U12.106;U1.111;U2.111;U3.111;U4.111;U5.111;U6.111;U7.111;U8.111;U9.111;U10.111;U11.111;U12.111;U13.111;U14.111;U15.111;U16.111;U18.111;U19.111;U20.111;U21.111;U22.111;U24.111;U25.111;U26.111;U27.111;U28.111;U29.111;W1.111;U8.127;U5.133;U6.133;U25.134;U12.141;U15.143;U27.150;U21.151;U45.152;U13.170;U13.172;U42.172;U5.173;U7.175;U5.176;U20.180;U29.180;U8.183;U16.192;W1.194;U11.200;U17.200;U2.201;U28.201;U8.202;U10.204;U48.206;U9.207;U15.216;U3.218;U32.218;U3.220;U20.224;U28.229;U12.240;U22.243;U8.256;U29.260;U4.276;U23.277;U14.282;U25.282;U32.288;U14.294;U35.297;U1.299",TRUE,TRUE,"M0.1",TRUE,TRUE,0.00687003135681152,NA,NA,NA,NA,NA,NA,NA,NA,"M0.1",TRUE,TRUE,0.00953102111816406,NA,NA,NA,NA,NA,NA,NA,NA,"M0.1",TRUE,TRUE,0.0221691131591797,NA,NA,NA,NA,NA,NA,NA,NA
112,"model1",670,"medium",8,0.18,0.927356735803187,0.427983989333734,1,1,0,3,22,1,0.437144287798646,0.354950152061602,"M1.1",22,"U1.112;U2.112;U3.112;U4.112;U5.112;U6.112;U7.112;U8.112;U9.112;U10.112;U11.112;U12.112;U13.112;U14.112;U15.112;U16.112;U17.112;U18.112;U19.112;U20.112;U21.112;U22.112",16,14,2,8,1,FALSE,TRUE,"U15.12;U3.112;U4.112;U6.112;U7.112;U8.112;U10.112;U13.112;U14.112;U15.112;U16.112;U17.112;U19.112;U21.112;U22.112;W1.112",88,17,71,5,70,FALSE,TRUE,"U11.7;U22.8;U15.12;U11.20;U10.25;U9.31;W1.41;U13.47;U6.52;U27.57;U29.57;U7.67;U13.70;U20.73;U16.79;U16.82;U15.85;U24.90;U10.92;U2.94;U24.97;U2.112;U3.112;U4.112;U5.112;U6.112;U7.112;U8.112;U10.112;U11.112;U13.112;U14.112;U15.112;U16.112;U17.112;U19.112;U21.112;U22.112;W1.112;U33.120;U4.130;U18.130;U29.133;U12.144;U8.147;U11.147;U9.155;U11.160;U15.160;U42.163;U27.164;U8.168;U36.172;U18.183;U24.186;W1.189;U7.211;W1.221;U25.223;U32.229;U26.232;U2.233;U12.235;U38.239;U5.245;U4.251;U7.251;U47.254;U4.255;U20.261;U4.263;W1.270;U23.274;U1.278;U7.279;U20.281;U20.282;U7.284;U11.284;U27.287;U9.288;U32.289;U2.292;U33.292;U16.294;U2.296;U28.296;U6.298",TRUE,TRUE,"M1.1",TRUE,TRUE,0.00699996948242188,NA,NA,NA,NA,NA,NA,NA,NA,"M1.1",TRUE,TRUE,0.00491595268249512,NA,NA,NA,NA,NA,NA,NA,NA,"M1.1",TRUE,TRUE,0.0258920192718506,NA,NA,NA,NA,NA,NA,NA,NA
113,"model2",670,"medium",8,0.11,0.847006251337007,0.494351890543476,1,1,0,3,37,1,0.609262358759233,0.600144377863717,"M2.1",37,"U1.113;U2.113;U3.113;U4.113;U5.113;U6.113;U7.113;U8.113;U9.113;U10.113;U11.113;U12.113;U13.113;U14.113;U15.113;U16.113;U17.113;U18.113;U19.113;U20.113;U21.113;U22.113;U23.113;U24.113;U25.113;U26.113;U27.113;U28.113;U29.113;U30.113;U31.113;U32.113;U33.113;U34.113;U35.113;U36.113;U37.113",25,24,1,13,0,FALSE,TRUE,"U4.113;U5.113;U6.113;U8.113;U10.113;U12.113;U13.113;U14.113;U17.113;U18.113;U19.113;U20.113;U21.113;U22.113;U23.113;U24.113;U25.113;U27.113;U29.113;U30.113;U34.113;U35.113;U36.113;U37.113;W1.113",95,25,70,12,69,FALSE,TRUE,"U7.5;U20.8;U1.14;U15.14;U22.14;U7.19;U12.25;U2.29;U13.32;U12.40;U25.49;U11.61;U32.62;U6.71;U5.76;U50.79;U4.81;U14.85;U32.89;U1.92;U20.92;U6.95;U17.98;U24.103;U26.103;U15.112;U4.113;U5.113;U6.113;U8.113;U9.113;U10.113;U12.113;U13.113;U14.113;U17.113;U18.113;U19.113;U20.113;U21.113;U22.113;U23.113;U24.113;U25.113;U27.113;U29.113;U30.113;U34.113;U35.113;U36.113;U37.113;W1.113;U3.115;U22.122;U9.127;U13.129;U13.130;U17.137;U7.138;U24.139;U6.147;U10.156;U13.157;U15.157;U4.163;U37.163;U47.164;U40.171;U22.172;U38.172;U9.174;U23.188;U22.190;U6.191;U19.191;U33.205;U11.208;U6.219;U6.221;U32.226;U8.241;U11.242;U9.244;U23.248;U20.259;U15.260;U23.263;U2.276;U9.280;U10.281;U29.281;U14.292;U8.293;U39.297;U4.298",TRUE,TRUE,"M2.1",TRUE,TRUE,0.0101070404052734,NA,NA,NA,NA,NA,NA,NA,NA,"M2.1",TRUE,TRUE,0.00688505172729492,NA,NA,NA,NA,NA,NA,NA,NA,"M2.1",TRUE,TRUE,0.0228779315948486,NA,NA,NA,NA,NA,NA,NA,NA
114,"model3",670,"medium",8,0.07,0.775566773372702,0.466160287428647,1,1,0,3,5,1,0.15089333767548,0.148485159863456,"M3",5,"U1.114;U2.114;U3.114;U4.114;U5.114",6,5,1,0,0,FALSE,TRUE,"U1.114;U2.114;U3.114;U4.114;U5.114;W1.114",70,5,65,0,64,FALSE,TRUE,"U4.1;U17.1;U12.3;U2.5;U7.11;U18.19;U5.23;U17.28;U7.48;U22.49;U29.50;U20.54;U14.57;U2.65;U11.65;U21.67;U28.67;U18.69;U9.71;U8.81;U19.87;U5.89;U22.89;U16.93;U9.98;U9.102;U7.112;U1.114;U2.114;U3.114;U4.114;U5.114;W1.114;U30.116;W1.122;U13.136;U6.143;U4.144;U10.146;U32.152;U41.152;U45.152;U13.156;U14.164;U23.170;U9.171;U34.172;U32.173;U43.191;U19.193;U6.197;U21.202;U15.205;U5.210;U17.214;U42.216;U30.229;U28.239;U35.239;U23.243;U21.257;U23.259;U27.260;W1.260;U6.261;U1.270;U11.273;U9.283;U7.288;U20.293",TRUE,TRUE,"M4",FALSE,FALSE,0.00459694862365723,NA,NA,NA,NA,NA,NA,NA,NA,"M3",TRUE,TRUE,0.00342011451721191,NA,NA,NA,NA,NA,NA,NA,NA,"M4",FALSE,FALSE,0.0227620601654053,NA,NA,NA,NA,NA,NA,NA,NA
115,"model4",670,"medium",8,0.5,0.552000175463036,0.487487892573699,1,1,0,3,3,1,0.0268145906537706,0.024964113202009,"M4",3,"U1.115;U2.115;U3.115",4,2,2,1,1,FALSE,TRUE,"U2.115;U3.115;W1.115;U41.297",96,2,94,1,93,FALSE,TRUE,"U11.3;U26.10;U1.14;U35.21;U21.22;U27.25;U16.31;U5.32;U8.32;U5.33;W1.38;U14.39;U1.53;U7.55;U49.59;U2.61;W1.64;U25.67;U11.68;U31.73;U5.78;W1.80;U3.87;U3.88;U42.88;U17.89;U32.89;U8.90;U24.92;U17.93;U21.93;U28.102;U17.106;U21.111;U16.112;U2.115;U3.115;W1.115;U11.118;U2.126;U24.134;U13.137;U19.137;U8.142;U3.146;U15.146;U24.147;U6.153;U4.155;U41.163;U36.164;U4.167;U13.167;U4.168;U39.171;U16.181;U13.183;U35.183;U24.185;U2.189;U27.191;U18.193;U9.201;U26.202;W1.203;U12.204;U20.204;U34.204;U26.218;U8.220;U8.221;U14.221;U43.223;U4.224;U3.226;U23.232;U42.239;U22.245;U15.251;U16.258;U18.258;U3.259;U14.259;U23.262;U22.264;U25.266;U8.273;U30.274;U16.281;U7.282;U3.283;U44.285;U46.285;W1.288;U27.293;U41.297",TRUE,TRUE,"M4",TRUE,TRUE,0.00353097915649414,NA,NA,NA,NA,NA,NA,NA,NA,"M4",TRUE,TRUE,0.00462985038757324,NA,NA,NA,NA,NA,NA,NA,NA,"M1.2",FALSE,FALSE,0.0288679599761963,NA,NA,NA,NA,NA,NA,NA,NA
116,"model0",670,"large",8,0.38,1.17005508369766,0.699159452342428,1,1,0,3,31,1,0.477430660395446,0.610486836973107,"M0.1",31,"U1.116;U2.116;U3.116;U4.116;U5.116;U6.116;U7.116;U8.116;U9.116;U10.116;U11.116;U12.116;U13.116;U14.116;U15.116;U16.116;U17.116;U18.116;U19.116;U20.116;U21.116;U22.116;U23.116;U24.116;U25.116;U26.116;U27.116;U28.116;U29.116;U30.116;U31.116",25,22,3,9,2,FALSE,TRUE,"U7.57;U1.116;U2.116;U4.116;U5.116;U6.116;U9.116;U10.116;U12.116;U13.116;U14.116;U15.116;U16.116;U19.116;U20.116;U21.116;U22.116;U24.116;U25.116;U26.116;U29.116;U30.116;U31.116;W1.116;U6.245",102,27,75,4,74,FALSE,TRUE,"U20.3;U2.13;W1.22;U18.25;U4.26;U2.45;U1.48;U3.50;U13.52;U25.54;U7.57;U17.58;U43.59;U36.60;U29.69;U1.70;U7.70;U19.81;U20.85;U22.87;U20.90;U13.97;U4.100;U5.103;U21.103;U42.104;U4.107;U18.111;U20.111;U1.116;U2.116;U3.116;U4.116;U5.116;U6.116;U9.116;U10.116;U11.116;U12.116;U13.116;U14.116;U15.116;U16.116;U17.116;U19.116;U20.116;U21.116;U22.116;U23.116;U24.116;U25.116;U26.116;U28.116;U29.116;U30.116;U31.116;W1.116;U15.120;U5.123;U46.128;U31.130;U18.137;U11.138;U5.139;U8.144;U10.147;U18.149;U44.152;U6.153;U1.154;U4.154;U25.163;U18.164;U2.166;U16.173;U27.173;U12.187;U6.191;U14.197;U20.204;U26.205;U26.206;U31.206;U23.214;U11.218;U1.223;U5.223;U32.227;U28.240;U25.243;U6.245;U28.245;U8.248;U10.258;U12.261;U22.270;U5.276;U11.277;U16.281;U5.283;U10.290;U14.292",TRUE,TRUE,"M0.1",TRUE,TRUE,0.00749707221984863,NA,NA,NA,NA,NA,NA,NA,NA,"M1.1",FALSE,FALSE,0.0114240646362305,NA,NA,NA,NA,NA,NA,NA,NA,"M0.1",TRUE,TRUE,0.0255668163299561,NA,NA,NA,NA,NA,NA,NA,NA
117,"model1",670,"large",8,0.38,1.32105016079731,0.549268953152932,1,1,0,3,1,1,0.0040163869479114,0.0256902761392231,"M1.1",1,"U1.117",1,0,1,1,0,FALSE,TRUE,"W1.117",76,1,75,0,74,FALSE,TRUE,"U13.1;U3.6;U25.17;U28.17;U22.19;U10.20;U10.31;U28.44;U17.46;U14.50;U20.50;U24.51;U1.54;U13.61;U6.64;U12.64;U40.79;U48.79;U15.82;U3.87;U26.87;U42.88;U37.95;U42.98;U28.104;U21.106;U8.108;U28.111;U1.117;W1.117;U9.119;U3.120;U15.122;U33.129;U15.136;U19.136;U8.137;U17.141;U16.145;U24.150;U19.155;U5.160;U8.168;U20.173;U32.181;U16.184;U34.186;U42.188;U6.197;U1.198;U5.204;U40.204;U7.205;U2.206;U20.210;U43.213;U11.214;U1.215;U28.226;U11.229;U34.239;U4.240;U39.258;U11.264;U31.266;U7.267;U1.270;U21.270;U12.285;U16.287;U26.289;U16.290;U28.290;U10.293;U13.297;U23.297",TRUE,TRUE,"M1.1",TRUE,TRUE,0.00499200820922852,NA,NA,NA,NA,NA,NA,NA,NA,"M1.1",TRUE,TRUE,0.00290107727050781,NA,NA,NA,NA,NA,NA,NA,NA,"M1.1",TRUE,TRUE,0.0192351341247559,NA,NA,NA,NA,NA,NA,NA,NA
118,"model2",670,"large",8,0.33,1.21467760170344,0.790708547458053,1,1,0,3,47,1,0.541013962490451,0.608844912044882,"M2.1",47,"U1.118;U2.118;U3.118;U4.118;U5.118;U6.118;U7.118;U8.118;U9.118;U10.118;U11.118;U12.118;U13.118;U14.118;U15.118;U16.118;U17.118;U18.118;U19.118;U20.118;U21.118;U22.118;U23.118;U24.118;U25.118;U26.118;U27.118;U28.118;U29.118;U30.118;U31.118;U32.118;U33.118;U34.118;U35.118;U36.118;U37.118;U38.118;U39.118;U40.118;U41.118;U42.118;U43.118;U44.118;U45.118;U46.118;U47.118",22,21,1,26,0,FALSE,TRUE,"U3.118;U4.118;U8.118;U15.118;U16.118;U21.118;U22.118;U24.118;U25.118;U26.118;U27.118;U29.118;U30.118;U32.118;U33.118;U34.118;U36.118;U37.118;U41.118;U43.118;U44.118;W1.118",113,34,79,13,78,FALSE,TRUE,"U7.10;U14.12;U20.12;U20.17;U21.24;W1.25;U16.33;U20.33;U27.33;U42.33;U18.39;U15.47;U4.48;U37.52;U47.59;U8.60;U31.61;U15.68;U28.79;U2.82;U10.82;U21.85;U17.88;U3.89;U32.89;U1.90;U13.91;U32.103;U47.104;U2.108;U2.112;U3.118;U4.118;U6.118;U7.118;U8.118;U9.118;U11.118;U12.118;U13.118;U14.118;U15.118;U16.118;U18.118;U19.118;U21.118;U22.118;U24.118;U25.118;U26.118;U27.118;U29.118;U30.118;U31.118;U32.118;U33.118;U34.118;U36.118;U37.118;U38.118;U40.118;U41.118;U42.118;U43.118;U44.118;W1.118;U22.120;U6.125;U16.131;U7.132;U28.133;U40.134;U16.139;U9.140;U47.144;U23.147;U15.150;U31.150;U14.155;U25.155;U18.168;U26.178;U16.188;U7.191;U23.194;U8.200;U13.204;U4.206;U47.216;U1.219;U3.222;U7.224;U28.227;U28.238;U7.241;U13.242;U14.249;U25.249;U26.257;U12.260;U30.261;W1.262;U8.273;U10.281;U10.286;U12.288;U23.288;U26.288;W1.292;U32.293;U9.297;U21.297;U38.297",TRUE,TRUE,"M2.1",TRUE,TRUE,0.0119800567626953,NA,NA,NA,NA,NA,NA,NA,NA,"M2.1",TRUE,TRUE,0.0124461650848389,NA,NA,NA,NA,NA,NA,NA,NA,"M2.1",TRUE,TRUE,0.0311939716339111,NA,NA,NA,NA,NA,NA,NA,NA
119,"model3",670,"large",8,0.41,1.4822447579354,0.912736421916634,1,1,0,3,20,1,0.276292234686799,0.313414849554929,"M3",20,"U1.119;U2.119;U3.119;U4.119;U5.119;U6.119;U7.119;U8.119;U9.119;U10.119;U11.119;U12.119;U13.119;U14.119;U15.119;U16.119;U17.119;U18.119;U19.119;U20.119",16,14,2,6,1,FALSE,TRUE,"U1.119;U3.119;U7.119;U8.119;U9.119;U11.119;U12.119;U13.119;U14.119;U15.119;U16.119;U17.119;U18.119;U19.119;W1.119;U14.259",112,17,95,3,94,FALSE,TRUE,"U26.5;U12.14;U7.17;U8.25;U45.31;U17.32;U20.33;U44.33;U17.39;U3.40;U27.44;U4.47;U5.48;U4.49;U5.49;U36.50;U18.55;U33.59;U29.60;U25.61;U31.61;U11.62;U29.62;U12.64;U31.67;U10.69;U17.70;U22.71;U23.75;U11.76;U15.76;U16.76;U16.87;U35.88;U37.90;U27.95;U14.97;U13.98;U37.103;U46.118;U1.119;U2.119;U3.119;U7.119;U8.119;U9.119;U10.119;U11.119;U12.119;U13.119;U14.119;U15.119;U16.119;U17.119;U18.119;U19.119;U20.119;W1.119;U13.122;U2.128;U24.129;U33.129;U7.132;U12.137;U14.144;U37.144;U18.145;U11.147;U22.149;U4.150;U2.154;U5.156;U19.156;U43.163;U41.164;U28.171;U31.171;U18.173;U5.178;U17.178;U2.182;U26.183;W1.187;U6.188;U2.190;U19.192;U10.200;U12.201;U21.213;U9.216;U22.216;U23.219;U32.221;U10.225;U20.226;U1.229;U6.230;U1.235;U14.243;U38.246;U13.247;U40.248;U22.257;U27.257;U14.259;U14.261;U34.274;U30.281;U3.284;U3.288;U25.289;U39.297",TRUE,TRUE,"M3",TRUE,TRUE,0.00535082817077637,NA,NA,NA,NA,NA,NA,NA,NA,"M3",TRUE,TRUE,0.00502514839172363,NA,NA,NA,NA,NA,NA,NA,NA,"M3",TRUE,TRUE,0.0357859134674072,NA,NA,NA,NA,NA,NA,NA,NA
120,"model4",670,"large",8,0.25,1.28284994687419,0.74888634448871,1,1,0,3,38,1,0.480765665894736,0.335754113385221,"M4",38,"U1.120;U2.120;U3.120;U4.120;U5.120;U6.120;U7.120;U8.120;U9.120;U10.120;U11.120;U12.120;U13.120;U14.120;U15.120;U16.120;U17.120;U18.120;U19.120;U20.120;U21.120;U22.120;U23.120;U24.120;U25.120;U26.120;U27.120;U28.120;U29.120;U30.120;U31.120;U32.120;U33.120;U34.120;U35.120;U36.120;U37.120;U38.120",18,16,2,22,1,FALSE,TRUE,"U8.120;U10.120;U15.120;U16.120;U17.120;U18.120;U21.120;U25.120;U26.120;U27.120;U28.120;U31.120;U32.120;U33.120;U36.120;U38.120;W1.120;U31.218",114,31,83,7,82,FALSE,TRUE,"U5.5;U37.10;U11.12;U15.14;U23.17;U11.22;U13.23;U36.33;U3.37;U8.41;U28.47;U10.51;U30.51;U4.58;U3.67;U21.69;U19.75;U40.76;U4.79;U10.81;U14.81;W1.83;U4.88;U27.97;U21.98;U3.99;U5.107;U9.112;U11.116;U38.118;U1.120;U2.120;U4.120;U6.120;U7.120;U8.120;U10.120;U11.120;U12.120;U14.120;U15.120;U16.120;U17.120;U18.120;U19.120;U20.120;U21.120;U23.120;U25.120;U26.120;U27.120;U28.120;U29.120;U31.120;U32.120;U33.120;U34.120;U35.120;U36.120;U37.120;U38.120;W1.120;U29.122;U34.122;U3.130;U11.135;U4.140;U23.142;U5.145;U9.145;U8.149;U24.149;U17.150;U22.151;U16.157;U11.160;U40.164;U46.164;U41.168;U37.171;U25.173;U6.175;U3.176;U14.176;W1.190;U8.201;U27.202;U13.204;U19.204;U13.205;U9.210;U31.218;U7.227;U7.232;U12.243;U17.243;U16.245;U12.249;U11.252;U26.254;U12.255;U16.259;U24.262;U3.269;U3.271;U27.273;U25.280;U29.281;U22.284;U20.285;U15.287;U5.292;U45.293;U27.296",TRUE,TRUE,"M4",TRUE,TRUE,0.0101690292358398,NA,NA,NA,NA,NA,NA,NA,NA,"M1.2",FALSE,FALSE,0.00516295433044434,NA,NA,NA,NA,NA,NA,NA,NA,"M1.2",FALSE,FALSE,0.0293431282043457,NA,NA,NA,NA,NA,NA,NA,NA
121,"model0",670,"small",9,0.19,0.133911560475826,0.298661438468844,1,1,0,3,11,1,0.301451193134519,0.306723468629414,"M0.1",11,"U1.121;U2.121;U3.121;U4.121;U5.121;U6.121;U7.121;U8.121;U9.121;U10.121;U11.121",12,9,3,2,2,FALSE,TRUE,"U1.121;U2.121;U3.121;U4.121;U5.121;U7.121;U8.121;U9.121;U10.121;W1.121;U3.189;U29.216",97,11,86,0,85,FALSE,TRUE,"U20.7;U9.10;U17.17;U12.26;U6.28;U19.40;U6.41;U1.47;U25.48;U12.49;U24.50;U31.50;U8.52;U8.53;U24.57;U22.59;U23.59;U12.60;U21.61;U25.73;U22.76;U36.76;U5.79;U23.79;U5.81;U1.82;U2.86;U7.88;U38.88;U25.92;U24.98;U22.101;U2.105;U8.106;U26.106;U39.106;U2.113;U39.118;U1.121;U2.121;U3.121;U4.121;U5.121;U6.121;U7.121;U8.121;U9.121;U10.121;U11.121;W1.121;U25.122;U12.127;U16.133;U31.134;U16.136;U13.137;U29.144;U15.151;U16.151;U21.156;U29.156;U5.160;U40.163;U26.164;U45.164;U14.168;U6.170;U38.171;U42.172;U2.175;U13.175;U6.177;W1.178;U25.180;U42.185;U10.187;U34.188;U3.189;U8.210;U29.216;U44.216;U10.224;U30.238;U14.239;U15.250;U3.256;U4.257;U27.264;U4.271;U6.273;U11.273;U19.277;U4.287;U28.288;U41.293;U29.296;U8.299",TRUE,TRUE,"Other",FALSE,FALSE,0.0109579563140869,NA,NA,NA,NA,NA,NA,NA,NA,"Other",FALSE,FALSE,0.00456786155700684,NA,NA,NA,NA,NA,NA,NA,NA,"Other",FALSE,FALSE,0.0229601860046387,NA,NA,NA,NA,NA,NA,NA,NA
122,"model1",670,"small",9,0.11,0.155833572242409,0.160996544081718,1,1,0,3,41,1,0.560207397920506,0.609147582972369,"M1.1",41,"U1.122;U2.122;U3.122;U4.122;U5.122;U6.122;U7.122;U8.122;U9.122;U10.122;U11.122;U12.122;U13.122;U14.122;U15.122;U16.122;U17.122;U18.122;U19.122;U20.122;U21.122;U22.122;U23.122;U24.122;U25.122;U26.122;U27.122;U28.122;U29.122;U30.122;U31.122;U32.122;U33.122;U34.122;U35.122;U36.122;U37.122;U38.122;U39.122;U40.122;U41.122",20,18,2,23,1,FALSE,TRUE,"U1.122;U2.122;U9.122;U10.122;U14.122;U16.122;U17.122;U20.122;U22.122;U23.122;U25.122;U26.122;U28.122;U35.122;U36.122;U37.122;U38.122;U41.122;W1.122;U10.149",98,29,69,12,68,FALSE,TRUE,"U2.9;U4.9;U1.32;U4.32;U3.33;W1.49;U2.52;U2.53;U11.55;U32.59;U28.67;U8.68;U6.78;U29.89;U4.95;U14.95;U18.98;U32.98;U45.98;U2.101;U25.102;U37.104;U10.105;U2.114;U1.122;U2.122;U5.122;U6.122;U7.122;U8.122;U9.122;U10.122;U11.122;U14.122;U16.122;U17.122;U19.122;U20.122;U21.122;U22.122;U23.122;U24.122;U25.122;U26.122;U28.122;U30.122;U33.122;U34.122;U35.122;U36.122;U37.122;U38.122;U41.122;W1.122;U7.123;U10.123;U4.134;U20.134;U12.140;W1.141;U27.142;U28.147;U10.149;U23.155;W1.160;U2.162;U8.163;U14.164;U4.167;U16.168;U17.181;U27.188;U6.191;U4.194;U25.205;U38.205;W1.205;U1.217;U26.224;U13.226;U7.227;U36.239;U10.243;U17.254;U19.254;U28.257;U6.258;U12.258;U12.260;U37.273;U18.275;U7.277;U7.280;U15.282;U26.284;U5.286;U22.288;U37.297",TRUE,TRUE,"Other",FALSE,FALSE,0.00975704193115234,NA,NA,NA,NA,NA,NA,NA,NA,"Other",FALSE,FALSE,0.00952792167663574,NA,NA,NA,NA,NA,NA,NA,NA,"Other",FALSE,FALSE,0.0233070850372314,NA,NA,NA,NA,NA,NA,NA,NA
123,"model2",670,"small",9,0.28,0.342584167141467,0.129735956015065,1,1,0,3,20,1,0.455009957940425,0.433724327967581,"M2.1",20,"U1.123;U2.123;U3.123;U4.123;U5.123;U6.123;U7.123;U8.123;U9.123;U10.123;U11.123;U12.123;U13.123;U14.123;U15.123;U16.123;U17.123;U18.123;U19.123;U20.123",17,14,3,6,3,FALSE,FALSE,"U31.59;U1.123;U4.123;U5.123;U6.123;U7.123;U9.123;U10.123;U11.123;U12.123;U15.123;U16.123;U18.123;U19.123;U20.123;U42.188;U34.254",93,18,75,2,74,FALSE,TRUE,"U26.5;U27.5;U13.6;U6.7;U12.8;U27.10;U10.12;U3.21;U34.21;U21.23;U6.32;U9.32;U13.39;U14.43;U6.55;U31.59;U15.70;U1.75;U6.82;U13.96;U16.102;U31.106;W1.108;U1.123;U2.123;U3.123;U4.123;U5.123;U6.123;U7.123;U9.123;U10.123;U11.123;U12.123;U13.123;U15.123;U16.123;U17.123;U18.123;U19.123;U20.123;W1.123;U5.128;U27.130;U14.133;U36.133;U5.134;U5.137;U16.140;U16.146;W1.148;U1.149;U20.151;U3.166;U17.167;U31.171;U1.172;U11.172;U9.179;U12.179;U16.180;U42.188;U6.191;U25.191;U41.194;U5.195;U13.197;U35.213;U4.218;U7.220;U7.225;U6.226;W1.228;U2.231;U23.238;U27.239;U14.242;U12.250;U34.254;U21.262;U4.267;W1.267;U3.271;U6.274;U34.274;U16.284;U23.285;U18.288;U10.290;U31.290;U4.293;U7.296;U3.297",TRUE,TRUE,"M0.1",FALSE,FALSE,0.00645589828491211,NA,NA,NA,NA,NA,NA,NA,NA,"M0.1",FALSE,FALSE,0.00567317008972168,NA,NA,NA,NA,NA,NA,NA,NA,"M0.1",FALSE,FALSE,0.0206358432769775,NA,NA,NA,NA,NA,NA,NA,NA
124,"model3",670,"small",9,0.02,0.40429998813197,0.131698780599982,1,1,0,3,3,7,0.0769253778569335,0.130106625063886,"M3",3,"U1.124;U2.124;U3.124",4,3,1,0,1,FALSE,FALSE,"U17.75;U1.124;U2.124;U3.124",69,3,66,0,65,FALSE,TRUE,"U7.8;U11.12;U7.19;U12.19;U4.20;U1.28;U7.40;U2.49;W1.57;U4.61;U17.75;U3.78;U4.79;U20.85;U25.89;U42.89;U27.92;W1.108;U30.113;U20.116;U7.122;U10.122;U1.124;U2.124;U3.124;W1.124;U17.129;U13.130;U16.133;U17.144;U7.150;U2.161;W1.165;U1.167;U6.167;U9.167;U23.181;U7.183;U34.186;U2.187;U28.191;W1.198;U3.201;U16.201;U15.214;U10.221;U15.230;W1.237;U42.238;U10.242;U47.248;U11.251;W1.253;U5.254;U19.254;U38.254;U22.258;U30.258;U13.261;U32.261;U30.262;U38.274;U8.275;W1.281;U17.282;U16.289;U5.291;U14.291;U11.292",TRUE,TRUE,"M0.1",FALSE,FALSE,0.00440406799316406,NA,NA,NA,NA,NA,NA,NA,NA,"M0.1",FALSE,FALSE,0.00431084632873535,NA,NA,NA,NA,NA,NA,NA,NA,"Other",FALSE,FALSE,0.0191950798034668,NA,NA,NA,NA,NA,NA,NA,NA
125,"model4",670,"small",9,0.48,0.253035115357488,0.278007580107078,1,1,0,3,10,1,0.269372361008,0.264469576104094,"M4",10,"U1.125;U2.125;U3.125;U4.125;U5.125;U6.125;U7.125;U8.125;U9.125;U10.125",13,9,4,1,3,FALSE,TRUE,"U11.63;U1.125;U3.125;U4.125;U5.125;U6.125;U7.125;U8.125;U9.125;U10.125;W1.125;U21.216;U16.297",82,10,72,0,71,FALSE,TRUE,"U5.2;U21.3;U5.5;U13.7;U19.12;U28.12;U7.16;U2.19;U15.25;U13.36;W1.40;U6.43;U31.47;U3.53;U11.63;U21.76;U46.76;U10.88;U23.90;U21.92;U6.106;U18.106;U3.108;U2.109;U10.111;U23.116;U14.119;U1.125;U2.125;U3.125;U4.125;U5.125;U6.125;U7.125;U8.125;U9.125;U10.125;W1.125;U26.133;U28.134;U10.136;U6.138;U7.139;U10.154;U15.154;U44.156;U1.159;U7.160;U22.163;U41.163;U43.163;U34.164;U13.176;U10.182;U30.183;U11.185;U18.188;U34.191;U16.194;W1.201;U17.205;U2.209;U21.216;U8.220;U2.230;U23.232;U18.235;U22.248;U28.248;U41.248;U5.256;U11.260;U8.261;U4.272;U6.272;U9.276;U20.277;U28.282;U36.293;U5.294;U16.297;U37.297",TRUE,TRUE,"M1.2",FALSE,FALSE,0.0045018196105957,NA,NA,NA,NA,NA,NA,NA,NA,"M1.2",FALSE,FALSE,0.0046381950378418,NA,NA,NA,NA,NA,NA,NA,NA,"M1.2",FALSE,FALSE,0.020082950592041,NA,NA,NA,NA,NA,NA,NA,NA
126,"model0",670,"medium",9,0.49,0.852714435895905,0.36881511202082,1,1,0,3,8,1,0.207555281268088,0.160215418722874,"M0.1",8,"U1.126;U2.126;U3.126;U4.126;U5.126;U6.126;U7.126;U8.126",10,7,3,1,2,FALSE,TRUE,"U6.49;U2.126;U3.126;U4.126;U5.126;U6.126;U7.126;U8.126;W1.126;U34.246",74,7,67,1,66,FALSE,TRUE,"U8.3;W1.15;U6.16;U2.17;U9.24;U18.26;W1.29;U16.31;U14.44;U6.49;U18.54;U7.55;U3.60;U43.60;U6.63;U25.69;U8.70;U11.79;U40.79;W1.85;U27.89;U15.99;U17.99;U22.103;U13.109;U4.110;U22.110;U15.111;W1.114;U2.116;U8.116;U23.120;U1.121;U2.126;U3.126;U4.126;U5.126;U6.126;U7.126;U8.126;W1.126;U25.128;U4.135;U20.144;U24.150;U29.152;U41.152;U34.171;U17.172;U13.175;U3.185;U27.190;U5.194;U1.201;U17.201;U24.205;U13.208;U4.209;U15.213;U11.221;U1.228;U3.237;U33.239;U26.243;U34.246;U12.250;U35.250;U9.252;U10.257;U10.281;U27.285;U2.290;U22.292;U16.293",TRUE,TRUE,"M0.1",TRUE,TRUE,0.00437784194946289,NA,NA,NA,NA,NA,NA,NA,NA,"M0.1",TRUE,TRUE,0.00539898872375488,NA,NA,NA,NA,NA,NA,NA,NA,"M0.1",TRUE,TRUE,0.0177779197692871,NA,NA,NA,NA,NA,NA,NA,NA
127,"model1",670,"medium",9,0.1,0.670484356465749,0.439600910199806,1,1,0,3,12,1,0.318277984439078,0.349058558776897,"M1.1",12,"U1.127;U2.127;U3.127;U4.127;U5.127;U6.127;U7.127;U8.127;U9.127;U10.127;U11.127;U12.127",12,10,2,2,1,FALSE,TRUE,"U1.127;U2.127;U3.127;U4.127;U5.127;U7.127;U8.127;U9.127;U10.127;U11.127;W1.127;U6.199",87,12,75,0,74,FALSE,TRUE,"U16.2;U17.5;U3.9;U27.21;U13.22;U17.24;U7.36;U1.40;U13.43;U13.47;U10.48;U25.48;U37.52;U23.53;U4.60;U34.60;U6.62;U3.66;U13.67;U29.71;U16.75;U15.87;U7.96;W1.115;U5.120;U39.122;W1.122;U5.126;U1.127;U2.127;U3.127;U4.127;U5.127;U6.127;U7.127;U8.127;U9.127;U10.127;U11.127;U12.127;W1.127;U5.132;U11.146;U14.146;U35.149;U4.154;U29.155;U15.157;U21.163;U3.164;U9.164;U37.168;U22.173;U2.177;U6.177;U8.178;U12.181;U48.185;U50.185;U33.186;U45.191;U3.192;U6.199;U3.201;U26.208;U30.216;U36.219;U17.223;U21.224;W1.237;U29.238;U32.239;U25.243;U9.246;U12.251;U9.253;U4.254;U45.254;U2.257;U24.257;U28.261;U25.285;U46.285;W1.285;U15.287;U9.288;U17.290",TRUE,TRUE,"M1.1",TRUE,TRUE,0.00472283363342285,NA,NA,NA,NA,NA,NA,NA,NA,"Other",FALSE,FALSE,0.0129759311676025,NA,NA,NA,NA,NA,NA,NA,NA,"M1.1",TRUE,TRUE,0.0207350254058838,NA,NA,NA,NA,NA,NA,NA,NA
128,"model2",670,"medium",9,0.48,0.991068369825371,0.319811381585896,1,1,0,3,49,1,0.545551454586341,0.628641690576684,"M2.1",49,"U1.128;U2.128;U3.128;U4.128;U5.128;U6.128;U7.128;U8.128;U9.128;U10.128;U11.128;U12.128;U13.128;U14.128;U15.128;U16.128;U17.128;U18.128;U19.128;U20.128;U21.128;U22.128;U23.128;U24.128;U25.128;U26.128;U27.128;U28.128;U29.128;U30.128;U31.128;U32.128;U33.128;U34.128;U35.128;U36.128;U37.128;U38.128;U39.128;U40.128;U41.128;U42.128;U43.128;U44.128;U45.128;U46.128;U47.128;U48.128;U49.128",27,25,2,24,1,FALSE,TRUE,"U1.128;U3.128;U7.128;U10.128;U13.128;U14.128;U15.128;U16.128;U17.128;U19.128;U24.128;U25.128;U26.128;U27.128;U29.128;U30.128;U32.128;U35.128;U38.128;U41.128;U42.128;U45.128;U46.128;U48.128;U49.128;W1.128;U5.200",105,34,71,15,70,FALSE,TRUE,"U32.5;U6.8;U26.8;U3.12;W1.12;U23.17;U23.21;U9.25;U17.28;U17.33;U3.38;U33.44;U3.48;U26.48;U5.49;U12.50;U40.52;U34.59;U12.60;U34.60;U18.64;U24.69;U7.76;U28.76;U41.79;U10.87;U32.87;U13.98;U16.102;U30.102;U17.111;U2.122;U1.128;U2.128;U3.128;U6.128;U7.128;U10.128;U11.128;U12.128;U13.128;U14.128;U15.128;U16.128;U17.128;U19.128;U20.128;U21.128;U24.128;U25.128;U26.128;U27.128;U29.128;U30.128;U32.128;U34.128;U35.128;U38.128;U39.128;U40.128;U41.128;U42.128;U45.128;U46.128;U48.128;U49.128;W1.128;U16.129;U4.130;U23.133;U20.136;U16.143;U11.147;U32.147;U7.163;U15.179;U16.185;U18.189;U12.190;U14.190;U18.197;U5.200;U22.201;U7.214;U31.221;U7.223;U13.223;W1.231;U10.232;U7.238;U42.238;U44.239;U24.240;U7.241;U14.246;U31.246;U12.251;U26.264;U20.270;U10.271;U36.273;U2.275;U23.281;U15.282;U2.299",TRUE,TRUE,"M2.1",TRUE,TRUE,0.011458158493042,NA,NA,NA,NA,NA,NA,NA,NA,"M1.1",FALSE,FALSE,0.0130910873413086,NA,NA,NA,NA,NA,NA,NA,NA,"M1.1",FALSE,FALSE,0.0268220901489258,NA,NA,NA,NA,NA,NA,NA,NA
129,"model3",670,"medium",9,0.37,0.650149183929898,0.341596240736544,1,1,0,3,35,1,0.631317374476431,0.484883830531202,"M3",35,"U1.129;U2.129;U3.129;U4.129;U5.129;U6.129;U7.129;U8.129;U9.129;U10.129;U11.129;U12.129;U13.129;U14.129;U15.129;U16.129;U17.129;U18.129;U19.129;U20.129;U21.129;U22.129;U23.129;U24.129;U25.129;U26.129;U27.129;U28.129;U29.129;U30.129;U31.129;U32.129;U33.129;U34.129;U35.129",17,16,1,19,1,FALSE,FALSE,"U1.129;U2.129;U3.129;U9.129;U10.129;U13.129;U14.129;U15.129;U18.129;U21.129;U25.129;U28.129;U31.129;U32.129;U33.129;U35.129;U15.193",99,29,70,6,69,FALSE,TRUE,"U1.3;U7.7;U17.7;U1.8;U22.22;U11.23;U4.25;U11.60;U3.65;U21.67;W1.67;U7.70;U3.72;U8.73;U14.75;U35.79;U23.87;W1.91;U7.96;U8.97;U5.102;U6.102;U14.106;U3.115;U20.118;U2.125;W1.128;U1.129;U2.129;U3.129;U6.129;U7.129;U8.129;U9.129;U10.129;U11.129;U12.129;U13.129;U14.129;U15.129;U16.129;U17.129;U18.129;U19.129;U21.129;U24.129;U25.129;U27.129;U28.129;U29.129;U30.129;U31.129;U32.129;U33.129;U34.129;U35.129;W1.129;U22.130;U9.131;U8.135;U19.135;U12.136;U14.141;U19.144;U21.150;U13.153;U15.160;U48.164;U9.168;U19.168;U19.173;W1.177;U3.187;U38.188;U25.189;U15.193;U1.194;W1.197;U13.210;U10.214;U16.214;W1.215;U12.223;U12.224;U1.235;U45.239;U1.241;U8.254;U14.255;U31.260;U13.264;W1.269;U7.270;U34.273;U31.285;U10.287;U34.288;U3.290;U12.300",TRUE,TRUE,"M3",TRUE,TRUE,0.00768303871154785,NA,NA,NA,NA,NA,NA,NA,NA,"M3",TRUE,TRUE,0.00621795654296875,NA,NA,NA,NA,NA,NA,NA,NA,"M3",TRUE,TRUE,0.0217599868774414,NA,NA,NA,NA,NA,NA,NA,NA
130,"model4",670,"medium",9,0.23,0.973794235382229,0.370730152307078,1,1,0,3,35,1,0.50451987686468,0.514820316442833,"M4",35,"U1.130;U2.130;U3.130;U4.130;U5.130;U6.130;U7.130;U8.130;U9.130;U10.130;U11.130;U12.130;U13.130;U14.130;U15.130;U16.130;U17.130;U18.130;U19.130;U20.130;U21.130;U22.130;U23.130;U24.130;U25.130;U26.130;U27.130;U28.130;U29.130;U30.130;U31.130;U32.130;U33.130;U34.130;U35.130",18,17,1,18,0,FALSE,TRUE,"U2.130;U3.130;U4.130;U5.130;U7.130;U8.130;U9.130;U11.130;U12.130;U14.130;U15.130;U21.130;U23.130;U26.130;U27.130;U28.130;U30.130;W1.130",110,27,83,8,82,FALSE,TRUE,"U23.3;U1.15;U11.17;U17.22;U18.33;U20.33;U29.33;U30.39;U2.42;U8.44;U1.46;U23.50;U11.52;U1.57;U8.60;U11.60;U28.62;U1.63;U12.71;U13.82;W1.87;U5.89;U35.90;U16.97;U43.98;W1.99;U5.103;U13.106;U31.106;U33.120;U28.122;U12.128;U1.130;U2.130;U3.130;U4.130;U5.130;U6.130;U7.130;U8.130;U9.130;U11.130;U12.130;U13.130;U14.130;U15.130;U16.130;U17.130;U20.130;U21.130;U23.130;U25.130;U26.130;U27.130;U28.130;U29.130;U30.130;U32.130;U33.130;W1.130;U18.132;U24.139;U31.144;U15.146;U2.147;U18.151;U8.157;U17.171;U7.175;U14.179;U16.181;U38.185;U33.190;U43.190;U28.194;U36.194;U29.197;U3.203;U9.210;U11.210;U31.218;U19.221;U20.227;U2.229;U24.229;U30.229;U8.230;U7.234;U11.235;U4.236;U22.238;U30.240;U6.241;U28.245;U13.249;U15.250;W1.253;U6.254;U31.258;U6.261;U21.270;U7.276;U1.286;U27.289;U26.290;U5.293;U11.294;U21.296;U49.296;U3.300",TRUE,TRUE,"M4",TRUE,TRUE,0.00963807106018066,NA,NA,NA,NA,NA,NA,NA,NA,"M4",TRUE,TRUE,0.00944399833679199,NA,NA,NA,NA,NA,NA,NA,NA,"M4",TRUE,TRUE,0.0295720100402832,NA,NA,NA,NA,NA,NA,NA,NA
131,"model0",670,"large",9,0.27,1.10259914863855,0.542593158432283,1,1,0,3,24,1,0.336936168990641,0.493071272430291,"M0.1",24,"U1.131;U2.131;U3.131;U4.131;U5.131;U6.131;U7.131;U8.131;U9.131;U10.131;U11.131;U12.131;U13.131;U14.131;U15.131;U16.131;U17.131;U18.131;U19.131;U20.131;U21.131;U22.131;U23.131;U24.131",17,16,1,8,0,FALSE,TRUE,"U1.131;U2.131;U3.131;U4.131;U5.131;U6.131;U8.131;U11.131;U12.131;U13.131;U15.131;U16.131;U17.131;U20.131;U22.131;U23.131;W1.131",99,21,78,3,77,FALSE,TRUE,"U5.26;U16.26;U25.40;U8.45;U35.47;U22.48;U32.48;U8.53;U6.55;U23.59;U2.60;U36.60;U15.69;U21.75;U1.77;U8.81;U8.82;U15.95;U21.97;U24.99;U25.103;U30.104;U14.106;U18.110;U21.113;U29.116;U4.118;U20.118;U29.122;U6.123;U13.128;U27.130;U1.131;U2.131;U3.131;U4.131;U5.131;U6.131;U7.131;U8.131;U9.131;U11.131;U12.131;U13.131;U14.131;U15.131;U16.131;U17.131;U20.131;U21.131;U22.131;U23.131;U24.131;W1.131;U15.135;U16.135;U13.146;U14.146;U7.149;U9.150;U2.151;U6.155;U21.156;U5.166;W1.166;U16.167;U5.172;U6.185;U12.187;U15.189;U35.190;U5.192;U36.194;W1.198;U10.204;U13.208;U18.210;U8.218;U8.219;U15.219;U5.220;U26.227;U18.230;U17.235;U25.235;U23.246;U43.248;U6.252;U20.254;U31.261;U16.264;U7.271;U5.278;U9.278;U10.286;U36.287;U18.293;U2.297;U9.299",TRUE,TRUE,"M0.1",TRUE,TRUE,0.00709009170532227,NA,NA,NA,NA,NA,NA,NA,NA,"M1.1",FALSE,FALSE,0.00679302215576172,NA,NA,NA,NA,NA,NA,NA,NA,"M0.1",TRUE,TRUE,0.0268270969390869,NA,NA,NA,NA,NA,NA,NA,NA
132,"model1",670,"large",9,0.47,1.00726499059238,0.555385354789905,1,1,0,3,18,1,0.273177903558666,0.264653926535689,"M1.1",18,"U1.132;U2.132;U3.132;U4.132;U5.132;U6.132;U7.132;U8.132;U9.132;U10.132;U11.132;U12.132;U13.132;U14.132;U15.132;U16.132;U17.132;U18.132",11,10,1,8,1,FALSE,FALSE,"U1.132;U5.132;U6.132;U7.132;U8.132;U11.132;U12.132;U15.132;U17.132;U18.132;U4.258",82,14,68,4,68,FALSE,FALSE,"U27.2;U17.5;U34.5;U38.10;U6.15;W1.16;U8.22;U17.24;W1.30;U1.31;U43.31;U2.39;U7.40;U23.47;U11.48;U6.53;U8.57;U21.64;U1.65;U2.78;U5.78;U26.87;U7.88;U39.88;U37.90;U13.92;U23.92;U1.93;U9.94;U26.102;U5.106;U4.116;U5.119;U26.122;U1.132;U2.132;U5.132;U6.132;U7.132;U8.132;U11.132;U12.132;U13.132;U14.132;U15.132;U16.132;U17.132;U18.132;U1.137;W1.139;U33.142;U2.145;U44.147;U25.152;U24.167;U10.169;U10.173;U16.174;W1.174;U14.191;U20.191;U20.194;U23.194;U3.197;U15.214;U2.218;U16.218;U12.222;U22.224;U16.235;U3.240;W1.244;U5.257;U4.258;U39.260;U28.262;U33.266;U33.274;U21.281;U5.282;U36.287;U33.292",TRUE,TRUE,"M1.1",TRUE,TRUE,0.00516390800476074,NA,NA,NA,NA,NA,NA,NA,NA,"M1.1",TRUE,TRUE,0.00425100326538086,NA,NA,NA,NA,NA,NA,NA,NA,"M1.1",TRUE,TRUE,0.0316431522369385,NA,NA,NA,NA,NA,NA,NA,NA
133,"model2",670,"large",9,0.06,1.23050381988287,0.788109296467155,1,1,0,3,38,1,0.540364295834179,0.607969196257771,"M2.1",38,"U1.133;U2.133;U3.133;U4.133;U5.133;U6.133;U7.133;U8.133;U9.133;U10.133;U11.133;U12.133;U13.133;U14.133;U15.133;U16.133;U17.133;U18.133;U19.133;U20.133;U21.133;U22.133;U23.133;U24.133;U25.133;U26.133;U27.133;U28.133;U29.133;U30.133;U31.133;U32.133;U33.133;U34.133;U35.133;U36.133;U37.133;U38.133",19,17,2,21,1,FALSE,TRUE,"U11.23;U2.133;U3.133;U4.133;U7.133;U8.133;U9.133;U13.133;U16.133;U18.133;U21.133;U24.133;U28.133;U31.133;U35.133;U36.133;U37.133;U38.133;W1.133",107,30,77,8,76,FALSE,TRUE,"U5.10;U14.12;U11.23;U32.31;U38.33;U17.48;U12.51;U10.52;U26.53;U22.54;U15.59;U15.61;U19.61;U3.62;U24.62;U15.68;U21.79;U1.81;U8.88;U30.88;U13.111;U15.119;U23.120;U36.120;U1.133;U2.133;U3.133;U4.133;U6.133;U7.133;U8.133;U9.133;U10.133;U12.133;U13.133;U15.133;U16.133;U17.133;U18.133;U20.133;U21.133;U22.133;U23.133;U24.133;U26.133;U27.133;U28.133;U29.133;U31.133;U32.133;U35.133;U36.133;U37.133;U38.133;W1.133;U13.139;U15.143;U9.144;U13.144;U43.144;U22.152;U22.156;U7.161;U35.163;U9.170;U27.172;U2.176;U29.181;U14.186;U18.190;U28.191;U20.192;U2.195;U16.197;U23.197;U20.208;U1.209;U3.209;U22.213;U35.216;U19.219;U7.222;U31.224;U43.226;U8.230;U23.232;U15.235;U17.236;U4.240;U13.240;U10.243;U20.246;U4.251;U16.251;U24.254;U38.254;U1.257;U16.262;U25.270;U28.274;U10.275;U15.275;U1.288;U8.290;U12.292;U21.293;U8.298",TRUE,TRUE,"M2.1",TRUE,TRUE,0.0137679576873779,NA,NA,NA,NA,NA,NA,NA,NA,"M2.1",TRUE,TRUE,0.0053260326385498,NA,NA,NA,NA,NA,NA,NA,NA,"M2.1",TRUE,TRUE,0.0250940322875977,NA,NA,NA,NA,NA,NA,NA,NA
134,"model3",670,"large",9,0.33,1.13453984027728,0.647876850911416,1,1,0,3,41,1,0.46681427872958,0.500110986690196,"M3",41,"U1.134;U2.134;U3.134;U4.134;U5.134;U6.134;U7.134;U8.134;U9.134;U10.134;U11.134;U12.134;U13.134;U14.134;U15.134;U16.134;U17.134;U18.134;U19.134;U20.134;U21.134;U22.134;U23.134;U24.134;U25.134;U26.134;U27.134;U28.134;U29.134;U30.134;U31.134;U32.134;U33.134;U34.134;U35.134;U36.134;U37.134;U38.134;U39.134;U40.134;U41.134",17,15,2,26,1,FALSE,TRUE,"U13.118;U2.134;U3.134;U12.134;U15.134;U16.134;U18.134;U23.134;U24.134;U25.134;U31.134;U32.134;U33.134;U39.134;U40.134;U41.134;W1.134",110,32,78,9,77,FALSE,TRUE,"U3.1;U4.2;U11.2;U22.7;U9.27;U29.31;U4.37;U19.39;U34.47;U23.48;U2.53;W1.53;U17.57;U25.59;U4.60;U5.62;U20.71;U12.75;U46.76;U22.88;U36.90;U10.98;U16.98;U24.98;W1.98;U14.101;U30.103;U9.106;U6.109;U13.118;U11.130;U12.132;U1.134;U2.134;U3.134;U6.134;U7.134;U8.134;U10.134;U11.134;U12.134;U13.134;U14.134;U15.134;U16.134;U17.134;U18.134;U22.134;U23.134;U24.134;U25.134;U26.134;U27.134;U29.134;U30.134;U31.134;U32.134;U33.134;U34.134;U36.134;U38.134;U39.134;U40.134;U41.134;W1.134;U8.136;U13.141;U1.145;U14.146;U2.148;U12.155;U32.172;U29.173;W1.175;U5.176;U2.185;U9.185;U12.185;U19.191;U4.193;U1.198;U9.201;U10.206;U15.208;U2.213;U40.213;U47.213;U21.214;U2.215;W1.218;U19.223;U2.231;U8.231;U29.232;U10.239;U4.257;U21.257;U27.257;U6.258;U42.258;U30.260;U34.260;U20.264;U9.266;U6.278;U6.285;U6.289;U3.290;U24.297;U30.297",TRUE,TRUE,"M3",TRUE,TRUE,0.011375904083252,NA,NA,NA,NA,NA,NA,NA,NA,"M3",TRUE,TRUE,0.00646185874938965,NA,NA,NA,NA,NA,NA,NA,NA,"M3",TRUE,TRUE,0.0315630435943604,NA,NA,NA,NA,NA,NA,NA,NA
135,"model4",670,"large",9,0.36,1.41197113925591,0.770379791036248,1,1,0,3,19,1,0.288226303059441,0.208086880949266,"M4",19,"U1.135;U2.135;U3.135;U4.135;U5.135;U6.135;U7.135;U8.135;U9.135;U10.135;U11.135;U12.135;U13.135;U14.135;U15.135;U16.135;U17.135;U18.135;U19.135",15,12,3,7,2,FALSE,TRUE,"U2.135;U4.135;U5.135;U6.135;U7.135;U10.135;U13.135;U15.135;U16.135;U17.135;U18.135;U19.135;W1.135;U23.149;U13.255",86,18,68,1,67,FALSE,TRUE,"U16.2;U4.10;U18.10;U19.19;U16.21;U24.24;U26.24;U3.27;U2.28;U16.31;U3.32;U5.44;U6.58;U23.67;W1.70;U24.79;U46.79;U32.88;U17.95;U22.104;U12.106;U12.113;U13.118;U28.120;U1.122;U30.133;U1.135;U2.135;U4.135;U5.135;U6.135;U7.135;U8.135;U9.135;U10.135;U11.135;U12.135;U13.135;U14.135;U15.135;U16.135;U17.135;U18.135;U19.135;W1.135;U40.142;U48.144;U5.147;U23.149;U21.150;U21.155;U15.160;U45.164;U10.171;U35.183;U4.184;U38.185;U35.186;U11.191;U18.191;U12.206;U39.206;U4.209;U9.219;U35.223;U4.229;U7.238;U6.242;U4.243;U7.253;U13.255;U38.257;U4.263;U18.270;U23.274;U6.276;U4.280;W1.282;U21.285;U10.286;U15.289;U24.289;W1.289;W1.290;U12.292;U2.299",TRUE,TRUE,"M4",TRUE,TRUE,0.00581812858581543,NA,NA,NA,NA,NA,NA,NA,NA,"M1.2",FALSE,FALSE,0.00492095947265625,NA,NA,NA,NA,NA,NA,NA,NA,"M1.2",FALSE,FALSE,0.0198738574981689,NA,NA,NA,NA,NA,NA,NA,NA
136,"model0",670,"small",10,0.11,0.184986504167318,0.100998569931835,1,1,0,3,24,1,0.456692557579027,0.550950635499899,"M0.1",24,"U1.136;U2.136;U3.136;U4.136;U5.136;U6.136;U7.136;U8.136;U9.136;U10.136;U11.136;U12.136;U13.136;U14.136;U15.136;U16.136;U17.136;U18.136;U19.136;U20.136;U21.136;U22.136;U23.136;U24.136",20,17,3,7,2,FALSE,TRUE,"U1.136;U2.136;U3.136;U6.136;U8.136;U9.136;U10.136;U11.136;U13.136;U14.136;U15.136;U16.136;U17.136;U18.136;U22.136;U23.136;U24.136;W1.136;U7.164;U4.222",103,21,82,3,81,FALSE,TRUE,"U3.2;U6.7;U21.7;U21.8;U10.9;U15.9;U9.16;U6.36;U8.36;U7.41;U3.44;U8.45;U1.47;U10.49;U4.50;U28.52;U34.60;U1.72;W1.76;U26.79;U17.94;U11.103;U22.103;U12.110;U23.111;U3.113;U1.115;U6.116;U5.118;U13.120;U4.130;U1.136;U2.136;U3.136;U5.136;U6.136;U7.136;U8.136;U9.136;U10.136;U11.136;U12.136;U13.136;U14.136;U15.136;U16.136;U17.136;U18.136;U21.136;U22.136;U23.136;U24.136;W1.136;U21.141;U33.149;U1.160;U23.163;U7.164;U9.168;U6.169;U4.171;U31.183;U4.184;U23.186;U3.187;U10.189;U1.195;U8.196;U29.197;U30.201;U18.206;U7.207;U2.213;U2.217;U2.222;U4.222;W1.222;U7.223;U18.223;U24.227;U10.231;U33.232;U9.236;U37.238;U5.239;U11.240;U7.247;U7.248;U37.248;U3.249;U16.250;U24.251;U10.259;U9.264;U11.266;U3.268;U6.271;U6.279;U23.287;U6.290;U2.292;U19.294;U7.295",TRUE,TRUE,"Other",FALSE,FALSE,0.00688791275024414,NA,NA,NA,NA,NA,NA,NA,NA,"Other",FALSE,FALSE,0.00541591644287109,NA,NA,NA,NA,NA,NA,NA,NA,"Other",FALSE,FALSE,0.0224621295928955,NA,NA,NA,NA,NA,NA,NA,NA
137,"model1",670,"small",10,0.19,0.451582517661154,0.225895536039025,1,1,0,3,19,1,0.369419048603851,0.436634484003191,"M1.1",19,"U1.137;U2.137;U3.137;U4.137;U5.137;U6.137;U7.137;U8.137;U9.137;U10.137;U11.137;U12.137;U13.137;U14.137;U15.137;U16.137;U17.137;U18.137;U19.137",19,14,5,5,4,FALSE,TRUE,"U1.137;U2.137;U3.137;U4.137;U5.137;U6.137;U7.137;U9.137;U11.137;U12.137;U13.137;U15.137;U17.137;U18.137;W1.137;U8.241;U4.265;U12.273;U7.274",90,15,75,4,74,FALSE,TRUE,"U1.3;U21.5;U14.17;U10.24;W1.25;U2.38;U21.49;U15.51;U9.57;U11.57;U14.58;U27.58;U18.59;U12.67;U1.73;U16.81;U17.85;U31.85;U33.87;U31.90;U17.96;U43.104;U39.106;U41.106;U13.109;U25.110;W1.111;U12.112;U2.114;W1.130;U18.131;U1.137;U2.137;U3.137;U4.137;U5.137;U6.137;U7.137;U9.137;U10.137;U11.137;U12.137;U13.137;U15.137;U17.137;U18.137;W1.137;U14.141;U7.147;U41.147;U5.148;U1.154;U3.173;U37.173;U15.179;U12.185;U13.187;U21.193;U43.194;U21.202;U13.206;U30.206;U12.214;W1.214;U9.221;U20.223;U33.226;U24.227;U35.227;U36.227;U29.235;W1.238;U1.241;U8.241;U27.243;U2.244;U39.254;U36.260;U6.261;U4.265;U19.266;U1.269;U4.269;U21.270;U12.273;U7.274;U21.277;U3.296;U2.298;U6.300",TRUE,TRUE,"M1.1",TRUE,TRUE,0.00536704063415527,NA,NA,NA,NA,NA,NA,NA,NA,"M4",FALSE,FALSE,0.00505208969116211,NA,NA,NA,NA,NA,NA,NA,NA,"M1.1",TRUE,TRUE,0.0354440212249756,NA,NA,NA,NA,NA,NA,NA,NA
138,"model2",670,"small",10,0.35,0.494916224386543,0.154700270295143,1,1,0,3,12,1,0.196587532250985,0.297812715966555,"M2.1",12,"U1.138;U2.138;U3.138;U4.138;U5.138;U6.138;U7.138;U8.138;U9.138;U10.138;U11.138;U12.138",10,8,2,4,2,FALSE,FALSE,"U34.47;U2.138;U4.138;U5.138;U7.138;U8.138;U9.138;U11.138;U12.138;U3.283",92,11,81,1,80,FALSE,TRUE,"U10.3;U14.9;U5.11;U14.12;U26.12;U9.14;U3.15;U5.19;U13.22;W1.23;U3.24;U24.25;U1.30;U19.31;U9.34;U13.43;U34.47;W1.48;U3.51;U20.54;U29.59;U39.59;U35.61;U9.65;U13.67;U31.67;U8.72;U36.76;U38.79;U42.79;U2.87;U32.87;U5.89;U13.97;U2.104;U45.106;U17.110;U3.122;U36.122;U1.124;U25.129;U32.129;U13.135;U1.138;U2.138;U4.138;U5.138;U6.138;U7.138;U8.138;U9.138;U10.138;U11.138;U12.138;W1.138;U13.140;U20.150;U2.152;U12.155;U1.156;U4.167;U11.167;U15.167;U18.172;U34.186;U19.193;U16.194;U8.200;U25.201;U12.205;U16.210;U2.211;U12.214;U6.223;U4.224;U24.227;U26.227;U2.238;U9.246;U7.252;U17.257;U5.262;U32.262;U1.269;U9.271;U20.273;U38.273;W1.274;U19.281;U3.283;U33.297;U13.300",TRUE,TRUE,"M1.1",FALSE,FALSE,0.00647497177124023,NA,NA,NA,NA,NA,NA,NA,NA,"M1.1",FALSE,FALSE,0.00531101226806641,NA,NA,NA,NA,NA,NA,NA,NA,"M0.1",FALSE,FALSE,0.0229239463806152,NA,NA,NA,NA,NA,NA,NA,NA
139,"model3",670,"small",10,0.39,0.217097483202815,0.247195276897401,1,1,0,3,28,1,0.60055790213432,0.43874070341082,"M3",28,"U1.139;U2.139;U3.139;U4.139;U5.139;U6.139;U7.139;U8.139;U9.139;U10.139;U11.139;U12.139;U13.139;U14.139;U15.139;U16.139;U17.139;U18.139;U19.139;U20.139;U21.139;U22.139;U23.139;U24.139;U25.139;U26.139;U27.139;U28.139",16,15,1,13,0,FALSE,TRUE,"U3.139;U7.139;U9.139;U10.139;U11.139;U12.139;U17.139;U18.139;U19.139;U22.139;U23.139;U24.139;U25.139;U27.139;U28.139;W1.139",108,24,84,4,83,FALSE,TRUE,"U22.10;U22.14;U6.17;U17.17;U29.25;U30.33;U4.42;U13.44;U7.45;U21.55;U35.59;U1.62;U6.62;U18.65;U4.68;U5.82;U2.84;U10.90;U1.99;U7.102;U14.103;U28.103;U28.104;U1.106;U14.116;U24.116;U37.118;U10.122;U8.132;U15.133;U3.139;U4.139;U6.139;U7.139;U8.139;U9.139;U10.139;U11.139;U12.139;U13.139;U14.139;U15.139;U16.139;U17.139;U18.139;U19.139;U20.139;U21.139;U22.139;U23.139;U24.139;U25.139;U27.139;U28.139;W1.139;U5.156;U33.156;U6.157;U14.163;U25.163;U28.164;U38.164;U10.169;U35.171;W1.171;U16.173;U9.175;U12.176;U27.180;U17.182;U19.185;U16.190;W1.191;U7.198;U27.202;U17.205;U23.208;U30.213;W1.215;U20.218;U38.219;U5.221;U3.223;U26.223;U23.224;U39.227;U40.227;U11.229;U34.230;U6.231;U4.232;U31.232;U7.242;U39.246;U23.250;U8.253;U20.263;U19.274;U17.275;U18.277;U5.281;U24.282;U15.288;U18.288;U23.290;U4.294;U16.295;U49.296",TRUE,TRUE,"M3",TRUE,TRUE,0.00630807876586914,NA,NA,NA,NA,NA,NA,NA,NA,"M0.1",FALSE,FALSE,0.00947403907775879,NA,NA,NA,NA,NA,NA,NA,NA,"M0.1",FALSE,FALSE,0.0248370170593262,NA,NA,NA,NA,NA,NA,NA,NA
140,"model4",670,"small",10,0.34,0.109881122317165,0.258599514933303,1,1,0,3,16,1,0.383355907056426,0.344743167913416,"M4",16,"U1.140;U2.140;U3.140;U4.140;U5.140;U6.140;U7.140;U8.140;U9.140;U10.140;U11.140;U12.140;U13.140;U14.140;U15.140;U16.140",13,10,3,6,2,FALSE,TRUE,"U12.106;U1.140;U5.140;U6.140;U7.140;U9.140;U10.140;U13.140;U14.140;U15.140;U16.140;W1.140;U26.288",101,13,88,3,87,FALSE,TRUE,"U6.2;U40.5;U15.7;U22.8;U10.10;U30.10;U11.19;U18.19;U10.25;U5.26;U13.33;U34.33;U1.36;U5.42;U23.48;U5.56;U10.60;U30.69;U29.76;U2.78;U2.85;U19.89;U17.90;U13.91;U25.92;U2.94;U7.95;U31.97;U2.98;U2.101;U12.106;U11.110;W1.110;U7.112;U12.113;U25.113;U30.120;U4.133;U6.134;U1.140;U2.140;U4.140;U5.140;U6.140;U7.140;U8.140;U9.140;U10.140;U13.140;U14.140;U15.140;U16.140;W1.140;U4.141;U14.142;U7.143;U47.144;U14.147;U17.149;U14.151;U18.152;W1.153;U19.155;U13.157;U3.158;U45.164;U13.167;U4.174;U7.175;U8.178;U3.179;U38.183;U28.186;U31.191;U47.191;U36.194;W1.196;U6.205;U21.206;U48.206;U1.211;U29.216;U18.221;U10.222;U15.232;W1.233;U6.235;U35.246;U31.248;U7.252;U6.255;U27.261;U32.261;U5.272;U8.277;U8.288;U26.288;U17.292;U19.295;U3.297;U11.300",TRUE,TRUE,"Other",FALSE,FALSE,0.00503110885620117,NA,NA,NA,NA,NA,NA,NA,NA,"Other",FALSE,FALSE,0.00563812255859375,NA,NA,NA,NA,NA,NA,NA,NA,"Other",FALSE,FALSE,0.0293030738830566,NA,NA,NA,NA,NA,NA,NA,NA
141,"model0",670,"medium",10,0.13,0.838710492127575,0.422397260507569,1,1,0,3,27,1,0.478154537433196,0.455406189918562,"M0.1",27,"U1.141;U2.141;U3.141;U4.141;U5.141;U6.141;U7.141;U8.141;U9.141;U10.141;U11.141;U12.141;U13.141;U14.141;U15.141;U16.141;U17.141;U18.141;U19.141;U20.141;U21.141;U22.141;U23.141;U24.141;U25.141;U26.141;U27.141",21,19,2,8,1,FALSE,TRUE,"U1.141;U2.141;U3.141;U4.141;U5.141;U7.141;U8.141;U11.141;U12.141;U13.141;U15.141;U16.141;U17.141;U19.141;U22.141;U23.141;U24.141;U25.141;U26.141;W1.141;U41.293",99,24,75,3,74,FALSE,TRUE,"U17.1;U23.5;U8.9;U1.18;U13.26;U19.31;U17.32;U5.33;U24.33;U16.47;U17.55;U9.60;U18.65;U19.71;U22.73;U9.76;U3.82;U3.90;U6.90;U17.92;U27.95;U18.98;U5.100;U25.101;U34.103;U2.104;U5.112;U5.114;U33.118;U35.122;U33.129;U35.129;U5.131;U12.131;U20.133;U18.134;U9.140;U1.141;U2.141;U3.141;U4.141;U5.141;U7.141;U8.141;U9.141;U10.141;U11.141;U12.141;U13.141;U14.141;U15.141;U16.141;U17.141;U18.141;U19.141;U21.141;U22.141;U23.141;U24.141;U25.141;U26.141;W1.141;U5.146;U1.148;U26.152;U43.152;U4.157;U13.157;U10.166;U4.169;U21.171;U16.172;U25.172;U12.173;U6.180;U23.183;U3.190;U22.190;U47.194;U25.201;U38.205;U8.207;U15.222;U26.235;U32.239;U19.246;U24.248;U16.273;U20.274;U39.274;U31.275;U15.281;U23.282;U35.287;U30.290;U22.293;U41.293;U13.297;W1.297",TRUE,TRUE,"M0.1",TRUE,TRUE,0.0104520320892334,NA,NA,NA,NA,NA,NA,NA,NA,"M0.1",TRUE,TRUE,0.00527501106262207,NA,NA,NA,NA,NA,NA,NA,NA,"M0.1",TRUE,TRUE,0.0208780765533447,NA,NA,NA,NA,NA,NA,NA,NA
142,"model1",670,"medium",10,0.5,0.970792309031822,0.391201137611642,1,1,0,3,43,1,0.517542580396144,0.634351026013699,"M1.1",43,"U1.142;U2.142;U3.142;U4.142;U5.142;U6.142;U7.142;U8.142;U9.142;U10.142;U11.142;U12.142;U13.142;U14.142;U15.142;U16.142;U17.142;U18.142;U19.142;U20.142;U21.142;U22.142;U23.142;U24.142;U25.142;U26.142;U27.142;U28.142;U29.142;U30.142;U31.142;U32.142;U33.142;U34.142;U35.142;U36.142;U37.142;U38.142;U39.142;U40.142;U41.142;U42.142;U43.142",26,23,3,20,2,FALSE,TRUE,"U1.142;U3.142;U4.142;U5.142;U6.142;U10.142;U13.142;U15.142;U16.142;U21.142;U23.142;U24.142;U25.142;U26.142;U28.142;U29.142;U30.142;U32.142;U33.142;U34.142;U35.142;U36.142;U42.142;W1.142;U18.150;U5.209",119,34,85,9,84,FALSE,TRUE,"U8.17;U12.21;U3.22;U17.31;U1.34;U26.47;U34.47;U38.48;U21.50;U20.51;U9.55;U13.63;U9.69;U1.76;U41.79;U34.89;U20.97;U1.100;U27.102;U29.102;U16.103;U30.104;U29.106;U1.115;U10.116;U10.119;U37.120;U10.122;U9.130;U9.131;U18.132;U1.142;U3.142;U4.142;U5.142;U6.142;U9.142;U10.142;U11.142;U12.142;U13.142;U14.142;U15.142;U16.142;U18.142;U19.142;U21.142;U22.142;U23.142;U24.142;U25.142;U26.142;U28.142;U29.142;U30.142;U31.142;U32.142;U33.142;U34.142;U35.142;U36.142;U37.142;U38.142;U39.142;U42.142;W1.142;U13.143;U18.150;U3.155;U29.155;U12.156;U25.156;U34.172;U15.174;U14.177;U12.178;U8.185;U18.185;U10.191;W1.196;U6.198;U1.203;U5.209;U9.210;U24.213;U33.218;U13.226;U30.226;U29.235;U9.238;U3.239;U5.239;U7.241;U14.242;U34.248;U30.258;U15.259;U14.264;U16.264;U3.273;U5.273;U7.273;U25.273;U27.273;U38.274;U27.275;U4.279;U11.280;U24.282;U7.283;U3.284;U21.285;U32.287;U36.287;U22.288;U11.293;U9.294;U3.296;U32.297",TRUE,TRUE,"M1.1",TRUE,TRUE,0.00850701332092285,NA,NA,NA,NA,NA,NA,NA,NA,"M1.1",TRUE,TRUE,0.00737619400024414,NA,NA,NA,NA,NA,NA,NA,NA,"M1.1",TRUE,TRUE,0.0469028949737549,NA,NA,NA,NA,NA,NA,NA,NA
143,"model2",670,"medium",10,0.2,0.88612662779633,0.300246219243854,1,1,0,3,16,1,0.419332640317472,0.344125111898943,"M2.1",16,"U1.143;U2.143;U3.143;U4.143;U5.143;U6.143;U7.143;U8.143;U9.143;U10.143;U11.143;U12.143;U13.143;U14.143;U15.143;U16.143",14,12,2,4,1,FALSE,TRUE,"U2.143;U3.143;U5.143;U6.143;U7.143;U8.143;U9.143;U10.143;U11.143;U13.143;U14.143;U16.143;W1.143;U30.262",104,14,90,2,89,FALSE,TRUE,"U12.5;U9.7;U18.7;U7.9;U15.17;U7.23;U17.28;U23.31;U38.33;U3.40;U18.46;U9.47;U20.47;U8.51;U2.55;U29.57;U23.62;U8.65;U3.76;U8.76;U49.79;W1.83;U18.85;U6.88;U20.88;U12.91;U24.93;U17.96;U6.97;U8.97;U5.100;U17.102;U26.102;U34.113;U4.118;U39.118;U2.120;U21.120;U38.122;U3.124;U16.133;U22.133;U1.143;U2.143;U3.143;U5.143;U6.143;U7.143;U8.143;U9.143;U10.143;U11.143;U13.143;U14.143;U15.143;U16.143;W1.143;U49.144;U7.148;W1.151;U29.152;U32.152;U16.155;U8.159;U15.163;U16.173;U2.181;U11.182;U2.183;U15.186;U25.186;U29.186;W1.189;U24.191;U5.194;U17.204;W1.209;U5.213;U8.218;U6.234;U1.238;U37.239;U28.245;U7.246;U4.248;U13.248;U27.253;U24.254;U28.258;U9.260;U21.260;U29.261;U30.262;U27.266;U6.268;U18.270;U13.277;U2.279;U10.279;U13.284;U43.285;U1.291;U39.296;W1.298",TRUE,TRUE,"M2.1",TRUE,TRUE,0.0104711055755615,NA,NA,NA,NA,NA,NA,NA,NA,"M2.1",TRUE,TRUE,0.00466203689575195,NA,NA,NA,NA,NA,NA,NA,NA,"M2.1",TRUE,TRUE,0.0233769416809082,NA,NA,NA,NA,NA,NA,NA,NA
144,"model3",670,"medium",10,0.5,0.778090568026528,0.426255263807252,1,1,0,3,49,1,0.590034628954352,0.588352106497055,"M3",49,"U1.144;U2.144;U3.144;U4.144;U5.144;U6.144;U7.144;U8.144;U9.144;U10.144;U11.144;U12.144;U13.144;U14.144;U15.144;U16.144;U17.144;U18.144;U19.144;U20.144;U21.144;U22.144;U23.144;U24.144;U25.144;U26.144;U27.144;U28.144;U29.144;U30.144;U31.144;U32.144;U33.144;U34.144;U35.144;U36.144;U37.144;U38.144;U39.144;U40.144;U41.144;U42.144;U43.144;U44.144;U45.144;U46.144;U47.144;U48.144;U49.144",21,19,2,30,1,FALSE,TRUE,"U1.144;U2.144;U3.144;U5.144;U9.144;U10.144;U13.144;U19.144;U34.144;U36.144;U37.144;U41.144;U42.144;U44.144;U45.144;U46.144;U47.144;U48.144;U49.144;W1.144;U24.287",109,32,77,17,76,FALSE,TRUE,"U12.1;U11.2;U9.7;U3.15;U15.25;U28.25;U38.48;U17.49;U30.53;U11.54;U25.58;U47.59;U17.60;U17.62;U18.67;U16.73;U2.80;U4.80;U11.81;U12.82;U20.89;U12.93;U2.94;U10.94;U38.95;U31.97;U1.99;U10.99;U21.99;U1.100;U7.106;U40.106;U5.111;U28.111;U25.113;U19.116;U10.122;U6.126;U24.130;U40.142;U1.144;U2.144;U3.144;U5.144;U8.144;U9.144;U10.144;U12.144;U13.144;U14.144;U15.144;U16.144;U17.144;U18.144;U19.144;U20.144;U21.144;U25.144;U29.144;U30.144;U34.144;U36.144;U37.144;U39.144;U41.144;U42.144;U44.144;U45.144;U46.144;U47.144;U48.144;U49.144;W1.144;U11.145;U5.149;U2.150;U13.153;U4.159;U35.163;U28.167;U41.168;U12.185;U10.190;U12.197;U13.201;U7.204;U47.213;U5.222;U29.224;U31.224;U7.225;U24.226;U23.230;W1.232;U22.243;U3.249;U4.249;U22.254;U8.255;U26.260;U16.266;U18.277;U10.279;U6.282;U24.287;U8.289;U29.290;U18.293;U41.297",TRUE,TRUE,"M3",TRUE,TRUE,0.0119190216064453,NA,NA,NA,NA,NA,NA,NA,NA,"M3",TRUE,TRUE,0.0058598518371582,NA,NA,NA,NA,NA,NA,NA,NA,"M3",TRUE,TRUE,0.0280649662017822,NA,NA,NA,NA,NA,NA,NA,NA
145,"model4",670,"medium",10,0.48,0.660278782481328,0.478122128034011,1,1,0,3,19,1,0.376777066664491,0.415788268662441,"M4",19,"U1.145;U2.145;U3.145;U4.145;U5.145;U6.145;U7.145;U8.145;U9.145;U10.145;U11.145;U12.145;U13.145;U14.145;U15.145;U16.145;U17.145;U18.145;U19.145",16,13,3,6,2,FALSE,TRUE,"U15.49;U3.145;U5.145;U7.145;U8.145;U9.145;U10.145;U12.145;U13.145;U14.145;U15.145;U16.145;U18.145;U19.145;W1.145;U10.245",92,17,75,2,74,FALSE,TRUE,"U23.2;U10.3;U27.5;W1.8;U8.19;U5.21;U10.23;U11.23;U6.30;U10.31;U4.43;U15.49;U25.51;U10.52;U30.52;U1.55;U12.57;U15.59;U40.60;U18.61;U7.69;U1.70;U35.79;U16.87;U6.101;U12.102;U31.102;U36.104;U30.116;U20.118;U16.123;U9.127;U6.131;U27.134;U1.136;U1.140;U10.143;U2.145;U3.145;U4.145;U5.145;U6.145;U7.145;U8.145;U9.145;U10.145;U12.145;U13.145;U14.145;U15.145;U16.145;U17.145;U18.145;U19.145;W1.145;U22.150;U27.152;U35.156;U9.169;U3.172;U16.173;U5.184;U8.187;U12.187;U19.190;U12.191;U21.192;U23.204;U37.205;U23.206;U7.208;U3.212;U1.214;U19.216;U20.219;U25.232;U6.237;U10.245;U11.253;U4.256;U9.256;U25.260;U4.267;U20.273;U2.281;U17.289;U7.293;U12.294;U17.295;U34.296;U48.296;U7.299",TRUE,TRUE,"M4",TRUE,TRUE,0.0068361759185791,NA,NA,NA,NA,NA,NA,NA,NA,"M4",TRUE,TRUE,0.00768280029296875,NA,NA,NA,NA,NA,NA,NA,NA,"M4",TRUE,TRUE,0.0220649242401123,NA,NA,NA,NA,NA,NA,NA,NA
146,"model0",670,"large",10,0.36,1.43547120678704,0.71801003604196,1,1,0,3,16,1,0.2593696070254,0.38475159767987,"M0.1",16,"U1.146;U2.146;U3.146;U4.146;U5.146;U6.146;U7.146;U8.146;U9.146;U10.146;U11.146;U12.146;U13.146;U14.146;U15.146;U16.146",13,11,2,5,1,FALSE,TRUE,"U1.146;U2.146;U3.146;U4.146;U7.146;U9.146;U11.146;U12.146;U13.146;U14.146;U15.146;W1.146;U15.163",106,14,92,2,91,FALSE,TRUE,"U18.1;U20.5;U5.17;U18.17;U3.19;U16.19;W1.20;W1.29;U20.32;U1.38;U24.40;U34.47;U9.49;U3.50;U35.52;U14.54;U11.60;U44.62;U5.74;U19.85;U30.89;U36.89;U5.93;U15.93;U29.93;U15.101;U26.101;U20.103;U10.110;U29.111;U22.116;U13.123;U4.126;W1.126;U33.128;U14.131;U15.131;U16.132;U9.133;U10.133;U35.134;U23.144;U5.145;U1.146;U2.146;U3.146;U4.146;U5.146;U7.146;U9.146;U10.146;U11.146;U12.146;U13.146;U14.146;U15.146;U16.146;W1.146;U9.151;U15.152;U41.156;U7.159;U15.163;U31.164;U3.177;U9.177;U11.177;U37.185;U31.186;U45.194;U1.196;U6.197;U9.197;W1.201;U13.202;U23.204;U9.205;U31.206;U2.213;U6.219;U38.219;U22.221;U26.224;U7.225;U8.229;U2.236;U19.238;U27.238;U1.239;U36.239;U41.239;U12.242;U9.250;U22.250;U17.251;U5.252;U14.253;U15.253;W1.256;U1.257;U22.261;U1.279;U7.281;U19.285;U41.285;U27.289",TRUE,TRUE,"M0.1",TRUE,TRUE,0.00567984580993652,NA,NA,NA,NA,NA,NA,NA,NA,"M0.1",TRUE,TRUE,0.00493097305297852,NA,NA,NA,NA,NA,NA,NA,NA,"M0.1",TRUE,TRUE,0.024960994720459,NA,NA,NA,NA,NA,NA,NA,NA
147,"model1",670,"large",10,0.1,1.28830331657082,0.618159277131781,1,1,0,3,49,1,0.605716157407041,0.581295845320882,"M1.1",49,"U1.147;U2.147;U3.147;U4.147;U5.147;U6.147;U7.147;U8.147;U9.147;U10.147;U11.147;U12.147;U13.147;U14.147;U15.147;U16.147;U17.147;U18.147;U19.147;U20.147;U21.147;U22.147;U23.147;U24.147;U25.147;U26.147;U27.147;U28.147;U29.147;U30.147;U31.147;U32.147;U33.147;U34.147;U35.147;U36.147;U37.147;U38.147;U39.147;U40.147;U41.147;U42.147;U43.147;U44.147;U45.147;U46.147;U47.147;U48.147;U49.147",23,21,2,28,1,FALSE,TRUE,"U26.87;U3.147;U7.147;U11.147;U14.147;U15.147;U18.147;U19.147;U22.147;U23.147;U24.147;U25.147;U26.147;U27.147;U28.147;U30.147;U31.147;U32.147;U33.147;U45.147;U46.147;U47.147;W1.147",112,37,75,12,74,FALSE,TRUE,"U6.6;U8.6;U23.7;U16.8;U13.24;U14.26;U2.29;U36.33;W1.38;U5.46;U9.48;U10.54;U15.55;U17.59;W1.59;U6.60;U11.67;U17.70;U10.75;U19.79;U8.82;U26.87;U2.93;U5.93;U24.93;U19.97;U4.101;U26.103;U4.108;U28.116;U45.118;U45.128;U12.129;U35.133;U2.137;U2.139;U14.145;U2.147;U3.147;U4.147;U5.147;U6.147;U7.147;U9.147;U11.147;U14.147;U15.147;U16.147;U18.147;U19.147;U20.147;U22.147;U23.147;U24.147;U25.147;U26.147;U27.147;U28.147;U29.147;U30.147;U31.147;U32.147;U33.147;U34.147;U35.147;U36.147;U39.147;U41.147;U42.147;U44.147;U45.147;U46.147;U47.147;U49.147;W1.147;U10.151;U32.152;U12.164;U10.171;U40.171;U42.171;U18.176;U6.178;U36.183;U8.190;U33.191;U38.191;U15.197;U26.197;U1.199;U11.201;U10.204;U24.208;U4.214;U40.216;U21.226;U24.226;U43.226;U25.227;U12.232;U10.235;U6.237;U40.248;U14.251;U2.263;U15.264;U22.270;U18.281;U5.282;U13.284;U22.285;U11.297",TRUE,TRUE,"M1.1",TRUE,TRUE,0.0102078914642334,NA,NA,NA,NA,NA,NA,NA,NA,"M1.1",TRUE,TRUE,0.00785088539123535,NA,NA,NA,NA,NA,NA,NA,NA,"M1.1",TRUE,TRUE,0.033513069152832,NA,NA,NA,NA,NA,NA,NA,NA
148,"model2",670,"large",10,0.33,1.00795832427684,0.87504143663682,1,1,0,3,7,1,0.0694090382724677,0.22118130975189,"M2.1",7,"U1.148;U2.148;U3.148;U4.148;U5.148;U6.148;U7.148",8,7,1,0,0,FALSE,TRUE,"U1.148;U2.148;U3.148;U4.148;U5.148;U6.148;U7.148;W1.148",73,7,66,0,65,FALSE,TRUE,"U13.5;U13.6;U6.10;U11.10;U6.12;U38.21;U22.24;U1.33;U11.41;U14.48;U32.53;U7.61;U1.63;U15.69;U26.69;U12.71;U2.74;U13.85;U48.88;U3.99;U33.104;U5.106;U17.106;U25.116;U1.118;U26.133;U32.134;U11.135;U17.141;U1.148;U2.148;U3.148;U4.148;U5.148;U6.148;U7.148;W1.148;U34.149;U28.152;U14.160;U43.163;U4.164;U29.168;U18.172;U20.172;U31.172;W1.176;U9.183;U25.189;U26.197;U6.203;U12.207;U14.213;U28.216;U20.218;U31.218;U15.223;U42.223;U19.235;U4.236;W1.241;W1.249;U18.251;U1.256;U18.257;U27.261;W1.265;U21.266;U14.274;U31.275;U3.280;U4.287;U29.287",TRUE,TRUE,"M2.1",TRUE,TRUE,0.00514698028564453,NA,NA,NA,NA,NA,NA,NA,NA,"M2.1",TRUE,TRUE,0.00368189811706543,NA,NA,NA,NA,NA,NA,NA,NA,"M2.1",TRUE,TRUE,0.0226631164550781,NA,NA,NA,NA,NA,NA,NA,NA
149,"model3",670,"large",10,0.4,1.19420869159512,0.898567275726236,1,1,0,3,35,1,0.550594436496857,0.462045828010841,"M3",35,"U1.149;U2.149;U3.149;U4.149;U5.149;U6.149;U7.149;U8.149;U9.149;U10.149;U11.149;U12.149;U13.149;U14.149;U15.149;U16.149;U17.149;U18.149;U19.149;U20.149;U21.149;U22.149;U23.149;U24.149;U25.149;U26.149;U27.149;U28.149;U29.149;U30.149;U31.149;U32.149;U33.149;U34.149;U35.149",23,20,3,15,2,FALSE,TRUE,"U23.7;U3.149;U5.149;U6.149;U7.149;U8.149;U14.149;U16.149;U17.149;U20.149;U21.149;U23.149;U24.149;U25.149;U26.149;U27.149;U30.149;U31.149;U32.149;U34.149;U35.149;W1.149;U34.285",116,30,86,5,85,FALSE,TRUE,"U16.5;U23.7;U18.22;U27.24;U34.31;U4.32;U14.32;U9.34;U9.36;U37.47;U37.48;U11.50;U40.60;U14.65;U7.70;U15.71;U1.73;U27.73;U28.73;U29.79;U1.80;U25.88;U26.90;U37.90;U9.93;U10.96;U1.99;U22.104;U41.106;U11.113;U21.130;U15.131;U32.134;U16.136;U18.137;U1.138;U16.139;U30.147;W1.147;U2.149;U3.149;U5.149;U6.149;U7.149;U8.149;U9.149;U10.149;U12.149;U14.149;U15.149;U16.149;U17.149;U18.149;U19.149;U20.149;U21.149;U22.149;U23.149;U24.149;U25.149;U26.149;U27.149;U28.149;U29.149;U30.149;U31.149;U32.149;U34.149;U35.149;W1.149;U23.152;U6.161;U13.168;U24.170;U15.171;U34.171;U13.173;U3.174;U3.183;U5.186;U8.186;U14.188;U1.194;U3.194;U2.208;U17.208;U21.208;U3.213;U45.213;U8.223;U37.226;U25.229;U16.230;U16.232;U23.235;U18.242;U6.244;U18.245;U21.249;U17.251;U14.254;U32.257;U36.260;U20.262;U9.264;U25.264;U26.284;U34.285;U48.285;U13.290;U26.290;U15.295;U7.296;U2.298;U8.298;U8.299",TRUE,TRUE,"M3",TRUE,TRUE,0.00814509391784668,NA,NA,NA,NA,NA,NA,NA,NA,"M4",FALSE,FALSE,0.0105550289154053,NA,NA,NA,NA,NA,NA,NA,NA,"M4",FALSE,FALSE,0.0364298820495605,NA,NA,NA,NA,NA,NA,NA,NA
150,"model4",670,"large",10,0.3,1.31336488842499,0.695277463295497,1,1,0,3,31,1,0.39054642159489,0.385979879579757,"M4",31,"U1.150;U2.150;U3.150;U4.150;U5.150;U6.150;U7.150;U8.150;U9.150;U10.150;U11.150;U12.150;U13.150;U14.150;U15.150;U16.150;U17.150;U18.150;U19.150;U20.150;U21.150;U22.150;U23.150;U24.150;U25.150;U26.150;U27.150;U28.150;U29.150;U30.150;U31.150",14,12,2,19,1,FALSE,TRUE,"U45.98;U3.150;U4.150;U5.150;U7.150;U12.150;U15.150;U18.150;U23.150;U24.150;U27.150;U29.150;U31.150;W1.150",109,21,88,10,87,FALSE,TRUE,"U21.3;U11.7;U6.19;U2.25;U10.25;U19.32;U15.33;U44.33;U5.40;U11.41;U11.43;U1.59;U11.59;U13.73;U17.73;U24.73;W1.75;U25.76;U1.83;U32.88;U45.88;U29.93;U15.95;U29.98;U45.98;U3.100;U23.102;U32.102;U2.103;U24.106;U1.113;U36.113;U43.118;U3.129;W1.135;U12.137;U19.141;U6.144;U11.145;U23.149;U2.150;U3.150;U4.150;U5.150;U7.150;U8.150;U9.150;U12.150;U15.150;U16.150;U18.150;U19.150;U20.150;U21.150;U23.150;U24.150;U26.150;U27.150;U28.150;U29.150;U31.150;W1.150;U2.154;U36.156;U15.157;U39.163;U41.164;U1.167;U1.174;U21.180;U16.181;U26.186;U10.187;U22.190;U34.191;U7.193;U2.199;U7.199;U16.210;U30.213;U35.223;U3.225;U6.227;U13.230;U34.232;U37.232;U11.236;U37.238;U23.239;U3.244;U8.248;U27.249;U7.252;U3.256;U26.257;U38.258;U13.259;U36.260;U15.270;U9.280;U16.281;U20.281;U18.282;U19.282;U27.287;U18.289;U31.290;U10.291;U11.297",TRUE,TRUE,"M4",TRUE,TRUE,0.0106580257415771,NA,NA,NA,NA,NA,NA,NA,NA,"M1.2",FALSE,FALSE,0.00460505485534668,NA,NA,NA,NA,NA,NA,NA,NA,"M1.2",FALSE,FALSE,0.0309629440307617,NA,NA,NA,NA,NA,NA,NA,NA
151,"model0",670,"small",11,0.11,0.440292191691697,0.293645066441968,1,1,0,3,22,1,0.394352492568753,0.443141622924464,"M0.1",22,"U1.151;U2.151;U3.151;U4.151;U5.151;U6.151;U7.151;U8.151;U9.151;U10.151;U11.151;U12.151;U13.151;U14.151;U15.151;U16.151;U17.151;U18.151;U19.151;U20.151;U21.151;U22.151",15,14,1,8,0,FALSE,TRUE,"U1.151;U2.151;U5.151;U9.151;U10.151;U11.151;U12.151;U14.151;U15.151;U18.151;U19.151;U20.151;U21.151;U22.151;W1.151",95,19,76,3,75,FALSE,TRUE,"U27.2;U13.5;U25.8;U24.12;U5.25;U28.25;U14.39;U20.40;U12.44;U30.47;U35.48;U27.53;U29.57;U6.60;U2.61;U7.67;U30.67;U31.67;U29.69;U6.71;U29.73;U40.79;U13.81;U10.85;U10.88;U34.88;U11.91;U26.95;U4.111;U3.113;U10.113;U28.118;U13.119;U36.128;U10.129;U34.129;U23.133;U6.146;U8.149;U1.151;U2.151;U3.151;U4.151;U5.151;U7.151;U9.151;U10.151;U11.151;U12.151;U13.151;U14.151;U15.151;U16.151;U18.151;U19.151;U20.151;U21.151;U22.151;W1.151;U14.160;U40.163;U1.166;U11.173;U13.191;U8.192;U8.199;U6.201;U26.213;U1.217;U2.217;U17.219;U26.219;U31.221;U34.223;U20.226;U1.234;U8.234;U16.238;U16.245;U6.246;U48.248;U19.254;U31.254;U5.267;U12.270;U10.271;U13.278;U1.279;U2.284;U1.285;U8.287;U3.291;U30.292;U44.297;U8.299",TRUE,TRUE,"M0.1",TRUE,TRUE,0.00752592086791992,NA,NA,NA,NA,NA,NA,NA,NA,"M0.1",TRUE,TRUE,0.00828289985656738,NA,NA,NA,NA,NA,NA,NA,NA,"M0.1",TRUE,TRUE,0.0273802280426025,NA,NA,NA,NA,NA,NA,NA,NA
152,"model1",670,"small",11,0.4,0.230751172173768,0.165107974223793,1,1,0,3,45,1,0.642509269046221,0.579549643777353,"M1.1",45,"U1.152;U2.152;U3.152;U4.152;U5.152;U6.152;U7.152;U8.152;U9.152;U10.152;U11.152;U12.152;U13.152;U14.152;U15.152;U16.152;U17.152;U18.152;U19.152;U20.152;U21.152;U22.152;U23.152;U24.152;U25.152;U26.152;U27.152;U28.152;U29.152;U30.152;U31.152;U32.152;U33.152;U34.152;U35.152;U36.152;U37.152;U38.152;U39.152;U40.152;U41.152;U42.152;U43.152;U44.152;U45.152",22,21,1,24,0,FALSE,TRUE,"U3.152;U5.152;U7.152;U10.152;U16.152;U18.152;U19.152;U20.152;U23.152;U24.152;U25.152;U27.152;U29.152;U34.152;U35.152;U36.152;U37.152;U39.152;U40.152;U42.152;U44.152;W1.152",97,30,67,15,66,FALSE,TRUE,"U2.2;U10.8;U5.11;U14.50;U4.51;U18.57;U10.58;U22.58;U29.60;U21.73;U19.79;U31.79;U3.81;U13.88;U40.88;U21.92;U9.93;U14.93;U2.95;U10.96;U5.98;U27.111;U21.113;U1.114;U17.123;U30.128;U42.128;U29.133;U26.142;U8.143;U15.143;U40.144;U6.145;W1.145;U46.147;U1.152;U3.152;U5.152;U7.152;U8.152;U9.152;U10.152;U14.152;U16.152;U18.152;U19.152;U20.152;U23.152;U24.152;U25.152;U27.152;U28.152;U29.152;U30.152;U32.152;U34.152;U35.152;U36.152;U37.152;U39.152;U40.152;U41.152;U42.152;U44.152;U45.152;W1.152;U29.155;U32.163;U37.163;U33.164;U44.164;U40.168;U2.169;U18.178;U10.181;U12.181;U37.181;U27.185;U8.186;U11.187;U15.219;U5.223;W1.223;U3.236;U8.246;U4.251;U13.251;U33.258;U25.260;U9.263;U34.266;U4.275;U5.282;U26.285;U3.287;U37.287;U24.297",TRUE,TRUE,"M0.1",FALSE,FALSE,0.014686107635498,NA,NA,NA,NA,NA,NA,NA,NA,"M1.1",TRUE,TRUE,0.00578713417053223,NA,NA,NA,NA,NA,NA,NA,NA,"M0.1",FALSE,FALSE,0.030005931854248,NA,NA,NA,NA,NA,NA,NA,NA
153,"model2",670,"small",11,0.2,0.377024533040822,0.240651312656701,1,1,0,3,13,1,0.36252380311375,0.328262059510565,"M2.1",13,"U1.153;U2.153;U3.153;U4.153;U5.153;U6.153;U7.153;U8.153;U9.153;U10.153;U11.153;U12.153;U13.153",12,11,1,2,0,FALSE,TRUE,"U1.153;U2.153;U3.153;U4.153;U5.153;U7.153;U8.153;U9.153;U10.153;U11.153;U12.153;W1.153",87,12,75,1,74,FALSE,TRUE,"U11.3;U1.8;U25.10;U9.11;U5.14;U2.16;U13.25;U6.33;U15.33;U4.38;U10.41;U2.46;U16.46;U10.50;U24.50;U8.52;U31.53;U27.60;U23.61;U6.69;U8.69;U11.71;U46.79;U1.90;U27.98;U2.107;U2.110;U5.112;U34.113;U4.114;U27.130;U22.134;U18.137;U26.141;U9.147;U7.150;U37.152;U1.153;U2.153;U3.153;U4.153;U5.153;U6.153;U7.153;U8.153;U9.153;U10.153;U11.153;U12.153;W1.153;U19.156;U12.161;U37.168;U15.171;U11.172;U14.179;U24.179;U44.185;U36.190;U30.191;U11.194;U44.194;U5.206;U36.206;U20.208;U11.213;U37.219;U12.221;U3.241;U6.246;U13.258;U17.260;U2.267;U3.269;U6.273;U38.274;U13.275;U31.275;W1.280;U8.281;U2.283;U4.287;U6.287;U28.292;U10.293;U11.294;U7.295",TRUE,TRUE,"M1.1",FALSE,FALSE,0.00889706611633301,NA,NA,NA,NA,NA,NA,NA,NA,"M1.1",FALSE,FALSE,0.0138170719146729,NA,NA,NA,NA,NA,NA,NA,NA,"M1.1",FALSE,FALSE,0.0267369747161865,NA,NA,NA,NA,NA,NA,NA,NA
154,"model3",670,"small",11,0.38,0.294697618763894,0.135361312190071,1,1,0,3,16,1,0.367664225582261,0.37957601235262,"M3",16,"U1.154;U2.154;U3.154;U4.154;U5.154;U6.154;U7.154;U8.154;U9.154;U10.154;U11.154;U12.154;U13.154;U14.154;U15.154;U16.154",14,13,1,3,0,FALSE,TRUE,"U1.154;U3.154;U4.154;U5.154;U6.154;U8.154;U9.154;U10.154;U11.154;U12.154;U13.154;U14.154;U16.154;W1.154",95,16,79,0,78,FALSE,TRUE,"U1.10;U6.10;W1.18;U19.21;U5.30;U39.33;U8.36;U37.44;U2.46;U19.51;U7.53;U12.55;U18.55;U16.61;W1.61;U18.67;U1.68;U5.73;U8.76;U35.76;U41.76;U10.79;U4.85;U22.89;U9.93;U17.93;U25.95;U9.97;U25.97;U19.104;U11.106;U44.106;U11.113;U27.122;U7.132;U1.137;U7.138;U9.141;W1.141;U25.142;U2.149;U16.149;U8.150;U1.154;U2.154;U3.154;U4.154;U5.154;U6.154;U7.154;U8.154;U9.154;U10.154;U11.154;U12.154;U13.154;U14.154;U15.154;U16.154;W1.154;U14.155;U1.157;U1.163;U28.167;U4.168;U9.168;U40.172;U24.181;U4.192;U2.209;U2.213;U32.219;W1.220;U1.227;U6.235;U8.236;U1.239;U42.246;U9.254;U1.255;U3.255;U32.260;U28.261;U28.262;U5.272;U7.276;U2.277;U15.277;U7.281;U9.284;U27.284;U12.287;U32.289;U11.290;U21.293",TRUE,TRUE,"M3",TRUE,TRUE,0.00466299057006836,NA,NA,NA,NA,NA,NA,NA,NA,"M3",TRUE,TRUE,0.00425410270690918,NA,NA,NA,NA,NA,NA,NA,NA,"M3",TRUE,TRUE,0.0303289890289307,NA,NA,NA,NA,NA,NA,NA,NA
155,"model4",670,"small",11,0.01,0.289602877292782,0.285067494679242,1,1,0,3,29,9,0.495383274807468,0.517310464070721,"M4",29,"U1.155;U2.155;U3.155;U4.155;U5.155;U6.155;U7.155;U8.155;U9.155;U10.155;U11.155;U12.155;U13.155;U14.155;U15.155;U16.155;U17.155;U18.155;U19.155;U20.155;U21.155;U22.155;U23.155;U24.155;U25.155;U26.155;U27.155;U28.155;U29.155",19,18,1,11,0,FALSE,TRUE,"U1.155;U3.155;U4.155;U5.155;U6.155;U8.155;U10.155;U11.155;U12.155;U13.155;U16.155;U19.155;U20.155;U22.155;U23.155;U24.155;U25.155;U28.155;W1.155",109,25,84,4,83,FALSE,TRUE,"U17.1;U14.2;U5.5;U15.6;U14.10;U9.11;U14.23;U8.30;U10.31;U7.34;U14.40;U37.47;U20.54;U3.58;U43.59;U21.61;U6.63;U18.68;U17.70;U20.73;U8.79;U2.80;W1.80;U4.87;U27.88;U24.90;U17.98;U6.102;U17.103;U15.112;W1.113;U22.122;U44.128;U19.133;U4.136;U12.136;U18.136;U3.140;U28.142;U9.147;U12.154;U1.155;U2.155;U3.155;U4.155;U5.155;U6.155;U8.155;U9.155;U10.155;U11.155;U12.155;U13.155;U16.155;U17.155;U18.155;U19.155;U20.155;U21.155;U22.155;U23.155;U24.155;U25.155;U26.155;U27.155;U28.155;W1.155;U11.156;U11.160;U44.163;U23.164;U43.164;U47.164;W1.170;U28.171;U42.171;U8.178;U3.181;U3.186;U20.186;U14.190;U45.191;U8.197;U4.205;U9.205;U17.206;U23.208;U15.214;U19.218;U5.221;U9.232;U13.232;U27.238;U31.238;U3.239;U18.245;U2.250;W1.256;U7.257;U12.257;U35.257;U15.261;W1.267;U22.273;U31.281;U23.288;U17.290;U8.291;U9.294",TRUE,TRUE,"Other",FALSE,FALSE,0.00650787353515625,NA,NA,NA,NA,NA,NA,NA,NA,"Other",FALSE,FALSE,0.00483894348144531,NA,NA,NA,NA,NA,NA,NA,NA,"Other",FALSE,FALSE,0.0314090251922607,NA,NA,NA,NA,NA,NA,NA,NA
156,"model0",670,"medium",11,0.01,0.55313699808903,0.327099993173033,1,1,0,3,44,2,0.644850535457687,0.579114111750683,"M0.1",44,"U1.156;U2.156;U3.156;U4.156;U5.156;U6.156;U7.156;U8.156;U9.156;U10.156;U11.156;U12.156;U13.156;U14.156;U15.156;U16.156;U17.156;U18.156;U19.156;U20.156;U21.156;U22.156;U23.156;U24.156;U25.156;U26.156;U27.156;U28.156;U29.156;U30.156;U31.156;U32.156;U33.156;U34.156;U35.156;U36.156;U37.156;U38.156;U39.156;U40.156;U41.156;U42.156;U43.156;U44.156",21,18,3,26,2,FALSE,TRUE,"U1.156;U3.156;U4.156;U5.156;U6.156;U10.156;U12.156;U18.156;U20.156;U21.156;U26.156;U29.156;U30.156;U35.156;U37.156;U40.156;U41.156;U43.156;W1.156;U4.256;U18.263",134,32,102,12,101,FALSE,TRUE,"U30.5;U24.8;U24.12;U8.16;U23.19;U14.24;U1.28;U2.28;U7.28;U6.33;U30.33;U2.41;U10.44;U14.44;U25.44;U5.48;U5.50;U18.57;U1.59;U18.65;U28.67;U4.69;U33.69;U6.76;U25.87;U31.95;U26.101;U5.106;U38.106;W1.108;U12.116;U30.118;U2.120;U9.125;U12.130;U25.130;U26.130;U18.132;U6.135;U5.144;U9.151;U1.156;U3.156;U4.156;U5.156;U6.156;U8.156;U10.156;U11.156;U12.156;U18.156;U20.156;U21.156;U22.156;U23.156;U24.156;U25.156;U26.156;U27.156;U28.156;U29.156;U30.156;U31.156;U32.156;U33.156;U35.156;U37.156;U38.156;U40.156;U41.156;U42.156;U43.156;U44.156;W1.156;U14.157;U8.163;U45.164;U28.168;U39.168;U6.169;U2.174;W1.174;U19.180;U15.181;U35.183;U15.185;U27.185;U4.186;U35.190;U36.190;U20.192;U1.197;U11.201;U4.202;U7.202;U33.205;U7.210;U5.213;U50.213;U17.216;U32.216;U19.219;U30.221;U2.222;U9.224;U9.225;W1.228;U2.229;U3.229;U9.231;U3.235;U6.243;U3.247;U30.250;U31.250;U28.254;U13.255;U4.256;U16.257;U33.257;U16.258;U37.262;U18.263;U14.264;U9.266;U15.266;U38.274;U29.285;U7.287;U29.289;U13.290;U3.294;U4.294;U3.295",TRUE,TRUE,"M0.1",TRUE,TRUE,0.00949907302856445,NA,NA,NA,NA,NA,NA,NA,NA,"Other",FALSE,FALSE,0.00517582893371582,NA,NA,NA,NA,NA,NA,NA,NA,"M0.1",TRUE,TRUE,0.0352280139923096,NA,NA,NA,NA,NA,NA,NA,NA
157,"model1",670,"medium",11,0.31,0.664951983373612,0.403579585440457,1,1,0,3,16,1,0.34108563996327,0.470530275503457,"M1.1",16,"U1.157;U2.157;U3.157;U4.157;U5.157;U6.157;U7.157;U8.157;U9.157;U10.157;U11.157;U12.157;U13.157;U14.157;U15.157;U16.157",15,12,3,4,2,FALSE,TRUE,"U17.89;U1.157;U2.157;U4.157;U5.157;U6.157;U7.157;U9.157;U11.157;U12.157;U14.157;U15.157;U16.157;W1.157;U21.193",84,14,70,2,69,FALSE,TRUE,"U22.5;U23.7;U33.8;U30.10;U31.10;U23.12;U21.17;U22.31;U1.38;U25.44;U5.46;U8.48;U11.51;U25.57;U31.59;U3.62;U33.62;U35.62;U10.64;U28.69;U26.71;U24.73;U8.75;U46.76;U9.88;U17.89;U1.125;W1.127;U18.133;U32.134;U15.141;U42.142;U3.147;U31.147;U1.157;U2.157;U4.157;U5.157;U6.157;U7.157;U8.157;U9.157;U11.157;U12.157;U13.157;U14.157;U15.157;U16.157;W1.157;U39.168;U34.172;U35.172;U24.181;U19.185;U25.188;U14.189;U21.193;U8.200;U17.200;U32.213;U4.216;U23.216;U4.222;U29.230;U10.236;U18.238;U10.240;U13.240;U8.243;U29.248;U1.253;U4.253;U4.260;U10.260;U31.260;U33.262;U33.266;U2.280;U10.285;U37.285;U6.292;U29.292;U10.296;U32.296",TRUE,TRUE,"M1.1",TRUE,TRUE,0.00443506240844727,NA,NA,NA,NA,NA,NA,NA,NA,"M1.1",TRUE,TRUE,0.00470304489135742,NA,NA,NA,NA,NA,NA,NA,NA,"M1.1",TRUE,TRUE,0.0163810253143311,NA,NA,NA,NA,NA,NA,NA,NA
158,"model2",670,"medium",11,0.36,0.933792012394406,0.469377019582316,1,1,0,3,8,1,0.241040475403241,0.196427257783983,"M2.1",8,"U1.158;U2.158;U3.158;U4.158;U5.158;U6.158;U7.158;U8.158",9,7,2,1,1,FALSE,TRUE,"U3.52;U2.158;U3.158;U4.158;U5.158;U6.158;U7.158;U8.158;W1.158",70,7,63,1,62,FALSE,TRUE,"U34.10;U20.14;U19.22;U4.23;U13.24;U4.39;U8.44;U35.50;U3.52;U5.53;U4.54;U9.55;U6.62;U15.65;U18.69;U30.69;U10.72;U15.87;U42.88;W1.89;U2.93;U22.95;U47.104;U7.109;U4.118;U14.120;U28.122;U2.144;U23.147;U33.149;U2.152;U12.154;U2.158;U3.158;U4.158;U5.158;U6.158;U7.158;U8.158;W1.158;U5.159;U19.180;U5.195;U3.197;U28.205;U35.205;U3.208;U3.214;U30.216;U8.218;U11.219;U8.231;U19.236;U8.246;U9.246;U36.248;U28.250;U11.253;U6.254;U28.260;U37.260;U15.261;U19.264;U2.271;U20.280;U14.281;U17.282;U27.284;U20.285;U5.298",TRUE,TRUE,"M2.1",TRUE,TRUE,0.00408101081848145,NA,NA,NA,NA,NA,NA,NA,NA,"M2.1",TRUE,TRUE,0.0118701457977295,NA,NA,NA,NA,NA,NA,NA,NA,"M2.1",TRUE,TRUE,0.0480990409851074,NA,NA,NA,NA,NA,NA,NA,NA
159,"model3",670,"medium",11,0.14,0.993157728924416,0.455220061494037,1,1,0,3,9,1,0.201518928256234,0.153821771714872,"M3",9,"U1.159;U2.159;U3.159;U4.159;U5.159;U6.159;U7.159;U8.159;U9.159",6,5,1,4,0,FALSE,TRUE,"U1.159;U2.159;U7.159;U8.159;U9.159;W1.159",115,7,108,2,107,FALSE,TRUE,"U2.8;U17.10;U19.21;U15.23;U6.25;U3.26;U7.31;U29.31;U29.33;W1.33;U39.44;U5.51;U7.52;U12.52;U32.52;U5.54;U11.55;U25.62;U27.71;U32.73;U10.76;U12.76;U4.82;U17.85;U26.88;U34.88;U21.90;U1.92;U23.92;U8.93;U20.93;U1.94;U11.95;U42.98;U19.102;U5.110;U4.118;U8.118;U35.118;U26.120;U33.122;W1.125;U31.133;U18.135;U4.137;U20.147;U5.148;U25.149;U35.152;U12.154;U1.159;U2.159;U4.159;U5.159;U7.159;U8.159;U9.159;W1.159;U10.163;U49.164;U3.165;U5.168;U5.170;U1.174;U19.174;U10.176;U27.180;U2.183;U22.186;U11.188;U26.188;U16.191;U23.194;U22.197;U1.200;U3.201;U21.201;U9.204;U2.205;U48.206;U8.207;U8.210;U14.213;U4.214;U15.219;U6.221;U33.224;U1.226;U40.226;U16.229;U8.230;U29.230;U2.239;U13.240;U15.242;U5.247;U17.249;U22.249;U11.257;U14.258;U35.259;U20.260;U16.262;U5.263;U24.264;U3.266;U2.274;U7.280;U12.280;U4.282;U25.284;U8.287;U6.290;U8.296;U5.298",TRUE,TRUE,"M3",TRUE,TRUE,0.00458407402038574,NA,NA,NA,NA,NA,NA,NA,NA,"M3",TRUE,TRUE,0.00505399703979492,NA,NA,NA,NA,NA,NA,NA,NA,"M3",TRUE,TRUE,0.0255570411682129,NA,NA,NA,NA,NA,NA,NA,NA
160,"model4",670,"medium",11,0.05,0.525684061227366,0.416760007711127,1,1,0,3,16,1,0.402021729119347,0.308514990234657,"M4",16,"U1.160;U2.160;U3.160;U4.160;U5.160;U6.160;U7.160;U8.160;U9.160;U10.160;U11.160;U12.160;U13.160;U14.160;U15.160;U16.160",14,12,2,4,1,FALSE,TRUE,"U3.86;U1.160;U2.160;U3.160;U4.160;U7.160;U8.160;U9.160;U10.160;U12.160;U13.160;U14.160;U16.160;W1.160",106,15,91,1,90,FALSE,TRUE,"U1.2;U1.5;U7.6;U26.10;U4.17;W1.22;U6.23;U7.28;U12.28;U2.30;U5.34;U9.34;U12.36;U34.61;U4.62;U2.78;U34.79;W1.85;U3.86;U3.87;U33.87;U45.98;U2.103;U4.106;U28.106;U8.110;U18.111;U11.112;W1.115;U5.119;U25.120;U26.120;U36.122;U1.130;U11.134;U31.134;U35.134;U13.140;U37.147;U2.149;U17.150;U1.160;U2.160;U3.160;U4.160;U5.160;U6.160;U7.160;U8.160;U9.160;U10.160;U12.160;U13.160;U14.160;U15.160;U16.160;W1.160;U9.164;U26.164;U1.167;U25.168;U33.172;U12.175;U6.176;U9.177;U13.181;U33.181;U7.182;U21.182;U11.184;U23.186;U17.189;U18.189;U30.194;U22.202;U14.204;U16.205;U19.205;U2.208;U18.213;U3.214;U13.214;U20.214;U11.216;U22.216;U26.216;U6.219;U16.223;U16.224;U5.231;U16.232;U17.236;U15.242;U33.243;U19.257;U15.258;U11.264;U6.266;U18.277;U6.285;U10.285;U15.285;U10.286;U26.288;U11.291;U39.296",TRUE,TRUE,"M4",TRUE,TRUE,0.00725913047790527,NA,NA,NA,NA,NA,NA,NA,NA,"M4",TRUE,TRUE,0.0050361156463623,NA,NA,NA,NA,NA,NA,NA,NA,"Other",FALSE,FALSE,0.034675121307373,NA,NA,NA,NA,NA,NA,NA,NA
161,"model0",670,"large",11,0.03,1.24790407915134,0.734705809387378,1,1,0,3,21,1,0.455100754762689,0.431659535904814,"M0.1",21,"U1.161;U2.161;U3.161;U4.161;U5.161;U6.161;U7.161;U8.161;U9.161;U10.161;U11.161;U12.161;U13.161;U14.161;U15.161;U16.161;U17.161;U18.161;U19.161;U20.161;U21.161",15,15,0,6,0,FALSE,FALSE,"U1.161;U2.161;U3.161;U4.161;U8.161;U9.161;U10.161;U11.161;U12.161;U13.161;U14.161;U15.161;U17.161;U19.161;U21.161",107,17,90,4,90,FALSE,FALSE,"U20.2;U9.3;U3.4;U4.6;U7.7;U18.7;U11.17;U6.31;U5.39;U17.39;U4.40;U19.47;U34.48;U20.51;U19.52;U25.53;U16.57;U1.58;U9.63;U2.65;U27.79;U21.85;U7.88;U15.89;U35.90;U13.92;U3.95;U20.95;U38.95;U5.99;U4.100;U24.103;U3.111;U19.111;U18.119;U14.120;U24.120;U15.123;U10.125;U7.127;U32.129;U10.131;U18.131;U25.133;U6.135;U21.141;U27.142;U7.145;U29.152;U44.152;U10.153;U1.161;U2.161;U3.161;U4.161;U5.161;U7.161;U8.161;U9.161;U10.161;U11.161;U12.161;U13.161;U14.161;U15.161;U17.161;U19.161;U21.161;U8.164;U5.178;U2.179;U13.182;U12.183;U37.183;U38.185;U4.189;U3.191;U8.191;U23.191;U43.191;U11.193;U5.195;U22.197;U23.202;W1.210;U13.213;U50.213;U6.218;U18.223;U19.223;U20.226;U18.232;U3.234;U29.239;U30.240;U2.241;U4.255;U3.256;U35.258;U35.262;U34.266;U23.274;U37.274;U46.274;U2.278;U13.281;U8.297",TRUE,TRUE,"M0.1",TRUE,TRUE,0.00938892364501953,NA,NA,NA,NA,NA,NA,NA,NA,"M0.1",TRUE,TRUE,0.00629997253417969,NA,NA,NA,NA,NA,NA,NA,NA,"M0.1",TRUE,TRUE,0.0225307941436768,NA,NA,NA,NA,NA,NA,NA,NA
162,"model1",670,"large",11,0.05,1.41866406414192,0.780401540570892,1,1,0,3,2,1,0.122297522004692,0.162002949029028,"M1.1",2,"U1.162;U2.162",3,2,1,0,0,FALSE,TRUE,"U1.162;U2.162;W1.162",77,2,75,0,74,FALSE,TRUE,"U5.8;U25.8;U17.9;U9.14;U3.28;U16.28;U39.31;U6.33;U14.33;U8.46;U1.47;U16.48;U22.48;U24.50;U34.60;U19.69;U48.76;U7.82;U27.88;U24.93;U1.95;U21.97;W1.100;U47.104;U7.106;U19.106;U30.120;U40.122;U1.123;U2.127;U35.129;U13.134;U6.140;U21.142;U8.145;U29.147;U26.149;U38.156;U6.158;U1.162;U2.162;W1.162;U5.167;U6.167;W1.167;U5.168;U19.168;U6.170;U12.170;U28.183;U5.185;U38.188;U39.188;U42.191;U6.194;U37.194;U17.197;U5.198;U18.216;U26.216;U3.219;U5.219;U11.226;W1.238;U15.242;W1.246;U5.248;U46.248;U7.249;U22.262;U25.273;U1.275;U18.275;U5.282;U30.290;U39.296;U13.297",TRUE,TRUE,"M1.1",TRUE,TRUE,0.00251221656799316,NA,NA,NA,NA,NA,NA,NA,NA,"M1.1",TRUE,TRUE,0.00242400169372559,NA,NA,NA,NA,NA,NA,NA,NA,"M1.1",TRUE,TRUE,0.0138661861419678,NA,NA,NA,NA,NA,NA,NA,NA
163,"model2",670,"large",11,0.02,1.24578156415373,0.634914795402437,1,1,0,3,45,3,0.642676665887595,0.648923398523049,"M2.1",45,"U1.163;U2.163;U3.163;U4.163;U5.163;U6.163;U7.163;U8.163;U9.163;U10.163;U11.163;U12.163;U13.163;U14.163;U15.163;U16.163;U17.163;U18.163;U19.163;U20.163;U21.163;U22.163;U23.163;U24.163;U25.163;U26.163;U27.163;U28.163;U29.163;U30.163;U31.163;U32.163;U33.163;U34.163;U35.163;U36.163;U37.163;U38.163;U39.163;U40.163;U41.163;U42.163;U43.163;U44.163;U45.163",24,22,2,23,1,FALSE,TRUE,"U3.163;U4.163;U7.163;U12.163;U14.163;U17.163;U19.163;U22.163;U23.163;U26.163;U27.163;U28.163;U29.163;U31.163;U34.163;U35.163;U38.163;U40.163;U41.163;U43.163;U44.163;U45.163;W1.163;U4.282",112,37,75,8,74,FALSE,TRUE,"U15.2;U11.3;U2.4;U17.19;U20.23;U10.24;U9.25;U1.31;U15.31;U1.35;U1.39;U20.49;U3.57;U8.64;U6.67;U33.69;U17.70;U12.76;U13.79;U34.79;U19.93;U9.101;U14.104;U6.106;U18.110;U33.110;U38.118;U14.128;U18.130;U15.134;U4.136;U8.142;U27.144;U49.144;U19.149;U34.149;U32.152;U1.163;U2.163;U3.163;U4.163;U5.163;U7.163;U8.163;U9.163;U12.163;U13.163;U14.163;U15.163;U16.163;U17.163;U19.163;U22.163;U23.163;U24.163;U25.163;U26.163;U27.163;U28.163;U29.163;U30.163;U31.163;U32.163;U34.163;U35.163;U36.163;U37.163;U38.163;U39.163;U40.163;U41.163;U43.163;U44.163;U45.163;W1.163;U1.170;U2.183;U34.186;U18.188;U9.189;U7.193;U35.206;U29.221;U35.221;U26.223;U17.227;U26.229;U31.229;U9.231;U3.235;W1.237;U37.238;U26.245;U3.248;U4.248;U21.249;U9.257;U11.264;U29.266;U11.273;U35.273;U15.277;U22.280;U16.281;U4.282;U17.284;U18.293;U38.293;U3.294;U15.295;U21.296;U36.296",TRUE,TRUE,"Other",FALSE,FALSE,0.0133330821990967,NA,NA,NA,NA,NA,NA,NA,NA,"M1.1",FALSE,FALSE,0.00730705261230469,NA,NA,NA,NA,NA,NA,NA,NA,"Other",FALSE,FALSE,0.0339248180389404,NA,NA,NA,NA,NA,NA,NA,NA
164,"model3",670,"large",11,0.31,1.44188763829879,0.689076167880557,1,1,0,3,50,1,0.497422197581733,0.521672451986378,"M3",50,"U1.164;U2.164;U3.164;U4.164;U5.164;U6.164;U7.164;U8.164;U9.164;U10.164;U11.164;U12.164;U13.164;U14.164;U15.164;U16.164;U17.164;U18.164;U19.164;U20.164;U21.164;U22.164;U23.164;U24.164;U25.164;U26.164;U27.164;U28.164;U29.164;U30.164;U31.164;U32.164;U33.164;U34.164;U35.164;U36.164;U37.164;U38.164;U39.164;U40.164;U41.164;U42.164;U43.164;U44.164;U45.164;U46.164;U47.164;U48.164;U49.164;U50.164",16,15,1,35,1,FALSE,FALSE,"U3.164;U6.164;U7.164;U10.164;U14.164;U15.164;U16.164;U19.164;U26.164;U27.164;U33.164;U34.164;U40.164;U47.164;U49.164;W1.239",112,36,76,14,76,FALSE,FALSE,"U10.9;W1.9;U6.10;U4.24;U7.26;U19.31;U3.32;U24.33;U8.34;U31.39;U26.58;U16.61;U5.66;U1.67;U7.67;U2.86;U17.87;U8.91;U19.97;U4.100;U8.110;U7.111;U2.114;U3.126;U35.128;U6.134;U14.136;U17.142;U35.142;U39.142;U9.143;W1.144;U14.146;U2.150;U14.152;U9.160;U3.164;U4.164;U6.164;U7.164;U8.164;U10.164;U11.164;U14.164;U15.164;U16.164;U19.164;U20.164;U21.164;U22.164;U24.164;U25.164;U26.164;U27.164;U28.164;U29.164;U30.164;U31.164;U33.164;U34.164;U35.164;U36.164;U37.164;U39.164;U40.164;U42.164;U43.164;U44.164;U46.164;U47.164;U49.164;U50.164;U24.168;U2.172;U4.179;U18.180;U25.180;U32.180;U26.183;U36.183;U4.185;U27.185;U7.186;U14.188;U31.189;U7.191;U2.193;U12.194;U7.199;U15.200;U8.207;U11.210;U22.213;U25.223;U5.225;U21.229;U11.232;U31.239;U44.239;W1.239;U10.240;U2.246;U48.248;U35.257;U28.262;U26.266;U7.276;U1.282;U6.282;U22.284;U7.292;U25.292",TRUE,TRUE,"M3",TRUE,TRUE,0.119282960891724,NA,NA,NA,NA,NA,NA,NA,NA,"M4",FALSE,FALSE,0.00485587120056152,NA,NA,NA,NA,NA,NA,NA,NA,"M3",TRUE,TRUE,0.030872106552124,NA,NA,NA,NA,NA,NA,NA,NA
165,"model4",670,"large",11,0.07,1.24873782705981,0.950263170176186,1,1,0,3,3,1,0.0880994083511796,0.0686518485718634,"M4",3,"U1.165;U2.165;U3.165",5,3,2,0,1,FALSE,TRUE,"W1.149;U1.165;U2.165;U3.165;W1.165",76,3,73,0,72,FALSE,TRUE,"U17.1;U27.5;U11.9;U1.10;U17.12;U16.19;U27.21;U19.24;U26.40;U10.58;U24.58;U13.72;U3.73;U19.75;U3.87;U9.93;U3.97;U18.106;U29.106;U41.106;U35.113;W1.114;U15.118;U20.119;U22.120;U30.120;U1.122;U4.131;U8.131;U9.132;U23.133;U30.134;U7.149;W1.149;U9.153;U10.153;U6.154;U44.164;U1.165;U2.165;U3.165;W1.165;U24.167;U17.168;U33.172;U7.175;U25.179;U28.183;U12.184;U1.191;U32.194;U36.194;U47.194;U26.206;U49.206;U7.207;U2.214;U6.220;U4.221;U14.229;U18.235;U11.239;U6.243;U3.244;U27.246;U29.246;U5.252;U14.253;U5.262;U28.262;U9.267;U17.273;U3.279;W1.290;U8.291;U7.298",TRUE,TRUE,"M1.2",FALSE,FALSE,0.00421619415283203,NA,NA,NA,NA,NA,NA,NA,NA,"M1.2",FALSE,FALSE,0.00386285781860352,NA,NA,NA,NA,NA,NA,NA,NA,"M1.2",FALSE,FALSE,0.0173499584197998,NA,NA,NA,NA,NA,NA,NA,NA
166,"model0",670,"small",12,0.15,0.279934344999492,0.136787240952253,1,1,0,3,11,1,0.239274691827376,0.380237757673192,"M0.1",11,"U1.166;U2.166;U3.166;U4.166;U5.166;U6.166;U7.166;U8.166;U9.166;U10.166;U11.166",8,7,1,4,0,FALSE,TRUE,"U1.166;U2.166;U4.166;U7.166;U8.166;U9.166;U10.166;W1.166",95,8,87,3,86,FALSE,TRUE,"U4.5;U18.5;U26.10;U8.12;U2.16;U1.17;U23.17;U14.21;U18.23;U3.26;U6.28;U13.28;U39.33;U10.63;U10.64;U9.65;U33.69;U8.72;U4.74;U11.76;U20.79;U35.79;U9.85;U22.85;U37.89;U2.91;U9.94;U2.97;U30.97;U10.99;U19.99;U27.99;U1.101;U10.118;U26.120;U7.121;U14.128;U13.130;U20.130;U19.131;U15.134;U20.142;U26.156;U1.164;U1.166;U2.166;U4.166;U6.166;U7.166;U8.166;U9.166;U10.166;W1.166;U14.171;U16.171;U18.173;U39.173;U11.179;U1.181;U27.189;U1.192;U10.193;U2.203;U20.206;U5.207;U33.213;U44.216;U1.218;U40.219;U21.224;U27.230;U29.230;U3.232;U33.238;U6.242;U10.243;U23.243;U29.243;U2.244;U28.246;U6.247;U14.251;U8.252;U4.257;U25.257;U37.257;U21.263;W1.266;U37.274;U11.278;U25.280;U11.285;U2.287;U27.288;U20.292",TRUE,TRUE,"M0.1",TRUE,TRUE,0.00619912147521973,NA,NA,NA,NA,NA,NA,NA,NA,"M0.1",TRUE,TRUE,0.00420594215393066,NA,NA,NA,NA,NA,NA,NA,NA,"Other",FALSE,FALSE,0.0205821990966797,NA,NA,NA,NA,NA,NA,NA,NA
167,"model1",670,"small",12,0.05,0.435448567289859,0.2947658685036,1,1,0,3,28,3,0.567095002862707,0.49608687800927,"M1.1",28,"U1.167;U2.167;U3.167;U4.167;U5.167;U6.167;U7.167;U8.167;U9.167;U10.167;U11.167;U12.167;U13.167;U14.167;U15.167;U16.167;U17.167;U18.167;U19.167;U20.167;U21.167;U22.167;U23.167;U24.167;U25.167;U26.167;U27.167;U28.167",21,20,1,8,0,FALSE,TRUE,"U2.167;U3.167;U4.167;U6.167;U7.167;U8.167;U9.167;U11.167;U12.167;U13.167;U14.167;U15.167;U16.167;U18.167;U19.167;U20.167;U22.167;U23.167;U24.167;U27.167;W1.167",96,24,72,4,71,FALSE,TRUE,"U15.1;U19.2;U5.9;U26.12;U5.14;U2.42;U27.44;U4.52;U20.57;U21.57;U25.58;U16.59;U9.63;U13.68;U2.71;U28.71;U7.72;U15.75;U47.76;U1.80;U20.81;U11.82;U12.95;U22.95;U4.101;W1.104;U2.105;U41.106;U1.108;U26.110;U38.118;U17.119;U19.129;U18.132;U3.133;U29.133;U24.134;U13.137;U18.141;U16.151;U19.156;U7.160;U12.164;U1.167;U2.167;U3.167;U4.167;U6.167;U7.167;U8.167;U9.167;U10.167;U11.167;U12.167;U13.167;U14.167;U15.167;U16.167;U18.167;U19.167;U20.167;U22.167;U23.167;U24.167;U25.167;U26.167;U27.167;W1.167;U18.170;U3.182;U2.184;U1.186;U17.188;U27.190;U16.208;U22.219;U20.226;U20.227;U27.239;U17.246;U7.248;U13.248;U7.250;U38.262;U23.266;U45.274;U1.281;U22.282;U28.284;U4.285;U32.285;U18.287;U27.287;U35.287;U34.288;U14.289",TRUE,TRUE,"M1.1",TRUE,TRUE,0.0102570056915283,NA,NA,NA,NA,NA,NA,NA,NA,"M1.1",TRUE,TRUE,0.00635719299316406,NA,NA,NA,NA,NA,NA,NA,NA,"M1.1",TRUE,TRUE,0.019359827041626,NA,NA,NA,NA,NA,NA,NA,NA
168,"model2",670,"small",12,0.45,0.278156549856067,0.289010972063988,1,1,0,3,44,1,0.611735773758488,0.603605183124257,"M2.1",44,"U1.168;U2.168;U3.168;U4.168;U5.168;U6.168;U7.168;U8.168;U9.168;U10.168;U11.168;U12.168;U13.168;U14.168;U15.168;U16.168;U17.168;U18.168;U19.168;U20.168;U21.168;U22.168;U23.168;U24.168;U25.168;U26.168;U27.168;U28.168;U29.168;U30.168;U31.168;U32.168;U33.168;U34.168;U35.168;U36.168;U37.168;U38.168;U39.168;U40.168;U41.168;U42.168;U43.168;U44.168",21,20,1,24,0,FALSE,TRUE,"U1.168;U2.168;U7.168;U9.168;U10.168;U15.168;U19.168;U21.168;U22.168;U23.168;U28.168;U29.168;U30.168;U31.168;U34.168;U37.168;U38.168;U39.168;U43.168;U44.168;W1.168",114,35,79,9,78,FALSE,TRUE,"U9.5;U7.23;U12.31;U14.32;U1.34;U33.48;U19.49;U12.54;W1.56;U43.59;U24.62;U8.64;U11.64;U28.67;U2.69;W1.70;U46.79;U40.89;U13.94;U8.96;U26.98;U35.98;U11.102;U26.103;U23.111;U13.122;U18.123;U18.129;U9.134;U19.136;U14.141;U36.147;U32.149;U12.151;U16.155;U21.155;U10.157;U7.164;U1.168;U2.168;U4.168;U6.168;U7.168;U8.168;U9.168;U10.168;U11.168;U13.168;U15.168;U16.168;U17.168;U18.168;U19.168;U20.168;U21.168;U22.168;U23.168;U24.168;U26.168;U28.168;U29.168;U30.168;U31.168;U33.168;U34.168;U36.168;U37.168;U38.168;U39.168;U40.168;U42.168;U43.168;U44.168;W1.168;U36.185;U31.189;U13.194;U46.194;U33.204;U5.211;U6.211;U28.214;U34.219;U5.221;U33.221;U18.227;U13.230;U29.230;U11.235;U29.235;U9.238;U34.239;U18.242;U6.243;U8.249;U11.256;U1.260;U13.260;U31.260;U23.261;U20.262;U36.262;U17.273;U27.274;U21.285;U8.287;U33.288;U34.288;U12.290;U10.293;U44.293;U42.296;U33.297;U44.297",TRUE,TRUE,"M2.1",TRUE,TRUE,0.0107510089874268,NA,NA,NA,NA,NA,NA,NA,NA,"M2.1",TRUE,TRUE,0.00655007362365723,NA,NA,NA,NA,NA,NA,NA,NA,"M2.1",TRUE,TRUE,0.0248489379882812,NA,NA,NA,NA,NA,NA,NA,NA
169,"model3",670,"small",12,0.17,0.449359972029924,0.159993420308456,1,1,0,3,11,1,0.395673541010654,0.32976755874321,"M3",11,"U1.169;U2.169;U3.169;U4.169;U5.169;U6.169;U7.169;U8.169;U9.169;U10.169;U11.169",11,10,1,1,0,FALSE,TRUE,"U1.169;U2.169;U3.169;U4.169;U5.169;U6.169;U7.169;U8.169;U9.169;U11.169;W1.169",82,10,72,1,71,FALSE,TRUE,"U23.5;U34.5;U7.30;U15.33;U32.33;U41.33;U4.40;U6.40;U9.58;U13.59;U41.62;U42.62;U19.65;U12.69;U28.69;U6.71;U22.71;U36.79;U6.82;U16.82;U9.88;U23.89;U10.92;U10.95;U6.103;W1.108;U9.110;U34.110;U7.113;U31.120;U31.130;U1.131;U27.139;U4.142;U11.142;U25.152;U39.156;U4.158;U5.159;U1.161;U17.161;U35.168;U1.169;U2.169;U3.169;U4.169;U5.169;U6.169;U7.169;U8.169;U9.169;U11.169;W1.169;U40.172;U12.180;U13.183;U21.183;U22.188;U31.190;U1.194;U47.194;W1.198;U2.208;U11.222;U37.223;U27.226;U20.229;U1.230;U3.236;U29.239;U5.245;U2.247;U15.249;U6.256;U21.260;U8.261;U16.282;U4.286;U27.289;U28.290;U33.292;U12.297",TRUE,TRUE,"M3",TRUE,TRUE,0.00851297378540039,NA,NA,NA,NA,NA,NA,NA,NA,"M3",TRUE,TRUE,0.00518703460693359,NA,NA,NA,NA,NA,NA,NA,NA,"M3",TRUE,TRUE,0.0268921852111816,NA,NA,NA,NA,NA,NA,NA,NA
170,"model4",670,"small",12,0.12,0.405848236382008,0.250472861668095,1,1,0,3,24,1,0.474324937473707,0.469706873751055,"M4",24,"U1.170;U2.170;U3.170;U4.170;U5.170;U6.170;U7.170;U8.170;U9.170;U10.170;U11.170;U12.170;U13.170;U14.170;U15.170;U16.170;U17.170;U18.170;U19.170;U20.170;U21.170;U22.170;U23.170;U24.170",18,17,1,7,0,FALSE,TRUE,"U3.170;U4.170;U5.170;U7.170;U8.170;U10.170;U12.170;U13.170;U14.170;U15.170;U16.170;U18.170;U20.170;U21.170;U22.170;U23.170;U24.170;W1.170",97,21,76,3,75,FALSE,TRUE,"U33.5;U35.8;U18.10;U20.24;U15.40;U9.46;U14.46;U26.51;U12.57;U19.57;U9.58;U5.59;U24.60;U23.61;U11.63;U11.65;U40.76;U38.79;U39.79;U3.80;U12.87;U31.88;U6.89;U20.92;U46.106;U2.111;U9.113;U31.113;U22.116;U11.128;U42.128;U30.142;U40.147;U10.151;U25.155;U16.160;U6.167;U1.170;U3.170;U4.170;U5.170;U7.170;U8.170;U10.170;U11.170;U12.170;U13.170;U14.170;U15.170;U16.170;U17.170;U18.170;U19.170;U20.170;U21.170;U22.170;U23.170;U24.170;W1.170;U34.172;U6.174;U18.180;U18.182;U17.186;U7.187;U11.187;U30.189;U15.191;U25.191;U10.192;U10.194;U29.197;U13.201;U28.204;U12.207;U2.210;U1.211;U41.213;U21.227;U9.236;U24.240;U2.242;U16.245;W1.246;U27.248;U18.253;U9.255;U7.258;U12.260;U40.260;U3.268;U16.270;U34.274;U15.285;U26.289;U44.297;U9.300",TRUE,TRUE,"M4",TRUE,TRUE,0.00696706771850586,NA,NA,NA,NA,NA,NA,NA,NA,"M4",TRUE,TRUE,0.00645017623901367,NA,NA,NA,NA,NA,NA,NA,NA,"M1.2",FALSE,FALSE,0.0196139812469482,NA,NA,NA,NA,NA,NA,NA,NA
171,"model0",670,"medium",12,0.08,0.998270994168706,0.306111294869333,1,1,0,3,42,1,0.540545471662943,0.636612334826628,"M0.1",42,"U1.171;U2.171;U3.171;U4.171;U5.171;U6.171;U7.171;U8.171;U9.171;U10.171;U11.171;U12.171;U13.171;U14.171;U15.171;U16.171;U17.171;U18.171;U19.171;U20.171;U21.171;U22.171;U23.171;U24.171;U25.171;U26.171;U27.171;U28.171;U29.171;U30.171;U31.171;U32.171;U33.171;U34.171;U35.171;U36.171;U37.171;U38.171;U39.171;U40.171;U41.171;U42.171",21,19,2,23,1,FALSE,TRUE,"U12.44;U1.171;U4.171;U5.171;U6.171;U7.171;U8.171;U11.171;U14.171;U19.171;U22.171;U25.171;U27.171;U28.171;U30.171;U38.171;U39.171;U40.171;U41.171;U42.171;W1.171",97,32,65,10,64,FALSE,TRUE,"U16.5;U35.5;U18.7;W1.21;W1.22;U7.28;U6.31;U13.31;U24.33;U12.44;U2.47;U5.47;U15.48;U14.50;U26.54;W1.54;U7.55;U8.60;U42.60;U2.71;W1.74;U46.76;U11.79;U5.88;U4.90;U10.97;U40.104;U25.110;U22.111;U4.127;U17.136;U3.137;U6.146;U21.151;W1.154;U11.156;U13.163;U1.171;U2.171;U3.171;U4.171;U5.171;U6.171;U7.171;U8.171;U11.171;U13.171;U14.171;U17.171;U18.171;U19.171;U22.171;U23.171;U24.171;U25.171;U27.171;U28.171;U29.171;U30.171;U32.171;U33.171;U35.171;U36.171;U37.171;U38.171;U39.171;U40.171;U41.171;U42.171;W1.171;W1.185;U31.189;U14.191;U21.193;U1.201;U9.207;U11.219;U21.221;U34.232;U6.238;U3.242;U17.246;U13.250;U14.251;W1.252;U24.259;U26.260;U2.264;U14.266;W1.274;U14.275;U8.276;U5.278;U31.288;U9.295;U29.297;U35.297",TRUE,TRUE,"M0.1",TRUE,TRUE,0.017535924911499,NA,NA,NA,NA,NA,NA,NA,NA,"M0.1",TRUE,TRUE,0.0100150108337402,NA,NA,NA,NA,NA,NA,NA,NA,"M0.1",TRUE,TRUE,0.018848180770874,NA,NA,NA,NA,NA,NA,NA,NA
172,"model1",670,"medium",12,0.18,0.997120160027407,0.326715125795454,1,1,0,3,44,1,0.59199830955142,0.66762787210483,"M1.1",44,"U1.172;U2.172;U3.172;U4.172;U5.172;U6.172;U7.172;U8.172;U9.172;U10.172;U11.172;U12.172;U13.172;U14.172;U15.172;U16.172;U17.172;U18.172;U19.172;U20.172;U21.172;U22.172;U23.172;U24.172;U25.172;U26.172;U27.172;U28.172;U29.172;U30.172;U31.172;U32.172;U33.172;U34.172;U35.172;U36.172;U37.172;U38.172;U39.172;U40.172;U41.172;U42.172;U43.172;U44.172",24,23,1,21,0,FALSE,TRUE,"U1.172;U3.172;U9.172;U10.172;U14.172;U16.172;U18.172;U19.172;U20.172;U23.172;U24.172;U25.172;U27.172;U28.172;U29.172;U30.172;U32.172;U33.172;U35.172;U37.172;U39.172;U43.172;U44.172;W1.172",110,33,77,11,76,FALSE,TRUE,"U8.6;U1.17;U21.31;U8.39;U10.39;U12.43;U26.44;U24.47;U10.48;U1.51;U12.62;U5.69;U3.87;U29.87;U1.91;W1.92;U2.95;U5.99;U7.100;U32.103;U12.104;U33.110;U9.113;U37.118;U37.120;U31.122;U17.129;U26.133;U33.134;W1.135;U17.137;U27.139;U8.151;U9.154;U8.163;U30.168;U1.170;U1.172;U3.172;U4.172;U5.172;U6.172;U7.172;U8.172;U9.172;U10.172;U11.172;U12.172;U13.172;U14.172;U16.172;U18.172;U19.172;U20.172;U21.172;U23.172;U24.172;U25.172;U27.172;U28.172;U29.172;U30.172;U32.172;U33.172;U35.172;U37.172;U39.172;U41.172;U43.172;U44.172;W1.172;U2.178;U24.179;U6.181;U12.182;U3.184;W1.184;U29.186;U3.188;U46.194;U29.197;U7.210;U23.210;U1.212;U45.216;U23.218;U32.218;U6.221;U25.221;U31.221;U12.226;U7.227;U21.229;U8.230;U6.234;U8.236;U46.239;U1.241;U20.243;U29.253;U32.257;U35.257;U5.260;U26.261;U22.274;U19.275;U3.280;U35.287;U16.293;U14.294",TRUE,TRUE,"M1.1",TRUE,TRUE,0.0165050029754639,NA,NA,NA,NA,NA,NA,NA,NA,"M1.1",TRUE,TRUE,0.00626897811889648,NA,NA,NA,NA,NA,NA,NA,NA,"M1.1",TRUE,TRUE,0.0223379135131836,NA,NA,NA,NA,NA,NA,NA,NA
173,"model2",670,"medium",12,0.15,0.832371618365869,0.385933836037293,1,1,0,3,39,1,0.556897514895325,0.621005167628707,"M2.1",39,"U1.173;U2.173;U3.173;U4.173;U5.173;U6.173;U7.173;U8.173;U9.173;U10.173;U11.173;U12.173;U13.173;U14.173;U15.173;U16.173;U17.173;U18.173;U19.173;U20.173;U21.173;U22.173;U23.173;U24.173;U25.173;U26.173;U27.173;U28.173;U29.173;U30.173;U31.173;U32.173;U33.173;U34.173;U35.173;U36.173;U37.173;U38.173;U39.173",23,21,2,18,1,FALSE,TRUE,"U1.173;U2.173;U4.173;U5.173;U7.173;U8.173;U9.173;U11.173;U12.173;U15.173;U17.173;U18.173;U20.173;U21.173;U22.173;U26.173;U29.173;U30.173;U32.173;U37.173;U38.173;W1.173;U3.189",95,30,65,9,64,FALSE,TRUE,"U14.7;U38.8;U7.17;U3.26;U2.36;U2.37;U4.42;U11.55;U16.58;U30.69;W1.69;U10.73;U12.79;U5.88;U12.94;U10.96;U27.99;U18.103;U26.103;U6.106;U12.106;U5.108;U18.122;U9.128;U31.133;U26.142;U2.144;U24.147;U27.147;U3.153;U2.159;U14.161;U19.164;U29.172;U1.173;U2.173;U3.173;U4.173;U5.173;U7.173;U8.173;U9.173;U10.173;U11.173;U12.173;U15.173;U16.173;U17.173;U18.173;U20.173;U21.173;U22.173;U25.173;U26.173;U27.173;U28.173;U29.173;U30.173;U32.173;U34.173;U36.173;U37.173;U38.173;U39.173;W1.173;U23.178;U8.180;U19.180;U18.182;U4.183;U1.188;U20.188;U24.188;U3.189;U13.189;U23.202;U12.206;U32.206;U36.206;U3.215;U12.222;U1.226;U21.230;U8.236;U1.241;U18.245;U42.248;U6.255;U36.257;U2.260;U25.261;U41.274;U40.285;U11.286;U29.296",TRUE,TRUE,"M2.1",TRUE,TRUE,0.00790977478027344,NA,NA,NA,NA,NA,NA,NA,NA,"M2.1",TRUE,TRUE,0.00556397438049316,NA,NA,NA,NA,NA,NA,NA,NA,"M2.1",TRUE,TRUE,0.0205659866333008,NA,NA,NA,NA,NA,NA,NA,NA
174,"model3",670,"medium",12,0.36,0.606479212990962,0.465729567641392,1,1,0,3,19,1,0.369467954827603,0.408093525723831,"M3",19,"U1.174;U2.174;U3.174;U4.174;U5.174;U6.174;U7.174;U8.174;U9.174;U10.174;U11.174;U12.174;U13.174;U14.174;U15.174;U16.174;U17.174;U18.174;U19.174",15,13,2,6,1,FALSE,TRUE,"U12.136;U1.174;U2.174;U3.174;U5.174;U6.174;U8.174;U9.174;U10.174;U13.174;U15.174;U17.174;U18.174;U19.174;W1.174",100,15,85,4,84,FALSE,TRUE,"U2.3;U4.7;U14.8;U8.12;U20.12;U8.14;W1.14;U8.16;U7.26;U6.33;U15.33;U24.33;U4.34;U16.44;U2.57;U8.59;U4.62;U8.62;U6.81;U4.88;U2.89;U10.90;U7.92;U17.93;U19.93;U35.95;U6.102;U19.102;U32.102;U19.104;U40.104;U32.120;U7.132;U35.133;U19.135;U12.136;U10.137;U15.144;U18.152;U5.153;U14.156;U2.169;U15.170;U40.172;U11.173;U1.174;U2.174;U3.174;U5.174;U6.174;U8.174;U9.174;U10.174;U11.174;U13.174;U15.174;U16.174;U17.174;U18.174;U19.174;W1.174;U3.176;U24.181;U22.186;U39.190;U9.202;U7.203;U18.208;U10.213;U13.216;U18.218;U21.219;U20.222;U38.223;U22.224;U8.226;U11.229;U1.233;U20.235;U8.238;U2.241;U11.246;U7.248;U5.250;U11.250;U6.253;U11.257;U37.257;U41.257;U23.258;U44.258;U15.263;U11.270;U35.274;W1.277;U11.288;U23.288;U15.291;U14.294;U7.296",TRUE,TRUE,"M3",TRUE,TRUE,0.00575900077819824,NA,NA,NA,NA,NA,NA,NA,NA,"M3",TRUE,TRUE,0.00836706161499023,NA,NA,NA,NA,NA,NA,NA,NA,"M4",FALSE,FALSE,0.0296289920806885,NA,NA,NA,NA,NA,NA,NA,NA
175,"model4",670,"medium",12,0.18,0.602951382403262,0.323485849332064,1,1,0,3,15,1,0.261690360084738,0.297905506658442,"M4",15,"U1.175;U2.175;U3.175;U4.175;U5.175;U6.175;U7.175;U8.175;U9.175;U10.175;U11.175;U12.175;U13.175;U14.175;U15.175",11,9,2,6,1,FALSE,TRUE,"U31.144;U1.175;U2.175;U3.175;U6.175;U8.175;U10.175;U11.175;U12.175;U13.175;W1.175",84,12,72,3,71,FALSE,TRUE,"W1.7;U14.9;U12.24;W1.27;U6.40;U11.57;U12.57;U18.61;U43.62;U20.64;U9.65;U7.67;U12.76;U30.76;U1.80;U8.89;U16.89;U30.89;U1.101;U7.104;U16.106;W1.117;U24.122;U14.128;U12.131;U24.133;U13.134;U24.134;U5.139;U9.140;U25.142;U31.144;U34.147;U2.149;U29.152;U14.160;U14.163;U9.168;U1.175;U2.175;U3.175;U4.175;U6.175;U8.175;U9.175;U10.175;U11.175;U12.175;U13.175;U15.175;W1.175;U13.176;U21.179;U7.182;U2.183;U18.185;U22.188;U27.189;U17.190;U39.194;U2.205;U9.207;U22.213;U13.216;W1.221;U7.223;U9.227;U20.230;W1.231;U7.235;U4.245;U31.246;U16.250;U34.260;U32.261;U12.263;U13.263;U2.266;U6.269;U11.275;U5.278;U3.288;U28.290;U28.293",TRUE,TRUE,"M4",TRUE,TRUE,0.00532293319702148,NA,NA,NA,NA,NA,NA,NA,NA,"M4",TRUE,TRUE,0.00650882720947266,NA,NA,NA,NA,NA,NA,NA,NA,"M1.2",FALSE,FALSE,0.0202507972717285,NA,NA,NA,NA,NA,NA,NA,NA
176,"model0",670,"large",12,0.21,1.37775493855588,0.631662110798061,1,1,0,3,18,1,0.29153662978265,0.396685519174735,"M0.1",18,"U1.176;U2.176;U3.176;U4.176;U5.176;U6.176;U7.176;U8.176;U9.176;U10.176;U11.176;U12.176;U13.176;U14.176;U15.176;U16.176;U17.176;U18.176",12,9,3,9,2,FALSE,TRUE,"U9.167;U1.176;U4.176;U6.176;U7.176;U9.176;U10.176;U12.176;U13.176;U14.176;W1.176;W1.208",93,15,78,3,77,FALSE,TRUE,"U26.2;U37.5;U9.17;U17.19;U42.31;U30.47;U3.48;U7.52;U22.54;U2.65;U4.65;U3.67;U16.70;U17.70;U46.76;U49.76;U20.93;U25.93;U28.98;U23.102;U9.103;U34.103;U11.104;U16.116;U12.118;U34.128;U4.133;U15.133;U2.135;U28.139;U12.144;U2.147;U10.147;U1.151;U2.151;U9.167;U22.172;U32.173;U1.176;U3.176;U4.176;U6.176;U7.176;U8.176;U9.176;U10.176;U12.176;U13.176;U14.176;U15.176;U16.176;U17.176;U18.176;W1.176;U7.179;U18.181;U32.185;U44.185;U49.185;U5.186;U6.191;U34.191;U7.192;U25.197;U7.200;U12.204;U49.206;U5.208;W1.208;U1.213;U14.214;U11.216;U23.216;U7.219;U16.221;U13.223;U8.225;U35.227;U8.237;U16.240;U3.241;U9.244;U21.253;W1.257;U8.258;U30.260;U10.266;U18.280;U18.282;U25.292;W1.292;U27.293;U26.297",TRUE,TRUE,"M0.1",TRUE,TRUE,0.0046391487121582,NA,NA,NA,NA,NA,NA,NA,NA,"M0.1",TRUE,TRUE,0.00944900512695312,NA,NA,NA,NA,NA,NA,NA,NA,"M0.1",TRUE,TRUE,0.0255270004272461,NA,NA,NA,NA,NA,NA,NA,NA
177,"model1",670,"large",12,0.46,1.11793374712579,0.513844506931491,1,1,0,3,16,1,0.209004040494538,0.212839747497212,"M1.1",16,"U1.177;U2.177;U3.177;U4.177;U5.177;U6.177;U7.177;U8.177;U9.177;U10.177;U11.177;U12.177;U13.177;U14.177;U15.177;U16.177",9,8,1,8,0,FALSE,TRUE,"U4.177;U5.177;U6.177;U7.177;U8.177;U9.177;U10.177;U13.177;W1.177",97,13,84,3,83,FALSE,TRUE,"U12.2;U11.26;U1.29;U3.33;U27.33;U12.44;U8.46;U19.48;U13.49;U3.52;U5.52;U18.53;U27.54;U5.57;U2.59;U17.59;U14.67;U27.67;U15.69;U35.76;U1.77;U13.85;U29.85;U30.89;U24.92;U25.99;U3.100;U16.103;U32.103;U34.103;U36.122;U2.123;U3.125;U8.126;U17.128;U45.128;U13.131;U33.134;U1.135;U3.140;U36.142;U5.150;U21.150;W1.151;U1.153;U28.156;U40.172;U1.177;U3.177;U4.177;U5.177;U6.177;U7.177;U8.177;U9.177;U10.177;U12.177;U13.177;U14.177;U15.177;W1.177;U25.179;U34.186;U15.192;U20.192;U21.192;U1.201;U8.205;U11.218;U9.223;U1.227;U7.227;U15.229;U31.232;U6.240;U12.240;U19.248;U14.249;U2.253;U16.253;U9.255;U3.256;U37.258;U5.259;U16.260;U33.262;U19.263;U6.267;U31.273;U36.274;U4.275;U9.286;U7.287;U26.287;U12.290;U30.292;U33.296",TRUE,TRUE,"M1.1",TRUE,TRUE,0.00741314888000488,NA,NA,NA,NA,NA,NA,NA,NA,"M1.1",TRUE,TRUE,0.00460720062255859,NA,NA,NA,NA,NA,NA,NA,NA,"M1.1",TRUE,TRUE,0.0202000141143799,NA,NA,NA,NA,NA,NA,NA,NA
178,"model2",670,"large",12,0.14,1.23458188748918,0.570295507786795,1,1,0,3,26,1,0.447153859708618,0.482331843396935,"M2.1",26,"U1.178;U2.178;U3.178;U4.178;U5.178;U6.178;U7.178;U8.178;U9.178;U10.178;U11.178;U12.178;U13.178;U14.178;U15.178;U16.178;U17.178;U18.178;U19.178;U20.178;U21.178;U22.178;U23.178;U24.178;U25.178;U26.178",17,14,3,12,2,FALSE,TRUE,"U14.24;U1.178;U2.178;U4.178;U6.178;U7.178;U8.178;U9.178;U12.178;U14.178;U17.178;U19.178;U23.178;U25.178;U26.178;W1.178;U28.213",121,17,104,9,103,FALSE,TRUE,"U9.10;U11.10;U34.10;U1.18;U2.19;U11.23;U14.24;U4.25;U9.25;U27.25;U14.32;U11.43;U11.48;U24.49;U35.50;U7.53;U2.56;U27.58;U29.58;U24.60;U5.62;U3.64;U22.64;U8.75;U36.79;U8.81;U18.81;U1.83;U18.85;U11.88;U38.88;U11.90;U14.93;U23.93;U26.97;U3.99;U7.100;U18.103;U4.105;U12.109;U32.110;U36.110;U14.111;U17.111;U3.115;W1.116;U25.120;U38.122;U27.130;U7.138;U37.142;U21.144;U2.148;U12.149;U31.150;U9.151;U33.164;U25.167;U24.168;U42.168;U23.170;U6.171;U9.171;U3.173;U11.173;U9.177;U1.178;U2.178;U3.178;U4.178;U6.178;U7.178;U8.178;U9.178;U12.178;U14.178;U17.178;U19.178;U21.178;U23.178;U24.178;U25.178;U26.178;W1.178;U6.179;U25.181;U7.190;U2.201;U18.202;U10.208;U27.208;U28.213;U6.216;U11.216;U20.216;U35.226;U29.229;U15.230;U25.232;U39.238;U6.242;U13.243;U19.250;U6.252;U3.255;U29.258;U42.260;U3.266;U5.266;U4.267;U9.270;U17.270;U1.273;U46.274;U7.275;U5.278;U7.282;U4.283;U4.293;U19.293;U26.297",TRUE,TRUE,"M2.1",TRUE,TRUE,0.00717401504516602,NA,NA,NA,NA,NA,NA,NA,NA,"M2.1",TRUE,TRUE,0.00443100929260254,NA,NA,NA,NA,NA,NA,NA,NA,"M2.1",TRUE,TRUE,0.0313208103179932,NA,NA,NA,NA,NA,NA,NA,NA
179,"model3",670,"large",12,0.06,1.22854912804905,0.693241453845985,1,1,0,3,29,1,0.514335042430613,0.440049447374828,"M3",29,"U1.179;U2.179;U3.179;U4.179;U5.179;U6.179;U7.179;U8.179;U9.179;U10.179;U11.179;U12.179;U13.179;U14.179;U15.179;U16.179;U17.179;U18.179;U19.179;U20.179;U21.179;U22.179;U23.179;U24.179;U25.179;U26.179;U27.179;U28.179;U29.179",18,17,1,12,0,FALSE,TRUE,"U2.179;U3.179;U5.179;U6.179;U8.179;U9.179;U10.179;U13.179;U14.179;U15.179;U16.179;U17.179;U19.179;U20.179;U26.179;U27.179;U29.179;W1.179",91,24,67,5,66,FALSE,TRUE,"U26.12;U17.19;U9.47;U13.59;U24.61;U38.62;U8.65;U1.78;U8.87;U19.87;U14.88;U28.90;U28.95;U6.97;U7.98;U26.99;U6.100;U14.103;U1.112;U5.112;U41.118;U16.123;U5.126;U3.129;U2.130;U4.132;U8.139;U7.140;U14.141;U10.143;U36.147;U10.149;U15.152;U21.152;U21.161;U18.168;U22.168;U17.174;W1.177;U2.179;U3.179;U5.179;U6.179;U8.179;U9.179;U10.179;U11.179;U13.179;U14.179;U15.179;U16.179;U17.179;U18.179;U19.179;U20.179;U21.179;U22.179;U23.179;U25.179;U26.179;U27.179;U28.179;U29.179;W1.179;U21.183;U10.185;U2.186;U10.190;U5.199;U5.201;U9.202;U21.214;W1.216;U24.235;U36.238;U7.242;U12.242;U25.259;U7.262;U20.262;U35.266;U8.269;U18.270;U4.273;U11.274;U12.274;U42.274;U7.277;U4.280;U1.284;U8.300",TRUE,TRUE,"M3",TRUE,TRUE,0.0129690170288086,NA,NA,NA,NA,NA,NA,NA,NA,"M3",TRUE,TRUE,0.00487399101257324,NA,NA,NA,NA,NA,NA,NA,NA,"M3",TRUE,TRUE,0.0286450386047363,NA,NA,NA,NA,NA,NA,NA,NA
180,"model4",670,"large",12,0.09,1.27761653915513,0.564466367592104,1,1,0,3,32,1,0.476982665344202,0.44456193494922,"M4",32,"U1.180;U2.180;U3.180;U4.180;U5.180;U6.180;U7.180;U8.180;U9.180;U10.180;U11.180;U12.180;U13.180;U14.180;U15.180;U16.180;U17.180;U18.180;U19.180;U20.180;U21.180;U22.180;U23.180;U24.180;U25.180;U26.180;U27.180;U28.180;U29.180;U30.180;U31.180;U32.180",17,16,1,16,0,FALSE,TRUE,"U1.180;U2.180;U3.180;U5.180;U10.180;U11.180;U12.180;U13.180;U14.180;U15.180;U17.180;U19.180;U20.180;U24.180;U29.180;U31.180;W1.180",103,26,77,6,76,FALSE,TRUE,"U2.9;U18.14;U19.14;U25.17;U3.18;U14.25;W1.25;U4.26;U27.31;U26.39;U23.48;U14.50;U6.52;U16.57;U10.60;U9.71;U18.75;U49.76;U2.77;U2.85;U12.92;U19.102;U8.116;U26.118;U5.119;U15.120;U11.121;U28.128;U12.130;U5.131;U11.133;U4.136;U8.140;U11.146;U27.149;U20.151;U26.156;U10.160;U4.176;U25.178;U1.180;U2.180;U3.180;U4.180;U5.180;U8.180;U9.180;U10.180;U11.180;U12.180;U13.180;U14.180;U15.180;U16.180;U17.180;U18.180;U19.180;U20.180;U21.180;U23.180;U24.180;U26.180;U28.180;U29.180;U31.180;U32.180;W1.180;U12.182;U3.188;U17.188;U8.189;U7.193;U28.194;U11.204;W1.204;U11.206;U19.213;U32.213;U7.214;U4.216;U25.216;U34.219;U23.223;U28.224;U4.235;U11.237;U32.238;U7.243;U17.249;U24.254;U38.254;U16.255;U41.258;U13.263;U7.269;U8.269;U2.278;U5.278;U42.287;U28.292;U26.296;W1.296;U3.299",TRUE,TRUE,"M4",TRUE,TRUE,0.0151290893554688,NA,NA,NA,NA,NA,NA,NA,NA,"M4",TRUE,TRUE,0.00612688064575195,NA,NA,NA,NA,NA,NA,NA,NA,"M4",TRUE,TRUE,0.0246748924255371,NA,NA,NA,NA,NA,NA,NA,NA
181,"model0",670,"small",13,0.33,0.421127544716001,0.163328975019977,1,1,0,3,37,1,0.571092229890381,0.545841560057324,"M0.1",37,"U1.181;U2.181;U3.181;U4.181;U5.181;U6.181;U7.181;U8.181;U9.181;U10.181;U11.181;U12.181;U13.181;U14.181;U15.181;U16.181;U17.181;U18.181;U19.181;U20.181;U21.181;U22.181;U23.181;U24.181;U25.181;U26.181;U27.181;U28.181;U29.181;U30.181;U31.181;U32.181;U33.181;U34.181;U35.181;U36.181;U37.181",27,26,1,11,0,FALSE,TRUE,"U1.181;U3.181;U4.181;U5.181;U7.181;U8.181;U9.181;U11.181;U12.181;U13.181;U14.181;U15.181;U16.181;U18.181;U19.181;U21.181;U24.181;U25.181;U27.181;U28.181;U29.181;U30.181;U31.181;U32.181;U34.181;U37.181;W1.181",109,33,76,4,75,FALSE,TRUE,"U5.6;U24.8;U13.16;U5.20;W1.20;U4.34;U17.39;U7.47;U26.47;U20.49;U14.55;U5.56;U19.57;U11.60;W1.72;U12.76;U38.79;U12.82;U4.87;U13.92;U34.95;U13.104;U10.105;U21.111;U36.113;U24.122;U10.125;U3.126;U37.128;U26.130;U30.130;U10.133;U11.133;U12.133;U15.134;U10.144;U3.152;U10.153;U1.154;U11.161;U25.168;W1.169;U39.172;W1.173;W1.174;U1.181;U3.181;U4.181;U5.181;U6.181;U7.181;U8.181;U9.181;U11.181;U12.181;U13.181;U14.181;U15.181;U16.181;U17.181;U18.181;U19.181;U20.181;U21.181;U23.181;U24.181;U25.181;U26.181;U27.181;U28.181;U29.181;U30.181;U31.181;U32.181;U33.181;U34.181;U36.181;U37.181;W1.181;U15.184;U26.186;U13.188;U22.189;U1.190;U20.190;U1.192;U10.197;U2.212;U30.218;U17.224;U18.224;U5.226;U36.227;U29.229;U14.235;U29.235;U19.240;U6.243;U19.251;U21.253;U5.259;U6.273;U23.273;U18.280;U16.287;U4.290;U20.293;U2.297;U7.297",TRUE,TRUE,"M0.1",TRUE,TRUE,0.0104689598083496,NA,NA,NA,NA,NA,NA,NA,NA,"M0.1",TRUE,TRUE,0.00944399833679199,NA,NA,NA,NA,NA,NA,NA,NA,"M0.1",TRUE,TRUE,0.0271320343017578,NA,NA,NA,NA,NA,NA,NA,NA
182,"model1",670,"small",13,0.33,0.295408641919494,0.236945973336697,1,1,0,3,21,1,0.455096876269887,0.490712181834269,"M1.1",21,"U1.182;U2.182;U3.182;U4.182;U5.182;U6.182;U7.182;U8.182;U9.182;U10.182;U11.182;U12.182;U13.182;U14.182;U15.182;U16.182;U17.182;U18.182;U19.182;U20.182;U21.182",15,14,1,7,0,FALSE,TRUE,"U1.182;U2.182;U3.182;U4.182;U6.182;U7.182;U8.182;U9.182;U12.182;U13.182;U15.182;U17.182;U18.182;U21.182;W1.182",106,17,89,4,88,FALSE,TRUE,"U22.10;U17.12;U6.15;U6.23;U13.26;U7.30;U14.33;U3.34;U6.48;U2.55;U19.57;U1.58;U26.60;U4.61;U7.64;U12.69;U11.70;W1.70;U49.76;U12.79;U17.79;U36.79;U8.88;U34.89;U5.90;U12.96;U13.96;U14.99;U4.102;U18.102;U6.103;U21.103;U2.105;U31.110;U43.118;U7.119;W1.125;U25.129;U19.134;U29.134;U6.138;U9.138;U5.139;U37.144;U14.145;U26.150;U25.155;U13.156;U39.156;U1.170;U23.170;U5.177;U4.178;U13.178;U12.179;U31.180;U1.182;U2.182;U3.182;U4.182;U6.182;U7.182;U8.182;U9.182;U10.182;U12.182;U13.182;U14.182;U15.182;U16.182;U17.182;U18.182;U21.182;W1.182;U36.185;U43.185;U9.188;U19.191;U4.194;U20.197;U28.197;U1.200;U25.202;U16.204;U37.205;U5.206;U5.209;U24.210;U2.218;U3.218;U23.218;U33.221;U7.222;U41.223;U36.227;U33.230;U8.232;U14.232;U8.240;U7.243;U23.258;U39.274;U2.275;U38.285;U37.287;U9.289",TRUE,TRUE,"M1.1",TRUE,TRUE,0.00797915458679199,NA,NA,NA,NA,NA,NA,NA,NA,"M1.1",TRUE,TRUE,0.00475096702575684,NA,NA,NA,NA,NA,NA,NA,NA,"M1.1",TRUE,TRUE,0.0251061916351318,NA,NA,NA,NA,NA,NA,NA,NA
183,"model2",670,"small",13,0.02,0.442186120618135,0.121910782158375,1,1,0,3,39,3,0.536059074591669,0.538905188238755,"M2.1",39,"U1.183;U2.183;U3.183;U4.183;U5.183;U6.183;U7.183;U8.183;U9.183;U10.183;U11.183;U12.183;U13.183;U14.183;U15.183;U16.183;U17.183;U18.183;U19.183;U20.183;U21.183;U22.183;U23.183;U24.183;U25.183;U26.183;U27.183;U28.183;U29.183;U30.183;U31.183;U32.183;U33.183;U34.183;U35.183;U36.183;U37.183;U38.183;U39.183",22,20,2,19,1,FALSE,TRUE,"U13.157;U3.183;U4.183;U9.183;U11.183;U13.183;U14.183;U17.183;U18.183;U20.183;U21.183;U23.183;U27.183;U28.183;U30.183;U31.183;U32.183;U34.183;U35.183;U36.183;U37.183;W1.183",104,30,74,9,73,FALSE,TRUE,"U9.9;U10.10;U1.21;U19.22;U7.25;U16.33;U7.34;U1.39;U6.41;U7.41;U2.43;U15.44;U23.49;U35.50;U19.53;W1.58;U37.59;U4.90;U20.90;U31.90;U11.93;U4.95;U23.97;U17.103;U28.104;U16.111;U34.118;W1.121;U12.128;U14.128;U16.131;U9.134;U40.144;U27.147;U5.152;U13.156;U13.157;U12.160;U2.162;U2.172;U21.172;U17.174;W1.174;U1.177;U22.178;U25.181;U30.181;U1.183;U2.183;U3.183;U4.183;U5.183;U6.183;U8.183;U9.183;U11.183;U13.183;U14.183;U17.183;U18.183;U19.183;U20.183;U21.183;U23.183;U24.183;U27.183;U28.183;U30.183;U31.183;U32.183;U33.183;U34.183;U35.183;U36.183;U37.183;U38.183;U39.183;W1.183;W1.190;W1.191;U11.197;U5.207;U3.209;U37.213;U22.219;U13.221;U12.223;U16.223;U26.229;U38.229;U20.238;U2.241;W1.242;U3.246;U5.251;U36.260;U21.261;U38.262;U4.264;U7.273;U13.277;U18.287;U21.287;U4.293",TRUE,TRUE,"M1.1",FALSE,FALSE,0.0081169605255127,NA,NA,NA,NA,NA,NA,NA,NA,"Other",FALSE,FALSE,0.00852513313293457,NA,NA,NA,NA,NA,NA,NA,NA,"Other",FALSE,FALSE,0.026202917098999,NA,NA,NA,NA,NA,NA,NA,NA
184,"model3",670,"small",13,0.32,0.327686682902277,0.258062415523455,1,1,0,3,17,1,0.427139332235629,0.427329539674538,"M3",17,"U1.184;U2.184;U3.184;U4.184;U5.184;U6.184;U7.184;U8.184;U9.184;U10.184;U11.184;U12.184;U13.184;U14.184;U15.184;U16.184;U17.184",17,16,1,1,0,FALSE,TRUE,"U1.184;U2.184;U3.184;U4.184;U5.184;U6.184;U7.184;U8.184;U9.184;U10.184;U11.184;U12.184;U14.184;U15.184;U16.184;U17.184;W1.184",93,17,76,0,75,FALSE,TRUE,"U39.5;U22.8;U6.9;U19.14;U5.21;U18.21;U26.25;U15.26;U11.28;U5.32;U5.38;U3.41;U7.41;U11.43;U27.52;U6.54;U11.57;U11.58;U8.61;U5.67;U2.71;U6.71;U16.73;U22.73;U9.75;U23.76;U9.81;U32.87;U26.92;U11.98;U30.98;U4.104;U27.118;U28.129;U15.131;U20.131;U15.133;U24.136;U6.138;W1.161;U1.184;U2.184;U3.184;U4.184;U5.184;U6.184;U7.184;U8.184;U9.184;U10.184;U11.184;U12.184;U13.184;U14.184;U15.184;U16.184;U17.184;W1.184;U16.189;U14.192;U12.194;U4.208;U18.213;U13.214;U16.218;U35.221;U19.223;U12.226;U37.226;U11.230;U16.230;U16.235;U18.235;U29.238;W1.238;U5.239;U10.245;U6.249;U6.252;U21.254;U26.257;U6.259;W1.261;U10.262;U19.262;U6.273;U7.275;U9.278;W1.278;U12.280;U11.281;U24.281;U2.300",TRUE,TRUE,"M3",TRUE,TRUE,0.0056459903717041,NA,NA,NA,NA,NA,NA,NA,NA,"M3",TRUE,TRUE,0.0109319686889648,NA,NA,NA,NA,NA,NA,NA,NA,"M0.1",FALSE,FALSE,0.0228571891784668,NA,NA,NA,NA,NA,NA,NA,NA
185,"model4",670,"small",13,0.1,0.466203705687076,0.176359707908705,1,1,0,3,50,1,0.644303065098475,0.706806865736944,"M4",50,"U1.185;U2.185;U3.185;U4.185;U5.185;U6.185;U7.185;U8.185;U9.185;U10.185;U11.185;U12.185;U13.185;U14.185;U15.185;U16.185;U17.185;U18.185;U19.185;U20.185;U21.185;U22.185;U23.185;U24.185;U25.185;U26.185;U27.185;U28.185;U29.185;U30.185;U31.185;U32.185;U33.185;U34.185;U35.185;U36.185;U37.185;U38.185;U39.185;U40.185;U41.185;U42.185;U43.185;U44.185;U45.185;U46.185;U47.185;U48.185;U49.185;U50.185",31,29,2,21,1,FALSE,TRUE,"U1.185;U2.185;U3.185;U5.185;U6.185;U8.185;U10.185;U15.185;U17.185;U19.185;U20.185;U21.185;U22.185;U23.185;U25.185;U26.185;U30.185;U31.185;U32.185;U33.185;U35.185;U36.185;U37.185;U38.185;U39.185;U41.185;U43.185;U44.185;U45.185;W1.185;U25.240",132,44,88,6,87,FALSE,TRUE,"U27.5;U4.15;U10.16;U19.21;U24.40;U4.48;U19.49;U16.50;U9.58;U20.59;U32.59;U28.60;U42.62;U4.74;U48.88;U29.89;U40.89;U6.90;U13.90;U7.94;U11.94;U24.95;U28.102;U12.104;U33.106;U7.111;U28.116;U15.118;U31.118;U13.119;U22.122;U28.128;U41.128;W1.128;U6.130;U22.131;U21.133;U11.140;U12.140;U27.141;U38.147;U47.147;U9.152;U3.170;U41.171;U8.177;U20.182;U16.183;U1.185;U2.185;U3.185;U5.185;U6.185;U8.185;U9.185;U10.185;U11.185;U12.185;U13.185;U15.185;U17.185;U18.185;U19.185;U20.185;U21.185;U22.185;U23.185;U25.185;U26.185;U27.185;U28.185;U30.185;U31.185;U32.185;U33.185;U34.185;U35.185;U36.185;U37.185;U38.185;U39.185;U40.185;U41.185;U42.185;U43.185;U44.185;U45.185;U46.185;U47.185;U48.185;U49.185;U50.185;W1.185;U3.186;U10.186;U11.187;W1.187;U38.188;U18.194;U6.201;U33.206;U34.213;U21.214;U7.216;U13.218;U3.219;U24.224;U21.230;U19.236;U20.239;U25.240;U11.243;U30.250;U5.252;U11.254;U43.254;U8.258;U3.261;U39.262;U37.266;U3.269;U17.270;U35.273;U28.275;U20.277;U3.281;U12.282;U22.288;U30.288;U17.294;U15.295;U1.296",TRUE,TRUE,"M1.2",FALSE,FALSE,0.018333911895752,NA,NA,NA,NA,NA,NA,NA,NA,"M1.2",FALSE,FALSE,0.00714588165283203,NA,NA,NA,NA,NA,NA,NA,NA,"M1.2",FALSE,FALSE,0.0305931568145752,NA,NA,NA,NA,NA,NA,NA,NA
186,"model0",670,"medium",13,0.18,0.659440487157553,0.322853808803484,1,1,0,3,35,1,0.588164254203107,0.623448793943907,"M0.1",35,"U1.186;U2.186;U3.186;U4.186;U5.186;U6.186;U7.186;U8.186;U9.186;U10.186;U11.186;U12.186;U13.186;U14.186;U15.186;U16.186;U17.186;U18.186;U19.186;U20.186;U21.186;U22.186;U23.186;U24.186;U25.186;U26.186;U27.186;U28.186;U29.186;U30.186;U31.186;U32.186;U33.186;U34.186;U35.186",23,22,1,13,0,FALSE,TRUE,"U1.186;U3.186;U4.186;U8.186;U9.186;U12.186;U13.186;U15.186;U16.186;U18.186;U21.186;U23.186;U24.186;U25.186;U27.186;U28.186;U29.186;U30.186;U31.186;U32.186;U33.186;U34.186;W1.186",103,31,72,4,71,FALSE,TRUE,"U33.8;U10.10;U23.12;U18.24;U24.25;U7.26;U11.31;U25.31;U37.33;U2.39;U9.43;U33.44;U12.48;U20.54;U2.58;U25.59;U9.69;W1.69;U2.78;U44.79;W1.79;U23.88;U43.89;U27.93;W1.96;U9.105;U37.106;U5.109;U32.113;U11.129;U46.144;U12.147;U43.147;U22.152;W1.164;U1.169;U24.173;U17.183;U43.185;U1.186;U3.186;U4.186;U7.186;U8.186;U9.186;U10.186;U12.186;U13.186;U14.186;U15.186;U16.186;U17.186;U18.186;U19.186;U20.186;U21.186;U22.186;U23.186;U24.186;U25.186;U26.186;U27.186;U28.186;U29.186;U30.186;U31.186;U32.186;U33.186;U34.186;U35.186;W1.186;U34.188;U5.194;U44.194;U8.201;U10.201;U20.202;U21.205;U24.205;U15.210;U2.223;U27.229;U23.235;U1.238;U5.244;U37.246;U2.255;U16.258;U27.260;U15.262;U4.265;U19.273;U20.274;U35.274;U13.287;U24.287;U18.289;U19.289;U22.290;U1.295;U9.298;U8.299;W1.299",TRUE,TRUE,"M0.1",TRUE,TRUE,0.00883102416992188,NA,NA,NA,NA,NA,NA,NA,NA,"M0.1",TRUE,TRUE,0.00553798675537109,NA,NA,NA,NA,NA,NA,NA,NA,"M0.1",TRUE,TRUE,0.021989107131958,NA,NA,NA,NA,NA,NA,NA,NA
187,"model1",670,"medium",13,0.32,0.846459636930376,0.427830982534215,1,1,0,3,13,1,0.268338340593981,0.379230192722386,"M1.1",13,"U1.187;U2.187;U3.187;U4.187;U5.187;U6.187;U7.187;U8.187;U9.187;U10.187;U11.187;U12.187;U13.187",12,10,2,3,1,FALSE,TRUE,"U10.97;U1.187;U3.187;U4.187;U5.187;U7.187;U8.187;U9.187;U11.187;U12.187;U13.187;W1.187",88,10,78,3,77,FALSE,TRUE,"W1.1;U22.2;U8.3;U3.5;U1.14;U21.14;W1.15;W1.35;U6.36;U13.41;U5.44;U25.44;U14.51;U4.54;U8.60;U26.71;U9.72;U45.76;U12.79;U20.92;U10.97;W1.109;U18.111;U16.113;U19.119;U7.127;U17.132;U15.133;U3.140;U19.149;U16.150;U4.156;U3.158;U19.168;W1.168;U4.172;U30.172;U12.173;U5.177;U18.179;U6.180;U6.185;U1.187;U3.187;U4.187;U5.187;U7.187;U8.187;U9.187;U11.187;U12.187;U13.187;W1.187;U32.190;U1.191;U8.197;U5.202;U38.205;U6.207;U2.210;U16.210;U19.216;U26.218;U2.222;U17.227;U27.227;U2.229;U1.235;U15.235;U7.238;U36.238;U13.249;U15.249;U3.250;U17.250;U21.254;U18.258;U42.260;U5.267;U15.273;U26.273;U29.274;U7.278;U39.287;U7.291;U3.293;U8.294;U9.299",TRUE,TRUE,"M1.1",TRUE,TRUE,0.00480008125305176,NA,NA,NA,NA,NA,NA,NA,NA,"M1.1",TRUE,TRUE,0.00430798530578613,NA,NA,NA,NA,NA,NA,NA,NA,"M1.1",TRUE,TRUE,0.0227000713348389,NA,NA,NA,NA,NA,NA,NA,NA
188,"model2",670,"medium",13,0.1,0.807930975221097,0.469763599894941,1,1,0,3,42,1,0.604649695963987,0.659075471455841,"M2.1",42,"U1.188;U2.188;U3.188;U4.188;U5.188;U6.188;U7.188;U8.188;U9.188;U10.188;U11.188;U12.188;U13.188;U14.188;U15.188;U16.188;U17.188;U18.188;U19.188;U20.188;U21.188;U22.188;U23.188;U24.188;U25.188;U26.188;U27.188;U28.188;U29.188;U30.188;U31.188;U32.188;U33.188;U34.188;U35.188;U36.188;U37.188;U38.188;U39.188;U40.188;U41.188;U42.188",25,24,1,18,0,FALSE,TRUE,"U2.188;U4.188;U5.188;U7.188;U8.188;U9.188;U11.188;U13.188;U14.188;U17.188;U18.188;U19.188;U21.188;U24.188;U29.188;U32.188;U35.188;U36.188;U37.188;U38.188;U39.188;U40.188;U41.188;U42.188;W1.188",116,34,82,8,81,FALSE,TRUE,"U19.2;U11.3;U14.7;U11.17;U23.19;U23.49;U10.50;U31.57;U24.59;U14.63;U15.65;U20.71;U8.75;U2.83;W1.83;U29.85;U1.88;W1.88;U37.89;U2.96;U22.103;U47.104;U28.110;U22.111;U35.113;U36.120;U15.122;U31.122;U35.122;U1.128;U34.128;U43.128;U12.135;W1.139;U3.141;U6.144;U11.145;U21.152;U27.152;U15.154;W1.157;U7.159;U6.163;U37.163;U7.175;U3.177;U2.188;U4.188;U5.188;U6.188;U7.188;U8.188;U9.188;U10.188;U11.188;U12.188;U13.188;U14.188;U15.188;U17.188;U18.188;U19.188;U20.188;U21.188;U22.188;U24.188;U25.188;U29.188;U30.188;U31.188;U32.188;U33.188;U35.188;U36.188;U37.188;U38.188;U39.188;U40.188;U41.188;U42.188;W1.188;U22.190;U17.191;U19.191;U14.197;U1.201;U19.202;U12.205;U29.205;U6.214;U16.216;U29.219;U7.232;U27.235;U23.238;U15.243;U36.246;U6.253;U29.253;U16.260;U25.260;U20.261;U29.262;U5.263;U21.264;U10.273;U37.274;U24.285;U16.287;U28.287;U1.289;U29.289;U18.292;U20.293;U27.296;U50.296",TRUE,TRUE,"M1.1",FALSE,FALSE,0.0168330669403076,NA,NA,NA,NA,NA,NA,NA,NA,"M1.1",FALSE,FALSE,0.0087430477142334,NA,NA,NA,NA,NA,NA,NA,NA,"M1.1",FALSE,FALSE,0.0442540645599365,NA,NA,NA,NA,NA,NA,NA,NA
189,"model3",670,"medium",13,0.49,0.850705729564652,0.352768889442086,1,1,0,3,32,1,0.519442100639483,0.509897677985731,"M3",32,"U1.189;U2.189;U3.189;U4.189;U5.189;U6.189;U7.189;U8.189;U9.189;U10.189;U11.189;U12.189;U13.189;U14.189;U15.189;U16.189;U17.189;U18.189;U19.189;U20.189;U21.189;U22.189;U23.189;U24.189;U25.189;U26.189;U27.189;U28.189;U29.189;U30.189;U31.189;U32.189",17,17,0,15,0,FALSE,FALSE,"U2.189;U4.189;U5.189;U8.189;U9.189;U10.189;U14.189;U17.189;U18.189;U20.189;U21.189;U22.189;U26.189;U27.189;U29.189;U30.189;U32.189",112,27,85,5,84,FALSE,TRUE,"U14.5;U2.9;U38.10;U26.12;U10.24;U27.24;U2.34;U6.36;U23.40;U6.42;U2.43;U14.46;U9.47;U34.52;U7.54;U17.58;U16.59;U27.60;U35.60;U14.61;U12.63;U4.64;U6.64;U17.64;U15.67;U1.68;U24.71;U14.72;U31.76;U43.76;W1.80;U5.87;U10.88;U44.88;U10.94;U2.95;U9.99;U8.102;U46.104;U32.106;U12.111;U4.122;U9.133;U2.136;U7.136;W1.138;U26.142;U4.151;U6.153;U14.156;U5.163;U33.164;U10.168;U16.168;U1.171;U23.171;U11.178;U23.178;U9.182;U2.189;U4.189;U5.189;U6.189;U8.189;U9.189;U10.189;U11.189;U12.189;U13.189;U14.189;U16.189;U17.189;U18.189;U19.189;U20.189;U21.189;U22.189;U23.189;U24.189;U25.189;U26.189;U27.189;U29.189;U30.189;U31.189;U32.189;W1.189;U13.190;U20.191;U38.191;U19.192;U5.200;U25.202;U2.217;U17.218;U23.227;W1.230;U14.238;U45.239;U16.241;U25.248;U28.248;U5.258;U15.263;U1.264;U24.266;U9.270;U10.270;U9.280;U44.285;U7.291;U30.292",TRUE,TRUE,"M3",TRUE,TRUE,0.0117900371551514,NA,NA,NA,NA,NA,NA,NA,NA,"M3",TRUE,TRUE,0.00589990615844727,NA,NA,NA,NA,NA,NA,NA,NA,"M3",TRUE,TRUE,0.0433378219604492,NA,NA,NA,NA,NA,NA,NA,NA
190,"model4",670,"medium",13,0.04,0.505012000328861,0.356768553564325,1,1,0,3,43,1,0.608336029190987,0.563198185362717,"M4",43,"U1.190;U2.190;U3.190;U4.190;U5.190;U6.190;U7.190;U8.190;U9.190;U10.190;U11.190;U12.190;U13.190;U14.190;U15.190;U16.190;U17.190;U18.190;U19.190;U20.190;U21.190;U22.190;U23.190;U24.190;U25.190;U26.190;U27.190;U28.190;U29.190;U30.190;U31.190;U32.190;U33.190;U34.190;U35.190;U36.190;U37.190;U38.190;U39.190;U40.190;U41.190;U42.190;U43.190",22,20,2,23,1,FALSE,TRUE,"U1.190;U2.190;U5.190;U6.190;U7.190;U8.190;U12.190;U17.190;U18.190;U20.190;U21.190;U22.190;U25.190;U27.190;U28.190;U30.190;U31.190;U35.190;U37.190;U40.190;W1.190;U19.296",126,34,92,9,91,FALSE,TRUE,"U16.2;U17.2;U9.3;U24.5;U15.10;U28.48;U13.51;U14.52;U16.52;U23.59;U9.60;U8.63;U9.63;U1.65;U29.73;W1.73;U18.75;U34.76;U11.88;U25.90;U1.99;U3.101;U24.104;U49.104;U16.110;U19.111;U29.113;U37.118;U8.119;U9.128;U10.129;U11.130;U31.130;U30.133;U36.133;U8.146;U6.147;U8.152;U29.152;U30.152;U3.159;U10.160;U43.164;U5.166;U7.166;U2.167;U12.173;U7.178;U25.180;U12.182;U23.186;U9.188;U1.190;U2.190;U3.190;U5.190;U6.190;U7.190;U8.190;U9.190;U10.190;U11.190;U12.190;U15.190;U16.190;U17.190;U18.190;U20.190;U21.190;U22.190;U23.190;U24.190;U25.190;U27.190;U28.190;U29.190;U30.190;U31.190;U33.190;U34.190;U35.190;U36.190;U37.190;U40.190;U41.190;U42.190;W1.190;U12.193;U11.194;U10.196;U22.204;U29.205;U3.209;U14.213;U12.214;U24.216;U32.218;U8.219;U18.226;U3.227;U7.242;U22.245;U17.248;U23.250;U27.250;U26.253;U19.257;U16.258;U14.259;U24.264;U25.264;U15.275;U1.280;U13.280;U16.282;U5.285;U37.285;U25.288;U10.291;U14.292;U11.293;U3.295;U19.296;U36.296;U37.296;U30.297",TRUE,TRUE,"M2.1",FALSE,FALSE,0.0142440795898438,NA,NA,NA,NA,NA,NA,NA,NA,"M1.1",FALSE,FALSE,0.00749087333679199,NA,NA,NA,NA,NA,NA,NA,NA,"M1.2",FALSE,FALSE,0.0338108539581299,NA,NA,NA,NA,NA,NA,NA,NA
191,"model0",670,"large",13,0.27,1.47042506118305,0.948422403074801,1,1,0,3,48,1,0.491802727882204,0.63012174695528,"M0.1",48,"U1.191;U2.191;U3.191;U4.191;U5.191;U6.191;U7.191;U8.191;U9.191;U10.191;U11.191;U12.191;U13.191;U14.191;U15.191;U16.191;U17.191;U18.191;U19.191;U20.191;U21.191;U22.191;U23.191;U24.191;U25.191;U26.191;U27.191;U28.191;U29.191;U30.191;U31.191;U32.191;U33.191;U34.191;U35.191;U36.191;U37.191;U38.191;U39.191;U40.191;U41.191;U42.191;U43.191;U44.191;U45.191;U46.191;U47.191;U48.191",19,17,2,31,2,FALSE,FALSE,"U14.151;U1.191;U2.191;U5.191;U6.191;U7.191;U11.191;U12.191;U13.191;U16.191;U19.191;U21.191;U23.191;U37.191;U39.191;U40.191;U41.191;U46.191;U22.249",107,34,73,14,73,FALSE,FALSE,"U9.2;U11.12;U10.14;U1.21;U14.22;U4.43;W1.43;U4.55;W1.61;W1.65;U1.69;U3.70;U14.79;U1.84;U7.87;U25.88;U4.94;U16.99;U7.101;U29.102;W1.104;U19.120;U16.122;U20.123;W1.129;U36.133;U3.139;U7.142;U24.142;U14.151;U10.154;U1.159;U14.160;U2.162;U5.164;U10.172;U16.173;U13.174;U21.180;U13.182;U29.185;U42.185;U11.187;U30.188;U1.191;U2.191;U4.191;U5.191;U6.191;U7.191;U8.191;U9.191;U11.191;U12.191;U13.191;U14.191;U15.191;U16.191;U19.191;U20.191;U21.191;U22.191;U23.191;U28.191;U29.191;U30.191;U33.191;U34.191;U36.191;U37.191;U38.191;U39.191;U40.191;U41.191;U43.191;U45.191;U46.191;U47.191;U20.197;U30.205;U18.213;U5.214;W1.217;U21.223;U30.223;U20.224;U7.227;U24.235;U8.236;U15.238;U12.239;U6.240;U16.242;U13.248;U5.249;U22.249;U23.264;U1.267;U3.269;U19.270;U1.271;U9.278;U4.284;U5.286;U1.287;U15.287;U25.297",TRUE,TRUE,"M0.1",TRUE,TRUE,0.010545015335083,NA,NA,NA,NA,NA,NA,NA,NA,"M1.1",FALSE,FALSE,0.0073549747467041,NA,NA,NA,NA,NA,NA,NA,NA,"M0.1",TRUE,TRUE,0.036552906036377,NA,NA,NA,NA,NA,NA,NA,NA
192,"model1",670,"large",13,0.12,1.23157177888788,0.602597579010762,1,1,0,3,21,1,0.289164582920397,0.45481072725056,"M1.1",21,"U1.192;U2.192;U3.192;U4.192;U5.192;U6.192;U7.192;U8.192;U9.192;U10.192;U11.192;U12.192;U13.192;U14.192;U15.192;U16.192;U17.192;U18.192;U19.192;U20.192;U21.192",16,15,1,6,0,FALSE,TRUE,"U2.192;U3.192;U4.192;U5.192;U7.192;U8.192;U9.192;U10.192;U11.192;U13.192;U15.192;U16.192;U17.192;U18.192;U21.192;W1.192",103,18,85,3,84,FALSE,TRUE,"U11.6;U6.7;U12.8;U33.8;U32.10;U5.12;U9.12;U20.14;U17.22;U9.26;U1.33;U30.33;U10.43;W1.43;U15.46;U4.50;U9.55;U39.60;U42.62;U1.65;U12.68;U14.76;U28.85;W1.85;U13.90;U3.92;U14.92;U11.94;U24.98;U13.102;U13.118;U33.129;U4.136;W1.136;U12.142;U25.142;U43.142;U29.147;U18.149;U19.151;U22.155;U29.155;U11.160;U2.167;U27.167;U5.171;U36.171;U14.174;U9.180;U23.183;U49.185;U12.189;U5.191;U2.192;U3.192;U4.192;U5.192;U6.192;U7.192;U8.192;U9.192;U10.192;U11.192;U12.192;U13.192;U15.192;U16.192;U17.192;U18.192;U20.192;U21.192;W1.192;U8.205;U14.205;U4.206;U13.207;U14.210;U40.213;U12.214;U15.223;W1.223;U23.226;U9.235;U8.237;U9.237;U38.238;U10.240;U1.242;U36.246;U28.254;U7.255;U21.263;U1.270;U34.273;U36.274;U1.280;U19.284;U20.284;U21.288;U2.290;U13.291;U5.292;U25.297",TRUE,TRUE,"M1.1",TRUE,TRUE,0.00932192802429199,NA,NA,NA,NA,NA,NA,NA,NA,"M1.1",TRUE,TRUE,0.0058739185333252,NA,NA,NA,NA,NA,NA,NA,NA,"M1.1",TRUE,TRUE,0.0275731086730957,NA,NA,NA,NA,NA,NA,NA,NA
193,"model2",670,"large",13,0.12,1.45283114537597,0.655703232623637,1,1,0,3,22,1,0.38735231285522,0.428011918880286,"M2.1",22,"U1.193;U2.193;U3.193;U4.193;U5.193;U6.193;U7.193;U8.193;U9.193;U10.193;U11.193;U12.193;U13.193;U14.193;U15.193;U16.193;U17.193;U18.193;U19.193;U20.193;U21.193;U22.193",12,11,1,11,0,FALSE,TRUE,"U1.193;U4.193;U5.193;U7.193;U8.193;U9.193;U13.193;U15.193;U18.193;U19.193;U22.193;W1.193",98,18,80,4,79,FALSE,TRUE,"U5.2;U22.2;U25.2;U15.23;U13.28;U3.36;U2.42;U8.44;U7.46;U28.47;U13.50;U17.55;U6.61;U14.64;U11.65;U10.71;U29.71;U41.88;U40.89;U2.90;U3.90;U21.90;U12.91;U28.97;U29.98;U2.103;U32.106;U34.106;U4.111;U18.111;U25.111;U16.116;U3.122;W1.130;U10.133;U1.136;U25.147;U3.152;U2.154;U10.157;U3.158;U10.171;U2.172;U20.173;U1.175;U7.177;U19.179;U2.181;U3.189;U1.193;U3.193;U4.193;U5.193;U6.193;U7.193;U8.193;U9.193;U10.193;U11.193;U12.193;U13.193;U14.193;U15.193;U16.193;U18.193;U19.193;U22.193;W1.193;U7.194;U14.194;U5.196;U25.201;U35.204;U10.207;U27.208;U13.214;U24.216;U1.223;U8.236;U4.241;U3.243;U7.248;U25.251;U14.259;U26.259;U6.263;U9.270;W1.272;U26.274;U5.281;U1.282;U4.284;U7.290;U5.293;U8.294;U18.296;U28.296;U23.297",TRUE,TRUE,"M2.1",TRUE,TRUE,0.00619697570800781,NA,NA,NA,NA,NA,NA,NA,NA,"M2.1",TRUE,TRUE,0.00629782676696777,NA,NA,NA,NA,NA,NA,NA,NA,"M2.1",TRUE,TRUE,0.0236058235168457,NA,NA,NA,NA,NA,NA,NA,NA
194,"model3",670,"large",13,0.22,1.19379462720826,0.864614034770057,1,1,0,3,47,1,0.558665488755795,0.563536075295603,"M3",47,"U1.194;U2.194;U3.194;U4.194;U5.194;U6.194;U7.194;U8.194;U9.194;U10.194;U11.194;U12.194;U13.194;U14.194;U15.194;U16.194;U17.194;U18.194;U19.194;U20.194;U21.194;U22.194;U23.194;U24.194;U25.194;U26.194;U27.194;U28.194;U29.194;U30.194;U31.194;U32.194;U33.194;U34.194;U35.194;U36.194;U37.194;U38.194;U39.194;U40.194;U41.194;U42.194;U43.194;U44.194;U45.194;U46.194;U47.194",24,22,2,25,1,FALSE,TRUE,"U1.139;U1.194;U4.194;U6.194;U8.194;U12.194;U14.194;U16.194;U17.194;U20.194;U21.194;U23.194;U26.194;U27.194;U30.194;U32.194;U34.194;U36.194;U37.194;U40.194;U43.194;U44.194;U47.194;W1.194",103,39,64,8,63,FALSE,TRUE,"U6.6;U2.7;U11.12;U3.21;U21.22;U2.23;U19.32;U26.48;U14.53;U3.55;U1.71;U16.85;U19.88;U48.88;U2.93;U5.93;U26.93;U10.99;U18.99;U36.110;U31.113;U31.128;U41.134;U1.139;U22.142;U18.149;U13.152;U44.152;U3.163;U14.164;U3.168;U38.173;U10.175;U14.180;U17.183;U8.184;U11.186;U25.186;U7.189;U39.190;U12.191;U1.194;U2.194;U4.194;U6.194;U7.194;U8.194;U9.194;U10.194;U12.194;U13.194;U14.194;U16.194;U17.194;U18.194;U19.194;U20.194;U21.194;U22.194;U23.194;U24.194;U25.194;U26.194;U27.194;U29.194;U30.194;U31.194;U32.194;U34.194;U35.194;U36.194;U37.194;U38.194;U40.194;U41.194;U42.194;U43.194;U44.194;U45.194;U47.194;W1.194;U6.202;U35.204;U11.213;U3.216;U37.216;U49.216;U2.224;U4.226;U31.229;U18.232;U19.232;U6.236;U11.241;U20.253;U3.257;U6.270;U5.272;U10.274;U18.289;U29.290;U10.293;U21.293",TRUE,TRUE,"M4",FALSE,FALSE,0.011976957321167,NA,NA,NA,NA,NA,NA,NA,NA,"M4",FALSE,FALSE,0.0212907791137695,NA,NA,NA,NA,NA,NA,NA,NA,"M3",TRUE,TRUE,0.0410828590393066,NA,NA,NA,NA,NA,NA,NA,NA
195,"model4",670,"large",13,0.35,1.10841678024735,0.628894275869243,1,1,0,3,6,1,0.0869403828279271,0.0770948765463685,"M4",6,"U1.195;U2.195;U3.195;U4.195;U5.195;U6.195",5,4,1,2,1,FALSE,FALSE,"U14.52;U1.195;U2.195;U4.195;U6.195",75,5,70,1,70,FALSE,FALSE,"U5.8;U17.9;U25.17;U15.19;U24.33;U1.34;U27.44;U2.47;U7.49;U14.52;U9.54;U26.58;U31.62;U15.64;U26.67;U15.70;U1.73;U11.73;U17.85;U18.101;U7.106;U26.106;U30.106;U2.113;U26.120;U13.123;U19.133;U29.133;U21.136;U10.140;U8.145;U19.151;U8.153;U26.156;U38.156;U7.158;U37.172;U23.173;U34.183;U32.191;U1.195;U2.195;U4.195;U5.195;U6.195;U9.201;W1.201;U27.214;U41.216;U48.216;U10.224;U17.224;U36.229;U22.230;U27.232;U19.240;U17.245;U8.246;U9.246;U20.257;U30.259;U17.260;U24.262;U4.267;U12.270;U25.273;U30.273;W1.273;U5.278;U26.282;U8.285;U18.287;U16.289;U16.293;U23.297",TRUE,TRUE,"M4",TRUE,TRUE,0.00863909721374512,NA,NA,NA,NA,NA,NA,NA,NA,"M4",TRUE,TRUE,0.00397181510925293,NA,NA,NA,NA,NA,NA,NA,NA,"M4",TRUE,TRUE,0.019193172454834,NA,NA,NA,NA,NA,NA,NA,NA
196,"model0",670,"small",14,0.38,0.10796636287123,0.265874405670911,1,1,0,3,10,1,0.286437093734068,0.183461657015509,"M0.1",10,"U1.196;U2.196;U3.196;U4.196;U5.196;U6.196;U7.196;U8.196;U9.196;U10.196",7,6,1,4,0,FALSE,TRUE,"U1.196;U2.196;U3.196;U5.196;U8.196;U9.196;W1.196",82,7,75,3,74,FALSE,TRUE,"U6.1;U2.6;U16.7;U38.10;U2.12;U1.14;U7.19;U27.25;U8.26;U12.26;U3.30;U9.32;U39.33;U4.36;U2.45;U4.46;U16.57;U30.59;U50.59;U2.68;U15.68;U49.79;U3.82;U4.85;U42.88;U5.99;U2.100;U35.103;U33.110;U26.113;U33.113;U14.116;U18.116;U5.120;U16.128;U12.135;U2.138;U18.142;U43.144;U13.149;U10.155;U19.155;U33.156;U13.157;U2.158;U33.164;U6.168;U36.168;U17.174;U16.177;U1.182;U11.182;U14.186;U1.192;U1.196;U2.196;U3.196;U5.196;U7.196;U8.196;U9.196;W1.196;U22.197;U9.205;W1.206;U22.208;U33.213;U26.216;U24.221;U26.226;U36.227;U25.229;U2.242;U13.248;W1.250;U25.253;U11.255;U27.259;U1.260;U7.275;U8.277;U10.287",TRUE,TRUE,"Other",FALSE,FALSE,0.00421905517578125,NA,NA,NA,NA,NA,NA,NA,NA,"Other",FALSE,FALSE,0.00448298454284668,NA,NA,NA,NA,NA,NA,NA,NA,"Other",FALSE,FALSE,0.0214929580688477,NA,NA,NA,NA,NA,NA,NA,NA
197,"model1",670,"small",14,0.36,0.483508097007871,0.145636020274833,1,1,0,3,29,1,0.517344287360539,0.433998764198489,"M1.1",29,"U1.197;U2.197;U3.197;U4.197;U5.197;U6.197;U7.197;U8.197;U9.197;U10.197;U11.197;U12.197;U13.197;U14.197;U15.197;U16.197;U17.197;U18.197;U19.197;U20.197;U21.197;U22.197;U23.197;U24.197;U25.197;U26.197;U27.197;U28.197;U29.197",18,17,1,12,0,FALSE,TRUE,"U1.197;U2.197;U3.197;U5.197;U8.197;U9.197;U11.197;U13.197;U14.197;U15.197;U16.197;U17.197;U19.197;U23.197;U24.197;U25.197;U28.197;W1.197",92,26,66,3,65,FALSE,TRUE,"U10.8;U8.9;U12.9;U16.28;U1.30;U4.41;U10.41;U7.44;U4.47;U13.51;W1.58;U16.62;U9.64;U3.65;W1.72;U2.73;U32.76;U30.85;U4.87;U14.95;U4.96;U25.97;U2.103;U6.105;U3.110;U19.112;U11.116;U6.118;U15.123;U7.125;U10.128;U24.128;U17.142;U44.152;U7.153;U6.155;U4.159;U1.162;U13.182;U13.193;U1.197;U2.197;U3.197;U4.197;U5.197;U7.197;U8.197;U9.197;U10.197;U11.197;U13.197;U14.197;U15.197;U16.197;U17.197;U18.197;U19.197;U20.197;U21.197;U23.197;U24.197;U25.197;U26.197;U27.197;U28.197;U29.197;W1.197;U6.205;U9.205;U16.218;U32.219;U6.221;U19.226;U18.230;U15.235;U13.240;U12.246;U34.246;U22.251;U23.253;U2.255;U28.258;U30.261;U16.262;U25.273;U5.275;U28.275;U3.278;U20.289;U10.291;U1.294;U34.297",TRUE,TRUE,"M1.1",TRUE,TRUE,0.00845479965209961,NA,NA,NA,NA,NA,NA,NA,NA,"M1.1",TRUE,TRUE,0.00657486915588379,NA,NA,NA,NA,NA,NA,NA,NA,"M1.1",TRUE,TRUE,0.0329158306121826,NA,NA,NA,NA,NA,NA,NA,NA
198,"model2",670,"small",14,0.07,0.29002194814384,0.22736911457032,1,1,0,3,7,1,0.202110717270435,0.239887902426736,"M2.1",7,"U1.198;U2.198;U3.198;U4.198;U5.198;U6.198;U7.198",7,6,1,1,1,FALSE,FALSE,"U1.198;U2.198;U3.198;U4.198;U6.198;U7.198;U36.248",75,7,68,0,67,FALSE,TRUE,"U4.2;U14.6;U13.17;U33.21;U22.33;U15.44;U11.46;U12.48;U28.50;U15.65;U5.67;U1.70;U6.70;U13.70;U23.73;U2.77;U3.79;U12.88;U37.88;U21.90;U3.96;U9.103;U17.106;U35.106;U10.112;U5.114;U3.118;U17.119;U5.130;U14.134;U21.136;U4.154;U2.155;U2.157;U15.161;U9.167;U20.167;U4.177;U4.182;U16.182;U8.187;U3.188;U31.191;U1.198;U2.198;U3.198;U4.198;U5.198;U6.198;U7.198;W1.198;U11.206;U42.216;U49.216;U14.221;U24.224;U34.226;U44.226;U9.227;U14.238;U30.239;U16.241;U7.247;U36.248;U13.254;U12.255;U10.256;U1.260;U41.274;U22.280;U8.285;U10.293;U32.296;U37.296;U39.296",TRUE,TRUE,"M1.1",FALSE,FALSE,0.00557899475097656,NA,NA,NA,NA,NA,NA,NA,NA,"M1.1",FALSE,FALSE,0.00507092475891113,NA,NA,NA,NA,NA,NA,NA,NA,"M1.1",FALSE,FALSE,0.0204100608825684,NA,NA,NA,NA,NA,NA,NA,NA
199,"model3",670,"small",14,0.06,0.476253440231085,0.134017604822293,1,1,0,3,10,1,0.37772903783296,0.277925696731375,"M3",10,"U1.199;U2.199;U3.199;U4.199;U5.199;U6.199;U7.199;U8.199;U9.199;U10.199",12,10,2,0,1,FALSE,TRUE,"U1.199;U2.199;U3.199;U4.199;U5.199;U6.199;U7.199;U8.199;U9.199;U10.199;W1.199;U9.259",94,10,84,0,83,FALSE,TRUE,"U2.9;U16.14;W1.18;U2.25;U3.29;U7.31;U7.32;U10.32;U1.35;U14.39;U13.41;U4.43;U2.44;U8.47;U29.61;U15.62;U25.67;U11.73;U10.76;U12.87;U30.87;U3.97;U17.97;U19.98;U16.99;U6.103;U8.104;U2.115;U17.119;U16.123;U20.129;U6.132;U15.132;U7.135;U5.142;U36.142;U1.145;U2.153;U21.167;U16.174;U4.178;U19.178;U21.178;U2.179;U5.183;U30.185;U4.186;U5.187;U13.189;U34.191;U44.194;U5.196;U27.197;U1.199;U2.199;U3.199;U4.199;U5.199;U6.199;U7.199;U8.199;U9.199;U10.199;W1.199;U2.206;U40.206;U24.216;U21.221;U5.223;U38.223;U29.232;U6.236;U17.236;U23.238;U11.241;U2.244;U18.253;U11.254;U16.255;U9.259;U20.262;U36.262;U2.264;U2.268;U11.273;U38.274;U1.275;U18.275;U8.283;U34.285;U32.292;U41.293;U8.294;U23.297",TRUE,TRUE,"M3",TRUE,TRUE,0.00728893280029297,NA,NA,NA,NA,NA,NA,NA,NA,"M3",TRUE,TRUE,0.00585484504699707,NA,NA,NA,NA,NA,NA,NA,NA,"M3",TRUE,TRUE,0.0221669673919678,NA,NA,NA,NA,NA,NA,NA,NA
200,"model4",670,"small",14,0.48,0.181467720586807,0.103405835293233,1,1,0,3,18,1,0.405644428149688,0.383648969586334,"M4",18,"U1.200;U2.200;U3.200;U4.200;U5.200;U6.200;U7.200;U8.200;U9.200;U10.200;U11.200;U12.200;U13.200;U14.200;U15.200;U16.200;U17.200;U18.200",13,12,1,6,0,FALSE,TRUE,"U1.200;U5.200;U6.200;U7.200;U10.200;U11.200;U13.200;U14.200;U15.200;U16.200;U17.200;U18.200;W1.200",80,16,64,2,63,FALSE,TRUE,"U19.1;W1.4;U17.9;U29.10;U20.12;U20.17;U5.22;U27.24;U20.39;U11.47;U14.52;U16.67;U19.69;U17.79;U38.79;U33.95;U4.100;U6.100;U14.113;U33.118;U7.129;U7.130;U23.133;U5.134;U17.137;U2.138;U10.145;U2.150;U26.171;U2.181;U7.183;U19.183;U1.188;U41.188;U30.191;U12.192;U8.193;U20.193;U1.200;U2.200;U5.200;U6.200;U7.200;U8.200;U9.200;U10.200;U11.200;U12.200;U13.200;U14.200;U15.200;U16.200;U17.200;U18.200;W1.200;U2.202;U14.202;U21.202;U3.203;U47.206;U7.211;U12.213;U21.216;U27.216;U27.219;U39.223;U19.230;U26.235;U21.249;U30.250;U1.251;U9.254;U5.257;U35.259;U42.260;U2.262;U34.266;U1.280;U5.286;U21.294",TRUE,TRUE,"M4",TRUE,TRUE,0.00661897659301758,NA,NA,NA,NA,NA,NA,NA,NA,"M3",FALSE,FALSE,0.00538897514343262,NA,NA,NA,NA,NA,NA,NA,NA,"M3",FALSE,FALSE,0.0291111469268799,NA,NA,NA,NA,NA,NA,NA,NA
201,"model0",670,"medium",14,0.04,0.626535320654511,0.494741661846638,1,1,0,3,32,1,0.431112015851344,0.580537928624208,"M0.1",32,"U1.201;U2.201;U3.201;U4.201;U5.201;U6.201;U7.201;U8.201;U9.201;U10.201;U11.201;U12.201;U13.201;U14.201;U15.201;U16.201;U17.201;U18.201;U19.201;U20.201;U21.201;U22.201;U23.201;U24.201;U25.201;U26.201;U27.201;U28.201;U29.201;U30.201;U31.201;U32.201",22,20,2,12,1,FALSE,TRUE,"U13.111;U1.201;U3.201;U4.201;U5.201;U8.201;U9.201;U11.201;U14.201;U16.201;U17.201;U18.201;U19.201;U21.201;U22.201;U24.201;U25.201;U26.201;U27.201;U28.201;U31.201;W1.201",90,25,65,7,64,FALSE,TRUE,"U11.1;U21.5;U3.7;U23.7;U7.9;U14.24;U4.30;U3.39;U12.39;U11.40;U31.48;U24.52;U27.52;U12.55;U8.58;U6.59;U48.59;U12.60;U21.61;U34.69;U6.71;U8.78;U24.88;U13.97;U17.101;U26.104;U28.104;U2.105;U23.110;U13.111;U20.111;U23.118;U18.128;W1.131;U27.134;U5.135;U13.136;U25.139;U34.168;U34.172;U35.173;U26.183;U7.196;U1.201;U2.201;U3.201;U4.201;U5.201;U7.201;U8.201;U9.201;U11.201;U14.201;U15.201;U16.201;U17.201;U18.201;U19.201;U21.201;U22.201;U23.201;U24.201;U25.201;U26.201;U27.201;U28.201;U31.201;U32.201;W1.201;U24.218;W1.220;W1.225;U34.229;U35.229;U19.232;U5.241;U21.245;U42.248;U31.257;U9.264;U27.264;U25.270;U6.284;U7.286;U12.287;U12.288;U19.288;W1.290;U28.292;U33.293",TRUE,TRUE,"M0.1",TRUE,TRUE,0.00825405120849609,NA,NA,NA,NA,NA,NA,NA,NA,"M0.1",TRUE,TRUE,0.0053870677947998,NA,NA,NA,NA,NA,NA,NA,NA,"M0.1",TRUE,TRUE,0.0216729640960693,NA,NA,NA,NA,NA,NA,NA,NA
202,"model1",670,"medium",14,0.27,0.517729490529746,0.321316543966532,1,1,0,3,29,1,0.517573747469146,0.615629199633412,"M1.1",29,"U1.202;U2.202;U3.202;U4.202;U5.202;U6.202;U7.202;U8.202;U9.202;U10.202;U11.202;U12.202;U13.202;U14.202;U15.202;U16.202;U17.202;U18.202;U19.202;U20.202;U21.202;U22.202;U23.202;U24.202;U25.202;U26.202;U27.202;U28.202;U29.202",21,19,2,10,1,FALSE,TRUE,"U17.12;U2.202;U3.202;U5.202;U7.202;U8.202;U9.202;U10.202;U11.202;U12.202;U13.202;U14.202;U16.202;U18.202;U20.202;U22.202;U23.202;U24.202;U25.202;U27.202;W1.202",142,27,115,2,114,FALSE,TRUE,"U3.1;U14.5;U9.10;U5.11;U17.12;U23.17;U20.21;U21.23;U14.26;U13.28;U40.33;W1.40;U4.42;U16.44;W1.44;U19.46;U7.47;U9.48;U3.49;U10.52;U15.52;U22.52;U8.54;U28.58;U29.59;U9.60;U21.61;W1.61;U3.63;U13.64;U13.65;U4.68;U25.69;U11.70;U2.71;U18.81;U14.82;U4.98;U17.99;U37.106;U2.115;U34.118;U21.120;U4.131;U21.134;U19.137;U10.139;U44.144;U13.146;U6.151;U24.155;U35.156;U18.161;U8.163;U43.163;U5.164;U35.171;U28.172;U26.178;U36.183;U39.183;U13.186;U27.186;U29.186;U4.189;U17.189;U27.190;U44.194;W1.194;U1.195;U25.197;U1.199;U2.199;U1.202;U2.202;U3.202;U4.202;U5.202;U7.202;U8.202;U9.202;U10.202;U11.202;U12.202;U13.202;U14.202;U15.202;U16.202;U17.202;U18.202;U19.202;U20.202;U22.202;U23.202;U24.202;U25.202;U26.202;U27.202;U28.202;U29.202;W1.202;U25.205;U20.206;U23.213;U11.214;U26.216;U20.218;U10.221;W1.223;U24.224;U29.224;U6.225;U36.229;U19.236;U8.239;U25.240;U3.244;U3.245;U36.248;U36.254;U49.254;U7.256;U17.257;U32.258;U8.260;U31.261;U7.267;U3.270;U16.270;U11.275;U7.276;U14.282;W1.282;U24.284;U3.287;U22.287;U8.290;U2.294;U43.296;U29.297;U1.298;U5.300",TRUE,TRUE,"M1.1",TRUE,TRUE,0.00754189491271973,NA,NA,NA,NA,NA,NA,NA,NA,"M1.1",TRUE,TRUE,0.00553107261657715,NA,NA,NA,NA,NA,NA,NA,NA,"M1.1",TRUE,TRUE,0.0421040058135986,NA,NA,NA,NA,NA,NA,NA,NA
203,"model2",670,"medium",14,0.35,0.537279360112734,0.411701319878921,1,1,0,3,8,1,0.213659735858774,0.358035231739403,"M2.1",8,"U1.203;U2.203;U3.203;U4.203;U5.203;U6.203;U7.203;U8.203",9,7,2,1,1,FALSE,TRUE,"U1.203;U2.203;U3.203;U4.203;U6.203;U7.203;U8.203;W1.203;U20.222",96,7,89,1,88,FALSE,TRUE,"W1.1;U12.3;U5.17;U12.21;U5.23;U13.24;U4.26;U6.31;U11.31;U10.32;U9.33;U30.40;U2.43;U7.44;U14.47;U27.53;U13.73;U22.85;U6.87;U18.87;U34.87;U9.91;U19.92;U25.92;U15.97;U6.100;W1.104;U37.106;U2.107;U5.108;U21.110;U11.113;U1.115;U17.118;U27.118;U8.121;U1.129;U25.129;U27.129;W1.129;U17.132;U4.133;U7.140;U28.144;U6.150;U19.151;U2.154;U9.156;W1.161;U32.163;U1.165;U4.169;U26.171;U39.172;U8.192;U1.203;U2.203;U3.203;U4.203;U6.203;U7.203;U8.203;W1.203;U6.205;U5.206;W1.206;U1.207;U11.213;U12.219;U14.219;U30.221;U20.222;U11.226;U18.232;U24.232;U2.234;U4.235;U12.239;U29.239;U8.242;U14.242;U25.248;U10.249;U11.251;U29.260;U23.261;U18.262;U34.262;U22.275;U18.280;U2.284;U27.289;U21.290;U3.295;U12.295;U3.299",TRUE,TRUE,"M2.1",TRUE,TRUE,0.0045158863067627,NA,NA,NA,NA,NA,NA,NA,NA,"M2.1",TRUE,TRUE,0.0045170783996582,NA,NA,NA,NA,NA,NA,NA,NA,"M2.1",TRUE,TRUE,0.026231050491333,NA,NA,NA,NA,NA,NA,NA,NA
204,"model3",670,"medium",14,0.19,0.749324191943742,0.312575858877972,1,1,0,3,40,1,0.593883882044866,0.647296990088963,"M3",40,"U1.204;U2.204;U3.204;U4.204;U5.204;U6.204;U7.204;U8.204;U9.204;U10.204;U11.204;U12.204;U13.204;U14.204;U15.204;U16.204;U17.204;U18.204;U19.204;U20.204;U21.204;U22.204;U23.204;U24.204;U25.204;U26.204;U27.204;U28.204;U29.204;U30.204;U31.204;U32.204;U33.204;U34.204;U35.204;U36.204;U37.204;U38.204;U39.204;U40.204",24,22,2,18,2,FALSE,FALSE,"U13.110;U2.204;U4.204;U5.204;U6.204;U7.204;U8.204;U11.204;U12.204;U14.204;U15.204;U20.204;U22.204;U23.204;U24.204;U25.204;U26.204;U27.204;U28.204;U30.204;U31.204;U37.204;U38.204;U4.229",105,31,74,9,73,FALSE,TRUE,"U13.1;U11.2;U25.5;U23.7;U11.12;U29.17;W1.32;U6.34;U3.36;U19.40;U30.47;U14.48;U18.49;U32.53;U12.61;U23.67;U1.68;U17.71;U4.75;U7.79;U6.85;U39.89;U23.90;U4.101;U13.110;U18.110;U22.111;U9.132;U15.134;U20.136;U5.141;U5.143;U25.149;U20.152;U34.152;U36.152;U5.153;U3.157;U12.157;U11.163;U45.163;U43.168;U15.172;U23.173;U34.181;W1.185;U42.188;U25.190;U43.190;U3.197;U5.201;U2.204;U3.204;U4.204;U5.204;U6.204;U7.204;U8.204;U11.204;U12.204;U13.204;U14.204;U15.204;U16.204;U17.204;U19.204;U20.204;U22.204;U23.204;U24.204;U25.204;U26.204;U27.204;U28.204;U29.204;U30.204;U31.204;U32.204;U33.204;U37.204;U38.204;U39.204;W1.204;U24.206;U4.229;U6.230;U9.231;U22.235;U14.238;U42.239;U2.241;U16.243;U9.253;U22.257;U24.257;U4.258;U19.259;U7.260;U41.260;U14.274;U14.275;U5.280;W1.287;U9.291;U24.297",TRUE,TRUE,"M3",TRUE,TRUE,0.0115699768066406,NA,NA,NA,NA,NA,NA,NA,NA,"M3",TRUE,TRUE,0.00660991668701172,NA,NA,NA,NA,NA,NA,NA,NA,"M3",TRUE,TRUE,0.0311257839202881,NA,NA,NA,NA,NA,NA,NA,NA
205,"model4",670,"medium",14,0.05,0.526308368542232,0.485445512225851,1,1,0,3,38,1,0.566554445733703,0.541697253245115,"M4",38,"U1.205;U2.205;U3.205;U4.205;U5.205;U6.205;U7.205;U8.205;U9.205;U10.205;U11.205;U12.205;U13.205;U14.205;U15.205;U16.205;U17.205;U18.205;U19.205;U20.205;U21.205;U22.205;U23.205;U24.205;U25.205;U26.205;U27.205;U28.205;U29.205;U30.205;U31.205;U32.205;U33.205;U34.205;U35.205;U36.205;U37.205;U38.205",20,19,1,19,0,FALSE,TRUE,"U1.205;U2.205;U5.205;U10.205;U12.205;U13.205;U14.205;U15.205;U17.205;U20.205;U22.205;U23.205;U25.205;U26.205;U27.205;U28.205;U35.205;U36.205;U38.205;W1.205",124,33,91,5,90,FALSE,TRUE,"U24.2;U3.4;U2.6;U26.17;U17.22;U14.24;U27.24;U12.47;U36.48;U6.49;U35.50;U20.53;U11.58;U26.62;U7.66;U12.71;U27.71;U15.73;U21.73;U32.76;U34.79;U18.81;U32.85;U6.87;U1.93;U9.94;U19.96;U12.97;U32.98;U30.103;U41.106;U32.110;U4.111;U10.112;U19.112;U34.113;U21.116;U24.120;U1.127;U33.130;U3.131;W1.131;U32.133;U2.138;U17.141;U10.146;U27.149;U1.155;U12.157;U3.160;U25.167;U9.169;U15.170;U13.174;U12.181;U8.182;U16.182;U25.186;U18.191;U3.195;U1.205;U2.205;U5.205;U6.205;U7.205;U9.205;U10.205;U11.205;U12.205;U13.205;U14.205;U15.205;U16.205;U17.205;U18.205;U19.205;U20.205;U21.205;U22.205;U23.205;U24.205;U25.205;U26.205;U27.205;U28.205;U30.205;U31.205;U32.205;U33.205;U34.205;U35.205;U36.205;U38.205;W1.205;U4.206;U9.208;U22.210;U35.216;U44.216;U5.220;U29.221;U12.224;U19.230;U32.232;U1.241;U17.245;U47.248;U49.248;U9.249;U10.250;U26.257;U36.260;U10.262;U13.264;U11.266;U7.282;U17.288;W1.288;U26.290;W1.290;U4.292;U8.292;U13.296;U32.297",TRUE,TRUE,"M1.2",FALSE,FALSE,0.00971198081970215,NA,NA,NA,NA,NA,NA,NA,NA,"M1.2",FALSE,FALSE,0.00631189346313477,NA,NA,NA,NA,NA,NA,NA,NA,"M1.2",FALSE,FALSE,0.0347230434417725,NA,NA,NA,NA,NA,NA,NA,NA
206,"model0",670,"large",14,0.27,1.43177311436739,0.812004602397792,1,1,0,3,49,1,0.5389949605903,0.650989598324018,"M0.1",49,"U1.206;U2.206;U3.206;U4.206;U5.206;U6.206;U7.206;U8.206;U9.206;U10.206;U11.206;U12.206;U13.206;U14.206;U15.206;U16.206;U17.206;U18.206;U19.206;U20.206;U21.206;U22.206;U23.206;U24.206;U25.206;U26.206;U27.206;U28.206;U29.206;U30.206;U31.206;U32.206;U33.206;U34.206;U35.206;U36.206;U37.206;U38.206;U39.206;U40.206;U41.206;U42.206;U43.206;U44.206;U45.206;U46.206;U47.206;U48.206;U49.206",18,18,0,31,0,FALSE,FALSE,"U2.206;U6.206;U8.206;U10.206;U11.206;U13.206;U17.206;U20.206;U22.206;U27.206;U28.206;U29.206;U30.206;U32.206;U34.206;U35.206;U39.206;U47.206",107,38,69,11,69,FALSE,FALSE,"U9.7;U20.25;U30.33;U9.41;U16.47;U1.49;U11.53;U2.60;U12.60;U18.61;U27.61;U23.62;U10.70;U12.79;U3.82;U5.88;U9.92;U3.94;U36.98;U7.102;U41.104;U6.110;U1.121;U9.121;U4.125;U18.136;U7.138;U3.141;U15.142;U7.163;U17.164;U18.164;U35.164;U19.171;U24.178;U14.179;U25.179;U18.185;U25.191;U15.194;U33.194;U6.201;U1.206;U2.206;U4.206;U6.206;U7.206;U8.206;U10.206;U11.206;U12.206;U13.206;U15.206;U17.206;U18.206;U20.206;U21.206;U22.206;U23.206;U24.206;U25.206;U26.206;U27.206;U28.206;U29.206;U30.206;U31.206;U32.206;U33.206;U34.206;U35.206;U36.206;U37.206;U39.206;U41.206;U43.206;U44.206;U46.206;U47.206;U48.206;U13.216;U25.216;W1.222;U22.223;U17.224;U32.227;U31.229;U18.245;U32.246;U27.253;U5.255;U15.255;U11.257;U40.257;U27.259;U10.260;U10.266;U31.266;U28.273;U11.277;U12.280;U24.281;U37.285;U13.289;U4.290;U8.290;U15.296",TRUE,TRUE,"M1.1",FALSE,FALSE,0.0253450870513916,NA,NA,NA,NA,NA,NA,NA,NA,"M1.1",FALSE,FALSE,0.00695395469665527,NA,NA,NA,NA,NA,NA,NA,NA,"M1.1",FALSE,FALSE,0.0271480083465576,NA,NA,NA,NA,NA,NA,NA,NA
207,"model1",670,"large",14,0.31,1.00029341923073,0.993125917739235,1,1,0,3,13,1,0.338042619078239,0.428449513079317,"M1.1",13,"U1.207;U2.207;U3.207;U4.207;U5.207;U6.207;U7.207;U8.207;U9.207;U10.207;U11.207;U12.207;U13.207",13,11,2,2,1,FALSE,TRUE,"U13.69;U1.207;U2.207;U4.207;U6.207;U7.207;U8.207;U9.207;U10.207;U11.207;U12.207;U13.207;W1.207",79,13,66,0,65,FALSE,TRUE,"U5.1;U12.6;U6.11;U13.19;U5.25;U12.26;U15.32;U28.50;U13.52;U4.56;U30.62;U41.62;U13.69;U1.77;U30.79;U17.87;U18.87;U20.95;U47.98;U1.109;U35.110;U2.111;U9.118;U20.129;U24.130;U8.132;U25.139;U3.141;U5.142;U2.143;U8.147;U10.155;U13.155;U4.157;U7.171;U26.173;U10.185;U9.186;U14.186;U1.188;U30.189;U35.190;U3.192;U4.193;U11.193;U1.194;U37.194;U12.201;U27.202;U1.207;U2.207;U3.207;U4.207;U5.207;U6.207;U7.207;U8.207;U9.207;U10.207;U11.207;U12.207;U13.207;W1.207;U14.216;U38.216;U6.218;U19.227;U24.227;U26.229;U13.243;U21.254;U18.257;U21.258;U37.262;U12.266;U2.274;U37.285;U3.287;U9.289",TRUE,TRUE,"M1.1",TRUE,TRUE,0.00702095031738281,NA,NA,NA,NA,NA,NA,NA,NA,"M1.1",TRUE,TRUE,0.0130548477172852,NA,NA,NA,NA,NA,NA,NA,NA,"M1.1",TRUE,TRUE,0.0231850147247314,NA,NA,NA,NA,NA,NA,NA,NA
208,"model2",670,"large",14,0.18,1.38784299953841,0.641126476228237,1,1,0,3,27,1,0.518532739888638,0.556070605577978,"M2.1",27,"U1.208;U2.208;U3.208;U4.208;U5.208;U6.208;U7.208;U8.208;U9.208;U10.208;U11.208;U12.208;U13.208;U14.208;U15.208;U16.208;U17.208;U18.208;U19.208;U20.208;U21.208;U22.208;U23.208;U24.208;U25.208;U26.208;U27.208",17,16,1,11,0,FALSE,TRUE,"U2.208;U3.208;U5.208;U7.208;U9.208;U10.208;U12.208;U14.208;U15.208;U16.208;U17.208;U19.208;U21.208;U24.208;U26.208;U27.208;W1.208",109,21,88,6,87,FALSE,TRUE,"U14.2;U22.5;U23.7;U16.10;U24.12;U1.13;U15.14;U1.17;U2.28;U22.48;U37.48;U11.49;U30.53;U19.60;U23.67;U4.76;U18.81;U31.85;U22.90;U23.90;U30.97;U9.102;U12.116;U6.125;U6.127;U8.128;U12.132;U38.133;U18.135;W1.135;U17.137;U20.139;U13.140;U15.143;U13.146;U25.147;U2.150;U8.150;U24.150;U14.155;U8.167;U14.168;U29.168;U31.171;U31.180;U3.181;U7.188;U10.188;U23.191;U28.191;U15.200;U4.206;U32.206;U37.206;U49.206;U2.208;U3.208;U4.208;U5.208;U6.208;U7.208;U8.208;U9.208;U10.208;U12.208;U13.208;U14.208;U15.208;U16.208;U17.208;U19.208;U21.208;U22.208;U24.208;U26.208;U27.208;W1.208;U39.213;U8.219;U14.224;U26.224;U4.229;U31.229;U11.232;U25.235;W1.239;U11.240;U1.242;U18.245;U15.253;U23.253;U36.254;U47.254;U7.257;W1.257;U3.269;U16.273;U33.273;U19.274;U30.275;U25.281;U25.282;U23.288;U29.289;U14.292;U8.293;U14.294;U17.296;U33.296",TRUE,TRUE,"M2.1",TRUE,TRUE,0.00621390342712402,NA,NA,NA,NA,NA,NA,NA,NA,"M2.1",TRUE,TRUE,0.0100810527801514,NA,NA,NA,NA,NA,NA,NA,NA,"M2.1",TRUE,TRUE,0.0239880084991455,NA,NA,NA,NA,NA,NA,NA,NA
209,"model3",670,"large",14,0.5,1.00299945299048,0.52760290063452,1,1,0,3,5,1,0.167244826123375,0.0479504938084459,"M3",5,"U1.209;U2.209;U3.209;U4.209;U5.209",4,3,1,2,0,FALSE,TRUE,"U1.209;U2.209;U5.209;W1.209",81,4,77,1,76,FALSE,TRUE,"U23.3;U29.5;U33.5;U9.6;U8.8;U14.8;U2.9;U8.9;U4.31;U44.33;U2.49;U22.53;U28.61;U14.63;U2.65;U15.65;U5.66;U18.71;U32.85;W1.86;U12.87;U21.89;U21.95;U13.98;U15.99;U11.104;U34.104;W1.104;U15.106;U8.108;U7.109;U23.110;U17.116;U10.118;U2.119;U5.122;U10.128;U30.130;U2.136;U19.136;W1.154;U11.160;U40.164;U15.168;W1.169;U9.173;U10.173;U1.178;U12.181;U14.181;U5.185;U8.185;U18.186;U34.186;U2.187;U17.190;U33.194;U37.205;U1.209;U2.209;U3.209;U5.209;W1.209;U1.210;U16.210;U42.213;U10.223;U8.231;U18.235;U40.239;U13.245;U12.247;U6.248;U8.251;W1.252;U35.254;U13.278;U41.285;U17.287;U14.290;U25.296",TRUE,TRUE,"M3",TRUE,TRUE,0.00484299659729004,NA,NA,NA,NA,NA,NA,NA,NA,"M3",TRUE,TRUE,0.00300097465515137,NA,NA,NA,NA,NA,NA,NA,NA,"M3",TRUE,TRUE,0.0210649967193604,NA,NA,NA,NA,NA,NA,NA,NA
210,"model4",670,"large",14,0.2,1.17354864743538,0.518975960090756,1,1,0,3,25,1,0.333518061094498,0.174004508579637,"M4",25,"U1.210;U2.210;U3.210;U4.210;U5.210;U6.210;U7.210;U8.210;U9.210;U10.210;U11.210;U12.210;U13.210;U14.210;U15.210;U16.210;U17.210;U18.210;U19.210;U20.210;U21.210;U22.210;U23.210;U24.210;U25.210",15,12,3,13,2,FALSE,TRUE,"U19.19;U1.210;U2.210;U4.210;U6.210;U7.210;U11.210;U13.210;U17.210;U18.210;U20.210;U24.210;U25.210;W1.210;U2.300",85,15,70,10,69,FALSE,TRUE,"U23.12;U8.16;U1.18;U19.19;U5.43;U9.44;U12.46;U27.48;U1.49;U5.53;U4.56;U5.56;W1.62;U3.78;U11.82;U28.92;U44.98;U35.103;U43.106;U1.108;U27.110;U8.113;U10.125;U21.129;U7.132;U12.134;U11.139;U9.141;U2.153;U20.163;U8.167;U9.171;W1.172;U24.173;U2.176;U4.178;U11.181;U16.182;U22.183;U3.188;U25.190;U2.196;U21.201;U28.204;U31.204;U15.205;U28.205;U1.210;U2.210;U4.210;U5.210;U6.210;U7.210;U11.210;U13.210;U14.210;U17.210;U18.210;U20.210;U23.210;U24.210;U25.210;W1.210;U13.219;U15.219;U35.219;U4.220;U1.225;U7.225;U1.228;U5.229;U31.229;U12.230;U10.231;W1.234;U1.241;U15.242;U9.243;U16.258;U28.264;U28.282;U4.284;U23.293;U43.296;U2.300",TRUE,TRUE,"M4",TRUE,TRUE,0.00626707077026367,NA,NA,NA,NA,NA,NA,NA,NA,"M4",TRUE,TRUE,0.00619888305664062,NA,NA,NA,NA,NA,NA,NA,NA,"M4",TRUE,TRUE,0.0203990936279297,NA,NA,NA,NA,NA,NA,NA,NA
211,"model0",670,"small",15,0.46,0.161363395489752,0.276740424567834,1,1,0,3,7,1,0.259818872082521,0.328243176466365,"M0.1",7,"U1.211;U2.211;U3.211;U4.211;U5.211;U6.211;U7.211",8,7,1,0,0,FALSE,TRUE,"U1.211;U2.211;U3.211;U4.211;U5.211;U6.211;U7.211;W1.211",79,7,72,0,71,FALSE,TRUE,"U25.2;U3.8;U5.11;U19.21;U5.24;W1.25;U3.34;U19.39;U17.47;U24.48;U15.50;U3.54;U13.57;U9.59;U43.60;W1.65;U8.68;U2.72;U18.73;U18.79;U42.79;U29.89;U12.94;U31.98;U8.100;U2.101;U2.105;U30.106;U23.110;U28.118;U37.118;U5.128;U22.130;U10.133;U8.134;U38.134;U4.136;U2.139;U13.141;U15.146;U9.164;U43.168;U17.178;U13.180;U3.186;U16.189;U17.189;U37.190;U43.191;U23.206;U1.211;U2.211;U3.211;U4.211;U5.211;U6.211;U7.211;W1.211;U10.219;U23.224;U9.226;U36.229;U24.230;U9.237;U14.238;U17.240;U4.241;U14.246;U49.248;U1.257;U4.257;U40.260;U8.262;U19.264;U4.274;U26.282;U6.286;W1.291;U2.294",TRUE,TRUE,"M0.1",TRUE,TRUE,0.0134570598602295,NA,NA,NA,NA,NA,NA,NA,NA,"M0.1",TRUE,TRUE,0.00391912460327148,NA,NA,NA,NA,NA,NA,NA,NA,"M1.1",FALSE,FALSE,0.138268947601318,NA,NA,NA,NA,NA,NA,NA,NA
212,"model1",670,"small",15,0.09,0.149257330037653,0.124602141603827,1,1,0,3,4,1,0.186228320373972,0.123886566656651,"M1.1",4,"U1.212;U2.212;U3.212;U4.212",6,3,3,1,2,FALSE,TRUE,"U2.212;U3.212;U4.212;W1.212;U31.218;U31.254",69,4,65,0,64,FALSE,TRUE,"U21.2;U15.9;U43.33;U1.39;U2.39;U41.52;U29.61;U7.65;U12.68;U12.69;U8.71;U9.72;U24.73;U10.75;U15.82;U19.90;U15.98;U17.98;U8.104;U34.104;U11.112;U18.118;U1.119;U20.120;U23.128;U22.139;U15.140;U21.141;U8.143;U9.153;U15.154;U6.156;U33.164;W1.168;U15.171;U7.172;U19.181;U20.186;W1.189;U5.204;W1.207;U1.212;U2.212;U3.212;U4.212;W1.212;U28.213;U18.216;U6.218;U31.218;U30.223;U10.226;U6.231;U6.242;U12.243;U15.245;U21.245;U35.246;U1.247;U12.250;U6.254;U31.254;U29.257;U14.263;U2.264;U27.266;U4.285;U17.285;U41.285",TRUE,TRUE,"Other",FALSE,FALSE,0.00345492362976074,NA,NA,NA,NA,NA,NA,NA,NA,"Other",FALSE,FALSE,0.00306510925292969,NA,NA,NA,NA,NA,NA,NA,NA,"Other",FALSE,FALSE,0.0144569873809814,NA,NA,NA,NA,NA,NA,NA,NA
213,"model2",670,"small",15,0.36,0.411712068133056,0.262448654696345,1,1,0,3,50,1,0.662557803713946,0.647347810719499,"M2.1",50,"U1.213;U2.213;U3.213;U4.213;U5.213;U6.213;U7.213;U8.213;U9.213;U10.213;U11.213;U12.213;U13.213;U14.213;U15.213;U16.213;U17.213;U18.213;U19.213;U20.213;U21.213;U22.213;U23.213;U24.213;U25.213;U26.213;U27.213;U28.213;U29.213;U30.213;U31.213;U32.213;U33.213;U34.213;U35.213;U36.213;U37.213;U38.213;U39.213;U40.213;U41.213;U42.213;U43.213;U44.213;U45.213;U46.213;U47.213;U48.213;U49.213;U50.213",23,22,1,28,0,FALSE,TRUE,"U1.213;U3.213;U5.213;U8.213;U9.213;U17.213;U20.213;U21.213;U27.213;U28.213;U29.213;U31.213;U33.213;U34.213;U38.213;U39.213;U40.213;U41.213;U42.213;U46.213;U48.213;U50.213;W1.213",101,36,65,14,64,FALSE,TRUE,"U17.5;U23.5;U23.21;U22.23;U7.48;U3.49;U14.51;U22.51;U37.52;U2.53;U11.59;U32.60;U36.61;U39.62;U2.65;U4.67;U3.71;U2.75;U15.75;U20.76;U32.76;U6.78;U23.87;U8.90;U35.90;U7.91;U12.96;U6.99;U26.104;U4.105;U2.107;U14.110;U14.111;U46.118;U2.122;U20.129;U21.131;U16.134;U5.151;U26.167;U15.172;U14.175;U28.179;U11.181;U10.184;U30.185;U5.191;U11.204;U8.208;U25.210;U1.213;U3.213;U5.213;U6.213;U8.213;U9.213;U14.213;U16.213;U17.213;U18.213;U19.213;U20.213;U21.213;U22.213;U24.213;U25.213;U26.213;U27.213;U28.213;U29.213;U31.213;U33.213;U34.213;U35.213;U36.213;U37.213;U38.213;U39.213;U40.213;U41.213;U42.213;U44.213;U46.213;U47.213;U48.213;U50.213;W1.213;U19.218;U1.219;U24.227;U28.238;U13.239;U25.245;U4.246;U45.248;U12.256;U34.273;U32.274;U6.278;U6.284;U30.296",TRUE,TRUE,"M1.1",FALSE,FALSE,0.00996685028076172,NA,NA,NA,NA,NA,NA,NA,NA,"M1.1",FALSE,FALSE,0.00536704063415527,NA,NA,NA,NA,NA,NA,NA,NA,"M1.1",FALSE,FALSE,0.0242609977722168,NA,NA,NA,NA,NA,NA,NA,NA
214,"model3",670,"small",15,0.29,0.171053390949965,0.167476879013702,1,1,0,3,28,1,0.554983699895567,0.531458671829709,"M3",28,"U1.214;U2.214;U3.214;U4.214;U5.214;U6.214;U7.214;U8.214;U9.214;U10.214;U11.214;U12.214;U13.214;U14.214;U15.214;U16.214;U17.214;U18.214;U19.214;U20.214;U21.214;U22.214;U23.214;U24.214;U25.214;U26.214;U27.214;U28.214",22,21,1,7,0,FALSE,TRUE,"U1.214;U3.214;U4.214;U5.214;U7.214;U8.214;U9.214;U10.214;U11.214;U13.214;U15.214;U16.214;U17.214;U19.214;U20.214;U22.214;U23.214;U24.214;U25.214;U26.214;U27.214;W1.214",97,26,71,2,70,FALSE,TRUE,"U30.5;U3.12;U18.23;U3.27;U3.38;U11.44;U23.47;U30.48;U25.50;U7.56;U16.69;U2.71;U9.72;U33.79;U37.79;U16.82;U5.85;W1.87;U44.89;U12.90;U4.95;U23.97;U25.98;W1.109;U5.110;U12.119;U17.119;U20.120;U31.120;U11.127;U48.128;U6.129;U13.129;U7.130;U17.130;U19.133;U20.134;U41.144;W1.159;W1.161;U32.164;U8.168;U35.173;U2.174;U4.174;U5.180;U6.181;U29.186;U11.193;U12.204;U13.205;U43.213;U1.214;U3.214;U4.214;U5.214;U6.214;U7.214;U8.214;U9.214;U10.214;U11.214;U12.214;U13.214;U15.214;U16.214;U17.214;U18.214;U19.214;U20.214;U21.214;U22.214;U23.214;U24.214;U25.214;U26.214;U27.214;U28.214;W1.214;U28.216;U31.219;U7.223;U29.224;U12.225;U8.227;U1.233;U14.241;U27.245;U35.248;U13.250;U45.254;U30.258;U37.258;U6.261;U22.261;U38.273;U5.294",TRUE,TRUE,"M3",TRUE,TRUE,0.00800490379333496,NA,NA,NA,NA,NA,NA,NA,NA,"M3",TRUE,TRUE,0.0185811519622803,NA,NA,NA,NA,NA,NA,NA,NA,"Other",FALSE,FALSE,0.027440071105957,NA,NA,NA,NA,NA,NA,NA,NA
215,"model4",670,"small",15,0.23,0.441124186012894,0.194962659478188,1,1,0,3,5,1,0.112993226730111,0.155392864910525,"M4",5,"U1.215;U2.215;U3.215;U4.215;U5.215",6,3,3,2,2,FALSE,TRUE,"U2.215;U4.215;U5.215;W1.215;U18.290;U11.296",92,5,87,0,86,FALSE,TRUE,"U11.2;U11.20;U14.23;U12.33;U3.36;U15.48;U23.48;U14.52;U1.57;U2.59;U1.60;U32.60;U8.67;U6.70;U11.73;W1.74;U5.79;U44.79;U10.82;U23.87;U19.95;U22.95;U6.98;U14.99;U3.101;U21.103;U46.104;W1.104;U30.120;U6.126;U11.134;U12.134;U40.134;U11.138;U24.139;U5.144;U11.146;U35.147;U36.147;W1.147;U15.154;U2.158;U21.161;U35.163;U21.164;U11.166;U4.167;U8.168;U29.168;U6.171;U14.171;U18.178;U12.182;U20.186;U32.186;U16.190;U41.190;U2.207;U4.207;U1.215;U2.215;U3.215;U4.215;U5.215;W1.215;U32.216;U20.218;U37.223;U41.223;U36.232;U24.235;U8.236;W1.241;U15.243;U14.245;U13.253;U24.257;U19.259;U15.261;U12.266;U28.266;U34.266;U36.273;U8.275;U10.280;U16.281;U1.283;U18.290;U19.290;U10.293;U20.293;U11.296",TRUE,TRUE,"M3",FALSE,FALSE,0.00485491752624512,NA,NA,NA,NA,NA,NA,NA,NA,"M4",TRUE,TRUE,0.00390100479125977,NA,NA,NA,NA,NA,NA,NA,NA,"M4",TRUE,TRUE,0.0280411243438721,NA,NA,NA,NA,NA,NA,NA,NA
216,"model0",670,"medium",15,0.12,0.647424284019507,0.351743032736704,1,1,0,3,50,1,0.603630169490033,0.690241894882759,"M0.1",50,"U1.216;U2.216;U3.216;U4.216;U5.216;U6.216;U7.216;U8.216;U9.216;U10.216;U11.216;U12.216;U13.216;U14.216;U15.216;U16.216;U17.216;U18.216;U19.216;U20.216;U21.216;U22.216;U23.216;U24.216;U25.216;U26.216;U27.216;U28.216;U29.216;U30.216;U31.216;U32.216;U33.216;U34.216;U35.216;U36.216;U37.216;U38.216;U39.216;U40.216;U41.216;U42.216;U43.216;U44.216;U45.216;U46.216;U47.216;U48.216;U49.216;U50.216",28,25,3,25,2,FALSE,TRUE,"U5.185;U10.197;U1.216;U3.216;U4.216;U7.216;U11.216;U12.216;U14.216;U15.216;U17.216;U18.216;U19.216;U20.216;U21.216;U22.216;U23.216;U24.216;U25.216;U27.216;U39.216;U40.216;U41.216;U42.216;U43.216;U47.216;U49.216;W1.216",123,39,84,11,83,FALSE,TRUE,"U9.5;U18.7;U17.8;U21.8;U14.9;U6.15;U24.19;U21.23;U30.25;U1.31;U14.31;U34.33;U13.40;U15.44;U23.44;U5.46;U10.48;U25.50;U15.51;U31.52;U20.58;U24.58;U24.64;U15.65;U2.68;U1.71;U20.71;U37.79;U22.85;U7.88;U38.88;U28.89;U6.90;U14.101;U19.103;U11.109;U27.118;U14.122;U5.126;U14.132;U28.134;U5.141;U2.142;U27.142;U2.143;W1.148;U20.163;U44.164;W1.165;U7.182;U5.185;U43.191;U23.194;U39.194;U10.197;U3.199;U14.200;U39.204;U6.205;U6.211;U9.214;U23.214;W1.214;U1.216;U3.216;U4.216;U7.216;U8.216;U11.216;U12.216;U13.216;U14.216;U15.216;U17.216;U18.216;U19.216;U20.216;U21.216;U22.216;U23.216;U24.216;U25.216;U27.216;U29.216;U30.216;U31.216;U32.216;U33.216;U34.216;U36.216;U38.216;U39.216;U40.216;U41.216;U42.216;U43.216;U44.216;U45.216;U46.216;U47.216;U48.216;U49.216;W1.216;U16.221;U31.221;U7.225;U6.230;U12.236;U15.236;U14.243;U20.249;U15.258;U22.259;U6.262;U19.262;U25.262;U1.264;W1.264;U24.266;U3.283;U7.285;U23.290;U1.292",TRUE,TRUE,"M0.1",TRUE,TRUE,0.012545108795166,NA,NA,NA,NA,NA,NA,NA,NA,"M0.1",TRUE,TRUE,0.00894498825073242,NA,NA,NA,NA,NA,NA,NA,NA,"M0.1",TRUE,TRUE,0.0455830097198486,NA,NA,NA,NA,NA,NA,NA,NA
217,"model1",670,"medium",15,0.24,0.714909577160142,0.452751656342298,1,1,0,3,2,1,0.0269119998687649,0.0811333608586061,"M1.1",2,"U1.217;U2.217",2,1,1,1,0,FALSE,TRUE,"U1.217;W1.217",90,1,89,1,88,FALSE,TRUE,"U1.4;U12.5;U2.9;U3.29;U12.31;U9.33;U6.34;U14.39;U40.44;U8.45;U1.49;U19.49;U21.49;U29.51;U7.55;U7.57;U1.58;U18.60;U25.60;U28.62;U10.67;U24.67;U15.71;U31.87;U39.88;U9.95;U12.96;U13.99;U22.110;U34.110;U13.112;U23.116;U34.120;U1.130;U19.131;U14.136;U27.139;U36.144;W1.144;U3.148;U15.151;U9.153;U10.154;U15.156;W1.166;U39.168;U2.174;U11.174;U1.178;U18.180;U5.183;U17.185;U3.189;U9.190;U29.190;U1.200;U7.200;U18.200;U22.201;U3.204;U22.204;U10.208;U9.210;U5.215;U23.216;U1.217;W1.217;U20.223;U29.229;U5.237;U15.238;U16.239;U8.240;U22.249;U13.253;U23.254;U25.254;U4.256;U19.257;U26.258;U2.262;U6.264;U23.266;U1.273;U3.275;U1.280;U26.282;U17.284;U7.285;U14.293",TRUE,TRUE,"M1.1",TRUE,TRUE,0.00316905975341797,NA,NA,NA,NA,NA,NA,NA,NA,"M1.1",TRUE,TRUE,0.00452184677124023,NA,NA,NA,NA,NA,NA,NA,NA,"M1.1",TRUE,TRUE,0.0187759399414062,NA,NA,NA,NA,NA,NA,NA,NA
218,"model2",670,"medium",15,0.38,0.758378073456697,0.462573196552694,1,1,0,3,34,1,0.434683295548985,0.549693286765385,"M2.1",34,"U1.218;U2.218;U3.218;U4.218;U5.218;U6.218;U7.218;U8.218;U9.218;U10.218;U11.218;U12.218;U13.218;U14.218;U15.218;U16.218;U17.218;U18.218;U19.218;U20.218;U21.218;U22.218;U23.218;U24.218;U25.218;U26.218;U27.218;U28.218;U29.218;U30.218;U31.218;U32.218;U33.218;U34.218",21,20,1,14,0,FALSE,TRUE,"U2.218;U5.218;U7.218;U8.218;U9.218;U10.218;U12.218;U13.218;U15.218;U16.218;U20.218;U21.218;U22.218;U23.218;U24.218;U25.218;U26.218;U27.218;U30.218;U33.218;W1.218",116,26,90,8,89,FALSE,TRUE,"U24.5;U26.8;U9.28;U28.39;U9.40;U21.40;U3.44;U7.48;U5.51;U6.57;U12.59;U32.59;U32.60;U22.62;U38.88;U8.91;U29.92;U16.94;U19.95;U21.97;U45.98;W1.99;U2.104;U9.110;U3.115;U22.118;U16.128;U1.132;U9.133;U28.134;U2.136;U7.139;U14.139;U4.142;U9.143;U39.144;U1.145;U18.145;U26.147;U14.149;U3.150;U2.161;U4.163;U23.164;U27.164;U1.166;U4.167;U1.170;U22.172;U16.176;U21.180;U18.183;U27.186;U2.190;U25.194;U16.197;W1.197;U12.200;U6.204;U23.206;W1.210;U1.213;U9.213;U24.216;W1.216;U2.218;U3.218;U5.218;U6.218;U7.218;U8.218;U9.218;U10.218;U11.218;U12.218;U13.218;U15.218;U16.218;U20.218;U21.218;U22.218;U23.218;U24.218;U25.218;U26.218;U27.218;U28.218;U29.218;U30.218;U31.218;U33.218;W1.218;U38.219;U17.221;U11.236;U25.238;U15.239;U40.239;U10.240;U7.243;U9.243;U11.243;U10.246;U43.248;U15.249;U5.259;U30.259;U34.259;U7.261;U5.265;U2.272;U22.273;W1.274;U9.281;U7.289;U14.294",TRUE,TRUE,"M2.1",TRUE,TRUE,0.0105581283569336,NA,NA,NA,NA,NA,NA,NA,NA,"M2.1",TRUE,TRUE,0.00701713562011719,NA,NA,NA,NA,NA,NA,NA,NA,"M2.1",TRUE,TRUE,0.0336828231811523,NA,NA,NA,NA,NA,NA,NA,NA
219,"model3",670,"medium",15,0.11,0.890177046298049,0.31459141112864,1,1,0,3,40,1,0.590216625967234,0.517152839553939,"M3",40,"U1.219;U2.219;U3.219;U4.219;U5.219;U6.219;U7.219;U8.219;U9.219;U10.219;U11.219;U12.219;U13.219;U14.219;U15.219;U16.219;U17.219;U18.219;U19.219;U20.219;U21.219;U22.219;U23.219;U24.219;U25.219;U26.219;U27.219;U28.219;U29.219;U30.219;U31.219;U32.219;U33.219;U34.219;U35.219;U36.219;U37.219;U38.219;U39.219;U40.219",18,17,1,23,0,FALSE,TRUE,"U1.219;U4.219;U6.219;U10.219;U12.219;U13.219;U14.219;U15.219;U16.219;U17.219;U19.219;U26.219;U27.219;U30.219;U33.219;U37.219;U40.219;W1.219",97,31,66,9,65,FALSE,TRUE,"U15.5;U5.7;U6.8;U7.26;U10.28;U4.29;W1.33;U20.48;U36.52;U34.60;U8.68;U2.70;U10.73;U31.85;U4.87;U25.88;U17.93;U26.102;U8.103;U42.106;U3.110;U19.111;W1.116;U35.118;U20.128;U15.130;U19.133;U15.137;U22.142;W1.143;U11.144;U32.147;U24.150;U2.152;U13.156;U1.158;U8.184;U32.186;U25.188;U23.189;U24.191;U29.194;U1.196;U14.197;U25.202;U11.208;U32.216;U1.219;U2.219;U3.219;U4.219;U6.219;U7.219;U10.219;U12.219;U13.219;U14.219;U15.219;U16.219;U17.219;U19.219;U20.219;U21.219;U24.219;U26.219;U27.219;U28.219;U29.219;U30.219;U31.219;U32.219;U33.219;U34.219;U35.219;U36.219;U37.219;U39.219;U40.219;W1.219;W1.223;U20.224;U28.226;U12.229;U24.232;U42.239;U6.242;U3.246;U27.250;U32.258;U10.269;U30.273;U21.277;U24.281;U28.281;U25.285;U25.288;U14.295",TRUE,TRUE,"M3",TRUE,TRUE,0.0112249851226807,NA,NA,NA,NA,NA,NA,NA,NA,"M3",TRUE,TRUE,0.0116338729858398,NA,NA,NA,NA,NA,NA,NA,NA,"M3",TRUE,TRUE,0.022921085357666,NA,NA,NA,NA,NA,NA,NA,NA
220,"model4",670,"medium",15,0.25,0.776036059018224,0.451519853621721,1,1,0,3,8,1,0.10161667404442,0.147610370339731,"M4",8,"U1.220;U2.220;U3.220;U4.220;U5.220;U6.220;U7.220;U8.220",7,5,2,3,1,FALSE,TRUE,"U2.220;U3.220;U4.220;U6.220;U7.220;W1.220;U27.262",78,8,70,0,69,FALSE,TRUE,"U15.2;U25.2;W1.2;U23.10;U11.14;U6.16;U3.26;U4.30;U4.32;U12.33;U25.51;U6.54;U4.59;U20.60;U20.61;U11.68;U15.73;U29.85;U21.93;U3.94;U1.95;U26.95;U28.98;U3.103;U31.104;U27.113;U23.116;U40.118;U28.122;U4.130;U27.130;U20.133;U8.140;U39.142;U1.143;U15.146;U10.151;U7.163;U2.170;U1.171;U17.186;U31.188;U3.191;U44.191;U17.192;U2.197;U30.218;U1.220;U2.220;U3.220;U4.220;U5.220;U6.220;U7.220;U8.220;W1.220;U37.229;U18.230;U9.232;U9.237;U21.239;U14.246;U7.253;U7.257;U25.257;W1.261;U27.262;U4.263;U25.274;U31.274;U6.275;W1.275;U28.281;U3.284;U46.285;U28.287;U9.291;U11.291",TRUE,TRUE,"M4",TRUE,TRUE,0.00483107566833496,NA,NA,NA,NA,NA,NA,NA,NA,"M4",TRUE,TRUE,0.00621294975280762,NA,NA,NA,NA,NA,NA,NA,NA,"M4",TRUE,TRUE,0.0262129306793213,NA,NA,NA,NA,NA,NA,NA,NA
221,"model0",670,"large",15,0.38,1.02769327501301,0.890258281608112,1,1,0,3,35,1,0.506252371570801,0.57023443673479,"M0.1",35,"U1.221;U2.221;U3.221;U4.221;U5.221;U6.221;U7.221;U8.221;U9.221;U10.221;U11.221;U12.221;U13.221;U14.221;U15.221;U16.221;U17.221;U18.221;U19.221;U20.221;U21.221;U22.221;U23.221;U24.221;U25.221;U26.221;U27.221;U28.221;U29.221;U30.221;U31.221;U32.221;U33.221;U34.221;U35.221",17,16,1,19,0,FALSE,TRUE,"U1.221;U4.221;U5.221;U8.221;U12.221;U13.221;U16.221;U19.221;U20.221;U23.221;U28.221;U29.221;U31.221;U32.221;U33.221;U34.221;W1.221",96,27,69,8,68,FALSE,TRUE,"U3.7;U11.8;W1.8;U1.9;U8.9;U1.10;U25.10;U8.12;U34.21;U14.22;W1.32;U27.33;U3.37;U11.52;U14.52;U36.52;U42.62;U11.65;U20.69;U5.79;U3.87;U23.88;U27.89;U37.90;U3.93;U25.93;U28.111;U19.112;U3.128;U11.142;U16.142;U21.149;U5.157;U25.164;U29.164;U16.170;U24.172;U1.175;U1.176;U18.176;U9.181;U12.190;U20.190;U40.191;U42.191;U21.204;U25.204;U4.206;U22.206;W1.210;U9.214;U23.214;U1.221;U3.221;U4.221;U5.221;U8.221;U9.221;U11.221;U12.221;U13.221;U15.221;U16.221;U17.221;U18.221;U19.221;U20.221;U21.221;U23.221;U25.221;U27.221;U28.221;U29.221;U30.221;U31.221;U32.221;U33.221;U34.221;U35.221;W1.221;U18.222;U26.226;U36.229;U6.231;U1.237;U8.238;U9.238;U13.238;U21.248;U23.248;U15.253;U10.262;U12.270;U14.280;U23.281;U3.298",TRUE,TRUE,"M0.1",TRUE,TRUE,0.00931000709533691,NA,NA,NA,NA,NA,NA,NA,NA,"M0.1",TRUE,TRUE,0.00448989868164062,NA,NA,NA,NA,NA,NA,NA,NA,"M0.1",TRUE,TRUE,0.0188870429992676,NA,NA,NA,NA,NA,NA,NA,NA
222,"model1",670,"large",15,0.33,1.36402785533573,0.835979953524657,1,1,0,3,20,1,0.322380709358665,0.414552430896784,"M1.1",20,"U1.222;U2.222;U3.222;U4.222;U5.222;U6.222;U7.222;U8.222;U9.222;U10.222;U11.222;U12.222;U13.222;U14.222;U15.222;U16.222;U17.222;U18.222;U19.222;U20.222",12,11,1,9,0,FALSE,TRUE,"U2.222;U4.222;U9.222;U12.222;U13.222;U14.222;U15.222;U16.222;U17.222;U18.222;U20.222;W1.222",91,14,77,6,76,FALSE,TRUE,"U12.5;U9.9;U10.14;U13.14;U9.17;U28.17;U2.41;U5.42;W1.60;U6.64;U18.64;U4.65;U6.69;U22.69;U10.70;U7.72;U1.78;U41.88;U9.92;U37.95;U4.96;U45.106;U5.111;U12.113;U14.113;U29.120;U38.120;U4.125;U12.134;U19.144;U19.150;U8.151;U8.152;U20.161;U8.171;U7.174;U15.176;U21.178;U27.181;U13.183;U7.185;U27.185;U22.188;U27.190;U18.192;U7.194;U2.197;U16.200;W1.202;U39.204;U25.218;U2.222;U3.222;U4.222;U7.222;U9.222;U11.222;U12.222;U13.222;U14.222;U15.222;U16.222;U17.222;U18.222;U20.222;W1.222;U6.226;U15.229;U32.229;U38.229;U6.230;U3.235;U5.238;U16.239;U41.239;U12.240;U8.247;U1.256;U39.257;U20.260;U7.274;U29.275;U31.287;U25.288;U26.292;U21.293;U2.295;U40.296;U50.296;U13.297;U39.297",TRUE,TRUE,"M1.1",TRUE,TRUE,0.00569987297058105,NA,NA,NA,NA,NA,NA,NA,NA,"M1.1",TRUE,TRUE,0.00407314300537109,NA,NA,NA,NA,NA,NA,NA,NA,"M1.1",TRUE,TRUE,0.0254840850830078,NA,NA,NA,NA,NA,NA,NA,NA
223,"model2",670,"large",15,0.01,1.48811459029093,0.720443821861409,1,1,0,3,43,5,0.620937281343476,0.578395011092648,"M2.1",43,"U1.223;U2.223;U3.223;U4.223;U5.223;U6.223;U7.223;U8.223;U9.223;U10.223;U11.223;U12.223;U13.223;U14.223;U15.223;U16.223;U17.223;U18.223;U19.223;U20.223;U21.223;U22.223;U23.223;U24.223;U25.223;U26.223;U27.223;U28.223;U29.223;U30.223;U31.223;U32.223;U33.223;U34.223;U35.223;U36.223;U37.223;U38.223;U39.223;U40.223;U41.223;U42.223;U43.223",23,21,2,22,1,FALSE,TRUE,"U26.88;U7.223;U9.223;U11.223;U14.223;U15.223;U16.223;U19.223;U22.223;U23.223;U26.223;U27.223;U29.223;U30.223;U31.223;U32.223;U34.223;U35.223;U37.223;U38.223;U40.223;U43.223;W1.223",107,33,74,10,73,FALSE,TRUE,"U16.2;U14.14;U2.24;U7.30;U1.46;U8.47;U27.48;U24.51;U15.52;U15.53;U6.54;U6.55;U20.55;U4.57;U26.62;U27.76;U1.79;W1.81;U9.87;U25.87;U26.88;U41.89;U14.90;U19.96;U17.98;U12.101;U15.106;U17.111;U22.112;U27.118;U4.130;U1.131;U12.132;U26.141;U2.149;U16.150;U43.152;U7.153;U16.157;U1.159;U1.163;U33.171;U18.182;U18.185;U29.188;U37.190;U19.197;U18.201;U27.205;W1.207;U23.210;U28.214;U8.218;U21.221;U28.221;U1.223;U3.223;U5.223;U7.223;U8.223;U9.223;U11.223;U12.223;U14.223;U15.223;U16.223;U18.223;U19.223;U20.223;U21.223;U22.223;U23.223;U25.223;U26.223;U27.223;U29.223;U30.223;U31.223;U32.223;U33.223;U34.223;U35.223;U36.223;U37.223;U38.223;U40.223;U42.223;U43.223;W1.223;U11.238;U31.238;U21.249;U2.252;U38.254;U40.254;U14.255;U11.260;U28.266;U1.271;U22.275;U3.279;U23.280;U4.282;U22.282;U9.285;U24.285;U38.285",TRUE,TRUE,"M1.1",FALSE,FALSE,0.0117340087890625,NA,NA,NA,NA,NA,NA,NA,NA,"M1.1",FALSE,FALSE,0.00899505615234375,NA,NA,NA,NA,NA,NA,NA,NA,"Other",FALSE,FALSE,0.0224440097808838,NA,NA,NA,NA,NA,NA,NA,NA
224,"model3",670,"large",15,0.25,1.07924600038677,0.998509535565972,1,1,0,3,33,1,0.50129512856299,0.495388363579618,"M3",33,"U1.224;U2.224;U3.224;U4.224;U5.224;U6.224;U7.224;U8.224;U9.224;U10.224;U11.224;U12.224;U13.224;U14.224;U15.224;U16.224;U17.224;U18.224;U19.224;U20.224;U21.224;U22.224;U23.224;U24.224;U25.224;U26.224;U27.224;U28.224;U29.224;U30.224;U31.224;U32.224;U33.224",20,19,1,14,0,FALSE,TRUE,"U2.224;U5.224;U7.224;U9.224;U11.224;U12.224;U13.224;U15.224;U16.224;U18.224;U20.224;U21.224;U22.224;U23.224;U27.224;U29.224;U30.224;U32.224;U33.224;W1.224",102,26,76,7,75,FALSE,TRUE,"U7.5;U16.7;U28.8;U19.19;U24.24;U16.32;U10.36;U27.47;U5.48;U14.48;U23.49;U5.51;W1.52;U10.58;U31.62;U12.68;U4.70;U26.79;U17.81;U3.87;U29.88;U46.88;U26.90;U26.93;U33.95;U13.102;U6.112;U15.119;U22.122;U15.123;U3.131;U1.133;U2.133;U22.134;U18.135;U15.136;U28.139;U12.140;U13.141;U28.144;U43.144;U6.145;U21.147;U1.151;U3.153;U8.156;U35.164;U5.167;U17.168;U15.170;U4.171;U8.172;U15.173;U16.205;U13.214;U42.223;U1.224;U2.224;U3.224;U5.224;U6.224;U7.224;U8.224;U9.224;U11.224;U12.224;U13.224;U15.224;U16.224;U18.224;U20.224;U21.224;U22.224;U23.224;U24.224;U26.224;U27.224;U28.224;U29.224;U30.224;U32.224;U33.224;W1.224;U16.227;U34.230;U3.237;U17.238;U26.245;U17.246;U11.251;U30.258;U34.260;U7.261;U10.261;U6.262;U27.273;U21.280;U24.280;U6.282;U21.289;U25.297;U33.297",TRUE,TRUE,"M3",TRUE,TRUE,0.0093839168548584,NA,NA,NA,NA,NA,NA,NA,NA,"M4",FALSE,FALSE,0.00524997711181641,NA,NA,NA,NA,NA,NA,NA,NA,"M3",TRUE,TRUE,0.0214309692382812,NA,NA,NA,NA,NA,NA,NA,NA
225,"model4",670,"large",15,0.19,1.06246431579348,0.825445877853781,1,1,0,3,12,1,0.288721161389795,0.243261641818002,"M4",12,"U1.225;U2.225;U3.225;U4.225;U5.225;U6.225;U7.225;U8.225;U9.225;U10.225;U11.225;U12.225",11,7,4,5,3,FALSE,TRUE,"U11.41;U22.97;U6.140;U1.225;U2.225;U5.225;U7.225;U9.225;U11.225;U12.225;W1.225",86,10,76,2,75,FALSE,TRUE,"U15.5;U8.6;U11.6;U12.9;U16.9;U17.12;U7.19;U16.21;U15.33;U11.41;U21.49;U19.53;U25.59;U8.64;U5.70;U11.72;U11.73;U32.73;U8.82;U7.89;U31.90;U10.93;U22.97;U2.113;U20.116;U8.129;U19.130;U14.133;U12.139;U6.140;W1.140;U25.142;U43.142;U19.145;U3.149;U8.149;U32.149;U14.152;U14.155;U3.156;U23.156;U6.158;U10.161;U37.164;U24.168;U38.168;U19.172;U33.173;U14.176;U9.178;U3.179;U20.182;U20.183;U35.183;U16.184;U23.197;U6.198;U9.199;U2.203;U12.206;U14.216;U1.225;U2.225;U3.225;U4.225;U5.225;U6.225;U7.225;U9.225;U11.225;U12.225;W1.225;U13.227;U11.232;U23.232;U9.237;U4.248;U7.258;U28.262;U3.263;U35.274;U24.282;U2.291;U12.293;U18.296;U38.296",TRUE,TRUE,"M4",TRUE,TRUE,0.00418400764465332,NA,NA,NA,NA,NA,NA,NA,NA,"M4",TRUE,TRUE,0.00493311882019043,NA,NA,NA,NA,NA,NA,NA,NA,"M4",TRUE,TRUE,0.0185651779174805,NA,NA,NA,NA,NA,NA,NA,NA
226,"model0",670,"small",16,0.25,0.33493705606088,0.120760569628328,1,1,0,3,44,1,0.649968322049505,0.615049639673668,"M0.1",44,"U1.226;U2.226;U3.226;U4.226;U5.226;U6.226;U7.226;U8.226;U9.226;U10.226;U11.226;U12.226;U13.226;U14.226;U15.226;U16.226;U17.226;U18.226;U19.226;U20.226;U21.226;U22.226;U23.226;U24.226;U25.226;U26.226;U27.226;U28.226;U29.226;U30.226;U31.226;U32.226;U33.226;U34.226;U35.226;U36.226;U37.226;U38.226;U39.226;U40.226;U41.226;U42.226;U43.226;U44.226",25,24,1,20,0,FALSE,TRUE,"U1.226;U3.226;U4.226;U6.226;U7.226;U8.226;U9.226;U10.226;U12.226;U13.226;U16.226;U21.226;U23.226;U24.226;U25.226;U31.226;U32.226;U33.226;U34.226;U35.226;U36.226;U39.226;U41.226;U44.226;W1.226",114,37,77,7,76,FALSE,TRUE,"U28.10;U14.23;U18.31;U7.33;U2.36;U6.36;U22.39;U14.40;W1.49;U22.51;U14.60;U26.61;U12.71;U16.73;U37.79;U10.85;U8.89;U18.95;U3.109;U4.109;U15.110;U16.112;U26.116;U22.139;U16.141;U31.142;U38.144;U14.147;U35.147;U6.150;U5.152;U35.152;U16.160;U6.163;U8.163;U39.164;U38.168;W1.170;U8.171;U4.172;U24.172;U43.172;U13.174;U10.177;U7.179;U1.184;U5.184;U44.185;U16.186;U43.190;U20.194;U27.202;U1.206;U27.206;U20.210;U15.214;U1.226;U3.226;U4.226;U5.226;U6.226;U7.226;U8.226;U9.226;U10.226;U11.226;U12.226;U13.226;U14.226;U15.226;U16.226;U17.226;U20.226;U21.226;U23.226;U24.226;U25.226;U27.226;U28.226;U30.226;U31.226;U32.226;U33.226;U34.226;U35.226;U36.226;U37.226;U38.226;U39.226;U40.226;U41.226;U43.226;U44.226;W1.226;U4.231;U2.233;U25.235;U10.242;U18.248;U35.250;U4.251;U9.254;U19.254;U27.258;U28.262;U18.263;U28.275;U3.276;U3.282;U18.282;U29.290;U19.292;U16.296;U23.296",TRUE,TRUE,"M0.1",TRUE,TRUE,0.0119261741638184,NA,NA,NA,NA,NA,NA,NA,NA,"M1.1",FALSE,FALSE,0.0110678672790527,NA,NA,NA,NA,NA,NA,NA,NA,"M0.1",TRUE,TRUE,0.0236020088195801,NA,NA,NA,NA,NA,NA,NA,NA
227,"model1",670,"small",16,0.03,0.134680775552988,0.160340927261859,1,1,0,3,40,2,0.555050041016641,0.605223902933534,"M1.1",40,"U1.227;U2.227;U3.227;U4.227;U5.227;U6.227;U7.227;U8.227;U9.227;U10.227;U11.227;U12.227;U13.227;U14.227;U15.227;U16.227;U17.227;U18.227;U19.227;U20.227;U21.227;U22.227;U23.227;U24.227;U25.227;U26.227;U27.227;U28.227;U29.227;U30.227;U31.227;U32.227;U33.227;U34.227;U35.227;U36.227;U37.227;U38.227;U39.227;U40.227",23,22,1,18,0,FALSE,TRUE,"U2.227;U3.227;U4.227;U5.227;U6.227;U8.227;U10.227;U14.227;U15.227;U17.227;U19.227;U22.227;U24.227;U26.227;U28.227;U29.227;U32.227;U33.227;U35.227;U37.227;U38.227;U40.227;W1.227",105,30,75,10,74,FALSE,TRUE,"U10.8;U37.8;U3.15;U6.20;U1.29;U2.30;U2.31;U8.44;U30.52;U8.57;U44.59;W1.61;U22.73;U15.81;U16.85;U2.86;U8.88;U20.88;U9.89;U25.90;U28.97;U32.98;U9.104;U29.106;U30.110;U39.118;U15.123;U20.141;U15.143;U16.144;U30.150;U16.151;U36.152;U42.163;U14.168;U8.172;U10.176;U5.178;U4.179;U6.179;W1.179;U11.181;U15.189;U8.192;U4.193;U11.193;U6.197;U7.198;U5.199;U29.206;U9.210;U12.219;U23.219;U4.225;U1.227;U2.227;U3.227;U4.227;U5.227;U6.227;U7.227;U8.227;U10.227;U14.227;U15.227;U17.227;U19.227;U20.227;U22.227;U23.227;U24.227;U26.227;U27.227;U28.227;U29.227;U31.227;U32.227;U33.227;U34.227;U35.227;U37.227;U38.227;U39.227;U40.227;W1.227;U6.229;U29.232;U1.235;U1.240;U6.243;U14.243;U29.246;U8.257;U40.257;U41.258;U7.260;U38.262;W1.265;U15.273;U7.274;U31.274;W1.278;U15.287;U6.288;U24.296",TRUE,TRUE,"Other",FALSE,FALSE,0.0244991779327393,NA,NA,NA,NA,NA,NA,NA,NA,"Other",FALSE,FALSE,0.00527691841125488,NA,NA,NA,NA,NA,NA,NA,NA,"Other",FALSE,FALSE,0.0219230651855469,NA,NA,NA,NA,NA,NA,NA,NA
228,"model2",670,"small",16,0.29,0.44187933281064,0.127415132336318,1,1,0,3,1,1,0.0335852919707282,0.0180893450434617,"M2.1",1,"U1.228",2,1,1,0,0,FALSE,TRUE,"U1.228;W1.228",89,1,88,0,87,FALSE,TRUE,"U8.1;U14.1;U4.8;U36.8;U38.8;U36.10;U5.16;U19.23;U12.26;U6.31;U34.31;U4.32;U17.40;U24.47;U7.48;U21.48;U28.50;U3.55;U14.55;U5.59;U21.59;U9.60;U13.63;U16.71;U8.74;U1.75;U7.81;U13.87;U29.88;U38.89;W1.93;U16.95;U16.98;U8.101;U28.103;U26.106;U15.110;U18.111;U45.118;U11.128;U37.133;U27.141;U7.142;U16.143;U12.145;U18.149;W1.156;U4.159;U6.164;U5.167;U15.167;U6.168;U2.171;U8.173;U17.178;U44.185;U15.188;U22.188;U32.189;U10.194;U24.208;W1.215;U40.216;U14.219;U3.224;U8.224;U17.227;U1.228;W1.228;U31.232;U27.238;U32.238;U36.238;U25.239;U31.257;U28.259;U19.260;U6.261;U11.264;U10.271;U16.273;U48.285;U6.287;U26.289;U7.290;U30.290;U9.293;U44.293;U10.297",TRUE,TRUE,"M1.1",FALSE,FALSE,0.00336408615112305,NA,NA,NA,NA,NA,NA,NA,NA,"M1.1",FALSE,FALSE,0.00554394721984863,NA,NA,NA,NA,NA,NA,NA,NA,"M1.1",FALSE,FALSE,0.0218300819396973,NA,NA,NA,NA,NA,NA,NA,NA
229,"model3",670,"small",16,0.23,0.257218677178025,0.194598045013845,1,1,0,3,41,1,0.565013396928093,0.619951670265591,"M3",41,"U1.229;U2.229;U3.229;U4.229;U5.229;U6.229;U7.229;U8.229;U9.229;U10.229;U11.229;U12.229;U13.229;U14.229;U15.229;U16.229;U17.229;U18.229;U19.229;U20.229;U21.229;U22.229;U23.229;U24.229;U25.229;U26.229;U27.229;U28.229;U29.229;U30.229;U31.229;U32.229;U33.229;U34.229;U35.229;U36.229;U37.229;U38.229;U39.229;U40.229;U41.229",19,18,1,23,0,FALSE,TRUE,"U2.229;U5.229;U9.229;U11.229;U14.229;U19.229;U20.229;U21.229;U23.229;U24.229;U26.229;U27.229;U28.229;U29.229;U31.229;U32.229;U35.229;U40.229;W1.229",110,34,76,7,75,FALSE,TRUE,"U12.7;W1.16;U14.25;U15.28;U17.32;U25.33;U6.42;U3.45;U10.54;U27.58;U29.60;U8.67;U6.70;U31.71;U3.76;U13.82;U21.89;U15.92;U35.95;W1.98;U8.102;U26.102;U14.103;U8.104;U17.104;U8.105;U8.130;U23.131;U21.133;U7.134;U23.134;W1.137;U39.147;U31.150;U4.151;U14.161;U15.164;U19.164;U48.164;U17.170;W1.177;U20.182;U14.184;U12.186;U9.189;U17.189;U17.193;U22.206;U4.208;U22.218;U26.224;U1.229;U2.229;U3.229;U4.229;U5.229;U6.229;U7.229;U9.229;U10.229;U11.229;U12.229;U13.229;U14.229;U17.229;U18.229;U19.229;U20.229;U21.229;U23.229;U24.229;U25.229;U26.229;U27.229;U28.229;U29.229;U30.229;U31.229;U32.229;U34.229;U35.229;U36.229;U38.229;U40.229;U41.229;W1.229;U31.230;U5.231;U5.238;U5.240;U14.246;U26.250;U15.255;W1.256;U6.257;U38.257;U16.260;U20.261;U29.264;U1.272;U4.275;U18.275;U2.276;U11.277;U8.279;U3.290;U11.290;U22.290;U13.297;U5.299",TRUE,TRUE,"M3",TRUE,TRUE,0.01210618019104,NA,NA,NA,NA,NA,NA,NA,NA,"M1.2",FALSE,FALSE,0.0050041675567627,NA,NA,NA,NA,NA,NA,NA,NA,"M0.2",FALSE,FALSE,0.0227439403533936,NA,NA,NA,NA,NA,NA,NA,NA
230,"model4",670,"small",16,0.33,0.30361749837175,0.143680500425398,1,1,0,3,38,1,0.648004214885394,0.614159991929486,"M4",38,"U1.230;U2.230;U3.230;U4.230;U5.230;U6.230;U7.230;U8.230;U9.230;U10.230;U11.230;U12.230;U13.230;U14.230;U15.230;U16.230;U17.230;U18.230;U19.230;U20.230;U21.230;U22.230;U23.230;U24.230;U25.230;U26.230;U27.230;U28.230;U29.230;U30.230;U31.230;U32.230;U33.230;U34.230;U35.230;U36.230;U37.230;U38.230",28,27,1,11,0,FALSE,TRUE,"U2.230;U3.230;U4.230;U5.230;U6.230;U7.230;U8.230;U9.230;U11.230;U12.230;U13.230;U14.230;U15.230;U16.230;U17.230;U19.230;U20.230;U21.230;U23.230;U26.230;U28.230;U29.230;U30.230;U31.230;U33.230;U34.230;U36.230;W1.230",107,33,74,5,73,FALSE,TRUE,"U18.7;U3.14;U11.21;U14.21;U19.21;U5.22;U8.23;U12.31;W1.31;U18.33;U2.34;U12.44;U7.47;U26.48;U13.51;U17.52;U29.52;U4.57;W1.63;U16.70;U41.76;W1.77;U5.78;U30.79;U39.88;U30.90;U17.103;U13.104;U5.106;U6.113;U9.119;U31.120;U32.122;U39.122;U17.135;U5.138;U14.142;U16.145;U27.152;U8.160;U36.163;U13.170;U5.171;U17.171;U30.172;U32.173;U9.182;U10.192;U6.193;U2.196;U8.196;U6.204;U19.206;U18.210;U4.212;U1.224;U15.226;U22.226;U1.229;U1.230;U2.230;U3.230;U4.230;U5.230;U6.230;U7.230;U8.230;U9.230;U11.230;U12.230;U13.230;U14.230;U15.230;U16.230;U17.230;U18.230;U19.230;U20.230;U21.230;U22.230;U23.230;U25.230;U26.230;U28.230;U29.230;U30.230;U31.230;U32.230;U33.230;U34.230;U36.230;U38.230;W1.230;U6.231;U3.235;U15.239;U18.239;U36.239;U38.246;U28.248;U30.257;U1.269;U8.270;U6.283;U6.284;U18.288;U1.291",TRUE,TRUE,"M4",TRUE,TRUE,0.00916790962219238,NA,NA,NA,NA,NA,NA,NA,NA,"M4",TRUE,TRUE,0.00867605209350586,NA,NA,NA,NA,NA,NA,NA,NA,"M1.2",FALSE,FALSE,0.0224850177764893,NA,NA,NA,NA,NA,NA,NA,NA
231,"model0",670,"medium",16,0.09,0.609111221157946,0.342444492457435,1,1,0,3,12,1,0.288637126532584,0.382372475093573,"M0.1",12,"U1.231;U2.231;U3.231;U4.231;U5.231;U6.231;U7.231;U8.231;U9.231;U10.231;U11.231;U12.231",11,9,2,3,1,FALSE,TRUE,"U28.147;U1.231;U2.231;U3.231;U4.231;U5.231;U6.231;U9.231;U11.231;U12.231;W1.231",101,12,89,0,88,FALSE,TRUE,"U6.8;U8.11;U5.16;U10.17;U14.21;U9.26;U6.28;U23.31;U9.36;W1.42;U13.48;U6.49;U9.50;U26.51;U22.52;U27.67;U8.68;U11.68;U25.69;U22.76;U3.81;U23.85;U25.85;W1.87;U5.88;U25.88;U48.88;U4.93;U29.95;U21.97;U13.99;U9.102;U33.103;U16.104;U2.111;U7.112;U31.113;U39.118;U10.122;U35.128;U8.131;U1.136;U14.136;U7.142;U15.142;U9.147;U13.147;U28.147;U18.150;U26.152;U30.164;U3.168;U8.171;U26.172;W1.175;U25.181;U5.185;U22.185;U30.188;U13.197;W1.206;W1.211;U4.221;U1.231;U2.231;U3.231;U4.231;U5.231;U6.231;U7.231;U8.231;U9.231;U10.231;U11.231;U12.231;W1.231;U36.239;W1.239;U8.246;U43.246;U19.248;U49.248;U3.251;U13.255;U19.257;U13.260;W1.260;U18.266;U6.270;U9.275;U12.277;U9.278;U12.280;W1.284;U17.285;U36.285;U5.287;U34.287;U1.291;U14.292;U2.295",TRUE,TRUE,"M0.1",TRUE,TRUE,0.00496602058410645,NA,NA,NA,NA,NA,NA,NA,NA,"M0.1",TRUE,TRUE,0.00636696815490723,NA,NA,NA,NA,NA,NA,NA,NA,"M0.1",TRUE,TRUE,0.0231530666351318,NA,NA,NA,NA,NA,NA,NA,NA
232,"model1",670,"medium",16,0.44,0.571207038708963,0.381912590935826,1,1,0,3,37,1,0.601510588750199,0.56700481774981,"M1.1",37,"U1.232;U2.232;U3.232;U4.232;U5.232;U6.232;U7.232;U8.232;U9.232;U10.232;U11.232;U12.232;U13.232;U14.232;U15.232;U16.232;U17.232;U18.232;U19.232;U20.232;U21.232;U22.232;U23.232;U24.232;U25.232;U26.232;U27.232;U28.232;U29.232;U30.232;U31.232;U32.232;U33.232;U34.232;U35.232;U36.232;U37.232",22,21,1,16,0,FALSE,TRUE,"U1.232;U4.232;U5.232;U8.232;U9.232;U10.232;U12.232;U13.232;U14.232;U15.232;U16.232;U17.232;U18.232;U20.232;U23.232;U25.232;U26.232;U33.232;U35.232;U36.232;U37.232;W1.232",86,26,60,11,59,FALSE,TRUE,"U27.2;U9.11;U23.21;U18.22;U8.26;U9.31;U40.33;U8.43;U18.54;U19.57;U15.58;U22.58;U1.63;U7.66;W1.86;U7.90;U15.90;U20.93;U9.104;U48.104;U11.106;U9.120;U9.130;U10.131;U17.132;U19.134;U19.137;U27.150;U4.160;U16.163;U18.168;U19.179;U15.180;U5.186;W1.187;U18.192;U9.193;U4.195;U3.198;U22.202;U27.202;U29.205;U22.208;U35.221;U40.227;U6.231;U1.232;U4.232;U5.232;U6.232;U8.232;U9.232;U10.232;U12.232;U13.232;U14.232;U15.232;U16.232;U17.232;U18.232;U20.232;U21.232;U23.232;U25.232;U26.232;U28.232;U30.232;U32.232;U33.232;U35.232;U36.232;U37.232;W1.232;U23.235;U18.245;U3.252;U10.256;U41.257;U5.264;U18.264;U8.273;U14.275;U30.289;U2.293;U15.293;U26.296",TRUE,TRUE,"M1.1",TRUE,TRUE,0.0146708488464355,NA,NA,NA,NA,NA,NA,NA,NA,"M1.1",TRUE,TRUE,0.00822591781616211,NA,NA,NA,NA,NA,NA,NA,NA,"M1.1",TRUE,TRUE,0.0202491283416748,NA,NA,NA,NA,NA,NA,NA,NA
233,"model2",670,"medium",16,0.01,0.786069361725822,0.355001315614209,1,1,0,3,2,9,0.0728313292125995,0.0358870678103049,"M2.1",2,"U1.233;U2.233",4,2,2,0,1,FALSE,TRUE,"U1.233;U2.233;W1.233;U13.275",85,2,83,0,82,FALSE,TRUE,"U4.6;U6.10;U21.12;U8.19;U9.20;U13.23;U7.26;W1.29;U25.33;U34.33;U18.40;U26.53;U17.70;U12.73;U3.75;U38.88;U39.89;U3.94;U2.97;U19.110;U11.111;U23.111;U34.118;U3.132;U11.137;U4.138;U6.138;U2.139;U20.139;U2.145;U25.147;U40.147;U13.149;U5.155;W1.161;U9.171;W1.171;U7.176;U11.176;U4.178;W1.179;U5.182;U16.184;U1.189;U6.191;U7.192;U16.194;U33.204;W1.214;U30.216;U34.219;U31.224;U37.227;U1.233;U2.233;W1.233;U37.238;U28.243;U2.246;U18.246;U21.248;U40.248;U2.251;U3.252;U35.254;U36.254;U21.257;U18.258;U29.259;U14.261;U19.262;U3.269;U31.274;U13.275;U16.275;U1.278;U1.284;U4.285;U9.285;U27.285;U38.285;U22.290;U38.296;U46.296;U5.297",TRUE,TRUE,"M1.1",FALSE,FALSE,0.0037689208984375,NA,NA,NA,NA,NA,NA,NA,NA,"M1.1",FALSE,FALSE,0.00285100936889648,NA,NA,NA,NA,NA,NA,NA,NA,"Other",FALSE,FALSE,0.0207669734954834,NA,NA,NA,NA,NA,NA,NA,NA
234,"model3",670,"medium",16,0.39,0.797511229524389,0.310114444838837,1,1,0,3,9,1,0.154095183661615,0.302483252756297,"M3",9,"U1.234;U2.234;U3.234;U4.234;U5.234;U6.234;U7.234;U8.234;U9.234",9,7,2,2,1,FALSE,TRUE,"U1.234;U2.234;U3.234;U5.234;U6.234;U7.234;U9.234;W1.234;U11.277",93,9,84,0,83,FALSE,TRUE,"U8.7;U2.8;U2.16;U21.21;W1.22;U3.30;U22.40;U7.41;U19.44;U5.57;U14.59;U17.59;U23.61;U35.62;U6.63;U11.63;U27.67;U8.68;U6.70;U4.73;U18.75;U27.85;U26.87;U8.91;U6.96;U22.98;U14.99;U4.100;U4.101;U5.107;U17.110;U21.110;U9.111;U1.124;U27.128;U16.131;W1.133;U32.134;U33.134;U9.139;U1.141;U1.143;U21.147;U10.149;U2.162;U2.163;U23.163;U20.167;U12.171;U37.173;U6.178;U19.180;U8.182;U17.193;U47.194;U6.195;U29.205;U3.206;U36.206;U17.210;U22.213;U44.213;U2.217;U20.218;U7.221;U33.221;U3.226;U1.234;U2.234;U3.234;U4.234;U5.234;U6.234;U7.234;U8.234;U9.234;W1.234;U6.238;U5.244;U43.248;U15.249;U17.257;U36.257;U29.266;U18.274;U29.274;U11.277;U17.282;U34.285;U11.291;U12.292;U44.293;U3.294",TRUE,TRUE,"M3",TRUE,TRUE,0.00535297393798828,NA,NA,NA,NA,NA,NA,NA,NA,"M3",TRUE,TRUE,0.00831198692321777,NA,NA,NA,NA,NA,NA,NA,NA,"M3",TRUE,TRUE,0.0192320346832275,NA,NA,NA,NA,NA,NA,NA,NA
235,"model4",670,"medium",16,0.06,0.616953843855299,0.367531177867204,1,1,0,3,29,1,0.512413057516582,0.44008069400755,"M4",29,"U1.235;U2.235;U3.235;U4.235;U5.235;U6.235;U7.235;U8.235;U9.235;U10.235;U11.235;U12.235;U13.235;U14.235;U15.235;U16.235;U17.235;U18.235;U19.235;U20.235;U21.235;U22.235;U23.235;U24.235;U25.235;U26.235;U27.235;U28.235;U29.235",17,16,1,13,0,FALSE,TRUE,"U2.235;U3.235;U6.235;U8.235;U10.235;U11.235;U12.235;U15.235;U17.235;U19.235;U21.235;U22.235;U23.235;U25.235;U27.235;U28.235;W1.235",101,26,75,3,74,FALSE,TRUE,"U5.2;U14.2;U7.11;W1.25;U45.31;U11.36;U22.47;U33.52;U7.54;U13.59;U43.60;U13.62;U33.62;U2.68;U12.73;U8.89;U22.97;U11.101;U31.104;U3.106;U20.113;U3.116;U36.128;U39.128;U4.134;U6.134;U41.142;U43.142;U8.150;U41.156;U19.172;U39.172;U1.174;U17.179;U10.185;U27.185;U35.185;W1.187;U4.189;U8.192;U29.201;U13.202;U27.205;U27.206;U4.210;U27.214;W1.216;U17.221;U1.224;U15.226;U33.226;U35.226;U33.227;U2.229;U7.234;U1.235;U2.235;U3.235;U4.235;U5.235;U6.235;U7.235;U8.235;U9.235;U10.235;U11.235;U12.235;U13.235;U15.235;U16.235;U17.235;U18.235;U19.235;U21.235;U22.235;U23.235;U24.235;U25.235;U27.235;U28.235;U29.235;W1.235;U8.237;U14.239;U17.243;U27.243;U9.246;U13.250;U4.253;U27.260;U1.261;U15.263;U14.270;U1.272;U25.273;U19.275;U13.282;U4.287;U27.290;U3.294;U25.297",TRUE,TRUE,"M1.2",FALSE,FALSE,0.00666189193725586,NA,NA,NA,NA,NA,NA,NA,NA,"M1.2",FALSE,FALSE,0.00455689430236816,NA,NA,NA,NA,NA,NA,NA,NA,"M4",TRUE,TRUE,0.019629955291748,NA,NA,NA,NA,NA,NA,NA,NA
236,"model0",670,"large",16,0.09,1.16444243502337,0.832620511529967,1,1,0,3,19,1,0.478608716370191,0.413954977141098,"M0.1",19,"U1.236;U2.236;U3.236;U4.236;U5.236;U6.236;U7.236;U8.236;U9.236;U10.236;U11.236;U12.236;U13.236;U14.236;U15.236;U16.236;U17.236;U18.236;U19.236",17,16,1,3,0,FALSE,TRUE,"U1.236;U3.236;U4.236;U5.236;U7.236;U8.236;U9.236;U10.236;U11.236;U12.236;U13.236;U14.236;U15.236;U16.236;U17.236;U19.236;W1.236",83,18,65,1,64,FALSE,TRUE,"U4.15;U37.21;U27.24;U30.39;U6.41;U4.44;U22.47;W1.51;U21.52;U26.52;U27.58;U9.63;U13.63;U12.64;U18.75;U6.79;U12.79;U25.79;U5.85;U20.88;U14.96;U20.97;U16.99;U5.104;U20.112;U3.113;U18.113;U7.122;U9.125;U5.127;W1.127;U9.128;U3.129;U27.133;W1.138;U14.145;U16.157;U7.159;U14.182;U27.186;U21.218;U4.221;U19.223;U8.224;U12.224;U30.226;W1.229;U5.230;U32.230;U1.236;U3.236;U4.236;U5.236;U6.236;U7.236;U8.236;U9.236;U10.236;U11.236;U12.236;U13.236;U14.236;U15.236;U16.236;U17.236;U18.236;U19.236;W1.236;U3.242;U13.245;U7.246;U3.249;U12.249;U19.249;U3.252;U33.257;U25.258;U31.260;U3.269;U8.282;U18.288;U9.291;U36.297",TRUE,TRUE,"M0.1",TRUE,TRUE,0.00524115562438965,NA,NA,NA,NA,NA,NA,NA,NA,"M0.1",TRUE,TRUE,0.00500607490539551,NA,NA,NA,NA,NA,NA,NA,NA,"M0.1",TRUE,TRUE,0.0181879997253418,NA,NA,NA,NA,NA,NA,NA,NA
237,"model1",670,"large",16,0.15,1.45490622718353,0.884222034248523,1,1,0,3,11,1,0.209292065840189,0.335858959432464,"M1.1",11,"U1.237;U2.237;U3.237;U4.237;U5.237;U6.237;U7.237;U8.237;U9.237;U10.237;U11.237",10,8,2,3,1,FALSE,TRUE,"U12.208;U2.237;U4.237;U5.237;U6.237;U8.237;U9.237;U10.237;U11.237;W1.237",98,11,87,0,86,FALSE,TRUE,"U14.10;U5.41;U38.44;U33.47;U13.54;U8.55;U2.58;U9.58;U5.59;U26.60;U2.64;U22.64;U19.67;U24.73;U2.74;U25.76;U2.82;U14.82;U2.85;U47.88;U3.92;U20.92;W1.92;U9.99;U15.101;U13.103;U28.104;U4.108;U19.110;U2.116;U7.120;U49.128;U32.130;U2.132;U35.133;U27.142;U39.142;U42.142;U27.149;U16.154;U32.156;U10.157;U2.158;U6.158;U34.168;U13.170;U29.173;U35.181;U17.184;U33.185;U42.191;U47.191;U17.204;U6.206;U8.208;U12.208;U20.214;U24.218;U21.221;U4.226;U24.229;U21.230;U8.232;U34.232;U1.237;U2.237;U3.237;U4.237;U5.237;U6.237;U7.237;U8.237;U9.237;U10.237;U11.237;W1.237;U6.239;U7.243;U15.246;U21.246;U24.248;U29.250;U1.253;U17.253;U15.258;U5.259;U24.259;U15.260;U11.263;U18.270;W1.272;W1.274;U2.277;U12.280;U26.281;U35.293;U41.297;U11.300",TRUE,TRUE,"M1.1",TRUE,TRUE,0.00578117370605469,NA,NA,NA,NA,NA,NA,NA,NA,"M1.1",TRUE,TRUE,0.00354790687561035,NA,NA,NA,NA,NA,NA,NA,NA,"M1.1",TRUE,TRUE,0.0202178955078125,NA,NA,NA,NA,NA,NA,NA,NA
238,"model2",670,"large",16,0.18,1.28517900442239,0.659058935241774,1,1,0,3,44,1,0.521113558152533,0.594559466930397,"M2.1",44,"U1.238;U2.238;U3.238;U4.238;U5.238;U6.238;U7.238;U8.238;U9.238;U10.238;U11.238;U12.238;U13.238;U14.238;U15.238;U16.238;U17.238;U18.238;U19.238;U20.238;U21.238;U22.238;U23.238;U24.238;U25.238;U26.238;U27.238;U28.238;U29.238;U30.238;U31.238;U32.238;U33.238;U34.238;U35.238;U36.238;U37.238;U38.238;U39.238;U40.238;U41.238;U42.238;U43.238;U44.238",18,18,0,26,0,FALSE,FALSE,"U1.238;U3.238;U5.238;U6.238;U9.238;U11.238;U12.238;U13.238;U14.238;U19.238;U21.238;U22.238;U24.238;U26.238;U32.238;U35.238;U36.238;U39.238",101,32,69,12,68,FALSE,TRUE,"U5.3;W1.5;U11.12;U9.19;U9.27;U4.28;U4.30;U1.33;U31.48;U28.50;U1.51;U20.51;U29.52;U32.52;W1.54;U9.59;U19.59;U31.60;U18.64;U12.69;U2.71;U9.73;U3.74;U20.75;U7.88;U3.103;U2.120;U45.128;U15.134;U10.135;U6.143;U14.143;U8.144;U36.152;U25.167;U32.171;U25.172;U31.173;U31.181;U25.183;U8.184;U16.184;U38.185;U24.189;U37.190;U7.201;U20.206;U3.213;U33.213;U40.223;U18.224;U2.234;U1.238;U2.238;U3.238;U5.238;U6.238;U8.238;U9.238;U10.238;U11.238;U12.238;U13.238;U14.238;U17.238;U19.238;U20.238;U21.238;U22.238;U24.238;U25.238;U26.238;U27.238;U29.238;U30.238;U32.238;U33.238;U34.238;U35.238;U36.238;U39.238;U42.238;U43.238;U44.238;W1.238;U41.239;U23.240;U6.245;U4.250;U1.252;U20.253;U39.254;U20.259;U37.260;U19.264;U15.266;U5.277;U16.282;U25.292;U13.296;U23.297",TRUE,TRUE,"M2.1",TRUE,TRUE,0.0208001136779785,NA,NA,NA,NA,NA,NA,NA,NA,"M2.1",TRUE,TRUE,0.00508284568786621,NA,NA,NA,NA,NA,NA,NA,NA,"M2.1",TRUE,TRUE,0.0290858745574951,NA,NA,NA,NA,NA,NA,NA,NA
239,"model3",670,"large",16,0.5,1.01503619493451,0.77640866569709,1,1,0,3,46,1,0.563350477746152,0.54078843416986,"M3",46,"U1.239;U2.239;U3.239;U4.239;U5.239;U6.239;U7.239;U8.239;U9.239;U10.239;U11.239;U12.239;U13.239;U14.239;U15.239;U16.239;U17.239;U18.239;U19.239;U20.239;U21.239;U22.239;U23.239;U24.239;U25.239;U26.239;U27.239;U28.239;U29.239;U30.239;U31.239;U32.239;U33.239;U34.239;U35.239;U36.239;U37.239;U38.239;U39.239;U40.239;U41.239;U42.239;U43.239;U44.239;U45.239;U46.239",14,14,0,32,0,FALSE,FALSE,"U3.239;U4.239;U6.239;U9.239;U13.239;U31.239;U33.239;U36.239;U37.239;U38.239;U39.239;U40.239;U44.239;U46.239",115,35,80,11,80,FALSE,FALSE,"U29.8;U3.11;U26.21;U7.25;U5.30;U7.41;U12.47;U17.48;U11.51;U18.52;U9.53;U9.55;U15.57;W1.58;U2.65;U14.65;U8.66;U19.69;U8.75;U5.89;U15.89;U8.93;U17.93;U13.97;U47.98;U1.100;U24.102;U27.102;W1.102;U8.106;U9.111;U2.118;U24.118;U15.122;U16.122;U18.122;U40.122;W1.129;U20.130;U21.130;U44.144;U48.147;U9.149;U3.150;U27.152;U30.152;U3.166;U4.171;U29.173;U17.184;U33.185;U49.185;U19.190;U9.191;U39.194;U46.194;U30.201;U2.203;U12.208;U28.213;U4.221;U4.226;U12.236;U18.236;W1.237;U1.239;U2.239;U3.239;U4.239;U5.239;U6.239;U7.239;U8.239;U9.239;U10.239;U11.239;U12.239;U13.239;U15.239;U16.239;U17.239;U18.239;U19.239;U20.239;U22.239;U24.239;U25.239;U31.239;U33.239;U34.239;U35.239;U36.239;U37.239;U38.239;U39.239;U40.239;U43.239;U44.239;U45.239;U46.239;U19.249;U47.254;U31.258;U24.261;U37.262;U2.268;U6.271;U18.274;U42.274;U8.280;U8.282;U6.287;U18.293;U10.296;U33.296",TRUE,TRUE,"M3",TRUE,TRUE,0.014495849609375,NA,NA,NA,NA,NA,NA,NA,NA,"M3",TRUE,TRUE,0.00706601142883301,NA,NA,NA,NA,NA,NA,NA,NA,"M3",TRUE,TRUE,0.0276181697845459,NA,NA,NA,NA,NA,NA,NA,NA
240,"model4",670,"large",16,0.43,1.43499457254075,0.717572735971771,1,1,0,3,31,1,0.360033222856911,0.314010080354544,"M4",31,"U1.240;U2.240;U3.240;U4.240;U5.240;U6.240;U7.240;U8.240;U9.240;U10.240;U11.240;U12.240;U13.240;U14.240;U15.240;U16.240;U17.240;U18.240;U19.240;U20.240;U21.240;U22.240;U23.240;U24.240;U25.240;U26.240;U27.240;U28.240;U29.240;U30.240;U31.240",19,15,4,16,3,FALSE,TRUE,"U29.85;U24.216;U7.240;U9.240;U10.240;U11.240;U12.240;U16.240;U17.240;U19.240;U21.240;U22.240;U24.240;U27.240;U28.240;U29.240;U30.240;W1.240;U37.285",106,27,79,4,78,FALSE,TRUE,"U13.14;U7.17;U18.21;U16.23;U5.25;W1.34;U12.54;U26.54;U14.55;U49.59;U39.62;U2.64;U2.65;U9.65;U7.70;U5.73;U11.76;U2.81;U2.83;U29.85;U19.87;U20.89;U36.90;W1.105;U18.112;U23.120;U16.122;U4.125;U38.134;U21.141;U27.149;U36.156;U7.166;U18.170;U1.172;U14.176;U14.179;U14.180;U34.181;U1.183;U18.188;U24.190;U5.202;U22.204;U23.206;U41.213;U10.216;U24.216;U9.230;U29.230;U3.235;U40.238;U24.239;U35.239;U39.239;U1.240;U4.240;U5.240;U6.240;U7.240;U8.240;U9.240;U10.240;U11.240;U12.240;U13.240;U15.240;U16.240;U17.240;U18.240;U19.240;U20.240;U21.240;U22.240;U23.240;U24.240;U26.240;U27.240;U28.240;U29.240;U30.240;U31.240;W1.240;U2.241;U1.243;U9.253;U4.255;U8.256;U6.259;U19.262;U21.262;U26.262;U28.262;U22.263;U8.267;U2.271;U19.275;U15.285;U32.285;U37.285;U39.285;U33.293;U4.296;U23.297;U5.299;U6.299",TRUE,TRUE,"M1.2",FALSE,FALSE,0.0127050876617432,NA,NA,NA,NA,NA,NA,NA,NA,"M1.2",FALSE,FALSE,0.00865793228149414,NA,NA,NA,NA,NA,NA,NA,NA,"M1.2",FALSE,FALSE,0.0200798511505127,NA,NA,NA,NA,NA,NA,NA,NA
241,"model0",670,"small",17,0.34,0.173293141461909,0.114179868064821,1,1,0,3,16,1,0.319201913828773,0.425917182948883,"M0.1",16,"U1.241;U2.241;U3.241;U4.241;U5.241;U6.241;U7.241;U8.241;U9.241;U10.241;U11.241;U12.241;U13.241;U14.241;U15.241;U16.241",14,13,1,3,1,FALSE,FALSE,"U1.241;U2.241;U4.241;U5.241;U6.241;U7.241;U9.241;U10.241;U11.241;U12.241;U13.241;U15.241;U16.241;U23.290",110,13,97,3,96,FALSE,TRUE,"U15.1;U5.2;U4.6;U9.7;U4.11;U17.12;U6.39;U14.41;U4.45;U18.50;U22.51;U17.52;U9.59;U9.61;U12.63;U13.63;U7.64;U6.66;U10.67;U19.67;U22.67;U29.69;W1.75;U47.76;U19.79;U31.79;U15.82;U7.85;U12.87;U9.99;U19.99;U49.104;U17.106;U20.112;U15.120;U19.123;U9.125;U11.131;U2.133;U21.133;U12.138;U3.139;U21.139;U4.143;U17.144;U20.144;U29.144;U41.147;U16.149;W1.154;U6.159;U7.159;U16.163;U33.164;U28.168;U21.172;U36.173;U13.182;U49.185;U25.190;U44.191;U1.196;U5.203;U18.205;U15.206;U5.209;U38.213;U32.218;U1.219;U2.219;U23.229;U36.229;U6.236;U1.241;U2.241;U4.241;U5.241;U6.241;U7.241;U9.241;U10.241;U11.241;U12.241;U13.241;U15.241;U16.241;W1.241;U9.242;U15.242;W1.244;U34.248;U46.248;U8.254;U36.257;U1.258;U24.261;U23.275;U10.278;U12.282;W1.282;U14.284;U23.285;U6.288;U6.290;U23.290;U26.290;U33.290;U26.292;U19.296;U25.296",TRUE,TRUE,"M0.1",TRUE,TRUE,0.00493192672729492,NA,NA,NA,NA,NA,NA,NA,NA,"M0.1",TRUE,TRUE,0.00389194488525391,NA,NA,NA,NA,NA,NA,NA,NA,"M0.1",TRUE,TRUE,0.0210039615631104,NA,NA,NA,NA,NA,NA,NA,NA
242,"model1",670,"small",17,0.22,0.40116494204849,0.149694852996618,1,1,0,3,18,1,0.384989496854271,0.422865554826636,"M1.1",18,"U1.242;U2.242;U3.242;U4.242;U5.242;U6.242;U7.242;U8.242;U9.242;U10.242;U11.242;U12.242;U13.242;U14.242;U15.242;U16.242;U17.242;U18.242",14,13,1,5,0,FALSE,TRUE,"U1.242;U2.242;U3.242;U4.242;U5.242;U7.242;U8.242;U9.242;U12.242;U13.242;U14.242;U15.242;U17.242;W1.242",100,16,84,2,83,FALSE,TRUE,"U18.1;U16.3;U4.14;U15.14;U12.23;U20.25;U28.25;U11.39;U25.39;U28.40;U5.41;U30.48;U3.54;U23.58;U35.60;U20.64;U11.68;U19.71;W1.79;U18.85;U42.88;U19.90;U3.91;U17.92;U7.93;U19.99;U10.101;U33.103;U32.104;U26.106;U19.110;U12.111;U30.113;U7.121;U2.125;U17.132;U21.134;U10.142;U26.147;U39.147;U4.148;U15.151;U36.152;U9.157;U18.164;U32.164;U9.166;U8.168;U3.180;U11.182;U6.188;U7.188;U24.188;U5.191;U20.191;W1.194;U7.198;U8.202;U16.206;U3.211;U10.213;U11.214;U8.216;U29.219;U13.221;W1.222;U12.226;U4.227;U18.229;U2.233;U22.239;U27.239;U1.242;U2.242;U3.242;U4.242;U5.242;U6.242;U7.242;U8.242;U9.242;U10.242;U12.242;U13.242;U14.242;U15.242;U17.242;U18.242;W1.242;U8.245;U24.245;U37.254;U4.272;U26.281;U38.287;U33.288;U17.290;U19.292;U37.293;U41.293",TRUE,TRUE,"M0.1",FALSE,FALSE,0.00823211669921875,NA,NA,NA,NA,NA,NA,NA,NA,"M1.1",TRUE,TRUE,0.00548315048217773,NA,NA,NA,NA,NA,NA,NA,NA,"M0.1",FALSE,FALSE,0.0198318958282471,NA,NA,NA,NA,NA,NA,NA,NA
243,"model2",670,"small",17,0.17,0.434670835547149,0.292735597165301,1,1,0,3,34,1,0.553223953744565,0.572512364168075,"M2.1",34,"U1.243;U2.243;U3.243;U4.243;U5.243;U6.243;U7.243;U8.243;U9.243;U10.243;U11.243;U12.243;U13.243;U14.243;U15.243;U16.243;U17.243;U18.243;U19.243;U20.243;U21.243;U22.243;U23.243;U24.243;U25.243;U26.243;U27.243;U28.243;U29.243;U30.243;U31.243;U32.243;U33.243;U34.243",21,20,1,14,0,FALSE,TRUE,"U1.243;U3.243;U8.243;U9.243;U10.243;U12.243;U13.243;U14.243;U17.243;U19.243;U21.243;U22.243;U25.243;U26.243;U27.243;U28.243;U29.243;U30.243;U31.243;U32.243;W1.243",115,31,84,3,83,FALSE,TRUE,"U27.2;U21.12;U5.21;U15.25;U7.26;U32.33;U1.40;U14.43;U40.52;U2.56;U10.57;U26.58;U32.60;U8.61;U27.61;U6.64;U10.65;U15.65;U4.73;U27.73;U11.75;U22.76;U12.79;U3.82;U11.89;U1.92;U29.93;U32.95;U9.98;U18.103;U46.104;U8.105;U12.106;U21.106;U10.109;W1.123;U11.128;U13.129;U17.130;U4.132;U7.139;W1.163;U28.171;U17.172;U15.178;U21.180;U17.184;U34.186;U25.188;U20.190;U26.190;U27.190;U26.204;U34.204;U6.208;U2.211;U27.214;U38.216;U23.218;W1.219;U9.226;U43.226;U27.227;U9.235;U26.235;U9.242;U1.243;U2.243;U3.243;U4.243;U6.243;U7.243;U8.243;U9.243;U10.243;U12.243;U13.243;U14.243;U15.243;U16.243;U17.243;U19.243;U20.243;U21.243;U22.243;U23.243;U24.243;U25.243;U26.243;U27.243;U28.243;U29.243;U30.243;U31.243;U32.243;U33.243;U34.243;W1.243;U3.245;U21.249;U28.253;U1.262;U8.271;U6.272;U12.273;U40.274;U4.275;U5.279;U4.289;U12.289;U27.293;U17.295;U4.297;U22.297;U2.299",TRUE,TRUE,"M2.1",TRUE,TRUE,0.0134470462799072,NA,NA,NA,NA,NA,NA,NA,NA,"M1.1",FALSE,FALSE,0.00508785247802734,NA,NA,NA,NA,NA,NA,NA,NA,"M1.1",FALSE,FALSE,0.0256330966949463,NA,NA,NA,NA,NA,NA,NA,NA
244,"model3",670,"small",17,0.33,0.144404736161232,0.198582307109609,1,1,0,3,10,1,0.215625846174966,0.337412777494779,"M3",10,"U1.244;U2.244;U3.244;U4.244;U5.244;U6.244;U7.244;U8.244;U9.244;U10.244",7,5,2,5,1,FALSE,TRUE,"U11.17;U1.244;U4.244;U5.244;U8.244;U10.244;W1.244",99,10,89,0,88,FALSE,TRUE,"W1.2;U32.8;U20.10;U14.14;U5.17;U11.17;U17.24;U5.25;U1.29;U10.32;U3.36;U17.39;U28.39;U18.44;U11.47;U15.47;U21.50;W1.50;U9.51;U6.59;U26.60;U22.61;U28.61;U34.61;U5.64;U28.69;U33.69;U29.71;U3.80;U40.88;U18.89;U24.90;U16.92;U24.93;U27.93;W1.95;U4.98;U11.99;U5.100;U2.102;U20.104;U28.110;U7.111;U8.118;U18.118;U5.120;U19.133;U15.134;U14.141;U4.142;U29.142;U40.144;U4.145;U19.145;U19.151;U21.152;U13.156;U18.161;U43.163;U17.164;U9.166;U7.176;U17.179;U7.181;U41.185;U20.186;U8.187;W1.188;U2.192;U25.202;U29.213;U32.213;U25.216;U28.216;U7.221;U20.230;U31.232;U3.236;U32.239;U25.240;U1.244;U2.244;U3.244;U4.244;U5.244;U6.244;U7.244;U8.244;U9.244;U10.244;W1.244;U12.250;U36.254;U27.259;U35.259;U17.260;U32.287;U31.288;U7.291",TRUE,TRUE,"M0.1",FALSE,FALSE,0.00918483734130859,NA,NA,NA,NA,NA,NA,NA,NA,"M0.1",FALSE,FALSE,0.00545907020568848,NA,NA,NA,NA,NA,NA,NA,NA,"Other",FALSE,FALSE,0.0224120616912842,NA,NA,NA,NA,NA,NA,NA,NA
245,"model4",670,"small",17,0.4,0.29482587473467,0.261357126478106,1,1,0,3,28,1,0.548565923235562,0.40642627529783,"M4",28,"U1.245;U2.245;U3.245;U4.245;U5.245;U6.245;U7.245;U8.245;U9.245;U10.245;U11.245;U12.245;U13.245;U14.245;U15.245;U16.245;U17.245;U18.245;U19.245;U20.245;U21.245;U22.245;U23.245;U24.245;U25.245;U26.245;U27.245;U28.245",17,15,2,13,1,FALSE,TRUE,"U31.17;U1.245;U2.245;U3.245;U4.245;U7.245;U8.245;U9.245;U10.245;U11.245;U12.245;U20.245;U23.245;U24.245;U26.245;U28.245;W1.245",103,23,80,5,79,FALSE,TRUE,"U13.10;U9.11;U31.17;U20.23;U2.25;U6.25;U16.25;U17.25;U9.27;U8.28;U7.30;U20.31;U8.39;U10.39;U29.39;U10.43;U5.44;U39.44;U38.47;U13.50;U16.51;U25.53;U7.64;U13.69;U8.70;U4.71;U25.73;U10.85;U7.87;U3.88;U7.92;U17.94;U2.98;U11.98;U12.102;U11.104;U48.104;U4.108;U21.118;U3.119;U17.119;U18.131;U19.137;U8.144;U42.163;U8.167;U10.168;U8.169;U12.170;W1.180;W1.182;U18.183;U9.188;U27.188;U6.211;U8.216;U5.219;U19.219;U21.223;U43.223;U9.224;U36.226;U3.229;U6.235;U26.243;W1.243;U1.245;U2.245;U3.245;U4.245;U5.245;U6.245;U7.245;U8.245;U9.245;U10.245;U11.245;U12.245;U13.245;U15.245;U16.245;U17.245;U20.245;U22.245;U23.245;U24.245;U25.245;U26.245;U28.245;W1.245;U10.247;U27.248;U48.248;U6.250;U16.250;U3.263;U2.265;U5.269;U23.270;U33.273;W1.275;U12.287;U18.296",TRUE,TRUE,"M4",TRUE,TRUE,0.00622820854187012,NA,NA,NA,NA,NA,NA,NA,NA,"M3",FALSE,FALSE,0.00417709350585938,NA,NA,NA,NA,NA,NA,NA,NA,"M4",TRUE,TRUE,0.0207500457763672,NA,NA,NA,NA,NA,NA,NA,NA
246,"model0",670,"medium",17,0.11,0.941083395038731,0.301910253008828,1,1,0,3,43,1,0.619093118203851,0.581431261650537,"M0.1",43,"U1.246;U2.246;U3.246;U4.246;U5.246;U6.246;U7.246;U8.246;U9.246;U10.246;U11.246;U12.246;U13.246;U14.246;U15.246;U16.246;U17.246;U18.246;U19.246;U20.246;U21.246;U22.246;U23.246;U24.246;U25.246;U26.246;U27.246;U28.246;U29.246;U30.246;U31.246;U32.246;U33.246;U34.246;U35.246;U36.246;U37.246;U38.246;U39.246;U40.246;U41.246;U42.246;U43.246",18,18,0,25,0,FALSE,FALSE,"U1.246;U8.246;U9.246;U12.246;U14.246;U16.246;U18.246;U19.246;U24.246;U25.246;U29.246;U30.246;U32.246;U35.246;U37.246;U38.246;U40.246;U41.246",135,33,102,10,101,FALSE,TRUE,"U2.2;U5.6;U10.10;U17.10;U1.13;W1.25;U2.28;U3.30;U12.36;U9.40;U8.41;U12.41;U13.43;U14.43;U23.44;U4.54;U27.57;U24.61;U42.62;U9.64;U15.70;W1.70;U5.72;U19.73;U12.81;U30.85;U29.88;U10.89;U19.89;U37.89;U6.91;U10.95;U2.97;U4.98;U28.98;U1.107;U14.109;U16.111;U21.116;U24.118;U4.119;U35.120;U13.128;U19.129;U16.133;U22.133;U26.134;U27.134;U3.137;U11.142;U24.142;U28.144;U15.154;U15.160;U16.160;U6.161;U10.166;U36.171;U1.174;U3.175;U17.182;U16.183;U8.187;U1.188;U27.188;U31.190;U1.192;U19.192;U9.197;U7.199;U10.202;U10.204;U1.206;U2.211;U5.211;U18.214;U27.219;U28.221;U4.222;U10.223;U9.225;U15.226;U2.236;U13.236;U28.243;U19.245;U20.245;U1.246;U2.246;U5.246;U6.246;U7.246;U8.246;U9.246;U10.246;U12.246;U14.246;U16.246;U18.246;U19.246;U23.246;U24.246;U25.246;U26.246;U27.246;U28.246;U29.246;U30.246;U31.246;U32.246;U33.246;U34.246;U35.246;U36.246;U37.246;U38.246;U40.246;U41.246;U42.246;U43.246;W1.246;U10.255;U35.257;U11.261;U3.262;U9.264;U2.266;U43.274;U9.275;U34.287;U16.295;U29.296;U44.296;U14.297;U31.297",TRUE,TRUE,"M0.1",TRUE,TRUE,0.00771903991699219,NA,NA,NA,NA,NA,NA,NA,NA,"M0.1",TRUE,TRUE,0.0046379566192627,NA,NA,NA,NA,NA,NA,NA,NA,"M3",FALSE,FALSE,0.032872200012207,NA,NA,NA,NA,NA,NA,NA,NA
247,"model1",670,"medium",17,0.05,0.643022947595455,0.449593452457339,1,1,0,3,13,1,0.368126603541205,0.373233876789873,"M1.1",13,"U1.247;U2.247;U3.247;U4.247;U5.247;U6.247;U7.247;U8.247;U9.247;U10.247;U11.247;U12.247;U13.247",15,12,3,1,2,FALSE,TRUE,"U19.223;U22.246;U1.247;U2.247;U3.247;U4.247;U5.247;U6.247;U7.247;U8.247;U9.247;U10.247;U11.247;U12.247;W1.247",95,12,83,1,82,FALSE,TRUE,"U11.3;U32.10;U14.21;U22.24;U1.33;U13.41;U7.44;U6.46;U24.49;W1.54;U6.57;U21.57;U15.64;U22.64;U1.66;U2.69;U14.69;U7.73;U26.88;U43.88;U21.90;U11.92;U7.94;U27.98;U13.99;U30.103;U39.106;U37.113;U46.118;U2.120;U27.122;U39.128;U42.128;U4.135;U9.141;U19.147;U19.151;U11.153;U5.154;U3.163;U35.168;U7.171;U16.172;U26.172;U7.175;U17.178;U6.184;W1.184;U27.186;U20.190;U28.190;U14.208;U4.209;U1.214;U24.216;U34.219;U31.221;U19.223;U5.225;U35.229;U20.246;U22.246;U1.247;U2.247;U3.247;U4.247;U5.247;U6.247;U7.247;U8.247;U9.247;U10.247;U11.247;U12.247;W1.247;U48.248;U25.254;U15.257;U14.258;U6.268;U5.269;U21.270;U22.270;U20.274;U8.275;U22.275;U9.276;U14.285;U5.286;U23.288;U29.292;U3.296;U25.296;U49.296;U11.297",TRUE,TRUE,"M1.1",TRUE,TRUE,0.00402593612670898,NA,NA,NA,NA,NA,NA,NA,NA,"M1.1",TRUE,TRUE,0.00557708740234375,NA,NA,NA,NA,NA,NA,NA,NA,"M1.1",TRUE,TRUE,0.0315680503845215,NA,NA,NA,NA,NA,NA,NA,NA
248,"model2",670,"medium",17,0.36,0.573546951520257,0.364468551753089,1,1,0,3,50,1,0.657239442182744,0.659209619398599,"M2.1",50,"U1.248;U2.248;U3.248;U4.248;U5.248;U6.248;U7.248;U8.248;U9.248;U10.248;U11.248;U12.248;U13.248;U14.248;U15.248;U16.248;U17.248;U18.248;U19.248;U20.248;U21.248;U22.248;U23.248;U24.248;U25.248;U26.248;U27.248;U28.248;U29.248;U30.248;U31.248;U32.248;U33.248;U34.248;U35.248;U36.248;U37.248;U38.248;U39.248;U40.248;U41.248;U42.248;U43.248;U44.248;U45.248;U46.248;U47.248;U48.248;U49.248;U50.248",28,24,4,26,3,FALSE,TRUE,"U14.7;U12.57;U22.170;U2.248;U3.248;U4.248;U5.248;U8.248;U9.248;U10.248;U17.248;U18.248;U20.248;U21.248;U22.248;U24.248;U26.248;U27.248;U31.248;U32.248;U34.248;U35.248;U38.248;U39.248;U42.248;U45.248;U50.248;W1.248",132,41,91,9,90,FALSE,TRUE,"U10.6;U14.7;U9.11;U24.12;U9.17;U10.31;U5.40;U3.41;U4.41;U30.44;U3.46;U1.50;U16.50;U17.50;U20.53;U12.57;U14.57;U48.59;U37.60;U3.63;U6.63;U12.65;U4.66;U2.70;U11.71;U12.71;U4.87;U30.89;U27.92;U7.94;U22.99;U13.102;U17.106;U17.111;U25.116;U30.116;U9.119;U20.120;U17.123;U5.125;U10.125;U24.128;U5.133;U11.155;U23.164;U22.170;U20.171;U28.171;U32.173;U12.179;U20.179;U21.180;U7.181;U31.189;U21.190;U23.190;U5.191;U43.194;U29.201;U7.203;U17.205;U9.210;W1.213;U9.216;U15.216;U7.221;W1.227;U7.229;U39.229;U20.232;U4.236;U24.238;U13.243;U20.245;U2.247;U2.248;U3.248;U4.248;U5.248;U6.248;U7.248;U8.248;U9.248;U10.248;U13.248;U14.248;U15.248;U16.248;U17.248;U18.248;U19.248;U20.248;U21.248;U22.248;U23.248;U24.248;U26.248;U27.248;U28.248;U31.248;U32.248;U33.248;U34.248;U35.248;U37.248;U38.248;U39.248;U41.248;U42.248;U43.248;U44.248;U45.248;U46.248;U48.248;U49.248;U50.248;W1.248;U24.249;U1.253;U24.253;U30.254;W1.259;U25.261;U25.266;U22.270;U16.273;U19.273;U3.286;U5.289;U38.293;U45.293;U7.294",TRUE,TRUE,"M1.1",FALSE,FALSE,0.0242369174957275,NA,NA,NA,NA,NA,NA,NA,NA,"M1.1",FALSE,FALSE,0.00674700736999512,NA,NA,NA,NA,NA,NA,NA,NA,"M1.1",FALSE,FALSE,0.0281670093536377,NA,NA,NA,NA,NA,NA,NA,NA
249,"model3",670,"medium",17,0.08,0.88607211667113,0.363242056081072,1,1,0,3,29,1,0.537605292610846,0.442926791081813,"M3",29,"U1.249;U2.249;U3.249;U4.249;U5.249;U6.249;U7.249;U8.249;U9.249;U10.249;U11.249;U12.249;U13.249;U14.249;U15.249;U16.249;U17.249;U18.249;U19.249;U20.249;U21.249;U22.249;U23.249;U24.249;U25.249;U26.249;U27.249;U28.249;U29.249",19,18,1,11,0,FALSE,TRUE,"U1.249;U2.249;U5.249;U6.249;U8.249;U11.249;U12.249;U16.249;U17.249;U18.249;U19.249;U20.249;U21.249;U22.249;U25.249;U26.249;U27.249;U28.249;W1.249",98,27,71,2,70,FALSE,TRUE,"U20.2;U11.7;U19.7;U23.24;U30.24;U21.25;U30.25;U10.26;U6.27;U22.31;W1.33;U6.47;U12.50;U10.51;U27.60;U24.71;U2.81;U11.81;U15.85;U14.88;U29.88;U19.89;U15.90;U21.92;U14.94;U13.98;U16.103;U3.104;U37.104;U45.106;U18.110;W1.130;U8.131;U12.137;U9.142;U18.164;U3.168;U6.177;U7.178;U5.180;U14.193;U12.202;U27.202;U14.210;U5.211;U12.214;U13.214;U2.218;U5.219;U5.221;U17.221;U15.226;U19.226;U7.227;U35.227;U26.232;U19.238;U36.238;U1.249;U2.249;U3.249;U5.249;U6.249;U7.249;U8.249;U9.249;U10.249;U11.249;U12.249;U13.249;U14.249;U15.249;U16.249;U17.249;U18.249;U19.249;U20.249;U21.249;U22.249;U23.249;U25.249;U26.249;U27.249;U28.249;U29.249;W1.249;U6.254;U34.258;U20.259;U10.262;U19.264;U4.274;U9.277;U6.284;U20.284;U17.285;U7.295;U46.296",TRUE,TRUE,"M3",TRUE,TRUE,0.00648999214172363,NA,NA,NA,NA,NA,NA,NA,NA,"M3",TRUE,TRUE,0.0106589794158936,NA,NA,NA,NA,NA,NA,NA,NA,"M3",TRUE,TRUE,0.0407249927520752,NA,NA,NA,NA,NA,NA,NA,NA
250,"model4",670,"medium",17,0.13,0.602154751075432,0.488878956437111,1,1,0,3,35,1,0.535259932678985,0.553709266170349,"M4",35,"U1.250;U2.250;U3.250;U4.250;U5.250;U6.250;U7.250;U8.250;U9.250;U10.250;U11.250;U12.250;U13.250;U14.250;U15.250;U16.250;U17.250;U18.250;U19.250;U20.250;U21.250;U22.250;U23.250;U24.250;U25.250;U26.250;U27.250;U28.250;U29.250;U30.250;U31.250;U32.250;U33.250;U34.250;U35.250",19,18,1,17,0,FALSE,TRUE,"U1.250;U7.250;U9.250;U13.250;U14.250;U15.250;U17.250;U18.250;U19.250;U20.250;U24.250;U25.250;U27.250;U28.250;U30.250;U31.250;U32.250;U33.250;W1.250",121,28,93,7,92,FALSE,TRUE,"U2.12;U7.28;U2.34;U13.39;W1.42;U9.46;U24.47;U23.54;U21.57;U20.58;U34.59;U35.59;U2.60;U12.60;U6.61;U14.68;U4.74;U1.83;U5.87;U14.88;U19.88;U2.92;U14.97;U36.98;U24.106;U31.113;U36.113;U13.122;U17.122;W1.125;U21.128;U34.129;U10.130;U37.133;U18.134;U5.135;U3.138;U22.139;U28.139;U1.145;U2.148;U14.150;U26.152;U18.156;U3.160;U7.163;U1.164;U11.164;U38.171;U38.172;U11.175;U21.178;U18.190;U34.190;U11.192;U4.194;U7.199;U9.213;U19.214;U2.219;W1.227;U4.230;U15.230;U9.231;U7.234;U22.238;U32.238;U10.239;U34.239;U30.240;U21.243;U8.244;U1.250;U4.250;U5.250;U6.250;U7.250;U9.250;U11.250;U13.250;U14.250;U15.250;U17.250;U18.250;U19.250;U20.250;U21.250;U22.250;U24.250;U25.250;U26.250;U27.250;U28.250;U29.250;U30.250;U31.250;U32.250;U33.250;U34.250;U35.250;W1.250;U39.254;U14.257;U22.257;U25.258;W1.258;U37.260;U23.261;U36.262;U14.273;U37.273;U10.274;U1.276;U4.287;U22.288;U32.289;U23.293;U19.294;U45.296;U12.297;U15.297",TRUE,TRUE,"M4",TRUE,TRUE,0.00782489776611328,NA,NA,NA,NA,NA,NA,NA,NA,"M1.2",FALSE,FALSE,0.00677585601806641,NA,NA,NA,NA,NA,NA,NA,NA,"M1.2",FALSE,FALSE,0.0333399772644043,NA,NA,NA,NA,NA,NA,NA,NA
251,"model0",670,"large",17,0.01,1.48982884758152,0.553891648072749,1,1,0,3,25,6,0.472144455838733,0.509983178892986,"M0.1",25,"U1.251;U2.251;U3.251;U4.251;U5.251;U6.251;U7.251;U8.251;U9.251;U10.251;U11.251;U12.251;U13.251;U14.251;U15.251;U16.251;U17.251;U18.251;U19.251;U20.251;U21.251;U22.251;U23.251;U24.251;U25.251",16,14,2,11,1,FALSE,TRUE,"U3.81;U1.251;U2.251;U5.251;U6.251;U10.251;U11.251;U12.251;U13.251;U14.251;U18.251;U21.251;U22.251;U23.251;U24.251;W1.251",99,22,77,3,76,FALSE,TRUE,"U8.5;U11.7;U13.9;W1.9;U8.12;U6.19;U5.23;U18.23;U3.26;U4.33;U10.33;U24.33;U25.39;U7.49;U30.62;U35.62;U7.75;U1.78;U3.81;U23.88;U18.89;U31.90;U9.91;U19.99;U26.101;U7.106;U8.112;U16.119;U6.121;U3.122;U15.123;U7.127;U6.128;U19.128;U40.134;W1.134;U11.140;U8.142;U18.152;U38.163;U3.166;U39.171;U33.172;U27.173;U36.173;U40.188;U10.192;U17.194;U35.194;U8.203;U34.219;U12.223;U4.226;U9.227;U30.229;U17.232;U23.232;U15.238;U12.239;U15.240;U1.241;W1.241;U5.248;U1.251;U2.251;U3.251;U4.251;U5.251;U6.251;U7.251;U9.251;U10.251;U11.251;U12.251;U13.251;U14.251;U15.251;U16.251;U17.251;U18.251;U21.251;U22.251;U23.251;U24.251;U25.251;W1.251;U33.254;U9.263;U19.264;W1.264;U5.266;U35.274;U27.275;U31.275;U18.290;U3.294;U3.296;U3.298;U1.300",TRUE,TRUE,"M0.1",TRUE,TRUE,0.0105020999908447,NA,NA,NA,NA,NA,NA,NA,NA,"M0.1",TRUE,TRUE,0.0122921466827393,NA,NA,NA,NA,NA,NA,NA,NA,"M0.1",TRUE,TRUE,0.0278098583221436,NA,NA,NA,NA,NA,NA,NA,NA
252,"model1",670,"large",17,0.23,1.44598713889718,0.970167323481292,1,1,0,3,11,1,0.213723020981514,0.232559847366182,"M1.1",11,"U1.252;U2.252;U3.252;U4.252;U5.252;U6.252;U7.252;U8.252;U9.252;U10.252;U11.252",10,8,2,3,1,FALSE,TRUE,"U14.246;U1.252;U2.252;U3.252;U6.252;U7.252;U8.252;U9.252;U11.252;W1.252",76,10,66,1,65,FALSE,TRUE,"U1.5;U5.12;U11.14;U13.14;U18.14;W1.17;U34.21;U22.22;U21.24;U20.49;U11.68;U18.68;U6.70;W1.84;U17.88;U6.89;U40.98;U6.103;U5.110;U15.116;U36.122;U35.129;U15.133;U11.134;U9.142;U10.144;U14.150;U27.152;U9.156;U10.160;U40.168;U23.170;U6.173;U22.185;U42.190;U28.191;U25.194;U3.195;U11.201;U27.202;U3.208;U23.208;U25.208;W1.208;U38.216;U28.219;U18.223;U28.227;U18.229;U24.230;U14.246;U16.246;U1.252;U2.252;U3.252;U4.252;U5.252;U6.252;U7.252;U8.252;U9.252;U11.252;W1.252;U35.257;U44.258;U19.263;U8.274;U8.275;U8.279;U15.280;U24.280;U33.285;U11.290;U7.291;U16.293;U35.297",TRUE,TRUE,"M1.1",TRUE,TRUE,0.00368309020996094,NA,NA,NA,NA,NA,NA,NA,NA,"M1.1",TRUE,TRUE,0.00612902641296387,NA,NA,NA,NA,NA,NA,NA,NA,"M1.1",TRUE,TRUE,0.0139200687408447,NA,NA,NA,NA,NA,NA,NA,NA
253,"model2",670,"large",17,0.39,1.42292258574162,0.82595133932773,1,1,0,3,30,1,0.42610770806802,0.473753677119387,"M2.1",30,"U1.253;U2.253;U3.253;U4.253;U5.253;U6.253;U7.253;U8.253;U9.253;U10.253;U11.253;U12.253;U13.253;U14.253;U15.253;U16.253;U17.253;U18.253;U19.253;U20.253;U21.253;U22.253;U23.253;U24.253;U25.253;U26.253;U27.253;U28.253;U29.253;U30.253",17,13,4,17,3,FALSE,TRUE,"U30.44;U23.52;U40.76;U3.253;U8.253;U9.253;U12.253;U13.253;U14.253;U15.253;U18.253;U20.253;U24.253;U25.253;U27.253;U30.253;W1.253",99,21,78,9,77,FALSE,TRUE,"U20.3;U3.5;U4.6;U16.7;U22.14;U5.17;U3.24;U17.26;U30.31;U1.32;U9.34;U30.44;U9.47;U29.48;U23.52;U9.53;U9.54;U24.54;U18.57;U1.59;U11.61;U25.67;U27.67;U5.68;U17.71;U8.75;U40.76;U14.79;U3.82;U3.101;W1.103;U2.110;U10.113;U3.115;U8.128;U32.147;U41.147;U47.147;U5.148;U10.154;U25.155;U18.163;U36.164;U21.180;U30.180;U10.183;U6.186;U17.188;U6.190;U7.197;U3.199;U12.200;U14.201;U30.206;U33.206;U48.213;U7.216;U22.218;U23.218;U5.223;U20.224;U11.232;U23.238;U19.239;U11.240;U1.253;U2.253;U3.253;U7.253;U8.253;U9.253;U10.253;U12.253;U13.253;U14.253;U15.253;U16.253;U18.253;U20.253;U24.253;U25.253;U26.253;U27.253;U28.253;U29.253;U30.253;W1.253;U9.264;U15.264;U7.274;U9.275;U1.285;U6.286;U15.290;U28.290;U27.293;U28.296;U9.298;U2.300",TRUE,TRUE,"M2.1",TRUE,TRUE,0.0129740238189697,NA,NA,NA,NA,NA,NA,NA,NA,"M2.1",TRUE,TRUE,0.00833511352539062,NA,NA,NA,NA,NA,NA,NA,NA,"M2.1",TRUE,TRUE,0.0186519622802734,NA,NA,NA,NA,NA,NA,NA,NA
254,"model3",670,"large",17,0.31,1.38921861106064,0.666417418513447,1,1,0,3,49,1,0.580897054932947,0.551872732671105,"M3",49,"U1.254;U2.254;U3.254;U4.254;U5.254;U6.254;U7.254;U8.254;U9.254;U10.254;U11.254;U12.254;U13.254;U14.254;U15.254;U16.254;U17.254;U18.254;U19.254;U20.254;U21.254;U22.254;U23.254;U24.254;U25.254;U26.254;U27.254;U28.254;U29.254;U30.254;U31.254;U32.254;U33.254;U34.254;U35.254;U36.254;U37.254;U38.254;U39.254;U40.254;U41.254;U42.254;U43.254;U44.254;U45.254;U46.254;U47.254;U48.254;U49.254",24,23,1,26,1,FALSE,FALSE,"U12.179;U1.254;U6.254;U8.254;U10.254;U11.254;U13.254;U14.254;U17.254;U19.254;U23.254;U24.254;U25.254;U26.254;U27.254;U30.254;U31.254;U32.254;U34.254;U35.254;U40.254;U44.254;U45.254;U48.254",113,38,75,11,74,FALSE,TRUE,"U24.5;U19.10;U21.10;U7.12;U8.14;U17.17;U26.17;U31.17;U7.21;U38.47;U18.52;U8.61;U5.65;U24.67;U1.68;U25.69;U13.70;U22.71;U3.75;U5.78;U38.89;U41.89;U7.92;U2.101;U3.105;U7.106;U17.119;U14.120;U49.128;U18.136;U13.141;U7.142;U14.151;U11.153;U4.161;U31.171;U11.178;U12.179;U3.180;U15.182;U28.190;U6.191;U2.193;U46.194;U8.204;U33.218;U5.220;U29.221;U1.223;U42.226;U1.227;U5.232;U26.240;U8.241;U23.243;U11.245;U10.246;U13.246;U1.254;U2.254;U3.254;U5.254;U6.254;U7.254;U8.254;U10.254;U11.254;U12.254;U13.254;U14.254;U15.254;U17.254;U18.254;U19.254;U21.254;U23.254;U24.254;U25.254;U26.254;U27.254;U29.254;U30.254;U31.254;U32.254;U34.254;U35.254;U36.254;U37.254;U38.254;U39.254;U40.254;U42.254;U44.254;U45.254;U46.254;U48.254;W1.254;U8.256;U33.257;U24.259;U31.259;U30.261;U2.262;U15.262;U18.274;U3.275;U30.281;U6.282;U35.287;U8.292;U19.294;U21.297;U7.299",TRUE,TRUE,"M3",TRUE,TRUE,0.00858283042907715,NA,NA,NA,NA,NA,NA,NA,NA,"M4",FALSE,FALSE,0.00748395919799805,NA,NA,NA,NA,NA,NA,NA,NA,"M3",TRUE,TRUE,0.0324239730834961,NA,NA,NA,NA,NA,NA,NA,NA
255,"model4",670,"large",17,0.41,1.09590624354314,0.839528545388021,1,1,0,3,16,1,0.243133945282521,0.161085524769188,"M4",16,"U1.255;U2.255;U3.255;U4.255;U5.255;U6.255;U7.255;U8.255;U9.255;U10.255;U11.255;U12.255;U13.255;U14.255;U15.255;U16.255",9,7,2,9,1,FALSE,TRUE,"U34.183;U2.255;U3.255;U7.255;U10.255;U11.255;U14.255;U15.255;W1.255",99,14,85,2,84,FALSE,TRUE,"U10.2;U1.4;U13.6;U13.7;U22.19;U7.24;U15.26;U17.40;U34.48;U23.49;W1.51;U5.52;U38.52;U13.61;U20.62;U11.64;U26.79;U25.87;U1.89;U26.89;U7.91;U10.92;U26.104;U2.109;U45.118;U4.123;U8.126;U6.127;U8.128;U2.129;U15.132;U27.133;U23.134;U14.145;U3.146;U14.146;W1.151;W1.153;U9.154;U11.156;U14.156;U28.156;U3.157;U8.158;U5.163;U39.164;U12.167;U11.168;U38.168;U26.171;U30.173;U12.182;U14.183;U34.183;U7.186;U22.186;U16.193;W1.195;U7.196;U14.200;U2.201;U9.207;U19.210;U36.213;U10.219;U12.221;U15.221;U6.223;U12.224;U3.229;U5.229;U19.229;U27.230;W1.230;U22.238;U13.239;U21.240;U37.248;U2.255;U3.255;U4.255;U5.255;U6.255;U7.255;U8.255;U9.255;U10.255;U11.255;U12.255;U13.255;U14.255;U15.255;W1.255;U42.260;U6.271;U5.274;U28.292;U39.297;U1.298",TRUE,TRUE,"M1.2",FALSE,FALSE,0.00557494163513184,NA,NA,NA,NA,NA,NA,NA,NA,"M1.2",FALSE,FALSE,0.00767207145690918,NA,NA,NA,NA,NA,NA,NA,NA,"M1.2",FALSE,FALSE,0.0210461616516113,NA,NA,NA,NA,NA,NA,NA,NA
256,"model0",670,"small",18,0.02,0.24471377171576,0.166083812341094,1,1,0,3,12,1,0.298457604756624,0.31984279040543,"M0.1",12,"U1.256;U2.256;U3.256;U4.256;U5.256;U6.256;U7.256;U8.256;U9.256;U10.256;U11.256;U12.256",14,11,3,1,2,FALSE,TRUE,"W1.155;U2.206;U1.256;U2.256;U3.256;U4.256;U5.256;U6.256;U7.256;U8.256;U9.256;U10.256;U11.256;W1.256",83,12,71,0,70,FALSE,TRUE,"U15.6;W1.9;U22.14;U7.17;U18.19;U7.20;U4.23;U15.25;U3.31;U8.32;U15.39;U17.46;U11.50;U35.52;U7.53;U26.53;U19.54;U29.57;U15.59;W1.60;U40.62;U13.71;U14.90;U30.113;U29.120;U5.127;U3.135;U18.142;U10.144;U20.150;W1.155;U17.156;U40.163;U16.170;U26.172;U33.173;U25.178;U2.179;U2.180;U10.181;U16.185;U11.191;U30.191;U5.199;U13.200;U20.204;U2.206;U19.214;U33.216;U20.221;U25.223;U8.227;U35.227;U6.232;U15.235;U9.239;U14.239;U16.243;U6.252;U1.256;U2.256;U3.256;U4.256;U5.256;U6.256;U7.256;U8.256;U9.256;U10.256;U11.256;U12.256;W1.256;U32.258;U34.262;U9.264;U21.285;U41.287;U23.289;U1.292;U12.296;U40.296;U13.297;U28.297",TRUE,TRUE,"Other",FALSE,FALSE,0.00412201881408691,NA,NA,NA,NA,NA,NA,NA,NA,"Other",FALSE,FALSE,0.00372505187988281,NA,NA,NA,NA,NA,NA,NA,NA,"Other",FALSE,FALSE,0.018312931060791,NA,NA,NA,NA,NA,NA,NA,NA
257,"model1",670,"small",18,0.4,0.276276647206396,0.224022072833031,1,1,0,3,42,1,0.577556851123488,0.589338542842476,"M1.1",42,"U1.257;U2.257;U3.257;U4.257;U5.257;U6.257;U7.257;U8.257;U9.257;U10.257;U11.257;U12.257;U13.257;U14.257;U15.257;U16.257;U17.257;U18.257;U19.257;U20.257;U21.257;U22.257;U23.257;U24.257;U25.257;U26.257;U27.257;U28.257;U29.257;U30.257;U31.257;U32.257;U33.257;U34.257;U35.257;U36.257;U37.257;U38.257;U39.257;U40.257;U41.257;U42.257",19,18,1,24,0,FALSE,TRUE,"U3.257;U4.257;U5.257;U8.257;U9.257;U10.257;U11.257;U12.257;U13.257;U15.257;U19.257;U20.257;U24.257;U31.257;U34.257;U39.257;U40.257;U42.257;W1.257",109,29,80,13,79,FALSE,TRUE,"W1.5;U11.7;U2.9;U30.17;U3.19;U9.20;U23.21;U30.21;U32.21;U9.26;U9.31;U4.33;U4.45;U6.49;U12.49;U28.50;U20.55;U26.60;U39.79;U8.88;U2.89;U21.92;U1.94;U11.98;U1.105;U23.116;U29.116;U30.116;U21.118;U24.130;U35.130;U24.134;U30.134;U32.144;U2.152;U21.155;U43.156;U9.163;U5.173;U21.182;U21.186;U14.190;U30.194;U2.202;U1.203;U33.205;U5.206;U1.209;U9.216;U1.224;U11.224;U13.224;U17.224;U5.230;U7.232;U3.234;U17.236;U25.238;U11.240;U24.243;U33.246;U3.250;U8.251;U2.253;U3.257;U4.257;U5.257;U7.257;U8.257;U9.257;U10.257;U11.257;U12.257;U13.257;U14.257;U15.257;U16.257;U17.257;U19.257;U20.257;U21.257;U24.257;U25.257;U29.257;U30.257;U31.257;U34.257;U35.257;U37.257;U38.257;U39.257;U40.257;U42.257;W1.257;U27.258;U41.258;U5.262;U23.263;U13.266;U5.273;U28.273;U11.275;U8.279;U10.281;U17.287;U21.287;U9.297;U27.297;U7.300",TRUE,TRUE,"M1.1",TRUE,TRUE,0.01717209815979,NA,NA,NA,NA,NA,NA,NA,NA,"M1.1",TRUE,TRUE,0.00671505928039551,NA,NA,NA,NA,NA,NA,NA,NA,"M1.1",TRUE,TRUE,0.030019998550415,NA,NA,NA,NA,NA,NA,NA,NA
258,"model2",670,"small",18,0.33,0.306113694608212,0.190396844130009,1,1,0,3,44,1,0.516138100199349,0.634037535772161,"M2.1",44,"U1.258;U2.258;U3.258;U4.258;U5.258;U6.258;U7.258;U8.258;U9.258;U10.258;U11.258;U12.258;U13.258;U14.258;U15.258;U16.258;U17.258;U18.258;U19.258;U20.258;U21.258;U22.258;U23.258;U24.258;U25.258;U26.258;U27.258;U28.258;U29.258;U30.258;U31.258;U32.258;U33.258;U34.258;U35.258;U36.258;U37.258;U38.258;U39.258;U40.258;U41.258;U42.258;U43.258;U44.258",18,16,2,28,1,FALSE,TRUE,"U15.67;U2.258;U4.258;U5.258;U10.258;U14.258;U15.258;U18.258;U19.258;U25.258;U26.258;U27.258;U34.258;U36.258;U37.258;U38.258;U41.258;W1.258",104,30,74,14,73,FALSE,TRUE,"U26.8;U5.10;U22.14;U5.19;U4.20;U6.30;U2.39;U14.40;W1.44;W1.48;U1.50;U8.52;U41.52;U29.57;U19.61;U7.64;U15.67;U20.67;W1.73;U13.81;U16.81;U25.85;U5.87;U20.88;U36.89;U8.100;U16.102;U4.103;U24.110;U3.131;U10.135;U23.136;U12.141;U19.141;U20.141;W1.143;U35.144;U5.148;W1.149;U2.152;U24.152;U15.154;U34.156;W1.157;U20.167;U8.169;U7.175;U4.178;U7.179;U7.186;U3.188;U29.188;U13.189;U23.189;U9.190;U15.192;U36.213;U31.218;U28.219;U13.222;U24.227;U5.243;U27.246;U30.246;U21.250;U21.257;U1.258;U2.258;U3.258;U4.258;U5.258;U10.258;U12.258;U13.258;U14.258;U15.258;U16.258;U18.258;U19.258;U21.258;U22.258;U24.258;U25.258;U26.258;U27.258;U28.258;U33.258;U34.258;U35.258;U36.258;U37.258;U38.258;U41.258;U42.258;U43.258;U44.258;W1.258;U18.260;U6.275;U10.277;U10.286;U27.290;U18.295;U39.296",TRUE,TRUE,"M2.1",TRUE,TRUE,0.00978183746337891,NA,NA,NA,NA,NA,NA,NA,NA,"M1.1",FALSE,FALSE,0.0281660556793213,NA,NA,NA,NA,NA,NA,NA,NA,"M2.1",TRUE,TRUE,0.0299911499023438,NA,NA,NA,NA,NA,NA,NA,NA
259,"model3",670,"small",18,0.01,0.370399726554751,0.179477187944576,1,1,0,3,35,7,0.57057697444482,0.547491124676507,"M3",35,"U1.259;U2.259;U3.259;U4.259;U5.259;U6.259;U7.259;U8.259;U9.259;U10.259;U11.259;U12.259;U13.259;U14.259;U15.259;U16.259;U17.259;U18.259;U19.259;U20.259;U21.259;U22.259;U23.259;U24.259;U25.259;U26.259;U27.259;U28.259;U29.259;U30.259;U31.259;U32.259;U33.259;U34.259;U35.259",21,20,1,15,0,FALSE,TRUE,"U1.259;U2.259;U4.259;U8.259;U9.259;U12.259;U13.259;U14.259;U15.259;U20.259;U21.259;U22.259;U24.259;U25.259;U26.259;U29.259;U30.259;U31.259;U33.259;U34.259;W1.259",113,28,85,7,84,FALSE,TRUE,"U18.7;U27.10;U21.17;U15.31;U20.31;U10.40;U1.41;U12.53;U5.54;U13.57;U24.58;U24.64;U14.72;U21.76;U8.81;U29.85;U14.88;U8.91;U18.96;U6.109;U12.110;U36.113;U33.118;U6.121;U35.122;U10.123;U3.124;U8.130;U5.134;U18.134;U11.135;U19.139;U20.142;U5.150;U18.152;U27.156;U18.167;U42.168;U9.173;U13.180;U23.181;U24.186;U1.187;U7.191;U30.191;U19.193;U41.194;U43.194;U22.202;U2.203;U19.205;W1.205;U5.208;U34.216;U14.219;U17.224;U22.224;U10.226;U21.227;U30.230;U2.232;U12.236;U4.244;U6.244;U5.245;U42.246;U30.248;U19.249;U15.253;U1.255;U10.255;U44.258;U1.259;U2.259;U4.259;U5.259;U7.259;U8.259;U9.259;U10.259;U12.259;U13.259;U14.259;U15.259;U20.259;U21.259;U22.259;U23.259;U24.259;U25.259;U26.259;U27.259;U28.259;U29.259;U30.259;U31.259;U32.259;U33.259;U34.259;U35.259;W1.259;U10.260;U38.260;U27.261;U17.263;U5.274;U12.277;U9.281;U13.285;U17.285;U31.287;U34.289;U12.294",TRUE,TRUE,"Other",FALSE,FALSE,0.0106170177459717,NA,NA,NA,NA,NA,NA,NA,NA,"Other",FALSE,FALSE,0.00705289840698242,NA,NA,NA,NA,NA,NA,NA,NA,"Other",FALSE,FALSE,0.0236709117889404,NA,NA,NA,NA,NA,NA,NA,NA
260,"model4",670,"small",18,0.06,0.3905432802625,0.221121859643608,1,1,0,3,42,1,0.671269140795789,0.585257845161735,"M4",42,"U1.260;U2.260;U3.260;U4.260;U5.260;U6.260;U7.260;U8.260;U9.260;U10.260;U11.260;U12.260;U13.260;U14.260;U15.260;U16.260;U17.260;U18.260;U19.260;U20.260;U21.260;U22.260;U23.260;U24.260;U25.260;U26.260;U27.260;U28.260;U29.260;U30.260;U31.260;U32.260;U33.260;U34.260;U35.260;U36.260;U37.260;U38.260;U39.260;U40.260;U41.260;U42.260",25,24,1,18,0,FALSE,TRUE,"U3.260;U5.260;U7.260;U8.260;U9.260;U10.260;U11.260;U13.260;U15.260;U16.260;U17.260;U18.260;U22.260;U24.260;U26.260;U29.260;U30.260;U31.260;U34.260;U37.260;U38.260;U39.260;U40.260;U42.260;W1.260",107,32,75,10,74,FALSE,TRUE,"U18.3;U38.8;U29.31;U36.33;U1.34;U4.38;U22.39;U12.44;U4.50;U23.50;U19.55;U7.58;U25.59;U20.62;U21.62;U31.71;U19.73;U16.76;U4.85;U27.88;U12.98;U6.100;U17.104;U26.116;U31.122;U7.125;U32.128;U7.131;U7.136;U17.150;U11.153;U12.154;U18.156;U21.161;U12.163;U17.164;U5.172;U10.177;U1.183;U8.184;U11.185;U30.191;U36.191;U20.194;U28.201;U36.205;U16.206;U2.209;U5.210;U8.210;U2.213;U30.221;U8.223;U39.229;U10.235;U29.240;U29.253;U6.258;U3.260;U4.260;U5.260;U6.260;U7.260;U8.260;U9.260;U10.260;U11.260;U12.260;U13.260;U15.260;U16.260;U17.260;U18.260;U22.260;U23.260;U24.260;U25.260;U26.260;U27.260;U28.260;U29.260;U30.260;U31.260;U34.260;U35.260;U37.260;U38.260;U39.260;U40.260;U42.260;W1.260;U23.261;U7.262;W1.264;U1.266;U39.273;U9.277;U14.280;U28.282;U7.284;U5.285;U42.285;U29.287;U2.292;U14.292;U45.293;U16.296",TRUE,TRUE,"M1.2",FALSE,FALSE,0.014462947845459,NA,NA,NA,NA,NA,NA,NA,NA,"M1.2",FALSE,FALSE,0.00601482391357422,NA,NA,NA,NA,NA,NA,NA,NA,"M1.2",FALSE,FALSE,0.0247199535369873,NA,NA,NA,NA,NA,NA,NA,NA
261,"model0",670,"medium",18,0.24,0.912323090131395,0.441630824189633,1,1,0,3,32,1,0.455101290225353,0.547491638130331,"M0.1",32,"U1.261;U2.261;U3.261;U4.261;U5.261;U6.261;U7.261;U8.261;U9.261;U10.261;U11.261;U12.261;U13.261;U14.261;U15.261;U16.261;U17.261;U18.261;U19.261;U20.261;U21.261;U22.261;U23.261;U24.261;U25.261;U26.261;U27.261;U28.261;U29.261;U30.261;U31.261;U32.261",18,17,1,15,0,FALSE,TRUE,"U1.261;U2.261;U4.261;U7.261;U8.261;U13.261;U14.261;U17.261;U18.261;U21.261;U22.261;U23.261;U24.261;U26.261;U27.261;U31.261;U32.261;W1.261",102,23,79,9,78,FALSE,TRUE,"U24.8;U26.8;U2.21;U4.22;U22.22;U1.25;U27.25;U11.28;U32.31;U10.46;U10.48;U1.53;U14.53;U17.64;U15.67;W1.67;U13.79;U1.87;U18.88;U5.97;U25.98;U15.101;U26.111;U28.122;U17.128;U25.130;U13.134;U19.135;U18.137;W1.137;U12.141;U13.141;U29.142;U46.147;U13.150;U5.151;U27.156;U16.161;U23.164;U24.168;U37.168;U36.172;U1.174;U23.181;U11.185;U15.192;U13.197;U9.200;U5.207;U2.218;U5.219;U6.221;U7.227;U30.227;U25.230;U30.239;U45.239;U25.240;W1.244;U15.245;U36.248;U14.249;U26.249;U2.255;W1.257;U1.258;U1.261;U2.261;U3.261;U4.261;U6.261;U7.261;U8.261;U9.261;U12.261;U13.261;U14.261;U17.261;U18.261;U19.261;U20.261;U21.261;U22.261;U23.261;U24.261;U26.261;U27.261;U31.261;U32.261;W1.261;U9.264;U26.264;U2.266;U3.283;U16.284;W1.286;U28.288;U7.289;U19.292;U16.296;U29.296;U43.297",TRUE,TRUE,"M0.1",TRUE,TRUE,0.00783395767211914,NA,NA,NA,NA,NA,NA,NA,NA,"M0.1",TRUE,TRUE,0.0105659961700439,NA,NA,NA,NA,NA,NA,NA,NA,"M0.1",TRUE,TRUE,0.0245890617370605,NA,NA,NA,NA,NA,NA,NA,NA
262,"model1",670,"medium",18,0.31,0.827478650957346,0.386778905475512,1,1,0,3,39,1,0.506886108783714,0.493789300601689,"M1.1",39,"U1.262;U2.262;U3.262;U4.262;U5.262;U6.262;U7.262;U8.262;U9.262;U10.262;U11.262;U12.262;U13.262;U14.262;U15.262;U16.262;U17.262;U18.262;U19.262;U20.262;U21.262;U22.262;U23.262;U24.262;U25.262;U26.262;U27.262;U28.262;U29.262;U30.262;U31.262;U32.262;U33.262;U34.262;U35.262;U36.262;U37.262;U38.262;U39.262",23,20,3,19,2,FALSE,TRUE,"U4.74;U17.88;U5.262;U6.262;U9.262;U10.262;U13.262;U15.262;U16.262;U17.262;U18.262;U19.262;U20.262;U21.262;U23.262;U27.262;U30.262;U31.262;U33.262;U37.262;U38.262;U39.262;W1.262",113,28,85,11,84,FALSE,TRUE,"U11.2;U16.2;W1.3;U14.7;U18.17;U15.25;U7.36;U14.40;U14.41;U18.46;U33.47;U36.50;U7.56;U27.58;U5.59;U14.59;U22.59;U42.59;U19.60;U27.60;U25.69;U27.71;U4.74;U37.76;U31.79;U15.81;U12.88;U17.88;U45.89;U18.90;U2.92;U1.93;U1.94;U2.94;U1.97;U1.98;U22.99;U17.101;U11.106;U33.106;W1.130;U9.155;U9.156;U5.163;U29.168;U28.173;U39.173;U2.174;U11.178;U22.179;U7.181;W1.182;U16.183;U33.186;U20.188;U7.189;W1.189;U22.193;U4.207;U6.208;U3.209;W1.213;U41.216;U15.224;U19.226;U29.227;U36.227;U7.232;U8.234;U11.235;U15.243;U9.245;U3.250;U6.250;U34.260;U4.261;U2.262;U5.262;U6.262;U8.262;U9.262;U10.262;U12.262;U13.262;U15.262;U16.262;U17.262;U18.262;U19.262;U20.262;U21.262;U22.262;U23.262;U24.262;U27.262;U28.262;U29.262;U30.262;U31.262;U33.262;U35.262;U37.262;U38.262;U39.262;W1.262;U6.276;U25.284;U6.293;U41.293;U3.294;U24.296;U40.296;U7.298",TRUE,TRUE,"M1.1",TRUE,TRUE,0.00710010528564453,NA,NA,NA,NA,NA,NA,NA,NA,"M1.1",TRUE,TRUE,0.0107200145721436,NA,NA,NA,NA,NA,NA,NA,NA,"M1.1",TRUE,TRUE,0.0246779918670654,NA,NA,NA,NA,NA,NA,NA,NA
263,"model2",670,"medium",18,0.24,0.849748936714604,0.416162101179361,1,1,0,3,24,1,0.533510900954292,0.509718100834887,"M2.1",24,"U1.263;U2.263;U3.263;U4.263;U5.263;U6.263;U7.263;U8.263;U9.263;U10.263;U11.263;U12.263;U13.263;U14.263;U15.263;U16.263;U17.263;U18.263;U19.263;U20.263;U21.263;U22.263;U23.263;U24.263",18,17,1,7,0,FALSE,TRUE,"U1.263;U2.263;U4.263;U6.263;U8.263;U9.263;U10.263;U11.263;U13.263;U15.263;U16.263;U17.263;U19.263;U20.263;U21.263;U22.263;U23.263;W1.263",102,21,81,3,80,FALSE,TRUE,"U9.3;U8.12;U23.21;U10.22;U9.28;U8.34;W1.37;W1.49;U25.51;U2.52;U1.58;U11.59;U40.60;U28.61;U7.63;U1.68;U14.68;U15.72;U1.78;U20.79;U11.82;W1.82;U31.88;U32.95;U6.96;U2.101;U18.104;U28.104;U21.118;U4.122;U27.128;U33.130;U10.131;U22.134;U2.135;U18.142;U29.149;U30.149;U18.150;U3.152;U1.154;U12.161;U9.166;U32.173;U2.177;U33.181;U33.183;U17.185;U16.186;U27.186;U5.189;U5.205;U21.206;U39.219;U20.221;U5.222;U8.226;U13.226;U7.229;U18.229;U26.235;U28.239;U15.240;U9.242;U28.246;U13.249;W1.249;W1.259;U3.260;U38.260;U4.261;U15.262;U1.263;U2.263;U3.263;U4.263;U5.263;U6.263;U8.263;U9.263;U10.263;U11.263;U13.263;U15.263;U16.263;U17.263;U18.263;U19.263;U20.263;U21.263;U22.263;U23.263;U24.263;W1.263;U20.273;U27.273;U17.275;U18.280;U15.281;U36.285;U5.287;U19.297",TRUE,TRUE,"M2.1",TRUE,TRUE,0.00767683982849121,NA,NA,NA,NA,NA,NA,NA,NA,"M2.1",TRUE,TRUE,0.0113461017608643,NA,NA,NA,NA,NA,NA,NA,NA,"M1.1",FALSE,FALSE,0.0252189636230469,NA,NA,NA,NA,NA,NA,NA,NA
264,"model3",670,"medium",18,0.07,0.694277993636206,0.389901834493503,1,1,0,3,30,1,0.530741140764282,0.50524303242628,"M3",30,"U1.264;U2.264;U3.264;U4.264;U5.264;U6.264;U7.264;U8.264;U9.264;U10.264;U11.264;U12.264;U13.264;U14.264;U15.264;U16.264;U17.264;U18.264;U19.264;U20.264;U21.264;U22.264;U23.264;U24.264;U25.264;U26.264;U27.264;U28.264;U29.264;U30.264",18,16,2,14,1,FALSE,TRUE,"U7.116;U1.264;U3.264;U4.264;U6.264;U7.264;U8.264;U9.264;U11.264;U13.264;U20.264;U22.264;U24.264;U27.264;U28.264;U29.264;U30.264;W1.264",98,25,73,5,72,FALSE,TRUE,"U14.3;U32.17;U1.23;U2.25;U14.28;U11.31;U15.33;U27.40;U6.64;U10.68;U27.69;U33.79;U14.88;U6.91;U41.98;U9.103;U25.106;U34.106;U13.110;U11.111;U7.116;U10.118;U10.120;U4.126;U5.132;U19.135;U3.136;U11.144;U15.150;U6.156;U42.156;U9.157;U30.163;U28.173;U8.178;W1.178;U10.179;U29.181;U14.182;U25.186;U23.191;U11.193;U9.194;U10.201;U24.204;U32.204;U7.208;U13.208;U23.208;U1.212;U12.214;U33.216;W1.216;U12.218;W1.218;U28.221;U2.222;U12.222;U7.227;U19.229;U7.234;U19.236;U33.238;U5.239;U31.246;U36.258;U3.259;U1.264;U2.264;U3.264;U4.264;U6.264;U7.264;U8.264;U9.264;U10.264;U11.264;U12.264;U13.264;U15.264;U16.264;U17.264;U18.264;U20.264;U22.264;U23.264;U24.264;U26.264;U27.264;U28.264;U29.264;U30.264;W1.264;U41.274;U19.284;U27.293;U33.293;U11.296",TRUE,TRUE,"M3",TRUE,TRUE,0.0063788890838623,NA,NA,NA,NA,NA,NA,NA,NA,"M4",FALSE,FALSE,0.00476717948913574,NA,NA,NA,NA,NA,NA,NA,NA,"M0.1",FALSE,FALSE,0.0211851596832275,NA,NA,NA,NA,NA,NA,NA,NA
265,"model4",670,"medium",18,0.38,0.855627154931426,0.435543783428147,1,1,0,3,5,1,0.10372128273769,0.113008408515842,"M4",5,"U1.265;U2.265;U3.265;U4.265;U5.265",8,5,3,0,2,FALSE,TRUE,"U5.2;U17.173;U1.265;U2.265;U3.265;U4.265;U5.265;W1.265",111,5,106,0,105,FALSE,TRUE,"U5.2;U26.2;U21.3;U30.10;U5.17;U12.19;U23.21;U8.27;W1.32;U5.39;U15.40;U12.41;U1.44;U14.44;U21.44;U10.50;U28.50;U22.52;U12.58;U1.60;U9.63;U18.65;U25.67;U11.69;U15.69;U22.69;U23.73;U6.74;U19.75;W1.75;U7.78;U48.79;U16.87;U24.88;U2.89;U10.97;U24.97;U13.101;U18.102;U22.106;U31.106;U2.111;U3.115;U14.116;U23.116;U9.118;U28.122;U26.128;U17.129;U21.136;U19.137;U13.140;U21.142;U35.147;U3.150;U29.150;U6.151;U29.155;U13.167;U18.167;U27.167;U40.168;U18.170;U36.171;U13.172;U13.173;U17.173;U32.183;U12.186;U12.188;U13.193;U6.194;U44.194;U4.198;U15.202;U15.204;U4.207;U9.210;U8.214;U10.214;U33.216;U42.216;U50.216;U19.221;U5.227;U39.239;U45.239;U6.241;U11.241;U6.245;U5.246;U7.249;U18.250;U36.260;U1.263;U1.265;U2.265;U3.265;U4.265;U5.265;W1.265;U2.266;U33.274;U4.275;U2.278;U17.281;U20.281;U13.287;U11.288;U31.289;U20.290",TRUE,TRUE,"M4",TRUE,TRUE,0.00367403030395508,NA,NA,NA,NA,NA,NA,NA,NA,"M4",TRUE,TRUE,0.00384998321533203,NA,NA,NA,NA,NA,NA,NA,NA,"M4",TRUE,TRUE,0.0416810512542725,NA,NA,NA,NA,NA,NA,NA,NA
266,"model0",670,"large",18,0.23,1.07495689170901,0.701663428801112,1,1,0,3,37,1,0.462078332473595,0.544686073984462,"M0.1",37,"U1.266;U2.266;U3.266;U4.266;U5.266;U6.266;U7.266;U8.266;U9.266;U10.266;U11.266;U12.266;U13.266;U14.266;U15.266;U16.266;U17.266;U18.266;U19.266;U20.266;U21.266;U22.266;U23.266;U24.266;U25.266;U26.266;U27.266;U28.266;U29.266;U30.266;U31.266;U32.266;U33.266;U34.266;U35.266;U36.266;U37.266",19,17,2,20,1,FALSE,TRUE,"U15.132;U4.266;U7.266;U9.266;U11.266;U15.266;U16.266;U17.266;U19.266;U20.266;U23.266;U24.266;U25.266;U26.266;U30.266;U32.266;U35.266;U36.266;W1.266",91,29,62,8,61,FALSE,TRUE,"U32.5;U4.6;U7.9;U15.10;W1.37;U5.50;U32.59;U37.59;U19.64;U11.71;U12.76;U39.79;U16.81;U8.85;U16.85;U32.88;U11.89;U16.89;U29.89;U41.89;U36.95;U11.97;U42.98;U4.100;U22.120;U16.123;U15.132;U18.134;U16.142;U38.142;U49.144;U9.149;U19.151;U4.154;U1.160;U18.170;U20.183;U1.189;U5.192;U36.194;U6.195;U25.201;U15.210;U31.216;U29.218;U24.219;U28.224;U4.227;U20.232;U1.236;U42.239;U30.240;U13.243;U5.246;U1.254;U16.264;U2.266;U4.266;U6.266;U7.266;U9.266;U10.266;U11.266;U13.266;U14.266;U15.266;U16.266;U17.266;U19.266;U20.266;U23.266;U24.266;U25.266;U26.266;U27.266;U28.266;U29.266;U30.266;U31.266;U32.266;U33.266;U34.266;U35.266;U36.266;U37.266;W1.266;U23.270;U15.284;U19.284;U20.284;U37.297",TRUE,TRUE,"M0.1",TRUE,TRUE,0.00836586952209473,NA,NA,NA,NA,NA,NA,NA,NA,"M0.1",TRUE,TRUE,0.00434994697570801,NA,NA,NA,NA,NA,NA,NA,NA,"M0.1",TRUE,TRUE,0.0218920707702637,NA,NA,NA,NA,NA,NA,NA,NA
267,"model1",670,"large",18,0.43,1.24000844475813,0.862374448450282,1,1,0,3,10,1,0.215980586476278,0.323765132471785,"M1.1",10,"U1.267;U2.267;U3.267;U4.267;U5.267;U6.267;U7.267;U8.267;U9.267;U10.267",8,8,0,2,0,FALSE,FALSE,"U1.267;U3.267;U5.267;U6.267;U7.267;U8.267;U9.267;U10.267",85,10,75,0,75,FALSE,FALSE,"U23.2;U10.10;U4.12;U3.13;W1.16;U9.22;U15.26;U10.41;U5.42;U36.44;W1.44;U1.46;U24.48;W1.51;U9.54;U20.54;U6.57;U26.58;U37.60;U21.67;U10.70;U22.71;U30.73;U2.77;U47.79;U2.97;U3.99;U1.110;U40.118;U18.137;U22.150;U20.156;U40.156;U4.167;U10.174;U14.174;U8.179;U8.180;U4.184;U10.185;U28.186;U3.188;U29.190;U41.191;U18.193;U31.201;U33.204;U35.204;U13.210;U14.216;U32.216;U27.219;U8.222;U2.223;U32.229;U21.230;U24.230;U25.230;U7.231;U17.235;U9.238;U23.238;U13.246;U3.249;U9.253;U1.267;U2.267;U3.267;U4.267;U5.267;U6.267;U7.267;U8.267;U9.267;U10.267;U1.273;U16.274;U47.274;U19.275;U10.285;U29.288;U7.289;U22.290;U16.291;U47.296",TRUE,TRUE,"M1.1",TRUE,TRUE,0.00637197494506836,NA,NA,NA,NA,NA,NA,NA,NA,"M1.1",TRUE,TRUE,0.00301909446716309,NA,NA,NA,NA,NA,NA,NA,NA,"M1.1",TRUE,TRUE,0.029041051864624,NA,NA,NA,NA,NA,NA,NA,NA
268,"model2",670,"large",18,0.17,1.08275664574467,0.599906115559861,1,1,0,3,6,1,0.177278499125067,0.161339278063279,"M2.1",6,"U1.268;U2.268;U3.268;U4.268;U5.268;U6.268",6,4,2,2,1,FALSE,TRUE,"W1.193;U1.268;U4.268;U5.268;U6.268;W1.268",77,6,71,0,70,FALSE,TRUE,"U6.2;U11.9;U2.10;U17.17;U16.24;U5.30;W1.34;U4.36;U3.50;U22.51;U10.53;U19.65;U14.73;U1.78;U11.81;U19.81;U6.85;U4.87;U27.87;U27.92;U12.96;U2.97;U30.104;U28.106;U3.119;U29.130;U12.134;U3.139;U14.141;U19.145;W1.147;U3.152;U24.155;U19.156;U4.164;U13.170;U23.170;U17.174;U28.180;U17.183;U27.183;W1.193;U23.194;U9.200;U7.214;U24.219;U34.219;U6.222;U4.223;U24.240;U12.242;U22.243;U22.245;U28.245;U38.246;U3.253;U7.253;W1.253;W1.256;U13.257;U34.259;U7.261;U27.262;U4.266;U1.268;U2.268;U3.268;U4.268;U5.268;U6.268;W1.268;U29.273;U26.275;U7.280;U30.292;U44.293;U9.298",TRUE,TRUE,"M2.1",TRUE,TRUE,0.00330901145935059,NA,NA,NA,NA,NA,NA,NA,NA,"M2.1",TRUE,TRUE,0.00317502021789551,NA,NA,NA,NA,NA,NA,NA,NA,"M2.1",TRUE,TRUE,0.0316400527954102,NA,NA,NA,NA,NA,NA,NA,NA
269,"model3",670,"large",18,0.24,1.23182204912882,0.50510104955174,1,1,0,3,10,1,0.275884219561197,0.171335531739167,"M3",10,"U1.269;U2.269;U3.269;U4.269;U5.269;U6.269;U7.269;U8.269;U9.269;U10.269",7,6,1,4,1,FALSE,FALSE,"U13.259;U1.269;U5.269;U6.269;U7.269;U8.269;U9.269",103,9,94,1,93,FALSE,TRUE,"U2.6;U6.6;U6.24;U16.24;U6.31;U34.31;U4.32;U18.33;U16.51;U15.53;U21.62;U5.67;U23.67;U5.71;U5.73;U6.75;U9.75;U14.75;U16.79;U8.85;U14.89;U5.91;U8.93;U19.93;U18.96;U17.98;U21.101;U35.104;U7.106;U18.106;U6.110;U36.113;U26.116;U20.120;U15.128;U46.128;U10.133;U35.142;U12.143;U26.152;U10.153;U11.160;U19.164;U25.168;U27.171;U8.175;U14.175;U6.176;U17.182;U14.189;U30.189;U16.190;U7.192;U6.201;U24.201;U29.204;U17.205;U4.212;U5.213;U48.213;U16.214;U16.218;U22.226;U9.227;U7.230;U3.231;U6.232;U34.232;U27.239;U8.243;U12.246;U30.246;U14.248;U27.248;U25.249;U9.250;U22.250;W1.254;U12.257;U13.259;W1.261;U21.262;U24.262;U20.264;U1.269;U2.269;U3.269;U4.269;U5.269;U6.269;U7.269;U8.269;U9.269;W1.269;U8.273;U2.276;U13.280;U15.285;U32.287;U2.288;U7.293;U47.296;U7.300",TRUE,TRUE,"M3",TRUE,TRUE,0.00530505180358887,NA,NA,NA,NA,NA,NA,NA,NA,"M3",TRUE,TRUE,0.00414919853210449,NA,NA,NA,NA,NA,NA,NA,NA,"M3",TRUE,TRUE,0.0251870155334473,NA,NA,NA,NA,NA,NA,NA,NA
270,"model4",670,"large",18,0.24,1.02901806053706,0.571115063736215,1,1,0,3,25,1,0.377139112512959,0.413286638764421,"M4",25,"U1.270;U2.270;U3.270;U4.270;U5.270;U6.270;U7.270;U8.270;U9.270;U10.270;U11.270;U12.270;U13.270;U14.270;U15.270;U16.270;U17.270;U18.270;U19.270;U20.270;U21.270;U22.270;U23.270;U24.270;U25.270",17,14,3,11,2,FALSE,TRUE,"U14.123;U26.227;U1.270;U2.270;U3.270;U9.270;U10.270;U11.270;U13.270;U16.270;U17.270;U18.270;U19.270;U20.270;U21.270;U24.270;W1.270",90,21,69,4,68,FALSE,TRUE,"U8.2;U3.30;U31.31;U24.44;U10.47;W1.50;U9.54;U25.61;U22.62;U20.67;W1.67;W1.70;U13.72;U3.73;U11.79;U26.95;U26.97;U4.114;U37.122;U8.123;U14.123;U19.130;U5.137;U31.144;U6.158;U7.161;W1.161;U6.163;U20.163;U22.164;U17.171;U13.172;U13.176;U26.181;U2.182;U11.185;U11.194;U10.205;U46.206;U31.213;U6.225;U26.227;U8.230;U22.232;U3.243;U9.247;U14.250;U2.258;U9.258;U25.260;U33.260;U19.262;U4.263;U18.263;U6.266;U7.267;U2.269;U1.270;U2.270;U3.270;U5.270;U7.270;U8.270;U9.270;U10.270;U11.270;U12.270;U13.270;U15.270;U16.270;U17.270;U18.270;U19.270;U20.270;U21.270;U22.270;U23.270;U24.270;W1.270;U5.273;U33.273;U5.276;U5.280;U17.281;U4.282;U18.282;U21.287;U21.288;U25.289;U2.297",TRUE,TRUE,"M4",TRUE,TRUE,0.00518989562988281,NA,NA,NA,NA,NA,NA,NA,NA,"M4",TRUE,TRUE,0.00380086898803711,NA,NA,NA,NA,NA,NA,NA,NA,"M4",TRUE,TRUE,0.0199651718139648,NA,NA,NA,NA,NA,NA,NA,NA
271,"model0",670,"small",19,0.09,0.366809851210564,0.156031736731529,1,1,0,3,11,1,0.327710111928068,0.288846549062106,"M0.1",11,"U1.271;U2.271;U3.271;U4.271;U5.271;U6.271;U7.271;U8.271;U9.271;U10.271;U11.271",8,7,1,4,0,FALSE,TRUE,"U2.271;U3.271;U4.271;U5.271;U6.271;U10.271;U11.271;W1.271",95,10,85,1,84,FALSE,TRUE,"U8.1;U11.6;U20.14;U27.19;U18.21;U13.23;U14.43;U29.44;U27.50;U15.51;U2.52;U26.54;U7.59;U28.59;U7.64;U14.67;W1.83;U10.85;U13.85;U20.85;U25.85;U19.87;U1.90;U6.92;U5.95;U1.99;U1.101;U37.104;U41.104;U15.110;U1.111;U21.116;U9.118;U2.119;U4.130;U15.132;U28.133;U11.138;U9.141;U11.142;U19.145;U6.146;U4.154;U11.156;U8.164;U14.167;U19.167;U33.168;U4.169;U2.175;U9.177;U27.179;U14.191;U37.194;U18.206;U27.208;U13.221;U16.221;U20.224;U13.226;U15.227;U24.227;W1.229;U27.230;U1.233;U3.239;U19.239;U2.244;U5.249;U19.249;U18.253;U36.254;U11.255;U7.259;U18.259;U28.259;U29.260;U25.261;U30.262;U3.263;U4.269;U1.271;U2.271;U3.271;U4.271;U5.271;U6.271;U7.271;U8.271;U10.271;U11.271;W1.271;U31.275;U19.277;W1.277",TRUE,TRUE,"M0.1",TRUE,TRUE,0.00614190101623535,NA,NA,NA,NA,NA,NA,NA,NA,"M0.1",TRUE,TRUE,0.00764799118041992,NA,NA,NA,NA,NA,NA,NA,NA,"M0.1",TRUE,TRUE,0.0203239917755127,NA,NA,NA,NA,NA,NA,NA,NA
272,"model1",670,"small",19,0.44,0.335553506575525,0.149809115799144,1,1,0,3,6,1,0.184737623024967,0.289512697947462,"M1.1",6,"U1.272;U2.272;U3.272;U4.272;U5.272;U6.272",7,6,1,0,0,FALSE,TRUE,"U1.272;U2.272;U3.272;U4.272;U5.272;U6.272;W1.272",86,6,80,0,79,FALSE,TRUE,"U30.10;U27.12;U3.14;U22.19;U19.23;U12.33;W1.36;U25.39;U4.43;U11.44;U30.52;U27.61;U22.67;U7.74;U1.77;U31.85;U31.87;W1.88;U1.89;U23.95;U29.97;U21.99;U11.101;U12.102;U20.102;U14.104;U17.118;U17.119;U31.128;U15.131;U15.134;U41.134;U8.135;U1.141;U13.143;U16.143;U33.144;U32.147;U1.149;U1.150;U1.152;U11.155;U16.160;U45.164;U27.167;U33.168;U6.169;U20.172;U3.175;U1.177;U16.177;U24.179;U29.183;U20.189;U11.190;U13.194;U41.206;U11.213;W1.215;U30.218;U29.226;U29.246;U14.258;U6.260;U16.262;U1.272;U2.272;U3.272;U4.272;U5.272;U6.272;W1.272;U19.275;U25.280;U1.282;U2.285;U24.288;U34.289;U7.291;U15.291;U8.293;U43.296;U44.296;U46.296;U9.297;U35.297",TRUE,TRUE,"M1.1",TRUE,TRUE,0.00293898582458496,NA,NA,NA,NA,NA,NA,NA,NA,"M1.1",TRUE,TRUE,0.00356006622314453,NA,NA,NA,NA,NA,NA,NA,NA,"M1.1",TRUE,TRUE,0.0147149562835693,NA,NA,NA,NA,NA,NA,NA,NA
273,"model2",670,"small",19,0.16,0.359431493561715,0.152523029129952,1,1,0,3,40,1,0.615957921912588,0.556056859117478,"M2.1",40,"U1.273;U2.273;U3.273;U4.273;U5.273;U6.273;U7.273;U8.273;U9.273;U10.273;U11.273;U12.273;U13.273;U14.273;U15.273;U16.273;U17.273;U18.273;U19.273;U20.273;U21.273;U22.273;U23.273;U24.273;U25.273;U26.273;U27.273;U28.273;U29.273;U30.273;U31.273;U32.273;U33.273;U34.273;U35.273;U36.273;U37.273;U38.273;U39.273;U40.273",19,18,1,22,0,FALSE,TRUE,"U1.273;U3.273;U4.273;U5.273;U6.273;U10.273;U13.273;U18.273;U19.273;U21.273;U22.273;U23.273;U25.273;U29.273;U32.273;U34.273;U37.273;U40.273;W1.273",120,36,84,4,83,FALSE,TRUE,"U9.7;U3.15;U21.21;U31.21;U14.28;U22.31;U5.33;U3.34;U18.44;U3.51;U19.52;U34.61;U25.64;U14.65;U11.71;U6.74;U16.76;U38.76;U12.79;U20.79;U22.93;U23.99;U4.104;U27.110;U28.111;U19.112;U20.112;U31.116;U24.118;U3.120;U5.123;U26.130;U35.130;U32.133;U19.134;U4.138;U25.139;U1.145;U26.149;U3.153;U16.156;U2.159;U15.173;U28.173;W1.174;U8.180;U9.186;U11.186;U11.188;U6.196;U21.197;U30.205;U9.208;U24.216;U32.216;U35.227;U2.229;U30.232;U7.244;U42.246;U23.248;U47.248;U3.252;W1.252;U14.254;U23.254;U8.260;U31.260;U11.264;U8.266;U8.267;U1.273;U2.273;U3.273;U4.273;U5.273;U6.273;U7.273;U8.273;U9.273;U10.273;U11.273;U12.273;U13.273;U14.273;U15.273;U16.273;U17.273;U18.273;U19.273;U20.273;U21.273;U22.273;U23.273;U24.273;U25.273;U26.273;U27.273;U29.273;U31.273;U32.273;U34.273;U35.273;U36.273;U37.273;U39.273;U40.273;W1.273;U28.274;U6.279;U6.281;U21.281;U1.282;U13.282;W1.284;U9.288;U10.290;U32.292;U5.294;U11.297",TRUE,TRUE,"Other",FALSE,FALSE,0.00803995132446289,NA,NA,NA,NA,NA,NA,NA,NA,"Other",FALSE,FALSE,0.00411891937255859,NA,NA,NA,NA,NA,NA,NA,NA,"Other",FALSE,FALSE,0.0308859348297119,NA,NA,NA,NA,NA,NA,NA,NA
274,"model3",670,"small",19,0.34,0.152663284540176,0.262950982805341,1,1,0,3,47,1,0.657110651159199,0.648593943177651,"M3",47,"U1.274;U2.274;U3.274;U4.274;U5.274;U6.274;U7.274;U8.274;U9.274;U10.274;U11.274;U12.274;U13.274;U14.274;U15.274;U16.274;U17.274;U18.274;U19.274;U20.274;U21.274;U22.274;U23.274;U24.274;U25.274;U26.274;U27.274;U28.274;U29.274;U30.274;U31.274;U32.274;U33.274;U34.274;U35.274;U36.274;U37.274;U38.274;U39.274;U40.274;U41.274;U42.274;U43.274;U44.274;U45.274;U46.274;U47.274",23,22,1,25,0,FALSE,TRUE,"U1.274;U2.274;U5.274;U6.274;U9.274;U10.274;U11.274;U12.274;U14.274;U15.274;U17.274;U18.274;U24.274;U29.274;U31.274;U37.274;U38.274;U39.274;U40.274;U42.274;U45.274;U47.274;W1.274",112,41,71,6,70,FALSE,TRUE,"U14.3;U27.5;U8.7;U26.8;U32.8;U4.11;U25.12;U7.17;U4.18;U25.21;U41.31;U45.31;U40.33;U8.34;U28.47;U13.58;U26.60;U23.73;U41.76;U1.77;U2.78;U6.79;U44.79;U4.87;U18.90;U19.90;U6.109;U14.110;U8.122;U6.133;W1.139;U35.149;U15.164;U16.164;U8.166;U26.171;U24.179;U25.179;U14.184;U29.191;U3.205;U25.206;U31.206;U9.218;U32.218;U16.221;U20.222;U3.226;U29.227;U20.248;U43.248;U7.254;U16.262;U26.262;U17.263;U28.264;U2.270;W1.272;U7.273;U1.274;U2.274;U3.274;U4.274;U5.274;U6.274;U7.274;U8.274;U9.274;U10.274;U11.274;U12.274;U14.274;U15.274;U16.274;U17.274;U18.274;U19.274;U20.274;U21.274;U22.274;U23.274;U24.274;U26.274;U28.274;U29.274;U30.274;U31.274;U32.274;U33.274;U37.274;U38.274;U39.274;U40.274;U41.274;U42.274;U43.274;U44.274;U45.274;U46.274;U47.274;W1.274;U6.278;U15.280;U20.280;U26.281;U25.284;U24.285;U30.285;U36.285;U11.288;U6.289;U25.297",TRUE,TRUE,"Other",FALSE,FALSE,0.0217680931091309,NA,NA,NA,NA,NA,NA,NA,NA,"Other",FALSE,FALSE,0.00706601142883301,NA,NA,NA,NA,NA,NA,NA,NA,"Other",FALSE,FALSE,0.0254349708557129,NA,NA,NA,NA,NA,NA,NA,NA
275,"model4",670,"small",19,0.46,0.408590498939157,0.109356792084873,1,1,0,3,32,1,0.510739273948723,0.535049790960777,"M4",32,"U1.275;U2.275;U3.275;U4.275;U5.275;U6.275;U7.275;U8.275;U9.275;U10.275;U11.275;U12.275;U13.275;U14.275;U15.275;U16.275;U17.275;U18.275;U19.275;U20.275;U21.275;U22.275;U23.275;U24.275;U25.275;U26.275;U27.275;U28.275;U29.275;U30.275;U31.275;U32.275",18,16,2,16,1,FALSE,TRUE,"U7.7;U3.275;U4.275;U5.275;U6.275;U7.275;U8.275;U12.275;U14.275;U19.275;U21.275;U23.275;U24.275;U27.275;U28.275;U31.275;U32.275;W1.275",100,29,71,3,70,FALSE,TRUE,"U4.6;U7.7;U15.10;U27.12;U18.24;U17.25;U21.31;U19.32;U42.33;U29.44;U1.49;U35.52;U19.55;U24.60;U14.63;U5.72;W1.74;U25.76;U4.79;U5.85;U26.87;U6.94;U20.98;U29.98;U34.98;U35.98;U33.102;U3.107;U6.118;U24.120;U29.130;U4.132;U9.133;U16.157;U12.161;U28.164;U48.164;U6.167;U11.167;U8.170;U2.177;U29.179;W1.184;U33.194;U3.202;U8.203;U25.206;U46.206;U3.207;U18.213;U11.223;U42.223;U6.224;U35.238;U28.240;U27.245;U9.249;U13.251;U11.253;U1.269;U22.270;U1.275;U2.275;U3.275;U4.275;U5.275;U6.275;U7.275;U8.275;U9.275;U10.275;U11.275;U12.275;U14.275;U15.275;U16.275;U17.275;U19.275;U20.275;U21.275;U22.275;U23.275;U24.275;U26.275;U27.275;U28.275;U29.275;U30.275;U31.275;U32.275;W1.275;W1.276;U13.284;U16.284;U2.289;U7.291;U1.292;U27.292;U23.293;U24.297",TRUE,TRUE,"M3",FALSE,FALSE,0.00634407997131348,NA,NA,NA,NA,NA,NA,NA,NA,"M3",FALSE,FALSE,0.00647115707397461,NA,NA,NA,NA,NA,NA,NA,NA,"M3",FALSE,FALSE,0.0314509868621826,NA,NA,NA,NA,NA,NA,NA,NA
276,"model0",670,"medium",19,0.34,0.981146591249853,0.442695887945592,1,1,0,3,9,1,0.221223855989317,0.268701558047381,"M0.1",9,"U1.276;U2.276;U3.276;U4.276;U5.276;U6.276;U7.276;U8.276;U9.276",8,7,1,2,0,FALSE,TRUE,"U1.276;U2.276;U3.276;U4.276;U6.276;U7.276;U8.276;W1.276",66,7,59,2,58,FALSE,TRUE,"U4.2;U1.5;U17.10;U11.22;U4.24;U12.28;U23.31;U34.31;U7.34;U2.45;U12.49;U19.53;U20.53;U15.54;U20.59;U25.67;U24.73;U23.92;U27.93;U46.104;U16.116;U22.116;U28.118;U5.121;U9.125;W1.127;U17.134;U39.147;U27.155;U31.156;U11.160;W1.163;U30.168;U7.173;U10.174;U22.188;W1.189;U16.191;U15.194;U33.206;W1.212;U9.219;U17.219;U28.226;U38.227;U13.241;U36.246;U1.249;U27.250;U42.257;U21.275;U1.276;U2.276;U3.276;U4.276;U6.276;U7.276;U8.276;W1.276;U23.280;U25.280;U9.286;U19.290;U11.292;U10.296;U2.297",TRUE,TRUE,"M0.1",TRUE,TRUE,0.00408291816711426,NA,NA,NA,NA,NA,NA,NA,NA,"M0.1",TRUE,TRUE,0.00435590744018555,NA,NA,NA,NA,NA,NA,NA,NA,"M0.1",TRUE,TRUE,0.0172839164733887,NA,NA,NA,NA,NA,NA,NA,NA
277,"model1",670,"medium",19,0.02,0.989246558165178,0.482438412401825,1,1,0,3,23,3,0.507091983780779,0.45763189636733,"M1.1",23,"U1.277;U2.277;U3.277;U4.277;U5.277;U6.277;U7.277;U8.277;U9.277;U10.277;U11.277;U12.277;U13.277;U14.277;U15.277;U16.277;U17.277;U18.277;U19.277;U20.277;U21.277;U22.277;U23.277",22,19,3,4,2,FALSE,TRUE,"U46.106;U38.239;U2.277;U3.277;U4.277;U5.277;U6.277;U7.277;U8.277;U9.277;U10.277;U11.277;U13.277;U14.277;U15.277;U16.277;U17.277;U18.277;U19.277;U21.277;U22.277;W1.277",102,21,81,2,80,FALSE,TRUE,"U22.21;U27.25;U21.33;U11.39;U14.39;U27.40;U13.50;U11.51;U23.52;U26.58;U12.62;U32.62;U27.89;U2.98;U45.98;U9.103;U46.106;U22.111;U1.113;U4.113;U23.113;U13.116;U4.121;U10.129;U6.133;U12.133;U19.134;U26.139;U8.140;U34.144;U16.146;U21.147;U23.147;U44.147;U49.147;U4.152;U8.153;U23.155;U1.159;U4.160;U14.163;U34.168;U23.170;U13.181;U12.182;U31.183;U21.185;U45.185;U38.190;U16.193;W1.193;U7.196;U18.204;U30.205;U1.206;U8.213;U10.214;U21.216;U1.221;U2.222;U14.235;U44.238;U38.239;U2.244;U29.259;U18.270;U4.272;U18.273;U24.275;U2.277;U3.277;U4.277;U5.277;U6.277;U7.277;U8.277;U9.277;U10.277;U11.277;U12.277;U13.277;U14.277;U15.277;U16.277;U17.277;U18.277;U19.277;U20.277;U21.277;U22.277;W1.277;U9.283;U11.285;U18.285;U4.287;U4.288;U17.290;U19.290;U11.291;U5.293;U3.297;U9.299",TRUE,TRUE,"M1.1",TRUE,TRUE,0.00601696968078613,NA,NA,NA,NA,NA,NA,NA,NA,"M1.1",TRUE,TRUE,0.00523090362548828,NA,NA,NA,NA,NA,NA,NA,NA,"M1.1",TRUE,TRUE,0.108940839767456,NA,NA,NA,NA,NA,NA,NA,NA
278,"model2",670,"medium",19,0.5,0.563448827015236,0.451771563338116,1,1,0,3,13,1,0.268828899919694,0.304742612669099,"M2.1",13,"U1.278;U2.278;U3.278;U4.278;U5.278;U6.278;U7.278;U8.278;U9.278;U10.278;U11.278;U12.278;U13.278",8,7,1,6,1,FALSE,FALSE,"U23.139;U1.278;U3.278;U5.278;U6.278;U8.278;U9.278;U11.278",105,13,92,0,91,FALSE,TRUE,"U6.14;U2.19;U13.19;U11.25;U1.30;U5.34;U19.44;U17.47;U26.47;U34.47;U13.52;U29.53;U16.54;U4.55;U11.59;U28.59;U18.62;U17.67;U24.71;U18.73;U30.76;U9.82;U1.88;U7.90;U1.91;W1.91;U5.99;U7.100;U17.102;U7.103;U23.103;U3.106;U3.111;U9.119;U3.123;W1.125;U23.130;U12.132;U6.134;U17.134;U13.135;U23.139;U5.140;U29.144;U4.152;U12.152;U22.155;U1.156;U8.159;U34.168;W1.170;U2.175;U15.177;U10.180;U37.188;U18.191;U29.191;U16.193;U29.197;U9.202;U13.206;U32.206;U5.209;U2.210;U27.226;U38.229;U3.230;U16.235;U4.238;U13.239;U15.239;U6.241;U16.241;U6.247;U10.251;W1.252;U8.254;U26.257;U17.262;U24.262;U29.262;U9.264;U30.264;U7.269;U37.273;U12.274;U28.275;U1.278;U2.278;U3.278;U4.278;U5.278;U6.278;U7.278;U8.278;U9.278;U10.278;U11.278;U12.278;U13.278;W1.278;U30.281;U9.286;U20.294;U3.297",TRUE,TRUE,"M1.1",FALSE,FALSE,0.00530409812927246,NA,NA,NA,NA,NA,NA,NA,NA,"M1.1",FALSE,FALSE,0.00620007514953613,NA,NA,NA,NA,NA,NA,NA,NA,"M1.1",FALSE,FALSE,0.0243780612945557,NA,NA,NA,NA,NA,NA,NA,NA
279,"model3",670,"medium",19,0.2,0.78152060485445,0.37539522270672,1,1,0,3,10,1,0.206185063289925,0.272103484882554,"M3",10,"U1.279;U2.279;U3.279;U4.279;U5.279;U6.279;U7.279;U8.279;U9.279;U10.279",9,8,1,2,0,FALSE,TRUE,"U1.279;U2.279;U3.279;U4.279;U5.279;U6.279;U7.279;U8.279;W1.279",95,8,87,2,86,FALSE,TRUE,"U12.1;U8.10;U3.13;U6.16;U2.17;U1.24;U6.30;U13.31;U19.33;U3.42;U21.44;U19.50;U2.55;U8.57;U25.61;U32.61;U8.68;U29.79;U4.80;U31.88;U35.89;U1.94;U40.98;U34.103;U5.104;U2.108;U14.123;U1.125;U46.128;U19.139;U9.140;U24.141;U25.141;U43.142;U24.147;U44.147;U6.151;U7.156;U9.171;U44.172;U6.181;U2.182;U13.188;U10.189;U20.189;U32.194;U42.194;U17.201;U8.202;U10.210;U29.213;U46.216;U11.221;U15.221;U13.224;U32.224;U28.227;U1.231;U27.232;U7.234;U1.236;U5.238;U9.238;U8.239;U18.240;U8.241;U49.248;U13.249;U10.254;U22.254;U48.254;U6.256;W1.256;U3.258;U18.260;U5.261;U36.266;U3.273;U22.273;U1.279;U2.279;U3.279;U4.279;U5.279;U6.279;U7.279;U8.279;W1.279;U10.280;U13.280;U27.289;U9.290;W1.293;U1.294;U8.296",TRUE,TRUE,"M3",TRUE,TRUE,0.00691819190979004,NA,NA,NA,NA,NA,NA,NA,NA,"M3",TRUE,TRUE,0.00380897521972656,NA,NA,NA,NA,NA,NA,NA,NA,"M3",TRUE,TRUE,0.0319268703460693,NA,NA,NA,NA,NA,NA,NA,NA
280,"model4",670,"medium",19,0.25,0.670235794968903,0.383971500722691,1,1,0,3,25,1,0.415764691006279,0.416381120661333,"M4",25,"U1.280;U2.280;U3.280;U4.280;U5.280;U6.280;U7.280;U8.280;U9.280;U10.280;U11.280;U12.280;U13.280;U14.280;U15.280;U16.280;U17.280;U18.280;U19.280;U20.280;U21.280;U22.280;U23.280;U24.280;U25.280",16,15,1,10,0,FALSE,TRUE,"U1.280;U2.280;U3.280;U6.280;U9.280;U11.280;U12.280;U13.280;U15.280;U16.280;U20.280;U22.280;U23.280;U24.280;U25.280;W1.280",97,21,76,4,75,FALSE,TRUE,"U15.8;U15.21;U11.22;U5.31;U15.32;U4.38;U3.40;U1.45;U15.46;U4.48;U7.49;U37.50;U20.53;U20.54;U13.58;U28.87;U29.87;U15.88;U28.92;U20.93;U30.95;W1.95;U32.97;U17.99;U6.102;U13.102;U11.104;U6.110;U22.111;U2.115;U15.116;U16.119;U18.129;U26.133;U5.144;W1.148;U5.161;U21.161;U11.163;U1.168;U20.170;U8.174;U15.175;U3.179;U5.181;U17.181;U15.182;U38.183;U14.189;U22.190;U41.190;U2.195;U2.210;U5.210;W1.212;U4.213;U47.213;W1.213;U44.216;W1.221;U28.223;U6.224;U13.241;U12.242;U38.248;U25.253;U9.270;U3.272;U4.272;U33.274;U1.280;U2.280;U3.280;U5.280;U6.280;U7.280;U8.280;U9.280;U10.280;U11.280;U12.280;U13.280;U15.280;U16.280;U18.280;U20.280;U21.280;U22.280;U23.280;U24.280;U25.280;W1.280;U24.285;U29.288;U7.296;U27.296;U1.300",TRUE,TRUE,"M4",TRUE,TRUE,0.006134033203125,NA,NA,NA,NA,NA,NA,NA,NA,"M4",TRUE,TRUE,0.0045769214630127,NA,NA,NA,NA,NA,NA,NA,NA,"M4",TRUE,TRUE,0.02435302734375,NA,NA,NA,NA,NA,NA,NA,NA
281,"model0",670,"large",19,0.02,1.35521175991744,0.56424196169246,1,1,0,3,31,1,0.579608243255955,0.616143911497744,"M0.1",31,"U1.281;U2.281;U3.281;U4.281;U5.281;U6.281;U7.281;U8.281;U9.281;U10.281;U11.281;U12.281;U13.281;U14.281;U15.281;U16.281;U17.281;U18.281;U19.281;U20.281;U21.281;U22.281;U23.281;U24.281;U25.281;U26.281;U27.281;U28.281;U29.281;U30.281;U31.281",23,22,1,9,0,FALSE,TRUE,"U2.281;U3.281;U4.281;U5.281;U7.281;U8.281;U9.281;U10.281;U12.281;U14.281;U16.281;U17.281;U18.281;U21.281;U22.281;U23.281;U24.281;U25.281;U27.281;U28.281;U29.281;U30.281;W1.281",103,27,76,4,75,FALSE,TRUE,"U19.1;U12.8;U12.10;U10.14;U21.17;U13.21;U1.24;U21.31;U23.31;U5.33;U27.39;U5.46;U34.47;U26.50;U21.51;U22.51;U16.54;U30.57;U20.59;U7.61;U6.64;U9.87;U30.88;U8.89;U26.90;W1.93;U37.95;U17.96;U2.115;U27.116;U36.122;U8.129;U11.129;U22.131;U4.134;U10.134;U15.135;U3.138;U6.153;U4.159;U30.164;U22.168;U4.172;U27.172;U17.176;U22.178;U1.179;U17.184;U8.187;U20.190;U26.191;U4.207;U12.213;U7.214;U2.219;U13.226;U9.235;U23.235;U9.238;W1.238;U34.239;U45.239;W1.244;U14.245;U14.246;U24.249;U15.250;U48.254;U12.257;U17.259;U41.260;U2.269;U2.281;U3.281;U4.281;U5.281;U6.281;U7.281;U8.281;U9.281;U10.281;U11.281;U12.281;U13.281;U14.281;U16.281;U17.281;U18.281;U21.281;U22.281;U23.281;U24.281;U25.281;U26.281;U27.281;U28.281;U29.281;U30.281;U31.281;W1.281;U29.282;U29.288;U10.292",TRUE,TRUE,"M0.1",TRUE,TRUE,0.00659298896789551,NA,NA,NA,NA,NA,NA,NA,NA,"M0.1",TRUE,TRUE,0.00790119171142578,NA,NA,NA,NA,NA,NA,NA,NA,"M0.1",TRUE,TRUE,0.0268080234527588,NA,NA,NA,NA,NA,NA,NA,NA
282,"model1",670,"large",19,0.25,1.48251677281223,0.819102863548324,1,1,0,3,29,1,0.364815742068513,0.342598142076951,"M1.1",29,"U1.282;U2.282;U3.282;U4.282;U5.282;U6.282;U7.282;U8.282;U9.282;U10.282;U11.282;U12.282;U13.282;U14.282;U15.282;U16.282;U17.282;U18.282;U19.282;U20.282;U21.282;U22.282;U23.282;U24.282;U25.282;U26.282;U27.282;U28.282;U29.282",15,14,1,15,0,FALSE,TRUE,"U2.282;U6.282;U7.282;U8.282;U10.282;U14.282;U15.282;U17.282;U18.282;U20.282;U21.282;U23.282;U24.282;U26.282;W1.282",93,23,70,6,69,FALSE,TRUE,"U11.8;U8.14;W1.18;U7.24;U8.40;U8.43;U2.49;W1.55;U10.60;W1.61;U7.62;U15.62;U17.70;U31.71;U12.75;U5.80;U13.85;U2.87;U8.98;U40.106;U26.110;U17.111;U32.122;U40.122;U2.123;U19.128;U26.134;U14.136;U17.137;U33.144;U3.148;U25.150;U12.151;U13.153;U11.161;U12.163;U11.170;U17.181;U24.185;U42.185;U29.191;U41.191;U9.197;U5.202;U16.202;U14.206;U10.213;U12.221;U44.226;U6.227;U8.227;U13.229;U3.236;U43.238;U24.243;U5.249;U21.259;U37.260;U9.261;U23.264;U13.274;U22.274;U27.274;W1.275;U1.282;U2.282;U4.282;U5.282;U6.282;U7.282;U8.282;U9.282;U10.282;U13.282;U14.282;U15.282;U17.282;U18.282;U20.282;U21.282;U22.282;U23.282;U24.282;U25.282;U26.282;U27.282;U28.282;W1.282;U7.289;U10.292;U18.292;U31.293;U27.296",TRUE,TRUE,"M1.1",TRUE,TRUE,0.00971388816833496,NA,NA,NA,NA,NA,NA,NA,NA,"M1.1",TRUE,TRUE,0.00945305824279785,NA,NA,NA,NA,NA,NA,NA,NA,"M1.1",TRUE,TRUE,0.0186409950256348,NA,NA,NA,NA,NA,NA,NA,NA
283,"model2",670,"large",19,0.04,1.28930525353644,0.777362711145543,1,1,0,3,9,1,0.113517173605947,0.141001671993469,"M2.1",9,"U1.283;U2.283;U3.283;U4.283;U5.283;U6.283;U7.283;U8.283;U9.283",6,4,2,5,1,FALSE,TRUE,"U7.36;U1.283;U3.283;U7.283;U8.283;W1.283",91,7,84,2,83,FALSE,TRUE,"U11.5;U4.17;U29.17;U18.23;U2.32;U7.36;U19.40;U20.40;W1.40;U11.41;U28.47;U4.51;U4.52;U20.53;U5.54;U18.62;U9.63;U16.67;U4.71;U38.88;U2.95;U15.99;U10.102;U21.104;U45.104;U24.106;U8.116;U33.118;U9.120;U11.122;U2.125;U15.132;U6.139;U22.139;U20.141;U35.142;U6.144;U11.145;U5.147;U29.147;U35.147;U17.150;W1.150;U6.158;U8.158;U16.161;U19.172;U15.173;U9.176;U21.179;U14.183;U12.197;U18.202;U18.204;U19.210;U2.211;U6.213;U18.214;U40.216;U4.219;U5.227;U15.230;U2.232;U34.238;U5.243;U41.248;U8.254;U4.255;U23.257;U5.258;U39.260;U5.261;U23.263;U46.274;U6.275;U1.283;U3.283;U4.283;U6.283;U7.283;U8.283;U9.283;W1.283;U11.284;U22.285;U44.285;U24.287;U40.287;U5.291;U17.295;U10.297",TRUE,TRUE,"M2.1",TRUE,TRUE,0.00402307510375977,NA,NA,NA,NA,NA,NA,NA,NA,"M2.1",TRUE,TRUE,0.00414800643920898,NA,NA,NA,NA,NA,NA,NA,NA,"M2.1",TRUE,TRUE,0.0190658569335938,NA,NA,NA,NA,NA,NA,NA,NA
284,"model3",670,"large",19,0.39,1.24183445668314,0.65976652270183,1,1,0,3,28,1,0.449246252032688,0.414678340754403,"M3",28,"U1.284;U2.284;U3.284;U4.284;U5.284;U6.284;U7.284;U8.284;U9.284;U10.284;U11.284;U12.284;U13.284;U14.284;U15.284;U16.284;U17.284;U18.284;U19.284;U20.284;U21.284;U22.284;U23.284;U24.284;U25.284;U26.284;U27.284;U28.284",15,13,2,15,1,FALSE,TRUE,"U31.189;U2.284;U3.284;U7.284;U11.284;U15.284;U17.284;U18.284;U19.284;U21.284;U22.284;U24.284;U25.284;U28.284;W1.284",93,24,69,4,68,FALSE,TRUE,"U3.4;U34.5;U13.10;U18.10;U12.14;U6.24;U9.31;U29.31;U5.41;U6.45;U34.52;U30.57;U49.59;U5.65;U3.67;U43.76;U23.79;U1.81;U7.94;U37.98;U23.101;U41.104;U15.110;U18.113;U1.119;U4.120;U2.123;W1.134;U4.137;U31.144;U47.144;U23.147;U29.147;U27.152;U8.158;U24.164;U33.172;U33.181;U17.188;U37.188;U31.189;U1.192;U21.194;U3.201;U5.213;U49.213;U21.221;U16.222;U25.223;U34.226;U2.227;U2.232;U8.237;U30.238;U41.239;U4.240;U26.248;U15.261;U25.262;U2.274;U5.274;U2.281;U2.283;U3.283;U1.284;U2.284;U3.284;U5.284;U6.284;U7.284;U8.284;U9.284;U10.284;U11.284;U13.284;U14.284;U15.284;U16.284;U17.284;U18.284;U19.284;U20.284;U21.284;U22.284;U24.284;U25.284;U27.284;U28.284;W1.284;U5.287;U9.288;U10.292;U4.300",TRUE,TRUE,"M3",TRUE,TRUE,0.00672817230224609,NA,NA,NA,NA,NA,NA,NA,NA,"M3",TRUE,TRUE,0.0044550895690918,NA,NA,NA,NA,NA,NA,NA,NA,"M3",TRUE,TRUE,0.0207638740539551,NA,NA,NA,NA,NA,NA,NA,NA
285,"model4",670,"large",19,0.16,1.02116558491252,0.871397595503367,1,1,0,3,48,1,0.624834642421734,0.543921781723634,"M4",48,"U1.285;U2.285;U3.285;U4.285;U5.285;U6.285;U7.285;U8.285;U9.285;U10.285;U11.285;U12.285;U13.285;U14.285;U15.285;U16.285;U17.285;U18.285;U19.285;U20.285;U21.285;U22.285;U23.285;U24.285;U25.285;U26.285;U27.285;U28.285;U29.285;U30.285;U31.285;U32.285;U33.285;U34.285;U35.285;U36.285;U37.285;U38.285;U39.285;U40.285;U41.285;U42.285;U43.285;U44.285;U45.285;U46.285;U47.285;U48.285",23,21,2,27,1,FALSE,TRUE,"U20.221;U1.285;U2.285;U3.285;U5.285;U8.285;U9.285;U10.285;U11.285;U18.285;U20.285;U25.285;U26.285;U30.285;U34.285;U37.285;U38.285;U42.285;U45.285;U46.285;U47.285;U48.285;W1.285",117,38,79,10,78,FALSE,TRUE,"U22.19;U1.20;U7.20;U2.21;U16.22;U29.48;U2.49;U5.50;U8.59;U10.61;U32.62;U26.73;W1.75;U21.76;U22.79;U26.79;U2.82;U8.85;U2.92;U4.92;U16.92;U12.94;U34.98;U14.102;U3.104;U49.104;U35.110;U29.113;U29.122;U9.127;U3.131;U30.144;U16.145;U6.149;U18.152;U3.154;U1.155;U5.159;U8.161;U10.163;U36.168;U33.172;U10.186;U26.186;U18.191;U15.192;U16.192;U7.196;U11.208;U22.210;U26.218;U20.221;U35.221;U6.223;U29.223;U4.224;U5.226;U14.229;U1.230;U11.231;U9.239;U12.239;U9.242;U10.242;U41.246;U14.254;U10.255;U23.264;W1.272;U14.277;U19.277;U4.281;U1.285;U2.285;U3.285;U4.285;U5.285;U6.285;U7.285;U8.285;U9.285;U10.285;U11.285;U12.285;U13.285;U14.285;U17.285;U18.285;U20.285;U21.285;U23.285;U25.285;U26.285;U28.285;U30.285;U31.285;U34.285;U35.285;U36.285;U37.285;U38.285;U39.285;U40.285;U41.285;U42.285;U44.285;U45.285;U46.285;U47.285;U48.285;W1.285;U1.286;U34.287;U3.295;U11.297;U15.297;U4.300",TRUE,TRUE,"M1.2",FALSE,FALSE,0.0177469253540039,NA,NA,NA,NA,NA,NA,NA,NA,"M1.2",FALSE,FALSE,0.00639891624450684,NA,NA,NA,NA,NA,NA,NA,NA,"M1.2",FALSE,FALSE,0.0248980522155762,NA,NA,NA,NA,NA,NA,NA,NA
286,"model0",670,"small",20,0.4,0.468100163340569,0.262399869412184,1,1,0,3,12,1,0.304165863920673,0.419498097750432,"M0.1",12,"U1.286;U2.286;U3.286;U4.286;U5.286;U6.286;U7.286;U8.286;U9.286;U10.286;U11.286;U12.286",11,11,0,1,0,FALSE,FALSE,"U1.286;U2.286;U3.286;U4.286;U5.286;U6.286;U8.286;U9.286;U10.286;U11.286;U12.286",93,12,81,0,81,FALSE,FALSE,"U29.5;U39.5;U2.7;U3.9;U8.9;U5.12;U15.14;U21.14;U7.19;U1.25;U5.26;U9.31;U31.33;U5.38;W1.43;U19.48;U21.48;U37.52;U23.53;W1.54;U46.59;U7.60;U12.61;U4.65;U28.71;U31.87;U48.88;U20.89;U12.90;U9.102;U22.102;U36.106;U26.116;U47.118;U12.119;U1.123;U7.130;U4.131;U8.133;U16.134;U19.137;U14.139;U17.141;U40.142;U35.149;U5.150;U33.156;U8.160;U16.171;U38.172;U10.174;U16.174;W1.177;U30.180;U2.199;U25.201;U46.213;U1.214;U19.214;U36.216;U8.223;U29.224;U24.232;U34.239;U43.246;U49.248;U2.251;U4.252;U22.258;U39.258;U15.259;U13.263;U2.266;U16.266;U24.273;U1.286;U2.286;U3.286;U4.286;U5.286;U6.286;U7.286;U8.286;U9.286;U10.286;U11.286;U12.286;U19.290;U8.292;U32.292;U37.293;U39.296;U20.297",TRUE,TRUE,"M0.1",TRUE,TRUE,0.00857210159301758,NA,NA,NA,NA,NA,NA,NA,NA,"M0.1",TRUE,TRUE,0.00502800941467285,NA,NA,NA,NA,NA,NA,NA,NA,"M0.1",TRUE,TRUE,0.0221438407897949,NA,NA,NA,NA,NA,NA,NA,NA
287,"model1",670,"small",20,0.48,0.320720235537738,0.108375290548429,1,1,0,3,42,1,0.615835409199364,0.612488713060894,"M1.1",42,"U1.287;U2.287;U3.287;U4.287;U5.287;U6.287;U7.287;U8.287;U9.287;U10.287;U11.287;U12.287;U13.287;U14.287;U15.287;U16.287;U17.287;U18.287;U19.287;U20.287;U21.287;U22.287;U23.287;U24.287;U25.287;U26.287;U27.287;U28.287;U29.287;U30.287;U31.287;U32.287;U33.287;U34.287;U35.287;U36.287;U37.287;U38.287;U39.287;U40.287;U41.287;U42.287",25,22,3,20,2,FALSE,TRUE,"U7.8;U14.70;U2.287;U4.287;U5.287;U7.287;U8.287;U9.287;U10.287;U13.287;U14.287;U15.287;U16.287;U19.287;U20.287;U22.287;U23.287;U25.287;U26.287;U27.287;U28.287;U31.287;U39.287;U42.287;W1.287",111,34,77,8,76,FALSE,TRUE,"U4.2;U16.5;U29.5;W1.5;U23.7;U7.8;U11.10;U3.14;U14.17;U25.17;U32.17;U2.19;U16.25;U7.28;U3.29;U7.33;U22.44;U6.49;U4.57;U1.60;U41.60;U20.64;U14.70;U11.73;U36.79;U21.85;U40.88;U5.89;U26.98;U5.100;U8.103;U14.109;U3.110;U36.113;U6.132;U19.142;U13.145;U44.156;U6.159;U14.163;U6.180;U2.181;U10.187;U7.193;U18.193;U24.194;U21.197;U21.201;U1.205;U4.205;U19.205;W1.210;U41.213;U8.216;U23.221;U28.221;U27.224;U17.230;U14.232;U23.238;U28.238;U43.239;U7.241;U14.246;U14.248;U32.257;U7.271;U5.272;U3.274;U20.282;U26.284;U1.287;U2.287;U3.287;U4.287;U5.287;U6.287;U7.287;U8.287;U9.287;U10.287;U11.287;U13.287;U14.287;U15.287;U16.287;U17.287;U18.287;U19.287;U20.287;U22.287;U23.287;U25.287;U26.287;U27.287;U28.287;U31.287;U34.287;U35.287;U37.287;U38.287;U39.287;U40.287;U41.287;U42.287;W1.287;U5.290;U2.291;U17.296;W1.298;U3.299",TRUE,TRUE,"M1.1",TRUE,TRUE,0.00870800018310547,NA,NA,NA,NA,NA,NA,NA,NA,"M1.1",TRUE,TRUE,0.00786995887756348,NA,NA,NA,NA,NA,NA,NA,NA,"M1.1",TRUE,TRUE,0.0218441486358643,NA,NA,NA,NA,NA,NA,NA,NA
288,"model2",670,"small",20,0.37,0.346718677598983,0.135790685191751,1,1,0,3,34,1,0.438180639961663,0.556655718069673,"M2.1",34,"U1.288;U2.288;U3.288;U4.288;U5.288;U6.288;U7.288;U8.288;U9.288;U10.288;U11.288;U12.288;U13.288;U14.288;U15.288;U16.288;U17.288;U18.288;U19.288;U20.288;U21.288;U22.288;U23.288;U24.288;U25.288;U26.288;U27.288;U28.288;U29.288;U30.288;U31.288;U32.288;U33.288;U34.288",20,18,2,16,1,FALSE,TRUE,"U13.120;U6.288;U8.288;U11.288;U12.288;U14.288;U16.288;U17.288;U18.288;U20.288;U21.288;U23.288;U24.288;U26.288;U27.288;U29.288;U30.288;U32.288;U34.288;W1.288",109,26,83,8,82,FALSE,TRUE,"W1.4;U24.8;U13.16;U12.17;U25.25;U23.31;W1.31;U2.39;U20.44;U30.44;U8.45;U22.52;U34.52;U7.54;U3.55;U8.55;U1.57;U15.64;U33.69;U10.70;U10.71;U19.75;U20.75;U6.76;U17.85;U10.87;U12.93;U12.97;U18.99;U25.99;U40.104;U18.106;U37.106;U2.112;U29.118;U6.119;U13.120;U6.122;U18.132;U35.134;U40.134;U17.137;U7.141;U22.150;U31.150;U8.151;U6.163;U29.163;U50.164;U18.168;U22.170;U34.172;U2.175;U1.176;W1.178;U28.185;U1.187;U32.188;U43.194;U20.197;U12.200;U8.214;U33.216;U28.218;U31.239;U10.242;U28.248;U1.249;U9.250;U11.250;U39.257;U16.263;U1.265;U5.270;U34.273;U11.277;U13.278;U14.280;U1.281;U3.286;U2.288;U3.288;U6.288;U7.288;U8.288;U10.288;U11.288;U12.288;U13.288;U14.288;U16.288;U17.288;U18.288;U20.288;U21.288;U23.288;U24.288;U26.288;U27.288;U28.288;U29.288;U30.288;U31.288;U32.288;U33.288;U34.288;W1.288;U17.293;U15.295",TRUE,TRUE,"M1.1",FALSE,FALSE,0.00860404968261719,NA,NA,NA,NA,NA,NA,NA,NA,"M1.1",FALSE,FALSE,0.00515198707580566,NA,NA,NA,NA,NA,NA,NA,NA,"M1.1",FALSE,FALSE,0.0278201103210449,NA,NA,NA,NA,NA,NA,NA,NA
289,"model3",670,"small",20,0.33,0.104305353946984,0.264257493009791,1,1,0,3,34,1,0.55399995534092,0.503163564450787,"M3",34,"U1.289;U2.289;U3.289;U4.289;U5.289;U6.289;U7.289;U8.289;U9.289;U10.289;U11.289;U12.289;U13.289;U14.289;U15.289;U16.289;U17.289;U18.289;U19.289;U20.289;U21.289;U22.289;U23.289;U24.289;U25.289;U26.289;U27.289;U28.289;U29.289;U30.289;U31.289;U32.289;U33.289;U34.289",23,19,4,15,3,FALSE,TRUE,"U8.2;U3.245;U5.289;U8.289;U9.289;U10.289;U12.289;U13.289;U14.289;U15.289;U16.289;U17.289;U18.289;U21.289;U22.289;U27.289;U29.289;U30.289;U31.289;U32.289;U33.289;W1.289;U33.290",108,29,79,5,78,FALSE,TRUE,"U8.2;U22.2;U5.3;U6.16;U5.26;U30.33;U15.43;W1.53;U13.54;U47.59;U25.62;U17.64;U15.65;U15.67;U21.69;U9.72;U39.76;U4.81;U14.87;U48.88;U44.89;W1.89;U11.99;U14.101;W1.104;U30.110;U7.112;U11.113;U37.113;U14.116;U28.116;U18.118;U11.123;U12.133;U36.134;U6.136;U43.144;U1.147;U4.147;U6.155;U9.156;U36.156;U17.161;U27.172;U34.172;U7.175;U5.185;U39.191;U6.199;U7.206;U27.206;U44.206;U1.218;U24.218;U5.223;U9.223;U24.223;U41.226;U37.230;U18.236;U7.237;U5.243;U3.245;U20.248;U27.248;U5.249;U23.262;U11.263;U18.270;U13.273;U11.275;U8.281;U38.285;U9.287;U14.288;U1.289;U2.289;U4.289;U5.289;U6.289;U8.289;U9.289;U10.289;U12.289;U13.289;U14.289;U15.289;U16.289;U17.289;U18.289;U19.289;U21.289;U22.289;U24.289;U25.289;U26.289;U27.289;U28.289;U29.289;U30.289;U31.289;U32.289;U33.289;U34.289;W1.289;U33.290;U24.297;U34.297",TRUE,TRUE,"M0.2",FALSE,FALSE,0.00721096992492676,NA,NA,NA,NA,NA,NA,NA,NA,"M0.2",FALSE,FALSE,0.0115160942077637,NA,NA,NA,NA,NA,NA,NA,NA,"M0.2",FALSE,FALSE,0.0421919822692871,NA,NA,NA,NA,NA,NA,NA,NA
290,"model4",670,"small",20,0.42,0.187399530876428,0.148080335371196,1,1,0,3,33,1,0.506277067562113,0.561402778736378,"M4",33,"U1.290;U2.290;U3.290;U4.290;U5.290;U6.290;U7.290;U8.290;U9.290;U10.290;U11.290;U12.290;U13.290;U14.290;U15.290;U16.290;U17.290;U18.290;U19.290;U20.290;U21.290;U22.290;U23.290;U24.290;U25.290;U26.290;U27.290;U28.290;U29.290;U30.290;U31.290;U32.290;U33.290",26,24,2,9,1,FALSE,TRUE,"U29.238;U1.290;U3.290;U4.290;U5.290;U7.290;U8.290;U9.290;U10.290;U11.290;U12.290;U14.290;U15.290;U16.290;U17.290;U19.290;U20.290;U21.290;U22.290;U24.290;U26.290;U28.290;U29.290;U31.290;U32.290;W1.290",111,31,80,2,79,FALSE,TRUE,"U5.2;U23.2;U21.7;U27.21;U8.22;U14.31;U13.46;U6.50;U30.52;U11.57;U20.57;U36.59;U16.64;U14.68;U15.72;U1.73;U17.73;U25.75;U22.76;U35.79;U38.79;U16.88;U22.90;U5.92;U19.92;U2.93;U19.93;U16.97;W1.100;U43.104;U37.106;U18.113;U5.125;W1.147;U25.149;U1.162;U3.172;U9.173;U12.176;U13.179;U23.181;U9.185;U23.185;U28.186;U37.188;U12.192;U3.197;U12.197;U6.201;U21.201;U4.205;U5.213;U20.213;U13.214;U14.218;U6.221;U2.222;U39.223;U14.224;U15.227;U30.227;U22.229;U28.229;U7.237;U8.237;U29.238;U24.239;U6.242;U2.250;U16.258;U18.263;U23.264;U1.268;U27.282;U1.290;U2.290;U3.290;U4.290;U5.290;U6.290;U7.290;U8.290;U9.290;U10.290;U11.290;U12.290;U13.290;U14.290;U15.290;U16.290;U17.290;U18.290;U19.290;U20.290;U21.290;U22.290;U24.290;U25.290;U26.290;U27.290;U28.290;U29.290;U30.290;U31.290;U32.290;W1.290;W1.291;U14.292;U15.292;U5.293;U2.296",TRUE,TRUE,"M2.1",FALSE,FALSE,0.00813889503479004,NA,NA,NA,NA,NA,NA,NA,NA,"Other",FALSE,FALSE,0.00841188430786133,NA,NA,NA,NA,NA,NA,NA,NA,"M1.1",FALSE,FALSE,0.0255498886108398,NA,NA,NA,NA,NA,NA,NA,NA
291,"model0",670,"medium",20,0.05,0.596440235269256,0.349655720544979,1,1,0,3,17,1,0.455662039686138,0.389544253711161,"M0.1",17,"U1.291;U2.291;U3.291;U4.291;U5.291;U6.291;U7.291;U8.291;U9.291;U10.291;U11.291;U12.291;U13.291;U14.291;U15.291;U16.291;U17.291",13,12,1,5,0,FALSE,TRUE,"U1.291;U2.291;U3.291;U5.291;U6.291;U7.291;U10.291;U11.291;U12.291;U13.291;U16.291;U17.291;W1.291",90,17,73,0,72,FALSE,TRUE,"U5.1;U14.5;U3.10;U28.12;U4.15;U1.19;U16.28;U1.30;U16.31;U3.32;U4.51;U27.53;U21.59;U13.61;U18.67;U16.76;U44.79;U12.89;U42.89;U25.92;U1.93;U12.93;U6.99;U37.103;U2.105;U14.113;U29.129;U28.130;U21.131;U27.134;U32.142;U31.144;U36.144;U2.148;U21.156;U3.167;U9.167;U17.167;U15.172;U26.172;U27.172;U19.178;U34.181;U12.184;U20.190;U15.191;U21.192;U10.197;U4.198;U6.203;U9.204;U9.206;U2.219;U28.223;U7.225;U22.230;U6.232;U7.232;U27.238;U28.245;U11.251;U24.251;U14.253;U20.260;U8.271;U36.274;U42.274;U1.281;U20.289;U1.291;U2.291;U3.291;U4.291;U5.291;U6.291;U7.291;U8.291;U9.291;U10.291;U11.291;U12.291;U13.291;U14.291;U15.291;U16.291;U17.291;W1.291;U30.293;W1.296;U10.297",TRUE,TRUE,"M0.1",TRUE,TRUE,0.00586891174316406,NA,NA,NA,NA,NA,NA,NA,NA,"M0.1",TRUE,TRUE,0.00552988052368164,NA,NA,NA,NA,NA,NA,NA,NA,"M0.1",TRUE,TRUE,0.0246758460998535,NA,NA,NA,NA,NA,NA,NA,NA
292,"model1",670,"medium",20,0.45,0.734694305341691,0.407872466603294,1,1,0,3,33,1,0.529296248081006,0.484130057674112,"M1.1",33,"U1.292;U2.292;U3.292;U4.292;U5.292;U6.292;U7.292;U8.292;U9.292;U10.292;U11.292;U12.292;U13.292;U14.292;U15.292;U16.292;U17.292;U18.292;U19.292;U20.292;U21.292;U22.292;U23.292;U24.292;U25.292;U26.292;U27.292;U28.292;U29.292;U30.292;U31.292;U32.292;U33.292",20,19,1,14,1,FALSE,FALSE,"U13.172;U2.292;U3.292;U4.292;U9.292;U10.292;U12.292;U13.292;U14.292;U15.292;U16.292;U18.292;U19.292;U22.292;U24.292;U25.292;U29.292;U30.292;U31.292;U33.292",96,28,68,5,68,FALSE,FALSE,"U9.5;U11.17;U3.23;U6.36;U5.40;W1.40;U5.50;U34.50;U3.51;W1.53;U18.59;U15.62;U27.62;U5.69;U18.71;W1.77;U16.85;U31.90;W1.92;U11.93;U23.101;U7.102;U18.102;U10.103;U34.120;U23.122;U9.125;U4.131;U4.144;U11.147;U20.151;U24.152;U12.156;U1.163;U4.167;U13.172;U5.176;U9.178;U11.180;U26.183;U32.183;U2.185;U6.185;U25.186;U31.186;U20.192;U20.193;U15.200;U8.201;U29.202;U11.204;U35.204;U43.206;U3.222;W1.223;U26.227;U35.230;U34.238;U4.240;W1.241;U11.242;U28.245;U5.251;U23.262;U4.271;U9.286;U1.292;U2.292;U3.292;U4.292;U5.292;U7.292;U8.292;U9.292;U10.292;U12.292;U13.292;U14.292;U15.292;U16.292;U18.292;U19.292;U20.292;U22.292;U24.292;U25.292;U26.292;U27.292;U28.292;U29.292;U30.292;U31.292;U32.292;U33.292;U6.297;U31.297",TRUE,TRUE,"M1.1",TRUE,TRUE,0.0113110542297363,NA,NA,NA,NA,NA,NA,NA,NA,"M1.1",TRUE,TRUE,0.00520610809326172,NA,NA,NA,NA,NA,NA,NA,NA,"M1.1",TRUE,TRUE,0.0243520736694336,NA,NA,NA,NA,NA,NA,NA,NA
293,"model2",670,"medium",20,0.48,0.593739696661942,0.379651743499562,1,1,0,3,45,1,0.585837390159411,0.608206587204919,"M2.1",45,"U1.293;U2.293;U3.293;U4.293;U5.293;U6.293;U7.293;U8.293;U9.293;U10.293;U11.293;U12.293;U13.293;U14.293;U15.293;U16.293;U17.293;U18.293;U19.293;U20.293;U21.293;U22.293;U23.293;U24.293;U25.293;U26.293;U27.293;U28.293;U29.293;U30.293;U31.293;U32.293;U33.293;U34.293;U35.293;U36.293;U37.293;U38.293;U39.293;U40.293;U41.293;U42.293;U43.293;U44.293;U45.293",21,19,2,26,1,FALSE,TRUE,"U23.273;U13.293;U21.293;U22.293;U23.293;U24.293;U26.293;U27.293;U28.293;U29.293;U31.293;U33.293;U34.293;U35.293;U36.293;U38.293;U39.293;U40.293;U41.293;U43.293;W1.293",105,36,69,9,68,FALSE,TRUE,"U13.2;U18.23;U9.25;U6.30;W1.33;U18.39;U4.41;U7.43;U14.50;U16.60;U6.65;U4.66;U13.71;U49.76;U9.79;U42.79;U3.95;U27.95;U33.95;U5.111;U21.111;U8.119;U1.125;U24.129;U15.133;U24.136;U9.138;U4.141;U24.144;U12.147;U13.147;U6.160;U13.171;U13.174;U17.176;U14.177;U3.182;W1.182;U9.183;U3.185;U10.204;U35.205;U21.206;W1.213;U21.224;U1.229;U33.229;U28.232;U37.239;U9.241;U2.242;U7.242;U3.248;U23.250;U16.255;W1.257;U37.258;U8.261;U23.273;U42.274;U9.279;U22.280;U26.284;U6.287;U16.287;U20.288;U9.292;U17.292;U1.293;U3.293;U4.293;U5.293;U6.293;U9.293;U10.293;U12.293;U13.293;U15.293;U16.293;U17.293;U18.293;U21.293;U22.293;U23.293;U24.293;U25.293;U26.293;U27.293;U28.293;U29.293;U30.293;U31.293;U32.293;U33.293;U34.293;U35.293;U36.293;U37.293;U38.293;U39.293;U40.293;U41.293;U42.293;U43.293;W1.293",TRUE,TRUE,"M2.1",TRUE,TRUE,0.00932598114013672,NA,NA,NA,NA,NA,NA,NA,NA,"M2.1",TRUE,TRUE,0.00966811180114746,NA,NA,NA,NA,NA,NA,NA,NA,"M2.1",TRUE,TRUE,0.0254189968109131,NA,NA,NA,NA,NA,NA,NA,NA
294,"model3",670,"medium",20,0.43,0.691501863417216,0.361240052850917,1,1,0,3,21,1,0.274289995840215,0.419387007666403,"M3",21,"U1.294;U2.294;U3.294;U4.294;U5.294;U6.294;U7.294;U8.294;U9.294;U10.294;U11.294;U12.294;U13.294;U14.294;U15.294;U16.294;U17.294;U18.294;U19.294;U20.294;U21.294",13,10,3,11,2,FALSE,TRUE,"U17.189;U10.235;U1.294;U2.294;U8.294;U9.294;U13.294;U15.294;U17.294;U18.294;U20.294;U21.294;W1.294",103,18,85,3,84,FALSE,TRUE,"U2.3;U4.10;U25.10;U2.11;U6.21;U24.21;U5.22;U18.24;U16.31;U2.39;U14.41;U8.43;U6.44;U4.51;U14.52;U16.54;U47.59;U40.62;U10.68;U14.68;U33.69;U15.76;W1.77;U4.80;U6.85;U11.90;U19.92;U1.93;U22.93;U2.103;U21.103;U2.104;U46.104;U6.109;W1.109;U33.113;U33.120;U36.120;U38.120;U2.122;U3.126;U31.128;U18.132;U6.144;U35.164;U7.171;U3.174;U1.187;U17.189;U12.190;U7.199;U1.200;U3.206;U10.207;U1.208;U22.216;U22.218;U15.219;W1.220;U2.222;W1.222;U7.223;U16.223;U31.223;U5.227;U10.235;U5.239;U11.243;U10.244;U20.251;W1.259;U15.260;U18.260;U3.270;W1.271;U15.284;U20.284;U32.288;U7.289;U19.290;U5.291;U3.293;U1.294;U2.294;U5.294;U7.294;U8.294;U9.294;U10.294;U11.294;U12.294;U13.294;U14.294;U15.294;U16.294;U17.294;U18.294;U19.294;U20.294;U21.294;W1.294;U26.296;U31.296",TRUE,TRUE,"M3",TRUE,TRUE,0.00548601150512695,NA,NA,NA,NA,NA,NA,NA,NA,"M3",TRUE,TRUE,0.00498104095458984,NA,NA,NA,NA,NA,NA,NA,NA,"M3",TRUE,TRUE,0.0250020027160645,NA,NA,NA,NA,NA,NA,NA,NA
295,"model4",670,"medium",20,0.08,0.805093570845202,0.480494308611378,1,1,0,3,19,1,0.387588808644955,0.421874446979347,"M4",19,"U1.295;U2.295;U3.295;U4.295;U5.295;U6.295;U7.295;U8.295;U9.295;U10.295;U11.295;U12.295;U13.295;U14.295;U15.295;U16.295;U17.295;U18.295;U19.295",12,10,2,9,1,FALSE,TRUE,"U33.190;U2.295;U3.295;U4.295;U6.295;U10.295;U14.295;U15.295;U16.295;U17.295;U19.295;W1.295",94,15,79,4,78,FALSE,TRUE,"U1.8;U25.19;U2.34;U20.47;U23.48;W1.48;W1.50;U25.51;U30.52;U40.52;U17.53;U32.59;U1.62;U9.63;U2.65;U4.71;U33.76;U24.79;U16.85;U23.85;U24.89;U21.92;U4.93;U8.93;U23.97;U13.102;U19.106;U26.113;U3.123;U20.133;U12.135;U5.138;U12.140;U27.142;U36.142;U39.144;U13.152;U29.155;U29.171;U28.173;U8.176;U10.183;W1.186;U33.190;U14.191;U4.192;U8.193;U3.206;U18.210;U7.216;U24.221;U33.221;U9.222;U25.224;U10.226;U2.230;U24.230;U4.231;U9.232;U26.232;U18.236;U10.237;U8.242;U14.242;U6.248;U16.266;U29.275;U6.276;U9.276;U4.278;U23.285;U44.285;U32.287;U26.290;U1.292;U1.295;U2.295;U3.295;U4.295;U6.295;U7.295;U8.295;U10.295;U13.295;U14.295;U15.295;U16.295;U17.295;U18.295;U19.295;W1.295;U45.296;U5.298;W1.299",TRUE,TRUE,"M1.2",FALSE,FALSE,0.0091710090637207,NA,NA,NA,NA,NA,NA,NA,NA,"M1.2",FALSE,FALSE,0.00405597686767578,NA,NA,NA,NA,NA,NA,NA,NA,"M1.2",FALSE,FALSE,0.0198450088500977,NA,NA,NA,NA,NA,NA,NA,NA
296,"model0",670,"large",20,0.49,1.37032796465792,0.966232734150253,1,1,0,3,50,1,0.456976264452823,0.644380561901837,"M0.1",50,"U1.296;U2.296;U3.296;U4.296;U5.296;U6.296;U7.296;U8.296;U9.296;U10.296;U11.296;U12.296;U13.296;U14.296;U15.296;U16.296;U17.296;U18.296;U19.296;U20.296;U21.296;U22.296;U23.296;U24.296;U25.296;U26.296;U27.296;U28.296;U29.296;U30.296;U31.296;U32.296;U33.296;U34.296;U35.296;U36.296;U37.296;U38.296;U39.296;U40.296;U41.296;U42.296;U43.296;U44.296;U45.296;U46.296;U47.296;U48.296;U49.296;U50.296",14,13,1,37,0,FALSE,TRUE,"U1.296;U2.296;U3.296;U12.296;U13.296;U14.296;U15.296;U24.296;U25.296;U28.296;U29.296;U34.296;U50.296;W1.296",120,36,84,14,83,FALSE,TRUE,"U3.6;U18.8;U3.16;U4.21;U6.21;U15.24;U4.30;W1.41;U6.46;U8.49;U22.49;U31.52;U36.52;U3.53;U19.53;U18.62;U30.71;U6.72;U3.82;U7.82;U11.85;U5.88;U6.89;U18.90;W1.90;U12.93;W1.93;U16.94;U27.95;U26.97;U43.98;W1.104;U12.133;U41.134;U12.139;U24.147;U16.155;U25.172;U4.178;W1.179;U30.180;U15.189;U32.189;U24.191;U7.192;U18.192;U16.200;U27.201;U38.205;U7.206;U22.208;U18.213;U33.213;U46.213;U24.223;U26.223;U13.226;U42.226;U8.232;U3.236;U10.237;U12.243;U27.243;U1.244;U29.248;U8.252;U2.253;U40.260;U5.262;U6.267;U11.278;U2.281;U29.282;U28.284;U4.285;U15.285;U5.287;U29.288;U32.290;W1.290;U10.291;U9.295;U1.296;U2.296;U3.296;U5.296;U6.296;U7.296;U8.296;U9.296;U10.296;U12.296;U13.296;U14.296;U15.296;U16.296;U20.296;U24.296;U25.296;U26.296;U28.296;U29.296;U31.296;U33.296;U34.296;U35.296;U36.296;U37.296;U39.296;U40.296;U41.296;U43.296;U44.296;U45.296;U46.296;U47.296;U49.296;U50.296;W1.296;U41.297",TRUE,TRUE,"M0.1",TRUE,TRUE,0.0098419189453125,NA,NA,NA,NA,NA,NA,NA,NA,"M2.1",FALSE,FALSE,0.00789904594421387,NA,NA,NA,NA,NA,NA,NA,NA,"M2.1",FALSE,FALSE,0.0302960872650146,NA,NA,NA,NA,NA,NA,NA,NA
297,"model1",670,"large",20,0.39,1.21918312879279,0.881402908475138,1,1,0,3,44,1,0.478781970618614,0.492196668241798,"M1.1",44,"U1.297;U2.297;U3.297;U4.297;U5.297;U6.297;U7.297;U8.297;U9.297;U10.297;U11.297;U12.297;U13.297;U14.297;U15.297;U16.297;U17.297;U18.297;U19.297;U20.297;U21.297;U22.297;U23.297;U24.297;U25.297;U26.297;U27.297;U28.297;U29.297;U30.297;U31.297;U32.297;U33.297;U34.297;U35.297;U36.297;U37.297;U38.297;U39.297;U40.297;U41.297;U42.297;U43.297;U44.297",20,19,1,25,0,FALSE,TRUE,"U1.297;U3.297;U5.297;U9.297;U11.297;U13.297;U15.297;U17.297;U18.297;U19.297;U20.297;U21.297;U25.297;U27.297;U28.297;U35.297;U37.297;U41.297;U44.297;W1.297",124,33,91,11,90,FALSE,TRUE,"U29.10;U19.12;U13.14;U11.22;U12.22;U2.25;U24.25;U40.33;W1.37;U1.41;U10.44;U20.48;U5.49;U8.57;U5.58;U23.61;U29.61;U18.64;U9.67;U17.68;U9.79;U12.79;U5.81;U2.85;U10.88;U7.89;U10.93;U45.98;U47.104;U2.111;U20.111;U20.118;U40.118;U6.120;U5.126;U24.134;U11.137;U12.138;U3.139;U31.142;U49.144;U8.152;U3.155;U4.161;U7.161;U26.164;U42.164;U21.171;U10.172;U9.174;U15.182;U17.183;U3.186;U12.186;U25.186;U6.189;U15.190;U22.191;U6.193;U1.195;U3.200;U19.202;U28.204;U29.204;W1.215;U31.223;U1.227;U3.229;U37.229;U1.232;U16.236;U5.237;U6.238;U3.239;U8.243;U14.245;U43.246;U3.252;U32.259;U20.261;U16.262;U27.262;U6.264;W1.266;U14.274;U29.275;U8.276;U3.283;U12.288;U28.296;U1.297;U3.297;U5.297;U6.297;U7.297;U8.297;U9.297;U11.297;U13.297;U15.297;U17.297;U18.297;U19.297;U20.297;U21.297;U22.297;U24.297;U25.297;U27.297;U28.297;U29.297;U31.297;U33.297;U34.297;U35.297;U36.297;U37.297;U38.297;U39.297;U40.297;U41.297;U42.297;U44.297;W1.297",TRUE,TRUE,"M1.1",TRUE,TRUE,0.0115330219268799,NA,NA,NA,NA,NA,NA,NA,NA,"M1.1",TRUE,TRUE,0.00719499588012695,NA,NA,NA,NA,NA,NA,NA,NA,"M1.1",TRUE,TRUE,0.0330870151519775,NA,NA,NA,NA,NA,NA,NA,NA
298,"model2",670,"large",20,0.3,1.00381135637872,0.687267687986605,1,1,0,3,9,1,0.23790183218871,0.240414659487596,"M2.1",9,"U1.298;U2.298;U3.298;U4.298;U5.298;U6.298;U7.298;U8.298;U9.298",9,7,2,2,1,FALSE,TRUE,"U7.261;U1.298;U4.298;U5.298;U6.298;U7.298;U8.298;U9.298;W1.298",88,9,79,0,78,FALSE,TRUE,"U6.5;U1.11;U2.12;W1.14;U3.28;U4.38;U5.38;U13.39;U21.39;U27.44;U16.46;U12.48;U8.49;U15.54;U24.58;U13.60;U4.64;U7.66;U18.67;U29.71;U7.74;U13.75;U10.79;U24.79;U2.86;U23.90;U33.95;U23.97;W1.97;U33.98;U13.104;U25.106;U29.116;U40.118;U13.120;U35.120;U11.123;U36.133;U15.134;U20.134;U7.136;U14.150;U18.152;U15.155;U13.157;U16.163;U13.164;U21.170;U16.172;U11.173;U37.173;U16.174;U14.180;U20.191;U18.194;U18.204;U38.206;U20.219;U25.221;U10.222;U13.229;U5.230;U30.238;U12.239;U28.245;U20.246;U1.255;U6.259;U1.260;U9.260;U7.261;U14.263;U17.264;U11.266;W1.278;U15.280;U16.280;U9.285;U1.298;U2.298;U3.298;U4.298;U5.298;U6.298;U7.298;U8.298;U9.298;W1.298",TRUE,TRUE,"M2.1",TRUE,TRUE,0.00621795654296875,NA,NA,NA,NA,NA,NA,NA,NA,"M2.1",TRUE,TRUE,0.00405097007751465,NA,NA,NA,NA,NA,NA,NA,NA,"M2.1",TRUE,TRUE,0.0200409889221191,NA,NA,NA,NA,NA,NA,NA,NA
299,"model3",670,"large",20,0.27,1.08302690542769,0.830991928232834,1,1,0,3,9,1,0.14421611789737,0.157841742401555,"M3",9,"U1.299;U2.299;U3.299;U4.299;U5.299;U6.299;U7.299;U8.299;U9.299",5,4,1,5,0,FALSE,TRUE,"U1.299;U3.299;U4.299;U8.299;W1.299",86,7,79,2,78,FALSE,TRUE,"U9.8;U6.12;U1.15;U20.17;U25.19;U12.26;U34.31;U25.33;U5.43;U36.44;U32.62;U37.62;U15.67;U30.67;U17.68;U14.70;U35.90;U2.92;U33.98;U4.102;U13.109;U1.115;U18.119;U24.120;U8.122;U31.128;U25.129;U12.132;U27.133;U21.136;U21.139;U8.140;U16.142;U39.142;U20.155;U29.155;U33.164;U38.168;U5.176;U31.181;U6.182;U4.186;U16.186;U22.190;U37.190;U3.193;U5.194;W1.195;U29.206;U18.210;U21.223;U23.223;U12.224;U32.224;U8.227;U22.230;U11.235;U3.236;U15.238;U8.239;U11.245;U26.249;U20.253;U2.255;U4.255;U2.256;U9.256;U18.257;U38.257;U8.261;U2.263;U13.264;U4.266;U24.275;U4.279;U9.280;U16.284;U11.291;U1.299;U2.299;U3.299;U4.299;U5.299;U6.299;U8.299;W1.299",TRUE,TRUE,"M4",FALSE,FALSE,0.00780677795410156,NA,NA,NA,NA,NA,NA,NA,NA,"M3",TRUE,TRUE,0.00337100028991699,NA,NA,NA,NA,NA,NA,NA,NA,"M3",TRUE,TRUE,0.0227859020233154,NA,NA,NA,NA,NA,NA,NA,NA
300,"model4",670,"large",20,0.01,1.31968828476965,0.516593602718785,1,1,0,3,13,40,0.253249533406832,0.388846992399658,"M4",13,"U1.300;U2.300;U3.300;U4.300;U5.300;U6.300;U7.300;U8.300;U9.300;U10.300;U11.300;U12.300;U13.300",11,9,2,4,1,FALSE,TRUE,"U21.266;U1.300;U2.300;U3.300;U4.300;U6.300;U7.300;U9.300;U11.300;U12.300;W1.300",87,12,75,1,74,FALSE,TRUE,"U6.7;U31.10;U15.14;U17.17;U8.20;U4.22;U9.22;U27.40;U3.42;U27.47;U31.51;U23.52;U4.53;U1.54;U14.55;U32.59;U8.63;U10.64;U5.67;U16.76;U18.76;W1.96;U6.106;U36.106;U11.110;U32.118;U39.118;U15.120;U6.121;U10.123;U32.128;U35.128;U30.133;U12.138;U14.141;U36.144;U46.144;W1.144;U15.147;U22.149;U27.149;U12.156;U27.156;U3.157;U7.158;U2.167;U32.171;U7.181;U30.186;U26.188;U34.190;U1.194;U5.202;U6.203;U47.206;U15.210;U43.223;U29.224;U28.226;U39.227;W1.237;U22.239;U35.239;U2.241;U26.248;U13.250;U39.254;U2.265;U21.266;U28.266;U32.273;U6.275;U24.280;U20.297;U1.300;U2.300;U3.300;U4.300;U5.300;U6.300;U7.300;U8.300;U9.300;U10.300;U11.300;U12.300;W1.300",TRUE,TRUE,"M4",TRUE,TRUE,0.00699090957641602,NA,NA,NA,NA,NA,NA,NA,NA,"M4",TRUE,TRUE,0.00528097152709961,NA,NA,NA,NA,NA,NA,NA,NA,"M4",TRUE,TRUE,0.0172009468078613,NA,NA,NA,NA,NA,NA,NA,NA
