"model","SD","minor.freq","b.snp","b.med","number.of.Uconfs","Cis_pval_Known","Cis_pval_Known_sel_pool","Cis_effect_change_Known","Cis_effect_change_Known_sel_pool","Cis_Sig","Cis_qvalue","Cis_at_05_cutoff","Cis_at_01_cutoff","Trans_pval_Known","Trans_pval_Known_sel_pool","Trans_effect_change_Known","Trans_effect_change_Known_sel_pool","Trans_Sig","Trans_qvalue","Trans_at_05_cutoff","Trans_at_01_cutoff","MRGN.pval.b21","MRGN.pval.b21.CSnoFDR.alpha01","MRGN.pval.b22","MRGN.pval.b22.CSnoFDR.alpha01","MRPC.inference.CSplusFDR","MRGN.inference.CSplusFDR","MRGN.inference.CSnoFDR.alpha01","GMAC.inference.with.qval","GMAC.inference.at.05.cutoff","GMAC.inference.at.01.cutoff","Number.Confs.Selected.MRPC","Number.Confs.Selected.MRGN.CSplusFDR","Number.Confs.Selected.MRGN.CSnoFDR.alpha01","Number.Confs.Selected.GMAC.CSplusFDR"
"model4",0.5,0.16,1.4,1,13,0,0,0.350064051563298,0.482417099969735,TRUE,0,TRUE,TRUE,0,0,0.855875189485175,0.918905276041347,TRUE,0,TRUE,TRUE,5.54760451983402e-85,3.02588853604151e-48,5.5476045198318e-85,3.02588853604086e-48,"M1.2","M1.2","M4","Both","Both","Both",12,12,166,12
"model4",1.4,0.2,1.5,1,8,0,0,0.467291286066847,0.483192035433062,TRUE,0,TRUE,TRUE,0,0,0.965460214877124,0.933598039666893,TRUE,0,TRUE,TRUE,3.00942403175123e-87,2.78131366558384e-78,3.00942403175149e-87,2.78131366558281e-78,"M1.2","M1.2","M1.2","Both","Both","Both",10,10,164,10
"model1",0.8,0.23,0.8,0.8,15,0,0,0.817851807933672,0.914688866738534,TRUE,0,TRUE,TRUE,0,0,0.284618689045698,0.362273239305813,TRUE,0,TRUE,TRUE,1.52411652382422e-58,8.37732780058855e-42,1.52411652382339e-58,8.37732780058341e-42,"Other","M1.1","M1.1","Both","Both","Both",17,17,176,17
"model4",0.32,0.39,1.2,0.8,14,0,0,0.544717209171069,0.445705968987518,TRUE,0,TRUE,TRUE,0,0,0.71643909013794,0.893771321454442,TRUE,0,TRUE,TRUE,1.58533110020706e-73,7.6376436909713e-58,1.58533110020778e-73,7.63764369097479e-58,"M0.2","M1.2","M1.2","Both","Both","Both",16,16,176,16
"model3",0.48,0.5,1.4,0.6,11,0,0,0.431147200987714,0.554863087199548,TRUE,0,TRUE,TRUE,0,0,0.407049035597432,0.456538411009016,TRUE,0,TRUE,TRUE,1.30206667425103e-43,3.27639840238977e-07,1.30206667425094e-43,3.27639840239004e-07,"M4","M4","M4","Both","Both","Both",7,7,145,7
"model0",0.7,0.22,1.4,0.7,5,0.00441932601448247,0.679481938313904,-1.67731767388244,0.360994943794879,TRUE,0.0573195576884946,FALSE,FALSE,0.00322654657572663,0.66962286479811,-0.00706540962447072,0.000795000295603114,TRUE,0.0360956017926415,FALSE,FALSE,0.663980933541181,0.894519356002225,0.66398093354119,0.894519356002234,"M0.1","M0.1","M0.1","Both","No.Med","No.Med",6,6,148,6
"model0",0.36,0.49,0.8,0.6,7,0,6.92225249765421e-06,1.77337915871177,0.860667597004449,TRUE,7.65640832616986e-07,TRUE,TRUE,0,2.05804653115038e-05,0.0881247893637313,0.0340978025081205,TRUE,1.4320871662894e-06,TRUE,TRUE,9.77638921429406e-06,3.71984073842899e-06,9.77638921429404e-06,3.71984073842916e-06,"M0.1","M1.1","M1.1","Both","Both","Both",7,7,145,7
"model3",0.45,0.16,1.2,0.5,13,0.000199391955455264,0.0659357987488962,-0.1317236201389,0.072878077125043,TRUE,0.00614369684731738,FALSE,FALSE,0.000297674265933079,0.06879157462457,-0.145833648059578,0.0698687439017829,TRUE,0.00409835241990148,FALSE,FALSE,0.0686236144694152,0.00519708561535902,0.0686236144694115,0.00519708561535868,"M3","M3","M4","Both","No.Med","No.Med",14,14,142,14
"model4",0.35,0.4,1.1,0.7,6,0,0,0.564521992853121,0.400204658586211,TRUE,0,TRUE,TRUE,0,0,1.21190135107173,0.914453248935358,TRUE,0,TRUE,TRUE,4.02053252643367e-67,1.65860363929984e-57,4.02053252643275e-67,1.65860363929911e-57,"M4","M1.2","M1.2","Both","Both","Both",6,6,156,6
"model1",1.17,0.43,1.2,0.9,13,0,0,0.873872920937569,1.00619213493448,TRUE,0,TRUE,TRUE,0,0,0.478853003625663,0.471692699700072,TRUE,0,TRUE,TRUE,6.48726596979678e-93,9.81771735396487e-69,6.48726596979733e-93,9.81771735396654e-69,"M2.1","M1.1","M1.1","Both","Both","Both",14,14,180,14
"model1",1.26,0.17,0.8,0.9,4,0,0,1.33346369287581,1.06286909957643,TRUE,0,TRUE,TRUE,0,0,0.271983146520574,0.614439224303416,TRUE,0,TRUE,TRUE,1.03671883519257e-152,1.63288225263559e-100,1.03671883519269e-152,1.63288225263606e-100,"M2.1","M1.1","M1.1","Both","Both","Both",9,9,147,9
"model0",1.1,0.45,1.5,1,5,0.608445726718028,0.132041116467065,0.319109556649695,1.34544746102584,TRUE,0.0121286104716729,FALSE,FALSE,0.588023916173883,0.133739268106062,0.00184264960452353,0.00288035045181445,TRUE,0.00786646648711467,FALSE,FALSE,0.109814857839091,0.154815009650677,0.10981485783909,0.154815009650674,"M0.1","M0.1","M0.1","Both","No.Med","No.Med",5,5,130,5
"model2",0.7,0.09,0.7,1,14,0,0,-2.45268142694193,-3.869883313295,TRUE,0,TRUE,TRUE,0,0,-0.220741338842061,-0.174541537022357,TRUE,0,TRUE,TRUE,3.00935304730609e-160,3.95043620516228e-128,3.00935304730353e-160,3.95043620515667e-128,"Other","M2.1","M2.1","Both","Both","Both",17,17,160,17
"model4",0.2,0.5,1.3,0.5,6,1.75553072079282e-08,0,0.150001780371395,0.300341215526813,TRUE,0,TRUE,TRUE,4.31371107723066e-08,0,0.306696956236124,0.479665711868604,TRUE,0,TRUE,TRUE,5.6370989143457e-24,7.09939670563475e-19,5.63709891434717e-24,7.09939670563542e-19,"M3","M4","M4","Both","Both","Both",8,8,163,8
"model1",1.05,0.01,0.6,0.7,2,0,0,0.742058495743062,0.46896235655311,TRUE,0,TRUE,TRUE,0,0,0.437689182273627,0.408520653748484,TRUE,0,TRUE,TRUE,6.51262161091285e-34,5.38744699810713e-07,5.32944173686102e-31,1.15077739562211e-06,"Other","Other","Other","Both","Both","Both",8,8,176,8
"model3",1.05,0.11,0.7,0.7,12,0.0124223528400647,0,0.102020518860702,0.673813592122167,TRUE,0,TRUE,TRUE,0.0158945386506508,0,0.0905246416188711,0.526523823147854,TRUE,0,TRUE,TRUE,7.48884550038908e-64,4.77407491586123e-33,7.48884550038844e-64,4.77407491586144e-33,"M0.1","M4","M4","Both","Both","Both",14,14,173,14
"model1",1.26,0.46,0.6,0.9,3,0,0,0.69561433669503,0.871422525306829,TRUE,0,TRUE,TRUE,0,0,0.453028532655703,0.722002820988062,TRUE,0,TRUE,TRUE,4.32378158263769e-144,8.42600268680481e-91,4.32378158263818e-144,8.42600268680146e-91,"M4","M1.1","M1.1","Both","Both","Both",5,5,156,5
"model3",0.98,0.27,1.4,0.7,6,0.323003483216044,0.0153326400382978,0.0382904673809295,0.102907270383218,TRUE,0.00149430765922967,TRUE,FALSE,0.306799256778925,0.0122321077036782,0.0409691044635434,0.0914270404746347,TRUE,0.000768293384160838,TRUE,FALSE,0.0128690378172486,2.0483797193722e-05,0.0128690378172484,2.04837971937213e-05,"M3","M3","M4","Both","Both","No.Med",9,9,136,9
"model4",1.04,0.45,1.4,0.8,6,0,0,0.36645569250889,0.465707068936554,TRUE,0,TRUE,TRUE,0,0,0.772259104871185,0.865578286563302,TRUE,0,TRUE,TRUE,9.10299436988205e-76,3.55821787054753e-64,9.10299436988724e-76,3.55821787054916e-64,"M1.2","M1.2","M1.2","Both","Both","Both",6,6,133,6
"model2",0.3,0.01,0.8,0.6,11,0,0,-6.10323851694,3.28593733459278,TRUE,0,TRUE,TRUE,0,0,-0.126683529290582,0.208691052384946,TRUE,0,TRUE,TRUE,2.71601999536138e-307,4.27751097132306e-157,0,2.37976799354042e-166,"Other","Other","Other","Both","Both","Both",12,12,168,12
"model0",0.28,0.42,0.5,0.7,4,0.77469280198556,0.0192693817220446,-0.68942564132196,1.25009170680934,TRUE,0.00187352586024256,TRUE,FALSE,0.80856794259695,0.0272657533905043,-0.000165424090779595,0.00625378784695802,TRUE,0.00167120353912218,TRUE,FALSE,0.0231074291214367,0.0571036759985945,0.0231074291214337,0.0571036759985938,"M0.1","M0.1","M0.1","Both","Both","No.Med",6,6,141,6
"model4",0.63,0.17,0.6,0.9,14,0,0,0.487796848406719,0.510954662615113,TRUE,0,TRUE,TRUE,0,0,0.964574107987349,0.777870581787971,TRUE,0,TRUE,TRUE,3.32577166425191e-73,4.44192318367319e-59,3.32577166425285e-73,4.44192318367319e-59,"M1.2","M4","M1.2","Both","Both","Both",17,17,179,17
"model4",0.24,0.17,1.3,0.8,5,0,0,0.615230287563054,0.469196609603901,TRUE,0,TRUE,TRUE,0,0,0.874561623404676,0.840464421265722,TRUE,0,TRUE,TRUE,2.36565529571281e-73,4.82072318122618e-57,2.36565529571206e-73,4.82072318122631e-57,"M0.2","M4","M4","Both","Both","Both",9,9,160,9
"model0",0.5,0.08,0.7,1,6,0.30127429266134,0.00899559625297042,0.244750441135357,-1.36815641585733,TRUE,0.000890105047279174,TRUE,TRUE,0.316713103736839,0.00801387906845119,0.00626013663672179,-0.00742800424073146,TRUE,0.000508625309855669,TRUE,TRUE,0.00966447045911651,0.0720173632044972,0.00966447045911674,0.0720173632044986,"M0.1","M1.1","M0.1","Both","Both","Both",8,8,145,8
"model3",0.8,0.32,1.5,1,6,0.000157920439460613,1.93155590608729e-05,-0.124685565060239,0.153363902668758,TRUE,2.09681352988022e-06,TRUE,TRUE,0.000149892737162816,2.28015027365913e-05,-0.167370804948588,0.183560051063877,TRUE,1.5796541285337e-06,TRUE,TRUE,1.49287904307121e-05,2.59116044636964e-07,1.49287904307118e-05,2.59116044636969e-07,"M3","M4","M4","Both","Both","Both",7,7,164,7
"model2",0.5,0.28,1.3,0.5,2,6.88338275267597e-14,0,-6.4369625149527,-16.124642462028,TRUE,0,TRUE,TRUE,7.90478793533111e-14,0,-0.0118590848244453,-0.00840870185444972,TRUE,0,TRUE,TRUE,1.01816846322921e-22,2.78991753894779e-17,1.01816846322939e-22,2.78991753894779e-17,"M0.1","M2.1","M2.1","Both","Both","Both",3,3,128,3
"model2",0.56,0.45,0.9,0.7,1,0,0,7.21419015801549,11.8107591038069,TRUE,0,TRUE,TRUE,0,0,0.0225318664541863,0.0265288383896884,TRUE,0,TRUE,TRUE,6.14308138668559e-56,1.97628220573715e-30,6.14308138668454e-56,1.97628220573675e-30,"Other","M2.1","M2.1","Both","Both","Both",3,3,171,3
"model3",0.8,0.07,1.3,0.8,4,0.212325915749453,7.31250280578966e-05,0.0481928223650557,0.17119645236674,TRUE,7.7869340932721e-06,TRUE,TRUE,0.178335692167872,5.11586505620443e-05,0.0509297152709743,0.144043289898681,TRUE,3.5071477340326e-06,TRUE,TRUE,5.15000648824025e-05,0.000155112263289413,5.15000648824034e-05,0.00015511226328941,"M3","M4","M4","Both","Both","Both",7,7,134,7
"model4",0.45,0.48,1.2,0.9,12,0,0,0.405749973755085,0.498517902048624,TRUE,0,TRUE,TRUE,0,0,0.957625433945772,0.941727357098527,TRUE,0,TRUE,TRUE,1.12736986551079e-91,8.66893510429229e-75,1.12736986551027e-91,8.66893510429229e-75,"M1.2","M1.2","M1.2","Both","Both","Both",13,13,162,13
"model1",0.9,0.29,1.3,0.9,2,0,0,1.25828509881098,1.07561358287088,TRUE,0,TRUE,TRUE,0,0,0.312816786262543,0.587910459970629,TRUE,0,TRUE,TRUE,1.50974726763653e-145,5.02077321777401e-98,1.50974726763722e-145,5.02077321777644e-98,"M1.1","M1.1","M1.1","Both","Both","Both",4,4,178,4
"model3",0.28,0.16,0.7,0.7,12,0.000662844825886966,0.000566680997750257,0.151328901901245,-0.156570162703683,TRUE,5.85698519103501e-05,TRUE,TRUE,0.00131757802416721,0.000993043964327534,0.108561669504362,-0.11364085579457,TRUE,6.5019088453207e-05,TRUE,TRUE,0.000644614766642191,0.00443460287303132,0.000644614766642074,0.00443460287303096,"M0.1","M4","M4","Both","Both","Both",15,15,168,15
"model2",0.55,0.43,0.7,0.5,7,0,0,-2.17228288052175,-11.3325823754972,TRUE,0,TRUE,TRUE,0,0,-0.0492428951756883,-0.0158972442125347,TRUE,0,TRUE,TRUE,4.0710070482181e-30,2.38677616099164e-15,4.07100704821781e-30,2.3867761609916e-15,"M0.1","M2.1","M2.1","Both","Both","Both",9,9,167,9
"model2",0.7,0.16,1.5,0.7,11,0,0,-75.9041662740526,-12.3063540037816,TRUE,0,TRUE,TRUE,0,0,-0.00374190539019258,-0.0196562660483738,TRUE,0,TRUE,TRUE,3.40185978483203e-41,2.58885800577161e-40,3.40185978483271e-41,2.58885800577264e-40,"M2.1","M2.1","M2.1","Both","Both","Both",11,11,172,11
"model4",0.25,0.39,0.5,0.5,2,0,0,0.368523360114696,0.389725599267676,TRUE,0,TRUE,TRUE,0,0,0.643418814756329,0.573234717905236,TRUE,0,TRUE,TRUE,3.79805034576549e-38,2.29998869573017e-29,3.79805034576751e-38,2.29998869573094e-29,"M1.2","M4","M4","Both","Both","Both",4,4,145,4
"model0",0.7,0.29,1,1,12,0.554213244192034,0.00343559848701736,-0.112764896693577,1.5067672108535,TRUE,0.00034579095921385,TRUE,TRUE,0.542954563885577,0.00806425090460672,-0.00419404345949881,0.00794350976517667,TRUE,0.000511409884948746,TRUE,TRUE,0.00513058353710806,0.00235499120448965,0.00513058353710825,0.00235499120448965,"M0.1","M1.1","M1.1","Both","Both","Both",13,13,147,13
"model2",0.3,0.4,1,1,10,0,0,-29.736621493691,-26.2616483556867,TRUE,0,TRUE,TRUE,0,0,-0.01057527897383,-0.0174096464690175,TRUE,0,TRUE,TRUE,1.05151161015634e-88,8.55064082517488e-62,1.0515116101558e-88,8.55064082517244e-62,"M0.1","M2.1","M2.1","Both","Both","Both",11,11,172,11
"model4",0.24,0.21,1.2,0.6,12,0,0,0.845627272801778,0.375556001279334,TRUE,0,TRUE,TRUE,0,0,0.981592984159406,0.72240001182121,TRUE,0,TRUE,TRUE,9.26262693331856e-47,7.058555022226e-45,9.26262693332587e-47,7.05855502223154e-45,"M1.2","M4","M4","Both","Both","Both",12,12,164,12
"model3",0.24,0.41,1,0.6,1,0,0.00145126829733111,0.430155030998401,-0.144686369815435,TRUE,0.000147274489465368,TRUE,TRUE,0,0.00360288850403578,0.455892450518139,-0.0996574788457349,TRUE,0.000230714987517188,TRUE,TRUE,0.00193766694985279,1.56605078082948e-05,0.00193766694985286,1.56605078082955e-05,"M4","M4","M4","Both","Both","Both",2,2,152,2
"model3",0.6,0.18,0.8,1,7,0,5.21052998303517e-07,-0.741644573840152,-0.269938094525671,TRUE,5.84194829919828e-08,TRUE,TRUE,0,2.32230976671133e-07,-0.486451489781904,-0.139613405421676,TRUE,1.67368752217231e-08,TRUE,TRUE,5.32322783816195e-07,3.81568299176593e-07,5.32322783816247e-07,3.81568299176648e-07,"M3","M4","M4","Both","Both","Both",9,9,155,9
"model0",0.4,0.36,1.5,1,14,0.000483686592501753,3.13159063309865e-05,-1.48693480177734,-1.50597761223546,TRUE,3.37864507296505e-06,TRUE,TRUE,0.000632565610466651,6.1860109620504e-05,-0.0114447775364101,-0.0164902117609948,TRUE,4.23340397239318e-06,TRUE,TRUE,5.24219315659174e-05,0.899831467757962,5.24219315659222e-05,0.899831467757958,"M0.1","M2.1","M0.1","Both","Both","Both",13,13,178,13
"model3",0.24,0.26,1,0.8,9,0.0672332345030555,0.00038828753828235,-0.0599453606377397,-0.185947193218818,TRUE,4.04034465438772e-05,TRUE,TRUE,0.0683772097517426,0.000197173205827683,-0.0852586080114314,-0.104008594954039,TRUE,1.32629124860452e-05,TRUE,TRUE,0.000357331440008102,0.000230783778256317,0.000357331440008042,0.000230783778256344,"M3","M4","M4","Both","Both","Both",11,11,170,11
"model0",0.32,0.49,0.8,0.8,15,0.0198841636668141,2.24490204203676e-09,0.651008309416844,1.28099563108767,TRUE,2.59013635554045e-10,TRUE,TRUE,0.015401521671613,3.76297548676519e-09,0.0119590605229806,0.0398433591287728,TRUE,2.77551665563581e-10,TRUE,TRUE,5.89563709058462e-09,1.8334893469687e-07,5.8956370905852e-09,1.83348934696858e-07,"M0.1","M1.1","M1.1","Both","Both","Both",17,17,162,17
"model1",0.72,0.31,1,0.9,9,0,0,0.788816799287038,0.971376650850525,TRUE,0,TRUE,TRUE,0,0,0.571695702777376,0.47784990610412,TRUE,0,TRUE,TRUE,1.1249361199733e-90,5.81147044070676e-79,1.12493611997374e-90,5.81147044070676e-79,"Other","M1.1","M1.1","Both","Both","Both",10,10,130,10
"model1",0.88,0.35,0.8,0.8,7,0,0,1.26107813319557,1.07122168774614,TRUE,0,TRUE,TRUE,0,0,0.35816171114547,0.355062557174849,TRUE,0,TRUE,TRUE,3.35764744910631e-70,7.67356312436219e-69,3.35764744910631e-70,7.67356312436023e-69,"M2.1","M1.1","M1.1","Both","Both","Both",8,8,163,8
"model4",0.98,0.19,0.7,0.7,6,0,0,0.426091639273926,0.457641673707265,TRUE,0,TRUE,TRUE,0,0,0.614881628932802,0.688566994144571,TRUE,0,TRUE,TRUE,8.07921765640468e-56,5.45289209600411e-46,8.07921765640249e-56,5.45289209600481e-46,"M4","M4","M4","Both","Both","Both",9,9,163,9
"model3",0.48,0.39,1.2,0.8,4,0.000703900290622173,3.65260690184943e-05,-0.11245550714678,-0.188731318080908,TRUE,3.926985958576e-06,TRUE,TRUE,0.00133647780941981,1.99138029952639e-05,-0.144485754229189,-0.130873130483936,TRUE,1.38815234966641e-06,TRUE,TRUE,5.07708558150733e-05,0.00423665523656716,5.07708558150686e-05,0.00423665523656702,"M3","M4","M4","Both","Both","Both",7,7,160,7
"model2",0.4,0.44,0.7,0.8,13,0,0,-6.63963378802034,-17.3045055695695,TRUE,0,TRUE,TRUE,0,0,-0.109887461711241,-0.0191522099803714,TRUE,0,TRUE,TRUE,8.10481298304677e-59,2.57052391216647e-49,8.10481298304584e-59,2.57052391216838e-49,"M2.1","M2.1","M2.1","Both","Both","Both",14,14,185,14
"model1",0.7,0.21,1.4,0.5,7,0,0,1.18427605449035,1.25722381357079,TRUE,0,TRUE,TRUE,0,0,0.128909013336923,0.115097363329782,TRUE,0,TRUE,TRUE,4.40150281457192e-24,1.03541804789588e-20,4.40150281457243e-24,1.03541804789575e-20,"Other","M1.1","M1.1","Both","Both","Both",8,8,166,8
"model2",0.54,0.11,1,0.6,13,0,0,-4.7618336584718,0.523475906120434,TRUE,0,TRUE,TRUE,0,0,-0.0506888079357563,0.313287753724794,TRUE,0,TRUE,TRUE,5.24228636871651e-27,1.8784745983539e-16,5.24228636872083e-27,1.87847459835377e-16,"M2.1","M2.1","M2.1","Both","Both","Both",17,17,174,17
"model1",0.72,0.15,1.5,0.6,3,5.18491916068342e-11,0,0.765542783678375,1.04858785620393,TRUE,0,TRUE,TRUE,1.71040959173752e-11,0,0.084426987094011,0.150932250474674,TRUE,0,TRUE,TRUE,1.44180398403243e-26,1.71743208742136e-12,1.44180398403279e-26,1.71743208742155e-12,"Other","M1.1","M1.1","Both","Both","Both",3,3,159,3
"model2",0.36,0.2,1.5,0.9,13,0,0,5.66329390728718,22.0598258668064,TRUE,0,TRUE,TRUE,0,0,0.109415619810504,0.0183185218813012,TRUE,0,TRUE,TRUE,7.03286623186477e-75,9.05988939053467e-63,7.03286623186697e-75,9.05988939053828e-63,"M2.1","M2.1","M2.1","Both","Both","Both",16,16,153,16
"model2",0.21,0.11,0.8,0.7,2,9.09445363461714e-08,0,-9.08125985831095,-14.8342505852127,TRUE,0,TRUE,TRUE,1.4791855718066e-07,0,-0.00461697258008548,-0.0173253709872106,TRUE,0,TRUE,TRUE,1.39608577129902e-44,1.53224430140516e-30,1.39608577129874e-44,1.5322443014056e-30,"M0.1","M2.1","M2.1","Both","Both","Both",3,3,155,3
"model4",0.99,0.42,1.1,0.9,9,0,0,0.439061086053703,0.486506415673217,TRUE,0,TRUE,TRUE,0,0,0.960573158164835,0.914248188164826,TRUE,0,TRUE,TRUE,1.2800541479084e-85,4.42631716977666e-64,1.28005414790906e-85,4.42631716977666e-64,"M1.2","M1.2","M1.2","Both","Both","Both",10,10,179,10
"model3",0.63,0.06,1,0.7,12,6.66133814775094e-16,0.686990099680098,-0.284431765111386,0.0147855575963917,TRUE,0.0577571826007204,FALSE,FALSE,2.22044604925031e-16,0.686177370535615,-0.32870225593587,0.0188256025087601,TRUE,0.0369626451921479,FALSE,FALSE,0.670676674494624,0.105004886559767,0.670676674494636,0.105004886559771,"M3","M3","M3","Both","No.Med","No.Med",14,14,165,14
"model1",0.9,0.33,1.4,1,3,0,0,0.911655373627434,1.01912727275698,TRUE,0,TRUE,TRUE,0,0,0.566306486995712,0.540682820157201,TRUE,0,TRUE,TRUE,7.15027664589266e-117,8.25669225394407e-108,7.15027664588982e-117,8.2566922539382e-108,"M2.1","M1.1","M1.1","Both","Both","Both",4,4,121,4
"model0",0.66,0.04,0.7,0.6,6,2.55950816097084e-11,0,0.857412854175531,0.726014269486987,TRUE,0,TRUE,TRUE,1.50794932096687e-11,0,0.0765471677012367,0.475961537004265,TRUE,0,TRUE,TRUE,1.48108505906696e-104,8.9571256900961e-48,5.58431041104508e-75,4.09631813745872e-45,"M0.1","M1.1","M1.1","Both","Both","Both",8,8,136,8
"model3",0.4,0.46,1.5,0.5,5,1.55431223447522e-15,4.21884749357559e-15,0.325636294135777,0.27505537777148,TRUE,5.05249416087167e-16,TRUE,TRUE,3.10862446895044e-15,2.88657986402541e-15,0.289149217566874,0.312837707517437,TRUE,2.2141808232341e-16,TRUE,TRUE,1.52147348852496e-14,7.22947632828528e-18,1.52147348852577e-14,7.22947632828839e-18,"M3","M4","M4","Both","Both","Both",7,7,151,7
"model0",0.63,0.05,1.4,0.9,11,0,0.592323861219189,2.62586022128088,-1.01466806614053,TRUE,0.050312176321815,FALSE,FALSE,0,0.644276893438787,0.0472070757954207,-0.000313846520780789,TRUE,0.0348726553382891,FALSE,FALSE,0.648982927296006,0.0552860696510798,0.64898292729598,0.0552860696510804,"M0.1","M0.1","M0.1","Both","No.Med","No.Med",13,13,159,13
"model2",0.84,0.49,1.2,0.6,2,1.64757096854373e-13,0,33.0421557539747,6.14928924307137,TRUE,0,TRUE,TRUE,1.37001521238744e-13,0,0.00230464132660872,0.031082150523774,TRUE,0,TRUE,TRUE,3.12186164643181e-32,1.48163834658362e-21,3.12186164643198e-32,1.48163834658359e-21,"M2.1","M2.1","M2.1","Both","Both","Both",5,5,142,5
"model1",0.4,0.44,1.4,0.8,6,0,0,1.8296209585855,1.01798752767454,TRUE,0,TRUE,TRUE,0,0,0.381346962724125,0.727941650964428,TRUE,0,TRUE,TRUE,1.26170373077226e-194,4.66539855723339e-144,1.2617037307719e-194,4.66539855723418e-144,"M4","M1.1","M1.1","Both","Both","Both",8,8,153,8
"model2",1.2,0.16,1.1,1,14,0,0,5.23402395026605,12.5506016244721,TRUE,0,TRUE,TRUE,0,0,0.0864816345361551,0.0345277139864086,TRUE,0,TRUE,TRUE,3.19868920367324e-82,4.12561340127033e-64,3.19868920367406e-82,4.12561340127186e-64,"M2.1","M2.1","M2.1","Both","Both","Both",14,14,183,14
"model2",0.49,0.48,0.8,0.7,12,0,0,10.2827698268156,-28.9329480132177,TRUE,0,TRUE,TRUE,0,0,0.0464176573264926,-0.00935311375112437,TRUE,0,TRUE,TRUE,1.47856022316458e-46,8.98118850969348e-45,1.47856022316494e-46,8.98118850969579e-45,"Other","M2.1","M2.1","Both","Both","Both",13,13,153,13
"model0",1.1,0.2,0.5,1,2,0.0710194644806799,0.682031780149533,0.38184179974735,-0.118018003684493,TRUE,0.0574952222630311,FALSE,FALSE,0.0631794712285494,0.667533775328044,0.0129486403758002,-0.0026504941482939,TRUE,0.0360076535074999,FALSE,FALSE,0.649908854637383,0.341356194996188,0.649908854637382,0.341356194996193,"M0.1","M0.1","M0.1","Both","No.Med","No.Med",5,5,152,5
"model2",0.5,0.22,1.3,0.5,3,0,0,-68.5172662146126,-2088.19676083069,TRUE,0,TRUE,TRUE,0,0,-0.00150536550278597,-7.4521001503901e-05,TRUE,0,TRUE,TRUE,5.7823082877559e-26,2.36364307843236e-11,5.7823082877559e-26,2.36364307843214e-11,"M0.1","M2.1","M2.1","Both","Both","Both",7,7,135,7
"model4",0.55,0.22,0.7,0.5,10,0.0769376839923037,0,0.0503888535991233,0.362261085315273,TRUE,0,TRUE,TRUE,0.084079815000746,0,0.0876487443344302,0.41406899622678,TRUE,0,TRUE,TRUE,7.20591153745642e-25,1.09436607369627e-15,7.20591153745616e-25,1.09436607369645e-15,"M3","M4","M4","Both","Both","Both",11,11,144,11
"model4",0.49,0.24,0.8,0.7,15,0,0,0.449724974920896,0.520361138063347,TRUE,0,TRUE,TRUE,0,0,0.953841389015487,0.903933880948498,TRUE,0,TRUE,TRUE,2.31169487067658e-91,1.06506855728244e-44,2.31169487067658e-91,1.06506855728253e-44,"M1.2","M1.2","M4","Both","Both","Both",17,17,176,17
"model3",0.65,0.09,1.5,0.5,5,0,0,-0.4609048581727,0.670454077875851,TRUE,0,TRUE,TRUE,0,0,-0.388027180765155,0.465788607710359,TRUE,0,TRUE,TRUE,1.7796284337374e-55,2.24052760571274e-29,1.7796284337371e-55,2.24052760571282e-29,"M3","M4","M4","Both","Both","Both",6,6,175,6
"model3",0.2,0.01,1.4,0.5,2,5.81551561344984e-05,0.000163929124204154,0.12244225463448,0.125361971108521,TRUE,1.73215030961714e-05,TRUE,TRUE,3.21749085210321e-05,0.000230117880212877,0.21079880068042,0.160073346510023,TRUE,1.54130776451452e-05,TRUE,TRUE,0.000160207495957357,0.000561172624574675,0.000130394412900145,0.00122953879496221,"M4","M4","M4","Both","Both","Both",4,4,144,4
"model2",0.15,0.27,1.1,0.5,14,0,0,27.8260541887772,-71.2895909249266,TRUE,0,TRUE,TRUE,0,0,0.0140193933163317,-0.00203994305034755,TRUE,0,TRUE,TRUE,6.79289259085587e-24,3.08546997530506e-16,6.79289259085985e-24,3.08546997530657e-16,"M0.1","M2.1","M2.1","Both","Both","Both",17,17,188,17
"model1",0.55,0.17,1.2,0.5,4,0,0,1.57589073466985,1.12199810679622,TRUE,0,TRUE,TRUE,0,0,0.213171501076132,0.203145652751317,TRUE,0,TRUE,TRUE,6.22713858278023e-39,1.2173464951866e-36,6.22713858278318e-39,1.21734649518748e-36,"M1.1","M1.1","M1.1","Both","Both","Both",5,5,153,5
"model0",0.72,0.03,1.3,0.9,5,1.11898115218168e-08,0.36678275984255,8.15757900090091,2.09084108442961,TRUE,0.0320624905188369,FALSE,FALSE,2.08251988986774e-08,0.364155695989788,0.00599414390104594,0.000701516070259087,TRUE,0.020412531488636,FALSE,FALSE,0.236711302183012,0.372118305142247,0.301123782907626,0.280866456227312,"M0.1","M0.1","M0.1","Both","No.Med","No.Med",9,9,169,9
"model4",0.63,0.42,0.9,0.7,5,0,0,0.427113611757532,0.38447019649367,TRUE,0,TRUE,TRUE,0,0,0.729115378542532,0.608783374321513,TRUE,0,TRUE,TRUE,5.81231029762928e-40,1.84498573325284e-38,5.8123102976282e-40,1.84498573325276e-38,"Other","M4","M4","Both","Both","Both",7,7,136,7
"model1",1,0.17,0.8,1,15,0,0,1.88584502662483,1.009188514176,TRUE,0,TRUE,TRUE,0,0,0.291594846596512,0.702176697908764,TRUE,0,TRUE,TRUE,1.1253184358584e-175,1.17024366585502e-123,1.12531843585872e-175,1.17024366585602e-123,"M2.1","M1.1","M1.1","Both","Both","Both",16,16,168,16
"model0",0.6,0.19,1.2,0.6,9,0.802423396764028,0.000304941141744619,0.045542925613242,0.79302766604539,TRUE,3.18115371083756e-05,TRUE,TRUE,0.771163273063476,0.000192652675541138,0.00173192525845196,0.0250044998348932,TRUE,1.29699231185499e-05,TRUE,TRUE,0.000293931883595576,0.0103420149108624,0.000293931883595565,0.0103420149108621,"M0.1","M1.1","M0.1","Both","Both","Both",9,9,166,9
"model3",0.84,0.18,1.1,0.6,12,0,0.030982295051091,0.266309035515457,0.0735764732559643,TRUE,0.00295168345317004,TRUE,FALSE,0,0.0355951253716256,0.495404523153621,0.0989869870375401,TRUE,0.00216285157476174,TRUE,FALSE,0.0292131976906546,3.39689525562357e-06,0.0292131976906563,3.39689525562344e-06,"M3","M3","M4","Both","Both","No.Med",13,13,165,13
"model4",1.5,0.1,1.1,1,1,0,0,0.445578788134713,0.442673733753964,TRUE,0,TRUE,TRUE,0,0,0.884591550742687,1.07213678012263,TRUE,0,TRUE,TRUE,1.87455495242358e-94,1.17664253277199e-69,1.87455495242406e-94,1.17664253277212e-69,"M2.2","M1.2","M1.2","Both","Both","Both",3,3,133,3
"model4",0.63,0.13,0.6,0.7,6,0,0,0.335288206154937,0.335074928385684,TRUE,0,TRUE,TRUE,0,0,0.803513636385036,0.765743137882913,TRUE,0,TRUE,TRUE,3.06678966306197e-44,5.12152204701487e-36,3.06678966306311e-44,5.12152204701502e-36,"M1.2","M1.2","M1.2","Both","Both","Both",7,7,141,7
"model0",0.84,0.32,1.2,0.6,4,5.85535503407897e-05,0.655702217196756,2.58053490595417,-0.217402693429913,TRUE,0.0553895344191128,FALSE,FALSE,8.9650807002295e-05,0.606831032107721,0.00907880098295943,-0.00177024984803674,TRUE,0.0330047250053965,FALSE,FALSE,0.615175141859601,0.156531019332125,0.615175141859604,0.156531019332123,"M0.1","M0.1","M0.1","Both","No.Med","No.Med",7,7,166,7
"model2",0.88,0.02,1.2,0.8,12,0,0,6.55075533731326,4.08808565755339,TRUE,0,TRUE,TRUE,0,0,0.0788369789551092,0.0821626469504076,TRUE,0,TRUE,TRUE,8.20376483881649e-61,5.83169023213613e-70,7.05672017195544e-68,2.13260513894296e-74,"Other","M2.1","M1.1","Both","Both","Both",14,14,160,14
"model3",0.3,0.11,0.5,0.6,14,0.00686848446912336,0,0.0601568065486064,0.64872239804017,TRUE,0,TRUE,TRUE,0.00850429992753132,0,0.187255988793189,0.834050011711752,TRUE,0,TRUE,TRUE,1.60341750016402e-111,4.62611934421737e-42,1.60341750016356e-111,4.62611934421961e-42,"M0.2","M4","M4","Both","Both","Both",17,17,174,17
"model4",0.45,0.23,1.3,0.5,8,0,0,0.651238634824405,0.493775777302808,TRUE,0,TRUE,TRUE,0,0,0.851856653352118,0.784629337795026,TRUE,0,TRUE,TRUE,9.81282197630334e-72,2.30293540090666e-45,9.81282197630474e-72,2.30293540090725e-45,"M1.2","M4","M4","Both","Both","Both",9,9,169,9
"model3",0.54,0.35,1.4,0.6,9,0.000762184227681262,6.81219866758287e-05,-0.127668273232855,-0.180011372653422,TRUE,7.26045659864406e-06,TRUE,TRUE,0.00109694129908622,6.52927168254269e-05,-0.12615077224972,-0.13011374729339,TRUE,4.46443274002457e-06,TRUE,TRUE,8.19798624859978e-05,0.0826494575982211,8.19798624860062e-05,0.0826494575982249,"M3","M4","M3","Both","Both","Both",9,9,158,9
"model4",0.8,0.12,1.1,1,1,0,0,0.425776555193995,0.476945057775433,TRUE,0,TRUE,TRUE,0,0,0.729546609696858,0.798570894901427,TRUE,0,TRUE,TRUE,6.00703099744593e-71,1.9035097055964e-71,6.00703099744661e-71,1.903509705597e-71,"M4","M4","M4","Both","Both","Both",2,2,161,2
"model1",0.88,0.22,1.2,0.8,8,0,0,0.585576682780976,1.24074858944096,TRUE,0,TRUE,TRUE,0,0,0.301671974822993,0.303167850232511,TRUE,0,TRUE,TRUE,3.91273723136438e-69,1.57348530756576e-44,3.91273723136393e-69,1.57348530756594e-44,"M4","M1.1","M1.1","Both","Both","Both",9,9,165,9
"model1",0.3,0.38,1.2,0.5,5,0,0,1.19245482877941,1.024226045891,TRUE,0,TRUE,TRUE,0,0,0.377370433820299,0.243216895033343,TRUE,0,TRUE,TRUE,7.19930756343735e-43,6.03171881817286e-39,7.19930756344108e-43,6.03171881817373e-39,"M0.1","M1.1","M1.1","Both","Both","Both",6,6,136,6
"model0",0.24,0.39,0.5,0.8,15,0.956243903587915,2.08178346783328e-07,0.00137866729513972,1.24089628041107,TRUE,2.34474357455854e-08,TRUE,TRUE,0.999599988217729,1.18321827446977e-07,0.000390863969387957,0.0334052475339716,TRUE,8.53526453989625e-09,TRUE,TRUE,1.64347378514208e-07,8.19676046235696e-09,1.64347378514206e-07,8.19676046235646e-09,"M0.1","M1.1","M1.1","Both","Both","Both",16,16,166,16
"model0",0.2,0.23,0.6,0.5,6,0,0.0934511706380994,-11.1953878210499,1.21605874014087,TRUE,0.0086420254815676,FALSE,FALSE,0,0.0945358795633113,-0.0292355274190001,0.00346802778693206,TRUE,0.0055897898639651,FALSE,FALSE,0.0957747422093006,0.465623546525973,0.0957747422092972,0.465623546525938,"M0.1","M0.1","M0.1","Both","No.Med","No.Med",7,7,147,7
"model1",1.08,0.36,0.7,0.9,15,0,0,0.860456008045242,1.12616859606576,TRUE,0,TRUE,TRUE,0,0,0.585308668888887,0.552471110305453,TRUE,0,TRUE,TRUE,1.15866578857319e-138,1.08335314236454e-99,1.15866578857385e-138,1.0833531423647e-99,"M2.1","M1.1","M1.1","Both","Both","Both",18,18,180,18
"model1",1.4,0.48,1.4,1,1,0,0,1.05537872624472,1.0169904272377,TRUE,0,TRUE,TRUE,0,0,0.472154785651841,0.478370808423421,TRUE,0,TRUE,TRUE,6.86147731505664e-98,8.1742652656337e-77,6.86147731505488e-98,8.17426526563463e-77,"M2.1","M1.1","M1.1","Both","Both","Both",2,2,169,2
"model1",0.32,0.13,0.8,0.8,1,0,0,1.49348557468772,0.987233314298699,TRUE,0,TRUE,TRUE,0,0,0.432695487498051,0.651180912629048,TRUE,0,TRUE,TRUE,6.2713793650206e-150,2.57818642769058e-115,6.27137936501811e-150,2.57818642769146e-115,"M1.1","M1.1","M1.1","Both","Both","Both",3,3,146,3
"model4",0.8,0.5,1.5,1,6,0,0,0.556946193271088,0.610963358938303,TRUE,0,TRUE,TRUE,0,0,1.06535996516776,0.88267440218824,TRUE,0,TRUE,TRUE,1.16162838505666e-112,2.84782015969196e-95,1.16162838505679e-112,2.8478201596922e-95,"M1.2","M4","M4","Both","Both","Both",7,7,141,7
"model1",0.21,0.38,0.5,0.7,14,0,0,0.713841603327383,1.58365442944927,TRUE,0,TRUE,TRUE,0,0,0.342320332119212,0.357398688599165,TRUE,0,TRUE,TRUE,4.19056070836355e-120,3.47469830672309e-35,4.1905607083645e-120,3.47469830672439e-35,"M0.1","M4","M1.1","Both","Both","Both",13,13,156,13
"model1",0.48,0.07,0.5,0.8,6,0,0.000533065196780091,0.4181223621886,0.489971795297507,TRUE,5.51417965671345e-05,TRUE,TRUE,0,0.000201252457742829,0.233222189752691,0.0415120956675774,TRUE,1.34911808459525e-05,TRUE,TRUE,0.000245053029946031,0.196848475239557,0.000245053029946024,0.19684847523956,"Other","M1.1","M0.1","Both","Both","Both",9,9,161,9
"model0",0.63,0.21,1,0.9,1,0.0138293826564331,2.00473754958796e-05,0.57986723597809,1.02806106101067,TRUE,2.17242154316355e-06,TRUE,TRUE,0.0160679276058209,2.09004065740981e-05,0.0160816350530446,0.0272187240162872,TRUE,1.45306544722902e-06,TRUE,TRUE,1.49335698820181e-05,7.36300853793377e-05,1.49335698820184e-05,7.36300853793382e-05,"M1.1","M1.1","M1.1","Both","Both","Both",3,3,153,3
"model0",1.26,0.09,0.5,0.9,1,0.00729807334149091,0,-0.724555556670752,1.25857712881314,TRUE,0,TRUE,TRUE,0.00951367878212173,0,-0.0146965837459005,0.298317285373798,TRUE,0,TRUE,TRUE,1.37105830088688e-69,2.04154318293928e-30,1.37105830088743e-69,2.04154318293887e-30,"M0.1","M1.1","M1.1","Both","Both","Both",3,3,150,3
"model1",1.26,0.03,1.3,0.9,4,0,0,1.01752586840894,2.9431046660198,TRUE,0,TRUE,TRUE,0,9.32587340685131e-15,0.478365820538629,0.0312729771311447,TRUE,7.1395899457351e-16,TRUE,TRUE,1.56601870106628e-16,0.0842488884063276,9.37698758833765e-15,0.0704080288828651,"Other","M1.1","M0.1","Both","Both","Both",6,6,135,6
"model0",1.08,0.27,1,0.9,3,0.442958687315628,0.857757582763394,1.09686283998533,-0.701786603434805,TRUE,0.0711386881844669,FALSE,FALSE,0.432153790443448,0.815401323564436,0.000795932685960539,-7.76539663172113e-05,TRUE,0.0433304522224106,FALSE,FALSE,0.849636475109643,0.196196379546667,0.84963647510964,0.196196379546667,"M0.1","M0.1","M0.1","Both","No.Med","No.Med",4,4,150,4
"model0",0.84,0.16,0.7,0.6,11,1.25896716052232e-06,0,8.65420136602984,0.897292635343269,TRUE,0,TRUE,TRUE,9.12636295646863e-07,0,0.00417845643806208,0.36752750708327,TRUE,0,TRUE,TRUE,1.4734849885241e-58,1.49244957466448e-38,1.47348498852377e-58,1.4924495746641e-38,"M0.1","M1.1","M1.1","Both","Both","Both",13,13,151,13
"model4",0.56,0.36,0.6,0.8,4,0,0,0.345692332899691,0.487794292655581,TRUE,0,TRUE,TRUE,0,0,1.04066237420171,0.934026775906643,TRUE,0,TRUE,TRUE,8.10257147283496e-89,3.57814400203362e-79,8.10257147283704e-89,3.57814400203535e-79,"M1.2","M1.2","M1.2","Both","Both","Both",7,7,150,7
"model2",0.9,0.43,0.6,1,3,0,0,-36.9944407425406,8.76259157327479,TRUE,0,TRUE,TRUE,0,0,-0.0167145733297252,0.0535942427959589,TRUE,0,TRUE,TRUE,8.05336208465673e-93,3.19879359091623e-76,8.05336208465673e-93,3.19879359091496e-76,"M2.1","M2.1","M2.1","Both","Both","Both",5,5,149,5
"model3",0.72,0.37,1.3,0.6,10,6.66133814775094e-16,0.096745912247286,0.281194194467535,0.0688973919549395,TRUE,0.00893998944491771,FALSE,FALSE,0,0.0841591839319364,0.347555168384283,0.0648534800071573,TRUE,0.00499122859589784,FALSE,FALSE,0.0873763300272174,4.90024951868088e-06,0.0873763300272152,4.90024951868056e-06,"M3","M3","M4","Both","No.Med","No.Med",11,11,153,11
"model2",0.21,0.14,0.7,0.7,15,0,0,-6.09488481109553,-7.25345163407636,TRUE,0,TRUE,TRUE,0,0,-0.0427599584724054,-0.0701233518443798,TRUE,0,TRUE,TRUE,3.17752424997635e-102,2.31720153525247e-35,3.177524249974e-102,2.31720153525213e-35,"M0.1","M2.1","M2.1","Both","Both","Both",15,15,143,15
"model2",0.21,0.43,1.5,0.7,1,0,0,-23.4509834001412,-35.7003729103753,TRUE,0,TRUE,TRUE,0,0,-0.0312673504214402,-0.0077583616011512,TRUE,0,TRUE,TRUE,1.40573313903566e-48,4.95490306532088e-34,1.4057331390363e-48,4.95490306532116e-34,"M2.1","M2.1","M2.1","Both","Both","Both",2,2,137,2
"model1",1.05,0.1,0.8,0.7,15,0,0,1.6674851806688,0.976356148489858,TRUE,0,TRUE,TRUE,0,0,0.30016335724933,0.639751234298871,TRUE,0,TRUE,TRUE,8.66222044037068e-140,5.53622653555619e-92,8.66222044036181e-140,5.53622653555162e-92,"M2.1","M1.1","M1.1","Both","Both","Both",17,17,187,17
"model3",0.27,0.4,0.7,0.9,13,0,0.0230557118939221,-0.565341710790433,-0.0959498412725154,TRUE,0.00222757620610803,TRUE,FALSE,0,0.0169553258892516,-0.360346165508297,-0.082885312233396,TRUE,0.00105736189345444,TRUE,FALSE,0.022664955869599,0.0924348409223568,0.0226649558695986,0.0924348409223544,"M3","M3","M3","Both","Both","No.Med",13,13,156,13
"model1",0.77,0.39,1,0.7,12,0,0,1.13437162008113,0.953863156320214,TRUE,0,TRUE,TRUE,0,0,0.369829222254401,0.279183238141608,TRUE,0,TRUE,TRUE,1.38485028596232e-45,6.40960465161754e-45,1.38485028596244e-45,6.40960465161809e-45,"M2.1","M1.1","M1.1","Both","Both","Both",15,15,165,15
"model4",1.3,0.13,1.3,1,14,0,0,0.494697905648408,0.460345983779686,TRUE,0,TRUE,TRUE,0,0,0.818141909136729,0.698449793135374,TRUE,0,TRUE,TRUE,6.59086638730743e-57,2.90565031565479e-56,6.59086638730809e-57,2.90565031565558e-56,"M1.2","M4","M4","Both","Both","Both",12,12,151,12
"model4",0.72,0.1,0.5,0.9,12,0,0,0.469954005816519,0.558579732276373,TRUE,0,TRUE,TRUE,0,0,0.690396165402006,1.1361504636145,TRUE,0,TRUE,TRUE,3.03124244658346e-144,3.49103989067219e-102,3.03124244658501e-144,3.49103989067309e-102,"M1.2","M1.2","M1.2","Both","Both","Both",14,14,181,14
"model0",0.54,0.43,0.6,0.9,15,0,1.04774691367382e-07,1.61114661890991,1.23038827446925,TRUE,1.18661272799629e-08,TRUE,TRUE,0,1.13169436266602e-07,0.107951695180563,0.0362823407191513,TRUE,8.17108113123977e-09,TRUE,TRUE,5.26655986242548e-08,0.173938891558113,5.26655986242562e-08,0.173938891558112,"M0.1","M1.1","M0.1","Both","Both","Both",15,15,180,15
"model0",0.21,0.42,1.1,0.7,7,0.000159097894263382,9.27660530725127e-06,1.55513830646681,1.13696807961859,TRUE,1.01780810253433e-06,TRUE,TRUE,0.000287509567985067,2.35635741030471e-05,0.013725967495243,0.0242912702858688,TRUE,1.63101354572686e-06,TRUE,TRUE,1.82991234591873e-05,0.000615955627564559,1.82991234591901e-05,0.000615955627564575,"M0.1","M1.1","M1.1","Both","Both","Both",8,8,153,8
"model0",0.27,0.03,0.7,0.9,8,6.92999995166588e-07,0,-0.831713883538818,1.41415575961069,TRUE,0,TRUE,TRUE,9.31920588032042e-07,0,-0.0410968227211868,0.192437314286486,TRUE,0,TRUE,TRUE,1.4688273784874e-63,2.3074363137595e-31,2.47474652947942e-65,3.86222114002756e-46,"Other","M1.1","M1.1","Both","Both","Both",13,13,145,13
"model3",0.81,0.04,1.2,0.9,10,0.00567455382576076,0,0.0596846041231978,0.495095653224276,TRUE,0,TRUE,TRUE,0.0039016733680568,0,0.19550181903834,0.570356435584716,TRUE,0,TRUE,TRUE,1.3422293260405e-63,4.3674567814468e-31,8.21819963470802e-63,8.99541170004553e-38,"M0.2","M4","M4","Both","Both","Both",14,14,170,14
"model1",0.56,0.31,0.7,0.7,6,0,0,1.16488842929947,1.00185241538832,TRUE,0,TRUE,TRUE,0,0,0.40916436358085,0.610221834439906,TRUE,0,TRUE,TRUE,9.42300690252714e-137,1.45452872648158e-103,9.42300690252821e-137,1.45452872648199e-103,"M2.1","M1.1","M1.1","Both","Both","Both",8,8,144,8
"model4",1.12,0.28,1.4,0.8,13,0,0,0.356558010181501,0.387769245152676,TRUE,0,TRUE,TRUE,0,0,0.805273796522435,0.795493224813751,TRUE,0,TRUE,TRUE,5.87066307232409e-54,1.41252566563435e-43,5.87066307232409e-54,1.41252566563423e-43,"M1.2","M4","M1.2","Both","Both","Both",15,15,153,15
"model4",1.05,0.04,0.7,0.7,5,0,0,0.484351161661877,0.530997927001412,TRUE,0,TRUE,TRUE,0,0,0.63255738028525,0.676444533961202,TRUE,0,TRUE,TRUE,2.95320019866598e-81,4.82781720306304e-95,8.77751988890205e-117,1.09038513864582e-111,"M1.2","M1.2","Other","Both","Both","Both",9,9,138,9
"model3",0.72,0.08,0.7,0.9,1,5.03408338414779e-06,0,0.204237976655848,0.647873190022763,TRUE,0,TRUE,TRUE,9.22303080841402e-06,0,0.143630927141743,0.626846489539952,TRUE,0,TRUE,TRUE,1.01861572405036e-76,7.45761545725e-44,1.01861572404972e-76,7.45761545725e-44,"M3","M4","M4","Both","Both","Both",4,4,157,4
"model3",1.17,0.41,0.8,0.9,6,0.688871094518141,0,-0.0190911625421478,0.564651168418786,TRUE,0,TRUE,TRUE,0.652984505403734,0,-0.0141511959625185,0.68329305440792,TRUE,0,TRUE,TRUE,2.32130137715002e-71,2.47118477950508e-40,2.32130137715042e-71,2.47118477950597e-40,"M3","M4","M4","Both","Both","Both",9,9,149,9
"model4",0.8,0.29,0.9,0.8,11,0,0,0.244320315628159,0.40461088131818,TRUE,0,TRUE,TRUE,0,0,0.664573123404272,0.849850470788417,TRUE,0,TRUE,TRUE,1.16502557245538e-61,5.29385564910278e-38,1.16502557245558e-61,5.2938556491024e-38,"M1.2","M1.2","M4","Both","Both","Both",12,12,174,12
"model0",0.18,0.24,0.5,0.6,15,1.06021857959604e-11,0,-0.515205439794071,0.983014867949646,TRUE,0,TRUE,TRUE,1.69464442478784e-11,0,-0.128997911162301,0.506154657674306,TRUE,0,TRUE,TRUE,1.25441615665032e-98,5.48622283676296e-66,1.25441615665122e-98,5.48622283676046e-66,"Other","M1.1","M1.1","Both","Both","Both",18,18,188,18
"model2",1.04,0.18,1.4,0.8,7,0,0,-3.92720605207362,-7.0796707836656,TRUE,0,TRUE,TRUE,0,0,-0.0842691734357957,-0.048833226226196,TRUE,0,TRUE,TRUE,3.00193898936266e-62,8.53746745413945e-43,3.00193898936249e-62,8.53746745414165e-43,"Other","M2.1","M2.1","Both","Both","Both",10,10,161,10
"model4",0.18,0.25,1.5,0.6,4,0.000578685802319345,0,0.0811370582524718,0.389401736603248,TRUE,0,TRUE,TRUE,0.00146542023315943,0,0.18990927271043,0.635476707996517,TRUE,0,TRUE,TRUE,1.29097848183637e-42,2.83771015794133e-33,1.29097848183607e-42,2.83771015794194e-33,"M4","M4","M4","Both","Both","Both",5,5,182,5
"model3",0.6,0.34,1.2,1,3,0.0109169227397288,0,-0.0896431681539378,0.638061253726171,TRUE,0,TRUE,TRUE,0.00543579340381051,0,-0.120872692873472,0.662460642400315,TRUE,0,TRUE,TRUE,8.76962891371976e-81,1.17568917500791e-60,8.76962891371976e-81,1.17568917500767e-60,"M3","M4","M4","Both","Both","Both",4,4,167,4
"model1",0.6,0.26,1.5,0.6,1,0,0,1.2841458114809,0.980094674268745,TRUE,0,TRUE,TRUE,0,0,0.228066242812995,0.212206736243059,TRUE,0,TRUE,TRUE,2.04669869088678e-35,8.00473267092907e-40,2.04669869088681e-35,8.00473267092987e-40,"M1.1","M1.1","M1.1","Both","Both","Both",2,2,139,2
"model0",0.8,0.17,0.9,0.8,1,4.6985520172349e-06,0.00385244957901354,15.2678283151587,24.6803926453446,TRUE,0.000386797191558962,TRUE,TRUE,1.08770175251127e-05,0.00577795215546706,0.00182229010995964,0.000459839238774184,TRUE,0.000367604746014602,TRUE,TRUE,0.00607649277451973,0.0254280863905105,0.00607649277451955,0.0254280863905103,"M0.1","M1.1","M0.1","Both","Both","Both",4,4,149,4
"model2",0.48,0.01,0.9,0.6,3,1.11244347067441e-13,0,-1.51432399791749,0.57048758378697,TRUE,0,TRUE,TRUE,1.01119113082859e-12,0,-0.0487617268969501,0.229174291071893,TRUE,0,TRUE,TRUE,2.4589188419639e-26,3.99305513769529e-11,1.91870813123098e-28,4.62284804133191e-14,"M0.1","M1.1","M1.1","Both","Both","Both",5,5,162,5
"model4",1.5,0.14,1,1,6,0,0,0.490037446256722,0.491656979741422,TRUE,0,TRUE,TRUE,0,0,1.11446105217045,1.04478087278545,TRUE,0,TRUE,TRUE,4.3241188134565e-105,4.76504716635654e-81,4.32411881345588e-105,4.76504716635627e-81,"M1.2","M1.2","M1.2","Both","Both","Both",6,6,173,6
"model4",1.05,0.07,1.5,0.7,7,0,0,0.450105946446211,0.394261717914123,TRUE,0,TRUE,TRUE,0,0,0.786229392828865,0.873592614146015,TRUE,0,TRUE,TRUE,3.76582810146072e-62,5.76966938806317e-58,3.76582810146211e-62,5.76966938806481e-58,"M1.2","M1.2","M1.2","Both","Both","Both",8,8,158,8
"model3",0.7,0.12,0.7,0.5,4,0.805302350673469,0.0369150242053853,0.00610861910572219,0.0663475998383813,TRUE,0.0035006252327813,TRUE,FALSE,0.836027176234392,0.0434531962148486,0.0106419182789628,0.0940742928186139,TRUE,0.0026185171205037,TRUE,FALSE,0.0424613775183008,0.0219399599733853,0.0424613775183002,0.0219399599733859,"M3","M3","M3","Both","Both","No.Med",6,6,163,6
"model2",0.3,0.38,1,1,3,0,0,30.5275416091923,29.6876028310921,TRUE,0,TRUE,TRUE,0,0,0.00443509650082914,0.0147997383319282,TRUE,0,TRUE,TRUE,5.41083921201415e-85,1.3107110731463e-55,5.41083921200999e-85,1.31071107314618e-55,"M0.1","M2.1","M2.1","Both","Both","Both",4,4,153,4
"model0",0.72,0.47,1.3,0.8,13,0.241997679747516,0.00359803281651838,1.39691895949471,1.65392882455008,TRUE,0.000361548146743161,TRUE,TRUE,0.237201159367914,0.00220796953848867,0.00142072303897885,0.00793356856347209,TRUE,0.000142666713635552,TRUE,TRUE,0.00337628542493495,0.0093737523913179,0.00337628542493502,0.00937375239131779,"M0.1","M1.1","M1.1","Both","Both","Both",13,13,156,13
"model2",0.3,0.36,0.7,0.5,12,3.10862446895044e-15,0,-2.33415900246105,-13.4678238475692,TRUE,0,TRUE,TRUE,7.54951656745106e-15,0,-0.034740148840673,-0.0109392615223926,TRUE,0,TRUE,TRUE,2.57954490622075e-24,7.28249290801487e-22,2.57954490621935e-24,7.28249290801667e-22,"M0.1","M2.1","M2.1","Both","Both","Both",14,14,125,14
"model0",0.48,0.16,1.4,0.8,6,0.000734755047238744,0.0543284901109182,0.716695735654366,0.569805544037412,TRUE,0.00508915111384818,FALSE,FALSE,0.000959595771607979,0.0375810995924468,0.0243382772414215,0.0105233437441898,TRUE,0.00227686457472994,TRUE,FALSE,0.0469160464216702,0.0492815275823421,0.0469160464216699,0.0492815275823428,"M0.1","M0.1","M0.1","Both","Trans","No.Med",7,7,133,7
"model3",0.3,0.33,0.5,0.5,11,0,0,0.489071967386128,0.325691766291981,TRUE,0,TRUE,TRUE,0,0,0.525239064774585,0.332212634563394,TRUE,0,TRUE,TRUE,6.09234135737949e-18,0.0517771960318154,6.09234135737749e-18,0.0517771960318188,"M0.1","M4","M3","Both","Both","Both",13,13,161,13
"model1",0.54,0.34,1.2,0.9,14,0,0,0.909407384177258,0.957438944637709,TRUE,0,TRUE,TRUE,0,0,0.385579027716,0.464191156969611,TRUE,0,TRUE,TRUE,2.23526337831043e-84,2.73724347325277e-70,2.23526337831017e-84,2.73724347325222e-70,"M2.1","M1.1","M1.1","Both","Both","Both",19,19,163,19
"model3",0.65,0.25,0.6,0.5,1,1.68377450404655e-06,0.253846705427472,0.222210257196085,0.0495556807507028,TRUE,0.0227562060403822,FALSE,FALSE,2.2700006157006e-06,0.254207939253913,0.153189639087612,0.0424810983149238,TRUE,0.0146031118269468,FALSE,FALSE,0.238078181475381,3.91076170437376e-05,0.238078181475379,3.91076170437371e-05,"M3","M3","M4","Both","No.Med","No.Med",3,3,147,3
"model0",1.1,0.37,1.1,1,7,0.466558032284408,0.201674158664246,1.36941084534585,-0.65565437352729,TRUE,0.0182790172898064,FALSE,FALSE,0.51222492686579,0.177704434501275,0.00065121539035603,-0.00364719236106223,TRUE,0.010361014662596,FALSE,FALSE,0.210646236302483,0.197647066954614,0.210646236302482,0.197647066954617,"M0.1","M0.1","M0.1","Both","No.Med","No.Med",9,9,182,9
"model2",0.78,0.48,1.4,0.6,14,0,0,-8.05720843282091,-27.7994932814515,TRUE,0,TRUE,TRUE,0,0,-0.0300274343780023,-0.00782762374159165,TRUE,0,TRUE,TRUE,1.97247545866891e-36,7.49909120453716e-34,1.97247545866948e-36,7.4990912045377e-34,"M0.1","M2.1","M2.1","Both","Both","Both",16,16,165,16
"model0",0.2,0.13,0.8,0.5,5,0,0.178051659240937,2.41205837303162,0.405055270431144,TRUE,0.0161856694201118,FALSE,FALSE,0,0.2022049059952,0.16031989774577,0.0061905774351041,TRUE,0.0117011796759019,FALSE,FALSE,0.199196061561132,0.0619272004949943,0.199196061561122,0.0619272004949959,"M0.1","M0.1","M0.1","Both","No.Med","No.Med",7,7,165,7
"model1",0.55,0.33,0.7,0.5,7,0,0,1.04432466796641,0.77398099979529,TRUE,0,TRUE,TRUE,0,0,0.194194462382752,0.150441965339163,TRUE,0,TRUE,TRUE,2.37334670395638e-19,8.24229528246343e-18,2.37334670395605e-19,8.24229528246295e-18,"M0.1","M1.1","M1.1","Both","Both","Both",10,10,161,10
"model1",1.2,0.32,0.9,1,13,0,0,0.781273099900457,0.878283419095571,TRUE,0,TRUE,TRUE,0,0,0.691427136903259,0.630234916132644,TRUE,0,TRUE,TRUE,9.6107678927595e-116,1.9010042001587e-90,9.61076789276169e-116,1.90100420015913e-90,"M4","M1.1","M1.1","Both","Both","Both",15,15,148,15
"model0",0.24,0.21,0.7,0.8,10,0,0.000811898123119548,11.759981262018,2.28987601698643,TRUE,8.3633379839643e-05,TRUE,TRUE,0,0.00077552449330498,0.0118852873538547,0.00736257222222033,TRUE,5.0946642543262e-05,TRUE,TRUE,0.000857917275702256,0.000953634419305051,0.000857917275702274,0.000953634419304983,"M0.1","M1.1","M1.1","Both","Both","Both",10,10,134,10
"model4",0.35,0.45,0.9,0.5,11,0,0,0.415600432066497,0.453384900278279,TRUE,0,TRUE,TRUE,0,0,0.460783374996545,0.659005830514442,TRUE,0,TRUE,TRUE,2.6659860767837e-52,7.70212841491423e-43,2.66598607678549e-52,7.70212841491621e-43,"M3","M4","M4","Both","Both","Both",11,11,133,11
"model2",0.56,0.27,1.4,0.8,13,0,0,-32.2613616292291,46.4048222979122,TRUE,0,TRUE,TRUE,0,0,-0.00583520800455419,0.00572122367685284,TRUE,0,TRUE,TRUE,1.98427277567576e-45,4.65868002870601e-41,1.98427277567468e-45,4.65868002870362e-41,"M0.1","M2.1","M2.1","Both","Both","Both",15,15,163,15
"model0",0.54,0.42,0.7,0.6,3,1.33226762955019e-14,0.00408633695805705,2.16959221770694,1.0495832583229,TRUE,0.000409306362339072,TRUE,TRUE,6.66133814775094e-16,0.00356628154376315,0.0377330418704523,0.0115485255565789,TRUE,0.000228556789672256,TRUE,TRUE,0.00453798072928388,2.70137392333316e-05,0.00453798072928406,2.70137392333329e-05,"M0.1","M1.1","M1.1","Both","Both","Both",3,3,160,3
"model1",0.18,0.05,1,0.6,11,0,0,0.475480920438599,1.03960080827012,TRUE,0,TRUE,TRUE,0,0,0.354503198675052,0.603436494072116,TRUE,0,TRUE,TRUE,7.01628408173158e-142,9.41798876690318e-106,7.01628408172758e-142,9.41798876688201e-106,"M0.1","M1.1","M1.1","Both","Both","Both",12,12,152,12
"model2",0.6,0.42,0.8,0.5,15,0,0,3.63003780174594,-17.1591532967877,TRUE,0,TRUE,TRUE,0,0,0.0467155929121256,-0.011050409376238,TRUE,0,TRUE,TRUE,2.30199482031667e-31,2.10881100984724e-20,2.30199482031683e-31,2.1088110098475e-20,"M0.1","M2.1","M2.1","Both","Both","Both",18,18,194,18
"model2",0.96,0.4,1,0.8,9,0,0,-26.8880786641735,13.2211129440183,TRUE,0,TRUE,TRUE,0,0,-0.0121205220340788,0.0283049422134232,TRUE,0,TRUE,TRUE,1.36635923656403e-68,2.50747891118277e-53,1.36635923656403e-68,2.50747891118349e-53,"M2.1","M2.1","M2.1","Both","Both","Both",10,10,166,10
"model3",1.08,0.38,0.8,0.9,4,2.33611168212189e-05,0.272692266354157,-0.238801370340724,-0.0558853653684186,TRUE,0.0244100419682337,FALSE,FALSE,1.40689068175437e-05,0.2610401224759,-0.119907960332341,-0.0385083224970322,TRUE,0.0149519349830285,FALSE,FALSE,0.234336444851519,0.196415185880148,0.234336444851522,0.196415185880149,"M3","M3","M3","Both","No.Med","No.Med",7,7,141,7
"model3",0.72,0.32,1.1,0.6,13,9.36523008032708e-08,2.24265050974282e-14,0.199924435773396,0.282491745739295,TRUE,2.67537935486618e-15,TRUE,TRUE,2.33943420191451e-08,6.43929354282591e-15,0.20757907990335,0.29354250559548,TRUE,4.93451698108812e-16,TRUE,TRUE,6.18889543128963e-14,4.1073708726046e-09,6.18889543129122e-14,4.10737087260513e-09,"M3","M4","M4","Both","Both","Both",13,13,144,13
"model2",0.56,0.36,0.6,0.7,3,0,0,12.5548868145755,15.1881820272339,TRUE,0,TRUE,TRUE,0,0,0.0304302843064427,0.0197293525534063,TRUE,0,TRUE,TRUE,7.25931005290914e-53,2.51320127100354e-33,7.25931005290977e-53,2.51320127100285e-33,"M2.1","M2.1","M2.1","Both","Both","Both",6,6,163,6
"model0",1.17,0.2,0.7,0.9,6,0.205425805428092,0,-2.39356986404804,1.26468853590581,TRUE,0,TRUE,TRUE,0.207169342151615,0,-0.00110361846866176,0.367449482591796,TRUE,0,TRUE,TRUE,4.32948695062587e-91,8.14017092977459e-51,4.32948695062932e-91,8.1401709297797e-51,"M0.1","M1.1","M1.1","Both","Both","Both",8,8,128,8
"model0",1.4,0.23,0.8,1,9,0,0,1.67134732205441,1.19936702966867,TRUE,0,TRUE,TRUE,0,0,0.0603079404943416,0.244021855557709,TRUE,0,TRUE,TRUE,3.2341125871046e-51,1.40376201776306e-26,3.2341125871057e-51,1.40376201776367e-26,"M0.1","M1.1","Other","Both","Both","Both",9,9,149,9
"model4",0.48,0.26,1,0.6,4,0,0,0.546389894742102,0.295012718077565,TRUE,0,TRUE,TRUE,0,0,0.619316125110208,0.471147516278164,TRUE,0,TRUE,TRUE,3.42078929204286e-23,2.38742822860658e-29,3.42078929204172e-23,2.38742822860571e-29,"M4","M4","M4","Both","Both","Both",6,6,156,6
"model2",0.56,0.12,1.3,0.8,10,0,0,3.63241000144729,7.38071601977178,TRUE,0,TRUE,TRUE,0,0,0.0381094904358498,0.045672887172341,TRUE,0,TRUE,TRUE,3.32526375635838e-60,4.57930915658894e-39,3.32526375635705e-60,4.57930915658933e-39,"M0.1","M2.1","M2.1","Both","Both","Both",12,12,167,12
"model4",0.21,0.48,0.5,0.7,4,1.40690681327271e-09,0,0.154776079157668,0.381862486037324,TRUE,0,TRUE,TRUE,7.33912708383855e-10,0,0.342058426286444,0.770345312056029,TRUE,0,TRUE,TRUE,8.01635706350518e-52,1.62337871256359e-40,8.01635706350724e-52,1.62337871256334e-40,"M3","M4","M4","Both","Both","Both",5,5,150,5
"model4",0.3,0.38,1.3,0.6,5,0,0,0.557094726786415,0.442250761330215,TRUE,0,TRUE,TRUE,0,0,0.960549968622248,0.794381557107606,TRUE,0,TRUE,TRUE,6.07081694541266e-64,1.42788053364517e-56,6.07081694541318e-64,1.42788053364517e-56,"M0.2","M4","M4","Both","Both","Both",5,5,144,5
"model0",0.3,0.47,0.9,1,7,0,0.0361151098954156,14.4909359626996,3.2860844905267,TRUE,0.0034274125026636,TRUE,FALSE,0,0.0398791077256264,0.0128880038727977,0.00209283415037906,TRUE,0.00241237602769503,TRUE,FALSE,0.0332958640483672,0.152557558727639,0.0332958640483683,0.15255755872765,"M0.1","M0.1","M0.1","Both","Both","No.Med",7,7,152,7
"model2",0.28,0.45,1,0.7,7,0,0,16.2613322492445,-56.6203126745853,TRUE,0,TRUE,TRUE,0,0,0.0312794537476199,-0.00530965621262029,TRUE,0,TRUE,TRUE,6.54307169715595e-53,1.17781228730797e-37,6.54307169715222e-53,1.17781228730759e-37,"M0.1","M2.1","M2.1","Both","Both","Both",8,8,155,8
"model3",0.99,0.17,1.3,0.9,2,9.32587340685131e-15,0,0.280234771700225,0.673321532926738,TRUE,0,TRUE,TRUE,1.60538249360798e-13,0,0.283453065959676,0.702185209324816,TRUE,0,TRUE,TRUE,5.85403184220989e-94,7.2281421357925e-63,5.85403184220406e-94,7.22814213578673e-63,"M4","M4","M4","Both","Both","Both",3,3,133,3
"model0",0.84,0.4,0.9,0.6,15,1.78579609788621e-06,0.143727104773201,-18.773655160805,-0.621758502808539,TRUE,0.0131725118789025,FALSE,FALSE,1.14363061420875e-06,0.135186039567039,-0.0017699261386247,-0.00513836779421052,TRUE,0.00794562631341912,FALSE,FALSE,0.150028502230632,0.711949207262734,0.150028502230631,0.711949207262741,"M0.1","M0.1","M0.1","Both","No.Med","No.Med",16,16,172,16
"model2",1.26,0.24,1,0.9,8,0,0,43.5437771711957,0.550623834703977,TRUE,0,TRUE,TRUE,0,0,0.0097410215688732,0.192178473609625,TRUE,0,TRUE,TRUE,1.23751177134941e-17,0.00194322698374414,1.23751177134948e-17,0.00194322698374395,"Other","M1.1","M1.1","Both","Both","Both",10,10,140,10
"model0",1.17,0.04,0.6,0.9,7,0.000158331805750977,0,-0.511532671556079,-1.84304760684063,TRUE,0,TRUE,TRUE,0.00014869207542012,0,-0.0392401284137311,-0.186614082560064,TRUE,0,TRUE,TRUE,7.39945740840822e-68,1.0885132840738e-33,6.33237476816067e-81,1.53368268467604e-29,"Other","Other","Other","Both","Both","Both",9,9,169,9
"model0",0.35,0.23,1.4,0.7,9,6.33932065507992e-06,0.159923207146814,1.32994579142537,0.872631231494727,TRUE,0.0146133191158568,FALSE,FALSE,1.95993125340355e-05,0.152603594069629,0.0227468117161841,0.00359495460282196,TRUE,0.00893598356694146,FALSE,FALSE,0.151876844918575,0.344388594560026,0.151876844918563,0.344388594560014,"M0.1","M0.1","M0.1","Both","No.Med","No.Med",10,10,144,10
"model2",1.2,0.11,0.9,1,5,0,0,3.44552474228369,7.63693545062149,TRUE,0,TRUE,TRUE,0,0,0.15901202606258,0.0564235497207556,TRUE,0,TRUE,TRUE,1.35175272890868e-82,6.09036197381221e-83,1.35175272890868e-82,6.09036197381342e-83,"M2.1","M2.1","M2.1","Both","Both","Both",6,6,155,6
"model3",0.2,0.39,1.1,0.5,15,2.0518009513637e-10,0.187667691844194,-0.261851971067321,-0.0604700480900481,TRUE,0.0170346280340398,FALSE,FALSE,2.06284989090477e-10,0.190202039206984,-0.223362068040783,-0.0505521332609095,TRUE,0.0110309315384236,FALSE,FALSE,0.159141091744519,0.519466750845013,0.159141091744541,0.519466750844996,"M3","M3","M3","Both","No.Med","No.Med",16,16,160,16
"model3",0.32,0.41,1.4,0.8,1,0,0.00938681395528529,0.32912473979672,0.0914941386719471,TRUE,0.000927323565415893,TRUE,TRUE,0,0.00966700424412203,0.338773809835141,0.111560289387383,TRUE,0.00061108190790308,TRUE,TRUE,0.00913128938346674,4.67868593368195e-18,0.0091312893834665,4.67868593368164e-18,"M4","M4","M4","Both","Both","Both",670,670,142,1
"model0",0.35,0.29,0.9,0.7,14,0.866408173381662,0.428793146513743,0.0420311131838711,0.391665039424491,TRUE,0.0370877661884624,FALSE,FALSE,0.85246927684521,0.442467777390567,0.00131759588200172,0.00257913657216851,TRUE,0.0244711070447307,FALSE,FALSE,0.417823400451136,0.450815877714674,0.417823400451136,0.450815877714697,"M0.1","M0.1","M0.1","Both","No.Med","No.Med",14,14,134,14
"model0",0.84,0.4,1.1,0.7,1,0.0330681804071689,0.471099398802263,-0.804649335930637,0.251755220700917,TRUE,0.040575770925273,FALSE,FALSE,0.0360875414814477,0.498589810174012,-0.00862210391588169,0.00280588490954544,TRUE,0.0274592099545663,FALSE,FALSE,0.493838108859562,0.761699076321657,0.493838108859563,0.761699076321657,"M0.1","M0.1","M0.1","Both","No.Med","No.Med",670,670,188,1
"model1",0.77,0.01,0.7,0.7,11,0,0,1.08499838186169,0.392258261082929,TRUE,0,TRUE,TRUE,0,0,0.31956866458012,0.337769306804106,TRUE,0,TRUE,TRUE,8.46153522675868e-22,9.76528547695097e-10,6.33324805567657e-24,1.99889118179514e-12,"Other","Other","Other","Both","Both","Both",13,13,158,13
"model2",0.63,0.06,0.8,0.7,4,0,0,-14.2126315679327,-4.54307630277136,TRUE,0,TRUE,TRUE,0,0,-0.0155767731057982,-0.0637041515077086,TRUE,0,TRUE,TRUE,7.3773045317768e-51,3.40345054221975e-31,7.37730453177786e-51,3.40345054221975e-31,"Other","M2.1","M2.1","Both","Both","Both",5,5,153,5
"model3",0.98,0.42,0.5,0.7,10,0.452159396802894,0,0.0183390655626135,0.553441539814672,TRUE,0,TRUE,TRUE,0.42099076914746,0,0.0490332987683084,0.644114239050478,TRUE,0,TRUE,TRUE,2.0359305068797e-64,3.60972038642877e-36,2.03593050687953e-64,3.60972038642986e-36,"M3","M4","M4","Both","Both","Both",12,12,178,12
"model4",0.3,0.2,1.4,0.6,2,0,0,0.313775640684738,0.407079542503471,TRUE,0,TRUE,TRUE,0,0,0.63301055666169,0.720106185083035,TRUE,0,TRUE,TRUE,7.68250019110242e-52,3.07130768018125e-55,7.68250019109935e-52,3.07130768018221e-55,"M0.2","M4","M4","Both","Both","Both",2,2,148,2
"model2",0.81,0.14,1,0.9,1,0,0,11.5815933088832,19.6460533187911,TRUE,0,TRUE,TRUE,0,0,0.0436329722136342,0.0205550932497522,TRUE,0,TRUE,TRUE,2.1659703520393e-76,1.65142233143848e-62,2.16597035203936e-76,1.65142233143957e-62,"M2.1","M2.1","M2.1","Both","Both","Both",2,2,152,2
"model2",0.9,0.4,0.6,1,14,0,0,-29.4058080008334,4.95402742020567,TRUE,0,TRUE,TRUE,0,0,-0.0184558853865548,0.089820972763454,TRUE,0,TRUE,TRUE,9.04247945391499e-85,1.31155739767347e-72,9.04247945391782e-85,1.31155739767415e-72,"Other","M2.1","M2.1","Both","Both","Both",17,17,172,17
"model4",0.81,0.32,1.2,0.9,12,0,0,0.403662709637358,0.501544082954273,TRUE,0,TRUE,TRUE,0,0,0.912062762309765,0.892216289451428,TRUE,0,TRUE,TRUE,4.7033428219552e-86,6.68114549595679e-73,4.70334282195546e-86,6.68114549595507e-73,"M1.2","M1.2","M1.2","Both","Both","Both",12,12,164,12
"model4",0.7,0.5,0.8,1,4,0,0,0.698043421497588,0.495840597717126,TRUE,0,TRUE,TRUE,0,0,0.802211924154393,0.917454999020039,TRUE,0,TRUE,TRUE,6.73729284985386e-89,5.31418681141636e-78,6.73729284984964e-89,5.31418681141757e-78,"M4","M1.2","M1.2","Both","Both","Both",5,5,153,5
"model2",0.96,0.26,0.7,0.8,12,0,0,-6.25684441961633,-3.80549282330743,TRUE,0,TRUE,TRUE,0,0,-0.0718206336089,-0.0890688234158511,TRUE,0,TRUE,TRUE,1.63957153773851e-60,1.75666232773083e-58,1.63957153773842e-60,1.75666232773108e-58,"M2.1","M2.1","M2.1","Both","Both","Both",13,13,163,13
"model2",0.84,0.09,0.7,0.6,6,7.32747196252603e-15,0,1.59733341774527,0.820518953058033,TRUE,0,TRUE,TRUE,1.37667655053519e-14,0,0.0513795963262669,0.24051705716144,TRUE,0,TRUE,TRUE,3.37186557004789e-33,4.2663198452766e-20,3.37186557004696e-33,4.26631984527644e-20,"Other","M1.1","M1.1","Both","Both","Both",8,8,150,8
"model0",0.64,0.4,1.1,0.8,15,8.26842638801395e-09,0.264698161380444,-3.44898153718115,-0.598211300907336,TRUE,0.0237117072737388,FALSE,FALSE,3.21851811868612e-09,0.25738468982005,-0.0136370836024662,-0.00278601082550454,TRUE,0.0147640486165737,FALSE,FALSE,0.299062220027845,0.229454677576876,0.299062220027851,0.229454677576879,"M0.1","M0.1","M0.1","Both","No.Med","No.Med",17,17,157,17
"model0",1.17,0.36,1.1,0.9,13,0,0.202790498434447,2.33431632803219,1.48679060181072,TRUE,0.0183666635385939,FALSE,FALSE,0,0.221528498350803,0.0579210563139587,0.00149836360669344,TRUE,0.012781802460583,FALSE,FALSE,0.227690450299898,0.00128131789310931,0.227690450299895,0.00128131789310934,"M0.1","M0.1","M1.1","Both","No.Med","No.Med",11,11,197,11
"model2",0.42,0.35,0.5,0.6,10,0,0,4.34135033297043,7.40134042071005,TRUE,0,TRUE,TRUE,0,0,0.0650024188105435,0.03098280195738,TRUE,0,TRUE,TRUE,7.53956539919963e-39,5.13405786202182e-25,7.53956539919941e-39,5.13405786202075e-25,"M0.1","M2.1","M2.1","Both","Both","Both",11,11,167,11
"model0",0.81,0.46,0.8,0.9,2,0.347666102872517,0.250526284715892,1.28944874916008,1.21052983481928,TRUE,0.0224749265222524,FALSE,FALSE,0.333488615059053,0.235864856995791,0.00104029971269195,0.00169006204081788,TRUE,0.013569192638931,FALSE,FALSE,0.244452878418623,0.0110818012429415,0.244452878418626,0.0110818012429415,"M0.1","M0.1","M0.1","Both","No.Med","No.Med",2,2,174,2
"model0",0.24,0.01,1.5,0.6,13,0,0.00101854420624448,0.61303546962436,0.727467249127628,TRUE,0.00010387595088904,TRUE,TRUE,0,0.00110010162856122,0.182682401583273,0.0222123537768231,TRUE,7.19089899746147e-05,TRUE,TRUE,0.000729924437171157,0.00127792488230673,0.00034690329088546,0.0044278038702252,"M0.1","M1.1","M1.1","Both","Both","Both",13,13,160,13
"model3",0.78,0.05,0.6,0.6,2,1.95399252334028e-14,0.20820303777829,0.270117350699741,0.0400250490718525,TRUE,0.0187877011504079,FALSE,FALSE,5.6621374255883e-14,0.187994028364477,0.314749638261435,0.0646930920004003,TRUE,0.0109189688485539,FALSE,FALSE,0.191674131859166,2.26546220562674e-05,0.191674131859161,2.26546220562663e-05,"M3","M3","M1.2","Both","No.Med","No.Med",6,6,169,6
"model2",0.6,0.01,0.7,1,14,0,0,1.29935998270807,1.44987645151789,TRUE,0,TRUE,TRUE,0,0,0.576975047358497,0.476960414989784,TRUE,0,TRUE,TRUE,0,1.56733011032227e-305,1.28500388080603e-292,6.99771304015663e-280,"Other","M1.1","Other","Both","Both","Both",17,17,157,17
"model1",0.7,0.4,1.5,0.5,6,0,0,1.74660844239028,0.968682885162728,TRUE,0,TRUE,TRUE,0,0,0.245791555748247,0.169026744040909,TRUE,0,TRUE,TRUE,2.58249242472686e-27,2.11894144491786e-32,2.58249242472837e-27,2.11894144491914e-32,"M4","M1.1","M1.1","Both","Both","Both",8,8,147,8
"model3",0.75,0.19,0.5,0.5,14,3.34445804384131e-11,0.323500698863834,-0.35439574285458,0.0457134463064317,TRUE,0.0285836987040103,FALSE,FALSE,3.3285152412077e-11,0.301193069874176,-0.18101188057779,0.0398835390953239,TRUE,0.0170778178436105,FALSE,FALSE,0.277028665994101,0.0254982478787682,0.277028665994097,0.0254982478787676,"M3","M3","M3","Both","No.Med","No.Med",16,16,140,16
"model4",0.7,0.14,0.8,1,13,0,0,0.401443719135141,0.473465947392225,TRUE,0,TRUE,TRUE,0,0,0.918266109996041,0.89765166309755,TRUE,0,TRUE,TRUE,2.81792925466818e-80,1.6974756555444e-60,2.81792925466745e-80,1.69747565554421e-60,"M1.2","M1.2","M1.2","Both","Both","Both",13,13,154,13
"model4",0.32,0.49,0.6,0.8,4,0,0,0.201224300329723,0.427565413438754,TRUE,0,TRUE,TRUE,0,0,1.41100903343655,0.845388529790836,TRUE,0,TRUE,TRUE,4.16497448941632e-66,1.0145943910914e-58,4.1649744894137e-66,1.01459439109064e-58,"M1.2","M4","M1.2","Both","Both","Both",6,6,135,6
"model1",0.55,0.32,1.4,0.5,11,0,0,1.29514470391973,1.01474790930753,TRUE,0,TRUE,TRUE,0,0,0.185369157130661,0.14498383607193,TRUE,0,TRUE,TRUE,2.37776360204121e-24,1.84863692572285e-17,2.37776360204284e-24,1.84863692572398e-17,"M0.1","M1.1","M1.1","Both","Both","Both",12,12,172,12
"model1",0.55,0.28,1,0.5,5,0,0,1.53686678750254,1.14840576092382,TRUE,0,TRUE,TRUE,0,0,0.158301492189466,0.120053606344922,TRUE,0,TRUE,TRUE,5.27594552032007e-23,1.17651724523273e-19,5.27594552031957e-23,1.17651724523232e-19,"M0.1","M1.1","M1.1","Both","Both","Both",6,6,140,6
"model0",1.35,0.4,0.9,0.9,8,1.84585680074179e-12,0.280186009263622,1.33799548795035,-0.514013510770424,TRUE,0.0250443894775016,FALSE,FALSE,7.53153095445214e-12,0.297079388487,0.0517352155901201,-0.00309547014127114,TRUE,0.0168567143833327,FALSE,FALSE,0.307677050862472,0.0501849685928159,0.30767705086247,0.0501849685928173,"M0.1","M0.1","M0.1","Both","No.Med","No.Med",10,10,155,10
"model2",0.24,0.5,1.1,0.8,10,3.33066907387547e-15,0,6.72043118717913,-70.9913561690939,TRUE,0,TRUE,TRUE,7.54951656745106e-15,0,0.0119865462138643,-0.00522582250589876,TRUE,0,TRUE,TRUE,9.34565790701397e-68,4.74159548814189e-54,9.3456579070145e-68,4.74159548813797e-54,"M0.1","M2.1","M2.1","Both","Both","Both",11,11,152,11
"model0",0.54,0.35,0.7,0.9,13,4.6815324710181e-06,0.547912856401332,2.52081664567207,-27.2438104414252,TRUE,0.0467659700952681,FALSE,FALSE,2.4198443451251e-06,0.575027707696825,0.0125768671615085,-1.5268664649735e-05,TRUE,0.0313616792398745,FALSE,FALSE,0.604013515546529,0.446607490151187,0.604013515546512,0.446607490151172,"M0.1","M0.1","M0.1","Both","No.Med","No.Med",17,17,166,17
"model1",0.88,0.27,1.3,0.8,11,0,0,0.93352358935424,0.990010409248747,TRUE,0,TRUE,TRUE,0,0,0.415721191208472,0.667761863857686,TRUE,0,TRUE,TRUE,1.25044172865269e-154,1.34369819656901e-94,1.25044172865233e-154,1.34369819656992e-94,"M2.1","M1.1","M1.1","Both","Both","Both",15,15,184,15
"model4",1.12,0.16,1.4,0.8,8,0,0,0.467752459638615,0.465960845325216,TRUE,0,TRUE,TRUE,0,0,0.785721838486571,0.896268022806842,TRUE,0,TRUE,TRUE,4.65918166203695e-79,5.87037717463664e-73,4.65918166203815e-79,5.87037717463513e-73,"M4","M1.2","M1.2","Both","Both","Both",8,8,153,8
"model3",0.63,0.2,0.5,0.9,9,0.881958699213409,0,-0.0064942765864166,0.739343402682008,TRUE,0,TRUE,TRUE,0.913354506232985,0,-0.00361961919829916,0.53649954380245,TRUE,0,TRUE,TRUE,8.67364100525213e-74,4.46287245392882e-48,8.67364100525583e-74,4.46287245392901e-48,"M0.1","M4","M4","Both","Both","Both",10,10,170,10
"model3",0.9,0.24,0.9,1,5,2.43312159309284e-08,0.700501273657581,-0.18834875277576,0.0147631192655969,TRUE,0.0588505180199051,FALSE,FALSE,5.0218098568422e-09,0.73030028069338,-0.264053658731137,0.0140002352272046,TRUE,0.0390985814500724,FALSE,FALSE,0.712589553715804,0.0198656517985033,0.712589553715798,0.0198656517985034,"M3","M3","M3","Both","No.Med","No.Med",7,7,143,7
"model4",0.72,0.09,0.5,0.9,6,0,0,0.690812149720687,0.720909401908051,TRUE,0,TRUE,TRUE,0,0,0.697586077607152,0.934659598484748,TRUE,0,TRUE,TRUE,9.98476959391368e-162,2.89328040105806e-108,9.98476959390629e-162,2.8932804010579e-108,"M4","M1.2","M1.2","Both","Both","Both",8,8,169,8
"model1",0.3,0.34,0.8,0.6,5,0,0,1.52602886026017,1.00563116117414,TRUE,0,TRUE,TRUE,0,0,0.442389846549009,0.190406591079149,TRUE,0,TRUE,TRUE,3.73509299380998e-32,1.40590324981497e-32,3.73509299381138e-32,1.40590324981464e-32,"Other","M1.1","M1.1","Both","Both","Both",8,8,139,8
"model3",0.48,0.42,1,0.6,3,0,0.00573805579704767,-0.291561220583586,0.105047350223981,TRUE,0.000570067864322443,TRUE,TRUE,0,0.00419442041083995,-0.314857418907057,0.114998986831949,TRUE,0.000268376024112984,TRUE,TRUE,0.0046068347437723,0.000245369825839598,0.00460683474377242,0.000245369825839601,"M3","M4","M4","Both","Both","Both",3,3,153,3
"model0",0.9,0.19,1.2,0.9,2,0.138119084387274,0.862023693792652,0.530129383630817,1.2453532710389,TRUE,0.0714443253633904,FALSE,FALSE,0.137319251510702,0.857395173989552,0.00680733818179073,2.77037859340448e-05,TRUE,0.045378165448769,FALSE,FALSE,0.8800088663214,0.23696327272548,0.880008866321403,0.236963272725479,"M0.1","M0.1","M0.1","Both","No.Med","No.Med",3,3,140,3
"model2",1.2,0.46,0.5,0.8,15,0,1.06709308056452e-10,3.86671458888506,0.394003175224379,TRUE,1.24639692835965e-11,TRUE,TRUE,0,2.66542343752008e-11,0.0762794818729578,0.164800640323507,TRUE,1.99971264161889e-12,TRUE,TRUE,4.15828241888612e-11,0.0484041913558549,4.15828241888663e-11,0.048404191355863,"M2.1","M1.1","M0.1","Both","Both","Both",15,15,157,15
"model3",0.6,0.31,0.5,1,13,3.40398072100623e-05,0.538294870993572,-0.164604240859435,-0.0288132807536159,TRUE,0.0460149068122089,FALSE,FALSE,1.00322435132583e-05,0.522468524390805,-0.173387180478325,-0.0240934184246905,TRUE,0.0286141093079221,FALSE,FALSE,0.50183845117192,0.859167557071491,0.501838451171913,0.859167557071487,"M3","M3","M3","Both","No.Med","No.Med",14,14,186,14
"model3",0.42,0.19,0.8,0.6,2,0.00474040827297761,0,-0.12103064829988,0.612578713203381,TRUE,0,TRUE,TRUE,0.00326584289713705,0,-0.108453869777415,0.59855255931108,TRUE,0,TRUE,TRUE,2.80427813661646e-67,3.89351091278501e-54,2.80427813661582e-67,3.89351091278728e-54,"M3","M4","M4","Both","Both","Both",6,6,146,6
"model3",0.15,0.37,1.2,0.5,10,0.226687686187121,0.0141763457791892,0.0346893940970659,0.0902539226045641,TRUE,0.00138711177186736,TRUE,FALSE,0.244754149633615,0.0172188095901609,0.0576002594018195,0.0907954423631072,TRUE,0.00107294297606857,TRUE,FALSE,0.0204008079101405,0.0484293523107095,0.0204008079101384,0.0484293523107175,"M0.2","M3","M3","Both","Both","No.Med",10,10,145,10
"model0",0.7,0.19,1.4,0.7,11,1.18998144671423e-11,2.61764010223153e-06,1.41680568938125,0.920079187805574,TRUE,2.91360111639723e-07,TRUE,TRUE,3.40438788271058e-12,2.08142330104799e-06,0.0475332052419449,0.0363745253988907,TRUE,1.48512075562609e-07,TRUE,TRUE,2.5304179874856e-06,1.89135971413417e-07,2.53041798748525e-06,1.89135971413394e-07,"M0.1","M1.1","M1.1","Both","Both","Both",13,13,179,13
"model3",0.99,0.16,1.2,0.9,3,0,0,0.23625649202458,0.625140766833391,TRUE,0,TRUE,TRUE,0,0,0.430085245890686,0.757756028325677,TRUE,0,TRUE,TRUE,6.29665175092122e-94,2.26800451113856e-62,6.29665175091835e-94,2.26800451113894e-62,"M4","M4","M4","Both","Both","Both",5,5,138,5
"model2",0.78,0.17,1.1,0.6,15,0,0,-29.2498608704297,-4.46169703292027,TRUE,0,TRUE,TRUE,0,0,-0.0141308888635161,-0.0515848438340344,TRUE,0,TRUE,TRUE,1.01686056074322e-38,1.18990560251533e-39,1.01686056074333e-38,1.18990560251564e-39,"M2.1","M2.1","M2.1","Both","Both","Both",16,16,154,16
"model2",0.36,0.22,1,0.9,2,0,0,123.367464326302,-8.57948399140919,TRUE,0,TRUE,TRUE,0,0,0.00673865658257691,-0.0488343735466728,TRUE,0,TRUE,TRUE,7.3216629636252e-80,5.98436173558984e-68,7.3216629636252e-80,5.98436173558609e-68,"Other","M2.1","M2.1","Both","Both","Both",4,4,153,4
"model0",0.7,0.43,1.3,1,12,0.019332010239518,3.21181936437931e-05,0.904483860331655,1.71231783823465,TRUE,3.45913447526809e-06,TRUE,TRUE,0.026593543338016,7.22362519178787e-05,0.00904787118022894,0.0150033613903917,TRUE,4.93063398337667e-06,TRUE,TRUE,3.98592211697263e-05,4.31717986371611e-05,3.98592211697276e-05,4.31717986371617e-05,"M0.1","M1.1","M1.1","Both","Both","Both",15,15,157,15
"model2",0.3,0.2,1.5,0.6,11,0,0,-5.41335222890112,-13.1296180535981,TRUE,0,TRUE,TRUE,0,0,-0.0993188648634323,-0.0349490052497648,TRUE,0,TRUE,TRUE,7.14156255576191e-89,6.55052202433911e-41,7.14156255576008e-89,6.55052202434154e-41,"M0.1","M2.1","M2.1","Both","Both","Both",13,13,156,13
"model4",1.35,0.27,1,0.9,7,0,0,0.442488064755554,0.459727370454765,TRUE,0,TRUE,TRUE,0,0,0.788918586393852,0.947838233994126,TRUE,0,TRUE,TRUE,1.90912383330217e-83,2.2931556322795e-68,1.90912383330173e-83,2.29315563228028e-68,"M1.2","M1.2","M1.2","Both","Both","Both",9,9,156,9
"model2",0.54,0.29,1.5,0.9,1,0,0,20.0313644533936,47.1753017019014,TRUE,0,TRUE,TRUE,0,0,0.015189858139145,0.00978110631696843,TRUE,0,TRUE,TRUE,5.01864444387461e-91,7.83616023034454e-54,5.01864444387533e-91,7.83616023034421e-54,"M2.1","M2.1","M2.1","Both","Both","Both",2,2,139,2
"model1",0.54,0.04,0.5,0.9,8,0,0,0.738737278518361,0.935724183975712,TRUE,0,TRUE,TRUE,0,0,0.602052724194801,0.717354608589385,TRUE,0,TRUE,TRUE,0,8.25603695924981e-217,1.62264452397582e-250,4.07947566220131e-263,"Other","M1.1","Other","Both","Both","Both",12,12,149,12
"model3",0.77,0.08,0.6,0.7,12,0.208401717528949,0.537145055654435,0.0629376075073954,-0.0289004614396798,TRUE,0.0459745250946391,FALSE,FALSE,0.217553773617327,0.523190026728275,0.0374648492325207,-0.0253936823554127,TRUE,0.0286336979058964,FALSE,FALSE,0.490193278624241,0.716514385842467,0.490193278624222,0.71651438584248,"M3","M3","M3","Both","No.Med","No.Med",15,15,144,15
"model4",0.42,0.24,1,0.6,4,0,0,0.39425377205067,0.3841373586742,TRUE,0,TRUE,TRUE,0,0,0.67749941974586,0.707910795888273,TRUE,0,TRUE,TRUE,1.94619357016824e-47,6.2170009030296e-46,1.9461935701693e-47,6.21700090302774e-46,"M1.2","M4","M4","Both","Both","Both",4,4,139,4
"model0",0.7,0.12,1.3,0.7,6,1.53454266227371e-06,0.00135461254992753,0.906614910788511,0.705299935323181,TRUE,0.000137693095022827,TRUE,TRUE,8.95870289063794e-07,0.000781539818259347,0.0375626564508033,0.0219846276082757,TRUE,5.12989876303498e-05,TRUE,TRUE,0.00137155099678787,0.00861369286003281,0.0013715509967879,0.00861369286003325,"M0.1","M1.1","M1.1","Both","Both","Both",8,8,161,8
"model1",1.35,0.32,1.4,0.9,5,0,0,1.02030706320158,1.09228037548285,TRUE,0,TRUE,TRUE,0,0,0.469284837257514,0.42536557534545,TRUE,0,TRUE,TRUE,2.44687793087448e-91,1.10548059175475e-91,2.44687793087518e-91,1.10548059175431e-91,"Other","M1.1","M1.1","Both","Both","Both",6,6,156,6
"model3",0.56,0.35,1.4,0.7,3,1.04079193041784e-07,0,-0.181535157929325,0.616948736956535,TRUE,0,TRUE,TRUE,9.89639759030325e-08,0,-0.224976005652498,0.588931731123545,TRUE,0,TRUE,TRUE,1.00010626850841e-66,1.52251675398617e-46,1.00010626850864e-66,1.52251675398637e-46,"M3","M4","M4","Both","Both","Both",4,4,171,4
"model0",0.24,0.46,1.1,0.6,1,0,0.161689975742934,18.5253281271123,1.02022546352211,TRUE,0.0147637926666197,FALSE,FALSE,0,0.143578149077372,0.0126549629472196,0.00298781514049304,TRUE,0.00842001184802401,FALSE,FALSE,0.155290819329052,0.0171613407199173,0.155290819329046,0.017161340719917,"M0.1","M0.1","M0.1","Both","No.Med","No.Med",2,2,152,2
"model3",0.48,0.06,1.3,0.6,10,5.6008175874922e-10,0,0.250441881778635,0.704260760187789,TRUE,0,TRUE,TRUE,1.44459999518176e-10,0,0.235318644434696,0.629729083621422,TRUE,0,TRUE,TRUE,6.62638069734189e-85,1.20653966388841e-63,6.62638069734265e-85,1.20653966388913e-63,"M3","M4","M4","Both","Both","Both",13,13,159,13
"model2",1.2,0.14,0.5,1,4,0,0,-2.24855757787227,45.6823033429963,TRUE,0,TRUE,TRUE,0,0,-0.175093256700775,0.0161250882211797,TRUE,0,TRUE,TRUE,8.40389191892215e-193,1.60506275798901e-107,8.40389191891594e-193,1.60506275798951e-107,"Other","M2.1","Other","Both","Both","Both",6,6,173,6
"model3",0.4,0.12,1.2,1,9,0.397437853274669,0,0.0290787933203584,0.625592507436317,TRUE,0,TRUE,TRUE,0.419242656801181,0,0.0310487026033746,0.590346410621091,TRUE,0,TRUE,TRUE,1.76831654572233e-67,4.04878031363572e-49,1.76831654572233e-67,4.04878031363676e-49,"M3","M4","M4","Both","Both","Both",10,10,169,10
"model2",1,0.3,1.3,1,13,0,0,11.2112419059441,8.44718610959711,TRUE,0,TRUE,TRUE,0,0,0.0394623552697411,0.0503571625663927,TRUE,0,TRUE,TRUE,1.73139760174627e-80,9.42571914721202e-66,1.73139760174671e-80,9.42571914721202e-66,"Other","M2.1","M2.1","Both","Both","Both",12,12,171,12
"model3",1.1,0.22,1.2,1,15,6.81748501496493e-06,0.101014086168025,-0.196313024349092,-0.0717577911534353,TRUE,0.00932739034181516,FALSE,FALSE,5.57701615222506e-06,0.108560770755777,-0.151249308964507,-0.0595453569652202,TRUE,0.00639504092342984,FALSE,FALSE,0.0953791076647224,0.0102843334044368,0.0953791076647217,0.0102843334044368,"M3","M3","M3","Both","No.Med","No.Med",14,14,173,14
"model4",0.18,0.39,0.5,0.6,6,0,0,0.660600293446508,0.41699630892268,TRUE,0,TRUE,TRUE,0,0,0.81378691584266,0.77666401620271,TRUE,0,TRUE,TRUE,7.9837159084962e-58,5.25359306127446e-47,7.98371590849437e-58,5.25359306127266e-47,"M0.2","M4","M4","Both","Both","Both",7,7,154,7
"model0",0.32,0.37,1.4,0.8,15,0.0226053712455359,1.54509730121433e-07,-0.904515549862256,1.25929720233713,TRUE,1.74506011189531e-08,TRUE,TRUE,0.0224005901177673,5.43395708429983e-08,-0.00818611592216221,0.0344880297170277,TRUE,3.9451524500565e-09,TRUE,TRUE,8.42424829390681e-08,3.67590502146685e-05,8.42424829390633e-08,3.67590502146691e-05,"M0.1","M1.1","M1.1","Both","Both","Both",17,17,160,17
"model4",0.27,0.42,0.8,0.9,7,0,0,0.528257256533737,0.520338166383316,TRUE,0,TRUE,TRUE,0,0,1.10908579853102,0.934234524626498,TRUE,0,TRUE,TRUE,9.06537066311892e-97,1.96710862085409e-78,9.06537066311092e-97,1.96710862085342e-78,"M1.2","M1.2","M1.2","Both","Both","Both",9,9,155,9
"model1",0.27,0.12,0.8,0.9,3,0,0,0.670825297595842,0.975728374155052,TRUE,0,TRUE,TRUE,0,0,0.477079145345955,0.495078382689071,TRUE,0,TRUE,TRUE,1.21335273562815e-96,1.62000425562623e-76,1.21335273562777e-96,1.6200042556265e-76,"M4","M1.1","M1.1","Both","Both","Both",4,4,161,4
"model4",0.3,0.43,1.4,1,11,0,0,0.718239489887592,0.520384459420153,TRUE,0,TRUE,TRUE,0,0,1.0704316299925,0.955411950109367,TRUE,0,TRUE,TRUE,4.02749192296994e-99,8.7947276090263e-86,4.0274919229688e-99,8.7947276090238e-86,"M1.2","M1.2","M1.2","Both","Both","Both",14,14,155,14
"model2",0.8,0.24,0.7,1,8,0,0,39.028783536365,-5.56850527039229,TRUE,0,TRUE,TRUE,0,0,0.0141293405153486,-0.0811657144260612,TRUE,0,TRUE,TRUE,1.32823775436586e-87,6.81065953177124e-79,1.32823775436616e-87,6.81065953176891e-79,"M2.1","M2.1","M2.1","Both","Both","Both",9,9,158,9
"model3",0.6,0.38,1.2,0.6,4,1.82355397018164e-05,0.465202263154086,0.156175806166374,0.0230521812139484,TRUE,0.0400959292677668,FALSE,FALSE,9.20700208939529e-06,0.503180591875038,0.176367524706739,0.025260293182317,TRUE,0.0276926624627074,FALSE,FALSE,0.535394784907721,8.73010713010123e-05,0.535394784907732,8.730107130101e-05,"M3","M3","M4","Both","No.Med","No.Med",4,4,154,4
"model0",0.4,0.29,1.4,0.5,14,0.000110541248878215,8.40513710853585e-06,-0.34912312015909,0.94026030669633,TRUE,9.25494978195371e-07,TRUE,TRUE,5.38091128037266e-05,7.45496098919496e-06,-0.0650764492525017,0.0314461776899019,TRUE,5.24314848142019e-07,TRUE,TRUE,1.02523603857813e-05,3.02147157787724e-06,1.02523603857803e-05,3.02147157787729e-06,"M3","M1.1","M1.1","Both","Both","Both",15,15,143,15
"model4",0.72,0.45,0.9,0.6,10,0,0,0.505795787285452,0.450294693378698,TRUE,0,TRUE,TRUE,0,0,0.727562026565698,0.716248974756111,TRUE,0,TRUE,TRUE,2.75944142026455e-57,2.04295712219516e-45,2.75944142026526e-57,2.04295712219653e-45,"M4","M4","M4","Both","Both","Both",10,10,146,10
"model0",1.2,0.21,1.4,0.8,8,0.022091864996298,0.00611079875200304,0.637985743517731,-1.02782732929182,TRUE,0.000606609367164317,TRUE,TRUE,0.0178209322220377,0.0056326062616523,0.0120514728686025,-0.0117955446117294,TRUE,0.000358647486023486,TRUE,TRUE,0.00478456078522984,0.962510165298819,0.00478456078522981,0.962510165298817,"M0.1","M2.1","M3","Both","Both","Both",11,11,146,11
"model4",0.21,0.19,1.2,0.7,1,0,0,1.00840844168617,0.360782309213902,TRUE,0,TRUE,TRUE,0,0,0.500098815758031,0.660496372982296,TRUE,0,TRUE,TRUE,4.09871812280666e-41,8.68170512362084e-56,4.09871812281002e-41,8.68170512362678e-56,"M1.1","M4","M4","Both","Both","Both",670,670,168,1
"model4",0.49,0.36,0.7,0.7,8,0,0,0.39929504761868,0.460668649099408,TRUE,0,TRUE,TRUE,0,0,0.76069182040181,0.798172178087347,TRUE,0,TRUE,TRUE,2.59331738764031e-67,2.09114693464382e-51,2.59331738763942e-67,2.09114693464325e-51,"M4","M4","M4","Both","Both","Both",8,8,181,8
"model4",0.56,0.47,0.9,0.7,11,0,0,0.440177279809456,0.314366345295106,TRUE,0,TRUE,TRUE,0,0,0.802749355463549,0.521990447725318,TRUE,0,TRUE,TRUE,2.93413602613806e-27,1.1246256085287e-27,2.93413602613775e-27,1.12462560852831e-27,"M0.2","M4","M4","Both","Both","Both",11,11,140,11
"model2",1.04,0.05,1.5,0.8,14,0,0,-13.1558709142162,0.420329671949584,TRUE,0,TRUE,TRUE,0,0,-0.0241457175215219,0.386396316973434,TRUE,0,TRUE,TRUE,1.16224236474471e-26,2.34250388090277e-11,1.1622423647438e-26,2.34250388090225e-11,"M2.1","M2.1","M2.1","Both","Both","Both",19,19,140,19
"model0",0.84,0.2,0.8,0.6,15,1.04478323770252e-08,0,3.57955414112058,1.13107023029877,TRUE,0,TRUE,TRUE,4.51280897095785e-08,0,0.0134451499829475,0.381946308885282,TRUE,0,TRUE,TRUE,1.61206266998158e-81,4.3721738161136e-48,1.61206266998148e-81,4.37217381611647e-48,"M0.1","M1.1","M1.1","Both","Both","Both",17,17,158,17
"model1",0.28,0.32,1,0.7,1,0,0,0.572837798323021,1.04260044083726,TRUE,0,TRUE,TRUE,0,0,0.422795604080397,0.377960506617418,TRUE,0,TRUE,TRUE,4.74619011519449e-74,1.37646466873643e-81,4.74619011519449e-74,1.37646466873628e-81,"M4","M1.1","M1.1","Both","Both","Both",2,2,134,2
"model2",1.4,0.34,0.9,1,9,0,3.18726041337314e-07,-6.95860178209672,0.167949658130502,TRUE,3.58329583005032e-08,TRUE,TRUE,0,6.95167332587232e-07,-0.0844382283308207,0.222464544570602,TRUE,4.98269017472571e-08,TRUE,TRUE,6.33223697473721e-07,0.29310195508909,6.33223697473797e-07,0.293101955089082,"M2.1","M2.1","M3","Both","Both","Both",12,12,158,12
"model0",0.75,0.4,0.5,0.5,13,0,0,1.96323600290745,1.05914495010387,TRUE,0,TRUE,TRUE,4.44089209850063e-16,0,0.0467974021601998,0.298565903129116,TRUE,0,TRUE,TRUE,1.49159206254928e-55,2.31826436419337e-34,1.49159206254899e-55,2.3182643641948e-34,"M0.1","M1.1","M1.1","Both","Both","Both",15,15,158,15
"model3",0.3,0.22,0.5,0.6,7,0,0,-0.748178383676301,0.633902192986369,TRUE,0,TRUE,TRUE,0,0,-0.403293524165229,0.575165978617924,TRUE,0,TRUE,TRUE,1.6210345953978e-66,9.41551407752984e-45,1.62103459539688e-66,9.41551407752259e-45,"M4","M4","M4","Both","Both","Both",9,9,143,9
"model2",1.1,0.28,1.5,1,7,0,0,-11.8387882751343,-5.42013965247388,TRUE,0,TRUE,TRUE,0,0,-0.0363453893013243,-0.084767274898696,TRUE,0,TRUE,TRUE,1.46347359755434e-89,6.8736177801679e-63,1.46347359755463e-89,6.87361778017044e-63,"M2.1","M2.1","M2.1","Both","Both","Both",9,9,171,9
"model1",0.8,0.23,1.2,0.8,2,0,0,1.3694676827033,1.03325755007983,TRUE,0,TRUE,TRUE,0,0,0.394350844792194,0.670948930294369,TRUE,0,TRUE,TRUE,5.2235842721199e-171,2.70575546165312e-128,5.22358427211842e-171,2.70575546165082e-128,"M2.1","M1.1","M1.1","Both","Both","Both",6,6,159,6
"model3",0.4,0.2,1,0.5,7,0.0018214203697644,0.0297441968781686,-0.107064721428037,-0.103188681825321,TRUE,0.00284253707322287,TRUE,FALSE,0.00193213727991015,0.0288437355451847,-0.139050578159107,-0.0698418048186651,TRUE,0.00176380198175397,TRUE,FALSE,0.0293246264665397,0.347283812751134,0.0293246264665394,0.347283812751129,"M3","M3","M3","Both","Both","No.Med",7,7,144,7
"model2",0.4,0.06,1.1,0.5,7,7.14302226256791e-08,0,8.87902448902587,-65.1982523585124,TRUE,0,TRUE,TRUE,6.47114617446931e-08,0,0.00480563218236491,-0.00261430774771398,TRUE,0,TRUE,TRUE,2.1718787435575e-28,3.88287474509369e-20,2.17187874355695e-28,3.88287474509256e-20,"M0.1","M2.1","M2.1","Both","Both","Both",10,10,161,10
"model2",0.6,0.18,1.1,0.6,4,0,0,107.745656270764,-15.0000763576669,TRUE,0,TRUE,TRUE,0,0,0.0032744803330796,-0.0175218578437004,TRUE,0,TRUE,TRUE,1.39433741188968e-45,3.16180179981963e-34,1.39433741188938e-45,3.16180179981927e-34,"M2.1","M2.1","M2.1","Both","Both","Both",5,5,158,5
"model0",0.3,0.32,0.9,0.5,1,0,0.071186015647478,-5.1234132267967,1.02627398615154,TRUE,0.00662787494522569,FALSE,FALSE,0,0.0574589307940472,-0.0262646244151139,0.00519781409053068,TRUE,0.00343359156512106,FALSE,FALSE,0.0597795748701893,0.633865271091481,0.0597795748701903,0.633865271091493,"M1.1","M0.1","M0.1","Both","No.Med","No.Med",670,670,153,1
"model1",0.3,0.21,1,0.5,13,2.84629845737072e-06,8.74014460805483e-09,0.646635385348594,0.936382045661478,TRUE,9.98125962701683e-10,TRUE,TRUE,4.25394347303154e-06,4.26837032385663e-09,0.046168160042572,0.0516273196186219,TRUE,3.13946164891123e-10,TRUE,TRUE,1.40301758705918e-08,5.27216865879745e-07,1.40301758705906e-08,5.27216865879762e-07,"M0.1","M1.1","M1.1","Both","Both","Both",14,14,177,14
"model3",0.56,0.33,1,0.8,8,9.32587340685131e-15,8.64275434420136e-05,-0.363353751225109,-0.213919667388688,TRUE,9.1875824094095e-06,TRUE,TRUE,1.783018177548e-13,9.40146690897592e-05,-0.217686359412949,-0.110653637123023,TRUE,6.4005111098183e-06,TRUE,TRUE,7.60095599904398e-05,0.0353975794456986,7.60095599904439e-05,0.035397579445698,"M3","M4","M3","Both","Both","Both",10,10,162,10
"model4",1.2,0.11,0.8,1,14,0,0,0.626526856100985,0.499420172307648,TRUE,0,TRUE,TRUE,0,0,1.05852759798372,1.10661863204099,TRUE,0,TRUE,TRUE,1.19781785021564e-115,1.47087397408008e-98,1.19781785021551e-115,1.47087397408004e-98,"M1.2","M1.2","M1.2","Both","Both","Both",14,14,173,14
"model3",0.7,0.36,1,0.7,1,0.00341601680802261,7.79519046534283e-06,0.129842360426517,-0.198576599797182,TRUE,8.59102482358781e-07,TRUE,TRUE,0.00240165383663848,7.08387535719446e-06,0.0984150672128414,-0.153729909034341,TRUE,4.991080861368e-07,TRUE,TRUE,5.93697434110977e-06,0.0301690667783251,5.93697434110989e-06,0.0301690667783252,"M4","M4","M3","Both","Both","Both",2,2,158,2
"model2",0.8,0.02,0.6,1,5,0,0,-1.6424776156462,-3.38875365547836,TRUE,0,TRUE,TRUE,0,0,-0.2770135105212,-0.205939528764628,TRUE,0,TRUE,TRUE,0,3.7395751682789e-197,9.18414851937356e-259,3.92976085712381e-155,"Other","Other","Other","Both","Both","Both",7,7,152,7
"model0",0.91,0.15,1.5,0.7,10,0.224896899594734,0.213550336659627,40.4170413982584,2.4014208328247,TRUE,0.0192279063635841,FALSE,FALSE,0.175938613451256,0.186755070866093,5.13361672889239e-05,0.00108913850830909,TRUE,0.0108550194646721,FALSE,FALSE,0.191136318599467,0.143717368582117,0.191136318599463,0.143717368582115,"M0.1","M0.1","M0.1","Both","No.Med","No.Med",11,11,155,11
"model4",0.8,0.09,1.4,1,9,0,0,0.68205423673331,0.583531663652324,TRUE,0,TRUE,TRUE,0,0,0.872024706396243,0.746272294915666,TRUE,0,TRUE,TRUE,1.68053735789829e-83,3.5626302853189e-77,1.68053735789853e-83,3.5626302853189e-77,"M1.2","M4","M1.2","Both","Both","Both",8,8,172,8
"model0",0.63,0.5,1.5,0.7,9,1.93249975355414e-07,0.167393009679186,5.76347927944459,-1.02852827256364,TRUE,0.0152392785151616,FALSE,FALSE,5.03118835259997e-07,0.184710819687218,0.00649273030441671,-0.00282216676852062,TRUE,0.0107520806185073,FALSE,FALSE,0.167466952605698,0.618498182248446,0.167466952605703,0.618498182248437,"M0.1","M0.1","M0.1","Both","No.Med","No.Med",8,8,164,8
"model1",0.96,0.5,0.9,0.8,12,0,0,0.888443348219476,0.89917244000555,TRUE,0,TRUE,TRUE,0,0,0.423558916396367,0.422629628137822,TRUE,0,TRUE,TRUE,1.32935621358005e-69,9.17733587181527e-57,1.32935621357998e-69,9.17733587181304e-57,"M2.1","M1.1","M1.1","Both","Both","Both",13,13,135,13
"model3",1.05,0.25,1.1,0.7,3,0.236075312294302,0,0.0542670275561888,0.626323450512671,TRUE,0,TRUE,TRUE,0.227329927500354,0,0.0372023417373781,0.626121258630433,TRUE,0,TRUE,TRUE,2.84754113443021e-73,1.80547925498983e-50,2.84754113443111e-73,1.80547925498968e-50,"M3","M4","M4","Both","Both","Both",5,5,133,5
"model1",0.75,0.08,1.1,0.5,11,0,0,1.08736028492862,1.01177693412933,TRUE,0,TRUE,TRUE,0,0,0.324098697410796,0.537635123340024,TRUE,0,TRUE,TRUE,9.36813621022122e-113,2.97091069166874e-82,9.36813621021962e-113,2.97091069166874e-82,"M2.1","M1.1","M1.1","Both","Both","Both",15,15,159,15
"model1",0.42,0.17,1.5,0.7,7,0,0,1.10998561041583,0.996056238499608,TRUE,0,TRUE,TRUE,0,0,0.348955691815632,0.664060059535487,TRUE,0,TRUE,TRUE,3.45346435047915e-156,7.04286151281525e-104,3.45346435047758e-156,7.04286151281305e-104,"Other","M1.1","M1.1","Both","Both","Both",9,9,180,9
"model2",0.65,0.39,1.1,0.5,14,0.000182262294478708,0,-274.606688513455,69.3906779492561,TRUE,0,TRUE,TRUE,0.000445459581214891,0,-7.28961530233573e-05,0.0030411982333484,TRUE,0,TRUE,TRUE,3.01164424791499e-35,4.01249335700823e-25,3.01164424791521e-35,4.01249335700963e-25,"M0.1","M2.1","M2.1","Both","Both","Both",16,16,159,16
"model0",0.5,0.07,0.9,0.5,14,0.00160650593742639,0,-0.352587548368235,0.990783982137414,TRUE,0,TRUE,TRUE,0.00230594771332715,0,-0.0423742168059121,0.385568163372221,TRUE,0,TRUE,TRUE,9.56700141606317e-70,2.17619403194433e-50,9.56700141605799e-70,2.17619403194337e-50,"M0.1","M1.1","M1.1","Both","Both","Both",16,16,157,16
"model2",0.63,0.32,1,0.9,15,0,0,-1.73318180955798,-5.91073754637546,TRUE,0,TRUE,TRUE,0,0,-0.139417070561302,-0.0487184797813098,TRUE,0,TRUE,TRUE,7.97257199821175e-50,1.04124934293215e-51,7.97257199821381e-50,1.04124934293215e-51,"M0.1","M4","M4","Both","Both","Both",15,15,164,15
"model2",0.5,0.01,0.6,0.5,14,0,0,-1.31783233529395,0.479829152924573,TRUE,0,TRUE,TRUE,0,0,-0.11605433008084,0.433174541743016,TRUE,0,TRUE,TRUE,1.21421841981034e-53,6.93270108920122e-27,5.04740619748876e-38,2.88632384264272e-23,"Other","Other","Other","Both","Both","Both",16,16,167,16
"model4",0.78,0.15,1.4,0.6,3,6.95476121137517e-10,0,0.153202355365167,0.420283336919556,TRUE,0,TRUE,TRUE,3.1783287113285e-10,0,0.380402260688029,0.688180604669022,TRUE,0,TRUE,TRUE,8.02926653870708e-51,3.6356011952859e-31,8.02926653870754e-51,3.63560119528611e-31,"M4","M4","M4","Both","Both","Both",5,5,170,5
"model3",0.36,0.16,0.6,0.6,11,0.524548484487885,0,0.0173737816228808,0.739554172237429,TRUE,0,TRUE,TRUE,0.53249440827213,0,0.0334095445229756,0.659749046739874,TRUE,0,TRUE,TRUE,1.09528585740783e-96,2.04044738364162e-64,1.09528585740733e-96,2.04044738364057e-64,"M0.1","M4","M4","Both","Both","Both",13,13,156,13
"model2",0.56,0.07,1.4,0.7,14,0,0,2.84710766341455,13.2388648588027,TRUE,0,TRUE,TRUE,0,0,0.099136208331156,0.0255419946718559,TRUE,0,TRUE,TRUE,3.68908348986228e-60,1.63026614705676e-42,3.68908348986186e-60,1.63026614705648e-42,"M0.1","M2.1","M2.1","Both","Both","Both",15,15,148,15
"model2",0.32,0.18,1.1,0.8,5,0,0,-7.83514344491882,15.2746365834674,TRUE,0,TRUE,TRUE,0,0,-0.0281455403343508,0.0240480603691124,TRUE,0,TRUE,TRUE,2.49519159783472e-67,3.1593247007549e-44,2.49519159783387e-67,3.15932470075526e-44,"M0.1","M2.1","M2.1","Both","Both","Both",7,7,172,7
"model2",0.66,0.02,1.5,0.6,8,0,0,4.01835990342638,7.71086425852724,TRUE,0,TRUE,TRUE,0,0,0.114535818373665,0.032866215202105,TRUE,0,TRUE,TRUE,5.23064978727526e-52,2.73625624335134e-58,4.57723902401988e-52,4.1604096911812e-48,"M2.1","M2.1","M2.1","Both","Both","Both",11,11,156,11
"model4",0.77,0.33,1.4,0.7,9,0,0,0.354079397502597,0.40681141090965,TRUE,0,TRUE,TRUE,0,0,0.953225792618433,0.886957830838419,TRUE,0,TRUE,TRUE,1.13348775794884e-65,1.35840693837329e-57,1.13348775794826e-65,1.35840693837298e-57,"M1.2","M1.2","M1.2","Both","Both","Both",9,9,164,9
"model4",0.24,0.17,1.2,0.8,5,0,0,0.436815241924179,0.46126403480959,TRUE,0,TRUE,TRUE,0,0,1.32629382916593,0.980824967703056,TRUE,0,TRUE,TRUE,3.03693015631527e-88,1.24561258133218e-65,3.03693015631449e-88,1.24561258133086e-65,"M1.2","M1.2","M1.2","Both","Both","Both",5,5,150,5
"model2",0.25,0.3,0.6,0.5,15,8.45943048943809e-09,0,2.11275001713802,6.69893072427262,TRUE,0,TRUE,TRUE,3.75066422364512e-10,0,0.0250921087358663,0.0292181399758886,TRUE,0,TRUE,TRUE,1.75888156157439e-32,4.22398983899835e-25,1.75888156157477e-32,4.2239898389996e-25,"M0.1","M2.1","M2.1","Both","Both","Both",17,17,169,17
"model1",0.7,0.04,1.3,1,15,0,0,0.870284828523309,1.12743667153808,TRUE,0,TRUE,TRUE,0,0,0.5224045278468,0.444944671879195,TRUE,0,TRUE,TRUE,1.09110881010273e-164,1.42912838137599e-116,1.46310509537229e-143,3.18313113422151e-103,"M2.1","M1.1","M1.1","Both","Both","Both",16,16,167,16
"model0",0.48,0.23,0.9,0.6,2,0.0589401135543377,1.72020527156036e-07,0.542872406139795,0.901353650518891,TRUE,1.94104772550162e-08,TRUE,TRUE,0.0487209926745158,5.17228275764836e-07,0.0111934186436289,0.0429298222083981,TRUE,3.71405706939212e-08,TRUE,TRUE,3.36807380033234e-07,0.00190568864693317,3.36807380033238e-07,0.001905688646933,"M0.1","M1.1","M1.1","Both","Both","Both",4,4,166,4
"model0",0.42,0.1,1.3,0.6,8,0,9.10085798921934e-06,3.41420499385348,1.00527961371375,TRUE,9.99417045881175e-07,TRUE,TRUE,0,3.51282080934823e-06,0.104475915623517,0.0298505303805999,TRUE,2.49287968646246e-07,TRUE,TRUE,7.86030733590309e-06,6.60270793708762e-08,7.8603073359032e-06,6.60270793708829e-08,"M0.1","M1.1","M1.1","Both","Both","Both",8,8,145,8
"model4",0.72,0.43,1.5,0.8,4,2.22044604925031e-16,0,0.197340756386595,0.445888138223501,TRUE,0,TRUE,TRUE,0,0,0.450289873258927,0.701995363810345,TRUE,0,TRUE,TRUE,1.83463871050264e-55,2.41488721389274e-54,1.83463871050319e-55,2.41488721389339e-54,"M4","M4","M4","Both","Both","Both",8,8,172,8
"model3",0.8,0.36,0.7,0.8,15,9.30366894635881e-14,0.000301779906249688,-0.405639049730872,-0.152467958205815,TRUE,3.15084809718305e-05,TRUE,TRUE,1.17283960321402e-12,0.000443684272589007,-0.185332466248654,-0.122896826010698,TRUE,2.9516588307335e-05,TRUE,TRUE,0.00046109103756797,0.00862228843792118,0.000461091037567948,0.00862228843792083,"M3","M4","M4","Both","Both","Both",15,15,155,15
"model0",0.48,0.09,1.1,0.6,1,0,0.042644110694527,-2.3091508753159,0.659107581194725,TRUE,0.00402528916014784,TRUE,FALSE,0,0.0388870543702924,-0.0695121017554984,0.00848689709299595,TRUE,0.00235417402232435,TRUE,FALSE,0.0540655322252196,0.746300046515881,0.0540655322252203,0.746300046515876,"M1.1","M0.1","M0.1","Both","Both","No.Med",2,2,151,2
"model4",0.75,0.4,1.5,0.5,11,0,0,0.443365832369802,0.503514506815514,TRUE,0,TRUE,TRUE,0,0,0.730425496418115,0.775377735919673,TRUE,0,TRUE,TRUE,5.3344480678034e-72,7.71359398619541e-49,5.33444806780538e-72,7.7135939861964e-49,"M4","M4","M4","Both","Both","Both",13,13,174,13
"model0",0.7,0.42,1.4,1,14,0,4.5510106794211e-10,3.29619717580898,1.31096484006815,TRUE,5.28560046449449e-11,TRUE,TRUE,0,3.36818350987755e-10,0.0583077260365174,0.0421121882204251,TRUE,2.50309108387887e-11,TRUE,TRUE,1.36729214623218e-09,1.3517404327769e-08,1.36729214623189e-09,1.351740432777e-08,"M0.1","M1.1","M1.1","Both","Both","Both",17,17,162,17
"model3",0.5,0.23,0.6,1,15,0.0158581512205134,0.366652007863097,-0.101432577166711,0.0315257526692051,TRUE,0.0320624905188369,FALSE,FALSE,0.0210627282631752,0.359911752906549,-0.0770572586831638,0.0356246371338929,TRUE,0.0202034195769628,FALSE,FALSE,0.393293304813131,0.320317758413726,0.393293304813119,0.320317758413735,"M3","M3","M3","Both","No.Med","No.Med",15,15,166,15
"model2",0.4,0.46,1,1,12,0,0,14.5449684349469,-384.265526407884,TRUE,0,TRUE,TRUE,0,0,0.0431013544173452,-0.0012848100443349,TRUE,0,TRUE,TRUE,3.78607240949041e-98,1.5491984976381e-89,3.78607240948934e-98,1.5491984976374e-89,"M2.1","M2.1","M2.1","Both","Both","Both",14,14,167,14
"model1",1.35,0.12,0.6,0.9,8,0,0.000381506755855465,1.06317616368639,0.484836672703585,TRUE,3.97314827427988e-05,TRUE,TRUE,0,0.00014310435642062,0.464360194556986,0.0416041838288982,TRUE,9.66726887089655e-06,TRUE,TRUE,0.000271773565760693,0.0505257108653071,0.000271773565760744,0.0505257108653065,"M2.1","Other","Other","Both","Both","Both",13,13,150,13
"model2",1.17,0.06,1.3,0.9,11,0,1.09616804522261e-09,-8.41108702720688,0.280909776657925,TRUE,1.26712058744289e-10,TRUE,TRUE,0,4.37978764367131e-10,-0.0364138569629753,0.201880484453707,TRUE,3.24873687675477e-11,TRUE,TRUE,6.74091452201352e-10,0.00401209686037627,6.74091452201433e-10,0.00401209686037632,"M2.1","M2.1","M2.1","Both","Both","Both",11,11,132,11
"model4",0.45,0.15,1,0.5,8,0,0,-0.200516893031344,0.381981396821207,TRUE,0,TRUE,TRUE,0,0,-0.917102624413835,0.598734598179806,TRUE,0,TRUE,TRUE,6.60278478455268e-39,2.41586198471504e-26,6.60278478455183e-39,2.41586198471511e-26,"M3","M4","M4","Both","Both","Both",8,8,156,8
"model4",1.1,0.19,1.2,1,8,0,0,0.454453737813554,0.500423643804672,TRUE,0,TRUE,TRUE,0,0,0.841259400498,1.01117933733402,TRUE,0,TRUE,TRUE,2.14440542534779e-102,2.59185784201353e-76,2.1444054253481e-102,2.59185784201383e-76,"M1.2","M1.2","M1.2","Both","Both","Both",9,9,148,9
"model1",0.66,0.35,1.2,0.6,1,0,0,1.32723805319521,0.981151998785562,TRUE,0,TRUE,TRUE,0,0,0.344353020572592,0.268707095953236,TRUE,0,TRUE,TRUE,6.10091535873784e-46,2.56363519422737e-53,6.10091535873749e-46,2.56363519422796e-53,"M1.1","M1.1","M1.1","Both","Both","Both",2,2,157,2
"model1",0.24,0.31,1.2,0.6,2,0,0,0.392743749230111,0.981779824784041,TRUE,0,TRUE,TRUE,0,0,0.700867645805452,0.353691327034101,TRUE,0,TRUE,TRUE,3.12345121732246e-63,3.85223200167545e-61,3.12345121732006e-63,3.85223200167315e-61,"M4","M1.1","M1.1","Both","Both","Both",3,3,159,3
"model1",0.4,0.13,1,0.8,9,0,0,1.40645062254535,1.0346864169981,TRUE,0,TRUE,TRUE,0,0,0.277861208558297,0.519610684635446,TRUE,0,TRUE,TRUE,1.763448324033e-111,8.54741695289997e-85,1.763448324033e-111,8.5474169529024e-85,"M0.1","M1.1","M1.1","Both","Both","Both",11,11,137,11
"model4",0.6,0.34,0.8,0.5,2,0,1.52731161051634e-11,0.608600637461371,0.222718137968915,TRUE,1.7976030664173e-12,TRUE,TRUE,0,5.79580827775317e-12,0.648188166048375,0.299544060518561,TRUE,4.36908385588756e-13,TRUE,TRUE,1.49982726826923e-11,8.40285051093664e-22,1.49982726826893e-11,8.40285051093426e-22,"M4","M4","M4","Both","Both","Both",4,4,158,4
"model4",1.3,0.19,0.7,1,2,0,0,0.441563502765963,0.400960564554848,TRUE,0,TRUE,TRUE,0,0,1.16502962620876,1.20043038980981,TRUE,0,TRUE,TRUE,2.64597798959903e-96,3.56622057489722e-80,2.64597798959745e-96,3.5662205748959e-80,"M1.2","M1.2","M1.2","Both","Both","Both",3,3,131,3
"model0",0.27,0.24,1.3,0.9,14,0.137827916605639,0,0.499592580823753,4.43816266361511,TRUE,0,TRUE,TRUE,0.156132607494505,0,0.00611953547723671,0.0373525492485058,TRUE,0,TRUE,TRUE,1.81690285440101e-27,1.89087342078912e-17,1.81690285440076e-27,1.89087342078912e-17,"M0.1","M2.1","M2.1","Both","Both","Both",13,13,173,13
"model0",0.64,0.1,1.3,0.8,2,2.36702724087934e-09,0.290523613182348,1.10151609723068,0.246172909132785,TRUE,0.0258743945112072,FALSE,FALSE,1.6608290298592e-09,0.282522424442476,0.0475681707192062,0.00730761753239864,TRUE,0.0161003795405777,FALSE,FALSE,0.275113979905866,0.0466092556337409,0.275113979905865,0.0466092556337412,"M0.1","M0.1","M0.1","Both","No.Med","No.Med",2,2,139,2
"model0",0.6,0.06,0.6,0.6,8,0,0,-1.38166439954499,0.620281046995457,TRUE,0,TRUE,TRUE,0,0,-0.0723518278252779,0.540708182953681,TRUE,0,TRUE,TRUE,5.11743725562311e-60,2.85993331680279e-37,5.11743725562063e-60,2.85993331680349e-37,"Other","M1.1","Other","Both","Both","Both",10,10,164,10
"model4",0.9,0.2,1.1,1,4,0,0,0.387144941963505,0.504185790665035,TRUE,0,TRUE,TRUE,0,0,0.948012540938202,1.04868723030189,TRUE,0,TRUE,TRUE,1.36537304609086e-109,1.71984966417669e-98,1.36537304609059e-109,1.71984966417655e-98,"M1.2","M1.2","M1.2","Both","Both","Both",6,6,138,6
"model4",0.4,0.24,1.1,0.8,3,0,0,0.80780212999995,0.481455432696101,TRUE,0,TRUE,TRUE,0,0,0.931569177314853,0.956986989754556,TRUE,0,TRUE,TRUE,1.93017976540531e-90,8.46970324958312e-109,1.93017976540492e-90,8.4697032495836e-109,"Other","M1.2","M1.2","Both","Both","Both",5,5,157,5
"model3",1,0.41,1.2,1,9,1.15562004410208e-10,0,-0.276869099566935,0.659886075708154,TRUE,0,TRUE,TRUE,1.91788362968737e-10,0,-0.214470103667212,0.571683336576089,TRUE,0,TRUE,TRUE,2.20266268001265e-69,1.47640400588214e-45,2.2026626800124e-69,1.47640400588185e-45,"M3","M4","M4","Both","Both","Both",9,9,142,9
"model3",0.72,0.23,0.6,0.6,12,0,0.952772254849833,-0.389134956844759,-0.00250018336223597,TRUE,0.0783845278301997,FALSE,FALSE,0,0.922893869650906,-0.324098060914297,-0.00459068902813946,TRUE,0.0486158666132485,FALSE,FALSE,0.931248411404323,0.0136563607510018,0.931248411404318,0.013656360751001,"M3","M3","M3","Both","No.Med","No.Med",15,15,177,15
"model4",0.35,0.22,1.2,0.5,14,0,0,0.301063771680833,0.299450776139372,TRUE,0,TRUE,TRUE,0,0,0.632650198388401,0.505123428414481,TRUE,0,TRUE,TRUE,7.89579173969136e-25,1.75828264424845e-20,7.89579173969222e-25,1.75828264424833e-20,"M0.2","M4","M4","Both","Both","Both",18,18,155,18
"model3",0.27,0.01,0.6,0.9,1,0,0.960230005883547,0.486009841609166,-0.00557081585767324,TRUE,0.0788398695549017,FALSE,FALSE,0,0.933125449889835,0.703473783176342,-0.00461020192551478,TRUE,0.0490891270353117,FALSE,FALSE,0.895293434797433,0.00234863773581193,0.993346510287623,0.0032930127051871,"M0.2","M3","M4","Both","No.Med","No.Med",3,3,155,3
"model2",0.3,0.01,0.8,1,4,0,0,1.86545990099413,-1.80446766770316,TRUE,0,TRUE,TRUE,0,0,0.371975821335487,-0.365328889289291,TRUE,0,TRUE,TRUE,0,2.06902023020251e-241,4.05951453431113e-264,1.38498239570287e-184,"Other","M2.1","M2.1","Both","Both","Both",6,6,173,6
"model0",0.65,0.5,0.5,0.5,11,0.0886377552914244,0,-1.15043199537518,1.03936904611359,TRUE,0,TRUE,TRUE,0.0980599350012357,0,-0.00365584316399913,0.321157334681441,TRUE,0,TRUE,TRUE,2.53248595967221e-59,2.32178412581926e-41,2.53248595967271e-59,2.32178412581965e-41,"M0.1","M1.1","M1.1","Both","Both","Both",14,14,154,14
"model2",0.96,0.37,0.6,0.8,9,0,0,-34.1819464448077,-7.00992427955643,TRUE,0,TRUE,TRUE,0,0,-0.0124871541349749,-0.0461141040494569,TRUE,0,TRUE,TRUE,2.35319810959391e-57,1.97655345746109e-43,2.35319810959417e-57,1.97655345746103e-43,"M2.1","M2.1","M2.1","Both","Both","Both",11,11,154,11
"model0",0.35,0.27,0.7,0.5,1,6.85895784613422e-13,0.000924040517649383,-1.98637224873254,0.683670002083835,TRUE,9.45516222393894e-05,TRUE,TRUE,5.06483743833996e-13,0.00126728422341382,-0.0371195469731164,0.0240256045276302,TRUE,8.26996342018197e-05,TRUE,TRUE,0.00093312851413603,0.028453850875834,0.00093312851413617,0.0284538508758358,"M0.1","M1.1","M0.1","Both","Both","Both",2,2,170,2
"model0",0.35,0.16,0.5,0.5,8,0,0,-1.22821083476373,1.11240467433842,TRUE,0,TRUE,TRUE,0,0,-0.232187821606278,0.295120537720606,TRUE,0,TRUE,TRUE,2.03690361695785e-58,1.36828122860395e-31,2.03690361696035e-58,1.36828122860409e-31,"M0.1","M1.1","M1.1","Both","Both","Both",11,11,172,11
"model1",0.72,0.07,1.3,0.8,2,0,0,1.26552625625438,1.08390448942441,TRUE,0,TRUE,TRUE,0,0,0.306773610158578,0.63275559386898,TRUE,0,TRUE,TRUE,2.43015362518018e-167,1.09094921286626e-112,2.43015362518073e-167,1.09094921286638e-112,"M2.1","M1.1","M1.1","Both","Both","Both",7,7,155,7
"model4",0.63,0.04,1.2,0.7,12,0,0,0.634377451063688,0.721751894893466,TRUE,0,TRUE,TRUE,0,0,0.662535109996844,0.88997698918344,TRUE,0,TRUE,TRUE,1.76054894496012e-271,8.30608288587977e-194,3.57448965955149e-279,8.04343133675118e-163,"M1.2","M1.2","M1.2","Both","Both","Both",14,14,163,14
"model1",0.72,0.41,1,0.9,11,0,0,0.953140268274026,0.939620335459123,TRUE,0,TRUE,TRUE,0,0,0.611251524105287,0.478626587600027,TRUE,0,TRUE,TRUE,9.24161434634661e-87,3.16550139526596e-70,9.24161434634766e-87,3.16550139526596e-70,"Other","M1.1","M1.1","Both","Both","Both",11,11,169,11
"model1",0.15,0.03,0.5,0.5,8,4.36195091380043e-07,0,-0.7761679671842,0.915482547116475,TRUE,0,TRUE,TRUE,1.5032223750211e-06,0,-0.0449103445402075,0.501949835827819,TRUE,0,TRUE,TRUE,1.17956552057098e-136,1.43173220470585e-71,6.9285843954961e-116,3.94748626654622e-73,"M0.1","M1.1","M1.1","Both","Both","Both",9,9,154,9
"model1",1.2,0.32,1.1,0.8,8,0,0,1.44987879881891,1.25087153163913,TRUE,0,TRUE,TRUE,0,0,0.230996499195753,0.240711219769103,TRUE,0,TRUE,TRUE,7.53471576754681e-53,4.48535764587154e-42,7.53471576754606e-53,4.48535764587084e-42,"Other","M1.1","M1.1","Both","Both","Both",10,10,141,10
"model1",0.9,0.01,0.7,1,5,0,0,5.94159061942751,1.11705343507051,TRUE,0,TRUE,TRUE,0,0,0.0731078036344627,0.60949022746068,TRUE,0,TRUE,TRUE,0,9.21745800500334e-210,0,9.12304370223802e-181,"Other","M1.1","Other","Both","Both","Both",8,8,170,8
"model0",0.4,0.05,1.1,0.5,11,0.310764247147107,0.0117928862168715,-0.731045062347286,-24.3278051742067,TRUE,0.00116128845195449,TRUE,FALSE,0.315648147174544,0.00945404693832552,-0.00211924323905415,-0.000383678765937142,TRUE,0.000598100605268769,TRUE,TRUE,0.0248474586284392,0.0145585995876109,0.0185979559711633,0.0271313969890949,"M0.1","M0.1","M0.1","Both","Both","Trans",14,14,151,14
"model2",0.96,0.11,0.6,0.8,4,0,0,2.88250186202443,0.314918200648992,TRUE,0,TRUE,TRUE,0,0,0.135671189560887,0.36901627772756,TRUE,0,TRUE,TRUE,2.01386334690966e-19,0.000630100826945941,2.01386334690932e-19,0.000630100826946013,"M2.1","M2.1","M1.2","Both","Both","Both",6,6,149,6
"model1",0.4,0.15,1.2,0.8,15,0,0,0.606904610921582,0.864593031068256,TRUE,0,TRUE,TRUE,0,0,0.541420353807262,0.840901044414741,TRUE,0,TRUE,TRUE,7.28597257074604e-185,2.73348638590178e-117,7.28597257074894e-185,2.73348638590209e-117,"M2.1","M4","M1.1","Both","Both","Both",16,16,179,16
"model0",0.3,0.1,0.9,0.6,10,0,4.23281609096549e-07,3.74961708996526,1.18059233537142,TRUE,4.75008392427859e-08,TRUE,TRUE,0,1.04426937985735e-07,0.119167132527006,0.033779474890955,TRUE,7.54677725879042e-09,TRUE,TRUE,2.56177064053226e-07,4.82429133150876e-08,2.56177064053335e-07,4.82429133150923e-08,"M0.1","M1.1","M1.1","Both","Both","Both",11,11,134,11
"model4",0.7,0.16,1.4,1,7,0,0,0.532718225486069,0.553226521482861,TRUE,0,TRUE,TRUE,0,0,1.27016165970272,1.04882375200241,TRUE,0,TRUE,TRUE,2.15786494278615e-125,1.23096403051651e-107,2.15786494278591e-125,1.23096403051725e-107,"M1.2","M1.2","M1.2","Both","Both","Both",10,10,169,10
"model2",0.8,0.02,1,1,13,0,9.45108535876926e-08,6.66921496206979,0.210975358022207,TRUE,1.07135742751299e-08,TRUE,TRUE,0,3.36249377230757e-08,0.0853869496606206,0.201106246572879,TRUE,2.44800704194238e-09,TRUE,TRUE,2.1533563429166e-08,0.321508942383778,2.75048485588364e-08,0.269116792133774,"Other","M2.1","M3","Both","Both","Both",13,13,155,13
"model0",0.36,0.4,1,0.9,11,0.011944593242146,0.000105077278859111,0.364309178244518,0.771110456061655,TRUE,1.11604754269884e-05,TRUE,TRUE,0.0210998570883258,0.000172908287135787,0.0236622660413886,0.0284262062243207,TRUE,1.16506413669559e-05,TRUE,TRUE,0.000146441754768442,0.00109302666381104,0.000146441754768449,0.001093026663811,"M0.1","M1.1","M1.1","Both","Both","Both",13,13,178,13
"model0",0.35,0.22,0.5,0.5,5,5.05066077849392e-09,0.49888882065774,1.34278673838062,0.267561011775285,TRUE,0.0428193449541883,FALSE,FALSE,1.38013596107101e-08,0.476479151162343,0.0337593416479226,0.00293484436502688,TRUE,0.0262782716212914,FALSE,FALSE,0.471999823049848,0.149548161394857,0.471999823049817,0.149548161394847,"M0.1","M0.1","M0.1","Both","No.Med","No.Med",5,5,155,5
"model3",0.35,0.05,0.7,0.7,8,0,0.00408662158739959,-1.8367304313046,-0.135800566843714,TRUE,0.000409306362339072,TRUE,TRUE,0,0.00253371858773654,-0.301872110313709,-0.0912885653707328,TRUE,0.000163580503244796,TRUE,TRUE,0.00430110919726825,2.85043593127856e-06,0.00430110919726873,2.85043593127858e-06,"M3","M4","M4","Both","Both","Both",10,10,167,10
"model0",0.42,0.22,0.7,0.7,15,0.0818742208978798,0.0378823871271898,0.403922186611043,1.19264612297803,TRUE,0.00358959195251522,TRUE,FALSE,0.0912262209721764,0.0326759223202573,0.0110822109368041,0.00572821978302164,TRUE,0.00199040846195795,TRUE,FALSE,0.0349915180957169,0.123294765806318,0.0349915180957174,0.123294765806325,"M0.1","M0.1","M0.1","Both","Both","No.Med",15,15,152,15
"model2",0.21,0.19,1.3,0.7,7,0,0,14.5855899704567,-372.387891057,TRUE,0,TRUE,TRUE,0,0,0.0392326457466453,-0.000871425662857311,TRUE,0,TRUE,TRUE,1.05374815331777e-57,1.03376499588035e-49,1.05374815331653e-57,1.03376499588109e-49,"M0.1","M2.1","M2.1","Both","Both","Both",10,10,136,10
"model2",0.35,0.24,1.4,0.5,6,0,0,25.2549382555997,16.6897760619695,TRUE,0,TRUE,TRUE,0,0,0.00868068188369998,0.0117700231920911,TRUE,0,TRUE,TRUE,4.90030691645893e-33,1.00826069515033e-27,4.9003069164566e-33,1.00826069515057e-27,"M0.1","M2.1","M2.1","Both","Both","Both",8,8,171,8
"model2",0.32,0.44,1.3,0.8,3,0,0,-6.99283386278627,42.9547688264647,TRUE,0,TRUE,TRUE,0,0,-0.0280328108058697,0.00829700440373056,TRUE,0,TRUE,TRUE,7.03264667591803e-65,4.3983143680045e-49,7.03264667592023e-65,4.39831436800256e-49,"M0.1","M2.1","M2.1","Both","Both","Both",7,7,159,7
"model2",0.48,0.03,1,0.6,2,0,0,-8.49063181688868,-8.28698978489578,TRUE,0,TRUE,TRUE,0,0,-0.0206403457668849,-0.0271280318990396,TRUE,0,TRUE,TRUE,2.17555825910216e-46,9.03842421252201e-28,3.13602753235853e-32,1.62649008356938e-27,"Other","M2.1","M2.1","Both","Both","Both",4,4,131,4
"model0",0.3,0.37,1.2,1,1,0,0.290371439678288,-6.76262321288451,0.705960238593519,TRUE,0.0258743945112072,FALSE,FALSE,0,0.322263619216155,-0.0264647281910476,0.00236588146964916,TRUE,0.0182069429683242,FALSE,FALSE,0.293002544408218,0.53979153349212,0.293002544408217,0.539791533492135,"M0.1","M0.1","M0.1","Both","No.Med","No.Med",2,2,141,2
"model4",0.18,0.39,1.4,0.6,4,0.000254374209065045,0,-0.0755384395496854,0.320102426838512,TRUE,0,TRUE,TRUE,0.000111513210319547,0,-0.288249454578345,0.47464980693015,TRUE,0,TRUE,TRUE,2.06560612912276e-25,2.26718790260236e-22,2.06560612912237e-25,2.26718790260295e-22,"M3","M4","M4","Both","Both","Both",5,5,160,5
"model4",0.81,0.27,0.8,0.9,4,0,0,0.569427757300002,0.463419836434236,TRUE,0,TRUE,TRUE,0,0,0.946079667851185,0.91384120502193,TRUE,0,TRUE,TRUE,5.53883900572512e-81,6.38484271887575e-71,5.53883900572591e-81,6.38484271887502e-71,"Other","M1.2","M1.2","Both","Both","Both",4,4,142,4
"model0",0.35,0.09,0.7,0.5,4,0,0,-2.50896183092386,1.15554408327808,TRUE,0,TRUE,TRUE,0,0,-0.17745634228478,0.270222248502099,TRUE,0,TRUE,TRUE,1.81077712601655e-55,4.98854709025173e-23,1.81077712601712e-55,4.98854709025223e-23,"M2.1","M1.1","M1.1","Both","Both","Both",6,6,169,6
"model4",0.77,0.03,0.5,0.7,3,0,0,0.49536017748019,0.097626751774468,TRUE,0,TRUE,TRUE,0,0,0.555178770909596,1.75865601294991,TRUE,0,TRUE,TRUE,7.86727828921669e-35,6.10535471769042e-08,4.72824673533847e-32,6.67731540999657e-09,"Other","Other","Other","Both","Both","Both",8,8,141,8
"model3",0.81,0.01,0.9,0.9,13,0,0,0.196980149789597,0.379498594158848,TRUE,0,TRUE,TRUE,0,0,1.2564533118186,0.599439372799153,TRUE,0,TRUE,TRUE,6.00766223081307e-43,1.04786830558169e-35,4.58178976815041e-54,2.97765446167868e-31,"Other","M1.2","Other","Both","Both","Both",16,16,133,16
"model3",0.3,0.39,1.4,1,15,0.0348504883899436,0.00163309922961297,0.0776909114943326,0.0989391111366765,TRUE,0.00016545363943395,TRUE,TRUE,0.0334980334868371,0.00216002372333102,0.0873722594725535,0.147075499455348,TRUE,0.000139798275492756,TRUE,TRUE,0.00209768913274222,0.0167365351811744,0.00209768913274208,0.0167365351811716,"M3","M4","M3","Both","Both","Both",18,18,171,18
"model4",0.9,0.02,0.9,0.6,1,0,0,0.564064524851545,0.360016736054583,TRUE,0,TRUE,TRUE,0,0,0.778786828606461,0.664402957674209,TRUE,0,TRUE,TRUE,2.13717673959358e-77,4.00431986683244e-51,8.46549380818535e-59,8.66882897149016e-57,"M1.2","M4","M1.2","Both","Both","Both",2,2,168,2
"model3",0.18,0.39,0.8,0.6,14,0,0.064058048155802,-0.356899134875782,-0.0830871351196048,TRUE,0.00598232997229316,FALSE,FALSE,0,0.0539364588009956,-0.402716359704367,-0.062660751882121,TRUE,0.00323291712272893,FALSE,FALSE,0.0655798730786037,0.0938271410816297,0.065579873078594,0.093827141081642,"M3","M3","M3","Both","No.Med","No.Med",14,14,187,14
"model2",0.35,0.35,0.8,0.7,10,0,2.95392132976247e-09,-3.02973431604294,0.28754938002093,TRUE,3.40181043926579e-10,TRUE,TRUE,0,4.02095801099733e-09,-0.206131434239216,0.184054261838259,TRUE,2.96025212027957e-10,TRUE,TRUE,2.6485470201886e-09,7.46006520131303e-08,2.64854702018801e-09,7.46006520131183e-08,"M2.1","M2.1","M2.1","Both","Both","Both",12,12,149,12
"model2",0.25,0.49,0.9,0.5,8,0,0,-3.24668722387482,-409.927639832116,TRUE,0,TRUE,TRUE,0,0,-0.177252655845695,-0.000501596596288477,TRUE,0,TRUE,TRUE,1.39472946455986e-34,1.23169919197158e-30,1.39472946456072e-34,1.23169919197153e-30,"M2.1","M2.1","M2.1","Both","Both","Both",10,10,150,10
"model0",0.28,0.14,0.8,0.7,7,0,0.0209690987749784,-4.33327500650998,2.43363420831768,TRUE,0.00202916168053566,TRUE,FALSE,0,0.0123734514157241,-0.0517081112087574,0.00338703494828751,TRUE,0.000775314821014672,TRUE,FALSE,0.0198441357009875,0.0110210149590017,0.0198441357009879,0.0110210149590003,"M0.1","M0.1","M0.1","Both","Both","No.Med",8,8,178,8
"model0",1.4,0.27,1.4,1,10,0.763944437094475,1.99624797883047e-05,0.0492620084331602,1.10348805692542,TRUE,2.16512947497168e-06,TRUE,TRUE,0.765159017418004,2.01149734486705e-05,0.00214528118176564,0.0234276434570589,TRUE,1.40093468611817e-06,TRUE,TRUE,3.51534657384312e-05,0.932644167479303,3.5153465738429e-05,0.932644167479309,"M0.1","M1.1","M0.1","Both","Both","Both",10,10,164,10
"model3",0.8,0.2,0.6,0.8,9,6.73460739397669e-07,0.864763530826425,-0.197791907066286,-0.00859112607869315,TRUE,0.0716231388555714,FALSE,FALSE,2.48661770729797e-07,0.806644593125482,-0.193393050433993,-0.00769293155129869,TRUE,0.0429812062740771,FALSE,FALSE,0.835364405576926,0.142073959971556,0.835364405576918,0.142073959971557,"M3","M3","M3","Both","No.Med","No.Med",10,10,158,10
"model0",0.4,0.18,0.6,1,5,0.669557245181167,1.1919238092073e-05,-0.261905327651811,1.45173255953557,TRUE,1.29848516011568e-06,TRUE,TRUE,0.659656809756549,1.22372506501378e-05,-0.000981993021653358,0.0198660550308218,TRUE,8.55307604112189e-07,TRUE,TRUE,1.13442708963901e-05,0.00126826185335572,1.13442708963911e-05,0.0012682618533558,"M0.1","M1.1","M1.1","Both","Both","Both",5,5,164,5
"model2",0.8,0.39,0.7,0.8,6,0,0,6.09693126009739,8.01735667398319,TRUE,0,TRUE,TRUE,0,0,0.0644789755811061,0.0462284491473107,TRUE,0,TRUE,TRUE,5.60953559062025e-68,1.26405787907813e-48,5.60953559061961e-68,1.26405787907813e-48,"M2.1","M2.1","M2.1","Both","Both","Both",8,8,137,8
"model3",1.3,0.45,0.8,1,9,8.99320611313925e-08,0,-0.197437290405811,0.491828886899524,TRUE,0,TRUE,TRUE,1.90568825164661e-07,0,-0.196972334608652,0.646851567159302,TRUE,0,TRUE,TRUE,2.77348661366368e-56,2.04605838121792e-33,2.77348661366313e-56,2.04605838121768e-33,"M3","M4","M4","Both","Both","Both",11,11,144,11
"model2",0.6,0.04,1.5,0.5,15,0,0,-21.1470718540792,13.2442187309488,TRUE,0,TRUE,TRUE,0,0,-0.0117506169653955,0.017923431484246,TRUE,0,TRUE,TRUE,9.58664924371111e-45,7.60695936156144e-36,5.69324119315941e-39,1.1622932442434e-31,"M0.1","M2.1","M2.1","Both","Both","Both",16,16,151,16
"model2",0.63,0.37,0.9,0.9,12,0,0,13.097298141933,-5.48598596431503,TRUE,0,TRUE,TRUE,0,0,0.0442089678574898,-0.0794879145820392,TRUE,0,TRUE,TRUE,8.86533344029902e-83,2.50638015857635e-70,8.86533344029473e-83,2.50638015857685e-70,"M2.1","M2.1","M2.1","Both","Both","Both",15,15,162,15
"model0",0.48,0.07,1.1,0.8,14,0.134576654979815,0.00904489200209513,0.620625560241549,0.791255634889572,TRUE,0.000894263371669621,TRUE,TRUE,0.136225727237517,0.0146448392024057,0.00494299097857357,0.0118814953004873,TRUE,0.00091690892050872,TRUE,FALSE,0.0133952807739055,0.0301631225440137,0.0133952807739062,0.0301631225440156,"M0.1","M0.1","M0.1","Both","Both","Cis",16,16,174,16
"model2",0.64,0.33,1,0.8,6,0,0,-90.1908519950874,27.3462837168477,TRUE,0,TRUE,TRUE,0,0,-0.00282940985088398,0.0140875046120186,TRUE,0,TRUE,TRUE,3.16676461964104e-71,2.07244487007494e-51,3.16676461964067e-71,2.07244487007486e-51,"Other","M2.1","M2.1","Both","Both","Both",9,9,145,9
"model2",0.9,0.11,1.5,0.9,10,0,8.87906132818195e-06,-10.9032142289961,0.210591996379736,TRUE,9.76804585285942e-07,TRUE,TRUE,0,3.2036953521164e-06,-0.0620657114820512,0.136110504134049,TRUE,2.27761575525486e-07,TRUE,TRUE,1.34374915776996e-05,0.349497521115064,1.34374915777021e-05,0.349497521115059,"M2.1","M2.1","M3","Both","Both","Both",12,12,142,12
"model2",0.35,0.06,0.7,0.7,11,0,9.52419234190316e-06,-12.0665554096435,0.237425835673017,TRUE,1.04404144235254e-06,TRUE,TRUE,0,3.52545069248755e-06,-0.0313149798206385,0.126213801416585,TRUE,2.49958859387183e-07,TRUE,TRUE,8.63777351175666e-06,0.00582052828942114,8.63777351175859e-06,0.00582052828942132,"Other","M2.1","M2.1","Both","Both","Both",13,13,170,13
"model4",0.27,0.36,1.1,0.9,15,0,0,0.427916083667999,0.478091402371542,TRUE,0,TRUE,TRUE,0,0,0.796795589125243,0.808942531603013,TRUE,0,TRUE,TRUE,1.00612379321304e-70,4.97299090161868e-49,1.00612379321181e-70,4.97299090161996e-49,"M0.2","M4","M4","Both","Both","Both",17,17,166,17
"model3",0.36,0.27,0.7,0.6,2,1.72698877420885e-09,0,-0.222016008100352,0.573053499150024,TRUE,0,TRUE,TRUE,3.08167447116148e-09,0,-0.234941903403787,0.549563262901264,TRUE,0,TRUE,TRUE,4.13667842444905e-56,1.29527926355195e-39,4.13667842445058e-56,1.29527926355277e-39,"M4","M4","M4","Both","Both","Both",5,5,168,5
"model3",0.5,0.11,1.3,0.5,9,0,0.39825588318675,0.53287245408451,-0.0364620114129387,TRUE,0.0346169019266697,FALSE,FALSE,0,0.406385736943873,0.452622569759631,-0.0282111918296214,TRUE,0.0225548059076267,FALSE,FALSE,0.412518272612379,0.0689484133467961,0.412518272612393,0.068948413346796,"M3","M3","M3","Both","No.Med","No.Med",11,11,149,11
"model3",0.4,0.03,0.6,0.5,4,0,0,0.494168050590842,0.615391676753188,TRUE,0,TRUE,TRUE,0,0,0.638688981092502,0.628129627438171,TRUE,0,TRUE,TRUE,4.38547185164422e-69,1.30499116990062e-70,2.18266843940854e-73,5.47641013923754e-79,"Other","M4","M4","Both","Both","Both",7,7,128,7
"model4",0.91,0.44,1.2,0.7,2,0,0,0.396437339106238,0.393801272574699,TRUE,0,TRUE,TRUE,0,0,0.882052611539996,0.891402639821732,TRUE,0,TRUE,TRUE,4.53752493979648e-64,1.0388955322454e-58,4.53752493979415e-64,1.03889553224528e-58,"Other","M1.2","M1.2","Both","Both","Both",3,3,162,3
"model4",0.96,0.31,1.5,0.8,9,0,0,0.402704973626015,0.479447706271675,TRUE,0,TRUE,TRUE,0,0,0.725183134634869,0.725709167768059,TRUE,0,TRUE,TRUE,6.42318276631008e-63,1.17010467282343e-58,6.42318276630843e-63,1.17010467282286e-58,"M4","M4","M4","Both","Both","Both",8,8,145,8
"model1",0.65,0.15,1.5,0.5,5,4.97878171357158e-07,0,0.551810828268985,1.23261465099078,TRUE,0,TRUE,TRUE,6.3206240108471e-07,0,0.0652700488811404,0.154321161394906,TRUE,0,TRUE,TRUE,4.54103852645079e-32,1.12840093250266e-17,4.54103852645112e-32,1.12840093250261e-17,"M0.1","M1.1","M1.1","Both","Both","Both",5,5,156,5
"model4",0.36,0.06,0.7,0.9,1,0,0,0.684281656100603,0.482983166704645,TRUE,0,TRUE,TRUE,0,0,0.848530092015626,0.959114612820592,TRUE,0,TRUE,TRUE,1.20364487815727e-91,2.59760208807617e-82,1.20364487815758e-91,2.59760208807714e-82,"M1.2","M1.2","M1.2","Both","Both","Both",670,670,143,1
"model2",1.35,0.41,1.5,0.9,2,0,0,8.93517358449317,-130.936404070993,TRUE,0,TRUE,TRUE,0,0,0.0431091798626782,-0.00327901648917928,TRUE,0,TRUE,TRUE,1.43379487387476e-82,1.31392793479372e-47,1.43379487387431e-82,1.3139279347935e-47,"M2.1","M2.1","M2.1","Both","Both","Both",3,3,152,3
"model4",1.4,0.43,1.4,1,15,0,0,0.377948469171098,0.415998274403593,TRUE,0,TRUE,TRUE,0,0,0.849556969560499,0.917800320435219,TRUE,0,TRUE,TRUE,5.18461406212512e-70,6.00907831850198e-58,5.18461406212512e-70,6.00907831850061e-58,"M1.2","M1.2","M1.2","Both","Both","Both",13,13,161,13
"model0",0.18,0.38,0.6,0.6,13,0,5.13544819402689e-06,5.1250012412987,1.14575416642542,TRUE,5.69546573952022e-07,TRUE,TRUE,0,1.08210521112539e-05,0.0474016728639045,0.0263766438952608,TRUE,7.58344602958659e-07,TRUE,TRUE,8.15700627218015e-06,0.000302275794848009,8.15700627218136e-06,0.000302275794848025,"M0.1","M1.1","M1.1","Both","Both","Both",15,15,181,15
"model3",0.4,0.41,1.2,1,1,0,0,-0.471815799687672,0.703477386547243,TRUE,0,TRUE,TRUE,0,0,-0.421971956292409,0.67515347821577,TRUE,0,TRUE,TRUE,5.47575358526134e-94,1.15626605251464e-67,5.47575358526539e-94,1.15626605251526e-67,"M4","M4","M4","Both","Both","Both",7,7,155,7
"model0",0.42,0.45,1.4,0.6,9,0.569329567567124,0.0118838511483117,0.72851283673908,2.03806596251615,TRUE,0.00116930990314058,TRUE,FALSE,0.628070829745671,0.0153989661698659,0.000535165428895775,0.00423594087503585,TRUE,0.000962593008166029,TRUE,FALSE,0.017294415085452,0.0553497790201756,0.0172944150854548,0.0553497790201728,"M0.1","M0.1","M0.1","Both","Both","No.Med",10,10,175,10
"model1",0.72,0.49,0.5,0.6,7,0,0,1.05587526188398,0.870646877994462,TRUE,0,TRUE,TRUE,0,0,0.215981433748009,0.614230568392783,TRUE,0,TRUE,TRUE,1.32052780873029e-110,1.61417875132853e-67,1.32052780873029e-110,1.61417875132807e-67,"M2.1","M1.1","M1.1","Both","Both","Both",11,11,175,11
"model1",0.25,0.46,1.5,0.5,13,0.18216760611739,0,0.167619593920784,0.88023486858164,TRUE,0,TRUE,TRUE,0.173825382113327,0,0.0153990729470826,0.125034511669023,TRUE,0,TRUE,TRUE,3.65463016922549e-18,2.37008282734714e-14,3.65463016922528e-18,2.37008282734746e-14,"M0.1","M1.1","M1.1","Both","Both","Both",16,16,178,16
"model2",0.77,0.48,1.3,0.7,12,0,0,-24.7318928714952,72.7181173040057,TRUE,0,TRUE,TRUE,0,0,-0.0153119305393445,0.00337144303703449,TRUE,0,TRUE,TRUE,1.09412443117663e-41,8.86660200692984e-38,1.09412443117685e-41,8.86660200693009e-38,"Other","M2.1","M2.1","Both","Both","Both",13,13,148,13
"model2",0.21,0.14,0.5,0.7,12,0,5.07754127632154e-09,2.44735265338625,0.290730400353478,TRUE,5.82560607728655e-10,TRUE,TRUE,0,1.64349704956379e-08,0.316982268171972,0.171695640767682,TRUE,1.19762827655e-09,TRUE,TRUE,8.06876317390152e-09,3.16692768829746e-05,8.06876317390025e-09,3.16692768829679e-05,"M2.1","M2.1","M2.1","Both","Both","Both",14,14,153,14
"model4",0.3,0.01,0.6,1,15,0,0,0.446210499603071,0.770659516441519,TRUE,0,TRUE,TRUE,0,0,1.61682660155089,1.00354430710112,TRUE,0,TRUE,TRUE,0,0,0,5.13724613123321e-266,"Other","M1.2","M1.2","Both","Both","Both",17,17,184,17
"model4",0.63,0.13,1.3,0.9,12,0,0,0.232447488623571,0.4725537786383,TRUE,0,TRUE,TRUE,0,0,0.717472224029457,0.814059734189656,TRUE,0,TRUE,TRUE,1.43857427942977e-70,2.59530250033494e-47,1.43857427942961e-70,2.59530250033516e-47,"M1.2","M4","M4","Both","Both","Both",14,14,179,14
"model4",0.56,0.23,1.5,0.8,1,0,0,0.59904626421195,0.47490143805295,TRUE,0,TRUE,TRUE,0,0,0.926116059631424,0.926365427229639,TRUE,0,TRUE,TRUE,1.62270888947406e-85,1.34596156606568e-103,1.62270888947235e-85,1.3459615660643e-103,"M1.2","M1.2","M1.2","Both","Both","Both",670,670,133,1
"model0",0.66,0.36,0.5,0.6,10,2.66453525910038e-14,0.878375859804785,-4.37711148601704,-0.154306602499535,TRUE,0.0725551311303563,FALSE,FALSE,6.66133814775094e-15,0.843305166662635,-0.0191587511475326,-0.000141979093248707,TRUE,0.0447226704801699,FALSE,FALSE,0.904829254604648,0.618112726884622,0.90482925460465,0.618112726884619,"M0.1","M0.1","M0.1","Both","No.Med","No.Med",11,11,149,11
"model1",1.12,0.31,0.8,0.8,1,0,0,0.935740997699687,0.962807248933762,TRUE,0,TRUE,TRUE,0,0,0.430894846265994,0.764161518252057,TRUE,0,TRUE,TRUE,3.4620263853312e-193,2.80333206656201e-121,3.4620263853312e-193,2.80333206656153e-121,"M2.1","M1.1","M1.1","Both","Both","Both",3,3,159,3
"model4",1.5,0.07,0.9,1,3,0,0,0.476869029284043,0.463021437117265,TRUE,0,TRUE,TRUE,0,0,1.0396162175406,1.0513510808573,TRUE,0,TRUE,TRUE,1.54152895593759e-97,7.99544579212435e-82,1.54152895593671e-97,7.99544579212207e-82,"M1.2","M1.2","M1.2","Both","Both","Both",5,5,151,5
"model1",0.72,0.2,1.4,0.6,4,0,0,1.29560684123416,0.925816237026267,TRUE,0,TRUE,TRUE,0,0,0.389896287160606,0.3367650974832,TRUE,0,TRUE,TRUE,1.55993458590055e-55,7.27011571012123e-57,1.55993458590033e-55,7.27011571012186e-57,"Other","M1.1","M1.1","Both","Both","Both",4,4,162,4
"model1",1.3,0.22,0.8,1,9,0,0,0.954609690679354,0.986571864227023,TRUE,0,TRUE,TRUE,0,0,0.357876185468655,0.735198973899521,TRUE,0,TRUE,TRUE,1.13890058832188e-185,4.56854227016755e-112,1.13890058832123e-185,4.56854227016625e-112,"Other","M1.1","Other","Both","Both","Both",10,10,177,10
"model2",0.3,0.17,0.8,1,12,0,1.73917507950705e-07,-10.735728465572,0.210220573375392,TRUE,1.96065413970882e-08,TRUE,TRUE,0,5.55579017014196e-07,-0.0453459220892314,0.187180142460524,TRUE,3.98580525609643e-08,TRUE,TRUE,3.28622131083954e-07,8.99749241414304e-06,3.2862213108397e-07,8.99749241414314e-06,"M2.1","M2.1","M2.1","Both","Both","Both",14,14,183,14
"model0",0.45,0.43,0.6,0.9,10,6.87132573062854e-11,0.333858541883629,-11.9529344566525,-0.318177174396131,TRUE,0.0294565687047224,FALSE,FALSE,5.8445692729947e-11,0.324700089596097,-0.00512606319087401,-0.0044745375731694,TRUE,0.0183182958542943,FALSE,FALSE,0.334221103960402,0.018642668894705,0.3342211039604,0.0186426688947067,"M0.1","M0.1","M0.1","Both","No.Med","No.Med",9,9,161,9
"model1",0.48,0.17,1.3,0.8,5,0,0,1.83412447792316,0.970067876026206,TRUE,0,TRUE,TRUE,0,0,0.273986092214074,0.275517494083612,TRUE,0,TRUE,TRUE,2.20717729829552e-46,1.02865994659053e-45,2.20717729829441e-46,1.02865994659011e-45,"M2.1","M1.1","M1.1","Both","Both","Both",6,6,144,6
"model0",0.28,0.39,1.4,0.7,6,0.0244570216850715,1.56689750263617e-06,0.735976360250342,2.07896837150033,TRUE,1.74880518121585e-07,TRUE,TRUE,0.0373339575693665,7.30463771225764e-06,0.00967874834000107,0.0146779583607098,TRUE,5.14201981214483e-07,TRUE,TRUE,6.67848012927316e-06,0.000248059241131555,6.67848012927185e-06,0.000248059241131596,"M0.1","M1.1","M1.1","Both","Both","Both",9,9,142,9
"model1",1.04,0.43,1.1,0.8,12,0,0,0.833349968366517,0.928705830694519,TRUE,0,TRUE,TRUE,0,0,0.47033191252529,0.410080511859768,TRUE,0,TRUE,TRUE,1.09359701548186e-69,1.20881537860938e-62,1.09359701548133e-69,1.2088153786088e-62,"M2.1","M1.1","M1.1","Both","Both","Both",14,14,139,14
"model4",0.84,0.05,0.7,0.6,5,0,0,0.233990698057908,0.859522503175073,TRUE,0,TRUE,TRUE,0,0,0.579798678632047,0.797532714551663,TRUE,0,TRUE,TRUE,6.57301709331108e-258,3.56219749694549e-183,2.20017923199322e-285,1.16129224111208e-184,"Other","M1.1","Other","Both","Both","Both",9,9,149,9
"model3",1.5,0.24,1.3,1,6,1.19629651540443e-05,0.900929072995966,-0.205258314368076,0.00771508741326763,TRUE,0.0743681145300949,FALSE,FALSE,1.28286098812769e-05,0.848981507019103,-0.138561120573172,0.00689074528557106,TRUE,0.0449631044249564,FALSE,FALSE,0.852023936419534,0.1949160298144,0.852023936419529,0.194916029814399,"M3","M3","M3","Both","No.Med","No.Med",9,9,178,9
"model2",0.91,0.12,1.2,0.7,5,0,0,6.55600826221936,3.5974111114723,TRUE,0,TRUE,TRUE,0,0,0.0560612738019371,0.100315346054004,TRUE,0,TRUE,TRUE,8.8207705350027e-66,7.040433155008e-49,8.82077053500446e-66,7.04043315500931e-49,"Other","M2.1","M2.1","Both","Both","Both",8,8,146,8
"model3",1.04,0.38,1.2,0.8,12,1.50731507275736e-08,0.00516892116552037,-0.282876158454774,-0.180457941392267,TRUE,0.000515607551548528,TRUE,TRUE,3.86212792857776e-08,0.0032720701810387,-0.163040757026246,-0.0724929154000784,TRUE,0.000210558617829391,TRUE,TRUE,0.00342507705839346,0.00110687928872216,0.00342507705839356,0.00110687928872214,"M3","M4","M4","Both","Both","Both",13,13,145,13
"model3",0.48,0.16,0.6,0.8,12,0,0,0.686138067560757,0.660945440043235,TRUE,0,TRUE,TRUE,0,0,0.252826532611072,0.528180681923545,TRUE,0,TRUE,TRUE,1.30331089940088e-62,5.13382141721904e-42,1.30331089940043e-62,5.13382141722095e-42,"M0.1","M4","M4","Both","Both","Both",14,14,146,14
"model4",0.21,0.42,0.7,0.7,14,0,0,0.700341337731424,0.729441030543747,TRUE,0,TRUE,TRUE,0,0,0.816654535006477,0.713953135942789,TRUE,0,TRUE,TRUE,1.34397340936289e-105,1.16460751453698e-28,1.34397340936384e-105,1.16460751453698e-28,"M0.2","M4","M4","Both","Both","Both",16,16,187,16
"model1",1.26,0.12,0.5,0.9,11,0,0,1.79785480955678,1.23550278634199,TRUE,0,TRUE,TRUE,0,0,0.27529358064307,0.606599763045265,TRUE,0,TRUE,TRUE,7.83975818875564e-198,1.62858294335141e-144,7.83975818875207e-198,1.62858294335122e-144,"M2.1","M1.1","M1.1","Both","Both","Both",13,13,145,13
"model3",0.4,0.13,0.8,1,15,0.000437250605403339,0.209102015119144,-0.103473487988682,0.0507787011804137,TRUE,0.0188549890822108,FALSE,FALSE,0.000706683481434434,0.203923682860965,-0.17180850126651,0.0463805880581903,TRUE,0.0117919711710241,FALSE,FALSE,0.216955097905863,0.397832698957561,0.216955097905863,0.397832698957573,"M3","M3","M3","Both","No.Med","No.Med",17,17,157,17
"model2",0.54,0.31,1.1,0.6,8,0,0,5.95458950389717,18.9260346487711,TRUE,0,TRUE,TRUE,0,0,0.0176886197439413,0.0155498017617142,TRUE,0,TRUE,TRUE,1.51903433188424e-51,5.81659731465361e-35,1.51903433188441e-51,5.81659731465294e-35,"M0.1","M2.1","M2.1","Both","Both","Both",9,9,164,9
"model1",0.84,0.13,1,0.6,8,0,0,1.26879271825682,0.943100423618375,TRUE,0,TRUE,TRUE,0,0,0.431737755645011,0.285134866195336,TRUE,0,TRUE,TRUE,1.68796572984751e-46,3.64171783388127e-51,1.68796572984835e-46,3.64171783388304e-51,"M2.1","M1.1","M1.1","Both","Both","Both",9,9,151,9
"model0",0.81,0.08,0.8,0.9,10,0.00125728517116808,0,-4.39794884061329,0.555494878337042,TRUE,0,TRUE,TRUE,0.00110041335562383,0,-0.00331364792376249,0.528088525923745,TRUE,0,TRUE,TRUE,7.9949645745023e-51,1.01687076604623e-23,7.99496457450139e-51,1.01687076604623e-23,"M0.1","M2.1","M1.1","Both","Both","Both",16,16,167,16
"model1",1.17,0.29,1.5,0.9,11,0,0,0.913044921007949,0.987504682364954,TRUE,0,TRUE,TRUE,0,0,0.302130223129585,0.28370886428271,TRUE,0,TRUE,TRUE,1.9913243058072e-48,6.20866094293965e-45,1.99132430580769e-48,6.20866094294045e-45,"M2.1","M1.1","M1.1","Both","Both","Both",13,13,166,13
"model2",0.3,0.22,1.4,1,6,0,0,13.1448463454875,-18.6917726981915,TRUE,0,TRUE,TRUE,0,0,0.0456326972230822,-0.0273258206439143,TRUE,0,TRUE,TRUE,1.29000432241449e-103,4.20394605755676e-71,1.29000432241339e-103,4.20394605755304e-71,"Other","M2.1","M2.1","Both","Both","Both",10,10,171,10
"model2",0.48,0.46,1.3,0.6,2,0,0,13.4958031020517,55.9602339913456,TRUE,0,TRUE,TRUE,0,0,0.0308466747909271,0.00369643448596127,TRUE,0,TRUE,TRUE,3.69572138120203e-35,8.97970291520477e-25,3.69572138120144e-35,8.97970291520432e-25,"Other","M2.1","M2.1","Both","Both","Both",3,3,144,3
"model4",0.72,0.4,1.4,0.9,4,3.64153152077051e-14,0,0.211063091347306,0.433996829375111,TRUE,0,TRUE,TRUE,2.68673971959288e-14,0,0.396713310058574,0.678505968841851,TRUE,0,TRUE,TRUE,5.83646147841227e-52,3.73041196803716e-47,5.83646147841227e-52,3.73041196803668e-47,"M4","M4","M4","Both","Both","Both",4,4,152,4
"model4",0.56,0.21,1.2,0.8,4,0,0,0.248642332258941,0.47558451144016,TRUE,0,TRUE,TRUE,0,0,0.865451748765626,0.765253553382903,TRUE,0,TRUE,TRUE,1.15148445668573e-66,2.94280541106753e-64,1.15148445668586e-66,2.9428054110687e-64,"M1.2","M4","M4","Both","Both","Both",6,6,154,6
"model1",0.55,0.07,1.3,0.5,11,0,0,1.28653661610787,0.89795696727948,TRUE,0,TRUE,TRUE,0,0,0.373068846729822,0.283863876659882,TRUE,0,TRUE,TRUE,1.35506748583376e-43,1.516598939949e-40,1.35506748583438e-43,1.51659893994937e-40,"M2.1","M1.1","M1.1","Both","Both","Both",12,12,163,12
"model0",0.78,0.23,0.8,0.6,1,5.1683148576398e-06,0.000643294278629858,1.19585592952042,1.10379402776788,TRUE,6.63210941728844e-05,TRUE,TRUE,4.72217191616053e-06,0.000612732449461362,0.0256277164711117,0.0162147067758806,TRUE,4.04549336514334e-05,TRUE,TRUE,0.000558198133578968,0.00561236140645274,0.000558198133578975,0.00561236140645282,"M2.1","M1.1","M1.1","Both","Both","Both",4,4,151,4
"model2",0.84,0.43,0.5,0.7,13,0,0,1.4207181845739,2.65195339841408,TRUE,0,TRUE,TRUE,0,0,0.124458126929502,0.135817749053778,TRUE,0,TRUE,TRUE,4.83228002222017e-65,1.12699034892048e-42,4.83228002221934e-65,1.12699034892043e-42,"M1.1","M2.1","M2.1","Both","Both","Both",14,14,166,14
"model4",0.36,0.08,0.5,0.9,15,0,0,0.455277980060235,0.474569890501181,TRUE,0,TRUE,TRUE,0,0,1.10348031385883,0.909898099531678,TRUE,0,TRUE,TRUE,1.3593328749736e-81,9.85210967603763e-66,1.35933287497441e-81,9.85210967604296e-66,"M0.2","M1.2","M1.2","Both","Both","Both",16,16,146,16
"model4",0.63,0.37,1.3,0.9,2,0,0,0.37060974338225,0.44607241545974,TRUE,0,TRUE,TRUE,0,0,0.703489346175212,0.906125049926045,TRUE,0,TRUE,TRUE,1.35897512136849e-76,2.71628635732443e-76,1.35897512136864e-76,2.71628635732474e-76,"M4","M1.2","M1.2","Both","Both","Both",670,670,145,1
"model0",1.4,0.29,1.4,1,11,0.00415273287226015,2.23516852582151e-07,0.725308038023284,1.59571207043662,TRUE,2.51520014190345e-08,TRUE,TRUE,0.00308040174915636,8.22796955013416e-08,0.017533973058804,0.025101689164493,TRUE,5.95169474252613e-09,TRUE,TRUE,2.51269025683944e-07,0.00167230905996371,2.51269025683935e-07,0.00167230905996374,"M0.1","M1.1","M1.1","Both","Both","Both",13,13,174,13
"model4",0.48,0.32,0.9,0.6,2,0,0,0.253103820047844,0.323955045911578,TRUE,0,TRUE,TRUE,0,0,0.548338090224443,0.552803007977598,TRUE,0,TRUE,TRUE,3.12511510616855e-30,1.6645678721903e-27,3.12511510616905e-30,1.66456787219076e-27,"M4","M4","M4","Both","Both","Both",2,2,172,2
"model0",0.42,0.06,1.4,0.7,13,0.000940201093601045,0.348408294636896,-7.32821209532026,0.390541051460723,TRUE,0.030630438121225,FALSE,FALSE,0.00159394758328624,0.389858354439894,-0.00213013213407837,0.00355901817724825,TRUE,0.0216833946130876,FALSE,FALSE,0.341872717876953,0.289235908850485,0.341872717876958,0.289235908850475,"M0.1","M0.1","M0.1","Both","No.Med","No.Med",14,14,173,14
"model1",0.21,0.45,1.2,0.7,5,0,0,1.45139356466935,1.03666539348992,TRUE,0,TRUE,TRUE,0,0,0.267215322036016,0.26972800033267,TRUE,0,TRUE,TRUE,1.11952658692856e-48,6.80669895508276e-43,1.11952658692894e-48,6.8066989550814e-43,"M0.1","M1.1","M1.1","Both","Both","Both",8,8,132,8
"model1",0.49,0.1,0.6,0.7,9,0,0,0.9733638046923,1.07279183261362,TRUE,0,TRUE,TRUE,0,0,0.167192145136577,0.611297123761706,TRUE,0,TRUE,TRUE,2.27286733894543e-153,4.70337365838278e-119,2.27286733894659e-153,4.70337365838492e-119,"M0.1","M1.1","M1.1","Both","Both","Both",11,11,154,11
"model4",0.24,0.46,1.5,0.8,5,0,0,0.719980115325297,0.454696290045172,TRUE,0,TRUE,TRUE,0,0,1.02008516050786,0.946091530674042,TRUE,0,TRUE,TRUE,2.71673960668203e-82,2.92486354170307e-63,2.71673960668156e-82,2.92486354170166e-63,"M1.2","M1.2","M1.2","Both","Both","Both",7,7,186,7
"model0",0.72,0.46,0.6,0.6,8,9.14157638476354e-12,0.561397048549616,4.35987661641123,0.614144622896334,TRUE,0.0478836560004102,FALSE,FALSE,3.31876748305149e-11,0.561928757841696,0.0149673683988354,0.00096235430894525,TRUE,0.0306685233841753,FALSE,FALSE,0.533912181264046,0.0182114092374694,0.533912181264055,0.0182114092374677,"M0.1","M0.1","M0.1","Both","No.Med","No.Med",9,9,167,9
"model4",0.24,0.41,0.9,0.6,15,0,0,0.350211093973385,0.4277856902412,TRUE,0,TRUE,TRUE,0,0,0.674563021729278,0.69049316414066,TRUE,0,TRUE,TRUE,3.73559532069908e-51,7.38837788387837e-35,3.73559532070255e-51,7.38837788387933e-35,"M0.2","M4","M4","Both","Both","Both",17,17,159,17
"model2",1.05,0.38,0.6,0.7,5,0,0,-8.596833690127,-3.45012903707398,TRUE,0,TRUE,TRUE,0,0,-0.0473779042099826,-0.103281075523657,TRUE,0,TRUE,TRUE,7.26259731406801e-65,1.76646305791169e-41,7.26259731406677e-65,1.76646305791126e-41,"Other","M2.1","M2.1","Both","Both","Both",7,7,167,7
"model4",0.3,0.08,1.1,0.5,3,0.151147165169022,0,0.0504070895044775,0.306546323740142,TRUE,0,TRUE,TRUE,0.13763017758543,0,0.0607229167156384,0.499380688261227,TRUE,0,TRUE,TRUE,1.11431362519118e-25,9.62843208297088e-20,1.11431362519133e-25,9.62843208297053e-20,"M3","M4","M4","Both","Both","Both",3,3,131,3
"model3",0.9,0.15,0.5,1,6,1.45793615735634e-06,0,-0.278861046828262,0.767515819799504,TRUE,0,TRUE,TRUE,1.80843053576574e-06,0,-0.122998852666748,0.595845612472217,TRUE,0,TRUE,TRUE,5.3163960522996e-89,2.19402087629514e-38,5.31639605230354e-89,2.19402087629571e-38,"M0.1","M1.1","M1.1","Both","Both","Both",9,9,163,9
"model1",0.32,0.08,1.5,0.8,3,0,0,0.786466775805502,1.03630172371058,TRUE,0,TRUE,TRUE,0,0,0.446481627128916,0.428973115333951,TRUE,0,TRUE,TRUE,2.51889902739048e-86,9.12575406332961e-77,2.51889902738847e-86,9.12575406332857e-77,"M4","M1.1","M1.1","Both","Both","Both",4,4,159,4
"model0",0.72,0.17,0.8,0.6,11,1.97806083281904e-05,0.952502959602197,-2.89411340748076,-0.0433099875815463,TRUE,0.0783845278301997,FALSE,FALSE,4.79663063017721e-05,0.943627526228853,-0.00886354774735555,-8.98834243562803e-05,TRUE,0.0496084512473104,FALSE,FALSE,0.959834974448616,0.024623499341973,0.959834974448571,0.0246234993419755,"M0.1","M0.1","M0.1","Both","No.Med","No.Med",12,12,164,12
"model1",0.84,0.11,1.1,0.6,14,0,0,0.777021672433887,0.940196729313341,TRUE,0,TRUE,TRUE,0,0,0.371741332778543,0.645905861525015,TRUE,0,TRUE,TRUE,7.65554127395477e-134,3.52930627163244e-98,7.65554127395782e-134,3.52930627163385e-98,"M2.1","M1.1","M1.1","Both","Both","Both",15,15,154,15
"model2",0.32,0.22,1.5,0.8,7,0,0,28.1491998999548,25.9969868990033,TRUE,0,TRUE,TRUE,0,0,0.0240915083161606,0.0147449218513806,TRUE,0,TRUE,TRUE,6.90719953685127e-71,3.42551923329423e-61,6.90719953685245e-71,3.42551923329491e-61,"Other","M2.1","M2.1","Both","Both","Both",8,8,135,8
"model1",1.1,0.36,0.6,1,5,0,0,1.00390914038846,1.0956551826582,TRUE,0,TRUE,TRUE,0,0,0.42940797758103,0.628215856883155,TRUE,0,TRUE,TRUE,1.83104602679935e-168,5.12849947615005e-96,1.83104602679915e-168,5.12849947615122e-96,"M2.1","M1.1","M1.1","Both","Both","Both",7,7,163,7
"model1",0.25,0.23,0.5,0.5,13,0,0,3.94274054292645,1.07028394377516,TRUE,0,TRUE,TRUE,0,0,0.113858340739559,0.180353730718705,TRUE,0,TRUE,TRUE,4.22053630859879e-32,3.60557987399188e-24,4.22053630860305e-32,3.60557987399259e-24,"Other","M1.1","M1.1","Both","Both","Both",15,15,181,15
"model0",0.99,0.35,1.5,0.9,15,2.57964162697633e-07,0.00729332849130548,7.41934443036915,2.56204665199147,TRUE,0.000723413363080244,TRUE,TRUE,3.04963289066151e-07,0.00356460505772893,0.00530411668663824,0.00453012095405109,TRUE,0.000228556789672256,TRUE,TRUE,0.00593225610319711,0.00610177866900415,0.00593225610319757,0.00610177866900462,"M0.1","M1.1","M1.1","Both","Both","Both",15,15,163,15
"model4",0.56,0.47,1.3,0.7,1,0,0,0.25175486494048,0.443375855937472,TRUE,0,TRUE,TRUE,0,0,0.594183853471361,0.759508105732518,TRUE,0,TRUE,TRUE,6.18877772396542e-61,4.52244084992774e-66,6.18877772396472e-61,4.52244084992838e-66,"M4","M4","M4","Both","Both","Both",3,3,150,3
"model2",1.12,0.02,0.6,0.8,7,0,3.46611628287974e-13,-1.44154040550699,0.81729679472921,TRUE,4.11496182509599e-14,TRUE,TRUE,0,3.81916720471054e-14,-0.213282485457976,0.0962771449843142,TRUE,2.90967993326211e-15,TRUE,TRUE,2.1106011213607e-15,0.000790969241361902,2.36843499457971e-14,0.00228877507606635,"Other","M1.1","Other","Both","Both","Both",7,7,147,7
"model4",0.7,0.06,0.5,0.7,2,0,0,0.404048048773195,0.297774498982567,TRUE,0,TRUE,TRUE,0,0,1.19452952311366,1.13081184822589,TRUE,0,TRUE,TRUE,7.68354861912517e-61,1.24694437088338e-53,7.68354861912867e-61,1.24694437088384e-53,"M1.2","M1.2","M1.2","Both","Both","Both",4,4,130,4
"model2",0.3,0.5,0.5,0.6,13,0,0,-5.37388017379589,-6.86160251653286,TRUE,0,TRUE,TRUE,0,0,-0.0314010681680581,-0.0424116851488519,TRUE,0,TRUE,TRUE,1.96959782564768e-50,5.63832231940158e-42,1.96959782564819e-50,5.63832231939925e-42,"M0.1","M2.1","M2.1","Both","Both","Both",15,15,162,15
"model3",0.7,0.33,0.8,0.7,13,0.00128726688312342,0,0.107496539811304,0.558293041948709,TRUE,0,TRUE,TRUE,0.000708709805247176,0,0.151314929161881,0.675489834559797,TRUE,0,TRUE,TRUE,1.23988411497634e-68,4.07780094345634e-41,1.23988411497563e-68,4.077800943455e-41,"M3","M4","M4","Both","Both","Both",16,16,154,16
"model0",0.28,0.38,1.5,0.7,9,0,3.77475828372553e-14,-9.19896878925362,-5.14700307756197,TRUE,4.4900486386368e-15,TRUE,TRUE,0,5.41788836017076e-14,-0.0461555001789759,-0.0146890834474863,TRUE,4.12369352783602e-15,TRUE,TRUE,7.04121581407055e-13,0.374162156881079,7.04121581407008e-13,0.374162156881076,"M0.1","M2.1","M0.1","Both","Both","Both",8,8,156,8
"model0",0.91,0.04,1.4,0.7,10,0,0,17.9990237664388,0.890338982633527,TRUE,0,TRUE,TRUE,0,0,0.0135751170946467,0.410847574556312,TRUE,0,TRUE,TRUE,5.2132263638566e-98,2.42337073660337e-26,5.41657082295419e-79,2.08942224813351e-21,"M2.1","M1.1","M1.1","Both","Both","Both",14,14,164,14
"model4",0.88,0.46,1.3,0.8,2,0,0,0.467028459166877,0.489333754924244,TRUE,0,TRUE,TRUE,0,0,0.945071739745827,0.874545268576737,TRUE,0,TRUE,TRUE,3.22417569233157e-82,1.05425879090778e-72,3.22417569233295e-82,1.05425879090805e-72,"Other","M4","M1.2","Both","Both","Both",3,3,146,3
"model0",0.48,0.37,0.8,0.6,8,0.00126724047765725,8.53523098642839e-07,0.6555488512248,1.10570052732742,TRUE,9.55212558894769e-08,TRUE,TRUE,0.00119018806474114,7.26335049439086e-07,0.0253760525211019,0.0345739201307308,TRUE,5.20135118264499e-08,TRUE,TRUE,4.39786942861483e-07,0.000585269717644937,4.39786942861429e-07,0.000585269717644921,"M0.1","M1.1","M1.1","Both","Both","Both",9,9,171,9
"model3",0.32,0.35,1.3,0.8,7,0,0,-0.4118448997181,0.567129741397839,TRUE,0,TRUE,TRUE,0,0,-0.848545419901451,0.634121682985924,TRUE,0,TRUE,TRUE,1.67398551351321e-65,1.35206553521287e-48,1.67398551351349e-65,1.35206553521208e-48,"M3","M4","M4","Both","Both","Both",8,8,169,8
"model1",1,0.3,0.7,1,15,0,0,0.783710955884817,0.998688555221685,TRUE,0,TRUE,TRUE,0,0,0.483257495253764,0.599637560908278,TRUE,0,TRUE,TRUE,1.8903955484423e-130,1.02484007662859e-89,1.89039554844112e-130,1.02484007662876e-89,"M2.1","M1.1","M1.1","Both","Both","Both",17,17,148,17
"model2",0.8,0.33,1.1,1,5,0,0,-7.72942652957387,-14.6179377003178,TRUE,0,TRUE,TRUE,0,0,-0.0932704926246093,-0.0364760392023286,TRUE,0,TRUE,TRUE,8.65142845770988e-111,1.60058707692595e-95,8.65142845771061e-111,1.60058707692672e-95,"Other","M2.1","M2.1","Both","Both","Both",7,7,147,7
"model1",0.72,0.14,1.2,0.6,12,0,0,1.05710124970618,0.945859143074432,TRUE,0,TRUE,TRUE,0,0,0.357703451313007,0.717784100721446,TRUE,0,TRUE,TRUE,9.29651851906204e-162,6.20941821583309e-117,9.2965185190668e-162,6.20941821583485e-117,"M2.1","M1.1","M1.1","Both","Both","Both",17,17,156,17
"model1",0.75,0.36,1,0.5,7,0,0,1.12880795116259,1.01969892689577,TRUE,0,TRUE,TRUE,0,0,0.272084340235015,0.215974327822312,TRUE,0,TRUE,TRUE,2.42560207361373e-37,5.23404116415836e-38,2.42560207361265e-37,5.23404116415504e-38,"M2.1","M1.1","M1.1","Both","Both","Both",8,8,145,8
"model3",0.6,0.39,0.9,0.6,2,0,3.19588591146669e-07,-0.628227485401776,-0.288758173565256,TRUE,3.5897118236005e-08,TRUE,TRUE,0,3.09040047774545e-07,-0.363949401680466,-0.130183147351813,TRUE,2.22317836971026e-08,TRUE,TRUE,4.98498672900075e-07,0.000712737055301555,4.98498672900091e-07,0.000712737055301619,"M3","M4","M4","Both","Both","Both",4,4,153,4
"model3",0.7,0.25,0.9,0.5,3,0,0,-0.686769678048542,0.614749084839038,TRUE,0,TRUE,TRUE,0,0,-0.375527077891517,0.543770888686956,TRUE,0,TRUE,TRUE,3.90546045335051e-60,2.82649485152895e-29,3.90546045335051e-60,2.8264948515294e-29,"M3","M4","M4","Both","Both","Both",6,6,140,6
"model3",0.54,0.47,1.5,0.6,2,0,1.17819805676156e-05,0.473598073561702,0.17290281730173,TRUE,1.28467016991442e-06,TRUE,TRUE,0,2.16165439099747e-05,0.421535616006101,0.158624075213565,TRUE,1.50020314969702e-06,TRUE,TRUE,1.76821562140741e-05,1.52901963651761e-09,1.76821562140766e-05,1.52901963651785e-09,"M4","M4","M4","Both","Both","Both",670,670,130,1
"model1",0.28,0.43,1.5,0.7,4,0,0,1.61201961940444,0.98426514070459,TRUE,0,TRUE,TRUE,0,0,0.411185197939531,0.355929631484842,TRUE,0,TRUE,TRUE,1.00313207847701e-63,4.51628338454279e-59,1.00313207847707e-63,4.51628338454382e-59,"M1.1","M1.1","M1.1","Both","Both","Both",5,5,164,5
"model2",0.48,0.02,0.7,0.6,3,0,0,-2.04413897303063,0.425646572508478,TRUE,0,TRUE,TRUE,0,0,-0.19502959309927,0.277614422420301,TRUE,0,TRUE,TRUE,1.22764319297218e-22,2.60065176269505e-08,7.2138630949234e-19,1.86418042028444e-08,"Other","M1.1","M1.1","Both","Both","Both",5,5,149,5
"model3",0.75,0.47,1.4,0.5,13,0.0187670314751329,0.00316215101195794,-0.110958435101269,-0.143878627344858,TRUE,0.000318529294573143,TRUE,TRUE,0.0185083398468437,0.00217795669504595,-0.0718402392118286,-0.0963912184636842,TRUE,0.00014084308530286,TRUE,TRUE,0.00257756561090897,0.451116514062103,0.00257756561090888,0.451116514062105,"M3","M4","M3","Both","Both","Both",13,13,170,13
"model0",1.4,0.17,0.8,1,13,3.46112580817959e-08,0,0.892612744575519,1.08288281993731,TRUE,0,TRUE,TRUE,7.48248554227615e-08,0,0.0476595032802984,0.357171676986257,TRUE,0,TRUE,TRUE,4.75305085601151e-71,5.00989176179561e-34,4.75305085601259e-71,5.0098917617938e-34,"M0.1","M1.1","M1.1","Both","Both","Both",14,14,158,14
"model1",1.04,0.5,1.3,0.8,6,0,0,1.1521823279726,1.10871907058341,TRUE,0,TRUE,TRUE,0,0,0.420162196937242,0.403454300270481,TRUE,0,TRUE,TRUE,8.73093226401194e-87,2.2322491495731e-85,8.7309322640107e-87,2.2322491495731e-85,"M1.1","M1.1","M1.1","Both","Both","Both",6,6,133,6
"model1",0.32,0.11,0.9,0.8,10,0,0,0.931349908519822,1.01147841429314,TRUE,0,TRUE,TRUE,0,0,0.551388782758515,0.43100836593527,TRUE,0,TRUE,TRUE,2.25342604745695e-83,3.98689561653162e-67,2.25342604745714e-83,3.98689561652901e-67,"M0.1","M1.1","M1.1","Both","Both","Both",10,10,160,10
"model2",0.42,0.26,1.5,0.6,3,0,0,-30.0085868529726,129.395613615518,TRUE,0,TRUE,TRUE,0,0,-0.00555324609342422,0.00175575678450917,TRUE,0,TRUE,TRUE,1.10915275613717e-38,7.80982015403542e-24,1.10915275613706e-38,7.80982015403757e-24,"M0.1","M2.1","M2.1","Both","Both","Both",7,7,148,7
"model3",0.49,0.02,0.6,0.7,8,0,0,0.37991162350559,0.520623460846601,TRUE,0,TRUE,TRUE,0,0,0.50728761560146,0.676688588217146,TRUE,0,TRUE,TRUE,3.80965683628637e-68,2.61470049821909e-64,6.02686756253467e-88,6.01496508749539e-67,"M0.2","M4","M1.2","Both","Both","Both",11,11,149,11
"model1",0.2,0.03,1.4,0.5,14,5.95725690999416e-11,0,2.80789006840844,1.42877177982782,TRUE,0,TRUE,TRUE,2.26463292563039e-11,0,0.0217867123791112,0.0815767959718882,TRUE,0,TRUE,TRUE,1.25988505126957e-20,9.81502770087044e-18,4.84473584107407e-24,6.08193895620229e-17,"Other","M1.1","M1.1","Both","Both","Both",17,17,154,17
"model2",0.25,0.23,1.2,0.5,2,3.99902333469981e-13,0,-17.1261394853376,12.8698197919045,TRUE,0,TRUE,TRUE,2.56239474083486e-13,0,-0.00437784775315405,0.0094039539727217,TRUE,0,TRUE,TRUE,2.68832846295375e-20,6.01146172586585e-10,2.68832846295191e-20,6.01146172586553e-10,"M0.1","M2.1","M2.1","Both","Both","Both",3,3,152,3
"model1",0.48,0.11,1.1,0.6,4,1.73245762535856e-06,0,0.372054909016448,1.03978919781608,TRUE,0,TRUE,TRUE,2.23860936054976e-06,0,0.0892955478579379,0.254079636502413,TRUE,0,TRUE,TRUE,7.56834676594958e-46,1.19042292449432e-31,7.56834676594903e-46,1.19042292449429e-31,"M0.1","M1.1","M1.1","Both","Both","Both",5,5,163,5
"model0",0.35,0.03,1.2,0.7,9,0.292922526341062,0,-0.555237495556964,1.20201815495871,TRUE,0,TRUE,TRUE,0.302118482997264,0,-0.00344481097621857,0.327261198778909,TRUE,0,TRUE,TRUE,3.09281423860685e-90,1.48436705018333e-60,3.81971774978263e-129,2.87117049173976e-57,"M0.1","M1.1","M1.1","Both","Both","Both",10,10,164,10
"model2",0.84,0.3,0.9,0.6,7,0,0,13.5088112833063,-14.1599172615027,TRUE,0,TRUE,TRUE,0,0,0.0113528891735528,-0.0183955213142461,TRUE,0,TRUE,TRUE,6.2999660318899e-45,5.28995390861269e-28,6.29996603188945e-45,5.28995390861231e-28,"Other","M2.1","M2.1","Both","Both","Both",8,8,157,8
"model4",0.9,0.41,0.8,0.9,7,0,0,0.42237954264554,0.516444534889534,TRUE,0,TRUE,TRUE,0,0,0.556650444545783,0.852682478147988,TRUE,0,TRUE,TRUE,1.28887934569679e-84,2.38185614206598e-57,1.28887934569653e-84,2.38185614206554e-57,"M4","M4","M1.2","Both","Both","Both",9,9,175,9
"model3",0.32,0.25,0.9,0.8,7,0.118360021120461,0,0.0720969255753899,0.668717861638518,TRUE,0,TRUE,TRUE,0.110183696278978,0,0.0558938820588174,0.608287696097873,TRUE,0,TRUE,TRUE,2.01457857577051e-76,3.56536371176328e-57,2.01457857576942e-76,3.56536371176542e-57,"M0.1","M4","M4","Both","Both","Both",8,8,148,8
"model4",0.66,0.17,1,0.6,12,0,0,0.386654316298352,0.745952770032945,TRUE,0,TRUE,TRUE,0,0,0.687481389194042,0.861374690879014,TRUE,0,TRUE,TRUE,4.09005680332287e-147,1.74530898198012e-108,4.09005680332333e-147,1.74530898198046e-108,"M4","M4","M4","Both","Both","Both",15,15,157,15
"model1",0.42,0.06,1.3,0.7,4,0,0,0.738728463499044,0.999710796673786,TRUE,0,TRUE,TRUE,0,0,0.222526633992881,0.660808516186797,TRUE,0,TRUE,TRUE,1.51083002785938e-156,2.95524706806444e-112,1.51083002785852e-156,2.95524706806444e-112,"M0.1","M1.1","M1.1","Both","Both","Both",6,6,138,6
"model2",0.64,0.2,0.6,0.8,6,0,0,5.32965460085173,-19.7460777782966,TRUE,0,TRUE,TRUE,0,0,0.0745235642691327,-0.0189302164480882,TRUE,0,TRUE,TRUE,1.70725166701533e-68,4.29049268035954e-60,1.70725166701533e-68,4.29049268036028e-60,"M2.1","M2.1","M2.1","Both","Both","Both",10,10,140,10
"model3",1.05,0.35,0.7,0.7,11,0.0292116337886235,0,0.116291770166521,0.700244481492815,TRUE,0,TRUE,TRUE,0.025733532773917,0,0.0592681378841115,0.573560590855904,TRUE,0,TRUE,TRUE,1.24489666852194e-74,6.18152581148946e-38,1.24489666852194e-74,6.18152581148946e-38,"M0.1","M4","M4","Both","Both","Both",13,13,171,13
"model0",0.42,0.48,0.8,0.6,12,0,0.00948229356578545,-4.48744638699823,2.05812902478915,TRUE,0.000935832042427989,TRUE,TRUE,0,0.00937846743848447,-0.0497055996082969,0.00524433775701237,TRUE,0.000593796473906723,TRUE,TRUE,0.00788521293782649,0.100022408712375,0.00788521293782686,0.100022408712373,"M0.1","M1.1","M0.1","Both","Both","Both",13,13,166,13
"model3",1.3,0.35,1,1,11,0.00661599299630455,0,-0.139073099023355,0.598111745806893,TRUE,0,TRUE,TRUE,0.0053998652992675,0,-0.0835165222960693,0.573458314479298,TRUE,0,TRUE,TRUE,1.79368468076079e-61,1.26342394037777e-35,1.79368468076023e-61,1.26342394037697e-35,"M3","M4","M4","Both","Both","Both",12,12,157,12
"model0",0.98,0.18,1.2,0.7,10,0.718020920208033,0.232155338779344,2.71334946924954,14.9636149984555,TRUE,0.0208725262288738,FALSE,FALSE,0.767404058209948,0.240602111420312,4.90842425973203e-05,0.000139508802399853,TRUE,0.0138316137959687,FALSE,FALSE,0.24220157920388,0.29265080677033,0.242201579203886,0.292650806770324,"M0.1","M0.1","M0.1","Both","No.Med","No.Med",9,9,151,9
"model1",1.17,0.42,0.5,0.9,13,0,0,3.05312271470022,0.951557212818684,TRUE,0,TRUE,TRUE,0,0,0.210106012496273,0.689207763518214,TRUE,0,TRUE,TRUE,1.87755314603086e-152,1.91638216098361e-117,1.87755314603108e-152,1.91638216098427e-117,"M2.1","M1.1","M1.1","Both","Both","Both",15,15,164,15
"model4",1.17,0.22,0.7,0.9,4,0,0,0.470844201194456,0.491903726039356,TRUE,0,TRUE,TRUE,0,0,0.72862842139342,0.830657297449163,TRUE,0,TRUE,TRUE,3.30981199256906e-77,3.93996713837938e-54,3.30981199256944e-77,3.93996713837938e-54,"M1.2","M1.2","M1.2","Both","Both","Both",5,5,151,5
"model1",0.9,0.39,0.8,0.9,11,0,0,0.938167529754082,1.01269954999338,TRUE,0,TRUE,TRUE,0,0,0.470601428481411,0.383159142061651,TRUE,0,TRUE,TRUE,9.12872128056829e-72,8.73707675102709e-63,9.12872128057479e-72,8.73707675103132e-63,"Other","M1.1","M1.1","Both","Both","Both",10,10,159,10
"model1",0.6,0.23,1.4,0.6,1,0,0,1.47934497245101,1.040792184585,TRUE,0,TRUE,TRUE,0,0,0.325102830603176,0.35092691676855,TRUE,0,TRUE,TRUE,2.35633845003831e-67,2.32879835788163e-65,2.35633845004066e-67,2.32879835788375e-65,"M1.1","M1.1","M1.1","Both","Both","Both",2,2,150,2
"model2",0.66,0.21,0.9,0.6,10,0,0,-2.99100966554329,0.424542535534877,TRUE,0,TRUE,TRUE,0,0,-0.103356087907914,0.308822044449502,TRUE,0,TRUE,TRUE,1.16203398392594e-21,8.07448463660807e-15,1.16203398392513e-21,8.07448463660807e-15,"M2.1","M2.1","M2.1","Both","Both","Both",13,13,143,13
"model4",0.6,0.01,0.9,1,15,0,0,0.374266297829554,0.614138111812535,TRUE,0,TRUE,TRUE,0,0,0.593599555585753,1.10258693023626,TRUE,0,TRUE,TRUE,0,3.75564879640244e-161,2.13816837906167e-265,3.4257020297482e-169,"Other","M1.2","Other","Both","Both","Both",17,17,163,17
"model2",0.49,0.2,0.9,0.7,10,0,0,3.45575015995154,8.02969606811498,TRUE,0,TRUE,TRUE,0,0,0.127651526356153,0.0312651491158513,TRUE,0,TRUE,TRUE,7.31979627600031e-43,1.92047985420415e-37,7.31979627600105e-43,1.92047985420393e-37,"M0.1","M2.1","M2.1","Both","Both","Both",12,12,166,12
"model4",0.99,0.4,1.4,0.9,3,0,0,0.412396032941453,0.400007476198999,TRUE,0,TRUE,TRUE,0,0,0.898362298095262,0.8213387997002,TRUE,0,TRUE,TRUE,3.6463184429617e-59,1.08100984604232e-69,3.64631844296087e-59,1.08100984604202e-69,"M1.2","M4","M1.2","Both","Both","Both",3,3,143,3
"model2",0.9,0.49,1.3,0.6,12,0,0,-2.5900323333834,-13.5471657366199,TRUE,0,TRUE,TRUE,0,0,-0.0929864582644106,-0.0225248582362985,TRUE,0,TRUE,TRUE,2.7922016557277e-53,1.09383437127612e-36,2.79220165572702e-53,1.09383437127625e-36,"Other","M2.1","M2.1","Both","Both","Both",15,15,164,15
"model2",0.72,0.48,1.1,0.9,7,0,0,6.0288810705633,-70.8659763395002,TRUE,0,TRUE,TRUE,0,0,0.12743910286769,-0.00627467950443739,TRUE,0,TRUE,TRUE,7.64705763056266e-86,2.1795248559362e-65,7.64705763056876e-86,2.17952485593868e-65,"M2.1","M2.1","M2.1","Both","Both","Both",8,8,152,8
"model4",0.24,0.48,0.5,0.6,3,0,0,0.60252644050351,0.318768594352343,TRUE,0,TRUE,TRUE,0,0,1.1330402094417,0.532623701728163,TRUE,0,TRUE,TRUE,1.46652464169896e-28,1.46034580042726e-31,1.4665246416991e-28,1.46034580042776e-31,"M1.2","M4","M4","Both","Both","Both",3,3,155,3
"model3",1.4,0.47,1,1,1,0.873024135226774,0,-0.00326131342242163,0.633506277893377,TRUE,0,TRUE,TRUE,0.886489222592676,0,-0.00316985929334035,0.66008405351662,TRUE,0,TRUE,TRUE,1.15818862947222e-79,6.17055150687749e-53,1.15818862947192e-79,6.17055150687521e-53,"M3","M4","M4","Both","Both","Both",4,4,124,4
"model4",0.36,0.09,1.3,0.9,1,2.95163795664966e-05,0,0.107899876461065,0.35323672162919,TRUE,0,TRUE,TRUE,5.28011849445509e-05,0,0.236566722657246,0.643031619638071,TRUE,0,TRUE,TRUE,5.91469381074641e-39,4.5228644007251e-46,5.91469381074598e-39,4.52286440072407e-46,"M4","M4","M4","Both","Both","Both",2,2,135,2
"model0",0.9,0.27,0.8,0.6,12,0.287397479843819,0.385363685440473,-0.414076025307111,3.17163092674535,TRUE,0.0335437074953106,FALSE,FALSE,0.293391569362978,0.372692648372962,-0.00425911841648051,0.000357547450818601,TRUE,0.0208465214403515,FALSE,FALSE,0.390272952583226,0.119294461837724,0.390272952583245,0.119294461837725,"M0.1","M0.1","M0.1","Both","No.Med","No.Med",13,13,132,13
"model0",0.18,0.31,0.8,0.6,9,0,0.0462916962055309,65.7198523999181,0.939498877599338,TRUE,0.00435622140053914,TRUE,FALSE,0,0.0572947977586549,0.0050932140085288,0.00621818120144241,TRUE,0.00342638507435885,FALSE,FALSE,0.050199369062185,0.0668862921194434,0.0501993690621786,0.0668862921194364,"M0.1","M0.1","M0.1","Both","Cis","No.Med",9,9,164,9
"model2",0.55,0.24,1.1,0.5,3,0,0,-4.44585751812135,-5.85350205064123,TRUE,0,TRUE,TRUE,0,0,-0.0354175816953979,-0.0258056966888498,TRUE,0,TRUE,TRUE,3.17005050575856e-25,1.72992835088705e-14,3.17005050575796e-25,1.72992835088716e-14,"M0.1","M2.1","M2.1","Both","Both","Both",6,6,154,6
"model4",0.4,0.09,0.9,1,12,0,0,0.591424162376116,0.460425406892877,TRUE,0,TRUE,TRUE,0,0,0.845851212710062,0.836143726324088,TRUE,0,TRUE,TRUE,7.55699507603074e-71,3.86270076625391e-63,7.55699507602708e-71,3.86270076625369e-63,"M1.2","M4","M4","Both","Both","Both",12,12,160,12
"model2",0.9,0.13,1,1,1,0,0,-61.4942037504622,-25.9042144182633,TRUE,0,TRUE,TRUE,0,0,-0.00596135062683494,-0.0182668574006185,TRUE,0,TRUE,TRUE,4.57578916897317e-94,3.51762750382684e-59,4.57578916897291e-94,3.51762750382684e-59,"M2.1","M2.1","M2.1","Both","Both","Both",3,3,128,3
"model0",0.2,0.3,1,0.5,11,2.3588782527284e-07,0.0339694796246961,0.789124464720076,1.01754964201315,TRUE,0.00322876959686891,TRUE,FALSE,3.1179515191937e-07,0.0306152628303802,0.0473945456609761,0.00721112186703754,TRUE,0.00186777754533277,TRUE,FALSE,0.0284907486505807,0.035774249357901,0.0284907486505752,0.0357742493579039,"M0.1","M0.1","M0.1","Both","Both","No.Med",12,12,161,12
"model0",0.28,0.45,0.5,0.7,11,0.000316224521751174,0,1.21998470346359,-9.80927256713994,TRUE,0,TRUE,TRUE,0.000806882130340858,0,0.0143268903787905,-0.0121562190842061,TRUE,0,TRUE,TRUE,1.00586287466707e-19,0.0514820116346645,1.00586287466658e-19,0.0514820116346639,"M0.1","M2.1","M0.1","Both","Both","Both",13,13,153,13
"model1",1.1,0.35,1,1,14,0,0,1.10650844424972,1.06422313256641,TRUE,0,TRUE,TRUE,0,0,0.428222817244061,0.739026606340619,TRUE,0,TRUE,TRUE,8.65938374308658e-221,2.82165760558996e-152,8.65938374309101e-221,2.82165760559349e-152,"M2.1","M1.1","M1.1","Both","Both","Both",12,12,145,12
"model0",0.25,0.47,1.4,0.5,14,0.000449496048232856,2.77038392226814e-11,-12.6938137286222,-1.5750045874156,TRUE,3.25443583934878e-12,TRUE,TRUE,0.000318483696715388,1.55659929390595e-11,-0.00144155227118939,-0.0407333331234181,TRUE,1.17005699012351e-12,TRUE,TRUE,5.29323578972014e-11,4.39622227738591e-05,5.29323578971860e-11,4.39622227738641e-05,"M0.1","M2.1","M1.1","Both","Both","Both",14,14,176,14
"model3",0.65,0.23,0.8,0.5,11,0.00046309772615083,0,-0.19999338982471,0.668275325418341,TRUE,0,TRUE,TRUE,0.000884335899963729,0,-0.0809771075214265,0.629314125736505,TRUE,0,TRUE,TRUE,3.48828808909201e-79,2.78750467769231e-49,3.48828808909082e-79,2.78750467769215e-49,"M3","M4","M4","Both","Both","Both",13,13,169,13
"model4",0.72,0.33,1,0.8,14,0,0,0.263913887089127,0.448145067912953,TRUE,0,TRUE,TRUE,0,0,0.802517419655664,0.887149538594818,TRUE,0,TRUE,TRUE,1.13102384194418e-73,4.61088995622845e-60,1.13102384194376e-73,4.61088995622622e-60,"M1.2","M1.2","M4","Both","Both","Both",13,13,166,13
"model1",0.55,0.25,0.8,0.5,15,0,0,1.17993641379491,1.0524627536864,TRUE,0,TRUE,TRUE,0,0,0.277910636631357,0.549228459732231,TRUE,0,TRUE,TRUE,1.03248189404534e-123,1.59530092868722e-88,1.03248189404522e-123,1.59530092868635e-88,"M2.1","M1.1","M1.1","Both","Both","Both",15,15,146,15
"model3",0.25,0.16,1.2,0.5,13,0.0289168944160425,0.0139881003388183,0.108650021379738,-0.116452219259642,TRUE,0.00136978225867227,TRUE,FALSE,0.0370718195994526,0.0109826590814561,0.0635347509173462,-0.0841463626926521,TRUE,0.000692579743768161,TRUE,FALSE,0.0115022835333226,0.00185306478167951,0.0115022835333215,0.00185306478167905,"M3","M3","M4","Both","Both","No.Med",15,15,156,15
"model0",0.25,0.13,0.7,0.5,4,0.031463725726613,0.000524081352502259,0.299426219925391,1.13907770439231,TRUE,5.43038255787965e-05,TRUE,TRUE,0.0403899741689011,0.0004804557577891,0.0234277775737798,0.0165911981817464,TRUE,3.18820017572817e-05,TRUE,TRUE,0.000409669042063032,0.0379189777386574,0.000409669042062977,0.0379189777386601,"M0.1","M1.1","M0.1","Both","Both","Both",9,9,179,9
"model0",0.63,0.33,0.8,0.9,10,0.00414514551694212,0.593352457903197,1.88108610631524,0.431749538041338,TRUE,0.0503647633547089,FALSE,FALSE,0.00457555837044743,0.666861171653015,0.00661689634675408,0.000833572594166731,TRUE,0.0359960441000729,FALSE,FALSE,0.62793347121727,0.825574913828888,0.627933471217261,0.825574913828895,"M0.1","M0.1","M0.1","Both","No.Med","No.Med",11,11,154,11
"model4",0.63,0.48,0.9,0.9,10,0,0,0.559004384807731,0.500972556862736,TRUE,0,TRUE,TRUE,0,0,1.07053814080999,0.925796492328426,TRUE,0,TRUE,TRUE,2.64010233228535e-90,1.40794857519576e-75,2.64010233228663e-90,1.40794857519656e-75,"M1.2","M1.2","M1.2","Both","Both","Both",12,12,135,12
"model2",0.3,0.43,1.5,0.5,15,0,0,-26.0360815171026,-80.1997880672884,TRUE,0,TRUE,TRUE,0,0,-0.0100336545238579,-0.00584560098770766,TRUE,0,TRUE,TRUE,3.17252287557877e-91,5.40987113253278e-33,3.17252287557796e-91,5.40987113253254e-33,"M0.1","M2.1","M2.1","Both","Both","Both",15,15,156,15
"model4",1.17,0.21,1,0.9,13,0,0,0.284668076937456,0.441264085180167,TRUE,0,TRUE,TRUE,0,0,0.764286060122791,0.90095350620019,TRUE,0,TRUE,TRUE,1.1391783884241e-73,1.20075121745726e-59,1.13917838842381e-73,1.20075121745753e-59,"M1.2","M1.2","M1.2","Both","Both","Both",13,13,142,13
"model0",0.28,0.06,0.7,0.7,3,0.00105023219461575,0.373448479190613,1.1400151193243,0.777985001985296,TRUE,0.032598839486022,FALSE,FALSE,0.00123063857566552,0.388518041359211,0.0131716648786603,0.0015320108272649,TRUE,0.0216241302824192,FALSE,FALSE,0.37551831269532,0.304539880826545,0.375518312695331,0.304539880826542,"M0.1","M0.1","M0.1","Both","No.Med","No.Med",5,5,161,5
"model2",0.54,0.49,1.3,0.9,5,0,0,-12.1961884186521,-61.4702357526195,TRUE,0,TRUE,TRUE,0,0,-0.0558738767273374,-0.00700783872661729,TRUE,0,TRUE,TRUE,1.4570484693807e-82,2.19576061720295e-67,1.45704846938108e-82,2.19576061720232e-67,"Other","M2.1","M2.1","Both","Both","Both",6,6,149,6
"model0",0.9,0.35,1.3,1,6,0.680899319958242,0.00143258147575032,0.0758118965099058,0.528411212332656,TRUE,0.000145498201631111,TRUE,TRUE,0.621529614161572,0.0014219214285045,0.00396577443992641,0.0295610130990052,TRUE,9.26372241190143e-05,TRUE,TRUE,0.00129371901082628,0.000917578366678077,0.00129371901082626,0.000917578366678072,"M0.1","M1.1","M1.1","Both","Both","Both",6,6,154,6
"model1",0.56,0.23,1,0.8,11,0,0,0.803960226529863,0.969890793495259,TRUE,0,TRUE,TRUE,0,0,0.454092835922157,0.335935737596468,TRUE,0,TRUE,TRUE,1.00801380716347e-57,3.32840648844467e-49,1.00801380716281e-57,3.32840648844311e-49,"M2.1","M1.1","M1.1","Both","Both","Both",13,13,155,13
"model3",0.96,0.27,0.7,0.8,11,0.0913301492317828,0,-0.054341306203558,0.597857619106363,TRUE,0,TRUE,TRUE,0.105577988549356,0,-0.0780211120184277,0.663513672268311,TRUE,0,TRUE,TRUE,1.82585383027578e-73,7.39786401544338e-47,1.82585383027661e-73,7.39786401544708e-47,"M3","M4","M4","Both","Both","Both",13,13,171,13
"model4",1.08,0.34,1.3,0.9,7,0,0,0.466532930688225,0.499128032415978,TRUE,0,TRUE,TRUE,0,0,0.855633835675011,0.956823255149423,TRUE,0,TRUE,TRUE,1.05436234927291e-94,2.98058239619858e-82,1.05436234927243e-94,2.98058239619713e-82,"M1.2","M1.2","M1.2","Both","Both","Both",7,7,141,7
"model4",0.45,0.09,1.3,0.9,9,0,0,0.541399967778272,0.517427381630472,TRUE,0,TRUE,TRUE,0,0,0.892007580528095,1.04511701616436,TRUE,0,TRUE,TRUE,8.72619475160191e-113,1.33162390217073e-93,8.72619475160787e-113,1.33162390217168e-93,"M1.2","M1.2","M1.2","Both","Both","Both",9,9,157,9
"model4",0.42,0.35,0.7,0.6,4,7.59392548843607e-14,0,0.110998035256667,0.43369409367193,TRUE,0,TRUE,TRUE,5.10702591327572e-15,0,0.728966635150359,0.784307870269244,TRUE,0,TRUE,TRUE,1.70804592209825e-61,4.01576005955182e-44,1.70804592209835e-61,4.01576005955182e-44,"M1.2","M4","M4","Both","Both","Both",5,5,166,5
"model0",0.25,0.22,0.5,0.5,14,2.61916794319639e-06,0.956143138534856,-3.26085661401926,0.789251414595376,TRUE,0.0785567576173878,FALSE,FALSE,2.32560738577803e-06,0.913889299972652,-0.00931925620989552,7.31083476048752e-06,TRUE,0.0482060600546671,FALSE,FALSE,0.951222882719424,0.831315207692698,0.951222882719419,0.831315207692709,"M0.1","M0.1","M0.1","Both","No.Med","No.Med",15,15,150,15
"model3",0.54,0.37,0.8,0.9,10,0.000149578975350284,6.86568737862103e-07,-0.183464462484488,-0.284321631637846,TRUE,7.69066902971504e-08,TRUE,TRUE,8.29622650502237e-05,3.39820457551099e-07,-0.121192728753289,-0.134592535841578,TRUE,2.44237456864736e-08,TRUE,TRUE,4.70301937249211e-07,0.00120071145653681,4.70301937249161e-07,0.00120071145653681,"M3","M4","M4","Both","Both","Both",13,13,152,13
"model0",0.36,0.05,1,0.9,3,0,0,-2.06760243398258,0.962494277744303,TRUE,0,TRUE,TRUE,0,0,-0.206541802240868,0.508198846997285,TRUE,0,TRUE,TRUE,2.43588996756356e-98,1.69347435435631e-47,2.43588996756425e-98,1.6934743543561e-47,"M4","M1.1","M1.1","Both","Both","Both",4,4,148,4
"model0",0.9,0.05,0.6,0.6,12,0.00415342680952735,0,0.561360675351766,0.723477394122608,TRUE,0,TRUE,TRUE,0.00532409311833804,0,0.0213487206749285,0.50778154471107,TRUE,0,TRUE,TRUE,1.92824041623252e-66,3.36946990855189e-41,1.92824041623164e-66,3.36946990855203e-41,"Other","M1.1","M1.1","Both","Both","Both",16,16,158,16
"model2",0.63,0.43,1.5,0.7,9,0,0,-8.02681981746209,-11.8178093046541,TRUE,0,TRUE,TRUE,0,0,-0.0578133363080288,-0.0257665028120271,TRUE,0,TRUE,TRUE,3.14663571488251e-53,1.18273208615623e-46,3.14663571488381e-53,1.18273208615652e-46,"Other","M2.1","M2.1","Both","Both","Both",14,14,145,14
"model2",0.64,0.45,0.5,0.8,9,0,2.08721928629529e-14,-3.17186435518195,0.376857508862083,TRUE,2.49237445734404e-15,TRUE,TRUE,0,1.18349774425042e-13,-0.104453593280204,0.213257690951139,TRUE,8.98184479365147e-15,TRUE,TRUE,1.48950144122544e-13,7.04105879237264e-07,1.48950144122585e-13,7.04105879237446e-07,"M2.1","M2.1","M2.1","Both","Both","Both",12,12,190,12
"model2",0.56,0.48,0.8,0.7,3,0,0,38.7087704909145,8.2679440781032,TRUE,0,TRUE,TRUE,0,0,0.016594148609502,0.0416237390911255,TRUE,0,TRUE,TRUE,1.8598174467203e-62,3.28518304193662e-58,1.85981744671881e-62,3.28518304193446e-58,"Other","M2.1","M2.1","Both","Both","Both",4,4,150,4
"model4",0.66,0.4,0.9,0.6,15,0,0,0.43659172171759,0.476011142539672,TRUE,0,TRUE,TRUE,0,0,0.751975281514408,0.759364501677771,TRUE,0,TRUE,TRUE,3.93923233944332e-65,3.22695030662224e-55,3.939232339444e-65,3.22695030662252e-55,"M1.2","M4","M4","Both","Both","Both",16,16,153,16
"model2",0.54,0.4,1.3,0.9,4,0,0,-241.959204458961,29.030041773188,TRUE,0,TRUE,TRUE,0,0,-0.00302709659114728,0.0149040170353581,TRUE,0,TRUE,TRUE,4.86565058078605e-83,1.39073415152354e-77,4.86565058078937e-83,1.39073415152477e-77,"Other","M2.1","M2.1","Both","Both","Both",6,6,149,6
"model1",0.32,0.5,1.4,0.8,12,0,0,0.853740524155278,0.991857081419493,TRUE,0,TRUE,TRUE,0,0,0.351466279128489,0.638599023716619,TRUE,0,TRUE,TRUE,1.49719464318637e-143,7.64423593256669e-112,1.49719464318841e-143,7.64423593256778e-112,"Other","M1.1","M1.1","Both","Both","Both",15,15,153,15
"model3",0.27,0.08,0.5,0.9,5,0,0.000221567842729087,0.460992284000417,0.118951392426431,TRUE,2.32918135510016e-05,TRUE,TRUE,0,0.000199901869420538,1.15000091537669,0.179003970461193,TRUE,1.34120669134517e-05,TRUE,TRUE,0.000172592074585426,7.04169350255632e-09,0.00017259207458541,7.04169350255645e-09,"M0.2","M4","M4","Both","Both","Both",8,8,167,8
"model2",0.36,0.45,1.3,0.6,3,0,0,-15.9788128993592,20.0250406996123,TRUE,0,TRUE,TRUE,0,0,-0.0199977315213757,0.0111747657791381,TRUE,0,TRUE,TRUE,4.75049580480279e-38,7.73040634932755e-27,4.75049580480218e-38,7.7304063493252e-27,"M0.1","M2.1","M2.1","Both","Both","Both",7,7,158,7
"model2",0.65,0.44,1.3,0.5,9,0,0,-5.81245677864915,-21.4251899835286,TRUE,0,TRUE,TRUE,0,0,-0.0719054629797893,-0.0100460816332936,TRUE,0,TRUE,TRUE,2.5365263707779e-36,2.32585244211051e-26,2.53652637077838e-36,2.32585244210977e-26,"Other","M2.1","M2.1","Both","Both","Both",10,10,176,10
"model2",0.56,0.48,0.6,0.8,7,0,0,-6.38928987536792,-13.8763712648108,TRUE,0,TRUE,TRUE,0,0,-0.0479130578220726,-0.0264663784152963,TRUE,0,TRUE,TRUE,3.25246189622947e-67,7.17982483472875e-48,3.25246189622928e-67,7.17982483473345e-48,"M2.1","M2.1","M2.1","Both","Both","Both",8,8,142,8
"model3",0.3,0.47,0.9,1,8,0,0.00948815841666573,-0.874443266173643,-0.121969325017555,TRUE,0.000935832042427989,TRUE,TRUE,0,0.00866993817420258,-0.566489336858702,-0.0831548440360335,TRUE,0.000549378011072351,TRUE,TRUE,0.00984976988286585,0.076675140170136,0.00984976988286511,0.0766751401701413,"M3","M4","M3","Both","Both","Both",10,10,158,10
"model4",0.24,0.26,0.7,0.8,9,0,0,0.402464318173144,0.451823954881496,TRUE,0,TRUE,TRUE,0,0,1.17418953889517,0.867874500827539,TRUE,0,TRUE,TRUE,1.0073357211376e-72,5.26463016939753e-54,1.00733572113783e-72,5.2646301693973e-54,"M1.2","M4","M4","Both","Both","Both",10,10,147,10
"model1",0.54,0.11,0.7,0.9,8,0,0,0.545513256125812,1.03724402383641,TRUE,0,TRUE,TRUE,0,0,0.250482893528943,0.630906700694395,TRUE,0,TRUE,TRUE,4.98420929055415e-153,9.29576111427714e-107,4.98420929055245e-153,9.29576111426868e-107,"M2.1","M1.1","M1.1","Both","Both","Both",10,10,144,10
"model3",0.5,0.13,1.2,0.5,12,3.69246855314032e-11,0.0276181913108116,-0.204837606212934,-0.0850126785908181,TRUE,0.00264552973569116,TRUE,FALSE,2.70810041058667e-11,0.0257384202449038,-0.297175784347047,-0.0917088313294982,TRUE,0.00158251846450405,TRUE,FALSE,0.0241529275884258,0.00197169296329873,0.0241529275884271,0.00197169296329874,"M3","M3","M4","Both","Both","No.Med",14,14,137,14
"model3",1.12,0.43,0.7,0.8,6,2.22044604925031e-16,0.813838502941717,0.335328502615393,0.0126857224622091,TRUE,0.0677245668379461,FALSE,FALSE,0,0.705666036139424,0.295860357078651,0.0129989611603467,TRUE,0.0379086622192882,FALSE,FALSE,0.742126275967506,0.000126123654162551,0.742126275967489,0.000126123654162556,"M3","M3","M4","Both","No.Med","No.Med",7,7,168,7
"model0",0.36,0.13,1.4,0.6,3,0,5.71914129987583e-06,4.245170012794,1.96719962557403,TRUE,6.33139202825163e-07,TRUE,TRUE,0,1.20818187470118e-05,0.0517330080383105,0.0160060720472396,TRUE,8.45194498932445e-07,TRUE,TRUE,4.28761325834788e-06,3.56268468106489e-06,4.28761325834751e-06,3.56268468106476e-06,"M0.1","M1.1","M1.1","Both","Both","Both",3,3,159,3
"model4",0.78,0.35,0.9,0.6,3,0,0,0.515059556260612,0.684572579944296,TRUE,0,TRUE,TRUE,0,0,0.646927803103903,0.891337477759037,TRUE,0,TRUE,TRUE,9.8152563046903e-137,5.94558656857484e-93,9.8152563046875e-137,5.94558656857484e-93,"M4","M4","M1.2","Both","Both","Both",6,6,144,6
"model4",0.24,0.38,1.4,0.6,7,0.293347354717024,0,0.0201309366140576,0.311006942290635,TRUE,0,TRUE,TRUE,0.336928979613335,0,0.0646582879422805,0.608991223866907,TRUE,0,TRUE,TRUE,7.84161463772185e-32,1.6185254669862e-22,7.84161463771857e-32,1.61852546698695e-22,"M0.2","M4","M4","Both","Both","Both",7,7,140,7
"model0",0.72,0.08,0.6,0.6,11,0,0,5.28623764689451,1.17832430300064,TRUE,0,TRUE,TRUE,0,0,0.0283016513957368,0.328571635508547,TRUE,0,TRUE,TRUE,3.02385929633298e-71,6.8202072951184e-47,3.02385929633134e-71,6.82020729511431e-47,"M0.1","M1.1","M1.1","Both","Both","Both",13,13,154,13
"model2",0.48,0.5,0.5,0.6,8,0,0,15.623642534665,0.487460783956955,TRUE,0,TRUE,TRUE,0,0,0.042523973469267,0.28498413553286,TRUE,0,TRUE,TRUE,4.76487495882877e-23,1.78306808704255e-09,4.76487495882732e-23,1.78306808704196e-09,"M2.1","M2.1","M2.1","Both","Both","Both",10,10,158,10
"model0",0.15,0.33,1.3,0.5,1,0,0.370875225560345,11.2313477398208,0.530050007162547,TRUE,0.0323972096331437,FALSE,FALSE,0,0.39901953840723,0.0608278361286399,0.00236157963339831,TRUE,0.0221772543088365,FALSE,FALSE,0.362690665190943,0.253949408279124,0.36269066519094,0.253949408279135,"M0.1","M0.1","M0.1","Both","No.Med","No.Med",2,2,143,2
"model1",0.88,0.39,0.7,0.8,8,0,0,0.819748010624832,0.945513658770743,TRUE,0,TRUE,TRUE,0,0,0.554478163477991,0.724476521913083,TRUE,0,TRUE,TRUE,1.86683377361661e-166,2.5451497856573e-120,1.86683377361619e-166,2.54514978565773e-120,"M2.1","M1.1","M1.1","Both","Both","Both",9,9,154,9
"model0",0.64,0.12,1.2,0.8,10,0,0.0262475135224813,2.08152582122295,0.372038454317579,TRUE,0.00252012147891448,TRUE,FALSE,0,0.0432806135357062,0.203025555894801,0.0183690954851722,TRUE,0.00261011573619642,TRUE,FALSE,0.0342664622349923,1.5196849389503e-07,0.0342664622349938,1.51968493895033e-07,"M0.1","M0.1","M1.1","Both","Both","No.Med",10,10,156,10
"model3",0.2,0.13,1,0.5,1,0,0,-1.01672334435415,0.587023791195746,TRUE,0,TRUE,TRUE,0,0,-0.67930113178001,0.553724812925244,TRUE,0,TRUE,TRUE,2.0355962703498e-58,3.12660497282665e-38,2.03559627035044e-58,3.12660497282597e-38,"M3","M4","M4","Both","Both","Both",3,3,151,3
"model0",1.05,0.16,1.4,0.7,12,0.755369593912722,0,-0.0543876185227744,1.10897734610132,TRUE,0,TRUE,TRUE,0.784669057159434,0,-0.00344083193068674,0.420137374608821,TRUE,0,TRUE,TRUE,2.5396024376522e-90,1.5095593582648e-54,2.5396024376522e-90,1.50955935826399e-54,"M0.1","M1.1","M1.1","Both","Both","Both",16,16,159,16
"model3",0.35,0.09,0.5,0.7,7,0,0,-0.511304591724028,0.649096273995505,TRUE,0,TRUE,TRUE,0,0,-0.592939978652679,0.487727184894161,TRUE,0,TRUE,TRUE,7.09212685894627e-56,2.54730331066864e-33,7.09212685894627e-56,2.54730331066996e-33,"M4","M4","M4","Both","Both","Both",12,12,152,12
"model0",1.3,0.22,1.2,1,10,0.85789993458333,0.421686084935758,0.320300897975044,0.810105870859676,TRUE,0.0365244229464766,FALSE,FALSE,0.870319363061901,0.432717371700576,0.000144910858623298,0.00111854666838828,TRUE,0.0239486811696515,FALSE,FALSE,0.441480236325646,0.865590965628156,0.44148023632565,0.865590965628155,"M0.1","M0.1","M0.1","Both","No.Med","No.Med",10,10,140,10
"model1",0.45,0.29,1.2,0.5,6,0,0,1.59657598694471,1.13336480176451,TRUE,0,TRUE,TRUE,0,0,0.326810074528057,0.252135438096023,TRUE,0,TRUE,TRUE,4.75856596335061e-50,1.28020255732646e-41,4.7585659633502e-50,1.28020255732675e-41,"M4","M1.1","M1.1","Both","Both","Both",6,6,172,6
"model2",0.49,0.45,1.2,0.7,15,0,0,5.63027481071605,83.6041561564189,TRUE,0,TRUE,TRUE,0,0,0.0350647101676712,0.00334683442981584,TRUE,0,TRUE,TRUE,3.25268297886911e-48,2.29372485947413e-40,3.25268297886841e-48,2.29372485947459e-40,"M0.1","M2.1","M2.1","Both","Both","Both",15,15,175,15
"model2",0.7,0.39,0.9,0.5,6,0,0,13.7807230209624,8.73506796120831,TRUE,0,TRUE,TRUE,0,0,0.0356943203593501,0.0212410378305117,TRUE,0,TRUE,TRUE,3.76969764225579e-31,3.18942059782089e-39,3.7696976422572e-31,3.18942059782369e-39,"M2.1","M2.1","M2.1","Both","Both","Both",7,7,156,7
"model3",0.4,0.31,0.5,0.5,3,1.28119737041743e-13,0.000238708242071173,0.229447384404452,0.138400123819175,TRUE,2.50081609083765e-05,TRUE,TRUE,2.91322521661641e-13,0.000112545927174246,0.324992356634826,0.149959074525857,TRUE,7.62911974691835e-06,TRUE,TRUE,0.000197730788120767,6.07037133213132e-07,0.000197730788120774,6.07037133213106e-07,"M3","M4","M4","Both","Both","Both",3,3,156,3
"model2",1.2,0.5,1.1,1,6,0,0,10.7254121372234,13.0755682964828,TRUE,0,TRUE,TRUE,0,0,0.0499062978453402,0.0409064361631735,TRUE,0,TRUE,TRUE,3.90401218487372e-111,4.78804393572495e-86,3.90401218487394e-111,4.78804393572454e-86,"M2.1","M2.1","M2.1","Both","Both","Both",8,8,155,8
"model0",1.2,0.23,1.1,0.8,14,0.000181338405401688,0.0168777235826851,0.804273125503519,0.469437926919461,TRUE,0.00164358798110203,TRUE,FALSE,8.84218537891002e-05,0.0158225743929292,0.026654001341731,0.0202250972503414,TRUE,0.00098810832085151,TRUE,FALSE,0.0127344102350489,0.0179112549749562,0.0127344102350488,0.0179112549749571,"M0.1","M0.1","M0.1","Both","Both","No.Med",13,13,142,13
"model3",0.42,0.28,0.7,0.6,11,0.0221884890091664,0,0.0697404562771599,0.632227593102667,TRUE,0,TRUE,TRUE,0.0164810295945295,0,0.109459574840244,0.776195562779317,TRUE,0,TRUE,TRUE,2.5510070132758e-97,1.48751984876103e-73,2.55100701327501e-97,1.48751984876086e-73,"M0.2","M4","M4","Both","Both","Both",14,14,146,14
"model1",1.26,0.23,1.2,0.9,11,0,0,1.10207979481815,0.969637828298588,TRUE,0,TRUE,TRUE,0,0,0.536562906706417,0.500931023262784,TRUE,0,TRUE,TRUE,2.2732375530618e-96,3.61249453311472e-79,2.27323755306296e-96,3.61249453311554e-79,"M2.1","M1.1","M1.1","Both","Both","Both",11,11,145,11
"model4",0.42,0.2,1.2,0.6,13,0,0,0.218289452523322,0.329021556988084,TRUE,0,TRUE,TRUE,0,0,0.62167334723601,0.564478614044377,TRUE,0,TRUE,TRUE,6.50971325045191e-31,2.44396136728669e-25,6.50971325045577e-31,2.44396136728724e-25,"M3","M4","M4","Both","Both","Both",13,13,173,13
"model4",1.35,0.5,1.2,0.9,13,0,0,0.473707325312466,0.513078131177211,TRUE,0,TRUE,TRUE,0,0,0.868189201601462,0.882299897269452,TRUE,0,TRUE,TRUE,5.29656225187584e-87,6.82522087096018e-74,5.29656225187704e-87,6.82522087096037e-74,"M1.2","M1.2","M1.2","Both","Both","Both",15,15,144,15
"model0",1.17,0.38,1.1,0.9,2,8.40586311667835e-09,5.00276919053189e-05,1.05157487035368,0.633435516862927,TRUE,5.35050856593901e-06,TRUE,TRUE,1.65760916104318e-09,1.64177255028708e-05,0.0469228851632418,0.0402293170392314,TRUE,1.14647857237716e-06,TRUE,TRUE,3.64177834944114e-05,2.78103122081817e-07,3.64177834944116e-05,2.78103122081814e-07,"M1.1","M1.1","M1.1","Both","Both","Both",3,3,152,3
"model4",0.25,0.16,1.4,0.5,2,4.20974366477367e-12,0,0.227502923114846,0.329040392340258,TRUE,0,TRUE,TRUE,2.43582931602759e-13,0,0.306159533465707,0.616309264564203,TRUE,0,TRUE,TRUE,2.26373570698427e-34,6.82758963300327e-40,2.26373570698597e-34,6.82758963300661e-40,"M4","M4","M4","Both","Both","Both",4,4,138,4
"model2",0.63,0.13,0.9,0.9,1,0,0,-31.0910302352016,-28.1141502270389,TRUE,0,TRUE,TRUE,0,0,-0.0134522853242136,-0.0153273868344917,TRUE,0,TRUE,TRUE,7.6213862603222e-83,4.57329130859201e-54,7.62138626032329e-83,4.57329130859162e-54,"M2.1","M2.1","M2.1","Both","Both","Both",4,4,153,4
"model2",1,0.22,0.7,1,15,0,0,2.06536767804714,5.01657614923,TRUE,0,TRUE,TRUE,0,0,0.236194292364101,0.142833520120326,TRUE,0,TRUE,TRUE,1.87997172548233e-178,1.19527241988273e-120,1.87997172548265e-178,1.19527241988375e-120,"Other","M2.1","M2.1","Both","Both","Both",20,20,165,20
"model3",0.78,0.39,1.3,0.6,3,0,0.74314427060228,0.383342532850148,-0.0149330835260671,TRUE,0.0622629245045891,FALSE,FALSE,0,0.710978597098068,0.334839409756465,-0.0132390168211435,TRUE,0.0381521286166186,FALSE,FALSE,0.718022171373402,1.24492269400182e-08,0.718022171373403,1.2449226940017e-08,"M3","M3","M4","Both","No.Med","No.Med",4,4,145,4
"model2",0.91,0.45,1,0.7,10,0,0,3.94374507343876,8.28411341484126,TRUE,0,TRUE,TRUE,0,0,0.0587799013824619,0.0289923237575519,TRUE,0,TRUE,TRUE,8.21874853777682e-41,8.4036370241223e-31,8.21874853777553e-41,8.40363702411891e-31,"M2.1","M2.1","M2.1","Both","Both","Both",12,12,183,12
"model4",0.21,0.37,1.1,0.7,10,0,0,0.451284362077845,0.412491349032941,TRUE,0,TRUE,TRUE,0,0,0.644440818950979,0.674194895690217,TRUE,0,TRUE,TRUE,5.07616642101271e-48,8.70844079522831e-37,5.07616642100892e-48,8.70844079522931e-37,"M3","M4","M4","Both","Both","Both",13,13,157,13
"model0",0.7,0.27,0.5,0.5,9,0,0.292317940907308,3.84972719617044,-0.627385099134533,TRUE,0.0260153615107428,FALSE,FALSE,0,0.26633482718373,0.0615058367298429,-0.00281692537723405,TRUE,0.0152441119827968,FALSE,FALSE,0.283414328714119,0.00795418683489106,0.283414328714132,0.00795418683489137,"M0.1","M0.1","M1.1","Both","No.Med","No.Med",13,13,142,13
"model1",0.32,0.3,1.1,0.8,9,0,0,1.23040946852008,0.966022738747111,TRUE,0,TRUE,TRUE,0,0,0.533240930396993,0.633531603354438,TRUE,0,TRUE,TRUE,3.61267560842931e-136,3.01170442169493e-106,3.61267560842848e-136,3.01170442169545e-106,"M2.1","M1.1","M1.1","Both","Both","Both",12,12,146,12
"model4",0.66,0.35,1.5,0.6,3,0,0,0.245387541520921,0.406813046286565,TRUE,0,TRUE,TRUE,0,0,0.527641232105345,0.658092844277743,TRUE,0,TRUE,TRUE,1.31736342761098e-46,2.96803495807579e-51,1.31736342761098e-46,2.96803495807566e-51,"M4","M4","M4","Both","Both","Both",4,4,154,4
"model3",0.84,0.09,1.1,0.6,2,0.0119234648052853,3.29078986283093e-09,-0.118344387902893,-0.308867780539368,TRUE,3.78621161155289e-10,TRUE,TRUE,0.0121022506993644,8.40296054960277e-10,-0.0790572311119472,-0.166097987693638,TRUE,6.22122528099805e-11,TRUE,TRUE,3.68119879128672e-09,0.0138666504269912,3.68119879128622e-09,0.0138666504269913,"M3","M4","M3","Both","Both","Both",3,3,145,3
"model2",0.49,0.44,1.1,0.7,2,0,0,20.8691562515174,24.3182385715013,TRUE,0,TRUE,TRUE,0,0,0.0237885585370666,0.0128497862603916,TRUE,0,TRUE,TRUE,1.34318440924932e-55,9.36469631021868e-39,1.34318440924833e-55,9.36469631021128e-39,"M2.1","M2.1","M2.1","Both","Both","Both",5,5,149,5
"model4",0.7,0.17,0.5,0.7,4,3.17088577617142e-11,0,0.198003417544814,0.737429284944706,TRUE,0,TRUE,TRUE,8.53082049445675e-11,0,0.3212879394482,0.912605826693345,TRUE,0,TRUE,TRUE,2.28239251989678e-161,7.78168755241969e-97,2.2823925198973e-161,7.7816875524188e-97,"M4","M1.2","M1.2","Both","Both","Both",8,8,159,8
"model1",0.49,0.19,0.6,0.7,7,0.00241483277765453,0,0.246099689850348,1.12699137249798,TRUE,0,TRUE,TRUE,0.00168689904945385,0,0.0580518636892297,0.167361410191699,TRUE,0,TRUE,TRUE,1.20008369890726e-31,5.47067185885817e-25,1.20008369890728e-31,5.47067185885801e-25,"M0.1","M1.1","M1.1","Both","Both","Both",8,8,151,8
"model1",1.04,0.06,1.4,0.8,1,0,0,1.22001142879981,0.967388291434701,TRUE,0,TRUE,TRUE,0,0,0.282420261977931,0.674391011530322,TRUE,0,TRUE,TRUE,2.351509725422e-153,2.17647395474898e-101,2.35150972542374e-153,2.17647395475029e-101,"M2.1","M1.1","M1.1","Both","Both","Both",5,5,134,5
"model0",1,0.36,1.2,1,5,8.44905496397708e-05,0.000281198462838139,1.61059623747983,1.46119807042098,TRUE,2.93845413842166e-05,TRUE,TRUE,0.00015426243514316,0.000551857783922527,0.0138077623578637,0.0126678354443406,TRUE,3.65584353323828e-05,TRUE,TRUE,0.000456727391504987,7.98944585433227e-07,0.000456727391504997,7.98944585433273e-07,"M0.1","M1.1","M1.1","Both","Both","Both",6,6,147,6
"model3",0.6,0.27,1,0.5,1,0,0.340041531256356,-0.319715291330384,-0.0369630092213773,TRUE,0.0299805912280111,FALSE,FALSE,0,0.386525223415173,-0.37534406862423,-0.0371108954853033,TRUE,0.0215589544123912,FALSE,FALSE,0.341370533998492,0.479911672286991,0.341370533998474,0.479911672287002,"M3","M3","M3","Both","No.Med","No.Med",4,4,158,4
"model1",1.2,0.43,1.2,1,6,0,0,0.948389735744541,0.974299412932326,TRUE,0,TRUE,TRUE,0,0,0.570315719280876,0.743537028789639,TRUE,0,TRUE,TRUE,1.74002739677363e-185,1.92281339430049e-128,1.74002739677205e-185,1.92281339430049e-128,"M2.1","M1.1","M1.1","Both","Both","Both",9,9,157,9
"model3",0.8,0.07,1.4,1,3,0.539718131652766,0,-0.0239154240148303,0.478339661360535,TRUE,0,TRUE,TRUE,0.488050882478531,0,-0.0166424446334243,0.507265316208284,TRUE,0,TRUE,TRUE,1.06409721779345e-41,4.46191815648737e-27,1.06409721779299e-41,4.46191815648692e-27,"M3","M4","M4","Both","Both","Both",5,5,156,5
"model2",0.91,0.08,1,0.7,4,0,0,-19.8848225486481,-5.1878232497114,TRUE,0,TRUE,TRUE,0,0,-0.0313319878273715,-0.0601905883539139,TRUE,0,TRUE,TRUE,2.18052061715438e-55,2.37648071859687e-63,2.18052061715578e-55,2.37648071859748e-63,"M2.1","M2.1","M2.1","Both","Both","Both",7,7,153,7
"model3",0.9,0.37,0.5,1,3,7.65432539351352e-07,0,-0.235478348774958,0.762109905818654,TRUE,0,TRUE,TRUE,1.48955299583697e-06,0,-0.153900420522003,0.627123856961358,TRUE,0,TRUE,TRUE,1.16399832749418e-94,5.50946262982337e-40,1.16399832749468e-94,5.50946262982385e-40,"M3","M4","M1.1","Both","Both","Both",8,8,155,8
"model4",0.48,0.1,1.2,0.6,9,0,0,0.595132820416222,0.373982584420169,TRUE,0,TRUE,TRUE,0,0,1.01750925402593,0.808869633321348,TRUE,0,TRUE,TRUE,4.66638137033354e-53,1.32844581400753e-55,4.66638137033155e-53,1.32844581400692e-55,"M1.2","M4","M1.2","Both","Both","Both",11,11,157,11
"model4",0.78,0.46,1.3,0.6,11,0,0,0.481201184260604,0.475980360310202,TRUE,0,TRUE,TRUE,0,0,0.912884084591755,0.773797765812804,TRUE,0,TRUE,TRUE,3.75029705483249e-67,6.8815384946808e-56,3.75029705483249e-67,6.88153849467835e-56,"M1.2","M4","M4","Both","Both","Both",11,11,157,11
"model3",0.8,0.18,0.5,1,8,0.160627024060037,0.585682656559285,-0.0482404259793272,-0.0186535499364069,TRUE,0.049851353486096,FALSE,FALSE,0.169260357091549,0.631845752409248,-0.0573121785656876,-0.01884303893354,TRUE,0.0342705067207055,FALSE,FALSE,0.631717510678725,0.164576616994113,0.631717510678719,0.164576616994115,"M3","M3","M3","Both","No.Med","No.Med",10,10,149,10
"model3",0.77,0.29,1.5,0.7,4,0,0.0863998450500714,-0.281740217069621,-0.0686406807609018,TRUE,0.0080019775025177,FALSE,FALSE,0,0.0834025122019202,-0.31561633472823,-0.0684286164520042,TRUE,0.00495008294778041,FALSE,FALSE,0.078280066739378,0.499337136848262,0.0782800667393792,0.499337136848263,"M3","M3","M3","Both","No.Med","No.Med",5,5,150,5
"model0",0.6,0.06,1.2,0.6,4,0.25243718647896,0.239919131572327,0.230424297327904,0.241041245436412,TRUE,0.0215547936737268,FALSE,FALSE,0.236686986511402,0.234833373993326,0.00784461800190749,0.00896639046620816,TRUE,0.0135197347611988,FALSE,FALSE,0.232980295068441,0.0150886778999444,0.23298029506844,0.0150886778999444,"M0.1","M0.1","M0.1","Both","No.Med","No.Med",6,6,144,6
"model1",0.27,0.12,1.4,0.9,5,0,0,1.46022799852684,1.07285364804631,TRUE,0,TRUE,TRUE,0,0,0.431918759158986,0.374371709544164,TRUE,0,TRUE,TRUE,2.03704160885277e-75,2.50799733756099e-64,2.03704160885109e-75,2.50799733756228e-64,"M2.1","M1.1","M1.1","Both","Both","Both",6,6,128,6
"model2",0.21,0.28,1,0.7,13,0,0,-4.91842886964288,30.913534514757,TRUE,0,TRUE,TRUE,0,0,-0.0351549915409404,0.0101963345509746,TRUE,0,TRUE,TRUE,2.0036736122619e-55,1.34948743811834e-41,2.00367361226065e-55,1.34948743811796e-41,"M0.1","M2.1","M2.1","Both","Both","Both",14,14,152,14
"model2",0.64,0.08,0.6,0.8,13,0,0,-2.27594920865959,1.671635207078,TRUE,0,TRUE,TRUE,0,0,-0.172294812750757,0.436985455072928,TRUE,0,TRUE,TRUE,6.16931807824352e-187,1.42660782705021e-116,6.16931807825089e-187,1.4266078270511e-116,"Other","M2.1","M2.1","Both","Both","Both",15,15,186,15
"model0",0.8,0.44,0.9,0.8,1,0.00889808252320523,0.00459745869167949,-0.524692530385434,0.734060607202404,TRUE,0.000459348413022898,TRUE,TRUE,0.00778974116751674,0.00349019063401479,-0.0183770193747113,0.0163354895802099,TRUE,0.000224045149813709,TRUE,TRUE,0.004697880149698,0.200540502486687,0.0046978801496981,0.200540502486682,"M0.1","M1.1","M0.1","Both","Both","Both",670,670,146,1
"model4",0.77,0.06,1.4,0.7,9,0,0,0.40743173044777,0.395721941526938,TRUE,0,TRUE,TRUE,0,0,0.785755184599398,0.797598323713765,TRUE,0,TRUE,TRUE,7.65084026337946e-56,4.05207911875319e-43,7.65084026338098e-56,4.05207911875336e-43,"M1.2","M4","M1.2","Both","Both","Both",10,10,151,10
"model2",0.54,0.17,0.7,0.9,6,0,0,-57.9524196412668,-15.0574659806139,TRUE,0,TRUE,TRUE,0,0,-0.00362803994847843,-0.0321229045022132,TRUE,0,TRUE,TRUE,3.05576549714381e-96,9.78788869190335e-61,3.05576549714486e-96,9.78788869190447e-61,"M2.1","M2.1","M2.1","Both","Both","Both",8,8,141,8
"model4",0.91,0.34,0.7,0.7,13,0,0,0.385442869221975,0.733075907932645,TRUE,0,TRUE,TRUE,0,0,0.749964942293029,0.937397066098737,TRUE,0,TRUE,TRUE,3.51356039075197e-166,1.33731442561925e-113,3.51356039075177e-166,1.33731442561818e-113,"M1.2","M1.2","M1.2","Both","Both","Both",14,14,157,14
"model3",0.42,0.19,0.9,0.6,11,5.33912853928342e-08,0,0.170922620924582,0.530676986233288,TRUE,0,TRUE,TRUE,1.24702051795822e-07,0,0.241572402933349,0.465392880577435,TRUE,0,TRUE,TRUE,6.64175660031249e-42,1.28853414472889e-31,6.64175660031402e-42,1.28853414472848e-31,"M3","M4","M4","Both","Both","Both",15,15,143,15
"model3",0.84,0.13,1.4,0.7,13,0.0233798559728591,0,0.0948450135428167,0.696917350285066,TRUE,0,TRUE,TRUE,0.024707553224979,0,0.0807356845457717,0.590057990544215,TRUE,0,TRUE,TRUE,6.40204561772144e-77,3.69238305095825e-44,6.40204561772783e-77,3.69238305095883e-44,"M3","M4","M4","Both","Both","Both",13,13,160,13
"model4",0.72,0.13,1.5,0.9,15,0,0,0.574463610767417,0.533224245073735,TRUE,0,TRUE,TRUE,0,0,0.928244668856291,1.05102164950114,TRUE,0,TRUE,TRUE,4.02324795828864e-118,1.21018324231818e-98,4.02324795828864e-118,1.2101832423176e-98,"M1.2","M1.2","M1.2","Both","Both","Both",14,14,152,14
"model0",0.4,0.22,0.8,0.5,14,0.000224683847381169,0,1.45254816679816,0.995586669647258,TRUE,0,TRUE,TRUE,0.000263435835609727,0,0.0145349564453586,0.309856648012987,TRUE,0,TRUE,TRUE,8.41761896965003e-54,9.00723807615023e-40,8.41761896964403e-54,9.00723807615074e-40,"M0.1","M1.1","M1.1","Both","Both","Both",17,17,150,17
"model0",1.26,0.43,0.8,0.9,11,3.75899311677586e-12,0.0248704505436712,1.30300441950496,0.26596262388982,TRUE,0.00239726152893809,TRUE,FALSE,5.03330710444061e-12,0.0356167961431755,0.0511223717335758,0.0262237973961327,TRUE,0.00216285157476174,TRUE,FALSE,0.032463706656951,3.43807399083842e-05,0.0324637066569504,3.43807399083851e-05,"M0.1","M0.1","M1.1","Both","Both","No.Med",10,10,153,10
"model2",0.24,0.37,1.5,0.6,9,0,0,-72.3448290282244,-23.2027829745585,TRUE,0,TRUE,TRUE,0,0,-0.00490280066121677,-0.0118498514039524,TRUE,0,TRUE,TRUE,1.79198757902208e-47,4.58725448759321e-35,1.79198757902164e-47,4.58725448759394e-35,"M0.1","M2.1","M2.1","Both","Both","Both",12,12,159,12
"model1",1.08,0.41,1.5,0.9,14,0,0,1.01387794467091,1.01395201926281,TRUE,0,TRUE,TRUE,0,0,0.517486284871505,0.634918076686899,TRUE,0,TRUE,TRUE,7.95112504361359e-148,3.18918883888047e-103,7.95112504361133e-148,3.18918883888037e-103,"M2.1","M1.1","M1.1","Both","Both","Both",14,14,164,14
"model4",0.18,0.12,1.3,0.6,5,0,0,0.725525319002755,0.451095554223569,TRUE,0,TRUE,TRUE,0,0,0.638094129752772,0.741160341137351,TRUE,0,TRUE,TRUE,3.80706080579762e-60,2.38434379315431e-48,3.80706080579827e-60,2.38434379315482e-48,"M3","M4","M4","Both","Both","Both",6,6,150,6
"model0",0.84,0.38,1.2,0.6,2,5.41784587766436e-05,0.0529087429610327,-1.23884970410676,0.670204214308304,TRUE,0.00496371901599767,FALSE,FALSE,1.48587802344391e-05,0.0466517926030272,-0.0202344177878356,0.00931238912565927,TRUE,0.00280696799162786,TRUE,FALSE,0.0419992380396785,0.152865024473879,0.0419992380396783,0.152865024473877,"M0.1","M0.1","M0.1","Both","Trans","No.Med",3,3,154,3
"model0",0.84,0.31,0.8,0.7,14,5.31345059167077e-05,0,-0.521909867142449,1.25032246435532,TRUE,0,TRUE,TRUE,5.54436958219995e-05,0,-0.0461536469353466,0.312807672460584,TRUE,0,TRUE,TRUE,9.93902737275394e-72,8.61203939400019e-42,9.93902737275932e-72,8.61203939399994e-42,"M0.1","M1.1","M1.1","Both","Both","Both",17,17,180,17
"model4",0.42,0.4,1.1,0.7,10,0,0,0.385997504487881,0.374722429020973,TRUE,0,TRUE,TRUE,0,0,0.74084138448133,0.805681985927893,TRUE,0,TRUE,TRUE,7.39432841906753e-53,1.9007659168463e-39,7.39432841906858e-53,1.90076591684765e-39,"M0.2","M4","M4","Both","Both","Both",12,12,175,12
"model4",0.8,0.2,0.9,0.8,2,0,0,0.554526512956843,0.415654420284702,TRUE,0,TRUE,TRUE,0,0,0.773022429748193,0.751428840470002,TRUE,0,TRUE,TRUE,9.9098115691615e-56,3.804916834405e-68,9.90981156916362e-56,3.804916834405e-68,"M4","M4","M1.2","Both","Both","Both",3,3,149,3
"model3",0.81,0.44,1.3,0.9,5,2.20476970014261e-11,0.0649034243664708,-0.272085949643792,-0.078813347434665,TRUE,0.00605208826294706,FALSE,FALSE,1.32769351068873e-11,0.0503103922608483,-0.237415557221848,-0.071817651491071,TRUE,0.00302017341119155,FALSE,FALSE,0.0531936248416808,0.836179748876353,0.0531936248416831,0.836179748876345,"M3","M3","M3","Both","No.Med","No.Med",5,5,153,5
"model2",0.54,0.13,0.9,0.9,1,0,0,6.63531569667472,7.19411612605051,TRUE,0,TRUE,TRUE,0,0,0.0275967486158232,0.0601179889776574,TRUE,0,TRUE,TRUE,1.72293574610282e-83,5.30491764401434e-51,1.72293574610326e-83,5.30491764401366e-51,"M2.1","M2.1","M2.1","Both","Both","Both",2,2,137,2
"model4",0.45,0.11,1.3,0.5,6,0,8.88178419700125e-16,0.417132127694359,0.266441143404467,TRUE,1.06575846022392e-16,TRUE,TRUE,0,2.22044604925031e-16,0.627037493217569,0.351051663086862,TRUE,1.70988222537874e-17,TRUE,TRUE,9.79978283711341e-16,1.72679857689059e-18,9.79978283711632e-16,1.72679857689151e-18,"M3","M4","M4","Both","Both","Both",7,7,156,7
"model4",0.18,0.48,1.2,0.6,13,0,0,0.655208878639442,0.789139160906854,TRUE,0,TRUE,TRUE,0,0,1.05315251290275,1.07248622103859,TRUE,0,TRUE,TRUE,8.74431876695065e-268,7.98956980872356e-27,8.74431876694966e-268,7.98956980872379e-27,"M1.2","M4","M4","Both","Both","Both",11,11,171,11
"model0",0.98,0.18,1.5,0.7,15,0.905992934898636,0.000272330624282224,-0.0253816289722618,1.04946087092943,TRUE,2.85063132015276e-05,TRUE,TRUE,0.873756353142793,0.000248936476444195,-0.00157695948748533,0.018779627969521,TRUE,1.66451971449696e-05,TRUE,TRUE,0.000323616267654015,0.0277999670428843,0.000323616267654032,0.0277999670428849,"M0.1","M1.1","M0.1","Both","Both","Both",14,14,157,14
"model0",0.84,0.36,1.4,0.6,4,0.39022331414561,0.00987296193903808,-0.261655095218219,0.722299296444838,TRUE,0.000973005544181324,TRUE,TRUE,0.340807839835779,0.0122771500848646,-0.00538789235073142,0.0124269438684304,TRUE,0.000770507546399694,TRUE,FALSE,0.0147474860450703,0.00471325986216746,0.0147474860450698,0.00471325986216732,"M0.1","M0.1","M1.1","Both","Both","Cis",4,4,132,4
"model3",1.2,0.33,0.6,1,10,0.0126945918983346,0,0.0874447152790394,0.673132250034513,TRUE,0,TRUE,TRUE,0.0153245584919062,0,0.104756755127551,0.536663895531043,TRUE,0,TRUE,TRUE,2.24419399096821e-65,8.7624012821883e-32,2.24419399096859e-65,8.76240128218817e-32,"M0.1","M4","M4","Both","Both","Both",13,13,166,13
"model1",0.35,0.36,0.7,0.5,11,0,0,1.27149373547176,0.941376710292081,TRUE,0,TRUE,TRUE,0,0,0.174669109114443,0.177628814861551,TRUE,0,TRUE,TRUE,9.40548261921899e-28,3.07352791974545e-22,9.40548261922401e-28,3.07352791974599e-22,"M0.1","M1.1","M1.1","Both","Both","Both",12,12,157,12
"model0",0.18,0.3,0.5,0.6,6,0,0.000121692732089285,-2.14138424330217,1.14997457054174,TRUE,1.29140850693686e-05,TRUE,TRUE,0,0.000159648782945165,-0.0594516834671469,0.0203044794534867,TRUE,1.07664275964912e-05,TRUE,TRUE,8.101362099171e-05,0.0702322388331983,8.10136209917217e-05,0.0702322388331969,"M0.1","M1.1","M0.1","Both","Both","Both",6,6,139,6
"model2",0.28,0.45,0.8,0.7,2,0,0,-65.1667559156204,-29.8393466811585,TRUE,0,TRUE,TRUE,0,0,-0.0110886341170016,-0.00988570835183941,TRUE,0,TRUE,TRUE,4.58563410515942e-52,1.02635634713405e-43,4.58563410516347e-52,1.02635634713485e-43,"Other","M2.1","M2.1","Both","Both","Both",4,4,121,4
"model1",1.3,0.33,0.9,1,9,0,0,1.17651562223294,1.15207336481177,TRUE,0,TRUE,TRUE,0,0,0.453151984463337,0.46075454492067,TRUE,0,TRUE,TRUE,2.10224623957917e-109,9.02606159284808e-86,2.10224623957899e-109,9.02606159285065e-86,"Other","M1.1","M1.1","Both","Both","Both",11,11,179,11
"model0",0.27,0.13,1.1,0.9,6,0,0.0207791998246485,4.27544857727286,1.7891509595622,TRUE,0.00201236861772363,TRUE,FALSE,0,0.0247228743338619,0.0388345141136868,0.00440251023923297,TRUE,0.001522456790555,TRUE,FALSE,0.0225937076035536,0.224191115963952,0.022593707603553,0.224191115963942,"M0.1","M0.1","M0.1","Both","Both","No.Med",6,6,152,6
"model4",0.75,0.12,1,0.5,5,0,0,0.423870950353387,0.423065340878236,TRUE,0,TRUE,TRUE,0,0,0.609300246995313,0.695412544588755,TRUE,0,TRUE,TRUE,1.11692493428282e-51,8.34147621847923e-51,1.11692493428304e-51,8.34147621848066e-51,"M4","M4","M4","Both","Both","Both",7,7,163,7
"model3",0.98,0.36,1.2,0.7,1,0.846402402582198,0.00424880301419606,0.00724109693359268,-0.119512515113473,TRUE,0.000425203813668057,TRUE,TRUE,0.84101368915341,0.00331478829806997,0.00700860671913459,-0.11082715218273,TRUE,0.000213133269565756,TRUE,TRUE,0.00297901974534255,0.48276715524198,0.00297901974534269,0.482767155241977,"M3","M4","M3","Both","Both","Both",2,2,142,2
"model3",0.63,0.18,0.6,0.7,12,8.14033922647006e-06,0.103955882286731,-0.166711758618364,-0.0787928411075191,TRUE,0.00959182743219327,FALSE,FALSE,9.34852291578636e-06,0.104951161252594,-0.176113332854139,-0.0529492832758499,TRUE,0.00619167691814811,FALSE,FALSE,0.0991240653786296,0.482837248458368,0.0991240653786331,0.482837248458364,"M3","M3","M3","Both","No.Med","No.Med",13,13,156,13
"model4",0.6,0.35,1.4,0.6,4,0,0,0.495423064630434,0.392667321354972,TRUE,0,TRUE,TRUE,0,0,0.669516766911733,0.592276546268879,TRUE,0,TRUE,TRUE,6.48664041157501e-40,8.32245114760546e-55,6.48664041157566e-40,8.32245114760807e-55,"M4","M4","M4","Both","Both","Both",3,3,167,3
"model3",0.8,0.33,1.5,1,11,1.77782233379276e-11,0,0.243794623093374,0.579560323028425,TRUE,0,TRUE,TRUE,5.64690516569044e-11,0,0.258019254130792,0.62039982262176,TRUE,0,TRUE,TRUE,4.24383218056685e-65,1.46983461460946e-51,4.24383218056782e-65,1.46983461460982e-51,"M3","M4","M4","Both","Both","Both",12,12,149,12
"model2",0.91,0.45,0.8,0.7,8,0,0,-2.96805697429547,-4.34981183863394,TRUE,0,TRUE,TRUE,0,0,-0.0880118129433486,-0.0629487459701319,TRUE,0,TRUE,TRUE,2.54532448467895e-47,1.11920937565636e-33,2.54532448467786e-47,1.11920937565589e-33,"Other","M2.1","M2.1","Both","Both","Both",11,11,161,11
"model0",0.35,0.11,1.5,0.5,10,0,0.0017133450206781,7.41935584314704,1.02113101699948,TRUE,0.000173440687468606,TRUE,TRUE,0,0.00182954292345294,0.0311068118270707,0.0152386416117109,TRUE,0.000118996476153725,TRUE,TRUE,0.00139115841815772,0.00232475541195663,0.00139115841815781,0.00232475541195667,"M0.1","M1.1","M1.1","Both","Both","Both",12,12,183,12
"model4",0.45,0.33,0.5,0.9,1,0,0,0.648679379678516,0.493359916415817,TRUE,0,TRUE,TRUE,0,0,0.825565352932081,0.95548726082309,TRUE,0,TRUE,TRUE,1.02153325747593e-93,3.27773971645297e-84,1.02153325747634e-93,3.27773971645297e-84,"M1.2","M1.2","M1.2","Both","Both","Both",2,2,138,2
"model1",0.64,0.26,1.1,0.8,5,0,0,1.106858289429,0.96206935825196,TRUE,0,TRUE,TRUE,0,0,0.281264154054334,0.598263212274048,TRUE,0,TRUE,TRUE,1.44573884852849e-124,1.08392586387534e-89,1.44573884852964e-124,1.08392586387549e-89,"M2.1","M1.1","M1.1","Both","Both","Both",6,6,130,6
"model4",0.54,0.19,0.8,0.9,9,0,0,0.591967060060344,0.47316612413152,TRUE,0,TRUE,TRUE,0,0,0.942877347412018,0.933081496268013,TRUE,0,TRUE,TRUE,1.18422593645333e-84,4.50973737683171e-75,1.18422593645333e-84,4.5097373768312e-75,"M1.2","M1.2","M1.2","Both","Both","Both",11,11,161,11
"model4",1.04,0.2,1,0.8,8,0,0,0.46309022885969,0.414179326572206,TRUE,0,TRUE,TRUE,0,0,0.949499587276306,0.878281520790183,TRUE,0,TRUE,TRUE,3.92330876271954e-66,4.10198660985329e-60,3.92330876271998e-66,4.10198660985411e-60,"M1.2","M1.2","M1.2","Both","Both","Both",11,11,151,11
"model0",0.54,0.4,0.7,0.9,10,0,0.867374496678991,-2.17719877067636,0.0693288957246436,TRUE,0.0717427661291428,FALSE,FALSE,0,0.833221830777941,-0.101707412687332,0.000564188871380217,TRUE,0.0442177212110526,FALSE,FALSE,0.872878592092032,0.408989136594457,0.872878592091989,0.408989136594474,"M0.1","M0.1","M0.1","Both","No.Med","No.Med",9,9,158,9
"model1",1.17,0.03,1.5,0.9,8,0,0,0.882118383196569,0.91970344241467,TRUE,0,TRUE,TRUE,0,0,0.494345772947145,0.713995470258455,TRUE,0,TRUE,TRUE,5.27007069459868e-238,8.48085081370528e-179,2.87765167821611e-257,1.29279082151259e-169,"M2.1","M1.1","M1.1","Both","Both","Both",10,10,127,10
"model1",0.18,0.45,0.7,0.6,11,0,0,1.5958428380072,1.89262010287509,TRUE,0,TRUE,TRUE,0,0,0.378613452115725,0.361612722266519,TRUE,0,TRUE,TRUE,6.24950367900281e-166,2.87028689451109e-35,6.24950367899855e-166,2.87028689451332e-35,"M0.1","M4","M1.1","Both","Both","Both",10,10,162,10
"model0",0.8,0.5,0.7,1,9,0,1.68471523398495e-08,1.81080593518778,1.24743366621598,TRUE,1.91860329034883e-09,TRUE,TRUE,0,1.18299710027969e-08,0.0798441339318444,0.0382446068230954,TRUE,8.62857549915759e-10,TRUE,TRUE,1.546386314042e-08,2.71276415344247e-09,1.54638631404207e-08,2.71276415344257e-09,"M0.1","M1.1","M1.1","Both","Both","Both",9,9,150,9
"model2",0.2,0.41,0.9,0.5,1,2.19100870779698e-09,0,-36.8972688944886,22.9447909176169,TRUE,0,TRUE,TRUE,1.82244470625648e-08,0,-0.00140338274974231,0.00705121572686936,TRUE,0,TRUE,TRUE,3.56624754554479e-27,1.6558649635649e-18,3.56624754554422e-27,1.65586496356524e-18,"M0.1","M2.1","M2.1","Both","Both","Both",3,3,134,3
"model0",0.45,0.14,0.9,0.5,5,8.8840046430505e-13,0.0126173529762075,-1.75801237522112,1.14892199751612,TRUE,0.00123752264239604,TRUE,FALSE,7.16537940093076e-13,0.0110705021663207,-0.0417394203560863,0.00871739010039317,TRUE,0.000697560292232635,TRUE,FALSE,0.0100926869578147,0.589614174607308,0.0100926869578133,0.58961417460731,"M0.1","M0.1","M0.1","Both","Both","No.Med",6,6,145,6
"model0",0.9,0.44,1.2,1,13,0.000980867238537186,0.359175869841149,-1.18316409687898,0.661926866012385,TRUE,0.0315095046630398,FALSE,FALSE,0.00066476711416108,0.322847174577657,-0.0153235805507903,0.00228081373874931,TRUE,0.0182268275377859,FALSE,FALSE,0.32150282906168,0.182410147113891,0.321502829061677,0.182410147113886,"M0.1","M0.1","M0.1","Both","No.Med","No.Med",13,13,165,13
"model4",0.55,0.01,1.3,0.5,10,0.849560404838558,0,0.00142669032203899,0.588715003123179,TRUE,0,TRUE,TRUE,0.87756734794506,0,0.00874840106489939,0.86071184783944,TRUE,0,TRUE,TRUE,2.52287823495572e-158,3.96237234128799e-93,1.08026569743383e-150,2.61792914795167e-85,"M0.2","M1.2","M1.2","Both","Both","Both",12,12,174,12
"model0",0.72,0.24,0.8,0.8,8,5.92883186989468e-09,0.000825573935893109,1.77878076787084,2.50442608762779,TRUE,8.49709562177895e-05,TRUE,TRUE,1.25410843931917e-08,0.0019213890800911,0.0256430673996797,0.0060342828656242,TRUE,0.000124867105053474,TRUE,TRUE,0.00160730494693804,0.000464366905699715,0.00160730494693809,0.000464366905699709,"M0.1","M1.1","M1.1","Both","Both","Both",10,10,168,10
"model3",0.64,0.08,1.3,0.8,8,6.19504447740837e-14,0.683458566582739,-0.26419298902729,-0.0220434168129273,TRUE,0.0575760375691217,FALSE,FALSE,1.62536650805123e-13,0.655852438714971,-0.28961629511217,-0.017915137894386,TRUE,0.0354261089602465,FALSE,FALSE,0.611411037073559,0.633925053610062,0.611411037073546,0.63392505361005,"M3","M3","M3","Both","No.Med","No.Med",10,10,162,10
"model3",0.84,0.36,0.5,0.7,4,1.25606236522913e-09,0.297071023708588,0.250860348753867,-0.0458631108061989,TRUE,0.0264001649352718,FALSE,FALSE,4.93552154701149e-09,0.289337418968038,0.202636038963562,-0.0384196005244232,TRUE,0.0164372133096881,FALSE,FALSE,0.281190121583066,0.04857520018621,0.281190121583065,0.0485752001862094,"M3","M3","M3","Both","No.Med","No.Med",5,5,145,5
"model3",0.36,0.07,1,0.9,2,0,0,0.688988691587619,0.669566328651191,TRUE,0,TRUE,TRUE,0,0,0.71102402332044,0.731904633809437,TRUE,0,TRUE,TRUE,1.88117615961324e-98,6.15769460782165e-91,1.88117615961431e-98,6.15769460782376e-91,"M4","M4","M4","Both","Both","Both",5,5,124,5
"model2",0.18,0.45,0.5,0.6,7,5.41677813714614e-12,0,4.11111290834523,-56.4909602850836,TRUE,0,TRUE,TRUE,5.96855898038484e-13,0,0.0172075903101933,-0.00529095071174575,TRUE,0,TRUE,TRUE,1.48495214924336e-52,1.98167813988587e-36,1.48495214924499e-52,1.98167813988684e-36,"M0.1","M2.1","M2.1","Both","Both","Both",8,8,160,8
"model4",1.04,0.37,1.4,0.8,6,0,0,0.317341864471929,0.507730173282277,TRUE,0,TRUE,TRUE,0,0,0.566473540970767,0.851192649150334,TRUE,0,TRUE,TRUE,1.51325636112092e-82,1.13523026011178e-68,1.51325636112122e-82,1.13523026011178e-68,"M4","M4","M1.2","Both","Both","Both",9,9,142,9
"model0",0.56,0.46,1.2,0.7,2,0.102499428936254,0.362624387703773,1.06490362977244,0.490813975413745,TRUE,0.0317893592943541,FALSE,FALSE,0.0924029792048628,0.33918397128893,0.00383068960671481,0.00258556632789063,TRUE,0.0190731142398586,FALSE,FALSE,0.359397303264357,0.958272743032546,0.359397303264361,0.958272743032546,"M0.1","M0.1","M0.1","Both","No.Med","No.Med",2,2,163,2
"model1",0.36,0.29,0.5,0.9,1,1.35117514621363e-06,0,0.282435183771299,1.05662490093743,TRUE,0,TRUE,TRUE,2.48304476735406e-06,0,0.120803086373549,0.597759910009537,TRUE,0,TRUE,TRUE,2.97686141748429e-145,9.5058923495831e-88,2.97686141748514e-145,9.50589234958608e-88,"M2.1","M1.1","M1.1","Both","Both","Both",4,4,177,4
"model0",0.9,0.35,1.3,0.6,13,0.11321224116823,0.0196582353266714,-0.349728427686873,0.67803544935797,TRUE,0.00190831626641442,TRUE,FALSE,0.0971879247879557,0.0196004354134054,-0.0122645881743276,0.0121390798643055,TRUE,0.00121749159652841,TRUE,FALSE,0.0205096821002033,0.0290453627214918,0.0205096821002034,0.0290453627214927,"M0.1","M0.1","M0.1","Both","Both","No.Med",14,14,150,14
"model3",0.56,0.47,0.6,0.7,10,6.26165785888588e-14,0.00521150370570611,0.284050759678863,0.102809040747646,TRUE,0.000519433946562239,TRUE,TRUE,9.79216707719388e-14,0.00429063276904418,0.272373847295024,0.116767898426779,TRUE,0.000274309065382437,TRUE,TRUE,0.00503045497675683,0.000601518064958207,0.005030454976757,0.000601518064958196,"M3","M4","M4","Both","Both","Both",12,12,161,12
"model1",0.64,0.41,1.2,0.8,4,0,0,1.12814238659226,1.02186693852447,TRUE,0,TRUE,TRUE,0,0,0.463654390346164,0.405987171917736,TRUE,0,TRUE,TRUE,1.28844775513003e-78,2.513809844561e-68,1.28844775512955e-78,2.51380984455942e-68,"M2.1","M1.1","M1.1","Both","Both","Both",6,6,159,6
"model0",0.5,0.11,1.5,1,8,0,0.000273715067078184,7.78747485592503,1.17003076993326,TRUE,2.86268669944551e-05,TRUE,TRUE,0,0.000712649526816378,0.0162578941636447,0.01650171400929,TRUE,4.68944762293363e-05,TRUE,TRUE,0.000357750056484183,0.000204441213882101,0.000357750056484224,0.000204441213882076,"M0.1","M1.1","M1.1","Both","Both","Both",10,10,176,10
"model1",0.8,0.29,1.5,0.8,5,0,0,0.843464185397841,0.86629458609851,TRUE,0,TRUE,TRUE,0,0,0.266262671712272,0.27240476600623,TRUE,0,TRUE,TRUE,2.21336737490603e-40,2.60533383083493e-37,2.21336737490708e-40,2.60533383083564e-37,"Other","M1.1","M1.1","Both","Both","Both",6,6,166,6
"model2",1.4,0.29,1.3,1,15,0,0,-3.32657087774527,-6.19763424118728,TRUE,0,TRUE,TRUE,0,0,-0.136747639581527,-0.0732945557881742,TRUE,0,TRUE,TRUE,2.08899884257107e-87,4.41370274137241e-64,2.08899884257173e-87,4.41370274137442e-64,"M2.1","M2.1","M2.1","Both","Both","Both",15,15,146,15
"model4",0.2,0.19,0.8,0.5,7,0,0,0.333307175358925,0.267671208203991,TRUE,0,TRUE,TRUE,0,0,0.679347711857704,0.476372330250973,TRUE,0,TRUE,TRUE,3.20173283971976e-21,3.15073227531259e-18,3.20173283971944e-21,3.15073227531167e-18,"M0.2","M4","M4","Both","Both","Both",8,8,168,8
"model2",0.7,0.23,0.6,1,14,0,0,-2.11495295108658,60.5830344412211,TRUE,0,TRUE,TRUE,0,0,-0.263255803213864,0.00833584184488204,TRUE,0,TRUE,TRUE,2.43604096715218e-101,3.22522219924541e-77,2.43604096715093e-101,3.22522219924412e-77,"Other","Other","Other","Both","Both","Both",14,14,150,14
"model3",0.24,0.44,0.9,0.6,15,1.31006316905768e-14,0,0.332563941700134,0.648240489370415,TRUE,0,TRUE,TRUE,3.61932706027801e-13,0,0.237707970635838,0.610284198135289,TRUE,0,TRUE,TRUE,8.96583810786439e-73,3.34896632922231e-52,8.96583810786567e-73,3.3489663292257e-52,"Other","M4","M4","Both","Both","Both",17,17,194,17
"model4",0.48,0.03,0.5,0.6,9,0,0,0.33472249996355,0.315000407944611,TRUE,0,TRUE,TRUE,0,0,0.890388807900794,0.787764861585884,TRUE,0,TRUE,TRUE,2.1760069034094e-43,1.79639752001329e-46,3.7777218724973e-52,9.38784686731225e-50,"M0.2","M1.2","M1.2","Both","Both","Both",11,11,137,11
"model3",0.54,0.15,1.2,0.9,9,0.00280575683640527,0,-0.107652477311505,0.540715360986719,TRUE,0,TRUE,TRUE,0.00215975197144291,0,-0.130325262463034,0.558516786122082,TRUE,0,TRUE,TRUE,5.91390368658995e-53,5.41642939215827e-40,5.91390368659181e-53,5.41642939215734e-40,"M3","M4","M4","Both","Both","Both",11,11,157,11
"model3",0.15,0.5,1.3,0.5,12,1.92931048914602e-09,0,-0.213804716188466,0.898024164589438,TRUE,0,TRUE,TRUE,1.14121669891887e-08,0,-0.214499545894539,0.888536013283128,TRUE,0,TRUE,TRUE,1.37827171306482e-228,1.30870429092439e-34,1.37827171306545e-228,1.30870429092373e-34,"M2.2","M4","M4","Both","Both","Both",12,12,170,12
"model1",1.08,0.23,1,0.9,10,0,0,1.67110749310456,1.19632035679371,TRUE,0,TRUE,TRUE,0,0,0.286851504586889,0.55082982911459,TRUE,0,TRUE,TRUE,1.88667900991609e-154,9.54717479597724e-120,1.88667900991588e-154,9.54717479597453e-120,"M2.1","M4","M4","Both","Both","Both",12,12,149,12
"model0",0.64,0.08,1.2,0.8,7,0.238436591525108,0.044787374121634,-1.53338350362446,0.711382777252845,TRUE,0.00422111832506566,TRUE,FALSE,0.239865426997339,0.0473135891309717,-0.00166968876520298,0.00766037242683986,TRUE,0.00284461251025758,TRUE,FALSE,0.0584126604549721,0.453146903072604,0.058412660454972,0.453146903072604,"M0.1","M0.1","M0.1","Both","Both","No.Med",8,8,170,8
"model3",0.54,0.4,1.1,0.6,3,0.000281226849639715,0,-0.135997576316665,0.654148008221857,TRUE,0,TRUE,TRUE,0.000648703820416374,0,-0.144700358817112,0.562871903029742,TRUE,0,TRUE,TRUE,9.97257732029698e-68,3.78415976282398e-54,9.97257732029499e-68,3.78415976282365e-54,"M3","M4","M4","Both","Both","Both",5,5,137,5
"model2",0.49,0.39,1.4,0.7,1,0,0,36.8432768407147,-820.960541581611,TRUE,0,TRUE,TRUE,0,0,0.00641096289906038,-0.000445585890921122,TRUE,0,TRUE,TRUE,1.75213050128593e-67,2.3023691083778e-40,1.75213050128523e-67,2.30236910837744e-40,"M2.1","M2.1","M2.1","Both","Both","Both",2,2,158,2
"model1",1.5,0.1,1,1,9,0,0,0.750690605380159,1.01624525886509,TRUE,0,TRUE,TRUE,0,0,0.582601648531997,0.682400773843669,TRUE,0,TRUE,TRUE,4.38704342074017e-170,1.75102646734042e-101,4.38704342073992e-170,1.75102646733988e-101,"M2.1","M1.1","Other","Both","Both","Both",10,10,175,10
"model0",0.54,0.25,1.1,0.6,12,0,0.0011351910709414,5.9162419905407,1.43214280854121,TRUE,0.000115676232046751,TRUE,TRUE,0,0.00209930835734062,0.0499297232111944,0.0112624590916595,TRUE,0.000136092570179298,TRUE,TRUE,0.00114456319970419,0.00164777866561669,0.00114456319970425,0.00164777866561684,"M0.1","M1.1","M1.1","Both","Both","Both",13,13,180,13
"model1",0.65,0.17,1.2,0.5,13,0,0,0.69794368426797,1.27886959613515,TRUE,0,TRUE,TRUE,0,0,0.207046825757561,0.23309781996402,TRUE,0,TRUE,TRUE,5.22991270344316e-52,1.42176494105609e-33,5.22991270344159e-52,1.42176494105615e-33,"M0.1","M1.1","M1.1","Both","Both","Both",13,13,171,13
"model2",1.04,0.17,0.5,0.8,2,0,0,-8.31962512103609,11.6566815361286,TRUE,0,TRUE,TRUE,0,0,-0.0256449801242498,0.0307127753737683,TRUE,0,TRUE,TRUE,1.57916985807138e-65,5.10320724001553e-44,1.57916985807138e-65,5.10320724001444e-44,"M2.1","M2.1","M2.1","Both","Both","Both",4,4,145,4
"model1",0.48,0.43,0.7,0.6,3,0,0,1.23303288557698,1.22752005748327,TRUE,0,TRUE,TRUE,0,0,0.125516640456914,0.178364665626533,TRUE,0,TRUE,TRUE,2.24002646333365e-37,3.49571271676631e-32,2.24002646333419e-37,3.49571271676672e-32,"M2.1","M1.1","M1.1","Both","Both","Both",3,3,134,3
"model4",0.35,0.4,1.4,0.5,7,0,0,0.558649240522272,0.398625170707747,TRUE,0,TRUE,TRUE,0,0,0.927321694493327,0.692109402720207,TRUE,0,TRUE,TRUE,6.11913226899026e-48,3.77361265114095e-46,6.11913226898911e-48,3.77361265114063e-46,"M0.2","M4","M4","Both","Both","Both",8,8,142,8
"model2",0.7,0.12,0.5,0.5,11,0,0,-2.3932248035691,10.4176272041538,TRUE,0,TRUE,TRUE,0,0,-0.111822285224143,0.0205326305205405,TRUE,0,TRUE,TRUE,5.65802731509782e-36,1.2908524320099e-24,5.65802731509782e-36,1.2908524320102e-24,"M0.1","M2.1","M2.1","Both","Both","Both",12,12,173,12
"model2",0.8,0.2,0.9,1,9,0,0,70.2950868907958,13.3312058862245,TRUE,0,TRUE,TRUE,0,0,0.00790941106948017,0.0313114681946533,TRUE,0,TRUE,TRUE,8.99791315715224e-79,3.34491957034658e-68,8.99791315715558e-79,3.34491957034886e-68,"M2.1","M2.1","M2.1","Both","Both","Both",10,10,150,10
"model1",1,0.5,0.9,1,4,0,0,1.26038108284134,1.01418671806165,TRUE,0,TRUE,TRUE,0,0,0.547437973421685,0.704489430792091,TRUE,0,TRUE,TRUE,2.93703977624373e-181,3.0916121250912e-149,2.93703977624356e-181,3.09161212509015e-149,"M1.1","M1.1","M1.1","Both","Both","Both",6,6,133,6
"model2",1.4,0.27,0.5,1,9,0,7.72802644100068e-09,-1.53609991295406,0.203087307283375,TRUE,8.83362106517694e-10,TRUE,TRUE,0,1.86599935503295e-09,-0.299069403428128,0.25811422004537,TRUE,1.38021495696178e-10,TRUE,TRUE,3.34555999521286e-09,0.866883162041442,3.34555999521161e-09,0.866883162041414,"M2.1","M2.1","M3","Both","Both","Both",14,14,158,14
"model3",1.12,0.45,0.9,0.8,4,0.991898781336464,5.64768565247675e-09,0.000719597914869895,-0.397222273801466,TRUE,6.47370986544371e-10,TRUE,TRUE,0.987845259439725,9.30783317087958e-09,0.000299797231457085,-0.125112284379511,TRUE,6.79526969265914e-10,TRUE,TRUE,7.06782819535737e-09,0.191142330880444,7.06782819535732e-09,0.191142330880443,"M3","M4","M3","Both","Both","Both",6,6,142,6
"model1",0.72,0.35,1.2,0.9,5,0,0,1.43987521515224,1.01685592635434,TRUE,0,TRUE,TRUE,0,0,0.297114165611315,0.601152334231906,TRUE,0,TRUE,TRUE,2.56899727926463e-136,6.31722462117212e-86,2.56899727926405e-136,6.31722462116906e-86,"M2.1","M1.1","M1.1","Both","Both","Both",10,10,184,10
"model0",0.77,0.42,1.4,0.7,11,0.0302595035494841,0.401818054786586,0.680573421675919,-0.833685719925056,TRUE,0.034852637840961,FALSE,FALSE,0.0357228431773455,0.35889676910001,0.0101071305977425,-0.00162017822608003,TRUE,0.0201608241459728,FALSE,FALSE,0.34767073213363,0.351299739104031,0.347670732133631,0.351299739104026,"M0.1","M0.1","M0.1","Both","No.Med","No.Med",11,11,135,11
"model2",1.1,0.44,1.1,1,4,0,0,-3.69634295440056,-5.65758321282306,TRUE,0,TRUE,TRUE,0,0,-0.103617463289305,-0.0781212519461152,TRUE,0,TRUE,TRUE,2.07755301160783e-85,1.79874538984884e-51,2.07755301160748e-85,1.7987453898482e-51,"M2.1","M2.1","M2.1","Both","Both","Both",6,6,154,6
"model1",1.1,0.4,1,1,6,0,0,1.0438603280344,0.957800585317714,TRUE,0,TRUE,TRUE,0,0,0.463781049505294,0.485486098246474,TRUE,0,TRUE,TRUE,2.64868422331017e-91,3.95825857007508e-74,2.64868422331228e-91,3.95825857007655e-74,"M2.1","M1.1","M1.1","Both","Both","Both",7,7,143,7
"model3",0.81,0.24,0.5,0.9,14,0,0.641311897369176,-0.180347603376521,0.013900843672159,TRUE,0.0542484492318268,FALSE,FALSE,0,0.648926069739922,-0.579684794110173,0.0247883239335317,TRUE,0.0351001600248091,FALSE,FALSE,0.636127632223769,0.116932145755403,0.636127632223765,0.116932145755404,"M0.2","M3","M3","Both","No.Med","No.Med",14,14,155,14
"model1",0.84,0.26,1.5,0.6,1,0,0,1.20628809974088,1.00316322893315,TRUE,0,TRUE,TRUE,0,0,0.345570943545587,0.675225006144688,TRUE,0,TRUE,TRUE,9.14015050972525e-165,9.39713117022988e-125,9.14015050973201e-165,9.3971311702363e-125,"M1.1","M1.1","M1.1","Both","Both","Both",2,2,141,2
"model3",0.78,0.44,0.7,0.6,15,0,0.00100366259058537,-0.571456826977976,0.117172643232073,TRUE,0.000102528283728087,TRUE,TRUE,0,0.000786407446832005,-0.33527369020973,0.139562344467262,TRUE,5.15754753511073e-05,TRUE,TRUE,0.00108532044411933,0.441165418557856,0.00108532044411924,0.441165418557847,"M3","M4","M3","Both","Both","Both",16,16,164,16
"model1",0.99,0.05,1.3,0.9,1,0,0,0.874606274330139,1.03065061876508,TRUE,0,TRUE,TRUE,0,0,0.417548518552007,0.712655835487736,TRUE,0,TRUE,TRUE,0,5.5269063770891e-202,0,1.77876640456147e-189,"M2.1","M1.1","M1.1","Both","Both","Both",4,4,146,4
"model1",0.96,0.05,1.1,0.8,11,0,0,2.27021229189748,1.23148032215129,TRUE,0,TRUE,TRUE,0,0,0.167040273454675,0.500449169452504,TRUE,0,TRUE,TRUE,9.61923732239974e-138,3.28808498745704e-85,9.61923732239482e-138,3.28808498745498e-85,"M2.1","M1.1","M1.1","Both","Both","Both",12,12,155,12
"model4",0.15,0.06,1.5,0.5,11,0,0,0.331219199164728,0.742453384112866,TRUE,0,TRUE,TRUE,0,0,0.756575632000982,0.84869818067179,TRUE,0,TRUE,TRUE,9.98005876394401e-143,1.94336086608582e-109,9.98005876393776e-143,1.94336086608665e-109,"Other","M4","M4","Both","Both","Both",13,13,160,13
"model3",0.27,0.07,1.1,0.9,5,1.03939523654617e-09,0,0.268846408578678,0.657530250178369,TRUE,0,TRUE,TRUE,1.57251078825027e-09,0,0.200612185183567,0.629497380927067,TRUE,0,TRUE,TRUE,2.20124560607853e-78,4.01934362576714e-60,2.20124560607828e-78,4.01934362576875e-60,"M0.1","M4","M4","Both","Both","Both",6,6,158,6
"model2",1.5,0.17,1,1,8,0,0,-24.6222590824286,-21.0071616431065,TRUE,0,TRUE,TRUE,0,0,-0.0191754613104737,-0.0234898578661424,TRUE,0,TRUE,TRUE,8.10385905360261e-99,1.74876181229472e-64,8.10385905360261e-99,1.74876181229462e-64,"M2.1","M2.1","M2.1","Both","Both","Both",9,9,165,9
"model0",0.42,0.1,0.7,0.6,3,0,0.0256263354113988,6.77514354102706,0.7129174116449,TRUE,0.00246625563046184,TRUE,FALSE,0,0.0260763003693179,0.0254523359618061,0.010967496830094,TRUE,0.0016020413201585,TRUE,FALSE,0.023097634830812,0.0239753267729312,0.023097634830813,0.0239753267729319,"Other","M0.1","M0.1","Both","Both","No.Med",6,6,157,6
"model3",0.99,0.02,1.4,0.9,9,0.0657801877742814,0.851432222617926,-0.118882894188744,-0.0085084105970476,TRUE,0.0707094503025392,FALSE,FALSE,0.0546613226387267,0.809791410020985,-0.0503450682624567,-0.00949297152228999,TRUE,0.0430905323694186,FALSE,FALSE,0.803526869928662,0.291712605950022,0.729951004504343,0.239621781993697,"M3","M3","M3","Both","No.Med","No.Med",10,10,146,10
"model2",0.6,0.3,1.5,0.5,4,1.55431223447522e-15,0,13.830040475154,-148.163562611123,TRUE,0,TRUE,TRUE,1.99840144432528e-15,0,0.00661089170297814,-0.00153622400148246,TRUE,0,TRUE,TRUE,7.13276629963502e-39,7.74160744438803e-23,7.13276629963318e-39,7.7416074443873e-23,"M0.1","M2.1","M2.1","Both","Both","Both",5,5,152,5
"model2",0.45,0.17,0.7,0.9,2,0,0,-14.5360449498986,12.313125179721,TRUE,0,TRUE,TRUE,0,0,-0.0473967540888608,0.034376849200454,TRUE,0,TRUE,TRUE,4.72935499043508e-81,3.71246723249562e-68,4.72935499043319e-81,3.71246723249456e-68,"M2.1","M2.1","M2.1","Both","Both","Both",3,3,149,3
"model2",0.54,0.17,0.8,0.6,5,0.0025836301987967,0,-4.14233895378162,-5.60728287298755,TRUE,0,TRUE,TRUE,0.00311079854668406,0,-0.00337195502753607,-0.0403748292067294,TRUE,0,TRUE,TRUE,1.55692994703476e-38,1.79549703090768e-20,1.55692994703452e-38,1.79549703090741e-20,"M0.1","M2.1","M2.1","Both","Both","Both",7,7,146,7
"model0",0.5,0.25,1.3,1,1,0.573303768435763,0.000467410289351156,0.116914100556522,0.795451747376904,TRUE,4.8513471821495e-05,TRUE,TRUE,0.533832580233693,0.000595730595190913,0.00487363120798422,0.0241056220691514,TRUE,3.9365431067474e-05,TRUE,TRUE,0.000341701403994293,4.20015726296503e-06,0.000341701403994293,4.20015726296495e-06,"M0.1","M1.1","M1.1","Both","Both","Both",670,670,156,1
"model0",0.65,0.28,0.8,0.5,14,0.0106221442663486,0.0516047630219905,0.237749751436174,0.37262301849771,TRUE,0.00484878110847686,FALSE,FALSE,0.0162327133920797,0.0537497743766229,0.0372073412530679,0.0159880519155286,TRUE,0.00322418296165724,FALSE,FALSE,0.0488360029438418,0.000180400683326219,0.0488360029438444,0.000180400683326215,"M0.1","M0.1","M1.1","Both","No.Med","No.Med",14,14,138,14
"model4",1.26,0.39,1.3,0.9,2,0,0,0.425238809139472,0.422968829446949,TRUE,0,TRUE,TRUE,0,0,0.847546864904601,0.834192844590302,TRUE,0,TRUE,TRUE,1.45134025350545e-64,9.39235152327262e-67,1.45134025350578e-64,9.39235152327476e-67,"M1.2","M4","M1.2","Both","Both","Both",2,2,154,2
"model4",0.4,0.23,1.2,1,3,0.000137267921456852,0,0.0987023498274543,0.49952000798761,TRUE,0,TRUE,TRUE,0.000115825904539069,0,0.23273765944957,0.94089199826879,TRUE,0,TRUE,TRUE,3.38524786436809e-93,2.45122641223109e-71,3.38524786436809e-93,2.45122641223123e-71,"M1.2","M1.2","M1.2","Both","Both","Both",3,3,159,3
"model1",0.4,0.1,1.1,1,9,0,0,1.00987547901436,0.960650898632852,TRUE,0,TRUE,TRUE,0,0,0.530081171527749,0.762304874275978,TRUE,0,TRUE,TRUE,4.83311115839246e-189,2.41553390717142e-150,4.83311115839686e-189,2.41553390717142e-150,"M2.1","M1.1","M1.1","Both","Both","Both",11,11,151,11
"model3",0.25,0.05,0.9,0.5,8,0,0.0184708664916207,0.51412665045335,0.10352034774158,TRUE,0.00179730851862455,TRUE,FALSE,0,0.0158322549579366,0.64797655877484,0.0826036345400298,TRUE,0.00098810832085151,TRUE,FALSE,0.0177485099664366,0.000318987352416953,0.0177485099664364,0.00031898735241691,"M0.2","M3","M4","Both","Both","No.Med",9,9,139,9
"model1",0.21,0.03,1,0.7,9,0,0,0.816726467023517,0.96155951264482,TRUE,0,TRUE,TRUE,0,0,0.190170759692979,0.695678706549407,TRUE,0,TRUE,TRUE,0,0,0,8.50144267270094e-238,"M0.1","M1.1","M1.1","Both","Both","Both",14,14,140,14
"model4",0.64,0.39,1,0.8,11,0,0,0.288317606423243,0.44665973056514,TRUE,0,TRUE,TRUE,0,0,1.05330302888272,0.855642152861858,TRUE,0,TRUE,TRUE,4.24760655295527e-70,8.22574478789303e-61,4.24760655295527e-70,8.22574478789585e-61,"M1.2","M4","M1.2","Both","Both","Both",13,13,167,13
"model2",0.7,0.03,1.3,1,15,0,0,2.50313047623795,3.22737641196257,TRUE,0,TRUE,TRUE,0,0,0.116621144443254,0.142641140277727,TRUE,0,TRUE,TRUE,4.60240090238059e-115,1.22261842850949e-74,1.13714671840933e-121,2.31674095678239e-76,"Other","M2.1","M2.1","Both","Both","Both",17,17,175,17
"model2",0.5,0.19,0.8,0.5,12,0,0,4.07918443205681,9.27064862482842,TRUE,0,TRUE,TRUE,0,0,0.0847884359604465,0.0187298756364516,TRUE,0,TRUE,TRUE,8.14665403713556e-29,6.97293270982897e-21,8.14665403713385e-29,6.97293270982795e-21,"M0.1","M2.1","M2.1","Both","Both","Both",13,13,171,13
"model1",0.8,0.09,0.8,0.8,9,0,0,0.85783665363637,1.33039761434029,TRUE,0,TRUE,TRUE,0,0,0.193468634261427,0.273501048757424,TRUE,0,TRUE,TRUE,3.72826771030517e-66,1.45342788317225e-43,3.72826771030517e-66,1.45342788317263e-43,"M2.1","M1.1","M1.1","Both","Both","Both",11,11,141,11
"model4",0.66,0.11,1.4,0.6,10,0,0,0.268020045026255,0.728538988852144,TRUE,0,TRUE,TRUE,0,0,0.517000030913389,0.890984643487446,TRUE,0,TRUE,TRUE,3.45763753028396e-150,7.25296217778563e-102,3.45763753028495e-150,7.25296217778852e-102,"M4","M4","M1.2","Both","Both","Both",13,13,168,13
"model4",0.9,0.48,1.3,0.9,9,0,0,0.551632030420452,0.458795852112089,TRUE,0,TRUE,TRUE,0,0,0.945123944882663,0.91889521444397,TRUE,0,TRUE,TRUE,1.4835983642719e-79,7.85563663868158e-78,1.48359836427051e-79,7.85563663867732e-78,"M1.2","M1.2","M1.2","Both","Both","Both",12,12,170,12
"model0",0.99,0.33,1.3,0.9,7,3.54427043269823e-09,9.95503571510348e-06,1.14549255823653,0.997428560966641,TRUE,1.08836041471683e-06,TRUE,TRUE,5.19679255184258e-09,1.02837595341576e-05,0.0440737811000362,0.0299066607803186,TRUE,7.2133320442242e-07,TRUE,TRUE,8.24022943180035e-06,1.89662538840854e-07,8.24022943180053e-06,1.89662538840865e-07,"M0.1","M1.1","M1.1","Both","Both","Both",7,7,167,7
"model4",0.77,0.27,1.5,0.7,4,0,0,0.568621414905549,0.421560989162041,TRUE,0,TRUE,TRUE,0,0,0.970611512883538,0.882157565984096,TRUE,0,TRUE,TRUE,1.44656451363221e-68,6.69691258992415e-64,1.44656451363245e-68,6.69691258992855e-64,"M1.2","M1.2","M1.2","Both","Both","Both",5,5,166,5
"model3",0.15,0.49,0.5,0.5,11,0.202149978053394,0,-0.0383241169227302,0.459037674530762,TRUE,0,TRUE,TRUE,0.197144909825453,0,-0.0711641217088419,0.433693691032372,TRUE,0,TRUE,TRUE,4.51786411050541e-33,1.420804775847e-25,4.51786411051192e-33,1.4208047758474e-25,"M0.2","M4","M4","Both","Both","Both",17,17,160,17
"model1",0.7,0.35,1,0.5,2,1.3988810110277e-14,0,0.869417464915978,1.15703842511873,TRUE,0,TRUE,TRUE,1.11022302462516e-15,0,0.0992210507640111,0.127821681380821,TRUE,0,TRUE,TRUE,7.86990183221897e-25,5.3183711156467e-25,7.86990183221715e-25,5.31837111564697e-25,"M1.1","M1.1","M1.1","Both","Both","Both",2,2,148,2
"model4",0.78,0.05,0.5,0.6,15,0,0,0.284113956582438,0.573701183453343,TRUE,0,TRUE,TRUE,0,0,1.23323655766996,0.952337920056759,TRUE,0,TRUE,TRUE,5.57099188694608e-113,3.13297921883643e-82,5.57099188694449e-113,3.13297921883563e-82,"M1.2","M1.2","M1.2","Both","Both","Both",18,18,175,18
"model1",0.45,0.06,1.3,0.5,1,0,0,1.88272680975797,1.0942307181087,TRUE,0,TRUE,TRUE,0,0,0.302806838444754,0.242322781109516,TRUE,0,TRUE,TRUE,3.59271887346679e-46,2.66276374083436e-52,3.59271887346752e-46,2.66276374083648e-52,"M1.1","M1.1","M1.1","Both","Both","Both",3,3,158,3
"model0",0.55,0.36,0.6,0.5,8,0.60941943903294,0.302302638530589,-1.68628308664108,-0.967009920868857,TRUE,0.0268263227262875,FALSE,FALSE,0.600511189551673,0.32789221708466,-0.000261820819342743,-0.00129246840267081,TRUE,0.0184851320813099,FALSE,FALSE,0.365611627295887,0.318211317208894,0.365611627295894,0.318211317208907,"M0.1","M0.1","M0.1","Both","No.Med","No.Med",9,9,151,9
"model2",1.04,0.15,0.5,0.8,4,0,0,-7.29307788480316,1.92587586366329,TRUE,0,TRUE,TRUE,0,0,-0.0512268639349999,0.346107223345049,TRUE,0,TRUE,TRUE,4.50225731743552e-159,2.90920562388702e-90,4.50225731743321e-159,2.90920562388802e-90,"M2.1","M2.1","M2.1","Both","Both","Both",6,6,186,6
"model3",0.6,0.26,0.7,0.5,13,0.00253078502125148,0.330791013003649,-0.105187197486777,-0.0366989998638991,TRUE,0.0292068703663497,FALSE,FALSE,0.00230723092222584,0.337015950305763,-0.126670622126636,-0.0413589296176123,TRUE,0.0189723073827463,FALSE,FALSE,0.320952318987203,0.318389543030972,0.320952318987215,0.318389543030974,"M3","M3","M3","Both","No.Med","No.Med",15,15,166,15
"model1",0.25,0.3,1,0.5,4,0,0,2.43631793469711,0.949958145325945,TRUE,0,TRUE,TRUE,0,0,0.36567629374687,0.205028807475521,TRUE,0,TRUE,TRUE,7.01028900794948e-33,2.42437554658958e-33,7.01028900794948e-33,2.42437554658895e-33,"M4","M1.1","M1.1","Both","Both","Both",5,5,134,5
"model1",0.54,0.39,1.3,0.9,11,0,0,1.32511731281533,1.10806184438064,TRUE,0,TRUE,TRUE,0,0,0.332155689937823,0.415020522608105,TRUE,0,TRUE,TRUE,1.54617051914538e-89,2.64785246738148e-69,1.5461705191464e-89,2.64785246738095e-69,"M2.1","M1.1","M1.1","Both","Both","Both",10,10,138,10
"model3",0.8,0.25,0.7,0.8,7,0.145797452738559,0,-0.0607717531286107,0.591784522460652,TRUE,0,TRUE,TRUE,0.148793437487145,0,-0.0544544240420813,0.654196747064478,TRUE,0,TRUE,TRUE,1.14467216184539e-71,1.85732352819502e-40,1.1446721618449e-71,1.85732352819547e-40,"M3","M4","M4","Both","Both","Both",9,9,155,9
"model4",0.15,0.05,0.9,0.5,9,0,0,0.329737846593623,0.71407798336218,TRUE,0,TRUE,TRUE,0,0,0.871123831488388,0.818712566505118,TRUE,0,TRUE,TRUE,4.62678395614278e-169,8.11887458029952e-182,2.66886445862102e-192,2.23337228014378e-191,"Other","M4","M4","Both","Both","Both",11,11,136,11
"model1",0.6,0.16,1,0.6,5,0,0,1.25492091128771,1.09941440140396,TRUE,0,TRUE,TRUE,0,0,0.302708907017603,0.270592974820495,TRUE,0,TRUE,TRUE,2.85949283617079e-52,1.97202424550016e-40,2.85949283617017e-52,1.97202424549943e-40,"M2.1","M1.1","M1.1","Both","Both","Both",8,8,146,8
"model2",0.72,0.5,0.6,0.8,14,0,0,3.09973097494472,-7.55944306606619,TRUE,0,TRUE,TRUE,0,0,0.10980715792907,-0.0573852418914881,TRUE,0,TRUE,TRUE,3.27147403127928e-82,1.22297571730911e-52,3.27147403128124e-82,1.22297571730953e-52,"Other","M2.1","M2.1","Both","Both","Both",15,15,160,15
"model1",1.3,0.35,1.2,1,13,0,0,0.664797198736659,0.809140178762463,TRUE,0,TRUE,TRUE,0,0,0.494710950505113,0.651211720983584,TRUE,0,TRUE,TRUE,6.67197661626957e-108,4.01352688452464e-81,6.67197661627356e-108,4.01352688452669e-81,"M4","M4","M1.1","Both","Both","Both",13,13,154,13
"model4",0.2,0.28,0.7,0.5,7,0,0,0.456160071416551,0.732397805379647,TRUE,0,TRUE,TRUE,0,0,0.628874233747114,0.846814755635693,TRUE,0,TRUE,TRUE,1.28770087014754e-139,7.60750254699822e-108,1.28770087014842e-139,7.60750254700147e-108,"Other","M4","M4","Both","Both","Both",10,10,177,10
"model2",0.98,0.47,1.5,0.7,3,0,0,6.76387390132302,6.64802068470961,TRUE,0,TRUE,TRUE,0,0,0.0587930343150753,0.0456655731819702,TRUE,0,TRUE,TRUE,7.86521158518597e-54,1.29913516264561e-40,7.86521158518776e-54,1.2991351626455e-40,"Other","M2.1","M2.1","Both","Both","Both",4,4,154,4
"model3",0.7,0.3,1,0.5,4,5.86641846211933e-13,0.0196865569526201,0.236576143832424,0.0768279578436466,TRUE,0.00190955842876265,TRUE,FALSE,4.20774526332934e-13,0.0241671260418344,0.304877575032071,0.104493913832618,TRUE,0.00149056596603515,TRUE,FALSE,0.021328465070939,0.000237233950699323,0.0213284650709407,0.000237233950699352,"M3","M3","M4","Both","Both","No.Med",6,6,148,6
"model3",0.28,0.44,0.8,0.7,15,0.0287674334298209,0.704684075063235,-0.0985545686352624,-0.015102680625821,TRUE,0.0591615126922312,FALSE,FALSE,0.0323196989656582,0.696904197825841,-0.0722423752702019,-0.0135068945670165,TRUE,0.0374635451400061,FALSE,FALSE,0.715639342196847,0.181944048491838,0.715639342196837,0.181944048491821,"M3","M3","M3","Both","No.Med","No.Med",13,13,167,13
"model0",1.2,0.49,0.8,0.8,12,0.000654447924699708,0.766046077239309,-15.2593768543235,4.42399231944088,TRUE,0.0640943866155233,FALSE,FALSE,0.00137488093804827,0.748912029649134,-0.00110565594007671,4.46236849181838e-05,TRUE,0.0400133513764759,FALSE,FALSE,0.720683488200066,0.955212838029912,0.720683488200064,0.955212838029899,"M0.1","M0.1","M0.1","Both","No.Med","No.Med",16,16,158,16
"model1",0.81,0.02,0.9,0.9,11,0,1.09872368314612e-07,0.568394585795666,-0.382837616033531,TRUE,1.24320108148528e-08,TRUE,TRUE,0,7.94424865890875e-08,0.603523187850664,-0.12229123842327,TRUE,5.75175201510264e-09,TRUE,TRUE,1.62815079859162e-07,0.391230531034888,8.17029825706227e-09,0.551274983296253,"Other","Other","M0.1","Both","Both","Both",12,12,165,12
"model2",0.3,0.25,0.5,1,11,0,7.54951656745106e-15,-2.84429871502242,0.321970737488026,TRUE,9.03251029640165e-16,TRUE,TRUE,0,1.4210854715202e-13,-0.17142484246092,0.249511084420262,TRUE,1.07745642194193e-14,TRUE,TRUE,1.71258535783788e-13,1.35214014900435e-09,1.71258535783724e-13,1.35214014900421e-09,"Other","M2.1","M2.1","Both","Both","Both",15,15,171,15
"model1",0.9,0.19,0.9,0.9,13,0,0,1.49597799859647,0.968077797951692,TRUE,0,TRUE,TRUE,0,0,0.355576342050257,0.388986080212595,TRUE,0,TRUE,TRUE,1.30470522401339e-68,2.15703472739891e-67,1.30470522401354e-68,2.15703472739971e-67,"M2.1","M1.1","M1.1","Both","Both","Both",15,15,174,15
"model0",0.9,0.22,0.7,1,2,0.0996117249065465,0.0769929299965391,0.324444498534227,0.293481202551835,TRUE,0.00715229303504216,FALSE,FALSE,0.101892404978855,0.079624092745995,0.0116888384254385,0.0150566087700775,TRUE,0.00472939389830224,FALSE,FALSE,0.0874510642607493,0.233745679674943,0.0874510642607477,0.23374567967494,"M0.1","M0.1","M0.1","Both","No.Med","No.Med",4,4,151,4
"model1",0.24,0.12,0.9,0.8,2,0,0,1.63471957916644,0.92856834761412,TRUE,0,TRUE,TRUE,0,0,0.558594071955994,0.45065142426119,TRUE,0,TRUE,TRUE,7.47028740512342e-80,1.38738062414969e-96,7.47028740512384e-80,1.38738062415008e-96,"M1.1","M1.1","M1.1","Both","Both","Both",3,3,151,3
"model3",0.54,0.11,0.6,0.6,6,8.65973959207622e-15,0,-0.357666132926654,0.569185347637884,TRUE,0,TRUE,TRUE,2.22044604925031e-16,0,-0.241018888513163,0.563247701963652,TRUE,0,TRUE,TRUE,4.76148670139779e-57,3.19440788247048e-35,4.76148670139677e-57,3.19440788247131e-35,"M3","M4","M4","Both","Both","Both",8,8,154,8
"model1",0.75,0.32,0.8,0.5,10,0,0,1.16767583003341,0.995790563351901,TRUE,0,TRUE,TRUE,0,0,0.224109368803983,0.595066678906208,TRUE,0,TRUE,TRUE,3.07582758784041e-129,1.54911281615505e-78,3.07582758783884e-129,1.54911281615474e-78,"M0.1","M1.1","M1.1","Both","Both","Both",12,12,169,12
"model4",1.04,0.5,0.6,0.8,11,0,0,0.36637112732174,0.448371483667836,TRUE,0,TRUE,TRUE,0,0,0.74796082986888,0.852984275705477,TRUE,0,TRUE,TRUE,2.88755729930025e-70,1.96860688999263e-60,2.88755729929959e-70,1.96860688999235e-60,"M1.2","M1.2","M1.2","Both","Both","Both",12,12,141,12
"model2",0.3,0.41,1.4,0.5,3,2.61709924354037e-05,0,50.1213098877501,401.372904877387,TRUE,0,TRUE,TRUE,1.10344358930092e-05,0,0.000532642766795215,0.000467140118275355,TRUE,0,TRUE,TRUE,1.38131756092875e-31,1.33699266004615e-16,1.38131756092913e-31,1.3369926600461e-16,"M0.1","M2.1","M2.1","Both","Both","Both",5,5,167,5
"model3",0.4,0.02,1,0.5,3,0,0.432159254857882,-0.718312404572914,0.0270031578305738,TRUE,0.0373526445754116,FALSE,FALSE,0,0.408716138160524,-0.618232480572464,0.0348586195983065,TRUE,0.0226681594465664,FALSE,FALSE,0.428761622215523,0.000370965114175888,0.406666631187759,0.00343086805157929,"M3","M3","M4","Both","No.Med","No.Med",5,5,158,5
"model3",0.36,0.34,0.6,0.6,2,0,0.587301190227223,0.694612762168967,0.0208169397825879,TRUE,0.0499545470505729,FALSE,FALSE,0,0.600442776576634,0.512603196488272,0.018259033238577,TRUE,0.0327024767474932,FALSE,FALSE,0.616033364631294,9.68501627381517e-13,0.616033364631268,9.68501627381499e-13,"M3","M3","M4","Both","No.Med","No.Med",2,2,147,2
"model4",0.3,0.05,1.1,0.6,9,0,0,0.33298586285101,0.328868814121075,TRUE,0,TRUE,TRUE,0,0,0.611759684011494,0.576031077941593,TRUE,0,TRUE,TRUE,1.06034694025973e-31,1.40385910145525e-28,1.06034694025957e-31,1.40385910145482e-28,"M0.2","M4","M4","Both","Both","Both",10,10,136,10
"model3",0.72,0.29,0.8,0.8,7,0,1.28066215654421e-06,-0.759754049297885,-0.206090951982707,TRUE,1.4306377971386e-07,TRUE,TRUE,0,1.25022239738648e-06,-0.52282732888802,-0.159895955659035,TRUE,8.94481695779723e-08,TRUE,TRUE,2.72899414575805e-06,3.38296462834659e-11,2.72899414575814e-06,3.38296462834736e-11,"M3","M4","M4","Both","Both","Both",7,7,168,7
"model1",1.4,0.02,1.1,1,10,0,0,0.702112674585164,1.27127968233431,TRUE,0,TRUE,TRUE,0,0,0.390071556090079,0.54241798316299,TRUE,0,TRUE,TRUE,0,7.55806378539611e-227,4.27006111590727e-249,1.44992389496167e-191,"Other","Other","Other","Both","Both","Both",11,11,150,11
"model3",0.24,0.18,0.5,0.8,1,0,0.00156833441178961,1.16893515105315,-0.173582384753157,TRUE,0.000159023134022034,TRUE,TRUE,0,0.0010570989937253,0.33664632946287,-0.0921929356654723,TRUE,6.91555277846686e-05,TRUE,TRUE,0.00109742225664777,0.0514660335463597,0.00109742225664756,0.051466033546364,"M2.1","M4","M3","Both","Both","Both",3,3,141,3
"model4",0.4,0.24,1.5,0.5,8,0,0,0.62969824722035,0.479162226201421,TRUE,0,TRUE,TRUE,0,0,0.818464221910578,0.761617033774891,TRUE,0,TRUE,TRUE,1.70835886102214e-66,1.09456414055643e-32,1.70835886102292e-66,1.09456414055608e-32,"M1.2","M4","M4","Both","Both","Both",10,10,171,10
"model2",0.54,0.44,0.9,0.9,4,0,0,21.7062875710223,57.1168867415907,TRUE,0,TRUE,TRUE,0,0,0.031106638294417,0.00758763106795951,TRUE,0,TRUE,TRUE,3.20579332246734e-83,1.15177531016742e-72,3.20579332247108e-83,1.15177531016742e-72,"Other","M2.1","M2.1","Both","Both","Both",6,6,148,6
"model0",0.72,0.36,0.7,0.6,6,0.125962885781613,0.163859458953379,-2.87430949162003,2.74107679933182,TRUE,0.0149397043924794,FALSE,FALSE,0.145263890101449,0.180454985705631,-0.00121938982987056,0.00110821928315885,TRUE,0.0105121222907304,FALSE,FALSE,0.157896887696429,0.12609408617493,0.157896887696431,0.126094086174931,"M0.1","M0.1","M0.1","Both","No.Med","No.Med",8,8,152,8
"model0",1.12,0.33,1.3,0.8,11,8.40460818718469e-08,5.74572170572996e-05,0.971194634089081,1.70596181089158,TRUE,6.13976432295713e-06,TRUE,TRUE,3.0042313969858e-08,5.6868188287762e-05,0.0435056901967882,0.0143416498204423,TRUE,3.89516834411701e-06,TRUE,TRUE,5.88885310132081e-05,0.00029115382820626,5.88885310132107e-05,0.000291153828206274,"M0.1","M1.1","M1.1","Both","Both","Both",12,12,136,12
"model1",0.54,0.07,1.5,0.9,5,0,0,1.26812180650488,0.981796218647044,TRUE,0,TRUE,TRUE,0,0,0.340763741875954,0.369563988827333,TRUE,0,TRUE,TRUE,2.0426557954012e-66,3.32499656488974e-61,2.04265579540155e-66,3.32499656489069e-61,"M2.1","M1.1","M1.1","Both","Both","Both",6,6,172,6
"model2",0.99,0.36,1,0.9,3,0,0,4.37852996833512,3.75810155075055,TRUE,0,TRUE,TRUE,0,0,0.0596637269905264,0.102682832664186,TRUE,0,TRUE,TRUE,8.40596033130271e-72,8.33091841891425e-49,8.4059603313063e-72,8.33091841891996e-49,"M2.1","M2.1","M2.1","Both","Both","Both",5,5,153,5
"model0",0.9,0.5,0.7,0.6,11,0.488372129827328,0.00504661215182023,-0.0890770958197529,0.587375517073835,TRUE,0.000503815655668233,TRUE,TRUE,0.524909437430987,0.00725907362367861,-0.00743513828482926,0.0189380338952915,TRUE,0.000461091124771909,TRUE,TRUE,0.00685679823954205,0.0645348493999644,0.00685679823954188,0.0645348493999643,"M0.1","M1.1","M0.1","Both","Both","Both",10,10,161,10
"model3",0.6,0.49,1,0.6,8,0.000717396750168797,0.000233668533247799,0.101993659699696,-0.171717944121861,TRUE,2.45010478122079e-05,TRUE,TRUE,0.000737870188658674,0.000100608881833164,0.165186627470625,-0.120469543968041,TRUE,6.82582580857771e-06,TRUE,TRUE,0.000214177043286015,0.134281671672376,0.000214177043286019,0.134281671672373,"M3","M4","M3","Both","Both","Both",8,8,142,8
"model1",0.48,0.12,1.3,0.6,14,0,0,1.04295387918246,0.94974382893067,TRUE,0,TRUE,TRUE,0,0,0.315801512672966,0.658106795026643,TRUE,0,TRUE,TRUE,6.09212667600496e-140,8.91480673397311e-112,6.09212667600358e-140,8.91480673397818e-112,"M2.1","M1.1","M1.1","Both","Both","Both",17,17,160,17
"model3",0.9,0.43,0.9,0.9,13,0.00489996855561636,0,-0.155656276046691,0.623674854117912,TRUE,0,TRUE,TRUE,0.0051858954687265,0,-0.0789498255649217,0.63086607702803,TRUE,0,TRUE,TRUE,1.04317975755672e-72,1.20472567927778e-37,1.04317975755547e-72,1.20472567927769e-37,"M3","M4","M4","Both","Both","Both",13,13,174,13
"model2",0.56,0.35,1.1,0.8,14,0,0,14.5607889511886,24.3448139269983,TRUE,0,TRUE,TRUE,0,0,0.0164155017367444,0.01347294637262,TRUE,0,TRUE,TRUE,5.2293715115607e-58,6.56324358351745e-55,5.22937151156189e-58,6.56324358351942e-55,"Other","M2.1","M2.1","Both","Both","Both",15,15,154,15
"model4",0.63,0.49,1,0.9,1,0,0,0.571399578087286,0.514378122283182,TRUE,0,TRUE,TRUE,0,0,0.975248649090878,0.917196086120233,TRUE,0,TRUE,TRUE,1.10371121848862e-93,1.52035734594384e-120,1.1037112184888e-93,1.52035734594393e-120,"M2.2","M1.2","M1.2","Both","Both","Both",3,3,129,3
"model2",0.54,0.14,0.6,0.9,8,0,0,3.24791918804186,-12.8531811300953,TRUE,0,TRUE,TRUE,0,0,0.143600549296231,-0.0310538819167058,TRUE,0,TRUE,TRUE,2.24399341305028e-74,3.23235921145904e-60,2.24399341304849e-74,3.23235921145655e-60,"M2.1","M2.1","M2.1","Both","Both","Both",10,10,162,10
"model0",0.7,0.26,1.4,1,4,0.918723901460317,0.179195655712848,-0.0787127447916159,2.43740395195254,TRUE,0.0162776328990155,FALSE,FALSE,0.919217678471907,0.154009282115996,-0.000171179382250326,0.00125308517469185,TRUE,0.00901159115780539,FALSE,FALSE,0.156450773575965,0.89109535076607,0.156450773575965,0.891095350766066,"M0.1","M0.1","M0.1","Both","No.Med","No.Med",7,7,160,7
"model3",0.48,0.16,0.5,0.6,7,0.033853684193933,0.789512336708255,0.104603159233774,0.0121643897425471,TRUE,0.0660128807277945,FALSE,FALSE,0.0249526632350741,0.789368020453447,0.0713873497664936,0.011902510924934,TRUE,0.0421176737024667,FALSE,FALSE,0.75819867879844,0.312504023043007,0.758198678798458,0.312504023043014,"M3","M3","M3","Both","No.Med","No.Med",9,9,153,9
"model2",0.18,0.07,0.7,0.6,2,0,0,-25.7051324130436,31.4129659944939,TRUE,0,TRUE,TRUE,0,0,-0.0276052005404912,0.00842001145305323,TRUE,0,TRUE,TRUE,6.58848417980086e-46,3.1913365149526e-40,6.58848417979689e-46,3.19133651495219e-40,"M2.1","M2.1","M2.1","Both","Both","Both",5,5,166,5
"model0",0.42,0.04,1.1,0.7,2,0.239989791667228,0.834510818807241,-2.99152666769349,3.99318128810561,TRUE,0.0693509945205256,FALSE,FALSE,0.225272796173854,0.872985238693494,-0.000670332441222103,8.42146158215015e-06,TRUE,0.0461412197100009,FALSE,FALSE,0.764863343827346,0.621145689710356,0.935893814701213,0.501373484795506,"M0.1","M0.1","M0.1","Both","No.Med","No.Med",3,3,131,3
"model2",1.17,0.45,0.8,0.9,12,0,1.99840144432528e-15,-17.8087472739237,0.301146330629804,TRUE,2.39561934589806e-16,TRUE,TRUE,0,6.66133814775094e-16,-0.0284141796609154,0.308429771305576,TRUE,5.11962783497188e-17,TRUE,TRUE,1.94406300980959e-15,0.00639445230328848,1.94406300980913e-15,0.00639445230328919,"M2.1","M2.1","M2.1","Both","Both","Both",16,16,161,16
"model0",0.3,0.38,0.5,0.6,7,0,0.803840337280153,-1.28199061873725,0.171655021594729,TRUE,0.0669378467254386,FALSE,FALSE,0,0.722282396845692,-0.0801126276319715,0.000893108337892657,TRUE,0.0386956461332264,FALSE,FALSE,0.751413800568965,0.685892942326715,0.75141380056899,0.685892942326727,"M0.1","M0.1","M0.1","Both","No.Med","No.Med",9,9,134,9
"model2",0.45,0.19,0.7,0.5,12,1.54911417027392e-10,0,15.2178342707069,-13.7885840886816,TRUE,0,TRUE,TRUE,1.57893698116141e-10,0,0.00382390407811806,-0.00788005650045273,TRUE,0,TRUE,TRUE,4.85632794986311e-18,1.1032862925399e-23,4.85632794986368e-18,1.10328629253965e-23,"M0.1","M2.1","M2.1","Both","Both","Both",12,12,169,12
"model2",0.32,0.35,0.6,0.8,12,0,0,-21.3322754184673,13.1200027105602,TRUE,0,TRUE,TRUE,0,0,-0.0245306644756744,0.00874567674295149,TRUE,0,TRUE,TRUE,6.47945336994905e-19,2.68037949951416e-43,6.47945336995028e-19,2.68037949951493e-43,"M0.1","M2.1","M2.1","Both","Both","Both",16,16,168,16
"model4",0.4,0.18,0.7,1,2,9.27507683989859e-08,0,0.0915715595049539,0.447030452688098,TRUE,0,TRUE,TRUE,2.16759681315182e-07,0,0.443879160375413,0.90248701096118,TRUE,0,TRUE,TRUE,5.84400594057697e-76,1.02565127503542e-49,5.84400594057697e-76,1.02565127503542e-49,"M4","M1.2","M1.2","Both","Both","Both",5,5,144,5
"model1",0.84,0.5,0.7,0.7,6,0,0,1.03841606741526,0.908591646157243,TRUE,0,TRUE,TRUE,0,0,0.40406770376574,0.353377006847657,TRUE,0,TRUE,TRUE,3.10230417431306e-57,1.72377520050692e-53,3.10230417431195e-57,1.7237752005066e-53,"M2.1","M1.1","M1.1","Both","Both","Both",7,7,152,7
"model2",0.3,0.48,1.4,0.6,3,0,0,-3461.78781530291,25.5409369928977,TRUE,0,TRUE,TRUE,0,0,-6.65411408197359e-05,0.00924506096618036,TRUE,0,TRUE,TRUE,1.58569056016845e-40,3.58961048081993e-29,1.58569056016824e-40,3.58961048081936e-29,"M0.1","M2.1","M2.1","Both","Both","Both",4,4,138,4
"model1",0.45,0.19,0.7,0.5,1,0,0,2.8864218434277,1.13786594791047,TRUE,0,TRUE,TRUE,0,0,0.193531156815789,0.493895064433355,TRUE,0,TRUE,TRUE,2.03023010643202e-120,1.22270756887049e-92,2.03023010643282e-120,1.22270756886986e-92,"M4","M1.1","M1.1","Both","Both","Both",4,4,154,4
"model2",0.88,0.49,0.8,0.8,3,0,0,-20.1773673624225,-7.72286412860796,TRUE,0,TRUE,TRUE,0,0,-0.0140390842459331,-0.047688783238407,TRUE,0,TRUE,TRUE,7.54640856732505e-68,1.22621878315085e-47,7.54640856732419e-68,1.22621878315055e-47,"Other","M2.1","M2.1","Both","Both","Both",4,4,163,4
"model2",0.98,0.27,0.8,0.7,11,0,0,84.8180724119021,-4.63770438782902,TRUE,0,TRUE,TRUE,0,0,0.00413970124688195,-0.0700425355918663,TRUE,0,TRUE,TRUE,1.97699377187504e-57,5.58455291479771e-48,1.97699377187612e-57,5.58455291479819e-48,"M2.1","M2.1","M2.1","Both","Both","Both",14,14,156,14
"model1",0.5,0.04,1.4,1,14,0,0,0.840926289169531,0.99098180392313,TRUE,0,TRUE,TRUE,0,0,0.692130167314847,0.664889076432459,TRUE,0,TRUE,TRUE,1.12507534227391e-258,5.66986319008955e-259,1.22431650074107e-278,3.01001291291411e-276,"M2.1","M1.1","M1.1","Both","Both","Both",18,18,175,18
"model0",0.3,0.07,0.7,1,8,0,0.0303608059208849,35.1532993953216,0.515947605315463,TRUE,0.00289921130895056,TRUE,FALSE,0,0.0273300388545528,0.00322745537104941,0.013498072684666,TRUE,0.00167384018298309,TRUE,FALSE,0.0323269955687655,0.0161461242015037,0.0323269955687656,0.0161461242015006,"M0.1","M0.1","M0.1","Both","Both","No.Med",8,8,160,8
"model3",1.1,0.36,0.9,1,2,0.0069935316218559,0,0.111473434364507,0.62764680884761,TRUE,0,TRUE,TRUE,0.00666058266357927,0,0.106316290827695,0.626623982856007,TRUE,0,TRUE,TRUE,1.96371812214089e-73,2.98148794954098e-45,1.96371812214128e-73,2.98148794954149e-45,"M3","M4","M4","Both","Both","Both",6,6,151,6
"model4",0.5,0.47,0.7,1,6,0,0,0.76113131887785,0.471142610804596,TRUE,0,TRUE,TRUE,0,0,0.936437395077164,0.848247820797824,TRUE,0,TRUE,TRUE,4.74054075455111e-75,1.92232393144886e-66,4.74054075455232e-75,1.92232393144848e-66,"M2.2","M4","M1.2","Both","Both","Both",5,5,158,5
"model2",0.99,0.27,1.5,0.9,2,0,0,-14.1152878931677,-9.31322787697916,TRUE,0,TRUE,TRUE,0,0,-0.0372674623313424,-0.0472446025721286,TRUE,0,TRUE,TRUE,3.72871636279972e-85,1.79349541493378e-63,3.72871636280259e-85,1.79349541493537e-63,"Other","M2.1","M2.1","Both","Both","Both",4,4,135,4
"model0",0.24,0.25,1.2,0.8,4,0,0.00346540401273332,5.02721212056323,0.928789776890451,TRUE,0.000348505674918878,TRUE,TRUE,0,0.00553905816516975,0.0476572619892496,0.012914301079005,TRUE,0.00035297653548732,TRUE,TRUE,0.00478668658367774,0.0130348540377831,0.00478668658367866,0.0130348540377838,"M0.1","M1.1","M0.1","Both","Both","Both",4,4,148,4
"model2",0.7,0.05,0.7,1,6,0,0,-18.4825823804005,-10.3931412495005,TRUE,0,TRUE,TRUE,0,0,-0.0302911538878823,-0.0453930346769377,TRUE,0,TRUE,TRUE,3.72278614571241e-149,3.49607590500382e-140,7.75727961366975e-187,1.05687188494267e-114,"Other","M2.1","M2.1","Both","Both","Both",7,7,135,7
"model1",0.3,0.48,1.2,0.6,6,0,0,1.27680988578473,1.02549728971073,TRUE,0,TRUE,TRUE,0,0,0.328546807075736,0.32564429172743,TRUE,0,TRUE,TRUE,6.93405585583547e-60,1.71300928155808e-49,6.93405585583547e-60,1.71300928155762e-49,"M0.1","M1.1","M1.1","Both","Both","Both",8,8,162,8
"model0",1.05,0.5,0.9,0.7,9,4.42534897615587e-13,0.399513888244809,-3.2734929820755,-0.659301109455397,TRUE,0.0346916094111179,FALSE,FALSE,1.205480160138e-12,0.387499673097861,-0.0223267642248059,-0.00179349765251971,TRUE,0.0215979987556964,FALSE,FALSE,0.379596364467345,0.0197783733119207,0.379596364467343,0.0197783733119202,"M0.1","M0.1","M0.1","Both","No.Med","No.Med",11,11,146,11
"model1",0.42,0.31,0.9,0.6,15,0,0,0.999662365167166,0.923397988887748,TRUE,0,TRUE,TRUE,0,0,0.356924705046763,0.66072443218639,TRUE,0,TRUE,TRUE,1.16818584358145e-134,1.82757049049798e-105,1.16818584358158e-134,1.8275704904986e-105,"M2.1","M1.1","M1.1","Both","Both","Both",16,16,163,16
"model1",0.3,0.38,0.6,1,13,0,0,1.02377994058016,0.967925949226493,TRUE,0,TRUE,TRUE,0,0,0.64391034352996,0.753272595580325,TRUE,0,TRUE,TRUE,3.19328117481279e-186,3.81505937148723e-146,3.19328117481624e-186,3.81505937149027e-146,"M2.1","M1.1","M1.1","Both","Both","Both",15,15,138,15
"model0",0.6,0.27,1.5,0.6,8,0,4.25048269798722e-05,3.27908199171281,1.45324094487783,TRUE,4.56179823139828e-06,TRUE,TRUE,0,4.23220706806671e-05,0.0297009536899529,0.0173144331268949,TRUE,2.90896361752769e-06,TRUE,TRUE,4.36702057868668e-05,2.61953608773264e-06,4.36702057868616e-05,2.61953608773227e-06,"M0.1","M1.1","M1.1","Both","Both","Both",8,8,132,8
"model2",0.81,0.26,1,0.9,7,0,0,17.1582033895713,19.5005003038696,TRUE,0,TRUE,TRUE,0,0,0.0368190060672046,0.0221728147571123,TRUE,0,TRUE,TRUE,7.61907668659734e-83,1.27459543337412e-58,7.61907668660233e-83,1.27459543337448e-58,"M2.1","M2.1","M2.1","Both","Both","Both",7,7,164,7
"model4",0.72,0.17,0.9,0.6,4,0,0,0.520447621790343,0.303922920412386,TRUE,0,TRUE,TRUE,0,0,0.773076730236454,0.539383354196661,TRUE,0,TRUE,TRUE,1.66454350878359e-27,1.76845894831621e-40,1.66454350878363e-27,1.76845894831644e-40,"M4","M4","M4","Both","Both","Both",4,4,159,4
"model2",1.26,0.18,1.4,0.9,15,0,0,-14.686013608871,7.77969312946899,TRUE,0,TRUE,TRUE,0,0,-0.0325416732089355,0.045435853936341,TRUE,0,TRUE,TRUE,1.79787405388934e-63,2.26414997677284e-59,1.79787405388954e-63,2.26414997677284e-59,"Other","M2.1","M2.1","Both","Both","Both",15,15,163,15
"model0",1,0.06,1.1,1,6,0,0.408722243323619,3.06611575193104,-0.582412152615259,TRUE,0.035426505506127,FALSE,FALSE,0,0.369664425991894,0.0499646370731801,-0.00211053940203123,TRUE,0.0206918445186351,FALSE,FALSE,0.369234531884213,1.83330682293754e-06,0.369234531884205,1.83330682293757e-06,"M0.1","M0.1","M1.1","Both","No.Med","No.Med",8,8,170,8
"model2",1.2,0.38,1.5,0.8,3,0,0,-34.0791934391298,-23.8994024511277,TRUE,0,TRUE,TRUE,0,0,-0.00524143671464529,-0.0154379417018674,TRUE,0,TRUE,TRUE,8.45901177970595e-68,5.5879537299273e-36,8.45901177970595e-68,5.58795372992706e-36,"Other","M2.1","M2.1","Both","Both","Both",6,6,148,6
"model1",0.18,0.41,1.3,0.6,3,0,0,1.74455459524151,1.00197576794646,TRUE,0,TRUE,TRUE,0,0,0.329773985827463,0.221466484858073,TRUE,0,TRUE,TRUE,7.20428810116228e-38,9.67718730894583e-34,7.20428810115917e-38,9.67718730894374e-34,"M4","M1.1","M1.1","Both","Both","Both",4,4,139,4
"model4",0.6,0.18,0.8,0.5,10,0,0,0.36100953893491,0.369114898681961,TRUE,0,TRUE,TRUE,0,0,0.824320305236849,0.621855919251977,TRUE,0,TRUE,TRUE,6.85936493453001e-39,1.40686111870095e-36,6.8593649345305e-39,1.40686111870076e-36,"M2.2","M4","M4","Both","Both","Both",11,11,152,11
"model1",0.25,0.15,1.3,0.5,8,0,0,1.31636275202343,1.06668930112902,TRUE,0,TRUE,TRUE,0,0,0.214529315235367,0.154448587438609,TRUE,0,TRUE,TRUE,1.72847659103819e-27,3.60276869155217e-20,1.72847659103742e-27,3.60276869155274e-20,"M0.1","M1.1","M1.1","Both","Both","Both",8,8,161,8
"model0",0.35,0.39,1.3,0.7,12,1.12896850024136e-06,1.49053696052448e-08,0.697357808833953,1.27784810882468,TRUE,1.69904054347117e-09,TRUE,TRUE,2.29955278063798e-06,5.37314748250139e-09,0.0489468016731045,0.040137281529399,TRUE,3.94099521332747e-10,TRUE,TRUE,5.40108573968252e-09,1.82279683605511e-05,5.40108573968406e-09,1.82279683605512e-05,"M0.1","M1.1","M1.1","Both","Both","Both",17,17,158,17
"model1",0.48,0.29,1.2,0.6,11,0,0,1.03439882069079,1.08111619950936,TRUE,0,TRUE,TRUE,0,0,0.218004160669147,0.240010723172209,TRUE,0,TRUE,TRUE,2.43187180172657e-44,3.61231740511488e-39,2.43187180172632e-44,3.61231740511261e-39,"M0.1","M1.1","M1.1","Both","Both","Both",14,14,164,14
"model3",0.7,0.5,0.8,0.7,7,0,0,-0.832388902166989,0.634749712422684,TRUE,0,TRUE,TRUE,0,0,-0.30045977478891,0.515368593073351,TRUE,0,TRUE,TRUE,1.97707677518025e-58,5.24157839170746e-35,1.97707677517856e-58,5.24157839170618e-35,"M3","M4","M4","Both","Both","Both",8,8,123,8
"model2",0.3,0.02,1.4,0.6,10,0,0,-0.782445550042084,0.526548409282168,TRUE,0,TRUE,TRUE,0,0,-0.306251476789648,0.362509700755064,TRUE,0,TRUE,TRUE,1.05767767889361e-31,7.88048652610564e-25,8.85642776436122e-35,3.9191708828712e-27,"Other","M2.1","M2.1","Both","Both","Both",12,12,196,12
"model4",0.56,0.36,1.4,0.8,6,0,0,0.337765326566953,0.467864387151747,TRUE,0,TRUE,TRUE,0,0,0.541993965982629,0.814188983905311,TRUE,0,TRUE,TRUE,2.46869744529047e-70,2.42221311367792e-66,2.46869744528977e-70,2.42221311367682e-66,"M4","M4","M4","Both","Both","Both",8,8,143,8
"model3",0.3,0.25,1.2,1,14,0.00494330104439022,8.04240998668604e-05,-0.169587955555965,-0.221387598834763,TRUE,8.55678878818335e-06,TRUE,TRUE,0.00478763890994993,3.54570647373986e-05,-0.0704048977639979,-0.111224010942051,TRUE,2.44350675782599e-06,TRUE,TRUE,5.71970733897309e-05,0.00178313556044841,5.71970733897355e-05,0.00178313556044846,"M3","M4","M4","Both","Both","Both",14,14,165,14
"model2",1.4,0.44,0.5,1,2,0,0,-2.96540172751655,-1.11121909301851,TRUE,0,TRUE,TRUE,0,0,-0.0991752304268258,-0.544709454926799,TRUE,0,TRUE,TRUE,3.74978075446756e-135,3.55981867358187e-75,3.74978075446607e-135,3.55981867357994e-75,"M2.1","M2.1","M2.1","Both","Both","Both",5,5,171,5
"model2",1.08,0.47,1.1,0.9,4,0,0,-4.89948503772919,-3.86433972531174,TRUE,0,TRUE,TRUE,0,0,-0.0816192517210902,-0.112163079370548,TRUE,0,TRUE,TRUE,3.10595510885581e-83,3.5323728317637e-60,3.10595510885581e-83,3.5323728317641e-60,"M2.1","M2.1","M2.1","Both","Both","Both",6,6,158,6
"model2",0.6,0.13,0.7,1,10,0,0,3.51303391023903,101.629115507348,TRUE,0,TRUE,TRUE,0,0,0.141608007243699,0.00447874524143984,TRUE,0,TRUE,TRUE,6.57392560298933e-88,4.35139354182404e-70,6.57392560299121e-88,4.35139354182491e-70,"Other","M2.1","M2.1","Both","Both","Both",13,13,149,13
"model1",0.65,0.19,1,0.5,12,0,0,1.77043592785843,0.975709897539706,TRUE,0,TRUE,TRUE,0,0,0.257342406502306,0.21580012436966,TRUE,0,TRUE,TRUE,2.01918928388273e-35,1.32759026330995e-35,2.01918928388317e-35,1.32759026331005e-35,"M2.1","M1.1","M1.1","Both","Both","Both",11,11,154,11
"model0",1.12,0.12,1,0.8,8,0.713253234091511,0,0.176611101845277,0.898755908672993,TRUE,0,TRUE,TRUE,0.716001762064074,0,0.0016761825273536,0.511070369407274,TRUE,0,TRUE,TRUE,2.9209082137834e-89,9.48529596236983e-51,2.92090821378257e-89,9.4852959623655e-51,"M0.1","M1.1","M1.1","Both","Both","Both",11,11,145,11
"model4",0.55,0.43,1.4,0.5,9,5.04041253179821e-14,0,-0.141044507436519,0.313395466513459,TRUE,0,TRUE,TRUE,8.63753513158372e-14,0,-0.544115691339455,0.520117486891842,TRUE,0,TRUE,TRUE,4.5115356663921e-27,1.58469879705381e-23,4.51153566639214e-27,1.58469879705393e-23,"M3","M4","M4","Both","Both","Both",11,11,153,11
"model4",0.72,0.15,1.2,0.6,7,0.0253997063893561,0,0.0492082323497904,0.667075416593716,TRUE,0,TRUE,TRUE,0.0323872141071646,0,0.149947844193231,0.798387427206497,TRUE,0,TRUE,TRUE,2.86821305015302e-110,8.80847190330716e-78,2.86821305015408e-110,8.80847190330917e-78,"M3","M4","M4","Both","Both","Both",9,9,158,9
"model4",0.48,0.13,0.8,0.6,8,0,0,0.505147275115618,0.659326251500748,TRUE,0,TRUE,TRUE,0,0,0.808317890753635,0.843117594410598,TRUE,0,TRUE,TRUE,1.49254923125653e-117,4.77956784226352e-80,1.49254923125619e-117,4.77956784226162e-80,"M1.2","M4","M4","Both","Both","Both",9,9,166,9
"model4",0.84,0.38,0.5,0.6,8,0,0,0.30233957533301,0.782036083933967,TRUE,0,TRUE,TRUE,0,0,0.40453008396321,0.886345810680443,TRUE,0,TRUE,TRUE,3.46107221046298e-170,2.43783226686647e-103,3.4610722104618e-170,2.43783226686737e-103,"M1.2","M1.2","M1.2","Both","Both","Both",9,9,163,9
"model4",0.65,0.18,1.5,0.5,10,0,0,0.468793430139052,0.305304372148251,TRUE,0,TRUE,TRUE,0,0,0.544236166716395,0.365650734924811,TRUE,0,TRUE,TRUE,1.70801974457084e-18,1.25910626754388e-18,1.7080197445713e-18,1.25910626754445e-18,"M3","M4","M4","Both","Both","Both",13,13,138,13
"model0",0.55,0.02,1,0.5,13,0.101517086207594,0,5.64977641625422,0.943025723678762,TRUE,0,TRUE,TRUE,0.102101474937203,0,0.000692742255766196,0.385165655022029,TRUE,0,TRUE,TRUE,2.05058301747642e-94,8.57427305227412e-57,8.06711747527824e-105,5.11088913101418e-52,"M0.1","M1.1","M1.1","Both","Both","Both",15,15,160,15
"model1",0.6,0.37,1.5,0.5,4,0,0,1.12886778589751,0.91565463656209,TRUE,0,TRUE,TRUE,0,0,0.360333847500012,0.238405727444171,TRUE,0,TRUE,TRUE,3.78177748677367e-37,5.33096063652696e-47,3.78177748677313e-37,5.33096063652628e-47,"M2.1","M1.1","M1.1","Both","Both","Both",5,5,170,5
"model1",0.6,0.43,0.8,0.6,7,0,0,1.05898342092868,0.961950400121312,TRUE,0,TRUE,TRUE,0,0,0.288763923823829,0.329757409634987,TRUE,0,TRUE,TRUE,2.01457697777255e-56,8.61885225040432e-43,2.01457697777243e-56,8.61885225040395e-43,"Other","M1.1","M1.1","Both","Both","Both",7,7,141,7
"model2",0.6,0.45,0.7,0.6,7,6.18394224716212e-13,0,25.2132032535437,-8.28019123817288,TRUE,0,TRUE,TRUE,4.70734562441066e-14,0,0.00286872145314026,-0.0256509090717925,TRUE,0,TRUE,TRUE,9.40018712338157e-36,6.20455169110996e-24,9.40018712338157e-36,6.20455169111109e-24,"M0.1","M2.1","M2.1","Both","Both","Both",11,11,158,11
"model4",0.18,0.12,1.1,0.6,8,0,0,0.353617237896601,0.416434747303985,TRUE,0,TRUE,TRUE,0,0,0.61878571406221,0.684442019755452,TRUE,0,TRUE,TRUE,9.3659956234169e-50,1.51892994322125e-38,9.36599562341945e-50,1.51892994322083e-38,"M3","M4","M4","Both","Both","Both",8,8,142,8
"model0",0.2,0.38,1.5,0.5,2,0,0.0306275112655991,5.51032779699617,1.0954052910116,TRUE,0.0029201451245551,TRUE,FALSE,0,0.0247812139872157,0.025008775454767,0.00627449643823273,TRUE,0.0015248562405214,TRUE,FALSE,0.032683794496217,0.210458942234181,0.0326837944962198,0.210458942234187,"M1.1","M0.1","M0.1","Both","Both","No.Med",2,2,152,2
"model4",0.64,0.1,1.3,0.8,10,0,0,0.592313655366872,0.457285292850256,TRUE,0,TRUE,TRUE,0,0,1.05793939246408,0.952963112351022,TRUE,0,TRUE,TRUE,4.43982222687168e-83,5.24873391768358e-67,4.43982222686916e-83,5.24873391768149e-67,"M1.2","M1.2","M1.2","Both","Both","Both",12,12,172,12
"model0",0.8,0.34,0.6,0.8,15,0,0.538365105868597,2.35810885470621,0.280335642804312,TRUE,0.0460149068122089,FALSE,FALSE,0,0.510347981686355,0.0580921021900225,0.00229142065050079,TRUE,0.0280478936269187,FALSE,FALSE,0.51922937113737,0.0285908028568673,0.519229371137379,0.0285908028568672,"M0.1","M0.1","M0.1","Both","No.Med","No.Med",17,17,192,17
"model4",1.4,0.44,1.2,1,11,0,0,0.471879722640215,0.540347891078367,TRUE,0,TRUE,TRUE,0,0,1.0623644697941,1.04998673406537,TRUE,0,TRUE,TRUE,6.49918889662084e-121,8.71819432316059e-98,6.49918889662343e-121,8.7181943231586e-98,"M1.2","M1.2","M1.2","Both","Both","Both",11,11,155,11
"model1",1.17,0.33,0.8,0.9,10,0,0,0.780388229542817,0.924631738171065,TRUE,0,TRUE,TRUE,0,0,0.585500026666654,0.532865768267767,TRUE,0,TRUE,TRUE,2.60037042539693e-98,7.27138833398693e-84,2.60037042539767e-98,7.27138833398879e-84,"M2.1","M1.1","M1.1","Both","Both","Both",11,11,163,11
"model0",0.15,0.06,0.7,0.5,9,4.72411421093e-08,2.08949391122815e-08,-3.70912408559804,2.08144500430402,TRUE,2.37737588683295e-09,TRUE,TRUE,1.04294003655525e-07,6.67066586412801e-08,-0.0115247941786766,0.0207706356218428,TRUE,4.83410667762442e-09,TRUE,TRUE,7.51996169398546e-08,2.25792128165719e-06,7.51996169398197e-08,2.25792128165674e-06,"M0.1","M1.1","M1.1","Both","Both","Both",9,9,168,9
"model0",0.3,0.28,1,0.6,14,0.143971650701264,0.0244892404359502,-15.0602697397519,1.46559810615423,TRUE,0.00236236809068343,TRUE,FALSE,0.155863327619657,0.0270202006138991,-0.000184229041036281,0.00585833402603985,TRUE,0.00165744368330486,TRUE,FALSE,0.0181312830358465,0.0379124446957853,0.0181312830358462,0.037912444695789,"M0.1","M0.1","M0.1","Both","Both","No.Med",16,16,163,16
"model0",0.9,0.18,0.7,1,11,3.30180327523522e-13,0,4.35363285935952,1.25030849673347,TRUE,0,TRUE,TRUE,5.71098723867181e-13,0,0.0169580788488819,0.279360796460713,TRUE,0,TRUE,TRUE,1.47120729794293e-62,3.50572729048218e-47,1.47120729794281e-62,3.50572729048073e-47,"M0.1","M1.1","M1.1","Both","Both","Both",15,15,149,15
"model3",1.5,0.25,1.2,1,10,1.2770972257492e-07,0,-0.203954687967199,0.599513117491366,TRUE,0,TRUE,TRUE,1.05858034338269e-07,0,-0.208783809166837,0.60932223885666,TRUE,0,TRUE,TRUE,1.13010301850141e-66,1.35491392808001e-31,1.13010301850161e-66,1.35491392807991e-31,"M3","M4","M4","Both","Both","Both",9,9,147,9
"model4",0.5,0.37,0.8,1,4,0,0,0.540392665123155,0.481057667963034,TRUE,0,TRUE,TRUE,0,0,1.12279432717704,0.972053534251581,TRUE,0,TRUE,TRUE,2.80782187433442e-92,1.96166805971548e-93,2.80782187433793e-92,1.96166805971671e-93,"M1.2","M1.2","M1.2","Both","Both","Both",5,5,150,5
"model2",0.25,0.19,1,0.5,10,0.230379300406584,0,0.829277067646906,-252.308966602782,TRUE,0,TRUE,TRUE,0.232034801349013,0,0.00252489282961112,-0.000648744363709132,TRUE,0,TRUE,TRUE,4.13246332848384e-27,2.2073265951803e-17,4.13246332848324e-27,2.2073265951789e-17,"M0.1","M2.1","M2.1","Both","Both","Both",13,13,183,13
"model2",0.25,0.48,1.4,0.5,13,0,0,-33.2231423574491,-15.4303183214785,TRUE,0,TRUE,TRUE,0,0,-0.00914207156617673,-0.0176794583154894,TRUE,0,TRUE,TRUE,7.63330949053691e-47,5.81668617027273e-37,7.63330949052924e-47,5.81668617027257e-37,"M0.1","M2.1","M2.1","Both","Both","Both",15,15,161,15
"model1",0.45,0.14,1.2,0.9,4,0,0,0.938595959017099,0.966921285660724,TRUE,0,TRUE,TRUE,0,0,0.323978766111391,0.651746726238606,TRUE,0,TRUE,TRUE,1.74596844153876e-144,2.59411949570783e-108,1.74596844153856e-144,2.5941194957068e-108,"M0.1","M1.1","M1.1","Both","Both","Both",5,5,148,5
"model0",0.36,0.16,0.8,0.9,6,0,0.000892187821674106,2.62437393818585,1.1547742413792,TRUE,9.14444773911004e-05,TRUE,TRUE,0,0.00203862169795688,0.0904426261852645,0.0142147458631542,TRUE,0.000132267367367846,TRUE,TRUE,0.000988373720077243,9.82806853379156e-06,0.000988373720077223,9.82806853379249e-06,"M0.1","M1.1","M1.1","Both","Both","Both",8,8,135,8
"model0",0.28,0.45,1.3,0.7,9,0,0.0438408214046742,25.9505811878715,0.758267664815412,TRUE,0.00413507631006607,TRUE,FALSE,0,0.0280299820772343,0.0190066604202803,0.00873482916225833,TRUE,0.00171537359070805,TRUE,FALSE,0.0370220332470002,0.18386084532332,0.0370220332470029,0.183860845323328,"M0.1","M0.1","M0.1","Both","Both","No.Med",9,9,130,9
"model4",0.3,0.05,0.9,0.6,7,0,0,0.443732978682406,0.429060635308004,TRUE,0,TRUE,TRUE,0,0,1.03652225973819,0.713229758630601,TRUE,0,TRUE,TRUE,5.14054428141458e-54,8.73320338970896e-48,5.14054428141378e-54,8.73320338970622e-48,"M1.2","M4","M4","Both","Both","Both",8,8,157,8
"model3",1.35,0.07,0.8,0.9,6,0.640666565558762,0,0.0229031107420014,0.483002948611282,TRUE,0,TRUE,TRUE,0.611478493602511,0,0.0187481375106838,0.865164761301744,TRUE,0,TRUE,TRUE,6.95564962520155e-79,4.95156953886018e-34,6.95564962520532e-79,4.95156953885868e-34,"M0.2","M1.2","M1.2","Both","Both","Both",10,10,158,10
"model2",0.99,0.5,1.4,0.9,14,0,0,19.8942979860904,-14.6239290340505,TRUE,0,TRUE,TRUE,0,0,0.0218647851781975,-0.0265031326929191,TRUE,0,TRUE,TRUE,3.09848144236457e-71,1.05162221649869e-53,3.09848144236589e-71,1.05162221649869e-53,"M2.1","M2.1","M2.1","Both","Both","Both",14,14,155,14
"model3",0.4,0.2,0.5,0.5,1,0,0,-0.617477991463099,0.651541265351327,TRUE,0,TRUE,TRUE,0,0,-0.434512631580252,0.528910586401662,TRUE,0,TRUE,TRUE,1.81868091198671e-62,3.23215420086227e-29,1.81868091198583e-62,3.23215420086185e-29,"M3","M4","M4","Both","Both","Both",5,5,145,5
"model2",0.7,0.37,1.2,0.7,11,0,0,15.5091266238579,-34.2336052549641,TRUE,0,TRUE,TRUE,0,0,0.0276851295738471,-0.00822465112913558,TRUE,0,TRUE,TRUE,1.0561661419202e-48,5.87412000735795e-39,1.05616614192032e-48,5.87412000735728e-39,"Other","M2.1","M2.1","Both","Both","Both",13,13,177,13
"model1",0.72,0.41,0.8,0.6,3,0,0,0.752171198632742,0.906431382197698,TRUE,0,TRUE,TRUE,0,0,0.24871981543838,0.280907880005451,TRUE,0,TRUE,TRUE,4.68913033333583e-44,2.45837750132899e-38,4.68913033333516e-44,2.45837750132924e-38,"Other","M1.1","M1.1","Both","Both","Both",4,4,147,4
"model1",0.96,0.5,1,0.8,8,0,0,0.683779794661278,0.980771243322631,TRUE,0,TRUE,TRUE,0,0,0.46943628690051,0.425067331520167,TRUE,0,TRUE,TRUE,9.22732607657609e-79,2.20053867823903e-49,9.22732607657109e-79,2.20053867823868e-49,"M4","M1.1","M1.1","Both","Both","Both",9,9,171,9
"model3",0.63,0.23,1,0.9,2,0.734575401903794,0.246285743286748,0.00790385928208969,-0.0458268121947281,TRUE,0.0221106313116201,FALSE,FALSE,0.716359813766126,0.287526315637715,0.00955663246525395,-0.0448290045794209,TRUE,0.0163500233520308,FALSE,FALSE,0.243830951153212,0.336637824584229,0.243830951153215,0.336637824584229,"M3","M3","M3","Both","No.Med","No.Med",3,3,163,3
"model4",0.27,0.42,1.4,0.9,8,0,0,0.501203623702316,0.487621161547107,TRUE,0,TRUE,TRUE,0,0,1.01619501075394,0.974364131159722,TRUE,0,TRUE,TRUE,6.81911761411528e-94,5.11844103820753e-90,6.81911761412111e-94,5.1184410382052e-90,"M1.2","M1.2","M1.2","Both","Both","Both",8,8,139,8
"model0",1.5,0.11,0.6,1,2,0.000470221917691971,0.526467178378365,-0.380765277640554,0.0645092412233392,TRUE,0.0451234022468141,FALSE,FALSE,0.000699123862689222,0.513641236568681,-0.044743164280756,0.00966262771244824,TRUE,0.0282091863974482,FALSE,FALSE,0.521038503856061,0.771576754978334,0.521038503856068,0.771576754978336,"M0.1","M0.1","M0.1","Both","No.Med","No.Med",3,3,142,3
"model3",0.55,0.42,1.3,0.5,10,0.476563100715149,0.0203347874270514,-0.0220837886502052,0.0861583472459138,TRUE,0.00197088122411743,TRUE,FALSE,0.486109626719601,0.0182392634332609,-0.0330680959503994,0.0993336566182273,TRUE,0.00113473287838967,TRUE,FALSE,0.0177870158256986,0.000937900431659786,0.0177870158256975,0.00093790043165984,"M3","M3","M4","Both","Both","No.Med",10,10,168,10
"model4",0.15,0.25,0.6,0.5,7,1.17250653630663e-11,0,0.138475888428552,0.378486669750898,TRUE,0,TRUE,TRUE,8.88200624160618e-12,0,0.460488717493918,0.744414286079507,TRUE,0,TRUE,TRUE,3.57080188801606e-49,5.49588795443603e-35,3.5708018880159e-49,5.49588795443833e-35,"M3","M4","M4","Both","Both","Both",7,7,148,7
"model2",1.26,0.22,0.5,0.9,14,0,0,-0.614576871747137,0.177724448935504,TRUE,0,TRUE,TRUE,0,0,-0.852798297395578,0.593866292883157,TRUE,0,TRUE,TRUE,1.92220583462832e-17,0.000117633535932249,1.92220583462778e-17,0.000117633535932258,"Other","M1.2","M1.2","Both","Both","Both",16,16,168,16
"model0",0.3,0.33,0.9,1,14,0.354133736309341,1.13720158860797e-05,0.188864557095089,-1.30187773777399,TRUE,1.2410691467866e-06,TRUE,TRUE,0.375036863502408,1.70080611037182e-05,0.00732873494660925,-0.0212853524520103,TRUE,1.18664981500675e-06,TRUE,TRUE,1.93485672558359e-05,4.50834178310865e-06,1.93485672558379e-05,4.50834178310925e-06,"M0.1","M4","M1.1","Both","Both","Both",14,14,154,14
"model4",1.17,0.38,0.5,0.9,13,0,0,0.481311867033924,0.444113791373516,TRUE,0,TRUE,TRUE,0,0,0.893529536724223,0.983485586242533,TRUE,0,TRUE,TRUE,7.84896595430882e-83,6.21995151121711e-58,7.84896595431195e-83,6.21995151121711e-58,"M1.2","M1.2","M1.2","Both","Both","Both",16,16,168,16
"model1",1.4,0.08,0.5,1,7,0,0.00019577592518738,0.922417382243523,-0.362534370794381,TRUE,2.06157376885289e-05,TRUE,TRUE,0,0.000420312301251391,0.570675181937229,-0.0533758696157763,TRUE,2.79853982892381e-05,TRUE,TRUE,0.000348641024047734,0.0579397846720663,0.000348641024047713,0.057939784672073,"Other","Other","Other","Both","Both","Both",9,9,155,9
"model2",1.5,0.13,0.9,1,2,0,5.8559334284336e-05,-1.06237406585623,0.0700868779392115,TRUE,6.25210249773258e-06,TRUE,TRUE,0,3.9172332961801e-05,-0.425964173135913,0.348370813681025,TRUE,2.69718089639719e-06,TRUE,TRUE,5.39963835722354e-05,0.103103795108066,5.39963835722466e-05,0.103103795108057,"Other","M1.2","Other","Both","Both","Both",4,4,145,4
"model4",0.84,0.36,0.7,0.6,7,0,0,0.279459847529359,0.37601133202023,TRUE,0,TRUE,TRUE,0,0,0.608186681582633,0.842369017868541,TRUE,0,TRUE,TRUE,4.48514191164774e-56,3.22240303842104e-42,4.48514191165017e-56,3.22240303842168e-42,"M4","M1.2","M1.2","Both","Both","Both",10,10,153,10
"model2",0.5,0.47,1.1,1,7,0,0,-30.9816135904019,-36.3673137570448,TRUE,0,TRUE,TRUE,0,0,-0.0219930085303846,-0.0143627977358695,TRUE,0,TRUE,TRUE,3.52036607656275e-107,4.95135625697149e-84,3.52036607656315e-107,4.95135625697261e-84,"M2.1","M2.1","M2.1","Both","Both","Both",9,9,158,9
"model0",0.9,0.15,0.8,0.6,4,7.10879157135302e-05,0,0.84327722103151,0.916354874963972,TRUE,0,TRUE,TRUE,1.53043219741633e-05,0,0.0307913774921554,0.377341646778938,TRUE,0,TRUE,TRUE,1.90697101862063e-62,7.9093491729351e-33,1.90697101862019e-62,7.90934917293167e-33,"M0.1","M1.1","M1.1","Both","Both","Both",8,8,136,8
"model3",0.3,0.09,1.5,0.5,7,0,0.0211964596865424,-1.06885584079716,-0.101409937831265,TRUE,0.0020495506510078,TRUE,FALSE,0,0.0235273135156921,-0.421759322076117,-0.0818911850976655,TRUE,0.00145338200881713,TRUE,FALSE,0.0194784063335779,0.0094891673702221,0.0194784063335796,0.00948916737022346,"M3","M3","M4","Both","Both","No.Med",9,9,140,9
"model0",0.72,0.23,0.9,0.9,6,0.796071637532871,0.20806563813368,0.165305508120952,0.854196106716596,TRUE,0.0187877011504079,FALSE,FALSE,0.774612531376625,0.223535176377482,0.000863432977619558,0.00330634380177006,TRUE,0.0128881354531575,FALSE,FALSE,0.172672937714799,0.019791302191454,0.172672937714793,0.0197913021914546,"M0.1","M0.1","M0.1","Both","No.Med","No.Med",6,6,159,6
"model0",1.2,0.28,1.4,1,4,0.00138599382647975,0.0385188455287844,0.777262604325229,0.672859377438371,TRUE,0.00364709057023429,TRUE,FALSE,0.00157121774513125,0.0375603070312513,0.018793771560956,0.00954173220618727,TRUE,0.00227686457472994,TRUE,FALSE,0.0394504712341835,0.0295366436343465,0.0394504712341829,0.0295366436343463,"M0.1","M0.1","M0.1","Both","Both","No.Med",5,5,161,5
"model2",1.3,0.29,1,1,1,0,0,19.2997370339983,223.139740612017,TRUE,0,TRUE,TRUE,0,0,0.0259089298949118,0.00234799744088926,TRUE,0,TRUE,TRUE,1.26236413226471e-108,2.4512521353212e-82,1.26236413226525e-108,2.45125213532204e-82,"M2.1","M2.1","M2.1","Both","Both","Both",3,3,134,3
"model3",0.25,0.07,0.9,0.5,10,0.00241752677587082,0,-0.0704840262379704,0.64484139431184,TRUE,0,TRUE,TRUE,0.00362090642902579,0,-0.177033257135231,0.66829228348674,TRUE,0,TRUE,TRUE,9.55475756934598e-82,3.01788047026021e-57,9.55475756934299e-82,3.01788047026159e-57,"M0.2","M4","M4","Both","Both","Both",13,13,185,13
"model3",0.3,0.28,1.5,0.6,13,0,0,0.574080864008602,0.80162745008753,TRUE,0,TRUE,TRUE,0,0,0.764277311327665,0.892168429443544,TRUE,0,TRUE,TRUE,1.0638332823094e-179,1.40192996416288e-52,1.06383328230916e-179,1.40192996416276e-52,"M1.2","M4","M4","Both","Both","Both",13,13,140,13
"model2",0.56,0.03,0.5,0.8,8,0,6.35033359230874e-10,0.523274755892337,0.155830460328097,TRUE,7.36145384635115e-11,TRUE,TRUE,0,6.84870360423417e-09,0.966301687881793,0.347167654832302,TRUE,5.01391278363337e-10,TRUE,TRUE,5.72064591237384e-12,0.000755416333536456,4.46844881446372e-11,0.000547980398418871,"Other","M1.2","M1.2","Both","Both","Both",13,13,149,13
"model2",0.63,0.3,0.7,0.9,8,0,0,-4.51727839371579,-5.35572609735733,TRUE,0,TRUE,TRUE,0,0,-0.0704562903071601,-0.0791821243588648,TRUE,0,TRUE,TRUE,2.08134631596315e-80,9.13229071921871e-54,2.08134631596304e-80,9.13229071921532e-54,"M2.1","M2.1","M2.1","Both","Both","Both",10,10,155,10
"model4",0.21,0.34,0.5,0.7,3,0,0,0.426191035248188,0.340319685386091,TRUE,0,TRUE,TRUE,0,0,0.727996799506455,0.525230847747093,TRUE,0,TRUE,TRUE,4.8251652295669e-30,3.80686162339803e-30,4.82516522956798e-30,3.80686162339737e-30,"M0.2","M4","M4","Both","Both","Both",5,5,172,5
"model1",0.32,0.04,1.3,0.8,8,0,0,0.650309627718987,0.876992175434244,TRUE,0,TRUE,TRUE,0,0,0.380129342273305,0.35615624509381,TRUE,0,TRUE,TRUE,1.77884450766765e-69,1.28657177308116e-59,4.54578743823075e-73,1.45319690357246e-44,"M0.1","M1.1","M1.1","Both","Both","Both",10,10,165,10
"model0",0.42,0.22,0.5,0.7,3,4.10116385296533e-13,3.17585198303938e-05,2.65400323045938,0.889222934659019,TRUE,3.42339526849998e-06,TRUE,TRUE,1.35447209004269e-14,3.38325420525809e-05,0.0286359545308205,0.0285814059031891,TRUE,2.33359697933292e-06,TRUE,TRUE,3.78142647643218e-05,0.000115336717775166,3.78142647643282e-05,0.000115336717775161,"M0.1","M1.1","M1.1","Both","Both","Both",4,4,149,4
"model0",0.56,0.25,0.8,0.7,3,2.75111840419839e-07,2.10691603219626e-05,2.38987684182487,1.5394256372555,TRUE,2.28113681663139e-06,TRUE,TRUE,2.00957396057078e-07,3.93556154547614e-05,0.0164342123797647,0.0173449370368209,TRUE,2.70743196478323e-06,TRUE,TRUE,2.39161018994934e-05,4.1414383647902e-05,2.3916101899493e-05,4.14143836479018e-05,"M0.1","M1.1","M1.1","Both","Both","Both",4,4,138,4
"model0",0.6,0.34,0.7,1,4,0,0.0125837508473416,-1.45410899206666,0.663936222852506,TRUE,0.00123521192936208,TRUE,FALSE,0,0.0205464689571548,-0.107777583534031,0.0127016480437233,TRUE,0.00127324020380218,TRUE,FALSE,0.0182005895666046,0.0453530210625529,0.0182005895666051,0.0453530210625527,"M3","M0.1","M0.1","Both","Both","No.Med",5,5,145,5
"model4",1.08,0.41,1.5,0.9,9,0,0,0.336035961489857,0.46393241131611,TRUE,0,TRUE,TRUE,0,0,0.754674435880648,0.692000824820868,TRUE,0,TRUE,TRUE,6.86177774959496e-57,7.49193568293639e-50,6.8617777495976e-57,7.49193568293874e-50,"M4","M4","M4","Both","Both","Both",11,11,166,11
"model0",0.6,0.35,0.9,1,13,0.655691019498459,0.00436591812150966,-0.126496889506001,15.4392149966665,TRUE,0.000436569018814076,TRUE,TRUE,0.680381681021732,0.00324387033265516,-0.00232820723493974,0.000827560782916588,TRUE,0.00020891477137778,TRUE,TRUE,0.00387984545040084,0.0132570031923308,0.00387984545040075,0.0132570031923298,"M0.1","M1.1","M0.1","Both","Both","Both",15,15,182,15
"model0",1.2,0.28,0.8,1,3,0.362952590093208,0.655541898739582,0.642674715934443,-2.72471635555737,TRUE,0.0553895344191128,FALSE,FALSE,0.341061837539366,0.632599275248698,0.00194570989238779,-0.000103150787197955,TRUE,0.0342877464124221,FALSE,FALSE,0.667024949465861,0.50009739324687,0.667024949465854,0.500097393246864,"M0.1","M0.1","M0.1","Both","No.Med","No.Med",5,5,151,5
"model1",1.04,0.29,1.1,0.8,14,0,0,0.932598903817356,1.11841171892362,TRUE,0,TRUE,TRUE,0,0,0.456670136331838,0.383746952116322,TRUE,0,TRUE,TRUE,2.60920030942319e-81,5.73991182255687e-63,2.60920030942319e-81,5.73991182255245e-63,"M2.1","M1.1","M1.1","Both","Both","Both",13,13,173,13
"model2",0.24,0.14,0.5,0.8,1,0,0,-8.56122389971699,20.6608795650482,TRUE,0,TRUE,TRUE,0,0,-0.0635286816630472,0.0179927281567613,TRUE,0,TRUE,TRUE,7.72665414099605e-69,8.8178886887126e-60,7.72665414099561e-69,8.81788868871436e-60,"M2.1","M2.1","M2.1","Both","Both","Both",2,2,138,2
"model3",0.81,0.06,1.4,0.9,13,6.66133814775094e-16,7.42073069659455e-13,0.188282036860766,0.209476866631233,TRUE,8.78442948368635e-14,TRUE,TRUE,1.77635683940025e-15,7.59392548843607e-14,0.501590687614652,0.360875980433996,TRUE,5.77434661780944e-15,TRUE,TRUE,8.63176464239258e-13,1.08153327576891e-09,8.63176464239192e-13,1.08153327576889e-09,"M0.2","M4","M4","Both","Both","Both",13,13,149,13
"model2",0.24,0.06,0.8,0.8,13,0,0.133412091087569,-2.29991077255016,0.0865522353774294,TRUE,0.0122453958926561,FALSE,FALSE,0,0.098203914761624,-0.139994152810644,0.0430276597523876,TRUE,0.00580231689087752,FALSE,FALSE,0.120110197854501,0.153866722099684,0.120110197854487,0.153866722099668,"M2.1","M3","M3","Both","No.Med","No.Med",16,16,164,16
"model4",0.81,0.21,0.5,0.9,3,0,0,0.320737478399969,0.388724267958345,TRUE,0,TRUE,TRUE,0,0,1.06265482654232,1.13733720507837,TRUE,0,TRUE,TRUE,1.43334658016782e-85,8.06722353898633e-70,1.43334658016746e-85,8.06722353898909e-70,"M1.2","M1.2","M1.2","Both","Both","Both",5,5,143,5
"model3",1.12,0.37,0.7,0.8,10,0.630108652798555,0.317553106092187,-0.0302068809863702,0.0426800799152144,TRUE,0.0281187853690569,FALSE,FALSE,0.611290377649232,0.31793182881386,-0.01189815109295,0.0394193301568257,TRUE,0.0179751134868708,FALSE,FALSE,0.294180985117781,0.292733752207547,0.294180985117777,0.292733752207549,"M3","M3","M3","Both","No.Med","No.Med",10,10,150,10
"model2",0.25,0.27,1.4,0.5,13,0,0,6.14324943535411,18.3994775900044,TRUE,0,TRUE,TRUE,0,0,0.0367171224562757,0.0108152746722749,TRUE,0,TRUE,TRUE,3.34681158266804e-33,8.13292264957694e-26,3.3468115826676e-33,8.1329226495757e-26,"M0.1","M2.1","M2.1","Both","Both","Both",14,14,150,14
"model3",1.1,0.34,0.9,1,8,1.5754064719431e-12,0.0902680733608898,0.268375862610863,-0.0626317280449338,TRUE,0.00835394534664552,FALSE,FALSE,1.74171788103195e-12,0.0900938167001508,0.250591049596587,-0.0688888021065697,TRUE,0.00533114153566788,FALSE,FALSE,0.0925164500520986,0.0126409968948191,0.0925164500520971,0.0126409968948195,"M3","M3","M3","Both","No.Med","No.Med",9,9,164,9
"model4",0.9,0.32,1.1,1,4,0,0,0.521078421737356,0.463836398771362,TRUE,0,TRUE,TRUE,0,0,0.876691112745122,0.945023898075909,TRUE,0,TRUE,TRUE,9.94064371994953e-85,2.77246638621042e-77,9.94064371994556e-85,2.77246638620915e-77,"M1.2","M1.2","M1.2","Both","Both","Both",4,4,151,4
"model0",0.9,0.33,0.9,0.9,12,0.0611455461052692,0.0120711565121947,-14.3247644110217,32.1531039891729,TRUE,0.0011867903564343,TRUE,FALSE,0.0680614675578075,0.00999822310581999,-0.000377442360021157,0.000299784514877724,TRUE,0.000631512060949751,TRUE,TRUE,0.0121359004037911,0.632379122540109,0.0121359004037917,0.632379122540115,"M0.1","M0.1","M0.1","Both","Both","Trans",14,14,164,14
"model1",0.3,0.1,0.6,1,4,0,0,1.31823702900471,1.09815697826722,TRUE,0,TRUE,TRUE,0,0,0.548039375004408,0.484355119727741,TRUE,0,TRUE,TRUE,1.48322829586393e-110,5.64887816952408e-94,1.48322829586481e-110,5.64887816952713e-94,"M1.1","M1.1","M1.1","Both","Both","Both",6,6,160,6
"model0",0.84,0.28,1.5,0.6,15,0.696188904977462,0.63759703595353,-0.708726991319702,-1.36113641633341,TRUE,0.0539713290323375,FALSE,FALSE,0.697456307246999,0.605628342681632,-0.000215417977167021,-0.000217704983617088,TRUE,0.0329620919498688,FALSE,FALSE,0.660850229485911,0.0791067477763542,0.660850229485897,0.0791067477763534,"M0.1","M0.1","M0.1","Both","No.Med","No.Med",14,14,154,14
"model3",0.91,0.43,1.4,0.7,10,1.22177823413949e-11,0.135184567252457,-0.247336208104795,0.0594169010299916,TRUE,0.0123988319779716,FALSE,FALSE,9.74464953173992e-12,0.156007699174266,-0.265357653864197,0.0552231490690973,TRUE,0.00912174316728234,FALSE,FALSE,0.142166001147061,0.193820552938043,0.142166001147059,0.193820552938041,"M3","M3","M3","Both","No.Med","No.Med",8,8,161,8
"model0",1.05,0.11,0.7,0.7,14,0.0156389337954779,0,-0.234966595228569,0.816717261359107,TRUE,0,TRUE,TRUE,0.017205271167992,0,-0.0361817827555918,0.45859622726095,TRUE,0,TRUE,TRUE,3.74769957504343e-68,4.62952397669533e-38,3.74769957504632e-68,4.62952397669646e-38,"M0.1","M1.1","M1.1","Both","Both","Both",15,15,170,15
"model1",0.64,0.36,0.7,0.8,2,2.04947170345804e-13,0,0.494571715823945,1.00490272960529,TRUE,0,TRUE,TRUE,2.41806574763359e-13,0,0.146842484536006,0.398617815366768,TRUE,0,TRUE,TRUE,1.70378800657246e-75,3.4633317055711e-39,1.70378800657266e-75,3.46333170557174e-39,"M1.1","M1.1","M1.1","Both","Both","Both",3,3,152,3
"model2",0.99,0.09,0.9,0.9,6,0,2.89844304113274e-09,6.75060644465459,0.321646862366311,TRUE,3.34104856294974e-10,TRUE,TRUE,0,8.77536820986791e-09,0.0459881717026803,0.150572290819164,TRUE,6.41248722713357e-10,TRUE,TRUE,1.22807526891007e-08,0.715110502283917,1.22807526891034e-08,0.71511050228389,"M2.1","M2.1","M3","Both","Both","Both",10,10,186,10
"model0",0.63,0.46,1.1,0.9,13,0,8.00829624836297e-10,1.54629230829935,1.13830725044768,TRUE,9.26593615392386e-11,TRUE,TRUE,0,3.78374109821777e-09,0.117112210402122,0.0472991013151041,TRUE,2.78821993271885e-10,TRUE,TRUE,2.02818128130663e-09,5.31088220690951e-09,2.02818128130626e-09,5.31088220690891e-09,"M0.1","M1.1","M1.1","Both","Both","Both",14,14,136,14
"model4",0.24,0.05,0.9,0.8,4,0,0,0.845264367527097,0.492122217291301,TRUE,0,TRUE,TRUE,0,0,0.917552407782964,0.801368418462834,TRUE,0,TRUE,TRUE,8.51969847471381e-74,4.61305433074913e-85,8.51969847471454e-74,4.61305433074887e-85,"M1.2","M4","M4","Both","Both","Both",5,5,134,5
"model2",0.8,0.44,0.6,1,4,0,0.0304421046142522,12.8813162175556,0.10653267823637,TRUE,0.00290471945938853,TRUE,FALSE,0,0.0348235539284545,0.0353192686359642,0.0677847662950937,TRUE,0.00211958791306406,TRUE,FALSE,0.0291627142111894,0.0431626204533299,0.0291627142111884,0.0431626204533314,"M2.1","M3","M3","Both","Both","No.Med",7,7,160,7
"model2",0.48,0.18,1.2,0.8,11,0,0,-618.56464981116,-16.2975090297401,TRUE,0,TRUE,TRUE,0,0,-0.000544090009305744,-0.0211496835598511,TRUE,0,TRUE,TRUE,9.52926983969651e-62,1.34911782761649e-43,9.52926983969352e-62,1.34911782761597e-43,"M2.1","M2.1","M2.1","Both","Both","Both",13,13,178,13
"model2",0.6,0.23,0.9,0.5,5,3.54146460157523e-07,0,3.18475814532142,3.87244614287183,TRUE,0,TRUE,TRUE,1.38104686575602e-07,0,0.0118743624162297,0.035293692414191,TRUE,0,TRUE,TRUE,8.3647542500849e-23,2.94349656942334e-15,8.3647542500857e-23,2.94349656942341e-15,"M0.1","M2.1","M2.1","Both","Both","Both",6,6,145,6
"model3",0.24,0.31,0.6,0.8,9,1.77866610329147e-11,0,-0.222076876550673,0.645710891003198,TRUE,0,TRUE,TRUE,5.34261523910118e-12,0,-0.289018569978959,0.624185239965377,TRUE,0,TRUE,TRUE,3.4357463452818e-75,1.75627083791202e-54,3.43574634528004e-75,1.75627083791345e-54,"M0.2","M4","M4","Both","Both","Both",11,11,161,11
"model2",1.1,0.28,0.7,1,14,0,0,2.71684719112322,-64.5030770492675,TRUE,0,TRUE,TRUE,0,0,0.160701283120138,-0.00659424430737876,TRUE,0,TRUE,TRUE,7.05154077049549e-80,6.67699788094731e-54,7.05154077049488e-80,6.67699788094683e-54,"M2.1","M2.1","M2.1","Both","Both","Both",17,17,179,17
"model4",1.35,0.42,0.8,0.9,9,0,0,0.494493113498597,0.432937078082255,TRUE,0,TRUE,TRUE,0,0,0.815040328393011,0.845580792107818,TRUE,0,TRUE,TRUE,7.52098576736796e-67,2.87225043589942e-56,7.52098576736667e-67,2.8722504358986e-56,"M1.2","M1.2","M1.2","Both","Both","Both",9,9,163,9
"model1",0.65,0.45,0.6,0.5,9,0,2.77555756156289e-14,1.03563938283179,0.724837249024702,TRUE,3.30470238906558e-15,TRUE,TRUE,0,1.13242748511766e-14,0.183350339168291,0.107966075217563,TRUE,8.65266809234859e-16,TRUE,TRUE,3.1847124096971e-13,2.58820434470518e-12,3.18471240969701e-13,2.58820434470502e-12,"M0.1","M1.1","M1.1","Both","Both","Both",12,12,179,12
"model4",0.78,0.07,1.3,0.6,11,0,0,0.635869496602902,0.309205624411424,TRUE,0,TRUE,TRUE,0,0,0.845295843075135,0.736341639591439,TRUE,0,TRUE,TRUE,2.23028360096653e-38,9.80351667271406e-40,2.2302836009665e-38,9.80351667271406e-40,"M1.2","M4","M4","Both","Both","Both",14,14,126,14
"model4",0.9,0.18,0.6,0.6,1,0,0,0.433762681202914,0.325440389061034,TRUE,0,TRUE,TRUE,0,0,0.737029480841069,0.645184385308037,TRUE,0,TRUE,TRUE,8.8723732558864e-36,2.49904011497178e-48,8.87237325588857e-36,2.49904011497217e-48,"M1.2","M4","M1.2","Both","Both","Both",2,2,159,2
"model3",0.4,0.31,1.2,0.8,13,0.0017462291253707,0,-0.0960519308211308,0.731481070393497,TRUE,0,TRUE,TRUE,0.00281885369189117,0,-0.147317573394631,0.730742146924425,TRUE,0,TRUE,TRUE,7.30710045903559e-110,1.67968405614335e-45,7.30710045903954e-110,1.67968405614328e-45,"M0.2","M4","M4","Both","Both","Both",15,15,172,15
"model1",0.63,0.18,1.2,0.9,8,0,0,1.20650900366926,0.958441148600414,TRUE,0,TRUE,TRUE,0,0,0.566818754092235,0.673396777015782,TRUE,0,TRUE,TRUE,2.23249940293959e-149,3.33170498432554e-119,2.23249940293971e-149,3.33170498432763e-119,"M2.1","M1.1","M1.1","Both","Both","Both",10,10,161,10
"model1",0.54,0.31,1.4,0.9,15,0,0,1.05407196470121,1.04790722234761,TRUE,0,TRUE,TRUE,0,0,0.572296489453565,0.499084698247469,TRUE,0,TRUE,TRUE,1.43078673458518e-106,7.47360081980376e-88,1.43078673458554e-106,7.47360081980568e-88,"M2.1","M1.1","M1.1","Both","Both","Both",14,14,166,14
"model0",0.48,0.49,0.9,0.8,10,0,0.000857215414130197,16.5106412591452,1.20785143465324,TRUE,8.80801932474725e-05,TRUE,TRUE,0,0.0004444880060408,0.00817065564879721,0.0151754463955332,TRUE,2.95450828558231e-05,TRUE,TRUE,0.000507036453637896,0.000196069294217121,0.000507036453637926,0.000196069294217125,"M0.1","M1.1","M1.1","Both","Both","Both",10,10,171,10
"model0",1.26,0.33,1.1,0.9,9,5.22811128389478e-07,0.120995873719106,-8.81289821932057,0.720869632250506,TRUE,0.0111306772556111,FALSE,FALSE,3.49477459415937e-07,0.107345648859617,-0.00427895578740581,0.00530851799881624,TRUE,0.00632819783535405,FALSE,FALSE,0.113168052837869,0.281639442598872,0.113168052837871,0.281639442598866,"M0.1","M0.1","M0.1","Both","No.Med","No.Med",9,9,136,9
"model3",0.6,0.46,1.2,0.6,13,2.11204698175038e-08,0,0.223979226752567,0.630185606012419,TRUE,0,TRUE,TRUE,1.16381966286383e-08,0,0.189414853483344,0.613175639015846,TRUE,0,TRUE,TRUE,4.50563831982953e-71,2.58742592386596e-55,4.5056383198312e-71,2.58742592386658e-55,"M3","M4","M4","Both","Both","Both",13,13,118,13
"model3",0.72,0.39,1.5,0.9,3,0.0919880867196734,0,-0.0791928895301921,0.707956924324742,TRUE,0,TRUE,TRUE,0.100057208694513,0,-0.0511572970408036,0.574538649459696,TRUE,0,TRUE,TRUE,7.16440158238946e-77,8.16174527021499e-55,7.16440158239518e-77,8.16174527021418e-55,"M3","M4","M4","Both","Both","Both",4,4,137,4
"model0",1,0.25,0.8,1,14,0.000843097273327986,0.273969233011278,2.00217747708853,-2.67751269052368,TRUE,0.0245065137186324,FALSE,FALSE,0.000678886787715438,0.2703741047329,0.00810591156071961,-0.000696133624243056,TRUE,0.0154416158800782,FALSE,FALSE,0.272097825910612,0.746221307023229,0.272097825910609,0.746221307023217,"M0.1","M0.1","M0.1","Both","No.Med","No.Med",17,17,157,17
"model3",0.8,0.31,0.5,1,3,0,0.597123780211479,0.234936552940131,0.0155628999156703,TRUE,0.0506499245015812,FALSE,FALSE,0,0.623654360951887,0.567535584470672,0.0276757084552908,TRUE,0.033872905157912,FALSE,FALSE,0.594295044487803,0.00042297331756333,0.594295044487812,0.000422973317563378,"M3","M3","M4","Both","No.Med","No.Med",5,5,151,5
"model0",1.04,0.4,1.3,0.8,2,8.52402660700413e-06,4.84035733714361e-05,1.57362004692707,1.59479122257802,TRUE,5.18131305523255e-06,TRUE,TRUE,1.3302779044766e-05,8.7660456251859e-05,0.0192155640031795,0.0153655061888996,TRUE,5.97308383843967e-06,TRUE,TRUE,5.09655043373054e-05,3.87341558258037e-05,5.09655043373028e-05,3.87341558258031e-05,"M1.1","M1.1","M1.1","Both","Both","Both",2,2,147,2
"model0",1.1,0.18,1.3,1,13,0.162309821037485,0.0256782324255722,0.865845165029442,1.84214128553821,TRUE,0.00246931797905877,TRUE,FALSE,0.161731982198359,0.0304457619647487,0.00301523504998563,0.00360840762464785,TRUE,0.00185887761811777,TRUE,FALSE,0.0374073180275711,0.995216663832247,0.037407318027571,0.995216663832246,"M0.1","M0.1","M0.1","Both","Both","No.Med",14,14,166,14
"model1",1.04,0.06,1,0.8,2,0,0,0.832480256415707,0.989469366627115,TRUE,0,TRUE,TRUE,0,0,0.381942127100394,0.3427181486898,TRUE,0,TRUE,TRUE,2.87507692683016e-61,3.49171717552636e-44,2.87507692683049e-61,3.49171717552587e-44,"M2.1","M1.1","M1.1","Both","Both","Both",5,5,179,5
"model2",0.66,0.43,1.4,0.6,10,2.08499884024604e-13,0,6.09361278234023,142.470946731288,TRUE,0,TRUE,TRUE,1.91180404840452e-13,0,0.0126919064549953,0.00163497713549777,TRUE,0,TRUE,TRUE,1.60665373870735e-39,6.29121416672387e-25,1.60665373870698e-39,6.29121416672105e-25,"M0.1","M2.1","M2.1","Both","Both","Both",11,11,172,11
"model4",0.4,0.33,1.4,0.5,15,7.42772510164968e-11,0.343127269595356,-0.124442049562394,0.0242714325081508,TRUE,0.0301877330212164,FALSE,FALSE,1.50230716755573e-10,0.305497211815944,-0.473924809765846,0.0589788923600094,TRUE,0.017309394386997,FALSE,FALSE,0.334008904725817,0.000320068165919738,0.334008904725822,0.000320068165919781,"M3","M3","M4","Both","No.Med","No.Med",12,12,142,12
"model4",0.48,0.37,1.2,0.6,10,0,0,0.518595275367168,0.378090690358081,TRUE,0,TRUE,TRUE,0,0,0.849844189388663,0.703157254234475,TRUE,0,TRUE,TRUE,7.76402930433237e-46,2.85209172556419e-44,7.76402930433683e-46,2.85209172556541e-44,"M1.2","M4","M4","Both","Both","Both",10,10,138,10
"model4",1.4,0.23,1.1,1,9,0,0,0.595595721363901,0.562014779791911,TRUE,0,TRUE,TRUE,0,0,0.766095441465359,0.924718013974285,TRUE,0,TRUE,TRUE,2.13305107305203e-106,7.05148859453637e-79,2.13305107305112e-106,7.05148859453637e-79,"M1.2","M1.2","M1.2","Both","Both","Both",9,9,158,9
"model4",0.4,0.34,1.5,0.5,11,0,0,0.288418317325398,0.417908368356785,TRUE,0,TRUE,TRUE,0,0,0.750704307272836,0.672966391740924,TRUE,0,TRUE,TRUE,8.77168332613742e-49,1.63042513832617e-40,8.77168332613805e-49,1.63042513832657e-40,"M0.2","M4","M4","Both","Both","Both",11,11,143,11
"model2",0.36,0.32,0.7,0.9,10,0,3.77697872977478e-13,-6.16557925530115,0.286358708546343,TRUE,4.47969266962852e-14,TRUE,TRUE,0,9.10382880192628e-14,-0.0983545384450984,0.26883471111514,TRUE,6.91578040616021e-15,TRUE,TRUE,5.46507992611925e-13,7.06668092526185e-08,5.46507992611925e-13,7.06668092526126e-08,"Other","M2.1","M2.1","Both","Both","Both",14,14,164,14
"model1",0.42,0.24,0.9,0.6,7,0,0,1.21028189889091,1.03211826156232,TRUE,0,TRUE,TRUE,0,0,0.193627416164684,0.255275518779633,TRUE,0,TRUE,TRUE,1.65469121460992e-45,3.73474016873582e-39,1.65469121460973e-45,3.73474016873859e-39,"M0.1","M1.1","M1.1","Both","Both","Both",8,8,168,8
"model3",0.32,0.27,0.5,0.8,9,0,0.000126907910211971,0.453419911672444,0.135123391726084,TRUE,1.34559120820252e-05,TRUE,TRUE,0,0.000130215713336046,0.738001482026374,0.167531167549669,TRUE,8.81171714159235e-06,TRUE,TRUE,0.000109607061587548,5.95577030871549e-08,0.000109607061587565,5.95577030871505e-08,"M0.2","M4","M4","Both","Both","Both",10,10,142,10
"model3",0.84,0.01,1.1,0.6,11,0.0045986673157099,0,-0.172818593324456,-0.584536627638092,TRUE,0,TRUE,TRUE,0.00263760168758442,0,-0.0724401857010419,-0.62255613987669,TRUE,0,TRUE,TRUE,1.44212773274794e-86,3.69293729751311e-59,4.44277461573867e-73,3.48963282770928e-45,"Other","M2.1","M2.1","Both","Both","Both",13,13,158,13
"model0",1.26,0.37,0.8,0.9,6,0.000174504062497194,0.741073870073656,0.410896810917951,-0.0694364486870913,TRUE,0.0621317840510035,FALSE,FALSE,0.000351932853356107,0.695771946834972,0.0478143211331982,-0.00276222987775804,TRUE,0.037428244356653,FALSE,FALSE,0.722894067359825,0.0498040204408607,0.722894067359819,0.0498040204408611,"M0.1","M0.1","M0.1","Both","No.Med","No.Med",8,8,178,8
"model3",1.1,0.28,0.8,1,8,0.0212358047451475,0.395921439959118,-0.102715575024189,0.0367474787473006,TRUE,0.0344383272276511,FALSE,FALSE,0.0224464234191095,0.38799470441963,-0.0802177798824671,0.0326401277564673,TRUE,0.0216102854916162,FALSE,FALSE,0.376192835059379,0.172732612670513,0.376192835059377,0.172732612670511,"M3","M3","M3","Both","No.Med","No.Med",11,11,147,11
"model3",0.3,0.43,1.4,0.6,3,0,0.797457458709238,0.687447847920977,0.00862612136330675,TRUE,0.0664963705335556,FALSE,FALSE,0,0.819116930346908,0.610295967352291,0.00812199085229049,TRUE,0.0434985286323791,FALSE,FALSE,0.830054201712511,8.47875784644022e-12,0.830054201712504,8.4787578464389e-12,"M3","M3","M4","Both","No.Med","No.Med",6,6,163,6
"model2",0.7,0.24,1.1,0.7,5,0,0,-12.3314540534539,-4.19982861758393,TRUE,0,TRUE,TRUE,0,0,-0.0195543677611257,-0.0694070506907868,TRUE,0,TRUE,TRUE,3.94629002401924e-51,2.64806284761298e-41,3.94629002401964e-51,2.64806284761373e-41,"Other","M2.1","M2.1","Both","Both","Both",7,7,139,7
"model2",0.6,0.23,0.7,1,9,0,6.88915591240402e-12,18.760595896737,0.295185376438444,TRUE,8.11611052121169e-13,TRUE,TRUE,0,1.49946721705874e-12,0.0309636909677119,0.23719587618956,TRUE,1.13360855241866e-13,TRUE,TRUE,5.89445518144196e-12,1.73629386956186e-06,5.89445518144301e-12,1.73629386956169e-06,"Other","M2.1","M2.1","Both","Both","Both",11,11,133,11
"model0",0.35,0.16,1.1,0.7,12,0,4.06690943686172e-05,1.49870509846016,0.613537315117578,TRUE,4.3685916595465e-06,TRUE,TRUE,0,0.000139057053812452,0.0740937910316883,0.0372266853817538,TRUE,9.4019277946249e-06,TRUE,TRUE,0.00010454363046868,2.21698702561418e-05,0.000104543630468678,2.21698702561404e-05,"M0.1","M1.1","M1.1","Both","Both","Both",12,12,158,12
"model1",0.48,0.18,0.9,0.6,2,0,0,1.08724793322703,1.32321639583399,TRUE,0,TRUE,TRUE,0,0,0.122838852158434,0.151762090648531,TRUE,0,TRUE,TRUE,4.60059055517775e-34,2.4796830146299e-23,4.60059055517642e-34,2.47968301462949e-23,"M0.1","M1.1","M1.1","Both","Both","Both",3,3,150,3
"model4",0.32,0.16,0.9,0.8,11,0,0,0.497765473082943,0.414825080767258,TRUE,0,TRUE,TRUE,0,0,0.707762425672359,0.700082970552541,TRUE,0,TRUE,TRUE,1.30242994809298e-50,1.08676026601579e-44,1.30242994809345e-50,1.0867602660165e-44,"M3","M4","M4","Both","Both","Both",11,11,163,11
"model4",1.2,0.2,1.5,1,8,0,0,0.383530665933021,0.448015806489958,TRUE,0,TRUE,TRUE,0,0,0.875012247611012,0.926849794324968,TRUE,0,TRUE,TRUE,1.78279055495715e-78,1.13442051960309e-73,1.78279055495786e-78,1.13442051960364e-73,"M1.2","M1.2","M1.2","Both","Both","Both",8,8,167,8
"model0",0.42,0.14,1.1,0.6,2,7.19523310095393e-05,0.00572993948803435,-1.98135056555272,0.847571101697095,TRUE,0.000569721715555003,TRUE,TRUE,4.91020771222761e-05,0.00465781481510952,-0.0128746078525447,0.0131685875103773,TRUE,0.000297300753137088,TRUE,TRUE,0.00647360836048902,0.674608409174506,0.0064736083604885,0.674608409174517,"M0.1","M1.1","M0.1","Both","Both","Both",3,3,141,3
"model1",0.7,0.1,0.9,1,2,0,0,1.76672554768481,1.08136923411845,TRUE,0,TRUE,TRUE,0,0,0.414749889890082,0.664337535574391,TRUE,0,TRUE,TRUE,3.13561122351237e-183,3.05204355451685e-108,3.1356112235113e-183,3.0520435545159e-108,"M1.1","M1.1","M1.1","Both","Both","Both",6,6,172,6
"model0",0.7,0.25,1.4,1,11,0.128912868799818,0.000225299912149257,0.243983327001701,0.873629777241614,TRUE,2.36639132603047e-05,TRUE,TRUE,0.117500162263128,4.57790470840269e-05,0.0151944014056435,0.0244672774224264,TRUE,3.14382960116377e-06,TRUE,TRUE,0.000175471681896833,0.00309143258995574,0.000175471681896821,0.00309143258995558,"M0.1","M1.1","M1.1","Both","Both","Both",12,12,152,12
"model0",0.8,0.18,0.8,1,2,5.30686605770825e-14,0.865545344237887,1.8459399253298,-0.469892106008172,TRUE,0.0716396495489284,FALSE,FALSE,7.28528348759028e-13,0.995956988611903,0.0396757779818787,-0.000124554488274352,TRUE,0.0522548003062228,FALSE,FALSE,0.84424360807959,2.55822397471924e-05,0.84424360807958,2.55822397471921e-05,"M0.1","M0.1","M1.1","Both","No.Med","No.Med",4,4,146,4
"model1",0.42,0.08,1.2,0.6,4,0,0,1.01597836634077,0.969531093749047,TRUE,0,TRUE,TRUE,0,0,0.372003217396995,0.306456936761944,TRUE,0,TRUE,TRUE,1.67836724471675e-52,7.8894748727615e-47,1.67836724471641e-52,7.88947487275981e-47,"M1.1","M1.1","M1.1","Both","Both","Both",4,4,157,4
"model3",0.96,0.07,0.5,0.8,8,2.09832151654155e-13,0,0.386058682957218,-0.700476286332177,TRUE,0,TRUE,TRUE,2.42916797787984e-13,0,0.198214809346434,-0.360093896477199,TRUE,0,TRUE,TRUE,3.7614987893721e-43,5.65035099810101e-17,3.76149878937204e-43,5.65035099810151e-17,"Other","Other","Other","Both","Both","Both",11,11,151,11
"model1",0.78,0.04,1.3,0.6,1,0,0,1.07541665421284,1.20691484209934,TRUE,0,TRUE,TRUE,0,0,0.330419240889675,0.243535580181855,TRUE,0,TRUE,TRUE,2.89027444298013e-53,1.23566847265848e-64,1.03215039229041e-54,2.61653987791917e-60,"M2.1","M1.1","M1.1","Both","Both","Both",2,2,161,2
"model2",0.6,0.41,1.5,1,1,0,0,12.9040731373374,12.7519278184236,TRUE,0,TRUE,TRUE,0,0,0.0535175996907273,0.0321594983440903,TRUE,0,TRUE,TRUE,8.4649707776961e-78,3.00073476242648e-62,8.46497077769803e-78,3.00073476242879e-62,"M2.1","M2.1","M2.1","Both","Both","Both",3,3,137,3
"model4",0.8,0.41,1.1,0.8,7,0,0,0.548910451070471,0.51869055265516,TRUE,0,TRUE,TRUE,0,0,0.762426811894096,0.90623501004808,TRUE,0,TRUE,TRUE,1.59979551841167e-92,1.02171060305124e-69,1.59979551841236e-92,1.02171060305153e-69,"M4","M1.2","M1.2","Both","Both","Both",8,8,143,8
"model3",0.6,0.03,1,0.5,8,0.0609680388540237,0.496176802896608,-0.064308097071344,-0.0240240798372319,TRUE,0.042616313233235,FALSE,FALSE,0.0658344377527891,0.548141999644747,-0.0814997762256221,-0.0261597448260151,TRUE,0.0299576302181427,FALSE,FALSE,0.61450040322564,0.614013285443289,0.427405221708128,0.550095792964109,"M3","M3","M3","Both","No.Med","No.Med",10,10,153,10
"model1",0.72,0.38,1,0.6,7,0,0,0.913373836039311,0.864842865565968,TRUE,0,TRUE,TRUE,0,0,0.329648662580566,0.354811372217298,TRUE,0,TRUE,TRUE,3.45507321046438e-54,4.12942974924936e-46,3.45507321046457e-54,4.12942974924989e-46,"M2.1","M1.1","M1.1","Both","Both","Both",8,8,155,8
"model4",0.6,0.09,1.4,1,7,0,0,0.406394338371992,0.426178123802655,TRUE,0,TRUE,TRUE,0,0,0.917425107946946,0.816017444486216,TRUE,0,TRUE,TRUE,8.67551004366821e-63,5.42326390374444e-60,8.67551004366747e-63,5.42326390374212e-60,"M1.2","M4","M4","Both","Both","Both",9,9,159,9
"model0",0.28,0.15,0.9,0.7,10,1.64527730550645e-07,9.42022015948396e-11,0.776360711722662,1.22309124887423,TRUE,1.10135607180686e-11,TRUE,TRUE,2.69263094043737e-08,1.90983229231279e-10,0.0547779898177603,0.051039592752674,TRUE,1.42064783127498e-11,TRUE,TRUE,8.85097817459386e-11,2.04774218847691e-10,8.85097817459521e-11,2.04774218847699e-10,"M0.1","M1.1","M1.1","Both","Both","Both",11,11,167,11
"model1",1.2,0.13,1.3,1,4,0,0,0.986496066154249,0.969113184082559,TRUE,0,TRUE,TRUE,0,0,0.484631338723568,0.741580351106217,TRUE,0,TRUE,TRUE,8.03489478546125e-183,4.0901162486162e-124,8.0348947854544e-183,4.09011624861644e-124,"M2.1","M1.1","M1.1","Both","Both","Both",8,8,157,8
"model3",0.3,0.07,0.8,0.6,8,0,0,-0.398511148742229,0.531556094597251,TRUE,0,TRUE,TRUE,0,0,-0.376173800136643,0.57823069095501,TRUE,0,TRUE,TRUE,4.72402704624652e-54,1.17129621587449e-40,4.72402704624625e-54,1.17129621587486e-40,"M0.2","M4","M4","Both","Both","Both",11,11,145,11
"model4",0.36,0.33,0.8,0.9,12,0,0,0.460809571137862,0.409173122881509,TRUE,0,TRUE,TRUE,0,0,0.813303942815673,0.793177618069555,TRUE,0,TRUE,TRUE,1.86721716346461e-57,3.56849286006582e-48,1.86721716346482e-57,3.56849286006688e-48,"M0.2","M4","M4","Both","Both","Both",13,13,174,13
"model0",0.7,0.13,0.8,1,10,6.61255117329063e-09,0.000939241546178637,-5.96950201163797,1.32622089812799,TRUE,9.602716444491e-05,TRUE,TRUE,9.06597730221392e-08,0.00126701083572378,-0.00740961357909991,0.0125704318984781,TRUE,8.26996342018197e-05,TRUE,TRUE,0.00093460463574656,0.454473339582007,0.000934604635746589,0.454473339582011,"M0.1","M1.1","M0.1","Both","Both","Both",12,12,172,12
"model0",0.66,0.16,1.2,0.6,9,0.358967289170764,0.152437733272616,-0.230640455903419,0.486507578530297,TRUE,0.0139396745810351,FALSE,FALSE,0.347148829996549,0.162515557702415,-0.00561289933454583,0.00627780595465969,TRUE,0.00949520214402435,FALSE,FALSE,0.157088301246548,0.626590035973575,0.157088301246553,0.626590035973583,"M0.1","M0.1","M0.1","Both","No.Med","No.Med",9,9,164,9
"model1",1.26,0.41,0.7,0.9,6,0,0,0.877601155039979,1.03290431393894,TRUE,0,TRUE,TRUE,0,0,0.35339709289105,0.67482262054703,TRUE,0,TRUE,TRUE,2.96351677137675e-172,2.76576472655021e-100,2.96351677137827e-172,2.76576472655021e-100,"M2.1","M1.1","M1.1","Both","Both","Both",8,8,157,8
"model2",0.25,0.18,1.2,0.5,5,0,0,8.13227159438525,-404.417884629629,TRUE,0,TRUE,TRUE,0,0,0.0441403423470929,-0.000498303527346718,TRUE,0,TRUE,TRUE,5.38870051487467e-34,4.28484332981214e-29,5.388700514878e-34,4.28484332981214e-29,"Other","M2.1","M2.1","Both","Both","Both",7,7,148,7
"model3",1,0.19,1.5,1,8,0.00321075464214804,0,-0.141070499172499,0.683065099918838,TRUE,0,TRUE,TRUE,0.00267684439801075,0,-0.0986277457212928,0.633050063673274,TRUE,0,TRUE,TRUE,1.75156671910569e-82,6.89243712001783e-52,1.7515667191049e-82,6.89243712001528e-52,"M3","M4","M4","Both","Both","Both",10,10,162,10
"model1",0.18,0.33,1.1,0.6,7,0.0134759526666619,0,0.0782070351217065,1.02520072066893,TRUE,0,TRUE,TRUE,0.0157757716467051,0,0.113503867705144,0.319417341485377,TRUE,0,TRUE,TRUE,1.37406185357132e-58,1.28570452310882e-42,1.37406185357132e-58,1.28570452310939e-42,"M3","M1.1","M1.1","Both","Both","Both",7,7,163,7
"model2",1.5,0.49,1.5,1,10,0,0,21.5648887815049,12.2796947292742,TRUE,0,TRUE,TRUE,0,0,0.0279804214742397,0.0426374088528157,TRUE,0,TRUE,TRUE,1.50302908374158e-107,3.2207332045109e-73,1.50302908374115e-107,3.22073320451154e-73,"Other","M2.1","M2.1","Both","Both","Both",9,9,171,9
"model0",0.8,0.44,1.2,0.8,8,1.00310870720932e-11,0.0521004042137574,6.83476025673956,18.8329811302929,TRUE,0.00489161462199747,FALSE,FALSE,2.49023024423423e-12,0.0445223283951912,0.00961773485010832,0.000304472776880811,TRUE,0.0026808909531344,TRUE,FALSE,0.0521939036404667,0.0670578209000328,0.0521939036404682,0.0670578209000344,"M0.1","M0.1","M0.1","Both","Trans","No.Med",8,8,132,8
"model3",1.04,0.14,0.9,0.8,11,0.00165738908049495,0,-0.101207954474707,0.631446505164654,TRUE,0,TRUE,TRUE,0.00198845789627944,0,-0.139632027795712,0.592525792500601,TRUE,0,TRUE,TRUE,3.63826912062261e-68,1.13418392357757e-35,3.63826912062002e-68,1.13418392357695e-35,"M3","M4","M4","Both","Both","Both",14,14,156,14
"model1",1.05,0.5,1.3,0.7,4,0,0,0.853296985915477,0.989321743683647,TRUE,0,TRUE,TRUE,0,0,0.235452932303755,0.245329547284345,TRUE,0,TRUE,TRUE,8.99491505940667e-42,4.02918773208801e-35,8.99491505940512e-42,4.02918773208709e-35,"M2.1","M1.1","M1.1","Both","Both","Both",4,4,151,4
"model3",0.75,0.02,1.4,0.5,13,0.425698102553478,0,-0.0520805091338317,0.604918837214572,TRUE,0,TRUE,TRUE,0.471087710692601,0,-0.0183492045380471,0.550700413524181,TRUE,0,TRUE,TRUE,1.38788910225142e-81,7.98739217563039e-30,4.16142744070692e-67,1.83283097533658e-53,"M3","M4","M4","Both","Both","Both",15,15,167,15
"model1",0.84,0.45,1,0.7,9,0,0,0.883012534485617,0.90156712335329,TRUE,0,TRUE,TRUE,0,0,0.433980128832018,0.326700151318282,TRUE,0,TRUE,TRUE,1.35454474057156e-51,5.23439931507345e-52,1.35454474057038e-51,5.23439931507061e-52,"M2.1","M1.1","M1.1","Both","Both","Both",9,9,157,9
"model0",0.24,0.13,1.3,0.8,2,0,0.00101824126784456,10.1600118781966,2.12248192913425,TRUE,0.00010387595088904,TRUE,TRUE,0,0.0028192974610155,0.0537350704827789,0.00630291526025514,TRUE,0.000181868689596134,TRUE,TRUE,0.00283742690953076,1.1836033502451e-05,0.00283742690953042,1.18360335024485e-05,"M4","M1.1","M1.1","Both","Both","Both",2,2,136,2
"model4",0.55,0.07,0.6,0.5,1,1.66346936225636e-11,0,0.171148422193557,0.280189734956084,TRUE,0,TRUE,TRUE,2.66064503762209e-10,0,0.352331985030475,0.574794167875761,TRUE,0,TRUE,TRUE,4.77941662019406e-27,1.5226284732588e-24,4.77941662019419e-27,1.52262847325887e-24,"M4","M4","M4","Both","Both","Both",3,3,135,3
"model3",0.28,0.5,0.7,0.7,5,0,0,0.440574938625207,0.556054344481481,TRUE,0,TRUE,TRUE,0,0,0.60647541117964,0.597635154793483,TRUE,0,TRUE,TRUE,1.2650787922003e-59,4.43367766094791e-46,1.26507879219933e-59,4.43367766094563e-46,"M4","M4","M4","Both","Both","Both",7,7,175,7
"model3",0.48,0.48,0.6,0.6,1,0.00320767780393161,0.0643761539067598,0.12926454561296,-0.0899819992900594,TRUE,0.0060074761291027,FALSE,FALSE,0.0026310654355195,0.050256663003615,0.0965762430120038,-0.0536470260224485,TRUE,0.00301925101430041,FALSE,FALSE,0.0738126509635398,0.31842083515028,0.0738126509635396,0.318420835150284,"M3","M3","M3","Both","No.Med","No.Med",3,3,155,3
"model2",0.28,0.41,0.8,0.7,4,0,0,-6.98308366453443,-32.1878320276659,TRUE,0,TRUE,TRUE,0,0,-0.0748214235657322,-0.0100184082062531,TRUE,0,TRUE,TRUE,1.29525181803009e-57,4.22451011842774e-42,1.29525181803098e-57,4.22451011842973e-42,"Other","M2.1","M2.1","Both","Both","Both",6,6,167,6
"model3",0.54,0.31,0.7,0.6,11,0,1.01072268881008e-05,-0.477671875828245,-0.1843099033539,TRUE,1.10401776513087e-06,TRUE,TRUE,0,3.49249442255228e-06,-0.452291172184099,-0.156653972122303,TRUE,2.48069190181517e-07,TRUE,TRUE,1.22949930964599e-05,0.024777854789761,1.22949930964598e-05,0.0247778547897603,"M3","M4","M3","Both","Both","Both",11,11,171,11
"model1",0.7,0.28,1,0.7,11,0,0,0.681432505272763,0.989035697004346,TRUE,0,TRUE,TRUE,0,0,0.233084288464617,0.243017647792317,TRUE,0,TRUE,TRUE,7.6134655812295e-41,4.81399984524189e-28,7.61346558123104e-41,4.81399984524398e-28,"M0.1","M1.1","M1.1","Both","Both","Both",12,12,160,12
"model3",0.8,0.34,1.5,0.8,7,1.11022302462516e-15,0.0458278355023438,0.33258318497994,0.0683542383848473,TRUE,0.0043158724982394,TRUE,FALSE,0,0.0563034385671393,0.284598619339721,0.0834996372691458,TRUE,0.00336965962418846,FALSE,FALSE,0.0525633992336358,7.47639343535171e-08,0.0525633992336372,7.476393435351e-08,"M3","M3","M4","Both","Cis","No.Med",7,7,141,7
"model2",0.84,0.02,1.1,0.7,6,0,7.12168303107497e-06,-2.38691628257571,0.279980204495062,TRUE,7.86991267596475e-07,TRUE,TRUE,0,1.97410997704317e-06,-0.131613503688488,0.11377539178488,TRUE,1.40982957544413e-07,TRUE,TRUE,3.92344318148101e-06,0.373362667328824,4.20745250689735e-06,0.477823504647913,"Other","M2.1","M3","Both","Both","Both",10,10,150,10
"model2",0.3,0.04,0.5,1,10,0,9.92697368751294e-09,-0.645637691366196,0.236640403950437,TRUE,1.13261040571753e-09,TRUE,TRUE,0,8.12972400510148e-09,-0.865262457012509,0.21364998676344,TRUE,5.94621213354787e-10,TRUE,TRUE,3.58081991551168e-10,1.92950630640202e-06,5.74029521085325e-11,7.20925738944457e-07,"Other","Other","Other","Both","Both","Both",15,15,153,15
"model4",1.17,0.46,0.9,0.9,11,0,0,0.376729253824276,0.437770150510397,TRUE,0,TRUE,TRUE,0,0,0.763738818642655,0.865208958037341,TRUE,0,TRUE,TRUE,2.02463367305415e-69,7.39332284061764e-55,2.02463367305507e-69,7.39332284061722e-55,"M1.2","M1.2","M1.2","Both","Both","Both",12,12,162,12
"model1",0.27,0.45,0.5,0.9,2,0,0,0.756171223670392,1.00004720455392,TRUE,0,TRUE,TRUE,0,0,0.640556158036676,0.731438090068035,TRUE,0,TRUE,TRUE,1.33627266978726e-190,1.63766347266158e-152,1.33627266978863e-190,1.63766347266335e-152,"M1.1","M1.1","M1.1","Both","Both","Both",4,4,137,4
"model3",0.3,0.09,0.7,1,7,0,0.053958722377081,0.352020215228131,0.0728312488236043,TRUE,0.00505836612476324,FALSE,FALSE,0,0.0424910712599706,0.350699712678702,0.0845906875799053,TRUE,0.00256446606830295,TRUE,FALSE,0.0443089816883805,0.0561284154100576,0.0443089816883822,0.056128415410054,"M3","M3","M3","Both","Trans","No.Med",9,9,138,9
"model4",0.9,0.18,0.5,0.9,6,0,0,0.453004181627531,0.358535387115934,TRUE,0,TRUE,TRUE,0,0,0.89457630681908,1.03978987095656,TRUE,0,TRUE,TRUE,1.80024748071698e-68,2.29891747932998e-53,1.80024748071642e-68,2.29891747932926e-53,"M1.2","M1.2","M1.2","Both","Both","Both",8,8,166,8
"model3",1.04,0.27,0.8,0.8,8,0.722209751313363,9.08913960895319e-06,0.0228454636657738,-0.284423230950614,TRUE,9.99022167885544e-07,TRUE,TRUE,0.705482322726452,6.15544820714575e-06,0.00928690111336439,-0.103621196567136,TRUE,4.34082577227431e-07,TRUE,TRUE,9.80162397163483e-06,0.347613853220547,9.80162397163454e-06,0.347613853220548,"M3","M4","M3","Both","Both","Both",10,10,155,10
"model1",1.3,0.22,0.7,1,5,0,0,0.851318098659679,0.931427762622873,TRUE,0,TRUE,TRUE,0,0,0.505572710076312,0.68759752553292,TRUE,0,TRUE,TRUE,4.54287484857213e-148,3.76856327613917e-104,4.54287484856954e-148,3.76856327613906e-104,"M2.1","M1.1","Other","Both","Both","Both",7,7,159,7
"model3",0.32,0.19,1.1,0.8,13,0.110483852085256,3.62543618581679e-05,0.0421721343268592,0.14217028220941,TRUE,3.90118434003686e-06,TRUE,TRUE,0.136443132827737,2.6870251792932e-05,0.0877980511010891,0.178302696081544,TRUE,1.85662793278033e-06,TRUE,TRUE,4.4925871477394e-05,0.00066933602273432,4.49258714773961e-05,0.000669336022734348,"M3","M4","M4","Both","Both","Both",15,15,187,15
"model3",0.49,0.4,0.6,0.7,1,0.289115909890738,0,0.056221660172978,0.705982421794908,TRUE,0,TRUE,TRUE,0.282168177994784,0,0.0303720946932653,0.669944284294891,TRUE,0,TRUE,TRUE,3.81070033490226e-94,1.9974097361552e-61,3.81070033490389e-94,1.99740973615634e-61,"M3","M4","M4","Both","Both","Both",2,2,143,2
"model2",1.05,0.43,1.4,0.7,6,0,0,19.7058251083671,21.916052371321,TRUE,0,TRUE,TRUE,0,0,0.0171125190237168,0.0146727850310704,TRUE,0,TRUE,TRUE,2.44051821674817e-57,4.73483467641141e-31,2.44051821674737e-57,4.73483467641046e-31,"Other","M2.1","M2.1","Both","Both","Both",7,7,167,7
"model1",0.48,0.35,1.3,0.6,4,3.89885341975926e-05,0,0.311491429381272,1.0368904029756,TRUE,0,TRUE,TRUE,3.68105373602656e-05,0,0.0843027031074112,0.219591588672304,TRUE,0,TRUE,TRUE,7.84861973192529e-39,3.45157218140774e-32,7.84861973192834e-39,3.45157218140789e-32,"M3","M1.1","M1.1","Both","Both","Both",6,6,164,6
"model0",0.6,0.4,1.3,0.6,11,0,2.0618939795547e-06,1.94891357229799,1.07694501513946,TRUE,2.29918149595789e-07,TRUE,TRUE,0,1.48122159715491e-06,0.0886982735301168,0.0329862806296328,TRUE,1.0587894001719e-07,TRUE,TRUE,1.20744907765706e-06,1.54691154669674e-05,1.20744907765705e-06,1.54691154669669e-05,"M0.1","M1.1","M1.1","Both","Both","Both",12,12,145,12
"model0",0.65,0.44,1.3,0.5,7,0,0.12200717024927,3.05173291659235,0.596823535324886,TRUE,0.0112153202316198,FALSE,FALSE,0,0.144584372092416,0.0343791601087604,0.00611358882144345,TRUE,0.00847270740190686,FALSE,FALSE,0.121636586627345,0.0107816223478006,0.121636586627348,0.0107816223478002,"M0.1","M0.1","M0.1","Both","No.Med","No.Med",8,8,185,8
"model0",0.42,0.02,0.7,0.7,13,5.26537702327801e-10,0,2613.98655355388,1.12968023467634,TRUE,0,TRUE,TRUE,1.75749192976582e-10,0,1.98916264628397e-05,0.359624798561853,TRUE,0,TRUE,TRUE,1.37866852978087e-101,1.07478683695176e-58,1.35805630123388e-95,8.87305423559277e-70,"M0.1","M1.1","M1.1","Both","Both","Both",15,15,168,15
"model2",0.35,0.48,0.7,0.5,13,1.27971189201048e-10,0,6.78387172574609,-26.5063373788223,TRUE,0,TRUE,TRUE,2.08254080646952e-10,0,0.00871950099465132,-0.00829149002316715,TRUE,0,TRUE,TRUE,7.0355888723559e-37,8.69228037851628e-27,7.03558887235803e-37,8.69228037851829e-27,"M0.1","M2.1","M2.1","Both","Both","Both",15,15,173,15
"model2",0.84,0.12,1.5,0.6,5,0,0,-4.59660067965912,-16.5576610663769,TRUE,0,TRUE,TRUE,0,0,-0.0555579787599131,-0.0151779875711184,TRUE,0,TRUE,TRUE,4.87885970137443e-43,2.97667965186884e-30,4.87885970137429e-43,2.97667965186935e-30,"Other","M2.1","M2.1","Both","Both","Both",10,10,153,10
"model4",0.81,0.07,1.4,0.9,10,0,0,0.545324002935853,0.447368300051908,TRUE,0,TRUE,TRUE,0,0,0.982771599578348,0.759183753049868,TRUE,0,TRUE,TRUE,7.71041057772029e-61,4.36821795909433e-62,7.71041057771941e-61,4.36821795909408e-62,"M1.2","M4","M4","Both","Both","Both",11,11,172,11
"model4",0.6,0.28,1,1,12,0,0,0.611811836357086,0.515084973135355,TRUE,0,TRUE,TRUE,0,0,1.14564985140817,0.985678197226131,TRUE,0,TRUE,TRUE,2.88429473288061e-102,6.37900746802376e-83,2.88429473288217e-102,6.37900746802648e-83,"M1.2","M1.2","M1.2","Both","Both","Both",13,13,156,13
"model4",0.7,0.03,0.6,1,9,0,0,0.374862430783379,0.603701093435654,TRUE,0,TRUE,TRUE,0,0,0.926610921710081,1.05112009629096,TRUE,0,TRUE,TRUE,2.03053894619642e-253,2.29025676601944e-288,3.14729071002147e-201,3.24756565455043e-213,"M1.2","M1.2","M1.2","Both","Both","Both",13,13,149,13
"model3",0.96,0.22,0.9,0.8,6,0.140455954290054,0.0752280354273698,-0.0487840118032269,0.0751223410688553,TRUE,0.00699362455002509,FALSE,FALSE,0.174068206485268,0.0615614054033591,-0.063551156506942,0.0696313830717891,TRUE,0.00367316636145432,FALSE,FALSE,0.0639216358063033,0.317299049087052,0.0639216358063039,0.317299049087052,"M3","M3","M3","Both","No.Med","No.Med",9,9,153,9
"model2",0.7,0.05,1.2,0.5,1,3.92308407981545e-11,0,-1.33205219107809,-2.21564637138451,TRUE,0,TRUE,TRUE,1.00845998218801e-11,0,-0.0478679862515172,-0.0878677957280799,TRUE,0,TRUE,TRUE,5.83739664767941e-33,2.61920887919704e-19,5.83739664767882e-33,2.61920887919733e-19,"Other","M2.1","M2.1","Both","Both","Both",3,3,133,3
"model3",0.63,0.37,0.7,0.9,10,0.23642520518939,0,0.0546447507085398,0.610994310481232,TRUE,0,TRUE,TRUE,0.221381144553478,0,0.0369831844354162,0.5732094149522,TRUE,0,TRUE,TRUE,5.96145918088941e-63,3.54598949407013e-42,5.96145918089162e-63,3.54598949407094e-42,"M3","M4","M4","Both","Both","Both",13,13,160,13
"model2",0.9,0.28,1.2,0.6,9,0,0,-4.73761081618609,-7.56553010555955,TRUE,0,TRUE,TRUE,0,0,-0.0565806404109925,-0.0280465218656684,TRUE,0,TRUE,TRUE,9.09085032786583e-36,3.24337470808005e-27,9.09085032786792e-36,3.24337470808108e-27,"Other","M2.1","M2.1","Both","Both","Both",10,10,157,10
"model1",0.35,0.2,0.6,0.7,13,0,0,0.83678939589709,0.989843589405451,TRUE,0,TRUE,TRUE,0,0,0.298752664456459,0.633694569389277,TRUE,0,TRUE,TRUE,3.29870379503387e-141,3.92431040605644e-105,3.29870379503706e-141,3.92431040605577e-105,"M0.1","M1.1","M1.1","Both","Both","Both",15,15,164,15
"model0",1.4,0.01,1.4,1,4,0.000227214535595044,0,2.18182848616666,0.656736666799693,TRUE,0,TRUE,TRUE,0.000297610583124053,0,0.00878125254406806,0.493620921885955,TRUE,0,TRUE,TRUE,1.20484356111812e-70,1.06128998369904e-19,2.20321663846177e-83,1.17898737832766e-18,"M0.1","Other","M1.1","Both","Both","Both",6,6,163,6
"model0",0.8,0.37,1.4,0.8,10,1.53950809678172e-06,0.441303056081636,-7.95018891264773,-0.684224893639881,TRUE,0.0380627223452208,FALSE,FALSE,1.2348296716258e-06,0.505214093098362,-0.00412007555507664,-0.000915748286005663,TRUE,0.0277851465094015,FALSE,FALSE,0.521855924610189,0.821945568808026,0.521855924610189,0.821945568808041,"M0.1","M0.1","M0.1","Both","No.Med","No.Med",9,9,158,9
"model4",1.3,0.09,1,1,2,0,0,0.626914128725606,0.766010531616589,TRUE,0,TRUE,TRUE,0,0,0.920205108726111,0.972385905309985,TRUE,0,TRUE,TRUE,6.22121586297505e-198,1.07705594408458e-130,6.22121586297151e-198,1.07705594408391e-130,"M1.2","M1.2","M1.2","Both","Both","Both",4,4,162,4
"model3",1.35,0.45,1.4,0.9,15,3.32611231712576e-06,3.94773103096213e-12,0.1241427000675,0.220986303393271,TRUE,4.65527868071167e-13,TRUE,TRUE,3.12706183969169e-06,2.28972396598692e-12,0.24675242303167,0.330682047423392,TRUE,1.72938735405795e-13,TRUE,TRUE,2.21138676112201e-12,1.8941801488518e-12,2.21138676112206e-12,1.8941801488518e-12,"M3","M4","M4","Both","Both","Both",14,14,155,14
"model3",1.35,0.2,1.3,0.9,7,1.26215637941129e-09,2.82724624633968e-05,-0.382232750391275,-0.223079317807438,TRUE,3.05833890148114e-06,TRUE,TRUE,2.30438557125012e-10,1.18950887744163e-05,-0.137598877678755,-0.115422927012373,TRUE,8.32871966358936e-07,TRUE,TRUE,3.54763048189064e-05,0.0103178440626442,3.5476304818909e-05,0.0103178440626444,"M3","M4","M3","Both","Both","Both",8,8,148,8
"model1",0.4,0.27,1.2,1,11,0,0,1.26961754475804,1.07489412035221,TRUE,0,TRUE,TRUE,0,0,0.564117815783602,0.769936361055268,TRUE,0,TRUE,TRUE,1.83920125078175e-251,1.05842699031501e-155,1.83920125078008e-251,1.05842699031465e-155,"M2.1","M4","M1.1","Both","Both","Both",11,11,178,11
"model2",0.72,0.41,0.7,0.6,15,0.0321066095033558,0,-1.3709498358318,147.68885293251,TRUE,0,TRUE,TRUE,0.0444025099516496,0,-0.00452520372350874,0.00091832792721829,TRUE,0,TRUE,TRUE,2.42602299565618e-22,1.20140789911538e-18,2.42602299565646e-22,1.20140789911538e-18,"M0.1","M2.1","M2.1","Both","Both","Both",15,15,166,15
"model4",0.4,0.21,1.1,0.5,8,0,0,0.325839125271215,0.436597361727834,TRUE,0,TRUE,TRUE,0,0,0.819419512094337,0.760624932188425,TRUE,0,TRUE,TRUE,1.73596011114293e-59,7.16254719368216e-53,1.73596011114317e-59,7.16254719368441e-53,"M0.2","M4","M4","Both","Both","Both",8,8,145,8
"model2",0.72,0.08,0.5,0.9,1,0,0,-1.6494489574782,-1.4483255987947,TRUE,0,TRUE,TRUE,0,0,-0.340253708176125,-0.458353904391307,TRUE,0,TRUE,TRUE,2.17973075133474e-158,1.09968570902942e-112,2.17973075133338e-158,1.09968570902867e-112,"Other","M2.1","M2.1","Both","Both","Both",4,4,141,4
"model0",0.78,0.28,1.5,0.6,4,0.000210645637903184,0.00567275295071301,1.50938633478156,1.1034878834867,TRUE,0.000564492059284113,TRUE,TRUE,0.000172461463516571,0.00473815048009718,0.0135364066232013,0.0103778021772431,TRUE,0.000302183368350156,TRUE,TRUE,0.00588717819144251,0.000186231781821488,0.00588717819144268,0.000186231781821495,"M0.1","M1.1","M1.1","Both","Both","Both",5,5,143,5
"model3",0.84,0.26,1.4,0.6,15,0.00456676512832921,0.00229140546982021,-0.126922623775732,-0.139395597949876,TRUE,0.000231386008617047,TRUE,TRUE,0.00688805208855414,0.0031764168629993,-0.077808078672929,-0.0902015626003476,TRUE,0.000204738113395469,TRUE,TRUE,0.00411795180726439,0.0634931837104437,0.00411795180726432,0.0634931837104434,"M3","M4","M3","Both","Both","Both",13,13,147,13
"model4",1.1,0.32,1.5,1,14,0,0,0.36822382227882,0.482888464047422,TRUE,0,TRUE,TRUE,0,0,0.761015939190151,0.814848352108267,TRUE,0,TRUE,TRUE,1.02893467656085e-72,2.30363922806039e-57,1.02893467656047e-72,2.30363922805941e-57,"M1.2","M4","M1.2","Both","Both","Both",13,13,165,13
"model3",0.3,0.13,1.2,1,1,0,0.00552133345176586,-1.17609302971098,-0.149214760537582,TRUE,0.00054986927874259,TRUE,TRUE,0,0.00637464239038565,-0.513050230240064,-0.0766562421472489,TRUE,0.000405239760290301,TRUE,TRUE,0.00576760008412326,0.00432693473920599,0.00576760008412301,0.0043269347392056,"M3","M4","M4","Both","Both","Both",670,670,154,1
"model4",0.2,0.19,1.2,0.5,6,0,0,0.724184018790745,0.342659672809522,TRUE,0,TRUE,TRUE,0,0,0.783589284198488,0.648304669304211,TRUE,0,TRUE,TRUE,1.07634615273569e-37,1.41178896873721e-30,1.07634615273575e-37,1.41178896873674e-30,"M3","M4","M4","Both","Both","Both",8,8,148,8
"model3",0.72,0.36,0.6,0.8,10,7.20852488811374e-10,0,-0.223051632881045,0.622592807632551,TRUE,0,TRUE,TRUE,2.23172813562655e-10,0,-0.246889754860659,0.61233787511246,TRUE,0,TRUE,TRUE,6.98953037648559e-70,6.23138718382397e-42,6.98953037648419e-70,6.23138718382343e-42,"M3","M4","M4","Both","Both","Both",13,13,132,13
"model3",1.4,0.11,1.5,1,13,7.48968583152987e-07,0.488839901898472,-0.295270959697321,0.0283717887978774,TRUE,0.0420154918527144,FALSE,FALSE,1.02679987001864e-06,0.517454808967865,-0.125203907168316,0.0253011162531152,TRUE,0.0283790200218042,FALSE,FALSE,0.494978895717623,0.768097192044564,0.494978895717625,0.768097192044571,"M3","M3","M3","Both","No.Med","No.Med",15,15,160,15
"model2",0.8,0.3,0.9,0.8,5,0,0,-4.91477516176085,-6.64975501567892,TRUE,0,TRUE,TRUE,0,0,-0.0679023515918865,-0.0541626624951577,TRUE,0,TRUE,TRUE,8.1068161054899e-66,1.75031252174959e-55,8.10681610549591e-66,1.75031252175001e-55,"M2.1","M2.1","M2.1","Both","Both","Both",6,6,139,6
"model4",0.48,0.09,0.9,0.8,8,0,0,0.258623755821651,0.378405292862193,TRUE,0,TRUE,TRUE,0,0,0.513272329884506,0.76089246616502,TRUE,0,TRUE,TRUE,4.8598931285619e-50,1.06125422520341e-33,4.85989312856281e-50,1.06125422520343e-33,"M0.2","M4","M4","Both","Both","Both",12,12,161,12
"model0",0.99,0.27,0.6,0.9,13,0.084182689689049,0.544038136247193,0.135929009496771,-0.269870462492869,TRUE,0.046467498062425,FALSE,FALSE,0.0808676573531038,0.5532408217831,0.0324096013390275,-0.00241761507725976,TRUE,0.0302153135251642,FALSE,FALSE,0.514997354461578,0.163316488709089,0.514997354461567,0.16331648870909,"M0.1","M0.1","M0.1","Both","No.Med","No.Med",14,14,155,14
"model2",0.9,0.31,0.5,1,4,0,0,11.1347250741341,8.04798827421883,TRUE,0,TRUE,TRUE,0,0,0.0414479660008364,0.0578265549988396,TRUE,0,TRUE,TRUE,1.11321009358923e-91,1.27836777153365e-70,1.11321009358873e-91,1.27836777153387e-70,"M2.1","M2.1","M2.1","Both","Both","Both",5,5,121,5
"model2",1.26,0.32,0.8,0.9,4,0,0,-12.2345348355104,24.3784752494527,TRUE,0,TRUE,TRUE,0,0,-0.0343717852207579,0.0167364789679911,TRUE,0,TRUE,TRUE,4.60970730492781e-77,7.20979660586469e-71,4.60970730492663e-77,7.20979660586161e-71,"M2.1","M2.1","M2.1","Both","Both","Both",5,5,150,5
"model3",0.75,0.01,1.1,0.5,4,0.002653562659507,0,0.296467358466916,0.780453334551468,TRUE,0,TRUE,TRUE,0.00173834485410373,0,0.0497703062131688,0.519062744084871,TRUE,0,TRUE,TRUE,9.42743724622713e-120,7.41262716571728e-46,1.32466813699622e-75,8.17878360531631e-37,"M0.1","M1.1","M1.1","Both","Both","Both",7,7,181,7
"model4",0.98,0.33,0.5,0.7,1,0,0,0.284451710870921,0.315075475748564,TRUE,0,TRUE,TRUE,0,0,0.439013901455358,0.816643070088281,TRUE,0,TRUE,TRUE,1.22350326101308e-44,3.59693701107988e-26,1.22350326101287e-44,3.59693701107928e-26,"M4","M1.2","M1.2","Both","Both","Both",3,3,144,3
"model2",0.65,0.18,1.5,0.5,8,5.68098137421202e-08,0,-2.3929010020011,-12.0640872764618,TRUE,0,TRUE,TRUE,4.61781592964172e-08,0,-0.017828014178312,-0.0143901302755956,TRUE,0,TRUE,TRUE,6.81431789051835e-29,4.20097175346437e-15,6.81431789051953e-29,4.20097175346467e-15,"M0.1","M2.1","M2.1","Both","Both","Both",11,11,153,11
"model4",0.42,0.37,0.8,0.7,2,0,0,0.555584011646143,0.74519344579532,TRUE,0,TRUE,TRUE,0,0,0.702473247963746,0.774140014376808,TRUE,0,TRUE,TRUE,1.43046541521661e-125,4.16648890949444e-101,1.43046541521734e-125,4.16648890949503e-101,"M4","M4","M4","Both","Both","Both",3,3,152,3
"model4",0.3,0.43,1.5,0.5,8,0.770190246576723,1.98447924759648e-11,-0.00799878214941294,0.221218308279904,TRUE,2.33344363377706e-12,TRUE,TRUE,0.782332972980188,7.35147498431843e-11,-0.0169587069590756,0.277521795872721,TRUE,5.48401826005641e-12,TRUE,TRUE,1.19804250743703e-10,3.48890291142627e-09,1.19804250743724e-10,3.48890291142659e-09,"M0.2","M4","M4","Both","Both","Both",9,9,136,9
"model1",0.6,0.4,0.7,0.5,6,5.50448575609153e-13,0,1.01237463851191,1.11306217854308,TRUE,0,TRUE,TRUE,1.9420687280558e-11,0,0.0696095020857049,0.453841004512127,TRUE,0,TRUE,TRUE,3.80589150999272e-102,1.12029576050052e-62,3.80589150999174e-102,1.12029576050046e-62,"M0.1","M1.1","M1.1","Both","Both","Both",9,9,165,9
"model0",0.84,0.17,1.3,0.6,4,5.88246498089973e-06,0.0142196755897439,-8.4704410702484,2.18347494837645,TRUE,0.00139024545762521,TRUE,FALSE,5.2823612528563e-06,0.0201669259265402,-0.00336161641348679,0.00357637864711588,TRUE,0.00125169154213607,TRUE,FALSE,0.0231858153440301,0.589010976513934,0.0231858153440301,0.58901097651393,"M0.1","M0.1","M0.1","Both","Both","No.Med",6,6,164,6
"model0",0.91,0.07,0.8,0.7,10,0.543956548664429,0,-0.0903271540286177,0.669249715200065,TRUE,0,TRUE,TRUE,0.538978685922123,0,-0.00706841569378902,0.513716486000726,TRUE,0,TRUE,TRUE,1.19687875914964e-61,5.34367373526545e-36,1.19687875914978e-61,5.3436737352646e-36,"M0.1","M1.1","M1.1","Both","Both","Both",12,12,144,12
"model3",1.17,0.04,1.5,0.9,6,0.00604263699608887,0,-0.135813948842515,0.663855357172701,TRUE,0,TRUE,TRUE,0.00338566860731593,0,-0.0915925092082993,0.553671541954147,TRUE,0,TRUE,TRUE,4.26439905905302e-81,2.52024548528344e-52,4.83090870381359e-85,6.3989661325721e-57,"M3","M4","M4","Both","Both","Both",10,10,148,10
"model3",0.2,0.15,1.3,0.5,7,0,5.28870902960499e-06,0.507397220573481,0.17803980935083,TRUE,5.86015539749816e-07,TRUE,TRUE,0,5.42837874406565e-06,0.594321531012723,0.177959172270659,TRUE,3.83496865395659e-07,TRUE,TRUE,4.34808713015813e-06,5.46421241470164e-07,4.34808713015821e-06,5.4642124147011e-07,"M0.2","M4","M4","Both","Both","Both",8,8,167,8
"model0",0.63,0.22,1,0.9,8,0.000310305586519455,0.374423895061869,-4.15113344573565,-0.44915238847757,TRUE,0.0326608047690232,FALSE,FALSE,0.000291015487831059,0.430661982984888,-0.00474615795746928,-0.0024506297081641,TRUE,0.023868496292847,FALSE,FALSE,0.395878594521954,0.544641356879262,0.395878594521924,0.54464135687927,"M0.1","M0.1","M0.1","Both","No.Med","No.Med",9,9,142,9
"model1",0.21,0.29,1,0.7,2,5.41024158806636e-09,0,0.284090445408287,0.954147920435781,TRUE,0,TRUE,TRUE,8.5950644379551e-09,0,0.187257097146931,0.261036466672149,TRUE,0,TRUE,TRUE,5.4980054510054e-43,3.74568205441338e-37,5.49800545100477e-43,3.74568205441381e-37,"M1.1","M1.1","M1.1","Both","Both","Both",4,4,153,4
"model3",0.5,0.35,0.6,0.5,8,0.0909642748201929,0,0.0701211296559769,0.654845066073746,TRUE,0,TRUE,TRUE,0.0778903069545867,0,0.0732449829939208,0.593444781705946,TRUE,0,TRUE,TRUE,8.51997578925794e-72,2.30928171726839e-51,8.51997578926182e-72,2.30928171726839e-51,"M0.1","M4","M4","Both","Both","Both",11,11,164,11
"model4",0.24,0.45,1.4,0.6,10,0,0,0.55066559892494,0.417435092188036,TRUE,0,TRUE,TRUE,0,0,0.556492682426745,0.589853462861336,TRUE,0,TRUE,TRUE,5.19957726479558e-42,3.66061706816496e-36,5.19957726479707e-42,3.66061706816465e-36,"M3","M4","M4","Both","Both","Both",11,11,153,11
"model4",0.24,0.49,0.9,0.8,13,0,0,0.580323335951474,0.458069808006293,TRUE,0,TRUE,TRUE,0,0,0.851969571579775,0.851767098880866,TRUE,0,TRUE,TRUE,6.08223072102063e-72,1.01515126521072e-57,6.08223072102063e-72,1.01515126521034e-57,"M0.2","M4","M4","Both","Both","Both",13,13,166,13
"model3",1.1,0.44,1.1,1,3,0.000163037763256213,0,0.135136467115334,0.712625938966636,TRUE,0,TRUE,TRUE,0.000253246207114755,0,0.148369615536671,0.622707262850818,TRUE,0,TRUE,TRUE,7.24801057277547e-86,6.07387645894875e-57,7.24801057277609e-86,6.07387645894702e-57,"M3","M4","M4","Both","Both","Both",6,6,153,6
"model4",0.84,0.12,0.8,0.7,2,0,0,0.411848808229341,0.484552424525112,TRUE,0,TRUE,TRUE,0,0,0.78324198702453,0.777078275742844,TRUE,0,TRUE,TRUE,7.7276732596026e-70,2.76953307383398e-59,7.72767325960172e-70,2.76953307383437e-59,"M4","M4","M1.2","Both","Both","Both",3,3,132,3
"model4",0.81,0.39,1.3,0.9,2,0,0,0.544121179200095,0.423569548343487,TRUE,0,TRUE,TRUE,0,0,0.857023470408136,0.677947961246318,TRUE,0,TRUE,TRUE,1.26308006474258e-50,6.25908526816211e-57,1.26308006474171e-50,6.25908526815756e-57,"M4","M4","M4","Both","Both","Both",2,2,161,2
"model1",0.6,0.17,0.6,0.5,10,0,0,0.535092620394982,0.899297355240062,TRUE,0,TRUE,TRUE,0,0,0.18139014651259,0.250049533265499,TRUE,0,TRUE,TRUE,4.97839738878845e-38,4.37363465335722e-24,4.97839738878938e-38,4.37363465335703e-24,"M0.1","M1.1","M1.1","Both","Both","Both",11,11,147,11
"model4",0.54,0.15,0.8,0.6,12,2.50910403565285e-14,0,0.208427616762904,0.344439249310907,TRUE,0,TRUE,TRUE,3.30846461338297e-14,0,0.389450574752045,0.518291330800804,TRUE,0,TRUE,TRUE,1.05789825704666e-29,3.82620674750355e-20,1.0578982570466e-29,3.82620674750332e-20,"M3","M4","M4","Both","Both","Both",12,12,161,12
"model4",0.6,0.34,0.7,1,2,0,0,0.294885713300714,0.424987853235407,TRUE,0,TRUE,TRUE,0,0,0.892340427476901,0.847911506210138,TRUE,0,TRUE,TRUE,3.76401980730159e-66,1.90692314174485e-68,3.76401980730041e-66,1.90692314174447e-68,"M1.2","M1.2","M4","Both","Both","Both",3,3,156,3
"model1",0.56,0.49,0.7,0.8,13,0,0,0.966403152006706,0.878811056776913,TRUE,0,TRUE,TRUE,0,0,0.201544059081009,0.231119430116783,TRUE,0,TRUE,TRUE,5.54194203107431e-34,1.46980643877621e-26,5.54194203107694e-34,1.46980643877631e-26,"M0.1","M1.1","M1.1","Both","Both","Both",13,13,161,13
"model1",0.48,0.07,1.3,0.8,13,0,0,1.09313098073773,0.967308951599029,TRUE,0,TRUE,TRUE,0,0,0.370127461769002,0.425329393391647,TRUE,0,TRUE,TRUE,9.73330966457308e-77,8.85551305417083e-64,9.73330966457058e-77,8.85551305416831e-64,"M2.1","M1.1","M1.1","Both","Both","Both",15,15,176,15
"model4",0.7,0.25,1.4,0.7,14,0,0,0.322429525107666,0.430832531497666,TRUE,0,TRUE,TRUE,0,0,0.622166721105343,0.755381062188459,TRUE,0,TRUE,TRUE,1.47511856353887e-57,8.5093884000891e-59,1.47511856353822e-57,8.5093884000891e-59,"M4","M4","M4","Both","Both","Both",14,14,143,14
"model2",0.77,0.05,1.3,0.7,13,0,0,-3.13475326665848,-2.37917362982289,TRUE,0,TRUE,TRUE,0,0,-0.121717489383859,-0.121731102527713,TRUE,0,TRUE,TRUE,4.15608287250144e-61,1.94613804315756e-43,1.58203809805509e-55,9.74279160727955e-44,"M2.1","M2.1","M2.1","Both","Both","Both",15,15,155,15
"model2",0.27,0.34,1.5,0.9,3,0,0,2597.58347365728,-57.2216797534029,TRUE,0,TRUE,TRUE,0,0,5.79322561623297e-05,-0.0079473360138669,TRUE,0,TRUE,TRUE,1.00083816342709e-88,3.69007066846397e-61,1.00083816342683e-88,3.69007066846218e-61,"M0.1","M2.1","M2.1","Both","Both","Both",6,6,170,6
"model0",0.2,0.22,0.9,0.5,9,1.03299591103223e-11,0.915792325072093,1.58099539511292,-0.0592160313944902,TRUE,0.0754936831170399,FALSE,FALSE,8.93263241152908e-11,0.895015460048905,0.0401875304599602,-0.000214736861765224,TRUE,0.0472421617002047,FALSE,FALSE,0.927366646482746,0.625943046796015,0.927366646482676,0.62594304679599,"M0.1","M0.1","M0.1","Both","No.Med","No.Med",10,10,145,10
"model1",0.77,0.01,1,0.7,12,0,1.18129284132351e-10,0.840256898332134,2.23703731375148,TRUE,1.37716998857122e-11,TRUE,TRUE,0,5.12452746903591e-10,0.501163075785298,0.0261983534500264,TRUE,3.79757340027599e-11,TRUE,TRUE,2.42013358371613e-10,0.000106012602471246,6.51190992223348e-09,0.000314114882211785,"Other","M1.1","M1.1","Both","Both","Both",14,14,162,14
"model2",0.64,0.45,1.4,0.8,2,0,0,48.8914478481823,64.9229658472111,TRUE,0,TRUE,TRUE,0,0,0.0104328718249377,0.00602834865636775,TRUE,0,TRUE,TRUE,2.63752534386623e-73,4.06294467976019e-46,2.63752534386608e-73,4.0629446797577e-46,"Other","M2.1","M2.1","Both","Both","Both",3,3,170,3
"model0",1.12,0.22,1.1,0.8,4,7.41819454752601e-08,4.39207727964686e-08,0.63736806409291,0.604598439468753,TRUE,4.98797139068133e-09,TRUE,TRUE,7.49162001323356e-08,4.24228365769608e-08,0.0616812321272832,0.0696692033613683,TRUE,3.08281962798335e-09,TRUE,TRUE,9.96127149008298e-08,7.52182776037866e-05,9.96127149008366e-08,7.52182776037854e-05,"M2.1","M1.1","M1.1","Both","Both","Both",4,4,162,4
"model4",0.4,0.48,1.3,0.5,4,0,0,0.263846712397055,0.252917470604634,TRUE,0,TRUE,TRUE,0,0,0.634575708906751,0.42077368520299,TRUE,0,TRUE,TRUE,7.03100954395574e-18,3.34265587811806e-24,7.03100954395425e-18,3.34265587811767e-24,"M4","M4","M4","Both","Both","Both",4,4,131,4
"model4",0.8,0.24,1.2,1,15,0,0,0.533333257792203,0.563299756775725,TRUE,0,TRUE,TRUE,0,0,1.13696280708909,1.01000112532676,TRUE,0,TRUE,TRUE,4.58297222127403e-121,4.1679546814456e-88,4.58297222127768e-121,4.16795468144631e-88,"M1.2","M1.2","M1.2","Both","Both","Both",13,13,157,13
"model2",0.3,0.1,1,1,2,0,0,6.21601825747467,85.2607012465865,TRUE,0,TRUE,TRUE,0,0,0.0750334324204853,0.00598511727103233,TRUE,0,TRUE,TRUE,1.4468256546347e-104,1.09618787377805e-76,1.44682565463449e-104,1.09618787377764e-76,"M2.1","M2.1","M2.1","Both","Both","Both",3,3,138,3
"model4",0.88,0.17,0.7,0.8,7,0,0,0.434575599080062,0.390970156046137,TRUE,0,TRUE,TRUE,0,0,1.01814715344364,0.904517841439941,TRUE,0,TRUE,TRUE,4.4532501915127e-64,2.78566020212158e-55,4.45325019151295e-64,2.78566020212194e-55,"M1.2","M1.2","M1.2","Both","Both","Both",9,9,143,9
"model0",0.49,0.17,1,0.7,12,5.3523185883364e-11,0.340593185491841,2.38142807838357,0.370929291840602,TRUE,0.0300077182604475,FALSE,FALSE,9.79216707719388e-13,0.312983371740171,0.0291026918871315,0.00364475267532348,TRUE,0.0177080607382253,FALSE,FALSE,0.348191842249171,0.647779789963665,0.34819184224917,0.647779789963671,"M0.1","M0.1","M0.1","Both","No.Med","No.Med",13,13,176,13
"model4",0.75,0.15,1.2,0.5,3,0,0,0.348065241219707,0.33627182908087,TRUE,0,TRUE,TRUE,0,0,0.609078476087866,0.646357433301208,TRUE,0,TRUE,TRUE,5.64428245156692e-37,4.31932044085412e-42,5.64428245156627e-37,4.31932044085283e-42,"M4","M4","M4","Both","Both","Both",5,5,127,5
"model0",0.45,0.37,1.5,0.5,2,3.37507799486048e-13,0.399679488479577,-1.71843189264186,0.249134594014935,TRUE,0.0346916094111179,FALSE,FALSE,6.70574706873595e-14,0.384817646198415,-0.0454494163117769,0.0045183071317638,TRUE,0.021494178628856,FALSE,FALSE,0.388766834090617,0.161853462220374,0.38876683409061,0.161853462220375,"M3","M0.1","M0.1","Both","No.Med","No.Med",4,4,135,4
"model3",0.72,0.18,0.9,0.6,9,0.000291358606286929,0.309459952131688,0.154561548443276,-0.0418415457344529,TRUE,0.0274218925870174,FALSE,FALSE,0.000164852324483933,0.255010360621378,0.125249683501259,-0.0414128974196223,TRUE,0.0146385223013056,FALSE,FALSE,0.286692561216126,0.847773253874653,0.286692561216122,0.847773253874654,"M3","M3","M3","Both","No.Med","No.Med",9,9,129,9
"model2",0.42,0.39,0.9,0.7,8,0,0,-5.18766712259928,22.0278234323709,TRUE,0,TRUE,TRUE,0,0,-0.107489165257385,0.01322819704632,TRUE,0,TRUE,TRUE,5.86855435049838e-51,6.62007609357006e-37,5.86855435049654e-51,6.62007609357111e-37,"M2.1","M2.1","M2.1","Both","Both","Both",9,9,180,9
"model4",0.9,0.49,0.8,1,2,0,0,0.399137686186199,0.51777594360375,TRUE,0,TRUE,TRUE,0,0,0.986853310517018,1.03404917443929,TRUE,0,TRUE,TRUE,3.93238939912055e-112,2.14322192281641e-82,3.93238939912268e-112,2.14322192281861e-82,"M1.2","M1.2","M1.2","Both","Both","Both",3,3,134,3
"model4",1.3,0.01,0.8,1,8,0,0,0.253962761318949,0.288571528319262,TRUE,0,TRUE,TRUE,0,0,1.53753951726576,2.39423820723915,TRUE,0,TRUE,TRUE,1.49286460076952e-303,5.99300401018006e-170,0,2.33994046904708e-152,"M1.2","M2.2","M2.2","Both","Both","Both",10,10,170,10
"model4",0.88,0.5,1.4,0.8,9,0,0,0.545097640666553,0.513277884987506,TRUE,0,TRUE,TRUE,0,0,0.955620655459709,0.917492414317286,TRUE,0,TRUE,TRUE,9.30682527281443e-93,9.18288292105363e-73,9.30682527281045e-93,9.18288292105154e-73,"M1.2","M1.2","M1.2","Both","Both","Both",8,8,144,8
"model3",0.7,0.01,0.6,0.7,12,1.84297022087776e-14,0,-0.443546539478186,0.589570530126914,TRUE,0,TRUE,TRUE,8.88178419700125e-16,0,-0.201858326299704,0.517352922818005,TRUE,0,TRUE,TRUE,4.00439016130759e-60,1.371836751094e-31,5.88774165972908e-84,6.38724361905821e-25,"Other","M1.1","Other","Both","Both","Both",14,14,160,14
"model2",0.72,0.11,1,0.9,3,0,0,47.3052790951948,38.0145049069509,TRUE,0,TRUE,TRUE,0,0,0.00469093620434685,0.0119229215116807,TRUE,0,TRUE,TRUE,2.49917830556108e-88,2.01552289635364e-57,2.49917830556151e-88,2.01552289635364e-57,"Other","M2.1","M2.1","Both","Both","Both",6,6,138,6
"model1",1.1,0.07,0.6,1,14,0,0,1.10816984642908,1.01200527996394,TRUE,0,TRUE,TRUE,0,0,0.391013190552275,0.6008942424854,TRUE,0,TRUE,TRUE,9.84411966123929e-134,5.57366164418783e-91,9.84411966124713e-134,5.57366164418973e-91,"Other","Other","Other","Both","Both","Both",17,17,180,17
"model4",0.4,0.39,1.4,1,9,0,0,0.406252343967829,0.4685811134355,TRUE,0,TRUE,TRUE,0,0,1.07954644550782,0.958395701629015,TRUE,0,TRUE,TRUE,7.44040918192803e-87,1.42448611971335e-66,7.44040918193121e-87,1.4244861197144e-66,"M1.2","M1.2","M1.2","Both","Both","Both",9,9,170,9
"model0",0.2,0.15,0.5,0.5,14,6.64721194443274e-06,0,-0.360406488372556,1.128226470872,TRUE,0,TRUE,TRUE,6.84534827910532e-06,0,-0.0839649393955509,0.251895270941054,TRUE,0,TRUE,TRUE,8.70614561693741e-49,3.62868033509797e-38,8.7061456169429e-49,3.62868033509615e-38,"Other","M1.1","M1.1","Both","Both","Both",19,19,178,19
"model1",0.91,0.44,0.5,0.7,12,0,0,0.907571919748953,1.11253996882622,TRUE,0,TRUE,TRUE,0,0,0.508085084252128,0.559299090830688,TRUE,0,TRUE,TRUE,2.53443570974954e-139,4.23760391377195e-93,2.53443570974998e-139,4.23760391377183e-93,"M2.1","M1.1","M1.1","Both","Both","Both",15,15,167,15
"model3",1.4,0.48,1.1,1,10,0.833408603625325,0,0.0107469347349759,0.566480183591917,TRUE,0,TRUE,TRUE,0.79378507401711,0,0.0102079266661415,0.645481294961182,TRUE,0,TRUE,TRUE,1.48426832769579e-66,4.23892873358975e-42,1.4842683276963e-66,4.23892873358993e-42,"M3","M4","M4","Both","Both","Both",11,11,145,11
"model1",0.96,0.46,0.8,0.8,8,0,0,1.26754714691581,1.00123688755774,TRUE,0,TRUE,TRUE,0,0,0.453103679692335,0.666316060715496,TRUE,0,TRUE,TRUE,7.63131648880251e-159,1.38266895581512e-118,7.6313164887986e-159,1.38266895581386e-118,"M2.1","M1.1","M1.1","Both","Both","Both",8,8,135,8
"model0",0.35,0.1,1.3,0.5,7,0,3.1081581752801e-10,1.76189341638375,1.24085833619273,TRUE,3.61326556217571e-11,TRUE,TRUE,0,3.91983778769145e-10,0.0951779895866177,0.0453061236910265,TRUE,2.9103089712088e-11,TRUE,TRUE,7.34131153864544e-10,4.3312094316226e-11,7.34131153864758e-10,4.33120943162352e-11,"M0.1","M1.1","M1.1","Both","Both","Both",8,8,133,8
"model0",0.8,0.48,1,0.8,3,0.654377212189245,0.48635126468931,3.0984742495849,-1.18037280330806,TRUE,0.0418308268848435,FALSE,FALSE,0.680350940723914,0.535100305012677,9.87169448576458e-05,-0.000586404618805305,TRUE,0.0292651849195142,FALSE,FALSE,0.499194563409806,0.893432453648026,0.499194563409803,0.893432453648035,"M0.1","M0.1","M0.1","Both","No.Med","No.Med",4,4,146,4
"model1",0.45,0.28,1.4,0.9,6,0,0,1.38605073982083,1.01012928963673,TRUE,0,TRUE,TRUE,0,0,0.376220298240121,0.412180833512451,TRUE,0,TRUE,TRUE,9.53319852616239e-79,9.38269899750101e-62,9.53319852616864e-79,9.38269899750396e-62,"M2.1","M1.1","M1.1","Both","Both","Both",8,8,123,8
"model2",0.27,0.18,1.5,0.9,7,0,0,-10.5068829922912,-63.5117102279044,TRUE,0,TRUE,TRUE,0,0,-0.0453916230614861,-0.00619610956581339,TRUE,0,TRUE,TRUE,2.86639528136246e-73,1.64856222224228e-61,2.86639528136025e-73,1.64856222224115e-61,"M0.1","M2.1","M2.1","Both","Both","Both",8,8,143,8
"model1",1.26,0.36,1,0.9,7,0,0,1.21493752198902,1.03125623827994,TRUE,0,TRUE,TRUE,0,0,0.468080344892815,0.396502556362197,TRUE,0,TRUE,TRUE,6.19997469319427e-77,6.37432968904469e-84,6.19997469319198e-77,6.37432968904306e-84,"Other","M1.1","M1.1","Both","Both","Both",8,8,172,8
"model4",0.42,0.46,0.9,0.7,15,0,0,0.478410188693607,0.591248945922463,TRUE,0,TRUE,TRUE,0,0,0.752581316138734,0.825418508976362,TRUE,0,TRUE,TRUE,1.43042453568012e-96,1.29273536156601e-53,1.43042453567992e-96,1.29273536156601e-53,"M0.2","M4","M4","Both","Both","Both",14,14,175,14
"model1",0.56,0.26,0.9,0.8,10,0,0,0.555922618560057,1.03614431198268,TRUE,0,TRUE,TRUE,0,0,0.177711676531294,0.683462289386977,TRUE,0,TRUE,TRUE,1.59889610692801e-176,1.91969504500956e-122,1.59889610692592e-176,1.91969504500934e-122,"M0.1","M1.1","M1.1","Both","Both","Both",12,12,153,12
"model4",1.04,0.1,1.5,0.8,14,0,0,0.470776133021596,0.413203859624129,TRUE,0,TRUE,TRUE,0,0,0.845629163310175,1.08002848164624,TRUE,0,TRUE,TRUE,2.34289096159215e-85,4.43787830166597e-57,2.34289096159121e-85,4.43787830166559e-57,"M1.2","M1.2","M1.2","Both","Both","Both",15,15,163,15
"model3",0.6,0.3,0.6,1,15,2.76445533131664e-13,0,-0.300057389243311,0.481225549809946,TRUE,0,TRUE,TRUE,1.15307763337569e-12,0,-0.241811873250638,0.462048739034892,TRUE,0,TRUE,TRUE,3.97296920144869e-37,4.68640222799668e-18,3.97296920144869e-37,4.68640222799791e-18,"M3","M4","M4","Both","Both","Both",19,19,182,19
"model1",0.99,0.49,1.3,0.9,4,0,0,0.909557757746772,1.04553631161121,TRUE,0,TRUE,TRUE,0,0,0.575322088883597,0.665999133328498,TRUE,0,TRUE,TRUE,6.32695638452914e-172,5.06338580988626e-118,6.3269563845259e-172,5.06338580988453e-118,"M2.1","M1.1","M1.1","Both","Both","Both",8,8,161,8
"model3",0.35,0.1,1.3,0.7,1,0,0.00871081941937302,-0.98083885611782,-0.137616985310436,TRUE,0.000862620653731046,TRUE,TRUE,0,0.0102192584866452,-0.360755500789416,-0.0749253715736612,TRUE,0.000644955571739785,TRUE,FALSE,0.00888509587054716,0.00270686647036594,0.00888509587054763,0.00270686647036594,"M4","M4","M4","Both","Both","Cis",3,3,130,3
"model3",0.6,0.38,1.5,1,5,3.67825769842511e-11,0,-0.309378386490666,0.50319953664773,TRUE,0,TRUE,TRUE,1.98838723264316e-11,0,-0.218798073453789,0.495138331813172,TRUE,0,TRUE,TRUE,7.06029157885232e-43,1.15486174073637e-38,7.06029157884846e-43,1.15486174073657e-38,"M3","M4","M4","Both","Both","Both",6,6,157,6
"model4",0.48,0.22,0.7,0.8,6,0,0,0.276915157230732,0.432887837908961,TRUE,0,TRUE,TRUE,0,0,0.927088257812534,0.931290218037412,TRUE,0,TRUE,TRUE,1.49550479967202e-75,3.60110622193803e-61,1.49550479967185e-75,3.60110622193834e-61,"M1.2","M1.2","M1.2","Both","Both","Both",8,8,133,8
"model0",0.32,0.12,1.3,0.8,8,0.000126892105130061,0.040280891867877,1.5326828136381,1.20550157896562,TRUE,0.00380806382431782,TRUE,FALSE,0.000129129715594312,0.0245868260097686,0.0129883309967242,0.00572699103791208,TRUE,0.00151526446559882,TRUE,FALSE,0.0332225485574472,0.00796073029264198,0.0332225485574491,0.00796073029264257,"M0.1","M0.1","M1.1","Both","Both","No.Med",9,9,136,9
"model2",0.4,0.11,0.6,0.5,6,0,0,-2.53189499897837,0.597194194094603,TRUE,0,TRUE,TRUE,0,0,-0.184479093031538,0.340468901937018,TRUE,0,TRUE,TRUE,3.20926939328787e-34,1.31229105410188e-16,3.20926939328514e-34,1.31229105410175e-16,"Other","M2.1","M2.1","Both","Both","Both",9,9,145,9
"model4",0.91,0.13,0.9,0.7,11,0,0,0.533913940246003,0.404208202348798,TRUE,0,TRUE,TRUE,0,0,0.666492997977994,0.803592532564402,TRUE,0,TRUE,TRUE,1.3443529257706e-57,4.28516834466311e-43,1.34435292577052e-57,4.28516834466311e-43,"M1.2","M4","M1.2","Both","Both","Both",12,12,166,12
"model2",0.72,0.24,0.8,0.8,2,0,0,-6.57254259589728,-9.73986232214865,TRUE,0,TRUE,TRUE,0,0,-0.0703368782972579,-0.0375367486817205,TRUE,0,TRUE,TRUE,3.08028499962507e-67,1.12743257466993e-57,3.08028499962507e-67,1.12743257467034e-57,"Other","M2.1","M2.1","Both","Both","Both",4,4,138,4
"model3",0.5,0.09,1.1,0.5,12,0.00701543595130083,0,0.093012391639926,0.667810812238448,TRUE,0,TRUE,TRUE,0.00473746975729239,0,0.114971317097321,0.680927030181816,TRUE,0,TRUE,TRUE,6.31321423220728e-88,1.51839072548085e-44,6.31321423220638e-88,1.51839072548029e-44,"M3","M4","M4","Both","Both","Both",12,12,160,12
"model4",1.08,0.49,0.9,0.9,3,0,0,0.384180697409389,0.460477167454152,TRUE,0,TRUE,TRUE,0,0,0.984562638079379,0.955257173127433,TRUE,0,TRUE,TRUE,5.36975601447531e-85,4.12709613749859e-70,5.36975601447118e-85,4.12709613749659e-70,"M1.2","M1.2","M1.2","Both","Both","Both",5,5,147,5
"model4",1.12,0.11,0.8,0.8,2,0,0,0.398963949422809,0.38009887314562,TRUE,0,TRUE,TRUE,0,0,0.975831607614401,0.972834593307328,TRUE,0,TRUE,TRUE,3.47424792995488e-68,8.92440774117856e-56,3.47424792995646e-68,8.92440774118111e-56,"M1.2","M1.2","M1.2","Both","Both","Both",4,4,147,4
"model3",0.36,0.15,0.7,0.6,14,0.787465042156668,0,0.0142963579101128,0.660501576506301,TRUE,0,TRUE,TRUE,0.735314697224311,0,0.0163219479230612,0.610640471591821,TRUE,0,TRUE,TRUE,1.79979887803422e-74,6.20970196599427e-49,1.79979887803448e-74,6.20970196599595e-49,"M0.1","M4","M4","Both","Both","Both",18,18,160,18
"model0",0.72,0.13,0.8,0.9,2,1.6924186627687e-06,1.60153496944204e-05,-7.73047611831243,8.08613288757462,TRUE,1.74317271647903e-06,TRUE,TRUE,4.55379739228157e-06,2.22877768132346e-05,-0.00413985808159887,0.00351256403417947,TRUE,1.54542437094603e-06,TRUE,TRUE,1.28555393884446e-05,0.393294048422517,1.28555393884442e-05,0.393294048422517,"M0.1","M1.1","M0.1","Both","Both","Both",3,3,135,3
"model4",0.81,0.11,1,0.9,4,0,0,0.596821406273582,0.428625293351761,TRUE,0,TRUE,TRUE,0,0,1.05430271328613,0.994104262873603,TRUE,0,TRUE,TRUE,1.63558952660818e-81,4.67219072702777e-86,1.63558952660944e-81,4.67219072703136e-86,"M1.2","M1.2","M1.2","Both","Both","Both",5,5,130,5
"model0",1.3,0.3,1.3,1,2,0.145869599203568,0.4225652231548,2.10435800279071,0.592481153314135,TRUE,0.0365748127653347,FALSE,FALSE,0.180027018817742,0.44647847605024,0.00141628988630975,0.00149916650705295,TRUE,0.024658265867642,FALSE,FALSE,0.44360661994776,0.910139620754488,0.443606619947758,0.910139620754478,"M0.1","M0.1","M0.1","Both","No.Med","No.Med",3,3,138,3
"model3",0.3,0.43,1.3,0.5,2,0.654690155915786,0,0.0232478120667028,0.573526860195553,TRUE,0,TRUE,TRUE,0.631878126442496,0,0.0133286102935712,0.464185773947585,TRUE,0,TRUE,TRUE,2.21920091913216e-46,9.63576721489526e-35,2.21920091913162e-46,9.63576721489693e-35,"M3","M4","M4","Both","Both","Both",3,3,172,3
"model4",0.6,0.05,0.8,0.5,1,0,0,0.18931747701981,0.602442869223484,TRUE,0,TRUE,TRUE,0,0,0.641746770399757,0.975368037320685,TRUE,0,TRUE,TRUE,1.47394079188255e-171,5.65672600127288e-86,2.48022906919044e-239,4.32059684279861e-105,"M1.2","M1.2","M1.2","Both","Both","Both",4,4,153,4
"model0",0.55,0.39,0.9,0.5,10,1.06260133492242e-05,7.47092356023771e-06,-0.987571464039193,1.34712363705463,TRUE,8.24843467925443e-07,TRUE,TRUE,5.02725109696733e-06,4.8508771546274e-06,-0.0286369803233891,0.0213257678384314,TRUE,3.43623680879507e-07,TRUE,TRUE,1.29363327358142e-05,0.0405841698297029,1.29363327358135e-05,0.0405841698297022,"M0.1","M1.1","M0.1","Both","Both","Both",11,11,150,11
"model0",0.42,0.29,0.6,0.6,1,0,0.0593740128265561,4.44539353651775,0.646204890517463,TRUE,0.00555209343725681,FALSE,FALSE,0,0.0694256684846644,0.0550591255359105,0.00740232724368727,TRUE,0.00413300074045876,FALSE,FALSE,0.0749186248908928,9.42837965547929e-06,0.074918624890891,9.42837965547868e-06,"M2.1","M0.1","M1.1","Both","No.Med","No.Med",2,2,152,2
"model2",0.25,0.22,0.5,0.5,9,0.654072734583588,0,0.0613043878031311,0.554848598104641,TRUE,0,TRUE,TRUE,0.664418227257359,0,0.00601484169570825,0.274109125407153,TRUE,0,TRUE,TRUE,3.4845862676619e-25,2.38985149352695e-19,3.48458626766248e-25,2.38985149352624e-19,"M0.1","M4","M4","Both","Both","Both",12,12,147,12
"model4",1.3,0.28,0.7,1,2,0,0,0.600393556686989,0.453623591545464,TRUE,0,TRUE,TRUE,0,0,1.00028839993943,0.975298881646968,TRUE,0,TRUE,TRUE,8.91251912840678e-86,1.96178368110685e-90,8.91251912840907e-86,1.96178368110646e-90,"M1.2","M1.2","M1.2","Both","Both","Both",4,4,122,4
"model0",0.3,0.18,0.5,1,13,1.49446790831398e-06,0,0.677999243301505,1.2008164456362,TRUE,0,TRUE,TRUE,6.1346193156453e-06,0,0.0461173255715387,0.287063485452838,TRUE,0,TRUE,TRUE,1.43955653836344e-61,3.37604732661311e-53,1.43955653836372e-61,3.3760473266119e-53,"M0.1","M1.1","M1.1","Both","Both","Both",15,15,156,15
"model4",0.64,0.2,0.6,0.8,10,0,0,0.752494365835866,0.726125534050686,TRUE,0,TRUE,TRUE,0,0,0.699035449675489,0.91346630025656,TRUE,0,TRUE,TRUE,2.94045985669179e-156,2.59855796700179e-121,2.94045985669396e-156,2.59855796700267e-121,"M1.2","M1.2","M1.2","Both","Both","Both",12,12,157,12
"model3",0.6,0.02,1.4,1,14,0.482324244780736,0,-0.0202833094123588,0.660590082724326,TRUE,0,TRUE,TRUE,0.509030504733725,0,-0.0331696577649504,0.557636489715969,TRUE,0,TRUE,TRUE,1.61860444966447e-90,8.19777075218337e-56,7.01918423119025e-80,3.77876584228248e-56,"M0.1","M4","M4","Both","Both","Both",18,18,167,18
"model4",0.63,0.3,0.9,0.9,2,0,0,0.387288506069337,0.470048981625813,TRUE,0,TRUE,TRUE,0,0,0.8316696434302,0.875193100658041,TRUE,0,TRUE,TRUE,3.14627722405497e-78,1.46220956796992e-63,3.14627722405461e-78,1.46220956797e-63,"M1.2","M1.2","M1.2","Both","Both","Both",2,2,158,2
"model0",0.48,0.08,1.2,0.6,9,0.000848157572013397,0.0594059873155257,0.935542009833222,1.93820339373837,TRUE,0.00555209343725681,FALSE,FALSE,0.00122103907140736,0.058965789300216,0.016485167191861,0.00285101547992255,TRUE,0.0035209639141766,FALSE,FALSE,0.0572394867968174,0.00561511855750227,0.0572394867968162,0.00561511855750194,"M0.1","M0.1","M1.1","Both","No.Med","No.Med",11,11,147,11
"model1",0.64,0.44,1,0.8,15,0,0,1.50511395043325,1.06492902742993,TRUE,0,TRUE,TRUE,0,0,0.367184839515404,0.436669490643822,TRUE,0,TRUE,TRUE,3.20739374561648e-90,7.82700533555541e-62,3.20739374561684e-90,7.82700533555229e-62,"M2.1","M1.1","M1.1","Both","Both","Both",15,15,157,15
"model0",0.72,0.15,1.4,0.8,4,1.81995307713123e-10,5.75835157334836e-10,-1.11750665790765,1.07967211002585,TRUE,6.68151194515620e-11,TRUE,TRUE,2.97406543836587e-11,7.60067564442579e-11,-0.0526724569011157,0.0517573574116868,TRUE,5.66454654197079e-12,TRUE,TRUE,7.57783568128141e-10,0.338617072185985,7.57783568128269e-10,0.338617072185989,"M0.1","M1.1","M0.1","Both","Both","Both",5,5,160,5
"model1",1.08,0.49,0.6,0.9,1,0,0,0.976909540444701,1.00525570632995,TRUE,0,TRUE,TRUE,0,0,0.457940858023571,0.718322862603576,TRUE,0,TRUE,TRUE,1.11333137994668e-185,2.06465856069715e-118,1.113331379947e-185,2.06465856069715e-118,"M2.1","M1.1","Other","Both","Both","Both",4,4,157,4
"model3",0.56,0.32,1,0.8,14,0.000102210225099153,0.350719624436426,-0.11380853020971,-0.0353865788395175,TRUE,0.0307977913239785,FALSE,FALSE,9.83306083142121e-05,0.307270760322774,-0.199855831210656,-0.0364688308996083,TRUE,0.0173973580988674,FALSE,FALSE,0.36087326295621,0.276023265383161,0.360873262956219,0.276023265383151,"M3","M3","M3","Both","No.Med","No.Med",17,17,170,17
"model3",0.77,0.16,0.5,0.7,4,2.08375346977263e-07,0.794867185035018,0.224855905147551,0.0117835501989154,TRUE,0.0663951596350809,FALSE,FALSE,8.32567357278435e-08,0.792391021616962,0.18402146798203,0.00861617166714869,TRUE,0.0422503252524863,FALSE,FALSE,0.795964233992457,0.0265922711859109,0.795964233992457,0.0265922711859111,"M3","M3","M3","Both","No.Med","No.Med",5,5,177,5
"model2",1.5,0.11,0.5,1,12,0,0,-1.03996855513395,2.40945806860905,TRUE,0,TRUE,TRUE,0,0,-0.308577710851124,0.294712622424706,TRUE,0,TRUE,TRUE,6.32663308552503e-177,3.38421020747702e-115,6.32663308552503e-177,3.38421020747741e-115,"Other","Other","M1.1","Both","Both","Both",14,14,154,14
"model3",0.9,0.34,0.8,0.9,1,0.0489217057906723,0.000849202465801557,-0.118962102223083,-0.219576535972497,TRUE,8.73298077993828e-05,TRUE,TRUE,0.0506373291318245,0.000702031810225767,-0.0481987866447007,-0.0760072179775179,TRUE,4.62344562052997e-05,TRUE,TRUE,0.000847953533820857,0.230662289189317,0.000847953533820858,0.230662289189318,"M3","M4","M3","Both","Both","Both",2,2,151,2
"model4",0.65,0.38,0.7,0.5,12,0,0,0.220195210981311,0.306892301810974,TRUE,0,TRUE,TRUE,0,0,0.561549873996117,0.618854122533972,TRUE,0,TRUE,TRUE,1.48114355718608e-31,1.61010608739821e-26,1.48114355718638e-31,1.61010608739807e-26,"M0.2","M4","M4","Both","Both","Both",15,15,147,15
"model1",1.35,0.42,0.7,0.9,14,0,0,0.793368684963762,1.08224576700885,TRUE,0,TRUE,TRUE,0,0,0.525862737419594,0.634415566390631,TRUE,0,TRUE,TRUE,1.15881695170737e-165,4.20067759189929e-100,1.15881695170737e-165,4.2006775918981e-100,"M2.1","M1.1","M1.1","Both","Both","Both",15,15,174,15
"model3",0.3,0.27,0.6,1,3,0,0,0.607457760549998,0.712659461722957,TRUE,0,TRUE,TRUE,0,0,0.446032714470097,0.697991727607695,TRUE,0,TRUE,TRUE,2.17363107240968e-100,1.87316708314284e-77,2.17363107241284e-100,1.87316708314583e-77,"M1.1","M4","M4","Both","Both","Both",6,6,153,6
"model0",0.25,0.35,0.7,0.5,13,3.7651610784728e-07,0.209443421208359,-8.88953632707677,-0.822437842166242,TRUE,0.0188719383624652,FALSE,FALSE,4.0177690352472e-07,0.268045350291498,-0.00447424668741485,-0.00254113579099618,TRUE,0.0153308668655045,FALSE,FALSE,0.24337806517972,0.821022421328022,0.243378065179719,0.821022421328019,"M0.1","M0.1","M0.1","Both","No.Med","No.Med",13,13,148,13
"model4",0.63,0.09,1.3,0.9,13,0,0,0.724089910589553,0.540624273158268,TRUE,0,TRUE,TRUE,0,0,1.04908965052013,0.908311699370025,TRUE,0,TRUE,TRUE,1.47909298383564e-97,4.36785919965717e-79,1.47909298383716e-97,4.36785919965891e-79,"M1.2","M1.2","M1.2","Both","Both","Both",13,13,158,13
"model1",0.6,0.16,1.2,0.6,5,0,0,1.37843927540083,1.01278262115207,TRUE,0,TRUE,TRUE,0,0,0.387958618344214,0.647696284287486,TRUE,0,TRUE,TRUE,2.25837141340123e-154,6.03987525843946e-111,2.25837141340316e-154,6.03987525844238e-111,"M2.1","M1.1","M1.1","Both","Both","Both",7,7,174,7
"model0",0.7,0.17,0.8,0.5,7,0,0.226812523146548,-5.63417002658618,0.317210226970083,TRUE,0.0204070840286985,FALSE,FALSE,0,0.226271852719067,-0.0255950034271647,0.00731161545287051,TRUE,0.0130363707033617,FALSE,FALSE,0.218007892249147,0.867257726095971,0.218007892249145,0.867257726095985,"M0.1","M0.1","M0.1","Both","No.Med","No.Med",10,10,147,10
"model1",0.84,0.43,1,0.6,5,0,0,0.802471604832506,0.893264295926028,TRUE,0,TRUE,TRUE,0,0,0.327052464936807,0.280829996749883,TRUE,0,TRUE,TRUE,4.45855544722764e-43,2.41861801573893e-33,4.45855544722943e-43,2.4186180157397e-33,"Other","M1.1","M1.1","Both","Both","Both",8,8,177,8
"model2",0.5,0.4,1.2,0.5,14,0,0,-5.9353291322073,58.6732095061567,TRUE,0,TRUE,TRUE,0,0,-0.0659785781953346,0.00333732193311751,TRUE,0,TRUE,TRUE,1.36671476253315e-32,7.87398140713717e-24,1.36671476253331e-32,7.87398140713996e-24,"M0.1","M2.1","M2.1","Both","Both","Both",15,15,167,15
"model4",0.63,0.26,1.4,0.9,13,0,0,0.475303590184654,0.42892378994648,TRUE,0,TRUE,TRUE,0,0,0.930287854179986,0.855147775818888,TRUE,0,TRUE,TRUE,1.63782688340769e-66,2.45403238797236e-51,1.6378268834068e-66,2.45403238797128e-51,"M1.2","M4","M4","Both","Both","Both",14,14,154,14
"model0",0.54,0.23,1.5,0.6,1,1.08895781281149e-10,0.203046524240546,2.82994465921636,0.504226031557824,TRUE,0.0183763198053624,FALSE,FALSE,1.51560097805259e-10,0.201263724010011,0.0204234633685242,0.00452508824855927,TRUE,0.0116552854839851,FALSE,FALSE,0.21932781679336,0.105731833121493,0.219327816793359,0.105731833121494,"M0.1","M0.1","M0.1","Both","No.Med","No.Med",3,3,145,3
"model4",1.04,0.1,0.7,0.8,11,0,0,0.526385269658165,0.7402962140307,TRUE,0,TRUE,TRUE,0,0,0.560403387492113,0.875924716135349,TRUE,0,TRUE,TRUE,1.83938664081147e-149,1.57301957710805e-97,1.83938664081147e-149,1.57301957710814e-97,"M2.1","M1.2","M1.2","Both","Both","Both",15,15,162,15
"model1",0.18,0.28,1.1,0.6,13,9.06183791560267e-07,0,0.421583016817291,0.994316937877096,TRUE,0,TRUE,TRUE,5.98876448654195e-07,0,0.080776274775917,0.181617684137417,TRUE,0,TRUE,TRUE,5.11803884972726e-30,2.96249902995149e-19,5.1180388497294e-30,2.96249902995206e-19,"M0.1","M1.1","M1.1","Both","Both","Both",13,13,157,13
"model0",0.9,0.11,0.9,0.9,14,0,0,15.7804366619752,0.848659542447385,TRUE,0,TRUE,TRUE,0,0,0.0113461245917774,0.364412540994115,TRUE,0,TRUE,TRUE,5.85472305972898e-54,1.1102520304963e-20,5.85472305972814e-54,1.11025203049611e-20,"M2.1","M1.1","M1.1","Both","Both","Both",17,17,169,17
"model2",0.6,0.12,0.8,1,5,0,0,21.8415248043503,-26.416723402923,TRUE,0,TRUE,TRUE,0,0,0.00853987753084747,-0.0153362222529556,TRUE,0,TRUE,TRUE,4.99277346630903e-76,3.87300210952743e-41,4.99277346630818e-76,3.87300210952599e-41,"M2.1","M2.1","M2.1","Both","Both","Both",8,8,180,8
"model4",0.72,0.18,1.5,0.6,13,0,0,0.20633603797054,0.252070373975416,TRUE,0,TRUE,TRUE,0,0,0.493060414868479,0.447297077973742,TRUE,0,TRUE,TRUE,1.12917165698913e-18,6.10009018693385e-19,1.12917165698897e-18,6.10009018693234e-19,"M0.2","M4","M4","Both","Both","Both",13,13,153,13
"model1",0.55,0.4,0.6,0.5,3,2.54740030205536e-05,0,0.368984706951887,0.944161545437142,TRUE,0,TRUE,TRUE,4.83431605462492e-05,0,0.0701461575730981,0.238467121131083,TRUE,0,TRUE,TRUE,2.04550156068147e-38,3.29719186628091e-28,2.04550156068129e-38,3.29719186628091e-28,"M1.1","M1.1","M1.1","Both","Both","Both",5,5,138,5
"model1",0.2,0.28,0.8,0.5,14,0,0,0.878161541290493,1.00965363956192,TRUE,0,TRUE,TRUE,0,0,0.130660225768612,0.188992696134348,TRUE,0,TRUE,TRUE,1.03204624463279e-31,4.61161349638102e-26,1.03204624463194e-31,4.61161349637939e-26,"M0.1","M1.1","M1.1","Both","Both","Both",15,15,162,15
"model4",0.64,0.23,1.5,0.8,6,0,0,0.479077508720388,0.484787877354616,TRUE,0,TRUE,TRUE,0,0,0.624734096362067,0.73701624266733,TRUE,0,TRUE,TRUE,2.84544030302789e-65,4.70116415760235e-66,2.84544030302659e-65,4.70116415760034e-66,"M4","M4","M4","Both","Both","Both",5,5,153,5
"model1",0.48,0.25,1.2,0.8,9,0,0,0.815955562828825,1.02100328931095,TRUE,0,TRUE,TRUE,0,0,0.352285161301962,0.703760994224245,TRUE,0,TRUE,TRUE,1.1880937005681e-181,1.27225800478888e-136,1.18809370056789e-181,1.27225800478917e-136,"M2.1","M1.1","M1.1","Both","Both","Both",12,12,151,12
"model2",0.65,0.09,0.8,0.5,15,0,0,-1.25281909950162,0.575840147143787,TRUE,0,TRUE,TRUE,0,0,-0.41070846666994,0.37289113436699,TRUE,0,TRUE,TRUE,5.77755010453086e-36,7.94527408256873e-10,5.77755010453161e-36,7.94527408256971e-10,"Other","Other","Other","Both","Both","Both",15,15,165,15
"model3",0.9,0.4,0.6,0.9,11,0.00124574906729857,0.687017640961455,-0.197033290649669,-0.0185656047200924,TRUE,0.0577571826007204,FALSE,FALSE,0.00145098768421215,0.693231643263617,-0.074918448989238,-0.0143399675634549,TRUE,0.0373170989189936,FALSE,FALSE,0.677278254606585,0.72754382317764,0.677278254606591,0.727543823177645,"M3","M3","M3","Both","No.Med","No.Med",13,13,162,13
"model0",0.63,0.18,1.4,0.7,11,0,0.026358240012208,-13.2150143637985,2.02810145223887,TRUE,0.00252877867526842,TRUE,FALSE,0,0.0299851978283776,-0.026599805235633,0.00349320832881622,TRUE,0.0018321790947001,TRUE,FALSE,0.031510628453334,0.000101406630194293,0.031510628453332,0.000101406630194288,"M0.1","M0.1","M1.1","Both","Both","No.Med",13,13,149,13
"model3",0.24,0.18,1.3,0.8,11,0.000457837814024975,0,0.119043961841855,0.821035741098755,TRUE,0,TRUE,TRUE,0.000670805045068112,0,0.155549033447906,0.816072490565571,TRUE,0,TRUE,TRUE,2.31814844858368e-159,5.15961434569082e-71,2.31814844858249e-159,5.15961434568802e-71,"M0.2","M4","M4","Both","Both","Both",11,11,153,11
"model3",0.7,0.35,1.2,1,4,0,0,-0.327394546957498,0.61555472720558,TRUE,0,TRUE,TRUE,0,0,-0.423332281103475,0.585708266940523,TRUE,0,TRUE,TRUE,6.70870963636846e-66,1.12699115714819e-44,6.70870963637075e-66,1.12699115714847e-44,"M4","M4","M4","Both","Both","Both",6,6,155,6
"model4",0.78,0.36,1.5,0.6,14,0,0,0.314065171207629,0.441981950178883,TRUE,0,TRUE,TRUE,0,0,0.579520969465605,0.6680869802822,TRUE,0,TRUE,TRUE,1.93737888362576e-51,9.88845029548385e-35,1.93737888362458e-51,9.88845029547986e-35,"M4","M4","M4","Both","Both","Both",13,13,189,13
"model0",0.63,0.29,1.4,0.9,5,0,0.0252063650601422,-4.31451254256029,1.49424725382729,TRUE,0.00242773769723662,TRUE,FALSE,0,0.0239490285004194,-0.042236736481345,0.00532017450412197,TRUE,0.00147827279352417,TRUE,FALSE,0.0219746648996253,0.724620237679816,0.0219746648996262,0.724620237679817,"M0.1","M0.1","M0.1","Both","Both","No.Med",6,6,176,6
"model1",0.48,0.24,1.1,0.8,8,0,0,1.42018588876989,0.941796637315702,TRUE,0,TRUE,TRUE,0,0,0.484860542770217,0.709548265201986,TRUE,0,TRUE,TRUE,7.69643045011529e-159,3.94235167356427e-122,7.69643045011529e-159,3.9423516735645e-122,"M2.1","M1.1","M1.1","Both","Both","Both",10,10,169,10
"model2",0.4,0.46,0.8,0.5,4,0,0,18.2489139838314,-444.534753705822,TRUE,0,TRUE,TRUE,0,0,0.0295231175705757,-0.000383854540567848,TRUE,0,TRUE,TRUE,1.38207239144057e-28,9.75806906424253e-24,1.38207239144119e-28,9.75806906424436e-24,"M0.1","M2.1","M2.1","Both","Both","Both",6,6,160,6
"model1",0.15,0.11,0.8,0.5,7,0,0,1.09981280934796,0.817851526787278,TRUE,0,TRUE,TRUE,0,0,0.328912723033871,0.231179053808933,TRUE,0,TRUE,TRUE,9.97112929819841e-32,3.30994726590388e-28,9.97112929818748e-32,3.30994726590594e-28,"M0.1","M1.1","M1.1","Both","Both","Both",8,8,151,8
"model2",0.7,0.44,1.2,0.7,7,0,0,23.0751819204358,-94.3976850835704,TRUE,0,TRUE,TRUE,0,0,0.0118386557990902,-0.00333858798180452,TRUE,0,TRUE,TRUE,7.93316212553802e-56,3.16271355054478e-37,7.93316212553758e-56,3.16271355054556e-37,"Other","M2.1","M2.1","Both","Both","Both",9,9,151,9
"model0",0.25,0.29,1.5,0.5,4,0,0.0803095737624315,-8.37076824146171,0.84377198471049,TRUE,0.00744914167701824,FALSE,FALSE,0,0.0762851260260424,-0.0761391833133674,0.00591797717500126,TRUE,0.00453449315871773,FALSE,FALSE,0.0692202633948351,0.97210931134026,0.0692202633948452,0.972109311340203,"M4","M0.1","M0.1","Both","No.Med","No.Med",4,4,148,4
"model0",0.72,0.37,1,0.8,4,0,0.298654265399482,3.57157450648367,0.307517802410234,TRUE,0.0265217016834567,FALSE,FALSE,0,0.274293498243205,0.0613656601196043,0.00520752212912498,TRUE,0.0156541004125407,FALSE,FALSE,0.304273247397672,0.000561836605005656,0.304273247397675,0.000561836605005652,"M0.1","M0.1","M1.1","Both","No.Med","No.Med",5,5,136,5
"model3",0.4,0.36,0.9,1,1,8.28488117183834e-05,4.7210080289517e-09,0.182271118188868,-0.346707446513654,TRUE,5.42160290888767e-10,TRUE,TRUE,0.000110021164615892,4.52179871324176e-09,0.131015014079993,-0.149357238879653,TRUE,3.31965773097056e-10,TRUE,TRUE,3.01595821099599e-09,0.977356757991663,3.01595821099636e-09,0.977356757991661,"M4","M4","M3","Both","Both","Both",2,2,154,2
"model2",1.5,0.04,1.5,1,14,0,7.89793341837708e-10,-2.71053254159278,0.178699432403177,TRUE,9.14684645734746e-11,TRUE,TRUE,0,4.36496905287242e-09,-0.167984981822584,0.290892092233914,TRUE,3.20751404101507e-10,TRUE,TRUE,4.46123358534001e-10,0.448992132594975,8.85526575012428e-08,0.301993187326359,"Other","Other","M0.2","Both","Both","Both",16,16,156,16
"model2",0.4,0.45,0.6,1,3,0,0,-6.94137859709804,-25.1813754439751,TRUE,0,TRUE,TRUE,0,0,-0.0352225302890316,-0.0197748559899773,TRUE,0,TRUE,TRUE,1.08868512060711e-100,2.6302186576843e-70,1.08868512060693e-100,2.63021865768453e-70,"M2.1","M2.1","M2.1","Both","Both","Both",5,5,150,5
"model3",0.3,0.25,0.5,0.6,7,0,0.00307230502549949,0.388419266497714,-0.115117463742996,TRUE,0.000309732614169409,TRUE,TRUE,0,0.00456537089292963,0.350787853403382,-0.111694369377234,TRUE,0.000291636733899998,TRUE,TRUE,0.00355926756576377,0.344605391826647,0.00355926756576319,0.344605391826643,"M3","M4","M3","Both","Both","Both",7,7,156,7
"model0",1.4,0.2,0.8,1,6,0.198836086051551,0,0.461608579703525,1.12235949871788,TRUE,0,TRUE,TRUE,0.208992942992743,0,0.0052788894569915,0.263260836356255,TRUE,0,TRUE,TRUE,8.77504463395723e-52,1.02559094394239e-27,8.77504463395635e-52,1.02559094394178e-27,"M0.1","M1.1","M1.1","Both","Both","Both",9,9,133,9
"model0",0.42,0.01,0.6,0.7,8,0.00235032348194264,0,-0.182933891318765,1.46635462884423,TRUE,0,TRUE,TRUE,0.00219804844336813,0,-0.0762764452165609,0.233439232734625,TRUE,0,TRUE,TRUE,7.72349697070371e-87,8.46147729633164e-40,2.50529371671015e-75,1.81829997540255e-55,"Other","Other","Other","Both","Both","Both",11,11,145,11
"model4",0.9,0.32,1.5,0.9,6,0,0,0.311333774757996,0.45277809622391,TRUE,0,TRUE,TRUE,0,0,0.937583954351244,0.937222240289756,TRUE,0,TRUE,TRUE,7.75160223482421e-81,1.39093721960856e-68,7.75160223482487e-81,1.39093721960844e-68,"M1.2","M1.2","M1.2","Both","Both","Both",7,7,153,7
"model4",0.35,0.37,1.1,0.7,3,0,0,0.540417069250893,0.560391797178314,TRUE,0,TRUE,TRUE,0,0,1.17706073046304,0.936557409684025,TRUE,0,TRUE,TRUE,4.62399456167802e-109,5.94075437925014e-77,4.62399456167512e-109,5.9407543792471e-77,"M4","M1.2","M1.2","Both","Both","Both",2,2,121,2
"model3",1.17,0.24,1.5,0.9,8,2.94517077392698e-10,0.902482865675413,-0.254151013041502,-0.00532964261839704,TRUE,0.0744464099072515,FALSE,FALSE,6.65294486168477e-11,0.862067021570305,-0.236897852748482,-0.00665678443334224,TRUE,0.0455947635988069,FALSE,FALSE,0.878792116642137,0.299796081997395,0.878792116642117,0.299796081997391,"M3","M3","M3","Both","No.Med","No.Med",8,8,142,8
"model2",0.84,0.11,1.5,0.6,10,2.0294972369328e-09,0,7.18597485640067,16.324844161216,TRUE,0,TRUE,TRUE,1.46704759451666e-09,0,0.00705019501243369,0.0134432471848241,TRUE,0,TRUE,TRUE,5.52920511574131e-37,1.02886483512799e-22,5.52920511574155e-37,1.02886483512816e-22,"M0.1","M2.1","M2.1","Both","Both","Both",12,12,154,12
"model1",1.04,0.08,0.7,0.8,14,0,2.45472531190671e-10,0.829240971195581,1.05262446085378,TRUE,2.85634295469773e-11,TRUE,TRUE,0,1.86829884896156e-10,0.474692439887671,0.0565526964237126,TRUE,1.39106757315861e-11,TRUE,TRUE,2.90127615296392e-10,0.000589482715714986,2.90127615296431e-10,0.000589482715714946,"Other","M1.1","M1.1","Both","Both","Both",16,16,160,16
"model4",0.84,0.46,1.5,0.6,13,0,0,0.357870249737622,0.407333968264937,TRUE,0,TRUE,TRUE,0,0,0.683227074641339,0.75406226764005,TRUE,0,TRUE,TRUE,7.53055301070849e-54,9.42969161692751e-44,7.53055301070967e-54,9.4296916169271e-44,"M4","M4","M4","Both","Both","Both",13,13,170,13
"model3",0.56,0.11,1.1,0.8,6,8.85957973650875e-14,0,-0.339487037521036,0.582752909114495,TRUE,0,TRUE,TRUE,8.61533067109121e-14,0,-0.22298059862125,0.555127163726001,TRUE,0,TRUE,TRUE,9.53330530473964e-58,1.80925328603374e-40,9.53330530473556e-58,1.80925328603423e-40,"M3","M4","M4","Both","Both","Both",7,7,142,7
"model2",0.91,0.48,1.4,0.7,9,0,0,-85.6011585292608,62.5244964268414,TRUE,0,TRUE,TRUE,0,0,-0.0053288633692109,0.00478525997136502,TRUE,0,TRUE,TRUE,1.53824107008589e-52,1.24285506987772e-34,1.5382410700854e-52,1.24285506987729e-34,"M2.1","M2.1","M2.1","Both","Both","Both",9,9,184,9
"model3",0.64,0.49,0.6,0.8,9,0,0.032562962545631,0.254221708488464,-0.0660152904465135,TRUE,0.00309987251516446,TRUE,FALSE,0,0.0204786667676931,0.646339039106081,-0.112626735759451,TRUE,0.00127003861329969,TRUE,FALSE,0.0272171071217169,0.758014741346971,0.0272171071217158,0.758014741346948,"M0.2","M3","M3","Both","Both","No.Med",10,10,153,10
"model0",0.6,0.17,0.6,0.5,15,0,0,-2.64014699910019,1.06627683266605,TRUE,0,TRUE,TRUE,0,0,-0.14124265315564,0.419493629842861,TRUE,0,TRUE,TRUE,2.32526186228718e-85,6.55432815760858e-50,2.32526186228837e-85,6.55432815760391e-50,"M2.1","M1.1","M1.1","Both","Both","Both",17,17,148,17
"model3",1,0.48,0.9,1,12,0,6.01740879346835e-14,0.454736141196619,0.284910781064694,TRUE,7.15075015190095e-15,TRUE,TRUE,0,9.76996261670138e-15,0.461439684982772,0.276327227959506,TRUE,7.47230164342381e-16,TRUE,TRUE,2.47303312900771e-13,2.73602442598063e-10,2.47303312900773e-13,2.73602442598093e-10,"M4","M4","M4","Both","Both","Both",10,10,147,10
"model3",1.04,0.23,0.7,0.8,14,0.019635942484822,0.14831705875592,0.116964684540292,-0.0680151245431794,TRUE,0.0135830571905493,FALSE,FALSE,0.0173814481912917,0.177729364798369,0.0745791453355988,-0.0454880698266055,TRUE,0.010361014662596,FALSE,FALSE,0.156637498748964,0.69274920587168,0.156637498748968,0.692749205871682,"M3","M3","M3","Both","No.Med","No.Med",16,16,159,16
"model2",0.72,0.27,0.5,0.8,1,0,0,-1.99462394718259,-2.33014466408997,TRUE,0,TRUE,TRUE,0,0,-0.267004637732149,-0.142784669466661,TRUE,0,TRUE,TRUE,3.77902810673263e-60,6.22801223632073e-58,3.77902810673263e-60,6.22801223632161e-58,"M2.1","M2.1","M2.1","Both","Both","Both",2,2,171,2
"model3",1.3,0.28,1.4,1,4,0.0156389707853526,0,0.0753077934701663,0.568304042817003,TRUE,0,TRUE,TRUE,0.0188415186775157,0,0.114789328833649,0.706832245418001,TRUE,0,TRUE,TRUE,1.98214866320327e-75,4.77625336921732e-42,1.98214866320384e-75,4.77625336921657e-42,"M3","M4","M4","Both","Both","Both",6,6,179,6
"model2",1.1,0.02,1,1,13,0,0,-0.401110844710677,-0.284118582369092,TRUE,0,TRUE,TRUE,0,0,-1.30820016080195,-2.41130676609794,TRUE,0,TRUE,TRUE,2.33185931251524e-286,1.81906086748512e-223,7.57113580276508e-285,3.50792514654776e-199,"Other","Other","Other","Both","Both","Both",16,16,182,16
"model4",0.66,0.09,0.9,0.6,14,0,0,0.589359145506585,0.459419237454305,TRUE,0,TRUE,TRUE,0,0,1.00969669372803,0.828352021498671,TRUE,0,TRUE,TRUE,1.61406223697071e-69,6.1762944185064e-45,1.61406223696989e-69,6.17629441850358e-45,"M1.2","M1.2","M4","Both","Both","Both",15,15,150,15
"model3",0.21,0.24,1.2,0.7,14,0,0.000901262868031161,-0.367616389774834,0.13370428743902,TRUE,9.22977063244803e-05,TRUE,TRUE,0,0.000621443125900845,-0.284513030226057,0.13073013058209,TRUE,4.09613186930524e-05,TRUE,TRUE,0.000734349511759237,0.00107275903231447,0.000734349511759255,0.00107275903231445,"M3","M4","M4","Both","Both","Both",17,17,155,17
"model0",0.4,0.28,1.3,1,2,0.727776866697661,0.0236115744922489,-0.143870660303819,0.946705331474059,TRUE,0.00227949139755908,TRUE,FALSE,0.808373939522798,0.020929151719153,-0.000911388555772474,0.00802048751812489,TRUE,0.00129491536187423,TRUE,FALSE,0.0247404124120087,0.351999023196536,0.0247404124120094,0.351999023196543,"M0.1","M0.1","M0.1","Both","Both","No.Med",2,2,132,2
"model4",0.63,0.1,1.5,0.9,1,0,0,0.54548843434106,0.452456204856119,TRUE,0,TRUE,TRUE,0,0,0.839086910815471,0.751082710151681,TRUE,0,TRUE,TRUE,1.07170594357808e-61,1.64087926109372e-81,1.07170594357814e-61,1.64087926109353e-81,"M4","M4","M4","Both","Both","Both",2,2,144,2
"model2",0.54,0.35,1.2,0.9,7,0,0,-32.4142441560327,-13.7785033064266,TRUE,0,TRUE,TRUE,0,0,-0.0157473177199695,-0.0289424619355781,TRUE,0,TRUE,TRUE,1.6369063248409e-74,5.59752313469096e-59,1.63690632484164e-74,5.59752313469319e-59,"Other","M2.1","M2.1","Both","Both","Both",8,8,139,8
"model1",1.5,0.09,1.1,1,10,0,0,1.00590667545928,0.918708908471801,TRUE,0,TRUE,TRUE,0,0,0.260249174642275,0.729384115532103,TRUE,0,TRUE,TRUE,7.14586876358259e-160,7.92306015782614e-93,7.14586876358869e-160,7.9230601578302e-93,"M2.1","M1.1","M1.1","Both","Both","Both",9,9,179,9
"model4",0.84,0.04,1.2,0.7,15,0,0,0.393397529499947,0.376170089408716,TRUE,0,TRUE,TRUE,0,0,0.750786221974519,0.952098973912355,TRUE,0,TRUE,TRUE,1.67110433602123e-75,4.67516729040765e-45,8.12291516582536e-97,4.8661626587107e-54,"M1.2","M1.2","M1.2","Both","Both","Both",18,18,161,18
"model1",1.35,0.08,1.5,0.9,5,0,0,1.05937685364021,1.10717167177956,TRUE,0,TRUE,TRUE,0,0,0.449111940467447,0.676288523032595,TRUE,0,TRUE,TRUE,3.02348416688693e-199,7.14844066703072e-128,3.02348416688538e-199,7.14844066702096e-128,"M2.1","M1.1","M1.1","Both","Both","Both",7,7,148,7
"model3",1.2,0.42,1.3,0.8,9,0.0940034678201551,0,0.0599298783474722,0.717825331015434,TRUE,0,TRUE,TRUE,0.0960956878556434,0,0.0682407484834163,0.774447169194544,TRUE,0,TRUE,TRUE,2.19520291676637e-117,5.03716248281647e-79,2.19520291676712e-117,5.03716248281676e-79,"M3","M4","M4","Both","Both","Both",10,10,144,10
"model4",0.66,0.5,1.4,0.6,5,0,0,0.710581169043029,0.390602728005291,TRUE,0,TRUE,TRUE,0,0,0.842150770565598,0.669100426620508,TRUE,0,TRUE,TRUE,3.14823562641031e-45,8.1797464878836e-63,3.14823562641031e-45,8.17974648788197e-63,"M4","M4","M4","Both","Both","Both",6,6,150,6
"model2",0.6,0.08,1,1,13,0,0,-11.1596349387637,-59.8763338028356,TRUE,0,TRUE,TRUE,0,0,-0.0499143200128082,-0.00902182418722106,TRUE,0,TRUE,TRUE,2.01094084245085e-111,1.36925329312403e-88,2.01094084245103e-111,1.36925329312434e-88,"M2.1","M2.1","M2.1","Both","Both","Both",16,16,165,16
"model1",0.54,0.14,0.7,0.9,14,0,0,1.00256919244613,1.04283999409448,TRUE,0,TRUE,TRUE,0,0,0.453993828524485,0.452971146678887,TRUE,0,TRUE,TRUE,3.56421522982134e-92,2.62166944086502e-74,3.56421522982134e-92,2.62166944086502e-74,"M2.1","M1.1","M1.1","Both","Both","Both",15,15,165,15
"model0",0.4,0.5,0.9,0.5,8,3.43905748323436e-09,3.07854420618092e-05,1.13479257003964,1.1045790284558,TRUE,3.32432983709841e-06,TRUE,TRUE,1.29174066998416e-08,9.64714340017103e-05,0.0433420125130995,0.0212183912357297,TRUE,6.56209091818359e-06,TRUE,TRUE,8.05159874317302e-05,3.44010472628432e-05,8.05159874317257e-05,3.44010472628435e-05,"M0.1","M1.1","M1.1","Both","Both","Both",8,8,168,8
"model2",0.65,0.06,0.5,0.5,10,0.617539901071871,0,0.379185361083799,0.563869455626977,TRUE,0,TRUE,TRUE,0.665531241850818,0,0.000740608467590214,0.277025681266049,TRUE,0,TRUE,TRUE,8.35078858172178e-26,1.055161605787e-15,8.35078858172341e-26,1.05516160578712e-15,"M0.1","M1.1","M1.1","Both","Both","Both",14,14,154,14
"model0",0.24,0.14,1.4,0.8,2,8.15014722377327e-12,0.00016846700423101,1.79813618027134,1.01540271676703,TRUE,1.77857164868555e-05,TRUE,TRUE,2.68474131814855e-12,8.30887974396788e-05,0.0352378315035851,0.0226099607176078,TRUE,5.66648224918063e-06,TRUE,TRUE,8.97613473418575e-05,0.000629400347347466,8.97613473418635e-05,0.000629400347347441,"M0.1","M1.1","M1.1","Both","Both","Both",3,3,174,3
"model4",1.05,0.2,1.3,0.7,15,0,0,0.547995665852037,0.384873709753533,TRUE,0,TRUE,TRUE,0,0,0.770420385058984,0.762302270487262,TRUE,0,TRUE,TRUE,7.85047093586828e-51,1.75406802310719e-55,7.85047093586514e-51,1.75406802310609e-55,"M1.2","M4","M1.2","Both","Both","Both",16,16,160,16
"model3",1.2,0.36,1,1,10,0.00227865187441756,0,0.106705607157543,0.57729118232745,TRUE,0,TRUE,TRUE,0.00326727418164996,0,0.126007552751216,0.591290187828231,TRUE,0,TRUE,TRUE,3.29561918995593e-61,8.90691941771387e-34,3.29561918995415e-61,8.90691941771413e-34,"M3","M4","M4","Both","Both","Both",11,11,158,11
"model1",1.12,0.01,0.6,0.8,13,0,0,0.604494832769106,0.998544893219577,TRUE,0,TRUE,TRUE,0,0,0.595601621676276,0.65112790882498,TRUE,0,TRUE,TRUE,3.85736698971159e-277,4.48019025322786e-249,7.74134067670366e-254,5.24310211884316e-164,"Other","Other","Other","Both","Both","Both",15,15,169,15
"model0",0.56,0.28,0.6,0.7,2,0.0670499218984617,0.0558548853801593,0.474796272133056,1.88316324403959,TRUE,0.0052281523811497,FALSE,FALSE,0.0697398911108151,0.0677936349517507,0.0109937788062931,0.00290837469813463,TRUE,0.00404195856683035,FALSE,FALSE,0.057021149640898,0.0793044918043892,0.0570211496408956,0.079304491804391,"M0.1","M0.1","M0.1","Both","No.Med","No.Med",4,4,147,4
"model2",0.24,0.07,0.5,0.8,11,0,0,1.41091214089575,2.49413850358944,TRUE,0,TRUE,TRUE,0,0,0.340299162184882,0.274140596038401,TRUE,0,TRUE,TRUE,6.91153080209901e-165,1.40649456738112e-126,6.91153080210019e-165,1.40649456738232e-126,"Other","M2.1","M2.1","Both","Both","Both",13,13,160,13
"model2",1.26,0.47,1.2,0.9,7,0,0,-20.4462440827564,-10.8850015217537,TRUE,0,TRUE,TRUE,0,0,-0.0159268047251523,-0.033802887797359,TRUE,0,TRUE,TRUE,1.80745539499904e-67,1.03540931478063e-51,1.80745539499847e-67,1.03540931478035e-51,"Other","M2.1","M2.1","Both","Both","Both",7,7,154,7
"model3",0.84,0.37,0.5,0.7,15,0.537543321805817,0.711857824367502,0.0225675138715652,-0.0155486571595428,TRUE,0.0597230158200627,FALSE,FALSE,0.550794434677205,0.65283309759571,0.0245530441737979,-0.0129628520317577,TRUE,0.0352872372530542,FALSE,FALSE,0.718102093226625,0.63531198635941,0.718102093226634,0.635311986359408,"M3","M3","M3","Both","No.Med","No.Med",17,17,169,17
"model1",0.4,0.39,1.1,0.8,8,0,0,0.957288896733794,1.00905455565253,TRUE,0,TRUE,TRUE,0,0,0.553388547107977,0.700332769007841,TRUE,0,TRUE,TRUE,2.47029249427472e-176,2.62837251296296e-126,2.47029249427416e-176,2.62837251296341e-126,"M2.1","M1.1","M1.1","Both","Both","Both",10,10,178,10
"model4",0.3,0.18,0.7,0.5,8,0,0,0.474995670015694,0.313981158380191,TRUE,0,TRUE,TRUE,0,0,1.02258025833755,0.497081592791439,TRUE,0,TRUE,TRUE,5.72956329487253e-26,4.88988597694684e-27,5.72956329487041e-26,4.88988597694595e-27,"M0.2","M4","M4","Both","Both","Both",9,9,182,9
"model4",0.55,0.24,1.4,0.5,12,0,0,0.370605984603879,0.410000485756953,TRUE,0,TRUE,TRUE,0,0,0.662559688551716,0.698510083869997,TRUE,0,TRUE,TRUE,8.30422763775811e-50,1.48965386189424e-35,8.3042276377599e-50,1.48965386189506e-35,"M3","M4","M4","Both","Both","Both",11,11,155,11
"model4",0.36,0.14,1.3,0.6,15,0,0,0.363198481259073,0.409518254214997,TRUE,0,TRUE,TRUE,0,0,1.00532501665046,0.697050643818773,TRUE,0,TRUE,TRUE,2.96587072096097e-49,1.61632586872807e-36,2.96587072096088e-49,1.61632586872873e-36,"M0.2","M4","M4","Both","Both","Both",16,16,154,16
"model0",0.7,0.19,0.9,1,8,0,0.0797514163747808,-6.23250645840448,-6.20389630950827,TRUE,0.0074029525201967,FALSE,FALSE,0,0.0743262067952197,-0.0196269337013769,-0.000735920467616557,TRUE,0.00442139171620183,FALSE,FALSE,0.0835212787483993,0.262879712304104,0.0835212787483991,0.262879712304112,"M0.1","M0.1","M0.1","Both","No.Med","No.Med",9,9,142,9
"model1",0.3,0.44,0.8,0.5,1,1.59230406637789e-10,0,-0.585112088088693,1.211474881979,TRUE,0,TRUE,TRUE,5.56599211165576e-11,0,-0.0955291609057206,0.0872470842426455,TRUE,0,TRUE,TRUE,8.70664688059334e-18,4.74534073024652e-12,8.70664688059048e-18,4.74534073024694e-12,"M1.1","M1.1","M1.1","Both","Both","Both",3,3,153,3
"model0",0.5,0.5,1,1,2,1.68604870065536e-08,0.530260509524894,3.15121036790823,0.250332914039098,TRUE,0.045416878548936,FALSE,FALSE,2.34861621262183e-08,0.485319716848797,0.0146673614230541,0.00270760742380627,TRUE,0.026747093518617,FALSE,FALSE,0.504008952004503,0.0863950734372162,0.504008952004502,0.0863950734372144,"M0.1","M0.1","M0.1","Both","No.Med","No.Med",5,5,152,5
"model2",0.7,0.05,0.9,0.7,12,2.8495650283844e-11,9.38138455808257e-13,3.79002444555152,0.367740341594434,TRUE,1.10947120956904e-13,TRUE,TRUE,3.27574189995516e-10,3.99258404115699e-12,0.0150445264200242,0.180123507495144,TRUE,3.01263575503498e-13,TRUE,TRUE,1.50065451119386e-10,7.6917912965067e-07,1.3615311799701e-10,7.62830077544622e-06,"M0.1","M2.1","M1.1","Both","Both","Both",17,17,161,17
"model4",0.72,0.06,0.9,0.9,11,0,0,0.432517925013951,0.578465457623021,TRUE,0,TRUE,TRUE,0,0,0.9148347321489,0.858305017555531,TRUE,0,TRUE,TRUE,3.14704586362072e-99,2.66304956268704e-59,3.14704586362179e-99,2.66304956268894e-59,"M1.2","M1.2","M4","Both","Both","Both",12,12,172,12
"model3",1.26,0.33,0.5,0.9,6,0.791832182032209,0.287904514915212,-0.0086866514870026,-0.0380304475047618,TRUE,0.0256783223725131,FALSE,FALSE,0.800185215263675,0.275765458512375,-0.0121100373187229,-0.0449795003828988,TRUE,0.0157267016751853,FALSE,FALSE,0.289433912282317,0.47181501225993,0.289433912282316,0.471815012259925,"M3","M3","M3","Both","No.Med","No.Med",8,8,150,8
"model4",1.17,0.06,0.6,0.9,13,0,0,0.580151238926425,0.661474694547948,TRUE,0,TRUE,TRUE,0,0,0.715955446619098,0.975495923530658,TRUE,0,TRUE,TRUE,1.2110659370336e-148,8.26075066438782e-101,1.21106593703402e-148,8.260750664389e-101,"M1.2","M1.2","M1.2","Both","Both","Both",13,13,151,13
"model1",0.72,0.41,1.1,0.6,2,0,0,0.888483603403479,1.01732908867548,TRUE,0,TRUE,TRUE,0,0,0.30121703259746,0.355298049771976,TRUE,0,TRUE,TRUE,1.69649307298693e-66,8.07134445940548e-59,1.69649307298693e-66,8.07134445940755e-59,"M1.1","M1.1","M1.1","Both","Both","Both",2,2,153,2
"model2",0.65,0.36,1.5,0.5,6,0.00133818424759125,0,15.5991890164258,-92.3934766080689,TRUE,0,TRUE,TRUE,0.000707716112741785,0,0.00101405619541065,-0.00183571480252441,TRUE,0,TRUE,TRUE,2.28878190348464e-28,1.44740776201153e-16,2.28878190348484e-28,1.44740776201166e-16,"M0.1","M2.1","M2.1","Both","Both","Both",7,7,152,7
"model4",0.9,0.48,1.4,0.9,5,0,0,0.469106982352707,0.555930644123407,TRUE,0,TRUE,TRUE,0,0,0.898618801572269,0.963876492130881,TRUE,0,TRUE,TRUE,4.21349862571749e-112,6.20123911273983e-102,4.21349862571629e-112,6.20123911273595e-102,"M1.2","M1.2","M1.2","Both","Both","Both",4,4,135,4
"model4",0.9,0.31,0.5,1,10,0,0,0.47992701510939,0.651784295326305,TRUE,0,TRUE,TRUE,0,0,0.741072691212207,1.00850972539572,TRUE,0,TRUE,TRUE,1.54021018284568e-153,4.2783177899704e-113,1.54021018284533e-153,4.27831778997125e-113,"M1.2","M1.2","M1.2","Both","Both","Both",13,13,150,13
"model1",1.17,0.21,0.6,0.9,6,0,0,0.853729009672797,0.833181501286803,TRUE,0,TRUE,TRUE,0,0,0.66927347630934,0.867051059739306,TRUE,0,TRUE,TRUE,2.76954295963191e-185,7.44533869381894e-129,2.76954295963191e-185,7.44533869381639e-129,"Other","Other","Other","Both","Both","Both",6,6,148,6
"model3",0.49,0.05,1.1,0.7,2,0,1.64878496908827e-05,-0.650723225911209,-0.214705919185777,TRUE,1.79301470824122e-06,TRUE,TRUE,0,2.38642577181647e-05,-0.474622376020526,-0.12510095981497,TRUE,1.65037462071341e-06,TRUE,TRUE,2.26023335970406e-05,0.000158476434128975,2.26023335970404e-05,0.000158476434128966,"M4","M4","M4","Both","Both","Both",4,4,162,4
"model0",1.2,0.01,1.5,0.8,8,0.106945536531599,0,-0.285641950438827,0.905408930955684,TRUE,0,TRUE,TRUE,0.120910439115784,0,-0.0111327787691872,0.53146666566987,TRUE,0,TRUE,TRUE,3.47096504501125e-151,8.37872850724045e-67,5.0695413025005e-128,9.54893125721301e-78,"M0.1","M1.1","M1.1","Both","Both","Both",11,11,165,11
"model1",0.42,0.47,1.4,0.6,5,0,0,2.2468988597858,0.964418009022834,TRUE,0,TRUE,TRUE,0,0,0.345301432471743,0.216845545671041,TRUE,0,TRUE,TRUE,1.8003246942033e-35,2.08126356753411e-35,1.80032469420403e-35,2.08126356753456e-35,"M4","M1.1","M1.1","Both","Both","Both",5,5,166,5
"model4",0.24,0.34,0.8,0.8,4,0.011428305053083,0,0.0616799745862546,0.440744014087796,TRUE,0,TRUE,TRUE,0.0105561462333066,0,0.152063423353671,0.825521282349763,TRUE,0,TRUE,TRUE,9.66156344371326e-67,4.64402101354316e-55,9.66156344371161e-67,4.64402101354316e-55,"M3","M4","M4","Both","Both","Both",5,5,144,5
"model0",0.28,0.36,1.2,0.7,12,0.125152745332177,0.118920005445306,1.26575823323545,0.888811851516697,TRUE,0.0109479019635418,FALSE,FALSE,0.131888447193261,0.168235599747962,0.00268214651223779,0.00365468704928434,TRUE,0.0098221118774167,FALSE,FALSE,0.145721257726824,0.0357342829005589,0.145721257726814,0.0357342829005635,"M0.1","M0.1","M0.1","Both","No.Med","No.Med",13,13,145,13
"model0",0.18,0.18,0.9,0.6,2,0.0090212244956771,0.000451185222591244,0.678736431236903,0.797332833960557,TRUE,4.69086095405714e-05,TRUE,TRUE,0.00709646647465889,0.000236464875796871,0.0157175288553339,0.0234633314514481,TRUE,1.58247255458521e-05,TRUE,TRUE,0.000408558273464613,0.00840845362345608,0.000408558273464555,0.00840845362345585,"M1.1","M1.1","M1.1","Both","Both","Both",2,2,157,2
"model1",0.45,0.07,1,0.9,15,0,0,0.872776135695326,1.07022820234055,TRUE,0,TRUE,TRUE,0,0,0.321651449273324,0.410312145603159,TRUE,0,TRUE,TRUE,3.6107330721355e-83,1.26603387951502e-65,3.6107330721355e-83,1.26603387951502e-65,"M0.1","M1.1","M1.1","Both","Both","Both",18,18,172,18
"model0",0.72,0.43,1.1,0.8,1,0,6.93687489672357e-08,2.31343104935314,1.22274883108881,TRUE,7.87076630127009e-09,TRUE,TRUE,0,3.42014356835563e-08,0.0563501114982604,0.0345005782814589,TRUE,2.48767673285208e-09,TRUE,TRUE,9.31423278713897e-08,2.81112378364655e-11,9.31423278713975e-08,2.8111237836468e-11,"M1.1","M1.1","M1.1","Both","Both","Both",2,2,144,2
"model2",0.96,0.33,1.2,0.8,8,0,0,6.46773637013549,12.3345055383967,TRUE,0,TRUE,TRUE,0,0,0.10389602219424,0.0310623516284921,TRUE,0,TRUE,TRUE,9.71227609343322e-71,1.76016093756787e-72,9.71227609343488e-71,1.76016093756807e-72,"M2.1","M2.1","M2.1","Both","Both","Both",9,9,152,9
"model0",0.4,0.29,0.6,0.8,1,3.5527136788005e-15,0.321484318845081,-8.66660807331903,1.29304067328051,TRUE,0.0284259574420476,FALSE,FALSE,1.11022302462516e-15,0.260398864430945,-0.0101788516155382,0.00135596756017542,TRUE,0.0149260680337679,FALSE,FALSE,0.28092795630347,0.0712999227909991,0.280927956303478,0.0712999227909951,"M0.1","M0.1","M0.1","Both","No.Med","No.Med",670,670,128,1
"model2",0.55,0.39,0.8,0.5,3,0,0,-6.38022770185963,-11.3164664295206,TRUE,0,TRUE,TRUE,0,0,-0.0336854133532726,-0.0104291375041916,TRUE,0,TRUE,TRUE,1.01779806420727e-19,4.9089673283426e-13,1.01779806420673e-19,4.90896732834178e-13,"M2.1","M2.1","M2.1","Both","Both","Both",6,6,187,6
"model3",0.5,0.49,1.5,1,15,8.41597902478952e-11,0,-0.342212968164245,0.867416334440255,TRUE,0,TRUE,TRUE,2.0857271465502e-10,0,-0.17053790816221,0.761169617517859,TRUE,0,TRUE,TRUE,4.79796136577101e-154,1.01177943281513e-75,4.79796136576445e-154,1.01177943281455e-75,"M0.1","M4","M4","Both","Both","Both",16,16,164,16
"model3",0.65,0.06,1.2,0.5,3,0.871978462138697,0.000863274939673087,0.0112934345213828,0.120061444847342,TRUE,8.86287763336159e-05,TRUE,TRUE,0.933843435049163,0.00141876564476862,0.00948034608772911,0.137231753081413,TRUE,9.25082065736559e-05,TRUE,TRUE,0.000924379129295852,0.00252120709087127,0.000924379129295883,0.00252120709087126,"M3","M4","M4","Both","Both","Both",3,3,154,3
"model3",0.48,0.25,1.2,0.8,3,0.119595095654464,0.000592677430402588,0.0552327621884482,0.132117465514575,TRUE,6.11539580982356e-05,TRUE,TRUE,0.108275580090377,0.000617413295720848,0.0696701492115167,0.143737466756398,TRUE,4.0729811672014e-05,TRUE,TRUE,0.000384474589574927,1.55584699823578e-06,0.00038447458957493,1.55584699823558e-06,"M3","M4","M4","Both","Both","Both",6,6,143,6
"model4",0.6,0.24,1.3,1,7,0,0,0.450840547432608,0.453200734531863,TRUE,0,TRUE,TRUE,0,0,0.927755315828061,0.941235101294798,TRUE,0,TRUE,TRUE,5.03020827823685e-81,5.86558376142668e-74,5.03020827824115e-81,5.86558376142869e-74,"M1.2","M1.2","M1.2","Both","Both","Both",10,10,170,10
"model2",0.45,0.49,0.8,0.9,7,0,0,-7.7664054548266,39.6497971401509,TRUE,0,TRUE,TRUE,0,0,-0.0800754889919248,0.0103785281833683,TRUE,0,TRUE,TRUE,1.88761361457091e-77,1.51757479944382e-58,1.8876136145715e-77,1.51757479944456e-58,"Other","M2.1","M2.1","Both","Both","Both",9,9,149,9
"model4",0.18,0.46,0.9,0.6,6,0,0,0.262024301999895,0.430468981941047,TRUE,0,TRUE,TRUE,0,0,0.992899952413332,0.854827661562245,TRUE,0,TRUE,TRUE,1.41186833065301e-67,1.0585296211412e-53,1.41186833065079e-67,1.05852962114087e-53,"M0.2","M4","M4","Both","Both","Both",6,6,152,6
"model2",0.18,0.28,1,0.6,10,0,0,-21.3078379608122,38.6740981723519,TRUE,0,TRUE,TRUE,0,0,-0.0257266876618198,0.00677506531368645,TRUE,0,TRUE,TRUE,5.01129540679309e-45,1.76539225212393e-32,5.01129540678899e-45,1.7653922521223e-32,"M0.1","M2.1","M2.1","Both","Both","Both",11,11,168,11
"model4",0.65,0.21,1.3,0.5,4,0,0,0.392101616694602,0.272833612395341,TRUE,0,TRUE,TRUE,0,0,0.593419697738655,0.47141705117064,TRUE,0,TRUE,TRUE,1.48443707173285e-21,3.67865645750372e-22,1.48443707173277e-21,3.67865645750412e-22,"M4","M4","M4","Both","Both","Both",3,3,149,3
"model2",0.27,0.03,0.5,0.9,12,0,0,-0.867404165451882,10.3565917854279,TRUE,0,TRUE,TRUE,0,0,-0.419814723399436,0.0688268102371729,TRUE,0,TRUE,TRUE,0,6.21911104979967e-272,0,4.91730873744058e-273,"Other","Other","Other","Both","Both","Both",14,14,148,14
"model3",0.24,0.08,0.7,0.8,5,0.0279792903468652,0,0.150338123710253,0.646788270267896,TRUE,0,TRUE,TRUE,0.0271467709964386,0,0.05370385385216,0.637713746143574,TRUE,0,TRUE,TRUE,6.48278844959046e-78,2.04207991733086e-57,6.48278844958566e-78,2.04207991733071e-57,"M0.1","M4","M4","Both","Both","Both",7,7,165,7
"model4",0.45,0.44,1.5,0.9,15,0,0,0.592775337326293,0.600443354676636,TRUE,0,TRUE,TRUE,0,0,1.07924710696317,1.11206205192212,TRUE,0,TRUE,TRUE,2.02663990497236e-157,5.68616956682373e-77,2.02663990497363e-157,5.68616956682567e-77,"M1.2","M4","M1.2","Both","Both","Both",15,15,172,15
"model1",1.04,0.17,1.4,0.8,12,0,0,1.0489800263353,1.10899610591624,TRUE,0,TRUE,TRUE,0,0,0.468521029239919,0.43362735911394,TRUE,0,TRUE,TRUE,6.71719845401583e-95,6.32592789921864e-79,6.71719845401544e-95,6.32592789921576e-79,"M2.1","M1.1","M1.1","Both","Both","Both",12,12,151,12
"model0",1.3,0.21,1.4,1,12,0.107141564297077,0.615055399140312,1.14387572904943,0.562338727673574,TRUE,0.0520990802392542,FALSE,FALSE,0.128445710909022,0.711167693065337,0.00318208996085567,0.000560483975837003,TRUE,0.0381521286166186,FALSE,FALSE,0.650668644009123,0.84730916302001,0.65066864400913,0.847309163020013,"M0.1","M0.1","M0.1","Both","No.Med","No.Med",13,13,160,13
"model1",0.5,0.21,0.5,1,3,0,0,0.749193023327964,1.05581404184795,TRUE,0,TRUE,TRUE,0,0,0.282863183965803,0.612046847342819,TRUE,0,TRUE,TRUE,2.24546138445374e-150,2.09024095379284e-106,2.2454613844531e-150,2.09024095379307e-106,"M2.1","M1.1","M1.1","Both","Both","Both",7,7,160,7
"model4",1.2,0.14,1.1,1,7,0,0,0.552721022754632,0.389486952752237,TRUE,0,TRUE,TRUE,0,0,0.949428792333653,1.01467510244156,TRUE,0,TRUE,TRUE,1.48408398965278e-73,6.42407344315486e-75,1.48408398965265e-73,6.42407344315139e-75,"M1.2","M1.2","M1.2","Both","Both","Both",9,9,155,9
"model0",0.54,0.24,0.9,0.9,7,1.89404048001052e-11,1.19080256766324e-09,-0.742838780194252,0.983765385252583,TRUE,1.3752213057954e-10,TRUE,TRUE,1.5996759472614e-11,4.25637303180793e-11,-0.0838340535882664,0.0590324426325563,TRUE,3.1842034686889e-12,TRUE,TRUE,3.67622723744662e-10,6.86785645999158e-05,3.6762272374461e-10,6.86785645999134e-05,"M3","M1.1","M1.1","Both","Both","Both",7,7,154,7
"model1",0.91,0.16,0.7,0.7,2,0,0,1.22047228077045,1.2294248125633,TRUE,0,TRUE,TRUE,0,0,0.255156822164864,0.451638142253469,TRUE,0,TRUE,TRUE,4.70019709752452e-118,1.87709901246121e-67,4.70019709752398e-118,1.87709901246063e-67,"M2.1","M1.1","M1.1","Both","Both","Both",5,5,152,5
"model3",0.88,0.35,0.9,0.8,11,1.98864680278632e-08,4.1545231477258e-08,-0.317904586189707,-0.214709966310343,TRUE,4.72254777118007e-09,TRUE,TRUE,3.35747323276792e-08,2.5297292172155e-07,-0.140410789606036,-0.184148221858413,TRUE,1.82150657320616e-08,TRUE,TRUE,2.82887852515083e-07,0.040248473000654,2.82887852515099e-07,0.0402484730006554,"M3","M4","M3","Both","Both","Both",10,10,156,10
"model3",1.26,0.3,1.3,0.9,15,0.72516571089165,0,-0.0127980647698323,0.685183595006473,TRUE,0,TRUE,TRUE,0.709846247743059,0,-0.0115593538286251,0.754686394921365,TRUE,0,TRUE,TRUE,1.12272807691934e-104,1.87243312567497e-79,1.12272807691906e-104,1.87243312567519e-79,"M3","M4","M4","Both","Both","Both",15,15,147,15
"model2",0.24,0.31,0.9,0.6,5,0,0,14.0692391187061,17.955758677961,TRUE,0,TRUE,TRUE,0,0,0.0249683209270494,0.0148532666513979,TRUE,0,TRUE,TRUE,3.33345071192064e-46,3.26878577438206e-40,3.33345071192198e-46,3.26878577438225e-40,"M0.1","M2.1","M2.1","Both","Both","Both",7,7,131,7
"model0",0.84,0.39,0.6,0.7,10,1.74104952677112e-10,0.000474363069956629,0.960101934050661,0.590662121345126,TRUE,4.91936015814223e-05,TRUE,TRUE,1.27940325000964e-10,0.000399986607099834,0.0621205347122388,0.0310851870715486,TRUE,2.66772040522844e-05,TRUE,TRUE,0.000506435618263426,1.43904804038113e-05,0.000506435618263383,1.43904804038104e-05,"M0.1","M1.1","M1.1","Both","Both","Both",11,11,141,11
"model2",0.9,0.13,0.8,1,7,0,2.64233079860787e-14,1.7243783122285,0.487820813813618,TRUE,3.14912519829972e-15,TRUE,TRUE,0,3.26405569239796e-14,0.271237656836015,0.166722169305762,TRUE,2.48917099077082e-15,TRUE,TRUE,1.05255453209989e-13,0.00787388460454659,1.05255453209988e-13,0.00787388460454659,"Other","M1.1","M1.1","Both","Both","Both",12,12,164,12
"model4",0.21,0.05,0.8,0.7,14,0,0,0.334131197236291,0.393630227856723,TRUE,0,TRUE,TRUE,0,0,1.06722851497671,0.842797988735645,TRUE,0,TRUE,TRUE,8.44198561275863e-59,4.77215513992938e-46,8.44198561276007e-59,4.77215513992999e-46,"M0.2","M4","M1.2","Both","Both","Both",15,15,178,15
"model1",0.8,0.26,0.8,1,4,0,0,0.883740842755019,1.00943340070337,TRUE,0,TRUE,TRUE,0,0,0.642441277245325,0.533841455129056,TRUE,0,TRUE,TRUE,1.0518539586046e-112,4.2952521148891e-96,1.05185395860454e-112,4.29525211488824e-96,"M2.1","M1.1","M1.1","Both","Both","Both",6,6,148,6
"model2",1.05,0.45,0.6,0.7,6,0,0,2.69563149357202,3.76562842627213,TRUE,0,TRUE,TRUE,0,0,0.185758706297024,0.0864043220571293,TRUE,0,TRUE,TRUE,4.67773206614973e-58,2.13868606451039e-56,4.67773206614946e-58,2.13868606450979e-56,"M2.1","M2.1","M1.1","Both","Both","Both",8,8,157,8
"model3",0.78,0.09,1.1,0.6,7,0,0.171170151103024,0.463648116250358,-0.0488483002132087,TRUE,0.0155716193891634,FALSE,FALSE,0,0.220499878135873,0.336502939661925,-0.0552076451394627,TRUE,0.0127317870485864,FALSE,FALSE,0.184034384959565,0.112475598973754,0.184034384959553,0.112475598973758,"M3","M3","M3","Both","No.Med","No.Med",10,10,168,10
"model1",0.42,0.1,0.7,0.6,10,0,0,1.14310603592651,1.03130558871649,TRUE,0,TRUE,TRUE,0,0,0.339994567130889,0.59166919374722,TRUE,0,TRUE,TRUE,4.25347275815239e-135,7.66586623675261e-107,4.25347275814973e-135,7.6658662367489e-107,"M2.1","M1.1","M1.1","Both","Both","Both",14,14,149,14
"model0",1.5,0.08,1.5,1,12,0.000103640702843188,0.318856923335467,1.00461129813335,-0.347194420589927,TRUE,0.0282139237597574,FALSE,FALSE,7.99662392834133e-05,0.361237523913381,0.0218379090524607,-0.00380435565941709,TRUE,0.0202633876965358,FALSE,FALSE,0.35306086777698,0.071541231575603,0.353060867776973,0.0715412315756027,"M0.1","M0.1","M0.1","Both","No.Med","No.Med",11,11,161,11
"model3",0.48,0.14,0.6,0.8,14,0,0.573596359630938,-0.247978528246882,0.0228315207549711,TRUE,0.0488902764224166,FALSE,FALSE,0,0.51630553087909,-1.33142488299045,0.025154767430269,TRUE,0.028335735774692,FALSE,FALSE,0.542239037013293,0.0564395011756934,0.542239037013294,0.0564395011756959,"M3","M3","M3","Both","No.Med","No.Med",17,17,170,17
"model3",0.66,0.08,1,0.6,6,0,0,-0.746721370898937,0.58036468433016,TRUE,0,TRUE,TRUE,0,0,-0.303847233034763,0.598506686064684,TRUE,0,TRUE,TRUE,6.97270614974387e-63,4.08663155609406e-32,6.97270614974109e-63,4.08663155609636e-32,"M3","M4","M4","Both","Both","Both",7,7,142,7
"model4",0.54,0.38,1.5,0.6,10,0,0,0.579221737213887,0.442951628637447,TRUE,0,TRUE,TRUE,0,0,0.784616993204287,0.721777303869233,TRUE,0,TRUE,TRUE,1.30211784800987e-56,4.62962529414379e-52,1.30211784800959e-56,4.62962529414333e-52,"M4","M4","M4","Both","Both","Both",11,11,146,11
"model2",0.36,0.34,1.2,0.6,8,0,0,-5.49042494654471,-30.214680145618,TRUE,0,TRUE,TRUE,0,0,-0.0229733593458924,-0.00703522457138601,TRUE,0,TRUE,TRUE,8.74742037045619e-36,5.34133656833539e-24,8.74742037045682e-36,5.34133656833315e-24,"M0.1","M2.1","M2.1","Both","Both","Both",11,11,158,11
"model1",0.2,0.38,0.7,0.5,11,0,0,2.20767256715,1.03504680324386,TRUE,0,TRUE,TRUE,0,0,0.0775820874524125,0.151884817330996,TRUE,0,TRUE,TRUE,4.36842576516726e-26,7.24763001348264e-22,4.36842576516584e-26,7.24763001348327e-22,"M0.1","M1.1","M1.1","Both","Both","Both",11,11,168,11
"model0",0.99,0.03,1.3,0.9,10,1.55431223447522e-15,0,-0.745604754444292,1.28358011913389,TRUE,0,TRUE,TRUE,6.66133814775094e-16,0,-0.124006081017676,0.213332148501614,TRUE,0,TRUE,TRUE,2.12613780908729e-59,2.54554711115958e-20,2.89864232417023e-56,3.07402044468085e-17,"M0.1","M1.1","M1.1","Both","Both","Both",13,13,156,13
"model0",0.99,0.07,0.5,0.9,9,0.689465363265198,0,-0.0556104197008088,0.968606583922657,TRUE,0,TRUE,TRUE,0.65619566044317,0,-0.00436794392143703,0.287207211293295,TRUE,0,TRUE,TRUE,4.87078353435852e-48,4.41783900840487e-23,4.87078353435942e-48,4.41783900840542e-23,"Other","M1.1","Other","Both","Both","Both",13,13,203,13
"model1",0.28,0.17,0.6,0.7,4,0,0,0.846417145831265,1.1624088211439,TRUE,0,TRUE,TRUE,0,0,0.253575568882555,0.224932189358975,TRUE,0,TRUE,TRUE,2.57287460930462e-45,3.30723643157177e-36,2.57287460930344e-45,3.30723643157163e-36,"M0.1","M1.1","M1.1","Both","Both","Both",5,5,173,5
"model4",0.18,0.26,0.8,0.6,10,0,0,0.401366412426535,0.271439540222261,TRUE,0,TRUE,TRUE,0,0,0.627186631726533,0.501204408409482,TRUE,0,TRUE,TRUE,1.65773233012015e-22,1.20857872398462e-18,1.65773233012025e-22,1.20857872398481e-18,"M3","M4","M4","Both","Both","Both",12,12,144,12
"model1",0.99,0.46,1,0.9,1,0,0,0.97350154548965,1.02589234183965,TRUE,0,TRUE,TRUE,0,0,0.332848944390669,0.329245129525291,TRUE,0,TRUE,TRUE,3.01773271181052e-61,7.20052848518848e-67,3.01773271181043e-61,7.20052848518561e-67,"M1.1","M1.1","M1.1","Both","Both","Both",2,2,146,2
"model0",0.7,0.05,1.3,0.7,11,1.92867747115244e-05,0.955441447374185,-0.927726669526814,0.123639231723831,TRUE,0.078551579309082,FALSE,FALSE,5.04314772276082e-05,0.846396117613306,-0.0275921265908738,0.000272752853187197,TRUE,0.0448563650024584,FALSE,FALSE,0.88225439805844,0.913290925536342,0.88225439805844,0.913290925536352,"M0.1","M0.1","M0.1","Both","No.Med","No.Med",13,13,160,13
"model4",0.66,0.07,0.6,0.6,9,0,0,0.220737054046849,0.745451403013259,TRUE,0,TRUE,TRUE,0,0,0.519214929413959,0.935010250838838,TRUE,0,TRUE,TRUE,1.8248565537792e-171,7.97446872501856e-116,1.82485655377972e-171,7.97446872502446e-116,"M0.2","M1.2","M1.2","Both","Both","Both",11,11,148,11
"model2",0.55,0.17,0.5,0.5,9,0,0,-44.085603892778,6.21289436731271,TRUE,0,TRUE,TRUE,0,0,-0.00579042492241706,0.0260169329772694,TRUE,0,TRUE,TRUE,7.70310171942327e-27,1.09879368842831e-23,7.70310171942411e-27,1.09879368842838e-23,"M0.1","M2.1","M2.1","Both","Both","Both",11,11,167,11
"model2",1.08,0.36,1,0.9,1,0,0,3.26657218016716,4.02674496275306,TRUE,0,TRUE,TRUE,0,0,0.153876779816858,0.104188217969754,TRUE,0,TRUE,TRUE,4.03909661930847e-80,4.46508295136392e-57,4.03909661930813e-80,4.46508295136182e-57,"Other","M4","M4","Both","Both","Both",3,3,133,3
"model4",0.65,0.46,1.5,0.5,4,0,0,0.333369522066509,0.312786101593551,TRUE,0,TRUE,TRUE,0,0,0.679346499781993,0.587316600260385,TRUE,0,TRUE,TRUE,5.84418447025885e-31,5.01322754061297e-34,5.84418447025918e-31,5.01322754061347e-34,"M4","M4","M4","Both","Both","Both",4,4,168,4
"model0",1.2,0.16,0.5,1,7,0.338975827030876,0,9.3923298242641,1.11570779687707,TRUE,0,TRUE,TRUE,0.372182484328829,0,0.000149217589009059,0.246956891970808,TRUE,0,TRUE,TRUE,8.47598525216973e-48,5.04227681029361e-24,8.47598525217168e-48,5.04227681029357e-24,"M0.1","M1.1","M1.1","Both","Both","Both",9,9,169,9
"model1",0.9,0.47,0.9,1,14,0,0,1.09478273215225,1.04354563606019,TRUE,0,TRUE,TRUE,0,0,0.416924799452135,0.697682342565462,TRUE,0,TRUE,TRUE,3.040137948551e-186,7.96961800559512e-126,3.04013794854893e-186,7.96961800558605e-126,"M2.1","M1.1","M1.1","Both","Both","Both",13,13,137,13
"model2",0.75,0.13,1.5,0.5,15,0,0,-15.4882326363165,-13.7200843396079,TRUE,0,TRUE,TRUE,0,0,-0.0215322523754988,-0.020127612857512,TRUE,0,TRUE,TRUE,3.24227106373828e-47,4.05395675518136e-35,3.24227106373777e-47,4.05395675518101e-35,"M0.1","M2.1","M2.1","Both","Both","Both",19,19,149,19
"model4",1.35,0.4,0.9,0.9,1,0,0,0.565774427163336,0.489106381197674,TRUE,0,TRUE,TRUE,0,0,0.883717788874291,0.89099883860666,TRUE,0,TRUE,TRUE,4.42749370255031e-84,4.01059043196762e-70,4.42749370255107e-84,4.01059043196945e-70,"Other","M1.2","M1.2","Both","Both","Both",4,4,152,4
"model2",0.28,0.22,0.9,0.7,6,0,0,9.19334722422711,-46.4463897493701,TRUE,0,TRUE,TRUE,0,0,0.0144484176161239,-0.00574574408970815,TRUE,0,TRUE,TRUE,4.22340128095935e-46,5.06593287096196e-32,4.22340128096086e-46,5.06593287096006e-32,"M0.1","M2.1","M2.1","Both","Both","Both",9,9,148,9
"model4",0.98,0.06,0.5,0.7,3,0,6.66133814775094e-16,0.35078294930093,0.0401035424549408,TRUE,8.00099429977674e-17,TRUE,TRUE,0,8.88178419700125e-16,1.4085947662172,2.19509347881478,TRUE,6.81951076814466e-17,TRUE,TRUE,7.03422924348655e-15,0.573939284224363,7.0342292434875e-15,0.57393928422436,"M1.2","M1.2","Other","Both","Both","Both",6,6,165,6
"model2",0.3,0.47,0.5,0.6,3,0.000248271547758083,0,3.96462960739077,-5.33603537665173,TRUE,0,TRUE,TRUE,0.000104306874697757,0,0.00540432864769226,-0.0415355038048723,TRUE,0,TRUE,TRUE,9.16532918432335e-38,4.20866022665777e-15,9.16532918432309e-38,4.20866022665737e-15,"M0.1","M2.1","M2.1","Both","Both","Both",5,5,137,5
"model4",0.27,0.13,1.1,0.9,2,0,0,0.568721435086087,0.451597614710347,TRUE,0,TRUE,TRUE,0,0,0.504504468235098,0.8352062516559,TRUE,0,TRUE,TRUE,5.49296412928419e-70,1.25525841797517e-60,5.49296412928528e-70,1.25525841797517e-60,"M4","M4","M4","Both","Both","Both",3,3,141,3
"model0",0.18,0.2,1.5,0.6,10,1.13642872889841e-10,0.0480413262136135,2.18282153165586,1.21957764459792,TRUE,0.00451741179375016,TRUE,FALSE,6.35849151109369e-11,0.0544321695458472,0.0271509428861064,0.00476406997703134,TRUE,0.00326014673486532,FALSE,FALSE,0.0513642290418161,0.123416923444368,0.0513642290418154,0.123416923444369,"M0.1","M0.1","M0.1","Both","Cis","No.Med",12,12,158,12
"model4",0.36,0.12,1.5,0.9,6,0,0,0.444010210782719,0.416671887341483,TRUE,0,TRUE,TRUE,0,0,0.737340850902869,0.720869902274278,TRUE,0,TRUE,TRUE,6.20429226190113e-53,2.40395726698916e-45,6.20429226190591e-53,2.40395726698967e-45,"M3","M4","M4","Both","Both","Both",7,7,156,7
"model4",0.84,0.1,1.5,0.6,13,0,0,0.698717923096868,0.657530692855918,TRUE,0,TRUE,TRUE,0,0,0.950817612036403,0.807944197162232,TRUE,0,TRUE,TRUE,7.31589102060048e-110,2.7090314217087e-85,7.31589102059757e-110,2.70903142170809e-85,"M1.2","M4","M1.2","Both","Both","Both",9,9,161,9
"model2",0.64,0.28,0.6,0.8,8,0,0,25.6858655315423,-49.8987508036023,TRUE,0,TRUE,TRUE,0,0,0.0152259073849726,-0.00728954475835897,TRUE,0,TRUE,TRUE,2.52715694191165e-66,5.89877223563585e-48,2.52715694191165e-66,5.8987722356361e-48,"M2.1","M2.1","M2.1","Both","Both","Both",9,9,164,9
"model1",0.72,0.48,1.4,0.6,10,0,0,1.14246167445396,0.937017164308217,TRUE,0,TRUE,TRUE,0,0,0.331265802396975,0.353773042248159,TRUE,0,TRUE,TRUE,4.26762584093926e-59,9.4696616405976e-46,4.26762584094084e-59,9.46966164060044e-46,"M2.1","M1.1","M1.1","Both","Both","Both",11,11,146,11
"model4",0.78,0.24,1.1,0.6,13,0,0,0.578507274900062,0.519083851289056,TRUE,0,TRUE,TRUE,0,0,0.764801766232614,0.808330459230341,TRUE,0,TRUE,TRUE,5.99854914000186e-79,2.22371021904017e-61,5.99854914000186e-79,2.22371021903922e-61,"M1.2","M4","M4","Both","Both","Both",13,13,147,13
"model0",0.6,0.34,0.5,0.6,8,1.11820776438343e-06,0.589216155868621,1.27739127005904,0.304124221235823,TRUE,0.0500827944105333,FALSE,FALSE,4.89313298768224e-07,0.597356322698945,0.0285937907089658,0.00148301276906998,TRUE,0.0325569070536241,FALSE,FALSE,0.586869765972593,0.500746529910726,0.586869765972598,0.500746529910721,"M0.1","M0.1","M0.1","Both","No.Med","No.Med",9,9,163,9
"model4",0.6,0.42,1.5,1,15,0,0,0.511925694781215,0.641772390344046,TRUE,0,TRUE,TRUE,0,0,0.917914752214779,1.0193422106656,TRUE,0,TRUE,TRUE,5.1413577065848e-152,4.99340908776726e-102,5.14135770658539e-152,4.99340908776783e-102,"M1.2","M1.2","M1.2","Both","Both","Both",14,14,166,14
"model4",0.15,0.2,0.6,0.5,10,0,0,0.87084339687576,0.797782578824639,TRUE,0,TRUE,TRUE,0,0,0.888814295451971,0.943102819916227,TRUE,0,TRUE,TRUE,2.07571287016701e-200,4.17494166611938e-150,2.0757128701663e-200,4.17494166612033e-150,"Other","M1.2","M4","Both","Both","Both",10,10,152,10
"model2",0.72,0.41,0.6,0.6,7,0,0,5.72794092610362,4.20332968490368,TRUE,0,TRUE,TRUE,0,0,0.0868651536663418,0.0599185776750824,TRUE,0,TRUE,TRUE,5.14049712848308e-43,5.43272281455075e-44,5.14049712848219e-43,5.43272281454935e-44,"M2.1","M2.1","M2.1","Both","Both","Both",12,12,157,12
"model3",0.15,0.26,0.8,0.5,5,0.595228921075104,0.00821217507118965,0.0262722320755492,-0.121511385378453,TRUE,0.000813895889733338,TRUE,TRUE,0.578246954211468,0.0120432109427142,0.0179106877440392,-0.0841504051823485,TRUE,0.000757033036868036,TRUE,FALSE,0.00933437193427579,0.0365007823325822,0.00933437193427746,0.0365007823325798,"M0.2","M4","M3","Both","Both","Cis",6,6,149,6
"model3",0.88,0.05,1.3,0.8,5,2.24248153934958e-06,0,0.139343732359534,0.555931937067016,TRUE,0,TRUE,TRUE,1.79914779030454e-06,0,0.251529192466228,0.681075783334091,TRUE,0,TRUE,TRUE,5.44722298126901e-81,1.7910159389436e-41,6.19505681009217e-77,3.47714338251762e-36,"M3","M4","M4","Both","Both","Both",8,8,157,8
"model0",1.12,0.19,0.9,0.8,1,0.880530334232044,0.000530638137452577,0.0467050649146169,0.980185785625536,TRUE,5.49369388943049e-05,TRUE,TRUE,0.911224075406028,0.000735174145024997,0.00101429256023433,0.0184661290136665,TRUE,4.83362487391722e-05,TRUE,TRUE,0.00050387337408895,0.0109841842514577,0.000503873374088947,0.0109841842514576,"M0.1","M1.1","M0.1","Both","Both","Both",670,670,135,1
"model2",0.24,0.06,1.1,0.6,10,0,0,15.9674591648534,0.431168654875986,TRUE,0,TRUE,TRUE,0,0,0.0395818398634444,0.271637346734646,TRUE,0,TRUE,TRUE,2.08529296227603e-19,1.12305729678586e-15,2.08529296227748e-19,1.12305729678628e-15,"Other","M2.1","M2.1","Both","Both","Both",12,12,186,12
"model3",0.6,0.22,0.6,1,8,0,0,0.323051901751287,0.643044076054721,TRUE,0,TRUE,TRUE,0,0,0.455923839657261,0.57726288157217,TRUE,0,TRUE,TRUE,1.05336181856936e-67,4.33700638183855e-52,1.053361818569e-67,4.33700638183973e-52,"M0.2","M4","M4","Both","Both","Both",12,12,163,12
"model0",0.66,0.47,0.5,0.6,7,0,4.46333125820875e-05,3.64473102993599,1.54139383688485,TRUE,4.78189097051811e-06,TRUE,TRUE,0,4.77235851392699e-05,0.131615571205084,0.0162683005194009,TRUE,3.27451143893375e-06,TRUE,TRUE,4.50248551118064e-05,6.339385322492e-17,4.50248551118018e-05,6.33938532249168e-17,"M2.1","M1.1","M1.1","Both","Both","Both",8,8,150,8
"model2",0.6,0.5,1,0.6,10,2.33842145647145e-09,0,-2.05899074021969,-12.2113832723678,TRUE,0,TRUE,TRUE,2.07664492268833e-08,0,-0.0234255437810071,-0.0194405524937259,TRUE,0,TRUE,TRUE,2.71830416164205e-40,2.48335232212072e-27,2.71830416164154e-40,2.48335232211986e-27,"M0.1","M2.1","M2.1","Both","Both","Both",12,12,145,12
"model2",1.2,0.15,1.2,0.8,13,0,0,34.4351082409129,0.592963831401371,TRUE,0,TRUE,TRUE,0,0,0.0051316437067612,0.211372749063641,TRUE,0,TRUE,TRUE,1.34373032616564e-20,5.4723642762667e-13,1.34373032616567e-20,5.47236427626452e-13,"Other","M1.1","M1.1","Both","Both","Both",17,17,154,17
"model3",0.3,0.5,1.5,1,15,0.00783009723203798,0,-0.0963660988769319,0.703255164905542,TRUE,0,TRUE,TRUE,0.00463692593353549,0,-0.124999681412183,0.887661500685139,TRUE,0,TRUE,TRUE,1.94984561179953e-139,9.67218325378708e-50,1.94984561180064e-139,9.67218325378032e-50,"M3","M4","M4","Both","Both","Both",18,18,165,18
"model0",0.9,0.37,1.1,1,3,0.0772205127945083,0.164972483248618,-0.383069534833644,0.35467364296673,TRUE,0.015030041530717,FALSE,FALSE,0.0781988825108633,0.189910995813347,-0.0122246581327321,0.00741852342826329,TRUE,0.0110221746828333,FALSE,FALSE,0.189132643646334,0.392550673612579,0.189132643646332,0.392550673612576,"M0.1","M0.1","M0.1","Both","No.Med","No.Med",9,9,150,9
"model3",0.49,0.3,0.6,0.7,2,0,2.72767994702328e-06,0.577246418970419,0.164560927340361,TRUE,3.03333741093014e-07,TRUE,TRUE,0,2.46290190109022e-06,0.558110242317868,0.197984970306855,TRUE,1.75254369628251e-07,TRUE,TRUE,2.95620839912814e-06,3.2808277921738e-19,2.95620839912814e-06,3.28082779217438e-19,"M4","M4","M4","Both","Both","Both",4,4,145,4
"model2",0.7,0.09,0.8,0.7,10,0,0,-6.78219975202931,0.482959733916547,TRUE,0,TRUE,TRUE,0,0,-0.0415168282188801,0.281647260998984,TRUE,0,TRUE,TRUE,1.80010387561754e-22,1.72696934890428e-11,1.8001038756176e-22,1.72696934890443e-11,"M2.1","M2.1","M2.1","Both","Both","Both",13,13,162,13
"model0",0.5,0.07,0.6,1,11,0.206349755728842,0.152134673133006,-0.337048275571549,-0.496040663003214,TRUE,0.0139223123961496,FALSE,FALSE,0.22399297642937,0.137730308348599,-0.00701078374139427,-0.00702258230633054,TRUE,0.00808912579959751,FALSE,FALSE,0.131606249322687,0.14749336614909,0.131606249322686,0.147493366149084,"M0.1","M0.1","M0.1","Both","No.Med","No.Med",12,12,152,12
"model4",0.81,0.08,0.6,0.9,8,0,0,0.633640872289233,0.425582676273505,TRUE,0,TRUE,TRUE,0,0,0.99153286738496,1.07698402210502,TRUE,0,TRUE,TRUE,3.88826981645064e-89,4.52556456957301e-84,3.88826981645263e-89,4.52556456957417e-84,"M1.2","M1.2","M1.2","Both","Both","Both",10,10,151,10
"model0",0.48,0.27,1,0.6,5,0.0675009122178192,0.579891630520349,0.775376845454443,0.293805906993588,TRUE,0.0493926224181264,FALSE,FALSE,0.0781114882742491,0.629818226339912,0.00611793860689848,0.00137187597812394,TRUE,0.034184095286478,FALSE,FALSE,0.606385450591986,0.622599785554504,0.606385450591952,0.622599785554489,"M0.1","M0.1","M0.1","Both","No.Med","No.Med",5,5,149,5
"model0",0.4,0.14,1,1,8,5.52891066263328e-14,0.382664769064017,8.6897789876609,1.54036221665663,TRUE,0.0333323720309484,FALSE,FALSE,9.0436547139916e-12,0.366441218386213,0.00857305264628643,0.000767339143891942,TRUE,0.020526025414368,FALSE,FALSE,0.378962782498457,0.644073707518231,0.37896278249847,0.644073707518223,"M0.1","M0.1","M0.1","Both","No.Med","No.Med",9,9,143,9
"model4",0.7,0.45,1.1,0.7,6,0,0,0.275360352077634,0.484738231170734,TRUE,0,TRUE,TRUE,0,0,0.62584731111904,0.778911096116653,TRUE,0,TRUE,TRUE,7.17871304742111e-70,8.72917921861653e-56,7.17871304741722e-70,8.72917921861429e-56,"M4","M4","M4","Both","Both","Both",5,5,163,5
"model0",0.84,0.33,1.3,0.6,2,6.03478697946969e-06,2.24673158544242e-06,1.24488347709793,1.55991905060429,TRUE,2.50302135499157e-07,TRUE,TRUE,6.11233351044405e-06,2.21976158898407e-06,0.0253023091175761,0.0224739738684666,TRUE,1.58096014611632e-07,TRUE,TRUE,1.18162454602674e-06,0.0041724033926914,1.18162454602673e-06,0.0041724033926915,"M0.1","M1.1","M1.1","Both","Both","Both",2,2,156,2
"model3",0.3,0.42,1.5,0.5,10,0,0,0.553373188615256,0.827755695632404,TRUE,0,TRUE,TRUE,0,0,0.511579314736334,0.788470584710357,TRUE,0,TRUE,TRUE,4.39185589193628e-152,2.18710168353784e-119,4.39185589193728e-152,2.18710168353859e-119,"M2.1","M4","M4","Both","Both","Both",11,11,148,11
"model4",1.04,0.15,1,0.8,2,0,0,0.478636052711853,0.431974556921368,TRUE,0,TRUE,TRUE,0,0,0.908433542047287,0.844750478189059,TRUE,0,TRUE,TRUE,4.41830269135996e-67,2.74946947197174e-66,4.41830269136097e-67,2.74946947197276e-66,"M1.2","M1.2","M1.2","Both","Both","Both",4,4,129,4
"model3",0.66,0.05,1.3,0.6,1,0.789282170405353,0,-0.00942102993204206,0.642752035183487,TRUE,0,TRUE,TRUE,0.816717723788452,0,-0.0117732008665907,0.629822996076989,TRUE,0,TRUE,TRUE,1.61568248037853e-76,2.32693284529649e-44,1.61568248037793e-76,2.32693284529593e-44,"M3","M4","M4","Both","Both","Both",3,3,138,3
"model4",0.21,0.35,0.9,0.7,12,0,2.22044604925031e-16,0.531218558048908,0.252472507628863,TRUE,2.66960513619139e-17,TRUE,TRUE,0,6.66133814775094e-16,0.663262194850348,0.397896738670722,TRUE,5.11962783497188e-17,TRUE,TRUE,1.11051107147263e-16,5.21639095209547e-14,1.1105110714723e-16,5.21639095209689e-14,"M0.2","M4","M4","Both","Both","Both",14,14,175,14
"model3",0.21,0.3,1.5,0.7,3,1.06523678766735e-11,0.0338795262850766,0.180726193418064,-0.0847748131834645,TRUE,0.00322271011230611,TRUE,FALSE,4.64273064437748e-12,0.0307237103415485,0.364177982906151,-0.0814243539148897,TRUE,0.00187294182384169,TRUE,FALSE,0.0325718898925298,0.866066825163413,0.032571889892535,0.866066825163403,"M0.2","M3","M3","Both","Both","No.Med",4,4,143,4
"model3",0.49,0.36,0.8,0.7,6,0.442276863215409,0,0.0318660461123192,0.573789858106669,TRUE,0,TRUE,TRUE,0.427222286937387,0,0.0288977481242123,0.628658861567656,TRUE,0,TRUE,TRUE,1.19722119560761e-65,4.39076583463536e-42,1.19722119560761e-65,4.3907658346368e-42,"M3","M4","M4","Both","Both","Both",9,9,152,9
"model1",1.4,0.5,1.5,1,10,0,0,0.802222151331222,0.963009168679241,TRUE,0,TRUE,TRUE,0,0,0.529830701431308,0.541903337464849,TRUE,0,TRUE,TRUE,1.02399148753386e-106,3.86855991982966e-86,1.02399148753293e-106,3.86855991982679e-86,"M4","M1.1","M1.1","Both","Both","Both",11,11,158,11
"model4",0.6,0.08,0.8,1,3,0,0,0.823387983925544,0.573662953135928,TRUE,0,TRUE,TRUE,0,0,1.00926692449574,1.00410427448967,TRUE,0,TRUE,TRUE,1.02201326076077e-124,7.55406565396026e-130,1.02201326076118e-124,7.554065653968e-130,"M1.2","M1.2","M1.2","Both","Both","Both",6,6,159,6
"model3",0.32,0.47,1.5,0.8,1,0,0.000212016616001121,-0.858007157780562,-0.169636570536267,TRUE,2.23068283151995e-05,TRUE,TRUE,0,0.000393090918654915,-0.519191432500012,-0.11321586187267,TRUE,2.62395313251137e-05,TRUE,TRUE,0.000348609523880981,0.0819485309283236,0.000348609523880887,0.0819485309283128,"M4","M4","M3","Both","Both","Both",4,4,146,4
"model3",1.2,0.41,1.2,0.8,15,5.34808800289888e-06,0.0396710015524544,0.18105287449978,0.0832590534496178,TRUE,0.00375329111004593,TRUE,FALSE,9.95406088977191e-06,0.0368057084826077,0.158622215592057,0.0754923301762178,TRUE,0.002233325753383,TRUE,FALSE,0.0431641521263894,0.580628079796436,0.0431641521263911,0.580628079796437,"M3","M3","M3","Both","Both","No.Med",15,15,159,15
"model1",0.96,0.42,1.3,0.8,5,0,0,0.991272462088392,0.937221741708772,TRUE,0,TRUE,TRUE,0,0,0.468959930256186,0.397809226387084,TRUE,0,TRUE,TRUE,1.39943912933599e-68,3.3619377813803e-67,1.39943912933599e-68,3.3619377813803e-67,"M2.1","M1.1","M1.1","Both","Both","Both",7,7,139,7
"model1",0.3,0.03,1.2,0.5,6,2.40041161103655e-06,2.94742008577487e-12,0.469005650127887,0.745907481117932,TRUE,3.47901865308004e-13,TRUE,TRUE,6.98168467994087e-06,9.10072017745733e-12,0.0643959182322833,0.0935600214558006,TRUE,6.85387751319991e-13,TRUE,TRUE,2.09714150295766e-16,4.79127395281489e-14,6.00672962999305e-12,7.94583725276359e-13,"M0.1","M1.1","M1.1","Both","Both","Both",7,7,130,7
"model4",0.56,0.31,1.4,0.8,9,0,0,0.47749436396115,0.428854890249386,TRUE,0,TRUE,TRUE,0,0,0.711028131825651,0.813794569233023,TRUE,0,TRUE,TRUE,7.17657155659289e-63,1.37765916891826e-52,7.17657155659616e-63,1.37765916891826e-52,"M4","M4","M4","Both","Both","Both",11,11,177,11
"model4",0.75,0.02,1,0.5,9,0.114351873845039,0,-0.0290421471232332,0.331442763369636,TRUE,0,TRUE,TRUE,0.140007846015453,0,-0.118919833655266,0.45228478413925,TRUE,0,TRUE,TRUE,1.41693698816443e-33,7.9443873623965e-16,9.1231620068494e-23,6.25183841628774e-14,"M3","M4","M1.2","Both","Both","Both",11,11,165,11
"model1",0.75,0.06,1.2,0.5,7,0,0,0.579034300408109,0.868059288321387,TRUE,0,TRUE,TRUE,0,0,0.286208688825422,0.24094846249795,TRUE,0,TRUE,TRUE,2.85376555838032e-35,1.83499414290507e-40,2.85376555838015e-35,1.83499414290475e-40,"M4","M1.1","M1.1","Both","Both","Both",9,9,166,9
"model4",0.98,0.49,0.8,0.7,7,8.55093773566296e-13,0,0.196908559038719,0.359003117161767,TRUE,0,TRUE,TRUE,3.58824081558851e-13,0,0.373158582860493,0.808273167496868,TRUE,0,TRUE,TRUE,1.03099031120364e-50,1.17708738535593e-36,1.03099031120358e-50,1.17708738535611e-36,"M0.2","M1.2","M1.2","Both","Both","Both",9,9,156,9
"model4",0.91,0.29,1.2,0.7,2,0,0,0.276470238181593,0.373537151093049,TRUE,0,TRUE,TRUE,0,0,0.390317497787079,0.484014431008682,TRUE,0,TRUE,TRUE,1.55728735403591e-30,3.54579417039337e-29,1.55728735403595e-30,3.54579417039332e-29,"M4","M4","M4","Both","Both","Both",2,2,146,2
"model2",0.42,0.2,0.7,0.6,10,0,0,-10.6979480566785,-147.058037936162,TRUE,0,TRUE,TRUE,0,0,-0.0133204628052783,-0.00177721183995906,TRUE,0,TRUE,TRUE,7.84450932411893e-45,1.88041078526711e-33,7.84450932411691e-45,1.88041078526608e-33,"M0.1","M2.1","M2.1","Both","Both","Both",12,12,141,12
"model4",0.6,0.16,0.7,1,11,0,0,0.492725800392706,0.499606037974047,TRUE,0,TRUE,TRUE,0,0,1.03852579389949,1.07826595752551,TRUE,0,TRUE,TRUE,1.78996768865878e-111,9.50267918798389e-83,1.78996768865827e-111,9.50267918798389e-83,"M1.2","M1.2","M1.2","Both","Both","Both",13,13,172,13
"model1",0.42,0.06,0.6,0.7,4,0,3.40749904603754e-06,2.99981755947005,1.32638453920126,TRUE,3.78249549963684e-07,TRUE,TRUE,0,7.92678830596749e-06,0.135990653358434,0.0234282960020304,TRUE,5.57001167417562e-07,TRUE,TRUE,5.39164083692565e-06,0.331610222889904,5.39164083692637e-06,0.331610222889911,"M2.1","M1.1","M0.1","Both","Both","Both",8,8,153,8
"model3",0.35,0.2,0.8,0.7,11,0,0,0.471521162411394,0.590429669972227,TRUE,0,TRUE,TRUE,0,0,0.536710803921907,0.669182948147789,TRUE,0,TRUE,TRUE,4.28887132973357e-73,2.29046237018061e-57,4.28887132973638e-73,2.29046237018094e-57,"M2.1","M4","M4","Both","Both","Both",13,13,158,13
"model0",0.6,0.08,0.9,0.6,8,0.0504173952072131,0.340984816270721,2.81440990637925,1.91827947961802,TRUE,0.0300207177970827,FALSE,FALSE,0.0436153583920809,0.332379732776888,0.00189808068977908,0.000720810804820217,TRUE,0.0187247055169983,FALSE,FALSE,0.342760288187568,0.14650154549514,0.342760288187579,0.146501545495139,"M0.1","M0.1","M0.1","Both","No.Med","No.Med",13,13,146,13
"model2",1.2,0.41,1,0.8,10,0,0,18.3575625130474,9.96743670356113,TRUE,0,TRUE,TRUE,0,0,0.026417795209038,0.0370096244184784,TRUE,0,TRUE,TRUE,2.77842739638614e-67,8.26406280756662e-57,2.77842739638614e-67,8.26406280756568e-57,"M2.1","M2.1","M2.1","Both","Both","Both",11,11,169,11
"model4",0.54,0.29,0.6,0.9,3,0,0,0.266947643717951,0.681877359516822,TRUE,0,TRUE,TRUE,0,0,0.574105059061014,0.939179073725792,TRUE,0,TRUE,TRUE,2.82993317850569e-148,8.18961958252527e-98,2.82993317850488e-148,8.18961958252411e-98,"M4","M1.2","M1.2","Both","Both","Both",6,6,158,6
"model3",0.21,0.01,0.6,0.7,13,1.06103392738532e-09,0,-1.11196409053498,0.545642257371865,TRUE,0,TRUE,TRUE,3.15298231967631e-10,0,-0.0508673854723396,0.590355524245819,TRUE,0,TRUE,TRUE,7.25614309906488e-67,1.81482222192723e-49,8.49173117859637e-68,9.2205485730371e-38,"Other","M2.1","M2.1","Both","Both","Both",15,15,162,15
"model3",0.24,0.19,1.1,0.6,4,0,0,0.511313452826743,0.653146287464221,TRUE,0,TRUE,TRUE,0,0,0.402494537305754,0.656384333816747,TRUE,0,TRUE,TRUE,6.34144199894302e-82,3.44846276624417e-63,6.34144199893579e-82,3.44846276624102e-63,"M4","M4","M4","Both","Both","Both",7,7,137,7
"model2",0.24,0.39,0.6,0.8,9,0,0,-2.13363418267524,74.6408916614959,TRUE,0,TRUE,TRUE,0,0,-0.0529051101243784,0.00472952782758552,TRUE,0,TRUE,TRUE,7.60383045979045e-64,9.22642560377304e-50,7.60383045979002e-64,9.22642560377449e-50,"M0.1","M2.1","M2.1","Both","Both","Both",10,10,166,10
"model2",1.4,0.09,1.2,1,6,0,0,-3.54132322874885,-4.9328281517905,TRUE,0,TRUE,TRUE,0,0,-0.10964921361553,-0.0884283471763298,TRUE,0,TRUE,TRUE,6.18947910127438e-84,4.10369462409059e-67,6.18947910127332e-84,4.10369462409071e-67,"M2.1","M2.1","M2.1","Both","Both","Both",6,6,133,6
"model3",0.48,0.06,1,0.8,6,0,0,-0.542835396699486,0.621735581066048,TRUE,0,TRUE,TRUE,0,0,-0.227693161541621,0.592671086454294,TRUE,0,TRUE,TRUE,1.71751318615955e-67,5.42534061487757e-43,1.71751318616097e-67,5.42534061487998e-43,"M3","M4","M4","Both","Both","Both",8,8,169,8
"model1",1.3,0.25,1.3,1,14,0,0,1.15657634178294,1.12741580498707,TRUE,0,TRUE,TRUE,0,0,0.422495014554959,0.686195272108195,TRUE,0,TRUE,TRUE,7.94054869839143e-213,1.00201529802574e-129,7.94054869839143e-213,1.00201529802591e-129,"M2.1","M1.1","M1.1","Both","Both","Both",11,11,158,11
"model1",0.21,0.36,0.8,0.7,7,0,0,1.45366613721189,1.06671283845657,TRUE,0,TRUE,TRUE,0,0,0.290353438190448,0.243294691817416,TRUE,0,TRUE,TRUE,9.6309857998865e-45,8.96452886417975e-37,9.6309857998865e-45,8.96452886418194e-37,"M0.1","M1.1","M1.1","Both","Both","Both",8,8,151,8
"model1",0.63,0.12,0.8,0.7,11,0,0,0.91526605270673,1.02302141254855,TRUE,0,TRUE,TRUE,0,0,0.446284417922697,0.321723503281434,TRUE,0,TRUE,TRUE,2.02179351703997e-58,2.11014617269213e-51,2.02179351703997e-58,2.110146172693e-51,"M0.1","M1.1","M1.1","Both","Both","Both",13,13,143,13
"model0",0.3,0.22,0.7,1,13,0,0,5.2117438291563,0.895986184280062,TRUE,0,TRUE,TRUE,0,0,0.036227739658309,0.487154877607152,TRUE,0,TRUE,TRUE,3.9275255197224e-83,4.81124984082974e-52,3.92752551972598e-83,4.81124984083187e-52,"Other","M1.1","M1.1","Both","Both","Both",13,13,179,13
"model0",0.96,0.17,1.4,0.8,1,0.185811018612403,5.67952351815393e-11,0.312865248790669,1.22344384491245,TRUE,6.64647879727025e-12,TRUE,TRUE,0.195816411432043,5.94195803671482e-11,0.00816807621893088,0.0482477093684815,TRUE,4.44097243255335e-12,TRUE,TRUE,2.16899251744245e-10,1.30075172925326e-05,2.16899251744248e-10,1.30075172925323e-05,"M0.1","M1.1","M1.1","Both","Both","Both",670,670,158,1
"model0",0.27,0.27,1.3,0.9,14,0,3.32850318085498e-06,1.65463589787937,1.21055486865414,TRUE,3.69814378694997e-07,TRUE,TRUE,0,4.95255156840457e-06,0.0755463034812894,0.0272222505823874,TRUE,3.50195620100142e-07,TRUE,TRUE,3.30593075600734e-06,6.63775542911204e-05,3.30593075600808e-06,6.63775542911275e-05,"M0.1","M1.1","M1.1","Both","Both","Both",18,18,167,18
"model2",0.4,0.18,1.4,0.5,1,0,0,-19.3465184093527,-17.199757072362,TRUE,0,TRUE,TRUE,0,0,-0.0225853057253047,-0.0110244782612507,TRUE,0,TRUE,TRUE,5.22241353199544e-32,3.06877936879271e-23,5.22241353199514e-32,3.06877936879284e-23,"M2.1","M2.1","M2.1","Both","Both","Both",4,4,144,4
"model3",0.72,0.39,1,0.9,15,0,2.96889179907112e-11,0.326431661197542,0.259466318162184,TRUE,3.48429987123541e-12,TRUE,TRUE,0,1.23134835661176e-11,0.32284399969287,0.260230483669688,TRUE,9.2645881665547e-13,TRUE,TRUE,1.54534536337548e-11,8.25846321646776e-06,1.54534536337522e-11,8.25846321646639e-06,"M3","M4","M4","Both","Both","Both",13,13,173,13
"model2",0.63,0.23,1.2,0.7,10,0,0,-8.46765738720253,-19.8823969903541,TRUE,0,TRUE,TRUE,0,0,-0.0249353025649978,-0.0135459264509096,TRUE,0,TRUE,TRUE,1.91986337443959e-46,8.15068188480521e-39,1.91986337444083e-46,8.15068188480813e-39,"M0.1","M2.1","M2.1","Both","Both","Both",11,11,148,11
"model1",0.4,0.26,0.7,0.5,10,0,0,1.79186754889026,1.01341698302195,TRUE,0,TRUE,TRUE,0,0,0.105780616610901,0.632035980371417,TRUE,0,TRUE,TRUE,3.31177194985266e-147,4.04529138590718e-107,3.31177194984908e-147,4.04529138590327e-107,"M0.1","M1.1","M1.1","Both","Both","Both",11,11,170,11
"model2",0.96,0.26,0.7,0.8,10,0,5.78104319970407e-09,-2.3420347710336,0.273218588701229,TRUE,6.62040214631018e-10,TRUE,TRUE,0,3.00515168305537e-09,-0.188056284828141,0.181883629476395,TRUE,2.22071925362609e-10,TRUE,TRUE,8.50140526645042e-09,0.349304707280612,8.50140526645008e-09,0.349304707280634,"M2.1","M2.1","M3","Both","Both","Both",13,13,160,13
"model4",0.64,0.06,1.3,0.8,2,0,0,0.586722349130399,0.420243826884347,TRUE,0,TRUE,TRUE,0,0,0.790322506510013,0.897663145465726,TRUE,0,TRUE,TRUE,6.74611157118156e-70,1.29757716433577e-76,6.74611157117926e-70,1.29757716433548e-76,"M1.2","M1.2","M1.2","Both","Both","Both",4,4,148,4
"model1",0.7,0.06,0.6,1,7,0,0,1.78523714213426,1.19770009855353,TRUE,0,TRUE,TRUE,0,0,0.363994163975145,0.590133919692215,TRUE,0,TRUE,TRUE,2.13798985057573e-176,2.50965584657032e-130,2.13798985057707e-176,2.5096558465719e-130,"M2.1","M1.1","M1.1","Both","Both","Both",10,10,169,10
"model3",0.45,0.38,1.2,0.9,7,0,0,-0.513392218925126,0.665829111632899,TRUE,0,TRUE,TRUE,0,0,-0.285746472998075,0.620434956621371,TRUE,0,TRUE,TRUE,7.73659517662399e-78,8.38818313943281e-53,7.73659517662884e-78,8.3881831394291e-53,"M3","M4","M4","Both","Both","Both",9,9,168,9
"model3",0.36,0.14,0.7,0.9,14,0.701046860554191,1.77774237066775e-05,0.0138333949724955,-0.203090065654615,TRUE,1.93154501585333e-06,TRUE,TRUE,0.669695908311245,3.24484951588211e-05,0.0147353153535888,-0.13223333310437,TRUE,2.24009572563659e-06,TRUE,TRUE,2.61218874946963e-05,0.00261012337741986,2.61218874946954e-05,0.00261012337741978,"M3","M4","M4","Both","Both","Both",14,14,165,14
"model0",0.63,0.34,0.6,0.9,6,0.0815728653757373,0,0.230716620762088,0.998625430744404,TRUE,0,TRUE,TRUE,0.06832083045088,0,0.0219937924511685,0.392123759229519,TRUE,0,TRUE,TRUE,6.38688824203123e-73,2.67139720829312e-44,6.38688824203378e-73,2.67139720829346e-44,"M0.1","M1.1","M1.1","Both","Both","Both",7,7,142,7
"model3",0.18,0.38,1.4,0.6,14,0,0,0.42804417570191,0.696391446224891,TRUE,0,TRUE,TRUE,0,0,0.456576026925998,0.60392232281381,TRUE,0,TRUE,TRUE,5.99136977155685e-79,3.92667058593333e-07,5.99136977155941e-79,3.92667058593164e-07,"M0.2","M4","M4","Both","Both","Both",15,15,155,15
"model1",0.45,0.49,0.9,0.9,10,0,0,0.791993032899202,0.977507279562266,TRUE,0,TRUE,TRUE,0,0,0.537215020891878,0.70997610468495,TRUE,0,TRUE,TRUE,4.55232451191051e-170,5.26077377789728e-126,4.55232451190533e-170,5.26077377789369e-126,"M2.1","M1.1","M1.1","Both","Both","Both",11,11,162,11
"model0",0.28,0.38,1.1,0.7,11,0,0.801028989741354,5.93660755918102,0.530505652421956,TRUE,0.0667489308396397,FALSE,FALSE,0,0.807379888298052,0.024905149132398,0.000240026894974348,TRUE,0.0429912785395584,FALSE,FALSE,0.773319541317893,0.911603393636539,0.773319541317918,0.911603393636538,"M0.1","M0.1","M0.1","Both","No.Med","No.Med",12,12,148,12
"model0",1.2,0.14,1.3,1,13,2.80189293988542e-09,0.483324002654592,2.46300391599869,-1.12366105838453,TRUE,0.0415995441950044,FALSE,FALSE,4.37548530740628e-09,0.520308635949569,0.0199199810016293,-0.000570203347405479,TRUE,0.0285156622696644,FALSE,FALSE,0.519444433976441,0.0556997681950073,0.519444433976462,0.0556997681950079,"M0.1","M0.1","M0.1","Both","No.Med","No.Med",16,16,153,16
"model0",0.64,0.25,0.6,0.8,12,2.24134129922504e-07,0.293701306385306,2.6658950836625,-1.49301723527736,TRUE,0.0261195767739259,FALSE,FALSE,8.06367328465285e-07,0.284614304351723,0.014159900287058,-0.00106960587057304,TRUE,0.0162078552127319,FALSE,FALSE,0.307905160657963,0.866521555044274,0.307905160657964,0.866521555044265,"M0.1","M0.1","M0.1","Both","No.Med","No.Med",13,13,157,13
"model1",0.42,0.1,1.2,0.6,10,0,0,0.789872778470013,0.999970485192687,TRUE,0,TRUE,TRUE,0,0,0.285453540198924,0.58414952128884,TRUE,0,TRUE,TRUE,3.81220452564475e-126,2.89543523642629e-98,3.81220452564063e-126,2.89543523642662e-98,"M0.1","M1.1","M1.1","Both","Both","Both",13,13,162,13
"model0",0.4,0.08,1.3,0.5,15,0,0.197293191135701,1.19986735638903,0.903686612087989,TRUE,0.0178951294901922,FALSE,FALSE,0,0.186647202718958,0.0986259054444237,0.0030018457161067,TRUE,0.0108550194646721,FALSE,FALSE,0.184764421646601,0.0119413861909379,0.184764421646591,0.0119413861909393,"M0.1","M0.1","M0.1","Both","No.Med","No.Med",16,16,168,16
"model3",0.63,0.45,0.8,0.9,2,0.000126401016862676,0.280507839038484,-0.140625917763596,-0.0401873984253861,TRUE,0.0250549476519359,FALSE,FALSE,6.66035191163594e-05,0.289477326729663,-0.153662258506846,-0.04086859433075,TRUE,0.0164372133096881,FALSE,FALSE,0.297792118458409,0.785873288933856,0.297792118458411,0.785873288933855,"M3","M3","M3","Both","No.Med","No.Med",4,4,140,4
"model0",0.6,0.14,0.9,0.6,5,6.85545935463772e-06,0.104268171362038,3.18599511992874,0.482413153496389,TRUE,0.00961342992354403,FALSE,FALSE,7.78221595432171e-06,0.114194481943735,0.00928810829233064,0.00809856545285653,TRUE,0.00672187728089391,FALSE,FALSE,0.108916358715694,0.0746063949835561,0.108916358715692,0.0746063949835608,"M0.1","M0.1","M0.1","Both","No.Med","No.Med",7,7,180,7
"model0",0.56,0.07,1.4,0.7,10,1.11022302462516e-15,0.0271620764626803,1.15978216600545,0.751492756705131,TRUE,0.00260386670557692,TRUE,FALSE,4.44089209850063e-15,0.0351416174371284,0.0747475439315736,0.00958878644217225,TRUE,0.00213729435303053,TRUE,FALSE,0.0298332031238851,0.000215282024456323,0.0298332031238863,0.000215282024456334,"M0.1","M0.1","M1.1","Both","Both","No.Med",11,11,152,11
"model1",0.45,0.07,1.1,0.5,14,0,0,4.08801067831983,0.988819374084031,TRUE,0,TRUE,TRUE,0,0,0.107439942550459,0.165201241801495,TRUE,0,TRUE,TRUE,5.6298340291228e-27,5.77478172445973e-17,5.62983402912207e-27,5.7747817244588e-17,"Other","M1.1","M1.1","Both","Both","Both",15,15,158,15
"model1",0.21,0.33,1,0.7,9,0,0,1.97205940933468,1.04484408900253,TRUE,0,TRUE,TRUE,0,0,0.296636796076271,0.270596495879977,TRUE,0,TRUE,TRUE,5.24344516906926e-49,2.71433053978424e-44,5.24344516906889e-49,2.71433053978505e-44,"M2.1","M1.1","M1.1","Both","Both","Both",12,12,130,12
"model3",0.91,0.3,0.9,0.7,13,6.66133814775094e-15,0.599555732239455,-0.29459630478204,0.0216461900714644,TRUE,0.0508211612749275,FALSE,FALSE,3.10862446895044e-15,0.612493665443628,-0.29019865489985,0.0188788683265104,TRUE,0.0332897020151235,FALSE,FALSE,0.606659969636644,0.488681839043683,0.606659969636653,0.488681839043671,"M3","M3","M3","Both","No.Med","No.Med",15,15,146,15
"model2",1.04,0.01,1.1,0.8,12,0,0,-5.65523430568294,2.3324261615822,TRUE,0,TRUE,TRUE,0,0,-0.0625077672211386,0.264295442393405,TRUE,0,TRUE,TRUE,6.37730728935891e-250,3.7272480109265e-163,4.17786151195365e-224,6.52334423070381e-146,"Other","M2.1","M1.1","Both","Both","Both",16,16,164,16
"model4",0.42,0.22,0.6,0.7,7,0,0,0.738176528476846,0.439654283775994,TRUE,0,TRUE,TRUE,0,0,1.06715841268962,0.880371523179134,TRUE,0,TRUE,TRUE,7.32949438821854e-72,3.26794245696192e-70,7.32949438821311e-72,3.2679424569609e-70,"M1.2","M1.2","M1.2","Both","Both","Both",7,7,149,7
"model1",0.27,0.16,0.5,0.9,2,0.248876192523711,0,0.0398983340565249,0.996064670816167,TRUE,0,TRUE,TRUE,0.244498906656218,0,0.0496771065321835,0.75135585284877,TRUE,0,TRUE,TRUE,3.08896456736916e-200,1.14878915410851e-130,3.08896456736846e-200,1.14878915410968e-130,"M3","M1.1","M1.1","Both","Both","Both",3,3,138,3
"model2",0.3,0.44,0.8,1,7,0,0,9.11235948293988,106.781870038059,TRUE,0,TRUE,TRUE,0,0,0.0741315218792978,0.00447413562924894,TRUE,0,TRUE,TRUE,1.30418766986147e-94,1.32730241423898e-79,1.3041876698611e-94,1.32730241423811e-79,"M0.1","M2.1","M2.1","Both","Both","Both",8,8,141,8
"model2",0.54,0.49,0.9,0.9,7,0,0,5.33678045443184,-28.9581265407302,TRUE,0,TRUE,TRUE,0,0,0.0886745015209475,-0.0144017428639934,TRUE,0,TRUE,TRUE,6.45644543942695e-79,1.35339396084382e-72,6.45644543942291e-79,1.35339396084359e-72,"Other","M2.1","M2.1","Both","Both","Both",8,8,144,8
"model1",0.91,0.19,0.9,0.7,15,0,0,1.0422890310422,0.954149390597725,TRUE,0,TRUE,TRUE,0,0,0.404203101944555,0.657885036161415,TRUE,0,TRUE,TRUE,3.61627772339105e-141,3.28560980457256e-98,3.6162777233925e-141,3.28560980457331e-98,"M2.1","M1.1","M1.1","Both","Both","Both",16,16,181,16
"model4",0.56,0.01,1,0.7,2,0,4.86277684785819e-13,0.144370783325116,0.00612561938592531,TRUE,5.76194918975829e-14,TRUE,TRUE,0,6.51256826245117e-13,1.14433583950837,12.3352028983619,TRUE,4.93302832291686e-14,TRUE,TRUE,5.43797431868198e-13,9.46555268844959e-05,8.82618099890644e-12,3.98981849125587e-05,"M2.2","M1.2","M1.2","Both","Both","Both",5,5,150,5
"model3",0.3,0.04,0.6,0.6,4,0.809952873473117,0.438429023650245,-0.019195295119318,-0.0320983247248142,TRUE,0.0378413716006058,FALSE,FALSE,0.759199134953097,0.403216340809506,-0.00533790011486641,-0.0304439772293152,TRUE,0.0223946944775013,FALSE,FALSE,0.412005042506264,0.321526442720125,0.247687853688433,0.311931374205537,"M0.1","M3","M3","Both","No.Med","No.Med",6,6,136,6
"model2",0.32,0.1,1.5,0.8,1,0,0,3730.44111191054,21.3358677297485,TRUE,0,TRUE,TRUE,0,0,0.000145488737472779,0.017516299992605,TRUE,0,TRUE,TRUE,3.42815135887886e-69,4.46469973753136e-46,3.42815135887925e-69,4.46469973753021e-46,"M2.1","M2.1","M2.1","Both","Both","Both",3,3,155,3
"model3",0.77,0.21,1.5,0.7,4,0,0.00196965651626613,-0.527195333232131,-0.155722473320613,TRUE,0.00019905924677389,TRUE,TRUE,0,0.00177758411995854,-0.218278294913798,-0.0833158766905113,TRUE,0.00011571262051438,TRUE,TRUE,0.00333871868635552,0.273333320475041,0.0033387186863554,0.27333332047504,"M3","M4","M3","Both","Both","Both",4,4,145,4
"model3",1.1,0.18,1.5,1,4,0,0.00407792443431276,-0.43936085286104,-0.124611204721795,TRUE,0.000409101565229683,TRUE,TRUE,0,0.00332580501603097,-0.323116684443128,-0.0954032467039981,TRUE,0.000213667054625069,TRUE,TRUE,0.00497823599168077,0.829650006337801,0.00497823599168098,0.829650006337804,"M3","M4","M3","Both","Both","Both",4,4,156,4
"model2",0.84,0.32,0.9,0.7,6,1.71216818500852e-10,0,9.36748419151937,-12.2717553642899,TRUE,0,TRUE,TRUE,6.07797145946165e-10,0,0.00602808920515989,-0.0242335846281181,TRUE,0,TRUE,TRUE,3.00395406336618e-52,1.70054401173375e-29,3.00395406336592e-52,1.70054401173375e-29,"M2.1","M2.1","M2.1","Both","Both","Both",8,8,147,8
"model3",0.54,0.28,1.1,0.9,1,8.50730597079519e-11,0.85512187934899,0.2408260845898,-0.00588957976361817,TRUE,0.0709679487063421,FALSE,FALSE,4.38471481345459e-11,0.964981669411354,0.258622265429409,-0.00572780178222037,TRUE,0.0506972168559236,FALSE,FALSE,0.881161386043476,8.20231273387101e-08,0.881161386043484,8.20231273387023e-08,"M3","M3","M4","Both","No.Med","No.Med",670,670,138,1
"model0",0.21,0.49,0.9,0.7,2,0,9.78588394207058e-06,-3.91827894449785,1.17761754648539,TRUE,1.07081929242337e-06,TRUE,TRUE,0,8.70748755810169e-06,-0.104913682354481,0.0248021315603304,TRUE,6.11313684921582e-07,TRUE,TRUE,9.50441494930967e-06,0.000605432798852015,9.50441494930918e-06,0.000605432798851974,"M0.1","M1.1","M1.1","Both","Both","Both",2,2,165,2
"model1",0.48,0.28,0.7,0.6,8,0,0,1.30142559291414,1.05531219104445,TRUE,0,TRUE,TRUE,0,0,0.235903920658999,0.657044431111163,TRUE,0,TRUE,TRUE,4.8788837263073e-170,1.18772557863263e-131,4.8788837263148e-170,1.18772557863263e-131,"M1.1","M1.1","M1.1","Both","Both","Both",10,10,146,10
"model1",0.35,0.38,0.6,0.5,12,0,0,1.33721961911024,0.910609412596262,TRUE,0,TRUE,TRUE,0,0,0.109223453203237,0.153366646621907,TRUE,0,TRUE,TRUE,4.86446406439721e-23,1.10069438560352e-19,4.86446406439524e-23,1.1006943856038e-19,"M0.1","M1.1","M1.1","Both","Both","Both",14,14,161,14
"model4",0.56,0.37,0.6,0.8,11,0,0,0.464237703280316,0.39692551032855,TRUE,0,TRUE,TRUE,0,0,1.20769409760936,0.849357752448452,TRUE,0,TRUE,TRUE,4.02107639244654e-60,3.7532262634127e-51,4.0210763924478e-60,3.753226263415e-51,"M1.2","M1.2","M1.2","Both","Both","Both",13,13,181,13
"model1",0.64,0.16,0.5,0.8,11,0,0,0.798429916686926,0.874431016498192,TRUE,0,TRUE,TRUE,0,0,0.404495035665622,0.687393246975244,TRUE,0,TRUE,TRUE,3.12059453392498e-132,2.42875222413848e-92,3.12059453392498e-132,2.42875222413931e-92,"M2.1","M1.1","M1.1","Both","Both","Both",12,12,171,12
"model3",0.36,0.4,1.4,0.6,13,1.14248610572076e-11,0,0.239548037632006,0.709126641654585,TRUE,0,TRUE,TRUE,4.86241269470611e-10,0,0.254055145094202,0.781370625062633,TRUE,0,TRUE,TRUE,2.83397294504812e-116,1.40302145314478e-31,2.83397294504925e-116,1.4030214531447e-31,"M3","M4","M4","Both","Both","Both",13,13,162,13
"model2",0.48,0.25,1.4,0.6,9,0,0,-96.2549708552575,-25.3783860252919,TRUE,0,TRUE,TRUE,0,0,-0.00571142520485833,-0.00681097136307137,TRUE,0,TRUE,TRUE,1.01138100417445e-28,2.7009909835382e-27,1.01138100417445e-28,2.70099098353875e-27,"Other","M2.1","M2.1","Both","Both","Both",12,12,161,12
"model1",0.7,0.3,1.1,0.7,1,0,0,1.01270344455034,1.11475806793037,TRUE,0,TRUE,TRUE,0,0,0.351147526789353,0.364306653041613,TRUE,0,TRUE,TRUE,6.05127621640696e-77,4.37986571554092e-65,6.05127621640593e-77,4.3798657155418e-65,"M2.1","M1.1","M1.1","Both","Both","Both",2,2,182,2
"model2",1.2,0.25,0.9,1,13,0,0.00274899879373236,8.17664109114685,0.124930099282754,TRUE,0.000277366036829219,TRUE,TRUE,0,0.00200713950218612,0.0511149465904537,0.111223152120792,TRUE,0.000130332224113688,TRUE,TRUE,0.00255306237235126,0.0403378590027964,0.00255306237235163,0.0403378590027933,"M2.1","M2.1","M3","Both","Both","Both",13,13,148,13
"model3",0.35,0.21,1.3,0.7,8,1.45949918817223e-12,0.795429153172248,-0.217806611965823,0.0122525727784021,TRUE,0.0663951596350809,FALSE,FALSE,1.205480160138e-11,0.713423734413944,-0.316428341852812,0.0128421980573477,TRUE,0.038247087198807,FALSE,FALSE,0.748266246002055,0.45019319359166,0.748266246002069,0.450193193591666,"M3","M3","M3","Both","No.Med","No.Med",9,9,136,9
"model1",0.6,0.41,0.6,1,5,0,0,0.815443140655894,0.825613513923122,TRUE,0,TRUE,TRUE,0,0,0.515503055669095,0.43966501549407,TRUE,0,TRUE,TRUE,1.8833197513464e-66,1.10133990853794e-68,1.88331975134629e-66,1.10133990853788e-68,"M2.1","M1.1","M1.1","Both","Both","Both",6,6,164,6
"model3",0.45,0.27,1.2,0.5,8,5.21762639760226e-08,0,0.225235622789587,0.5794922012921,TRUE,0,TRUE,TRUE,7.04975660070772e-08,0,0.185231521728204,0.564415620040819,TRUE,0,TRUE,TRUE,2.47844455885716e-58,4.12600471351163e-46,2.4784445588544e-58,4.12600471351063e-46,"M3","M4","M4","Both","Both","Both",9,9,163,9
"model3",0.25,0.44,0.8,0.5,5,5.70580013570243e-06,4.27315243303195e-05,0.179966893654107,-0.197053640867735,TRUE,4.58212998391214e-06,TRUE,TRUE,9.09939104198898e-06,0.000100321829836325,0.167689672629319,-0.125772732487452,TRUE,6.81222332588781e-06,TRUE,TRUE,4.79894516851484e-05,0.000294470546181051,4.7989451685142e-05,0.000294470546181027,"M3","M4","M4","Both","Both","Both",5,5,137,5
"model3",0.8,0.3,1.2,1,7,0.0171843579353745,0.00046728833177645,-0.0977173087171021,0.144564951451265,TRUE,4.8513471821495e-05,TRUE,TRUE,0.0113587815736198,0.0003002930151772,-0.0896938107977667,0.124620118637245,TRUE,2.00621192817826e-05,TRUE,TRUE,0.0005508436902799,0.00816869426009631,0.000550843690279896,0.00816869426009637,"M3","M4","M4","Both","Both","Both",7,7,159,7
"model2",0.78,0.5,1.5,0.6,13,0,0,7.99175915294479,-99.8473544954213,TRUE,0,TRUE,TRUE,0,0,0.0198979876206759,-0.00207655517442624,TRUE,0,TRUE,TRUE,9.70948985910456e-35,4.57387376764055e-30,9.709489859104e-35,4.57387376764137e-30,"M0.1","M2.1","M2.1","Both","Both","Both",13,13,152,13
"model0",0.42,0.3,1.5,0.6,9,0.714056710517784,1.07309272578959e-10,-0.626885393838498,4.67754761155069,TRUE,1.25221550656688e-11,TRUE,TRUE,0.658720126303081,2.66853206198903e-11,-0.00040523425648861,0.0130623767541129,TRUE,2.00013815290123e-12,TRUE,TRUE,1.33002343180547e-10,0.00165316711917143,1.33002343180539e-10,0.0016531671191713,"M0.1","M2.1","M1.1","Both","Both","Both",9,9,148,9
"model3",0.72,0.17,0.5,0.8,4,2.37871722319483e-10,0.508914352452524,-0.26391007427539,-0.0328583529830407,TRUE,0.043649370537669,FALSE,FALSE,3.5251801477898e-11,0.432668154259412,-0.223016261520508,-0.0292059179146678,TRUE,0.0239486811696515,FALSE,FALSE,0.427238536470129,0.50252642267263,0.427238536470143,0.502526422672631,"M3","M3","M3","Both","No.Med","No.Med",7,7,157,7
"model4",0.91,0.36,0.5,0.7,5,0,0,0.40322302648886,0.413849854593202,TRUE,0,TRUE,TRUE,0,0,0.690331073248121,0.733905225247383,TRUE,0,TRUE,TRUE,1.05800223887822e-53,3.53934913739254e-36,1.05800223887816e-53,3.53934913739274e-36,"M1.2","M1.2","M1.2","Both","Both","Both",6,6,146,6
"model0",0.64,0.08,1.4,0.8,10,0,0.204722720230344,2.96198585002887,0.482456396173264,TRUE,0.0185007935036859,FALSE,FALSE,0,0.195426212242995,0.101345550266333,0.00516472849592867,TRUE,0.0113255659333107,FALSE,FALSE,0.201648340963104,1.8354136925784e-05,0.20164834096311,1.83541369257848e-05,"M0.1","M0.1","M1.1","Both","No.Med","No.Med",10,10,181,10
"model0",0.54,0.42,1.4,0.9,12,1.11903153410253e-10,0.0122709932371632,1.54853029462624,0.703775653871259,TRUE,0.0012054739375528,TRUE,FALSE,1.84365855915303e-11,0.0117213534276852,0.0415543172632975,0.0144632613087419,TRUE,0.000737980040928484,TRUE,FALSE,0.00988610712001405,0.00251426565810046,0.00988610712001311,0.00251426565810042,"M0.1","M1.1","M1.1","Both","Both","No.Med",13,13,172,13
"model0",1.35,0.16,1.4,0.9,11,0.752291271759252,0.666319302240237,0.262824631995422,0.361233085063523,TRUE,0.0562477662297983,FALSE,FALSE,0.766092509316396,0.635198189460411,0.000436980753708171,0.000879323813836575,TRUE,0.0344049162733182,FALSE,FALSE,0.648896936386636,0.0618662495846521,0.648896936386641,0.061866249584651,"M0.1","M0.1","M0.1","Both","No.Med","No.Med",11,11,147,11
"model4",1.26,0.41,1.3,0.9,9,0,0,0.318432036471501,0.386033149208774,TRUE,0,TRUE,TRUE,0,0,0.7893559609095,0.913619468868164,TRUE,0,TRUE,TRUE,7.22118525161747e-64,6.6915026383868e-65,7.22118525161829e-64,6.69150263838757e-65,"M1.2","M1.2","M1.2","Both","Both","Both",9,9,119,9
"model1",0.56,0.34,0.5,0.8,7,0,0,0.817741228083798,0.932963711562622,TRUE,0,TRUE,TRUE,0,0,0.626392523933776,0.710823797843299,TRUE,0,TRUE,TRUE,3.73007768698022e-157,5.04480210138655e-120,3.7300776869815e-157,5.04480210138741e-120,"M2.1","M1.1","M1.1","Both","Both","Both",8,8,135,8
"model4",0.3,0.26,0.6,0.6,7,0,0,0.560034800362486,0.404736873713877,TRUE,0,TRUE,TRUE,0,0,0.992917307696876,0.798597708115449,TRUE,0,TRUE,TRUE,1.09262894847497e-57,5.20328676625001e-45,1.09262894847448e-57,5.20328676625127e-45,"M0.2","M4","M4","Both","Both","Both",7,7,170,7
"model4",1.17,0.44,0.6,0.9,8,0,0,0.591033474473585,0.457211930838988,TRUE,0,TRUE,TRUE,0,0,0.929746016771493,0.875676913879469,TRUE,0,TRUE,TRUE,1.48261939457691e-74,2.71581069267384e-75,1.48261939457729e-74,2.71581069267353e-75,"M1.2","M1.2","M1.2","Both","Both","Both",11,11,149,11
"model2",0.64,0.01,1.1,0.8,3,0,0.00129965316814862,-2.61666132450034,0.133756166944585,TRUE,0.000132215875881932,TRUE,TRUE,0,0.000950363185648895,-0.0829658168406599,0.123595715607875,TRUE,6.2276395104428e-05,TRUE,TRUE,0.000288833896941277,0.351195605135143,0.00164444224842069,0.251327499137389,"Other","M2.1","M0.1","Both","Both","Both",6,6,151,6
"model1",0.6,0.03,1.1,0.5,15,0,0,0.788833308510382,1.26964655439096,TRUE,0,TRUE,TRUE,0,0,0.254998956653379,0.173807930463763,TRUE,0,TRUE,TRUE,2.8883398300611e-44,5.2437831438053e-27,2.63233638664343e-36,1.45293151154147e-32,"M0.1","M1.1","M1.1","Both","Both","Both",15,15,176,15
"model4",0.28,0.09,1.1,0.7,4,0,0,0.399480789903056,0.369622513982547,TRUE,0,TRUE,TRUE,0,0,1.4369306932289,0.585118885790805,TRUE,0,TRUE,TRUE,8.90770557078825e-37,1.3819078058197e-35,8.90770557078825e-37,1.38190780581918e-35,"M4","M4","M4","Both","Both","Both",5,5,146,5
"model4",0.6,0.16,0.6,0.6,4,0,0,0.50198951161949,0.256722718792973,TRUE,0,TRUE,TRUE,0,0,1.23294089584596,0.830773233037935,TRUE,0,TRUE,TRUE,3.1515128760742e-36,3.59690751840232e-58,3.15151287607407e-36,3.59690751840129e-58,"M1.2","M1.2","M1.2","Both","Both","Both",5,5,179,5
"model2",0.63,0.29,1.1,0.7,6,0,0,-124.288361508352,-115.780739227366,TRUE,0,TRUE,TRUE,0,0,-0.00238067498744866,-0.00269374656614463,TRUE,0,TRUE,TRUE,3.79672848328887e-55,2.85891799589076e-43,3.79672848329006e-55,2.85891799589108e-43,"Other","M2.1","M2.1","Both","Both","Both",9,9,158,9
"model1",1.17,0.26,1.5,0.9,14,0,0,0.966893756076791,0.972114998156222,TRUE,0,TRUE,TRUE,0,0,0.53268186019076,0.447853539766208,TRUE,0,TRUE,TRUE,7.50030951203618e-83,6.04351612387676e-64,7.50030951203426e-83,6.04351612387332e-64,"M2.1","M1.1","M1.1","Both","Both","Both",13,13,168,13
"model1",0.36,0.5,0.7,0.9,7,0,0,1.40926120880142,0.971531981056853,TRUE,0,TRUE,TRUE,0,0,0.453658424888331,0.546196946315299,TRUE,0,TRUE,TRUE,7.62013382107668e-110,2.20928416815323e-92,7.62013382107538e-110,2.20928416815253e-92,"M2.1","M1.1","M1.1","Both","Both","Both",8,8,159,8
"model2",0.2,0.3,1.1,0.5,14,0,0,13.4969016082782,43.8819395918944,TRUE,0,TRUE,TRUE,0,0,0.0210518056306441,0.00284671216937724,TRUE,0,TRUE,TRUE,1.57038993075385e-20,4.44045923445598e-19,1.57038993075336e-20,4.44045923445572e-19,"M0.1","M2.1","M2.1","Both","Both","Both",17,17,136,17
"model1",0.84,0.37,0.9,0.6,13,2.52682215151623e-08,0,0.399957150410004,0.919950913868616,TRUE,0,TRUE,TRUE,1.17021088374969e-08,0,0.108682159782849,0.589393825437863,TRUE,0,TRUE,TRUE,3.25968528372622e-112,7.03200411623165e-73,3.2596852837265e-112,7.03200411623285e-73,"M3","M1.1","M1.1","Both","Both","Both",15,15,158,15
"model0",0.48,0.4,0.7,0.8,7,0,0.0419088004439074,3.045404687693,2.37346423697468,TRUE,0.00395891961340362,TRUE,FALSE,0,0.0415024334047662,0.0564091704450939,0.00275389966933248,TRUE,0.00250672108306948,TRUE,FALSE,0.0384391268951646,0.529329216211698,0.0384391268951672,0.52932921621169,"M0.1","M0.1","M0.1","Both","Both","No.Med",10,10,139,10
"model0",0.96,0.12,1.4,0.8,7,0.0448439552817417,0.162165151379537,1.37644926611982,0.83708093950701,TRUE,0.0147961960488812,FALSE,FALSE,0.0584003096242041,0.14352461087394,0.00428142875014874,0.00341189215899849,TRUE,0.00842001184802401,FALSE,FALSE,0.1712522658307,0.203539903527146,0.171252265830698,0.203539903527147,"M0.1","M0.1","M0.1","Both","No.Med","No.Med",9,9,142,9
"model1",0.25,0.25,1,0.5,4,0,0,1.78485314409691,0.985865363266294,TRUE,0,TRUE,TRUE,0,0,0.375143876764337,0.189491969855417,TRUE,0,TRUE,TRUE,1.64524131290917e-31,1.23029972501153e-34,1.64524131290958e-31,1.23029972501241e-34,"M1.1","M1.1","M1.1","Both","Both","Both",4,4,159,4
"model1",0.42,0.38,1.5,0.7,11,0,0,0.667308060047185,0.816078442867554,TRUE,0,TRUE,TRUE,0,0,0.309766074247274,0.245135576862957,TRUE,0,TRUE,TRUE,1.73770488355809e-33,1.53077650706607e-32,1.73770488355716e-33,1.53077650706601e-32,"M0.1","M4","M1.1","Both","Both","Both",12,12,163,12
"model1",0.28,0.11,0.7,0.7,14,0,0,1.03167391994228,1.08469763732982,TRUE,0,TRUE,TRUE,0,0,0.37488432704952,0.573110150057818,TRUE,0,TRUE,TRUE,1.81425536114016e-138,2.66780465294532e-100,1.81425536114119e-138,2.66780465294737e-100,"M2.1","M1.1","M1.1","Both","Both","Both",18,18,176,18
"model2",0.91,0.13,1.2,0.7,2,0,0,71.4205530108246,-3.11779106051388,TRUE,0,TRUE,TRUE,0,0,0.00141927425750391,-0.0998226783882515,TRUE,0,TRUE,TRUE,1.69048118484403e-55,7.40487472596987e-26,1.6904811848442e-55,7.40487472597025e-26,"Other","M2.1","M2.1","Both","Both","Both",3,3,173,3
"model4",0.2,0.24,0.7,0.5,13,0,0,0.271357051345446,0.308393289529584,TRUE,0,TRUE,TRUE,0,0,0.542607736889222,0.515287032525984,TRUE,0,TRUE,TRUE,2.91679941360493e-26,2.34413010833288e-21,2.9167994136028e-26,2.34413010833237e-21,"M0.2","M4","M4","Both","Both","Both",14,14,169,14
"model4",0.3,0.34,0.5,1,1,0,0,0.838518425746955,0.434531257039128,TRUE,0,TRUE,TRUE,0,0,0.825662476551803,0.848120025325393,TRUE,0,TRUE,TRUE,4.19454219933097e-68,1.36878820433854e-78,4.19454219933383e-68,1.36878820433924e-78,"M4","M4","M1.2","Both","Both","Both",2,2,149,2
"model3",1.04,0.31,1.1,0.8,11,0.0413837549583576,3.04810461688731e-05,0.112344881941216,-0.213142981439371,TRUE,3.29435232364363e-06,TRUE,TRUE,0.0365160449227375,2.11600294084402e-05,0.0611697664557485,-0.11901004329541,TRUE,1.46981686125797e-06,TRUE,TRUE,4.2306694550361e-05,0.156198145731318,4.23066945503587e-05,0.156198145731315,"M3","M4","M3","Both","Both","Both",11,11,159,11
"model1",0.65,0.18,1,0.5,2,0,0,1.26301872088496,0.902125490745221,TRUE,0,TRUE,TRUE,0,0,0.206206510980679,0.109385381957248,TRUE,0,TRUE,TRUE,1.1311200069711e-16,1.36789730516221e-26,1.13112000697117e-16,1.36789730516229e-26,"M1.1","M1.1","M1.1","Both","Both","Both",2,2,140,2
"model4",1.1,0.14,0.9,1,14,0,0,0.446666316080783,0.497270607446843,TRUE,0,TRUE,TRUE,0,0,0.818535934816133,0.91879054124808,TRUE,0,TRUE,TRUE,3.19006839872101e-88,1.0204190681838e-59,3.19006839872101e-88,1.02041906818403e-59,"M1.2","M1.2","M1.2","Both","Both","Both",14,14,190,14
"model1",0.84,0.32,0.6,0.7,8,0,0,0.690994545247299,1.07454606797952,TRUE,0,TRUE,TRUE,0,0,0.199937074637097,0.64049331589203,TRUE,0,TRUE,TRUE,6.32204850016493e-168,1.43722109630432e-109,6.32204850016493e-168,1.4372210963051e-109,"M2.1","M1.1","M1.1","Both","Both","Both",9,9,155,9
"model2",0.6,0.47,0.5,0.6,9,0.000646057363822061,0,1.31525753965739,9.96857677965262,TRUE,0,TRUE,TRUE,0.000929362730890615,0,0.0125924967475768,0.0215447023926658,TRUE,0,TRUE,TRUE,3.48672661085083e-36,4.44007825856509e-20,3.48672661085144e-36,4.44007825856483e-20,"M0.1","M2.1","M2.1","Both","Both","Both",11,11,149,11
"model4",0.5,0.24,1,1,11,0,0,0.353388420511678,0.463876268954843,TRUE,0,TRUE,TRUE,0,0,0.964684920144741,1.03829938995336,TRUE,0,TRUE,TRUE,8.08732858411129e-95,1.6576293168116e-75,8.08732858411474e-95,1.65762931681179e-75,"M1.2","M1.2","M1.2","Both","Both","Both",14,14,172,14
"model0",0.28,0.37,0.5,0.7,9,1.60637614321502e-07,0,0.662386503045655,0.952029272229028,TRUE,0,TRUE,TRUE,5.87197406254347e-08,0,0.0588135564015239,0.426669362511529,TRUE,0,TRUE,TRUE,4.66211542477926e-76,4.15159277302658e-57,4.6621154247859e-76,4.15159277302895e-57,"Other","M1.1","M1.1","Both","Both","Both",10,10,157,10
"model0",0.5,0.26,1.5,0.5,12,0,2.24686935723639e-12,2.27393927615854,1.2738497384925,TRUE,2.65466381015394e-13,TRUE,TRUE,0,9.10604924797553e-13,0.0569550329988195,0.0546470782560345,TRUE,6.89086153886184e-14,TRUE,TRUE,7.33337587444532e-12,6.37737378544483e-08,7.3333758744463e-12,6.37737378544563e-08,"M0.1","M1.1","M1.1","Both","Both","Both",13,13,153,13
"model1",1.12,0.49,1,0.8,6,0,0,0.601003361104931,1.0045883368497,TRUE,0,TRUE,TRUE,0,0,0.333284644980507,0.619492717467422,TRUE,0,TRUE,TRUE,2.0436945839507e-140,5.65151774915011e-93,2.04369458395081e-140,5.65151774914866e-93,"M4","M1.1","M1.1","Both","Both","Both",10,10,135,10
"model3",0.42,0.45,0.5,0.7,11,0.0013212792380477,8.61599222190534e-07,0.156137461647132,0.177494170792532,TRUE,9.63374286890556e-08,TRUE,TRUE,0.00165869355919757,2.16385700868571e-06,0.0993680108960194,0.2038084278721,TRUE,1.54253971050874e-07,TRUE,TRUE,9.24876109089328e-07,8.92641416169526e-07,9.248761090893e-07,8.92641416169605e-07,"M3","M4","M4","Both","Both","Both",10,10,159,10
"model3",0.2,0.17,1.5,0.5,2,0,0,-0.751116350702315,0.766340442785053,TRUE,0,TRUE,TRUE,0,0,-0.659556268563531,0.726590353787964,TRUE,0,TRUE,TRUE,9.80639335528451e-119,1.74588493465468e-87,9.80639335528619e-119,1.74588493465314e-87,"M4","M4","M4","Both","Both","Both",4,4,158,4
"model4",0.54,0.09,0.5,0.6,10,0,0,0.599553065122694,0.593485725837818,TRUE,0,TRUE,TRUE,0,0,0.733351879658622,0.922212666117594,TRUE,0,TRUE,TRUE,2.58780148081964e-114,2.89870418263296e-91,2.58780148082053e-114,2.89870418263263e-91,"M1.2","M1.2","M1.2","Both","Both","Both",12,12,144,12
"model0",1.1,0.39,0.7,1,4,0.0351255076714001,0,1.42678675602997,1.37149915081776,TRUE,0,TRUE,TRUE,0.0291186766572602,0,0.00494534077351963,0.244430210241032,TRUE,0,TRUE,TRUE,2.98764078563569e-60,2.89152383573916e-28,2.98764078563288e-60,2.89152383573841e-28,"M0.1","M1.1","M1.1","Both","Both","Both",7,7,165,7
"model3",0.4,0.05,0.9,1,4,2.22044604925031e-16,0.203481115416112,-0.389935240523004,-0.045903934555139,TRUE,0.0184021106906976,FALSE,FALSE,5.10702591327572e-15,0.218261234510153,-0.227133025836007,-0.0432158689955522,TRUE,0.0126117794621723,FALSE,FALSE,0.255460147521944,0.227631669339311,0.211017371430078,0.261770049085413,"M3","M3","M3","Both","No.Med","No.Med",5,5,161,5
"model4",0.5,0.36,1.4,0.5,1,0,0,0.424052840972232,0.300529438003724,TRUE,0,TRUE,TRUE,0,0,0.583261812708129,0.467050314333636,TRUE,0,TRUE,TRUE,1.60462038126754e-23,2.62172940279955e-46,1.60462038126755e-23,2.62172940279966e-46,"M4","M4","M4","Both","Both","Both",3,3,152,3
"model2",0.7,0.06,0.7,0.7,14,0,0,1.84682069541968,2.63535702879497,TRUE,0,TRUE,TRUE,0,0,0.182573578765512,0.236467689118252,TRUE,0,TRUE,TRUE,4.91367374656233e-139,4.60718586919638e-102,4.91367374656597e-139,4.6071858691969e-102,"Other","M2.1","M2.1","Both","Both","Both",18,18,164,18
"model0",0.9,0.24,1.3,1,6,2.22044604925031e-16,0.350812669864777,-12.7308891103748,-0.492670947981019,TRUE,0.0307977913239785,FALSE,FALSE,0,0.339291342098645,-0.00758304793607899,-0.00284936270721772,TRUE,0.0190731142398586,FALSE,FALSE,0.33651943243694,0.000831644226668886,0.336519432436942,0.000831644226668895,"M0.1","M0.1","M1.1","Both","No.Med","No.Med",6,6,141,6
"model4",0.77,0.42,0.9,0.7,9,0,0,0.472267259710212,0.39400181738431,TRUE,0,TRUE,TRUE,0,0,0.946082393676594,0.825591504410526,TRUE,0,TRUE,TRUE,8.80468948992764e-58,2.99424414474571e-56,8.80468948992689e-58,2.99424414474546e-56,"M1.2","M4","M1.2","Both","Both","Both",11,11,151,11
"model4",0.24,0.45,1.3,0.8,5,0,0,0.191489163455086,0.40105113883785,TRUE,0,TRUE,TRUE,0,0,1.37564679370054,0.788364008367357,TRUE,0,TRUE,TRUE,3.32038541035487e-56,1.9320341841377e-44,3.32038541035401e-56,1.93203418413754e-44,"M0.2","M4","M4","Both","Both","Both",7,7,162,7
"model0",0.99,0.38,1,0.9,13,8.88178419700125e-15,0.36564906190828,9.26884252446197,-0.952846636235601,TRUE,0.0320088872556195,FALSE,FALSE,2.44249065417534e-15,0.376463424610989,0.0095381928299046,-0.00122312988204688,TRUE,0.0210424838180925,FALSE,FALSE,0.384874950354507,0.232495410004112,0.384874950354505,0.232495410004109,"M0.1","M0.1","M0.1","Both","No.Med","No.Med",16,16,179,16
"model3",0.72,0.18,1.2,0.9,2,4.5204793241993e-09,0,-0.270201517539297,0.516947030539711,TRUE,0,TRUE,TRUE,2.38696018506346e-09,0,-0.194114111420716,0.438560410600733,TRUE,0,TRUE,TRUE,1.04890888511337e-38,4.62755596170653e-16,1.04890888511358e-38,4.62755596170723e-16,"M3","M4","M4","Both","Both","Both",5,5,186,5
"model0",0.96,0.12,1.5,0.8,10,0.000186112302535291,0.0148196637350246,1.43718615039806,0.789692073993785,TRUE,0.00144660593232521,TRUE,FALSE,0.000192469637231296,0.0182912607745638,0.0146171718644951,0.0116125524930444,TRUE,0.00113706895896326,TRUE,FALSE,0.0141408790310249,0.00402920928362424,0.014140879031025,0.00402920928362436,"M0.1","M0.1","M1.1","Both","Both","No.Med",10,10,162,10
"model2",0.45,0.28,0.7,0.5,11,0,0,-7.77658546136459,17.1925427285725,TRUE,0,TRUE,TRUE,0,0,-0.045286148452555,0.00992508293436578,TRUE,0,TRUE,TRUE,3.54778700928973e-28,1.23419513406243e-22,3.54778700928873e-28,1.23419513406239e-22,"M0.1","M2.1","M2.1","Both","Both","Both",16,16,162,16
"model0",0.5,0.08,0.9,0.5,8,3.365734401517e-05,7.63965183514514e-06,1.26894899709459,1.09533283432456,TRUE,8.42715800530563e-07,TRUE,TRUE,2.3841765357524e-05,4.88674295406888e-06,0.021076430481854,0.0275582086024492,TRUE,3.45853023160044e-07,TRUE,TRUE,7.50220981999533e-06,5.83193520655855e-05,7.50220981999431e-06,5.8319352065585e-05,"M0.1","M1.1","M1.1","Both","Both","Both",9,9,162,9
"model0",0.6,0.26,0.9,0.6,6,2.39475861363303e-09,0.921527737056958,-23.1438837728976,-0.167428327155954,TRUE,0.0759156021799958,FALSE,FALSE,2.77088330058461e-09,0.917608747428232,-0.00215959031155193,-0.000195286750873034,TRUE,0.0483698349335694,FALSE,FALSE,0.883693880141227,0.135910893768395,0.883693880141258,0.135910893768391,"M0.1","M0.1","M0.1","Both","No.Med","No.Med",9,9,154,9
"model0",1.12,0.34,1.1,0.8,10,7.03840251858878e-07,0.0292027362866172,4.18666545988769,0.875935679552434,TRUE,0.00279296192649594,TRUE,FALSE,3.33910908478785e-07,0.0233367211720146,0.00888968033097587,0.00886049357643987,TRUE,0.00144274076042615,TRUE,FALSE,0.0240399537384707,0.171272101945248,0.0240399537384706,0.17127210194524,"M0.1","M0.1","M0.1","Both","Both","No.Med",10,10,156,10
"model3",0.5,0.41,1.2,1,7,2.04969374806296e-12,0.964690231784019,-0.246094712549211,0.00295737661049333,TRUE,0.0791532379837209,FALSE,FALSE,2.08366657261649e-12,0.924127547772311,-0.271320955171551,0.00318034259487804,TRUE,0.048648291415255,FALSE,FALSE,0.937367171709395,0.926381182983272,0.937367171709385,0.926381182983287,"M3","M3","M3","Both","No.Med","No.Med",7,7,174,7
"model2",0.42,0.5,0.7,0.6,12,0,0,-2.5558827892929,20.439128498008,TRUE,0,TRUE,TRUE,0,0,-0.250650188443869,0.00872284975970863,TRUE,0,TRUE,TRUE,1.28157401346865e-29,5.22237065037636e-32,1.28157401346834e-29,5.22237065037779e-32,"M0.1","M2.1","M2.1","Both","Both","Both",13,13,167,13
"model0",0.7,0.44,1.2,1,2,0,0.000194588365459714,5.78276623813974,1.80097002019739,TRUE,2.05082428445846e-05,TRUE,TRUE,0,0.000199291119680201,0.0399691532313369,0.0114472530946974,TRUE,1.33939267707444e-05,TRUE,TRUE,0.000205495864836396,9.11512078548372e-09,0.000205495864836406,9.11512078548442e-09,"Other","M1.1","M1.1","Both","Both","Both",2,2,142,2
"model3",0.54,0.12,0.5,0.6,12,6.45283826372633e-12,0.988681743878801,0.222293072986556,-0.00115781408821986,TRUE,0.0810676704422832,FALSE,FALSE,9.9031893796564e-13,0.990497139505204,0.289526217424192,-0.00173652918723458,TRUE,0.0520030074860337,FALSE,FALSE,0.971173237740223,0.485203477055741,0.971173237740247,0.485203477055742,"M0.2","M3","M3","Both","No.Med","No.Med",14,14,178,14
"model3",0.98,0.44,0.7,0.7,7,2.49824326647996e-06,0,0.184222492317316,0.580120403431953,TRUE,0,TRUE,TRUE,3.87433201542997e-06,0,0.173340369821416,0.428507585421669,TRUE,0,TRUE,TRUE,1.39445930083042e-42,1.11362401144773e-19,1.39445930083038e-42,1.11362401144788e-19,"M3","M4","M4","Both","Both","Both",9,9,170,9
"model2",1.5,0.17,1.4,1,4,0,0.00122246575708584,-3.57939388573253,0.140015561709281,TRUE,0.000124466422219019,TRUE,TRUE,0,0.00057951448249316,-0.162925320342075,0.119732291571285,TRUE,3.83260622320029e-05,TRUE,TRUE,0.000855844678346274,0.0642321867982821,0.000855844678346141,0.0642321867982815,"M2.1","M2.1","M3","Both","Both","Both",6,6,162,6
"model2",0.56,0.29,0.9,0.7,7,0,0,-9.46919069953323,-18.1378901150038,TRUE,0,TRUE,TRUE,0,0,-0.0814275006204596,-0.01700786864632,TRUE,0,TRUE,TRUE,1.91518415603951e-54,1.26104987560037e-57,1.91518415603973e-54,1.2610498756003e-57,"M2.1","M2.1","M2.1","Both","Both","Both",9,9,150,9
"model0",0.64,0.3,1.4,0.8,4,0,0.0195415256166798,4.47644527411672,0.720056590616344,TRUE,0.00189848512217309,TRUE,FALSE,0,0.0208295231600724,0.0623712375661669,0.0112431940109302,TRUE,0.00128976517242022,TRUE,FALSE,0.0205934783412144,1.13646727311703e-09,0.0205934783412158,1.13646727311717e-09,"M4","M0.1","M1.1","Both","Both","No.Med",4,4,146,4
"model2",0.15,0.4,0.7,0.5,15,6.55964171869527e-12,0.000176021834300322,2.04215675645528,-7.01960781089616,TRUE,1.8567371605716e-05,TRUE,TRUE,2.83963963454426e-11,0.000152830976565266,0.0305587631867712,-0.00302592239340586,TRUE,1.03154862816274e-05,TRUE,TRUE,0.000190446347310904,1.0261293584029e-27,0.000190446347310933,1.02612935840339e-27,"M0.1","M2.1","M2.1","Both","Both","Both",15,15,169,15
"model4",0.25,0.48,0.7,0.5,12,0,1.26565424807268e-14,0.150811147991365,0.196831190562507,TRUE,1.5128021875263e-15,TRUE,TRUE,0,1.31006316905768e-14,0.957560942027584,0.422450439971575,TRUE,1.00002403904837e-15,TRUE,TRUE,5.2182721708799e-14,1.74554407707558e-12,5.21827217088065e-14,1.74554407707563e-12,"M0.2","M4","M4","Both","Both","Both",11,11,164,11
"model4",0.4,0.25,1.3,0.8,4,5.12223596871308e-11,0,0.137230356919083,0.446308362858213,TRUE,0,TRUE,TRUE,1.34963151765533e-11,0,0.471181347405928,0.863762168175543,TRUE,0,TRUE,TRUE,1.32224141864729e-71,2.18083176498242e-61,1.32224141864748e-71,2.18083176498279e-61,"M4","M4","M4","Both","Both","Both",6,6,162,6
"model3",1.5,0.11,1.4,1,3,4.54527890103584e-06,0.0861117973187588,0.221146347853471,0.0782164952113344,TRUE,0.00798130979811199,FALSE,FALSE,5.44397248702921e-06,0.098530864831933,0.142907610377442,0.0562915548653603,TRUE,0.00581726721359226,FALSE,FALSE,0.0882652069628784,0.00652820499921203,0.0882652069628773,0.00652820499921204,"M3","M3","M4","Both","No.Med","No.Med",5,5,144,5
"model3",0.4,0.19,0.6,0.5,12,0.4912158942694,0.364221553594669,-0.0174008339915855,-0.0301865602368457,TRUE,0.0319066326483874,FALSE,FALSE,0.534416533622672,0.385815596818494,-0.0354297698650709,-0.0389560552798629,TRUE,0.0215346360199188,FALSE,FALSE,0.382008363307227,0.223468955475088,0.382008363307226,0.22346895547508,"M3","M3","M3","Both","No.Med","No.Med",14,14,162,14
"model0",0.54,0.36,1.5,0.9,4,0,1.37461014793061e-07,3.37549300330901,2.19987805610361,TRUE,1.55393585585611e-08,TRUE,TRUE,0,6.22067966027373e-08,0.0763611162039963,0.0189786747948184,TRUE,4.51216494739983e-09,TRUE,TRUE,1.13666748749372e-07,1.28594249375403e-07,1.13666748749405e-07,1.28594249375408e-07,"M3","M1.1","M1.1","Both","Both","Both",4,4,139,4
"model0",0.4,0.04,0.6,1,14,6.3621050543361e-06,0,5.41973970353898,1.39062516112796,TRUE,0,TRUE,TRUE,6.41060078243605e-06,0,0.00532167062674687,0.223775045985379,TRUE,0,TRUE,TRUE,1.69281880955756e-57,1.72375114431985e-40,2.29100400828167e-67,1.8942160599706e-41,"M0.1","M1.1","M1.1","Both","Both","Both",16,16,173,16
"model1",1.4,0.05,1.5,1,5,0,0,0.854979382741332,0.870176626483716,TRUE,0,TRUE,TRUE,0,0,0.530608077128201,0.459675742888587,TRUE,0,TRUE,TRUE,5.0423134781245e-75,3.89977684310376e-66,5.04231347812551e-75,3.8997768431062e-66,"Other","M1.1","M1.1","Both","Both","Both",6,6,156,6
"model4",0.7,0.5,0.5,0.5,10,0,0,0.404437768955307,0.33323875991088,TRUE,0,TRUE,TRUE,0,0,1.07947772579122,0.608920074305113,TRUE,0,TRUE,TRUE,4.77770462804948e-34,2.5179694460862e-36,4.77770462804976e-34,2.51796944608693e-36,"M1.2","M4","M4","Both","Both","Both",11,11,141,11
"model2",1.35,0.39,0.7,0.9,3,0,4.44912440222822e-09,11.52757754403,0.273593873914697,TRUE,5.11414702205046e-10,TRUE,TRUE,0,5.98332516865696e-09,0.0476626917096943,0.183395203971443,TRUE,4.38445071174706e-10,TRUE,TRUE,6.12149834961176e-09,0.884147514336884,6.1214983496128e-09,0.884147514336864,"M2.1","M2.1","M3","Both","Both","Both",7,7,150,7
"model0",1.26,0.13,0.8,0.9,14,0.000122314464586548,0,-0.572486266088684,1.25750748703837,TRUE,0,TRUE,TRUE,0.000130082577626034,0,-0.0381757955199999,0.297721332467572,TRUE,0,TRUE,TRUE,6.5088976273572e-68,3.51498629390176e-33,6.50889762735423e-68,3.51498629390272e-33,"M0.1","M1.1","M1.1","Both","Both","Both",17,17,174,17
"model3",0.6,0.39,1.3,0.5,11,0.483044249226116,7.06373537440186e-09,0.0244491011231927,0.212892300794702,TRUE,8.08180549930952e-10,TRUE,TRUE,0.500575259299614,3.3132767640609e-09,0.033710445950096,0.241139874884444,TRUE,2.44611785775776e-10,TRUE,TRUE,4.39474783360141e-09,4.63127143132829e-05,4.39474783360127e-09,4.63127143132887e-05,"M3","M4","M4","Both","Both","Both",10,10,142,10
"model3",0.15,0.34,1,0.5,5,0,0.000865811251565818,-0.851250215646095,-0.188227721631107,TRUE,8.88150326301213e-05,TRUE,TRUE,0,0.000563925717536051,-0.627764462473894,-0.0906271470983645,TRUE,3.73264694876286e-05,TRUE,TRUE,0.00078415738530633,0.00278296482560152,0.000784157385306235,0.00278296482560178,"M3","M4","M4","Both","Both","Both",8,8,150,8
"model2",0.6,0.07,0.9,0.6,11,0,0,-28.4573319974256,-6.63625338338005,TRUE,0,TRUE,TRUE,0,0,-0.0159770857476191,-0.0357772869120319,TRUE,0,TRUE,TRUE,3.07386297640828e-40,2.69203461180116e-36,3.07386297640758e-40,2.6920346118003e-36,"Other","M2.1","M2.1","Both","Both","Both",13,13,166,13
"model4",0.8,0.01,1.4,1,2,0,0,0.586398361657526,0.601105508051161,TRUE,0,TRUE,TRUE,0,0,0.876036392086174,0.914752402762391,TRUE,0,TRUE,TRUE,1.88185222422007e-161,1.64733042509998e-162,3.82972430276312e-188,6.43536677032021e-165,"M1.2","M1.2","M1.2","Both","Both","Both",2,2,151,2
"model4",0.63,0.43,1.1,0.7,2,0,0,0.476038292792219,0.504766038197138,TRUE,0,TRUE,TRUE,0,0,1.0897147504022,0.898499171571142,TRUE,0,TRUE,TRUE,6.25490981838738e-89,1.24271538741929e-90,6.25490981839147e-89,1.24271538742014e-90,"M1.2","M1.2","M1.2","Both","Both","Both",2,2,146,2
"model3",0.72,0.11,1.4,0.8,6,0,0,0.379077947877757,0.547274305196922,TRUE,0,TRUE,TRUE,0,0,0.294128724195901,0.626192553575252,TRUE,0,TRUE,TRUE,7.24153061063395e-62,1.16790951405296e-49,7.24153061063477e-62,1.16790951405276e-49,"M3","M4","M4","Both","Both","Both",7,7,140,7
"model0",0.75,0.4,0.8,0.5,7,0.866086258109242,0.000322081739397628,0.0357360287312503,1.06428436288834,TRUE,3.35711743165314e-05,TRUE,TRUE,0.865186637579925,0.0004732428334151,0.00167942124055042,0.018260108389206,TRUE,3.14298684762482e-05,TRUE,TRUE,0.00033140150511221,0.000969072960232231,0.000331401505112214,0.000969072960232222,"M0.1","M1.1","M1.1","Both","Both","Both",7,7,155,7
"model4",1.35,0.39,1.4,0.9,14,0,0,0.448016637378653,0.500343456130477,TRUE,0,TRUE,TRUE,0,0,0.770360542345775,0.776557615447583,TRUE,0,TRUE,TRUE,1.13134870332765e-71,2.3830983882412e-49,1.13134870332765e-71,2.38309838824151e-49,"M4","M4","M4","Both","Both","Both",12,12,153,12
"model3",1.3,0.07,0.5,1,7,0.932344738333195,0,0.00235799581648978,-7.78930889095584,TRUE,0,TRUE,TRUE,0.928003757595781,0,0.00198283463829389,-0.052811769408891,TRUE,0,TRUE,TRUE,4.52779603246506e-77,9.32930361607882e-39,4.52779603246312e-77,9.32930361607935e-39,"Other","M1.1","Other","Both","Both","Both",12,12,146,12
"model3",0.3,0.1,1.5,0.5,5,1.36205071887829e-07,0.00193314995546356,-0.250114493243646,-0.138190866264836,TRUE,0.000195530452937911,TRUE,TRUE,4.86467477411878e-08,0.00214998333525274,-0.161922402406418,-0.0994471223014393,TRUE,0.000139262979894318,TRUE,TRUE,0.00255820847244226,0.323539890468403,0.00255820847244229,0.323539890468396,"M3","M4","M3","Both","Both","Both",6,6,161,6
"model3",0.3,0.12,0.9,1,10,0,0.0276858653695711,-0.367585512808662,0.0866424458775099,TRUE,0.00264994836987156,TRUE,FALSE,0,0.0150467430163643,-0.403376299089489,0.091940242642559,TRUE,0.000941323130988032,TRUE,FALSE,0.0222441927349114,0.0392729352780909,0.0222441927349097,0.0392729352780912,"M3","M3","M3","Both","Both","No.Med",10,10,141,10
"model0",0.3,0.49,0.7,1,12,5.09658981684424e-12,0.0126865830597138,5.82798387469519,0.774476419256861,TRUE,0.00124332131416252,TRUE,FALSE,3.08097991563727e-11,0.012291685793768,0.0106902484175206,0.0123673080689086,TRUE,0.000770805122790064,TRUE,FALSE,0.0122780254812967,0.0300049266370049,0.0122780254812978,0.0300049266370045,"M0.1","M0.1","M0.1","Both","Both","No.Med",12,12,156,12
"model1",0.3,0.14,1.1,0.5,12,0,0,0.973756185922918,1.04541418979895,TRUE,0,TRUE,TRUE,0,0,0.115931163869748,0.163260811590806,TRUE,0,TRUE,TRUE,2.63392551484053e-28,1.39399330587181e-24,2.63392551483985e-28,1.39399330587137e-24,"M0.1","M1.1","M1.1","Both","Both","Both",13,13,138,13
"model4",0.81,0.35,1,0.9,9,0,0,0.50729965176469,0.440309889567343,TRUE,0,TRUE,TRUE,0,0,1.05066582305956,0.892903648528024,TRUE,0,TRUE,TRUE,4.50290169396121e-73,2.06449795428e-67,4.50290169396288e-73,2.06449795428e-67,"M1.2","M1.2","M1.2","Both","Both","Both",9,9,150,9
"model0",1.2,0.12,0.8,0.8,6,0.00181639571367498,0.304980600780958,-0.817949563946387,-1.26638476474555,TRUE,0.027044452385622,FALSE,FALSE,0.00239579250303668,0.287077667795047,-0.0164053692752612,-0.00117036578010102,TRUE,0.0163363149387973,FALSE,FALSE,0.324486656132776,0.00128302360750196,0.324486656132781,0.00128302360750195,"M0.1","M0.1","M1.1","Both","No.Med","No.Med",9,9,155,9
"model0",1.12,0.23,0.6,0.8,7,8.35692291618617e-05,0,-2.30852669164638,1.05481790809997,TRUE,0,TRUE,TRUE,9.34156275493869e-05,0,-0.0106431552308592,0.290046924952618,TRUE,0,TRUE,TRUE,6.38992117586232e-54,2.0939414444419e-27,6.38992117586569e-54,2.09394144444162e-27,"M0.1","M1.1","M1.1","Both","Both","Both",9,9,154,9
"model3",0.54,0.17,0.7,0.9,9,0,9.56672474994313e-06,0.402472355700581,0.140540267402961,TRUE,1.04777000123421e-06,TRUE,TRUE,0,5.78743060408726e-06,0.574015290249735,0.220589882785646,TRUE,4.08495989591771e-07,TRUE,TRUE,5.81273802118472e-06,1.26125822515572e-06,5.81273802118381e-06,1.26125822515578e-06,"M3","M4","M4","Both","Both","Both",11,11,153,11
"model0",0.48,0.2,0.6,0.6,10,0.171683912107105,0.763747605932838,-0.28798827312364,0.284491234938985,TRUE,0.0639455759794343,FALSE,FALSE,0.155470846325262,0.785558546014742,-0.0101174468957965,0.000626650296317076,TRUE,0.0419428504738591,FALSE,FALSE,0.733436908582291,0.431420780899625,0.733436908582283,0.431420780899616,"M0.1","M0.1","M0.1","Both","No.Med","No.Med",13,13,175,13
"model3",0.15,0.5,1,0.5,2,0,0.00015396554266256,-0.667930700545237,-0.161699540701434,TRUE,1.62826939429113e-05,TRUE,TRUE,0,7.13563229144398e-05,-0.508418595348315,-0.144001817711079,TRUE,4.87480054662524e-06,TRUE,TRUE,8.08583297266544e-05,0.0176983605066158,8.08583297266257e-05,0.0176983605066177,"M4","M4","M3","Both","Both","Both",4,4,137,4
"model1",0.48,0.28,0.8,0.8,10,0,0,1.226747490089,0.964686540674325,TRUE,0,TRUE,TRUE,0,0,0.275842581919347,0.737558953913068,TRUE,0,TRUE,TRUE,6.91225370915558e-178,1.19948718197323e-135,6.91225370915794e-178,1.19948718197351e-135,"M2.1","M1.1","M1.1","Both","Both","Both",13,13,136,13
"model0",1.2,0.1,0.7,0.8,1,0.821803021441728,0,-0.0620930687511812,1.13894096836372,TRUE,0,TRUE,TRUE,0.850220732921886,0,-0.00059637757679128,0.36714393511484,TRUE,0,TRUE,TRUE,2.00733703748218e-79,2.67460135126724e-30,2.0073370374812e-79,2.67460135126735e-30,"M0.1","M1.1","M1.1","Both","Both","Both",6,6,168,6
"model2",1.12,0.07,1.2,0.8,5,0,0,-3.44396273047669,-6.07625629450014,TRUE,0,TRUE,TRUE,0,0,-0.075781776120286,-0.0611690888392611,TRUE,0,TRUE,TRUE,2.56705155949379e-68,7.95836585504604e-45,2.56705155949401e-68,7.95836585504763e-45,"M2.1","M2.1","M2.1","Both","Both","Both",7,7,154,7
"model1",1.4,0.03,0.6,1,4,0,3.87658793954415e-11,0.74501567734937,-0.0661029455157872,TRUE,4.54523758818088e-12,TRUE,TRUE,0,6.91493529103582e-11,0.614385458382707,-0.950794703457186,TRUE,5.16326455052072e-12,TRUE,TRUE,9.40537786806008e-11,0.360018023860819,8.14499541273928e-14,0.55615539385254,"Other","Other","Other","Both","Both","Both",6,6,143,6
"model0",1,0.48,1.3,1,15,0.00606748676924695,0.000148589380676967,-1.90956928521478,-2.05173871361321,TRUE,1.57412055594121e-05,TRUE,TRUE,0.00376168281448952,0.000127728050398179,-0.00656158363188425,-0.0107751172569655,TRUE,8.65081497391199e-06,TRUE,TRUE,0.000135420388077923,0.987990210850386,0.000135420388077928,0.98799021085038,"M0.1","M2.1","M0.1","Both","Both","Both",12,12,190,12
"model4",1.12,0.43,0.6,0.8,1,0,0,0.565295480091542,0.483653396593652,TRUE,0,TRUE,TRUE,0,0,0.752678540135896,0.765121969917116,TRUE,0,TRUE,TRUE,1.88601270028393e-68,1.62938558528012e-62,1.88601270028446e-68,1.62938558528044e-62,"M4","M4","M1.2","Both","Both","Both",2,2,142,2
"model4",0.21,0.12,0.9,0.7,15,0,0,0.233139110744778,0.653412743804417,TRUE,0,TRUE,TRUE,0,0,0.542816185082052,0.897563477315751,TRUE,0,TRUE,TRUE,1.46007424387814e-126,4.8244183723572e-29,1.46007424387681e-126,4.82441837235789e-29,"M0.2","M4","M4","Both","Both","Both",15,15,156,15
"model0",0.63,0.16,0.9,0.7,12,0.850668531879052,0,-0.0388180972244982,1.05714614387696,TRUE,0,TRUE,TRUE,0.902600771426023,0,-0.00153490012389023,0.366593279328122,TRUE,0,TRUE,TRUE,3.16050699298023e-71,1.04370427057034e-46,3.16050699298095e-71,1.04370427057e-46,"M0.1","M1.1","M1.1","Both","Both","Both",14,14,176,14
"model4",0.54,0.48,0.6,0.9,3,0,0,0.318116545599281,0.462172523488668,TRUE,0,TRUE,TRUE,0,0,0.741260293542982,0.638566836301741,TRUE,0,TRUE,TRUE,4.28372412121271e-52,4.08616842937682e-47,4.28372412121381e-52,4.0861684293788e-47,"M4","M4","M4","Both","Both","Both",4,4,143,4
"model4",0.66,0.4,0.6,0.6,7,0,0,0.304125788843019,0.663937956790678,TRUE,0,TRUE,TRUE,0,0,0.58826372687074,0.887849645205321,TRUE,0,TRUE,TRUE,9.46156153146907e-129,2.01526735117649e-74,9.46156153147338e-129,2.01526735117528e-74,"M1.2","M1.2","M1.2","Both","Both","Both",9,9,173,9
"model0",0.8,0.09,1.2,1,2,9.86651205181488e-10,0.0724925797187923,6.68220302826707,-6.99694498859933,TRUE,0.00674441890566968,FALSE,FALSE,3.03721181538208e-09,0.0865678318352319,0.0075269564052287,-0.000615767499458745,TRUE,0.00513021225070891,FALSE,FALSE,0.0912655512891361,0.700100886229678,0.0912655512891365,0.70010088622968,"M0.1","M0.1","M0.1","Both","No.Med","No.Med",3,3,136,3
"model4",0.4,0.43,0.9,0.8,4,0,0,0.54493103975043,0.360639482156645,TRUE,0,TRUE,TRUE,0,0,0.668562577505163,0.634469592763075,TRUE,0,TRUE,TRUE,4.25788035903619e-39,1.65206422957487e-51,4.2578803590376e-39,1.65206422957501e-51,"M4","M4","M4","Both","Both","Both",5,5,151,5
"model3",0.7,0.49,0.8,0.5,12,0.000321296263454007,0,0.234349384782634,0.750068178849247,TRUE,0,TRUE,TRUE,0.000372290780340512,0,0.0851755914936793,0.705980926996484,TRUE,0,TRUE,TRUE,1.09759403094489e-108,1.86477797148163e-62,1.09759403094564e-108,1.8647779714829e-62,"M0.1","M4","M4","Both","Both","Both",13,13,162,13
"model3",0.5,0.08,1.4,0.5,9,0.641370987254406,0.00022608398361279,0.0142996328197639,0.12564525281375,TRUE,2.37260052755166e-05,TRUE,TRUE,0.697735773368732,0.000533536101065435,0.0172415501854833,0.143378524275686,TRUE,3.53744714769623e-05,TRUE,TRUE,0.000567386680837843,0.0101594461364862,0.000567386680837986,0.0101594461364865,"M3","M4","M3","Both","Both","Both",10,10,146,10
"model2",0.9,0.28,0.6,0.6,4,0,0,2.48299035008304,4.774992544674,TRUE,0,TRUE,TRUE,0,0,0.0771328485160771,0.0516024496191415,TRUE,0,TRUE,TRUE,2.36567322649613e-42,1.33720441927253e-30,2.36567322649657e-42,1.33720441927267e-30,"M2.1","M2.1","M2.1","Both","Both","Both",6,6,146,6
"model0",0.6,0.13,0.6,0.5,1,0.00134429395499946,0.381282834998961,-0.977026421543797,-0.52626201751975,TRUE,0.0332355352883106,FALSE,FALSE,0.0017762708008624,0.444474432077416,-0.0159577036689702,-0.00204732397162899,TRUE,0.0245648243153953,FALSE,FALSE,0.399129397236239,0.489064167310138,0.39912939723624,0.489064167310142,"M0.1","M0.1","M0.1","Both","No.Med","No.Med",4,4,147,4
"model2",0.6,0.2,0.7,0.5,8,0,0,-4.55950395254301,8.70895017763818,TRUE,0,TRUE,TRUE,0,0,-0.0485407832507678,0.0191811771328536,TRUE,0,TRUE,TRUE,7.62172732810696e-28,2.49190110327181e-31,7.6217273281112e-28,2.49190110327271e-31,"M0.1","M2.1","M2.1","Both","Both","Both",9,9,146,9
"model1",0.96,0.16,0.9,0.8,11,0,0,0.629790854294509,0.971749702245469,TRUE,0,TRUE,TRUE,0,0,0.272255435259079,0.702492338576212,TRUE,0,TRUE,TRUE,2.13707342582494e-164,4.40646645395166e-104,2.13707342582494e-164,4.40646645394802e-104,"M2.1","M1.1","M1.1","Both","Both","Both",13,13,157,13
"model2",0.72,0.21,1.5,0.6,14,0,0,-10.7379704448747,-141.373708023538,TRUE,0,TRUE,TRUE,0,0,-0.0328881259068931,-0.00132023416355736,TRUE,0,TRUE,TRUE,5.53278376682808e-31,7.49816716251145e-25,5.53278376682672e-31,7.49816716250983e-25,"M0.1","M2.1","M2.1","Both","Both","Both",15,15,169,15
"model1",0.3,0.15,1.5,1,2,0,0,0.257156314974647,0.840556069289008,TRUE,0,TRUE,TRUE,0,0,0.546866037656879,0.365547949778742,TRUE,0,TRUE,TRUE,1.36218129199106e-54,1.39044681499738e-43,1.36218129199164e-54,1.39044681499779e-43,"M4","M4","M4","Both","Both","Both",4,4,147,4
"model4",1.5,0.31,0.8,1,6,0,0,0.48628985019336,0.453007223196501,TRUE,0,TRUE,TRUE,0,0,1.05567319123584,1.01141102110549,TRUE,0,TRUE,TRUE,1.71395684660126e-89,3.44355379767697e-75,1.71395684660028e-89,3.44355379767579e-75,"M1.2","M1.2","M1.2","Both","Both","Both",7,7,150,7
"model3",0.9,0.18,1.4,0.9,14,0.235571654318685,0,0.0451272740999808,0.72250824835528,TRUE,0,TRUE,TRUE,0.234152279917283,0,0.0478855739777408,0.661010510212812,TRUE,0,TRUE,TRUE,5.33765987773062e-94,2.19331262869858e-43,5.33765987773032e-94,2.19331262869824e-43,"M3","M4","M4","Both","Both","Both",12,12,158,12
"model0",0.56,0.45,1.5,0.8,10,0,0.000572497518455117,2.03798569478911,1.20646473169963,TRUE,5.91213421235476e-05,TRUE,TRUE,0,0.000418193726108962,0.0707773437211477,0.0154735477931017,TRUE,2.78679154057906e-05,TRUE,TRUE,0.000449318965070042,0.000532565373822651,0.000449318965070044,0.000532565373822634,"M0.1","M1.1","M1.1","Both","Both","Both",10,10,150,10
"model1",1.4,0.23,1.2,1,12,0,0,0.865307220427435,0.930548734035925,TRUE,0,TRUE,TRUE,0,0,0.586446010905088,0.850119560110012,TRUE,0,TRUE,TRUE,3.31194120859757e-224,5.05899038235624e-149,3.31194120859588e-224,5.05899038235768e-149,"M2.1","M1.1","M1.1","Both","Both","Both",11,11,140,11
"model2",0.5,0.46,0.9,1,14,0,0,5.76530615122809,-46.7680162244853,TRUE,0,TRUE,TRUE,0,0,0.116907849498249,-0.00988037934121931,TRUE,0,TRUE,TRUE,2.59346059411889e-89,2.23305454964763e-73,2.59346059411683e-89,2.23305454964591e-73,"Other","M2.1","M2.1","Both","Both","Both",16,16,157,16
"model3",1.12,0.02,1,0.8,12,1.64231650501279e-09,0,0.124900337830516,0.0626856847038404,TRUE,0,TRUE,TRUE,8.72518723937787e-10,0,0.409838647785641,4.9846390818692,TRUE,0,TRUE,TRUE,1.37754818597244e-71,2.79070569569534e-32,5.42030463412414e-76,1.37033295409424e-30,"Other","M1.2","M1.2","Both","Both","Both",13,13,166,13
"model0",0.77,0.08,1.2,0.7,4,0,0.432518248701832,5.79336896848704,0.734883430561622,TRUE,0.0373574207642785,FALSE,FALSE,0,0.45963738594529,0.0328383670775354,0.00132665200925556,TRUE,0.0253672090903896,FALSE,FALSE,0.422876342713138,0.00356860912562558,0.422876342713151,0.00356860912562527,"M0.1","M0.1","M1.1","Both","No.Med","No.Med",5,5,153,5
"model0",1.3,0.02,1,1,9,0.00625039851718689,0,-2.953165933662,0.991739586279594,TRUE,0,TRUE,TRUE,0.00773371793791355,0,-0.00381942846870389,0.436432957200452,TRUE,0,TRUE,TRUE,7.35757639527998e-124,8.9839423332198e-36,3.29018270961873e-97,1.02911591670069e-28,"Other","Other","M1.1","Both","Both","Both",11,11,180,11
"model0",1.12,0.37,1.4,0.8,7,0.172589074969054,0.0340746046028142,0.407371587302064,0.75831375449037,TRUE,0.00323626066069141,TRUE,FALSE,0.159222031660802,0.0409887340235922,0.00677610017175424,0.00813334002109753,TRUE,0.00247759541561371,TRUE,FALSE,0.0440303118905636,0.652685629663187,0.0440303118905613,0.652685629663182,"M0.1","M0.1","M0.1","Both","Both","No.Med",8,8,156,8
"model1",0.45,0.03,0.9,0.5,5,0.0501978008566362,0,0.236170080811053,0.963172710893196,TRUE,0,TRUE,TRUE,0.0461305673426382,0,0.025165148065859,0.629392427756004,TRUE,0,TRUE,TRUE,1.53035758041699e-169,6.94356343686389e-162,6.50200517271925e-196,1.24226450414668e-123,"M0.1","M1.1","M1.1","Both","Both","Both",8,8,143,8
"model0",0.91,0.25,1.3,0.7,2,1.02073904884037e-10,0.684101009251851,94.4890343492668,-0.823660149433716,TRUE,0.0575907126446023,FALSE,FALSE,6.54725162974046e-11,0.733810889905663,0.000639259629720714,-0.000211406404403846,TRUE,0.0392598239532904,FALSE,FALSE,0.734498699366964,0.747158715857533,0.734498699366969,0.747158715857528,"M0.1","M0.1","M0.1","Both","No.Med","No.Med",3,3,123,3
"model3",0.56,0.04,1.4,0.8,14,0.307683154406558,0,-0.0430103560419588,0.521250528811557,TRUE,0,TRUE,TRUE,0.309105370555802,0,-0.0334479718316395,0.589305536126545,TRUE,0,TRUE,TRUE,5.28903725559139e-78,1.2326716278082e-56,8.03371444179775e-58,5.32360647140548e-41,"M3","M4","M4","Both","Both","Both",15,15,153,15
"model2",0.4,0.11,0.5,1,2,0,0,5.56572191123873,46.1586934012669,TRUE,0,TRUE,TRUE,0,0,0.0615923702433809,0.0105174987474662,TRUE,0,TRUE,TRUE,3.60802664270189e-97,1.88569225313059e-77,3.60802664270107e-97,1.88569225313102e-77,"Other","M2.1","M2.1","Both","Both","Both",5,5,136,5
"model1",0.77,0.3,1.3,0.7,10,0,0,0.450141349555426,0.896793124843024,TRUE,0,TRUE,TRUE,0,0,0.221290045687614,0.231814667284838,TRUE,0,TRUE,TRUE,5.43844410701767e-35,8.80051926279272e-25,5.43844410701689e-35,8.80051926279228e-25,"M3","M1.1","M1.1","Both","Both","Both",10,10,136,10
"model4",0.45,0.16,1.5,0.5,14,0,0,0.453202013461676,0.389052461730769,TRUE,0,TRUE,TRUE,0,0,0.804970603574517,0.570240413434445,TRUE,0,TRUE,TRUE,2.94939918944273e-37,1.7458702849074e-32,2.94939918943976e-37,1.74587028490699e-32,"M0.2","M4","M4","Both","Both","Both",15,15,177,15
"model4",0.32,0.5,1.3,0.8,12,0,0,0.30313373294017,0.509227471210171,TRUE,0,TRUE,TRUE,0,0,0.589096804036268,0.911860765139972,TRUE,0,TRUE,TRUE,2.58843758779791e-90,3.28211345545615e-72,2.58843758779717e-90,3.28211345545717e-72,"M3","M1.2","M1.2","Both","Both","Both",13,13,166,13
"model4",0.7,0.34,1,0.7,6,0,0,0.529525438237828,0.452167248606437,TRUE,0,TRUE,TRUE,0,0,0.74404527152071,0.75410611274061,TRUE,0,TRUE,TRUE,1.38745561537554e-61,1.09840567756329e-51,1.38745561537538e-61,1.09840567756329e-51,"M4","M4","M4","Both","Both","Both",6,6,144,6
"model0",0.84,0.46,0.8,0.6,10,1.80997090803992e-06,0.0142821261605834,8.43960843839476,1.40625708909382,TRUE,0.00139524210077725,TRUE,FALSE,1.39636374218988e-06,0.0119102782253899,0.00385576240368943,0.00703258373330568,TRUE,0.000749275384378656,TRUE,FALSE,0.0108175674151962,0.00696883076248545,0.0108175674151965,0.00696883076248573,"M0.1","M0.1","M1.1","Both","Both","No.Med",10,10,147,10
"model1",0.42,0.27,0.6,0.7,11,0,0,1.47487927767188,1.06635820148218,TRUE,0,TRUE,TRUE,0,0,0.318360867428552,0.622509477309619,TRUE,0,TRUE,TRUE,9.07117428345279e-156,3.4128697518904e-116,9.07117428345279e-156,3.4128697518904e-116,"M0.1","M1.1","M1.1","Both","Both","Both",15,15,163,15
"model4",0.78,0.14,0.8,0.6,3,0,0,0.3038116391606,0.692708739750754,TRUE,0,TRUE,TRUE,0,0,0.68138590470627,0.813658062832018,TRUE,0,TRUE,TRUE,1.34757604787681e-120,1.97697488163071e-83,1.34757604787711e-120,1.9769748816311e-83,"M4","M4","M4","Both","Both","Both",6,6,151,6
"model3",0.25,0.02,1,0.5,4,0.00920327007846855,0.870077644768622,0.0767542227061825,-0.00480698201615394,TRUE,0.0719179859480891,FALSE,FALSE,0.0126526908903044,0.889603378576298,0.129061708099942,-0.00547402008014634,TRUE,0.0469880068379366,FALSE,FALSE,0.985678090917509,0.533668096641395,0.896548670555998,0.621126036501409,"M0.2","M3","M3","Both","No.Med","No.Med",5,5,150,5
"model2",0.42,0.36,0.5,0.7,8,0,0,-3.93729484088625,-5.44889487959605,TRUE,0,TRUE,TRUE,0,0,-0.0728772484459521,-0.0532745765701223,TRUE,0,TRUE,TRUE,1.16122459150134e-50,2.92586769368099e-38,1.16122459150207e-50,2.9258676936823e-38,"M0.1","M2.1","M2.1","Both","Both","Both",10,10,151,10
"model0",1.3,0.02,1.3,1,4,0.0171143062691987,0,0.431182429847346,0.67455360671341,TRUE,0,TRUE,TRUE,0.0178547911605436,0,0.0201182619056048,0.592139361955383,TRUE,0,TRUE,TRUE,1.0633860678334e-101,1.65551704611589e-80,4.59980507175361e-91,8.32219039902361e-60,"M0.1","Other","Other","Both","Both","Both",6,6,140,6
"model3",0.99,0.39,1.2,0.9,2,8.25476563148797e-06,0,-0.146725390872875,0.53549116364816,TRUE,0,TRUE,TRUE,1.60008546257195e-05,0,-0.201495243024504,0.514154442482799,TRUE,0,TRUE,TRUE,4.14592115952901e-48,2.1522310111237e-30,4.1459211595289e-48,2.15223101112392e-30,"M3","M4","M4","Both","Both","Both",4,4,166,4
"model4",0.25,0.45,0.6,0.5,8,0,0,0.713007103452604,0.717068686026397,TRUE,0,TRUE,TRUE,0,0,0.803527300814454,0.834711254898312,TRUE,0,TRUE,TRUE,9.86605556814789e-132,2.9603929875791e-100,9.8660555681535e-132,2.96039298758163e-100,"Other","M4","M4","Both","Both","Both",10,10,152,10
"model0",1.12,0.09,1,0.8,6,1.10642384143489e-09,0,-2.26042503953428,1.00677878494987,TRUE,0,TRUE,TRUE,2.09635730996638e-09,0,-0.022754442300374,0.304740885709586,TRUE,0,TRUE,TRUE,6.14264239390744e-54,1.67654641455791e-35,6.14264239390771e-54,1.67654641455754e-35,"M0.1","M1.1","M1.1","Both","Both","Both",11,11,151,11
"model2",0.99,0.22,0.7,0.9,10,0,1.49159351536809e-10,4.59957887326617,0.284581161951035,TRUE,1.73727674338658e-11,TRUE,TRUE,0,2.38344899372578e-11,0.0702729178919966,0.22782217375936,TRUE,1.78986983062381e-12,TRUE,TRUE,3.88491374078561e-11,0.159938583955545,3.8849137407863e-11,0.159938583955566,"M2.1","M2.1","M3","Both","Both","Both",12,12,160,12
"model2",0.78,0.29,1,0.6,2,0,0,66.9030353796017,159.557887187707,TRUE,0,TRUE,TRUE,0,0,0.00227586964557783,0.0017144701757686,TRUE,0,TRUE,TRUE,1.09129534996919e-47,8.99348265098495e-30,1.09129534996949e-47,8.99348265098353e-30,"M2.1","M2.1","M2.1","Both","Both","Both",5,5,174,5
"model2",1.5,0.45,0.8,1,4,0,4.40005809565491e-11,-16.2885725775898,0.388810017605787,TRUE,5.15408467362721e-12,TRUE,TRUE,0,2.99005264992047e-11,-0.0231308060322227,0.151271935660964,TRUE,2.23899429838087e-12,TRUE,TRUE,2.90956697623567e-10,0.615834916024565,2.90956697623595e-10,0.615834916024595,"M2.1","M2.1","M0.1","Both","Both","Both",8,8,173,8
"model2",0.91,0.13,1.2,0.7,4,0,0,-12.7215423998585,-16.7653556060024,TRUE,0,TRUE,TRUE,0,0,-0.0180021824703728,-0.0179485874145144,TRUE,0,TRUE,TRUE,4.00315106961497e-53,3.52959653053709e-35,4.00315106961543e-53,3.52959653053775e-35,"M2.1","M2.1","M2.1","Both","Both","Both",6,6,140,6
"model0",0.7,0.23,1.2,1,1,0,6.08372867583196e-05,1.85130243492414,0.927588875686486,TRUE,6.48967528515541e-06,TRUE,TRUE,0,9.85900954235674e-05,0.0618755156836531,0.0258823851695563,TRUE,6.70041335596162e-06,TRUE,TRUE,6.00995001168364e-05,2.21566590093699e-07,6.00995001168316e-05,2.21566590093691e-07,"M1.1","M1.1","M1.1","Both","Both","Both",670,670,133,1
"model1",0.32,0.33,1,0.8,12,0,0,1.24538705425721,0.978999890604145,TRUE,0,TRUE,TRUE,0,0,0.227306877175547,0.212065561775357,TRUE,0,TRUE,TRUE,7.71343610700287e-35,2.7908689447429e-31,7.71343610700098e-35,2.79086894474178e-31,"M0.1","M1.1","M1.1","Both","Both","Both",12,12,166,12
"model4",0.28,0.09,1.4,0.7,6,0,0,0.465250688655236,0.37230190863097,TRUE,0,TRUE,TRUE,0,0,0.620152082711732,0.605570552961943,TRUE,0,TRUE,TRUE,2.32294773235611e-38,1.53814779346911e-29,2.32294773235591e-38,1.53814779346935e-29,"M4","M4","M4","Both","Both","Both",7,7,166,7
"model1",0.45,0.06,1.1,0.5,2,0,0,1.72233515976977,0.810904190459261,TRUE,0,TRUE,TRUE,0,0,0.325223513998635,0.220145075671417,TRUE,0,TRUE,TRUE,4.79516512871775e-30,2.05529868186617e-34,4.7951651287201e-30,2.05529868186721e-34,"M2.1","M1.1","M1.1","Both","Both","Both",4,4,149,4
"model2",0.63,0.06,0.5,0.9,10,0,0,-20.5817160914803,3.19999455194587,TRUE,0,TRUE,TRUE,0,0,-0.0162441802101142,0.218735789625441,TRUE,0,TRUE,TRUE,1.36578091404697e-172,2.57828571882337e-123,1.36578091404612e-172,2.57828571882367e-123,"Other","Other","Other","Both","Both","Both",12,12,133,12
"model4",0.4,0.22,0.6,0.5,15,0,0,0.432781169100282,0.344811072638076,TRUE,0,TRUE,TRUE,0,0,0.744856843209643,0.69386971575647,TRUE,0,TRUE,TRUE,2.11894159407068e-40,3.2303290751562e-36,2.11894159407034e-40,3.23032907515564e-36,"M0.2","M4","M4","Both","Both","Both",16,16,158,16
"model4",0.3,0.26,1,1,8,0,0,0.551286534426888,0.46107095235473,TRUE,0,TRUE,TRUE,0,0,0.982705664764538,0.858788802746004,TRUE,0,TRUE,TRUE,7.62846831526273e-74,2.40772492508787e-66,7.62846831526404e-74,2.40772492508547e-66,"M1.2","M4","M1.2","Both","Both","Both",8,8,145,8
"model3",0.9,0.14,0.9,1,5,0.00321085706061597,0.79570386118374,-0.0943073951049856,-0.00982816119763399,TRUE,0.0663951596350809,FALSE,FALSE,0.00240928826155118,0.745658037156529,-0.132385543811936,-0.0102192023131091,TRUE,0.039866559856671,FALSE,FALSE,0.797343235705313,0.324991027897112,0.797343235705314,0.32499102789711,"M3","M3","M3","Both","No.Med","No.Med",7,7,148,7
"model2",0.8,0.03,1.5,0.8,10,0,0,2.61909856033464,3.74043785423802,TRUE,0,TRUE,TRUE,0,0,0.153445475091102,0.100300556203915,TRUE,0,TRUE,TRUE,1.57933791193383e-78,1.06791522448876e-66,2.48008823329361e-86,2.47321203616813e-78,"M2.1","M2.1","M2.1","Both","Both","Both",10,10,148,10
"model4",0.2,0.24,1.5,0.5,10,0.30573756567707,0.0152956954703134,-0.0183801325876677,0.0559364104307628,TRUE,0.00149188923182064,TRUE,FALSE,0.273485774463197,0.0176867102265832,-0.0928672670966457,0.163877366355059,TRUE,0.0011012270094526,TRUE,FALSE,0.0140863787428662,2.80923361701621e-28,0.0140863787428661,2.80923361701582e-28,"M0.2","M3","M4","Both","Both","No.Med",9,9,174,9
"model3",1,0.25,1.2,1,11,0.537984847725871,0.0257888968530016,-0.0203736761035118,0.089510357637537,TRUE,0.00247802242902875,TRUE,FALSE,0.551782492814905,0.0266338457939697,-0.0273338079398363,0.0866659186508014,TRUE,0.00163501869877109,TRUE,FALSE,0.0246208856842509,0.038282879453226,0.0246208856842512,0.0382828794532261,"M3","M3","M3","Both","Both","No.Med",15,15,158,15
"model2",0.75,0.11,1.3,0.5,5,7.63034080364378e-12,0,-1.46054160745335,-3.77133374829024,TRUE,0,TRUE,TRUE,5.13677989033567e-12,0,-0.0444614638515766,-0.0459480177703227,TRUE,0,TRUE,TRUE,5.27053278406923e-29,5.68487450352978e-19,5.27053278406802e-29,5.68487450352891e-19,"M0.1","M2.1","M2.1","Both","Both","Both",7,7,145,7
"model2",0.54,0.12,1.5,0.6,8,0,0,-16.8522896819432,48.5767060296709,TRUE,0,TRUE,TRUE,0,0,-0.0220119172713636,0.00460253378751962,TRUE,0,TRUE,TRUE,8.60304111053237e-38,1.1534021688442e-27,8.60304111053188e-38,1.15340216884469e-27,"M0.1","M2.1","M2.1","Both","Both","Both",11,11,146,11
"model1",1.35,0.42,0.8,0.9,15,0,0,0.911577484289012,1.04085337775967,TRUE,0,TRUE,TRUE,0,0,0.361142277690254,0.438662662264042,TRUE,0,TRUE,TRUE,7.05445902791502e-88,7.58968060778771e-66,7.05445902791642e-88,7.58968060778923e-66,"M2.1","M1.1","M1.1","Both","Both","Both",16,16,158,16
"model3",0.9,0.48,1.1,1,4,8.23344060885134e-06,0.117455022079783,-0.16311601670908,-0.0569310840656293,TRUE,0.0108211336904448,FALSE,FALSE,3.04599680300832e-06,0.08755733910251,-0.180386581118995,-0.071514462051086,TRUE,0.00518494843779956,FALSE,FALSE,0.101722427398431,0.715753390018116,0.101722427398429,0.715753390018111,"M3","M3","M3","Both","No.Med","No.Med",7,7,150,7
"model3",0.21,0.39,1.5,0.7,1,0,0.000151947422338594,-0.581283164863162,-0.191550831756547,TRUE,1.60830957101085e-05,TRUE,TRUE,0,0.000199734116885342,-0.550712305106491,-0.110395069733668,TRUE,1.34120669134517e-05,TRUE,TRUE,0.000167931702114539,0.737164141954513,0.000167931702114518,0.737164141954529,"M4","M4","M3","Both","Both","Both",670,670,166,1
"model3",1,0.24,1,1,9,9.13137434044309e-05,0.822009605357701,-0.245661371723473,-0.0152298898288417,TRUE,0.0683582845928342,FALSE,FALSE,0.000117314143274427,0.812902772026728,-0.0931751235124926,-0.0113013446395555,TRUE,0.0432268667353934,FALSE,FALSE,0.737909459108353,0.753696082351824,0.737909459108347,0.753696082351816,"M3","M3","M3","Both","No.Med","No.Med",13,13,158,13
"model0",1.1,0.02,1.2,1,15,1.24623591224449e-07,0.285986499310712,-0.675708194977235,-1.87676167378993,TRUE,0.0255257641138652,FALSE,FALSE,6.08024246506744e-08,0.268729435657544,-0.0613979834855205,-0.000986075145562637,TRUE,0.0153588312200413,FALSE,FALSE,0.23525589309383,0.448950875726176,0.26844654084472,0.488070608229604,"M0.1","M0.1","M0.1","Both","No.Med","No.Med",16,16,172,16
"model1",0.96,0.46,1.5,0.8,9,0,0,0.871977438674296,1.12851811393483,TRUE,0,TRUE,TRUE,0,0,0.299781703710775,0.367667481028988,TRUE,0,TRUE,TRUE,3.66104448580631e-78,1.7504651486746e-63,3.66104448580402e-78,1.75046514867361e-63,"M2.1","M1.1","M4","Both","Both","Both",10,10,168,10
"model4",0.54,0.42,1.4,0.6,4,0,0,0.311651720441563,0.394163404089087,TRUE,0,TRUE,TRUE,0,0,0.694847496726722,0.746917765353514,TRUE,0,TRUE,TRUE,1.21045263661663e-51,7.17932511814867e-47,1.21045263661675e-51,7.17932511814929e-47,"M4","M4","M4","Both","Both","Both",8,8,180,8
"model1",0.99,0.16,1.5,0.9,2,0,0,0.917704382154224,1.03863669262252,TRUE,0,TRUE,TRUE,0,0,0.38986017358891,0.613630216022239,TRUE,0,TRUE,TRUE,4.63383334862435e-147,3.91796689241032e-97,4.63383334862197e-147,3.91796689240953e-97,"M2.1","M1.1","M1.1","Both","Both","Both",6,6,154,6
"model1",0.75,0.14,0.7,0.5,12,0,0,0.877139686904826,1.25825852877416,TRUE,0,TRUE,TRUE,0,0,0.194035519913546,0.232006808963823,TRUE,0,TRUE,TRUE,7.69747336951632e-51,3.34973578051562e-35,7.69747336951599e-51,3.34973578051557e-35,"M0.1","M1.1","M1.1","Both","Both","Both",12,12,151,12
"model3",0.65,0.12,0.5,0.5,13,6.23368023866533e-12,0,0.195132795988256,0.516727602698478,TRUE,0,TRUE,TRUE,1.68220992691204e-12,0,0.352194542125585,0.657686113990949,TRUE,0,TRUE,TRUE,1.59924836672049e-60,2.55065414229824e-37,1.59924836671953e-60,2.55065414229758e-37,"Other","M4","M1.2","Both","Both","Both",15,15,185,15
"model2",0.4,0.49,0.7,0.8,8,0,0,-9.38024824072427,60.5284717300139,TRUE,0,TRUE,TRUE,0,0,-0.0597904919046035,0.00604328751726301,TRUE,0,TRUE,TRUE,8.75022592434496e-67,3.19666366316193e-52,8.75022592434845e-67,3.19666366316247e-52,"Other","M2.1","M2.1","Both","Both","Both",9,9,166,9
"model0",0.18,0.18,0.5,0.6,7,1.79239824895649e-05,0,-1.62619277769273,0.968020207127531,TRUE,0,TRUE,TRUE,5.83683072585828e-06,0,-0.0182815816041143,0.508617886099195,TRUE,0,TRUE,TRUE,1.65388219942218e-98,5.6892521008478e-70,1.65388219942341e-98,5.68925210084829e-70,"M0.1","M1.1","M1.1","Both","Both","Both",9,9,182,9
