"dataset","model","sample.size","effect_size","replicate","minor.freq","b.snp","b.med","SD","W_n","Z_n","K_n","U_n","n.resamples","R2.T1.U","R2.T2.U","truth.model","n.true.confs","true.confs","mrggi.B.T1T2","mrggi.p.T1T2","mrggi.F.T1","mrggi.B.T2T1","mrggi.p.T2T1","mrggi.F.T2","mrggi.GGcor","mrggi.edge","mrggi.weak.instrument","mrggi.time.seconds","mrggi.error"
1,"model0",50,"small",1,0.33,0.270446974225342,0.260157102579251,1,1,1,0,7,1,0.231467279932597,0.194451724984968,"M0.1",7,"U1.1;U2.1;U3.1;U4.1;U5.1;U6.1;U7.1",41.636,0.222,0.00126226627861573,0.024,0.972,1.49213638501714,-0.109,"none",TRUE,0.060575008392334,NA
2,"model1",50,"small",1,0.31,0.126890135649592,0.251914458721876,1,1,1,0,22,1,0.790263282017592,0.678786096908716,"M1.1",22,"U1.2;U2.2;U3.2;U4.2;U5.2;U6.2;U7.2;U8.2;U9.2;U10.2;U11.2;U12.2;U13.2;U14.2;U15.2;U16.2;U17.2;U18.2;U19.2;U20.2;U21.2;U22.2",0.114,0.91,0.637322695015772,8.804,0.425,0.0128971529165438,0.447,"none",TRUE,0.0144760608673096,NA
3,"model2",50,"small",1,0.34,0.249571173358709,0.288934653764591,1,1,1,0,5,1,0.240850673864588,0.157431599747942,"M2.1",5,"U1.3;U2.3;U3.3;U4.3;U5.3",0.311,0.737,0.749417571388974,3.211,0.387,0.11256490291264,0.43,"none",TRUE,0.0205099582672119,NA
4,"model3",50,"small",1,0.46,0.132330548577011,0.21827160473913,1,1,1,0,30,1,0.836418015619245,0.886613245883836,"M3",30,"U1.4;U2.4;U3.4;U4.4;U5.4;U6.4;U7.4;U8.4;U9.4;U10.4;U11.4;U12.4;U13.4;U14.4;U15.4;U16.4;U17.4;U18.4;U19.4;U20.4;U21.4;U22.4;U23.4;U24.4;U25.4;U26.4;U27.4;U28.4;U29.4;U30.4",0.124,0.833,2.15475393224983,8.059,0.142,0.0442398551635548,-0.36,"none",TRUE,0.0207679271697998,NA
5,"model4",50,"small",1,0.34,0.211306218802929,0.225322724319994,1,1,1,0,36,1,0.820685834361327,0.813312708720711,"M4",36,"U1.5;U2.5;U3.5;U4.5;U5.5;U6.5;U7.5;U8.5;U9.5;U10.5;U11.5;U12.5;U13.5;U14.5;U15.5;U16.5;U17.5;U18.5;U19.5;U20.5;U21.5;U22.5;U23.5;U24.5;U25.5;U26.5;U27.5;U28.5;U29.5;U30.5;U31.5;U32.5;U33.5;U34.5;U35.5;U36.5",1.566,0.149,0.714125573355242,0.638,0.398,2.07797218844342,0.484,"none",TRUE,0.0210449695587158,NA
6,"model0",150,"small",1,0.18,0.378759222384542,0.186191214574501,1,1,1,0,48,1,0.697165411569447,0.773437029691124,"M0.1",48,"U1.6;U2.6;U3.6;U4.6;U5.6;U6.6;U7.6;U8.6;U9.6;U10.6;U11.6;U12.6;U13.6;U14.6;U15.6;U16.6;U17.6;U18.6;U19.6;U20.6;U21.6;U22.6;U23.6;U24.6;U25.6;U26.6;U27.6;U28.6;U29.6;U30.6;U31.6;U32.6;U33.6;U34.6;U35.6;U36.6;U37.6;U38.6;U39.6;U40.6;U41.6;U42.6;U43.6;U44.6;U45.6;U46.6;U47.6;U48.6",-0.8,0.077,5.63405319533007,-1.25,0.018,3.12082767216153,-0.003,"none",TRUE,0.0266709327697754,NA
7,"model1",150,"small",1,0.45,0.494160252809525,0.117180260038003,1,1,1,0,48,1,0.685493458583873,0.744979094199228,"M1.1",48,"U1.7;U2.7;U3.7;U4.7;U5.7;U6.7;U7.7;U8.7;U9.7;U10.7;U11.7;U12.7;U13.7;U14.7;U15.7;U16.7;U17.7;U18.7;U19.7;U20.7;U21.7;U22.7;U23.7;U24.7;U25.7;U26.7;U27.7;U28.7;U29.7;U30.7;U31.7;U32.7;U33.7;U34.7;U35.7;U36.7;U37.7;U38.7;U39.7;U40.7;U41.7;U42.7;U43.7;U44.7;U45.7;U46.7;U47.7;U48.7",-0.125,0.637,12.2772674077575,-8.025,0,0.223341716581121,-0.125,"none",FALSE,0.0265529155731201,NA
8,"model2",150,"small",1,0.01,0.481552008539438,0.195927097415552,1,1,1,0,4,102,0.207743245186946,0.120414097329174,"M2.1",4,"U1.8;U2.8;U3.8;U4.8",-6.215,0.133,0.0574543765615184,-0.161,0.811,2.26221501323226,0.301,"none",TRUE,0.0358459949493408,NA
9,"model3",150,"small",1,0.04,0.39245968926698,0.155519038951024,1,1,1,0,29,13,0.659282418647863,0.448026672894805,"M3",29,"U1.9;U2.9;U3.9;U4.9;U5.9;U6.9;U7.9;U8.9;U9.9;U10.9;U11.9;U12.9;U13.9;U14.9;U15.9;U16.9;U17.9;U18.9;U19.9;U20.9;U21.9;U22.9;U23.9;U24.9;U25.9;U26.9;U27.9;U28.9;U29.9",0.177,0.942,0.164893303398889,5.657,0.685,0.00528240452844036,0.088,"none",TRUE,0.0394690036773682,NA
10,"model4",150,"small",1,0.04,0.408328239899129,0.245623193308711,1,1,1,0,5,1,0.188558781295108,0.19763319902481,"M4",5,"U1.10;U2.10;U3.10;U4.10;U5.10",1.563,0.118,0.847877055799561,0.64,0.357,2.43876907572009,0.265,"none",TRUE,0.0318939685821533,NA
11,"model0",300,"small",1,0.15,0.457250270247459,0.238604324683547,1,1,1,0,18,1,0.398913084845691,0.531935605244562,"M0.1",18,"U1.11;U2.11;U3.11;U4.11;U5.11;U6.11;U7.11;U8.11;U9.11;U10.11;U11.11;U12.11;U13.11;U14.11;U15.11;U16.11;U17.11;U18.11",-0.205,0.435,18.7613142406216,-4.878,0,0.610216334771445,0.05,"none",FALSE,0.0336861610412598,NA
12,"model1",300,"small",1,0.46,0.412426539044827,0.175204745633528,1,1,1,0,21,1,0.587732841860683,0.477162357607158,"M1.1",21,"U1.12;U2.12;U3.12;U4.12;U5.12;U6.12;U7.12;U8.12;U9.12;U10.12;U11.12;U12.12;U13.12;U14.12;U15.12;U16.12;U17.12;U18.12;U19.12;U20.12;U21.12",0.055,0.823,14.9869988793724,18.135,0,0.0498798790900965,0.196,"none",FALSE,0.0290470123291016,NA
13,"model2",300,"small",1,0.43,0.178853676747531,0.192415761901066,1,1,1,0,6,1,0.172705067059971,0.250570875991239,"M2.1",6,"U1.13;U2.13;U3.13;U4.13;U5.13;U6.13",-0.144,0.898,0.848789139822354,-6.951,0.357,0.016488372516793,0.302,"none",TRUE,0.0266218185424805,NA
14,"model3",300,"small",1,0.5,0.317305489629507,0.102966134157032,1,1,1,0,26,1,0.474293043591235,0.50128897486403,"M3",26,"U1.14;U2.14;U3.14;U4.14;U5.14;U6.14;U7.14;U8.14;U9.14;U10.14;U11.14;U12.14;U13.14;U14.14;U15.14;U16.14;U17.14;U18.14;U19.14;U20.14;U21.14;U22.14;U23.14;U24.14;U25.14;U26.14",0.305,0.252,11.705431141362,3.28,0.001,1.31132645240475,0.139,"none",FALSE,0.0252678394317627,NA
15,"model4",300,"small",1,0.42,0.451195666007698,0.156851672660559,1,1,1,0,12,1,0.293483417262237,0.254375200440581,"M4",12,"U1.15;U2.15;U3.15;U4.15;U5.15;U6.15;U7.15;U8.15;U9.15;U10.15;U11.15;U12.15",1.032,0,33.6582971726827,0.969,0,35.5265826896981,0.265,"T1->T2",FALSE,0.0263259410858154,NA
16,"model0",670,"small",1,0.45,0.133222691435367,0.110160389123484,1,1,1,3,17,1,0.33418514470395,0.447100402340688,"M0.1",17,"U1.16;U2.16;U3.16;U4.16;U5.16;U6.16;U7.16;U8.16;U9.16;U10.16;U11.16;U12.16;U13.16;U14.16;U15.16;U16.16;U17.16",-0.443,0.602,1.61738337348037,-2.257,0.203,0.272598393050973,-0.034,"none",TRUE,0.0307190418243408,NA
17,"model1",670,"small",1,0.4,0.499256509263068,0.237680793227628,1,1,1,3,34,1,0.572330666942003,0.487891569044914,"M1.1",34,"U1.17;U2.17;U3.17;U4.17;U5.17;U6.17;U7.17;U8.17;U9.17;U10.17;U11.17;U12.17;U13.17;U14.17;U15.17;U16.17;U17.17;U18.17;U19.17;U20.17;U21.17;U22.17;U23.17;U24.17;U25.17;U26.17;U27.17;U28.17;U29.17;U30.17;U31.17;U32.17;U33.17;U34.17",0.465,0.057,17.1834298029494,2.153,0,3.60963416096544,0.077,"none",FALSE,0.0422630310058594,NA
18,"model2",670,"small",1,0.01,0.157009993027896,0.213122294936329,1,1,1,3,1,2,0.116121253336236,0.0168261107614671,"M2.1",1,"U1.18",0.633,0.359,1.88635302412986,1.579,0.17,0.842558007767977,0.267,"none",TRUE,0.0285789966583252,NA
19,"model3",670,"small",1,0.16,0.141480393894017,0.29665817101486,1,1,1,3,15,1,0.36373815922361,0.313779131145075,"M3",15,"U1.19;U2.19;U3.19;U4.19;U5.19;U6.19;U7.19;U8.19;U9.19;U10.19;U11.19;U12.19;U13.19;U14.19;U15.19",0.346,0.378,7.16729112767722,2.892,0.007,0.777080818538688,-0.056,"none",TRUE,0.0303809642791748,NA
20,"model4",670,"small",1,0.35,0.482041316013783,0.146657217107713,1,1,1,3,31,1,0.436711314335373,0.49807413203295,"M4",31,"U1.20;U2.20;U3.20;U4.20;U5.20;U6.20;U7.20;U8.20;U9.20;U10.20;U11.20;U12.20;U13.20;U14.20;U15.20;U16.20;U17.20;U18.20;U19.20;U20.20;U21.20;U22.20;U23.20;U24.20;U25.20;U26.20;U27.20;U28.20;U29.20;U30.20;U31.20",0.827,0,38.2627746630326,1.209,0,21.8575233746871,0.058,"T1->T2",FALSE,0.0314371585845947,NA
21,"model0",1000,"small",1,0.25,0.299496668670326,0.144602948101237,1,1,1,0,42,1,0.604839523495622,0.577593195129688,"M0.1",42,"U1.21;U2.21;U3.21;U4.21;U5.21;U6.21;U7.21;U8.21;U9.21;U10.21;U11.21;U12.21;U13.21;U14.21;U15.21;U16.21;U17.21;U18.21;U19.21;U20.21;U21.21;U22.21;U23.21;U24.21;U25.21;U26.21;U27.21;U28.21;U29.21;U30.21;U31.21;U32.21;U33.21;U34.21;U35.21;U36.21;U37.21;U38.21;U39.21;U40.21;U41.21;U42.21",-0.558,0.336,2.72942822587688,-1.792,0.099,0.926600803575583,0.05,"none",TRUE,0.0470778942108154,NA
22,"model1",1000,"small",1,0.21,0.313300225604326,0.278997050505131,1,1,1,0,36,1,0.581518216361173,0.58269882489102,"M1.1",36,"U1.22;U2.22;U3.22;U4.22;U5.22;U6.22;U7.22;U8.22;U9.22;U10.22;U11.22;U12.22;U13.22;U14.22;U15.22;U16.22;U17.22;U18.22;U19.22;U20.22;U21.22;U22.22;U23.22;U24.22;U25.22;U26.22;U27.22;U28.22;U29.22;U30.22;U31.22;U32.22;U33.22;U34.22;U35.22;U36.22",-0.037,0.889,16.5981903290736,-27.218,0,0.0195705459854221,0.252,"none",FALSE,0.0514628887176514,NA
23,"model2",1000,"small",1,0.04,0.106215061806142,0.280544095626101,1,1,1,0,15,1,0.361321396462107,0.407955732639449,"M2.1",15,"U1.23;U2.23;U3.23;U4.23;U5.23;U6.23;U7.23;U8.23;U9.23;U10.23;U11.23;U12.23;U13.23;U14.23;U15.23",1.198,0.228,1.0046782898242,0.834,0.316,1.4536937619352,0.145,"none",TRUE,0.0481131076812744,NA
24,"model3",1000,"small",1,0.45,0.30920938802883,0.288595296163112,1,1,1,0,49,1,0.616304802005347,0.637737016471936,"M3",49,"U1.24;U2.24;U3.24;U4.24;U5.24;U6.24;U7.24;U8.24;U9.24;U10.24;U11.24;U12.24;U13.24;U14.24;U15.24;U16.24;U17.24;U18.24;U19.24;U20.24;U21.24;U22.24;U23.24;U24.24;U25.24;U26.24;U27.24;U28.24;U29.24;U30.24;U31.24;U32.24;U33.24;U34.24;U35.24;U36.24;U37.24;U38.24;U39.24;U40.24;U41.24;U42.24;U43.24;U44.24;U45.24;U46.24;U47.24;U48.24;U49.24",0.552,0.021,18.3365060932867,1.811,0,5.3119824968398,0.015,"T1->T2",FALSE,0.0844428539276123,NA
25,"model4",1000,"small",1,0.06,0.10391292264685,0.224055568827316,1,1,1,0,7,2,0.259076199000639,0.167606863560922,"M4",7,"U1.25;U2.25;U3.25;U4.25;U5.25;U6.25;U7.25",5.314,0.623,0.00824809656228749,0.188,0.928,0.242330742738549,0.059,"none",TRUE,0.0593369007110596,NA
26,"model0",50,"medium",1,0.24,0.906034118845128,0.409857907751575,1,1,1,0,6,1,0.0719212343109241,0.204988991613081,"M0.1",6,"U1.26;U2.26;U3.26;U4.26;U5.26;U6.26",-0.899,0.102,3.08704177480002,-1.113,0.079,2.67899037235491,0.055,"none",TRUE,0.0243890285491943,NA
27,"model1",50,"medium",1,0.26,0.956942167016678,0.346840309957042,1,1,1,0,42,1,0.943190378959624,0.926689661651294,"M1.1",42,"U1.27;U2.27;U3.27;U4.27;U5.27;U6.27;U7.27;U8.27;U9.27;U10.27;U11.27;U12.27;U13.27;U14.27;U15.27;U16.27;U17.27;U18.27;U19.27;U20.27;U21.27;U22.27;U23.27;U24.27;U25.27;U26.27;U27.27;U28.27;U29.27;U30.27;U31.27;U32.27;U33.27;U34.27;U35.27;U36.27;U37.27;U38.27;U39.27;U40.27;U41.27;U42.27",0.025,0.96,5.11584046828106,40.309,0.024,0.00248342294129233,0.129,"none",TRUE,0.0158970355987549,NA
28,"model2",50,"medium",1,0.48,0.589170839986764,0.398809441644698,1,1,1,0,24,1,0.750984501678176,0.725803820401947,"M2.1",24,"U1.28;U2.28;U3.28;U4.28;U5.28;U6.28;U7.28;U8.28;U9.28;U10.28;U11.28;U12.28;U13.28;U14.28;U15.28;U16.28;U17.28;U18.28;U19.28;U20.28;U21.28;U22.28;U23.28;U24.28",-0.368,0.875,0.167445147707639,-2.718,0.682,0.024730404446726,0.435,"none",TRUE,0.0136630535125732,NA
29,"model3",50,"medium",1,0.19,0.685354103916325,0.346940882178023,1,1,1,0,26,1,0.822682259981711,0.744596856746833,"M3",26,"U1.29;U2.29;U3.29;U4.29;U5.29;U6.29;U7.29;U8.29;U9.29;U10.29;U11.29;U12.29;U13.29;U14.29;U15.29;U16.29;U17.29;U18.29;U19.29;U20.29;U21.29;U22.29;U23.29;U24.29;U25.29;U26.29",14.737,0.014,0.0196452291127316,0.068,0.889,5.99809842821127,0.298,"none",TRUE,0.0122330188751221,NA
30,"model4",50,"medium",1,0.42,0.555602026637644,0.317877504695207,1,1,1,0,7,1,0.204860787191472,0.372719213282347,"M4",7,"U1.30;U2.30;U3.30;U4.30;U5.30;U6.30;U7.30",5.172,0.004,0.236665956758813,0.193,0.627,8.5178201217065,0.518,"none",TRUE,0.017909049987793,NA
31,"model0",150,"medium",1,0.42,0.695040546590462,0.404282637219876,1,1,1,0,48,1,0.691883096838334,0.80214540923016,"M0.1",48,"U1.31;U2.31;U3.31;U4.31;U5.31;U6.31;U7.31;U8.31;U9.31;U10.31;U11.31;U12.31;U13.31;U14.31;U15.31;U16.31;U17.31;U18.31;U19.31;U20.31;U21.31;U22.31;U23.31;U24.31;U25.31;U26.31;U27.31;U28.31;U29.31;U30.31;U31.31;U32.31;U33.31;U34.31;U35.31;U36.31;U37.31;U38.31;U39.31;U40.31;U41.31;U42.31;U43.31;U44.31;U45.31;U46.31;U47.31;U48.31",-0.002,0.992,18.5927171439079,-416.963,0,9.35809018986529e-05,0.004,"none",FALSE,0.0274310111999512,NA
32,"model1",150,"medium",1,0.1,0.820541235734709,0.486666043661535,1,1,1,0,25,1,0.623222647171096,0.488148807524688,"M1.1",25,"U1.32;U2.32;U3.32;U4.32;U5.32;U6.32;U7.32;U8.32;U9.32;U10.32;U11.32;U12.32;U13.32;U14.32;U15.32;U16.32;U17.32;U18.32;U19.32;U20.32;U21.32;U22.32;U23.32;U24.32;U25.32",-0.034,0.913,11.0864584590017,-29.117,0.001,0.0118804249563587,0.431,"none",FALSE,0.0364511013031006,NA
33,"model2",150,"medium",1,0.31,0.716159202856943,0.331902181124315,1,1,1,0,48,1,0.77257612509044,0.759470851785139,"M2.1",48,"U1.33;U2.33;U3.33;U4.33;U5.33;U6.33;U7.33;U8.33;U9.33;U10.33;U11.33;U12.33;U13.33;U14.33;U15.33;U16.33;U17.33;U18.33;U19.33;U20.33;U21.33;U22.33;U23.33;U24.33;U25.33;U26.33;U27.33;U28.33;U29.33;U30.33;U31.33;U32.33;U33.33;U34.33;U35.33;U36.33;U37.33;U38.33;U39.33;U40.33;U41.33;U42.33;U43.33;U44.33;U45.33;U46.33;U47.33;U48.33",-0.32,0.276,8.1019401738854,-3.123,0.004,1.18760986952951,0.162,"none",TRUE,0.0258259773254395,NA
34,"model3",150,"medium",1,0.15,0.840070349280722,0.34395845416002,1,1,1,0,44,1,0.674386696770237,0.722229584175054,"M3",44,"U1.34;U2.34;U3.34;U4.34;U5.34;U6.34;U7.34;U8.34;U9.34;U10.34;U11.34;U12.34;U13.34;U14.34;U15.34;U16.34;U17.34;U18.34;U19.34;U20.34;U21.34;U22.34;U23.34;U24.34;U25.34;U26.34;U27.34;U28.34;U29.34;U30.34;U31.34;U32.34;U33.34;U34.34;U35.34;U36.34;U37.34;U38.34;U39.34;U40.34;U41.34;U42.34;U43.34;U44.34",1.367,0,10.7767885461924,0.732,0.001,16.6096345544974,-0.003,"T1->T2",FALSE,0.026080846786499,NA
35,"model4",150,"medium",1,0.2,0.713795912568457,0.37475704876706,1,1,1,0,8,1,0.16143765457823,0.2662232175108,"M4",8,"U1.35;U2.35;U3.35;U4.35;U5.35;U6.35;U7.35;U8.35",1.225,0,13.4805951662892,0.816,0,14.9022653484591,0.36,"T1->T2",FALSE,0.0263700485229492,NA
36,"model0",300,"medium",1,0.14,0.754724224680103,0.383336390461773,1,1,1,0,34,1,0.495911306020811,0.551970860064622,"M0.1",34,"U1.36;U2.36;U3.36;U4.36;U5.36;U6.36;U7.36;U8.36;U9.36;U10.36;U11.36;U12.36;U13.36;U14.36;U15.36;U16.36;U17.36;U18.36;U19.36;U20.36;U21.36;U22.36;U23.36;U24.36;U25.36;U26.36;U27.36;U28.36;U29.36;U30.36;U31.36;U32.36;U33.36;U34.36",-0.045,0.857,19.2470069183416,-22.352,0,0.0325837444296453,0.017,"none",FALSE,0.0275838375091553,NA
37,"model1",300,"medium",1,0.35,0.989793804707006,0.317904319986701,1,1,1,0,37,1,0.532365052047314,0.569753277777808,"M1.1",37,"U1.37;U2.37;U3.37;U4.37;U5.37;U6.37;U7.37;U8.37;U9.37;U10.37;U11.37;U12.37;U13.37;U14.37;U15.37;U16.37;U17.37;U18.37;U19.37;U20.37;U21.37;U22.37;U23.37;U24.37;U25.37;U26.37;U27.37;U28.37;U29.37;U30.37;U31.37;U32.37;U33.37;U34.37;U35.37;U36.37;U37.37",0.301,0.01,83.5241496809982,3.32,0,6.63230510007762,0.294,"T1->T2",FALSE,0.0395491123199463,NA
38,"model2",300,"medium",1,0.35,0.956306237028912,0.415412016399205,1,1,1,0,49,1,0.624998090362303,0.693379791331248,"M2.1",49,"U1.38;U2.38;U3.38;U4.38;U5.38;U6.38;U7.38;U8.38;U9.38;U10.38;U11.38;U12.38;U13.38;U14.38;U15.38;U16.38;U17.38;U18.38;U19.38;U20.38;U21.38;U22.38;U23.38;U24.38;U25.38;U26.38;U27.38;U28.38;U29.38;U30.38;U31.38;U32.38;U33.38;U34.38;U35.38;U36.38;U37.38;U38.38;U39.38;U40.38;U41.38;U42.38;U43.38;U44.38;U45.38;U46.38;U47.38;U48.38;U49.38",-0.007,0.951,73.2799736504801,-143.33,0,0.00374552162487758,0.333,"none",FALSE,0.0274698734283447,NA
39,"model3",300,"medium",1,0.07,0.832303479430266,0.43604542366229,1,1,1,0,7,1,0.303679252535543,0.226271275738426,"M3",7,"U1.39;U2.39;U3.39;U4.39;U5.39;U6.39;U7.39",1.515,0,18.4311386669734,0.66,0,46.6040134691854,-0.087,"T1->T2",FALSE,0.0313348770141602,NA
40,"model4",300,"medium",1,0.29,0.685243398998864,0.412532963557169,1,1,1,0,47,1,0.622296618180695,0.633541556857029,"M4",47,"U1.40;U2.40;U3.40;U4.40;U5.40;U6.40;U7.40;U8.40;U9.40;U10.40;U11.40;U12.40;U13.40;U14.40;U15.40;U16.40;U17.40;U18.40;U19.40;U20.40;U21.40;U22.40;U23.40;U24.40;U25.40;U26.40;U27.40;U28.40;U29.40;U30.40;U31.40;U32.40;U33.40;U34.40;U35.40;U36.40;U37.40;U38.40;U39.40;U40.40;U41.40;U42.40;U43.40;U44.40;U45.40;U46.40;U47.40",1.372,0,25.7190341936103,0.729,0,34.984112917993,0.404,"T1->T2",FALSE,0.0290358066558838,NA
41,"model0",670,"medium",1,0.24,0.798161624465138,0.41742610973306,1,1,1,3,30,1,0.455882875795627,0.578956752135259,"M0.1",30,"U1.41;U2.41;U3.41;U4.41;U5.41;U6.41;U7.41;U8.41;U9.41;U10.41;U11.41;U12.41;U13.41;U14.41;U15.41;U16.41;U17.41;U18.41;U19.41;U20.41;U21.41;U22.41;U23.41;U24.41;U25.41;U26.41;U27.41;U28.41;U29.41;U30.41",0.176,0.248,49.0230526192013,5.673,0,1.33355613511898,0.056,"none",FALSE,0.0340738296508789,NA
42,"model1",670,"medium",1,0.22,0.898372828378342,0.363693720567971,1,1,1,3,18,1,0.412475436577911,0.381640313652167,"M1.1",18,"U1.42;U2.42;U3.42;U4.42;U5.42;U6.42;U7.42;U8.42;U9.42;U10.42;U11.42;U12.42;U13.42;U14.42;U15.42;U16.42;U17.42;U18.42",0.224,0.035,93.3123123587458,4.455,0,4.45329313944924,0.443,"T1->T2",FALSE,0.0319511890411377,NA
43,"model2",670,"medium",1,0.16,0.937189211137593,0.376465152623132,1,1,1,3,44,1,0.543088481923347,0.691106204616082,"M2.1",44,"U1.43;U2.43;U3.43;U4.43;U5.43;U6.43;U7.43;U8.43;U9.43;U10.43;U11.43;U12.43;U13.43;U14.43;U15.43;U16.43;U17.43;U18.43;U19.43;U20.43;U21.43;U22.43;U23.43;U24.43;U25.43;U26.43;U27.43;U28.43;U29.43;U30.43;U31.43;U32.43;U33.43;U34.43;U35.43;U36.43;U37.43;U38.43;U39.43;U40.43;U41.43;U42.43;U43.43;U44.43",0.082,0.554,53.887386322091,12.186,0,0.35015503437698,0.269,"none",FALSE,0.0342190265655518,NA
44,"model3",670,"medium",1,0.07,0.676136015797965,0.322031395370141,1,1,1,3,50,1,0.743618312297883,0.704907330590763,"M3",50,"U1.44;U2.44;U3.44;U4.44;U5.44;U6.44;U7.44;U8.44;U9.44;U10.44;U11.44;U12.44;U13.44;U14.44;U15.44;U16.44;U17.44;U18.44;U19.44;U20.44;U21.44;U22.44;U23.44;U24.44;U25.44;U26.44;U27.44;U28.44;U29.44;U30.44;U31.44;U32.44;U33.44;U34.44;U35.44;U36.44;U37.44;U38.44;U39.44;U40.44;U41.44;U42.44;U43.44;U44.44;U45.44;U46.44;U47.44;U48.44;U49.44;U50.44",1.003,0.003,7.01255330637353,0.997,0.008,8.96414309342691,0.128,"none",TRUE,0.0352060794830322,NA
45,"model4",670,"medium",1,0.39,0.618755462113768,0.37787308995612,1,1,1,3,35,1,0.525990308564399,0.422929574275833,"M4",35,"U1.45;U2.45;U3.45;U4.45;U5.45;U6.45;U7.45;U8.45;U9.45;U10.45;U11.45;U12.45;U13.45;U14.45;U15.45;U16.45;U17.45;U18.45;U19.45;U20.45;U21.45;U22.45;U23.45;U24.45;U25.45;U26.45;U27.45;U28.45;U29.45;U30.45;U31.45;U32.45;U33.45;U34.45;U35.45",1.181,0,75.6753937146504,0.847,0,105.54058418519,0.335,"T1->T2",FALSE,0.0331070423126221,NA
46,"model0",1000,"medium",1,0.08,0.90073841845151,0.300106200855225,1,1,1,0,28,1,0.483921350282686,0.480614015035009,"M0.1",28,"U1.46;U2.46;U3.46;U4.46;U5.46;U6.46;U7.46;U8.46;U9.46;U10.46;U11.46;U12.46;U13.46;U14.46;U15.46;U16.46;U17.46;U18.46;U19.46;U20.46;U21.46;U22.46;U23.46;U24.46;U25.46;U26.46;U27.46;U28.46",0.052,0.678,64.6700992253621,19.25,0,0.172910821061061,-0.016,"none",FALSE,0.0956690311431885,NA
47,"model1",1000,"medium",1,0.49,0.672750356141478,0.377360650757328,1,1,1,0,31,1,0.497510324768135,0.549447313463721,"M1.1",31,"U1.47;U2.47;U3.47;U4.47;U5.47;U6.47;U7.47;U8.47;U9.47;U10.47;U11.47;U12.47;U13.47;U14.47;U15.47;U16.47;U17.47;U18.47;U19.47;U20.47;U21.47;U22.47;U23.47;U24.47;U25.47;U26.47;U27.47;U28.47;U29.47;U30.47;U31.47",0.308,0.001,127.930220804678,3.242,0,10.1391013749282,0.409,"T1->T2",FALSE,0.0803310871124268,NA
48,"model2",1000,"medium",1,0.25,0.865481917164288,0.336992927920073,1,1,1,0,24,1,0.365613310967026,0.435967263730638,"M2.1",24,"U1.48;U2.48;U3.48;U4.48;U5.48;U6.48;U7.48;U8.48;U9.48;U10.48;U11.48;U12.48;U13.48;U14.48;U15.48;U16.48;U17.48;U18.48;U19.48;U20.48;U21.48;U22.48;U23.48;U24.48",0.056,0.488,152.981938998351,17.995,0,0.480335146262411,0.219,"none",FALSE,0.0602850914001465,NA
49,"model3",1000,"medium",1,0.45,0.707836515735835,0.497907873056829,1,1,1,0,35,1,0.490965459010421,0.40521900575217,"M3",35,"U1.49;U2.49;U3.49;U4.49;U5.49;U6.49;U7.49;U8.49;U9.49;U10.49;U11.49;U12.49;U13.49;U14.49;U15.49;U16.49;U17.49;U18.49;U19.49;U20.49;U21.49;U22.49;U23.49;U24.49;U25.49;U26.49;U27.49;U28.49;U29.49;U30.49;U31.49;U32.49;U33.49;U34.49;U35.49",0.947,0,133.91146418552,1.056,0,135.063143643768,0.084,"T1->T2",FALSE,0.050861120223999,NA
50,"model4",1000,"medium",1,0.07,0.972733532311395,0.375407672859728,1,1,1,0,18,1,0.440226701746575,0.344909924995747,"M4",18,"U1.50;U2.50;U3.50;U4.50;U5.50;U6.50;U7.50;U8.50;U9.50;U10.50;U11.50;U12.50;U13.50;U14.50;U15.50;U16.50;U17.50;U18.50",1.253,0,84.8170463791176,0.798,0,119.216514976243,0.333,"T1->T2",FALSE,0.0630080699920654,NA
51,"model0",50,"large",1,0.01,1.3582902206108,0.79597242269665,1,1,1,0,29,211,0.814355769329709,0.804840576746006,"M0.1",29,"U1.51;U2.51;U3.51;U4.51;U5.51;U6.51;U7.51;U8.51;U9.51;U10.51;U11.51;U12.51;U13.51;U14.51;U15.51;U16.51;U17.51;U18.51;U19.51;U20.51;U21.51;U22.51;U23.51;U24.51;U25.51;U26.51;U27.51;U28.51;U29.51",-1.321,0.262,1.23995858232813,-0.757,0.265,1.25744755432957,0.123,"none",TRUE,0.0106759071350098,NA
52,"model1",50,"large",1,0.06,1.13264894799795,0.740187897230498,1,1,1,0,17,5,0.609032259736216,0.713474443490142,"M1.1",17,"U1.52;U2.52;U3.52;U4.52;U5.52;U6.52;U7.52;U8.52;U9.52;U10.52;U11.52;U12.52;U13.52;U14.52;U15.52;U16.52;U17.52",0.48,0.4,4.83851556985655,2.084,0.028,0.708081780290044,0.674,"none",TRUE,0.0110158920288086,NA
53,"model2",50,"large",1,0.29,1.02048089727759,0.785118033294566,1,1,1,0,3,1,0.00752408801566769,0.125343103083808,"M2.1",3,"U1.53;U2.53;U3.53",-0.058,0.818,8.0780266196724,-17.364,0.004,0.0530263392639288,0.562,"none",TRUE,0.0199601650238037,NA
54,"model3",50,"large",1,0.42,1.46262438688427,0.726852670777589,1,1,1,0,15,1,0.30127089010587,0.381384561465748,"M3",15,"U1.54;U2.54;U3.54;U4.54;U5.54;U6.54;U7.54;U8.54;U9.54;U10.54;U11.54;U12.54;U13.54;U14.54;U15.54",1.03,0,27.5979989139808,0.971,0,30.2066162466168,0.48,"T1->T2",FALSE,0.0220751762390137,NA
55,"model4",50,"large",1,0.31,1.1656321483897,0.566255013807677,1,1,1,0,15,1,0.488520621229577,0.319966821638471,"M4",15,"U1.55;U2.55;U3.55;U4.55;U5.55;U6.55;U7.55;U8.55;U9.55;U10.55;U11.55;U12.55;U13.55;U14.55;U15.55",1.284,0,18.909504074611,0.779,0,27.9407041702719,0.62,"T1->T2",FALSE,0.0145909786224365,NA
56,"model0",150,"large",1,0.15,1.11119835381396,0.741370681906119,1,1,1,0,19,1,0.523767488459759,0.452741116223685,"M0.1",19,"U1.56;U2.56;U3.56;U4.56;U5.56;U6.56;U7.56;U8.56;U9.56;U10.56;U11.56;U12.56;U13.56;U14.56;U15.56;U16.56;U17.56;U18.56;U19.56",-0.024,0.924,16.8975562284777,-41.79,0,0.00910392516610813,0.014,"none",FALSE,0.0273239612579346,NA
57,"model1",150,"large",1,0.25,1.15752157731913,0.835149363032542,1,1,1,0,26,1,0.485005457373967,0.425314136436406,"M1.1",26,"U1.57;U2.57;U3.57;U4.57;U5.57;U6.57;U7.57;U8.57;U9.57;U10.57;U11.57;U12.57;U13.57;U14.57;U15.57;U16.57;U17.57;U18.57;U19.57;U20.57;U21.57;U22.57;U23.57;U24.57;U25.57;U26.57",0.806,0,58.4114474083645,1.241,0,25.4795109970523,0.603,"T1->T2",FALSE,0.0284709930419922,NA
58,"model2",150,"large",1,0.4,1.01839216682129,0.607184508000501,1,1,1,0,22,1,0.394075938652569,0.44288832538234,"M2.1",22,"U1.58;U2.58;U3.58;U4.58;U5.58;U6.58;U7.58;U8.58;U9.58;U10.58;U11.58;U12.58;U13.58;U14.58;U15.58;U16.58;U17.58;U18.58;U19.58;U20.58;U21.58;U22.58",-0.053,0.701,29.2353604348409,-18.79,0,0.14764988378046,0.471,"none",FALSE,0.0433931350708008,NA
59,"model3",150,"large",1,0.14,1.44054488406982,0.901790153351612,1,1,1,0,30,1,0.556196174380046,0.61436389334532,"M3",30,"U1.59;U2.59;U3.59;U4.59;U5.59;U6.59;U7.59;U8.59;U9.59;U10.59;U11.59;U12.59;U13.59;U14.59;U15.59;U16.59;U17.59;U18.59;U19.59;U20.59;U21.59;U22.59;U23.59;U24.59;U25.59;U26.59;U27.59;U28.59;U29.59;U30.59",0.777,0,58.3065502683029,1.287,0,26.3701127815532,0.128,"T1->T2",FALSE,0.0534532070159912,NA
60,"model4",150,"large",1,0.42,1.06547645374667,0.5095458017895,1,1,1,0,37,1,0.63304961914532,0.579786363143395,"M4",37,"U1.60;U2.60;U3.60;U4.60;U5.60;U6.60;U7.60;U8.60;U9.60;U10.60;U11.60;U12.60;U13.60;U14.60;U15.60;U16.60;U17.60;U18.60;U19.60;U20.60;U21.60;U22.60;U23.60;U24.60;U25.60;U26.60;U27.60;U28.60;U29.60;U30.60;U31.60;U32.60;U33.60;U34.60;U35.60;U36.60;U37.60",1.463,0,47.6988441959261,0.684,0,92.5751370110448,0.624,"T1->T2",FALSE,0.0427899360656738,NA
61,"model0",300,"large",1,0.01,1.33301574538928,0.528844338725321,1,1,1,0,46,98,0.673741876583869,0.67439914064474,"M0.1",46,"U1.61;U2.61;U3.61;U4.61;U5.61;U6.61;U7.61;U8.61;U9.61;U10.61;U11.61;U12.61;U13.61;U14.61;U15.61;U16.61;U17.61;U18.61;U19.61;U20.61;U21.61;U22.61;U23.61;U24.61;U25.61;U26.61;U27.61;U28.61;U29.61;U30.61;U31.61;U32.61;U33.61;U34.61;U35.61;U36.61;U37.61;U38.61;U39.61;U40.61;U41.61;U42.61;U43.61;U44.61;U45.61;U46.61",0.182,0.522,12.8018809808422,5.496,0,0.409248511302416,0.036,"none",FALSE,0.0336639881134033,NA
62,"model1",300,"large",1,0.02,1.20514225889929,0.550313842017204,1,1,1,0,50,2,0.614892221203943,0.629728786987152,"M1.1",50,"U1.62;U2.62;U3.62;U4.62;U5.62;U6.62;U7.62;U8.62;U9.62;U10.62;U11.62;U12.62;U13.62;U14.62;U15.62;U16.62;U17.62;U18.62;U19.62;U20.62;U21.62;U22.62;U23.62;U24.62;U25.62;U26.62;U27.62;U28.62;U29.62;U30.62;U31.62;U32.62;U33.62;U34.62;U35.62;U36.62;U37.62;U38.62;U39.62;U40.62;U41.62;U42.62;U43.62;U44.62;U45.62;U46.62;U47.62;U48.62;U49.62;U50.62",1.039,0.003,10.1416397122407,0.962,0.001,9.01791031316538,0.255,"T1->T2",FALSE,0.0503590106964111,NA
63,"model2",300,"large",1,0.13,1.01896240131464,0.602989749400876,1,1,1,0,10,1,0.198486541814704,0.270267786522414,"M2.1",10,"U1.63;U2.63;U3.63;U4.63;U5.63;U6.63;U7.63;U8.63;U9.63;U10.63",0.234,0.072,43.984965738128,4.267,0,3.242081177052,0.533,"none",FALSE,0.104315996170044,NA
64,"model3",300,"large",1,0.43,1.29888848692644,0.811007838812657,1,1,1,0,7,1,0.154286146679132,0.0897917813487633,"M3",7,"U1.64;U2.64;U3.64;U4.64;U5.64;U6.64;U7.64",0.94,0,217.639117253803,1.064,0,244.807933461336,0.512,"T1->T2",FALSE,0.0417640209197998,NA
65,"model4",300,"large",1,0.14,1.3784093093127,0.805632566451095,1,1,1,0,45,1,0.616702340784462,0.614981187046674,"M4",45,"U1.65;U2.65;U3.65;U4.65;U5.65;U6.65;U7.65;U8.65;U9.65;U10.65;U11.65;U12.65;U13.65;U14.65;U15.65;U16.65;U17.65;U18.65;U19.65;U20.65;U21.65;U22.65;U23.65;U24.65;U25.65;U26.65;U27.65;U28.65;U29.65;U30.65;U31.65;U32.65;U33.65;U34.65;U35.65;U36.65;U37.65;U38.65;U39.65;U40.65;U41.65;U42.65;U43.65;U44.65;U45.65",1.791,0,59.1623143637058,0.558,0,117.171607389613,0.748,"T1->T2",FALSE,0.0428178310394287,NA
66,"model0",670,"large",1,0.02,1.38621653418522,0.533590297331102,1,1,1,3,45,5,0.609613272585364,0.600915349905926,"M0.1",45,"U1.66;U2.66;U3.66;U4.66;U5.66;U6.66;U7.66;U8.66;U9.66;U10.66;U11.66;U12.66;U13.66;U14.66;U15.66;U16.66;U17.66;U18.66;U19.66;U20.66;U21.66;U22.66;U23.66;U24.66;U25.66;U26.66;U27.66;U28.66;U29.66;U30.66;U31.66;U32.66;U33.66;U34.66;U35.66;U36.66;U37.66;U38.66;U39.66;U40.66;U41.66;U42.66;U43.66;U44.66;U45.66",-0.098,0.679,17.5511585248134,-10.218,0,0.171546812911286,0.054,"none",FALSE,0.0350370407104492,NA
67,"model1",670,"large",1,0.21,1.3923060472589,0.651701759314165,1,1,1,3,1,1,0.00574791703857122,0.00108644976269744,"M1.1",1,"U1.67",0.612,0,327.684926893617,1.635,0,85.5857914305388,0.602,"T1->T2",FALSE,0.0327761173248291,NA
68,"model2",670,"large",1,0.39,1.33692532137502,0.672504714690149,1,1,1,3,7,1,0.0870423503949249,0.133233757354034,"M2.1",7,"U1.68;U2.68;U3.68;U4.68;U5.68;U6.68;U7.68",-0.051,0.308,268.008648908605,-19.713,0,1.03918057976468,0.475,"none",FALSE,0.0456860065460205,NA
69,"model3",670,"large",1,0.07,1.2790223043412,0.76353549270425,1,1,1,3,13,1,0.184348684491722,0.328596216735809,"M3",13,"U1.69;U2.69;U3.69;U4.69;U5.69;U6.69;U7.69;U8.69;U9.69;U10.69;U11.69;U12.69;U13.69",1.092,0,107.071838714298,0.916,0,99.539942390458,0.11,"T1->T2",FALSE,0.0289990901947021,NA
70,"model4",670,"large",1,0.46,1.49731754942331,0.804985634284094,1,1,1,3,21,1,0.301143483544468,0.159047229378224,"M4",21,"U1.70;U2.70;U3.70;U4.70;U5.70;U6.70;U7.70;U8.70;U9.70;U10.70;U11.70;U12.70;U13.70;U14.70;U15.70;U16.70;U17.70;U18.70;U19.70;U20.70;U21.70",1.798,0,415.256442635845,0.556,0,943.958752483561,0.772,"T1->T2",FALSE,0.0339348316192627,NA
71,"model0",1000,"large",1,0.25,1.19396109855734,0.824731744709425,1,1,1,0,8,1,0.158703026737564,0.170005715009615,"M0.1",8,"U1.71;U2.71;U3.71;U4.71;U5.71;U6.71;U7.71;U8.71",-0.015,0.749,504.963197533254,-66.445,0,0.102279987338484,0.044,"none",FALSE,0.0672190189361572,NA
72,"model1",1000,"large",1,0.01,1.3989509701496,0.714672336354852,1,1,1,0,13,7,0.353517136991141,0.31854739120611,"M1.1",13,"U1.72;U2.72;U3.72;U4.72;U5.72;U6.72;U7.72;U8.72;U9.72;U10.72;U11.72;U12.72;U13.72",0.82,0.014,13.8867802324489,1.219,0,6.0111380947091,0.58,"T1->T2",FALSE,0.0605177879333496,NA
73,"model2",1000,"large",1,0.26,1.17018972372171,0.762876803986728,1,1,1,0,50,1,0.532664345620968,0.588337577310032,"M2.1",50,"U1.73;U2.73;U3.73;U4.73;U5.73;U6.73;U7.73;U8.73;U9.73;U10.73;U11.73;U12.73;U13.73;U14.73;U15.73;U16.73;U17.73;U18.73;U19.73;U20.73;U21.73;U22.73;U23.73;U24.73;U25.73;U26.73;U27.73;U28.73;U29.73;U30.73;U31.73;U32.73;U33.73;U34.73;U35.73;U36.73;U37.73;U38.73;U39.73;U40.73;U41.73;U42.73;U43.73;U44.73;U45.73;U46.73;U47.73;U48.73;U49.73;U50.73",0.004,0.959,109.709156062431,266.35,0,0.00261575230589767,0.536,"none",FALSE,0.0732879638671875,NA
74,"model3",1000,"large",1,0.02,1.36454448685981,0.864529208629392,1,1,1,0,14,2,0.276719814204965,0.350530681907725,"M3",14,"U1.74;U2.74;U3.74;U4.74;U5.74;U6.74;U7.74;U8.74;U9.74;U10.74;U11.74;U12.74;U13.74;U14.74",1.198,0,82.612124097579,0.835,0,92.2505934136377,0.208,"T1->T2",FALSE,0.0452311038970947,NA
75,"model4",1000,"large",1,0.05,1.44600793928839,0.739438187796623,1,1,1,0,45,1,0.635252128280354,0.663350883494958,"M4",45,"U1.75;U2.75;U3.75;U4.75;U5.75;U6.75;U7.75;U8.75;U9.75;U10.75;U11.75;U12.75;U13.75;U14.75;U15.75;U16.75;U17.75;U18.75;U19.75;U20.75;U21.75;U22.75;U23.75;U24.75;U25.75;U26.75;U27.75;U28.75;U29.75;U30.75;U31.75;U32.75;U33.75;U34.75;U35.75;U36.75;U37.75;U38.75;U39.75;U40.75;U41.75;U42.75;U43.75;U44.75;U45.75",1.598,0,80.5654368441641,0.626,0,113.541324489208,0.698,"T1->T2",FALSE,0.0454630851745605,NA
76,"model0",50,"small",2,0.24,0.322790358588099,0.198804500233382,1,1,1,0,25,1,0.675909237758163,0.678435360081008,"M0.1",25,"U1.76;U2.76;U3.76;U4.76;U5.76;U6.76;U7.76;U8.76;U9.76;U10.76;U11.76;U12.76;U13.76;U14.76;U15.76;U16.76;U17.76;U18.76;U19.76;U20.76;U21.76;U22.76;U23.76;U24.76;U25.76",3.047,0.276,0.11441952000243,0.328,0.735,1.1849889262623,-0.087,"none",TRUE,0.0142788887023926,NA
77,"model1",50,"small",2,0.08,0.224879782553762,0.156918788840994,1,1,1,0,12,9,0.582856278807511,0.355726659446732,"M1.1",12,"U1.77;U2.77;U3.77;U4.77;U5.77;U6.77;U7.77;U8.77;U9.77;U10.77;U11.77;U12.77",4.043,0.159,0.095214455254538,0.247,0.758,1.98281780803997,0.224,"none",TRUE,0.0112559795379639,NA
78,"model2",50,"small",2,0.2,0.30014777071774,0.116829957999289,1,1,1,0,13,1,0.416975772519782,0.487304861921183,"M2.1",13,"U1.78;U2.78;U3.78;U4.78;U5.78;U6.78;U7.78;U8.78;U9.78;U10.78;U11.78;U12.78;U13.78",-0.071,0.94,1.24863325361724,-14.111,0.264,0.00562366706247994,0.266,"none",TRUE,0.0110270977020264,NA
79,"model3",50,"small",2,0.28,0.246883030515164,0.18914301302284,1,1,1,0,28,1,0.747594270687802,0.814086393687733,"M3",28,"U1.79;U2.79;U3.79;U4.79;U5.79;U6.79;U7.79;U8.79;U9.79;U10.79;U11.79;U12.79;U13.79;U14.79;U15.79;U16.79;U17.79;U18.79;U19.79;U20.79;U21.79;U22.79;U23.79;U24.79;U25.79;U26.79;U27.79;U28.79",2.852,0.542,0.0531666356623885,0.351,0.818,0.371050646087923,0.292,"none",TRUE,0.0104820728302002,NA
80,"model4",50,"small",2,0.3,0.130361574422568,0.138582436833531,1,1,1,0,44,1,0.959682626414769,0.961432739049599,"M4",44,"U1.80;U2.80;U3.80;U4.80;U5.80;U6.80;U7.80;U8.80;U9.80;U10.80;U11.80;U12.80;U13.80;U14.80;U15.80;U16.80;U17.80;U18.80;U19.80;U20.80;U21.80;U22.80;U23.80;U24.80;U25.80;U26.80;U27.80;U28.80;U29.80;U30.80;U31.80;U32.80;U33.80;U34.80;U35.80;U36.80;U37.80;U38.80;U39.80;U40.80;U41.80;U42.80;U43.80;U44.80",0.106,0.945,0.275146738411634,9.47,0.6,0.00471577574164623,0.167,"none",TRUE,0.0141050815582275,NA
81,"model0",150,"small",2,0.14,0.181846987921745,0.197200600104406,1,1,1,0,7,1,0.305303899113125,0.273674297982257,"M0.1",7,"U1.81;U2.81;U3.81;U4.81;U5.81;U6.81;U7.81",0.775,0.356,1.74886987724318,1.291,0.186,0.851244806755713,0.215,"none",TRUE,0.0394041538238525,NA
82,"model1",150,"small",2,0.34,0.191733559127897,0.115236583212391,1,1,1,0,44,1,0.79964596346456,0.707293347577882,"M1.1",44,"U1.82;U2.82;U3.82;U4.82;U5.82;U6.82;U7.82;U8.82;U9.82;U10.82;U11.82;U12.82;U13.82;U14.82;U15.82;U16.82;U17.82;U18.82;U19.82;U20.82;U21.82;U22.82;U23.82;U24.82;U25.82;U26.82;U27.82;U28.82;U29.82;U30.82;U31.82;U32.82;U33.82;U34.82;U35.82;U36.82;U37.82;U38.82;U39.82;U40.82;U41.82;U42.82;U43.82;U44.82",0.581,0.754,0.226130846763114,1.721,0.634,0.0984079703525455,-0.022,"none",TRUE,0.0339469909667969,NA
83,"model2",150,"small",2,0.42,0.245514825265855,0.245550743024796,1,1,1,0,25,1,0.442297707555388,0.470317280474736,"M2.1",25,"U1.83;U2.83;U3.83;U4.83;U5.83;U6.83;U7.83;U8.83;U9.83;U10.83;U11.83;U12.83;U13.83;U14.83;U15.83;U16.83;U17.83;U18.83;U19.83;U20.83;U21.83;U22.83;U23.83;U24.83;U25.83",-0.132,0.868,1.63990832757292,-7.569,0.2,0.0274525456224223,0.119,"none",TRUE,0.0327591896057129,NA
84,"model3",150,"small",2,0.26,0.339469168055803,0.212269850960001,1,1,1,0,45,1,0.700152418049199,0.669511376574828,"M3",45,"U1.84;U2.84;U3.84;U4.84;U5.84;U6.84;U7.84;U8.84;U9.84;U10.84;U11.84;U12.84;U13.84;U14.84;U15.84;U16.84;U17.84;U18.84;U19.84;U20.84;U21.84;U22.84;U23.84;U24.84;U25.84;U26.84;U27.84;U28.84;U29.84;U30.84;U31.84;U32.84;U33.84;U34.84;U35.84;U36.84;U37.84;U38.84;U39.84;U40.84;U41.84;U42.84;U43.84;U44.84;U45.84",0.249,0.665,3.7265268103815,4.011,0.054,0.187391445949569,0.179,"none",TRUE,0.0356190204620361,NA
85,"model4",150,"small",2,0.35,0.315034980140626,0.281906748004258,1,1,1,0,43,1,0.699562504342004,0.709102642769061,"M4",43,"U1.85;U2.85;U3.85;U4.85;U5.85;U6.85;U7.85;U8.85;U9.85;U10.85;U11.85;U12.85;U13.85;U14.85;U15.85;U16.85;U17.85;U18.85;U19.85;U20.85;U21.85;U22.85;U23.85;U24.85;U25.85;U26.85;U27.85;U28.85;U29.85;U30.85;U31.85;U32.85;U33.85;U34.85;U35.85;U36.85;U37.85;U38.85;U39.85;U40.85;U41.85;U42.85;U43.85",0.954,0.151,2.06795089188108,1.048,0.15,2.05809131698939,0.242,"none",TRUE,0.0345609188079834,NA
86,"model0",300,"small",2,0.47,0.474485619366169,0.120584707893431,1,1,1,0,40,1,0.63805416268123,0.686416778981758,"M0.1",40,"U1.86;U2.86;U3.86;U4.86;U5.86;U6.86;U7.86;U8.86;U9.86;U10.86;U11.86;U12.86;U13.86;U14.86;U15.86;U16.86;U17.86;U18.86;U19.86;U20.86;U21.86;U22.86;U23.86;U24.86;U25.86;U26.86;U27.86;U28.86;U29.86;U30.86;U31.86;U32.86;U33.86;U34.86;U35.86;U36.86;U37.86;U38.86;U39.86;U40.86",-0.278,0.266,19.4884334969151,-3.602,0,1.23632195407982,-0.012,"none",FALSE,0.0349020957946777,NA
87,"model1",300,"small",2,0.49,0.17040471797809,0.223676017485559,1,1,1,0,47,1,0.661531930723831,0.727292084957007,"M1.1",47,"U1.87;U2.87;U3.87;U4.87;U5.87;U6.87;U7.87;U8.87;U9.87;U10.87;U11.87;U12.87;U13.87;U14.87;U15.87;U16.87;U17.87;U18.87;U19.87;U20.87;U21.87;U22.87;U23.87;U24.87;U25.87;U26.87;U27.87;U28.87;U29.87;U30.87;U31.87;U32.87;U33.87;U34.87;U35.87;U36.87;U37.87;U38.87;U39.87;U40.87;U41.87;U42.87;U43.87;U44.87;U45.87;U46.87;U47.87",-0.966,0.424,0.656646383217152,-1.035,0.418,0.639745843769098,0.134,"none",TRUE,0.036484956741333,NA
88,"model2",300,"small",2,0.33,0.125237517617643,0.109645906230435,1,1,1,0,31,1,0.608114932912232,0.602719821400251,"M2.1",31,"U1.88;U2.88;U3.88;U4.88;U5.88;U6.88;U7.88;U8.88;U9.88;U10.88;U11.88;U12.88;U13.88;U14.88;U15.88;U16.88;U17.88;U18.88;U19.88;U20.88;U21.88;U22.88;U23.88;U24.88;U25.88;U26.88;U27.88;U28.88;U29.88;U30.88;U31.88",0.53,0.894,0.0752222603473233,1.887,0.784,0.0178277333786961,0.109,"none",TRUE,0.0377559661865234,NA
89,"model3",300,"small",2,0.02,0.130668370239437,0.163196247490123,1,1,1,0,3,3,0.0558426722994572,0.0933548973328565,"M3",3,"U1.89;U2.89;U3.89",1.981,0.401,0.223298381036338,0.505,0.637,0.70436868519753,-0.124,"none",TRUE,0.0269930362701416,NA
90,"model4",300,"small",2,0.45,0.131106065958738,0.179696805169806,1,1,1,0,48,1,0.7215282967745,0.676505669458049,"M4",48,"U1.90;U2.90;U3.90;U4.90;U5.90;U6.90;U7.90;U8.90;U9.90;U10.90;U11.90;U12.90;U13.90;U14.90;U15.90;U16.90;U17.90;U18.90;U19.90;U20.90;U21.90;U22.90;U23.90;U24.90;U25.90;U26.90;U27.90;U28.90;U29.90;U30.90;U31.90;U32.90;U33.90;U34.90;U35.90;U36.90;U37.90;U38.90;U39.90;U40.90;U41.90;U42.90;U43.90;U44.90;U45.90;U46.90;U47.90;U48.90",1.075,0.547,0.260563834346502,0.93,0.61,0.362291309433878,0.087,"none",TRUE,0.0261280536651611,NA
91,"model0",670,"small",2,0.4,0.445917554572225,0.264073246810585,1,1,1,3,11,1,0.268201494978062,0.282421594736443,"M0.1",11,"U1.91;U2.91;U3.91;U4.91;U5.91;U6.91;U7.91;U8.91;U9.91;U10.91;U11.91",-0.142,0.342,50.0303998400332,-7.023,0,0.902880780465937,0.121,"none",FALSE,0.0320150852203369,NA
92,"model1",670,"small",2,0.14,0.286850121058524,0.122117557469755,1,1,1,3,8,1,0.163698786181195,0.147331535003244,"M1.1",8,"U1.92;U2.92;U3.92;U4.92;U5.92;U6.92;U7.92;U8.92",0.159,0.525,16.3649954090941,6.287,0,0.404403403257539,0.074,"none",FALSE,0.0309538841247559,NA
93,"model2",670,"small",2,0.25,0.356641695741564,0.286851915763691,1,1,1,3,3,1,0.113710383536705,0.191738799204711,"M2.1",3,"U1.93;U2.93;U3.93",0.17,0.327,28.8877720770001,5.883,0,0.961638549375187,0.344,"none",FALSE,0.0337128639221191,NA
94,"model3",670,"small",2,0.29,0.353139131050557,0.22315348428674,1,1,1,3,2,1,0.00500216250535911,0.108483688868076,"M3",2,"U1.94;U2.94",1.06,0,23.0729366368508,0.943,0,22.2340275966905,0.095,"T1->T2",FALSE,0.0290818214416504,NA
95,"model4",670,"small",2,0.24,0.406126260384917,0.29267052449286,1,1,1,3,34,1,0.549218747615607,0.52153471279051,"M4",34,"U1.95;U2.95;U3.95;U4.95;U5.95;U6.95;U7.95;U8.95;U9.95;U10.95;U11.95;U12.95;U13.95;U14.95;U15.95;U16.95;U17.95;U18.95;U19.95;U20.95;U21.95;U22.95;U23.95;U24.95;U25.95;U26.95;U27.95;U28.95;U29.95;U30.95;U31.95;U32.95;U33.95;U34.95",0.814,0.001,15.7968428025901,1.228,0,10.1191924709719,0.363,"T1->T2",FALSE,0.0294589996337891,NA
96,"model0",1000,"small",2,0.24,0.368319881800562,0.138281066622585,1,1,1,0,45,1,0.630460133922604,0.597935535781797,"M0.1",45,"U1.96;U2.96;U3.96;U4.96;U5.96;U6.96;U7.96;U8.96;U9.96;U10.96;U11.96;U12.96;U13.96;U14.96;U15.96;U16.96;U17.96;U18.96;U19.96;U20.96;U21.96;U22.96;U23.96;U24.96;U25.96;U26.96;U27.96;U28.96;U29.96;U30.96;U31.96;U32.96;U33.96;U34.96;U35.96;U36.96;U37.96;U38.96;U39.96;U40.96;U41.96;U42.96;U43.96;U44.96;U45.96",0.113,0.524,32.2390531435299,8.821,0,0.405511899561939,-0.135,"none",FALSE,0.0456128120422363,NA
97,"model1",1000,"small",2,0.3,0.260747740603983,0.123235427029431,1,1,1,0,8,1,0.256410733940195,0.365306024569373,"M1.1",8,"U1.97;U2.97;U3.97;U4.97;U5.97;U6.97;U7.97;U8.97",0.596,0.042,14.2041818572742,1.677,0,4.12761900109853,0.098,"T1->T2",FALSE,0.0510149002075195,NA
98,"model2",1000,"small",2,0.04,0.443596133124083,0.15873134098947,1,1,1,0,41,1,0.56406630773842,0.596150820929904,"M2.1",41,"U1.98;U2.98;U3.98;U4.98;U5.98;U6.98;U7.98;U8.98;U9.98;U10.98;U11.98;U12.98;U13.98;U14.98;U15.98;U16.98;U17.98;U18.98;U19.98;U20.98;U21.98;U22.98;U23.98;U24.98;U25.98;U26.98;U27.98;U28.98;U29.98;U30.98;U31.98;U32.98;U33.98;U34.98;U35.98;U36.98;U37.98;U38.98;U39.98;U40.98;U41.98",-0.122,0.756,6.49085390217054,-8.191,0.011,0.0964648458801824,0.196,"none",TRUE,0.0471241474151611,NA
99,"model3",1000,"small",2,0.19,0.42791606253013,0.230434778658673,1,1,1,0,49,1,0.605807484688804,0.593379375625624,"M3",49,"U1.99;U2.99;U3.99;U4.99;U5.99;U6.99;U7.99;U8.99;U9.99;U10.99;U11.99;U12.99;U13.99;U14.99;U15.99;U16.99;U17.99;U18.99;U19.99;U20.99;U21.99;U22.99;U23.99;U24.99;U25.99;U26.99;U27.99;U28.99;U29.99;U30.99;U31.99;U32.99;U33.99;U34.99;U35.99;U36.99;U37.99;U38.99;U39.99;U40.99;U41.99;U42.99;U43.99;U44.99;U45.99;U46.99;U47.99;U48.99;U49.99",0.873,0,18.3050213670877,1.145,0,13.8251287642317,0.122,"T1->T2",FALSE,0.0468010902404785,NA
100,"model4",1000,"small",2,0.43,0.38562631206587,0.141113614430651,1,1,1,0,49,1,0.653645451464433,0.606140800662153,"M4",49,"U1.100;U2.100;U3.100;U4.100;U5.100;U6.100;U7.100;U8.100;U9.100;U10.100;U11.100;U12.100;U13.100;U14.100;U15.100;U16.100;U17.100;U18.100;U19.100;U20.100;U21.100;U22.100;U23.100;U24.100;U25.100;U26.100;U27.100;U28.100;U29.100;U30.100;U31.100;U32.100;U33.100;U34.100;U35.100;U36.100;U37.100;U38.100;U39.100;U40.100;U41.100;U42.100;U43.100;U44.100;U45.100;U46.100;U47.100;U48.100;U49.100",0.891,0,29.5273319572265,1.122,0,24.7719976584807,0.207,"T1->T2",FALSE,0.0465080738067627,NA
101,"model0",50,"medium",2,0.08,0.90590610448271,0.345661399513483,1,1,1,0,26,1,0.719626687619056,0.665576289802638,"M0.1",26,"U1.101;U2.101;U3.101;U4.101;U5.101;U6.101;U7.101;U8.101;U9.101;U10.101;U11.101;U12.101;U13.101;U14.101;U15.101;U16.101;U17.101;U18.101;U19.101;U20.101;U21.101;U22.101;U23.101;U24.101;U25.101;U26.101",0.182,0.611,9.25130473663348,5.487,0.002,0.258032880854629,0.018,"none",TRUE,0.0233891010284424,NA
102,"model1",50,"medium",2,0.24,0.939070769003592,0.341826055198908,1,1,1,0,44,1,0.972562566202689,0.957778831619651,"M1.1",44,"U1.102;U2.102;U3.102;U4.102;U5.102;U6.102;U7.102;U8.102;U9.102;U10.102;U11.102;U12.102;U13.102;U14.102;U15.102;U16.102;U17.102;U18.102;U19.102;U20.102;U21.102;U22.102;U23.102;U24.102;U25.102;U26.102;U27.102;U28.102;U29.102;U30.102;U31.102;U32.102;U33.102;U34.102;U35.102;U36.102;U37.102;U38.102;U39.102;U40.102;U41.102;U42.102;U43.102;U44.102",0.446,0.312,8.50135831987694,2.242,0.004,1.02021008369776,0.472,"none",TRUE,0.0216639041900635,NA
103,"model2",50,"medium",2,0.44,0.815096716629341,0.384328054450452,1,1,1,0,20,1,0.592472234981046,0.682213692210997,"M2.1",20,"U1.103;U2.103;U3.103;U4.103;U5.103;U6.103;U7.103;U8.103;U9.103;U10.103;U11.103;U12.103;U13.103;U14.103;U15.103;U16.103;U17.103;U18.103;U19.103;U20.103",0.141,0.465,17.541311230326,7.09,0,0.533897589184462,0.449,"none",FALSE,0.0318779945373535,NA
104,"model3",50,"medium",2,0.1,0.630643555661663,0.392392843402922,1,1,1,0,18,7,0.526224488781783,0.542839830625234,"M3",18,"U1.104;U2.104;U3.104;U4.104;U5.104;U6.104;U7.104;U8.104;U9.104;U10.104;U11.104;U12.104;U13.104;U14.104;U15.104;U16.104;U17.104;U18.104",2.522,0.002,1.42814176300243,0.396,0.232,9.30515340690017,0.313,"none",TRUE,0.0116989612579346,NA
105,"model4",50,"medium",2,0.47,0.526517656748183,0.387959317816421,1,1,1,0,11,1,0.497073627790276,0.432633718417001,"M4",11,"U1.105;U2.105;U3.105;U4.105;U5.105;U6.105;U7.105;U8.105;U9.105;U10.105;U11.105",1.08,0.131,1.86749349084883,0.926,0.172,2.28112139981737,0.482,"none",TRUE,0.0112180709838867,NA
106,"model0",150,"medium",2,0.29,0.919697221950628,0.419123359536752,1,1,1,0,2,1,0.00199828307110432,0.129463641139163,"M0.1",2,"U1.106;U2.106",0.253,0.115,54.919949448645,3.959,0,2.49094741673722,0.024,"none",FALSE,0.0350799560546875,NA
107,"model1",150,"medium",2,0.35,0.885317758074962,0.41248665349558,1,1,1,0,29,1,0.565394944997759,0.475491638252452,"M1.1",29,"U1.107;U2.107;U3.107;U4.107;U5.107;U6.107;U7.107;U8.107;U9.107;U10.107;U11.107;U12.107;U13.107;U14.107;U15.107;U16.107;U17.107;U18.107;U19.107;U20.107;U21.107;U22.107;U23.107;U24.107;U25.107;U26.107;U27.107;U28.107;U29.107",0.177,0.414,20.6987602896288,5.643,0,0.66622394934506,0.408,"none",FALSE,0.0503580570220947,NA
108,"model2",150,"medium",2,0.19,0.628514010342769,0.325640961155295,1,1,1,0,19,1,0.285437853986369,0.672221817297088,"M2.1",19,"U1.108;U2.108;U3.108;U4.108;U5.108;U6.108;U7.108;U8.108;U9.108;U10.108;U11.108;U12.108;U13.108;U14.108;U15.108;U16.108;U17.108;U18.108;U19.108",-0.14,0.694,10.4954824967657,-7.167,0.001,0.155185630393009,0.168,"none",FALSE,0.0404818058013916,NA
109,"model3",150,"medium",2,0.28,0.872767141438089,0.418747916771099,1,1,1,0,4,1,0.119833679686237,0.163613811691474,"M3",4,"U1.109;U2.109;U3.109;U4.109",0.88,0,55.8926954750953,1.136,0,45.2368630723012,0.282,"T1->T2",FALSE,0.0487620830535889,NA
110,"model4",150,"medium",2,0.33,0.984408913296647,0.450915948580951,1,1,1,0,27,1,0.507005119500669,0.58586540079853,"M4",27,"U1.110;U2.110;U3.110;U4.110;U5.110;U6.110;U7.110;U8.110;U9.110;U10.110;U11.110;U12.110;U13.110;U14.110;U15.110;U16.110;U17.110;U18.110;U19.110;U20.110;U21.110;U22.110;U23.110;U24.110;U25.110;U26.110;U27.110",1.34,0,44.0098771229477,0.746,0,52.1812460955331,0.671,"T1->T2",FALSE,0.068397045135498,NA
111,"model0",300,"medium",2,0.07,0.640145751996897,0.494102174649015,1,1,1,0,18,3,0.352503765259902,0.500446631863721,"M0.1",18,"U1.111;U2.111;U3.111;U4.111;U5.111;U6.111;U7.111;U8.111;U9.111;U10.111;U11.111;U12.111;U13.111;U14.111;U15.111;U16.111;U17.111;U18.111",-0.499,0.235,6.61873570754865,-2.006,0.01,1.40960788693765,-0.012,"none",TRUE,0.029033899307251,NA
112,"model1",300,"medium",2,0.23,0.582494209404103,0.342744473321363,1,1,1,0,26,1,0.464235237213701,0.485159809181287,"M1.1",26,"U1.112;U2.112;U3.112;U4.112;U5.112;U6.112;U7.112;U8.112;U9.112;U10.112;U11.112;U12.112;U13.112;U14.112;U15.112;U16.112;U17.112;U18.112;U19.112;U20.112;U21.112;U22.112;U23.112;U24.112;U25.112;U26.112",0.125,0.559,29.1608818430279,7.978,0,0.340694732742733,0.291,"none",FALSE,0.0296809673309326,NA
113,"model2",300,"medium",2,0.48,0.945227902149782,0.358698350563645,1,1,1,0,12,1,0.267353856849227,0.235844658398867,"M2.1",12,"U1.113;U2.113;U3.113;U4.113;U5.113;U6.113;U7.113;U8.113;U9.113;U10.113;U11.113;U12.113",-0.082,0.458,70.6650374933543,-12.195,0,0.550095204977995,0.215,"none",FALSE,0.0339939594268799,NA
114,"model3",300,"medium",2,0.42,0.795058510848321,0.309380410984159,1,1,1,0,35,1,0.652756082049487,0.435921712124545,"M3",35,"U1.114;U2.114;U3.114;U4.114;U5.114;U6.114;U7.114;U8.114;U9.114;U10.114;U11.114;U12.114;U13.114;U14.114;U15.114;U16.114;U17.114;U18.114;U19.114;U20.114;U21.114;U22.114;U23.114;U24.114;U25.114;U26.114;U27.114;U28.114;U29.114;U30.114;U31.114;U32.114;U33.114;U34.114;U35.114",0.772,0,38.4908558109248,1.296,0,30.7235827031331,0.003,"T1->T2",FALSE,0.0305838584899902,NA
115,"model4",300,"medium",2,0.34,0.661344998050481,0.317718834383413,1,1,1,0,11,1,0.182321607054923,0.244982362034024,"M4",11,"U1.115;U2.115;U3.115;U4.115;U5.115;U6.115;U7.115;U8.115;U9.115;U10.115;U11.115",0.933,0,35.9233550981397,1.072,0,26.6956418766752,0.29,"T1->T2",FALSE,0.0334179401397705,NA
116,"model0",670,"medium",2,0.09,0.987247169599868,0.324721056502312,1,1,1,3,9,1,0.192598985414953,0.304926923644205,"M0.1",9,"U1.116;U2.116;U3.116;U4.116;U5.116;U6.116;U7.116;U8.116;U9.116",-0.116,0.314,81.501565576963,-8.587,0,1.01516675468102,-0.218,"none",FALSE,0.0335659980773926,NA
117,"model1",670,"medium",2,0.32,0.709650430595502,0.340395368961617,1,1,1,3,4,1,0.173142786617151,0.139405205153601,"M1.1",4,"U1.117;U2.117;U3.117;U4.117",0.338,0,145.345585517561,2.958,0,15.2782434576339,0.467,"T1->T2",FALSE,0.0319290161132812,NA
118,"model2",670,"medium",2,0.45,0.866082658641972,0.445966817624867,1,1,1,3,14,1,0.345621782439732,0.364116484171418,"M2.1",14,"U1.118;U2.118;U3.118;U4.118;U5.118;U6.118;U7.118;U8.118;U9.118;U10.118;U11.118;U12.118;U13.118;U14.118",-0.018,0.804,139.497195680783,-56.154,0,0.0618359559772942,0.435,"none",FALSE,0.0315449237823486,NA
119,"model3",670,"medium",2,0.07,0.616252060630359,0.319829482305795,1,1,1,3,23,1,0.424978084333232,0.428122504898598,"M3",23,"U1.119;U2.119;U3.119;U4.119;U5.119;U6.119;U7.119;U8.119;U9.119;U10.119;U11.119;U12.119;U13.119;U14.119;U15.119;U16.119;U17.119;U18.119;U19.119;U20.119;U21.119;U22.119;U23.119",1.005,0,28.3186754171747,0.995,0,32.9327747098138,-0.077,"T1->T2",FALSE,0.0328149795532227,NA
120,"model4",670,"medium",2,0.1,0.751251688459888,0.459289264213294,1,1,1,3,24,1,0.476953810384799,0.485295963243194,"M4",24,"U1.120;U2.120;U3.120;U4.120;U5.120;U6.120;U7.120;U8.120;U9.120;U10.120;U11.120;U12.120;U13.120;U14.120;U15.120;U16.120;U17.120;U18.120;U19.120;U20.120;U21.120;U22.120;U23.120;U24.120",1.232,0,60.7533574345127,0.812,0,71.5243292595786,0.444,"T1->T2",FALSE,0.0312120914459229,NA
121,"model0",1000,"medium",2,0.3,0.643455880112015,0.391093654045835,1,1,1,0,37,1,0.542231071845684,0.573375873560731,"M0.1",37,"U1.121;U2.121;U3.121;U4.121;U5.121;U6.121;U7.121;U8.121;U9.121;U10.121;U11.121;U12.121;U13.121;U14.121;U15.121;U16.121;U17.121;U18.121;U19.121;U20.121;U21.121;U22.121;U23.121;U24.121;U25.121;U26.121;U27.121;U28.121;U29.121;U30.121;U31.121;U32.121;U33.121;U34.121;U35.121;U36.121;U37.121",-0.064,0.545,83.6084364350483,-15.567,0,0.36571821711531,0.034,"none",FALSE,0.0478870868682861,NA
122,"model1",1000,"medium",2,0.41,0.781310965656303,0.383980077086017,1,1,1,0,25,1,0.499207634666688,0.465200699413421,"M1.1",25,"U1.122;U2.122;U3.122;U4.122;U5.122;U6.122;U7.122;U8.122;U9.122;U10.122;U11.122;U12.122;U13.122;U14.122;U15.122;U16.122;U17.122;U18.122;U19.122;U20.122;U21.122;U22.122;U23.122;U24.122;U25.122",0.411,0,134.857265929929,2.434,0,21.4710388661596,0.437,"T1->T2",FALSE,0.050300121307373,NA
123,"model2",1000,"medium",2,0.02,0.674535943078808,0.375293293828145,1,1,1,0,29,2,0.584390506701943,0.496208322787464,"M2.1",29,"U1.123;U2.123;U3.123;U4.123;U5.123;U6.123;U7.123;U8.123;U9.123;U10.123;U11.123;U12.123;U13.123;U14.123;U15.123;U16.123;U17.123;U18.123;U19.123;U20.123;U21.123;U22.123;U23.123;U24.123;U25.123;U26.123;U27.123;U28.123;U29.123",-0.305,0.28,10.044143582524,-3.281,0.002,1.16593545967748,0.446,"none",FALSE,0.0634810924530029,NA
124,"model3",1000,"medium",2,0.43,0.566199140157551,0.394821701524779,1,1,1,0,25,1,0.464713815317121,0.477365537988099,"M3",25,"U1.124;U2.124;U3.124;U4.124;U5.124;U6.124;U7.124;U8.124;U9.124;U10.124;U11.124;U12.124;U13.124;U14.124;U15.124;U16.124;U17.124;U18.124;U19.124;U20.124;U21.124;U22.124;U23.124;U24.124;U25.124",0.866,0,101.614645516667,1.155,0,72.769824332358,0.188,"T1->T2",FALSE,0.0477960109710693,NA
125,"model4",1000,"medium",2,0.03,0.536732345353812,0.409346374915913,1,1,1,0,3,1,0.108258960658767,0.0515866258737091,"M4",3,"U1.125;U2.125;U3.125",1.045,0,20.2014801058927,0.957,0,18.7434794549,0.402,"T1->T2",FALSE,0.0502300262451172,NA
126,"model0",50,"large",2,0.37,1.27673362800851,0.884063060861081,1,1,1,0,41,1,0.968845732220373,0.93409966921521,"M0.1",41,"U1.126;U2.126;U3.126;U4.126;U5.126;U6.126;U7.126;U8.126;U9.126;U10.126;U11.126;U12.126;U13.126;U14.126;U15.126;U16.126;U17.126;U18.126;U19.126;U20.126;U21.126;U22.126;U23.126;U24.126;U25.126;U26.126;U27.126;U28.126;U29.126;U30.126;U31.126;U32.126;U33.126;U34.126;U35.126;U36.126;U37.126;U38.126;U39.126;U40.126;U41.126",-0.071,0.732,21.0668314928623,-14.059,0,0.117471687006795,-0.082,"none",FALSE,0.0171768665313721,NA
127,"model1",50,"large",2,0.04,1.37240572331939,0.687560766818933,1,1,1,0,33,1,0.848118397465871,0.858204139046531,"M1.1",33,"U1.127;U2.127;U3.127;U4.127;U5.127;U6.127;U7.127;U8.127;U9.127;U10.127;U11.127;U12.127;U13.127;U14.127;U15.127;U16.127;U17.127;U18.127;U19.127;U20.127;U21.127;U22.127;U23.127;U24.127;U25.127;U26.127;U27.127;U28.127;U29.127;U30.127;U31.127;U32.127;U33.127",0.492,0.442,3.9452945252374,2.033,0.047,0.591388239760193,0.515,"none",TRUE,0.0192649364471436,NA
128,"model2",50,"large",2,0.17,1.29001545521896,0.635281110648066,1,1,1,0,44,1,0.983279541745843,0.985072347011041,"M2.1",44,"U1.128;U2.128;U3.128;U4.128;U5.128;U6.128;U7.128;U8.128;U9.128;U10.128;U11.128;U12.128;U13.128;U14.128;U15.128;U16.128;U17.128;U18.128;U19.128;U20.128;U21.128;U22.128;U23.128;U24.128;U25.128;U26.128;U27.128;U28.128;U29.128;U30.128;U31.128;U32.128;U33.128;U34.128;U35.128;U36.128;U37.128;U38.128;U39.128;U40.128;U41.128;U42.128;U43.128;U44.128",0.191,0.364,14.0182593621169,5.234,0,0.823104415954222,0.415,"none",FALSE,0.0182719230651855,NA
129,"model3",50,"large",2,0.02,1.22348089516163,0.81197209644597,1,1,1,0,26,25,0.605251224265796,0.711634629500516,"M3",26,"U1.129;U2.129;U3.129;U4.129;U5.129;U6.129;U7.129;U8.129;U9.129;U10.129;U11.129;U12.129;U13.129;U14.129;U15.129;U16.129;U17.129;U18.129;U19.129;U20.129;U21.129;U22.129;U23.129;U24.129;U25.129;U26.129",3.48,0.001,1.0036518033815,0.287,0.316,10.8681570726814,-0.026,"none",TRUE,0.0192661285400391,NA
130,"model4",50,"large",2,0.01,1.10368164582178,0.985269316122867,1,1,1,0,44,98,0.968379347604292,0.961990519031784,"M4",44,"U1.130;U2.130;U3.130;U4.130;U5.130;U6.130;U7.130;U8.130;U9.130;U10.130;U11.130;U12.130;U13.130;U14.130;U15.130;U16.130;U17.130;U18.130;U19.130;U20.130;U21.130;U22.130;U23.130;U24.130;U25.130;U26.130;U27.130;U28.130;U29.130;U30.130;U31.130;U32.130;U33.130;U34.130;U35.130;U36.130;U37.130;U38.130;U39.130;U40.130;U41.130;U42.130;U43.130;U44.130",2.536,0,5.84832732235139,0.394,0.016,17.4426749631203,0.726,"none",TRUE,0.0173568725585938,NA
131,"model0",150,"large",2,0.15,1.49364230444189,0.553330008289777,1,1,1,0,13,1,0.32457310772068,0.389250279778127,"M0.1",13,"U1.131;U2.131;U3.131;U4.131;U5.131;U6.131;U7.131;U8.131;U9.131;U10.131;U11.131;U12.131;U13.131",-0.277,0.039,60.3359466982182,-3.611,0,4.26400488465249,0.018,"T1->T2",FALSE,0.266813039779663,NA
132,"model1",150,"large",2,0.26,1.4450181722641,0.985326719237491,1,1,1,0,20,1,0.327193917309358,0.458147183181009,"M1.1",20,"U1.132;U2.132;U3.132;U4.132;U5.132;U6.132;U7.132;U8.132;U9.132;U10.132;U11.132;U12.132;U13.132;U14.132;U15.132;U16.132;U17.132;U18.132;U19.132;U20.132",0.797,0,58.7764723540517,1.254,0,17.9318531943935,0.706,"T1->T2",FALSE,0.0277659893035889,NA
133,"model2",150,"large",2,0.47,1.12177043687552,0.734544499428011,1,1,1,0,27,1,0.706127506165354,0.699334456815086,"M2.1",27,"U1.133;U2.133;U3.133;U4.133;U5.133;U6.133;U7.133;U8.133;U9.133;U10.133;U11.133;U12.133;U13.133;U14.133;U15.133;U16.133;U17.133;U18.133;U19.133;U20.133;U21.133;U22.133;U23.133;U24.133;U25.133;U26.133;U27.133",0.123,0.489,16.9682906525987,8.099,0,0.47762703591064,0.691,"none",FALSE,0.024569034576416,NA
134,"model3",150,"large",2,0.43,1.20121505344287,0.558760971063748,1,1,1,0,43,1,0.536892358305677,0.601864117859485,"M3",43,"U1.134;U2.134;U3.134;U4.134;U5.134;U6.134;U7.134;U8.134;U9.134;U10.134;U11.134;U12.134;U13.134;U14.134;U15.134;U16.134;U17.134;U18.134;U19.134;U20.134;U21.134;U22.134;U23.134;U24.134;U25.134;U26.134;U27.134;U28.134;U29.134;U30.134;U31.134;U32.134;U33.134;U34.134;U35.134;U36.134;U37.134;U38.134;U39.134;U40.134;U41.134;U42.134;U43.134",1.107,0,56.4523317957906,0.904,0,62.7612455879162,0.192,"T1->T2",FALSE,0.0254271030426025,NA
135,"model4",150,"large",2,0.24,1.18238278210629,0.888543041073717,1,1,1,0,17,1,0.273412096797582,0.206043872377353,"M4",17,"U1.135;U2.135;U3.135;U4.135;U5.135;U6.135;U7.135;U8.135;U9.135;U10.135;U11.135;U12.135;U13.135;U14.135;U15.135;U16.135;U17.135",1.932,0,56.0908743654856,0.518,0,118.000563782856,0.775,"T1->T2",FALSE,0.0252130031585693,NA
136,"model0",300,"large",2,0.13,1.23141476453748,0.654154977179132,1,1,1,0,29,1,0.496680714573692,0.484267047571973,"M0.1",29,"U1.136;U2.136;U3.136;U4.136;U5.136;U6.136;U7.136;U8.136;U9.136;U10.136;U11.136;U12.136;U13.136;U14.136;U15.136;U16.136;U17.136;U18.136;U19.136;U20.136;U21.136;U22.136;U23.136;U24.136;U25.136;U26.136;U27.136;U28.136;U29.136",-0.029,0.83,52.6401514799003,-34.867,0,0.0460461623995653,-0.029,"none",FALSE,0.030491828918457,NA
137,"model1",300,"large",2,0.1,1.14497285534162,0.864087458350696,1,1,1,0,40,1,0.57094499807658,0.536361765535271,"M1.1",40,"U1.137;U2.137;U3.137;U4.137;U5.137;U6.137;U7.137;U8.137;U9.137;U10.137;U11.137;U12.137;U13.137;U14.137;U15.137;U16.137;U17.137;U18.137;U19.137;U20.137;U21.137;U22.137;U23.137;U24.137;U25.137;U26.137;U27.137;U28.137;U29.137;U30.137;U31.137;U32.137;U33.137;U34.137;U35.137;U36.137;U37.137;U38.137;U39.137;U40.137",1.056,0,33.7894239738269,0.947,0,27.0968350214677,0.643,"T1->T2",FALSE,0.0424308776855469,NA
138,"model2",300,"large",2,0.04,1.46532022627071,0.554956353036687,1,1,1,0,36,1,0.589564549268115,0.56359187140715,"M2.1",36,"U1.138;U2.138;U3.138;U4.138;U5.138;U6.138;U7.138;U8.138;U9.138;U10.138;U11.138;U12.138;U13.138;U14.138;U15.138;U16.138;U17.138;U18.138;U19.138;U20.138;U21.138;U22.138;U23.138;U24.138;U25.138;U26.138;U27.138;U28.138;U29.138;U30.138;U31.138;U32.138;U33.138;U34.138;U35.138;U36.138",-0.214,0.281,18.3224030742691,-4.678,0,1.15983454602485,0.342,"none",FALSE,0.0334749221801758,NA
139,"model3",300,"large",2,0.47,1.02779572980944,0.876740315929055,1,1,1,0,9,1,0.189661626875346,0.134893917881332,"M3",9,"U1.139;U2.139;U3.139;U4.139;U5.139;U6.139;U7.139;U8.139;U9.139",1.028,0,133.008411157474,0.972,0,153.67652439925,0.171,"T1->T2",FALSE,0.0382881164550781,NA
140,"model4",300,"large",2,0.05,1.44250197894871,0.5868062825175,1,1,1,0,36,1,0.605202606117645,0.48961638368304,"M4",36,"U1.140;U2.140;U3.140;U4.140;U5.140;U6.140;U7.140;U8.140;U9.140;U10.140;U11.140;U12.140;U13.140;U14.140;U15.140;U16.140;U17.140;U18.140;U19.140;U20.140;U21.140;U22.140;U23.140;U24.140;U25.140;U26.140;U27.140;U28.140;U29.140;U30.140;U31.140;U32.140;U33.140;U34.140;U35.140;U36.140",2.153,0,8.60136682641648,0.465,0.003,31.8374373765358,0.538,"none",TRUE,0.0257201194763184,NA
141,"model0",670,"large",2,0.01,1.49139628070407,0.883557399152778,1,1,1,3,40,13,0.648811104843049,0.598176325597803,"M0.1",40,"U1.141;U2.141;U3.141;U4.141;U5.141;U6.141;U7.141;U8.141;U9.141;U10.141;U11.141;U12.141;U13.141;U14.141;U15.141;U16.141;U17.141;U18.141;U19.141;U20.141;U21.141;U22.141;U23.141;U24.141;U25.141;U26.141;U27.141;U28.141;U29.141;U30.141;U31.141;U32.141;U33.141;U34.141;U35.141;U36.141;U37.141;U38.141;U39.141;U40.141",-0.263,0.297,15.1675585134335,-3.803,0,1.08921601222257,-0.025,"none",FALSE,0.0316669940948486,NA
142,"model1",670,"large",2,0.38,1.35871094453614,0.879644313943572,1,1,1,3,11,1,0.168747076945362,0.296601566917293,"M1.1",11,"U1.142;U2.142;U3.142;U4.142;U5.142;U6.142;U7.142;U8.142;U9.142;U10.142;U11.142",0.898,0,420.561357533919,1.113,0,182.285161237538,0.742,"T1->T2",FALSE,0.0304110050201416,NA
143,"model2",670,"large",2,0.41,1.18026551452931,0.936261903960258,1,1,1,3,8,1,0.215125089469744,0.280885024414242,"M2.1",8,"U1.143;U2.143;U3.143;U4.143;U5.143;U6.143;U7.143;U8.143",-0.008,0.878,179.789895353513,-123.699,0,0.0235109004584485,0.593,"none",FALSE,0.0307559967041016,NA
144,"model3",670,"large",2,0.38,1.42970330163371,0.673569678445347,1,1,1,3,19,1,0.261992130668963,0.322387055602148,"M3",19,"U1.144;U2.144;U3.144;U4.144;U5.144;U6.144;U7.144;U8.144;U9.144;U10.144;U11.144;U12.144;U13.144;U14.144;U15.144;U16.144;U17.144;U18.144;U19.144",0.992,0,434.119010930816,1.009,0,372.721440404505,0.362,"T1->T2",FALSE,0.0340549945831299,NA
145,"model4",670,"large",2,0.15,1.25169559579808,0.699721582815982,1,1,1,3,14,1,0.248935293580855,0.1936402573174,"M4",14,"U1.145;U2.145;U3.145;U4.145;U5.145;U6.145;U7.145;U8.145;U9.145;U10.145;U11.145;U12.145;U13.145;U14.145",1.689,0,210.262161137215,0.592,0,520.550414090881,0.619,"T1->T2",FALSE,0.0307409763336182,NA
146,"model0",1000,"large",2,0.02,1.16547604196239,0.853551859501749,1,1,1,0,30,8,0.530469459522789,0.556835497486894,"M0.1",30,"U1.146;U2.146;U3.146;U4.146;U5.146;U6.146;U7.146;U8.146;U9.146;U10.146;U11.146;U12.146;U13.146;U14.146;U15.146;U16.146;U17.146;U18.146;U19.146;U20.146;U21.146;U22.146;U23.146;U24.146;U25.146;U26.146;U27.146;U28.146;U29.146;U30.146",-0.091,0.593,35.8882322472735,-11.012,0,0.285937342520434,-0.196,"none",FALSE,0.0489850044250488,NA
147,"model1",1000,"large",2,0.45,1.40829287620727,0.575043180026114,1,1,1,0,28,1,0.429011473247662,0.403459327301023,"M1.1",28,"U1.147;U2.147;U3.147;U4.147;U5.147;U6.147;U7.147;U8.147;U9.147;U10.147;U11.147;U12.147;U13.147;U14.147;U15.147;U16.147;U17.147;U18.147;U19.147;U20.147;U21.147;U22.147;U23.147;U24.147;U25.147;U26.147;U27.147;U28.147",0.53,0,423.9013441526,1.886,0,113.405630041165,0.551,"T1->T2",FALSE,0.0465030670166016,NA
148,"model2",1000,"large",2,0.31,1.41168093099259,0.946910827537067,1,1,1,0,8,1,0.126803928703637,0.175788609936158,"M2.1",8,"U1.148;U2.148;U3.148;U4.148;U5.148;U6.148;U7.148;U8.148",0.04,0.28,408.713358300512,25.118,0,1.1669165514124,0.546,"none",FALSE,0.0469319820404053,NA
149,"model3",1000,"large",2,0.3,1.16946187405847,0.938017372041941,1,1,1,0,29,1,0.436857425340817,0.421720687566739,"M3",29,"U1.149;U2.149;U3.149;U4.149;U5.149;U6.149;U7.149;U8.149;U9.149;U10.149;U11.149;U12.149;U13.149;U14.149;U15.149;U16.149;U17.149;U18.149;U19.149;U20.149;U21.149;U22.149;U23.149;U24.149;U25.149;U26.149;U27.149;U28.149;U29.149",1.028,0,267.969352101276,0.973,0,294.19027394338,0.246,"T1->T2",FALSE,0.0585329532623291,NA
150,"model4",1000,"large",2,0.43,1.15808782016393,0.921770739136264,1,1,1,0,37,1,0.436401476892998,0.375002412290334,"M4",37,"U1.150;U2.150;U3.150;U4.150;U5.150;U6.150;U7.150;U8.150;U9.150;U10.150;U11.150;U12.150;U13.150;U14.150;U15.150;U16.150;U17.150;U18.150;U19.150;U20.150;U21.150;U22.150;U23.150;U24.150;U25.150;U26.150;U27.150;U28.150;U29.150;U30.150;U31.150;U32.150;U33.150;U34.150;U35.150;U36.150;U37.150",1.892,0,370.529960383642,0.529,0,705.313379670269,0.748,"T1->T2",FALSE,0.0509788990020752,NA
151,"model0",50,"small",3,0.42,0.325017396267503,0.175339794903994,1,1,1,0,31,1,0.797820478670038,0.661833367423321,"M0.1",31,"U1.151;U2.151;U3.151;U4.151;U5.151;U6.151;U7.151;U8.151;U9.151;U10.151;U11.151;U12.151;U13.151;U14.151;U15.151;U16.151;U17.151;U18.151;U19.151;U20.151;U21.151;U22.151;U23.151;U24.151;U25.151;U26.151;U27.151;U28.151;U29.151;U30.151;U31.151",0.139,0.963,0.0981251084058411,7.202,0.754,0.00219735725886948,0.231,"none",TRUE,0.0118489265441895,NA
152,"model1",50,"small",3,0.5,0.191761090792716,0.218630718206987,1,1,1,0,22,1,0.715210027919419,0.586499126709054,"M1.1",22,"U1.152;U2.152;U3.152;U4.152;U5.152;U6.152;U7.152;U8.152;U9.152;U10.152;U11.152;U12.152;U13.152;U14.152;U15.152;U16.152;U17.152;U18.152;U19.152;U20.152;U21.152;U22.152",0.814,0.559,0.490284553826336,1.228,0.484,0.340675713314782,0.22,"none",TRUE,0.0113308429718018,NA
153,"model2",50,"small",3,0.05,0.37797438390553,0.232284047594294,1,1,1,0,12,9,0.463429106165533,0.55877502580347,"M2.1",12,"U1.153;U2.153;U3.153;U4.153;U5.153;U6.153;U7.153;U8.153;U9.153;U10.153;U11.153;U12.153",2.263,0.139,0.599636395238826,0.442,0.439,2.18511665507295,0.06,"none",TRUE,0.0110929012298584,NA
154,"model3",50,"small",3,0.17,0.48541512824595,0.264175013825297,1,1,1,0,44,1,0.902530087686023,0.981424895890674,"M3",44,"U1.154;U2.154;U3.154;U4.154;U5.154;U6.154;U7.154;U8.154;U9.154;U10.154;U11.154;U12.154;U13.154;U14.154;U15.154;U16.154;U17.154;U18.154;U19.154;U20.154;U21.154;U22.154;U23.154;U24.154;U25.154;U26.154;U27.154;U28.154;U29.154;U30.154;U31.154;U32.154;U33.154;U34.154;U35.154;U36.154;U37.154;U38.154;U39.154;U40.154;U41.154;U42.154;U43.154;U44.154",1.279,0.306,0.82291807433798,0.782,0.364,1.04859857851814,0.057,"none",TRUE,0.0112080574035645,NA
155,"model4",50,"small",3,0.05,0.475350672379136,0.249451024644077,1,1,1,0,17,10,0.492046173946968,0.507763143652179,"M4",17,"U1.155;U2.155;U3.155;U4.155;U5.155;U6.155;U7.155;U8.155;U9.155;U10.155;U11.155;U12.155;U13.155;U14.155;U15.155;U16.155;U17.155",0.659,0.259,2.86396075753326,1.516,0.091,1.27674851874495,0.459,"none",TRUE,0.0108270645141602,NA
156,"model0",150,"small",3,0.19,0.392895463947207,0.114503495208919,1,1,1,0,11,1,0.334345183085391,0.297190084700148,"M0.1",11,"U1.156;U2.156;U3.156;U4.156;U5.156;U6.156;U7.156;U8.156;U9.156;U10.156;U11.156",5.437,0.075,0.103862071178661,0.184,0.747,3.16970449050649,-0.22,"none",TRUE,0.0288820266723633,NA
157,"model1",150,"small",3,0.18,0.110546248778701,0.130873933620751,1,1,1,0,46,1,0.62607229819905,0.692818820743295,"M1.1",46,"U1.157;U2.157;U3.157;U4.157;U5.157;U6.157;U7.157;U8.157;U9.157;U10.157;U11.157;U12.157;U13.157;U14.157;U15.157;U16.157;U17.157;U18.157;U19.157;U20.157;U21.157;U22.157;U23.157;U24.157;U25.157;U26.157;U27.157;U28.157;U29.157;U30.157;U31.157;U32.157;U33.157;U34.157;U35.157;U36.157;U37.157;U38.157;U39.157;U40.157;U41.157;U42.157;U43.157;U44.157;U45.157;U46.157",-3.391,0.159,0.177826604702185,-0.295,0.673,1.98668599840705,-0.005,"none",TRUE,0.0294499397277832,NA
158,"model2",150,"small",3,0.45,0.484676564484835,0.28709820555523,1,1,1,0,23,1,0.481978678999272,0.507309189179562,"M2.1",23,"U1.158;U2.158;U3.158;U4.158;U5.158;U6.158;U7.158;U8.158;U9.158;U10.158;U11.158;U12.158;U13.158;U14.158;U15.158;U16.158;U17.158;U18.158;U19.158;U20.158;U21.158;U22.158;U23.158",0.611,0.202,3.64705567154873,1.636,0.056,1.63023794860593,0.293,"none",TRUE,0.0333437919616699,NA
159,"model3",150,"small",3,0.15,0.356770350690931,0.183868469623849,1,1,1,0,36,2,0.555711455623043,0.609247241596427,"M3",36,"U1.159;U2.159;U3.159;U4.159;U5.159;U6.159;U7.159;U8.159;U9.159;U10.159;U11.159;U12.159;U13.159;U14.159;U15.159;U16.159;U17.159;U18.159;U19.159;U20.159;U21.159;U22.159;U23.159;U24.159;U25.159;U26.159;U27.159;U28.159;U29.159;U30.159;U31.159;U32.159;U33.159;U34.159;U35.159;U36.159",0.968,0.347,1.17507794759025,1.033,0.278,0.884569460466886,0.008,"none",TRUE,0.0191960334777832,NA
160,"model4",150,"small",3,0.11,0.395319547411054,0.16422081287019,1,1,1,0,16,1,0.307005292932475,0.380631160591929,"M4",16,"U1.160;U2.160;U3.160;U4.160;U5.160;U6.160;U7.160;U8.160;U9.160;U10.160;U11.160;U12.160;U13.160;U14.160;U15.160;U16.160",0.606,0.201,4.98833971383929,1.649,0.026,1.63651545280685,0.229,"none",TRUE,0.031001091003418,NA
161,"model0",300,"small",3,0.2,0.338362322654575,0.177263048756868,1,1,1,0,20,1,0.439689940736339,0.465368785889908,"M0.1",20,"U1.161;U2.161;U3.161;U4.161;U5.161;U6.161;U7.161;U8.161;U9.161;U10.161;U11.161;U12.161;U13.161;U14.161;U15.161;U16.161;U17.161;U18.161;U19.161;U20.161",0.445,0.207,8.74577914618039,2.249,0.003,1.59035341644921,-0.024,"none",TRUE,0.0222940444946289,NA
162,"model1",300,"small",3,0.24,0.173485423065722,0.244524952443317,1,1,1,0,8,1,0.309408122563623,0.314764994365017,"M1.1",8,"U1.162;U2.162;U3.162;U4.162;U5.162;U6.162;U7.162;U8.162",0.118,0.634,16.5183279642347,8.5,0,0.227094565223123,0.231,"none",FALSE,0.117372989654541,NA
163,"model2",300,"small",3,0.31,0.321730226930231,0.181031503854319,1,1,1,0,16,1,0.320101540543996,0.387160979191239,"M2.1",16,"U1.163;U2.163;U3.163;U4.163;U5.163;U6.163;U7.163;U8.163;U9.163;U10.163;U11.163;U12.163;U13.163;U14.163;U15.163;U16.163",0.416,0.21,7.86942146620522,2.404,0.005,1.56847319127237,0.195,"none",TRUE,0.039708137512207,NA
164,"model3",300,"small",3,0.41,0.495599082298577,0.103029167139903,1,1,1,0,50,1,0.659219104183723,0.612843492731151,"M3",50,"U1.164;U2.164;U3.164;U4.164;U5.164;U6.164;U7.164;U8.164;U9.164;U10.164;U11.164;U12.164;U13.164;U14.164;U15.164;U16.164;U17.164;U18.164;U19.164;U20.164;U21.164;U22.164;U23.164;U24.164;U25.164;U26.164;U27.164;U28.164;U29.164;U30.164;U31.164;U32.164;U33.164;U34.164;U35.164;U36.164;U37.164;U38.164;U39.164;U40.164;U41.164;U42.164;U43.164;U44.164;U45.164;U46.164;U47.164;U48.164;U49.164;U50.164",1.748,0,6.11583085082958,0.572,0.013,18.2936165824499,0.01,"none",TRUE,0.0403599739074707,NA
165,"model4",300,"small",3,0.33,0.250993350427598,0.294400731520727,1,1,1,0,1,1,0.0212005373457635,0.0179847936961594,"M4",1,"U1.165",1.001,0.003,10.9915214282607,0.999,0.001,9.01733796458886,0.413,"T1->T2",FALSE,0.0361549854278564,NA
166,"model0",670,"small",3,0.23,0.398565440811217,0.116273287124932,1,1,1,3,6,1,0.222570260157726,0.212832355264811,"M0.1",6,"U1.166;U2.166;U3.166;U4.166;U5.166;U6.166",-0.116,0.467,42.0081596964779,-8.633,0,0.529342287382118,0.003,"none",FALSE,0.0472450256347656,NA
167,"model1",670,"small",3,0.44,0.137066758051515,0.293801833316684,1,1,1,3,17,1,0.40661029542399,0.400885478207413,"M1.1",17,"U1.167;U2.167;U3.167;U4.167;U5.167;U6.167;U7.167;U8.167;U9.167;U10.167;U11.167;U12.167;U13.167;U14.167;U15.167;U16.167;U17.167",0.022,0.969,3.80241265620437,44.61,0.051,0.00155256170031224,0.266,"none",TRUE,0.0460119247436523,NA
168,"model2",670,"small",3,0.05,0.166562485136092,0.193219759268686,1,1,1,3,35,1,0.521028633249274,0.566195286759081,"M2.1",35,"U1.168;U2.168;U3.168;U4.168;U5.168;U6.168;U7.168;U8.168;U9.168;U10.168;U11.168;U12.168;U13.168;U14.168;U15.168;U16.168;U17.168;U18.168;U19.168;U20.168;U21.168;U22.168;U23.168;U24.168;U25.168;U26.168;U27.168;U28.168;U29.168;U30.168;U31.168;U32.168;U33.168;U34.168;U35.168",0.131,0.818,2.95782499144429,7.606,0.085,0.0529710650655571,0.194,"none",TRUE,0.0439808368682861,NA
169,"model3",670,"small",3,0.05,0.487636067345738,0.204295728402212,1,1,1,3,27,1,0.590436334892612,0.545804983923048,"M3",27,"U1.169;U2.169;U3.169;U4.169;U5.169;U6.169;U7.169;U8.169;U9.169;U10.169;U11.169;U12.169;U13.169;U14.169;U15.169;U16.169;U17.169;U18.169;U19.169;U20.169;U21.169;U22.169;U23.169;U24.169;U25.169;U26.169;U27.169",1.013,0.001,12.3193847311729,0.987,0,11.4423079000403,-0.031,"T1->T2",FALSE,0.0425040721893311,NA
170,"model4",670,"small",3,0.49,0.49098363192752,0.252325626602396,1,1,1,3,40,1,0.524372442730635,0.551948867009802,"M4",40,"U1.170;U2.170;U3.170;U4.170;U5.170;U6.170;U7.170;U8.170;U9.170;U10.170;U11.170;U12.170;U13.170;U14.170;U15.170;U16.170;U17.170;U18.170;U19.170;U20.170;U21.170;U22.170;U23.170;U24.170;U25.170;U26.170;U27.170;U28.170;U29.170;U30.170;U31.170;U32.170;U33.170;U34.170;U35.170;U36.170;U37.170;U38.170;U39.170;U40.170",1.385,0,39.7241136763094,0.722,0,64.8396924647109,0.338,"T1->T2",FALSE,0.0473740100860596,NA
171,"model0",1000,"small",3,0.27,0.126578710414469,0.159919435251504,1,1,1,0,11,1,0.247033603186025,0.338669474947863,"M0.1",11,"U1.171;U2.171;U3.171;U4.171;U5.171;U6.171;U7.171;U8.171;U9.171;U10.171;U11.171",0.15,0.631,12.7568032749268,6.676,0,0.23087706997497,0.078,"none",FALSE,0.0498268604278564,NA
172,"model1",1000,"small",3,0.38,0.467635357379913,0.222980256378651,1,1,1,0,41,1,0.561488532153331,0.581946976605843,"M1.1",41,"U1.172;U2.172;U3.172;U4.172;U5.172;U6.172;U7.172;U8.172;U9.172;U10.172;U11.172;U12.172;U13.172;U14.172;U15.172;U16.172;U17.172;U18.172;U19.172;U20.172;U21.172;U22.172;U23.172;U24.172;U25.172;U26.172;U27.172;U28.172;U29.172;U30.172;U31.172;U32.172;U33.172;U34.172;U35.172;U36.172;U37.172;U38.172;U39.172;U40.172;U41.172",-0.025,0.889,34.1470781503864,-40.598,0,0.0195672583037947,0.088,"none",FALSE,0.0519959926605225,NA
173,"model2",1000,"small",3,0.13,0.147850012686104,0.108508301805705,1,1,1,0,22,1,0.4888958216554,0.4810398750485,"M2.1",22,"U1.173;U2.173;U3.173;U4.173;U5.173;U6.173;U7.173;U8.173;U9.173;U10.173;U11.173;U12.173;U13.173;U14.173;U15.173;U16.173;U17.173;U18.173;U19.173;U20.173;U21.173;U22.173",0.139,0.802,3.18640543416181,7.195,0.074,0.0631907291477129,0.182,"none",TRUE,0.0344538688659668,NA
174,"model3",1000,"small",3,0.3,0.296068366710097,0.121202828129753,1,1,1,0,8,1,0.262691447721543,0.215247772112758,"M3",8,"U1.174;U2.174;U3.174;U4.174;U5.174;U6.174;U7.174;U8.174",1.076,0,29.6298695120866,0.929,0,34.1851877395627,0.049,"T1->T2",FALSE,0.0458619594573975,NA
175,"model4",1000,"small",3,0.09,0.316506000328809,0.191081506805494,1,1,1,0,23,1,0.467411827841447,0.335713385935801,"M4",23,"U1.175;U2.175;U3.175;U4.175;U5.175;U6.175;U7.175;U8.175;U9.175;U10.175;U11.175;U12.175;U13.175;U14.175;U15.175;U16.175;U17.175;U18.175;U19.175;U20.175;U21.175;U22.175;U23.175",1.035,0,9.32994134657268,0.966,0.002,12.8849600201081,0.104,"none",TRUE,0.0481059551239014,NA
176,"model0",50,"medium",3,0.37,0.669201678945683,0.378901065792888,1,1,1,0,44,1,0.955990175991357,0.904373144831221,"M0.1",44,"U1.176;U2.176;U3.176;U4.176;U5.176;U6.176;U7.176;U8.176;U9.176;U10.176;U11.176;U12.176;U13.176;U14.176;U15.176;U16.176;U17.176;U18.176;U19.176;U20.176;U21.176;U22.176;U23.176;U24.176;U25.176;U26.176;U27.176;U28.176;U29.176;U30.176;U31.176;U32.176;U33.176;U34.176;U35.176;U36.176;U37.176;U38.176;U39.176;U40.176;U41.176;U42.176;U43.176;U44.176",0.247,0.634,2.18899171695079,4.041,0.139,0.227058397156965,0.236,"none",TRUE,0.0121839046478271,NA
177,"model1",50,"medium",3,0.42,0.666255487594754,0.388541333191097,1,1,1,0,7,1,0.437462717824542,0.372300221076767,"M1.1",7,"U1.177;U2.177;U3.177;U4.177;U5.177;U6.177;U7.177",-0.098,0.763,8.38935350341306,-10.246,0.004,0.0907054355199493,0.401,"none",TRUE,0.0191271305084229,NA
178,"model2",50,"medium",3,0.21,0.925738223129883,0.425382228847593,1,1,1,0,9,1,0.299433457954908,0.554091199241627,"M2.1",9,"U1.178;U2.178;U3.178;U4.178;U5.178;U6.178;U7.178;U8.178;U9.178",-0.37,0.22,10.3827775870548,-2.706,0.001,1.5025165558484,0.195,"none",FALSE,0.0192050933837891,NA
179,"model3",50,"medium",3,0.45,0.860919318860397,0.316624933807179,1,1,1,0,5,1,0.219441583717833,0.19405794696555,"M3",5,"U1.179;U2.179;U3.179;U4.179;U5.179",0.713,0.001,22.1311868223952,1.402,0,10.5676590642176,0.19,"T1->T2",FALSE,0.0176699161529541,NA
180,"model4",50,"medium",3,0.15,0.602559186518192,0.486763117322698,1,1,1,0,37,2,0.899507696707465,0.891755366182665,"M4",37,"U1.180;U2.180;U3.180;U4.180;U5.180;U6.180;U7.180;U8.180;U9.180;U10.180;U11.180;U12.180;U13.180;U14.180;U15.180;U16.180;U17.180;U18.180;U19.180;U20.180;U21.180;U22.180;U23.180;U24.180;U25.180;U26.180;U27.180;U28.180;U29.180;U30.180;U31.180;U32.180;U33.180;U34.180;U35.180;U36.180;U37.180",0.211,0.711,2.68336176347296,4.747,0.101,0.137451169229771,0.601,"none",TRUE,0.015981912612915,NA
181,"model0",150,"medium",3,0.41,0.699759507202543,0.321000072034076,1,1,1,0,8,1,0.324456293007107,0.207854308147732,"M0.1",8,"U1.181;U2.181;U3.181;U4.181;U5.181;U6.181;U7.181;U8.181",0.305,0.091,38.1605850309421,3.281,0,2.85394075462191,0.194,"none",FALSE,0.0323710441589355,NA
182,"model1",150,"medium",3,0.28,0.827854920411482,0.389079278707504,1,1,1,0,46,1,0.796528893023548,0.737403454608159,"M1.1",46,"U1.182;U2.182;U3.182;U4.182;U5.182;U6.182;U7.182;U8.182;U9.182;U10.182;U11.182;U12.182;U13.182;U14.182;U15.182;U16.182;U17.182;U18.182;U19.182;U20.182;U21.182;U22.182;U23.182;U24.182;U25.182;U26.182;U27.182;U28.182;U29.182;U30.182;U31.182;U32.182;U33.182;U34.182;U35.182;U36.182;U37.182;U38.182;U39.182;U40.182;U41.182;U42.182;U43.182;U44.182;U45.182;U46.182",0.195,0.6,8.34214680533609,5.133,0.004,0.274261780047278,0.405,"none",TRUE,0.0423541069030762,NA
183,"model2",150,"medium",3,0.34,0.967110415920615,0.336622212734073,1,1,1,0,28,1,0.597724573418797,0.546882786760799,"M2.1",28,"U1.183;U2.183;U3.183;U4.183;U5.183;U6.183;U7.183;U8.183;U9.183;U10.183;U11.183;U12.183;U13.183;U14.183;U15.183;U16.183;U17.183;U18.183;U19.183;U20.183;U21.183;U22.183;U23.183;U24.183;U25.183;U26.183;U27.183;U28.183",0.055,0.792,14.7771376640438,18.09,0,0.0696584348827946,0.225,"none",FALSE,0.0289549827575684,NA
184,"model3",150,"medium",3,0.23,0.890684724436142,0.303593638818711,1,1,1,0,37,1,0.663857106678701,0.653638497804077,"M3",37,"U1.184;U2.184;U3.184;U4.184;U5.184;U6.184;U7.184;U8.184;U9.184;U10.184;U11.184;U12.184;U13.184;U14.184;U15.184;U16.184;U17.184;U18.184;U19.184;U20.184;U21.184;U22.184;U23.184;U24.184;U25.184;U26.184;U27.184;U28.184;U29.184;U30.184;U31.184;U32.184;U33.184;U34.184;U35.184;U36.184;U37.184",1.047,0,31.2466643853386,0.955,0,38.599658870199,0.175,"T1->T2",FALSE,0.0243752002716064,NA
185,"model4",150,"medium",3,0.11,0.630648567574099,0.365364529797807,1,1,1,0,12,1,0.319361378166526,0.340757519096969,"M4",12,"U1.185;U2.185;U3.185;U4.185;U5.185;U6.185;U7.185;U8.185;U9.185;U10.185;U11.185;U12.185",1.963,0.001,2.78856086981333,0.509,0.095,10.2575267978775,0.331,"none",TRUE,0.0172719955444336,NA
186,"model0",300,"medium",3,0.12,0.691276752855629,0.360479882964864,1,1,1,0,16,1,0.409699583261789,0.367593602743436,"M0.1",16,"U1.186;U2.186;U3.186;U4.186;U5.186;U6.186;U7.186;U8.186;U9.186;U10.186;U11.186;U12.186;U13.186;U14.186;U15.186;U16.186",-0.429,0.075,18.907683021153,-2.33,0,3.17673262301551,0.022,"none",FALSE,0.0377421379089355,NA
187,"model1",300,"medium",3,0.34,0.878438521060161,0.453798272600397,1,1,1,0,26,1,0.529347618730192,0.543121524689319,"M1.1",26,"U1.187;U2.187;U3.187;U4.187;U5.187;U6.187;U7.187;U8.187;U9.187;U10.187;U11.187;U12.187;U13.187;U14.187;U15.187;U16.187;U17.187;U18.187;U19.187;U20.187;U21.187;U22.187;U23.187;U24.187;U25.187;U26.187",0.49,0,76.9626497668875,2.041,0,17.2469475648172,0.489,"T1->T2",FALSE,0.0387320518493652,NA
188,"model2",300,"medium",3,0.06,0.918741911533289,0.3767817215994,1,1,1,0,8,2,0.360511033731936,0.268398679552795,"M2.1",8,"U1.188;U2.188;U3.188;U4.188;U5.188;U6.188;U7.188;U8.188",-0.078,0.639,26.7921839399617,-12.866,0,0.219855127314077,0.451,"none",FALSE,0.0501179695129395,NA
189,"model3",300,"medium",3,0.46,0.787821418023668,0.433233823627234,1,1,1,0,46,1,0.574186715592511,0.619303369967575,"M3",46,"U1.189;U2.189;U3.189;U4.189;U5.189;U6.189;U7.189;U8.189;U9.189;U10.189;U11.189;U12.189;U13.189;U14.189;U15.189;U16.189;U17.189;U18.189;U19.189;U20.189;U21.189;U22.189;U23.189;U24.189;U25.189;U26.189;U27.189;U28.189;U29.189;U30.189;U31.189;U32.189;U33.189;U34.189;U35.189;U36.189;U37.189;U38.189;U39.189;U40.189;U41.189;U42.189;U43.189;U44.189;U45.189;U46.189",0.632,0,60.3066743205624,1.583,0,21.1539157076545,-0.015,"T1->T2",FALSE,0.0370309352874756,NA
190,"model4",300,"medium",3,0.16,0.661479112575762,0.353146647894755,1,1,1,0,49,1,0.742141504137012,0.66871441817956,"M4",49,"U1.190;U2.190;U3.190;U4.190;U5.190;U6.190;U7.190;U8.190;U9.190;U10.190;U11.190;U12.190;U13.190;U14.190;U15.190;U16.190;U17.190;U18.190;U19.190;U20.190;U21.190;U22.190;U23.190;U24.190;U25.190;U26.190;U27.190;U28.190;U29.190;U30.190;U31.190;U32.190;U33.190;U34.190;U35.190;U36.190;U37.190;U38.190;U39.190;U40.190;U41.190;U42.190;U43.190;U44.190;U45.190;U46.190;U47.190;U48.190;U49.190",1.026,0,18.293592895108,0.975,0,21.7016095057951,0.431,"T1->T2",FALSE,0.0509369373321533,NA
191,"model0",670,"medium",3,0.48,0.815174863208085,0.320732549345121,1,1,1,3,1,1,0.0375076124835284,0.0519985996883014,"M0.1",1,"U1.191",0.14,0.035,258.645288307144,7.14,0,4.46859853517662,0.152,"T1->T2",FALSE,0.047511100769043,NA
192,"model1",670,"medium",3,0.03,0.648970565060154,0.376037712907419,1,1,1,3,9,1,0.244270858694008,0.308540694071399,"M1.1",9,"U1.192;U2.192;U3.192;U4.192;U5.192;U6.192;U7.192;U8.192;U9.192",0.302,0.333,13.7013590737493,3.315,0,0.935808272529101,0.341,"none",FALSE,0.0567929744720459,NA
193,"model2",670,"medium",3,0.4,0.817840010742657,0.377349986741319,1,1,1,3,13,1,0.31615820042573,0.354313255733665,"M2.1",13,"U1.193;U2.193;U3.193;U4.193;U5.193;U6.193;U7.193;U8.193;U9.193;U10.193;U11.193;U12.193;U13.193",-0.03,0.718,129.207294668029,-33.19,0,0.130312225638277,0.475,"none",FALSE,0.0594770908355713,NA
194,"model3",670,"medium",3,0.36,0.710540474159643,0.337614950956777,1,1,1,3,14,1,0.244745696741324,0.339461291110619,"M3",14,"U1.194;U2.194;U3.194;U4.194;U5.194;U6.194;U7.194;U8.194;U9.194;U10.194;U11.194;U12.194;U13.194;U14.194",1.037,0,132.304211621447,0.965,0,124.171094569352,0.138,"T1->T2",FALSE,0.0459070205688477,NA
195,"model4",670,"medium",3,0.16,0.927466066321358,0.394240760011598,1,1,1,3,26,1,0.488174567038589,0.37447823772487,"M4",26,"U1.195;U2.195;U3.195;U4.195;U5.195;U6.195;U7.195;U8.195;U9.195;U10.195;U11.195;U12.195;U13.195;U14.195;U15.195;U16.195;U17.195;U18.195;U19.195;U20.195;U21.195;U22.195;U23.195;U24.195;U25.195;U26.195",1.505,0,66.7329190461633,0.665,0,151.018470640349,0.296,"T1->T2",FALSE,0.0548560619354248,NA
196,"model0",1000,"medium",3,0.35,0.643573065637611,0.358476392086595,1,1,1,0,50,1,0.652428231208925,0.637532407997132,"M0.1",50,"U1.196;U2.196;U3.196;U4.196;U5.196;U6.196;U7.196;U8.196;U9.196;U10.196;U11.196;U12.196;U13.196;U14.196;U15.196;U16.196;U17.196;U18.196;U19.196;U20.196;U21.196;U22.196;U23.196;U24.196;U25.196;U26.196;U27.196;U28.196;U29.196;U30.196;U31.196;U32.196;U33.196;U34.196;U35.196;U36.196;U37.196;U38.196;U39.196;U40.196;U41.196;U42.196;U43.196;U44.196;U45.196;U46.196;U47.196;U48.196;U49.196;U50.196",0.086,0.434,78.0092849387597,11.63,0,0.612735510361054,-0.005,"none",FALSE,0.0434539318084717,NA
197,"model1",1000,"medium",3,0.36,0.572702814824879,0.486055941134691,1,1,1,0,13,1,0.376833275909178,0.431788264548771,"M1.1",13,"U1.197;U2.197;U3.197;U4.197;U5.197;U6.197;U7.197;U8.197;U9.197;U10.197;U11.197;U12.197;U13.197",0.594,0,95.2165221878129,1.685,0,24.4811929764087,0.551,"T1->T2",FALSE,0.0476720333099365,NA
198,"model2",1000,"medium",3,0.28,0.515543351648375,0.360115827433765,1,1,1,0,14,1,0.245192780335248,0.298846361676064,"M2.1",14,"U1.198;U2.198;U3.198;U4.198;U5.198;U6.198;U7.198;U8.198;U9.198;U10.198;U11.198;U12.198;U13.198;U14.198",-0.057,0.649,54.4947107894583,-17.558,0,0.207017680697207,0.264,"none",FALSE,0.0501301288604736,NA
199,"model3",1000,"medium",3,0.42,0.576939156511799,0.362259092601016,1,1,1,0,35,1,0.483347579597378,0.531731771034271,"M3",35,"U1.199;U2.199;U3.199;U4.199;U5.199;U6.199;U7.199;U8.199;U9.199;U10.199;U11.199;U12.199;U13.199;U14.199;U15.199;U16.199;U17.199;U18.199;U19.199;U20.199;U21.199;U22.199;U23.199;U24.199;U25.199;U26.199;U27.199;U28.199;U29.199;U30.199;U31.199;U32.199;U33.199;U34.199;U35.199",0.961,0,85.5452934471851,1.04,0,68.0992259774326,-0.075,"T1->T2",FALSE,0.0459120273590088,NA
200,"model4",1000,"medium",3,0.2,0.879761044750921,0.341279908269644,1,1,1,0,37,1,0.495663800639293,0.543131685098981,"M4",37,"U1.200;U2.200;U3.200;U4.200;U5.200;U6.200;U7.200;U8.200;U9.200;U10.200;U11.200;U12.200;U13.200;U14.200;U15.200;U16.200;U17.200;U18.200;U19.200;U20.200;U21.200;U22.200;U23.200;U24.200;U25.200;U26.200;U27.200;U28.200;U29.200;U30.200;U31.200;U32.200;U33.200;U34.200;U35.200;U36.200;U37.200",1.133,0,153.766428523373,0.882,0,144.418302413939,0.464,"T1->T2",FALSE,0.0466771125793457,NA
201,"model0",50,"large",3,0.44,1.48819713445846,0.93016103527043,1,1,1,0,32,1,0.741063272381201,0.948724921136306,"M0.1",32,"U1.201;U2.201;U3.201;U4.201;U5.201;U6.201;U7.201;U8.201;U9.201;U10.201;U11.201;U12.201;U13.201;U14.201;U15.201;U16.201;U17.201;U18.201;U19.201;U20.201;U21.201;U22.201;U23.201;U24.201;U25.201;U26.201;U27.201;U28.201;U29.201;U30.201;U31.201;U32.201",-0.053,0.86,10.4989248194481,-18.713,0.001,0.0311467739431381,0,"none",FALSE,0.0152840614318848,NA
202,"model1",50,"large",3,0.14,1.4288455840433,0.849990310613066,1,1,1,0,4,1,0.434058656631422,0.421307457904933,"M1.1",4,"U1.202;U2.202;U3.202;U4.202",0.663,0.008,21.3658564722221,1.507,0,6.96523118353843,0.638,"T1->T2",FALSE,0.00996088981628418,NA
203,"model2",50,"large",3,0.06,1.11457054351922,0.792830169433728,1,1,1,0,16,1,0.597158925414961,0.755206275644036,"M2.1",16,"U1.203;U2.203;U3.203;U4.203;U5.203;U6.203;U7.203;U8.203;U9.203;U10.203;U11.203;U12.203;U13.203;U14.203;U15.203;U16.203",0.745,0.002,8.68321587838996,1.342,0.003,9.68766630234678,0.592,"none",TRUE,0.0105831623077393,NA
204,"model3",50,"large",3,0.23,1.37407507293392,0.832029094453901,1,1,1,0,18,2,0.347927875876469,0.431460364946091,"M3",18,"U1.204;U2.204;U3.204;U4.204;U5.204;U6.204;U7.204;U8.204;U9.204;U10.204;U11.204;U12.204;U13.204;U14.204;U15.204;U16.204;U17.204;U18.204",1.112,0,20.8567796287783,0.899,0,21.7427419644796,0.396,"T1->T2",FALSE,0.0114450454711914,NA
205,"model4",50,"large",3,0.13,1.32109919411596,0.779721547733061,1,1,1,0,42,1,0.945156162455196,0.951887833202581,"M4",42,"U1.205;U2.205;U3.205;U4.205;U5.205;U6.205;U7.205;U8.205;U9.205;U10.205;U11.205;U12.205;U13.205;U14.205;U15.205;U16.205;U17.205;U18.205;U19.205;U20.205;U21.205;U22.205;U23.205;U24.205;U25.205;U26.205;U27.205;U28.205;U29.205;U30.205;U31.205;U32.205;U33.205;U34.205;U35.205;U36.205;U37.205;U38.205;U39.205;U40.205;U41.205;U42.205",2.159,0,9.35389136604083,0.463,0.002,21.5393176999667,0.667,"none",TRUE,0.0139408111572266,NA
206,"model0",150,"large",3,0.19,1.1648348714225,0.959651993820444,1,1,1,0,32,1,0.485076371024996,0.470404050389608,"M0.1",32,"U1.206;U2.206;U3.206;U4.206;U5.206;U6.206;U7.206;U8.206;U9.206;U10.206;U11.206;U12.206;U13.206;U14.206;U15.206;U16.206;U17.206;U18.206;U19.206;U20.206;U21.206;U22.206;U23.206;U24.206;U25.206;U26.206;U27.206;U28.206;U29.206;U30.206;U31.206;U32.206",0.091,0.62,22.0294308373885,10.983,0,0.245579007851955,-0.006,"none",FALSE,0.0352640151977539,NA
207,"model1",150,"large",3,0.44,1.1530860515777,0.990468249190599,1,1,1,0,14,1,0.231345050510401,0.497014024211161,"M1.1",14,"U1.207;U2.207;U3.207;U4.207;U5.207;U6.207;U7.207;U8.207;U9.207;U10.207;U11.207;U12.207;U13.207;U14.207",0.962,0,43.805833718473,1.04,0,13.3203058717001,0.813,"T1->T2",FALSE,0.0314791202545166,NA
208,"model2",150,"large",3,0.04,1.29826265433803,0.656291071558371,1,1,1,0,7,3,0.375432366821935,0.461578406135505,"M2.1",7,"U1.208;U2.208;U3.208;U4.208;U5.208;U6.208;U7.208",0.194,0.426,11.3675033512174,5.146,0.001,0.634858962672239,0.636,"none",FALSE,0.0316851139068604,NA
209,"model3",150,"large",3,0.35,1.28402188420296,0.604014424490742,1,1,1,0,43,1,0.701739770249454,0.632812368491065,"M3",43,"U1.209;U2.209;U3.209;U4.209;U5.209;U6.209;U7.209;U8.209;U9.209;U10.209;U11.209;U12.209;U13.209;U14.209;U15.209;U16.209;U17.209;U18.209;U19.209;U20.209;U21.209;U22.209;U23.209;U24.209;U25.209;U26.209;U27.209;U28.209;U29.209;U30.209;U31.209;U32.209;U33.209;U34.209;U35.209;U36.209;U37.209;U38.209;U39.209;U40.209;U41.209;U42.209;U43.209",1.242,0,37.7084137099427,0.805,0,62.7900233816025,0.2,"T1->T2",FALSE,0.0709841251373291,NA
210,"model4",150,"large",3,0.27,1.26318430132233,0.844760368112475,1,1,1,0,48,1,0.699972519198462,0.624327652956559,"M4",48,"U1.210;U2.210;U3.210;U4.210;U5.210;U6.210;U7.210;U8.210;U9.210;U10.210;U11.210;U12.210;U13.210;U14.210;U15.210;U16.210;U17.210;U18.210;U19.210;U20.210;U21.210;U22.210;U23.210;U24.210;U25.210;U26.210;U27.210;U28.210;U29.210;U30.210;U31.210;U32.210;U33.210;U34.210;U35.210;U36.210;U37.210;U38.210;U39.210;U40.210;U41.210;U42.210;U43.210;U44.210;U45.210;U46.210;U47.210;U48.210",2.235,0,13.2908481591865,0.447,0,36.619435960718,0.66,"T1->T2",FALSE,0.0322980880737305,NA
211,"model0",300,"large",3,0.12,1.41922104987316,0.854769974015653,1,1,1,0,30,1,0.538478356056385,0.465440269585912,"M0.1",30,"U1.211;U2.211;U3.211;U4.211;U5.211;U6.211;U7.211;U8.211;U9.211;U10.211;U11.211;U12.211;U13.211;U14.211;U15.211;U16.211;U17.211;U18.211;U19.211;U20.211;U21.211;U22.211;U23.211;U24.211;U25.211;U26.211;U27.211;U28.211;U29.211;U30.211",-0.139,0.173,83.6912551488387,-7.192,0,1.85330857973687,0,"none",FALSE,0.0500161647796631,NA
212,"model1",300,"large",3,0.14,1.46029654412996,0.612519414513372,1,1,1,0,31,1,0.551772389918383,0.519686299394201,"M1.1",31,"U1.212;U2.212;U3.212;U4.212;U5.212;U6.212;U7.212;U8.212;U9.212;U10.212;U11.212;U12.212;U13.212;U14.212;U15.212;U16.212;U17.212;U18.212;U19.212;U20.212;U21.212;U22.212;U23.212;U24.212;U25.212;U26.212;U27.212;U28.212;U29.212;U30.212;U31.212",0.556,0,58.3683635595262,1.798,0,17.2537601247052,0.589,"T1->T2",FALSE,0.0331521034240723,NA
213,"model2",300,"large",3,0.21,1.44108277873602,0.833098567440175,1,1,1,0,37,1,0.555634498857903,0.682953869055523,"M2.1",37,"U1.213;U2.213;U3.213;U4.213;U5.213;U6.213;U7.213;U8.213;U9.213;U10.213;U11.213;U12.213;U13.213;U14.213;U15.213;U16.213;U17.213;U18.213;U19.213;U20.213;U21.213;U22.213;U23.213;U24.213;U25.213;U26.213;U27.213;U28.213;U29.213;U30.213;U31.213;U32.213;U33.213;U34.213;U35.213;U36.213;U37.213",0.031,0.795,40.7017745476211,32.485,0,0.0674416154203739,0.628,"none",FALSE,0.0336439609527588,NA
214,"model3",300,"large",3,0.47,1.47109553671908,0.615280424593948,1,1,1,0,26,1,0.467672204510674,0.431133501469785,"M3",26,"U1.214;U2.214;U3.214;U4.214;U5.214;U6.214;U7.214;U8.214;U9.214;U10.214;U11.214;U12.214;U13.214;U14.214;U15.214;U16.214;U17.214;U18.214;U19.214;U20.214;U21.214;U22.214;U23.214;U24.214;U25.214;U26.214",0.873,0,208.130674676164,1.146,0,163.338282836835,0.354,"T1->T2",FALSE,0.0323300361633301,NA
215,"model4",300,"large",3,0.43,1.13980661577079,0.707069929922,1,1,1,0,37,1,0.561982872006884,0.410321400116241,"M4",37,"U1.215;U2.215;U3.215;U4.215;U5.215;U6.215;U7.215;U8.215;U9.215;U10.215;U11.215;U12.215;U13.215;U14.215;U15.215;U16.215;U17.215;U18.215;U19.215;U20.215;U21.215;U22.215;U23.215;U24.215;U25.215;U26.215;U27.215;U28.215;U29.215;U30.215;U31.215;U32.215;U33.215;U34.215;U35.215;U36.215;U37.215",1.97,0,41.623521701917,0.508,0,137.102334797918,0.652,"T1->T2",FALSE,0.0341079235076904,NA
216,"model0",670,"large",3,0.26,1.24330108752474,0.87412297539413,1,1,1,3,13,1,0.239307886895236,0.231671557274965,"M0.1",13,"U1.216;U2.216;U3.216;U4.216;U5.216;U6.216;U7.216;U8.216;U9.216;U10.216;U11.216;U12.216;U13.216",-0.085,0.142,289.841057861356,-11.78,0,2.15323602832156,-0.115,"none",FALSE,0.0411388874053955,NA
217,"model1",670,"large",3,0.15,1.29019403911661,0.83180501346942,1,1,1,3,4,1,0.118732445099685,0.148743037627046,"M1.1",4,"U1.217;U2.217;U3.217;U4.217",0.785,0,229.624758924879,1.273,0,79.0020638401355,0.667,"T1->T2",FALSE,0.0408799648284912,NA
218,"model2",670,"large",3,0.5,1.11120955238584,0.979632945149206,1,1,1,3,30,1,0.335461545870497,0.514437881550498,"M2.1",30,"U1.218;U2.218;U3.218;U4.218;U5.218;U6.218;U7.218;U8.218;U9.218;U10.218;U11.218;U12.218;U13.218;U14.218;U15.218;U16.218;U17.218;U18.218;U19.218;U20.218;U21.218;U22.218;U23.218;U24.218;U25.218;U26.218;U27.218;U28.218;U29.218;U30.218",0.054,0.419,128.227782864275,18.48,0,0.652232487985824,0.529,"none",FALSE,0.0411360263824463,NA
219,"model3",670,"large",3,0.47,1.00431452156045,0.873128550243564,1,1,1,3,5,1,0.115803321286193,0.125017542458312,"M3",5,"U1.219;U2.219;U3.219;U4.219;U5.219",0.991,0,310.221958921245,1.009,0,294.966226791198,0.393,"T1->T2",FALSE,0.0436148643493652,NA
220,"model4",670,"large",3,0.26,1.0408475502627,0.686765086604282,1,1,1,3,30,1,0.491079759405784,0.263500644113392,"M4",30,"U1.220;U2.220;U3.220;U4.220;U5.220;U6.220;U7.220;U8.220;U9.220;U10.220;U11.220;U12.220;U13.220;U14.220;U15.220;U16.220;U17.220;U18.220;U19.220;U20.220;U21.220;U22.220;U23.220;U24.220;U25.220;U26.220;U27.220;U28.220;U29.220;U30.220",1.644,0,155.172277301079,0.608,0,414.56122260105,0.553,"T1->T2",FALSE,0.0428371429443359,NA
221,"model0",1000,"large",3,0.16,1.17337138729636,0.629628385766409,1,1,1,0,16,1,0.337919808352653,0.382378470167742,"M0.1",16,"U1.221;U2.221;U3.221;U4.221;U5.221;U6.221;U7.221;U8.221;U9.221;U10.221;U11.221;U12.221;U13.221;U14.221;U15.221;U16.221",-0.018,0.773,244.976892377164,-56.239,0,0.0832544083131534,0.101,"none",FALSE,0.022385835647583,NA
222,"model1",1000,"large",3,0.45,1.05618643912021,0.72035698487889,1,1,1,0,38,1,0.575800648894304,0.529318954385415,"M1.1",38,"U1.222;U2.222;U3.222;U4.222;U5.222;U6.222;U7.222;U8.222;U9.222;U10.222;U11.222;U12.222;U13.222;U14.222;U15.222;U16.222;U17.222;U18.222;U19.222;U20.222;U21.222;U22.222;U23.222;U24.222;U25.222;U26.222;U27.222;U28.222;U29.222;U30.222;U31.222;U32.222;U33.222;U34.222;U35.222;U36.222;U37.222;U38.222",0.867,0,231.026806548469,1.153,0,128.210137685484,0.649,"T1->T2",FALSE,0.0371789932250977,NA
223,"model2",1000,"large",3,0.45,1.46645860618446,0.94840661843773,1,1,1,0,28,1,0.417767477788361,0.511188385882036,"M2.1",28,"U1.223;U2.223;U3.223;U4.223;U5.223;U6.223;U7.223;U8.223;U9.223;U10.223;U11.223;U12.223;U13.223;U14.223;U15.223;U16.223;U17.223;U18.223;U19.223;U20.223;U21.223;U22.223;U23.223;U24.223;U25.223;U26.223;U27.223;U28.223",-0.023,0.583,262.552904268609,-44.281,0,0.300758082369062,0.648,"none",FALSE,0.0459508895874023,NA
224,"model3",1000,"large",3,0.27,1.05962484958582,0.553891799529083,1,1,1,0,13,1,0.199368340512461,0.27918720641425,"M3",13,"U1.224;U2.224;U3.224;U4.224;U5.224;U6.224;U7.224;U8.224;U9.224;U10.224;U11.224;U12.224;U13.224",1.078,0,274.027316028462,0.928,0,293.215625162062,0.322,"T1->T2",FALSE,0.0560050010681152,NA
225,"model4",1000,"large",3,0.44,1.25217644090299,0.802479345118627,1,1,1,0,21,1,0.345167199503342,0.290047322427638,"M4",21,"U1.225;U2.225;U3.225;U4.225;U5.225;U6.225;U7.225;U8.225;U9.225;U10.225;U11.225;U12.225;U13.225;U14.225;U15.225;U16.225;U17.225;U18.225;U19.225;U20.225;U21.225",1.835,0,392.398044819994,0.545,0,686.160614381101,0.782,"T1->T2",FALSE,0.0487110614776611,NA
226,"model0",50,"small",4,0.42,0.213963051512837,0.186641882080585,1,1,1,0,22,1,0.578817050995041,0.603124413685831,"M0.1",22,"U1.226;U2.226;U3.226;U4.226;U5.226;U6.226;U7.226;U8.226;U9.226;U10.226;U11.226;U12.226;U13.226;U14.226;U15.226;U16.226;U17.226;U18.226;U19.226;U20.226;U21.226;U22.226",0.229,0.803,1.03627957746882,4.362,0.309,0.062063163930537,0.124,"none",TRUE,0.0113980770111084,NA
227,"model1",50,"small",4,0.09,0.131198484636843,0.18996602203697,1,1,1,0,27,2,0.494231795726427,0.808364399322866,"M1.1",27,"U1.227;U2.227;U3.227;U4.227;U5.227;U6.227;U7.227;U8.227;U9.227;U10.227;U11.227;U12.227;U13.227;U14.227;U15.227;U16.227;U17.227;U18.227;U19.227;U20.227;U21.227;U22.227;U23.227;U24.227;U25.227;U26.227;U27.227",7.034,0.039,0.088742921367444,0.142,0.766,4.25426521365918,0.111,"none",TRUE,0.01072096824646,NA
228,"model2",50,"small",4,0.02,0.228076345846057,0.179855563957244,1,1,1,0,4,1,0.0342778682607773,0.0588353689587349,"M2.1",4,"U1.228;U2.228;U3.228;U4.228",-0.772,0.316,1.93629786812198,-1.296,0.164,1.00562277865765,0.167,"none",TRUE,0.0114707946777344,NA
229,"model3",50,"small",4,0.41,0.487108312081546,0.209976706746966,1,1,1,0,10,1,0.372445767823461,0.260382556130323,"M3",10,"U1.229;U2.229;U3.229;U4.229;U5.229;U6.229;U7.229;U8.229;U9.229;U10.229",0.993,0.066,3.32917654954504,1.007,0.068,3.37182676140911,0.327,"none",TRUE,0.0115160942077637,NA
230,"model4",50,"small",4,0.38,0.166904777660966,0.260410939110443,1,1,1,0,21,1,0.734115165678278,0.745295936577149,"M4",21,"U1.230;U2.230;U3.230;U4.230;U5.230;U6.230;U7.230;U8.230;U9.230;U10.230;U11.230;U12.230;U13.230;U14.230;U15.230;U16.230;U17.230;U18.230;U19.230;U20.230;U21.230",-0.117,0.873,1.34266254026422,-8.513,0.247,0.0255048933507027,0.305,"none",TRUE,0.0190160274505615,NA
231,"model0",150,"small",4,0.4,0.247918135579675,0.241795648261905,1,1,1,0,47,1,0.740043909510186,0.773502877856573,"M0.1",47,"U1.231;U2.231;U3.231;U4.231;U5.231;U6.231;U7.231;U8.231;U9.231;U10.231;U11.231;U12.231;U13.231;U14.231;U15.231;U16.231;U17.231;U18.231;U19.231;U20.231;U21.231;U22.231;U23.231;U24.231;U25.231;U26.231;U27.231;U28.231;U29.231;U30.231;U31.231;U32.231;U33.231;U34.231;U35.231;U36.231;U37.231;U38.231;U39.231;U40.231;U41.231;U42.231;U43.231;U44.231;U45.231;U46.231;U47.231",-1.613,0.067,1.16149642471031,-0.62,0.281,3.35584969902841,0.035,"none",TRUE,0.0310499668121338,NA
232,"model1",150,"small",4,0.27,0.102646185737103,0.111523060686886,1,1,1,0,1,1,0.0173412371014772,0.155654754515293,"M1.1",1,"U1.232",1.605,0.346,0.402908325627914,0.623,0.526,0.887200335528012,0.293,"none",TRUE,0.0313138961791992,NA
233,"model2",150,"small",4,0.09,0.118387100845575,0.252648990089074,1,1,1,0,9,1,0.246946042851051,0.382272455949286,"M2.1",9,"U1.233;U2.233;U3.233;U4.233;U5.233;U6.233;U7.233;U8.233;U9.233",-0.646,0.529,1.35400517472816,-1.549,0.245,0.395966873879923,0.377,"none",TRUE,0.0350980758666992,NA
234,"model3",150,"small",4,0.16,0.186209430731833,0.105598982982337,1,1,1,0,35,1,0.664749312616283,0.646373441893386,"M3",35,"U1.234;U2.234;U3.234;U4.234;U5.234;U6.234;U7.234;U8.234;U9.234;U10.234;U11.234;U12.234;U13.234;U14.234;U15.234;U16.234;U17.234;U18.234;U19.234;U20.234;U21.234;U22.234;U23.234;U24.234;U25.234;U26.234;U27.234;U28.234;U29.234;U30.234;U31.234;U32.234;U33.234;U34.234;U35.234",0.849,0.016,7.65480793873566,1.178,0.006,5.83169699314323,-0.138,"none",TRUE,0.0335390567779541,NA
235,"model4",150,"small",4,0.22,0.178773198742419,0.135421523358673,1,1,1,0,19,1,0.495200238379738,0.488393022966445,"M4",19,"U1.235;U2.235;U3.235;U4.235;U5.235;U6.235;U7.235;U8.235;U9.235;U10.235;U11.235;U12.235;U13.235;U14.235;U15.235;U16.235;U17.235;U18.235;U19.235",1.785,0.184,0.478401034874515,0.56,0.489,1.76578977265174,0.396,"none",TRUE,0.0337419509887695,NA
236,"model0",300,"small",4,0.39,0.301038601901382,0.156554252281785,1,1,1,0,49,1,0.721755283933435,0.744818184991889,"M0.1",49,"U1.236;U2.236;U3.236;U4.236;U5.236;U6.236;U7.236;U8.236;U9.236;U10.236;U11.236;U12.236;U13.236;U14.236;U15.236;U16.236;U17.236;U18.236;U19.236;U20.236;U21.236;U22.236;U23.236;U24.236;U25.236;U26.236;U27.236;U28.236;U29.236;U30.236;U31.236;U32.236;U33.236;U34.236;U35.236;U36.236;U37.236;U38.236;U39.236;U40.236;U41.236;U42.236;U43.236;U44.236;U45.236;U46.236;U47.236;U48.236;U49.236",-0.002,0.996,9.10758127728935,-553.55,0.003,2.75341995032639e-05,0.107,"none",TRUE,0.0358028411865234,NA
237,"model1",300,"small",4,0.07,0.12158513115719,0.247681962838396,1,1,1,0,20,1,0.397681970431545,0.434596929337146,"M1.1",20,"U1.237;U2.237;U3.237;U4.237;U5.237;U6.237;U7.237;U8.237;U9.237;U10.237;U11.237;U12.237;U13.237;U14.237;U15.237;U16.237;U17.237;U18.237;U19.237;U20.237",-1.234,0.435,0.459002778021325,-0.81,0.498,0.608139332688161,0.203,"none",TRUE,0.0340170860290527,NA
238,"model2",300,"small",4,0.19,0.105635499674827,0.255776741122827,1,1,1,0,44,1,0.663288643357924,0.639191405540652,"M2.1",44,"U1.238;U2.238;U3.238;U4.238;U5.238;U6.238;U7.238;U8.238;U9.238;U10.238;U11.238;U12.238;U13.238;U14.238;U15.238;U16.238;U17.238;U18.238;U19.238;U20.238;U21.238;U22.238;U23.238;U24.238;U25.238;U26.238;U27.238;U28.238;U29.238;U30.238;U31.238;U32.238;U33.238;U34.238;U35.238;U36.238;U37.238;U38.238;U39.238;U40.238;U41.238;U42.238;U43.238;U44.238",1.268,0.744,0.0517523250213049,0.789,0.82,0.106278971362361,0.127,"none",TRUE,0.0343320369720459,NA
239,"model3",300,"small",4,0.02,0.410015975683928,0.228183085797355,1,1,1,0,43,6,0.659444097827817,0.607578945914973,"M3",43,"U1.239;U2.239;U3.239;U4.239;U5.239;U6.239;U7.239;U8.239;U9.239;U10.239;U11.239;U12.239;U13.239;U14.239;U15.239;U16.239;U17.239;U18.239;U19.239;U20.239;U21.239;U22.239;U23.239;U24.239;U25.239;U26.239;U27.239;U28.239;U29.239;U30.239;U31.239;U32.239;U33.239;U34.239;U35.239;U36.239;U37.239;U38.239;U39.239;U40.239;U41.239;U42.239;U43.239",-0.415,0.552,1.88250756818113,-2.409,0.17,0.353841910670367,0.068,"none",TRUE,0.0350987911224365,NA
240,"model4",300,"small",4,0.25,0.474693477991968,0.202076115179807,1,1,1,0,31,1,0.579606444083958,0.56658834694322,"M4",31,"U1.240;U2.240;U3.240;U4.240;U5.240;U6.240;U7.240;U8.240;U9.240;U10.240;U11.240;U12.240;U13.240;U14.240;U15.240;U16.240;U17.240;U18.240;U19.240;U20.240;U21.240;U22.240;U23.240;U24.240;U25.240;U26.240;U27.240;U28.240;U29.240;U30.240;U31.240",1.823,0,5.23966585067737,0.549,0.022,17.2425643245007,0.346,"none",TRUE,0.0368390083312988,NA
241,"model0",670,"small",4,0.27,0.468182338960469,0.144152508722618,1,1,1,3,15,1,0.384985489820081,0.391141700433652,"M0.1",15,"U1.241;U2.241;U3.241;U4.241;U5.241;U6.241;U7.241;U8.241;U9.241;U10.241;U11.241;U12.241;U13.241;U14.241;U15.241",-0.002,0.992,26.2243681317631,-489.71,0,0.000112343396106892,0.099,"none",FALSE,0.0400488376617432,NA
242,"model1",670,"small",4,0.09,0.13310225494206,0.253924625273794,1,1,1,3,36,1,0.517790122136881,0.56648856425372,"M1.1",36,"U1.242;U2.242;U3.242;U4.242;U5.242;U6.242;U7.242;U8.242;U9.242;U10.242;U11.242;U12.242;U13.242;U14.242;U15.242;U16.242;U17.242;U18.242;U19.242;U20.242;U21.242;U22.242;U23.242;U24.242;U25.242;U26.242;U27.242;U28.242;U29.242;U30.242;U31.242;U32.242;U33.242;U34.242;U35.242;U36.242",1.724,0.253,0.503169190995725,0.58,0.478,1.30477027542036,0.328,"none",TRUE,0.0376350879669189,NA
243,"model2",670,"small",4,0.36,0.429991572070867,0.247209837567061,1,1,1,3,36,1,0.504482137874315,0.558079092570619,"M2.1",36,"U1.243;U2.243;U3.243;U4.243;U5.243;U6.243;U7.243;U8.243;U9.243;U10.243;U11.243;U12.243;U13.243;U14.243;U15.243;U16.243;U17.243;U18.243;U19.243;U20.243;U21.243;U22.243;U23.243;U24.243;U25.243;U26.243;U27.243;U28.243;U29.243;U30.243;U31.243;U32.243;U33.243;U34.243;U35.243;U36.243",0.019,0.922,24.4902223410243,51.982,0,0.00956209490160379,0.181,"none",FALSE,0.0409760475158691,NA
244,"model3",670,"small",4,0.37,0.119385131634772,0.281638867873698,1,1,1,3,31,1,0.506364542698075,0.555618403113197,"M3",31,"U1.244;U2.244;U3.244;U4.244;U5.244;U6.244;U7.244;U8.244;U9.244;U10.244;U11.244;U12.244;U13.244;U14.244;U15.244;U16.244;U17.244;U18.244;U19.244;U20.244;U21.244;U22.244;U23.244;U24.244;U25.244;U26.244;U27.244;U28.244;U29.244;U30.244;U31.244",0.575,0.141,6.7953042533435,1.738,0.009,2.16540223720563,0.022,"none",TRUE,0.042978048324585,NA
245,"model4",670,"small",4,0.42,0.460139462631196,0.14247064483352,1,1,1,3,45,1,0.603750572254857,0.608127646342202,"M4",45,"U1.245;U2.245;U3.245;U4.245;U5.245;U6.245;U7.245;U8.245;U9.245;U10.245;U11.245;U12.245;U13.245;U14.245;U15.245;U16.245;U17.245;U18.245;U19.245;U20.245;U21.245;U22.245;U23.245;U24.245;U25.245;U26.245;U27.245;U28.245;U29.245;U30.245;U31.245;U32.245;U33.245;U34.245;U35.245;U36.245;U37.245;U38.245;U39.245;U40.245;U41.245;U42.245;U43.245;U44.245;U45.245",1.183,0,26.1027917550247,0.846,0,32.8824948669102,0.263,"T1->T2",FALSE,0.0497338771820068,NA
246,"model0",1000,"small",4,0.18,0.376264002919197,0.210059944307432,1,1,1,0,39,1,0.532721377782801,0.609919725632686,"M0.1",39,"U1.246;U2.246;U3.246;U4.246;U5.246;U6.246;U7.246;U8.246;U9.246;U10.246;U11.246;U12.246;U13.246;U14.246;U15.246;U16.246;U17.246;U18.246;U19.246;U20.246;U21.246;U22.246;U23.246;U24.246;U25.246;U26.246;U27.246;U28.246;U29.246;U30.246;U31.246;U32.246;U33.246;U34.246;U35.246;U36.246;U37.246;U38.246;U39.246",0.101,0.555,35.9638694969178,9.894,0,0.348924076408368,-0.08,"none",FALSE,0.0227451324462891,NA
247,"model1",1000,"small",4,0.41,0.146533039677888,0.255543080205098,1,1,1,0,8,1,0.107367890168694,0.23596714788021,"M1.1",8,"U1.247;U2.247;U3.247;U4.247;U5.247;U6.247;U7.247;U8.247",0.604,0.102,9.45670943595863,1.656,0.002,2.67406593725437,0.267,"none",TRUE,0.0215210914611816,NA
248,"model2",1000,"small",4,0.11,0.168169409688562,0.295478550950065,1,1,1,0,28,1,0.56050861327708,0.486595086170561,"M2.1",28,"U1.248;U2.248;U3.248;U4.248;U5.248;U6.248;U7.248;U8.248;U9.248;U10.248;U11.248;U12.248;U13.248;U14.248;U15.248;U16.248;U17.248;U18.248;U19.248;U20.248;U21.248;U22.248;U23.248;U24.248;U25.248;U26.248;U27.248;U28.248",-0.22,0.582,4.45204639602022,-4.538,0.035,0.30367176228337,0.245,"none",TRUE,0.0223550796508789,NA
249,"model3",1000,"small",4,0.45,0.498610671982169,0.142884547356516,1,1,1,0,30,1,0.538725757287034,0.586671521703068,"M3",30,"U1.249;U2.249;U3.249;U4.249;U5.249;U6.249;U7.249;U8.249;U9.249;U10.249;U11.249;U12.249;U13.249;U14.249;U15.249;U16.249;U17.249;U18.249;U19.249;U20.249;U21.249;U22.249;U23.249;U24.249;U25.249;U26.249;U27.249;U28.249;U29.249;U30.249",0.989,0,56.1893024960204,1.012,0,48.8516595607827,-0.091,"T1->T2",FALSE,0.0268621444702148,NA
250,"model4",1000,"small",4,0.26,0.140689594391733,0.245403745397925,1,1,1,0,38,1,0.573500384520152,0.559584691404261,"M4",38,"U1.250;U2.250;U3.250;U4.250;U5.250;U6.250;U7.250;U8.250;U9.250;U10.250;U11.250;U12.250;U13.250;U14.250;U15.250;U16.250;U17.250;U18.250;U19.250;U20.250;U21.250;U22.250;U23.250;U24.250;U25.250;U26.250;U27.250;U28.250;U29.250;U30.250;U31.250;U32.250;U33.250;U34.250;U35.250;U36.250;U37.250;U38.250",1.931,0.197,0.467566194093814,0.518,0.494,1.66669991160277,0.225,"none",TRUE,0.0340061187744141,NA
251,"model0",50,"medium",4,0.47,0.699991804431193,0.32338224737905,1,1,1,0,39,1,0.898343433780598,0.927548218070824,"M0.1",39,"U1.251;U2.251;U3.251;U4.251;U5.251;U6.251;U7.251;U8.251;U9.251;U10.251;U11.251;U12.251;U13.251;U14.251;U15.251;U16.251;U17.251;U18.251;U19.251;U20.251;U21.251;U22.251;U23.251;U24.251;U25.251;U26.251;U27.251;U28.251;U29.251;U30.251;U31.251;U32.251;U33.251;U34.251;U35.251;U36.251;U37.251;U38.251;U39.251",0.143,0.873,1.65805743275528,7.009,0.198,0.0254504000943759,0.202,"none",TRUE,0.0146059989929199,NA
252,"model1",50,"medium",4,0.24,0.531486245337874,0.337251589586958,1,1,1,0,28,1,0.766057811048845,0.697410845676477,"M1.1",28,"U1.252;U2.252;U3.252;U4.252;U5.252;U6.252;U7.252;U8.252;U9.252;U10.252;U11.252;U12.252;U13.252;U14.252;U15.252;U16.252;U17.252;U18.252;U19.252;U20.252;U21.252;U22.252;U23.252;U24.252;U25.252;U26.252;U27.252;U28.252",0.641,0.161,3.60764198341768,1.56,0.058,1.96326437205397,0.571,"none",TRUE,0.0146899223327637,NA
253,"model2",50,"medium",4,0.13,0.720236430875957,0.316699807578698,1,1,1,0,12,3,0.409341066587398,0.425489105397055,"M2.1",12,"U1.253;U2.253;U3.253;U4.253;U5.253;U6.253;U7.253;U8.253;U9.253;U10.253;U11.253;U12.253",-0.163,0.673,8.57446991907269,-6.148,0.003,0.177784078288138,0.16,"none",TRUE,0.014394998550415,NA
254,"model3",50,"medium",4,0.43,0.730959376669489,0.344667390314862,1,1,1,0,13,1,0.593320018514756,0.355882852828524,"M3",13,"U1.254;U2.254;U3.254;U4.254;U5.254;U6.254;U7.254;U8.254;U9.254;U10.254;U11.254;U12.254;U13.254",1.186,0,9.83945735344473,0.843,0.002,12.846282193141,0.098,"none",TRUE,0.011552095413208,NA
255,"model4",50,"medium",4,0.07,0.793587484862655,0.352063183346763,1,1,1,0,20,10,0.670674668844357,0.639614899269668,"M4",20,"U1.255;U2.255;U3.255;U4.255;U5.255;U6.255;U7.255;U8.255;U9.255;U10.255;U11.255;U12.255;U13.255;U14.255;U15.255;U16.255;U17.255;U18.255;U19.255;U20.255",1.328,0.003,9.33087295615557,0.753,0.002,8.69700299060547,0.508,"none",TRUE,0.0150151252746582,NA
256,"model0",150,"medium",4,0.23,0.643718774314038,0.340238735033199,1,1,1,0,23,1,0.581410261985744,0.593512403071097,"M0.1",23,"U1.256;U2.256;U3.256;U4.256;U5.256;U6.256;U7.256;U8.256;U9.256;U10.256;U11.256;U12.256;U13.256;U14.256;U15.256;U16.256;U17.256;U18.256;U19.256;U20.256;U21.256;U22.256;U23.256",-0.367,0.176,11.9370966643573,-2.728,0.001,1.83504097431557,-0.011,"none",FALSE,0.0335161685943604,NA
257,"model1",150,"medium",4,0.34,0.750185718061402,0.427958223922178,1,1,1,0,4,1,0.0910477390892592,0.00812869305229717,"M1.1",4,"U1.257;U2.257;U3.257;U4.257",0.488,0.002,51.4321540234623,2.048,0,9.28678190774075,0.438,"T1->T2",FALSE,0.0332949161529541,NA
258,"model2",150,"medium",4,0.27,0.93188236723654,0.378578915679827,1,1,1,0,44,1,0.722375167381752,0.763686954665291,"M2.1",44,"U1.258;U2.258;U3.258;U4.258;U5.258;U6.258;U7.258;U8.258;U9.258;U10.258;U11.258;U12.258;U13.258;U14.258;U15.258;U16.258;U17.258;U18.258;U19.258;U20.258;U21.258;U22.258;U23.258;U24.258;U25.258;U26.258;U27.258;U28.258;U29.258;U30.258;U31.258;U32.258;U33.258;U34.258;U35.258;U36.258;U37.258;U38.258;U39.258;U40.258;U41.258;U42.258;U43.258;U44.258",0.072,0.686,30.0594654671444,13.975,0,0.16332223848231,0.141,"none",FALSE,0.0305891036987305,NA
259,"model3",150,"medium",4,0.16,0.960140200564638,0.376117571908981,1,1,1,0,35,1,0.634067561027636,0.575429754295635,"M3",35,"U1.259;U2.259;U3.259;U4.259;U5.259;U6.259;U7.259;U8.259;U9.259;U10.259;U11.259;U12.259;U13.259;U14.259;U15.259;U16.259;U17.259;U18.259;U19.259;U20.259;U21.259;U22.259;U23.259;U24.259;U25.259;U26.259;U27.259;U28.259;U29.259;U30.259;U31.259;U32.259;U33.259;U34.259;U35.259",0.84,0.001,14.9005228908428,1.191,0,10.7986394497331,-0.08,"T1->T2",FALSE,0.035984992980957,NA
260,"model4",150,"medium",4,0.48,0.986300401738845,0.343159949127585,1,1,1,0,30,1,0.482222326705938,0.53300539172867,"M4",30,"U1.260;U2.260;U3.260;U4.260;U5.260;U6.260;U7.260;U8.260;U9.260;U10.260;U11.260;U12.260;U13.260;U14.260;U15.260;U16.260;U17.260;U18.260;U19.260;U20.260;U21.260;U22.260;U23.260;U24.260;U25.260;U26.260;U27.260;U28.260;U29.260;U30.260",1.107,0,46.6184601272042,0.903,0,35.3731119339979,0.58,"T1->T2",FALSE,0.0317668914794922,NA
261,"model0",300,"medium",4,0.35,0.909144545788877,0.470393457030877,1,1,1,0,1,1,0.00289307263610761,0.0200035960381523,"M0.1",1,"U1.261",-0.029,0.788,107.701231794077,-34.382,0,0.0726415323624707,-0.004,"none",FALSE,0.0353851318359375,NA
262,"model1",300,"medium",4,0.44,0.850437337649055,0.429282573936507,1,1,1,0,29,1,0.48586345533896,0.515626189246473,"M1.1",29,"U1.262;U2.262;U3.262;U4.262;U5.262;U6.262;U7.262;U8.262;U9.262;U10.262;U11.262;U12.262;U13.262;U14.262;U15.262;U16.262;U17.262;U18.262;U19.262;U20.262;U21.262;U22.262;U23.262;U24.262;U25.262;U26.262;U27.262;U28.262;U29.262",0.323,0.044,43.3215896456997,3.098,0,4.05538182171963,0.458,"T1->T2",FALSE,0.0362467765808105,NA
263,"model2",300,"medium",4,0.45,0.999591632164083,0.308401164924726,1,1,1,0,46,1,0.644926307190049,0.67116925371042,"M2.1",46,"U1.263;U2.263;U3.263;U4.263;U5.263;U6.263;U7.263;U8.263;U9.263;U10.263;U11.263;U12.263;U13.263;U14.263;U15.263;U16.263;U17.263;U18.263;U19.263;U20.263;U21.263;U22.263;U23.263;U24.263;U25.263;U26.263;U27.263;U28.263;U29.263;U30.263;U31.263;U32.263;U33.263;U34.263;U35.263;U36.263;U37.263;U38.263;U39.263;U40.263;U41.263;U42.263;U43.263;U44.263;U45.263;U46.263",-0.004,0.97,66.0382244688533,-224.237,0,0.001460819055373,0.435,"none",FALSE,0.0409939289093018,NA
264,"model3",300,"medium",4,0.27,0.857481976388954,0.404891377082095,1,1,1,0,45,1,0.60083043799208,0.68763008048787,"M3",45,"U1.264;U2.264;U3.264;U4.264;U5.264;U6.264;U7.264;U8.264;U9.264;U10.264;U11.264;U12.264;U13.264;U14.264;U15.264;U16.264;U17.264;U18.264;U19.264;U20.264;U21.264;U22.264;U23.264;U24.264;U25.264;U26.264;U27.264;U28.264;U29.264;U30.264;U31.264;U32.264;U33.264;U34.264;U35.264;U36.264;U37.264;U38.264;U39.264;U40.264;U41.264;U42.264;U43.264;U44.264;U45.264",0.868,0,40.0375465713825,1.152,0,29.0507921237728,0.225,"T1->T2",FALSE,0.0272789001464844,NA
265,"model4",300,"medium",4,0.18,0.842925617354922,0.325619072001427,1,1,1,0,33,1,0.51810453350838,0.486933962497404,"M4",33,"U1.265;U2.265;U3.265;U4.265;U5.265;U6.265;U7.265;U8.265;U9.265;U10.265;U11.265;U12.265;U13.265;U14.265;U15.265;U16.265;U17.265;U18.265;U19.265;U20.265;U21.265;U22.265;U23.265;U24.265;U25.265;U26.265;U27.265;U28.265;U29.265;U30.265;U31.265;U32.265;U33.265",1.686,0,16.9897669836065,0.593,0,43.8403645044555,0.243,"T1->T2",FALSE,0.0297949314117432,NA
266,"model0",670,"medium",4,0.44,0.659629311878234,0.335421027382836,1,1,1,3,13,1,0.328419870348441,0.332481951049627,"M0.1",13,"U1.266;U2.266;U3.266;U4.266;U5.266;U6.266;U7.266;U8.266;U9.266;U10.266;U11.266;U12.266;U13.266",0.052,0.574,112.284410071902,19.086,0,0.316124645286662,-0.003,"none",FALSE,0.0524289608001709,NA
267,"model1",670,"medium",4,0.48,0.504566630348563,0.323182165948674,1,1,1,3,33,1,0.575820210066459,0.530550234167649,"M1.1",33,"U1.267;U2.267;U3.267;U4.267;U5.267;U6.267;U7.267;U8.267;U9.267;U10.267;U11.267;U12.267;U13.267;U14.267;U15.267;U16.267;U17.267;U18.267;U19.267;U20.267;U21.267;U22.267;U23.267;U24.267;U25.267;U26.267;U27.267;U28.267;U29.267;U30.267;U31.267;U32.267;U33.267",0.283,0.039,51.7615772398136,3.531,0,4.24657359218858,0.323,"T1->T2",FALSE,0.0481908321380615,NA
268,"model2",670,"medium",4,0.49,0.689189795870334,0.449052473856136,1,1,1,3,2,1,0.0393290449463711,0.0537068992277985,"M2.1",2,"U1.268;U2.268",0.089,0.176,195.763904021193,11.193,0,1.82741352229744,0.38,"none",FALSE,0.0791997909545898,NA
269,"model3",670,"medium",4,0.21,0.514240542543121,0.344678691029549,1,1,1,3,10,1,0.244316966537682,0.322845087034927,"M3",10,"U1.269;U2.269;U3.269;U4.269;U5.269;U6.269;U7.269;U8.269;U9.269;U10.269",0.852,0,72.7509502987893,1.173,0,49.4582539543979,0.131,"T1->T2",FALSE,0.0618460178375244,NA
270,"model4",670,"medium",4,0.47,0.692615831969306,0.484725972218439,1,1,1,3,41,1,0.587364397280439,0.554719430684832,"M4",41,"U1.270;U2.270;U3.270;U4.270;U5.270;U6.270;U7.270;U8.270;U9.270;U10.270;U11.270;U12.270;U13.270;U14.270;U15.270;U16.270;U17.270;U18.270;U19.270;U20.270;U21.270;U22.270;U23.270;U24.270;U25.270;U26.270;U27.270;U28.270;U29.270;U30.270;U31.270;U32.270;U33.270;U34.270;U35.270;U36.270;U37.270;U38.270;U39.270;U40.270;U41.270",1.256,0,62.2628220535374,0.796,0,67.2585548553362,0.438,"T1->T2",FALSE,0.0425360202789307,NA
271,"model0",1000,"medium",4,0.38,0.806633108179085,0.333589414088055,1,1,1,0,25,1,0.390872127649791,0.337663516159725,"M0.1",25,"U1.271;U2.271;U3.271;U4.271;U5.271;U6.271;U7.271;U8.271;U9.271;U10.271;U11.271;U12.271;U13.271;U14.271;U15.271;U16.271;U17.271;U18.271;U19.271;U20.271;U21.271;U22.271;U23.271;U24.271;U25.271",0.021,0.751,191.560569582886,47.81,0,0.100971896115987,-0.115,"none",FALSE,0.034290075302124,NA
272,"model1",1000,"medium",4,0.26,0.827597830910236,0.341907406691462,1,1,1,0,20,1,0.35975562611949,0.397170912863603,"M1.1",20,"U1.272;U2.272;U3.272;U4.272;U5.272;U6.272;U7.272;U8.272;U9.272;U10.272;U11.272;U12.272;U13.272;U14.272;U15.272;U16.272;U17.272;U18.272;U19.272;U20.272",0.5,0,141.701650718343,2.002,0,30.2994157780687,0.409,"T1->T2",FALSE,0.0344851016998291,NA
273,"model2",1000,"medium",4,0.02,0.85976411961019,0.43648807653226,1,1,1,0,41,1,0.619742872507354,0.614583190359815,"M2.1",41,"U1.273;U2.273;U3.273;U4.273;U5.273;U6.273;U7.273;U8.273;U9.273;U10.273;U11.273;U12.273;U13.273;U14.273;U15.273;U16.273;U17.273;U18.273;U19.273;U20.273;U21.273;U22.273;U23.273;U24.273;U25.273;U26.273;U27.273;U28.273;U29.273;U30.273;U31.273;U32.273;U33.273;U34.273;U35.273;U36.273;U37.273;U38.273;U39.273;U40.273;U41.273",0.378,0.082,18.2757413671943,2.647,0,3.02327755081949,0.446,"none",FALSE,0.0600349903106689,NA
274,"model3",1000,"medium",4,0.17,0.67565396707505,0.304824946960434,1,1,1,0,4,1,0.153217593403755,0.154051777098087,"M3",4,"U1.274;U2.274;U3.274;U4.274",1.325,0,61.569171241822,0.755,0,104.150569016563,0.103,"T1->T2",FALSE,0.0433831214904785,NA
275,"model4",1000,"medium",4,0.44,0.937050080974586,0.385939168557525,1,1,1,0,39,1,0.540931107972723,0.49322764361272,"M4",39,"U1.275;U2.275;U3.275;U4.275;U5.275;U6.275;U7.275;U8.275;U9.275;U10.275;U11.275;U12.275;U13.275;U14.275;U15.275;U16.275;U17.275;U18.275;U19.275;U20.275;U21.275;U22.275;U23.275;U24.275;U25.275;U26.275;U27.275;U28.275;U29.275;U30.275;U31.275;U32.275;U33.275;U34.275;U35.275;U36.275;U37.275;U38.275;U39.275",1.586,0,188.896296409471,0.63,0,385.09670316458,0.511,"T1->T2",FALSE,0.0422589778900146,NA
276,"model0",50,"large",4,0.13,1.4972320565721,0.803169205086306,1,1,1,0,5,2,0.507458619242306,0.0975794881728172,"M0.1",5,"U1.276;U2.276;U3.276;U4.276;U5.276",0.075,0.686,35.8640905227627,13.36,0,0.16386256372698,0.119,"none",FALSE,0.014063835144043,NA
277,"model1",50,"large",4,0.32,1.08604052779265,0.932129090302624,1,1,1,0,7,1,0.334902414832195,0.355878217533296,"M1.1",7,"U1.277;U2.277;U3.277;U4.277;U5.277;U6.277;U7.277",0.892,0.001,24.7578096541434,1.121,0,10.7437147692075,0.701,"T1->T2",FALSE,0.0122129917144775,NA
278,"model2",50,"large",4,0.48,1.31582901172806,0.744741301750764,1,1,1,0,44,1,0.987320548537508,0.959566444316118,"M2.1",44,"U1.278;U2.278;U3.278;U4.278;U5.278;U6.278;U7.278;U8.278;U9.278;U10.278;U11.278;U12.278;U13.278;U14.278;U15.278;U16.278;U17.278;U18.278;U19.278;U20.278;U21.278;U22.278;U23.278;U24.278;U25.278;U26.278;U27.278;U28.278;U29.278;U30.278;U31.278;U32.278;U33.278;U34.278;U35.278;U36.278;U37.278;U38.278;U39.278;U40.278;U41.278;U42.278;U43.278;U44.278",0.212,0.173,17.0080531560234,4.726,0,1.8569436453015,0.559,"none",FALSE,0.0205528736114502,NA
279,"model3",50,"large",4,0.32,1.40221498161554,0.564747133641504,1,1,1,0,9,1,0.360176646622112,0.293736218225848,"M3",9,"U1.279;U2.279;U3.279;U4.279;U5.279;U6.279;U7.279;U8.279;U9.279",0.929,0,33.4904382583055,1.077,0,24.5490874845599,0.286,"T1->T2",FALSE,0.0190730094909668,NA
280,"model4",50,"large",4,0.45,1.00449647172354,0.892864525318146,1,1,1,0,10,1,0.367388869533618,0.349777139107871,"M4",10,"U1.280;U2.280;U3.280;U4.280;U5.280;U6.280;U7.280;U8.280;U9.280;U10.280",1.822,0,22.0475302124343,0.549,0,32.5372305199907,0.799,"T1->T2",FALSE,0.0131611824035645,NA
281,"model0",150,"large",4,0.46,1.13056654774118,0.926873242249712,1,1,1,0,26,1,0.450861979107365,0.656957222111257,"M0.1",26,"U1.281;U2.281;U3.281;U4.281;U5.281;U6.281;U7.281;U8.281;U9.281;U10.281;U11.281;U12.281;U13.281;U14.281;U15.281;U16.281;U17.281;U18.281;U19.281;U20.281;U21.281;U22.281;U23.281;U24.281;U25.281;U26.281",-0.302,0.053,54.4468285544372,-3.312,0,3.75831264980528,-0.195,"none",FALSE,0.0521371364593506,NA
282,"model1",150,"large",4,0.19,1.38684842956718,0.753698837361299,1,1,1,0,49,1,0.761943589176934,0.793757308299201,"M1.1",49,"U1.282;U2.282;U3.282;U4.282;U5.282;U6.282;U7.282;U8.282;U9.282;U10.282;U11.282;U12.282;U13.282;U14.282;U15.282;U16.282;U17.282;U18.282;U19.282;U20.282;U21.282;U22.282;U23.282;U24.282;U25.282;U26.282;U27.282;U28.282;U29.282;U30.282;U31.282;U32.282;U33.282;U34.282;U35.282;U36.282;U37.282;U38.282;U39.282;U40.282;U41.282;U42.282;U43.282;U44.282;U45.282;U46.282;U47.282;U48.282;U49.282",0.768,0,33.6800344741205,1.302,0,14.0767165732373,0.675,"T1->T2",FALSE,0.0320408344268799,NA
283,"model2",150,"large",4,0.41,1.46965959935915,0.732652865233831,1,1,1,0,27,1,0.453977630331125,0.627835787914306,"M2.1",27,"U1.283;U2.283;U3.283;U4.283;U5.283;U6.283;U7.283;U8.283;U9.283;U10.283;U11.283;U12.283;U13.283;U14.283;U15.283;U16.283;U17.283;U18.283;U19.283;U20.283;U21.283;U22.283;U23.283;U24.283;U25.283;U26.283;U27.283",-0.005,0.97,53.776897922453,-213.306,0,0.00145029696979617,0.512,"none",FALSE,0.0331499576568604,NA
284,"model3",150,"large",4,0.2,1.35666124580894,0.968725230894051,1,1,1,0,13,1,0.352713404673141,0.304390693566308,"M3",13,"U1.284;U2.284;U3.284;U4.284;U5.284;U6.284;U7.284;U8.284;U9.284;U10.284;U11.284;U12.284;U13.284",1.386,0,31.4632816258756,0.722,0,50.8692443346509,0.015,"T1->T2",FALSE,0.038053035736084,NA
285,"model4",150,"large",4,0.09,1.04659234627616,0.88495208544191,1,1,1,0,6,1,0.125939423520684,0.125049506192584,"M4",6,"U1.285;U2.285;U3.285;U4.285;U5.285;U6.285",1.692,0,25.4491252929338,0.591,0,37.6276369723539,0.714,"T1->T2",FALSE,0.0407218933105469,NA
286,"model0",300,"large",4,0.01,1.09704431495629,0.64318508154247,1,1,1,0,23,23,0.472926074546498,0.423721597032429,"M0.1",23,"U1.286;U2.286;U3.286;U4.286;U5.286;U6.286;U7.286;U8.286;U9.286;U10.286;U11.286;U12.286;U13.286;U14.286;U15.286;U16.286;U17.286;U18.286;U19.286;U20.286;U21.286;U22.286;U23.286",0.352,0.39,5.91873083096878,2.843,0.015,0.738217152846952,0.11,"none",TRUE,0.0346088409423828,NA
287,"model1",300,"large",4,0.24,1.24521219846793,0.607331019709818,1,1,1,0,27,1,0.384006155423653,0.454102080174873,"M1.1",27,"U1.287;U2.287;U3.287;U4.287;U5.287;U6.287;U7.287;U8.287;U9.287;U10.287;U11.287;U12.287;U13.287;U14.287;U15.287;U16.287;U17.287;U18.287;U19.287;U20.287;U21.287;U22.287;U23.287;U24.287;U25.287;U26.287;U27.287",0.428,0.008,55.6103648324575,2.337,0,7.09042934265628,0.544,"T1->T2",FALSE,0.0269830226898193,NA
288,"model2",300,"large",4,0.03,1.33404634858016,0.553682002006099,1,1,1,0,13,7,0.379536586211518,0.210638622439226,"M2.1",13,"U1.288;U2.288;U3.288;U4.288;U5.288;U6.288;U7.288;U8.288;U9.288;U10.288;U11.288;U12.288;U13.288",0.063,0.715,18.5659152669505,15.783,0,0.133244616785702,0.323,"none",FALSE,0.031731128692627,NA
289,"model3",300,"large",4,0.06,1.37031173473224,0.914731225115247,1,1,1,0,46,1,0.601163594102452,0.713978475784541,"M3",46,"U1.289;U2.289;U3.289;U4.289;U5.289;U6.289;U7.289;U8.289;U9.289;U10.289;U11.289;U12.289;U13.289;U14.289;U15.289;U16.289;U17.289;U18.289;U19.289;U20.289;U21.289;U22.289;U23.289;U24.289;U25.289;U26.289;U27.289;U28.289;U29.289;U30.289;U31.289;U32.289;U33.289;U34.289;U35.289;U36.289;U37.289;U38.289;U39.289;U40.289;U41.289;U42.289;U43.289;U44.289;U45.289;U46.289",1.273,0,15.1290349322073,0.786,0,18.793441162628,-0.151,"T1->T2",FALSE,0.0441520214080811,NA
290,"model4",300,"large",4,0.16,1.45573532453272,0.658993254532106,1,1,1,0,41,1,0.610541767835521,0.464540307863296,"M4",41,"U1.290;U2.290;U3.290;U4.290;U5.290;U6.290;U7.290;U8.290;U9.290;U10.290;U11.290;U12.290;U13.290;U14.290;U15.290;U16.290;U17.290;U18.290;U19.290;U20.290;U21.290;U22.290;U23.290;U24.290;U25.290;U26.290;U27.290;U28.290;U29.290;U30.290;U31.290;U32.290;U33.290;U34.290;U35.290;U36.290;U37.290;U38.290;U39.290;U40.290;U41.290",1.636,0,60.6982108824743,0.611,0,120.737814924723,0.689,"T1->T2",FALSE,0.0487439632415771,NA
291,"model0",670,"large",4,0.13,1.48511601099744,0.965299453702755,1,1,1,3,32,1,0.44780347005929,0.508475407581116,"M0.1",32,"U1.291;U2.291;U3.291;U4.291;U5.291;U6.291;U7.291;U8.291;U9.291;U10.291;U11.291;U12.291;U13.291;U14.291;U15.291;U16.291;U17.291;U18.291;U19.291;U20.291;U21.291;U22.291;U23.291;U24.291;U25.291;U26.291;U27.291;U28.291;U29.291;U30.291;U31.291;U32.291",0.057,0.452,146.957746204387,17.672,0,0.564522250482928,0.004,"none",FALSE,0.0433111190795898,NA
292,"model1",670,"large",4,0.15,1.31661233562045,0.996274533565156,1,1,1,3,35,1,0.503626944001595,0.562684539875314,"M1.1",35,"U1.292;U2.292;U3.292;U4.292;U5.292;U6.292;U7.292;U8.292;U9.292;U10.292;U11.292;U12.292;U13.292;U14.292;U15.292;U16.292;U17.292;U18.292;U19.292;U20.292;U21.292;U22.292;U23.292;U24.292;U25.292;U26.292;U27.292;U28.292;U29.292;U30.292;U31.292;U32.292;U33.292;U34.292;U35.292",0.977,0,120.87936166936,1.024,0,54.7584883338374,0.773,"T1->T2",FALSE,0.0441551208496094,NA
293,"model2",670,"large",4,0.27,1.47582313057501,0.694329703808762,1,1,1,3,42,1,0.445218146402392,0.609756812364061,"M2.1",42,"U1.293;U2.293;U3.293;U4.293;U5.293;U6.293;U7.293;U8.293;U9.293;U10.293;U11.293;U12.293;U13.293;U14.293;U15.293;U16.293;U17.293;U18.293;U19.293;U20.293;U21.293;U22.293;U23.293;U24.293;U25.293;U26.293;U27.293;U28.293;U29.293;U30.293;U31.293;U32.293;U33.293;U34.293;U35.293;U36.293;U37.293;U38.293;U39.293;U40.293;U41.293;U42.293",-0.111,0.125,142.196131837681,-8.978,0,2.34872991107004,0.434,"none",FALSE,0.042586088180542,NA
294,"model3",670,"large",4,0.36,1.08258028468117,0.725113407359459,1,1,1,3,20,1,0.33123499334466,0.317602435209118,"M3",20,"U1.294;U2.294;U3.294;U4.294;U5.294;U6.294;U7.294;U8.294;U9.294;U10.294;U11.294;U12.294;U13.294;U14.294;U15.294;U16.294;U17.294;U18.294;U19.294;U20.294",1.106,0,177.638544045217,0.904,0,205.192440871158,0.204,"T1->T2",FALSE,0.0421378612518311,NA
295,"model4",670,"large",4,0.31,1.45906883210409,0.98329630785156,1,1,1,3,31,1,0.470588764007243,0.332134491919311,"M4",31,"U1.295;U2.295;U3.295;U4.295;U5.295;U6.295;U7.295;U8.295;U9.295;U10.295;U11.295;U12.295;U13.295;U14.295;U15.295;U16.295;U17.295;U18.295;U19.295;U20.295;U21.295;U22.295;U23.295;U24.295;U25.295;U26.295;U27.295;U28.295;U29.295;U30.295;U31.295",1.819,0,277.961371089842,0.55,0,609.878440378963,0.819,"T1->T2",FALSE,0.0459859371185303,NA
296,"model0",1000,"large",4,0.1,1.42669298639521,0.733504037722014,1,1,1,0,23,1,0.437937537610714,0.580615739605649,"M0.1",23,"U1.296;U2.296;U3.296;U4.296;U5.296;U6.296;U7.296;U8.296;U9.296;U10.296;U11.296;U12.296;U13.296;U14.296;U15.296;U16.296;U17.296;U18.296;U19.296;U20.296;U21.296;U22.296;U23.296",0.037,0.663,154.595352249894,27.295,0,0.190263524452791,-0.115,"none",FALSE,0.0426881313323975,NA
297,"model1",1000,"large",4,0.36,1.16105736163445,0.721824088599533,1,1,1,0,27,1,0.356357696636405,0.504632709696416,"M1.1",27,"U1.297;U2.297;U3.297;U4.297;U5.297;U6.297;U7.297;U8.297;U9.297;U10.297;U11.297;U12.297;U13.297;U14.297;U15.297;U16.297;U17.297;U18.297;U19.297;U20.297;U21.297;U22.297;U23.297;U24.297;U25.297;U26.297;U27.297",0.73,0,282.476195236462,1.37,0,76.3745409681964,0.655,"T1->T2",FALSE,0.0421981811523438,NA
298,"model2",1000,"large",4,0.03,1.11189332325011,0.788281607325189,1,1,1,0,11,2,0.277328455474216,0.31369199641788,"M2.1",11,"U1.298;U2.298;U3.298;U4.298;U5.298;U6.298;U7.298;U8.298;U9.298;U10.298;U11.298",0.027,0.868,21.8160292477954,37.25,0,0.0274486226039795,0.588,"none",FALSE,0.0459518432617188,NA
299,"model3",1000,"large",4,0.36,1.13970246585086,0.93943741871044,1,1,1,0,27,1,0.411726387527075,0.495882479115718,"M3",27,"U1.299;U2.299;U3.299;U4.299;U5.299;U6.299;U7.299;U8.299;U9.299;U10.299;U11.299;U12.299;U13.299;U14.299;U15.299;U16.299;U17.299;U18.299;U19.299;U20.299;U21.299;U22.299;U23.299;U24.299;U25.299;U26.299;U27.299",1.11,0,253.611346442518,0.901,0,267.898707192521,0.023,"T1->T2",FALSE,0.0446019172668457,NA
300,"model4",1000,"large",4,0.14,1.22880471171811,0.858222602284513,1,1,1,0,10,1,0.215234149971872,0.214671695814475,"M4",10,"U1.300;U2.300;U3.300;U4.300;U5.300;U6.300;U7.300;U8.300;U9.300;U10.300",1.944,0,235.182639310772,0.514,0,449.768345654987,0.765,"T1->T2",FALSE,0.0435869693756104,NA
301,"model0",50,"small",5,0.46,0.454625185579062,0.111181109864265,1,1,1,0,26,1,0.740852792380595,0.519005051396831,"M0.1",26,"U1.301;U2.301;U3.301;U4.301;U5.301;U6.301;U7.301;U8.301;U9.301;U10.301;U11.301;U12.301;U13.301;U14.301;U15.301;U16.301;U17.301;U18.301;U19.301;U20.301;U21.301;U22.301;U23.301;U24.301;U25.301;U26.301",-0.92,0.063,3.89810418936359,-1.087,0.048,3.46598659056382,-0.277,"none",TRUE,0.0124239921569824,NA
302,"model1",50,"small",5,0.27,0.267099562007934,0.160389943420887,1,1,1,0,25,1,0.695018226831756,0.796408992292518,"M1.1",25,"U1.302;U2.302;U3.302;U4.302;U5.302;U6.302;U7.302;U8.302;U9.302;U10.302;U11.302;U12.302;U13.302;U14.302;U15.302;U16.302;U17.302;U18.302;U19.302;U20.302;U21.302;U22.302;U23.302;U24.302;U25.302",1.028,0.067,3.04809163187047,0.973,0.081,3.34858065933795,0.319,"none",TRUE,0.0179109573364258,NA
303,"model2",50,"small",5,0.15,0.176993433013558,0.254877289896831,1,1,1,0,44,2,0.912070295034905,0.985912225021621,"M2.1",44,"U1.303;U2.303;U3.303;U4.303;U5.303;U6.303;U7.303;U8.303;U9.303;U10.303;U11.303;U12.303;U13.303;U14.303;U15.303;U16.303;U17.303;U18.303;U19.303;U20.303;U21.303;U22.303;U23.303;U24.303;U25.303;U26.303;U27.303;U28.303;U29.303;U30.303;U31.303;U32.303;U33.303;U34.303;U35.303;U36.303;U37.303;U38.303;U39.303;U40.303;U41.303;U42.303;U43.303;U44.303",1.347,0.018,3.54611465017903,0.743,0.06,5.57065072134009,0.269,"none",TRUE,0.0253429412841797,NA
304,"model3",50,"small",5,0.5,0.440555769670755,0.25806154445745,1,1,1,0,25,1,0.816015947276261,0.794232425199394,"M3",25,"U1.304;U2.304;U3.304;U4.304;U5.304;U6.304;U7.304;U8.304;U9.304;U10.304;U11.304;U12.304;U13.304;U14.304;U15.304;U16.304;U17.304;U18.304;U19.304;U20.304;U21.304;U22.304;U23.304;U24.304;U25.304",0.18,0.613,6.680535704726,5.543,0.01,0.255243170798732,0.051,"none",TRUE,0.0185191631317139,NA
305,"model4",50,"small",5,0.23,0.1439363530837,0.185678757820278,1,1,1,0,7,1,0.366524899986252,0.367476582323212,"M4",7,"U1.305;U2.305;U3.305;U4.305;U5.305;U6.305;U7.305",2.118,0.016,0.8299715358191,0.472,0.362,5.79039045781568,0.009,"none",TRUE,0.0213520526885986,NA
306,"model0",150,"small",5,0.47,0.269874478597194,0.251907370751724,1,1,1,0,16,1,0.312527580292815,0.582996670470801,"M0.1",16,"U1.306;U2.306;U3.306;U4.306;U5.306;U6.306;U7.306;U8.306;U9.306;U10.306;U11.306;U12.306;U13.306;U14.306;U15.306;U16.306",-0.191,0.844,1.56211728465053,-5.228,0.211,0.0385292154378971,0.074,"none",TRUE,0.0327839851379395,NA
307,"model1",150,"small",5,0.25,0.214283805154264,0.210999893397093,1,1,1,0,5,1,0.156485072203042,0.173701332600953,"M1.1",5,"U1.307;U2.307;U3.307;U4.307;U5.307",-2.535,0.039,0.578381331899595,-0.394,0.447,4.25737448261222,0.235,"none",TRUE,0.0329079627990723,NA
308,"model2",150,"small",5,0.09,0.253150971606374,0.12440290460363,1,1,1,0,18,4,0.43407104987217,0.537148718662651,"M2.1",18,"U1.308;U2.308;U3.308;U4.308;U5.308;U6.308;U7.308;U8.308;U9.308;U10.308;U11.308;U12.308;U13.308;U14.308;U15.308;U16.308;U17.308;U18.308",-0.754,0.65,0.346011640474483,-1.325,0.556,0.205705874904967,0.186,"none",TRUE,0.0515909194946289,NA
309,"model3",150,"small",5,0.26,0.221629247721285,0.299677178170532,1,1,1,0,2,1,0.191104619294416,0.0380290778436394,"M3",2,"U1.309;U2.309",0.574,0.13,6.44087206850835,1.741,0.011,2.28717251963195,0.075,"none",TRUE,0.034837007522583,NA
310,"model4",150,"small",5,0.02,0.465410942398012,0.109174198098481,1,1,1,0,39,19,0.599767543765516,0.745794922605979,"M4",39,"U1.310;U2.310;U3.310;U4.310;U5.310;U6.310;U7.310;U8.310;U9.310;U10.310;U11.310;U12.310;U13.310;U14.310;U15.310;U16.310;U17.310;U18.310;U19.310;U20.310;U21.310;U22.310;U23.310;U24.310;U25.310;U26.310;U27.310;U28.310;U29.310;U30.310;U31.310;U32.310;U33.310;U34.310;U35.310;U36.310;U37.310;U38.310;U39.310",1.551,0.188,0.982829522617681,0.645,0.322,1.73686411274909,0.164,"none",TRUE,0.0352799892425537,NA
311,"model0",300,"small",5,0.12,0.388432693947107,0.230530360294506,1,1,1,0,16,1,0.341891551419972,0.450732710406201,"M0.1",16,"U1.311;U2.311;U3.311;U4.311;U5.311;U6.311;U7.311;U8.311;U9.311;U10.311;U11.311;U12.311;U13.311;U14.311;U15.311;U16.311",0.157,0.601,15.8260973083104,6.354,0,0.273857730272334,0.176,"none",FALSE,0.0343821048736572,NA
312,"model1",300,"small",5,0.21,0.3592734253034,0.221975751919672,1,1,1,0,29,1,0.593820225918846,0.495238611027594,"M1.1",29,"U1.312;U2.312;U3.312;U4.312;U5.312;U6.312;U7.312;U8.312;U9.312;U10.312;U11.312;U12.312;U13.312;U14.312;U15.312;U16.312;U17.312;U18.312;U19.312;U20.312;U21.312;U22.312;U23.312;U24.312;U25.312;U26.312;U27.312;U28.312;U29.312",0.487,0.237,6.06965615466371,2.055,0.014,1.3994854071337,0.295,"none",TRUE,0.036060094833374,NA
313,"model2",300,"small",5,0.13,0.229634199105203,0.291827229689807,1,1,1,0,43,1,0.631430026001045,0.704006150266747,"M2.1",43,"U1.313;U2.313;U3.313;U4.313;U5.313;U6.313;U7.313;U8.313;U9.313;U10.313;U11.313;U12.313;U13.313;U14.313;U15.313;U16.313;U17.313;U18.313;U19.313;U20.313;U21.313;U22.313;U23.313;U24.313;U25.313;U26.313;U27.313;U28.313;U29.313;U30.313;U31.313;U32.313;U33.313;U34.313;U35.313;U36.313;U37.313;U38.313;U39.313;U40.313;U41.313;U42.313;U43.313",-0.071,0.899,3.23523046732601,-14.162,0.072,0.0162302429294814,0.098,"none",TRUE,0.0394279956817627,NA
314,"model3",300,"small",5,0.23,0.419735651556402,0.17953307852149,1,1,1,0,6,1,0.18586764139807,0.2617743594915,"M3",6,"U1.314;U2.314;U3.314;U4.314;U5.314;U6.314",1.121,0,11.7966224805158,0.892,0.001,14.476509117076,-0.036,"T1->T2",FALSE,0.0258989334106445,NA
315,"model4",300,"small",5,0.26,0.44868581937626,0.233500253409147,1,1,1,0,47,1,0.659171812017647,0.645364888330035,"M4",47,"U1.315;U2.315;U3.315;U4.315;U5.315;U6.315;U7.315;U8.315;U9.315;U10.315;U11.315;U12.315;U13.315;U14.315;U15.315;U16.315;U17.315;U18.315;U19.315;U20.315;U21.315;U22.315;U23.315;U24.315;U25.315;U26.315;U27.315;U28.315;U29.315;U30.315;U31.315;U32.315;U33.315;U34.315;U35.315;U36.315;U37.315;U38.315;U39.315;U40.315;U41.315;U42.315;U43.315;U44.315;U45.315;U46.315;U47.315",1.149,0,16.2437821917007,0.871,0,19.9573761648545,0.229,"T1->T2",FALSE,0.025413990020752,NA
316,"model0",670,"small",5,0.1,0.230039224401116,0.288721942808479,1,1,1,3,49,1,0.627593519666421,0.669638862875192,"M0.1",49,"U1.316;U2.316;U3.316;U4.316;U5.316;U6.316;U7.316;U8.316;U9.316;U10.316;U11.316;U12.316;U13.316;U14.316;U15.316;U16.316;U17.316;U18.316;U19.316;U20.316;U21.316;U22.316;U23.316;U24.316;U25.316;U26.316;U27.316;U28.316;U29.316;U30.316;U31.316;U32.316;U33.316;U34.316;U35.316;U36.316;U37.316;U38.316;U39.316;U40.316;U41.316;U42.316;U43.316;U44.316;U45.316;U46.316;U47.316;U48.316;U49.316",0.087,0.791,9.71960047563206,11.444,0.002,0.07033406038342,-0.071,"none",TRUE,0.046558141708374,NA
317,"model1",670,"small",5,0.36,0.336095227114856,0.277155314572155,1,1,1,3,42,1,0.642971604664131,0.620629702417309,"M1.1",42,"U1.317;U2.317;U3.317;U4.317;U5.317;U6.317;U7.317;U8.317;U9.317;U10.317;U11.317;U12.317;U13.317;U14.317;U15.317;U16.317;U17.317;U18.317;U19.317;U20.317;U21.317;U22.317;U23.317;U24.317;U25.317;U26.317;U27.317;U28.317;U29.317;U30.317;U31.317;U32.317;U33.317;U34.317;U35.317;U36.317;U37.317;U38.317;U39.317;U40.317;U41.317;U42.317",0.214,0.383,18.0910790094303,4.68,0,0.760283281268234,0.45,"none",FALSE,0.0433571338653564,NA
318,"model2",670,"small",5,0.01,0.339691549539566,0.216250833729282,1,1,1,3,9,12,0.215854011209595,0.308366439827594,"M2.1",9,"U1.318;U2.318;U3.318;U4.318;U5.318;U6.318;U7.318;U8.318;U9.318",-0.381,0.523,2.5640038820629,-2.627,0.109,0.407613387846947,0.281,"none",TRUE,0.0430641174316406,NA
319,"model3",670,"small",5,0.48,0.437704361416399,0.231504203286022,1,1,1,3,38,1,0.526453849692156,0.589505631531742,"M3",38,"U1.319;U2.319;U3.319;U4.319;U5.319;U6.319;U7.319;U8.319;U9.319;U10.319;U11.319;U12.319;U13.319;U14.319;U15.319;U16.319;U17.319;U18.319;U19.319;U20.319;U21.319;U22.319;U23.319;U24.319;U25.319;U26.319;U27.319;U28.319;U29.319;U30.319;U31.319;U32.319;U33.319;U34.319;U35.319;U36.319;U37.319;U38.319",0.948,0,36.7267805326022,1.055,0,30.7452620736956,0.021,"T1->T2",FALSE,0.0480790138244629,NA
320,"model4",670,"small",5,0.22,0.471958116814494,0.127412486961111,1,1,1,3,3,1,0.138278460035093,0.118289589112343,"M4",3,"U1.320;U2.320;U3.320",1.325,0,38.2012501533594,0.755,0,63.0219585956791,0.211,"T1->T2",FALSE,0.0439689159393311,NA
321,"model0",1000,"small",5,0.16,0.246896552946419,0.161900305328891,1,1,1,0,6,1,0.125607109662918,0.203189712559486,"M0.1",6,"U1.321;U2.321;U3.321;U4.321;U5.321;U6.321",0.213,0.601,6.41171363159834,4.692,0.011,0.273496532872012,-0.069,"none",TRUE,0.0483901500701904,NA
322,"model1",1000,"small",5,0.09,0.487992711365223,0.136391608184204,1,1,1,0,12,1,0.292917700441479,0.383267680467554,"M1.1",12,"U1.322;U2.322;U3.322;U4.322;U5.322;U6.322;U7.322;U8.322;U9.322;U10.322;U11.322;U12.322",-0.123,0.633,17.5552741813538,-8.151,0,0.227523949819405,0.1,"none",FALSE,0.0499780178070068,NA
323,"model2",1000,"small",5,0.1,0.486094599496573,0.268936538882554,1,1,1,0,11,1,0.344724476181786,0.250767191941497,"M2.1",11,"U1.323;U2.323;U3.323;U4.323;U5.323;U6.323;U7.323;U8.323;U9.323;U10.323;U11.323",0.079,0.637,28.978366745531,12.595,0,0.222449087587281,0.205,"none",FALSE,0.0432651042938232,NA
324,"model3",1000,"small",5,0.45,0.273730724770576,0.214061451051384,1,1,1,0,20,1,0.421521558452772,0.394814690183055,"M3",20,"U1.324;U2.324;U3.324;U4.324;U5.324;U6.324;U7.324;U8.324;U9.324;U10.324;U11.324;U12.324;U13.324;U14.324;U15.324;U16.324;U17.324;U18.324;U19.324;U20.324",0.859,0,25.9582593859499,1.164,0,18.9177399912788,0.246,"T1->T2",FALSE,0.0457558631896973,NA
325,"model4",1000,"small",5,0.29,0.368091782182455,0.2351078893058,1,1,1,0,24,1,0.433122023120204,0.523808775851604,"M4",24,"U1.325;U2.325;U3.325;U4.325;U5.325;U6.325;U7.325;U8.325;U9.325;U10.325;U11.325;U12.325;U13.325;U14.325;U15.325;U16.325;U17.325;U18.325;U19.325;U20.325;U21.325;U22.325;U23.325;U24.325",1.068,0,57.7345622665293,0.937,0,45.5107418233117,0.382,"T1->T2",FALSE,0.0468430519104004,NA
326,"model0",50,"medium",5,0.11,0.785651216283441,0.441899642068893,1,1,1,0,44,1,0.895793808592604,0.969204059042569,"M0.1",44,"U1.326;U2.326;U3.326;U4.326;U5.326;U6.326;U7.326;U8.326;U9.326;U10.326;U11.326;U12.326;U13.326;U14.326;U15.326;U16.326;U17.326;U18.326;U19.326;U20.326;U21.326;U22.326;U23.326;U24.326;U25.326;U26.326;U27.326;U28.326;U29.326;U30.326;U31.326;U32.326;U33.326;U34.326;U35.326;U36.326;U37.326;U38.326;U39.326;U40.326;U41.326;U42.326;U43.326;U44.326",10.056,0.095,0.0325849099851078,0.099,0.857,2.78740911923825,0.058,"none",TRUE,0.0175409317016602,NA
327,"model1",50,"medium",5,0.05,0.862093877396546,0.430934137338772,1,1,1,0,25,32,0.506298158955765,0.815169495978202,"M1.1",25,"U1.327;U2.327;U3.327;U4.327;U5.327;U6.327;U7.327;U8.327;U9.327;U10.327;U11.327;U12.327;U13.327;U14.327;U15.327;U16.327;U17.327;U18.327;U19.327;U20.327;U21.327;U22.327;U23.327;U24.327;U25.327",1.056,0.051,4.75980497387379,0.947,0.029,3.81555615319328,0.638,"none",TRUE,0.0130960941314697,NA
328,"model2",50,"medium",5,0.15,0.564984601573087,0.32776393131353,1,1,1,0,29,1,0.751780620469813,0.608032065793418,"M2.1",29,"U1.328;U2.328;U3.328;U4.328;U5.328;U6.328;U7.328;U8.328;U9.328;U10.328;U11.328;U12.328;U13.328;U14.328;U15.328;U16.328;U17.328;U18.328;U19.328;U20.328;U21.328;U22.328;U23.328;U24.328;U25.328;U26.328;U27.328;U28.328;U29.328",0.306,0.449,4.50394192615599,3.263,0.034,0.57314497798529,0.287,"none",TRUE,0.0134038925170898,NA
329,"model3",50,"medium",5,0.39,0.677430070121773,0.405487453658134,1,1,1,0,6,1,0.117495957526407,0.253172826983721,"M3",6,"U1.329;U2.329;U3.329;U4.329;U5.329;U6.329",1.379,0.002,6.23946333083938,0.725,0.012,9.16632256520669,0.162,"none",TRUE,0.0217921733856201,NA
330,"model4",50,"medium",5,0.29,0.554572000866756,0.462425702484325,1,1,1,0,42,1,0.852887712912064,0.894031837835927,"M4",42,"U1.330;U2.330;U3.330;U4.330;U5.330;U6.330;U7.330;U8.330;U9.330;U10.330;U11.330;U12.330;U13.330;U14.330;U15.330;U16.330;U17.330;U18.330;U19.330;U20.330;U21.330;U22.330;U23.330;U24.330;U25.330;U26.330;U27.330;U28.330;U29.330;U30.330;U31.330;U32.330;U33.330;U34.330;U35.330;U36.330;U37.330;U38.330;U39.330;U40.330;U41.330;U42.330",1.444,0.037,4.02872249786645,0.692,0.045,4.37181069289297,0.543,"none",TRUE,0.0191080570220947,NA
331,"model0",150,"medium",5,0.29,0.988677700399421,0.456919868197292,1,1,1,0,50,1,0.772628475113305,0.754325616747356,"M0.1",50,"U1.331;U2.331;U3.331;U4.331;U5.331;U6.331;U7.331;U8.331;U9.331;U10.331;U11.331;U12.331;U13.331;U14.331;U15.331;U16.331;U17.331;U18.331;U19.331;U20.331;U21.331;U22.331;U23.331;U24.331;U25.331;U26.331;U27.331;U28.331;U29.331;U30.331;U31.331;U32.331;U33.331;U34.331;U35.331;U36.331;U37.331;U38.331;U39.331;U40.331;U41.331;U42.331;U43.331;U44.331;U45.331;U46.331;U47.331;U48.331;U49.331;U50.331",-0.266,0.215,22.3363621071806,-3.757,0,1.53683287612552,-0.048,"none",FALSE,0.0442879199981689,NA
332,"model1",150,"medium",5,0.12,0.868956995313056,0.452930174954236,1,1,1,0,26,1,0.567037236077973,0.61831868071303,"M1.1",26,"U1.332;U2.332;U3.332;U4.332;U5.332;U6.332;U7.332;U8.332;U9.332;U10.332;U11.332;U12.332;U13.332;U14.332;U15.332;U16.332;U17.332;U18.332;U19.332;U20.332;U21.332;U22.332;U23.332;U24.332;U25.332;U26.332",0.585,0.046,13.2642542277527,1.71,0,3.97137058434045,0.559,"T1->T2",FALSE,0.0334680080413818,NA
333,"model2",150,"medium",5,0.04,0.520051472005434,0.385328733082861,1,1,1,0,45,1,0.746213307211746,0.715167387160138,"M2.1",45,"U1.333;U2.333;U3.333;U4.333;U5.333;U6.333;U7.333;U8.333;U9.333;U10.333;U11.333;U12.333;U13.333;U14.333;U15.333;U16.333;U17.333;U18.333;U19.333;U20.333;U21.333;U22.333;U23.333;U24.333;U25.333;U26.333;U27.333;U28.333;U29.333;U30.333;U31.333;U32.333;U33.333;U34.333;U35.333;U36.333;U37.333;U38.333;U39.333;U40.333;U41.333;U42.333;U43.333;U44.333;U45.333",0.076,0.811,8.33396535664761,13.173,0.004,0.056954784525996,0.316,"none",TRUE,0.0332820415496826,NA
334,"model3",150,"medium",5,0.48,0.647355054155923,0.349213417526335,1,1,1,0,46,1,0.699206979972175,0.804408741763176,"M3",46,"U1.334;U2.334;U3.334;U4.334;U5.334;U6.334;U7.334;U8.334;U9.334;U10.334;U11.334;U12.334;U13.334;U14.334;U15.334;U16.334;U17.334;U18.334;U19.334;U20.334;U21.334;U22.334;U23.334;U24.334;U25.334;U26.334;U27.334;U28.334;U29.334;U30.334;U31.334;U32.334;U33.334;U34.334;U35.334;U36.334;U37.334;U38.334;U39.334;U40.334;U41.334;U42.334;U43.334;U44.334;U45.334;U46.334",1.418,0,11.3601831247417,0.705,0.001,20.5778566972915,-0.005,"T1->T2",FALSE,0.0563960075378418,NA
335,"model4",150,"medium",5,0.07,0.652295229607262,0.463059978652746,1,1,1,0,10,2,0.265907882877096,0.185963610740998,"M4",10,"U1.335;U2.335;U3.335;U4.335;U5.335;U6.335;U7.335;U8.335;U9.335;U10.335",1.376,0,9.55245411447409,0.727,0.002,16.0277743501082,0.563,"none",TRUE,0.0437471866607666,NA
336,"model0",300,"medium",5,0.02,0.612102164886892,0.439953333651647,1,1,1,0,3,14,0.120647628512647,0.0374743368659417,"M0.1",3,"U1.336;U2.336;U3.336",-0.609,0.277,3.07992083243755,-1.641,0.079,1.1816550289103,-0.061,"none",TRUE,0.025580883026123,NA
337,"model1",300,"medium",5,0.5,0.696263526449911,0.482585977576673,1,1,1,0,32,1,0.575164832162273,0.571745677253463,"M1.1",32,"U1.337;U2.337;U3.337;U4.337;U5.337;U6.337;U7.337;U8.337;U9.337;U10.337;U11.337;U12.337;U13.337;U14.337;U15.337;U16.337;U17.337;U18.337;U19.337;U20.337;U21.337;U22.337;U23.337;U24.337;U25.337;U26.337;U27.337;U28.337;U29.337;U30.337;U31.337;U32.337",0.768,0.001,25.3214570257358,1.303,0,11.1409369955765,0.417,"T1->T2",FALSE,0.0254380702972412,NA
338,"model2",300,"medium",5,0.04,0.807744842604734,0.387805817928165,1,1,1,0,37,3,0.514060910249976,0.615169494455605,"M2.1",37,"U1.338;U2.338;U3.338;U4.338;U5.338;U6.338;U7.338;U8.338;U9.338;U10.338;U11.338;U12.338;U13.338;U14.338;U15.338;U16.338;U17.338;U18.338;U19.338;U20.338;U21.338;U22.338;U23.338;U24.338;U25.338;U26.338;U27.338;U28.338;U29.338;U30.338;U31.338;U32.338;U33.338;U34.338;U35.338;U36.338;U37.338",-1.369,0.051,1.89523212414414,-0.73,0.169,3.79575747599758,0.208,"none",TRUE,0.0256309509277344,NA
339,"model3",300,"medium",5,0.31,0.539040077594109,0.332831191783771,1,1,1,0,11,1,0.339887450719166,0.305850501246079,"M3",11,"U1.339;U2.339;U3.339;U4.339;U5.339;U6.339;U7.339;U8.339;U9.339;U10.339;U11.339",0.922,0,14.7539982949671,1.085,0,14.2462600805095,0.08,"T1->T2",FALSE,0.027508020401001,NA
340,"model4",300,"medium",5,0.3,0.640611025504768,0.354678705940023,1,1,1,0,30,1,0.50350669082755,0.471655622360278,"M4",30,"U1.340;U2.340;U3.340;U4.340;U5.340;U6.340;U7.340;U8.340;U9.340;U10.340;U11.340;U12.340;U13.340;U14.340;U15.340;U16.340;U17.340;U18.340;U19.340;U20.340;U21.340;U22.340;U23.340;U24.340;U25.340;U26.340;U27.340;U28.340;U29.340;U30.340",1.126,0,18.9366755988096,0.888,0,18.4122115094625,0.306,"T1->T2",FALSE,0.0257301330566406,NA
341,"model0",670,"medium",5,0.19,0.99158855190035,0.403892083931714,1,1,1,3,24,1,0.364700211399671,0.427857987573411,"M0.1",24,"U1.341;U2.341;U3.341;U4.341;U5.341;U6.341;U7.341;U8.341;U9.341;U10.341;U11.341;U12.341;U13.341;U14.341;U15.341;U16.341;U17.341;U18.341;U19.341;U20.341;U21.341;U22.341;U23.341;U24.341",-0.062,0.513,124.672512525309,-16.187,0,0.428176255614228,-0.066,"none",FALSE,0.0437178611755371,NA
342,"model1",670,"medium",5,0.5,0.782303356332704,0.490349895879626,1,1,1,3,33,1,0.472371131805896,0.515383964326366,"M1.1",33,"U1.342;U2.342;U3.342;U4.342;U5.342;U6.342;U7.342;U8.342;U9.342;U10.342;U11.342;U12.342;U13.342;U14.342;U15.342;U16.342;U17.342;U18.342;U19.342;U20.342;U21.342;U22.342;U23.342;U24.342;U25.342;U26.342;U27.342;U28.342;U29.342;U30.342;U31.342;U32.342;U33.342",0.497,0,125.132737960978,2.012,0,27.6829797989879,0.379,"T1->T2",FALSE,0.0446450710296631,NA
343,"model2",670,"medium",5,0.11,0.946504951571114,0.426378464046866,1,1,1,3,7,1,0.248337170117045,0.165388174680474,"M2.1",7,"U1.343;U2.343;U3.343;U4.343;U5.343;U6.343;U7.343",0.065,0.5,73.4944112190396,15.335,0,0.45450483949063,0.387,"none",FALSE,0.0428729057312012,NA
344,"model3",670,"medium",5,0.5,0.686476711300202,0.45111028868705,1,1,1,3,43,1,0.546015727352526,0.612908653943537,"M3",43,"U1.344;U2.344;U3.344;U4.344;U5.344;U6.344;U7.344;U8.344;U9.344;U10.344;U11.344;U12.344;U13.344;U14.344;U15.344;U16.344;U17.344;U18.344;U19.344;U20.344;U21.344;U22.344;U23.344;U24.344;U25.344;U26.344;U27.344;U28.344;U29.344;U30.344;U31.344;U32.344;U33.344;U34.344;U35.344;U36.344;U37.344;U38.344;U39.344;U40.344;U41.344;U42.344;U43.344",0.642,0,73.7329751867462,1.558,0,30.8766514036449,0.098,"T1->T2",FALSE,0.0414688587188721,NA
345,"model4",670,"medium",5,0.22,0.675358287408017,0.42949670064263,1,1,1,3,25,1,0.432783942541338,0.461012384873429,"M4",25,"U1.345;U2.345;U3.345;U4.345;U5.345;U6.345;U7.345;U8.345;U9.345;U10.345;U11.345;U12.345;U13.345;U14.345;U15.345;U16.345;U17.345;U18.345;U19.345;U20.345;U21.345;U22.345;U23.345;U24.345;U25.345",1.21,0,71.4430131909419,0.827,0,75.3269618450026,0.497,"T1->T2",FALSE,0.0392959117889404,NA
346,"model0",1000,"medium",5,0.01,0.89361892233137,0.314813398150727,1,1,1,0,1,6,0.0107993041200879,0.0954851244503269,"M0.1",1,"U1.346",0.138,0.647,12.1747654586059,7.259,0,0.209831422668329,-0.096,"none",FALSE,0.048781156539917,NA
347,"model1",1000,"medium",5,0.38,0.59289460000582,0.418016190454364,1,1,1,0,11,1,0.242213681030127,0.285545703586477,"M1.1",11,"U1.347;U2.347;U3.347;U4.347;U5.347;U6.347;U7.347;U8.347;U9.347;U10.347;U11.347",0.398,0.001,91.5851763418869,2.512,0,11.8756005807042,0.392,"T1->T2",FALSE,0.0506880283355713,NA
348,"model2",1000,"medium",5,0.19,0.94547326292377,0.326182885700837,1,1,1,0,42,1,0.539597731218759,0.571532012525881,"M2.1",42,"U1.348;U2.348;U3.348;U4.348;U5.348;U6.348;U7.348;U8.348;U9.348;U10.348;U11.348;U12.348;U13.348;U14.348;U15.348;U16.348;U17.348;U18.348;U19.348;U20.348;U21.348;U22.348;U23.348;U24.348;U25.348;U26.348;U27.348;U28.348;U29.348;U30.348;U31.348;U32.348;U33.348;U34.348;U35.348;U36.348;U37.348;U38.348;U39.348;U40.348;U41.348;U42.348",-0.229,0.021,87.8570667620331,-4.374,0,5.33799644010275,0.216,"T1->T2",FALSE,0.0505249500274658,NA
349,"model3",1000,"medium",5,0.21,0.779956030193716,0.396427351981401,1,1,1,0,19,1,0.372273982502244,0.305885615299273,"M3",19,"U1.349;U2.349;U3.349;U4.349;U5.349;U6.349;U7.349;U8.349;U9.349;U10.349;U11.349;U12.349;U13.349;U14.349;U15.349;U16.349;U17.349;U18.349;U19.349",0.939,0,103.343487496011,1.065,0,89.6174856733939,0.211,"T1->T2",FALSE,0.0420310497283936,NA
350,"model4",1000,"medium",5,0.35,0.823474544798955,0.492683643987402,1,1,1,0,15,1,0.314549420801261,0.275528204691399,"M4",15,"U1.350;U2.350;U3.350;U4.350;U5.350;U6.350;U7.350;U8.350;U9.350;U10.350;U11.350;U12.350;U13.350;U14.350;U15.350",1.592,0,161.082817170895,0.628,0,345.549965721466,0.503,"T1->T2",FALSE,0.0398080348968506,NA
351,"model0",50,"large",5,0.17,1.21973741834518,0.700744165224023,1,1,1,0,31,1,0.737633641560414,0.914412727011795,"M0.1",31,"U1.351;U2.351;U3.351;U4.351;U5.351;U6.351;U7.351;U8.351;U9.351;U10.351;U11.351;U12.351;U13.351;U14.351;U15.351;U16.351;U17.351;U18.351;U19.351;U20.351;U21.351;U22.351;U23.351;U24.351;U25.351;U26.351;U27.351;U28.351;U29.351;U30.351;U31.351",0.185,0.617,8.80844754803355,5.398,0.003,0.25018576810633,0.049,"none",TRUE,0.0188100337982178,NA
352,"model1",50,"large",5,0.13,1.12288837914821,0.945778552559204,1,1,1,0,5,2,0.239297484498485,0.318821807631488,"M1.1",5,"U1.352;U2.352;U3.352;U4.352;U5.352",0.964,0.002,13.8944452042418,1.037,0,9.22943955364816,0.81,"T1->T2",FALSE,0.0186741352081299,NA
353,"model2",50,"large",5,0.27,1.4836052050814,0.502976350369863,1,1,1,0,28,1,0.559618821582521,0.833232114627213,"M2.1",28,"U1.353;U2.353;U3.353;U4.353;U5.353;U6.353;U7.353;U8.353;U9.353;U10.353;U11.353;U12.353;U13.353;U14.353;U15.353;U16.353;U17.353;U18.353;U19.353;U20.353;U21.353;U22.353;U23.353;U24.353;U25.353;U26.353;U27.353;U28.353",0.017,0.899,29.3906007925608,57.724,0,0.0162042406640336,0.266,"none",FALSE,0.0179288387298584,NA
354,"model3",50,"large",5,0.39,1.09472914866637,0.93441512924619,1,1,1,0,15,1,0.42985067536128,0.452578066463968,"M3",15,"U1.354;U2.354;U3.354;U4.354;U5.354;U6.354;U7.354;U8.354;U9.354;U10.354;U11.354;U12.354;U13.354;U14.354;U15.354",0.978,0.001,13.474905083719,1.023,0,10.7675393414046,0.052,"T1->T2",FALSE,0.0145668983459473,NA
355,"model4",50,"large",5,0.11,1.32390675193164,0.763658636482432,1,1,1,0,30,2,0.750450446232005,0.779890525615643,"M4",30,"U1.355;U2.355;U3.355;U4.355;U5.355;U6.355;U7.355;U8.355;U9.355;U10.355;U11.355;U12.355;U13.355;U14.355;U15.355;U16.355;U17.355;U18.355;U19.355;U20.355;U21.355;U22.355;U23.355;U24.355;U25.355;U26.355;U27.355;U28.355;U29.355;U30.355",1.971,0,14.8835016771538,0.507,0,31.2716107552449,0.748,"T1->T2",FALSE,0.0117819309234619,NA
356,"model0",150,"large",5,0.28,1.24332538736053,0.848574356874451,1,1,1,0,45,1,0.649977698197377,0.711499310548997,"M0.1",45,"U1.356;U2.356;U3.356;U4.356;U5.356;U6.356;U7.356;U8.356;U9.356;U10.356;U11.356;U12.356;U13.356;U14.356;U15.356;U16.356;U17.356;U18.356;U19.356;U20.356;U21.356;U22.356;U23.356;U24.356;U25.356;U26.356;U27.356;U28.356;U29.356;U30.356;U31.356;U32.356;U33.356;U34.356;U35.356;U36.356;U37.356;U38.356;U39.356;U40.356;U41.356;U42.356;U43.356;U44.356;U45.356",-0.031,0.866,24.5055704894592,-31.869,0,0.0282621239953348,-0.158,"none",FALSE,0.0341968536376953,NA
357,"model1",150,"large",5,0.16,1.35561236436479,0.999273066991009,1,1,1,0,42,1,0.571516426497438,0.672808279391682,"M1.1",42,"U1.357;U2.357;U3.357;U4.357;U5.357;U6.357;U7.357;U8.357;U9.357;U10.357;U11.357;U12.357;U13.357;U14.357;U15.357;U16.357;U17.357;U18.357;U19.357;U20.357;U21.357;U22.357;U23.357;U24.357;U25.357;U26.357;U27.357;U28.357;U29.357;U30.357;U31.357;U32.357;U33.357;U34.357;U35.357;U36.357;U37.357;U38.357;U39.357;U40.357;U41.357;U42.357",1.195,0,25.2563425664447,0.837,0,14.8943594837959,0.804,"T1->T2",FALSE,0.0513920783996582,NA
358,"model2",150,"large",5,0.41,1.19684959598817,0.571188373723999,1,1,1,0,45,1,0.590790928492903,0.702138012347946,"M2.1",45,"U1.358;U2.358;U3.358;U4.358;U5.358;U6.358;U7.358;U8.358;U9.358;U10.358;U11.358;U12.358;U13.358;U14.358;U15.358;U16.358;U17.358;U18.358;U19.358;U20.358;U21.358;U22.358;U23.358;U24.358;U25.358;U26.358;U27.358;U28.358;U29.358;U30.358;U31.358;U32.358;U33.358;U34.358;U35.358;U36.358;U37.358;U38.358;U39.358;U40.358;U41.358;U42.358;U43.358;U44.358;U45.358",-0.116,0.411,35.3014707249415,-8.635,0,0.675942134319068,0.443,"none",FALSE,0.0342397689819336,NA
359,"model3",150,"large",5,0.28,1.07038469193503,0.853479148936458,1,1,1,0,44,1,0.65707430568187,0.596578802889842,"M3",44,"U1.359;U2.359;U3.359;U4.359;U5.359;U6.359;U7.359;U8.359;U9.359;U10.359;U11.359;U12.359;U13.359;U14.359;U15.359;U16.359;U17.359;U18.359;U19.359;U20.359;U21.359;U22.359;U23.359;U24.359;U25.359;U26.359;U27.359;U28.359;U29.359;U30.359;U31.359;U32.359;U33.359;U34.359;U35.359;U36.359;U37.359;U38.359;U39.359;U40.359;U41.359;U42.359;U43.359;U44.359",1.516,0,7.02880661201643,0.659,0.008,19.0231230333631,0.24,"none",TRUE,0.0469410419464111,NA
360,"model4",150,"large",5,0.31,1.09200380789116,0.619512850302272,1,1,1,0,2,1,0.0379291991278252,0.0122945027827274,"M4",2,"U1.360;U2.360",1.676,0,60.0933354721894,0.597,0,142.106729884222,0.738,"T1->T2",FALSE,0.0340230464935303,NA
361,"model0",300,"large",5,0.04,1.3369553363882,0.624919227091596,1,1,1,0,13,3,0.276084262915173,0.465612879541507,"M0.1",13,"U1.361;U2.361;U3.361;U4.361;U5.361;U6.361;U7.361;U8.361;U9.361;U10.361;U11.361;U12.361;U13.361",-0.197,0.331,32.2897817467655,-5.071,0,0.94336420261071,0.094,"none",FALSE,0.0256149768829346,NA
362,"model1",300,"large",5,0.47,1.24760011956096,0.587221173918806,1,1,1,0,1,1,4.91923486408068e-05,0.0329603324911408,"M1.1",1,"U1.362",0.652,0,249.765565687231,1.534,0,60.0795880148008,0.695,"T1->T2",FALSE,0.0262367725372314,NA
363,"model2",300,"large",5,0.2,1.13605528871994,0.762680870830081,1,1,1,0,43,1,0.611835500126939,0.662137860254638,"M2.1",43,"U1.363;U2.363;U3.363;U4.363;U5.363;U6.363;U7.363;U8.363;U9.363;U10.363;U11.363;U12.363;U13.363;U14.363;U15.363;U16.363;U17.363;U18.363;U19.363;U20.363;U21.363;U22.363;U23.363;U24.363;U25.363;U26.363;U27.363;U28.363;U29.363;U30.363;U31.363;U32.363;U33.363;U34.363;U35.363;U36.363;U37.363;U38.363;U39.363;U40.363;U41.363;U42.363;U43.363",-0.392,0.078,10.8209952116718,-2.554,0.001,3.10528867537754,0.533,"none",FALSE,0.0261919498443604,NA
364,"model3",300,"large",5,0.29,1.27623474167194,0.602997409296222,1,1,1,0,44,1,0.592274414418326,0.484226936450479,"M3",44,"U1.364;U2.364;U3.364;U4.364;U5.364;U6.364;U7.364;U8.364;U9.364;U10.364;U11.364;U12.364;U13.364;U14.364;U15.364;U16.364;U17.364;U18.364;U19.364;U20.364;U21.364;U22.364;U23.364;U24.364;U25.364;U26.364;U27.364;U28.364;U29.364;U30.364;U31.364;U32.364;U33.364;U34.364;U35.364;U36.364;U37.364;U38.364;U39.364;U40.364;U41.364;U42.364;U43.364;U44.364",1.199,0,86.055005662948,0.834,0,138.086683363085,0.394,"T1->T2",FALSE,0.0256829261779785,NA
365,"model4",300,"large",5,0.17,1.19885084789712,0.743517480790615,1,1,1,0,25,1,0.428193664350235,0.412358059391394,"M4",25,"U1.365;U2.365;U3.365;U4.365;U5.365;U6.365;U7.365;U8.365;U9.365;U10.365;U11.365;U12.365;U13.365;U14.365;U15.365;U16.365;U17.365;U18.365;U19.365;U20.365;U21.365;U22.365;U23.365;U24.365;U25.365",2.099,0,47.6605830722591,0.476,0,140.984921712626,0.703,"T1->T2",FALSE,0.036052942276001,NA
366,"model0",670,"large",5,0.01,1.14104216685519,0.889463026309386,1,1,1,3,46,6,0.653946151706929,0.631053943916151,"M0.1",46,"U1.366;U2.366;U3.366;U4.366;U5.366;U6.366;U7.366;U8.366;U9.366;U10.366;U11.366;U12.366;U13.366;U14.366;U15.366;U16.366;U17.366;U18.366;U19.366;U20.366;U21.366;U22.366;U23.366;U24.366;U25.366;U26.366;U27.366;U28.366;U29.366;U30.366;U31.366;U32.366;U33.366;U34.366;U35.366;U36.366;U37.366;U38.366;U39.366;U40.366;U41.366;U42.366;U43.366;U44.366;U45.366;U46.366",0.064,0.897,4.37118666474953,15.632,0.037,0.0169161993569992,0.085,"none",TRUE,0.0510520935058594,NA
367,"model1",670,"large",5,0.22,1.38561256276444,0.634119805064984,1,1,1,3,2,1,0.0252273228604371,0.0428062651539496,"M1.1",2,"U1.367;U2.367",0.536,0,526.77534609095,1.864,0,98.8679768678072,0.521,"T1->T2",FALSE,0.0456440448760986,NA
368,"model2",670,"large",5,0.39,1.43776495114435,0.923987127607688,1,1,1,3,39,1,0.456202978578289,0.583072267734822,"M2.1",39,"U1.368;U2.368;U3.368;U4.368;U5.368;U6.368;U7.368;U8.368;U9.368;U10.368;U11.368;U12.368;U13.368;U14.368;U15.368;U16.368;U17.368;U18.368;U19.368;U20.368;U21.368;U22.368;U23.368;U24.368;U25.368;U26.368;U27.368;U28.368;U29.368;U30.368;U31.368;U32.368;U33.368;U34.368;U35.368;U36.368;U37.368;U38.368;U39.368",0.003,0.96,142.917363622147,338.299,0,0.00245842888881071,0.631,"none",FALSE,0.0466091632843018,NA
369,"model3",670,"large",5,0.5,1.25928266730625,0.827240985818207,1,1,1,3,25,1,0.390533808341643,0.360465412148951,"M3",25,"U1.369;U2.369;U3.369;U4.369;U5.369;U6.369;U7.369;U8.369;U9.369;U10.369;U11.369;U12.369;U13.369;U14.369;U15.369;U16.369;U17.369;U18.369;U19.369;U20.369;U21.369;U22.369;U23.369;U24.369;U25.369",1.038,0,300.759674265295,0.963,0,327.110972956771,0.354,"T1->T2",FALSE,0.0442688465118408,NA
370,"model4",670,"large",5,0.2,1.33595041115768,0.651514163357206,1,1,1,3,18,1,0.328998440306549,0.371204451916081,"M4",18,"U1.370;U2.370;U3.370;U4.370;U5.370;U6.370;U7.370;U8.370;U9.370;U10.370;U11.370;U12.370;U13.370;U14.370;U15.370;U16.370;U17.370;U18.370",1.73,0,212.823298239278,0.578,0,333.063051372779,0.657,"T1->T2",FALSE,0.0465970039367676,NA
371,"model0",1000,"large",5,0.29,1.17194864433259,0.860687259002589,1,1,1,0,35,1,0.40817377598622,0.485087037413836,"M0.1",35,"U1.371;U2.371;U3.371;U4.371;U5.371;U6.371;U7.371;U8.371;U9.371;U10.371;U11.371;U12.371;U13.371;U14.371;U15.371;U16.371;U17.371;U18.371;U19.371;U20.371;U21.371;U22.371;U23.371;U24.371;U25.371;U26.371;U27.371;U28.371;U29.371;U30.371;U31.371;U32.371;U33.371;U34.371;U35.371",0.032,0.571,296.405697143508,31.274,0,0.320780979743182,0.035,"none",FALSE,0.0399429798126221,NA
372,"model1",1000,"large",5,0.14,1.30273025925271,0.629313683952205,1,1,1,0,18,1,0.239901906121986,0.385024821846288,"M1.1",18,"U1.372;U2.372;U3.372;U4.372;U5.372;U6.372;U7.372;U8.372;U9.372;U10.372;U11.372;U12.372;U13.372;U14.372;U15.372;U16.372;U17.372;U18.372",0.703,0,254.069317221691,1.423,0,72.4358066279605,0.598,"T1->T2",FALSE,0.0388998985290527,NA
373,"model2",1000,"large",5,0.02,1.0204541310668,0.818527924478985,1,1,1,0,31,3,0.412962964131739,0.519739164405888,"M2.1",31,"U1.373;U2.373;U3.373;U4.373;U5.373;U6.373;U7.373;U8.373;U9.373;U10.373;U11.373;U12.373;U13.373;U14.373;U15.373;U16.373;U17.373;U18.373;U19.373;U20.373;U21.373;U22.373;U23.373;U24.373;U25.373;U26.373;U27.373;U28.373;U29.373;U30.373;U31.373",0.137,0.558,13.303390915131,7.321,0,0.343653166623603,0.478,"none",FALSE,0.0411360263824463,NA
374,"model3",1000,"large",5,0.04,1.24504531593993,0.561458788462915,1,1,1,0,6,1,0.212867424425469,0.151787350371514,"M3",6,"U1.374;U2.374;U3.374;U4.374;U5.374;U6.374",0.891,0,133.277427371377,1.122,0,123.084553566101,0.253,"T1->T2",FALSE,0.043877124786377,NA
375,"model4",1000,"large",5,0.09,1.34593482094351,0.937394371838309,1,1,1,0,40,1,0.545996704513263,0.443266271287717,"M4",40,"U1.375;U2.375;U3.375;U4.375;U5.375;U6.375;U7.375;U8.375;U9.375;U10.375;U11.375;U12.375;U13.375;U14.375;U15.375;U16.375;U17.375;U18.375;U19.375;U20.375;U21.375;U22.375;U23.375;U24.375;U25.375;U26.375;U27.375;U28.375;U29.375;U30.375;U31.375;U32.375;U33.375;U34.375;U35.375;U36.375;U37.375;U38.375;U39.375;U40.375",2.242,0,72.2724094531377,0.446,0,231.504521833486,0.648,"T1->T2",FALSE,0.0448369979858398,NA
376,"model0",50,"small",6,0.01,0.490473207551986,0.270032082684338,1,1,1,0,2,131,0.116017473750898,0.00930068121441206,"M0.1",2,"U1.376;U2.376",-1.678,0.529,0.118275777883441,-0.596,0.731,0.396340810666074,0.074,"none",TRUE,0.0236430168151855,NA
377,"model1",50,"small",6,0.11,0.231339938659221,0.144535680580884,1,1,1,0,39,5,0.881815602858508,0.865107423392654,"M1.1",39,"U1.377;U2.377;U3.377;U4.377;U5.377;U6.377;U7.377;U8.377;U9.377;U10.377;U11.377;U12.377;U13.377;U14.377;U15.377;U16.377;U17.377;U18.377;U19.377;U20.377;U21.377;U22.377;U23.377;U24.377;U25.377;U26.377;U27.377;U28.377;U29.377;U30.377;U31.377;U32.377;U33.377;U34.377;U35.377;U36.377;U37.377;U38.377;U39.377",-0.126,0.887,0.900440699500774,-7.954,0.343,0.0201238018330301,0.01,"none",TRUE,0.0123040676116943,NA
378,"model2",50,"small",6,0.31,0.265599343087524,0.248561946582049,1,1,1,0,6,1,0.157668581746871,0.261069953473627,"M2.1",6,"U1.378;U2.378;U3.378;U4.378;U5.378;U6.378",0.41,0.361,4.77506535797495,2.438,0.029,0.832899966235678,0.197,"none",TRUE,0.0189311504364014,NA
379,"model3",50,"small",6,0.32,0.343035917729139,0.262623621616513,1,1,1,0,25,1,0.547409599523923,0.784010475382714,"M3",25,"U1.379;U2.379;U3.379;U4.379;U5.379;U6.379;U7.379;U8.379;U9.379;U10.379;U11.379;U12.379;U13.379;U14.379;U15.379;U16.379;U17.379;U18.379;U19.379;U20.379;U21.379;U22.379;U23.379;U24.379;U25.379",1.437,0.068,1.59932529822952,0.696,0.206,3.34218827221979,0.033,"none",TRUE,0.012965202331543,NA
380,"model4",50,"small",6,0.23,0.464495921134949,0.20943266809918,1,1,1,0,22,1,0.734686589151191,0.693500528253811,"M4",22,"U1.380;U2.380;U3.380;U4.380;U5.380;U6.380;U7.380;U8.380;U9.380;U10.380;U11.380;U12.380;U13.380;U14.380;U15.380;U16.380;U17.380;U18.380;U19.380;U20.380;U21.380;U22.380",2.24,0.247,0.164881718312169,0.446,0.685,1.33931244493731,-0.137,"none",TRUE,0.0206658840179443,NA
381,"model0",150,"small",6,0.15,0.49853205094114,0.29130028099753,1,1,1,0,19,1,0.449133311389196,0.398652454967005,"M0.1",19,"U1.381;U2.381;U3.381;U4.381;U5.381;U6.381;U7.381;U8.381;U9.381;U10.381;U11.381;U12.381;U13.381;U14.381;U15.381;U16.381;U17.381;U18.381;U19.381",0.233,0.719,1.76467722943656,4.288,0.184,0.12966550229492,-0.04,"none",TRUE,0.0391411781311035,NA
382,"model1",150,"small",6,0.23,0.379687076248229,0.221237969119102,1,1,1,0,46,1,0.727414941817385,0.703608200480979,"M1.1",46,"U1.382;U2.382;U3.382;U4.382;U5.382;U6.382;U7.382;U8.382;U9.382;U10.382;U11.382;U12.382;U13.382;U14.382;U15.382;U16.382;U17.382;U18.382;U19.382;U20.382;U21.382;U22.382;U23.382;U24.382;U25.382;U26.382;U27.382;U28.382;U29.382;U30.382;U31.382;U32.382;U33.382;U34.382;U35.382;U36.382;U37.382;U38.382;U39.382;U40.382;U41.382;U42.382;U43.382;U44.382;U45.382;U46.382",-0.732,0.194,2.93129534983366,-1.366,0.087,1.68604558820857,-0.035,"none",TRUE,0.0361089706420898,NA
383,"model2",150,"small",6,0.45,0.196258139330894,0.191300161043182,1,1,1,0,42,1,0.743318784242713,0.637122978252277,"M2.1",42,"U1.383;U2.383;U3.383;U4.383;U5.383;U6.383;U7.383;U8.383;U9.383;U10.383;U11.383;U12.383;U13.383;U14.383;U15.383;U16.383;U17.383;U18.383;U19.383;U20.383;U21.383;U22.383;U23.383;U24.383;U25.383;U26.383;U27.383;U28.383;U29.383;U30.383;U31.383;U32.383;U33.383;U34.383;U35.383;U36.383;U37.383;U38.383;U39.383;U40.383;U41.383;U42.383",-2.207,0.112,0.494171625342843,-0.453,0.482,2.52225022850041,0.161,"none",TRUE,0.0394351482391357,NA
384,"model3",150,"small",6,0.31,0.160137547273189,0.135286257555708,1,1,1,0,47,1,0.789840716294551,0.704071090101828,"M3",47,"U1.384;U2.384;U3.384;U4.384;U5.384;U6.384;U7.384;U8.384;U9.384;U10.384;U11.384;U12.384;U13.384;U14.384;U15.384;U16.384;U17.384;U18.384;U19.384;U20.384;U21.384;U22.384;U23.384;U24.384;U25.384;U26.384;U27.384;U28.384;U29.384;U30.384;U31.384;U32.384;U33.384;U34.384;U35.384;U36.384;U37.384;U38.384;U39.384;U40.384;U41.384;U42.384;U43.384;U44.384;U45.384;U46.384;U47.384",-0.043,0.909,7.32938257849473,-23.046,0.007,0.0129887516375045,0.209,"none",TRUE,0.0416281223297119,NA
385,"model4",150,"small",6,0.21,0.176760177873075,0.196060528932139,1,1,1,0,40,1,0.725468180306909,0.711278515724018,"M4",40,"U1.385;U2.385;U3.385;U4.385;U5.385;U6.385;U7.385;U8.385;U9.385;U10.385;U11.385;U12.385;U13.385;U14.385;U15.385;U16.385;U17.385;U18.385;U19.385;U20.385;U21.385;U22.385;U23.385;U24.385;U25.385;U26.385;U27.385;U28.385;U29.385;U30.385;U31.385;U32.385;U33.385;U34.385;U35.385;U36.385;U37.385;U38.385;U39.385;U40.385",0.699,0.182,3.15142398885552,1.43,0.076,1.78303613247568,0.319,"none",TRUE,0.0316760540008545,NA
386,"model0",300,"small",6,0.11,0.309552445076406,0.244673337088898,1,1,1,0,1,1,0.0702078162720544,0.00412173783700319,"M0.1",1,"U1.386",-0.514,0.279,4.68528742802649,-1.946,0.03,1.17084272704968,0.078,"none",TRUE,0.0273151397705078,NA
387,"model1",300,"small",6,0.01,0.423732336051762,0.127809834387153,1,1,1,0,2,11,0.0686947917464689,0.0269280303773062,"M1.1",2,"U1.387;U2.387",0.69,0.27,2.53365566039605,1.45,0.111,1.21615049560349,0.072,"none",TRUE,0.0265569686889648,NA
388,"model2",300,"small",6,0.2,0.470256645511836,0.14516180139035,1,1,1,0,43,1,0.648053465773062,0.62862737406366,"M2.1",43,"U1.388;U2.388;U3.388;U4.388;U5.388;U6.388;U7.388;U8.388;U9.388;U10.388;U11.388;U12.388;U13.388;U14.388;U15.388;U16.388;U17.388;U18.388;U19.388;U20.388;U21.388;U22.388;U23.388;U24.388;U25.388;U26.388;U27.388;U28.388;U29.388;U30.388;U31.388;U32.388;U33.388;U34.388;U35.388;U36.388;U37.388;U38.388;U39.388;U40.388;U41.388;U42.388;U43.388",0.208,0.369,14.0962618961953,4.817,0,0.808355318936226,0.251,"none",FALSE,0.0297751426696777,NA
389,"model3",300,"small",6,0.04,0.376386510580778,0.20629594665952,1,1,1,0,28,2,0.55088679973362,0.50671761287299,"M3",28,"U1.389;U2.389;U3.389;U4.389;U5.389;U6.389;U7.389;U8.389;U9.389;U10.389;U11.389;U12.389;U13.389;U14.389;U15.389;U16.389;U17.389;U18.389;U19.389;U20.389;U21.389;U22.389;U23.389;U24.389;U25.389;U26.389;U27.389;U28.389",1.055,0.263,1.25577007856241,0.948,0.262,1.25084338409709,-0.082,"none",TRUE,0.0270280838012695,NA
390,"model4",300,"small",6,0.22,0.490709586907178,0.192220379551873,1,1,1,0,30,1,0.573656430944057,0.625344846500086,"M4",30,"U1.390;U2.390;U3.390;U4.390;U5.390;U6.390;U7.390;U8.390;U9.390;U10.390;U11.390;U12.390;U13.390;U14.390;U15.390;U16.390;U17.390;U18.390;U19.390;U20.390;U21.390;U22.390;U23.390;U24.390;U25.390;U26.390;U27.390;U28.390;U29.390;U30.390",1.351,0.001,7.16854927481816,0.74,0.007,10.9630114761311,0.221,"none",TRUE,0.0371577739715576,NA
391,"model0",670,"small",6,0.31,0.163524853251874,0.176246980763972,1,1,1,3,35,1,0.580871698765017,0.576759618229603,"M0.1",35,"U1.391;U2.391;U3.391;U4.391;U5.391;U6.391;U7.391;U8.391;U9.391;U10.391;U11.391;U12.391;U13.391;U14.391;U15.391;U16.391;U17.391;U18.391;U19.391;U20.391;U21.391;U22.391;U23.391;U24.391;U25.391;U26.391;U27.391;U28.391;U29.391;U30.391;U31.391;U32.391;U33.391;U34.391;U35.391",0.308,0.578,3.60622101591521,3.242,0.058,0.308890522433295,0.027,"none",TRUE,0.0483369827270508,NA
392,"model1",670,"small",6,0.03,0.108567876834422,0.265585764450952,1,1,1,3,42,1,0.644655413577343,0.566349897770268,"M1.1",42,"U1.392;U2.392;U3.392;U4.392;U5.392;U6.392;U7.392;U8.392;U9.392;U10.392;U11.392;U12.392;U13.392;U14.392;U15.392;U16.392;U17.392;U18.392;U19.392;U20.392;U21.392;U22.392;U23.392;U24.392;U25.392;U26.392;U27.392;U28.392;U29.392;U30.392;U31.392;U32.392;U33.392;U34.392;U35.392;U36.392;U37.392;U38.392;U39.392;U40.392;U41.392;U42.392",-3.107,0.139,0.232632151359836,-0.322,0.63,2.19131625387591,0.135,"none",TRUE,0.0457329750061035,NA
393,"model2",670,"small",6,0.25,0.381698684953153,0.114509587548673,1,1,1,3,13,1,0.266221349918432,0.423462571202884,"M2.1",13,"U1.393;U2.393;U3.393;U4.393;U5.393;U6.393;U7.393;U8.393;U9.393;U10.393;U11.393;U12.393;U13.393",-0.249,0.145,43.4978568514142,-4.02,0,2.12245078129527,0.129,"none",FALSE,0.0477840900421143,NA
394,"model3",670,"small",6,0.14,0.158760332781822,0.274418316641822,1,1,1,3,50,1,0.669788504506492,0.68135382853074,"M3",50,"U1.394;U2.394;U3.394;U4.394;U5.394;U6.394;U7.394;U8.394;U9.394;U10.394;U11.394;U12.394;U13.394;U14.394;U15.394;U16.394;U17.394;U18.394;U19.394;U20.394;U21.394;U22.394;U23.394;U24.394;U25.394;U26.394;U27.394;U28.394;U29.394;U30.394;U31.394;U32.394;U33.394;U34.394;U35.394;U36.394;U37.394;U38.394;U39.394;U40.394;U41.394;U42.394;U43.394;U44.394;U45.394;U46.394;U47.394;U48.394;U49.394;U50.394",-0.283,0.834,0.547339647731275,-3.531,0.459,0.0438185222731498,-0.069,"none",TRUE,0.0512781143188477,NA
395,"model4",670,"small",6,0.09,0.134172270260751,0.267255728505552,1,1,1,3,22,1,0.377164246029429,0.458844696142491,"M4",22,"U1.395;U2.395;U3.395;U4.395;U5.395;U6.395;U7.395;U8.395;U9.395;U10.395;U11.395;U12.395;U13.395;U14.395;U15.395;U16.395;U17.395;U18.395;U19.395;U20.395;U21.395;U22.395",-1.751,0.4,0.27705523829068,-0.571,0.599,0.707296926078741,0.109,"none",TRUE,0.0537018775939941,NA
396,"model0",1000,"small",6,0.24,0.150352037418634,0.288484633341432,1,1,1,0,29,1,0.517816431910812,0.445220653202501,"M0.1",29,"U1.396;U2.396;U3.396;U4.396;U5.396;U6.396;U7.396;U8.396;U9.396;U10.396;U11.396;U12.396;U13.396;U14.396;U15.396;U16.396;U17.396;U18.396;U19.396;U20.396;U21.396;U22.396;U23.396;U24.396;U25.396;U26.396;U27.396;U28.396;U29.396",-1.681,0.344,0.303292452424124,-0.595,0.582,0.894638049442203,0.073,"none",TRUE,0.0541760921478271,NA
397,"model1",1000,"small",6,0.17,0.21457084454596,0.198082413198426,1,1,1,0,16,1,0.310262362601602,0.385101618493127,"M1.1",16,"U1.397;U2.397;U3.397;U4.397;U5.397;U6.397;U7.397;U8.397;U9.397;U10.397;U11.397;U12.397;U13.397;U14.397;U15.397;U16.397",-0.105,0.718,13.0227026129879,-9.499,0,0.130061465874461,0.101,"none",FALSE,0.0553059577941895,NA
398,"model2",1000,"small",6,0.22,0.265226013213396,0.213901450438425,1,1,1,0,17,1,0.411753318580915,0.418170623900408,"M2.1",17,"U1.398;U2.398;U3.398;U4.398;U5.398;U6.398;U7.398;U8.398;U9.398;U10.398;U11.398;U12.398;U13.398;U14.398;U15.398;U16.398;U17.398",0.032,0.9,14.1134809902032,30.967,0,0.0157911133830441,0.26,"none",FALSE,0.05057692527771,NA
399,"model3",1000,"small",6,0.02,0.214827071223408,0.243895518127829,1,1,1,0,13,9,0.388019403296484,0.283258599471065,"M3",13,"U1.399;U2.399;U3.399;U4.399;U5.399;U6.399;U7.399;U8.399;U9.399;U10.399;U11.399;U12.399;U13.399",-3.044,0.57,0.0321886786719358,-0.329,0.858,0.323513593226676,0.014,"none",TRUE,0.0436148643493652,NA
400,"model4",1000,"small",6,0.5,0.441243482101709,0.195521150995046,1,1,1,0,21,1,0.441268056471726,0.40346183019665,"M4",21,"U1.400;U2.400;U3.400;U4.400;U5.400;U6.400;U7.400;U8.400;U9.400;U10.400;U11.400;U12.400;U13.400;U14.400;U15.400;U16.400;U17.400;U18.400;U19.400;U20.400;U21.400",1.317,0,46.661575727322,0.759,0,78.1739287076075,0.09,"T1->T2",FALSE,0.0458619594573975,NA
401,"model0",50,"medium",6,0.05,0.737541736918502,0.476210801769048,1,1,1,0,30,17,0.767350545408462,0.864445915085243,"M0.1",30,"U1.401;U2.401;U3.401;U4.401;U5.401;U6.401;U7.401;U8.401;U9.401;U10.401;U11.401;U12.401;U13.401;U14.401;U15.401;U16.401;U17.401;U18.401;U19.401;U20.401;U21.401;U22.401;U23.401;U24.401;U25.401;U26.401;U27.401;U28.401;U29.401;U30.401",-0.275,0.689,2.41478706934193,-3.639,0.12,0.159958909132833,-0.01,"none",TRUE,0.0225298404693604,NA
402,"model1",50,"medium",6,0.07,0.582626908901148,0.493606480676681,1,1,1,0,40,12,0.934836300750917,0.942242573517991,"M1.1",40,"U1.402;U2.402;U3.402;U4.402;U5.402;U6.402;U7.402;U8.402;U9.402;U10.402;U11.402;U12.402;U13.402;U14.402;U15.402;U16.402;U17.402;U18.402;U19.402;U20.402;U21.402;U22.402;U23.402;U24.402;U25.402;U26.402;U27.402;U28.402;U29.402;U30.402;U31.402;U32.402;U33.402;U34.402;U35.402;U36.402;U37.402;U38.402;U39.402;U40.402",0.807,0.172,2.37790539862161,1.239,0.123,1.86203297488854,0.446,"none",TRUE,0.0152220726013184,NA
403,"model2",50,"medium",6,0.14,0.661282010725699,0.466359233064577,1,1,1,0,20,1,0.638470504025776,0.808666763960342,"M2.1",20,"U1.403;U2.403;U3.403;U4.403;U5.403;U6.403;U7.403;U8.403;U9.403;U10.403;U11.403;U12.403;U13.403;U14.403;U15.403;U16.403;U17.403;U18.403;U19.403;U20.403",0.2,0.593,7.11037780022221,5.004,0.008,0.286257404178397,0.398,"none",TRUE,0.0130009651184082,NA
404,"model3",50,"medium",6,0.07,0.804260853328742,0.33055019788444,1,1,1,0,35,2,0.797137060091522,0.639615103917382,"M3",35,"U1.404;U2.404;U3.404;U4.404;U5.404;U6.404;U7.404;U8.404;U9.404;U10.404;U11.404;U12.404;U13.404;U14.404;U15.404;U16.404;U17.404;U18.404;U19.404;U20.404;U21.404;U22.404;U23.404;U24.404;U25.404;U26.404;U27.404;U28.404;U29.404;U30.404;U31.404;U32.404;U33.404;U34.404;U35.404",0.654,0.189,4.83721395747832,1.529,0.028,1.72341900036526,0.195,"none",TRUE,0.012523889541626,NA
405,"model4",50,"medium",6,0.02,0.891966625466011,0.388091528788209,1,1,1,0,10,19,0.20933469755198,0.620358097965459,"M4",10,"U1.405;U2.405;U3.405;U4.405;U5.405;U6.405;U7.405;U8.405;U9.405;U10.405",2.514,0,2.09089121902058,0.398,0.148,14.8610632660683,0.547,"none",TRUE,0.0138318538665771,NA
406,"model0",150,"medium",6,0.03,0.818477638298646,0.411739763291553,1,1,1,0,17,5,0.50005650911779,0.403843180552028,"M0.1",17,"U1.406;U2.406;U3.406;U4.406;U5.406;U6.406;U7.406;U8.406;U9.406;U10.406;U11.406;U12.406;U13.406;U14.406;U15.406;U16.406;U17.406",-0.148,0.698,6.24008436870578,-6.757,0.012,0.150669702294195,0.01,"none",TRUE,0.0327379703521729,NA
407,"model1",150,"medium",6,0.06,0.623906462453306,0.42580013112165,1,1,1,0,32,1,0.553151349729472,0.662883664961955,"M1.1",32,"U1.407;U2.407;U3.407;U4.407;U5.407;U6.407;U7.407;U8.407;U9.407;U10.407;U11.407;U12.407;U13.407;U14.407;U15.407;U16.407;U17.407;U18.407;U19.407;U20.407;U21.407;U22.407;U23.407;U24.407;U25.407;U26.407;U27.407;U28.407;U29.407;U30.407;U31.407;U32.407",0.491,0.262,9.02500397415211,2.035,0.003,1.25925297503197,0.259,"none",TRUE,0.0323770046234131,NA
408,"model2",150,"medium",6,0.05,0.543594586197287,0.493741557048634,1,1,1,0,33,1,0.572371039537385,0.682214569678043,"M2.1",33,"U1.408;U2.408;U3.408;U4.408;U5.408;U6.408;U7.408;U8.408;U9.408;U10.408;U11.408;U12.408;U13.408;U14.408;U15.408;U16.408;U17.408;U18.408;U19.408;U20.408;U21.408;U22.408;U23.408;U24.408;U25.408;U26.408;U27.408;U28.408;U29.408;U30.408;U31.408;U32.408;U33.408",0.195,0.877,0.593257956670921,5.123,0.441,0.0240796441449443,0.564,"none",TRUE,0.030623197555542,NA
409,"model3",150,"medium",6,0.09,0.802710322779603,0.368489530868828,1,1,1,0,42,1,0.667533009824333,0.652820170057752,"M3",42,"U1.409;U2.409;U3.409;U4.409;U5.409;U6.409;U7.409;U8.409;U9.409;U10.409;U11.409;U12.409;U13.409;U14.409;U15.409;U16.409;U17.409;U18.409;U19.409;U20.409;U21.409;U22.409;U23.409;U24.409;U25.409;U26.409;U27.409;U28.409;U29.409;U30.409;U31.409;U32.409;U33.409;U34.409;U35.409;U36.409;U37.409;U38.409;U39.409;U40.409;U41.409;U42.409",0.919,0.003,10.7155348048104,1.088,0.001,8.9158410400167,0.13,"T1->T2",FALSE,0.0357348918914795,NA
410,"model4",150,"medium",6,0.27,0.736152129014954,0.34901353023015,1,1,1,0,43,1,0.693856283047632,0.634639160104628,"M4",43,"U1.410;U2.410;U3.410;U4.410;U5.410;U6.410;U7.410;U8.410;U9.410;U10.410;U11.410;U12.410;U13.410;U14.410;U15.410;U16.410;U17.410;U18.410;U19.410;U20.410;U21.410;U22.410;U23.410;U24.410;U25.410;U26.410;U27.410;U28.410;U29.410;U30.410;U31.410;U32.410;U33.410;U34.410;U35.410;U36.410;U37.410;U38.410;U39.410;U40.410;U41.410;U42.410;U43.410",1.718,0,13.6798423436295,0.582,0,38.1645790971632,0.411,"T1->T2",FALSE,0.0319359302520752,NA
411,"model0",300,"medium",6,0.16,0.836538754403591,0.375305319484323,1,1,1,0,8,1,0.233493653028792,0.301296103526756,"M0.1",8,"U1.411;U2.411;U3.411;U4.411;U5.411;U6.411;U7.411;U8.411",0.046,0.754,47.7581478572978,21.817,0,0.0982440847974442,0.193,"none",FALSE,0.027634859085083,NA
412,"model1",300,"medium",6,0.32,0.974149083718657,0.399329335521907,1,1,1,0,5,1,0.133904049337526,0.120865975691269,"M1.1",5,"U1.412;U2.412;U3.412;U4.412;U5.412",0.628,0,95.318268571632,1.593,0,35.9861240582097,0.47,"T1->T2",FALSE,0.0272150039672852,NA
413,"model2",300,"medium",6,0.48,0.734654965461232,0.378707405924797,1,1,1,0,30,1,0.496930331781679,0.577098498205671,"M2.1",30,"U1.413;U2.413;U3.413;U4.413;U5.413;U6.413;U7.413;U8.413;U9.413;U10.413;U11.413;U12.413;U13.413;U14.413;U15.413;U16.413;U17.413;U18.413;U19.413;U20.413;U21.413;U22.413;U23.413;U24.413;U25.413;U26.413;U27.413;U28.413;U29.413;U30.413",-0.087,0.558,42.6977533086903,-11.431,0,0.342739844445203,0.27,"none",FALSE,0.0263099670410156,NA
414,"model3",300,"medium",6,0.15,0.845662848092616,0.365547592286021,1,1,1,0,21,1,0.425237812610758,0.46908173258958,"M3",21,"U1.414;U2.414;U3.414;U4.414;U5.414;U6.414;U7.414;U8.414;U9.414;U10.414;U11.414;U12.414;U13.414;U14.414;U15.414;U16.414;U17.414;U18.414;U19.414;U20.414;U21.414",1.286,0,32.357613926376,0.778,0,53.8729733215958,0.022,"T1->T2",FALSE,0.0308680534362793,NA
415,"model4",300,"medium",6,0.26,0.888225248665549,0.424747419450432,1,1,1,0,8,1,0.189678055702931,0.211454882191802,"M4",8,"U1.415;U2.415;U3.415;U4.415;U5.415;U6.415;U7.415;U8.415",1.552,0,77.9680961909894,0.644,0,146.56240758386,0.594,"T1->T2",FALSE,0.0264110565185547,NA
416,"model0",670,"medium",6,0.03,0.526178928907029,0.439771980559453,1,1,1,3,11,7,0.406547204116878,0.338204211852365,"M0.1",11,"U1.416;U2.416;U3.416;U4.416;U5.416;U6.416;U7.416;U8.416;U9.416;U10.416;U11.416",-0.178,0.972,0.0359408040661539,-5.628,0.85,0.00123226171857536,-0.037,"none",TRUE,0.0421760082244873,NA
417,"model1",670,"medium",6,0.16,0.531239374540746,0.467590539343655,1,1,1,3,32,1,0.558668034409573,0.467605796768788,"M1.1",32,"U1.417;U2.417;U3.417;U4.417;U5.417;U6.417;U7.417;U8.417;U9.417;U10.417;U11.417;U12.417;U13.417;U14.417;U15.417;U16.417;U17.417;U18.417;U19.417;U20.417;U21.417;U22.417;U23.417;U24.417;U25.417;U26.417;U27.417;U28.417;U29.417;U30.417;U31.417;U32.417",0.362,0.187,12.3755669021107,2.76,0,1.74378949925253,0.409,"none",FALSE,0.042186975479126,NA
418,"model2",670,"medium",6,0.31,0.736156159895472,0.428837874252349,1,1,1,3,19,1,0.395093177871621,0.450005612524466,"M2.1",19,"U1.418;U2.418;U3.418;U4.418;U5.418;U6.418;U7.418;U8.418;U9.418;U10.418;U11.418;U12.418;U13.418;U14.418;U15.418;U16.418;U17.418;U18.418;U19.418",0.061,0.523,90.2124567914106,16.339,0,0.407631244034871,0.342,"none",FALSE,0.0454251766204834,NA
419,"model3",670,"medium",6,0.41,0.518679647473618,0.433688436960802,1,1,1,3,30,1,0.53769591555242,0.473214490020841,"M3",30,"U1.419;U2.419;U3.419;U4.419;U5.419;U6.419;U7.419;U8.419;U9.419;U10.419;U11.419;U12.419;U13.419;U14.419;U15.419;U16.419;U17.419;U18.419;U19.419;U20.419;U21.419;U22.419;U23.419;U24.419;U25.419;U26.419;U27.419;U28.419;U29.419;U30.419",0.918,0,55.3334289321692,1.089,0,49.0458163121188,0.233,"T1->T2",FALSE,0.0457119941711426,NA
420,"model4",670,"medium",6,0.14,0.89151434332598,0.48521975199692,1,1,1,3,13,1,0.306732294353651,0.226263051314487,"M4",13,"U1.420;U2.420;U3.420;U4.420;U5.420;U6.420;U7.420;U8.420;U9.420;U10.420;U11.420;U12.420;U13.420",1.382,0,114.541034604859,0.724,0,184.612708411939,0.505,"T1->T2",FALSE,0.0450689792633057,NA
421,"model0",1000,"medium",6,0.27,0.946850530337542,0.486200636066496,1,1,1,0,7,1,0.144193683896061,0.268519256768933,"M0.1",7,"U1.421;U2.421;U3.421;U4.421;U5.421;U6.421;U7.421",0.051,0.419,311.549464089414,19.798,0,0.653720126490285,0.098,"none",FALSE,0.034959077835083,NA
422,"model1",1000,"medium",6,0.42,0.873404870857485,0.472087558172643,1,1,1,0,32,1,0.498940922458915,0.55197660841543,"M1.1",32,"U1.422;U2.422;U3.422;U4.422;U5.422;U6.422;U7.422;U8.422;U9.422;U10.422;U11.422;U12.422;U13.422;U14.422;U15.422;U16.422;U17.422;U18.422;U19.422;U20.422;U21.422;U22.422;U23.422;U24.422;U25.422;U26.422;U27.422;U28.422;U29.422;U30.422;U31.422;U32.422",0.347,0,203.226509952717,2.88,0,20.5209857780401,0.452,"T1->T2",FALSE,0.0329148769378662,NA
423,"model2",1000,"medium",6,0.32,0.841861499357037,0.497178454231471,1,1,1,0,18,1,0.366357622356051,0.315498975101744,"M2.1",18,"U1.423;U2.423;U3.423;U4.423;U5.423;U6.423;U7.423;U8.423;U9.423;U10.423;U11.423;U12.423;U13.423;U14.423;U15.423;U16.423;U17.423;U18.423",-0.044,0.513,147.02548223155,-22.494,0,0.428784081481245,0.402,"none",FALSE,0.0413639545440674,NA
424,"model3",1000,"medium",6,0.13,0.774772728793323,0.310516237094998,1,1,1,0,1,1,0.0568470328184211,1.10980222414277e-05,"M3",1,"U1.424",0.838,0,141.799715667458,1.194,0,96.802841861568,0.113,"T1->T2",FALSE,0.0370209217071533,NA
425,"model4",1000,"medium",6,0.22,0.73573573329486,0.300391202233732,1,1,1,0,6,1,0.172127649997912,0.196111895773289,"M4",6,"U1.425;U2.425;U3.425;U4.425;U5.425;U6.425",1.303,0,142.73309593327,0.767,0,247.109784515894,0.445,"T1->T2",FALSE,0.0369479656219482,NA
426,"model0",50,"large",6,0.34,1.34584624215495,0.530582105508074,1,1,1,0,43,1,0.905754612074813,0.958721720372103,"M0.1",43,"U1.426;U2.426;U3.426;U4.426;U5.426;U6.426;U7.426;U8.426;U9.426;U10.426;U11.426;U12.426;U13.426;U14.426;U15.426;U16.426;U17.426;U18.426;U19.426;U20.426;U21.426;U22.426;U23.426;U24.426;U25.426;U26.426;U27.426;U28.426;U29.426;U30.426;U31.426;U32.426;U33.426;U34.426;U35.426;U36.426;U37.426;U38.426;U39.426;U40.426;U41.426;U42.426;U43.426",-0.049,0.918,4.1252151479388,-20.609,0.042,0.0106283408994682,-0.014,"none",TRUE,0.0124578475952148,NA
427,"model1",50,"large",6,0.48,1.36424701823853,0.548280276241712,1,1,1,0,44,1,0.994332659921077,0.970597883093577,"M1.1",44,"U1.427;U2.427;U3.427;U4.427;U5.427;U6.427;U7.427;U8.427;U9.427;U10.427;U11.427;U12.427;U13.427;U14.427;U15.427;U16.427;U17.427;U18.427;U19.427;U20.427;U21.427;U22.427;U23.427;U24.427;U25.427;U26.427;U27.427;U28.427;U29.427;U30.427;U31.427;U32.427;U33.427;U34.427;U35.427;U36.427;U37.427;U38.427;U39.427;U40.427;U41.427;U42.427;U43.427;U44.427",0.421,0.067,26.7107229604618,2.377,0,3.35141379345609,0.6,"none",FALSE,0.0203590393066406,NA
428,"model2",50,"large",6,0.35,1.07362021505833,0.773090096306987,1,1,1,0,5,1,0.0889172957646346,0.210630840867161,"M2.1",5,"U1.428;U2.428;U3.428;U4.428;U5.428",0.248,0.123,22.2358081926344,4.037,0,2.38141276572843,0.707,"none",FALSE,0.0129308700561523,NA
429,"model3",50,"large",6,0.06,1.0925417675171,0.796583038172685,1,1,1,0,6,3,0.231896158780738,0.089733028875505,"M3",6,"U1.429;U2.429;U3.429;U4.429;U5.429;U6.429",0.236,0.155,24.3066440486502,4.236,0,2.01977104109799,0.168,"none",FALSE,0.0132780075073242,NA
430,"model4",50,"large",6,0.38,1.27319567883387,0.783929799217731,1,1,1,0,44,1,0.939683244842971,0.92788011223122,"M4",44,"U1.430;U2.430;U3.430;U4.430;U5.430;U6.430;U7.430;U8.430;U9.430;U10.430;U11.430;U12.430;U13.430;U14.430;U15.430;U16.430;U17.430;U18.430;U19.430;U20.430;U21.430;U22.430;U23.430;U24.430;U25.430;U26.430;U27.430;U28.430;U29.430;U30.430;U31.430;U32.430;U33.430;U34.430;U35.430;U36.430;U37.430;U38.430;U39.430;U40.430;U41.430;U42.430;U43.430;U44.430",1.626,0,34.5877549346893,0.615,0,45.5868850238167,0.854,"T1->T2",FALSE,0.0191061496734619,NA
431,"model0",150,"large",6,0.5,1.03357479046099,0.70280874427408,1,1,1,0,38,1,0.684552878132678,0.598554490544559,"M0.1",38,"U1.431;U2.431;U3.431;U4.431;U5.431;U6.431;U7.431;U8.431;U9.431;U10.431;U11.431;U12.431;U13.431;U14.431;U15.431;U16.431;U17.431;U18.431;U19.431;U20.431;U21.431;U22.431;U23.431;U24.431;U25.431;U26.431;U27.431;U28.431;U29.431;U30.431;U31.431;U32.431;U33.431;U34.431;U35.431;U36.431;U37.431;U38.431",0.017,0.916,21.8822902656119,57.715,0,0.0111210127521124,-0.039,"none",FALSE,0.035938024520874,NA
432,"model1",150,"large",6,0.17,1.28280087502208,0.699565857998095,1,1,1,0,35,1,0.596994186864531,0.597769490719519,"M1.1",35,"U1.432;U2.432;U3.432;U4.432;U5.432;U6.432;U7.432;U8.432;U9.432;U10.432;U11.432;U12.432;U13.432;U14.432;U15.432;U16.432;U17.432;U18.432;U19.432;U20.432;U21.432;U22.432;U23.432;U24.432;U25.432;U26.432;U27.432;U28.432;U29.432;U30.432;U31.432;U32.432;U33.432;U34.432;U35.432",0.807,0,32.8068499117876,1.239,0,15.6864948996276,0.583,"T1->T2",FALSE,0.0416810512542725,NA
433,"model2",150,"large",6,0.11,1.47057713102549,0.65967022953555,1,1,1,0,30,2,0.638431889008722,0.561569400653199,"M2.1",30,"U1.433;U2.433;U3.433;U4.433;U5.433;U6.433;U7.433;U8.433;U9.433;U10.433;U11.433;U12.433;U13.433;U14.433;U15.433;U16.433;U17.433;U18.433;U19.433;U20.433;U21.433;U22.433;U23.433;U24.433;U25.433;U26.433;U27.433;U28.433;U29.433;U30.433",0.124,0.481,16.9638031497909,8.093,0,0.497045476156469,0.576,"none",FALSE,0.0343730449676514,NA
434,"model3",150,"large",6,0.18,1.11953703174368,0.860911815310828,1,1,1,0,37,1,0.482085626684335,0.551169988297054,"M3",37,"U1.434;U2.434;U3.434;U4.434;U5.434;U6.434;U7.434;U8.434;U9.434;U10.434;U11.434;U12.434;U13.434;U14.434;U15.434;U16.434;U17.434;U18.434;U19.434;U20.434;U21.434;U22.434;U23.434;U24.434;U25.434;U26.434;U27.434;U28.434;U29.434;U30.434;U31.434;U32.434;U33.434;U34.434;U35.434;U36.434;U37.434",1.298,0,29.1538686198644,0.771,0,48.047395053889,0.318,"T1->T2",FALSE,0.0376498699188232,NA
435,"model4",150,"large",6,0.26,1.32409216882661,0.76050752599258,1,1,1,0,50,1,0.738513155001555,0.643407646220345,"M4",50,"U1.435;U2.435;U3.435;U4.435;U5.435;U6.435;U7.435;U8.435;U9.435;U10.435;U11.435;U12.435;U13.435;U14.435;U15.435;U16.435;U17.435;U18.435;U19.435;U20.435;U21.435;U22.435;U23.435;U24.435;U25.435;U26.435;U27.435;U28.435;U29.435;U30.435;U31.435;U32.435;U33.435;U34.435;U35.435;U36.435;U37.435;U38.435;U39.435;U40.435;U41.435;U42.435;U43.435;U44.435;U45.435;U46.435;U47.435;U48.435;U49.435;U50.435",1.52,0,45.8079309918831,0.658,0,71.6086169785695,0.735,"T1->T2",FALSE,0.0335519313812256,NA
436,"model0",300,"large",6,0.39,1.48546102677938,0.714805544354022,1,1,1,0,2,1,0.010691180951199,0.0627002178090533,"M0.1",2,"U1.436;U2.436",0.075,0.195,307.56948358081,13.284,0,1.67987413820827,0.122,"none",FALSE,0.0270891189575195,NA
437,"model1",300,"large",6,0.36,1.10785789322108,0.825203831540421,1,1,1,0,43,1,0.514992451822329,0.523932256445436,"M1.1",43,"U1.437;U2.437;U3.437;U4.437;U5.437;U6.437;U7.437;U8.437;U9.437;U10.437;U11.437;U12.437;U13.437;U14.437;U15.437;U16.437;U17.437;U18.437;U19.437;U20.437;U21.437;U22.437;U23.437;U24.437;U25.437;U26.437;U27.437;U28.437;U29.437;U30.437;U31.437;U32.437;U33.437;U34.437;U35.437;U36.437;U37.437;U38.437;U39.437;U40.437;U41.437;U42.437;U43.437",0.874,0,60.6599410704952,1.144,0,29.1542926357907,0.614,"T1->T2",FALSE,0.0284709930419922,NA
438,"model2",300,"large",6,0.48,1.01604782929644,0.564485804410651,1,1,1,0,10,1,0.157413635889661,0.311925571535929,"M2.1",10,"U1.438;U2.438;U3.438;U4.438;U5.438;U6.438;U7.438;U8.438;U9.438;U10.438",-0.249,0.065,43.1606596101153,-4.023,0,3.41504046359552,0.345,"none",FALSE,0.0280718803405762,NA
439,"model3",300,"large",6,0.18,1.15846226376016,0.556467654649168,1,1,1,0,12,1,0.201899063682311,0.276245807040821,"M3",12,"U1.439;U2.439;U3.439;U4.439;U5.439;U6.439;U7.439;U8.439;U9.439;U10.439;U11.439;U12.439",0.933,0,122.360843275521,1.072,0,88.0186529403165,0.362,"T1->T2",FALSE,0.0263738632202148,NA
440,"model4",300,"large",6,0.06,1.06261781754438,0.872043898561969,1,1,1,0,6,1,0.307076196223047,0.209316679798518,"M4",6,"U1.440;U2.440;U3.440;U4.440;U5.440;U6.440",2.383,0,16.1496838274504,0.42,0,52.3999755131921,0.715,"T1->T2",FALSE,0.0608019828796387,NA
441,"model0",670,"large",6,0.04,1.26496788684744,0.653977767680772,1,1,1,3,19,4,0.452967538882432,0.445650285535347,"M0.1",19,"U1.441;U2.441;U3.441;U4.441;U5.441;U6.441;U7.441;U8.441;U9.441;U10.441;U11.441;U12.441;U13.441;U14.441;U15.441;U16.441;U17.441;U18.441;U19.441",-0.002,0.988,38.4592928799585,-424.938,0,0.000212004531828754,0.137,"none",FALSE,0.0419380664825439,NA
442,"model1",670,"large",6,0.32,1.22593945765402,0.654137567500584,1,1,1,3,48,1,0.572551211824091,0.575179470604845,"M1.1",48,"U1.442;U2.442;U3.442;U4.442;U5.442;U6.442;U7.442;U8.442;U9.442;U10.442;U11.442;U12.442;U13.442;U14.442;U15.442;U16.442;U17.442;U18.442;U19.442;U20.442;U21.442;U22.442;U23.442;U24.442;U25.442;U26.442;U27.442;U28.442;U29.442;U30.442;U31.442;U32.442;U33.442;U34.442;U35.442;U36.442;U37.442;U38.442;U39.442;U40.442;U41.442;U42.442;U43.442;U44.442;U45.442;U46.442;U47.442;U48.442",0.709,0,124.745683163905,1.41,0,50.0698572276062,0.532,"T1->T2",FALSE,0.0427629947662354,NA
443,"model2",670,"large",6,0.46,1.07953653438017,0.889401331311092,1,1,1,3,39,1,0.579193011794394,0.624333779718356,"M2.1",39,"U1.443;U2.443;U3.443;U4.443;U5.443;U6.443;U7.443;U8.443;U9.443;U10.443;U11.443;U12.443;U13.443;U14.443;U15.443;U16.443;U17.443;U18.443;U19.443;U20.443;U21.443;U22.443;U23.443;U24.443;U25.443;U26.443;U27.443;U28.443;U29.443;U30.443;U31.443;U32.443;U33.443;U34.443;U35.443;U36.443;U37.443;U38.443;U39.443",0.059,0.446,93.2151939837201,17.079,0,0.580551809841719,0.662,"none",FALSE,0.0436921119689941,NA
444,"model3",670,"large",6,0.03,1.31089584482834,0.668220184394158,1,1,1,3,45,2,0.570761886798713,0.620561818240876,"M3",45,"U1.444;U2.444;U3.444;U4.444;U5.444;U6.444;U7.444;U8.444;U9.444;U10.444;U11.444;U12.444;U13.444;U14.444;U15.444;U16.444;U17.444;U18.444;U19.444;U20.444;U21.444;U22.444;U23.444;U24.444;U25.444;U26.444;U27.444;U28.444;U29.444;U30.444;U31.444;U32.444;U33.444;U34.444;U35.444;U36.444;U37.444;U38.444;U39.444;U40.444;U41.444;U42.444;U43.444;U44.444;U45.444",1.696,0,14.5090958193951,0.59,0,41.5815479126312,-0.028,"T1->T2",FALSE,0.0449140071868896,NA
445,"model4",670,"large",6,0.5,1.04803787788842,0.992871511843987,1,1,1,3,7,1,0.0866429420084229,0.131099597944596,"M4",7,"U1.445;U2.445;U3.445;U4.445;U5.445;U6.445;U7.445",2.113,0,310.578546533168,0.473,0,547.768135723447,0.819,"T1->T2",FALSE,0.0420560836791992,NA
446,"model0",1000,"large",6,0.1,1.32551543274894,0.970002876711078,1,1,1,0,17,1,0.318713390773283,0.362584392659962,"M0.1",17,"U1.446;U2.446;U3.446;U4.446;U5.446;U6.446;U7.446;U8.446;U9.446;U10.446;U11.446;U12.446;U13.446;U14.446;U15.446;U16.446;U17.446",0.081,0.255,199.082459364374,12.341,0,1.29650635947795,0.027,"none",FALSE,0.037930965423584,NA
447,"model1",1000,"large",6,0.29,1.0955280350754,0.957356395898387,1,1,1,0,38,1,0.48645435211525,0.518937524737306,"M1.1",38,"U1.447;U2.447;U3.447;U4.447;U5.447;U6.447;U7.447;U8.447;U9.447;U10.447;U11.447;U12.447;U13.447;U14.447;U15.447;U16.447;U17.447;U18.447;U19.447;U20.447;U21.447;U22.447;U23.447;U24.447;U25.447;U26.447;U27.447;U28.447;U29.447;U30.447;U31.447;U32.447;U33.447;U34.447;U35.447;U36.447;U37.447;U38.447",0.979,0,208.642965956081,1.022,0,98.5342102775626,0.712,"T1->T2",FALSE,0.0486080646514893,NA
448,"model2",1000,"large",6,0.3,1.26914325612597,0.51563935156446,1,1,1,0,44,1,0.506214801018031,0.624021482289992,"M2.1",44,"U1.448;U2.448;U3.448;U4.448;U5.448;U6.448;U7.448;U8.448;U9.448;U10.448;U11.448;U12.448;U13.448;U14.448;U15.448;U16.448;U17.448;U18.448;U19.448;U20.448;U21.448;U22.448;U23.448;U24.448;U25.448;U26.448;U27.448;U28.448;U29.448;U30.448;U31.448;U32.448;U33.448;U34.448;U35.448;U36.448;U37.448;U38.448;U39.448;U40.448;U41.448;U42.448;U43.448;U44.448",-0.049,0.432,208.96617828423,-20.336,0,0.617592582008644,0.368,"none",FALSE,0.0472269058227539,NA
449,"model3",1000,"large",6,0.15,1.00477083469741,0.932767866645008,1,1,1,0,25,1,0.382904386071164,0.362058516765766,"M3",25,"U1.449;U2.449;U3.449;U4.449;U5.449;U6.449;U7.449;U8.449;U9.449;U10.449;U11.449;U12.449;U13.449;U14.449;U15.449;U16.449;U17.449;U18.449;U19.449;U20.449;U21.449;U22.449;U23.449;U24.449;U25.449",0.925,0,175.568609606137,1.082,0,148.328554086451,0.173,"T1->T2",FALSE,0.0513651371002197,NA
450,"model4",1000,"large",6,0.14,1.43021032202523,0.63634500070475,1,1,1,0,48,1,0.594607689226206,0.454347347965743,"M4",48,"U1.450;U2.450;U3.450;U4.450;U5.450;U6.450;U7.450;U8.450;U9.450;U10.450;U11.450;U12.450;U13.450;U14.450;U15.450;U16.450;U17.450;U18.450;U19.450;U20.450;U21.450;U22.450;U23.450;U24.450;U25.450;U26.450;U27.450;U28.450;U29.450;U30.450;U31.450;U32.450;U33.450;U34.450;U35.450;U36.450;U37.450;U38.450;U39.450;U40.450;U41.450;U42.450;U43.450;U44.450;U45.450;U46.450;U47.450;U48.450",1.636,0,121.105222246066,0.611,0,280.765751607091,0.548,"T1->T2",FALSE,0.0467500686645508,NA
451,"model0",50,"small",7,0.41,0.435459453985095,0.155772025696933,1,1,1,0,6,1,0.190775381443339,0.225071772559986,"M0.1",6,"U1.451;U2.451;U3.451;U4.451;U5.451;U6.451",-0.574,0.448,1.39542321824038,-1.741,0.237,0.576967876713351,-0.274,"none",TRUE,0.016024112701416,NA
452,"model1",50,"small",7,0.29,0.482026960141957,0.291205730382353,1,1,1,0,44,2,0.933072664055826,0.978377642218947,"M1.1",44,"U1.452;U2.452;U3.452;U4.452;U5.452;U6.452;U7.452;U8.452;U9.452;U10.452;U11.452;U12.452;U13.452;U14.452;U15.452;U16.452;U17.452;U18.452;U19.452;U20.452;U21.452;U22.452;U23.452;U24.452;U25.452;U26.452;U27.452;U28.452;U29.452;U30.452;U31.452;U32.452;U33.452;U34.452;U35.452;U36.452;U37.452;U38.452;U39.452;U40.452;U41.452;U42.452;U43.452;U44.452",0.761,0.045,7.84102985275583,1.314,0.005,4.01003312532156,0.545,"none",TRUE,0.0282948017120361,NA
453,"model2",50,"small",7,0.27,0.127553544007242,0.225026867166162,1,1,1,0,1,1,0.0135703493397941,0.00308439726544982,"M2.1",1,"U1.453",-0.198,0.884,0.517310639684655,-5.054,0.472,0.0213003905520231,-0.045,"none",TRUE,0.0371320247650146,NA
454,"model3",50,"small",7,0.49,0.2007952763699,0.229160821205005,1,1,1,0,32,1,0.809305276673753,0.888901531536968,"M3",32,"U1.454;U2.454;U3.454;U4.454;U5.454;U6.454;U7.454;U8.454;U9.454;U10.454;U11.454;U12.454;U13.454;U14.454;U15.454;U16.454;U17.454;U18.454;U19.454;U20.454;U21.454;U22.454;U23.454;U24.454;U25.454;U26.454;U27.454;U28.454;U29.454;U30.454;U31.454;U32.454",0.164,0.855,1.01542174712501,6.095,0.314,0.0333245343701177,0.137,"none",TRUE,0.0354588031768799,NA
455,"model4",50,"small",7,0.32,0.259403023775667,0.21161168855615,1,1,1,0,2,1,0.0256235630791049,0.0713327105360555,"M4",2,"U1.455;U2.455",0.584,0.167,8.15670701143533,1.712,0.004,1.90867293528384,0.311,"none",TRUE,0.0396358966827393,NA
456,"model0",150,"small",7,0.44,0.467323026619852,0.188870581937954,1,1,1,0,12,1,0.326385786752376,0.270072304773805,"M0.1",12,"U1.456;U2.456;U3.456;U4.456;U5.456;U6.456;U7.456;U8.456;U9.456;U10.456;U11.456;U12.456",-0.506,0.226,5.71362684152491,-1.977,0.017,1.46673999190707,-0.222,"none",TRUE,0.0330641269683838,NA
457,"model1",150,"small",7,0.43,0.46976487711072,0.208364638965577,1,1,1,0,17,1,0.444183507118952,0.419049415161542,"M1.1",17,"U1.457;U2.457;U3.457;U4.457;U5.457;U6.457;U7.457;U8.457;U9.457;U10.457;U11.457;U12.457;U13.457;U14.457;U15.457;U16.457;U17.457",0.752,0.049,8.80189316101337,1.329,0.003,3.86352208371567,0.24,"none",TRUE,0.0411968231201172,NA
458,"model2",150,"small",7,0.04,0.14462112756446,0.265693305572495,1,1,1,0,50,1,0.766393945424355,0.690800159748553,"M2.1",50,"U1.458;U2.458;U3.458;U4.458;U5.458;U6.458;U7.458;U8.458;U9.458;U10.458;U11.458;U12.458;U13.458;U14.458;U15.458;U16.458;U17.458;U18.458;U19.458;U20.458;U21.458;U22.458;U23.458;U24.458;U25.458;U26.458;U27.458;U28.458;U29.458;U30.458;U31.458;U32.458;U33.458;U34.458;U35.458;U36.458;U37.458;U38.458;U39.458;U40.458;U41.458;U42.458;U43.458;U44.458;U45.458;U46.458;U47.458;U48.458;U49.458;U50.458",-1.415,0.55,0.130515225733384,-0.707,0.718,0.356626877260132,0.241,"none",TRUE,0.0268261432647705,NA
459,"model3",150,"small",7,0.48,0.321714749466628,0.223796231998131,1,1,1,0,10,1,0.321151452504563,0.336837138883566,"M3",10,"U1.459;U2.459;U3.459;U4.459;U5.459;U6.459;U7.459;U8.459;U9.459;U10.459",2.412,0,2.96899713312695,0.415,0.085,19.2873988141136,-0.011,"none",TRUE,0.0320019721984863,NA
460,"model4",150,"small",7,0.17,0.17761535057798,0.167541325325146,1,1,1,0,48,1,0.683763359503459,0.740264240764929,"M4",48,"U1.460;U2.460;U3.460;U4.460;U5.460;U6.460;U7.460;U8.460;U9.460;U10.460;U11.460;U12.460;U13.460;U14.460;U15.460;U16.460;U17.460;U18.460;U19.460;U20.460;U21.460;U22.460;U23.460;U24.460;U25.460;U26.460;U27.460;U28.460;U29.460;U30.460;U31.460;U32.460;U33.460;U34.460;U35.460;U36.460;U37.460;U38.460;U39.460;U40.460;U41.460;U42.460;U43.460;U44.460;U45.460;U46.460;U47.460;U48.460",1.411,0.028,2.75003562867117,0.709,0.097,4.83415315213396,0.287,"none",TRUE,0.0183110237121582,NA
461,"model0",300,"small",7,0.06,0.467871219292283,0.11779133179225,1,1,1,0,41,1,0.629670588826016,0.636715089238563,"M0.1",41,"U1.461;U2.461;U3.461;U4.461;U5.461;U6.461;U7.461;U8.461;U9.461;U10.461;U11.461;U12.461;U13.461;U14.461;U15.461;U16.461;U17.461;U18.461;U19.461;U20.461;U21.461;U22.461;U23.461;U24.461;U25.461;U26.461;U27.461;U28.461;U29.461;U30.461;U31.461;U32.461;U33.461;U34.461;U35.461;U36.461;U37.461;U38.461;U39.461;U40.461;U41.461",0.532,0.489,1.70926752261625,1.881,0.191,0.478714722474486,0.044,"none",TRUE,0.0325789451599121,NA
462,"model1",300,"small",7,0.27,0.485878135170788,0.236914022266865,1,1,1,0,32,1,0.584016615925982,0.549200584089996,"M1.1",32,"U1.462;U2.462;U3.462;U4.462;U5.462;U6.462;U7.462;U8.462;U9.462;U10.462;U11.462;U12.462;U13.462;U14.462;U15.462;U16.462;U17.462;U18.462;U19.462;U20.462;U21.462;U22.462;U23.462;U24.462;U25.462;U26.462;U27.462;U28.462;U29.462;U30.462;U31.462;U32.462",0.348,0.086,23.7630506115693,2.875,0,2.93995036683929,0.228,"none",FALSE,0.0294559001922607,NA
463,"model2",300,"small",7,0.21,0.341865006648004,0.163531711976975,1,1,1,0,28,1,0.423600575622624,0.556908128860828,"M2.1",28,"U1.463;U2.463;U3.463;U4.463;U5.463;U6.463;U7.463;U8.463;U9.463;U10.463;U11.463;U12.463;U13.463;U14.463;U15.463;U16.463;U17.463;U18.463;U19.463;U20.463;U21.463;U22.463;U23.463;U24.463;U25.463;U26.463;U27.463;U28.463",0.827,0.036,6.63814656783544,1.209,0.01,4.4152870383394,0.175,"none",TRUE,0.036567211151123,NA
464,"model3",300,"small",7,0.03,0.177783154137433,0.13743823855184,1,1,1,0,43,1,0.650185613632689,0.599406416815364,"M3",43,"U1.464;U2.464;U3.464;U4.464;U5.464;U6.464;U7.464;U8.464;U9.464;U10.464;U11.464;U12.464;U13.464;U14.464;U15.464;U16.464;U17.464;U18.464;U19.464;U20.464;U21.464;U22.464;U23.464;U24.464;U25.464;U26.464;U27.464;U28.464;U29.464;U30.464;U31.464;U32.464;U33.464;U34.464;U35.464;U36.464;U37.464;U38.464;U39.464;U40.464;U41.464;U42.464;U43.464",1.729,0.381,0.173099307427257,0.578,0.677,0.768755408085591,0.093,"none",TRUE,0.0260598659515381,NA
465,"model4",300,"small",7,0.35,0.185932630393654,0.249876523157582,1,1,1,0,18,1,0.353189692094176,0.409794335970741,"M4",18,"U1.465;U2.465;U3.465;U4.465;U5.465;U6.465;U7.465;U8.465;U9.465;U10.465;U11.465;U12.465;U13.465;U14.465;U15.465;U16.465;U17.465;U18.465",0.871,0.026,8.07689550393477,1.148,0.004,4.94676834985442,0.288,"none",TRUE,0.025892972946167,NA
466,"model0",670,"small",7,0.08,0.474633088987321,0.167437244346365,1,1,1,3,19,1,0.444837587436546,0.467875443785144,"M0.1",19,"U1.466;U2.466;U3.466;U4.466;U5.466;U6.466;U7.466;U8.466;U9.466;U10.466;U11.466;U12.466;U13.466;U14.466;U15.466;U16.466;U17.466;U18.466;U19.466",0.21,0.547,7.6484578211136,4.756,0.006,0.362056325918282,-0.269,"none",TRUE,0.0420920848846436,NA
467,"model1",670,"small",7,0.06,0.359792091790587,0.195525411143899,1,1,1,3,43,1,0.603201621023351,0.585651997933377,"M1.1",43,"U1.467;U2.467;U3.467;U4.467;U5.467;U6.467;U7.467;U8.467;U9.467;U10.467;U11.467;U12.467;U13.467;U14.467;U15.467;U16.467;U17.467;U18.467;U19.467;U20.467;U21.467;U22.467;U23.467;U24.467;U25.467;U26.467;U27.467;U28.467;U29.467;U30.467;U31.467;U32.467;U33.467;U34.467;U35.467;U36.467;U37.467;U38.467;U39.467;U40.467;U41.467;U42.467;U43.467",0.252,0.43,9.0149035245264,3.965,0.003,0.622478115604466,0.122,"none",TRUE,0.0450170040130615,NA
468,"model2",670,"small",7,0.32,0.345730535965413,0.120470545580611,1,1,1,3,36,1,0.57905257053279,0.613590975450648,"M2.1",36,"U1.468;U2.468;U3.468;U4.468;U5.468;U6.468;U7.468;U8.468;U9.468;U10.468;U11.468;U12.468;U13.468;U14.468;U15.468;U16.468;U17.468;U18.468;U19.468;U20.468;U21.468;U22.468;U23.468;U24.468;U25.468;U26.468;U27.468;U28.468;U29.468;U30.468;U31.468;U32.468;U33.468;U34.468;U35.468;U36.468",-0.469,0.109,11.976315230785,-2.131,0.001,2.56170660381837,0.155,"none",FALSE,0.0688300132751465,NA
469,"model3",670,"small",7,0.37,0.304913465026766,0.262899144319817,1,1,1,3,5,1,0.108576966359947,0.0507321612938549,"M3",5,"U1.469;U2.469;U3.469;U4.469;U5.469",0.67,0,38.4119817347699,1.493,0,16.678772267994,-0.047,"T1->T2",FALSE,0.037830114364624,NA
470,"model4",670,"small",7,0.35,0.139061530958861,0.152479177899659,1,1,1,3,20,1,0.476926626443606,0.410655187381918,"M4",20,"U1.470;U2.470;U3.470;U4.470;U5.470;U6.470;U7.470;U8.470;U9.470;U10.470;U11.470;U12.470;U13.470;U14.470;U15.470;U16.470;U17.470;U18.470;U19.470;U20.470",0.878,0.061,4.44127565637476,1.139,0.035,3.49841439492585,0.062,"none",TRUE,0.032811164855957,NA
471,"model0",1000,"small",7,0.15,0.405218596104532,0.204348367964849,1,1,1,0,7,1,0.265020359130836,0.115663616790247,"M0.1",7,"U1.471;U2.471;U3.471;U4.471;U5.471;U6.471;U7.471",0.046,0.749,40.6619632770029,21.838,0,0.102563242993423,0.01,"none",FALSE,0.0451591014862061,NA
472,"model1",1000,"small",7,0.24,0.188070609048009,0.103721218323335,1,1,1,0,43,1,0.611197440562331,0.606529406843272,"M1.1",43,"U1.472;U2.472;U3.472;U4.472;U5.472;U6.472;U7.472;U8.472;U9.472;U10.472;U11.472;U12.472;U13.472;U14.472;U15.472;U16.472;U17.472;U18.472;U19.472;U20.472;U21.472;U22.472;U23.472;U24.472;U25.472;U26.472;U27.472;U28.472;U29.472;U30.472;U31.472;U32.472;U33.472;U34.472;U35.472;U36.472;U37.472;U38.472;U39.472;U40.472;U41.472;U42.472;U43.472",-0.181,0.677,5.37773150336964,-5.539,0.02,0.173150195739561,0.129,"none",TRUE,0.0429439544677734,NA
473,"model2",1000,"small",7,0.29,0.311965956632048,0.28353623803705,1,1,1,0,31,1,0.600069465040858,0.53775690745494,"M2.1",31,"U1.473;U2.473;U3.473;U4.473;U5.473;U6.473;U7.473;U8.473;U9.473;U10.473;U11.473;U12.473;U13.473;U14.473;U15.473;U16.473;U17.473;U18.473;U19.473;U20.473;U21.473;U22.473;U23.473;U24.473;U25.473;U26.473;U27.473;U28.473;U29.473;U30.473;U31.473",-0.358,0.093,15.1023523474239,-2.79,0,2.81347639349574,0.256,"none",FALSE,0.0681099891662598,NA
474,"model3",1000,"small",7,0.27,0.328184994123876,0.205948805529624,1,1,1,0,1,1,0.0530879247764018,0.0108273595147537,"M3",1,"U1.474",0.965,0,30.9353778544885,1.036,0,30.769625342819,-0.084,"T1->T2",FALSE,0.0769879817962646,NA
475,"model4",1000,"small",7,0.44,0.120912003424019,0.238043096894398,1,1,1,0,8,1,0.244628003725496,0.207956978720478,"M4",8,"U1.475;U2.475;U3.475;U4.475;U5.475;U6.475;U7.475;U8.475",1.459,0.001,5.74077694635764,0.685,0.017,11.6471342380847,0.234,"none",TRUE,0.0737299919128418,NA
476,"model0",50,"medium",7,0.28,0.63465667096898,0.393833525152877,1,1,1,0,36,1,0.909624025034321,0.865227214412056,"M0.1",36,"U1.476;U2.476;U3.476;U4.476;U5.476;U6.476;U7.476;U8.476;U9.476;U10.476;U11.476;U12.476;U13.476;U14.476;U15.476;U16.476;U17.476;U18.476;U19.476;U20.476;U21.476;U22.476;U23.476;U24.476;U25.476;U26.476;U27.476;U28.476;U29.476;U30.476;U31.476;U32.476;U33.476;U34.476;U35.476;U36.476",0.198,0.577,7.77533772695468,5.058,0.005,0.311843258227044,-0.226,"none",TRUE,0.033958911895752,NA
477,"model1",50,"medium",7,0.23,0.964114029891789,0.405572625203058,1,1,1,0,36,1,0.908057475792597,0.900943224450297,"M1.1",36,"U1.477;U2.477;U3.477;U4.477;U5.477;U6.477;U7.477;U8.477;U9.477;U10.477;U11.477;U12.477;U13.477;U14.477;U15.477;U16.477;U17.477;U18.477;U19.477;U20.477;U21.477;U22.477;U23.477;U24.477;U25.477;U26.477;U27.477;U28.477;U29.477;U30.477;U31.477;U32.477;U33.477;U34.477;U35.477;U36.477",0.278,0.478,12.834869031345,3.602,0,0.503946127007685,0.558,"none",FALSE,0.0282578468322754,NA
478,"model2",50,"medium",7,0.44,0.728171658935025,0.476070548407733,1,1,1,0,15,1,0.641479102743565,0.789281197347685,"M2.1",15,"U1.478;U2.478;U3.478;U4.478;U5.478;U6.478;U7.478;U8.478;U9.478;U10.478;U11.478;U12.478;U13.478;U14.478;U15.478",0.205,0.51,7.79277284053641,4.868,0.005,0.434651376494463,0.555,"none",TRUE,0.0262341499328613,NA
479,"model3",50,"medium",7,0.4,0.543754196725786,0.324409054778516,1,1,1,0,27,1,0.828285242563663,0.721142750305758,"M3",27,"U1.479;U2.479;U3.479;U4.479;U5.479;U6.479;U7.479;U8.479;U9.479;U10.479;U11.479;U12.479;U13.479;U14.479;U15.479;U16.479;U17.479;U18.479;U19.479;U20.479;U21.479;U22.479;U23.479;U24.479;U25.479;U26.479;U27.479",1.215,0,6.37848916069898,0.823,0.012,12.5313114159372,0.197,"none",TRUE,0.0231509208679199,NA
480,"model4",50,"medium",7,0.16,0.647418993641622,0.496785487467423,1,1,1,0,39,2,0.926474370896638,0.887993034016579,"M4",39,"U1.480;U2.480;U3.480;U4.480;U5.480;U6.480;U7.480;U8.480;U9.480;U10.480;U11.480;U12.480;U13.480;U14.480;U15.480;U16.480;U17.480;U18.480;U19.480;U20.480;U21.480;U22.480;U23.480;U24.480;U25.480;U26.480;U27.480;U28.480;U29.480;U30.480;U31.480;U32.480;U33.480;U34.480;U35.480;U36.480;U37.480;U38.480;U39.480",-74.85,0.177,0.000335550299651243,-0.013,0.985,1.82598669057442,0.339,"none",TRUE,0.0375649929046631,NA
481,"model0",150,"medium",7,0.39,0.841331924544647,0.467457208409905,1,1,1,0,3,1,0.0679796939773887,0.0890246819242971,"M0.1",3,"U1.481;U2.481;U3.481",-0.158,0.372,30.1726999658233,-6.348,0,0.797986307505834,0.046,"none",FALSE,0.0156660079956055,NA
482,"model1",150,"medium",7,0.14,0.789861131808721,0.377236818661913,1,1,1,0,27,1,0.60481359533136,0.596356747866608,"M1.1",27,"U1.482;U2.482;U3.482;U4.482;U5.482;U6.482;U7.482;U8.482;U9.482;U10.482;U11.482;U12.482;U13.482;U14.482;U15.482;U16.482;U17.482;U18.482;U19.482;U20.482;U21.482;U22.482;U23.482;U24.482;U25.482;U26.482;U27.482",-0.551,0.271,3.74783441918897,-1.814,0.053,1.21204961137444,0.474,"none",TRUE,0.0180139541625977,NA
483,"model2",150,"medium",7,0.23,0.867785057518631,0.388884808775038,1,1,1,0,17,1,0.324534289029238,0.386345558732986,"M2.1",17,"U1.483;U2.483;U3.483;U4.483;U5.483;U6.483;U7.483;U8.483;U9.483;U10.483;U11.483;U12.483;U13.483;U14.483;U15.483;U16.483;U17.483",-0.079,0.689,22.3264472317891,-12.593,0,0.159890718341546,0.232,"none",FALSE,0.0238771438598633,NA
484,"model3",150,"medium",7,0.16,0.897163959336467,0.495370932249352,1,1,1,0,2,1,0.0121453166965231,0.0803185190638732,"M3",2,"U1.484;U2.484",0.971,0,33.311309032083,1.03,0,35.6557200516785,0.288,"T1->T2",FALSE,0.0299160480499268,NA
485,"model4",150,"medium",7,0.46,0.503124766633846,0.466329712606966,1,1,1,0,43,1,0.78765998605523,0.770625707623514,"M4",43,"U1.485;U2.485;U3.485;U4.485;U5.485;U6.485;U7.485;U8.485;U9.485;U10.485;U11.485;U12.485;U13.485;U14.485;U15.485;U16.485;U17.485;U18.485;U19.485;U20.485;U21.485;U22.485;U23.485;U24.485;U25.485;U26.485;U27.485;U28.485;U29.485;U30.485;U31.485;U32.485;U33.485;U34.485;U35.485;U36.485;U37.485;U38.485;U39.485;U40.485;U41.485;U42.485;U43.485",1.072,0,16.3041880743255,0.933,0,12.7320260755509,0.528,"T1->T2",FALSE,0.0277159214019775,NA
486,"model0",300,"medium",7,0.21,0.935845668427646,0.448186020366848,1,1,1,0,30,1,0.478724114940246,0.525284625630839,"M0.1",30,"U1.486;U2.486;U3.486;U4.486;U5.486;U6.486;U7.486;U8.486;U9.486;U10.486;U11.486;U12.486;U13.486;U14.486;U15.486;U16.486;U17.486;U18.486;U19.486;U20.486;U21.486;U22.486;U23.486;U24.486;U25.486;U26.486;U27.486;U28.486;U29.486;U30.486",-0.043,0.705,78.8770534188416,-23.164,0,0.143536172197481,0.017,"none",FALSE,0.0270910263061523,NA
487,"model1",300,"medium",7,0.33,0.613428316428326,0.475350979110226,1,1,1,0,31,1,0.467850930642521,0.611989825518835,"M1.1",31,"U1.487;U2.487;U3.487;U4.487;U5.487;U6.487;U7.487;U8.487;U9.487;U10.487;U11.487;U12.487;U13.487;U14.487;U15.487;U16.487;U17.487;U18.487;U19.487;U20.487;U21.487;U22.487;U23.487;U24.487;U25.487;U26.487;U27.487;U28.487;U29.487;U30.487;U31.487",0.311,0.15,38.6560592544938,3.212,0,2.07179457775675,0.423,"none",FALSE,0.026298999786377,NA
488,"model2",300,"medium",7,0.42,0.751325397402979,0.306262140208855,1,1,1,0,27,1,0.487706507095881,0.571181899426504,"M2.1",27,"U1.488;U2.488;U3.488;U4.488;U5.488;U6.488;U7.488;U8.488;U9.488;U10.488;U11.488;U12.488;U13.488;U14.488;U15.488;U16.488;U17.488;U18.488;U19.488;U20.488;U21.488;U22.488;U23.488;U24.488;U25.488;U26.488;U27.488",0.305,0.106,27.6140198964641,3.276,0,2.6117111738358,0.22,"none",FALSE,0.0252840518951416,NA
489,"model3",300,"medium",7,0.34,0.841151902917773,0.437195623014122,1,1,1,0,44,1,0.647626620072867,0.655041464993089,"M3",44,"U1.489;U2.489;U3.489;U4.489;U5.489;U6.489;U7.489;U8.489;U9.489;U10.489;U11.489;U12.489;U13.489;U14.489;U15.489;U16.489;U17.489;U18.489;U19.489;U20.489;U21.489;U22.489;U23.489;U24.489;U25.489;U26.489;U27.489;U28.489;U29.489;U30.489;U31.489;U32.489;U33.489;U34.489;U35.489;U36.489;U37.489;U38.489;U39.489;U40.489;U41.489;U42.489;U43.489;U44.489",0.974,0,38.5136444744154,1.027,0,35.0423643903715,0.187,"T1->T2",FALSE,0.0255749225616455,NA
490,"model4",300,"medium",7,0.36,0.613138443557546,0.312388021219522,1,1,1,0,27,1,0.490360343616445,0.529480143588797,"M4",27,"U1.490;U2.490;U3.490;U4.490;U5.490;U6.490;U7.490;U8.490;U9.490;U10.490;U11.490;U12.490;U13.490;U14.490;U15.490;U16.490;U17.490;U18.490;U19.490;U20.490;U21.490;U22.490;U23.490;U24.490;U25.490;U26.490;U27.490",1.369,0,25.7704124932479,0.731,0,38.8608062333038,0.231,"T1->T2",FALSE,0.0258820056915283,NA
491,"model0",670,"medium",7,0.01,0.933171770884655,0.446340696467087,1,1,1,3,21,2,0.362726377720517,0.397568986650322,"M0.1",21,"U1.491;U2.491;U3.491;U4.491;U5.491;U6.491;U7.491;U8.491;U9.491;U10.491;U11.491;U12.491;U13.491;U14.491;U15.491;U16.491;U17.491;U18.491;U19.491;U20.491;U21.491",0.235,0.758,1.800789994372,4.253,0.18,0.0945703260130866,0.095,"none",TRUE,0.0329680442810059,NA
492,"model1",670,"medium",7,0.32,0.587253351113759,0.475881570251659,1,1,1,3,38,1,0.523406285896003,0.576106564776619,"M1.1",38,"U1.492;U2.492;U3.492;U4.492;U5.492;U6.492;U7.492;U8.492;U9.492;U10.492;U11.492;U12.492;U13.492;U14.492;U15.492;U16.492;U17.492;U18.492;U19.492;U20.492;U21.492;U22.492;U23.492;U24.492;U25.492;U26.492;U27.492;U28.492;U29.492;U30.492;U31.492;U32.492;U33.492;U34.492;U35.492;U36.492;U37.492;U38.492",0.332,0.096,34.0181779446489,3.009,0,2.77645513938362,0.356,"none",FALSE,0.0400729179382324,NA
493,"model2",670,"medium",7,0.37,0.924636270501651,0.449963223189116,1,1,1,3,29,1,0.395031533119601,0.483635558206957,"M2.1",29,"U1.493;U2.493;U3.493;U4.493;U5.493;U6.493;U7.493;U8.493;U9.493;U10.493;U11.493;U12.493;U13.493;U14.493;U15.493;U16.493;U17.493;U18.493;U19.493;U20.493;U21.493;U22.493;U23.493;U24.493;U25.493;U26.493;U27.493;U28.493;U29.493",-0.092,0.28,113.581410357306,-10.869,0,1.16837204116122,0.244,"none",FALSE,0.0353829860687256,NA
494,"model3",670,"medium",7,0.12,0.661518250359222,0.45999300070107,1,1,1,3,26,1,0.366975319526733,0.444630894963113,"M3",26,"U1.494;U2.494;U3.494;U4.494;U5.494;U6.494;U7.494;U8.494;U9.494;U10.494;U11.494;U12.494;U13.494;U14.494;U15.494;U16.494;U17.494;U18.494;U19.494;U20.494;U21.494;U22.494;U23.494;U24.494;U25.494;U26.494",1.043,0,37.2369059555619,0.959,0,38.2428678986986,-0.1,"T1->T2",FALSE,0.0327808856964111,NA
495,"model4",670,"medium",7,0.5,0.500848123454489,0.491893489658833,1,1,1,3,25,1,0.482445401737916,0.436232984403067,"M4",25,"U1.495;U2.495;U3.495;U4.495;U5.495;U6.495;U7.495;U8.495;U9.495;U10.495;U11.495;U12.495;U13.495;U14.495;U15.495;U16.495;U17.495;U18.495;U19.495;U20.495;U21.495;U22.495;U23.495;U24.495;U25.495",1.717,0,49.9812591782699,0.582,0,106.44197000139,0.51,"T1->T2",FALSE,0.0324139595031738,NA
496,"model0",1000,"medium",7,0.33,0.985800473368727,0.436368989711627,1,1,1,0,19,1,0.272366332894479,0.361182264708721,"M0.1",19,"U1.496;U2.496;U3.496;U4.496;U5.496;U6.496;U7.496;U8.496;U9.496;U10.496;U11.496;U12.496;U13.496;U14.496;U15.496;U16.496;U17.496;U18.496;U19.496",0.049,0.419,322.071692308579,20.454,0,0.653081951317536,0.101,"none",FALSE,0.0620491504669189,NA
497,"model1",1000,"medium",7,0.31,0.967508499510586,0.362462456244975,1,1,1,0,8,1,0.167803864809585,0.297374061144795,"M1.1",8,"U1.497;U2.497;U3.497;U4.497;U5.497;U6.497;U7.497;U8.497",0.423,0,321.038460205045,2.363,0,43.783689036862,0.509,"T1->T2",FALSE,0.0474789142608643,NA
498,"model2",1000,"medium",7,0.16,0.636036154581234,0.404605486756191,1,1,1,0,3,1,0.0686504828348488,0.0866622725041445,"M2.1",3,"U1.498;U2.498;U3.498",0.144,0.133,106.099941300266,6.928,0,2.25463140873391,0.378,"none",FALSE,0.0400431156158447,NA
499,"model3",1000,"medium",7,0.47,0.678754001390189,0.417313592135906,1,1,1,0,1,1,0.0852297197764349,0.0153177337547972,"M3",1,"U1.499",0.938,0,228.692667691825,1.066,0,195.359711380079,0.111,"T1->T2",FALSE,0.0468230247497559,NA
500,"model4",1000,"medium",7,0.42,0.51424970489461,0.396908964170143,1,1,1,0,8,1,0.301797902819875,0.197411973342149,"M4",8,"U1.500;U2.500;U3.500;U4.500;U5.500;U6.500;U7.500;U8.500",1.483,0,93.4149346367517,0.674,0,204.990192202,0.499,"T1->T2",FALSE,0.0521368980407715,NA
501,"model0",50,"large",7,0.16,1.43459107121453,0.719457435654476,1,1,1,0,11,1,0.511025910791413,0.391932620256347,"M0.1",11,"U1.501;U2.501;U3.501;U4.501;U5.501;U6.501;U7.501;U8.501;U9.501;U10.501;U11.501",-0.09,0.671,18.9836158147065,-11.132,0,0.180395463634612,0.204,"none",FALSE,0.0335659980773926,NA
502,"model1",50,"large",7,0.03,1.17520630278159,0.665767073398456,1,1,1,0,41,9,0.945843928543369,0.962118049153762,"M1.1",41,"U1.502;U2.502;U3.502;U4.502;U5.502;U6.502;U7.502;U8.502;U9.502;U10.502;U11.502;U12.502;U13.502;U14.502;U15.502;U16.502;U17.502;U18.502;U19.502;U20.502;U21.502;U22.502;U23.502;U24.502;U25.502;U26.502;U27.502;U28.502;U29.502;U30.502;U31.502;U32.502;U33.502;U34.502;U35.502;U36.502;U37.502;U38.502;U39.502;U40.502;U41.502",0.899,0.369,1.65175264179754,1.112,0.199,0.806821229503831,0.634,"none",TRUE,0.0332179069519043,NA
503,"model2",50,"large",7,0.27,1.25019477354363,0.83481755014509,1,1,1,0,31,1,0.72400652973378,0.854004749462666,"M2.1",31,"U1.503;U2.503;U3.503;U4.503;U5.503;U6.503;U7.503;U8.503;U9.503;U10.503;U11.503;U12.503;U13.503;U14.503;U15.503;U16.503;U17.503;U18.503;U19.503;U20.503;U21.503;U22.503;U23.503;U24.503;U25.503;U26.503;U27.503;U28.503;U29.503;U30.503;U31.503",-0.627,0.08,5.6172233263528,-1.595,0.018,3.07276547144496,0.581,"none",TRUE,0.0362789630889893,NA
504,"model3",50,"large",7,0.14,1.32499154761899,0.726581412716769,1,1,1,0,10,3,0.317891029368191,0.257058097691523,"M3",10,"U1.504;U2.504;U3.504;U4.504;U5.504;U6.504;U7.504;U8.504;U9.504;U10.504",1.004,0,25.6472188879247,0.996,0,20.9475429469982,0.496,"T1->T2",FALSE,0.0303199291229248,NA
505,"model4",50,"large",7,0.08,1.02937820891384,0.919166222331114,1,1,1,0,30,3,0.711237879777226,0.785244459828956,"M4",30,"U1.505;U2.505;U3.505;U4.505;U5.505;U6.505;U7.505;U8.505;U9.505;U10.505;U11.505;U12.505;U13.505;U14.505;U15.505;U16.505;U17.505;U18.505;U19.505;U20.505;U21.505;U22.505;U23.505;U24.505;U25.505;U26.505;U27.505;U28.505;U29.505;U30.505",1.971,0.033,2.13512472598328,0.507,0.144,4.5513729281158,0.657,"none",TRUE,0.0281529426574707,NA
506,"model0",150,"large",7,0.36,1.40502618358005,0.511556384619325,1,1,1,0,28,1,0.402302330118304,0.593996774202794,"M0.1",28,"U1.506;U2.506;U3.506;U4.506;U5.506;U6.506;U7.506;U8.506;U9.506;U10.506;U11.506;U12.506;U13.506;U14.506;U15.506;U16.506;U17.506;U18.506;U19.506;U20.506;U21.506;U22.506;U23.506;U24.506;U25.506;U26.506;U27.506;U28.506",-0.055,0.696,60.309239934063,-18.258,0,0.152451534033239,-0.17,"none",FALSE,0.0275321006774902,NA
507,"model1",150,"large",7,0.27,1.11563063517679,0.538846858195029,1,1,1,0,30,1,0.583019489558541,0.667962470675926,"M1.1",30,"U1.507;U2.507;U3.507;U4.507;U5.507;U6.507;U7.507;U8.507;U9.507;U10.507;U11.507;U12.507;U13.507;U14.507;U15.507;U16.507;U17.507;U18.507;U19.507;U20.507;U21.507;U22.507;U23.507;U24.507;U25.507;U26.507;U27.507;U28.507;U29.507;U30.507",0.636,0.004,32.3044943815282,1.573,0,8.32311369034792,0.544,"T1->T2",FALSE,0.0336530208587646,NA
508,"model2",150,"large",7,0.4,1.47853044292424,0.77045199519489,1,1,1,0,8,1,0.195327446265618,0.33543388648467,"M2.1",8,"U1.508;U2.508;U3.508;U4.508;U5.508;U6.508;U7.508;U8.508",0.005,0.957,75.0877167418414,199.224,0,0.00288198988721475,0.555,"none",FALSE,0.0172648429870605,NA
509,"model3",150,"large",7,0.38,1.38134487264324,0.983843539841473,1,1,1,0,10,1,0.277047407610254,0.187447091904508,"M3",10,"U1.509;U2.509;U3.509;U4.509;U5.509;U6.509;U7.509;U8.509;U9.509;U10.509",1.284,0,77.0101902893585,0.779,0,136.753349207134,0.419,"T1->T2",FALSE,0.0173139572143555,NA
510,"model4",150,"large",7,0.38,1.37738568638451,0.60412926482968,1,1,1,0,46,1,0.60060631650877,0.633868223814325,"M4",46,"U1.510;U2.510;U3.510;U4.510;U5.510;U6.510;U7.510;U8.510;U9.510;U10.510;U11.510;U12.510;U13.510;U14.510;U15.510;U16.510;U17.510;U18.510;U19.510;U20.510;U21.510;U22.510;U23.510;U24.510;U25.510;U26.510;U27.510;U28.510;U29.510;U30.510;U31.510;U32.510;U33.510;U34.510;U35.510;U36.510;U37.510;U38.510;U39.510;U40.510;U41.510;U42.510;U43.510;U44.510;U45.510;U46.510",1.542,0,35.1077491836894,0.648,0,56.5463233819038,0.69,"T1->T2",FALSE,0.0255849361419678,NA
511,"model0",300,"large",7,0.47,1.45574960636441,0.711745543638244,1,1,1,0,25,1,0.296580917965503,0.558789751004163,"M0.1",25,"U1.511;U2.511;U3.511;U4.511;U5.511;U6.511;U7.511;U8.511;U9.511;U10.511;U11.511;U12.511;U13.511;U14.511;U15.511;U16.511;U17.511;U18.511;U19.511;U20.511;U21.511;U22.511;U23.511;U24.511;U25.511",-0.108,0.158,166.848817327244,-9.236,0,1.98885939176436,0.007,"none",FALSE,0.0268828868865967,NA
512,"model1",300,"large",7,0.15,1.40382006787695,0.795020069228485,1,1,1,0,39,1,0.598296322580494,0.596560635642364,"M1.1",39,"U1.512;U2.512;U3.512;U4.512;U5.512;U6.512;U7.512;U8.512;U9.512;U10.512;U11.512;U12.512;U13.512;U14.512;U15.512;U16.512;U17.512;U18.512;U19.512;U20.512;U21.512;U22.512;U23.512;U24.512;U25.512;U26.512;U27.512;U28.512;U29.512;U30.512;U31.512;U32.512;U33.512;U34.512;U35.512;U36.512;U37.512;U38.512;U39.512",0.888,0,90.7117066138945,1.126,0,44.887340021677,0.69,"T1->T2",FALSE,0.02901291847229,NA
513,"model2",300,"large",7,0.05,1.44736063061282,0.627484539523721,1,1,1,0,13,2,0.176627545872063,0.288240312392349,"M2.1",13,"U1.513;U2.513;U3.513;U4.513;U5.513;U6.513;U7.513;U8.513;U9.513;U10.513;U11.513;U12.513;U13.513",-0.09,0.598,29.8733277615658,-11.125,0,0.278594936188902,0.58,"none",FALSE,0.0260279178619385,NA
514,"model3",300,"large",7,0.09,1.46474621421658,0.593900686246343,1,1,1,0,40,1,0.611143951412017,0.601346772463624,"M3",40,"U1.514;U2.514;U3.514;U4.514;U5.514;U6.514;U7.514;U8.514;U9.514;U10.514;U11.514;U12.514;U13.514;U14.514;U15.514;U16.514;U17.514;U18.514;U19.514;U20.514;U21.514;U22.514;U23.514;U24.514;U25.514;U26.514;U27.514;U28.514;U29.514;U30.514;U31.514;U32.514;U33.514;U34.514;U35.514;U36.514;U37.514;U38.514;U39.514;U40.514",0.878,0,43.1899208025106,1.139,0,38.0548231856279,0.072,"T1->T2",FALSE,0.0258009433746338,NA
515,"model4",300,"large",7,0.14,1.17930367786903,0.691978768561967,1,1,1,0,42,1,0.595409309368341,0.539850822355357,"M4",42,"U1.515;U2.515;U3.515;U4.515;U5.515;U6.515;U7.515;U8.515;U9.515;U10.515;U11.515;U12.515;U13.515;U14.515;U15.515;U16.515;U17.515;U18.515;U19.515;U20.515;U21.515;U22.515;U23.515;U24.515;U25.515;U26.515;U27.515;U28.515;U29.515;U30.515;U31.515;U32.515;U33.515;U34.515;U35.515;U36.515;U37.515;U38.515;U39.515;U40.515;U41.515;U42.515",1.783,0,50.6980908360639,0.561,0,100.437964215072,0.715,"T1->T2",FALSE,0.0260899066925049,NA
516,"model0",670,"large",7,0.04,1.47333493293263,0.978057623957284,1,1,1,3,3,1,0.0586633851668949,0.119512440722369,"M0.1",3,"U1.516;U2.516;U3.516",0.029,0.777,110.794430619613,34.4,0,0.0802886632140555,0.035,"none",FALSE,0.0319449901580811,NA
517,"model1",670,"large",7,0.27,1.38802667194977,0.652762154350057,1,1,1,3,25,1,0.471228630701237,0.472358327546399,"M1.1",25,"U1.517;U2.517;U3.517;U4.517;U5.517;U6.517;U7.517;U8.517;U9.517;U10.517;U11.517;U12.517;U13.517;U14.517;U15.517;U16.517;U17.517;U18.517;U19.517;U20.517;U21.517;U22.517;U23.517;U24.517;U25.517",0.648,0,238.406231126029,1.542,0,82.1191437936635,0.639,"T1->T2",FALSE,0.0365519523620605,NA
518,"model2",670,"large",7,0.06,1.346523410175,0.940949642448686,1,1,1,3,24,1,0.509090314881489,0.549410125068152,"M2.1",24,"U1.518;U2.518;U3.518;U4.518;U5.518;U6.518;U7.518;U8.518;U9.518;U10.518;U11.518;U12.518;U13.518;U14.518;U15.518;U16.518;U17.518;U18.518;U19.518;U20.518;U21.518;U22.518;U23.518;U24.518",-0.065,0.621,30.0618624867859,-15.399,0,0.24426021407237,0.667,"none",FALSE,0.0353031158447266,NA
519,"model3",670,"large",7,0.35,1.23973139317241,0.504166321945377,1,1,1,3,21,1,0.306643796557303,0.309890138886765,"M3",21,"U1.519;U2.519;U3.519;U4.519;U5.519;U6.519;U7.519;U8.519;U9.519;U10.519;U11.519;U12.519;U13.519;U14.519;U15.519;U16.519;U17.519;U18.519;U19.519;U20.519;U21.519",0.993,0,276.983181354784,1.007,0,261.758903498627,0.219,"T1->T2",FALSE,0.0326979160308838,NA
520,"model4",670,"large",7,0.3,1.27675747021567,0.804253530804999,1,1,1,3,39,1,0.535501426090269,0.388137054956708,"M4",39,"U1.520;U2.520;U3.520;U4.520;U5.520;U6.520;U7.520;U8.520;U9.520;U10.520;U11.520;U12.520;U13.520;U14.520;U15.520;U16.520;U17.520;U18.520;U19.520;U20.520;U21.520;U22.520;U23.520;U24.520;U25.520;U26.520;U27.520;U28.520;U29.520;U30.520;U31.520;U32.520;U33.520;U34.520;U35.520;U36.520;U37.520;U38.520;U39.520",2.032,0,115.589040100643,0.492,0,316.983540464571,0.72,"T1->T2",FALSE,0.0333240032196045,NA
521,"model0",1000,"large",7,0.47,1.20806288393214,0.701538743334822,1,1,1,0,47,1,0.546355561538882,0.686580752707638,"M0.1",47,"U1.521;U2.521;U3.521;U4.521;U5.521;U6.521;U7.521;U8.521;U9.521;U10.521;U11.521;U12.521;U13.521;U14.521;U15.521;U16.521;U17.521;U18.521;U19.521;U20.521;U21.521;U22.521;U23.521;U24.521;U25.521;U26.521;U27.521;U28.521;U29.521;U30.521;U31.521;U32.521;U33.521;U34.521;U35.521;U36.521;U37.521;U38.521;U39.521;U40.521;U41.521;U42.521;U43.521;U44.521;U45.521;U46.521;U47.521",-0.064,0.268,295.422489700182,-15.523,0,1.22509314572118,-0.175,"none",FALSE,0.0563321113586426,NA
522,"model1",1000,"large",7,0.22,1.08895913569722,0.925334866624326,1,1,1,0,3,1,0.0854800711838512,0.032104505062235,"M1.1",3,"U1.522;U2.522;U3.522",0.852,0,305.223114765843,1.174,0,144.35769215264,0.683,"T1->T2",FALSE,0.0475378036499023,NA
523,"model2",1000,"large",7,0.06,1.08336880186107,0.666165905771777,1,1,1,0,5,1,0.173852904348391,0.205323257530564,"M2.1",5,"U1.523;U2.523;U3.523;U4.523;U5.523",0.001,0.989,75.1901642235505,734.957,0,0.00019080985046155,0.535,"none",FALSE,0.0523982048034668,NA
524,"model3",1000,"large",7,0.24,1.07190278416965,0.855355370789766,1,1,1,0,40,1,0.527393906085824,0.512143383258641,"M3",40,"U1.524;U2.524;U3.524;U4.524;U5.524;U6.524;U7.524;U8.524;U9.524;U10.524;U11.524;U12.524;U13.524;U14.524;U15.524;U16.524;U17.524;U18.524;U19.524;U20.524;U21.524;U22.524;U23.524;U24.524;U25.524;U26.524;U27.524;U28.524;U29.524;U30.524;U31.524;U32.524;U33.524;U34.524;U35.524;U36.524;U37.524;U38.524;U39.524;U40.524",1.014,0,175.40677096135,0.986,0,175.428514717864,0.167,"T1->T2",FALSE,0.0467588901519775,NA
525,"model4",1000,"large",7,0.32,1.08083246974275,0.683064727927558,1,1,1,0,23,1,0.410592156330188,0.333048874320152,"M4",23,"U1.525;U2.525;U3.525;U4.525;U5.525;U6.525;U7.525;U8.525;U9.525;U10.525;U11.525;U12.525;U13.525;U14.525;U15.525;U16.525;U17.525;U18.525;U19.525;U20.525;U21.525;U22.525;U23.525",1.788,0,268.49691934372,0.559,0,525.454672110208,0.692,"T1->T2",FALSE,0.0545599460601807,NA
526,"model0",50,"small",8,0.19,0.476244310010225,0.257691723015159,1,1,1,0,30,1,0.80012489476068,0.841945563922045,"M0.1",30,"U1.526;U2.526;U3.526;U4.526;U5.526;U6.526;U7.526;U8.526;U9.526;U10.526;U11.526;U12.526;U13.526;U14.526;U15.526;U16.526;U17.526;U18.526;U19.526;U20.526;U21.526;U22.526;U23.526;U24.526;U25.526;U26.526;U27.526;U28.526;U29.526;U30.526",0.179,0.628,7.81993412258965,5.593,0.005,0.234197787710091,0.006,"none",TRUE,0.0237090587615967,NA
527,"model1",50,"small",8,0.48,0.109324142895639,0.130922915646806,1,1,1,0,40,1,0.896369900123234,0.93195276130064,"M1.1",40,"U1.527;U2.527;U3.527;U4.527;U5.527;U6.527;U7.527;U8.527;U9.527;U10.527;U11.527;U12.527;U13.527;U14.527;U15.527;U16.527;U17.527;U18.527;U19.527;U20.527;U21.527;U22.527;U23.527;U24.527;U25.527;U26.527;U27.527;U28.527;U29.527;U30.527;U31.527;U32.527;U33.527;U34.527;U35.527;U36.527;U37.527;U38.527;U39.527;U40.527",2.145,0.322,0.304781861181225,0.466,0.581,0.978997208314051,0.301,"none",TRUE,0.0238280296325684,NA
528,"model2",50,"small",8,0.3,0.455732526537031,0.274499465385452,1,1,1,0,27,1,0.774634621076966,0.701795953391499,"M2.1",27,"U1.528;U2.528;U3.528;U4.528;U5.528;U6.528;U7.528;U8.528;U9.528;U10.528;U11.528;U12.528;U13.528;U14.528;U15.528;U16.528;U17.528;U18.528;U19.528;U20.528;U21.528;U22.528;U23.528;U24.528;U25.528;U26.528;U27.528",0.238,0.53,2.64117836648146,4.201,0.104,0.394813335865125,0.382,"none",TRUE,0.0271251201629639,NA
529,"model3",50,"small",8,0.44,0.172921008057892,0.107581490697339,1,1,1,0,35,1,0.924814768897495,0.9048335435791,"M3",35,"U1.529;U2.529;U3.529;U4.529;U5.529;U6.529;U7.529;U8.529;U9.529;U10.529;U11.529;U12.529;U13.529;U14.529;U15.529;U16.529;U17.529;U18.529;U19.529;U20.529;U21.529;U22.529;U23.529;U24.529;U25.529;U26.529;U27.529;U28.529;U29.529;U30.529;U31.529;U32.529;U33.529;U34.529;U35.529",5.829,0.197,0.0539247345212707,0.172,0.816,1.6631176211262,-0.289,"none",TRUE,0.0237388610839844,NA
530,"model4",50,"small",8,0.27,0.203119261842221,0.113025411823764,1,1,1,0,9,1,0.402303903737011,0.286609518132713,"M4",9,"U1.530;U2.530;U3.530;U4.530;U5.530;U6.530;U7.530;U8.530;U9.530",1.505,0.394,0.245766551044432,0.665,0.62,0.727320546275347,-0.047,"none",TRUE,0.0292870998382568,NA
531,"model0",150,"small",8,0.03,0.157283351197839,0.254478449327871,1,1,1,0,21,6,0.419407656904615,0.456806246834333,"M0.1",21,"U1.531;U2.531;U3.531;U4.531;U5.531;U6.531;U7.531;U8.531;U9.531;U10.531;U11.531;U12.531;U13.531;U14.531;U15.531;U16.531;U17.531;U18.531;U19.531;U20.531;U21.531",-0.787,0.807,0.148792981815417,-1.27,0.7,0.0595536929404759,-0.156,"none",TRUE,0.0416049957275391,NA
532,"model1",150,"small",8,0.32,0.364261759631336,0.117437850637361,1,1,1,0,39,1,0.669452760053475,0.677316512352999,"M1.1",39,"U1.532;U2.532;U3.532;U4.532;U5.532;U6.532;U7.532;U8.532;U9.532;U10.532;U11.532;U12.532;U13.532;U14.532;U15.532;U16.532;U17.532;U18.532;U19.532;U20.532;U21.532;U22.532;U23.532;U24.532;U25.532;U26.532;U27.532;U28.532;U29.532;U30.532;U31.532;U32.532;U33.532;U34.532;U35.532;U36.532;U37.532;U38.532;U39.532",5.505,0.401,0.0261754722627347,0.182,0.871,0.706022719839023,0.266,"none",TRUE,0.0244841575622559,NA
533,"model2",150,"small",8,0.11,0.279158924240619,0.29636691394262,1,1,1,0,5,1,0.172491907465645,0.147861581918099,"M2.1",5,"U1.533;U2.533;U3.533;U4.533;U5.533",-0.229,0.552,4.96209136640749,-4.369,0.026,0.353393519908503,0.402,"none",TRUE,0.047896146774292,NA
534,"model3",150,"small",8,0.06,0.11381753962487,0.207863556779921,1,1,1,0,18,1,0.527350167254641,0.529332371323716,"M3",18,"U1.534;U2.534;U3.534;U4.534;U5.534;U6.534;U7.534;U8.534;U9.534;U10.534;U11.534;U12.534;U13.534;U14.534;U15.534;U16.534;U17.534;U18.534",-0.167,0.751,3.3850384565029,-5.985,0.066,0.100371890820852,-0.226,"none",TRUE,0.0439009666442871,NA
535,"model4",150,"small",8,0.49,0.421371918730438,0.160042254952714,1,1,1,0,18,1,0.423034098611136,0.45937892635071,"M4",18,"U1.535;U2.535;U3.535;U4.535;U5.535;U6.535;U7.535;U8.535;U9.535;U10.535;U11.535;U12.535;U13.535;U14.535;U15.535;U16.535;U17.535;U18.535",0.851,0.002,11.9517599929007,1.175,0.001,9.64018924402487,-0.11,"T1->T2",FALSE,0.0400021076202393,NA
536,"model0",300,"small",8,0.41,0.106905250251293,0.18094984870404,1,1,1,0,26,1,0.404708312522216,0.517399554082717,"M0.1",26,"U1.536;U2.536;U3.536;U4.536;U5.536;U6.536;U7.536;U8.536;U9.536;U10.536;U11.536;U12.536;U13.536;U14.536;U15.536;U16.536;U17.536;U18.536;U19.536;U20.536;U21.536;U22.536;U23.536;U24.536;U25.536;U26.536",-0.708,0.875,0.0616450666318562,-1.413,0.804,0.0245999785451063,0.169,"none",TRUE,0.0360040664672852,NA
537,"model1",300,"small",8,0.21,0.213497732859105,0.103478660481051,1,1,1,0,17,1,0.450533134579746,0.446404828404416,"M1.1",17,"U1.537;U2.537;U3.537;U4.537;U5.537;U6.537;U7.537;U8.537;U9.537;U10.537;U11.537;U12.537;U13.537;U14.537;U15.537;U16.537;U17.537",0.106,0.741,8.09831712787456,9.455,0.004,0.109428832676505,0.074,"none",TRUE,0.0291180610656738,NA
538,"model2",300,"small",8,0.26,0.246184336952865,0.243580841971561,1,1,1,0,14,1,0.300386703394564,0.276617379887542,"M2.1",14,"U1.538;U2.538;U3.538;U4.538;U5.538;U6.538;U7.538;U8.538;U9.538;U10.538;U11.538;U12.538;U13.538;U14.538",-0.002,0.996,6.69606665841522,-531.052,0.01,2.45797945835239e-05,0.248,"none",TRUE,0.0312449932098389,NA
539,"model3",300,"small",8,0.19,0.385615913663059,0.10276736295782,1,1,1,0,23,1,0.457691430393337,0.463299394918092,"M3",23,"U1.539;U2.539;U3.539;U4.539;U5.539;U6.539;U7.539;U8.539;U9.539;U10.539;U11.539;U12.539;U13.539;U14.539;U15.539;U16.539;U17.539;U18.539;U19.539;U20.539;U21.539;U22.539;U23.539",1.779,0,4.79375878337339,0.562,0.029,12.8495085691572,0.023,"none",TRUE,0.0278940200805664,NA
540,"model4",300,"small",8,0.02,0.154234287049621,0.28145822067745,1,1,1,0,19,1,0.411363823163749,0.391094789486641,"M4",19,"U1.540;U2.540;U3.540;U4.540;U5.540;U6.540;U7.540;U8.540;U9.540;U10.540;U11.540;U12.540;U13.540;U14.540;U15.540;U16.540;U17.540;U18.540;U19.540",-9.604,0.151,0.0257886914671052,-0.104,0.872,2.06271882564627,0.248,"none",TRUE,0.0263259410858154,NA
541,"model0",670,"small",8,0.31,0.221697510965168,0.278868504287675,1,1,1,3,36,1,0.616809507236492,0.617179918310784,"M0.1",36,"U1.541;U2.541;U3.541;U4.541;U5.541;U6.541;U7.541;U8.541;U9.541;U10.541;U11.541;U12.541;U13.541;U14.541;U15.541;U16.541;U17.541;U18.541;U19.541;U20.541;U21.541;U22.541;U23.541;U24.541;U25.541;U26.541;U27.541;U28.541;U29.541;U30.541;U31.541;U32.541;U33.541;U34.541;U35.541;U36.541",0.215,0.524,10.0372038138524,4.643,0.002,0.406370734970096,0.098,"none",FALSE,0.0430600643157959,NA
542,"model1",670,"small",8,0.29,0.244223626889288,0.206618044199422,1,1,1,3,43,1,0.649654808259918,0.638436724930866,"M1.1",43,"U1.542;U2.542;U3.542;U4.542;U5.542;U6.542;U7.542;U8.542;U9.542;U10.542;U11.542;U12.542;U13.542;U14.542;U15.542;U16.542;U17.542;U18.542;U19.542;U20.542;U21.542;U22.542;U23.542;U24.542;U25.542;U26.542;U27.542;U28.542;U29.542;U30.542;U31.542;U32.542;U33.542;U34.542;U35.542;U36.542;U37.542;U38.542;U39.542;U40.542;U41.542;U42.542;U43.542",-0.085,0.814,7.80647844179645,-11.704,0.005,0.0553123196819398,0.045,"none",TRUE,0.0367710590362549,NA
543,"model2",670,"small",8,0.07,0.44120684210211,0.138229993963614,1,1,1,3,31,1,0.502297950970031,0.590737810153108,"M2.1",31,"U1.543;U2.543;U3.543;U4.543;U5.543;U6.543;U7.543;U8.543;U9.543;U10.543;U11.543;U12.543;U13.543;U14.543;U15.543;U16.543;U17.543;U18.543;U19.543;U20.543;U21.543;U22.543;U23.543;U24.543;U25.543;U26.543;U27.543;U28.543;U29.543;U30.543;U31.543",0.149,0.602,15.2793509111449,6.726,0,0.272725627502357,0.283,"none",FALSE,0.0332419872283936,NA
544,"model3",670,"small",8,0.47,0.164346146117896,0.127808880060911,1,1,1,3,43,1,0.644767819151295,0.604738576202499,"M3",43,"U1.544;U2.544;U3.544;U4.544;U5.544;U6.544;U7.544;U8.544;U9.544;U10.544;U11.544;U12.544;U13.544;U14.544;U15.544;U16.544;U17.544;U18.544;U19.544;U20.544;U21.544;U22.544;U23.544;U24.544;U25.544;U26.544;U27.544;U28.544;U29.544;U30.544;U31.544;U32.544;U33.544;U34.544;U35.544;U36.544;U37.544;U38.544;U39.544;U40.544;U41.544;U42.544;U43.544",7.727,0.001,0.160525830037053,0.129,0.689,10.6787052842746,0.016,"none",TRUE,0.0322809219360352,NA
545,"model4",670,"small",8,0.48,0.135164889320731,0.11313269501552,1,1,1,3,40,1,0.673388343694995,0.513748481108458,"M4",40,"U1.545;U2.545;U3.545;U4.545;U5.545;U6.545;U7.545;U8.545;U9.545;U10.545;U11.545;U12.545;U13.545;U14.545;U15.545;U16.545;U17.545;U18.545;U19.545;U20.545;U21.545;U22.545;U23.545;U24.545;U25.545;U26.545;U27.545;U28.545;U29.545;U30.545;U31.545;U32.545;U33.545;U34.545;U35.545;U36.545;U37.545;U38.545;U39.545;U40.545",1.509,0.044,1.28245815153174,0.662,0.257,4.06920861886656,0.097,"none",TRUE,0.0318081378936768,NA
546,"model0",1000,"small",8,0.18,0.414931534137577,0.210370578570291,1,1,1,0,16,1,0.359841849699093,0.38176428769949,"M0.1",16,"U1.546;U2.546;U3.546;U4.546;U5.546;U6.546;U7.546;U8.546;U9.546;U10.546;U11.546;U12.546;U13.546;U14.546;U15.546;U16.546",-0.246,0.167,30.8088877476265,-4.068,0,1.9118194937411,-0.087,"none",FALSE,0.0763809680938721,NA
547,"model1",1000,"small",8,0.14,0.479838049132377,0.267988667264581,1,1,1,0,48,1,0.645927019999481,0.633670310401614,"M1.1",48,"U1.547;U2.547;U3.547;U4.547;U5.547;U6.547;U7.547;U8.547;U9.547;U10.547;U11.547;U12.547;U13.547;U14.547;U15.547;U16.547;U17.547;U18.547;U19.547;U20.547;U21.547;U22.547;U23.547;U24.547;U25.547;U26.547;U27.547;U28.547;U29.547;U30.547;U31.547;U32.547;U33.547;U34.547;U35.547;U36.547;U37.547;U38.547;U39.547;U40.547;U41.547;U42.547;U43.547;U44.547;U45.547;U46.547;U47.547;U48.547",0.306,0.082,34.87130528167,3.268,0,3.02224439093508,0.216,"none",FALSE,0.0526010990142822,NA
548,"model2",1000,"small",8,0.15,0.451526444032788,0.267626186087728,1,1,1,0,27,1,0.536670337924784,0.50887223330906,"M2.1",27,"U1.548;U2.548;U3.548;U4.548;U5.548;U6.548;U7.548;U8.548;U9.548;U10.548;U11.548;U12.548;U13.548;U14.548;U15.548;U16.548;U17.548;U18.548;U19.548;U20.548;U21.548;U22.548;U23.548;U24.548;U25.548;U26.548;U27.548",-0.15,0.383,29.7948275581919,-6.661,0,0.762171038092949,0.22,"none",FALSE,0.0464339256286621,NA
549,"model3",1000,"small",8,0.08,0.175840050727129,0.206338516063988,1,1,1,0,15,1,0.325917047373213,0.339885676490969,"M3",15,"U1.549;U2.549;U3.549;U4.549;U5.549;U6.549;U7.549;U8.549;U9.549;U10.549;U11.549;U12.549;U13.549;U14.549;U15.549",0.307,0.293,12.8929100667486,3.258,0,1.10686963314976,-0.052,"none",FALSE,0.0433509349822998,NA
550,"model4",1000,"small",8,0.13,0.412631888128817,0.159908879641443,1,1,1,0,35,1,0.611172371231801,0.543053038808868,"M4",35,"U1.550;U2.550;U3.550;U4.550;U5.550;U6.550;U7.550;U8.550;U9.550;U10.550;U11.550;U12.550;U13.550;U14.550;U15.550;U16.550;U17.550;U18.550;U19.550;U20.550;U21.550;U22.550;U23.550;U24.550;U25.550;U26.550;U27.550;U28.550;U29.550;U30.550;U31.550;U32.550;U33.550;U34.550;U35.550",1.726,0,9.48240879879583,0.579,0.002,28.8019955037528,0.219,"none",TRUE,0.0430300235748291,NA
551,"model0",50,"medium",8,0.4,0.57137583673466,0.335230286465958,1,1,1,0,14,1,0.593268185763093,0.446308515368885,"M0.1",14,"U1.551;U2.551;U3.551;U4.551;U5.551;U6.551;U7.551;U8.551;U9.551;U10.551;U11.551;U12.551;U13.551;U14.551",-0.546,0.053,7.64316657573661,-1.833,0.006,3.75144921331569,-0.038,"none",TRUE,0.0305309295654297,NA
552,"model1",50,"medium",8,0.2,0.876141004613601,0.311967392731458,1,1,1,0,3,1,0.12613104310695,0.115985058674873,"M1.1",3,"U1.552;U2.552;U3.552",-0.325,0.369,12.7269423883461,-3.074,0,0.806267797111473,0.17,"none",FALSE,0.0351860523223877,NA
553,"model2",50,"medium",8,0.11,0.990705749369226,0.45458281035535,1,1,1,0,39,4,0.930065440239111,0.946698670542148,"M2.1",39,"U1.553;U2.553;U3.553;U4.553;U5.553;U6.553;U7.553;U8.553;U9.553;U10.553;U11.553;U12.553;U13.553;U14.553;U15.553;U16.553;U17.553;U18.553;U19.553;U20.553;U21.553;U22.553;U23.553;U24.553;U25.553;U26.553;U27.553;U28.553;U29.553;U30.553;U31.553;U32.553;U33.553;U34.553;U35.553;U36.553;U37.553;U38.553;U39.553",-0.338,0.548,2.64669307830752,-2.962,0.104,0.361207574050244,0.332,"none",TRUE,0.0298030376434326,NA
554,"model3",50,"medium",8,0.22,0.606267334194854,0.333225043490529,1,1,1,0,29,1,0.801192991926366,0.733235980109438,"M3",29,"U1.554;U2.554;U3.554;U4.554;U5.554;U6.554;U7.554;U8.554;U9.554;U10.554;U11.554;U12.554;U13.554;U14.554;U15.554;U16.554;U17.554;U18.554;U19.554;U20.554;U21.554;U22.554;U23.554;U24.554;U25.554;U26.554;U27.554;U28.554;U29.554",1.836,0,3.4284744683882,0.545,0.064,17.9030563837318,0.216,"none",TRUE,0.0340299606323242,NA
555,"model4",50,"medium",8,0.39,0.759673052001745,0.423684683907777,1,1,1,0,2,1,0.0287193454925135,0.0723167111154661,"M4",2,"U1.555;U2.555",0.85,0,40.9219082006138,1.176,0,25.2532121357463,0.645,"T1->T2",FALSE,0.0368289947509766,NA
556,"model0",150,"medium",8,0.14,0.565411496907473,0.326426046807319,1,1,1,0,47,1,0.759081356759148,0.723015667879305,"M0.1",47,"U1.556;U2.556;U3.556;U4.556;U5.556;U6.556;U7.556;U8.556;U9.556;U10.556;U11.556;U12.556;U13.556;U14.556;U15.556;U16.556;U17.556;U18.556;U19.556;U20.556;U21.556;U22.556;U23.556;U24.556;U25.556;U26.556;U27.556;U28.556;U29.556;U30.556;U31.556;U32.556;U33.556;U34.556;U35.556;U36.556;U37.556;U38.556;U39.556;U40.556;U41.556;U42.556;U43.556;U44.556;U45.556;U46.556;U47.556",-0.117,0.599,19.4037621712143,-8.553,0,0.276306712196816,-0.079,"none",FALSE,0.0329139232635498,NA
557,"model1",150,"medium",8,0.2,0.559511329629458,0.325448389910162,1,1,1,0,47,1,0.726888079253801,0.771861449937957,"M1.1",47,"U1.557;U2.557;U3.557;U4.557;U5.557;U6.557;U7.557;U8.557;U9.557;U10.557;U11.557;U12.557;U13.557;U14.557;U15.557;U16.557;U17.557;U18.557;U19.557;U20.557;U21.557;U22.557;U23.557;U24.557;U25.557;U26.557;U27.557;U28.557;U29.557;U30.557;U31.557;U32.557;U33.557;U34.557;U35.557;U36.557;U37.557;U38.557;U39.557;U40.557;U41.557;U42.557;U43.557;U44.557;U45.557;U46.557;U47.557",-0.645,0.389,2.21541273929603,-1.55,0.137,0.743565318671275,0.332,"none",TRUE,0.0331599712371826,NA
558,"model2",150,"medium",8,0.41,0.875029616756365,0.338844755105674,1,1,1,0,47,1,0.599887332936055,0.756472101098493,"M2.1",47,"U1.558;U2.558;U3.558;U4.558;U5.558;U6.558;U7.558;U8.558;U9.558;U10.558;U11.558;U12.558;U13.558;U14.558;U15.558;U16.558;U17.558;U18.558;U19.558;U20.558;U21.558;U22.558;U23.558;U24.558;U25.558;U26.558;U27.558;U28.558;U29.558;U30.558;U31.558;U32.558;U33.558;U34.558;U35.558;U36.558;U37.558;U38.558;U39.558;U40.558;U41.558;U42.558;U43.558;U44.558;U45.558;U46.558;U47.558",0.204,0.378,17.4163985363265,4.904,0,0.778280470839009,0.314,"none",FALSE,0.0301761627197266,NA
559,"model3",150,"medium",8,0.1,0.535990737611428,0.315547024272382,1,1,1,0,40,1,0.599416846317989,0.684649997554053,"M3",40,"U1.559;U2.559;U3.559;U4.559;U5.559;U6.559;U7.559;U8.559;U9.559;U10.559;U11.559;U12.559;U13.559;U14.559;U15.559;U16.559;U17.559;U18.559;U19.559;U20.559;U21.559;U22.559;U23.559;U24.559;U25.559;U26.559;U27.559;U28.559;U29.559;U30.559;U31.559;U32.559;U33.559;U34.559;U35.559;U36.559;U37.559;U38.559;U39.559;U40.559",19.818,0.17,0.00510021786831601,0.05,0.943,1.88717313122144,0.075,"none",TRUE,0.0318570137023926,NA
560,"model4",150,"medium",8,0.07,0.751980595290661,0.472529518790543,1,1,1,0,49,1,0.799966855947888,0.57446729976629,"M4",49,"U1.560;U2.560;U3.560;U4.560;U5.560;U6.560;U7.560;U8.560;U9.560;U10.560;U11.560;U12.560;U13.560;U14.560;U15.560;U16.560;U17.560;U18.560;U19.560;U20.560;U21.560;U22.560;U23.560;U24.560;U25.560;U26.560;U27.560;U28.560;U29.560;U30.560;U31.560;U32.560;U33.560;U34.560;U35.560;U36.560;U37.560;U38.560;U39.560;U40.560;U41.560;U42.560;U43.560;U44.560;U45.560;U46.560;U47.560;U48.560;U49.560",0.888,0.028,6.35585162263976,1.127,0.012,4.85876949555095,0.523,"none",TRUE,0.0316259860992432,NA
561,"model0",300,"medium",8,0.15,0.905588165391237,0.452725091576576,1,1,1,0,34,1,0.622198286188688,0.630810769213908,"M0.1",34,"U1.561;U2.561;U3.561;U4.561;U5.561;U6.561;U7.561;U8.561;U9.561;U10.561;U11.561;U12.561;U13.561;U14.561;U15.561;U16.561;U17.561;U18.561;U19.561;U20.561;U21.561;U22.561;U23.561;U24.561;U25.561;U26.561;U27.561;U28.561;U29.561;U30.561;U31.561;U32.561;U33.561;U34.561",-0.335,0.126,21.364027949837,-2.988,0,2.3374354680133,-0.034,"none",FALSE,0.0265147686004639,NA
562,"model1",300,"medium",8,0.4,0.854511087411083,0.496243323618546,1,1,1,0,23,1,0.460976957941586,0.523453254636808,"M1.1",23,"U1.562;U2.562;U3.562;U4.562;U5.562;U6.562;U7.562;U8.562;U9.562;U10.562;U11.562;U12.562;U13.562;U14.562;U15.562;U16.562;U17.562;U18.562;U19.562;U20.562;U21.562;U22.562;U23.562",0.424,0.002,71.0060349469896,2.359,0,9.57874609859305,0.498,"T1->T2",FALSE,0.0269019603729248,NA
563,"model2",300,"medium",8,0.36,0.896736860508099,0.442087759263813,1,1,1,0,32,1,0.616302396178541,0.581238621581851,"M2.1",32,"U1.563;U2.563;U3.563;U4.563;U5.563;U6.563;U7.563;U8.563;U9.563;U10.563;U11.563;U12.563;U13.563;U14.563;U15.563;U16.563;U17.563;U18.563;U19.563;U20.563;U21.563;U22.563;U23.563;U24.563;U25.563;U26.563;U27.563;U28.563;U29.563;U30.563;U31.563;U32.563",-0.458,0.105,8.74890757307673,-2.182,0.003,2.62800890537786,0.524,"none",TRUE,0.0268619060516357,NA
564,"model3",300,"medium",8,0.16,0.9267361916136,0.318381979782134,1,1,1,0,46,1,0.644838442116828,0.574698591904623,"M3",46,"U1.564;U2.564;U3.564;U4.564;U5.564;U6.564;U7.564;U8.564;U9.564;U10.564;U11.564;U12.564;U13.564;U14.564;U15.564;U16.564;U17.564;U18.564;U19.564;U20.564;U21.564;U22.564;U23.564;U24.564;U25.564;U26.564;U27.564;U28.564;U29.564;U30.564;U31.564;U32.564;U33.564;U34.564;U35.564;U36.564;U37.564;U38.564;U39.564;U40.564;U41.564;U42.564;U43.564;U44.564;U45.564;U46.564",1.198,0,20.9767708454014,0.835,0,31.7782850500229,0.06,"T1->T2",FALSE,0.0269238948822021,NA
565,"model4",300,"medium",8,0.5,0.877314046723768,0.437060385476798,1,1,1,0,14,1,0.291091227884828,0.342106468601086,"M4",14,"U1.565;U2.565;U3.565;U4.565;U5.565;U6.565;U7.565;U8.565;U9.565;U10.565;U11.565;U12.565;U13.565;U14.565",1.542,0,82.3124923408272,0.648,0,146.086017744363,0.614,"T1->T2",FALSE,0.0283498764038086,NA
566,"model0",670,"medium",8,0.31,0.639076862251386,0.477401962131262,1,1,1,3,11,1,0.347115771411924,0.204569113678507,"M0.1",11,"U1.566;U2.566;U3.566;U4.566;U5.566;U6.566;U7.566;U8.566;U9.566;U10.566;U11.566",-0.022,0.825,80.8700098643934,-44.55,0,0.0489638121320974,0.05,"none",FALSE,0.0316088199615479,NA
567,"model1",670,"medium",8,0.34,0.698572543216869,0.37728503649123,1,1,1,3,12,1,0.293346837550644,0.355477043762968,"M1.1",12,"U1.567;U2.567;U3.567;U4.567;U5.567;U6.567;U7.567;U8.567;U9.567;U10.567;U11.567;U12.567",0.275,0.01,117.690008304905,3.64,0,6.62760223372047,0.42,"T1->T2",FALSE,0.0320661067962646,NA
568,"model2",670,"medium",8,0.23,0.965989370830357,0.480522122140974,1,1,1,3,31,1,0.474900267995136,0.539472114826015,"M2.1",31,"U1.568;U2.568;U3.568;U4.568;U5.568;U6.568;U7.568;U8.568;U9.568;U10.568;U11.568;U12.568;U13.568;U14.568;U15.568;U16.568;U17.568;U18.568;U19.568;U20.568;U21.568;U22.568;U23.568;U24.568;U25.568;U26.568;U27.568;U28.568;U29.568;U30.568;U31.568",0.132,0.125,131.303834822387,7.57,0,2.35605871284996,0.337,"none",FALSE,0.0321230888366699,NA
569,"model3",670,"medium",8,0.08,0.810635713976808,0.429851760854945,1,1,1,3,12,1,0.242895251580822,0.297335427700126,"M3",12,"U1.569;U2.569;U3.569;U4.569;U5.569;U6.569;U7.569;U8.569;U9.569;U10.569;U11.569;U12.569",0.687,0,87.0209991125814,1.455,0,38.5201031080781,0.21,"T1->T2",FALSE,0.0315639972686768,NA
570,"model4",670,"medium",8,0.39,0.602414823137224,0.441020207200199,1,1,1,3,14,1,0.245649787053725,0.258118669890358,"M4",14,"U1.570;U2.570;U3.570;U4.570;U5.570;U6.570;U7.570;U8.570;U9.570;U10.570;U11.570;U12.570;U13.570;U14.570",2.052,0,55.2387302456274,0.487,0,202.664936164097,0.493,"T1->T2",FALSE,0.031714916229248,NA
571,"model0",1000,"medium",8,0.06,0.596262571169063,0.424354277970269,1,1,1,0,24,1,0.476376793332824,0.486643927645964,"M0.1",24,"U1.571;U2.571;U3.571;U4.571;U5.571;U6.571;U7.571;U8.571;U9.571;U10.571;U11.571;U12.571;U13.571;U14.571;U15.571;U16.571;U17.571;U18.571;U19.571;U20.571;U21.571;U22.571;U23.571;U24.571",-0.017,0.92,34.539600880546,-58.419,0,0.0100356455608441,-0.092,"none",FALSE,0.0374000072479248,NA
572,"model1",1000,"medium",8,0.19,0.918848156696185,0.336257416987792,1,1,1,0,17,1,0.433973066284897,0.293664705831162,"M1.1",17,"U1.572;U2.572;U3.572;U4.572;U5.572;U6.572;U7.572;U8.572;U9.572;U10.572;U11.572;U12.572;U13.572;U14.572;U15.572;U16.572;U17.572",0.459,0,159.529106483932,2.177,0,35.5471743382567,0.29,"T1->T2",FALSE,0.0469160079956055,NA
573,"model2",1000,"medium",8,0.42,0.648220696719363,0.449414032138884,1,1,1,0,9,1,0.286525403420285,0.239824742450353,"M2.1",9,"U1.573;U2.573;U3.573;U4.573;U5.573;U6.573;U7.573;U8.573;U9.573",-0.085,0.328,97.6649644595589,-11.702,0,0.957602418437275,0.501,"none",FALSE,0.0402278900146484,NA
574,"model3",1000,"medium",8,0.25,0.836611223756336,0.314582360442728,1,1,1,0,9,1,0.25532548204545,0.175182110309831,"M3",9,"U1.574;U2.574;U3.574;U4.574;U5.574;U6.574;U7.574;U8.574;U9.574",1.073,0,154.191672934287,0.932,0,209.383482987877,0.129,"T1->T2",FALSE,0.043813943862915,NA
575,"model4",1000,"medium",8,0.24,0.598224517190829,0.305038198363036,1,1,1,0,10,1,0.251498328746307,0.209442421592674,"M4",10,"U1.575;U2.575;U3.575;U4.575;U5.575;U6.575;U7.575;U8.575;U9.575;U10.575",1.408,0,98.3159586685731,0.71,0,188.278303671649,0.28,"T1->T2",FALSE,0.0429301261901855,NA
576,"model0",50,"large",8,0.46,1.30303682154045,0.646961804479361,1,1,1,0,43,1,0.885724429384148,0.930748508397991,"M0.1",43,"U1.576;U2.576;U3.576;U4.576;U5.576;U6.576;U7.576;U8.576;U9.576;U10.576;U11.576;U12.576;U13.576;U14.576;U15.576;U16.576;U17.576;U18.576;U19.576;U20.576;U21.576;U22.576;U23.576;U24.576;U25.576;U26.576;U27.576;U28.576;U29.576;U30.576;U31.576;U32.576;U33.576;U34.576;U35.576;U36.576;U37.576;U38.576;U39.576;U40.576;U41.576;U42.576;U43.576",0.199,0.352,28.1148580607581,5.013,0,0.86618357867853,0.187,"none",FALSE,0.0367767810821533,NA
577,"model1",50,"large",8,0.2,1.02357397228479,0.629901612992398,1,1,1,0,17,1,0.588184244896769,0.611009927053894,"M1.1",17,"U1.577;U2.577;U3.577;U4.577;U5.577;U6.577;U7.577;U8.577;U9.577;U10.577;U11.577;U12.577;U13.577;U14.577;U15.577;U16.577;U17.577",0.635,0.037,20.5061103062065,1.574,0,4.32884732328754,0.702,"T1->T2",FALSE,0.0259268283843994,NA
578,"model2",50,"large",8,0.38,1.22772030311171,0.811824335716665,1,1,1,0,9,1,0.289855167827581,0.367622881047721,"M2.1",9,"U1.578;U2.578;U3.578;U4.578;U5.578;U6.578;U7.578;U8.578;U9.578",0.29,0.026,22.6482815227802,3.453,0,4.94231496619632,0.638,"T1->T2",FALSE,0.0655281543731689,NA
579,"model3",50,"large",8,0.02,1.08574919600505,0.708197817089967,1,1,1,0,34,38,0.765924865120769,0.851013361311933,"M3",34,"U1.579;U2.579;U3.579;U4.579;U5.579;U6.579;U7.579;U8.579;U9.579;U10.579;U11.579;U12.579;U13.579;U14.579;U15.579;U16.579;U17.579;U18.579;U19.579;U20.579;U21.579;U22.579;U23.579;U24.579;U25.579;U26.579;U27.579;U28.579;U29.579;U30.579;U31.579;U32.579;U33.579;U34.579",0.713,0.041,6.49129301861801,1.402,0.011,4.16523862007338,-0.165,"none",TRUE,0.0297789573669434,NA
580,"model4",50,"large",8,0.47,1.22613864543382,0.813488711370155,1,1,1,0,18,1,0.372410840547108,0.283276611603403,"M4",18,"U1.580;U2.580;U3.580;U4.580;U5.580;U6.580;U7.580;U8.580;U9.580;U10.580;U11.580;U12.580;U13.580;U14.580;U15.580;U16.580;U17.580;U18.580",1.456,0,32.3865223067084,0.687,0,45.8326885300918,0.801,"T1->T2",FALSE,0.0294737815856934,NA
581,"model0",150,"large",8,0.07,1.45638179883827,0.719337375019677,1,1,1,0,39,2,0.629197054228815,0.693083380955561,"M0.1",39,"U1.581;U2.581;U3.581;U4.581;U5.581;U6.581;U7.581;U8.581;U9.581;U10.581;U11.581;U12.581;U13.581;U14.581;U15.581;U16.581;U17.581;U18.581;U19.581;U20.581;U21.581;U22.581;U23.581;U24.581;U25.581;U26.581;U27.581;U28.581;U29.581;U30.581;U31.581;U32.581;U33.581;U34.581;U35.581;U36.581;U37.581;U38.581;U39.581",-0.066,0.816,14.9143298062905,-15.143,0,0.0541553567387516,0.117,"none",FALSE,0.0321259498596191,NA
582,"model1",150,"large",8,0.27,1.47275923518464,0.751384634291753,1,1,1,0,34,1,0.476252411562625,0.494635377087606,"M1.1",34,"U1.582;U2.582;U3.582;U4.582;U5.582;U6.582;U7.582;U8.582;U9.582;U10.582;U11.582;U12.582;U13.582;U14.582;U15.582;U16.582;U17.582;U18.582;U19.582;U20.582;U21.582;U22.582;U23.582;U24.582;U25.582;U26.582;U27.582;U28.582;U29.582;U30.582;U31.582;U32.582;U33.582;U34.582",0.646,0,55.2113410502374,1.548,0,15.901425679775,0.649,"T1->T2",FALSE,0.0340499877929688,NA
583,"model2",150,"large",8,0.27,1.36796094663441,0.806592417764477,1,1,1,0,35,1,0.584577605954983,0.721322463384527,"M2.1",35,"U1.583;U2.583;U3.583;U4.583;U5.583;U6.583;U7.583;U8.583;U9.583;U10.583;U11.583;U12.583;U13.583;U14.583;U15.583;U16.583;U17.583;U18.583;U19.583;U20.583;U21.583;U22.583;U23.583;U24.583;U25.583;U26.583;U27.583;U28.583;U29.583;U30.583;U31.583;U32.583;U33.583;U34.583;U35.583",0.058,0.641,46.252942744553,17.296,0,0.217355410845442,0.607,"none",FALSE,0.0302219390869141,NA
584,"model3",150,"large",8,0.4,1.01360550441314,0.537850131397136,1,1,1,0,34,1,0.584232246172162,0.509842523916995,"M3",34,"U1.584;U2.584;U3.584;U4.584;U5.584;U6.584;U7.584;U8.584;U9.584;U10.584;U11.584;U12.584;U13.584;U14.584;U15.584;U16.584;U17.584;U18.584;U19.584;U20.584;U21.584;U22.584;U23.584;U24.584;U25.584;U26.584;U27.584;U28.584;U29.584;U30.584;U31.584;U32.584;U33.584;U34.584",0.822,0,27.1232289872072,1.216,0,20.6402563359321,-0.012,"T1->T2",FALSE,0.0474529266357422,NA
585,"model4",150,"large",8,0.44,1.29827803478111,0.585696137626655,1,1,1,0,25,1,0.548786700687897,0.377490805944408,"M4",25,"U1.585;U2.585;U3.585;U4.585;U5.585;U6.585;U7.585;U8.585;U9.585;U10.585;U11.585;U12.585;U13.585;U14.585;U15.585;U16.585;U17.585;U18.585;U19.585;U20.585;U21.585;U22.585;U23.585;U24.585;U25.585",1.361,0,62.403882324654,0.735,0,105.678508663626,0.619,"T1->T2",FALSE,0.0308728218078613,NA
586,"model0",300,"large",8,0.34,1.26059131580405,0.95829424681142,1,1,1,0,8,1,0.25719008899057,0.200525715679911,"M0.1",8,"U1.586;U2.586;U3.586;U4.586;U5.586;U6.586;U7.586;U8.586",-0.059,0.428,174.184378227695,-16.863,0,0.629351923989648,-0.08,"none",FALSE,0.0255498886108398,NA
587,"model1",300,"large",8,0.25,1.26321678154636,0.798581780400127,1,1,1,0,25,1,0.404625014830078,0.345638346014026,"M1.1",25,"U1.587;U2.587;U3.587;U4.587;U5.587;U6.587;U7.587;U8.587;U9.587;U10.587;U11.587;U12.587;U13.587;U14.587;U15.587;U16.587;U17.587;U18.587;U19.587;U20.587;U21.587;U22.587;U23.587;U24.587;U25.587",0.74,0,84.888024966402,1.352,0,36.7058782364464,0.54,"T1->T2",FALSE,0.0259110927581787,NA
588,"model2",300,"large",8,0.11,1.09039954422042,0.548879222478718,1,1,1,0,32,1,0.485391955743769,0.567789628068287,"M2.1",32,"U1.588;U2.588;U3.588;U4.588;U5.588;U6.588;U7.588;U8.588;U9.588;U10.588;U11.588;U12.588;U13.588;U14.588;U15.588;U16.588;U17.588;U18.588;U19.588;U20.588;U21.588;U22.588;U23.588;U24.588;U25.588;U26.588;U27.588;U28.588;U29.588;U30.588;U31.588;U32.588",-0.02,0.907,29.6179113754243,-48.866,0,0.0136324110501727,0.458,"none",FALSE,0.0288050174713135,NA
589,"model3",300,"large",8,0.17,1.11226050229743,0.917468301020563,1,1,1,0,46,1,0.676105043991765,0.624473848693742,"M3",46,"U1.589;U2.589;U3.589;U4.589;U5.589;U6.589;U7.589;U8.589;U9.589;U10.589;U11.589;U12.589;U13.589;U14.589;U15.589;U16.589;U17.589;U18.589;U19.589;U20.589;U21.589;U22.589;U23.589;U24.589;U25.589;U26.589;U27.589;U28.589;U29.589;U30.589;U31.589;U32.589;U33.589;U34.589;U35.589;U36.589;U37.589;U38.589;U39.589;U40.589;U41.589;U42.589;U43.589;U44.589;U45.589;U46.589",0.54,0,46.7229605396663,1.852,0,13.9848660981625,-0.087,"T1->T2",FALSE,0.0301260948181152,NA
590,"model4",300,"large",8,0.11,1.18890649161767,0.981584735331126,1,1,1,0,34,1,0.496953489214017,0.45131052300628,"M4",34,"U1.590;U2.590;U3.590;U4.590;U5.590;U6.590;U7.590;U8.590;U9.590;U10.590;U11.590;U12.590;U13.590;U14.590;U15.590;U16.590;U17.590;U18.590;U19.590;U20.590;U21.590;U22.590;U23.590;U24.590;U25.590;U26.590;U27.590;U28.590;U29.590;U30.590;U31.590;U32.590;U33.590;U34.590",2.685,0,19.450198742119,0.372,0,66.5191653437188,0.719,"T1->T2",FALSE,0.0356860160827637,NA
591,"model0",670,"large",8,0.36,1.43195700715296,0.69765035121236,1,1,1,3,22,1,0.311808330741441,0.440142144962201,"M0.1",22,"U1.591;U2.591;U3.591;U4.591;U5.591;U6.591;U7.591;U8.591;U9.591;U10.591;U11.591;U12.591;U13.591;U14.591;U15.591;U16.591;U17.591;U18.591;U19.591;U20.591;U21.591;U22.591",0.053,0.334,321.521689832326,19.014,0,0.931630771285269,-0.145,"none",FALSE,0.0315361022949219,NA
592,"model1",670,"large",8,0.2,1.19001999648754,0.547038057702594,1,1,1,3,6,1,0.127502585995234,0.137943437374406,"M1.1",6,"U1.592;U2.592;U3.592;U4.592;U5.592;U6.592",0.508,0,269.110465624875,1.97,0,58.2900505069986,0.499,"T1->T2",FALSE,0.0320971012115479,NA
593,"model2",670,"large",8,0.05,1.16989268967882,0.553050494752824,1,1,1,3,20,1,0.397054143742204,0.485980708914177,"M2.1",20,"U1.593;U2.593;U3.593;U4.593;U5.593;U6.593;U7.593;U8.593;U9.593;U10.593;U11.593;U12.593;U13.593;U14.593;U15.593;U16.593;U17.593;U18.593;U19.593;U20.593",0.088,0.494,40.9398097604894,11.33,0,0.468226172166956,0.622,"none",FALSE,0.0319879055023193,NA
594,"model3",670,"large",8,0.47,1.42514276702423,0.844568185624667,1,1,1,3,47,1,0.578569385364611,0.489417664832368,"M3",47,"U1.594;U2.594;U3.594;U4.594;U5.594;U6.594;U7.594;U8.594;U9.594;U10.594;U11.594;U12.594;U13.594;U14.594;U15.594;U16.594;U17.594;U18.594;U19.594;U20.594;U21.594;U22.594;U23.594;U24.594;U25.594;U26.594;U27.594;U28.594;U29.594;U30.594;U31.594;U32.594;U33.594;U34.594;U35.594;U36.594;U37.594;U38.594;U39.594;U40.594;U41.594;U42.594;U43.594;U44.594;U45.594;U46.594;U47.594",0.998,0,196.465786752995,1.002,0,241.053809198379,0.345,"T1->T2",FALSE,0.0448188781738281,NA
595,"model4",670,"large",8,0.28,1.38707322720438,0.731753805535845,1,1,1,3,30,1,0.393046258386985,0.325971972064988,"M4",30,"U1.595;U2.595;U3.595;U4.595;U5.595;U6.595;U7.595;U8.595;U9.595;U10.595;U11.595;U12.595;U13.595;U14.595;U15.595;U16.595;U17.595;U18.595;U19.595;U20.595;U21.595;U22.595;U23.595;U24.595;U25.595;U26.595;U27.595;U28.595;U29.595;U30.595",1.696,0,259.453776312092,0.59,0,496.985707604794,0.729,"T1->T2",FALSE,0.0519578456878662,NA
596,"model0",1000,"large",8,0.01,1.33455268712714,0.697483905707486,1,1,1,0,6,27,0.14755957216967,0.264918949186026,"M0.1",6,"U1.596;U2.596;U3.596;U4.596;U5.596;U6.596",-0.175,0.555,14.0424209284004,-5.701,0,0.347946611721653,0.152,"none",FALSE,0.0420799255371094,NA
597,"model1",1000,"large",8,0.07,1.19918099977076,0.979697281727567,1,1,1,0,42,1,0.58643827628221,0.504855479905753,"M1.1",42,"U1.597;U2.597;U3.597;U4.597;U5.597;U6.597;U7.597;U8.597;U9.597;U10.597;U11.597;U12.597;U13.597;U14.597;U15.597;U16.597;U17.597;U18.597;U19.597;U20.597;U21.597;U22.597;U23.597;U24.597;U25.597;U26.597;U27.597;U28.597;U29.597;U30.597;U31.597;U32.597;U33.597;U34.597;U35.597;U36.597;U37.597;U38.597;U39.597;U40.597;U41.597;U42.597",1.089,0,70.2226755074877,0.918,0,52.2041968708172,0.703,"T1->T2",FALSE,0.117101907730103,NA
598,"model2",1000,"large",8,0.18,1.38196286163293,0.81855807849206,1,1,1,0,20,1,0.295604980850782,0.312688005409847,"M2.1",20,"U1.598;U2.598;U3.598;U4.598;U5.598;U6.598;U7.598;U8.598;U9.598;U10.598;U11.598;U12.598;U13.598;U14.598;U15.598;U16.598;U17.598;U18.598;U19.598;U20.598",0.005,0.925,229.031699200373,214.217,0,0.00889804728352938,0.45,"none",FALSE,0.0410969257354736,NA
599,"model3",1000,"large",8,0.23,1.31880690297112,0.854028875124641,1,1,1,0,41,1,0.476599488177248,0.483394694092126,"M3",41,"U1.599;U2.599;U3.599;U4.599;U5.599;U6.599;U7.599;U8.599;U9.599;U10.599;U11.599;U12.599;U13.599;U14.599;U15.599;U16.599;U17.599;U18.599;U19.599;U20.599;U21.599;U22.599;U23.599;U24.599;U25.599;U26.599;U27.599;U28.599;U29.599;U30.599;U31.599;U32.599;U33.599;U34.599;U35.599;U36.599;U37.599;U38.599;U39.599;U40.599;U41.599",1.164,0,226.837917727347,0.859,0,281.513543900198,0.218,"T1->T2",FALSE,0.0389509201049805,NA
600,"model4",1000,"large",8,0.24,1.05561906576622,0.525866515585221,1,1,1,0,40,1,0.512943591803603,0.446569960466122,"M4",40,"U1.600;U2.600;U3.600;U4.600;U5.600;U6.600;U7.600;U8.600;U9.600;U10.600;U11.600;U12.600;U13.600;U14.600;U15.600;U16.600;U17.600;U18.600;U19.600;U20.600;U21.600;U22.600;U23.600;U24.600;U25.600;U26.600;U27.600;U28.600;U29.600;U30.600;U31.600;U32.600;U33.600;U34.600;U35.600;U36.600;U37.600;U38.600;U39.600;U40.600",1.433,0,194.784170443768,0.698,0,336.259780617356,0.596,"T1->T2",FALSE,0.049436092376709,NA
601,"model0",50,"small",9,0.02,0.278242083638906,0.147945063468069,1,1,1,0,19,8,0.54396809273983,0.727048694440789,"M0.1",19,"U1.601;U2.601;U3.601;U4.601;U5.601;U6.601;U7.601;U8.601;U9.601;U10.601;U11.601;U12.601;U13.601;U14.601;U15.601;U16.601;U17.601;U18.601;U19.601",-0.148,0.873,1.30145917801432,-6.757,0.254,0.0255116577389219,0.06,"none",TRUE,0.0258500576019287,NA
602,"model1",50,"small",9,0.27,0.204359286744148,0.118444384029135,1,1,1,0,10,1,0.486844514115235,0.209552449346249,"M1.1",10,"U1.602;U2.602;U3.602;U4.602;U5.602;U6.602;U7.602;U8.602;U9.602;U10.602",0.456,0.739,0.343755177501929,2.195,0.558,0.11129580094004,0.121,"none",TRUE,0.019794225692749,NA
603,"model2",50,"small",9,0.28,0.394637996796519,0.141350303636864,1,1,1,0,6,1,0.2826951128893,0.291432264566367,"M2.1",6,"U1.603;U2.603;U3.603;U4.603;U5.603;U6.603",0.383,0.5,2.89320928015875,2.611,0.089,0.455567710708463,0.433,"none",TRUE,0.0227921009063721,NA
604,"model3",50,"small",9,0.38,0.365780645795167,0.25828750426881,1,1,1,0,37,1,0.956992827152259,0.804697029478489,"M3",37,"U1.604;U2.604;U3.604;U4.604;U5.604;U6.604;U7.604;U8.604;U9.604;U10.604;U11.604;U12.604;U13.604;U14.604;U15.604;U16.604;U17.604;U18.604;U19.604;U20.604;U21.604;U22.604;U23.604;U24.604;U25.604;U26.604;U27.604;U28.604;U29.604;U30.604;U31.604;U32.604;U33.604;U34.604;U35.604;U36.604;U37.604",1.127,0.52,0.329478176493215,0.887,0.566,0.412911592290457,0.193,"none",TRUE,0.019366979598999,NA
605,"model4",50,"small",9,0.45,0.124988966435194,0.233005478093401,1,1,1,0,15,1,0.560047173750995,0.569150169565479,"M4",15,"U1.605;U2.605;U3.605;U4.605;U5.605;U6.605;U7.605;U8.605;U9.605;U10.605;U11.605;U12.605;U13.605;U14.605;U15.605",-0.257,0.625,3.83282898129365,-3.895,0.05,0.238423182146646,0.288,"none",TRUE,0.0175468921661377,NA
606,"model0",150,"small",9,0.13,0.235526112467051,0.134674438880757,1,1,1,0,19,1,0.385659844667173,0.515638453772201,"M0.1",19,"U1.606;U2.606;U3.606;U4.606;U5.606;U6.606;U7.606;U8.606;U9.606;U10.606;U11.606;U12.606;U13.606;U14.606;U15.606;U16.606;U17.606;U18.606;U19.606",-0.284,0.498,7.53326619941016,-3.527,0.006,0.460151582910513,-0.059,"none",TRUE,0.0307888984680176,NA
607,"model1",150,"small",9,0.32,0.155789685063064,0.188540975842625,1,1,1,0,14,1,0.406932913435979,0.279086451921301,"M1.1",14,"U1.607;U2.607;U3.607;U4.607;U5.607;U6.607;U7.607;U8.607;U9.607;U10.607;U11.607;U12.607;U13.607;U14.607",-1.028,0.287,1.01750759369392,-0.973,0.313,1.13384604138624,-0.027,"none",TRUE,0.0300378799438477,NA
608,"model2",150,"small",9,0.17,0.439994019642472,0.139084608340636,1,1,1,0,8,1,0.237963418864455,0.264974185080454,"M2.1",8,"U1.608;U2.608;U3.608;U4.608;U5.608;U6.608;U7.608;U8.608",0.066,0.953,0.675364172005893,15.101,0.411,0.00343644208479651,0.206,"none",TRUE,0.0304040908813477,NA
609,"model3",150,"small",9,0.14,0.275465118605643,0.102410624036565,1,1,1,0,9,1,0.295418454197014,0.167328477269621,"M3",9,"U1.609;U2.609;U3.609;U4.609;U5.609;U6.609;U7.609;U8.609;U9.609",4.585,0.01,0.325655088467072,0.218,0.568,6.65585425741421,0.057,"none",TRUE,0.0323770046234131,NA
610,"model4",150,"small",9,0.4,0.461059397086501,0.131131395464763,1,1,1,0,26,1,0.564203262636461,0.573070007228619,"M4",26,"U1.610;U2.610;U3.610;U4.610;U5.610;U6.610;U7.610;U8.610;U9.610;U10.610;U11.610;U12.610;U13.610;U14.610;U15.610;U16.610;U17.610;U18.610;U19.610;U20.610;U21.610;U22.610;U23.610;U24.610;U25.610;U26.610",0.971,0.08,4.33164773708683,1.03,0.037,3.06709510656419,0.312,"none",TRUE,0.036283016204834,NA
611,"model0",300,"small",9,0.14,0.420860144495964,0.207089110882953,1,1,1,0,9,1,0.17600108520969,0.261752510240117,"M0.1",9,"U1.611;U2.611;U3.611;U4.611;U5.611;U6.611;U7.611;U8.611;U9.611",-0.53,0.084,11.3279854613815,-1.887,0.001,2.98300178070653,-0.062,"none",FALSE,0.025331974029541,NA
612,"model1",300,"small",9,0.39,0.278325949516147,0.213969603041187,1,1,1,0,11,1,0.26933987686495,0.25608384007226,"M1.1",11,"U1.612;U2.612;U3.612;U4.612;U5.612;U6.612;U7.612;U8.612;U9.612;U10.612;U11.612",0.42,0.19,11.4878767795528,2.381,0.001,1.71438364231487,0.299,"none",FALSE,0.0271639823913574,NA
613,"model2",300,"small",9,0.44,0.376888278219849,0.120105609251186,1,1,1,0,38,1,0.598981009737085,0.655477220131268,"M2.1",38,"U1.613;U2.613;U3.613;U4.613;U5.613;U6.613;U7.613;U8.613;U9.613;U10.613;U11.613;U12.613;U13.613;U14.613;U15.613;U16.613;U17.613;U18.613;U19.613;U20.613;U21.613;U22.613;U23.613;U24.613;U25.613;U26.613;U27.613;U28.613;U29.613;U30.613;U31.613;U32.613;U33.613;U34.613;U35.613;U36.613;U37.613;U38.613",-0.255,0.501,6.06917741624051,-3.925,0.014,0.453316457374069,0.257,"none",TRUE,0.0259830951690674,NA
614,"model3",300,"small",9,0.24,0.197613822668791,0.282381306029856,1,1,1,0,15,1,0.448304467917467,0.372069857315481,"M3",15,"U1.614;U2.614;U3.614;U4.614;U5.614;U6.614;U7.614;U8.614;U9.614;U10.614;U11.614;U12.614;U13.614;U14.614;U15.614",1.154,0.025,3.48882883394516,0.867,0.062,5.04790687021767,-0.108,"none",TRUE,0.0369448661804199,NA
615,"model4",300,"small",9,0.12,0.213825964834541,0.245675144623965,1,1,1,0,8,1,0.224642921804078,0.117490439976057,"M4",8,"U1.615;U2.615;U3.615;U4.615;U5.615;U6.615;U7.615;U8.615",0.823,0.04,6.73376635136246,1.215,0.009,4.21717355704858,0.163,"none",TRUE,0.0351130962371826,NA
616,"model0",670,"small",9,0.11,0.306041942723095,0.238307350827381,1,1,1,3,40,1,0.603527167608329,0.592733454089266,"M0.1",40,"U1.616;U2.616;U3.616;U4.616;U5.616;U6.616;U7.616;U8.616;U9.616;U10.616;U11.616;U12.616;U13.616;U14.616;U15.616;U16.616;U17.616;U18.616;U19.616;U20.616;U21.616;U22.616;U23.616;U24.616;U25.616;U26.616;U27.616;U28.616;U29.616;U30.616;U31.616;U32.616;U33.616;U34.616;U35.616;U36.616;U37.616;U38.616;U39.616;U40.616",0.11,0.724,11.0266090273477,9.057,0.001,0.12452350989586,-0.219,"none",FALSE,0.0400688648223877,NA
617,"model1",670,"small",9,0.2,0.203224416449666,0.190184825286269,1,1,1,3,20,1,0.360027381633773,0.3823746503211,"M1.1",20,"U1.617;U2.617;U3.617;U4.617;U5.617;U6.617;U7.617;U8.617;U9.617;U10.617;U11.617;U12.617;U13.617;U14.617;U15.617;U16.617;U17.617;U18.617;U19.617;U20.617",0.708,0.063,9.72815452327132,1.412,0.002,3.44736359554197,0.275,"none",TRUE,0.0407469272613525,NA
618,"model2",670,"small",9,0.45,0.276541836932301,0.152653716877103,1,1,1,3,45,1,0.669165149941231,0.691233144293853,"M2.1",45,"U1.618;U2.618;U3.618;U4.618;U5.618;U6.618;U7.618;U8.618;U9.618;U10.618;U11.618;U12.618;U13.618;U14.618;U15.618;U16.618;U17.618;U18.618;U19.618;U20.618;U21.618;U22.618;U23.618;U24.618;U25.618;U26.618;U27.618;U28.618;U29.618;U30.618;U31.618;U32.618;U33.618;U34.618;U35.618;U36.618;U37.618;U38.618;U39.618;U40.618;U41.618;U42.618;U43.618;U44.618;U45.618",0.195,0.782,1.85448633784499,5.119,0.173,0.0765892179609953,0.28,"none",TRUE,0.0414690971374512,NA
619,"model3",670,"small",9,0.24,0.476263759750873,0.208024861570448,1,1,1,3,30,1,0.504021731571552,0.522078969559822,"M3",30,"U1.619;U2.619;U3.619;U4.619;U5.619;U6.619;U7.619;U8.619;U9.619;U10.619;U11.619;U12.619;U13.619;U14.619;U15.619;U16.619;U17.619;U18.619;U19.619;U20.619;U21.619;U22.619;U23.619;U24.619;U25.619;U26.619;U27.619;U28.619;U29.619;U30.619",0.632,0,42.0555670978858,1.583,0,15.1458241528189,0.067,"T1->T2",FALSE,0.0464651584625244,NA
620,"model4",670,"small",9,0.46,0.273428218346089,0.289382076868787,1,1,1,3,50,1,0.709706872965953,0.680013100280711,"M4",50,"U1.620;U2.620;U3.620;U4.620;U5.620;U6.620;U7.620;U8.620;U9.620;U10.620;U11.620;U12.620;U13.620;U14.620;U15.620;U16.620;U17.620;U18.620;U19.620;U20.620;U21.620;U22.620;U23.620;U24.620;U25.620;U26.620;U27.620;U28.620;U29.620;U30.620;U31.620;U32.620;U33.620;U34.620;U35.620;U36.620;U37.620;U38.620;U39.620;U40.620;U41.620;U42.620;U43.620;U44.620;U45.620;U46.620;U47.620;U48.620;U49.620;U50.620",1.788,0,5.35853029463656,0.559,0.021,17.4835305047079,0.413,"none",TRUE,0.0404009819030762,NA
621,"model0",1000,"small",9,0.08,0.34903164813295,0.216805923869833,1,1,1,0,43,1,0.612161245888518,0.556741362370994,"M0.1",43,"U1.621;U2.621;U3.621;U4.621;U5.621;U6.621;U7.621;U8.621;U9.621;U10.621;U11.621;U12.621;U13.621;U14.621;U15.621;U16.621;U17.621;U18.621;U19.621;U20.621;U21.621;U22.621;U23.621;U24.621;U25.621;U26.621;U27.621;U28.621;U29.621;U30.621;U31.621;U32.621;U33.621;U34.621;U35.621;U36.621;U37.621;U38.621;U39.621;U40.621;U41.621;U42.621;U43.621",0.131,0.758,5.76907856524355,7.621,0.016,0.0948005253796356,0.087,"none",TRUE,0.0349209308624268,NA
622,"model1",1000,"small",9,0.39,0.341222192440182,0.231166383065283,1,1,1,0,48,1,0.627487625198462,0.621778599709132,"M1.1",48,"U1.622;U2.622;U3.622;U4.622;U5.622;U6.622;U7.622;U8.622;U9.622;U10.622;U11.622;U12.622;U13.622;U14.622;U15.622;U16.622;U17.622;U18.622;U19.622;U20.622;U21.622;U22.622;U23.622;U24.622;U25.622;U26.622;U27.622;U28.622;U29.622;U30.622;U31.622;U32.622;U33.622;U34.622;U35.622;U36.622;U37.622;U38.622;U39.622;U40.622;U41.622;U42.622;U43.622;U44.622;U45.622;U46.622;U47.622;U48.622",0.402,0.064,22.1744123489257,2.488,0,3.4181181095593,0.313,"none",FALSE,0.0409338474273682,NA
623,"model2",1000,"small",9,0.05,0.173097047861665,0.187333742482588,1,1,1,0,15,1,0.361574871564571,0.339053247785424,"M2.1",15,"U1.623;U2.623;U3.623;U4.623;U5.623;U6.623;U7.623;U8.623;U9.623;U10.623;U11.623;U12.623;U13.623;U14.623;U15.623",2.33,0.271,0.183190215946468,0.429,0.669,1.21130035515542,0.104,"none",TRUE,0.0348160266876221,NA
624,"model3",1000,"small",9,0.41,0.180676778312773,0.119876370066777,1,1,1,0,27,1,0.541926738947113,0.41527774595608,"M3",27,"U1.624;U2.624;U3.624;U4.624;U5.624;U6.624;U7.624;U8.624;U9.624;U10.624;U11.624;U12.624;U13.624;U14.624;U15.624;U16.624;U17.624;U18.624;U19.624;U20.624;U21.624;U22.624;U23.624;U24.624;U25.624;U26.624;U27.624",0.454,0.02,25.4677751674001,2.202,0,5.42233188555618,-0.01,"T1->T2",FALSE,0.0349998474121094,NA
625,"model4",1000,"small",9,0.42,0.458331328257918,0.137000061525032,1,1,1,0,11,1,0.245001425962554,0.223011363140131,"M4",11,"U1.625;U2.625;U3.625;U4.625;U5.625;U6.625;U7.625;U8.625;U9.625;U10.625;U11.625",1.299,0,49.0475886008694,0.77,0,83.0789373917314,0.163,"T1->T2",FALSE,0.0343999862670898,NA
626,"model0",50,"medium",9,0.2,0.687000978854485,0.423937265388668,1,1,1,0,44,1,0.975227448163835,0.977970855600527,"M0.1",44,"U1.626;U2.626;U3.626;U4.626;U5.626;U6.626;U7.626;U8.626;U9.626;U10.626;U11.626;U12.626;U13.626;U14.626;U15.626;U16.626;U17.626;U18.626;U19.626;U20.626;U21.626;U22.626;U23.626;U24.626;U25.626;U26.626;U27.626;U28.626;U29.626;U30.626;U31.626;U32.626;U33.626;U34.626;U35.626;U36.626;U37.626;U38.626;U39.626;U40.626;U41.626;U42.626;U43.626;U44.626",0.068,0.94,1.05060600040613,14.623,0.305,0.00569243703990802,-0.192,"none",TRUE,0.0269021987915039,NA
627,"model1",50,"medium",9,0.18,0.889369061216712,0.302139640413225,1,1,1,0,4,1,0.129569181405019,0.217720839766354,"M1.1",4,"U1.627;U2.627;U3.627;U4.627",0.579,0.398,2.02550953780258,1.726,0.155,0.714837274304204,0.232,"none",TRUE,0.0297439098358154,NA
628,"model2",50,"medium",9,0.45,0.872154486482032,0.30919825094752,1,1,1,0,3,1,0.13890738632857,0.358930348002199,"M2.1",3,"U1.628;U2.628;U3.628",-0.413,0.254,4.96443693008828,-2.423,0.026,1.3014292831638,0.215,"none",TRUE,0.0355391502380371,NA
629,"model3",50,"medium",9,0.36,0.794466446037404,0.369647141499445,1,1,1,0,34,1,0.844876201794905,0.803005138573027,"M3",34,"U1.629;U2.629;U3.629;U4.629;U5.629;U6.629;U7.629;U8.629;U9.629;U10.629;U11.629;U12.629;U13.629;U14.629;U15.629;U16.629;U17.629;U18.629;U19.629;U20.629;U21.629;U22.629;U23.629;U24.629;U25.629;U26.629;U27.629;U28.629;U29.629;U30.629;U31.629;U32.629;U33.629;U34.629",0.818,0.088,6.85472300778827,1.222,0.009,2.91944995680087,0.194,"none",TRUE,0.0365378856658936,NA
630,"model4",50,"medium",9,0.12,0.78672015981283,0.328614718886092,1,1,1,0,44,1,0.925257549521268,0.952795739946512,"M4",44,"U1.630;U2.630;U3.630;U4.630;U5.630;U6.630;U7.630;U8.630;U9.630;U10.630;U11.630;U12.630;U13.630;U14.630;U15.630;U16.630;U17.630;U18.630;U19.630;U20.630;U21.630;U22.630;U23.630;U24.630;U25.630;U26.630;U27.630;U28.630;U29.630;U30.630;U31.630;U32.630;U33.630;U34.630;U35.630;U36.630;U37.630;U38.630;U39.630;U40.630;U41.630;U42.630;U43.630;U44.630",0.434,0.406,3.93330118239769,2.305,0.047,0.690841169741374,0.318,"none",TRUE,0.0332269668579102,NA
631,"model0",150,"medium",9,0.41,0.857460778206587,0.369509790092707,1,1,1,0,33,1,0.581127421756706,0.592662281023766,"M0.1",33,"U1.631;U2.631;U3.631;U4.631;U5.631;U6.631;U7.631;U8.631;U9.631;U10.631;U11.631;U12.631;U13.631;U14.631;U15.631;U16.631;U17.631;U18.631;U19.631;U20.631;U21.631;U22.631;U23.631;U24.631;U25.631;U26.631;U27.631;U28.631;U29.631;U30.631;U31.631;U32.631;U33.631",-0.201,0.334,23.5431307983973,-4.975,0,0.933633406328839,0.096,"none",FALSE,0.0293722152709961,NA
632,"model1",150,"medium",9,0.33,0.615259513957426,0.339650526316836,1,1,1,0,26,1,0.522017401529427,0.581411152895329,"M1.1",26,"U1.632;U2.632;U3.632;U4.632;U5.632;U6.632;U7.632;U8.632;U9.632;U10.632;U11.632;U12.632;U13.632;U14.632;U15.632;U16.632;U17.632;U18.632;U19.632;U20.632;U21.632;U22.632;U23.632;U24.632;U25.632;U26.632",0.208,0.598,8.43013537284834,4.806,0.004,0.277950451637359,0.324,"none",TRUE,0.0258190631866455,NA
633,"model2",150,"medium",9,0.27,0.541122927563265,0.362328593758866,1,1,1,0,35,1,0.681814526726939,0.722543044328224,"M2.1",35,"U1.633;U2.633;U3.633;U4.633;U5.633;U6.633;U7.633;U8.633;U9.633;U10.633;U11.633;U12.633;U13.633;U14.633;U15.633;U16.633;U17.633;U18.633;U19.633;U20.633;U21.633;U22.633;U23.633;U24.633;U25.633;U26.633;U27.633;U28.633;U29.633;U30.633;U31.633;U32.633;U33.633;U34.633;U35.633",-0.068,0.818,10.4622924811811,-14.785,0.001,0.0526596657661513,0.457,"none",FALSE,0.0272691249847412,NA
634,"model3",150,"medium",9,0.37,0.862993663409725,0.432393315806985,1,1,1,0,50,1,0.682708839341349,0.755033929958088,"M3",50,"U1.634;U2.634;U3.634;U4.634;U5.634;U6.634;U7.634;U8.634;U9.634;U10.634;U11.634;U12.634;U13.634;U14.634;U15.634;U16.634;U17.634;U18.634;U19.634;U20.634;U21.634;U22.634;U23.634;U24.634;U25.634;U26.634;U27.634;U28.634;U29.634;U30.634;U31.634;U32.634;U33.634;U34.634;U35.634;U36.634;U37.634;U38.634;U39.634;U40.634;U41.634;U42.634;U43.634;U44.634;U45.634;U46.634;U47.634;U48.634;U49.634;U50.634",1.068,0,19.578757886187,0.937,0,21.6638946613308,0.163,"T1->T2",FALSE,0.028717041015625,NA
635,"model4",150,"medium",9,0.03,0.680088758585043,0.434704458294436,1,1,1,0,33,1,0.713923546574761,0.675406281961251,"M4",33,"U1.635;U2.635;U3.635;U4.635;U5.635;U6.635;U7.635;U8.635;U9.635;U10.635;U11.635;U12.635;U13.635;U14.635;U15.635;U16.635;U17.635;U18.635;U19.635;U20.635;U21.635;U22.635;U23.635;U24.635;U25.635;U26.635;U27.635;U28.635;U29.635;U30.635;U31.635;U32.635;U33.635",1.149,0.026,3.79188137405291,0.871,0.052,4.97219548160711,0.379,"none",TRUE,0.0296111106872559,NA
636,"model0",300,"medium",9,0.22,0.958313527167775,0.411585662001744,1,1,1,0,39,1,0.442835177997555,0.572394624927683,"M0.1",39,"U1.636;U2.636;U3.636;U4.636;U5.636;U6.636;U7.636;U8.636;U9.636;U10.636;U11.636;U12.636;U13.636;U14.636;U15.636;U16.636;U17.636;U18.636;U19.636;U20.636;U21.636;U22.636;U23.636;U24.636;U25.636;U26.636;U27.636;U28.636;U29.636;U30.636;U31.636;U32.636;U33.636;U34.636;U35.636;U36.636;U37.636;U38.636;U39.636",0.223,0.127,55.4936246221704,4.482,0,2.32931299270269,0.11,"none",FALSE,0.036837100982666,NA
637,"model1",300,"medium",9,0.29,0.792834963765927,0.434422406414524,1,1,1,0,26,1,0.417151397293933,0.449322657113974,"M1.1",26,"U1.637;U2.637;U3.637;U4.637;U5.637;U6.637;U7.637;U8.637;U9.637;U10.637;U11.637;U12.637;U13.637;U14.637;U15.637;U16.637;U17.637;U18.637;U19.637;U20.637;U21.637;U22.637;U23.637;U24.637;U25.637;U26.637",0.346,0.014,54.3015762667178,2.89,0,6.07421090032068,0.3,"T1->T2",FALSE,0.0358269214630127,NA
638,"model2",300,"medium",9,0.23,0.859300599433482,0.486133867129683,1,1,1,0,41,1,0.541105054010735,0.552898491673126,"M2.1",41,"U1.638;U2.638;U3.638;U4.638;U5.638;U6.638;U7.638;U8.638;U9.638;U10.638;U11.638;U12.638;U13.638;U14.638;U15.638;U16.638;U17.638;U18.638;U19.638;U20.638;U21.638;U22.638;U23.638;U24.638;U25.638;U26.638;U27.638;U28.638;U29.638;U30.638;U31.638;U32.638;U33.638;U34.638;U35.638;U36.638;U37.638;U38.638;U39.638;U40.638;U41.638",0.444,0.011,24.4982879070538,2.254,0,6.53771744609253,0.417,"T1->T2",FALSE,0.0377309322357178,NA
639,"model3",300,"medium",9,0.14,0.763692838023417,0.440541621483862,1,1,1,0,31,1,0.5391182956566,0.485927089353684,"M3",31,"U1.639;U2.639;U3.639;U4.639;U5.639;U6.639;U7.639;U8.639;U9.639;U10.639;U11.639;U12.639;U13.639;U14.639;U15.639;U16.639;U17.639;U18.639;U19.639;U20.639;U21.639;U22.639;U23.639;U24.639;U25.639;U26.639;U27.639;U28.639;U29.639;U30.639;U31.639",1.13,0,23.2041538014703,0.885,0,34.7866062860698,0.112,"T1->T2",FALSE,0.037755012512207,NA
640,"model4",300,"medium",9,0.29,0.785914955078624,0.498128554970026,1,1,1,0,42,1,0.567381808076278,0.623088380711021,"M4",42,"U1.640;U2.640;U3.640;U4.640;U5.640;U6.640;U7.640;U8.640;U9.640;U10.640;U11.640;U12.640;U13.640;U14.640;U15.640;U16.640;U17.640;U18.640;U19.640;U20.640;U21.640;U22.640;U23.640;U24.640;U25.640;U26.640;U27.640;U28.640;U29.640;U30.640;U31.640;U32.640;U33.640;U34.640;U35.640;U36.640;U37.640;U38.640;U39.640;U40.640;U41.640;U42.640",1.302,0,52.324800227819,0.768,0,62.1810039471584,0.497,"T1->T2",FALSE,0.0389258861541748,NA
641,"model0",670,"medium",9,0.17,0.81191585038323,0.354569184919819,1,1,1,3,25,1,0.433527192225987,0.512182092518978,"M0.1",25,"U1.641;U2.641;U3.641;U4.641;U5.641;U6.641;U7.641;U8.641;U9.641;U10.641;U11.641;U12.641;U13.641;U14.641;U15.641;U16.641;U17.641;U18.641;U19.641;U20.641;U21.641;U22.641;U23.641;U24.641;U25.641",-0.076,0.534,75.2512944148662,-13.088,0,0.386404019877533,-0.05,"none",FALSE,0.0442819595336914,NA
642,"model1",670,"medium",9,0.25,0.786049492424354,0.303452717605978,1,1,1,3,13,1,0.221367335005809,0.35092744864594,"M1.1",13,"U1.642;U2.642;U3.642;U4.642;U5.642;U6.642;U7.642;U8.642;U9.642;U10.642;U11.642;U12.642;U13.642",0.212,0.036,111.279220382885,4.708,0,4.38921872598837,0.152,"T1->T2",FALSE,0.0434439182281494,NA
643,"model2",670,"medium",9,0.12,0.600895221694373,0.394222655007616,1,1,1,3,32,1,0.59009370877578,0.613676391173627,"M2.1",32,"U1.643;U2.643;U3.643;U4.643;U5.643;U6.643;U7.643;U8.643;U9.643;U10.643;U11.643;U12.643;U13.643;U14.643;U15.643;U16.643;U17.643;U18.643;U19.643;U20.643;U21.643;U22.643;U23.643;U24.643;U25.643;U26.643;U27.643;U28.643;U29.643;U30.643;U31.643;U32.643",-0.152,0.597,10.4422837851742,-6.58,0.001,0.279982980765745,0.335,"none",FALSE,0.042046070098877,NA
644,"model3",670,"medium",9,0.2,0.977397200185806,0.37830489850603,1,1,1,3,49,1,0.603488944379654,0.641233641209146,"M3",49,"U1.644;U2.644;U3.644;U4.644;U5.644;U6.644;U7.644;U8.644;U9.644;U10.644;U11.644;U12.644;U13.644;U14.644;U15.644;U16.644;U17.644;U18.644;U19.644;U20.644;U21.644;U22.644;U23.644;U24.644;U25.644;U26.644;U27.644;U28.644;U29.644;U30.644;U31.644;U32.644;U33.644;U34.644;U35.644;U36.644;U37.644;U38.644;U39.644;U40.644;U41.644;U42.644;U43.644;U44.644;U45.644;U46.644;U47.644;U48.644;U49.644",0.944,0,99.3567328829748,1.059,0,86.1754420903669,0.133,"T1->T2",FALSE,0.0406370162963867,NA
645,"model4",670,"medium",9,0.4,0.925451801624149,0.447734758537263,1,1,1,3,11,1,0.202121515707138,0.1054513646411,"M4",11,"U1.645;U2.645;U3.645;U4.645;U5.645;U6.645;U7.645;U8.645;U9.645;U10.645;U11.645",1.591,0,152.302383417581,0.629,0,355.39900069737,0.459,"T1->T2",FALSE,0.0386009216308594,NA
646,"model0",1000,"medium",9,0.38,0.736058862996288,0.357535371510312,1,1,1,0,32,1,0.49113631464975,0.570759389718371,"M0.1",32,"U1.646;U2.646;U3.646;U4.646;U5.646;U6.646;U7.646;U8.646;U9.646;U10.646;U11.646;U12.646;U13.646;U14.646;U15.646;U16.646;U17.646;U18.646;U19.646;U20.646;U21.646;U22.646;U23.646;U24.646;U25.646;U26.646;U27.646;U28.646;U29.646;U30.646;U31.646;U32.646",0.039,0.714,92.2826344856236,25.376,0,0.133920340239589,0.087,"none",FALSE,0.0385119915008545,NA
647,"model1",1000,"medium",9,0.22,0.762441556202248,0.440980662638321,1,1,1,0,6,1,0.151348987338857,0.195484884208051,"M1.1",6,"U1.647;U2.647;U3.647;U4.647;U5.647;U6.647",0.375,0,154.185335942033,2.667,0,18.8228659859177,0.396,"T1->T2",FALSE,0.035728931427002,NA
648,"model2",1000,"medium",9,0.24,0.954122584080324,0.448175962083042,1,1,1,0,30,1,0.483701769082286,0.495820906364053,"M2.1",30,"U1.648;U2.648;U3.648;U4.648;U5.648;U6.648;U7.648;U8.648;U9.648;U10.648;U11.648;U12.648;U13.648;U14.648;U15.648;U16.648;U17.648;U18.648;U19.648;U20.648;U21.648;U22.648;U23.648;U24.648;U25.648;U26.648;U27.648;U28.648;U29.648;U30.648",0.029,0.683,147.47537144918,34.198,0,0.166978694465171,0.354,"none",FALSE,0.0349571704864502,NA
649,"model3",1000,"medium",9,0.02,0.794978851801716,0.437758304970339,1,1,1,0,26,11,0.433199610924467,0.473984010473216,"M3",26,"U1.649;U2.649;U3.649;U4.649;U5.649;U6.649;U7.649;U8.649;U9.649;U10.649;U11.649;U12.649;U13.649;U14.649;U15.649;U16.649;U17.649;U18.649;U19.649;U20.649;U21.649;U22.649;U23.649;U24.649;U25.649;U26.649",0.845,0,30.9991163909757,1.183,0,21.2178760953886,-0.003,"T1->T2",FALSE,0.0351212024688721,NA
650,"model4",1000,"medium",9,0.27,0.599957505357452,0.357857822673395,1,1,1,0,15,1,0.291681742680009,0.35054749737118,"M4",15,"U1.650;U2.650;U3.650;U4.650;U5.650;U6.650;U7.650;U8.650;U9.650;U10.650;U11.650;U12.650;U13.650;U14.650;U15.650",1.427,0,106.522051020101,0.701,0,170.815973000399,0.456,"T1->T2",FALSE,0.0388710498809814,NA
651,"model0",50,"large",9,0.44,1.28851045446936,0.960338002303615,1,1,1,0,13,1,0.56514221065285,0.501379600210776,"M0.1",13,"U1.651;U2.651;U3.651;U4.651;U5.651;U6.651;U7.651;U8.651;U9.651;U10.651;U11.651;U12.651;U13.651",0.181,0.242,51.8260384593079,5.528,0,1.36976559762077,-0.162,"none",FALSE,0.0511770248413086,NA
652,"model1",50,"large",9,0.28,1.2364163112361,0.937707644654438,1,1,1,0,24,1,0.586273344798304,0.675434188920652,"M1.1",24,"U1.652;U2.652;U3.652;U4.652;U5.652;U6.652;U7.652;U8.652;U9.652;U10.652;U11.652;U12.652;U13.652;U14.652;U15.652;U16.652;U17.652;U18.652;U19.652;U20.652;U21.652;U22.652;U23.652;U24.652",0.764,0.001,29.4594496111844,1.31,0,11.8013544236293,0.668,"T1->T2",FALSE,0.0324850082397461,NA
653,"model2",50,"large",9,0.04,1.22936746722553,0.507500919047743,1,1,1,0,18,2,0.590544989320309,0.498494744365142,"M2.1",18,"U1.653;U2.653;U3.653;U4.653;U5.653;U6.653;U7.653;U8.653;U9.653;U10.653;U11.653;U12.653;U13.653;U14.653;U15.653;U16.653;U17.653;U18.653",-0.627,0.084,4.58670441798161,-1.595,0.032,2.99156461915213,0.392,"none",TRUE,0.0309431552886963,NA
654,"model3",50,"large",9,0.25,1.3142556528328,0.651220819097944,1,1,1,0,17,1,0.615537498891039,0.442263055826201,"M3",17,"U1.654;U2.654;U3.654;U4.654;U5.654;U6.654;U7.654;U8.654;U9.654;U10.654;U11.654;U12.654;U13.654;U14.654;U15.654;U16.654;U17.654",0.825,0,18.0207765386944,1.212,0,12.4882648010583,0.31,"T1->T2",FALSE,0.0316870212554932,NA
655,"model4",50,"large",9,0.12,1.31877751287539,0.837921747239307,1,1,1,0,44,2,0.941427210086764,0.958642831442953,"M4",44,"U1.655;U2.655;U3.655;U4.655;U5.655;U6.655;U7.655;U8.655;U9.655;U10.655;U11.655;U12.655;U13.655;U14.655;U15.655;U16.655;U17.655;U18.655;U19.655;U20.655;U21.655;U22.655;U23.655;U24.655;U25.655;U26.655;U27.655;U28.655;U29.655;U30.655;U31.655;U32.655;U33.655;U34.655;U35.655;U36.655;U37.655;U38.655;U39.655;U40.655;U41.655;U42.655;U43.655;U44.655",1.812,0,7.87274255860061,0.552,0.005,21.9162822623573,0.73,"none",TRUE,0.0357410907745361,NA
656,"model0",150,"large",9,0.38,1.29568189580459,0.98946579627227,1,1,1,0,50,1,0.607542495518183,0.771566657924501,"M0.1",50,"U1.656;U2.656;U3.656;U4.656;U5.656;U6.656;U7.656;U8.656;U9.656;U10.656;U11.656;U12.656;U13.656;U14.656;U15.656;U16.656;U17.656;U18.656;U19.656;U20.656;U21.656;U22.656;U23.656;U24.656;U25.656;U26.656;U27.656;U28.656;U29.656;U30.656;U31.656;U32.656;U33.656;U34.656;U35.656;U36.656;U37.656;U38.656;U39.656;U40.656;U41.656;U42.656;U43.656;U44.656;U45.656;U46.656;U47.656;U48.656;U49.656;U50.656",0.203,0.07,97.5942400042975,4.927,0,3.28496726137955,0.09,"none",FALSE,0.0223209857940674,NA
657,"model1",150,"large",9,0.26,1.41236801084597,0.626725358772092,1,1,1,0,3,1,0.0123190445026424,0.0903188653792172,"M1.1",3,"U1.657;U2.657;U3.657",0.747,0,157.03069314163,1.339,0,51.4566083460318,0.722,"T1->T2",FALSE,0.0409591197967529,NA
658,"model2",150,"large",9,0.2,1.28998952708207,0.615808911854401,1,1,1,0,26,1,0.411049414144655,0.609537027629408,"M2.1",26,"U1.658;U2.658;U3.658;U4.658;U5.658;U6.658;U7.658;U8.658;U9.658;U10.658;U11.658;U12.658;U13.658;U14.658;U15.658;U16.658;U17.658;U18.658;U19.658;U20.658;U21.658;U22.658;U23.658;U24.658;U25.658;U26.658",-0.191,0.188,36.9264725663466,-5.246,0,1.73171986500856,0.415,"none",FALSE,0.0220508575439453,NA
659,"model3",150,"large",9,0.11,1.42464661702979,0.900174777954817,1,1,1,0,42,1,0.669592764024817,0.609143776753948,"M3",42,"U1.659;U2.659;U3.659;U4.659;U5.659;U6.659;U7.659;U8.659;U9.659;U10.659;U11.659;U12.659;U13.659;U14.659;U15.659;U16.659;U17.659;U18.659;U19.659;U20.659;U21.659;U22.659;U23.659;U24.659;U25.659;U26.659;U27.659;U28.659;U29.659;U30.659;U31.659;U32.659;U33.659;U34.659;U35.659;U36.659;U37.659;U38.659;U39.659;U40.659;U41.659;U42.659",1.459,0,17.3234919372607,0.686,0,42.5144990464471,-0.114,"T1->T2",FALSE,0.028770923614502,NA
660,"model4",150,"large",9,0.09,1.00510214047972,0.617107261321507,1,1,1,0,27,1,0.525894105293622,0.541171874944768,"M4",27,"U1.660;U2.660;U3.660;U4.660;U5.660;U6.660;U7.660;U8.660;U9.660;U10.660;U11.660;U12.660;U13.660;U14.660;U15.660;U16.660;U17.660;U18.660;U19.660;U20.660;U21.660;U22.660;U23.660;U24.660;U25.660;U26.660;U27.660",1.558,0,10.416133060251,0.642,0.001,16.1117079596541,0.653,"T1->T2",FALSE,0.0650160312652588,NA
661,"model0",300,"large",9,0.44,1.28931674011983,0.501147141330875,1,1,1,0,41,1,0.517839810774499,0.593683582800017,"M0.1",41,"U1.661;U2.661;U3.661;U4.661;U5.661;U6.661;U7.661;U8.661;U9.661;U10.661;U11.661;U12.661;U13.661;U14.661;U15.661;U16.661;U17.661;U18.661;U19.661;U20.661;U21.661;U22.661;U23.661;U24.661;U25.661;U26.661;U27.661;U28.661;U29.661;U30.661;U31.661;U32.661;U33.661;U34.661;U35.661;U36.661;U37.661;U38.661;U39.661;U40.661;U41.661",0.103,0.31,97.7430435299655,9.722,0,1.03224220023448,0.116,"none",FALSE,0.0380029678344727,NA
662,"model1",300,"large",9,0.14,1.03776576276869,0.821309120045044,1,1,1,0,20,1,0.372301585265563,0.390233956203993,"M1.1",20,"U1.662;U2.662;U3.662;U4.662;U5.662;U6.662;U7.662;U8.662;U9.662;U10.662;U11.662;U12.662;U13.662;U14.662;U15.662;U16.662;U17.662;U18.662;U19.662;U20.662",1.109,0,55.3715288862543,0.902,0,41.9287041979939,0.636,"T1->T2",FALSE,0.0386960506439209,NA
663,"model2",300,"large",9,0.03,1.35143841581885,0.920046105631627,1,1,1,0,35,5,0.583710705270691,0.693240708635282,"M2.1",35,"U1.663;U2.663;U3.663;U4.663;U5.663;U6.663;U7.663;U8.663;U9.663;U10.663;U11.663;U12.663;U13.663;U14.663;U15.663;U16.663;U17.663;U18.663;U19.663;U20.663;U21.663;U22.663;U23.663;U24.663;U25.663;U26.663;U27.663;U28.663;U29.663;U30.663;U31.663;U32.663;U33.663;U34.663;U35.663",0.045,0.882,6.80667349907188,21.979,0.009,0.0221926337634675,0.595,"none",TRUE,0.0476748943328857,NA
664,"model3",300,"large",9,0.46,1.48977870296221,0.756999483797699,1,1,1,0,13,1,0.271293102246065,0.213157268039636,"M3",13,"U1.664;U2.664;U3.664;U4.664;U5.664;U6.664;U7.664;U8.664;U9.664;U10.664;U11.664;U12.664;U13.664",1.066,0,220.814033203504,0.938,0,276.946812499192,0.423,"T1->T2",FALSE,0.0356910228729248,NA
665,"model4",300,"large",9,0.15,1.14183988131117,0.545270841917954,1,1,1,0,16,1,0.430845697107238,0.356290690701601,"M4",16,"U1.665;U2.665;U3.665;U4.665;U5.665;U6.665;U7.665;U8.665;U9.665;U10.665;U11.665;U12.665;U13.665;U14.665;U15.665;U16.665",1.524,0,66.3963529209281,0.656,0,124.286198806191,0.699,"T1->T2",FALSE,0.0362510681152344,NA
666,"model0",670,"large",9,0.12,1.3956665325677,0.87071889732033,1,1,1,3,10,1,0.233177101836148,0.235616417065306,"M0.1",10,"U1.666;U2.666;U3.666;U4.666;U5.666;U6.666;U7.666;U8.666;U9.666;U10.666",0.089,0.284,147.767868103261,11.211,0,1.14787527859977,-0.041,"none",FALSE,0.0383610725402832,NA
667,"model1",670,"large",9,0.33,1.29553424601909,0.764635956729762,1,1,1,3,43,1,0.520697343380857,0.527359283558341,"M1.1",43,"U1.667;U2.667;U3.667;U4.667;U5.667;U6.667;U7.667;U8.667;U9.667;U10.667;U11.667;U12.667;U13.667;U14.667;U15.667;U16.667;U17.667;U18.667;U19.667;U20.667;U21.667;U22.667;U23.667;U24.667;U25.667;U26.667;U27.667;U28.667;U29.667;U30.667;U31.667;U32.667;U33.667;U34.667;U35.667;U36.667;U37.667;U38.667;U39.667;U40.667;U41.667;U42.667;U43.667",0.645,0,177.008387348545,1.552,0,57.1186219821301,0.589,"T1->T2",FALSE,0.041215181350708,NA
668,"model2",670,"large",9,0.26,1.27706325100735,0.778742204420269,1,1,1,3,24,1,0.359713907799122,0.453069807830747,"M2.1",24,"U1.668;U2.668;U3.668;U4.668;U5.668;U6.668;U7.668;U8.668;U9.668;U10.668;U11.668;U12.668;U13.668;U14.668;U15.668;U16.668;U17.668;U18.668;U19.668;U20.668;U21.668;U22.668;U23.668;U24.668",0.052,0.427,147.279242989441,19.139,0,0.631819057161824,0.545,"none",FALSE,0.042896032333374,NA
669,"model3",670,"large",9,0.19,1.38002351834439,0.654612644575536,1,1,1,3,15,1,0.291096994864879,0.243545837210784,"M3",15,"U1.669;U2.669;U3.669;U4.669;U5.669;U6.669;U7.669;U8.669;U9.669;U10.669;U11.669;U12.669;U13.669;U14.669;U15.669",1.007,0,271.266511700392,0.993,0,251.742092166624,0.238,"T1->T2",FALSE,0.0327558517456055,NA
670,"model4",670,"large",9,0.05,1.24760918121319,0.744490987272002,1,1,1,3,15,1,0.359371050533144,0.144385764288472,"M4",15,"U1.670;U2.670;U3.670;U4.670;U5.670;U6.670;U7.670;U8.670;U9.670;U10.670;U11.670;U12.670;U13.670;U14.670;U15.670",1.471,0,68.8693517935765,0.68,0,132.553180719593,0.58,"T1->T2",FALSE,0.0197160243988037,NA
671,"model0",1000,"large",9,0.37,1.49909945845138,0.679452613694593,1,1,1,0,29,1,0.38378331927496,0.47088666679574,"M0.1",29,"U1.671;U2.671;U3.671;U4.671;U5.671;U6.671;U7.671;U8.671;U9.671;U10.671;U11.671;U12.671;U13.671;U14.671;U15.671;U16.671;U17.671;U18.671;U19.671;U20.671;U21.671;U22.671;U23.671;U24.671;U25.671;U26.671;U27.671;U28.671;U29.671",-0.074,0.1,400.989498122692,-13.546,0,2.71111437771617,-0.007,"none",FALSE,0.038236141204834,NA
672,"model1",1000,"large",9,0.44,1.2112890984863,0.898532249731943,1,1,1,0,12,1,0.215323932503454,0.225130787914165,"M1.1",12,"U1.672;U2.672;U3.672;U4.672;U5.672;U6.672;U7.672;U8.672;U9.672;U10.672;U11.672;U12.672",0.965,0,489.539068881,1.036,0,275.740750778606,0.751,"T1->T2",FALSE,0.0384180545806885,NA
673,"model2",1000,"large",9,0.26,1.46557135868352,0.641554298694246,1,1,1,0,25,1,0.330350410214807,0.45149231709084,"M2.1",25,"U1.673;U2.673;U3.673;U4.673;U5.673;U6.673;U7.673;U8.673;U9.673;U10.673;U11.673;U12.673;U13.673;U14.673;U15.673;U16.673;U17.673;U18.673;U19.673;U20.673;U21.673;U22.673;U23.673;U24.673;U25.673",-0.042,0.385,294.23223963432,-23.928,0,0.753842008841657,0.417,"none",FALSE,0.0462751388549805,NA
674,"model3",1000,"large",9,0.31,1.45328885584604,0.66493060765788,1,1,1,0,38,1,0.429377173177201,0.440395602136417,"M3",38,"U1.674;U2.674;U3.674;U4.674;U5.674;U6.674;U7.674;U8.674;U9.674;U10.674;U11.674;U12.674;U13.674;U14.674;U15.674;U16.674;U17.674;U18.674;U19.674;U20.674;U21.674;U22.674;U23.674;U24.674;U25.674;U26.674;U27.674;U28.674;U29.674;U30.674;U31.674;U32.674;U33.674;U34.674;U35.674;U36.674;U37.674;U38.674",1.104,0,310.336295987984,0.905,0,382.975382450505,0.087,"T1->T2",FALSE,0.0469470024108887,NA
675,"model4",1000,"large",9,0.37,1.13272985373624,0.652540265349671,1,1,1,0,39,1,0.520992796467624,0.437374036100916,"M4",39,"U1.675;U2.675;U3.675;U4.675;U5.675;U6.675;U7.675;U8.675;U9.675;U10.675;U11.675;U12.675;U13.675;U14.675;U15.675;U16.675;U17.675;U18.675;U19.675;U20.675;U21.675;U22.675;U23.675;U24.675;U25.675;U26.675;U27.675;U28.675;U29.675;U30.675;U31.675;U32.675;U33.675;U34.675;U35.675;U36.675;U37.675;U38.675;U39.675",1.77,0,189.006419394071,0.565,0,453.286324483999,0.602,"T1->T2",FALSE,0.0520470142364502,NA
676,"model0",50,"small",10,0.04,0.459247493650764,0.295174720091745,1,1,1,0,41,4,0.932238565986153,0.920911772449875,"M0.1",41,"U1.676;U2.676;U3.676;U4.676;U5.676;U6.676;U7.676;U8.676;U9.676;U10.676;U11.676;U12.676;U13.676;U14.676;U15.676;U16.676;U17.676;U18.676;U19.676;U20.676;U21.676;U22.676;U23.676;U24.676;U25.676;U26.676;U27.676;U28.676;U29.676;U30.676;U31.676;U32.676;U33.676;U34.676;U35.676;U36.676;U37.676;U38.676;U39.676;U40.676;U41.676",-1.727,0.835,0.020743061211443,-0.579,0.885,0.0433216162475256,-0.074,"none",TRUE,0.0412759780883789,NA
677,"model1",50,"small",10,0.47,0.136087648477405,0.144291895255446,1,1,1,0,35,1,0.797061844984256,0.910468431849717,"M1.1",35,"U1.677;U2.677;U3.677;U4.677;U5.677;U6.677;U7.677;U8.677;U9.677;U10.677;U11.677;U12.677;U13.677;U14.677;U15.677;U16.677;U17.677;U18.677;U19.677;U20.677;U21.677;U22.677;U23.677;U24.677;U25.677;U26.677;U27.677;U28.677;U29.677;U30.677;U31.677;U32.677;U33.677;U34.677;U35.677",1.466,0.35,0.478202081771481,0.682,0.489,0.873101144220814,0.166,"none",TRUE,0.0518889427185059,NA
678,"model2",50,"small",10,0.08,0.364380619395524,0.288269382854924,1,1,1,0,34,3,0.893428213108706,0.937116868062172,"M2.1",34,"U1.678;U2.678;U3.678;U4.678;U5.678;U6.678;U7.678;U8.678;U9.678;U10.678;U11.678;U12.678;U13.678;U14.678;U15.678;U16.678;U17.678;U18.678;U19.678;U20.678;U21.678;U22.678;U23.678;U24.678;U25.678;U26.678;U27.678;U28.678;U29.678;U30.678;U31.678;U32.678;U33.678;U34.678",-3.107,0.874,0.0031789391571749,-0.322,0.955,0.0253354495494145,0.336,"none",TRUE,0.034984827041626,NA
679,"model3",50,"small",10,0.16,0.226689230557531,0.193270182004198,1,1,1,0,40,2,0.911676846347398,0.897483692562541,"M3",40,"U1.679;U2.679;U3.679;U4.679;U5.679;U6.679;U7.679;U8.679;U9.679;U10.679;U11.679;U12.679;U13.679;U14.679;U15.679;U16.679;U17.679;U18.679;U19.679;U20.679;U21.679;U22.679;U23.679;U24.679;U25.679;U26.679;U27.679;U28.679;U29.679;U30.679;U31.679;U32.679;U33.679;U34.679;U35.679;U36.679;U37.679;U38.679;U39.679;U40.679",-3.171,0.01,0.772847584030324,-0.315,0.379,6.55430883566575,-0.06,"none",TRUE,0.0400059223175049,NA
680,"model4",50,"small",10,0.28,0.397485597990453,0.276327289361507,1,1,1,0,24,1,0.744548308227296,0.797383711445373,"M4",24,"U1.680;U2.680;U3.680;U4.680;U5.680;U6.680;U7.680;U8.680;U9.680;U10.680;U11.680;U12.680;U13.680;U14.680;U15.680;U16.680;U17.680;U18.680;U19.680;U20.680;U21.680;U22.680;U23.680;U24.680",0.385,0.314,6.38648375759,2.597,0.011,1.0120482593209,0.485,"none",TRUE,0.0363469123840332,NA
681,"model0",150,"small",10,0.1,0.182948337867856,0.196521658729762,1,1,1,0,42,1,0.688676092026134,0.70861129738181,"M0.1",42,"U1.681;U2.681;U3.681;U4.681;U5.681;U6.681;U7.681;U8.681;U9.681;U10.681;U11.681;U12.681;U13.681;U14.681;U15.681;U16.681;U17.681;U18.681;U19.681;U20.681;U21.681;U22.681;U23.681;U24.681;U25.681;U26.681;U27.681;U28.681;U29.681;U30.681;U31.681;U32.681;U33.681;U34.681;U35.681;U36.681;U37.681;U38.681;U39.681;U40.681;U41.681;U42.681",-0.779,0.131,3.63440767863219,-1.283,0.057,2.28472417818112,-0.182,"none",TRUE,0.0246851444244385,NA
682,"model1",150,"small",10,0.35,0.487612063996494,0.198943433212116,1,1,1,0,37,1,0.51539687960107,0.62390263509152,"M1.1",37,"U1.682;U2.682;U3.682;U4.682;U5.682;U6.682;U7.682;U8.682;U9.682;U10.682;U11.682;U12.682;U13.682;U14.682;U15.682;U16.682;U17.682;U18.682;U19.682;U20.682;U21.682;U22.682;U23.682;U24.682;U25.682;U26.682;U27.682;U28.682;U29.682;U30.682;U31.682;U32.682;U33.682;U34.682;U35.682;U36.682;U37.682",0.849,0.046,5.36901330465514,1.178,0.02,3.98327886282006,0.222,"none",TRUE,0.0255041122436523,NA
683,"model2",150,"small",10,0.31,0.328918546438217,0.288374691316858,1,1,1,0,10,1,0.192760476201999,0.276890539668721,"M2.1",10,"U1.683;U2.683;U3.683;U4.683;U5.683;U6.683;U7.683;U8.683;U9.683;U10.683",0.105,0.738,8.31015525034684,9.535,0.004,0.111961870384328,0.302,"none",TRUE,0.0241260528564453,NA
684,"model3",150,"small",10,0.32,0.333351234998554,0.237129194429144,1,1,1,0,20,1,0.471184859579344,0.516311765646418,"M3",20,"U1.684;U2.684;U3.684;U4.684;U5.684;U6.684;U7.684;U8.684;U9.684;U10.684;U11.684;U12.684;U13.684;U14.684;U15.684;U16.684;U17.684;U18.684;U19.684;U20.684",2.884,0,1.79463720687246,0.347,0.18,12.2909799774984,0.155,"none",TRUE,0.0243010520935059,NA
685,"model4",150,"small",10,0.42,0.20975932944566,0.118426088429987,1,1,1,0,41,1,0.692652879270037,0.698812311636877,"M4",41,"U1.685;U2.685;U3.685;U4.685;U5.685;U6.685;U7.685;U8.685;U9.685;U10.685;U11.685;U12.685;U13.685;U14.685;U15.685;U16.685;U17.685;U18.685;U19.685;U20.685;U21.685;U22.685;U23.685;U24.685;U25.685;U26.685;U27.685;U28.685;U29.685;U30.685;U31.685;U32.685;U33.685;U34.685;U35.685;U36.685;U37.685;U38.685;U39.685;U40.685;U41.685",-1.918,0.57,0.0900457699607798,-0.521,0.764,0.322901598978164,-0.042,"none",TRUE,0.0260248184204102,NA
686,"model0",300,"small",10,0.39,0.279700077325106,0.16130409957841,1,1,1,0,48,1,0.725383138349185,0.643350886545801,"M0.1",48,"U1.686;U2.686;U3.686;U4.686;U5.686;U6.686;U7.686;U8.686;U9.686;U10.686;U11.686;U12.686;U13.686;U14.686;U15.686;U16.686;U17.686;U18.686;U19.686;U20.686;U21.686;U22.686;U23.686;U24.686;U25.686;U26.686;U27.686;U28.686;U29.686;U30.686;U31.686;U32.686;U33.686;U34.686;U35.686;U36.686;U37.686;U38.686;U39.686;U40.686;U41.686;U42.686;U43.686;U44.686;U45.686;U46.686;U47.686;U48.686",1.316,0.027,2.77503513701136,0.76,0.096,4.88861441650977,0.071,"none",TRUE,0.036024808883667,NA
687,"model1",300,"small",10,0.41,0.313017314206809,0.19942207117565,1,1,1,0,14,1,0.323360331142941,0.264310383954517,"M1.1",14,"U1.687;U2.687;U3.687;U4.687;U5.687;U6.687;U7.687;U8.687;U9.687;U10.687;U11.687;U12.687;U13.687;U14.687",0.476,0.132,9.88456143838209,2.101,0.002,2.26756668426393,0.17,"none",TRUE,0.0367159843444824,NA
688,"model2",300,"small",10,0.28,0.140394558850676,0.202686147717759,1,1,1,0,49,1,0.775497793536578,0.638071675784293,"M2.1",49,"U1.688;U2.688;U3.688;U4.688;U5.688;U6.688;U7.688;U8.688;U9.688;U10.688;U11.688;U12.688;U13.688;U14.688;U15.688;U16.688;U17.688;U18.688;U19.688;U20.688;U21.688;U22.688;U23.688;U24.688;U25.688;U26.688;U27.688;U28.688;U29.688;U30.688;U31.688;U32.688;U33.688;U34.688;U35.688;U36.688;U37.688;U38.688;U39.688;U40.688;U41.688;U42.688;U43.688;U44.688;U45.688;U46.688;U47.688;U48.688;U49.688",-0.577,0.391,1.44075829198523,-1.733,0.23,0.736232947374509,0.225,"none",TRUE,0.0361990928649902,NA
689,"model3",300,"small",10,0.19,0.159569149278104,0.206463523535058,1,1,1,0,29,1,0.584017217641312,0.520099466186196,"M3",29,"U1.689;U2.689;U3.689;U4.689;U5.689;U6.689;U7.689;U8.689;U9.689;U10.689;U11.689;U12.689;U13.689;U14.689;U15.689;U16.689;U17.689;U18.689;U19.689;U20.689;U21.689;U22.689;U23.689;U24.689;U25.689;U26.689;U27.689;U28.689;U29.689",0.751,0.579,0.594531365407471,1.332,0.441,0.307696168867625,-0.094,"none",TRUE,0.0357260704040527,NA
690,"model4",300,"small",10,0.39,0.112481847777963,0.256665005255491,1,1,1,0,11,1,0.474013624533673,0.30155233469596,"M4",11,"U1.690;U2.690;U3.690;U4.690;U5.690;U6.690;U7.690;U8.690;U9.690;U10.690;U11.690",0.05,0.934,2.81041034090053,19.979,0.094,0.00695287604519818,0.121,"none",TRUE,0.0391387939453125,NA
691,"model0",670,"small",10,0.42,0.237284413352609,0.15152976475656,1,1,1,3,35,1,0.576447457045662,0.546864969115155,"M0.1",35,"U1.691;U2.691;U3.691;U4.691;U5.691;U6.691;U7.691;U8.691;U9.691;U10.691;U11.691;U12.691;U13.691;U14.691;U15.691;U16.691;U17.691;U18.691;U19.691;U20.691;U21.691;U22.691;U23.691;U24.691;U25.691;U26.691;U27.691;U28.691;U29.691;U30.691;U31.691;U32.691;U33.691;U34.691;U35.691",0.331,0.208,13.7939117503283,3.017,0,1.58684337860488,-0.034,"none",FALSE,0.0349950790405273,NA
692,"model1",670,"small",10,0.47,0.238671504426748,0.262691796245053,1,1,1,3,11,1,0.301690353675847,0.18503530406017,"M1.1",11,"U1.692;U2.692;U3.692;U4.692;U5.692;U6.692;U7.692;U8.692;U9.692;U10.692;U11.692",0.193,0.499,11.4875687648481,5.191,0.001,0.457185979876882,0.313,"none",FALSE,0.0344510078430176,NA
693,"model2",670,"small",10,0.29,0.151383975334466,0.231226794281974,1,1,1,3,31,1,0.577338127907206,0.570696934270025,"M2.1",31,"U1.693;U2.693;U3.693;U4.693;U5.693;U6.693;U7.693;U8.693;U9.693;U10.693;U11.693;U12.693;U13.693;U14.693;U15.693;U16.693;U17.693;U18.693;U19.693;U20.693;U21.693;U22.693;U23.693;U24.693;U25.693;U26.693;U27.693;U28.693;U29.693;U30.693;U31.693",7.699,0.027,0.0792824702171923,0.13,0.778,4.91897888044234,0.166,"none",TRUE,0.0231609344482422,NA
694,"model3",670,"small",10,0.13,0.12159419702366,0.243223999347538,1,1,1,3,29,1,0.510891265060223,0.556163052511657,"M3",29,"U1.694;U2.694;U3.694;U4.694;U5.694;U6.694;U7.694;U8.694;U9.694;U10.694;U11.694;U12.694;U13.694;U14.694;U15.694;U16.694;U17.694;U18.694;U19.694;U20.694;U21.694;U22.694;U23.694;U24.694;U25.694;U26.694;U27.694;U28.694;U29.694",2.39,0.064,0.708744035659562,0.418,0.4,3.41786537637155,-0.011,"none",TRUE,0.0188469886779785,NA
695,"model4",670,"small",10,0.01,0.204236566089094,0.24001537496224,1,1,1,3,24,11,0.522328472208398,0.462360525112649,"M4",24,"U1.695;U2.695;U3.695;U4.695;U5.695;U6.695;U7.695;U8.695;U9.695;U10.695;U11.695;U12.695;U13.695;U14.695;U15.695;U16.695;U17.695;U18.695;U19.695;U20.695;U21.695;U22.695;U23.695;U24.695",1.25,0.083,2.14025424319578,0.8,0.143,2.99671833470592,0.268,"none",TRUE,0.0183432102203369,NA
696,"model0",1000,"small",10,0.4,0.345197795238346,0.205781063437462,1,1,1,0,21,1,0.473990681181126,0.393214424460387,"M0.1",21,"U1.696;U2.696;U3.696;U4.696;U5.696;U6.696;U7.696;U8.696;U9.696;U10.696;U11.696;U12.696;U13.696;U14.696;U15.696;U16.696;U17.696;U18.696;U19.696;U20.696;U21.696",-0.073,0.681,26.9364667775513,-13.609,0,0.168640682272807,-0.109,"none",FALSE,0.0516960620880127,NA
697,"model1",1000,"small",10,0.38,0.150211328268051,0.111042249156162,1,1,1,0,16,1,0.352520685856123,0.283176174931366,"M1.1",16,"U1.697;U2.697;U3.697;U4.697;U5.697;U6.697;U7.697;U8.697;U9.697;U10.697;U11.697;U12.697;U13.697;U14.697;U15.697;U16.697",-0.012,0.987,1.91276801947784,-85.021,0.167,0.000275686907715545,0.105,"none",TRUE,0.0526649951934814,NA
698,"model2",1000,"small",10,0.02,0.205372184049338,0.296314996248111,1,1,1,0,14,5,0.288020194677627,0.293969151250434,"M2.1",14,"U1.698;U2.698;U3.698;U4.698;U5.698;U6.698;U7.698;U8.698;U9.698;U10.698;U11.698;U12.698;U13.698;U14.698",0.807,0.652,0.274735055519131,1.24,0.6,0.20378920340455,0.314,"none",TRUE,0.0535380840301514,NA
699,"model3",1000,"small",10,0.15,0.487381713185459,0.281623938959092,1,1,1,0,47,1,0.598765024876582,0.625927824002073,"M3",47,"U1.699;U2.699;U3.699;U4.699;U5.699;U6.699;U7.699;U8.699;U9.699;U10.699;U11.699;U12.699;U13.699;U14.699;U15.699;U16.699;U17.699;U18.699;U19.699;U20.699;U21.699;U22.699;U23.699;U24.699;U25.699;U26.699;U27.699;U28.699;U29.699;U30.699;U31.699;U32.699;U33.699;U34.699;U35.699;U36.699;U37.699;U38.699;U39.699;U40.699;U41.699;U42.699;U43.699;U44.699;U45.699;U46.699;U47.699",1.551,0,16.2924779704519,0.645,0,36.2070027558775,-0.127,"T1->T2",FALSE,0.0514068603515625,NA
700,"model4",1000,"small",10,0.2,0.489428925700486,0.139082259917632,1,1,1,0,44,1,0.574688304653741,0.532691493010344,"M4",44,"U1.700;U2.700;U3.700;U4.700;U5.700;U6.700;U7.700;U8.700;U9.700;U10.700;U11.700;U12.700;U13.700;U14.700;U15.700;U16.700;U17.700;U18.700;U19.700;U20.700;U21.700;U22.700;U23.700;U24.700;U25.700;U26.700;U27.700;U28.700;U29.700;U30.700;U31.700;U32.700;U33.700;U34.700;U35.700;U36.700;U37.700;U38.700;U39.700;U40.700;U41.700;U42.700;U43.700;U44.700",1.257,0,22.9150855484222,0.795,0,41.0976338362215,0.238,"T1->T2",FALSE,0.0527849197387695,NA
701,"model0",50,"medium",10,0.2,0.807719716918655,0.492968733608723,1,1,1,0,29,1,0.779910932355839,0.680953288884444,"M0.1",29,"U1.701;U2.701;U3.701;U4.701;U5.701;U6.701;U7.701;U8.701;U9.701;U10.701;U11.701;U12.701;U13.701;U14.701;U15.701;U16.701;U17.701;U18.701;U19.701;U20.701;U21.701;U22.701;U23.701;U24.701;U25.701;U26.701;U27.701;U28.701;U29.701",0.202,0.731,2.5362730337378,4.954,0.111,0.117777118343538,0.019,"none",TRUE,0.0357410907745361,NA
702,"model1",50,"medium",10,0.32,0.846319702570327,0.431234008539468,1,1,1,0,8,1,0.477522763876602,0.317725722562827,"M1.1",8,"U1.702;U2.702;U3.702;U4.702;U5.702;U6.702;U7.702;U8.702",0.325,0.227,20.8050775794294,3.079,0,1.46244346038771,0.456,"none",FALSE,0.0349738597869873,NA
703,"model2",50,"medium",10,0.46,0.683268022607081,0.301850293576717,1,1,1,0,12,1,0.502545085245081,0.460990865916279,"M2.1",12,"U1.703;U2.703;U3.703;U4.703;U5.703;U6.703;U7.703;U8.703;U9.703;U10.703;U11.703;U12.703",0.6,0.4,1.47008839410391,1.668,0.225,0.707711447948399,0.504,"none",TRUE,0.0477430820465088,NA
704,"model3",50,"medium",10,0.14,0.768431808915921,0.331705621164292,1,1,1,0,33,1,0.887050363582063,0.7383189933345,"M3",33,"U1.704;U2.704;U3.704;U4.704;U5.704;U6.704;U7.704;U8.704;U9.704;U10.704;U11.704;U12.704;U13.704;U14.704;U15.704;U16.704;U17.704;U18.704;U19.704;U20.704;U21.704;U22.704;U23.704;U24.704;U25.704;U26.704;U27.704;U28.704;U29.704;U30.704;U31.704;U32.704;U33.704",0.938,0.069,3.32435891213898,1.066,0.068,3.31083515129942,0.11,"none",TRUE,0.0346319675445557,NA
705,"model4",50,"medium",10,0.31,0.589714416186325,0.469436743063852,1,1,1,0,35,1,0.814308192120851,0.935347668226242,"M4",35,"U1.705;U2.705;U3.705;U4.705;U5.705;U6.705;U7.705;U8.705;U9.705;U10.705;U11.705;U12.705;U13.705;U14.705;U15.705;U16.705;U17.705;U18.705;U19.705;U20.705;U21.705;U22.705;U23.705;U24.705;U25.705;U26.705;U27.705;U28.705;U29.705;U30.705;U31.705;U32.705;U33.705;U34.705;U35.705",1.166,0.02,5.38042581842646,0.858,0.02,5.43936486391245,0.352,"none",TRUE,0.0485031604766846,NA
706,"model0",150,"medium",10,0.26,0.86972187878564,0.328269141539931,1,1,1,0,14,1,0.434269315608687,0.568837721734793,"M0.1",14,"U1.706;U2.706;U3.706;U4.706;U5.706;U6.706;U7.706;U8.706;U9.706;U10.706;U11.706;U12.706;U13.706;U14.706",0.088,0.532,53.6083353958365,11.336,0,0.389640132528112,-0.04,"none",FALSE,0.0242321491241455,NA
707,"model1",150,"medium",10,0.06,0.508745533181354,0.377341319620609,1,1,1,0,20,1,0.483132628346631,0.469876294013053,"M1.1",20,"U1.707;U2.707;U3.707;U4.707;U5.707;U6.707;U7.707;U8.707;U9.707;U10.707;U11.707;U12.707;U13.707;U14.707;U15.707;U16.707;U17.707;U18.707;U19.707;U20.707",1.288,0.008,6.23643549953702,0.776,0.013,7.0263837748721,0.195,"none",TRUE,0.0242469310760498,NA
708,"model2",150,"medium",10,0.26,0.548291885526851,0.322570121102035,1,1,1,0,17,1,0.424294748284136,0.411920344428242,"M2.1",17,"U1.708;U2.708;U3.708;U4.708;U5.708;U6.708;U7.708;U8.708;U9.708;U10.708;U11.708;U12.708;U13.708;U14.708;U15.708;U16.708;U17.708",-0.399,0.268,8.79781942822511,-2.503,0.003,1.22929296211513,0.313,"none",TRUE,0.0248000621795654,NA
709,"model3",150,"medium",10,0.39,0.693753153434955,0.351620124932379,1,1,1,0,43,1,0.661726713944368,0.679931678168676,"M3",43,"U1.709;U2.709;U3.709;U4.709;U5.709;U6.709;U7.709;U8.709;U9.709;U10.709;U11.709;U12.709;U13.709;U14.709;U15.709;U16.709;U17.709;U18.709;U19.709;U20.709;U21.709;U22.709;U23.709;U24.709;U25.709;U26.709;U27.709;U28.709;U29.709;U30.709;U31.709;U32.709;U33.709;U34.709;U35.709;U36.709;U37.709;U38.709;U39.709;U40.709;U41.709;U42.709;U43.709",0.246,0.201,30.7903330840751,4.063,0,1.63529197123744,-0.132,"none",FALSE,0.0252339839935303,NA
710,"model4",150,"medium",10,0.24,0.907113956985995,0.397376184351742,1,1,1,0,33,1,0.492490177607693,0.504003255073953,"M4",33,"U1.710;U2.710;U3.710;U4.710;U5.710;U6.710;U7.710;U8.710;U9.710;U10.710;U11.710;U12.710;U13.710;U14.710;U15.710;U16.710;U17.710;U18.710;U19.710;U20.710;U21.710;U22.710;U23.710;U24.710;U25.710;U26.710;U27.710;U28.710;U29.710;U30.710;U31.710;U32.710;U33.710",0.99,0,36.6512367609044,1.01,0,26.3065860093897,0.573,"T1->T2",FALSE,0.0244290828704834,NA
711,"model0",300,"medium",10,0.21,0.56449870148208,0.458691566297784,1,1,1,0,15,1,0.434398127490081,0.311032964912748,"M0.1",15,"U1.711;U2.711;U3.711;U4.711;U5.711;U6.711;U7.711;U8.711;U9.711;U10.711;U11.711;U12.711;U13.711;U14.711;U15.711",-0.356,0.247,9.96302334580557,-2.807,0.002,1.33987398363965,0.003,"none",TRUE,0.0407960414886475,NA
712,"model1",300,"medium",10,0.33,0.804993374971673,0.340269123017788,1,1,1,0,27,1,0.505751331996406,0.596637756464855,"M1.1",27,"U1.712;U2.712;U3.712;U4.712;U5.712;U6.712;U7.712;U8.712;U9.712;U10.712;U11.712;U12.712;U13.712;U14.712;U15.712;U16.712;U17.712;U18.712;U19.712;U20.712;U21.712;U22.712;U23.712;U24.712;U25.712;U26.712;U27.712",0.312,0.014,57.0015869476116,3.207,0,6.04311087398321,0.343,"T1->T2",FALSE,0.0371232032775879,NA
713,"model2",300,"medium",10,0.27,0.506191676831804,0.401821700297296,1,1,1,0,26,1,0.528054337708478,0.463354945509022,"M2.1",26,"U1.713;U2.713;U3.713;U4.713;U5.713;U6.713;U7.713;U8.713;U9.713;U10.713;U11.713;U12.713;U13.713;U14.713;U15.713;U16.713;U17.713;U18.713;U19.713;U20.713;U21.713;U22.713;U23.713;U24.713;U25.713;U26.713",0.116,0.547,24.1996855273417,8.602,0,0.363322081062518,0.466,"none",FALSE,0.0360779762268066,NA
714,"model3",300,"medium",10,0.27,0.606669079512358,0.36114726504311,1,1,1,0,32,1,0.48180553354747,0.508460300144841,"M3",32,"U1.714;U2.714;U3.714;U4.714;U5.714;U6.714;U7.714;U8.714;U9.714;U10.714;U11.714;U12.714;U13.714;U14.714;U15.714;U16.714;U17.714;U18.714;U19.714;U20.714;U21.714;U22.714;U23.714;U24.714;U25.714;U26.714;U27.714;U28.714;U29.714;U30.714;U31.714;U32.714",1.218,0,18.1224703865588,0.821,0,30.8481100572757,0.049,"T1->T2",FALSE,0.0406429767608643,NA
715,"model4",300,"medium",10,0.15,0.599763127393089,0.377551659243181,1,1,1,0,1,1,0.0245796401236271,0.062000205262658,"M4",1,"U1.715",1.078,0,30.8077720540278,0.928,0,29.461754003898,0.331,"T1->T2",FALSE,0.0375900268554688,NA
716,"model0",670,"medium",10,0.06,0.98831193940714,0.406410772027448,1,1,1,3,15,1,0.296892079571848,0.406054580218658,"M0.1",15,"U1.716;U2.716;U3.716;U4.716;U5.716;U6.716;U7.716;U8.716;U9.716;U10.716;U11.716;U12.716;U13.716;U14.716;U15.716",0.104,0.388,78.7158905748066,9.635,0,0.746608904068257,0.094,"none",FALSE,0.0495989322662354,NA
717,"model1",670,"medium",10,0.04,0.921164425788447,0.340174904186279,1,1,1,3,39,1,0.572876324942862,0.603549754141969,"M1.1",39,"U1.717;U2.717;U3.717;U4.717;U5.717;U6.717;U7.717;U8.717;U9.717;U10.717;U11.717;U12.717;U13.717;U14.717;U15.717;U16.717;U17.717;U18.717;U19.717;U20.717;U21.717;U22.717;U23.717;U24.717;U25.717;U26.717;U27.717;U28.717;U29.717;U30.717;U31.717;U32.717;U33.717;U34.717;U35.717;U36.717;U37.717;U38.717;U39.717",0.998,0,14.6717973592277,1.002,0,12.614205914844,0.27,"T1->T2",FALSE,0.0315520763397217,NA
718,"model2",670,"medium",10,0.43,0.671745633939281,0.422711947048083,1,1,1,3,23,1,0.37713977270092,0.457816255586682,"M2.1",23,"U1.718;U2.718;U3.718;U4.718;U5.718;U6.718;U7.718;U8.718;U9.718;U10.718;U11.718;U12.718;U13.718;U14.718;U15.718;U16.718;U17.718;U18.718;U19.718;U20.718;U21.718;U22.718;U23.718",0.118,0.245,80.3848001086093,8.494,0,1.349179835278,0.412,"none",FALSE,0.0396490097045898,NA
719,"model3",670,"medium",10,0.28,0.792150105000474,0.431703347805887,1,1,1,3,43,1,0.582252670593082,0.683687168754206,"M3",43,"U1.719;U2.719;U3.719;U4.719;U5.719;U6.719;U7.719;U8.719;U9.719;U10.719;U11.719;U12.719;U13.719;U14.719;U15.719;U16.719;U17.719;U18.719;U19.719;U20.719;U21.719;U22.719;U23.719;U24.719;U25.719;U26.719;U27.719;U28.719;U29.719;U30.719;U31.719;U32.719;U33.719;U34.719;U35.719;U36.719;U37.719;U38.719;U39.719;U40.719;U41.719;U42.719;U43.719",1.063,0,86.9891724793056,0.941,0,70.7275089847624,0.033,"T1->T2",FALSE,0.0823919773101807,NA
720,"model4",670,"medium",10,0.42,0.773303159046918,0.303492870600894,1,1,1,3,44,1,0.553386566006524,0.561478325234437,"M4",44,"U1.720;U2.720;U3.720;U4.720;U5.720;U6.720;U7.720;U8.720;U9.720;U10.720;U11.720;U12.720;U13.720;U14.720;U15.720;U16.720;U17.720;U18.720;U19.720;U20.720;U21.720;U22.720;U23.720;U24.720;U25.720;U26.720;U27.720;U28.720;U29.720;U30.720;U31.720;U32.720;U33.720;U34.720;U35.720;U36.720;U37.720;U38.720;U39.720;U40.720;U41.720;U42.720;U43.720;U44.720",1.558,0,58.5282749655326,0.642,0,129.761202471621,0.427,"T1->T2",FALSE,0.0307188034057617,NA
721,"model0",1000,"medium",10,0.02,0.739621487562545,0.308503012219444,1,1,1,0,24,1,0.475321425533928,0.440000644023958,"M0.1",24,"U1.721;U2.721;U3.721;U4.721;U5.721;U6.721;U7.721;U8.721;U9.721;U10.721;U11.721;U12.721;U13.721;U14.721;U15.721;U16.721;U17.721;U18.721;U19.721;U20.721;U21.721;U22.721;U23.721;U24.721",-0.139,0.489,25.3098174368291,-7.206,0,0.477943160849078,-0.038,"none",FALSE,0.0525600910186768,NA
722,"model1",1000,"medium",10,0.35,0.687242429819889,0.308161163376644,1,1,1,0,32,1,0.48052912472139,0.541547880360451,"M1.1",32,"U1.722;U2.722;U3.722;U4.722;U5.722;U6.722;U7.722;U8.722;U9.722;U10.722;U11.722;U12.722;U13.722;U14.722;U15.722;U16.722;U17.722;U18.722;U19.722;U20.722;U21.722;U22.722;U23.722;U24.722;U25.722;U26.722;U27.722;U28.722;U29.722;U30.722;U31.722;U32.722",0.272,0.026,80.3637310046506,3.679,0,4.95909289302907,0.399,"T1->T2",FALSE,0.051987886428833,NA
723,"model2",1000,"medium",10,0.45,0.767170291859657,0.454763743886724,1,1,1,0,29,1,0.495925787451963,0.574183863988933,"M2.1",29,"U1.723;U2.723;U3.723;U4.723;U5.723;U6.723;U7.723;U8.723;U9.723;U10.723;U11.723;U12.723;U13.723;U14.723;U15.723;U16.723;U17.723;U18.723;U19.723;U20.723;U21.723;U22.723;U23.723;U24.723;U25.723;U26.723;U27.723;U28.723;U29.723",0.007,0.94,106.312924275829,152.443,0,0.00568594094908617,0.412,"none",FALSE,0.055656909942627,NA
724,"model3",1000,"medium",10,0.31,0.781267422484234,0.384678020095453,1,1,1,0,3,1,0.0497644252208497,0.137462432018827,"M3",3,"U1.724;U2.724;U3.724",1.062,0,197.246003740543,0.942,0,201.583187728717,0.135,"T1->T2",FALSE,0.0531079769134521,NA
725,"model4",1000,"medium",10,0.01,0.649136530584656,0.468515586527064,1,1,1,0,46,4,0.605174867103676,0.596142269581259,"M4",46,"U1.725;U2.725;U3.725;U4.725;U5.725;U6.725;U7.725;U8.725;U9.725;U10.725;U11.725;U12.725;U13.725;U14.725;U15.725;U16.725;U17.725;U18.725;U19.725;U20.725;U21.725;U22.725;U23.725;U24.725;U25.725;U26.725;U27.725;U28.725;U29.725;U30.725;U31.725;U32.725;U33.725;U34.725;U35.725;U36.725;U37.725;U38.725;U39.725;U40.725;U41.725;U42.725;U43.725;U44.725;U45.725;U46.725",2.244,0.001,2.82779314745204,0.446,0.093,11.5314544779889,0.364,"none",TRUE,0.0500960350036621,NA
726,"model0",50,"large",10,0.14,1.22974502446596,0.773049697862007,1,1,1,0,37,1,0.78119515104071,0.92488189335859,"M0.1",37,"U1.726;U2.726;U3.726;U4.726;U5.726;U6.726;U7.726;U8.726;U9.726;U10.726;U11.726;U12.726;U13.726;U14.726;U15.726;U16.726;U17.726;U18.726;U19.726;U20.726;U21.726;U22.726;U23.726;U24.726;U25.726;U26.726;U27.726;U28.726;U29.726;U30.726;U31.726;U32.726;U33.726;U34.726;U35.726;U36.726;U37.726",-0.018,0.954,12.0055474589724,-56.648,0.001,0.00333747064713673,0.133,"none",FALSE,0.067086935043335,NA
727,"model1",50,"large",10,0.35,1.4649999642279,0.54708192544058,1,1,1,0,30,1,0.839484811288843,0.838192630655891,"M1.1",30,"U1.727;U2.727;U3.727;U4.727;U5.727;U6.727;U7.727;U8.727;U9.727;U10.727;U11.727;U12.727;U13.727;U14.727;U15.727;U16.727;U17.727;U18.727;U19.727;U20.727;U21.727;U22.727;U23.727;U24.727;U25.727;U26.727;U27.727;U28.727;U29.727;U30.727",0.194,0.304,44.4134842802023,5.15,0,1.05669758335273,0.515,"none",FALSE,0.0516319274902344,NA
728,"model2",50,"large",10,0.29,1.42062617407646,0.609149480471388,1,1,1,0,18,1,0.529043196209321,0.477092304594346,"M2.1",18,"U1.728;U2.728;U3.728;U4.728;U5.728;U6.728;U7.728;U8.728;U9.728;U10.728;U11.728;U12.728;U13.728;U14.728;U15.728;U16.728;U17.728;U18.728",0.195,0.481,6.59098821917493,5.141,0.01,0.495551544382724,0.586,"none",TRUE,0.0417420864105225,NA
729,"model3",50,"large",10,0.04,1.33020327868871,0.78329574665986,1,1,1,0,1,3,0.0664136869783503,0.0568669006813651,"M3",1,"U1.729",1.12,0.014,7.45391897946158,0.893,0.006,6.0676474516593,0.216,"none",TRUE,0.0410459041595459,NA
730,"model4",50,"large",10,0.01,1.0100410830928,0.82243328075856,1,1,1,0,11,368,0.497718641506924,0.532563581063067,"M4",11,"U1.730;U2.730;U3.730;U4.730;U5.730;U6.730;U7.730;U8.730;U9.730;U10.730;U11.730",1.459,0.002,11.2190924433743,0.685,0.001,9.64012134030115,0.647,"T1->T2",FALSE,0.0368349552154541,NA
731,"model0",150,"large",10,0.08,1.31244864792097,0.846924728364684,1,1,1,0,37,3,0.588307212115352,0.675107658003407,"M0.1",37,"U1.731;U2.731;U3.731;U4.731;U5.731;U6.731;U7.731;U8.731;U9.731;U10.731;U11.731;U12.731;U13.731;U14.731;U15.731;U16.731;U17.731;U18.731;U19.731;U20.731;U21.731;U22.731;U23.731;U24.731;U25.731;U26.731;U27.731;U28.731;U29.731;U30.731;U31.731;U32.731;U33.731;U34.731;U35.731;U36.731;U37.731",0.498,0.019,22.1808796850074,2.009,0,5.51412888581283,0.055,"T1->T2",FALSE,0.0335018634796143,NA
732,"model1",150,"large",10,0.08,1.43324864865281,0.688496932503767,1,1,1,0,46,1,0.7015321990386,0.648774302839295,"M1.1",46,"U1.732;U2.732;U3.732;U4.732;U5.732;U6.732;U7.732;U8.732;U9.732;U10.732;U11.732;U12.732;U13.732;U14.732;U15.732;U16.732;U17.732;U18.732;U19.732;U20.732;U21.732;U22.732;U23.732;U24.732;U25.732;U26.732;U27.732;U28.732;U29.732;U30.732;U31.732;U32.732;U33.732;U34.732;U35.732;U36.732;U37.732;U38.732;U39.732;U40.732;U41.732;U42.732;U43.732;U44.732;U45.732;U46.732",0.991,0.015,7.00144800555725,1.009,0.008,5.97096014633422,0.596,"none",TRUE,0.0243899822235107,NA
733,"model2",150,"large",10,0.31,1.33357098174747,0.529331025318243,1,1,1,0,27,1,0.490569160777964,0.679500209421102,"M2.1",27,"U1.733;U2.733;U3.733;U4.733;U5.733;U6.733;U7.733;U8.733;U9.733;U10.733;U11.733;U12.733;U13.733;U14.733;U15.733;U16.733;U17.733;U18.733;U19.733;U20.733;U21.733;U22.733;U23.733;U24.733;U25.733;U26.733;U27.733",0.186,0.121,59.660148310525,5.39,0,2.4015797416743,0.559,"none",FALSE,0.0239880084991455,NA
734,"model3",150,"large",10,0.19,1.48927121213637,0.907155388966203,1,1,1,0,31,1,0.515298296293671,0.512799219841158,"M3",31,"U1.734;U2.734;U3.734;U4.734;U5.734;U6.734;U7.734;U8.734;U9.734;U10.734;U11.734;U12.734;U13.734;U14.734;U15.734;U16.734;U17.734;U18.734;U19.734;U20.734;U21.734;U22.734;U23.734;U24.734;U25.734;U26.734;U27.734;U28.734;U29.734;U30.734;U31.734",1.124,0,36.599557629687,0.89,0,43.6227736876651,0.124,"T1->T2",FALSE,0.024932861328125,NA
735,"model4",150,"large",10,0.4,1.45015604584478,0.54436879104469,1,1,1,0,22,1,0.382711388402184,0.34780315181519,"M4",22,"U1.735;U2.735;U3.735;U4.735;U5.735;U6.735;U7.735;U8.735;U9.735;U10.735;U11.735;U12.735;U13.735;U14.735;U15.735;U16.735;U17.735;U18.735;U19.735;U20.735;U21.735;U22.735",1.573,0,107.552853891192,0.636,0,186.309540977692,0.785,"T1->T2",FALSE,0.02565598487854,NA
736,"model0",300,"large",10,0.35,1.07908074266743,0.659958432195708,1,1,1,0,13,1,0.306347109349223,0.345733082813279,"M0.1",13,"U1.736;U2.736;U3.736;U4.736;U5.736;U6.736;U7.736;U8.736;U9.736;U10.736;U11.736;U12.736;U13.736",0.052,0.586,108.948608187515,19.284,0,0.296801493936256,0.092,"none",FALSE,0.049407958984375,NA
737,"model1",300,"large",10,0.14,1.1586908462923,0.998323655803688,1,1,1,0,16,1,0.401105298425385,0.335911633813911,"M1.1",16,"U1.737;U2.737;U3.737;U4.737;U5.737;U6.737;U7.737;U8.737;U9.737;U10.737;U11.737;U12.737;U13.737;U14.737;U15.737;U16.737",1.079,0,47.7946710675412,0.927,0,27.8247519176727,0.782,"T1->T2",FALSE,0.033660888671875,NA
738,"model2",300,"large",10,0.44,1.03043484233785,0.801729241386056,1,1,1,0,9,1,0.287578741538949,0.293110987176523,"M2.1",9,"U1.738;U2.738;U3.738;U4.738;U5.738;U6.738;U7.738;U8.738;U9.738",0.077,0.394,58.7032834577683,12.934,0,0.727926100998067,0.645,"none",FALSE,0.0445609092712402,NA
739,"model3",300,"large",10,0.46,1.47465532540809,0.997129699913785,1,1,1,0,36,1,0.473130377394178,0.333596850271179,"M3",36,"U1.739;U2.739;U3.739;U4.739;U5.739;U6.739;U7.739;U8.739;U9.739;U10.739;U11.739;U12.739;U13.739;U14.739;U15.739;U16.739;U17.739;U18.739;U19.739;U20.739;U21.739;U22.739;U23.739;U24.739;U25.739;U26.739;U27.739;U28.739;U29.739;U30.739;U31.739;U32.739;U33.739;U34.739;U35.739;U36.739",1.056,0,147.668072365809,0.947,0,167.543500511356,0.34,"T1->T2",FALSE,0.0270528793334961,NA
740,"model4",300,"large",10,0.19,1.21452807541937,0.943071279907599,1,1,1,0,42,1,0.545728819288334,0.525396134024261,"M4",42,"U1.740;U2.740;U3.740;U4.740;U5.740;U6.740;U7.740;U8.740;U9.740;U10.740;U11.740;U12.740;U13.740;U14.740;U15.740;U16.740;U17.740;U18.740;U19.740;U20.740;U21.740;U22.740;U23.740;U24.740;U25.740;U26.740;U27.740;U28.740;U29.740;U30.740;U31.740;U32.740;U33.740;U34.740;U35.740;U36.740;U37.740;U38.740;U39.740;U40.740;U41.740;U42.740",2.132,0,56.8748749382393,0.469,0,115.02421151075,0.782,"T1->T2",FALSE,0.0267198085784912,NA
741,"model0",670,"large",10,0.26,1.40839029767085,0.786316424608231,1,1,1,3,21,1,0.321405438112817,0.424116015166702,"M0.1",21,"U1.741;U2.741;U3.741;U4.741;U5.741;U6.741;U7.741;U8.741;U9.741;U10.741;U11.741;U12.741;U13.741;U14.741;U15.741;U16.741;U17.741;U18.741;U19.741;U20.741;U21.741",0.05,0.381,294.272054008928,20.122,0,0.767662616217399,-0.062,"none",FALSE,0.0462489128112793,NA
742,"model1",670,"large",10,0.04,1.4487964840373,0.877039826475084,1,1,1,3,35,2,0.483466357763124,0.52342909427725,"M1.1",35,"U1.742;U2.742;U3.742;U4.742;U5.742;U6.742;U7.742;U8.742;U9.742;U10.742;U11.742;U12.742;U13.742;U14.742;U15.742;U16.742;U17.742;U18.742;U19.742;U20.742;U21.742;U22.742;U23.742;U24.742;U25.742;U26.742;U27.742;U28.742;U29.742;U30.742;U31.742;U32.742;U33.742;U34.742;U35.742",0.885,0,64.0565833592171,1.129,0,28.4604574595893,0.681,"T1->T2",FALSE,0.0297539234161377,NA
743,"model2",670,"large",10,0.12,1.38537743501365,0.627354089403525,1,1,1,3,33,1,0.511755917747442,0.56295232543472,"M2.1",33,"U1.743;U2.743;U3.743;U4.743;U5.743;U6.743;U7.743;U8.743;U9.743;U10.743;U11.743;U12.743;U13.743;U14.743;U15.743;U16.743;U17.743;U18.743;U19.743;U20.743;U21.743;U22.743;U23.743;U24.743;U25.743;U26.743;U27.743;U28.743;U29.743;U30.743;U31.743;U32.743;U33.743",-0.018,0.823,104.337617916719,-56.281,0,0.0501631426943205,0.506,"none",FALSE,0.0287380218505859,NA
744,"model3",670,"large",10,0.17,1.04760086268652,0.623219217639416,1,1,1,3,30,1,0.432989530724712,0.374813021251348,"M3",30,"U1.744;U2.744;U3.744;U4.744;U5.744;U6.744;U7.744;U8.744;U9.744;U10.744;U11.744;U12.744;U13.744;U14.744;U15.744;U16.744;U17.744;U18.744;U19.744;U20.744;U21.744;U22.744;U23.744;U24.744;U25.744;U26.744;U27.744;U28.744;U29.744;U30.744",1.059,0,99.3871443756145,0.944,0,114.523054133745,-0.04,"T1->T2",FALSE,0.0291421413421631,NA
745,"model4",670,"large",10,0.18,1.33377615036443,0.910486483364366,1,1,1,3,30,1,0.512500678473356,0.358451658918584,"M4",30,"U1.745;U2.745;U3.745;U4.745;U5.745;U6.745;U7.745;U8.745;U9.745;U10.745;U11.745;U12.745;U13.745;U14.745;U15.745;U16.745;U17.745;U18.745;U19.745;U20.745;U21.745;U22.745;U23.745;U24.745;U25.745;U26.745;U27.745;U28.745;U29.745;U30.745",2.015,0,137.529296930768,0.496,0,363.372553120243,0.743,"T1->T2",FALSE,0.0292818546295166,NA
746,"model0",1000,"large",10,0.31,1.07619645947125,0.837269245530479,1,1,1,0,29,1,0.423016178383651,0.51020052968653,"M0.1",29,"U1.746;U2.746;U3.746;U4.746;U5.746;U6.746;U7.746;U8.746;U9.746;U10.746;U11.746;U12.746;U13.746;U14.746;U15.746;U16.746;U17.746;U18.746;U19.746;U20.746;U21.746;U22.746;U23.746;U24.746;U25.746;U26.746;U27.746;U28.746;U29.746",0.068,0.281,238.352505586169,14.784,0,1.16227045815219,-0.057,"none",FALSE,0.0711297988891602,NA
747,"model1",1000,"large",10,0.43,1.10256403835956,0.664584250887856,1,1,1,0,42,1,0.529857499615489,0.610037090592752,"M1.1",42,"U1.747;U2.747;U3.747;U4.747;U5.747;U6.747;U7.747;U8.747;U9.747;U10.747;U11.747;U12.747;U13.747;U14.747;U15.747;U16.747;U17.747;U18.747;U19.747;U20.747;U21.747;U22.747;U23.747;U24.747;U25.747;U26.747;U27.747;U28.747;U29.747;U30.747;U31.747;U32.747;U33.747;U34.747;U35.747;U36.747;U37.747;U38.747;U39.747;U40.747;U41.747;U42.747",0.714,0,181.350321201889,1.4,0,59.7789322611696,0.568,"T1->T2",FALSE,0.0498039722442627,NA
748,"model2",1000,"large",10,0.26,1.32550266222097,0.660007328842767,1,1,1,0,50,1,0.48683999139103,0.667708767573231,"M2.1",50,"U1.748;U2.748;U3.748;U4.748;U5.748;U6.748;U7.748;U8.748;U9.748;U10.748;U11.748;U12.748;U13.748;U14.748;U15.748;U16.748;U17.748;U18.748;U19.748;U20.748;U21.748;U22.748;U23.748;U24.748;U25.748;U26.748;U27.748;U28.748;U29.748;U30.748;U31.748;U32.748;U33.748;U34.748;U35.748;U36.748;U37.748;U38.748;U39.748;U40.748;U41.748;U42.748;U43.748;U44.748;U45.748;U46.748;U47.748;U48.748;U49.748;U50.748",-0.021,0.717,224.531966835012,-47.056,0,0.131591917782644,0.413,"none",FALSE,0.0480132102966309,NA
749,"model3",1000,"large",10,0.12,1.00702827330679,0.56260323303286,1,1,1,0,33,1,0.548347024358803,0.503145908534965,"M3",33,"U1.749;U2.749;U3.749;U4.749;U5.749;U6.749;U7.749;U8.749;U9.749;U10.749;U11.749;U12.749;U13.749;U14.749;U15.749;U16.749;U17.749;U18.749;U19.749;U20.749;U21.749;U22.749;U23.749;U24.749;U25.749;U26.749;U27.749;U28.749;U29.749;U30.749;U31.749;U32.749;U33.749",0.96,0,118.911738598124,1.042,0,112.290706953896,-0.052,"T1->T2",FALSE,0.0473518371582031,NA
750,"model4",1000,"large",10,0.38,1.29992094985209,0.965951613034122,1,1,1,0,16,1,0.301470478658132,0.242766977170272,"M4",16,"U1.750;U2.750;U3.750;U4.750;U5.750;U6.750;U7.750;U8.750;U9.750;U10.750;U11.750;U12.750;U13.750;U14.750;U15.750;U16.750",1.928,0,474.723761973184,0.519,0,831.66365481063,0.816,"T1->T2",FALSE,0.0453259944915771,NA
751,"model0",50,"small",11,0.14,0.331513683218509,0.126735525671393,1,1,1,0,29,1,0.820669252160596,0.885394384182863,"M0.1",29,"U1.751;U2.751;U3.751;U4.751;U5.751;U6.751;U7.751;U8.751;U9.751;U10.751;U11.751;U12.751;U13.751;U14.751;U15.751;U16.751;U17.751;U18.751;U19.751;U20.751;U21.751;U22.751;U23.751;U24.751;U25.751;U26.751;U27.751;U28.751;U29.751",0.738,0.293,3.52496521442487,1.355,0.06,1.10706424145166,0.079,"none",TRUE,0.0328760147094727,NA
752,"model1",50,"small",11,0.44,0.436351318564266,0.27324217101559,1,1,1,0,32,1,0.8740299596329,0.831330138367684,"M1.1",32,"U1.752;U2.752;U3.752;U4.752;U5.752;U6.752;U7.752;U8.752;U9.752;U10.752;U11.752;U12.752;U13.752;U14.752;U15.752;U16.752;U17.752;U18.752;U19.752;U20.752;U21.752;U22.752;U23.752;U24.752;U25.752;U26.752;U27.752;U28.752;U29.752;U30.752;U31.752;U32.752",0.424,0.242,7.80330364280346,2.356,0.005,1.3671065126126,0.509,"none",TRUE,0.0382990837097168,NA
753,"model2",50,"small",11,0.32,0.26214980604127,0.266855124849826,1,1,1,0,37,1,0.900737314040483,0.858887273424087,"M2.1",37,"U1.753;U2.753;U3.753;U4.753;U5.753;U6.753;U7.753;U8.753;U9.753;U10.753;U11.753;U12.753;U13.753;U14.753;U15.753;U16.753;U17.753;U18.753;U19.753;U20.753;U21.753;U22.753;U23.753;U24.753;U25.753;U26.753;U27.753;U28.753;U29.753;U30.753;U31.753;U32.753;U33.753;U34.753;U35.753;U36.753;U37.753",-0.994,0.531,0.633237113708181,-1.006,0.426,0.393213889002584,0.24,"none",TRUE,0.0407509803771973,NA
754,"model3",50,"small",11,0.2,0.111184766329825,0.177475426066667,1,1,1,0,35,1,0.87680704942129,0.870298784226573,"M3",35,"U1.754;U2.754;U3.754;U4.754;U5.754;U6.754;U7.754;U8.754;U9.754;U10.754;U11.754;U12.754;U13.754;U14.754;U15.754;U16.754;U17.754;U18.754;U19.754;U20.754;U21.754;U22.754;U23.754;U24.754;U25.754;U26.754;U27.754;U28.754;U29.754;U30.754;U31.754;U32.754;U33.754;U34.754;U35.754",2.155,0.063,0.959948731004194,0.464,0.327,3.46478623255946,0.008,"none",TRUE,0.032616138458252,NA
755,"model4",50,"small",11,0.06,0.366095460578799,0.144338132953271,1,1,1,0,44,8,0.968538680713351,0.963644256601648,"M4",44,"U1.755;U2.755;U3.755;U4.755;U5.755;U6.755;U7.755;U8.755;U9.755;U10.755;U11.755;U12.755;U13.755;U14.755;U15.755;U16.755;U17.755;U18.755;U19.755;U20.755;U21.755;U22.755;U23.755;U24.755;U25.755;U26.755;U27.755;U28.755;U29.755;U30.755;U31.755;U32.755;U33.755;U34.755;U35.755;U36.755;U37.755;U38.755;U39.755;U40.755;U41.755;U42.755;U43.755;U44.755",0.332,0.803,0.635865118663796,3.014,0.425,0.0621653251022297,0.184,"none",TRUE,0.0355429649353027,NA
756,"model0",150,"small",11,0.08,0.476483554020524,0.202849643770605,1,1,1,0,39,1,0.700346386963101,0.642734334510971,"M0.1",39,"U1.756;U2.756;U3.756;U4.756;U5.756;U6.756;U7.756;U8.756;U9.756;U10.756;U11.756;U12.756;U13.756;U14.756;U15.756;U16.756;U17.756;U18.756;U19.756;U20.756;U21.756;U22.756;U23.756;U24.756;U25.756;U26.756;U27.756;U28.756;U29.756;U30.756;U31.756;U32.756;U33.756;U34.756;U35.756;U36.756;U37.756;U38.756;U39.756",-0.041,0.967,0.916417363356624,-24.629,0.338,0.00172216180703943,-0.052,"none",TRUE,0.0258140563964844,NA
757,"model1",150,"small",11,0.2,0.359339528903365,0.153010865719989,1,1,1,0,38,1,0.601399474513037,0.748311179845671,"M1.1",38,"U1.757;U2.757;U3.757;U4.757;U5.757;U6.757;U7.757;U8.757;U9.757;U10.757;U11.757;U12.757;U13.757;U14.757;U15.757;U16.757;U17.757;U18.757;U19.757;U20.757;U21.757;U22.757;U23.757;U24.757;U25.757;U26.757;U27.757;U28.757;U29.757;U30.757;U31.757;U32.757;U33.757;U34.757;U35.757;U36.757;U37.757;U38.757",-1.095,0.281,1.10859431558101,-0.913,0.292,1.16380871337527,0.264,"none",TRUE,0.0270941257476807,NA
758,"model2",150,"small",11,0.5,0.457072191964835,0.285130942612886,1,1,1,0,49,1,0.76971861108762,0.823733127147394,"M2.1",49,"U1.758;U2.758;U3.758;U4.758;U5.758;U6.758;U7.758;U8.758;U9.758;U10.758;U11.758;U12.758;U13.758;U14.758;U15.758;U16.758;U17.758;U18.758;U19.758;U20.758;U21.758;U22.758;U23.758;U24.758;U25.758;U26.758;U27.758;U28.758;U29.758;U30.758;U31.758;U32.758;U33.758;U34.758;U35.758;U36.758;U37.758;U38.758;U39.758;U40.758;U41.758;U42.758;U43.758;U44.758;U45.758;U46.758;U47.758;U48.758;U49.758",-0.584,0.465,2.12449693095197,-1.712,0.145,0.533047758742623,0.213,"none",TRUE,0.0250170230865479,NA
759,"model3",150,"small",11,0.49,0.24198472192511,0.164354930538684,1,1,1,0,20,1,0.56887186183307,0.480113462758086,"M3",20,"U1.759;U2.759;U3.759;U4.759;U5.759;U6.759;U7.759;U8.759;U9.759;U10.759;U11.759;U12.759;U13.759;U14.759;U15.759;U16.759;U17.759;U18.759;U19.759;U20.759",0.443,0.469,3.0734704840661,2.26,0.08,0.525444081928359,0.21,"none",TRUE,0.024467945098877,NA
760,"model4",150,"small",11,0.27,0.432688139472157,0.222381314216182,1,1,1,0,29,1,0.549111758549671,0.498724479879229,"M4",29,"U1.760;U2.760;U3.760;U4.760;U5.760;U6.760;U7.760;U8.760;U9.760;U10.760;U11.760;U12.760;U13.760;U14.760;U15.760;U16.760;U17.760;U18.760;U19.760;U20.760;U21.760;U22.760;U23.760;U24.760;U25.760;U26.760;U27.760;U28.760;U29.760",1.272,0,9.99805316152201,0.786,0.002,16.5160773150983,0.124,"none",TRUE,0.0240750312805176,NA
761,"model0",300,"small",11,0.14,0.439547089114785,0.216804919717833,1,1,1,0,37,1,0.66062307650373,0.548589072107893,"M0.1",37,"U1.761;U2.761;U3.761;U4.761;U5.761;U6.761;U7.761;U8.761;U9.761;U10.761;U11.761;U12.761;U13.761;U14.761;U15.761;U16.761;U17.761;U18.761;U19.761;U20.761;U21.761;U22.761;U23.761;U24.761;U25.761;U26.761;U27.761;U28.761;U29.761;U30.761;U31.761;U32.761;U33.761;U34.761;U35.761;U36.761;U37.761",-0.592,0.034,11.5475805445957,-1.689,0.001,4.4913710011554,-0.171,"T1->T2",FALSE,0.0271191596984863,NA
762,"model1",300,"small",11,0.21,0.310028196591884,0.153077247738838,1,1,1,0,19,1,0.46895891830131,0.38472511518471,"M1.1",19,"U1.762;U2.762;U3.762;U4.762;U5.762;U6.762;U7.762;U8.762;U9.762;U10.762;U11.762;U12.762;U13.762;U14.762;U15.762;U16.762;U17.762;U18.762;U19.762",1.797,0.001,2.71888660731392,0.557,0.099,10.5316631374566,0.063,"none",TRUE,0.0328621864318848,NA
763,"model2",300,"small",11,0.24,0.464345165900886,0.253961918130517,1,1,1,0,36,1,0.568512333497263,0.55919291393885,"M2.1",36,"U1.763;U2.763;U3.763;U4.763;U5.763;U6.763;U7.763;U8.763;U9.763;U10.763;U11.763;U12.763;U13.763;U14.763;U15.763;U16.763;U17.763;U18.763;U19.763;U20.763;U21.763;U22.763;U23.763;U24.763;U25.763;U26.763;U27.763;U28.763;U29.763;U30.763;U31.763;U32.763;U33.763;U34.763;U35.763;U36.763",-0.133,0.746,4.47389234637931,-7.523,0.034,0.104973167324911,0.173,"none",TRUE,0.0405240058898926,NA
764,"model3",300,"small",11,0.26,0.271186624467373,0.228115039179102,1,1,1,0,20,1,0.3915511069462,0.358800794609484,"M3",20,"U1.764;U2.764;U3.764;U4.764;U5.764;U6.764;U7.764;U8.764;U9.764;U10.764;U11.764;U12.764;U13.764;U14.764;U15.764;U16.764;U17.764;U18.764;U19.764;U20.764",1.017,0.018,5.81729463402949,0.983,0.016,5.59787860960574,0.176,"none",TRUE,0.0360820293426514,NA
765,"model4",300,"small",11,0.01,0.158561271056533,0.146209311299026,1,1,1,0,42,45,0.661175871072183,0.703861848324211,"M4",42,"U1.765;U2.765;U3.765;U4.765;U5.765;U6.765;U7.765;U8.765;U9.765;U10.765;U11.765;U12.765;U13.765;U14.765;U15.765;U16.765;U17.765;U18.765;U19.765;U20.765;U21.765;U22.765;U23.765;U24.765;U25.765;U26.765;U27.765;U28.765;U29.765;U30.765;U31.765;U32.765;U33.765;U34.765;U35.765;U36.765;U37.765;U38.765;U39.765;U40.765;U41.765;U42.765",-0.766,0.41,1.39025835451304,-1.305,0.238,0.677958363341093,0.099,"none",TRUE,0.0433847904205322,NA
766,"model0",670,"small",11,0.35,0.411513004638255,0.221414218563586,1,1,1,3,7,1,0.138493478459655,0.257362859001724,"M0.1",7,"U1.766;U2.766;U3.766;U4.766;U5.766;U6.766;U7.766",0.099,0.501,48.2855653085257,10.127,0,0.452842301300833,0.03,"none",FALSE,0.0296988487243652,NA
767,"model1",670,"small",11,0.1,0.341128944978118,0.202554703503847,1,1,1,3,47,1,0.677452681294389,0.702077223782401,"M1.1",47,"U1.767;U2.767;U3.767;U4.767;U5.767;U6.767;U7.767;U8.767;U9.767;U10.767;U11.767;U12.767;U13.767;U14.767;U15.767;U16.767;U17.767;U18.767;U19.767;U20.767;U21.767;U22.767;U23.767;U24.767;U25.767;U26.767;U27.767;U28.767;U29.767;U30.767;U31.767;U32.767;U33.767;U34.767;U35.767;U36.767;U37.767;U38.767;U39.767;U40.767;U41.767;U42.767;U43.767;U44.767;U45.767;U46.767;U47.767",0.045,0.905,7.51712991860043,22.088,0.006,0.0143076307183744,0.274,"none",TRUE,0.0296030044555664,NA
768,"model2",670,"small",11,0.4,0.432192862965167,0.260687698842958,1,1,1,3,14,1,0.299860414721381,0.355861133404927,"M2.1",14,"U1.768;U2.768;U3.768;U4.768;U5.768;U6.768;U7.768;U8.768;U9.768;U10.768;U11.768;U12.768;U13.768;U14.768",-0.05,0.734,42.4648650916671,-20.194,0,0.115531501306235,0.16,"none",FALSE,0.0299990177154541,NA
769,"model3",670,"small",11,0.15,0.28909032670781,0.251039404934272,1,1,1,3,37,1,0.593677833609159,0.573719153438479,"M3",37,"U1.769;U2.769;U3.769;U4.769;U5.769;U6.769;U7.769;U8.769;U9.769;U10.769;U11.769;U12.769;U13.769;U14.769;U15.769;U16.769;U17.769;U18.769;U19.769;U20.769;U21.769;U22.769;U23.769;U24.769;U25.769;U26.769;U27.769;U28.769;U29.769;U30.769;U31.769;U32.769;U33.769;U34.769;U35.769;U36.769;U37.769",0.666,0.254,2.90661133033803,1.502,0.088,1.30132484015939,0.202,"none",TRUE,0.0313260555267334,NA
770,"model4",670,"small",11,0.38,0.24213394401595,0.205181840667501,1,1,1,3,30,1,0.451703790321645,0.60142750490042,"M4",30,"U1.770;U2.770;U3.770;U4.770;U5.770;U6.770;U7.770;U8.770;U9.770;U10.770;U11.770;U12.770;U13.770;U14.770;U15.770;U16.770;U17.770;U18.770;U19.770;U20.770;U21.770;U22.770;U23.770;U24.770;U25.770;U26.770;U27.770;U28.770;U29.770;U30.770",1.063,0,27.5765976011589,0.941,0,22.1866367519962,0.249,"T1->T2",FALSE,0.0307319164276123,NA
771,"model0",1000,"small",11,0.08,0.323351337946951,0.275283938832581,1,1,1,0,6,1,0.160512859190585,0.210562293780523,"M0.1",6,"U1.771;U2.771;U3.771;U4.771;U5.771;U6.771",-0.182,0.601,9.40423254782326,-5.484,0.002,0.273612132176396,0.058,"none",TRUE,0.046907901763916,NA
772,"model1",1000,"small",11,0.36,0.294826549477875,0.208145628869534,1,1,1,0,8,1,0.182482417232005,0.234278629008386,"M1.1",8,"U1.772;U2.772;U3.772;U4.772;U5.772;U6.772;U7.772;U8.772",0.395,0.09,20.280031587226,2.534,0,2.88213273017891,0.14,"none",FALSE,0.056851863861084,NA
773,"model2",1000,"small",11,0.29,0.298661691043526,0.245718234358355,1,1,1,0,28,1,0.526273398732721,0.503925648799089,"M2.1",28,"U1.773;U2.773;U3.773;U4.773;U5.773;U6.773;U7.773;U8.773;U9.773;U10.773;U11.773;U12.773;U13.773;U14.773;U15.773;U16.773;U17.773;U18.773;U19.773;U20.773;U21.773;U22.773;U23.773;U24.773;U25.773;U26.773;U27.773;U28.773",-0.145,0.697,6.3934669988123,-6.885,0.011,0.151549900098479,0.13,"none",TRUE,0.0537190437316895,NA
774,"model3",1000,"small",11,0.05,0.246639119833708,0.283423410635442,1,1,1,0,29,1,0.547212140018133,0.448433043402428,"M3",29,"U1.774;U2.774;U3.774;U4.774;U5.774;U6.774;U7.774;U8.774;U9.774;U10.774;U11.774;U12.774;U13.774;U14.774;U15.774;U16.774;U17.774;U18.774;U19.774;U20.774;U21.774;U22.774;U23.774;U24.774;U25.774;U26.774;U27.774;U28.774;U29.774",0.298,0.374,8.45468180773586,3.352,0.004,0.790207505723646,-0.004,"none",TRUE,0.0556340217590332,NA
775,"model4",1000,"small",11,0.46,0.268019657954574,0.225383826298639,1,1,1,0,47,1,0.657502870861105,0.63128730370083,"M4",47,"U1.775;U2.775;U3.775;U4.775;U5.775;U6.775;U7.775;U8.775;U9.775;U10.775;U11.775;U12.775;U13.775;U14.775;U15.775;U16.775;U17.775;U18.775;U19.775;U20.775;U21.775;U22.775;U23.775;U24.775;U25.775;U26.775;U27.775;U28.775;U29.775;U30.775;U31.775;U32.775;U33.775;U34.775;U35.775;U36.775;U37.775;U38.775;U39.775;U40.775;U41.775;U42.775;U43.775;U44.775;U45.775;U46.775;U47.775",2.245,0,4.36751812241595,0.445,0.037,21.2913745910887,0.182,"none",TRUE,0.0562460422515869,NA
776,"model0",50,"medium",11,0.39,0.661346192588098,0.476785910315812,1,1,1,0,17,1,0.587916721900308,0.662591732148275,"M0.1",17,"U1.776;U2.776;U3.776;U4.776;U5.776;U6.776;U7.776;U8.776;U9.776;U10.776;U11.776;U12.776;U13.776;U14.776;U15.776;U16.776;U17.776",0.213,0.404,23.5752000072522,4.697,0,0.696867432939581,0.297,"none",FALSE,0.0417640209197998,NA
777,"model1",50,"medium",11,0.24,0.84500132931862,0.456036148173735,1,1,1,0,6,1,0.215289458352788,0.275064782472946,"M1.1",6,"U1.777;U2.777;U3.777;U4.777;U5.777;U6.777",0.918,0.002,17.1373007871688,1.089,0,9.90516002649526,0.478,"T1->T2",FALSE,0.0350370407104492,NA
778,"model2",50,"medium",11,0.45,0.846563778934069,0.345224573463202,1,1,1,0,12,1,0.535636721936709,0.598212076265871,"M2.1",12,"U1.778;U2.778;U3.778;U4.778;U5.778;U6.778;U7.778;U8.778;U9.778;U10.778;U11.778;U12.778",0.301,0.212,11.4865223646862,3.324,0.001,1.55950522836356,0.533,"none",FALSE,0.037977933883667,NA
779,"model3",50,"medium",11,0.49,0.766741568804719,0.457906296150759,1,1,1,0,18,1,0.493903833848908,0.464577704429351,"M3",18,"U1.779;U2.779;U3.779;U4.779;U5.779;U6.779;U7.779;U8.779;U9.779;U10.779;U11.779;U12.779;U13.779;U14.779;U15.779;U16.779;U17.779;U18.779",1.005,0,12.0830724377126,0.995,0.001,17.1212624020956,0.51,"T1->T2",FALSE,0.0347399711608887,NA
780,"model4",50,"medium",11,0.33,0.916362376767211,0.330848745908588,1,1,1,0,44,1,0.953499166568054,0.924454768520478,"M4",44,"U1.780;U2.780;U3.780;U4.780;U5.780;U6.780;U7.780;U8.780;U9.780;U10.780;U11.780;U12.780;U13.780;U14.780;U15.780;U16.780;U17.780;U18.780;U19.780;U20.780;U21.780;U22.780;U23.780;U24.780;U25.780;U26.780;U27.780;U28.780;U29.780;U30.780;U31.780;U32.780;U33.780;U34.780;U35.780;U36.780;U37.780;U38.780;U39.780;U40.780;U41.780;U42.780;U43.780;U44.780",0.662,0.026,8.48403492278654,1.512,0.004,4.95923931671369,0.33,"none",TRUE,0.0364789962768555,NA
781,"model0",150,"medium",11,0.35,0.847616151557304,0.37526155281812,1,1,1,0,14,1,0.294350563418797,0.450621209480778,"M0.1",14,"U1.781;U2.781;U3.781;U4.781;U5.781;U6.781;U7.781;U8.781;U9.781;U10.781;U11.781;U12.781;U13.781;U14.781",-0.002,0.991,40.6609738395341,-493.931,0,0.000133106441977541,-0.072,"none",FALSE,0.024940013885498,NA
782,"model1",150,"medium",11,0.05,0.963486734544858,0.441821266291663,1,1,1,0,49,1,0.75417298109249,0.799694142042356,"M1.1",49,"U1.782;U2.782;U3.782;U4.782;U5.782;U6.782;U7.782;U8.782;U9.782;U10.782;U11.782;U12.782;U13.782;U14.782;U15.782;U16.782;U17.782;U18.782;U19.782;U20.782;U21.782;U22.782;U23.782;U24.782;U25.782;U26.782;U27.782;U28.782;U29.782;U30.782;U31.782;U32.782;U33.782;U34.782;U35.782;U36.782;U37.782;U38.782;U39.782;U40.782;U41.782;U42.782;U43.782;U44.782;U45.782;U46.782;U47.782;U48.782;U49.782",1.123,0.053,3.29718619921003,0.891,0.069,3.74029821962663,0.407,"none",TRUE,0.024399995803833,NA
783,"model2",150,"medium",11,0.44,0.634232223615982,0.301149185653776,1,1,1,0,45,1,0.705854667594643,0.617623724715511,"M2.1",45,"U1.783;U2.783;U3.783;U4.783;U5.783;U6.783;U7.783;U8.783;U9.783;U10.783;U11.783;U12.783;U13.783;U14.783;U15.783;U16.783;U17.783;U18.783;U19.783;U20.783;U21.783;U22.783;U23.783;U24.783;U25.783;U26.783;U27.783;U28.783;U29.783;U30.783;U31.783;U32.783;U33.783;U34.783;U35.783;U36.783;U37.783;U38.783;U39.783;U40.783;U41.783;U42.783;U43.783;U44.783;U45.783",-0.628,0.017,7.52233068088774,-1.592,0.006,5.73394428075427,0.32,"none",TRUE,0.0253779888153076,NA
784,"model3",150,"medium",11,0.15,0.78867637028452,0.340272608492523,1,1,1,0,26,1,0.595563684974213,0.572654727875197,"M3",26,"U1.784;U2.784;U3.784;U4.784;U5.784;U6.784;U7.784;U8.784;U9.784;U10.784;U11.784;U12.784;U13.784;U14.784;U15.784;U16.784;U17.784;U18.784;U19.784;U20.784;U21.784;U22.784;U23.784;U24.784;U25.784;U26.784",0.953,0.11,2.16496266222139,1.049,0.141,2.5554859567563,-0.03,"none",TRUE,0.0341141223907471,NA
785,"model4",150,"medium",11,0.21,0.77780145930592,0.470465535484254,1,1,1,0,49,1,0.706813524613109,0.673655158021408,"M4",49,"U1.785;U2.785;U3.785;U4.785;U5.785;U6.785;U7.785;U8.785;U9.785;U10.785;U11.785;U12.785;U13.785;U14.785;U15.785;U16.785;U17.785;U18.785;U19.785;U20.785;U21.785;U22.785;U23.785;U24.785;U25.785;U26.785;U27.785;U28.785;U29.785;U30.785;U31.785;U32.785;U33.785;U34.785;U35.785;U36.785;U37.785;U38.785;U39.785;U40.785;U41.785;U42.785;U43.785;U44.785;U45.785;U46.785;U47.785;U48.785;U49.785",1.11,0,30.3004048305859,0.901,0,25.9940512059314,0.664,"T1->T2",FALSE,0.0248150825500488,NA
786,"model0",300,"medium",11,0.06,0.608908117632382,0.471805333951488,1,1,1,0,43,2,0.616780631106072,0.647578585590619,"M0.1",43,"U1.786;U2.786;U3.786;U4.786;U5.786;U6.786;U7.786;U8.786;U9.786;U10.786;U11.786;U12.786;U13.786;U14.786;U15.786;U16.786;U17.786;U18.786;U19.786;U20.786;U21.786;U22.786;U23.786;U24.786;U25.786;U26.786;U27.786;U28.786;U29.786;U30.786;U31.786;U32.786;U33.786;U34.786;U35.786;U36.786;U37.786;U38.786;U39.786;U40.786;U41.786;U42.786;U43.786",-0.122,0.785,6.08415839148099,-8.175,0.014,0.0745394607889614,-0.114,"none",TRUE,0.0394480228424072,NA
787,"model1",300,"medium",11,0.26,0.637467146036215,0.34411104824394,1,1,1,0,4,1,0.193835552121401,0.145593731178872,"M1.1",4,"U1.787;U2.787;U3.787;U4.787",0.393,0.103,20.9193003676092,2.544,0,2.65949861705757,0.429,"none",FALSE,0.0379869937896729,NA
788,"model2",300,"medium",11,0.45,0.780660455580801,0.373815153073519,1,1,1,0,12,1,0.195108024700809,0.193107356746955,"M2.1",12,"U1.788;U2.788;U3.788;U4.788;U5.788;U6.788;U7.788;U8.788;U9.788;U10.788;U11.788;U12.788",0.041,0.734,49.9734585569754,24.399,0,0.115817569844487,0.317,"none",FALSE,0.0344479084014893,NA
789,"model3",300,"medium",11,0.16,0.980695976992138,0.403194814827293,1,1,1,0,13,1,0.297184295286761,0.169905222971283,"M3",13,"U1.789;U2.789;U3.789;U4.789;U5.789;U6.789;U7.789;U8.789;U9.789;U10.789;U11.789;U12.789;U13.789",1.138,0,31.917822096857,0.879,0,47.3338823814783,0.248,"T1->T2",FALSE,0.0358641147613525,NA
790,"model4",300,"medium",11,0.27,0.966877762344666,0.398461808636785,1,1,1,0,41,1,0.469056243327474,0.498853652489702,"M4",41,"U1.790;U2.790;U3.790;U4.790;U5.790;U6.790;U7.790;U8.790;U9.790;U10.790;U11.790;U12.790;U13.790;U14.790;U15.790;U16.790;U17.790;U18.790;U19.790;U20.790;U21.790;U22.790;U23.790;U24.790;U25.790;U26.790;U27.790;U28.790;U29.790;U30.790;U31.790;U32.790;U33.790;U34.790;U35.790;U36.790;U37.790;U38.790;U39.790;U40.790;U41.790",1.336,0,63.4747321681719,0.748,0,92.9035698549272,0.449,"T1->T2",FALSE,0.0398988723754883,NA
791,"model0",670,"medium",11,0.08,0.906480056699365,0.379905609227717,1,1,1,3,31,1,0.543477172581095,0.484648396943133,"M0.1",31,"U1.791;U2.791;U3.791;U4.791;U5.791;U6.791;U7.791;U8.791;U9.791;U10.791;U11.791;U12.791;U13.791;U14.791;U15.791;U16.791;U17.791;U18.791;U19.791;U20.791;U21.791;U22.791;U23.791;U24.791;U25.791;U26.791;U27.791;U28.791;U29.791;U30.791;U31.791",0.142,0.332,41.9905691595426,7.049,0,0.940030101975949,0.181,"none",FALSE,0.0302817821502686,NA
792,"model1",670,"medium",11,0.06,0.815689743380062,0.320360760437325,1,1,1,3,34,1,0.610866059159544,0.52987669227448,"M1.1",34,"U1.792;U2.792;U3.792;U4.792;U5.792;U6.792;U7.792;U8.792;U9.792;U10.792;U11.792;U12.792;U13.792;U14.792;U15.792;U16.792;U17.792;U18.792;U19.792;U20.792;U21.792;U22.792;U23.792;U24.792;U25.792;U26.792;U27.792;U28.792;U29.792;U30.792;U31.792;U32.792;U33.792;U34.792",-0.024,0.901,22.3344568285395,-41.968,0,0.0154698552496255,0.203,"none",FALSE,0.0337409973144531,NA
793,"model2",670,"medium",11,0.48,0.880869688815437,0.310554199758917,1,1,1,3,21,1,0.367462352027358,0.461168167134919,"M2.1",21,"U1.793;U2.793;U3.793;U4.793;U5.793;U6.793;U7.793;U8.793;U9.793;U10.793;U11.793;U12.793;U13.793;U14.793;U15.793;U16.793;U17.793;U18.793;U19.793;U20.793;U21.793",-0.007,0.942,98.5295649531701,-136.944,0,0.00523188399556937,0.328,"none",FALSE,0.0396270751953125,NA
794,"model3",670,"medium",11,0.25,0.757903242018074,0.49039279865101,1,1,1,3,4,1,0.0485491940877516,0.0931210479828966,"M3",4,"U1.794;U2.794;U3.794;U4.794",1.128,0,110.571206081994,0.886,0,151.091003614214,0.187,"T1->T2",FALSE,0.0313589572906494,NA
795,"model4",670,"medium",11,0.36,0.931634751148522,0.30068868752569,1,1,1,3,24,1,0.399812918898466,0.260827132829153,"M4",24,"U1.795;U2.795;U3.795;U4.795;U5.795;U6.795;U7.795;U8.795;U9.795;U10.795;U11.795;U12.795;U13.795;U14.795;U15.795;U16.795;U17.795;U18.795;U19.795;U20.795;U21.795;U22.795;U23.795;U24.795",1.332,0,136.736234996711,0.751,0,244.967196739896,0.415,"T1->T2",FALSE,0.0343880653381348,NA
796,"model0",1000,"medium",11,0.26,0.565683872322552,0.341811723448336,1,1,1,0,33,1,0.51192559303903,0.537191394014341,"M0.1",33,"U1.796;U2.796;U3.796;U4.796;U5.796;U6.796;U7.796;U8.796;U9.796;U10.796;U11.796;U12.796;U13.796;U14.796;U15.796;U16.796;U17.796;U18.796;U19.796;U20.796;U21.796;U22.796;U23.796;U24.796;U25.796;U26.796;U27.796;U28.796;U29.796;U30.796;U31.796;U32.796;U33.796",-0.022,0.862,69.3704281747452,-46.255,0,0.0300987609695622,-0.156,"none",FALSE,0.0556979179382324,NA
797,"model1",1000,"medium",11,0.12,0.556368811288849,0.310522585175931,1,1,1,0,13,1,0.396115385909449,0.446366523856533,"M1.1",13,"U1.797;U2.797;U3.797;U4.797;U5.797;U6.797;U7.797;U8.797;U9.797;U10.797;U11.797;U12.797;U13.797",0.459,0.153,10.9521602196047,2.177,0.001,2.04679146960114,0.246,"none",FALSE,0.0543639659881592,NA
798,"model2",1000,"medium",11,0.21,0.559423852013424,0.401537134265527,1,1,1,0,43,1,0.575374449043474,0.618087979647871,"M2.1",43,"U1.798;U2.798;U3.798;U4.798;U5.798;U6.798;U7.798;U8.798;U9.798;U10.798;U11.798;U12.798;U13.798;U14.798;U15.798;U16.798;U17.798;U18.798;U19.798;U20.798;U21.798;U22.798;U23.798;U24.798;U25.798;U26.798;U27.798;U28.798;U29.798;U30.798;U31.798;U32.798;U33.798;U34.798;U35.798;U36.798;U37.798;U38.798;U39.798;U40.798;U41.798;U42.798;U43.798",-0.161,0.283,41.224574451401,-6.209,0,1.1516048545703,0.344,"none",FALSE,0.0675809383392334,NA
799,"model3",1000,"medium",11,0.37,0.699807771597989,0.366215949645266,1,1,1,0,29,1,0.45483952706022,0.486085196989258,"M3",29,"U1.799;U2.799;U3.799;U4.799;U5.799;U6.799;U7.799;U8.799;U9.799;U10.799;U11.799;U12.799;U13.799;U14.799;U15.799;U16.799;U17.799;U18.799;U19.799;U20.799;U21.799;U22.799;U23.799;U24.799;U25.799;U26.799;U27.799;U28.799;U29.799",1.049,0,97.7032775206938,0.953,0,102.643414393819,0.025,"T1->T2",FALSE,0.0538208484649658,NA
800,"model4",1000,"medium",11,0.14,0.52326998161152,0.348552797129378,1,1,1,0,14,1,0.37322148274548,0.380516406493426,"M4",14,"U1.800;U2.800;U3.800;U4.800;U5.800;U6.800;U7.800;U8.800;U9.800;U10.800;U11.800;U12.800;U13.800;U14.800",1.405,0,32.6134997713594,0.712,0,45.8637432848682,0.315,"T1->T2",FALSE,0.0496730804443359,NA
801,"model0",50,"large",11,0.22,1.34515810932498,0.578187190112658,1,1,1,0,32,1,0.779240739551035,0.823511438726868,"M0.1",32,"U1.801;U2.801;U3.801;U4.801;U5.801;U6.801;U7.801;U8.801;U9.801;U10.801;U11.801;U12.801;U13.801;U14.801;U15.801;U16.801;U17.801;U18.801;U19.801;U20.801;U21.801;U22.801;U23.801;U24.801;U25.801;U26.801;U27.801;U28.801;U29.801;U30.801;U31.801;U32.801",0.095,0.587,25.0833295426716,10.567,0,0.294473625332729,-0.094,"none",FALSE,0.0265939235687256,NA
802,"model1",50,"large",11,0.13,1.03175210696645,0.921491339453496,1,1,1,0,41,1,0.923168728064068,0.91080358870965,"M1.1",41,"U1.802;U2.802;U3.802;U4.802;U5.802;U6.802;U7.802;U8.802;U9.802;U10.802;U11.802;U12.802;U13.802;U14.802;U15.802;U16.802;U17.802;U18.802;U19.802;U20.802;U21.802;U22.802;U23.802;U24.802;U25.802;U26.802;U27.802;U28.802;U29.802;U30.802;U31.802;U32.802;U33.802;U34.802;U35.802;U36.802;U37.802;U38.802;U39.802;U40.802;U41.802",1.046,0.024,7.26003686956099,0.956,0.007,5.12944528622985,0.776,"none",TRUE,0.0268089771270752,NA
803,"model2",50,"large",11,0.5,1.32774715987034,0.923746297718026,1,1,1,0,9,1,0.449357644790256,0.371934516225655,"M2.1",9,"U1.803;U2.803;U3.803;U4.803;U5.803;U6.803;U7.803;U8.803;U9.803",0.156,0.253,25.9718263425875,6.4,0,1.30616128417037,0.721,"none",FALSE,0.0270049571990967,NA
804,"model3",50,"large",11,0.07,1.02186473202892,0.553106920560822,1,1,1,0,24,8,0.703067267157683,0.680527774358333,"M3",24,"U1.804;U2.804;U3.804;U4.804;U5.804;U6.804;U7.804;U8.804;U9.804;U10.804;U11.804;U12.804;U13.804;U14.804;U15.804;U16.804;U17.804;U18.804;U19.804;U20.804;U21.804;U22.804;U23.804;U24.804",1.463,0.059,1.96006362132056,0.683,0.162,3.55730612266117,0.5,"none",TRUE,0.0292239189147949,NA
805,"model4",50,"large",11,0.2,1.39741703181062,0.675553455366753,1,1,1,0,44,1,0.884987127560235,0.916067094849949,"M4",44,"U1.805;U2.805;U3.805;U4.805;U5.805;U6.805;U7.805;U8.805;U9.805;U10.805;U11.805;U12.805;U13.805;U14.805;U15.805;U16.805;U17.805;U18.805;U19.805;U20.805;U21.805;U22.805;U23.805;U24.805;U25.805;U26.805;U27.805;U28.805;U29.805;U30.805;U31.805;U32.805;U33.805;U34.805;U35.805;U36.805;U37.805;U38.805;U39.805;U40.805;U41.805;U42.805;U43.805;U44.805",2.376,0,7.06830269109389,0.421,0.008,25.2287733289098,0.651,"none",TRUE,0.0277900695800781,NA
806,"model0",150,"large",11,0.47,1.29555498133413,0.899585765087977,1,1,1,0,12,1,0.342589200844499,0.464748852878696,"M0.1",12,"U1.806;U2.806;U3.806;U4.806;U5.806;U6.806;U7.806;U8.806;U9.806;U10.806;U11.806;U12.806",-0.051,0.665,79.2632686390418,-19.615,0,0.187027604947306,0.04,"none",FALSE,0.025580883026123,NA
807,"model1",150,"large",11,0.28,1.3693279651925,0.919729918125086,1,1,1,0,23,1,0.378488376148044,0.461517754563393,"M1.1",23,"U1.807;U2.807;U3.807;U4.807;U5.807;U6.807;U7.807;U8.807;U9.807;U10.807;U11.807;U12.807;U13.807;U14.807;U15.807;U16.807;U17.807;U18.807;U19.807;U20.807;U21.807;U22.807;U23.807",0.873,0,72.5299229296458,1.146,0,25.7220529174956,0.724,"T1->T2",FALSE,0.0244829654693604,NA
808,"model2",150,"large",11,0.37,1.05621154315304,0.626380181638524,1,1,1,0,8,1,0.163319869513838,0.214046587706863,"M2.1",8,"U1.808;U2.808;U3.808;U4.808;U5.808;U6.808;U7.808;U8.808",0.169,0.131,58.5995439757232,5.925,0,2.28121420265887,0.481,"none",FALSE,0.0285379886627197,NA
809,"model3",150,"large",11,0.14,1.2475411958294,0.931790142087266,1,1,1,0,50,1,0.727259478098269,0.787381359573947,"M3",50,"U1.809;U2.809;U3.809;U4.809;U5.809;U6.809;U7.809;U8.809;U9.809;U10.809;U11.809;U12.809;U13.809;U14.809;U15.809;U16.809;U17.809;U18.809;U19.809;U20.809;U21.809;U22.809;U23.809;U24.809;U25.809;U26.809;U27.809;U28.809;U29.809;U30.809;U31.809;U32.809;U33.809;U34.809;U35.809;U36.809;U37.809;U38.809;U39.809;U40.809;U41.809;U42.809;U43.809;U44.809;U45.809;U46.809;U47.809;U48.809;U49.809;U50.809",0.859,0,29.7961639624537,1.165,0,18.4809850645146,0.038,"T1->T2",FALSE,0.0326979160308838,NA
810,"model4",150,"large",11,0.1,1.44855633052066,0.928334668860771,1,1,1,0,42,2,0.674075884886601,0.662369798530788,"M4",42,"U1.810;U2.810;U3.810;U4.810;U5.810;U6.810;U7.810;U8.810;U9.810;U10.810;U11.810;U12.810;U13.810;U14.810;U15.810;U16.810;U17.810;U18.810;U19.810;U20.810;U21.810;U22.810;U23.810;U24.810;U25.810;U26.810;U27.810;U28.810;U29.810;U30.810;U31.810;U32.810;U33.810;U34.810;U35.810;U36.810;U37.810;U38.810;U39.810;U40.810;U41.810;U42.810",1.749,0,23.7172264422938,0.572,0,30.5307032306974,0.781,"T1->T2",FALSE,0.0327341556549072,NA
811,"model0",300,"large",11,0.17,1.33330625237431,0.56065561552532,1,1,1,0,39,1,0.572089788911668,0.637756352652175,"M0.1",39,"U1.811;U2.811;U3.811;U4.811;U5.811;U6.811;U7.811;U8.811;U9.811;U10.811;U11.811;U12.811;U13.811;U14.811;U15.811;U16.811;U17.811;U18.811;U19.811;U20.811;U21.811;U22.811;U23.811;U24.811;U25.811;U26.811;U27.811;U28.811;U29.811;U30.811;U31.811;U32.811;U33.811;U34.811;U35.811;U36.811;U37.811;U38.811;U39.811",-0.069,0.684,33.586374740896,-14.518,0,0.165488675072846,-0.052,"none",FALSE,0.0330109596252441,NA
812,"model1",300,"large",11,0.1,1.25348729919642,0.61697583575733,1,1,1,0,42,1,0.662641160800935,0.549838793390368,"M1.1",42,"U1.812;U2.812;U3.812;U4.812;U5.812;U6.812;U7.812;U8.812;U9.812;U10.812;U11.812;U12.812;U13.812;U14.812;U15.812;U16.812;U17.812;U18.812;U19.812;U20.812;U21.812;U22.812;U23.812;U24.812;U25.812;U26.812;U27.812;U28.812;U29.812;U30.812;U31.812;U32.812;U33.812;U34.812;U35.812;U36.812;U37.812;U38.812;U39.812;U40.812;U41.812;U42.812",0.732,0,29.9318376847643,1.366,0,17.9872738188975,0.376,"T1->T2",FALSE,0.0296318531036377,NA
813,"model2",300,"large",11,0.42,1.08324907824863,0.508838320616633,1,1,1,0,5,1,0.101821429795864,0.213552724152933,"M2.1",5,"U1.813;U2.813;U3.813;U4.813;U5.813",-0.015,0.816,149.197854189387,-65.816,0,0.0541006376602313,0.231,"none",FALSE,0.0269680023193359,NA
814,"model3",300,"large",11,0.28,1.36868812143803,0.763869385351427,1,1,1,0,48,1,0.554915239767139,0.521885803383353,"M3",48,"U1.814;U2.814;U3.814;U4.814;U5.814;U6.814;U7.814;U8.814;U9.814;U10.814;U11.814;U12.814;U13.814;U14.814;U15.814;U16.814;U17.814;U18.814;U19.814;U20.814;U21.814;U22.814;U23.814;U24.814;U25.814;U26.814;U27.814;U28.814;U29.814;U30.814;U31.814;U32.814;U33.814;U34.814;U35.814;U36.814;U37.814;U38.814;U39.814;U40.814;U41.814;U42.814;U43.814;U44.814;U45.814;U46.814;U47.814;U48.814",0.996,0,82.9104790435723,1.004,0,83.6464698729051,0.181,"T1->T2",FALSE,0.0280399322509766,NA
815,"model4",300,"large",11,0.47,1.21296783280559,0.824768559774384,1,1,1,0,45,1,0.605356557326322,0.465559991523382,"M4",45,"U1.815;U2.815;U3.815;U4.815;U5.815;U6.815;U7.815;U8.815;U9.815;U10.815;U11.815;U12.815;U13.815;U14.815;U15.815;U16.815;U17.815;U18.815;U19.815;U20.815;U21.815;U22.815;U23.815;U24.815;U25.815;U26.815;U27.815;U28.815;U29.815;U30.815;U31.815;U32.815;U33.815;U34.815;U35.815;U36.815;U37.815;U38.815;U39.815;U40.815;U41.815;U42.815;U43.815;U44.815;U45.815",1.934,0,77.6694644883731,0.517,0,200.878967745349,0.655,"T1->T2",FALSE,0.0282390117645264,NA
816,"model0",670,"large",11,0.37,1.26062749384437,0.664424528717063,1,1,1,3,7,1,0.1457713449909,0.19482495548388,"M0.1",7,"U1.816;U2.816;U3.816;U4.816;U5.816;U6.816;U7.816",-0.023,0.623,477.682824144943,-42.924,0,0.241790438076848,-0.044,"none",FALSE,0.0397889614105225,NA
817,"model1",670,"large",11,0.23,1.16934547177516,0.779134674929082,1,1,1,3,43,1,0.526110327506194,0.609544116990802,"M1.1",43,"U1.817;U2.817;U3.817;U4.817;U5.817;U6.817;U7.817;U8.817;U9.817;U10.817;U11.817;U12.817;U13.817;U14.817;U15.817;U16.817;U17.817;U18.817;U19.817;U20.817;U21.817;U22.817;U23.817;U24.817;U25.817;U26.817;U27.817;U28.817;U29.817;U30.817;U31.817;U32.817;U33.817;U34.817;U35.817;U36.817;U37.817;U38.817;U39.817;U40.817;U41.817;U42.817;U43.817",0.955,0,195.395411408786,1.047,0,90.7310191287241,0.74,"T1->T2",FALSE,0.0320398807525635,NA
818,"model2",670,"large",11,0.19,1.28137612424325,0.945773530751467,1,1,1,3,18,1,0.366404009791419,0.39560219294847,"M2.1",18,"U1.818;U2.818;U3.818;U4.818;U5.818;U6.818;U7.818;U8.818;U9.818;U10.818;U11.818;U12.818;U13.818;U14.818;U15.818;U16.818;U17.818;U18.818",-0.083,0.268,84.9165983703295,-11.977,0,1.22639173548683,0.666,"none",FALSE,0.0381131172180176,NA
819,"model3",670,"large",11,0.41,1.22858353995252,0.500886967056431,1,1,1,3,42,1,0.493555199373199,0.44081959377061,"M3",42,"U1.819;U2.819;U3.819;U4.819;U5.819;U6.819;U7.819;U8.819;U9.819;U10.819;U11.819;U12.819;U13.819;U14.819;U15.819;U16.819;U17.819;U18.819;U19.819;U20.819;U21.819;U22.819;U23.819;U24.819;U25.819;U26.819;U27.819;U28.819;U29.819;U30.819;U31.819;U32.819;U33.819;U34.819;U35.819;U36.819;U37.819;U38.819;U39.819;U40.819;U41.819;U42.819",0.933,0,207.867011964264,1.072,0,207.532215931522,0.287,"T1->T2",FALSE,0.0389869213104248,NA
820,"model4",670,"large",11,0.26,1.3057795392815,0.831893596681766,1,1,1,3,11,1,0.231596993355788,0.15550661069752,"M4",11,"U1.820;U2.820;U3.820;U4.820;U5.820;U6.820;U7.820;U8.820;U9.820;U10.820;U11.820",1.838,0,343.020116865289,0.544,0,644.438810417487,0.8,"T1->T2",FALSE,0.0327029228210449,NA
821,"model0",1000,"large",11,0.28,1.46233745058998,0.720753558911383,1,1,1,0,46,1,0.4884963279027,0.658868585734322,"M0.1",46,"U1.821;U2.821;U3.821;U4.821;U5.821;U6.821;U7.821;U8.821;U9.821;U10.821;U11.821;U12.821;U13.821;U14.821;U15.821;U16.821;U17.821;U18.821;U19.821;U20.821;U21.821;U22.821;U23.821;U24.821;U25.821;U26.821;U27.821;U28.821;U29.821;U30.821;U31.821;U32.821;U33.821;U34.821;U35.821;U36.821;U37.821;U38.821;U39.821;U40.821;U41.821;U42.821;U43.821;U44.821;U45.821;U46.821",0.029,0.569,439.154196174436,34.779,0,0.324116901005828,0.106,"none",FALSE,0.0501978397369385,NA
822,"model1",1000,"large",11,0.25,1.22935341531411,0.877822007285431,1,1,1,0,15,1,0.271986885128548,0.402563505090928,"M1.1",15,"U1.822;U2.822;U3.822;U4.822;U5.822;U6.822;U7.822;U8.822;U9.822;U10.822;U11.822;U12.822;U13.822;U14.822;U15.822",0.946,0,394.617650661211,1.057,0,166.707296003222,0.79,"T1->T2",FALSE,0.0481541156768799,NA
823,"model2",1000,"large",11,0.41,1.16331916651689,0.598187182331458,1,1,1,0,5,1,0.104537843789553,0.205347739689103,"M2.1",5,"U1.823;U2.823;U3.823;U4.823;U5.823",0.017,0.663,453.821387348548,57.868,0,0.189976447068101,0.399,"none",FALSE,0.0515780448913574,NA
824,"model3",1000,"large",11,0.39,1.26624516525771,0.553868464310654,1,1,1,0,5,1,0.0616412704493698,0.121285924119668,"M3",5,"U1.824;U2.824;U3.824;U4.824;U5.824",1.097,0,738.153295492613,0.911,0,807.482958892191,0.431,"T1->T2",FALSE,0.0517370700836182,NA
825,"model4",1000,"large",11,0.49,1.24731759703718,0.571436974452808,1,1,1,0,5,1,0.112425663533184,0.129447595696182,"M4",5,"U1.825;U2.825;U3.825;U4.825;U5.825",1.579,0,587.272133496999,0.633,0,1004.6314153768,0.776,"T1->T2",FALSE,0.0525679588317871,NA
826,"model0",50,"small",12,0.12,0.469460000004619,0.229881960013881,1,1,1,0,6,2,0.192031597506712,0.393917998685112,"M0.1",6,"U1.826;U2.826;U3.826;U4.826;U5.826;U6.826",0.564,0.366,3.03485856424469,1.775,0.081,0.818439972464115,0.284,"none",TRUE,0.0235137939453125,NA
827,"model1",50,"small",12,0.43,0.207100655883551,0.195389470271766,1,1,1,0,36,1,0.858425113495087,0.942904887313026,"M1.1",36,"U1.827;U2.827;U3.827;U4.827;U5.827;U6.827;U7.827;U8.827;U9.827;U10.827;U11.827;U12.827;U13.827;U14.827;U15.827;U16.827;U17.827;U18.827;U19.827;U20.827;U21.827;U22.827;U23.827;U24.827;U25.827;U26.827;U27.827;U28.827;U29.827;U30.827;U31.827;U32.827;U33.827;U34.827;U35.827;U36.827",0.63,0.315,3.86829854759892,1.587,0.049,1.01154742450742,0.152,"none",TRUE,0.0338559150695801,NA
828,"model2",50,"small",12,0.13,0.247440793272108,0.160726243397221,1,1,1,0,40,1,0.957477779047357,0.901261485019829,"M2.1",40,"U1.828;U2.828;U3.828;U4.828;U5.828;U6.828;U7.828;U8.828;U9.828;U10.828;U11.828;U12.828;U13.828;U14.828;U15.828;U16.828;U17.828;U18.828;U19.828;U20.828;U21.828;U22.828;U23.828;U24.828;U25.828;U26.828;U27.828;U28.828;U29.828;U30.828;U31.828;U32.828;U33.828;U34.828;U35.828;U36.828;U37.828;U38.828;U39.828;U40.828",0.273,0.623,4.42855181420356,3.66,0.035,0.241317825241808,0.143,"none",TRUE,0.0305869579315186,NA
829,"model3",50,"small",12,0.22,0.30619547739625,0.120330339390785,1,1,1,0,31,1,0.887730719359696,0.829962638946596,"M3",31,"U1.829;U2.829;U3.829;U4.829;U5.829;U6.829;U7.829;U8.829;U9.829;U10.829;U11.829;U12.829;U13.829;U14.829;U15.829;U16.829;U17.829;U18.829;U19.829;U20.829;U21.829;U22.829;U23.829;U24.829;U25.829;U26.829;U27.829;U28.829;U29.829;U30.829;U31.829",0.301,0.586,4.61109378438241,3.319,0.032,0.296957664803204,0.015,"none",TRUE,0.0300729274749756,NA
830,"model4",50,"small",12,0.38,0.269622680637985,0.1513909264002,1,1,1,0,25,1,0.776086480599484,0.678414104861782,"M4",25,"U1.830;U2.830;U3.830;U4.830;U5.830;U6.830;U7.830;U8.830;U9.830;U10.830;U11.830;U12.830;U13.830;U14.830;U15.830;U16.830;U17.830;U18.830;U19.830;U20.830;U21.830;U22.830;U23.830;U24.830;U25.830",0.669,0.122,6.10151962170307,1.496,0.014,2.39417035884463,0.142,"none",TRUE,0.0381851196289062,NA
831,"model0",150,"small",12,0.46,0.118906536698341,0.288705608667806,1,1,1,0,17,1,0.511000927046906,0.474805204249458,"M0.1",17,"U1.831;U2.831;U3.831;U4.831;U5.831;U6.831;U7.831;U8.831;U9.831;U10.831;U11.831;U12.831;U13.831;U14.831;U15.831;U16.831;U17.831",-0.012,0.976,5.10554196665238,-82.29,0.024,0.000914730436838866,-0.113,"none",TRUE,0.0326130390167236,NA
832,"model1",150,"small",12,0.27,0.274241470452398,0.16657403302379,1,1,1,0,7,1,0.271139575748101,0.19918349528533,"M1.1",7,"U1.832;U2.832;U3.832;U4.832;U5.832;U6.832;U7.832",0.131,0.519,23.3493756485776,7.611,0,0.415556187592002,0.144,"none",FALSE,0.0355691909790039,NA
833,"model2",150,"small",12,0.12,0.206618912424892,0.23919045291841,1,1,1,0,1,1,0.00453324284332699,0.0230250499352783,"M2.1",1,"U1.833",-1.771,0.412,0.214205104799657,-0.565,0.643,0.671928981379423,0.352,"none",TRUE,0.0334610939025879,NA
834,"model3",150,"small",12,0.24,0.129742357693613,0.270218848111108,1,1,1,0,38,1,0.679543618836519,0.66746650814878,"M3",38,"U1.834;U2.834;U3.834;U4.834;U5.834;U6.834;U7.834;U8.834;U9.834;U10.834;U11.834;U12.834;U13.834;U14.834;U15.834;U16.834;U17.834;U18.834;U19.834;U20.834;U21.834;U22.834;U23.834;U24.834;U25.834;U26.834;U27.834;U28.834;U29.834;U30.834;U31.834;U32.834;U33.834;U34.834;U35.834;U36.834;U37.834;U38.834",0.958,0.09,3.13038190800252,1.044,0.077,2.86554401256555,0.133,"none",TRUE,0.0338559150695801,NA
835,"model4",150,"small",12,0.23,0.202587281353772,0.101784057822078,1,1,1,0,12,1,0.429007625616271,0.382983473500059,"M4",12,"U1.835;U2.835;U3.835;U4.835;U5.835;U6.835;U7.835;U8.835;U9.835;U10.835;U11.835;U12.835",0.775,0.011,12.5195263537511,1.291,0,6.53164619683331,0.259,"T1->T2",FALSE,0.0349528789520264,NA
836,"model0",300,"small",12,0.09,0.268227848317474,0.176724084932357,1,1,1,0,18,2,0.500643687735542,0.435110623519794,"M0.1",18,"U1.836;U2.836;U3.836;U4.836;U5.836;U6.836;U7.836;U8.836;U9.836;U10.836;U11.836;U12.836;U13.836;U14.836;U15.836;U16.836;U17.836;U18.836",0.158,0.597,10.8340434243721,6.34,0.001,0.279658535155425,-0.001,"none",FALSE,0.0280430316925049,NA
837,"model1",300,"small",12,0.31,0.241248850524426,0.147681967169046,1,1,1,0,22,1,0.400517559788036,0.484430486582017,"M1.1",22,"U1.837;U2.837;U3.837;U4.837;U5.837;U6.837;U7.837;U8.837;U9.837;U10.837;U11.837;U12.837;U13.837;U14.837;U15.837;U16.837;U17.837;U18.837;U19.837;U20.837;U21.837;U22.837",-0.153,0.639,9.88717216809323,-6.531,0.002,0.220575175877433,0.154,"none",TRUE,0.0264739990234375,NA
838,"model2",300,"small",12,0.07,0.310570899862796,0.136191440653056,1,1,1,0,43,1,0.70665551773652,0.714451414926546,"M2.1",43,"U1.838;U2.838;U3.838;U4.838;U5.838;U6.838;U7.838;U8.838;U9.838;U10.838;U11.838;U12.838;U13.838;U14.838;U15.838;U16.838;U17.838;U18.838;U19.838;U20.838;U21.838;U22.838;U23.838;U24.838;U25.838;U26.838;U27.838;U28.838;U29.838;U30.838;U31.838;U32.838;U33.838;U34.838;U35.838;U36.838;U37.838;U38.838;U39.838;U40.838;U41.838;U42.838;U43.838",0.426,0.386,4.39528186779008,2.348,0.036,0.751536452115684,0.019,"none",TRUE,0.0261108875274658,NA
839,"model3",300,"small",12,0.11,0.357467351760715,0.261653222050518,1,1,1,0,34,1,0.636801453543848,0.60311396206619,"M3",34,"U1.839;U2.839;U3.839;U4.839;U5.839;U6.839;U7.839;U8.839;U9.839;U10.839;U11.839;U12.839;U13.839;U14.839;U15.839;U16.839;U17.839;U18.839;U19.839;U20.839;U21.839;U22.839;U23.839;U24.839;U25.839;U26.839;U27.839;U28.839;U29.839;U30.839;U31.839;U32.839;U33.839;U34.839",1.265,0.356,0.501023678885565,0.791,0.479,0.852095286930841,-0.027,"none",TRUE,0.0269269943237305,NA
840,"model4",300,"small",12,0.13,0.385813486296684,0.258317508082837,1,1,1,0,39,1,0.573833400598472,0.648772900840609,"M4",39,"U1.840;U2.840;U3.840;U4.840;U5.840;U6.840;U7.840;U8.840;U9.840;U10.840;U11.840;U12.840;U13.840;U14.840;U15.840;U16.840;U17.840;U18.840;U19.840;U20.840;U21.840;U22.840;U23.840;U24.840;U25.840;U26.840;U27.840;U28.840;U29.840;U30.840;U31.840;U32.840;U33.840;U34.840;U35.840;U36.840;U37.840;U38.840;U39.840",0.713,0.08,7.68751096413992,1.402,0.006,3.06186836526247,0.226,"none",TRUE,0.0274322032928467,NA
841,"model0",670,"small",12,0.4,0.332844165153801,0.112299613142386,1,1,1,3,12,1,0.250310453554784,0.263667898229609,"M0.1",12,"U1.841;U2.841;U3.841;U4.841;U5.841;U6.841;U7.841;U8.841;U9.841;U10.841;U11.841;U12.841",-0.018,0.93,26.4673535456879,-55.609,0,0.00773795244192228,0.057,"none",FALSE,0.0335769653320312,NA
842,"model1",670,"small",12,0.3,0.374962890613824,0.199666747590527,1,1,1,3,21,1,0.440598860146904,0.420439420695724,"M1.1",21,"U1.842;U2.842;U3.842;U4.842;U5.842;U6.842;U7.842;U8.842;U9.842;U10.842;U11.842;U12.842;U13.842;U14.842;U15.842;U16.842;U17.842;U18.842;U19.842;U20.842;U21.842",0.532,0.146,8.51652161909971,1.88,0.004,2.1108856166253,0.141,"none",TRUE,0.0322420597076416,NA
843,"model2",670,"small",12,0.46,0.372609764058143,0.15774516640231,1,1,1,3,11,1,0.256274963860602,0.277504061932465,"M2.1",11,"U1.843;U2.843;U3.843;U4.843;U5.843;U6.843;U7.843;U8.843;U9.843;U10.843;U11.843",0.066,0.674,38.6855012842111,15.044,0,0.177387231574031,0.275,"none",FALSE,0.0321159362792969,NA
844,"model3",670,"small",12,0.34,0.238997699599713,0.232617372926325,1,1,1,3,29,1,0.587106822674017,0.533438306951884,"M3",29,"U1.844;U2.844;U3.844;U4.844;U5.844;U6.844;U7.844;U8.844;U9.844;U10.844;U11.844;U12.844;U13.844;U14.844;U15.844;U16.844;U17.844;U18.844;U19.844;U20.844;U21.844;U22.844;U23.844;U24.844;U25.844;U26.844;U27.844;U28.844;U29.844",1.153,0.002,7.22662050147173,0.868,0.007,9.87472521285336,-0.04,"none",TRUE,0.0329830646514893,NA
845,"model4",670,"small",12,0.37,0.272022320143879,0.128776149312034,1,1,1,3,34,1,0.592924438092623,0.551267513804936,"M4",34,"U1.845;U2.845;U3.845;U4.845;U5.845;U6.845;U7.845;U8.845;U9.845;U10.845;U11.845;U12.845;U13.845;U14.845;U15.845;U16.845;U17.845;U18.845;U19.845;U20.845;U21.845;U22.845;U23.845;U24.845;U25.845;U26.845;U27.845;U28.845;U29.845;U30.845;U31.845;U32.845;U33.845;U34.845",1.697,0,8.22935877519723,0.589,0.004,20.93544312253,0.142,"none",TRUE,0.0353069305419922,NA
846,"model0",1000,"small",12,0.4,0.326174054667354,0.187639653496444,1,1,1,0,4,1,0.0625366993832608,0.164146776888508,"M0.1",4,"U1.846;U2.846;U3.846;U4.846",0.12,0.445,46.0653567277825,8.323,0,0.583278957688783,0.021,"none",FALSE,0.0512630939483643,NA
847,"model1",1000,"small",12,0.38,0.150814700406045,0.180492875957862,1,1,1,0,34,1,0.496542141927846,0.558331423071245,"M1.1",34,"U1.847;U2.847;U3.847;U4.847;U5.847;U6.847;U7.847;U8.847;U9.847;U10.847;U11.847;U12.847;U13.847;U14.847;U15.847;U16.847;U17.847;U18.847;U19.847;U20.847;U21.847;U22.847;U23.847;U24.847;U25.847;U26.847;U27.847;U28.847;U29.847;U30.847;U31.847;U32.847;U33.847;U34.847",-0.211,0.57,7.74221286588737,-4.748,0.005,0.321860172305713,0.146,"none",TRUE,0.0508980751037598,NA
848,"model2",1000,"small",12,0.38,0.278914526570588,0.280109690409154,1,1,1,0,11,1,0.293785087347509,0.280311459654942,"M2.1",11,"U1.848;U2.848;U3.848;U4.848;U5.848;U6.848;U7.848;U8.848;U9.848;U10.848;U11.848",0.221,0.121,47.8046165877664,4.532,0,2.40703841883841,0.28,"none",FALSE,0.0485739707946777,NA
849,"model3",1000,"small",12,0.44,0.418193231988698,0.102687885798514,1,1,1,0,44,1,0.605941217133066,0.651755277115015,"M3",44,"U1.849;U2.849;U3.849;U4.849;U5.849;U6.849;U7.849;U8.849;U9.849;U10.849;U11.849;U12.849;U13.849;U14.849;U15.849;U16.849;U17.849;U18.849;U19.849;U20.849;U21.849;U22.849;U23.849;U24.849;U25.849;U26.849;U27.849;U28.849;U29.849;U30.849;U31.849;U32.849;U33.849;U34.849;U35.849;U36.849;U37.849;U38.849;U39.849;U40.849;U41.849;U42.849;U43.849;U44.849",0.913,0,29.3334210817317,1.096,0,20.3648751628856,0.03,"T1->T2",FALSE,0.0478208065032959,NA
850,"model4",1000,"small",12,0.36,0.341677735559642,0.272527560219169,1,1,1,0,30,1,0.522085336102055,0.438368699711091,"M4",30,"U1.850;U2.850;U3.850;U4.850;U5.850;U6.850;U7.850;U8.850;U9.850;U10.850;U11.850;U12.850;U13.850;U14.850;U15.850;U16.850;U17.850;U18.850;U19.850;U20.850;U21.850;U22.850;U23.850;U24.850;U25.850;U26.850;U27.850;U28.850;U29.850;U30.850",1.234,0,29.5781674201632,0.811,0,50.9501072757044,0.242,"T1->T2",FALSE,0.0569639205932617,NA
851,"model0",50,"medium",12,0.49,0.948130217264406,0.337930030329153,1,1,1,0,15,1,0.544114939183014,0.574960032099903,"M0.1",15,"U1.851;U2.851;U3.851;U4.851;U5.851;U6.851;U7.851;U8.851;U9.851;U10.851;U11.851;U12.851;U13.851;U14.851;U15.851",-0.085,0.786,11.0899020980329,-11.815,0.001,0.0734655147057829,0.111,"none",FALSE,0.0327341556549072,NA
852,"model1",50,"medium",12,0.49,0.840428714989685,0.365776305552572,1,1,1,0,42,1,0.929007610685821,0.950190453661469,"M1.1",42,"U1.852;U2.852;U3.852;U4.852;U5.852;U6.852;U7.852;U8.852;U9.852;U10.852;U11.852;U12.852;U13.852;U14.852;U15.852;U16.852;U17.852;U18.852;U19.852;U20.852;U21.852;U22.852;U23.852;U24.852;U25.852;U26.852;U27.852;U28.852;U29.852;U30.852;U31.852;U32.852;U33.852;U34.852;U35.852;U36.852;U37.852;U38.852;U39.852;U40.852;U41.852;U42.852",0.667,0.062,8.86515785219247,1.5,0.003,3.48399023254908,0.426,"none",TRUE,0.0437381267547607,NA
853,"model2",50,"medium",12,0.25,0.992071616929024,0.408010603813454,1,1,1,0,6,1,0.367274566497389,0.317050460194458,"M2.1",6,"U1.853;U2.853;U3.853;U4.853;U5.853;U6.853",0.108,0.556,15.5592658330553,9.254,0,0.347146464551026,0.426,"none",FALSE,0.0359718799591064,NA
854,"model3",50,"medium",12,0.25,0.517347270972095,0.395542901242152,1,1,1,0,19,1,0.589813699227644,0.609060818474841,"M3",19,"U1.854;U2.854;U3.854;U4.854;U5.854;U6.854;U7.854;U8.854;U9.854;U10.854;U11.854;U12.854;U13.854;U14.854;U15.854;U16.854;U17.854;U18.854;U19.854",0.407,0.289,6.66500899714963,2.455,0.01,1.12477413817702,0.201,"none",TRUE,0.0456528663635254,NA
855,"model4",50,"medium",12,0.23,0.974878330249339,0.498673913953826,1,1,1,0,35,1,0.822485034465056,0.867288272150975,"M4",35,"U1.855;U2.855;U3.855;U4.855;U5.855;U6.855;U7.855;U8.855;U9.855;U10.855;U11.855;U12.855;U13.855;U14.855;U15.855;U16.855;U17.855;U18.855;U19.855;U20.855;U21.855;U22.855;U23.855;U24.855;U25.855;U26.855;U27.855;U28.855;U29.855;U30.855;U31.855;U32.855;U33.855;U34.855;U35.855",1.098,0.006,12.8904314099915,0.911,0,7.56456173932659,0.436,"T1->T2",FALSE,0.0344088077545166,NA
856,"model0",150,"medium",12,0.43,0.580766322673298,0.356404034793377,1,1,1,0,24,1,0.536350966059791,0.657369667128955,"M0.1",24,"U1.856;U2.856;U3.856;U4.856;U5.856;U6.856;U7.856;U8.856;U9.856;U10.856;U11.856;U12.856;U13.856;U14.856;U15.856;U16.856;U17.856;U18.856;U19.856;U20.856;U21.856;U22.856;U23.856;U24.856",-0.089,0.789,14.214843339157,-11.217,0,0.0719596764461488,-0.092,"none",FALSE,0.0491540431976318,NA
857,"model1",150,"medium",12,0.04,0.688887281925417,0.369037450477481,1,1,1,0,33,19,0.622576833544034,0.613921187339864,"M1.1",33,"U1.857;U2.857;U3.857;U4.857;U5.857;U6.857;U7.857;U8.857;U9.857;U10.857;U11.857;U12.857;U13.857;U14.857;U15.857;U16.857;U17.857;U18.857;U19.857;U20.857;U21.857;U22.857;U23.857;U24.857;U25.857;U26.857;U27.857;U28.857;U29.857;U30.857;U31.857;U32.857;U33.857",23.648,0.547,0.000745357411544516,0.042,0.978,0.363361557604076,0.346,"none",TRUE,0.0493669509887695,NA
858,"model2",150,"medium",12,0.26,0.957819218863733,0.363169818464667,1,1,1,0,2,1,0.0613679366833799,0.0267768904183439,"M2.1",2,"U1.858;U2.858",0.069,0.593,56.0620437974718,14.456,0,0.285928770421937,0.354,"none",FALSE,0.0386130809783936,NA
859,"model3",150,"medium",12,0.4,0.626503434148617,0.465586184244603,1,1,1,0,23,1,0.448548555397127,0.327208741112572,"M3",23,"U1.859;U2.859;U3.859;U4.859;U5.859;U6.859;U7.859;U8.859;U9.859;U10.859;U11.859;U12.859;U13.859;U14.859;U15.859;U16.859;U17.859;U18.859;U19.859;U20.859;U21.859;U22.859;U23.859",0.968,0,15.1503829434452,1.033,0,14.7900154564499,-0.002,"T1->T2",FALSE,0.0315768718719482,NA
860,"model4",150,"medium",12,0.32,0.6643958799541,0.444559468049556,1,1,1,0,3,1,0.0720960277706202,0.0701584973619795,"M4",3,"U1.860;U2.860;U3.860",1.407,0,15.7258203750733,0.711,0,26.3305646713471,0.538,"T1->T2",FALSE,0.0398299694061279,NA
861,"model0",300,"medium",12,0.03,0.97831039770972,0.453452905733138,1,1,1,0,2,9,0.12432530545563,0.0400984680249909,"M0.1",2,"U1.861;U2.861",-0.343,0.037,34.8644692149078,-2.919,0,4.34979998496462,0.019,"T1->T2",FALSE,0.027318000793457,NA
862,"model1",300,"medium",12,0.21,0.56109727465082,0.369376668334007,1,1,1,0,47,1,0.653207647914912,0.686342400589702,"M1.1",47,"U1.862;U2.862;U3.862;U4.862;U5.862;U6.862;U7.862;U8.862;U9.862;U10.862;U11.862;U12.862;U13.862;U14.862;U15.862;U16.862;U17.862;U18.862;U19.862;U20.862;U21.862;U22.862;U23.862;U24.862;U25.862;U26.862;U27.862;U28.862;U29.862;U30.862;U31.862;U32.862;U33.862;U34.862;U35.862;U36.862;U37.862;U38.862;U39.862;U40.862;U41.862;U42.862;U43.862;U44.862;U45.862;U46.862;U47.862",0.338,0.296,9.75256239422778,2.96,0.002,1.09429623456569,0.372,"none",TRUE,0.0276079177856445,NA
863,"model2",300,"medium",12,0.07,0.709652151563205,0.393251582747325,1,1,1,0,6,1,0.156087743309143,0.192592956202996,"M2.1",6,"U1.863;U2.863;U3.863;U4.863;U5.863;U6.863",-0.573,0.009,17.448192605315,-1.746,0,6.81322933131451,0.163,"T1->T2",FALSE,0.0378999710083008,NA
864,"model3",300,"medium",12,0.02,0.690085071488284,0.325936341378838,1,1,1,0,36,14,0.618387322314061,0.585663733540639,"M3",36,"U1.864;U2.864;U3.864;U4.864;U5.864;U6.864;U7.864;U8.864;U9.864;U10.864;U11.864;U12.864;U13.864;U14.864;U15.864;U16.864;U17.864;U18.864;U19.864;U20.864;U21.864;U22.864;U23.864;U24.864;U25.864;U26.864;U27.864;U28.864;U29.864;U30.864;U31.864;U32.864;U33.864;U34.864;U35.864;U36.864",1.754,0.169,0.620213098064868,0.57,0.431,1.89276567970165,0.021,"none",TRUE,0.0265629291534424,NA
865,"model4",300,"medium",12,0.38,0.501914317370392,0.451937920181081,1,1,1,0,37,1,0.630090517584876,0.571344298245414,"M4",37,"U1.865;U2.865;U3.865;U4.865;U5.865;U6.865;U7.865;U8.865;U9.865;U10.865;U11.865;U12.865;U13.865;U14.865;U15.865;U16.865;U17.865;U18.865;U19.865;U20.865;U21.865;U22.865;U23.865;U24.865;U25.865;U26.865;U27.865;U28.865;U29.865;U30.865;U31.865;U32.865;U33.865;U34.865;U35.865;U36.865;U37.865",1.601,0,20.8178744014129,0.625,0,43.8136082600288,0.523,"T1->T2",FALSE,0.0262880325317383,NA
866,"model0",670,"medium",12,0.19,0.740254837553948,0.473011787235737,1,1,1,3,44,1,0.589356160089971,0.601417239901215,"M0.1",44,"U1.866;U2.866;U3.866;U4.866;U5.866;U6.866;U7.866;U8.866;U9.866;U10.866;U11.866;U12.866;U13.866;U14.866;U15.866;U16.866;U17.866;U18.866;U19.866;U20.866;U21.866;U22.866;U23.866;U24.866;U25.866;U26.866;U27.866;U28.866;U29.866;U30.866;U31.866;U32.866;U33.866;U34.866;U35.866;U36.866;U37.866;U38.866;U39.866;U40.866;U41.866;U42.866;U43.866;U44.866",0.101,0.516,38.9669248790418,9.855,0,0.422241730133956,-0.013,"none",FALSE,0.041038990020752,NA
867,"model1",670,"medium",12,0.36,0.726986913126893,0.319563811831176,1,1,1,3,20,1,0.344277327360107,0.40512032843785,"M1.1",20,"U1.867;U2.867;U3.867;U4.867;U5.867;U6.867;U7.867;U8.867;U9.867;U10.867;U11.867;U12.867;U13.867;U14.867;U15.867;U16.867;U17.867;U18.867;U19.867;U20.867",0.364,0,157.347436441134,2.745,0,16.3515934449075,0.332,"T1->T2",FALSE,0.0564432144165039,NA
868,"model2",670,"medium",12,0.41,0.742246930603869,0.466996135888621,1,1,1,3,20,1,0.401514472387312,0.440630517929846,"M2.1",20,"U1.868;U2.868;U3.868;U4.868;U5.868;U6.868;U7.868;U8.868;U9.868;U10.868;U11.868;U12.868;U13.868;U14.868;U15.868;U16.868;U17.868;U18.868;U19.868;U20.868",-0.043,0.589,128.862618862202,-23.111,0,0.292253677731679,0.341,"none",FALSE,0.0537068843841553,NA
869,"model3",670,"medium",12,0.31,0.593725669546984,0.419776968099177,1,1,1,3,43,1,0.612669694543873,0.588483844974923,"M3",43,"U1.869;U2.869;U3.869;U4.869;U5.869;U6.869;U7.869;U8.869;U9.869;U10.869;U11.869;U12.869;U13.869;U14.869;U15.869;U16.869;U17.869;U18.869;U19.869;U20.869;U21.869;U22.869;U23.869;U24.869;U25.869;U26.869;U27.869;U28.869;U29.869;U30.869;U31.869;U32.869;U33.869;U34.869;U35.869;U36.869;U37.869;U38.869;U39.869;U40.869;U41.869;U42.869;U43.869",0.785,0,57.0336038081407,1.274,0,33.8227883905888,0.121,"T1->T2",FALSE,0.0423800945281982,NA
870,"model4",670,"medium",12,0.27,0.921609196695499,0.490021145669743,1,1,1,3,34,1,0.481492717439892,0.425687700795815,"M4",34,"U1.870;U2.870;U3.870;U4.870;U5.870;U6.870;U7.870;U8.870;U9.870;U10.870;U11.870;U12.870;U13.870;U14.870;U15.870;U16.870;U17.870;U18.870;U19.870;U20.870;U21.870;U22.870;U23.870;U24.870;U25.870;U26.870;U27.870;U28.870;U29.870;U30.870;U31.870;U32.870;U33.870;U34.870",1.652,0,113.060070876016,0.605,0,254.418311977851,0.459,"T1->T2",FALSE,0.0436379909515381,NA
871,"model0",1000,"medium",12,0.33,0.5956123463111,0.362168922554702,1,1,1,0,38,1,0.532261495877222,0.572503108028843,"M0.1",38,"U1.871;U2.871;U3.871;U4.871;U5.871;U6.871;U7.871;U8.871;U9.871;U10.871;U11.871;U12.871;U13.871;U14.871;U15.871;U16.871;U17.871;U18.871;U19.871;U20.871;U21.871;U22.871;U23.871;U24.871;U25.871;U26.871;U27.871;U28.871;U29.871;U30.871;U31.871;U32.871;U33.871;U34.871;U35.871;U36.871;U37.871;U38.871",0.02,0.885,59.9321551334647,50.96,0,0.0210740762605853,0.077,"none",FALSE,0.0524959564208984,NA
872,"model1",1000,"medium",12,0.31,0.709555664099753,0.48000940172933,1,1,1,0,14,1,0.276426754752147,0.299597594612751,"M1.1",14,"U1.872;U2.872;U3.872;U4.872;U5.872;U6.872;U7.872;U8.872;U9.872;U10.872;U11.872;U12.872;U13.872;U14.872",0.674,0,109.127054561162,1.483,0,35.1375348271519,0.384,"T1->T2",FALSE,0.0614349842071533,NA
873,"model2",1000,"medium",12,0.14,0.575806838925928,0.308335282187909,1,1,1,0,24,1,0.324546718141475,0.482759987433991,"M2.1",24,"U1.873;U2.873;U3.873;U4.873;U5.873;U6.873;U7.873;U8.873;U9.873;U10.873;U11.873;U12.873;U13.873;U14.873;U15.873;U16.873;U17.873;U18.873;U19.873;U20.873;U21.873;U22.873;U23.873;U24.873",0.136,0.47,30.0799175602902,7.341,0,0.521470165444739,0.349,"none",FALSE,0.0812230110168457,NA
874,"model3",1000,"medium",12,0.01,0.659618504694663,0.308474274491891,1,1,1,0,31,19,0.523358118969704,0.557829323925677,"M3",31,"U1.874;U2.874;U3.874;U4.874;U5.874;U6.874;U7.874;U8.874;U9.874;U10.874;U11.874;U12.874;U13.874;U14.874;U15.874;U16.874;U17.874;U18.874;U19.874;U20.874;U21.874;U22.874;U23.874;U24.874;U25.874;U26.874;U27.874;U28.874;U29.874;U30.874;U31.874",1.018,0.113,2.64221258784739,0.983,0.104,2.5064707228872,-0.034,"none",TRUE,0.0483589172363281,NA
875,"model4",1000,"medium",12,0.49,0.833564462605864,0.437655303254724,1,1,1,0,2,1,0.0324655816953578,0.00264610786874774,"M4",2,"U1.875;U2.875",1.233,0,465.15733707704,0.811,0,556.521256838823,0.558,"T1->T2",FALSE,0.0505070686340332,NA
876,"model0",50,"large",12,0.08,1.10895037022419,0.914158577797934,1,1,1,0,20,9,0.76217950454143,0.490115038449836,"M0.1",20,"U1.876;U2.876;U3.876;U4.876;U5.876;U6.876;U7.876;U8.876;U9.876;U10.876;U11.876;U12.876;U13.876;U14.876;U15.876;U16.876;U17.876;U18.876;U19.876;U20.876",-0.272,0.674,1.96141482464699,-3.683,0.161,0.176914123963023,-0.025,"none",TRUE,0.033278226852417,NA
877,"model1",50,"large",12,0.5,1.2436851960374,0.520808341214433,1,1,1,0,28,1,0.671844255638585,0.662123046505786,"M1.1",28,"U1.877;U2.877;U3.877;U4.877;U5.877;U6.877;U7.877;U8.877;U9.877;U10.877;U11.877;U12.877;U13.877;U14.877;U15.877;U16.877;U17.877;U18.877;U19.877;U20.877;U21.877;U22.877;U23.877;U24.877;U25.877;U26.877;U27.877;U28.877",0.534,0.007,26.0083980360155,1.873,0,7.33570285548434,0.7,"T1->T2",FALSE,0.0322251319885254,NA
878,"model2",50,"large",12,0.24,1.13422150129918,0.607161564053968,1,1,1,0,13,1,0.244243608022823,0.360773633872996,"M2.1",13,"U1.878;U2.878;U3.878;U4.878;U5.878;U6.878;U7.878;U8.878;U9.878;U10.878;U11.878;U12.878;U13.878",-0.032,0.912,5.80681676587161,-31.579,0.016,0.0122820320681168,0.555,"none",TRUE,0.0337209701538086,NA
879,"model3",50,"large",12,0.33,1.37823283812031,0.902094715391286,1,1,1,0,22,1,0.621911193640333,0.326717056226335,"M3",22,"U1.879;U2.879;U3.879;U4.879;U5.879;U6.879;U7.879;U8.879;U9.879;U10.879;U11.879;U12.879;U13.879;U14.879;U15.879;U16.879;U17.879;U18.879;U19.879;U20.879;U21.879;U22.879",0.853,0,26.4436624854487,1.172,0,21.5591668302713,0.221,"T1->T2",FALSE,0.0344738960266113,NA
880,"model4",50,"large",12,0.35,1.23164864105638,0.505255355383269,1,1,1,0,35,1,0.799099162152247,0.776771466073457,"M4",35,"U1.880;U2.880;U3.880;U4.880;U5.880;U6.880;U7.880;U8.880;U9.880;U10.880;U11.880;U12.880;U13.880;U14.880;U15.880;U16.880;U17.880;U18.880;U19.880;U20.880;U21.880;U22.880;U23.880;U24.880;U25.880;U26.880;U27.880;U28.880;U29.880;U30.880;U31.880;U32.880;U33.880;U34.880;U35.880",1.888,0,12.9155139421427,0.53,0,38.1812840601841,0.707,"T1->T2",FALSE,0.0333290100097656,NA
881,"model0",150,"large",12,0.26,1.18623768503312,0.943158411886543,1,1,1,0,4,1,0.148762632717545,0.228260217508326,"M0.1",4,"U1.881;U2.881;U3.881;U4.881",0.185,0.109,66.1925326881064,5.417,0,2.570506455142,-0.008,"none",FALSE,0.0341999530792236,NA
882,"model1",150,"large",12,0.01,1.17429513286334,0.921725116670132,1,1,1,0,33,44,0.654009742356825,0.686676666378912,"M1.1",33,"U1.882;U2.882;U3.882;U4.882;U5.882;U6.882;U7.882;U8.882;U9.882;U10.882;U11.882;U12.882;U13.882;U14.882;U15.882;U16.882;U17.882;U18.882;U19.882;U20.882;U21.882;U22.882;U23.882;U24.882;U25.882;U26.882;U27.882;U28.882;U29.882;U30.882;U31.882;U32.882;U33.882",0.529,0.376,5.92453166502796,1.89,0.015,0.782946330111618,0.664,"none",TRUE,0.0345039367675781,NA
883,"model2",150,"large",12,0.06,1.06818872108124,0.665464654099196,1,1,1,0,21,5,0.597913560161636,0.60534430389983,"M2.1",21,"U1.883;U2.883;U3.883;U4.883;U5.883;U6.883;U7.883;U8.883;U9.883;U10.883;U11.883;U12.883;U13.883;U14.883;U15.883;U16.883;U17.883;U18.883;U19.883;U20.883;U21.883",0.411,0.149,8.39382654607691,2.431,0.004,2.08152768602092,0.619,"none",TRUE,0.0326290130615234,NA
884,"model3",150,"large",12,0.36,1.32309609756339,0.722983564599417,1,1,1,0,20,1,0.244847626422659,0.364109588133387,"M3",20,"U1.884;U2.884;U3.884;U4.884;U5.884;U6.884;U7.884;U8.884;U9.884;U10.884;U11.884;U12.884;U13.884;U14.884;U15.884;U16.884;U17.884;U18.884;U19.884;U20.884",1.045,0,91.0615942484755,0.957,0,63.5982625389139,0.32,"T1->T2",FALSE,0.0334110260009766,NA
885,"model4",150,"large",12,0.15,1.03414375614375,0.778229954652488,1,1,1,0,43,1,0.708774877815926,0.605715405700795,"M4",43,"U1.885;U2.885;U3.885;U4.885;U5.885;U6.885;U7.885;U8.885;U9.885;U10.885;U11.885;U12.885;U13.885;U14.885;U15.885;U16.885;U17.885;U18.885;U19.885;U20.885;U21.885;U22.885;U23.885;U24.885;U25.885;U26.885;U27.885;U28.885;U29.885;U30.885;U31.885;U32.885;U33.885;U34.885;U35.885;U36.885;U37.885;U38.885;U39.885;U40.885;U41.885;U42.885;U43.885",2.481,0,9.39816124116444,0.403,0.002,42.8709192943986,0.647,"none",TRUE,0.0370490550994873,NA
886,"model0",300,"large",12,0.05,1.02034420322161,0.572110234643333,1,1,1,0,31,1,0.557412991947473,0.558611315120407,"M0.1",31,"U1.886;U2.886;U3.886;U4.886;U5.886;U6.886;U7.886;U8.886;U9.886;U10.886;U11.886;U12.886;U13.886;U14.886;U15.886;U16.886;U17.886;U18.886;U19.886;U20.886;U21.886;U22.886;U23.886;U24.886;U25.886;U26.886;U27.886;U28.886;U29.886;U30.886;U31.886",0.327,0.313,10.1192678164147,3.058,0.001,1.01830649507101,-0.06,"none",FALSE,0.0270688533782959,NA
887,"model1",300,"large",12,0.15,1.36226496647578,0.558401032234542,1,1,1,0,24,1,0.397755873694607,0.520243343203242,"M1.1",24,"U1.887;U2.887;U3.887;U4.887;U5.887;U6.887;U7.887;U8.887;U9.887;U10.887;U11.887;U12.887;U13.887;U14.887;U15.887;U16.887;U17.887;U18.887;U19.887;U20.887;U21.887;U22.887;U23.887;U24.887",0.48,0.002,57.2951598005565,2.083,0,9.2650153215031,0.454,"T1->T2",FALSE,0.0275211334228516,NA
888,"model2",300,"large",12,0.23,1.25063812511507,0.798512223409489,1,1,1,0,10,1,0.265619193727475,0.360361780921778,"M2.1",10,"U1.888;U2.888;U3.888;U4.888;U5.888;U6.888;U7.888;U8.888;U9.888;U10.888",-0.077,0.472,61.7515136336191,-13.011,0,0.51750589159095,0.556,"none",FALSE,0.0355980396270752,NA
889,"model3",300,"large",12,0.41,1.29065049113706,0.960845198016614,1,1,1,0,45,1,0.528470986206897,0.590122988753141,"M3",45,"U1.889;U2.889;U3.889;U4.889;U5.889;U6.889;U7.889;U8.889;U9.889;U10.889;U11.889;U12.889;U13.889;U14.889;U15.889;U16.889;U17.889;U18.889;U19.889;U20.889;U21.889;U22.889;U23.889;U24.889;U25.889;U26.889;U27.889;U28.889;U29.889;U30.889;U31.889;U32.889;U33.889;U34.889;U35.889;U36.889;U37.889;U38.889;U39.889;U40.889;U41.889;U42.889;U43.889;U44.889;U45.889",1.226,0,70.0181587335544,0.816,0,97.4371633315961,0.365,"T1->T2",FALSE,0.0349371433258057,NA
890,"model4",300,"large",12,0.47,1.18991251802072,0.93097073235549,1,1,1,0,32,1,0.496867992084039,0.384667305506905,"M4",32,"U1.890;U2.890;U3.890;U4.890;U5.890;U6.890;U7.890;U8.890;U9.890;U10.890;U11.890;U12.890;U13.890;U14.890;U15.890;U16.890;U17.890;U18.890;U19.890;U20.890;U21.890;U22.890;U23.890;U24.890;U25.890;U26.890;U27.890;U28.890;U29.890;U30.890;U31.890;U32.890",1.939,0,110.031649298136,0.516,0,232.674396854977,0.741,"T1->T2",FALSE,0.0377838611602783,NA
891,"model0",670,"large",12,0.3,1.15006008336786,0.512303650262766,1,1,1,3,35,1,0.474525187737133,0.552459250365262,"M0.1",35,"U1.891;U2.891;U3.891;U4.891;U5.891;U6.891;U7.891;U8.891;U9.891;U10.891;U11.891;U12.891;U13.891;U14.891;U15.891;U16.891;U17.891;U18.891;U19.891;U20.891;U21.891;U22.891;U23.891;U24.891;U25.891;U26.891;U27.891;U28.891;U29.891;U30.891;U31.891;U32.891;U33.891;U34.891;U35.891",-0.089,0.263,146.717178709408,-11.263,0,1.25334970084706,-0.082,"none",FALSE,0.0577471256256104,NA
892,"model1",670,"large",12,0.07,1.44441555789672,0.765108801540919,1,1,1,3,25,1,0.463820285115192,0.450395879274663,"M1.1",25,"U1.892;U2.892;U3.892;U4.892;U5.892;U6.892;U7.892;U8.892;U9.892;U10.892;U11.892;U12.892;U13.892;U14.892;U15.892;U16.892;U17.892;U18.892;U19.892;U20.892;U21.892;U22.892;U23.892;U24.892;U25.892",0.719,0,118.099593239284,1.392,0,40.4947391587492,0.658,"T1->T2",FALSE,0.0417439937591553,NA
893,"model2",670,"large",12,0.42,1.20386839972343,0.618192197754979,1,1,1,3,18,1,0.321013991042021,0.478037674682678,"M2.1",18,"U1.893;U2.893;U3.893;U4.893;U5.893;U6.893;U7.893;U8.893;U9.893;U10.893;U11.893;U12.893;U13.893;U14.893;U15.893;U16.893;U17.893;U18.893",0.131,0.029,250.838452932632,7.654,0,4.74552280868051,0.497,"T1->T2",FALSE,0.0404481887817383,NA
894,"model3",670,"large",12,0.5,1.16169613122474,0.931984918774106,1,1,1,3,9,1,0.214767141887777,0.180860897457503,"M3",9,"U1.894;U2.894;U3.894;U4.894;U5.894;U6.894;U7.894;U8.894;U9.894",0.995,0,420.232007750689,1.005,0,374.123526366202,0.384,"T1->T2",FALSE,0.0459790229797363,NA
895,"model4",670,"large",12,0.02,1.37141203368083,0.925942556932569,1,1,1,3,39,5,0.611501907267317,0.570393869232882,"M4",39,"U1.895;U2.895;U3.895;U4.895;U5.895;U6.895;U7.895;U8.895;U9.895;U10.895;U11.895;U12.895;U13.895;U14.895;U15.895;U16.895;U17.895;U18.895;U19.895;U20.895;U21.895;U22.895;U23.895;U24.895;U25.895;U26.895;U27.895;U28.895;U29.895;U30.895;U31.895;U32.895;U33.895;U34.895;U35.895;U36.895;U37.895;U38.895;U39.895",1.774,0,28.7706754428218,0.564,0,53.2873933876118,0.683,"T1->T2",FALSE,0.0425848960876465,NA
896,"model0",1000,"large",12,0.13,1.34796064544935,0.621395638445392,1,1,1,0,38,1,0.547492391326529,0.591451868254305,"M0.1",38,"U1.896;U2.896;U3.896;U4.896;U5.896;U6.896;U7.896;U8.896;U9.896;U10.896;U11.896;U12.896;U13.896;U14.896;U15.896;U16.896;U17.896;U18.896;U19.896;U20.896;U21.896;U22.896;U23.896;U24.896;U25.896;U26.896;U27.896;U28.896;U29.896;U30.896;U31.896;U32.896;U33.896;U34.896;U35.896;U36.896;U37.896;U38.896",-0.051,0.488,176.318860764206,-19.796,0,0.481408180344633,-0.163,"none",FALSE,0.0456030368804932,NA
897,"model1",1000,"large",12,0.2,1.28028844343498,0.831030082190409,1,1,1,0,27,1,0.364862621247273,0.399177676638643,"M1.1",27,"U1.897;U2.897;U3.897;U4.897;U5.897;U6.897;U7.897;U8.897;U9.897;U10.897;U11.897;U12.897;U13.897;U14.897;U15.897;U16.897;U17.897;U18.897;U19.897;U20.897;U21.897;U22.897;U23.897;U24.897;U25.897;U26.897;U27.897",0.883,0,202.099952368293,1.132,0,102.364743757899,0.653,"T1->T2",FALSE,0.049530029296875,NA
898,"model2",1000,"large",12,0.21,1.17578357039019,0.856965115643106,1,1,1,0,9,1,0.154375507781559,0.257540186077859,"M2.1",9,"U1.898;U2.898;U3.898;U4.898;U5.898;U6.898;U7.898;U8.898;U9.898",-0.055,0.29,233.681838535686,-18.242,0,1.11912733269222,0.55,"none",FALSE,0.0525639057159424,NA
899,"model3",1000,"large",12,0.39,1.03016541583929,0.604935417766683,1,1,1,0,33,1,0.467892201180947,0.532272856350005,"M3",33,"U1.899;U2.899;U3.899;U4.899;U5.899;U6.899;U7.899;U8.899;U9.899;U10.899;U11.899;U12.899;U13.899;U14.899;U15.899;U16.899;U17.899;U18.899;U19.899;U20.899;U21.899;U22.899;U23.899;U24.899;U25.899;U26.899;U27.899;U28.899;U29.899;U30.899;U31.899;U32.899;U33.899",1.035,0,188.560716960539,0.966,0,180.79761543277,0.306,"T1->T2",FALSE,0.0480148792266846,NA
900,"model4",1000,"large",12,0.3,1.48976170667447,0.821062017348595,1,1,1,0,33,1,0.396932843296698,0.341281873889498,"M4",33,"U1.900;U2.900;U3.900;U4.900;U5.900;U6.900;U7.900;U8.900;U9.900;U10.900;U11.900;U12.900;U13.900;U14.900;U15.900;U16.900;U17.900;U18.900;U19.900;U20.900;U21.900;U22.900;U23.900;U24.900;U25.900;U26.900;U27.900;U28.900;U29.900;U30.900;U31.900;U32.900;U33.900",1.73,0,413.272277683949,0.578,0,711.156267350652,0.723,"T1->T2",FALSE,0.0489020347595215,NA
901,"model0",50,"small",13,0.16,0.173204055801034,0.20336211421527,1,1,1,0,27,1,0.743341432284644,0.736869566663024,"M0.1",27,"U1.901;U2.901;U3.901;U4.901;U5.901;U6.901;U7.901;U8.901;U9.901;U10.901;U11.901;U12.901;U13.901;U14.901;U15.901;U16.901;U17.901;U18.901;U19.901;U20.901;U21.901;U22.901;U23.901;U24.901;U25.901;U26.901;U27.901",0.909,0.02,4.62815894216487,1.1,0.031,5.39429564843139,0.102,"none",TRUE,0.0335140228271484,NA
902,"model1",50,"small",13,0.18,0.441405252087861,0.110121121862903,1,1,1,0,29,1,0.760414296280834,0.809882513538998,"M1.1",29,"U1.902;U2.902;U3.902;U4.902;U5.902;U6.902;U7.902;U8.902;U9.902;U10.902;U11.902;U12.902;U13.902;U14.902;U15.902;U16.902;U17.902;U18.902;U19.902;U20.902;U21.902;U22.902;U23.902;U24.902;U25.902;U26.902;U27.902;U28.902;U29.902",1.666,0.011,2.34733783118496,0.6,0.125,6.53438028139946,0.091,"none",TRUE,0.0360870361328125,NA
903,"model2",50,"small",13,0.05,0.245563916303217,0.106135124107823,1,1,1,0,44,8,0.971761819886368,0.982230332640406,"M2.1",44,"U1.903;U2.903;U3.903;U4.903;U5.903;U6.903;U7.903;U8.903;U9.903;U10.903;U11.903;U12.903;U13.903;U14.903;U15.903;U16.903;U17.903;U18.903;U19.903;U20.903;U21.903;U22.903;U23.903;U24.903;U25.903;U26.903;U27.903;U28.903;U29.903;U30.903;U31.903;U32.903;U33.903;U34.903;U35.903;U36.903;U37.903;U38.903;U39.903;U40.903;U41.903;U42.903;U43.903;U44.903",-0.184,0.787,1.84427580544959,-5.445,0.174,0.0727289365855895,-0.082,"none",TRUE,0.0425601005554199,NA
904,"model3",50,"small",13,0.27,0.417382092121989,0.268845937401056,1,1,1,0,2,1,0.0299070872483694,0.0919812853989671,"M3",2,"U1.904;U2.904",1.514,0.131,0.847276477693217,0.66,0.357,2.27895615289574,-0.007,"none",TRUE,0.0322308540344238,NA
905,"model4",50,"small",13,0.44,0.260103273019195,0.263974556745961,1,1,1,0,20,1,0.618226515581543,0.583289005013896,"M4",20,"U1.905;U2.905;U3.905;U4.905;U5.905;U6.905;U7.905;U8.905;U9.905;U10.905;U11.905;U12.905;U13.905;U14.905;U15.905;U16.905;U17.905;U18.905;U19.905;U20.905",20.709,0.021,0.0128446380088472,0.048,0.91,5.29504438124108,0.298,"none",TRUE,0.0347051620483398,NA
906,"model0",150,"small",13,0.39,0.221760687790811,0.181097311712801,1,1,1,0,12,1,0.357557630086577,0.315585729947117,"M0.1",12,"U1.906;U2.906;U3.906;U4.906;U5.906;U6.906;U7.906;U8.906;U9.906;U10.906;U11.906;U12.906",0.524,0.309,3.32195922804692,1.907,0.068,1.03321471489941,-0.093,"none",TRUE,0.0339851379394531,NA
907,"model1",150,"small",13,0.33,0.300511196162552,0.280259818164632,1,1,1,0,9,1,0.129661721772909,0.324253067337622,"M1.1",9,"U1.907;U2.907;U3.907;U4.907;U5.907;U6.907;U7.907;U8.907;U9.907",1.019,0.186,1.83703347317276,0.982,0.175,1.75029572900216,0.282,"none",TRUE,0.0344130992889404,NA
908,"model2",150,"small",13,0.17,0.127822594996542,0.233293055836111,1,1,1,0,44,1,0.685655736999208,0.760143087815572,"M2.1",44,"U1.908;U2.908;U3.908;U4.908;U5.908;U6.908;U7.908;U8.908;U9.908;U10.908;U11.908;U12.908;U13.908;U14.908;U15.908;U16.908;U17.908;U18.908;U19.908;U20.908;U21.908;U22.908;U23.908;U24.908;U25.908;U26.908;U27.908;U28.908;U29.908;U30.908;U31.908;U32.908;U33.908;U34.908;U35.908;U36.908;U37.908;U38.908;U39.908;U40.908;U41.908;U42.908;U43.908;U44.908",-0.486,0.737,0.62282892701278,-2.059,0.43,0.112577783356999,0.1,"none",TRUE,0.0365450382232666,NA
909,"model3",150,"small",13,0.44,0.166981332283467,0.200887663895264,1,1,1,0,13,1,0.389456740048987,0.261129767450773,"M3",13,"U1.909;U2.909;U3.909;U4.909;U5.909;U6.909;U7.909;U8.909;U9.909;U10.909;U11.909;U12.909;U13.909",0.616,0.37,2.06406640135577,1.623,0.151,0.802704513106348,-0.038,"none",TRUE,0.0338990688323975,NA
910,"model4",150,"small",13,0.24,0.442606674134731,0.110241734189913,1,1,1,0,11,1,0.355539084645951,0.309181075134679,"M4",11,"U1.910;U2.910;U3.910;U4.910;U5.910;U6.910;U7.910;U8.910;U9.910;U10.910;U11.910",1.316,0.007,5.33349635609243,0.76,0.021,7.26066704810738,0.051,"none",TRUE,0.0500431060791016,NA
911,"model0",300,"small",13,0.38,0.37965537076816,0.160375675559044,1,1,1,0,4,1,0.171464110313434,0.0645757344559617,"M0.1",4,"U1.911;U2.911;U3.911;U4.911",-0.194,0.277,26.485494636229,-5.157,0,1.18238250343147,0.01,"none",FALSE,0.0350949764251709,NA
912,"model1",300,"small",13,0.36,0.107055171951652,0.207170352200046,1,1,1,0,3,1,0.156727617353901,0.0830413107160508,"M1.1",3,"U1.912;U2.912;U3.912",0.469,0.135,9.6816325245563,2.132,0.002,2.23136655059809,0.195,"none",TRUE,0.0357539653778076,NA
913,"model2",300,"small",13,0.47,0.250938736181706,0.265357308415696,1,1,1,0,48,1,0.600863415554145,0.704984620287839,"M2.1",48,"U1.913;U2.913;U3.913;U4.913;U5.913;U6.913;U7.913;U8.913;U9.913;U10.913;U11.913;U12.913;U13.913;U14.913;U15.913;U16.913;U17.913;U18.913;U19.913;U20.913;U21.913;U22.913;U23.913;U24.913;U25.913;U26.913;U27.913;U28.913;U29.913;U30.913;U31.913;U32.913;U33.913;U34.913;U35.913;U36.913;U37.913;U38.913;U39.913;U40.913;U41.913;U42.913;U43.913;U44.913;U45.913;U46.913;U47.913;U48.913",0.36,0.678,1.3335790926826,2.78,0.248,0.172442179319141,0.165,"none",TRUE,0.0379400253295898,NA
914,"model3",300,"small",13,0.37,0.398395823687315,0.168043394014239,1,1,1,0,49,1,0.634686804481053,0.678087779176131,"M3",49,"U1.914;U2.914;U3.914;U4.914;U5.914;U6.914;U7.914;U8.914;U9.914;U10.914;U11.914;U12.914;U13.914;U14.914;U15.914;U16.914;U17.914;U18.914;U19.914;U20.914;U21.914;U22.914;U23.914;U24.914;U25.914;U26.914;U27.914;U28.914;U29.914;U30.914;U31.914;U32.914;U33.914;U34.914;U35.914;U36.914;U37.914;U38.914;U39.914;U40.914;U41.914;U42.914;U43.914;U44.914;U45.914;U46.914;U47.914;U48.914;U49.914",0.886,0.004,9.47225959644348,1.129,0.002,8.19532930317988,0.204,"none",TRUE,0.0347790718078613,NA
915,"model4",300,"small",13,0.15,0.451097376458347,0.121888799779117,1,1,1,0,10,1,0.294521512078357,0.266616125024446,"M4",10,"U1.915;U2.915;U3.915;U4.915;U5.915;U6.915;U7.915;U8.915;U9.915;U10.915",1.723,0,4.14247579717477,0.58,0.042,13.6609828902835,-0.03,"none",TRUE,0.0376160144805908,NA
916,"model0",670,"small",13,0.05,0.308281257003546,0.209889742219821,1,1,1,3,44,1,0.622074611840205,0.572209923760652,"M0.1",44,"U1.916;U2.916;U3.916;U4.916;U5.916;U6.916;U7.916;U8.916;U9.916;U10.916;U11.916;U12.916;U13.916;U14.916;U15.916;U16.916;U17.916;U18.916;U19.916;U20.916;U21.916;U22.916;U23.916;U24.916;U25.916;U26.916;U27.916;U28.916;U29.916;U30.916;U31.916;U32.916;U33.916;U34.916;U35.916;U36.916;U37.916;U38.916;U39.916;U40.916;U41.916;U42.916;U43.916;U44.916",29.323,0.023,0.00559279826156288,0.034,0.94,5.14703170154047,-0.11,"none",TRUE,0.0414221286773682,NA
917,"model1",670,"small",13,0.43,0.377960606198758,0.147004094300792,1,1,1,3,40,1,0.620853285706144,0.639629337614253,"M1.1",40,"U1.917;U2.917;U3.917;U4.917;U5.917;U6.917;U7.917;U8.917;U9.917;U10.917;U11.917;U12.917;U13.917;U14.917;U15.917;U16.917;U17.917;U18.917;U19.917;U20.917;U21.917;U22.917;U23.917;U24.917;U25.917;U26.917;U27.917;U28.917;U29.917;U30.917;U31.917;U32.917;U33.917;U34.917;U35.917;U36.917;U37.917;U38.917;U39.917;U40.917",0.204,0.435,17.1798383739843,4.908,0,0.610008410751777,0.204,"none",FALSE,0.0434260368347168,NA
918,"model2",670,"small",13,0.23,0.234168219473213,0.287807154329494,1,1,1,3,14,1,0.240206183759563,0.333328481543378,"M2.1",14,"U1.918;U2.918;U3.918;U4.918;U5.918;U6.918;U7.918;U8.918;U9.918;U10.918;U11.918;U12.918;U13.918;U14.918",0.066,0.837,11.4592358050547,15.192,0.001,0.0423085102328977,0.097,"none",FALSE,0.0428328514099121,NA
919,"model3",670,"small",13,0.32,0.463550334516913,0.228339712554589,1,1,1,3,24,1,0.462195363268278,0.357077991285423,"M3",24,"U1.919;U2.919;U3.919;U4.919;U5.919;U6.919;U7.919;U8.919;U9.919;U10.919;U11.919;U12.919;U13.919;U14.919;U15.919;U16.919;U17.919;U18.919;U19.919;U20.919;U21.919;U22.919;U23.919;U24.919",0.813,0,26.5404239625537,1.23,0,22.6870919663208,-0.135,"T1->T2",FALSE,0.0435481071472168,NA
920,"model4",670,"small",13,0.44,0.327966422960162,0.277975380420685,1,1,1,3,23,1,0.461292107138601,0.394217665007687,"M4",23,"U1.920;U2.920;U3.920;U4.920;U5.920;U6.920;U7.920;U8.920;U9.920;U10.920;U11.920;U12.920;U13.920;U14.920;U15.920;U16.920;U17.920;U18.920;U19.920;U20.920;U21.920;U22.920;U23.920",1.05,0,26.0833970273869,0.953,0,29.4752734720842,0.311,"T1->T2",FALSE,0.0447449684143066,NA
921,"model0",1000,"small",13,0.21,0.236386101320386,0.158480854984373,1,1,1,0,41,1,0.600314253359734,0.608667754394866,"M0.1",41,"U1.921;U2.921;U3.921;U4.921;U5.921;U6.921;U7.921;U8.921;U9.921;U10.921;U11.921;U12.921;U13.921;U14.921;U15.921;U16.921;U17.921;U18.921;U19.921;U20.921;U21.921;U22.921;U23.921;U24.921;U25.921;U26.921;U27.921;U28.921;U29.921;U30.921;U31.921;U32.921;U33.921;U34.921;U35.921;U36.921;U37.921;U38.921;U39.921;U40.921;U41.921",-0.002,0.994,15.2913496186314,-492.407,0,5.21579231187881e-05,0.034,"none",FALSE,0.0557060241699219,NA
922,"model1",1000,"small",13,0.04,0.428805238008499,0.185258502839133,1,1,1,0,48,1,0.687693469046606,0.666662392301198,"M1.1",48,"U1.922;U2.922;U3.922;U4.922;U5.922;U6.922;U7.922;U8.922;U9.922;U10.922;U11.922;U12.922;U13.922;U14.922;U15.922;U16.922;U17.922;U18.922;U19.922;U20.922;U21.922;U22.922;U23.922;U24.922;U25.922;U26.922;U27.922;U28.922;U29.922;U30.922;U31.922;U32.922;U33.922;U34.922;U35.922;U36.922;U37.922;U38.922;U39.922;U40.922;U41.922;U42.922;U43.922;U44.922;U45.922;U46.922;U47.922;U48.922",0.582,0.036,12.2586972163622,1.719,0,4.40851675077677,0.347,"T1->T2",FALSE,0.0501410961151123,NA
923,"model2",1000,"small",13,0.3,0.156468985509127,0.210613334365189,1,1,1,0,36,1,0.560167043805472,0.548961624552527,"M2.1",36,"U1.923;U2.923;U3.923;U4.923;U5.923;U6.923;U7.923;U8.923;U9.923;U10.923;U11.923;U12.923;U13.923;U14.923;U15.923;U16.923;U17.923;U18.923;U19.923;U20.923;U21.923;U22.923;U23.923;U24.923;U25.923;U26.923;U27.923;U28.923;U29.923;U30.923;U31.923;U32.923;U33.923;U34.923;U35.923;U36.923",-0.021,0.974,2.20166983457255,-48.334,0.138,0.00109554115687471,0.244,"none",TRUE,0.0535209178924561,NA
924,"model3",1000,"small",13,0.31,0.28490653373301,0.176380252605304,1,1,1,0,39,1,0.614943772476206,0.565169100184135,"M3",39,"U1.924;U2.924;U3.924;U4.924;U5.924;U6.924;U7.924;U8.924;U9.924;U10.924;U11.924;U12.924;U13.924;U14.924;U15.924;U16.924;U17.924;U18.924;U19.924;U20.924;U21.924;U22.924;U23.924;U24.924;U25.924;U26.924;U27.924;U28.924;U29.924;U30.924;U31.924;U32.924;U33.924;U34.924;U35.924;U36.924;U37.924;U38.924;U39.924",0.924,0.003,10.8171603898914,1.082,0.001,9.10093365144565,0.144,"T1->T2",FALSE,0.0495741367340088,NA
925,"model4",1000,"small",13,0.38,0.111926842853427,0.133678504172713,1,1,1,0,30,1,0.495171397880764,0.497055928853869,"M4",30,"U1.925;U2.925;U3.925;U4.925;U5.925;U6.925;U7.925;U8.925;U9.925;U10.925;U11.925;U12.925;U13.925;U14.925;U15.925;U16.925;U17.925;U18.925;U19.925;U20.925;U21.925;U22.925;U23.925;U24.925;U25.925;U26.925;U27.925;U28.925;U29.925;U30.925",1.745,0.003,3.14574888326734,0.573,0.076,8.71565237514409,0.028,"none",TRUE,0.0526978969573975,NA
926,"model0",50,"medium",13,0.09,0.734668630640954,0.324043825315312,1,1,1,0,16,3,0.580571323524959,0.69801775376027,"M0.1",16,"U1.926;U2.926;U3.926;U4.926;U5.926;U6.926;U7.926;U8.926;U9.926;U10.926;U11.926;U12.926;U13.926;U14.926;U15.926;U16.926",-0.235,0.621,4.23951176903085,-4.247,0.039,0.243857424198201,-0.071,"none",TRUE,0.0326530933380127,NA
927,"model1",50,"medium",13,0.21,0.677979128202423,0.373583578877151,1,1,1,0,34,1,0.897975849445394,0.825826484676497,"M1.1",34,"U1.927;U2.927;U3.927;U4.927;U5.927;U6.927;U7.927;U8.927;U9.927;U10.927;U11.927;U12.927;U13.927;U14.927;U15.927;U16.927;U17.927;U18.927;U19.927;U20.927;U21.927;U22.927;U23.927;U24.927;U25.927;U26.927;U27.927;U28.927;U29.927;U30.927;U31.927;U32.927;U33.927;U34.927",-0.993,0.296,0.72183508040509,-1.007,0.396,1.09150378162142,0.181,"none",TRUE,0.0334508419036865,NA
928,"model2",50,"medium",13,0.31,0.970899110427126,0.357656130939722,1,1,1,0,25,1,0.414635928684503,0.776247385584989,"M2.1",25,"U1.928;U2.928;U3.928;U4.928;U5.928;U6.928;U7.928;U8.928;U9.928;U10.928;U11.928;U12.928;U13.928;U14.928;U15.928;U16.928;U17.928;U18.928;U19.928;U20.928;U21.928;U22.928;U23.928;U24.928;U25.928",0.173,0.426,33.1770114466777,5.786,0,0.632433202686597,0.459,"none",FALSE,0.0361089706420898,NA
929,"model3",50,"medium",13,0.45,0.975986758247018,0.445601926278323,1,1,1,0,44,1,0.948146956897109,0.971076946870031,"M3",44,"U1.929;U2.929;U3.929;U4.929;U5.929;U6.929;U7.929;U8.929;U9.929;U10.929;U11.929;U12.929;U13.929;U14.929;U15.929;U16.929;U17.929;U18.929;U19.929;U20.929;U21.929;U22.929;U23.929;U24.929;U25.929;U26.929;U27.929;U28.929;U29.929;U30.929;U31.929;U32.929;U33.929;U34.929;U35.929;U36.929;U37.929;U38.929;U39.929;U40.929;U41.929;U42.929;U43.929;U44.929",2.052,0.001,2.51902397944111,0.487,0.112,10.5000809340052,0.026,"none",TRUE,0.0407299995422363,NA
930,"model4",50,"medium",13,0.21,0.681655207066797,0.321901274239644,1,1,1,0,44,2,0.952898640294279,0.918111148870226,"M4",44,"U1.930;U2.930;U3.930;U4.930;U5.930;U6.930;U7.930;U8.930;U9.930;U10.930;U11.930;U12.930;U13.930;U14.930;U15.930;U16.930;U17.930;U18.930;U19.930;U20.930;U21.930;U22.930;U23.930;U24.930;U25.930;U26.930;U27.930;U28.930;U29.930;U30.930;U31.930;U32.930;U33.930;U34.930;U35.930;U36.930;U37.930;U38.930;U39.930;U40.930;U41.930;U42.930;U43.930;U44.930",0.837,0.174,2.78438378548582,1.195,0.095,1.84622799278584,0.404,"none",TRUE,0.0316982269287109,NA
931,"model0",150,"medium",13,0.16,0.621822888846509,0.486845767078921,1,1,1,0,27,1,0.45917251965263,0.498344971054992,"M0.1",27,"U1.931;U2.931;U3.931;U4.931;U5.931;U6.931;U7.931;U8.931;U9.931;U10.931;U11.931;U12.931;U13.931;U14.931;U15.931;U16.931;U17.931;U18.931;U19.931;U20.931;U21.931;U22.931;U23.931;U24.931;U25.931;U26.931;U27.931",-0.003,0.993,15.9304558855007,-377.818,0,8.69173373698151e-05,-0.015,"none",FALSE,0.0323657989501953,NA
932,"model1",150,"medium",13,0.06,0.945073223323561,0.392277813050896,1,1,1,0,7,4,0.28673026509186,0.189143637605069,"M1.1",7,"U1.932;U2.932;U3.932;U4.932;U5.932;U6.932;U7.932",0.346,0.502,4.1024778567802,2.891,0.043,0.449857934603945,0.322,"none",TRUE,0.0334980487823486,NA
933,"model2",150,"medium",13,0.41,0.540784080629237,0.352612672792748,1,1,1,0,34,1,0.646983642028038,0.712296369538793,"M2.1",34,"U1.933;U2.933;U3.933;U4.933;U5.933;U6.933;U7.933;U8.933;U9.933;U10.933;U11.933;U12.933;U13.933;U14.933;U15.933;U16.933;U17.933;U18.933;U19.933;U20.933;U21.933;U22.933;U23.933;U24.933;U25.933;U26.933;U27.933;U28.933;U29.933;U30.933;U31.933;U32.933;U33.933;U34.933",-0.077,0.873,5.69327752398874,-13.003,0.017,0.0256505965815353,0.309,"none",TRUE,0.0347139835357666,NA
934,"model3",150,"medium",13,0.4,0.626890242565423,0.342085117753595,1,1,1,0,15,1,0.337031512994576,0.384611630258714,"M3",15,"U1.934;U2.934;U3.934;U4.934;U5.934;U6.934;U7.934;U8.934;U9.934;U10.934;U11.934;U12.934;U13.934;U14.934;U15.934",0.946,0,18.9253676227766,1.057,0,16.8962838925412,0.013,"T1->T2",FALSE,0.0330250263214111,NA
935,"model4",150,"medium",13,0.28,0.935015000635758,0.33204486402683,1,1,1,0,19,1,0.433306957013753,0.237920828961716,"M4",19,"U1.935;U2.935;U3.935;U4.935;U5.935;U6.935;U7.935;U8.935;U9.935;U10.935;U11.935;U12.935;U13.935;U14.935;U15.935;U16.935;U17.935;U18.935;U19.935",1.074,0,49.3770714570346,0.931,0,56.2935955488871,0.5,"T1->T2",FALSE,0.0330779552459717,NA
936,"model0",300,"medium",13,0.25,0.592612211825326,0.318891917401925,1,1,1,0,38,1,0.569317686640249,0.635547060516592,"M0.1",38,"U1.936;U2.936;U3.936;U4.936;U5.936;U6.936;U7.936;U8.936;U9.936;U10.936;U11.936;U12.936;U13.936;U14.936;U15.936;U16.936;U17.936;U18.936;U19.936;U20.936;U21.936;U22.936;U23.936;U24.936;U25.936;U26.936;U27.936;U28.936;U29.936;U30.936;U31.936;U32.936;U33.936;U34.936;U35.936;U36.936;U37.936;U38.936",-0.524,0.129,9.07530496248689,-1.91,0.003,2.30716888591028,0.074,"none",TRUE,0.0494799613952637,NA
937,"model1",300,"medium",13,0.41,0.963575643836521,0.325763772707433,1,1,1,0,30,1,0.478980455154535,0.525328141123422,"M1.1",30,"U1.937;U2.937;U3.937;U4.937;U5.937;U6.937;U7.937;U8.937;U9.937;U10.937;U11.937;U12.937;U13.937;U14.937;U15.937;U16.937;U17.937;U18.937;U19.937;U20.937;U21.937;U22.937;U23.937;U24.937;U25.937;U26.937;U27.937;U28.937;U29.937;U30.937",0.34,0.018,55.6707830235096,2.941,0,5.5797252199804,0.214,"T1->T2",FALSE,0.0340659618377686,NA
938,"model2",300,"medium",13,0.36,0.764264788827859,0.430495167477056,1,1,1,0,12,1,0.328440486378946,0.359497350836787,"M2.1",12,"U1.938;U2.938;U3.938;U4.938;U5.938;U6.938;U7.938;U8.938;U9.938;U10.938;U11.938;U12.938",0.004,0.969,59.8756362239387,225.88,0,0.0015175485548124,0.302,"none",FALSE,0.032951831817627,NA
939,"model3",300,"medium",13,0.39,0.999511935515329,0.414494569599628,1,1,1,0,36,1,0.554962692827921,0.505251115097943,"M3",36,"U1.939;U2.939;U3.939;U4.939;U5.939;U6.939;U7.939;U8.939;U9.939;U10.939;U11.939;U12.939;U13.939;U14.939;U15.939;U16.939;U17.939;U18.939;U19.939;U20.939;U21.939;U22.939;U23.939;U24.939;U25.939;U26.939;U27.939;U28.939;U29.939;U30.939;U31.939;U32.939;U33.939;U34.939;U35.939;U36.939",1.201,0,50.3909880132945,0.833,0,83.292672325593,0.297,"T1->T2",FALSE,0.031851053237915,NA
940,"model4",300,"medium",13,0.14,0.977122120326385,0.432604268100113,1,1,1,0,29,1,0.449911985615818,0.33332735326883,"M4",29,"U1.940;U2.940;U3.940;U4.940;U5.940;U6.940;U7.940;U8.940;U9.940;U10.940;U11.940;U12.940;U13.940;U14.940;U15.940;U16.940;U17.940;U18.940;U19.940;U20.940;U21.940;U22.940;U23.940;U24.940;U25.940;U26.940;U27.940;U28.940;U29.940",1.037,0,57.2386972545004,0.965,0,52.7495382257591,0.32,"T1->T2",FALSE,0.0309591293334961,NA
941,"model0",670,"medium",13,0.22,0.867298579541966,0.407807256793603,1,1,1,3,35,1,0.445328774528353,0.529531028696392,"M0.1",35,"U1.941;U2.941;U3.941;U4.941;U5.941;U6.941;U7.941;U8.941;U9.941;U10.941;U11.941;U12.941;U13.941;U14.941;U15.941;U16.941;U17.941;U18.941;U19.941;U20.941;U21.941;U22.941;U23.941;U24.941;U25.941;U26.941;U27.941;U28.941;U29.941;U30.941;U31.941;U32.941;U33.941;U34.941;U35.941",0.01,0.933,78.2428857500957,98.473,0,0.00708268440743954,0.033,"none",FALSE,0.0559759140014648,NA
942,"model1",670,"medium",13,0.41,0.766107431263663,0.360411714529619,1,1,1,3,22,1,0.478750442081597,0.480545031921059,"M1.1",22,"U1.942;U2.942;U3.942;U4.942;U5.942;U6.942;U7.942;U8.942;U9.942;U10.942;U11.942;U12.942;U13.942;U14.942;U15.942;U16.942;U17.942;U18.942;U19.942;U20.942;U21.942;U22.942",0.402,0,108.525707926663,2.489,0,16.4491993046798,0.418,"T1->T2",FALSE,0.0422341823577881,NA
943,"model2",670,"medium",13,0.22,0.997719280538149,0.482581763202324,1,1,1,3,34,1,0.589892595939644,0.6183891622721,"M2.1",34,"U1.943;U2.943;U3.943;U4.943;U5.943;U6.943;U7.943;U8.943;U9.943;U10.943;U11.943;U12.943;U13.943;U14.943;U15.943;U16.943;U17.943;U18.943;U19.943;U20.943;U21.943;U22.943;U23.943;U24.943;U25.943;U26.943;U27.943;U28.943;U29.943;U30.943;U31.943;U32.943;U33.943;U34.943",0.056,0.509,94.4427101631865,17.829,0,0.436859404734302,0.516,"none",FALSE,0.0418369770050049,NA
944,"model3",670,"medium",13,0.28,0.860650942078792,0.30373614882119,1,1,1,3,49,1,0.602409866946991,0.557384934832267,"M3",49,"U1.944;U2.944;U3.944;U4.944;U5.944;U6.944;U7.944;U8.944;U9.944;U10.944;U11.944;U12.944;U13.944;U14.944;U15.944;U16.944;U17.944;U18.944;U19.944;U20.944;U21.944;U22.944;U23.944;U24.944;U25.944;U26.944;U27.944;U28.944;U29.944;U30.944;U31.944;U32.944;U33.944;U34.944;U35.944;U36.944;U37.944;U38.944;U39.944;U40.944;U41.944;U42.944;U43.944;U44.944;U45.944;U46.944;U47.944;U48.944;U49.944",0.806,0,88.0992811533651,1.241,0,67.6003770639873,0.127,"T1->T2",FALSE,0.0458149909973145,NA
945,"model4",670,"medium",13,0.38,0.523598687141202,0.351090441318229,1,1,1,3,2,1,0.0341347271527716,0.0605479727714403,"M4",2,"U1.945;U2.945",1.531,0,69.5938318080395,0.653,0,146.536688714553,0.384,"T1->T2",FALSE,0.043536901473999,NA
946,"model0",1000,"medium",13,0.27,0.819046090473421,0.363689227774739,1,1,1,0,46,1,0.532005924494786,0.625463444829774,"M0.1",46,"U1.946;U2.946;U3.946;U4.946;U5.946;U6.946;U7.946;U8.946;U9.946;U10.946;U11.946;U12.946;U13.946;U14.946;U15.946;U16.946;U17.946;U18.946;U19.946;U20.946;U21.946;U22.946;U23.946;U24.946;U25.946;U26.946;U27.946;U28.946;U29.946;U30.946;U31.946;U32.946;U33.946;U34.946;U35.946;U36.946;U37.946;U38.946;U39.946;U40.946;U41.946;U42.946;U43.946;U44.946;U45.946;U46.946",0.003,0.972,184.361789037836,362.526,0,0.00119285505919677,0.032,"none",FALSE,0.0629010200500488,NA
947,"model1",1000,"medium",13,0.34,0.508175180060789,0.388849102938548,1,1,1,0,37,1,0.528934748262994,0.512759261916874,"M1.1",37,"U1.947;U2.947;U3.947;U4.947;U5.947;U6.947;U7.947;U8.947;U9.947;U10.947;U11.947;U12.947;U13.947;U14.947;U15.947;U16.947;U17.947;U18.947;U19.947;U20.947;U21.947;U22.947;U23.947;U24.947;U25.947;U26.947;U27.947;U28.947;U29.947;U30.947;U31.947;U32.947;U33.947;U34.947;U35.947;U36.947;U37.947",0.495,0.005,32.2862200293442,2.021,0,7.94243156030892,0.25,"T1->T2",FALSE,0.059730052947998,NA
948,"model2",1000,"medium",13,0.3,0.849863778566942,0.33172031394206,1,1,1,0,40,1,0.611678957752223,0.605875714900357,"M2.1",40,"U1.948;U2.948;U3.948;U4.948;U5.948;U6.948;U7.948;U8.948;U9.948;U10.948;U11.948;U12.948;U13.948;U14.948;U15.948;U16.948;U17.948;U18.948;U19.948;U20.948;U21.948;U22.948;U23.948;U24.948;U25.948;U26.948;U27.948;U28.948;U29.948;U30.948;U31.948;U32.948;U33.948;U34.948;U35.948;U36.948;U37.948;U38.948;U39.948;U40.948",-0.006,0.955,76.809893282509,-168.018,0,0.00315152814958906,0.373,"none",FALSE,0.0531940460205078,NA
949,"model3",1000,"medium",13,0.35,0.553148393635638,0.457918273191899,1,1,1,0,43,1,0.550207360339129,0.581051616674706,"M3",43,"U1.949;U2.949;U3.949;U4.949;U5.949;U6.949;U7.949;U8.949;U9.949;U10.949;U11.949;U12.949;U13.949;U14.949;U15.949;U16.949;U17.949;U18.949;U19.949;U20.949;U21.949;U22.949;U23.949;U24.949;U25.949;U26.949;U27.949;U28.949;U29.949;U30.949;U31.949;U32.949;U33.949;U34.949;U35.949;U36.949;U37.949;U38.949;U39.949;U40.949;U41.949;U42.949;U43.949",1.081,0,71.0313786963927,0.925,0,74.6039033999845,0.03,"T1->T2",FALSE,0.0524959564208984,NA
950,"model4",1000,"medium",13,0.11,0.931844531092793,0.314408516464755,1,1,1,0,31,1,0.447994985133945,0.584464877543495,"M4",31,"U1.950;U2.950;U3.950;U4.950;U5.950;U6.950;U7.950;U8.950;U9.950;U10.950;U11.950;U12.950;U13.950;U14.950;U15.950;U16.950;U17.950;U18.950;U19.950;U20.950;U21.950;U22.950;U23.950;U24.950;U25.950;U26.950;U27.950;U28.950;U29.950;U30.950;U31.950",1.289,0,61.84707256436,0.776,0,66.8521605253333,0.472,"T1->T2",FALSE,0.0559728145599365,NA
951,"model0",50,"large",13,0.24,1.35770349577069,0.748789243400097,1,1,1,0,43,1,0.890855101842029,0.949344472923725,"M0.1",43,"U1.951;U2.951;U3.951;U4.951;U5.951;U6.951;U7.951;U8.951;U9.951;U10.951;U11.951;U12.951;U13.951;U14.951;U15.951;U16.951;U17.951;U18.951;U19.951;U20.951;U21.951;U22.951;U23.951;U24.951;U25.951;U26.951;U27.951;U28.951;U29.951;U30.951;U31.951;U32.951;U33.951;U34.951;U35.951;U36.951;U37.951;U38.951;U39.951;U40.951;U41.951;U42.951;U43.951",0.118,0.614,17.9023043710983,8.486,0,0.254897398227169,0.124,"none",FALSE,0.0342059135437012,NA
952,"model1",50,"large",13,0.04,1.23093641514424,0.995322592789307,1,1,1,0,44,1,0.910752970685132,0.878677137817233,"M1.1",44,"U1.952;U2.952;U3.952;U4.952;U5.952;U6.952;U7.952;U8.952;U9.952;U10.952;U11.952;U12.952;U13.952;U14.952;U15.952;U16.952;U17.952;U18.952;U19.952;U20.952;U21.952;U22.952;U23.952;U24.952;U25.952;U26.952;U27.952;U28.952;U29.952;U30.952;U31.952;U32.952;U33.952;U34.952;U35.952;U36.952;U37.952;U38.952;U39.952;U40.952;U41.952;U42.952;U43.952;U44.952",0.989,0.398,1.39891782518731,1.011,0.237,0.715686130143022,0.788,"none",TRUE,0.0322589874267578,NA
953,"model2",50,"large",13,0.15,1.15818070108071,0.724123258376494,1,1,1,0,18,1,0.535705434722782,0.61964311727944,"M2.1",18,"U1.953;U2.953;U3.953;U4.953;U5.953;U6.953;U7.953;U8.953;U9.953;U10.953;U11.953;U12.953;U13.953;U14.953;U15.953;U16.953;U17.953;U18.953",0.024,0.899,35.7907802888544,42.374,0,0.0160159575579777,0.498,"none",FALSE,0.0326499938964844,NA
954,"model3",50,"large",13,0.08,1.46559107012581,0.661980197764933,1,1,1,0,44,1,0.900857505118169,0.973703633050648,"M3",44,"U1.954;U2.954;U3.954;U4.954;U5.954;U6.954;U7.954;U8.954;U9.954;U10.954;U11.954;U12.954;U13.954;U14.954;U15.954;U16.954;U17.954;U18.954;U19.954;U20.954;U21.954;U22.954;U23.954;U24.954;U25.954;U26.954;U27.954;U28.954;U29.954;U30.954;U31.954;U32.954;U33.954;U34.954;U35.954;U36.954;U37.954;U38.954;U39.954;U40.954;U41.954;U42.954;U43.954;U44.954",0.748,0.014,6.63784559751471,1.337,0.01,6.0365602541049,0.074,"none",TRUE,0.0335090160369873,NA
955,"model4",50,"large",13,0.18,1.13434026099276,0.871218085754663,1,1,1,0,38,2,0.911255016438421,0.932889483710857,"M4",38,"U1.955;U2.955;U3.955;U4.955;U5.955;U6.955;U7.955;U8.955;U9.955;U10.955;U11.955;U12.955;U13.955;U14.955;U15.955;U16.955;U17.955;U18.955;U19.955;U20.955;U21.955;U22.955;U23.955;U24.955;U25.955;U26.955;U27.955;U28.955;U29.955;U30.955;U31.955;U32.955;U33.955;U34.955;U35.955;U36.955;U37.955;U38.955",1.957,0,9.18688051574836,0.511,0.002,16.5711986491183,0.777,"none",TRUE,0.0277290344238281,NA
956,"model0",150,"large",13,0.28,1.1204867210472,0.753991764038801,1,1,1,0,12,1,0.407845895544624,0.383683717809248,"M0.1",12,"U1.956;U2.956;U3.956;U4.956;U5.956;U6.956;U7.956;U8.956;U9.956;U10.956;U11.956;U12.956",-0.231,0.095,35.4272203623153,-4.32,0,2.78067846545093,-0.122,"none",FALSE,0.0326240062713623,NA
957,"model1",150,"large",13,0.34,1.15527181862853,0.893276820541359,1,1,1,0,9,1,0.238692837657041,0.268731560981547,"M1.1",9,"U1.957;U2.957;U3.957;U4.957;U5.957;U6.957;U7.957;U8.957;U9.957",0.999,0,79.4038394476389,1.001,0,40.4715715593159,0.765,"T1->T2",FALSE,0.034426212310791,NA
958,"model2",150,"large",13,0.16,1.49568216095213,0.521467540762387,1,1,1,0,38,1,0.632429599390233,0.692861496204939,"M2.1",38,"U1.958;U2.958;U3.958;U4.958;U5.958;U6.958;U7.958;U8.958;U9.958;U10.958;U11.958;U12.958;U13.958;U14.958;U15.958;U16.958;U17.958;U18.958;U19.958;U20.958;U21.958;U22.958;U23.958;U24.958;U25.958;U26.958;U27.958;U28.958;U29.958;U30.958;U31.958;U32.958;U33.958;U34.958;U35.958;U36.958;U37.958;U38.958",0.053,0.652,54.4581962391278,18.953,0,0.202961433277135,0.431,"none",FALSE,0.0346050262451172,NA
959,"model3",150,"large",13,0.11,1.28629333584104,0.841004668967798,1,1,1,0,44,1,0.645340017256662,0.677825173425534,"M3",44,"U1.959;U2.959;U3.959;U4.959;U5.959;U6.959;U7.959;U8.959;U9.959;U10.959;U11.959;U12.959;U13.959;U14.959;U15.959;U16.959;U17.959;U18.959;U19.959;U20.959;U21.959;U22.959;U23.959;U24.959;U25.959;U26.959;U27.959;U28.959;U29.959;U30.959;U31.959;U32.959;U33.959;U34.959;U35.959;U36.959;U37.959;U38.959;U39.959;U40.959;U41.959;U42.959;U43.959;U44.959",1.03,0,22.6615648338378,0.971,0,24.9201923409589,0.136,"T1->T2",FALSE,0.0349869728088379,NA
960,"model4",150,"large",13,0.17,1.46802286210004,0.750453249900602,1,1,1,0,23,1,0.350665315896055,0.350268051511225,"M4",23,"U1.960;U2.960;U3.960;U4.960;U5.960;U6.960;U7.960;U8.960;U9.960;U10.960;U11.960;U12.960;U13.960;U14.960;U15.960;U16.960;U17.960;U18.960;U19.960;U20.960;U21.960;U22.960;U23.960",1.719,0,86.5468613668386,0.582,0,159.988504047115,0.821,"T1->T2",FALSE,0.0359671115875244,NA
961,"model0",300,"large",13,0.37,1.01463902276009,0.525899169500917,1,1,1,0,22,1,0.32987890887287,0.393336553513017,"M0.1",22,"U1.961;U2.961;U3.961;U4.961;U5.961;U6.961;U7.961;U8.961;U9.961;U10.961;U11.961;U12.961;U13.961;U14.961;U15.961;U16.961;U17.961;U18.961;U19.961;U20.961;U21.961;U22.961",-0.069,0.525,75.5566828769873,-14.423,0,0.403655722927694,-0.062,"none",FALSE,0.0330410003662109,NA
962,"model1",300,"large",13,0.07,1.29569758812431,0.921342950197868,1,1,1,0,5,1,0.121923022366332,0.224105497171837,"M1.1",5,"U1.962;U2.962;U3.962;U4.962;U5.962",0.594,0.01,37.5661057499302,1.684,0,6.71400582236918,0.654,"T1->T2",FALSE,0.0337798595428467,NA
963,"model2",300,"large",13,0.34,1.09000177297276,0.955894575687125,1,1,1,0,21,1,0.378771747129431,0.480449381262292,"M2.1",21,"U1.963;U2.963;U3.963;U4.963;U5.963;U6.963;U7.963;U8.963;U9.963;U10.963;U11.963;U12.963;U13.963;U14.963;U15.963;U16.963;U17.963;U18.963;U19.963;U20.963;U21.963",0.094,0.303,56.5077449306893,10.588,0,1.0591719920219,0.677,"none",FALSE,0.0316989421844482,NA
964,"model3",300,"large",13,0.43,1.01064290432259,0.857016550609842,1,1,1,0,15,1,0.324147560580107,0.246532780702217,"M3",15,"U1.964;U2.964;U3.964;U4.964;U5.964;U6.964;U7.964;U8.964;U9.964;U10.964;U11.964;U12.964;U13.964;U14.964;U15.964",0.897,0,110.149486177918,1.115,0,97.3368446771463,0.207,"T1->T2",FALSE,0.0339860916137695,NA
965,"model4",300,"large",13,0.07,1.26351197180338,0.819247563485987,1,1,1,0,8,1,0.250941690249643,0.186724562527485,"M4",8,"U1.965;U2.965;U3.965;U4.965;U5.965;U6.965;U7.965;U8.965",1.811,0,21.9395767617946,0.552,0,37.4806475556549,0.693,"T1->T2",FALSE,0.0335168838500977,NA
966,"model0",670,"large",13,0.32,1.41959263943136,0.543280409881845,1,1,1,3,13,1,0.239730494810223,0.35105199686991,"M0.1",13,"U1.966;U2.966;U3.966;U4.966;U5.966;U6.966;U7.966;U8.966;U9.966;U10.966;U11.966;U12.966;U13.966",0.05,0.317,367.428645257746,19.92,0,1.00176692431669,-0.005,"none",FALSE,0.0450620651245117,NA
967,"model1",670,"large",13,0.32,1.23968884698115,0.643022732925601,1,1,1,3,11,1,0.200713172139919,0.210786371024745,"M1.1",11,"U1.967;U2.967;U3.967;U4.967;U5.967;U6.967;U7.967;U8.967;U9.967;U10.967;U11.967",0.602,0,252.995294360249,1.66,0,66.6289557159115,0.581,"T1->T2",FALSE,0.0492680072784424,NA
968,"model2",670,"large",13,0.47,1.2543572850991,0.960013654781505,1,1,1,3,11,1,0.0941560421990406,0.264675752774779,"M2.1",11,"U1.968;U2.968;U3.968;U4.968;U5.968;U6.968;U7.968;U8.968;U9.968;U10.968;U11.968",-0.004,0.948,173.990558048379,-258.461,0,0.00428302827152034,0.524,"none",FALSE,0.0441160202026367,NA
969,"model3",670,"large",13,0.34,1.22857002192177,0.623628380824812,1,1,1,3,20,1,0.376899681606551,0.331129508191093,"M3",20,"U1.969;U2.969;U3.969;U4.969;U5.969;U6.969;U7.969;U8.969;U9.969;U10.969;U11.969;U12.969;U13.969;U14.969;U15.969;U16.969;U17.969;U18.969;U19.969;U20.969",1.051,0,224.770138183988,0.951,0,278.285396191026,0.315,"T1->T2",FALSE,0.0451920032501221,NA
970,"model4",670,"large",13,0.14,1.44318688707426,0.716247280244716,1,1,1,3,4,1,0.0191078270962738,0.0328970148853816,"M4",4,"U1.970;U2.970;U3.970;U4.970",1.585,0,409.553496326296,0.631,0,637.83987864196,0.741,"T1->T2",FALSE,0.0442750453948975,NA
971,"model0",1000,"large",13,0.48,1.4597352030687,0.585951888002455,1,1,1,0,38,1,0.428760856496078,0.602608572387687,"M0.1",38,"U1.971;U2.971;U3.971;U4.971;U5.971;U6.971;U7.971;U8.971;U9.971;U10.971;U11.971;U12.971;U13.971;U14.971;U15.971;U16.971;U17.971;U18.971;U19.971;U20.971;U21.971;U22.971;U23.971;U24.971;U25.971;U26.971;U27.971;U28.971;U29.971;U30.971;U31.971;U32.971;U33.971;U34.971;U35.971;U36.971;U37.971;U38.971",0.063,0.202,420.319829615848,15.78,0,1.63114898128585,0.086,"none",FALSE,0.05423903465271,NA
972,"model1",1000,"large",13,0.44,1.4261041394202,0.807714475784451,1,1,1,0,38,1,0.426888745115116,0.577764686440984,"M1.1",38,"U1.972;U2.972;U3.972;U4.972;U5.972;U6.972;U7.972;U8.972;U9.972;U10.972;U11.972;U12.972;U13.972;U14.972;U15.972;U16.972;U17.972;U18.972;U19.972;U20.972;U21.972;U22.972;U23.972;U24.972;U25.972;U26.972;U27.972;U28.972;U29.972;U30.972;U31.972;U32.972;U33.972;U34.972;U35.972;U36.972;U37.972;U38.972",0.754,0,440.734038303593,1.326,0,134.356621137644,0.725,"T1->T2",FALSE,0.0554499626159668,NA
973,"model2",1000,"large",13,0.31,1.29950818303041,0.676383055513725,1,1,1,0,25,1,0.268586587577555,0.453018515219684,"M2.1",25,"U1.973;U2.973;U3.973;U4.973;U5.973;U6.973;U7.973;U8.973;U9.973;U10.973;U11.973;U12.973;U13.973;U14.973;U15.973;U16.973;U17.973;U18.973;U19.973;U20.973;U21.973;U22.973;U23.973;U24.973;U25.973",0.013,0.81,303.313570607755,78.68,0,0.0575408893716498,0.462,"none",FALSE,0.0486421585083008,NA
974,"model3",1000,"large",13,0.47,1.47510068491101,0.884474580758251,1,1,1,0,21,1,0.237123575829019,0.256323944577117,"M3",21,"U1.974;U2.974;U3.974;U4.974;U5.974;U6.974;U7.974;U8.974;U9.974;U10.974;U11.974;U12.974;U13.974;U14.974;U15.974;U16.974;U17.974;U18.974;U19.974;U20.974;U21.974",0.941,0,742.81526603159,1.063,0,636.41966045553,0.348,"T1->T2",FALSE,0.0488009452819824,NA
975,"model4",1000,"large",13,0.18,1.20826258976012,0.613669310347177,1,1,1,0,49,1,0.536562736872625,0.533399512095511,"M4",49,"U1.975;U2.975;U3.975;U4.975;U5.975;U6.975;U7.975;U8.975;U9.975;U10.975;U11.975;U12.975;U13.975;U14.975;U15.975;U16.975;U17.975;U18.975;U19.975;U20.975;U21.975;U22.975;U23.975;U24.975;U25.975;U26.975;U27.975;U28.975;U29.975;U30.975;U31.975;U32.975;U33.975;U34.975;U35.975;U36.975;U37.975;U38.975;U39.975;U40.975;U41.975;U42.975;U43.975;U44.975;U45.975;U46.975;U47.975;U48.975;U49.975",1.894,0,120.303254481098,0.528,0,281.50210930932,0.624,"T1->T2",FALSE,0.0517868995666504,NA
976,"model0",50,"small",14,0.06,0.482271584030241,0.123219858203083,1,1,1,0,8,16,0.344077590335927,0.197579898723887,"M0.1",8,"U1.976;U2.976;U3.976;U4.976;U5.976;U6.976;U7.976;U8.976",0.566,0.128,8.20301035238451,1.767,0.004,2.31816646535188,0.019,"none",TRUE,0.0351989269256592,NA
977,"model1",50,"small",14,0.33,0.4620266337879,0.159044518321753,1,1,1,0,39,1,0.895075490214714,0.967078838133499,"M1.1",39,"U1.977;U2.977;U3.977;U4.977;U5.977;U6.977;U7.977;U8.977;U9.977;U10.977;U11.977;U12.977;U13.977;U14.977;U15.977;U16.977;U17.977;U18.977;U19.977;U20.977;U21.977;U22.977;U23.977;U24.977;U25.977;U26.977;U27.977;U28.977;U29.977;U30.977;U31.977;U32.977;U33.977;U34.977;U35.977;U36.977;U37.977;U38.977;U39.977",-2.696,0.064,0.585108992156784,-0.371,0.444,3.42633783375091,0.134,"none",TRUE,0.0313620567321777,NA
978,"model2",50,"small",14,0.1,0.244229813292623,0.237336588092148,1,1,1,0,44,2,0.92858383005946,0.976367679580627,"M2.1",44,"U1.978;U2.978;U3.978;U4.978;U5.978;U6.978;U7.978;U8.978;U9.978;U10.978;U11.978;U12.978;U13.978;U14.978;U15.978;U16.978;U17.978;U18.978;U19.978;U20.978;U21.978;U22.978;U23.978;U24.978;U25.978;U26.978;U27.978;U28.978;U29.978;U30.978;U31.978;U32.978;U33.978;U34.978;U35.978;U36.978;U37.978;U38.978;U39.978;U40.978;U41.978;U42.978;U43.978;U44.978",2.117,0.135,0.495945670595272,0.472,0.481,2.22881027923434,0.245,"none",TRUE,0.0232579708099365,NA
979,"model3",50,"small",14,0.15,0.320250058546662,0.17848840104416,1,1,1,0,32,1,0.881240001562156,0.860229702006243,"M3",32,"U1.979;U2.979;U3.979;U4.979;U5.979;U6.979;U7.979;U8.979;U9.979;U10.979;U11.979;U12.979;U13.979;U14.979;U15.979;U16.979;U17.979;U18.979;U19.979;U20.979;U21.979;U22.979;U23.979;U24.979;U25.979;U26.979;U27.979;U28.979;U29.979;U30.979;U31.979;U32.979",0.096,0.942,0.345134380042648,10.444,0.557,0.00524360125618478,-0.005,"none",TRUE,0.0234029293060303,NA
980,"model4",50,"small",14,0.07,0.16353929983452,0.186495918640867,1,1,1,0,27,1,0.71730143807146,0.783008726392775,"M4",27,"U1.980;U2.980;U3.980;U4.980;U5.980;U6.980;U7.980;U8.980;U9.980;U10.980;U11.980;U12.980;U13.980;U14.980;U15.980;U16.980;U17.980;U18.980;U19.980;U20.980;U21.980;U22.980;U23.980;U24.980;U25.980;U26.980;U27.980",3.771,0,1.30433825926946,0.265,0.253,17.2246123850052,0.201,"none",TRUE,0.0250008106231689,NA
981,"model0",150,"small",14,0.15,0.333306562993675,0.101920452155173,1,1,1,0,28,1,0.597688225508711,0.597676584808455,"M0.1",28,"U1.981;U2.981;U3.981;U4.981;U5.981;U6.981;U7.981;U8.981;U9.981;U10.981;U11.981;U12.981;U13.981;U14.981;U15.981;U16.981;U17.981;U18.981;U19.981;U20.981;U21.981;U22.981;U23.981;U24.981;U25.981;U26.981;U27.981;U28.981",-0.759,0.202,2.17583300089973,-1.318,0.14,1.63009118980065,0.066,"none",TRUE,0.0378708839416504,NA
982,"model1",150,"small",14,0.07,0.464815551042557,0.293992006545886,1,1,1,0,22,3,0.525440051844745,0.425916205225417,"M1.1",22,"U1.982;U2.982;U3.982;U4.982;U5.982;U6.982;U7.982;U8.982;U9.982;U10.982;U11.982;U12.982;U13.982;U14.982;U15.982;U16.982;U17.982;U18.982;U19.982;U20.982;U21.982;U22.982",1.886,0.51,0.108506019251814,0.53,0.742,0.433680088668733,0.313,"none",TRUE,0.0358459949493408,NA
983,"model2",150,"small",14,0.48,0.224145435541868,0.239371332293376,1,1,1,0,29,1,0.500543411093248,0.579854349524491,"M2.1",29,"U1.983;U2.983;U3.983;U4.983;U5.983;U6.983;U7.983;U8.983;U9.983;U10.983;U11.983;U12.983;U13.983;U14.983;U15.983;U16.983;U17.983;U18.983;U19.983;U20.983;U21.983;U22.983;U23.983;U24.983;U25.983;U26.983;U27.983;U28.983;U29.983",-7.399,0.264,0.0277924742951826,-0.135,0.868,1.24844660581978,0.017,"none",TRUE,0.042971134185791,NA
984,"model3",150,"small",14,0.5,0.380980651360005,0.274986120639369,1,1,1,0,11,1,0.310780222550249,0.32973439987117,"M3",11,"U1.984;U2.984;U3.984;U4.984;U5.984;U6.984;U7.984;U8.984;U9.984;U10.984;U11.984",2.94,0,2.40478293380193,0.34,0.121,18.7892026552735,-0.063,"none",TRUE,0.0444478988647461,NA
985,"model4",150,"small",14,0.06,0.153224012069404,0.243419171404093,1,1,1,0,36,2,0.631723373580464,0.743528525638658,"M4",36,"U1.985;U2.985;U3.985;U4.985;U5.985;U6.985;U7.985;U8.985;U9.985;U10.985;U11.985;U12.985;U13.985;U14.985;U15.985;U16.985;U17.985;U18.985;U19.985;U20.985;U21.985;U22.985;U23.985;U24.985;U25.985;U26.985;U27.985;U28.985;U29.985;U30.985;U31.985;U32.985;U33.985;U34.985;U35.985;U36.985",9.077,0.433,0.0102062518249576,0.11,0.92,0.613991344799795,0.354,"none",TRUE,0.0322229862213135,NA
986,"model0",300,"small",14,0.14,0.466300535667688,0.179458582261577,1,1,1,0,28,1,0.474207795140553,0.565674399574109,"M0.1",28,"U1.986;U2.986;U3.986;U4.986;U5.986;U6.986;U7.986;U8.986;U9.986;U10.986;U11.986;U12.986;U13.986;U14.986;U15.986;U16.986;U17.986;U18.986;U19.986;U20.986;U21.986;U22.986;U23.986;U24.986;U25.986;U26.986;U27.986;U28.986",-0.243,0.425,11.7908921129224,-4.111,0.001,0.636233487828184,-0.079,"none",FALSE,0.0323770046234131,NA
987,"model1",300,"small",14,0.13,0.259944628924131,0.216543109994382,1,1,1,0,11,1,0.327513546073092,0.273306259062194,"M1.1",11,"U1.987;U2.987;U3.987;U4.987;U5.987;U6.987;U7.987;U8.987;U9.987;U10.987;U11.987",0.43,0.386,3.94516797016444,2.328,0.047,0.752065664009704,0.11,"none",TRUE,0.0307021141052246,NA
988,"model2",300,"small",14,0.14,0.193452995736152,0.273369142413139,1,1,1,0,35,1,0.506486263161373,0.606396480471872,"M2.1",35,"U1.988;U2.988;U3.988;U4.988;U5.988;U6.988;U7.988;U8.988;U9.988;U10.988;U11.988;U12.988;U13.988;U14.988;U15.988;U16.988;U17.988;U18.988;U19.988;U20.988;U21.988;U22.988;U23.988;U24.988;U25.988;U26.988;U27.988;U28.988;U29.988;U30.988;U31.988;U32.988;U33.988;U34.988;U35.988",-16.7,0.174,0.00789581484389439,-0.06,0.929,1.84417607507336,0.302,"none",TRUE,0.0254650115966797,NA
989,"model3",300,"small",14,0.15,0.166888751275837,0.240258732251823,1,1,1,0,45,1,0.730531901850298,0.660833991490665,"M3",45,"U1.989;U2.989;U3.989;U4.989;U5.989;U6.989;U7.989;U8.989;U9.989;U10.989;U11.989;U12.989;U13.989;U14.989;U15.989;U16.989;U17.989;U18.989;U19.989;U20.989;U21.989;U22.989;U23.989;U24.989;U25.989;U26.989;U27.989;U28.989;U29.989;U30.989;U31.989;U32.989;U33.989;U34.989;U35.989;U36.989;U37.989;U38.989;U39.989;U40.989;U41.989;U42.989;U43.989;U44.989;U45.989",0.761,0.18,2.69354940471784,1.313,0.101,1.7997318257646,-0.075,"none",TRUE,0.0382671356201172,NA
990,"model4",300,"small",14,0.28,0.38981489315629,0.137807725649327,1,1,1,0,39,1,0.612559248769989,0.578472068027236,"M4",39,"U1.990;U2.990;U3.990;U4.990;U5.990;U6.990;U7.990;U8.990;U9.990;U10.990;U11.990;U12.990;U13.990;U14.990;U15.990;U16.990;U17.990;U18.990;U19.990;U20.990;U21.990;U22.990;U23.990;U24.990;U25.990;U26.990;U27.990;U28.990;U29.990;U30.990;U31.990;U32.990;U33.990;U34.990;U35.990;U36.990;U37.990;U38.990;U39.990",3.342,0,1.69770335132303,0.299,0.193,17.7504145428695,0.193,"none",TRUE,0.0169291496276855,NA
991,"model0",670,"small",14,0.08,0.399183822050691,0.12104085390456,1,1,1,3,19,1,0.400630928369484,0.444329480795263,"M0.1",19,"U1.991;U2.991;U3.991;U4.991;U5.991;U6.991;U7.991;U8.991;U9.991;U10.991;U11.991;U12.991;U13.991;U14.991;U15.991;U16.991;U17.991;U18.991;U19.991",0.258,0.472,8.50553093144983,3.871,0.004,0.51686440633824,-0.025,"none",TRUE,0.0454270839691162,NA
992,"model1",670,"small",14,0.46,0.243637390527874,0.124096640991047,1,1,1,3,9,1,0.232111693025013,0.197521326967512,"M1.1",9,"U1.992;U2.992;U3.992;U4.992;U5.992;U6.992;U7.992;U8.992;U9.992",0.27,0.295,15.5406066213958,3.704,0,1.09755685894184,0.041,"none",FALSE,0.0432651042938232,NA
993,"model2",670,"small",14,0.1,0.289764129836112,0.141955295950174,1,1,1,3,39,1,0.506939632288341,0.613372813303206,"M2.1",39,"U1.993;U2.993;U3.993;U4.993;U5.993;U6.993;U7.993;U8.993;U9.993;U10.993;U11.993;U12.993;U13.993;U14.993;U15.993;U16.993;U17.993;U18.993;U19.993;U20.993;U21.993;U22.993;U23.993;U24.993;U25.993;U26.993;U27.993;U28.993;U29.993;U30.993;U31.993;U32.993;U33.993;U34.993;U35.993;U36.993;U37.993;U38.993;U39.993",-0.61,0.042,13.2147251673867,-1.64,0,4.13501750750238,-0.017,"T1->T2",FALSE,0.0446088314056396,NA
994,"model3",670,"small",14,0.3,0.279262297973037,0.286065030284226,1,1,1,3,9,1,0.289158897529031,0.243026896327151,"M3",9,"U1.994;U2.994;U3.994;U4.994;U5.994;U6.994;U7.994;U8.994;U9.994",1.496,0,16.2010162351696,0.669,0,34.8366523922146,0.072,"T1->T2",FALSE,0.0566051006317139,NA
995,"model4",670,"small",14,0.18,0.113056897744536,0.159118600934744,1,1,1,3,42,1,0.61421893390238,0.614698107601611,"M4",42,"U1.995;U2.995;U3.995;U4.995;U5.995;U6.995;U7.995;U8.995;U9.995;U10.995;U11.995;U12.995;U13.995;U14.995;U15.995;U16.995;U17.995;U18.995;U19.995;U20.995;U21.995;U22.995;U23.995;U24.995;U25.995;U26.995;U27.995;U28.995;U29.995;U30.995;U31.995;U32.995;U33.995;U34.995;U35.995;U36.995;U37.995;U38.995;U39.995;U40.995;U41.995;U42.995",1.687,0.004,2.94508419890439,0.593,0.086,8.35465388726674,0.159,"none",TRUE,0.0400209426879883,NA
996,"model0",1000,"small",14,0.33,0.201043904107064,0.187392318667844,1,1,1,0,30,1,0.512343028221922,0.525417741178867,"M0.1",30,"U1.996;U2.996;U3.996;U4.996;U5.996;U6.996;U7.996;U8.996;U9.996;U10.996;U11.996;U12.996;U13.996;U14.996;U15.996;U16.996;U17.996;U18.996;U19.996;U20.996;U21.996;U22.996;U23.996;U24.996;U25.996;U26.996;U27.996;U28.996;U29.996;U30.996",-0.951,0.046,4.83037472158471,-1.051,0.028,3.96833305393542,0.175,"none",TRUE,0.0521461963653564,NA
997,"model1",1000,"small",14,0.03,0.463371766172349,0.10019581685774,1,1,1,0,25,2,0.449387972453904,0.538775363233314,"M1.1",25,"U1.997;U2.997;U3.997;U4.997;U5.997;U6.997;U7.997;U8.997;U9.997;U10.997;U11.997;U12.997;U13.997;U14.997;U15.997;U16.997;U17.997;U18.997;U19.997;U20.997;U21.997;U22.997;U23.997;U24.997;U25.997",-0.183,0.778,2.86543808876521,-5.478,0.091,0.0797432708513601,0.139,"none",TRUE,0.0527858734130859,NA
998,"model2",1000,"small",14,0.45,0.317886971123517,0.25941539555788,1,1,1,0,12,1,0.289934445088319,0.202832879233781,"M2.1",12,"U1.998;U2.998;U3.998;U4.998;U5.998;U6.998;U7.998;U8.998;U9.998;U10.998;U11.998;U12.998",0.033,0.84,29.2190159779647,30.314,0,0.0405279329311633,0.307,"none",FALSE,0.0502910614013672,NA
999,"model3",1000,"small",14,0.29,0.17659117616713,0.243727592891082,1,1,1,0,41,1,0.528635015435757,0.593495827217423,"M3",41,"U1.999;U2.999;U3.999;U4.999;U5.999;U6.999;U7.999;U8.999;U9.999;U10.999;U11.999;U12.999;U13.999;U14.999;U15.999;U16.999;U17.999;U18.999;U19.999;U20.999;U21.999;U22.999;U23.999;U24.999;U25.999;U26.999;U27.999;U28.999;U29.999;U30.999;U31.999;U32.999;U33.999;U34.999;U35.999;U36.999;U37.999;U38.999;U39.999;U40.999;U41.999",0.494,0.142,11.5935138169226,2.023,0.001,2.15135134553,0.185,"none",FALSE,0.0654118061065674,NA
1000,"model4",1000,"small",14,0.47,0.38479914451018,0.206155150337145,1,1,1,0,20,1,0.401281227084545,0.409603840687352,"M4",20,"U1.1000;U2.1000;U3.1000;U4.1000;U5.1000;U6.1000;U7.1000;U8.1000;U9.1000;U10.1000;U11.1000;U12.1000;U13.1000;U14.1000;U15.1000;U16.1000;U17.1000;U18.1000;U19.1000;U20.1000",1.685,0,40.4852733502614,0.593,0,103.8238497323,0.239,"T1->T2",FALSE,0.0460131168365479,NA
1001,"model0",50,"medium",14,0.08,0.695687154307961,0.443797314446419,1,1,1,0,44,1,0.97547868958796,0.934009686551351,"M0.1",44,"U1.1001;U2.1001;U3.1001;U4.1001;U5.1001;U6.1001;U7.1001;U8.1001;U9.1001;U10.1001;U11.1001;U12.1001;U13.1001;U14.1001;U15.1001;U16.1001;U17.1001;U18.1001;U19.1001;U20.1001;U21.1001;U22.1001;U23.1001;U24.1001;U25.1001;U26.1001;U27.1001;U28.1001;U29.1001;U30.1001;U31.1001;U32.1001;U33.1001;U34.1001;U35.1001;U36.1001;U37.1001;U38.1001;U39.1001;U40.1001;U41.1001;U42.1001;U43.1001;U44.1001",0.292,0.405,6.04362493387935,3.425,0.014,0.692467328025083,0.167,"none",TRUE,0.0287721157073975,NA
1002,"model1",50,"medium",14,0.46,0.800437535857782,0.422465434856713,1,1,1,0,37,1,0.914664594236114,0.805623298800928,"M1.1",37,"U1.1002;U2.1002;U3.1002;U4.1002;U5.1002;U6.1002;U7.1002;U8.1002;U9.1002;U10.1002;U11.1002;U12.1002;U13.1002;U14.1002;U15.1002;U16.1002;U17.1002;U18.1002;U19.1002;U20.1002;U21.1002;U22.1002;U23.1002;U24.1002;U25.1002;U26.1002;U27.1002;U28.1002;U29.1002;U30.1002;U31.1002;U32.1002;U33.1002;U34.1002;U35.1002;U36.1002;U37.1002",0.452,0.104,15.2062445333522,2.212,0,2.64975467498735,0.501,"none",FALSE,0.0706021785736084,NA
1003,"model2",50,"medium",14,0.15,0.958504784153774,0.460796406771988,1,1,1,0,18,2,0.532325587741368,0.647358786804608,"M2.1",18,"U1.1003;U2.1003;U3.1003;U4.1003;U5.1003;U6.1003;U7.1003;U8.1003;U9.1003;U10.1003;U11.1003;U12.1003;U13.1003;U14.1003;U15.1003;U16.1003;U17.1003;U18.1003",-0.301,0.425,6.43484081229722,-3.319,0.011,0.637448707592345,0.215,"none",TRUE,0.0340361595153809,NA
1004,"model3",50,"medium",14,0.48,0.990042575751431,0.377010406646878,1,1,1,0,33,1,0.805700458990189,0.824665314536223,"M3",33,"U1.1004;U2.1004;U3.1004;U4.1004;U5.1004;U6.1004;U7.1004;U8.1004;U9.1004;U10.1004;U11.1004;U12.1004;U13.1004;U14.1004;U15.1004;U16.1004;U17.1004;U18.1004;U19.1004;U20.1004;U21.1004;U22.1004;U23.1004;U24.1004;U25.1004;U26.1004;U27.1004;U28.1004;U29.1004;U30.1004;U31.1004;U32.1004;U33.1004",0.681,0.021,9.90340358428873,1.467,0.002,5.32570495118813,-0.008,"none",TRUE,0.0312690734863281,NA
1005,"model4",50,"medium",14,0.35,0.720534079591744,0.333197825914249,1,1,1,0,35,1,0.882280680849482,0.950045458120893,"M4",35,"U1.1005;U2.1005;U3.1005;U4.1005;U5.1005;U6.1005;U7.1005;U8.1005;U9.1005;U10.1005;U11.1005;U12.1005;U13.1005;U14.1005;U15.1005;U16.1005;U17.1005;U18.1005;U19.1005;U20.1005;U21.1005;U22.1005;U23.1005;U24.1005;U25.1005;U26.1005;U27.1005;U28.1005;U29.1005;U30.1005;U31.1005;U32.1005;U33.1005;U34.1005;U35.1005",0.659,0.02,17.1347761133534,1.518,0,5.44372455115512,0.267,"T1->T2",FALSE,0.0325009822845459,NA
1006,"model0",150,"medium",14,0.26,0.592334644752555,0.368385420134291,1,1,1,0,48,1,0.736079479259417,0.78380390007269,"M0.1",48,"U1.1006;U2.1006;U3.1006;U4.1006;U5.1006;U6.1006;U7.1006;U8.1006;U9.1006;U10.1006;U11.1006;U12.1006;U13.1006;U14.1006;U15.1006;U16.1006;U17.1006;U18.1006;U19.1006;U20.1006;U21.1006;U22.1006;U23.1006;U24.1006;U25.1006;U26.1006;U27.1006;U28.1006;U29.1006;U30.1006;U31.1006;U32.1006;U33.1006;U34.1006;U35.1006;U36.1006;U37.1006;U38.1006;U39.1006;U40.1006;U41.1006;U42.1006;U43.1006;U44.1006;U45.1006;U46.1006;U47.1006;U48.1006",-0.245,0.366,16.1932668490014,-4.089,0,0.816880544407789,-0.065,"none",FALSE,0.0322530269622803,NA
1007,"model1",150,"medium",14,0.42,0.848800526931882,0.457619562605396,1,1,1,0,19,1,0.487974917167184,0.511989644187282,"M1.1",19,"U1.1007;U2.1007;U3.1007;U4.1007;U5.1007;U6.1007;U7.1007;U8.1007;U9.1007;U10.1007;U11.1007;U12.1007;U13.1007;U14.1007;U15.1007;U16.1007;U17.1007;U18.1007;U19.1007",0.485,0.037,22.5128627557469,2.06,0,4.34507473345905,0.535,"T1->T2",FALSE,0.0340609550476074,NA
1008,"model2",150,"medium",14,0.06,0.968797940062359,0.368541227700189,1,1,1,0,7,2,0.170217036688143,0.353782751448666,"M2.1",7,"U1.1008;U2.1008;U3.1008;U4.1008;U5.1008;U6.1008;U7.1008",-0.124,0.508,27.8396783615821,-8.096,0,0.438550259720771,0.355,"none",FALSE,0.0331771373748779,NA
1009,"model3",150,"medium",14,0.44,0.827177677536383,0.385022611869499,1,1,1,0,2,1,0.0163492695160258,0.015321198317248,"M3",2,"U1.1009;U2.1009",1.288,0,41.894085243655,0.776,0,101.928151097885,0.29,"T1->T2",FALSE,0.035193920135498,NA
1010,"model4",150,"medium",14,0.5,0.73252347484231,0.333120400551707,1,1,1,0,6,1,0.243927918300058,0.301347052612511,"M4",6,"U1.1010;U2.1010;U3.1010;U4.1010;U5.1010;U6.1010",1.851,0,20.5342517690503,0.54,0,52.9807949792567,0.538,"T1->T2",FALSE,0.0357961654663086,NA
1011,"model0",300,"medium",14,0.31,0.856233898433857,0.421495268493891,1,1,1,0,40,1,0.59550609378935,0.599411027796403,"M0.1",40,"U1.1011;U2.1011;U3.1011;U4.1011;U5.1011;U6.1011;U7.1011;U8.1011;U9.1011;U10.1011;U11.1011;U12.1011;U13.1011;U14.1011;U15.1011;U16.1011;U17.1011;U18.1011;U19.1011;U20.1011;U21.1011;U22.1011;U23.1011;U24.1011;U25.1011;U26.1011;U27.1011;U28.1011;U29.1011;U30.1011;U31.1011;U32.1011;U33.1011;U34.1011;U35.1011;U36.1011;U37.1011;U38.1011;U39.1011;U40.1011",-0.02,0.903,33.8272469554196,-50.413,0,0.0147451955040266,-0.125,"none",FALSE,0.018420934677124,NA
1012,"model1",300,"medium",14,0.09,0.614717671531253,0.320349106565118,1,1,1,0,49,1,0.690764513684658,0.722500595326427,"M1.1",49,"U1.1012;U2.1012;U3.1012;U4.1012;U5.1012;U6.1012;U7.1012;U8.1012;U9.1012;U10.1012;U11.1012;U12.1012;U13.1012;U14.1012;U15.1012;U16.1012;U17.1012;U18.1012;U19.1012;U20.1012;U21.1012;U22.1012;U23.1012;U24.1012;U25.1012;U26.1012;U27.1012;U28.1012;U29.1012;U30.1012;U31.1012;U32.1012;U33.1012;U34.1012;U35.1012;U36.1012;U37.1012;U38.1012;U39.1012;U40.1012;U41.1012;U42.1012;U43.1012;U44.1012;U45.1012;U46.1012;U47.1012;U48.1012;U49.1012",-0.131,0.82,3.63381307466618,-7.615,0.057,0.0516280298310628,0.409,"none",TRUE,0.0298631191253662,NA
1013,"model2",300,"medium",14,0.19,0.810820454382338,0.368302264250815,1,1,1,0,36,1,0.473743354964718,0.630994194236702,"M2.1",36,"U1.1013;U2.1013;U3.1013;U4.1013;U5.1013;U6.1013;U7.1013;U8.1013;U9.1013;U10.1013;U11.1013;U12.1013;U13.1013;U14.1013;U15.1013;U16.1013;U17.1013;U18.1013;U19.1013;U20.1013;U21.1013;U22.1013;U23.1013;U24.1013;U25.1013;U26.1013;U27.1013;U28.1013;U29.1013;U30.1013;U31.1013;U32.1013;U33.1013;U34.1013;U35.1013;U36.1013",-0.152,0.538,18.4916637627541,-6.571,0,0.378833212119197,0.296,"none",FALSE,0.0298519134521484,NA
1014,"model3",300,"medium",14,0.18,0.663155059330165,0.475473584979773,1,1,1,0,34,1,0.594239728752633,0.547995460312009,"M3",34,"U1.1014;U2.1014;U3.1014;U4.1014;U5.1014;U6.1014;U7.1014;U8.1014;U9.1014;U10.1014;U11.1014;U12.1014;U13.1014;U14.1014;U15.1014;U16.1014;U17.1014;U18.1014;U19.1014;U20.1014;U21.1014;U22.1014;U23.1014;U24.1014;U25.1014;U26.1014;U27.1014;U28.1014;U29.1014;U30.1014;U31.1014;U32.1014;U33.1014;U34.1014",0.54,0.014,23.2965297491309,1.853,0,6.09273177763827,0.11,"T1->T2",FALSE,0.0288858413696289,NA
1015,"model4",300,"medium",14,0.1,0.990425561321899,0.496123314835131,1,1,1,0,36,1,0.579781661081139,0.526683739826318,"M4",36,"U1.1015;U2.1015;U3.1015;U4.1015;U5.1015;U6.1015;U7.1015;U8.1015;U9.1015;U10.1015;U11.1015;U12.1015;U13.1015;U14.1015;U15.1015;U16.1015;U17.1015;U18.1015;U19.1015;U20.1015;U21.1015;U22.1015;U23.1015;U24.1015;U25.1015;U26.1015;U27.1015;U28.1015;U29.1015;U30.1015;U31.1015;U32.1015;U33.1015;U34.1015;U35.1015;U36.1015",1.423,0,13.0863273071873,0.703,0,19.1988915856748,0.529,"T1->T2",FALSE,0.0287330150604248,NA
1016,"model0",670,"medium",14,0.14,0.546777452225797,0.498829722497612,1,1,1,3,37,1,0.59364015802833,0.552345777962116,"M0.1",37,"U1.1016;U2.1016;U3.1016;U4.1016;U5.1016;U6.1016;U7.1016;U8.1016;U9.1016;U10.1016;U11.1016;U12.1016;U13.1016;U14.1016;U15.1016;U16.1016;U17.1016;U18.1016;U19.1016;U20.1016;U21.1016;U22.1016;U23.1016;U24.1016;U25.1016;U26.1016;U27.1016;U28.1016;U29.1016;U30.1016;U31.1016;U32.1016;U33.1016;U34.1016;U35.1016;U36.1016;U37.1016",-0.193,0.602,5.9508313046022,-5.168,0.015,0.272004680885403,-0.131,"none",TRUE,0.0414371490478516,NA
1017,"model1",670,"medium",14,0.12,0.557409787666984,0.390664874343202,1,1,1,3,40,1,0.611720478378237,0.551809896237535,"M1.1",40,"U1.1017;U2.1017;U3.1017;U4.1017;U5.1017;U6.1017;U7.1017;U8.1017;U9.1017;U10.1017;U11.1017;U12.1017;U13.1017;U14.1017;U15.1017;U16.1017;U17.1017;U18.1017;U19.1017;U20.1017;U21.1017;U22.1017;U23.1017;U24.1017;U25.1017;U26.1017;U27.1017;U28.1017;U29.1017;U30.1017;U31.1017;U32.1017;U33.1017;U34.1017;U35.1017;U36.1017;U37.1017;U38.1017;U39.1017;U40.1017",0.548,0.05,13.6546917936659,1.825,0,3.84537714180493,0.281,"none",FALSE,0.0424368381500244,NA
1018,"model2",670,"medium",14,0.4,0.79834564588964,0.405535239866003,1,1,1,3,48,1,0.61448889875074,0.642116456752868,"M2.1",48,"U1.1018;U2.1018;U3.1018;U4.1018;U5.1018;U6.1018;U7.1018;U8.1018;U9.1018;U10.1018;U11.1018;U12.1018;U13.1018;U14.1018;U15.1018;U16.1018;U17.1018;U18.1018;U19.1018;U20.1018;U21.1018;U22.1018;U23.1018;U24.1018;U25.1018;U26.1018;U27.1018;U28.1018;U29.1018;U30.1018;U31.1018;U32.1018;U33.1018;U34.1018;U35.1018;U36.1018;U37.1018;U38.1018;U39.1018;U40.1018;U41.1018;U42.1018;U43.1018;U44.1018;U45.1018;U46.1018;U47.1018;U48.1018",0.009,0.947,37.5796948139892,108.049,0,0.00437087904059936,0.445,"none",FALSE,0.0418648719787598,NA
1019,"model3",670,"medium",14,0.31,0.939491248806007,0.41960220951587,1,1,1,3,35,1,0.542620048374701,0.525849961714656,"M3",35,"U1.1019;U2.1019;U3.1019;U4.1019;U5.1019;U6.1019;U7.1019;U8.1019;U9.1019;U10.1019;U11.1019;U12.1019;U13.1019;U14.1019;U15.1019;U16.1019;U17.1019;U18.1019;U19.1019;U20.1019;U21.1019;U22.1019;U23.1019;U24.1019;U25.1019;U26.1019;U27.1019;U28.1019;U29.1019;U30.1019;U31.1019;U32.1019;U33.1019;U34.1019;U35.1019",1.034,0,86.4129888064846,0.967,0,106.947045089159,0.044,"T1->T2",FALSE,0.0448298454284668,NA
1020,"model4",670,"medium",14,0.29,0.858876459882595,0.428127597458661,1,1,1,3,15,1,0.293638492788574,0.118724477919906,"M4",15,"U1.1020;U2.1020;U3.1020;U4.1020;U5.1020;U6.1020;U7.1020;U8.1020;U9.1020;U10.1020;U11.1020;U12.1020;U13.1020;U14.1020;U15.1020",1.506,0,115.51273159389,0.664,0,247.110894124301,0.504,"T1->T2",FALSE,0.0428709983825684,NA
1021,"model0",1000,"medium",14,0.5,0.907587832654826,0.392578865587711,1,1,1,0,20,1,0.385710717335251,0.444662540573412,"M0.1",20,"U1.1021;U2.1021;U3.1021;U4.1021;U5.1021;U6.1021;U7.1021;U8.1021;U9.1021;U10.1021;U11.1021;U12.1021;U13.1021;U14.1021;U15.1021;U16.1021;U17.1021;U18.1021;U19.1021;U20.1021",0.036,0.589,219.059466608859,27.634,0,0.292592639021597,0.126,"none",FALSE,0.0514609813690186,NA
1022,"model1",1000,"medium",14,0.47,0.524177984218113,0.317804134637117,1,1,1,0,29,1,0.405256400788654,0.529629143361948,"M1.1",29,"U1.1022;U2.1022;U3.1022;U4.1022;U5.1022;U6.1022;U7.1022;U8.1022;U9.1022;U10.1022;U11.1022;U12.1022;U13.1022;U14.1022;U15.1022;U16.1022;U17.1022;U18.1022;U19.1022;U20.1022;U21.1022;U22.1022;U23.1022;U24.1022;U25.1022;U26.1022;U27.1022;U28.1022;U29.1022",0.291,0.037,66.7772119165698,3.437,0,4.33602701579202,0.207,"T1->T2",FALSE,0.0678749084472656,NA
1023,"model2",1000,"medium",14,0.07,0.532586460118182,0.327662317641079,1,1,1,0,38,1,0.569613079350004,0.616806672994685,"M2.1",38,"U1.1023;U2.1023;U3.1023;U4.1023;U5.1023;U6.1023;U7.1023;U8.1023;U9.1023;U10.1023;U11.1023;U12.1023;U13.1023;U14.1023;U15.1023;U16.1023;U17.1023;U18.1023;U19.1023;U20.1023;U21.1023;U22.1023;U23.1023;U24.1023;U25.1023;U26.1023;U27.1023;U28.1023;U29.1023;U30.1023;U31.1023;U32.1023;U33.1023;U34.1023;U35.1023;U36.1023;U37.1023;U38.1023",0.042,0.853,18.6469917281607,23.952,0,0.034132016497492,0.198,"none",FALSE,0.0534889698028564,NA
1024,"model3",1000,"medium",14,0.49,0.96347488288302,0.481283029355109,1,1,1,0,19,1,0.275028155076969,0.350120817182638,"M3",19,"U1.1024;U2.1024;U3.1024;U4.1024;U5.1024;U6.1024;U7.1024;U8.1024;U9.1024;U10.1024;U11.1024;U12.1024;U13.1024;U14.1024;U15.1024;U16.1024;U17.1024;U18.1024;U19.1024",0.984,0,287.742055310222,1.016,0,244.164142777783,0.079,"T1->T2",FALSE,0.050166130065918,NA
1025,"model4",1000,"medium",14,0.08,0.94851220655255,0.483141788654029,1,1,1,0,26,1,0.400519313583882,0.416260011301986,"M4",26,"U1.1025;U2.1025;U3.1025;U4.1025;U5.1025;U6.1025;U7.1025;U8.1025;U9.1025;U10.1025;U11.1025;U12.1025;U13.1025;U14.1025;U15.1025;U16.1025;U17.1025;U18.1025;U19.1025;U20.1025;U21.1025;U22.1025;U23.1025;U24.1025;U25.1025;U26.1025",1.103,0,74.0273860605917,0.907,0,63.9619362064769,0.459,"T1->T2",FALSE,0.0602140426635742,NA
1026,"model0",50,"large",14,0.41,1.46706384140998,0.90417102293577,1,1,1,0,3,1,0.057555408123939,0.358710673209918,"M0.1",3,"U1.1026;U2.1026;U3.1026",-0.173,0.159,52.6742791076565,-5.785,0,1.9837930420562,-0.185,"none",FALSE,0.0313048362731934,NA
1027,"model1",50,"large",14,0.34,1.34902420581784,0.995494342176244,1,1,1,0,3,1,0.104640991591136,0.102891206237843,"M1.1",3,"U1.1027;U2.1027;U3.1027",1.186,0,31.8272716757585,0.843,0,23.1505358413493,0.779,"T1->T2",FALSE,0.0188760757446289,NA
1028,"model2",50,"large",14,0.5,1.15712706395425,0.677090047160164,1,1,1,0,12,1,0.316853119562179,0.250377907800914,"M2.1",12,"U1.1028;U2.1028;U3.1028;U4.1028;U5.1028;U6.1028;U7.1028;U8.1028;U9.1028;U10.1028;U11.1028;U12.1028",0.002,0.985,40.5016867269319,410.026,0,0.00033073298610758,0.37,"none",FALSE,0.0158951282501221,NA
1029,"model3",50,"large",14,0.28,1.10987599112559,0.736329796840437,1,1,1,0,24,1,0.684280832133753,0.803897245255254,"M3",24,"U1.1029;U2.1029;U3.1029;U4.1029;U5.1029;U6.1029;U7.1029;U8.1029;U9.1029;U10.1029;U11.1029;U12.1029;U13.1029;U14.1029;U15.1029;U16.1029;U17.1029;U18.1029;U19.1029;U20.1029;U21.1029;U22.1029;U23.1029;U24.1029",0.44,0.14,14.333774655156,2.271,0,2.18290580408521,-0.126,"none",FALSE,0.0180659294128418,NA
1030,"model4",50,"large",14,0.15,1.41946323367301,0.530226552509703,1,1,1,0,33,1,0.863511924846887,0.727932766080683,"M4",33,"U1.1030;U2.1030;U3.1030;U4.1030;U5.1030;U6.1030;U7.1030;U8.1030;U9.1030;U10.1030;U11.1030;U12.1030;U13.1030;U14.1030;U15.1030;U16.1030;U17.1030;U18.1030;U19.1030;U20.1030;U21.1030;U22.1030;U23.1030;U24.1030;U25.1030;U26.1030;U27.1030;U28.1030;U29.1030;U30.1030;U31.1030;U32.1030;U33.1030",1.525,0,21.0086906533091,0.656,0,46.0924521044164,0.624,"T1->T2",FALSE,0.0336720943450928,NA
1031,"model0",150,"large",14,0.27,1.43753675965127,0.957621668465436,1,1,1,0,35,1,0.604896820087157,0.706125153942298,"M0.1",35,"U1.1031;U2.1031;U3.1031;U4.1031;U5.1031;U6.1031;U7.1031;U8.1031;U9.1031;U10.1031;U11.1031;U12.1031;U13.1031;U14.1031;U15.1031;U16.1031;U17.1031;U18.1031;U19.1031;U20.1031;U21.1031;U22.1031;U23.1031;U24.1031;U25.1031;U26.1031;U27.1031;U28.1031;U29.1031;U30.1031;U31.1031;U32.1031;U33.1031;U34.1031;U35.1031",-0.013,0.914,66.5060225213638,-78.039,0,0.0116926197959901,-0.105,"none",FALSE,0.0357179641723633,NA
1032,"model1",150,"large",14,0.37,1.13516876916401,0.871871797251515,1,1,1,0,30,1,0.442440023590662,0.625466432853773,"M1.1",30,"U1.1032;U2.1032;U3.1032;U4.1032;U5.1032;U6.1032;U7.1032;U8.1032;U9.1032;U10.1032;U11.1032;U12.1032;U13.1032;U14.1032;U15.1032;U16.1032;U17.1032;U18.1032;U19.1032;U20.1032;U21.1032;U22.1032;U23.1032;U24.1032;U25.1032;U26.1032;U27.1032;U28.1032;U29.1032;U30.1032",1.238,0,45.7429647235641,0.808,0,31.6801422453823,0.737,"T1->T2",FALSE,0.0343890190124512,NA
1033,"model2",150,"large",14,0.04,1.27584679587744,0.55248099763412,1,1,1,0,21,1,0.419841600384723,0.378776045326173,"M2.1",21,"U1.1033;U2.1033;U3.1033;U4.1033;U5.1033;U6.1033;U7.1033;U8.1033;U9.1033;U10.1033;U11.1033;U12.1033;U13.1033;U14.1033;U15.1033;U16.1033;U17.1033;U18.1033;U19.1033;U20.1033;U21.1033",-0.033,0.913,9.10141204692691,-30.297,0.003,0.0118852577895531,0.372,"none",TRUE,0.0374119281768799,NA
1034,"model3",150,"large",14,0.5,1.19481025205459,0.897044074488804,1,1,1,0,27,1,0.376555268120451,0.499124438980584,"M3",27,"U1.1034;U2.1034;U3.1034;U4.1034;U5.1034;U6.1034;U7.1034;U8.1034;U9.1034;U10.1034;U11.1034;U12.1034;U13.1034;U14.1034;U15.1034;U16.1034;U17.1034;U18.1034;U19.1034;U20.1034;U21.1034;U22.1034;U23.1034;U24.1034;U25.1034;U26.1034;U27.1034",1.196,0,48.22656614384,0.836,0,54.7629058203687,0.131,"T1->T2",FALSE,0.035250186920166,NA
1035,"model4",150,"large",14,0.44,1.43135151767638,0.973141251946799,1,1,1,0,3,1,0.130242919128147,0.108811909625105,"M4",3,"U1.1035;U2.1035;U3.1035",2.111,0,105.410884064318,0.474,0,218.501237796402,0.899,"T1->T2",FALSE,0.038506031036377,NA
1036,"model0",300,"large",14,0.43,1.32116229075473,0.720666912035085,1,1,1,0,37,1,0.477069713927143,0.605990667983304,"M0.1",37,"U1.1036;U2.1036;U3.1036;U4.1036;U5.1036;U6.1036;U7.1036;U8.1036;U9.1036;U10.1036;U11.1036;U12.1036;U13.1036;U14.1036;U15.1036;U16.1036;U17.1036;U18.1036;U19.1036;U20.1036;U21.1036;U22.1036;U23.1036;U24.1036;U25.1036;U26.1036;U27.1036;U28.1036;U29.1036;U30.1036;U31.1036;U32.1036;U33.1036;U34.1036;U35.1036;U36.1036;U37.1036",0.123,0.369,62.5394643171695,8.162,0,0.808378587487497,-0.151,"none",FALSE,0.0272598266601562,NA
1037,"model1",300,"large",14,0.47,1.26524848991539,0.548797170980833,1,1,1,0,10,1,0.178511651501038,0.287117337648303,"M1.1",10,"U1.1037;U2.1037;U3.1037;U4.1037;U5.1037;U6.1037;U7.1037;U8.1037;U9.1037;U10.1037",0.618,0,217.040634228268,1.619,0,46.5467366554542,0.638,"T1->T2",FALSE,0.0170390605926514,NA
1038,"model2",300,"large",14,0.17,1.02234337944537,0.892570724594407,1,1,1,0,45,1,0.554107901657105,0.70909013853243,"M2.1",45,"U1.1038;U2.1038;U3.1038;U4.1038;U5.1038;U6.1038;U7.1038;U8.1038;U9.1038;U10.1038;U11.1038;U12.1038;U13.1038;U14.1038;U15.1038;U16.1038;U17.1038;U18.1038;U19.1038;U20.1038;U21.1038;U22.1038;U23.1038;U24.1038;U25.1038;U26.1038;U27.1038;U28.1038;U29.1038;U30.1038;U31.1038;U32.1038;U33.1038;U34.1038;U35.1038;U36.1038;U37.1038;U38.1038;U39.1038;U40.1038;U41.1038;U42.1038;U43.1038;U44.1038;U45.1038",0.007,0.96,35.2097477296862,136.436,0,0.00245951639129904,0.529,"none",FALSE,0.0262079238891602,NA
1039,"model3",300,"large",14,0.27,1.01022374548484,0.577730151941068,1,1,1,0,16,1,0.258588151304607,0.331897020859168,"M3",16,"U1.1039;U2.1039;U3.1039;U4.1039;U5.1039;U6.1039;U7.1039;U8.1039;U9.1039;U10.1039;U11.1039;U12.1039;U13.1039;U14.1039;U15.1039;U16.1039",0.898,0,59.1664823979995,1.113,0,50.494579318515,0.093,"T1->T2",FALSE,0.0551989078521729,NA
1040,"model4",300,"large",14,0.1,1.11599980341271,0.730315639870241,1,1,1,0,5,1,0.170684156236843,0.152142765160087,"M4",5,"U1.1040;U2.1040;U3.1040;U4.1040;U5.1040",1.625,0,68.5229804810585,0.615,0,115.892382644672,0.69,"T1->T2",FALSE,0.0379700660705566,NA
1041,"model0",670,"large",14,0.2,1.1407578313956,0.726708322647028,1,1,1,3,6,1,0.144085748530723,0.188969895098181,"M0.1",6,"U1.1041;U2.1041;U3.1041;U4.1041;U5.1041;U6.1041",0.106,0.118,210.225424481146,9.422,0,2.44192840320559,-0.02,"none",FALSE,0.0410969257354736,NA
1042,"model1",670,"large",14,0.39,1.38774392521009,0.788479475770146,1,1,1,3,23,1,0.308134169572375,0.376177909341295,"M1.1",23,"U1.1042;U2.1042;U3.1042;U4.1042;U5.1042;U6.1042;U7.1042;U8.1042;U9.1042;U10.1042;U11.1042;U12.1042;U13.1042;U14.1042;U15.1042;U16.1042;U17.1042;U18.1042;U19.1042;U20.1042;U21.1042;U22.1042;U23.1042",0.805,0,270.854360100327,1.242,0,115.532414888593,0.718,"T1->T2",FALSE,0.040956974029541,NA
1043,"model2",670,"large",14,0.11,1.08275841583963,0.850376655696891,1,1,1,3,48,1,0.638922834846579,0.701550089365383,"M2.1",48,"U1.1043;U2.1043;U3.1043;U4.1043;U5.1043;U6.1043;U7.1043;U8.1043;U9.1043;U10.1043;U11.1043;U12.1043;U13.1043;U14.1043;U15.1043;U16.1043;U17.1043;U18.1043;U19.1043;U20.1043;U21.1043;U22.1043;U23.1043;U24.1043;U25.1043;U26.1043;U27.1043;U28.1043;U29.1043;U30.1043;U31.1043;U32.1043;U33.1043;U34.1043;U35.1043;U36.1043;U37.1043;U38.1043;U39.1043;U40.1043;U41.1043;U42.1043;U43.1043;U44.1043;U45.1043;U46.1043;U47.1043;U48.1043",-0.045,0.732,37.1906238122775,-22.442,0,0.117632464928289,0.64,"none",FALSE,0.0401270389556885,NA
1044,"model3",670,"large",14,0.15,1.00270222360268,0.626153631135821,1,1,1,3,50,1,0.611289554853031,0.657690564984311,"M3",50,"U1.1044;U2.1044;U3.1044;U4.1044;U5.1044;U6.1044;U7.1044;U8.1044;U9.1044;U10.1044;U11.1044;U12.1044;U13.1044;U14.1044;U15.1044;U16.1044;U17.1044;U18.1044;U19.1044;U20.1044;U21.1044;U22.1044;U23.1044;U24.1044;U25.1044;U26.1044;U27.1044;U28.1044;U29.1044;U30.1044;U31.1044;U32.1044;U33.1044;U34.1044;U35.1044;U36.1044;U37.1044;U38.1044;U39.1044;U40.1044;U41.1044;U42.1044;U43.1044;U44.1044;U45.1044;U46.1044;U47.1044;U48.1044;U49.1044;U50.1044",0.977,0,58.6749293471793,1.024,0,54.2337221549106,0.062,"T1->T2",FALSE,0.0416738986968994,NA
1045,"model4",670,"large",14,0.25,1.46587296645157,0.815591910271905,1,1,1,3,15,1,0.233342389975645,0.161187662587158,"M4",15,"U1.1045;U2.1045;U3.1045;U4.1045;U5.1045;U6.1045;U7.1045;U8.1045;U9.1045;U10.1045;U11.1045;U12.1045;U13.1045;U14.1045;U15.1045",1.9,0,317.666026844308,0.526,0,731.86012251388,0.803,"T1->T2",FALSE,0.0397109985351562,NA
1046,"model0",1000,"large",14,0.22,1.118907268974,0.697597770369612,1,1,1,0,28,1,0.415867172031427,0.443338713106659,"M0.1",28,"U1.1046;U2.1046;U3.1046;U4.1046;U5.1046;U6.1046;U7.1046;U8.1046;U9.1046;U10.1046;U11.1046;U12.1046;U13.1046;U14.1046;U15.1046;U16.1046;U17.1046;U18.1046;U19.1046;U20.1046;U21.1046;U22.1046;U23.1046;U24.1046;U25.1046;U26.1046;U27.1046;U28.1046",0.022,0.715,227.274430934332,45.142,0,0.133653543105927,0.031,"none",FALSE,0.0538408756256104,NA
1047,"model1",1000,"large",14,0.48,1.47337374510244,0.764787558815442,1,1,1,0,30,1,0.358824805480813,0.367493675634171,"M1.1",30,"U1.1047;U2.1047;U3.1047;U4.1047;U5.1047;U6.1047;U7.1047;U8.1047;U9.1047;U10.1047;U11.1047;U12.1047;U13.1047;U14.1047;U15.1047;U16.1047;U17.1047;U18.1047;U19.1047;U20.1047;U21.1047;U22.1047;U23.1047;U24.1047;U25.1047;U26.1047;U27.1047;U28.1047;U29.1047;U30.1047",0.769,0,530.41863151766,1.301,0,243.732003135469,0.618,"T1->T2",FALSE,0.0521819591522217,NA
1048,"model2",1000,"large",14,0.31,1.24372185452376,0.683188116410747,1,1,1,0,46,1,0.596199332166627,0.673117911885172,"M2.1",46,"U1.1048;U2.1048;U3.1048;U4.1048;U5.1048;U6.1048;U7.1048;U8.1048;U9.1048;U10.1048;U11.1048;U12.1048;U13.1048;U14.1048;U15.1048;U16.1048;U17.1048;U18.1048;U19.1048;U20.1048;U21.1048;U22.1048;U23.1048;U24.1048;U25.1048;U26.1048;U27.1048;U28.1048;U29.1048;U30.1048;U31.1048;U32.1048;U33.1048;U34.1048;U35.1048;U36.1048;U37.1048;U38.1048;U39.1048;U40.1048;U41.1048;U42.1048;U43.1048;U44.1048;U45.1048;U46.1048",-0.09,0.185,141.352269754902,-11.159,0,1.75467102939002,0.559,"none",FALSE,0.0586459636688232,NA
1049,"model3",1000,"large",14,0.38,1.19028985814657,0.807921070139855,1,1,1,0,19,1,0.250040809472012,0.285391487634732,"M3",19,"U1.1049;U2.1049;U3.1049;U4.1049;U5.1049;U6.1049;U7.1049;U8.1049;U9.1049;U10.1049;U11.1049;U12.1049;U13.1049;U14.1049;U15.1049;U16.1049;U17.1049;U18.1049;U19.1049",0.865,0,444.734708026923,1.156,0,311.124393735163,0.246,"T1->T2",FALSE,0.0559549331665039,NA
1050,"model4",1000,"large",14,0.24,1.01714722637553,0.670562811079435,1,1,1,0,32,1,0.427617916518696,0.464965289261727,"M4",32,"U1.1050;U2.1050;U3.1050;U4.1050;U5.1050;U6.1050;U7.1050;U8.1050;U9.1050;U10.1050;U11.1050;U12.1050;U13.1050;U14.1050;U15.1050;U16.1050;U17.1050;U18.1050;U19.1050;U20.1050;U21.1050;U22.1050;U23.1050;U24.1050;U25.1050;U26.1050;U27.1050;U28.1050;U29.1050;U30.1050;U31.1050;U32.1050",1.711,0,166.695502997598,0.585,0,292.33577886724,0.725,"T1->T2",FALSE,0.0639681816101074,NA
1051,"model0",50,"small",15,0.26,0.272482809145004,0.103469451097772,1,1,1,0,26,1,0.785347987259168,0.786757745670527,"M0.1",26,"U1.1051;U2.1051;U3.1051;U4.1051;U5.1051;U6.1051;U7.1051;U8.1051;U9.1051;U10.1051;U11.1051;U12.1051;U13.1051;U14.1051;U15.1051;U16.1051;U17.1051;U18.1051;U19.1051;U20.1051;U21.1051;U22.1051;U23.1051;U24.1051;U25.1051;U26.1051",-2.647,0.83,0.00649803527716919,-0.378,0.936,0.0462288531417573,0.218,"none",TRUE,0.02587890625,NA
1052,"model1",50,"small",15,0.08,0.355737720895559,0.243510803114623,1,1,1,0,1,4,0.136802416468638,1.17409190706014e-05,"M1.1",1,"U1.1052",1.047,0.025,4.1123843953005,0.955,0.043,5.00491816140153,0.194,"none",TRUE,0.0254371166229248,NA
1053,"model2",50,"small",15,0.23,0.314703374449164,0.18616134300828,1,1,1,0,42,1,0.977550850357073,0.88309789807876,"M2.1",42,"U1.1053;U2.1053;U3.1053;U4.1053;U5.1053;U6.1053;U7.1053;U8.1053;U9.1053;U10.1053;U11.1053;U12.1053;U13.1053;U14.1053;U15.1053;U16.1053;U17.1053;U18.1053;U19.1053;U20.1053;U21.1053;U22.1053;U23.1053;U24.1053;U25.1053;U26.1053;U27.1053;U28.1053;U29.1053;U30.1053;U31.1053;U32.1053;U33.1053;U34.1053;U35.1053;U36.1053;U37.1053;U38.1053;U39.1053;U40.1053;U41.1053;U42.1053",0.271,0.753,1.50168177511557,3.69,0.22,0.0992213518857731,0.175,"none",TRUE,0.0288739204406738,NA
1054,"model3",50,"small",15,0.08,0.200464678462595,0.123976684221998,1,1,1,0,13,8,0.620703607035914,0.33443367044339,"M3",13,"U1.1054;U2.1054;U3.1054;U4.1054;U5.1054;U6.1054;U7.1054;U8.1054;U9.1054;U10.1054;U11.1054;U12.1054;U13.1054",1.56,0.572,0.0746117427340234,0.641,0.785,0.319600380739985,0.062,"none",TRUE,0.0238170623779297,NA
1055,"model4",50,"small",15,0.38,0.458126576710492,0.10209671468474,1,1,1,0,14,1,0.666421494044607,0.641708395772611,"M4",14,"U1.1055;U2.1055;U3.1055;U4.1055;U5.1055;U6.1055;U7.1055;U8.1055;U9.1055;U10.1055;U11.1055;U12.1055;U13.1055;U14.1055",0.984,0,8.33700719418438,1.016,0.004,12.1967484482519,0.345,"none",TRUE,0.023935079574585,NA
1056,"model0",150,"small",15,0.15,0.210964215733111,0.247612108895555,1,1,1,0,39,1,0.675818322959599,0.707800053619008,"M0.1",39,"U1.1056;U2.1056;U3.1056;U4.1056;U5.1056;U6.1056;U7.1056;U8.1056;U9.1056;U10.1056;U11.1056;U12.1056;U13.1056;U14.1056;U15.1056;U16.1056;U17.1056;U18.1056;U19.1056;U20.1056;U21.1056;U22.1056;U23.1056;U24.1056;U25.1056;U26.1056;U27.1056;U28.1056;U29.1056;U30.1056;U31.1056;U32.1056;U33.1056;U34.1056;U35.1056;U36.1056;U37.1056;U38.1056;U39.1056",4.365,0.053,0.167536269550204,0.229,0.682,3.75528403918456,-0.077,"none",TRUE,0.0370500087738037,NA
1057,"model1",150,"small",15,0.16,0.131378569640219,0.291951330890879,1,1,1,0,46,1,0.739052497992394,0.69471360156134,"M1.1",46,"U1.1057;U2.1057;U3.1057;U4.1057;U5.1057;U6.1057;U7.1057;U8.1057;U9.1057;U10.1057;U11.1057;U12.1057;U13.1057;U14.1057;U15.1057;U16.1057;U17.1057;U18.1057;U19.1057;U20.1057;U21.1057;U22.1057;U23.1057;U24.1057;U25.1057;U26.1057;U27.1057;U28.1057;U29.1057;U30.1057;U31.1057;U32.1057;U33.1057;U34.1057;U35.1057;U36.1057;U37.1057;U38.1057;U39.1057;U40.1057;U41.1057;U42.1057;U43.1057;U44.1057;U45.1057;U46.1057",-40.288,0.634,0.000141016067315269,-0.025,0.991,0.22644297646765,0.256,"none",TRUE,0.0466289520263672,NA
1058,"model2",150,"small",15,0.1,0.393799604382366,0.291712322598323,1,1,1,0,22,1,0.406813860447138,0.58804197535759,"M2.1",22,"U1.1058;U2.1058;U3.1058;U4.1058;U5.1058;U6.1058;U7.1058;U8.1058;U9.1058;U10.1058;U11.1058;U12.1058;U13.1058;U14.1058;U15.1058;U16.1058;U17.1058;U18.1058;U19.1058;U20.1058;U21.1058;U22.1058",-0.456,0.337,4.96731703379451,-2.191,0.026,0.922339059573142,0.104,"none",TRUE,0.033167839050293,NA
1059,"model3",150,"small",15,0.31,0.325424747820944,0.128172559197992,1,1,1,0,3,1,0.158490191457291,0.0852872073508539,"M3",3,"U1.1059;U2.1059;U3.1059",2.045,0.016,1.39309750480665,0.489,0.238,5.79939294967087,0.089,"none",TRUE,0.0352611541748047,NA
1060,"model4",150,"small",15,0.34,0.196406139992177,0.235853698058054,1,1,1,0,40,1,0.710418353992894,0.703922138182901,"M4",40,"U1.1060;U2.1060;U3.1060;U4.1060;U5.1060;U6.1060;U7.1060;U8.1060;U9.1060;U10.1060;U11.1060;U12.1060;U13.1060;U14.1060;U15.1060;U16.1060;U17.1060;U18.1060;U19.1060;U20.1060;U21.1060;U22.1060;U23.1060;U24.1060;U25.1060;U26.1060;U27.1060;U28.1060;U29.1060;U30.1060;U31.1060;U32.1060;U33.1060;U34.1060;U35.1060;U36.1060;U37.1060;U38.1060;U39.1060;U40.1060",2.039,0.092,0.725936486280479,0.49,0.394,2.83261071520516,0.317,"none",TRUE,0.0338869094848633,NA
1061,"model0",300,"small",15,0.49,0.361071457713842,0.230411198548973,1,1,1,0,40,1,0.667581811463316,0.531767776307384,"M0.1",40,"U1.1061;U2.1061;U3.1061;U4.1061;U5.1061;U6.1061;U7.1061;U8.1061;U9.1061;U10.1061;U11.1061;U12.1061;U13.1061;U14.1061;U15.1061;U16.1061;U17.1061;U18.1061;U19.1061;U20.1061;U21.1061;U22.1061;U23.1061;U24.1061;U25.1061;U26.1061;U27.1061;U28.1061;U29.1061;U30.1061;U31.1061;U32.1061;U33.1061;U34.1061;U35.1061;U36.1061;U37.1061;U38.1061;U39.1061;U40.1061",0.238,0.562,4.76573973381811,4.195,0.029,0.33582368490496,-0.09,"none",TRUE,0.0367598533630371,NA
1062,"model1",300,"small",15,0.3,0.32721476983279,0.163399070547894,1,1,1,0,43,1,0.602886036720114,0.558512237096977,"M1.1",43,"U1.1062;U2.1062;U3.1062;U4.1062;U5.1062;U6.1062;U7.1062;U8.1062;U9.1062;U10.1062;U11.1062;U12.1062;U13.1062;U14.1062;U15.1062;U16.1062;U17.1062;U18.1062;U19.1062;U20.1062;U21.1062;U22.1062;U23.1062;U24.1062;U25.1062;U26.1062;U27.1062;U28.1062;U29.1062;U30.1062;U31.1062;U32.1062;U33.1062;U34.1062;U35.1062;U36.1062;U37.1062;U38.1062;U39.1062;U40.1062;U41.1062;U42.1062;U43.1062",-0.141,0.724,6.87590751953329,-7.112,0.009,0.125022169796913,0.189,"none",TRUE,0.031851053237915,NA
1063,"model2",300,"small",15,0.48,0.193993192631751,0.298324876418337,1,1,1,0,48,1,0.641709961850068,0.682527063791614,"M2.1",48,"U1.1063;U2.1063;U3.1063;U4.1063;U5.1063;U6.1063;U7.1063;U8.1063;U9.1063;U10.1063;U11.1063;U12.1063;U13.1063;U14.1063;U15.1063;U16.1063;U17.1063;U18.1063;U19.1063;U20.1063;U21.1063;U22.1063;U23.1063;U24.1063;U25.1063;U26.1063;U27.1063;U28.1063;U29.1063;U30.1063;U31.1063;U32.1063;U33.1063;U34.1063;U35.1063;U36.1063;U37.1063;U38.1063;U39.1063;U40.1063;U41.1063;U42.1063;U43.1063;U44.1063;U45.1063;U46.1063;U47.1063;U48.1063",0.883,0.719,0.141892122968099,1.132,0.706,0.129621417992018,0.26,"none",TRUE,0.0288980007171631,NA
1064,"model3",300,"small",15,0.3,0.248501518461853,0.155797804752365,1,1,1,0,27,1,0.516385417458267,0.539114021079796,"M3",27,"U1.1064;U2.1064;U3.1064;U4.1064;U5.1064;U6.1064;U7.1064;U8.1064;U9.1064;U10.1064;U11.1064;U12.1064;U13.1064;U14.1064;U15.1064;U16.1064;U17.1064;U18.1064;U19.1064;U20.1064;U21.1064;U22.1064;U23.1064;U24.1064;U25.1064;U26.1064;U27.1064",1.068,0.01,5.90164237112751,0.937,0.015,6.58800692846414,-0.019,"none",TRUE,0.0321898460388184,NA
1065,"model4",300,"small",15,0.46,0.18279288765043,0.13403082867153,1,1,1,0,7,1,0.0812369334656081,0.336503521244688,"M4",7,"U1.1065;U2.1065;U3.1065;U4.1065;U5.1065;U6.1065;U7.1065",2.128,0,3.21452097895591,0.47,0.073,12.8906524166637,0.054,"none",TRUE,0.0194509029388428,NA
1066,"model0",670,"small",15,0.49,0.457194800209254,0.159833797672763,1,1,1,3,26,1,0.456938930359993,0.475474662569125,"M0.1",26,"U1.1066;U2.1066;U3.1066;U4.1066;U5.1066;U6.1066;U7.1066;U8.1066;U9.1066;U10.1066;U11.1066;U12.1066;U13.1066;U14.1066;U15.1066;U16.1066;U17.1066;U18.1066;U19.1066;U20.1066;U21.1066;U22.1066;U23.1066;U24.1066;U25.1066;U26.1066",0.126,0.638,13.7696549757061,7.953,0,0.221846262587448,0.148,"none",FALSE,0.040283203125,NA
1067,"model1",670,"small",15,0.18,0.165419334918261,0.272534226253629,1,1,1,3,27,1,0.490037486130904,0.494801983511178,"M1.1",27,"U1.1067;U2.1067;U3.1067;U4.1067;U5.1067;U6.1067;U7.1067;U8.1067;U9.1067;U10.1067;U11.1067;U12.1067;U13.1067;U14.1067;U15.1067;U16.1067;U17.1067;U18.1067;U19.1067;U20.1067;U21.1067;U22.1067;U23.1067;U24.1067;U25.1067;U26.1067;U27.1067",2.211,0.693,0.0342359350618643,0.452,0.853,0.155757881919982,0.284,"none",TRUE,0.0378050804138184,NA
1068,"model2",670,"small",15,0.01,0.495995728950948,0.217131564347073,1,1,1,3,38,12,0.547497611604788,0.648820185432223,"M2.1",38,"U1.1068;U2.1068;U3.1068;U4.1068;U5.1068;U6.1068;U7.1068;U8.1068;U9.1068;U10.1068;U11.1068;U12.1068;U13.1068;U14.1068;U15.1068;U16.1068;U17.1068;U18.1068;U19.1068;U20.1068;U21.1068;U22.1068;U23.1068;U24.1068;U25.1068;U26.1068;U27.1068;U28.1068;U29.1068;U30.1068;U31.1068;U32.1068;U33.1068;U34.1068;U35.1068;U36.1068;U37.1068;U38.1068",0.388,0.258,10.0174856002063,2.579,0.002,1.27744176526178,0.088,"none",FALSE,0.0284349918365479,NA
1069,"model3",670,"small",15,0.44,0.371222808677703,0.115030497312546,1,1,1,3,43,1,0.678379849832225,0.622556278520884,"M3",43,"U1.1069;U2.1069;U3.1069;U4.1069;U5.1069;U6.1069;U7.1069;U8.1069;U9.1069;U10.1069;U11.1069;U12.1069;U13.1069;U14.1069;U15.1069;U16.1069;U17.1069;U18.1069;U19.1069;U20.1069;U21.1069;U22.1069;U23.1069;U24.1069;U25.1069;U26.1069;U27.1069;U28.1069;U29.1069;U30.1069;U31.1069;U32.1069;U33.1069;U34.1069;U35.1069;U36.1069;U37.1069;U38.1069;U39.1069;U40.1069;U41.1069;U42.1069;U43.1069",1.63,0,8.14429852893678,0.613,0.004,20.9533859974078,-0.05,"none",TRUE,0.0194230079650879,NA
1070,"model4",670,"small",15,0.24,0.24521301034838,0.14558189548552,1,1,1,3,3,1,0.0900877003888924,0.0784006322968359,"M4",3,"U1.1070;U2.1070;U3.1070",1.066,0,15.0235252012591,0.938,0,18.0468306469334,0.195,"T1->T2",FALSE,0.0278549194335938,NA
1071,"model0",1000,"small",15,0.39,0.132678130362183,0.194534800993279,1,1,1,0,27,1,0.550533958225717,0.519852645844339,"M0.1",27,"U1.1071;U2.1071;U3.1071;U4.1071;U5.1071;U6.1071;U7.1071;U8.1071;U9.1071;U10.1071;U11.1071;U12.1071;U13.1071;U14.1071;U15.1071;U16.1071;U17.1071;U18.1071;U19.1071;U20.1071;U21.1071;U22.1071;U23.1071;U24.1071;U25.1071;U26.1071;U27.1071",-0.355,0.719,0.982982088220733,-2.819,0.321,0.129864480885703,0.052,"none",TRUE,0.0589370727539062,NA
1072,"model1",1000,"small",15,0.5,0.10084170261398,0.191088067134842,1,1,1,0,48,1,0.618784094648774,0.70042660835247,"M1.1",48,"U1.1072;U2.1072;U3.1072;U4.1072;U5.1072;U6.1072;U7.1072;U8.1072;U9.1072;U10.1072;U11.1072;U12.1072;U13.1072;U14.1072;U15.1072;U16.1072;U17.1072;U18.1072;U19.1072;U20.1072;U21.1072;U22.1072;U23.1072;U24.1072;U25.1072;U26.1072;U27.1072;U28.1072;U29.1072;U30.1072;U31.1072;U32.1072;U33.1072;U34.1072;U35.1072;U36.1072;U37.1072;U38.1072;U39.1072;U40.1072;U41.1072;U42.1072;U43.1072;U44.1072;U45.1072;U46.1072;U47.1072;U48.1072",-0.601,0.608,0.904978760091372,-1.663,0.341,0.262829458578147,0.216,"none",TRUE,0.0579650402069092,NA
1073,"model2",1000,"small",15,0.46,0.360797695536166,0.265705449879169,1,1,1,0,44,1,0.530121577463773,0.643943697776159,"M2.1",44,"U1.1073;U2.1073;U3.1073;U4.1073;U5.1073;U6.1073;U7.1073;U8.1073;U9.1073;U10.1073;U11.1073;U12.1073;U13.1073;U14.1073;U15.1073;U16.1073;U17.1073;U18.1073;U19.1073;U20.1073;U21.1073;U22.1073;U23.1073;U24.1073;U25.1073;U26.1073;U27.1073;U28.1073;U29.1073;U30.1073;U31.1073;U32.1073;U33.1073;U34.1073;U35.1073;U36.1073;U37.1073;U38.1073;U39.1073;U40.1073;U41.1073;U42.1073;U43.1073;U44.1073",0.297,0.129,32.0319813812888,3.366,0,2.30525536807559,0.154,"none",FALSE,0.0576798915863037,NA
1074,"model3",1000,"small",15,0.41,0.236328389775008,0.28038908848539,1,1,1,0,36,1,0.589996504752153,0.602807176779965,"M3",36,"U1.1074;U2.1074;U3.1074;U4.1074;U5.1074;U6.1074;U7.1074;U8.1074;U9.1074;U10.1074;U11.1074;U12.1074;U13.1074;U14.1074;U15.1074;U16.1074;U17.1074;U18.1074;U19.1074;U20.1074;U21.1074;U22.1074;U23.1074;U24.1074;U25.1074;U26.1074;U27.1074;U28.1074;U29.1074;U30.1074;U31.1074;U32.1074;U33.1074;U34.1074;U35.1074;U36.1074",5.691,0,0.750333805670191,0.176,0.386,23.1523071053164,0.109,"none",TRUE,0.0920670032501221,NA
1075,"model4",1000,"small",15,0.24,0.230221782252193,0.174372168118134,1,1,1,0,26,1,0.493803717430791,0.51134705551018,"M4",26,"U1.1075;U2.1075;U3.1075;U4.1075;U5.1075;U6.1075;U7.1075;U8.1075;U9.1075;U10.1075;U11.1075;U12.1075;U13.1075;U14.1075;U15.1075;U16.1075;U17.1075;U18.1075;U19.1075;U20.1075;U21.1075;U22.1075;U23.1075;U24.1075;U25.1075;U26.1075",1.16,0,16.2190391599007,0.862,0,19.8260923451199,0.162,"T1->T2",FALSE,0.0499229431152344,NA
1076,"model0",50,"medium",15,0.26,0.869961202843115,0.407148186676204,1,1,1,0,39,1,0.8364933993447,0.860787480172645,"M0.1",39,"U1.1076;U2.1076;U3.1076;U4.1076;U5.1076;U6.1076;U7.1076;U8.1076;U9.1076;U10.1076;U11.1076;U12.1076;U13.1076;U14.1076;U15.1076;U16.1076;U17.1076;U18.1076;U19.1076;U20.1076;U21.1076;U22.1076;U23.1076;U24.1076;U25.1076;U26.1076;U27.1076;U28.1076;U29.1076;U30.1076;U31.1076;U32.1076;U33.1076;U34.1076;U35.1076;U36.1076;U37.1076;U38.1076;U39.1076",-0.573,0.122,4.92393128185027,-1.744,0.026,2.39460993091987,-0.28,"none",TRUE,0.0268349647521973,NA
1077,"model1",50,"medium",15,0.05,0.614017142914236,0.343280631210655,1,1,1,0,18,5,0.693706102321712,0.577524210471375,"M1.1",18,"U1.1077;U2.1077;U3.1077;U4.1077;U5.1077;U6.1077;U7.1077;U8.1077;U9.1077;U10.1077;U11.1077;U12.1077;U13.1077;U14.1077;U15.1077;U16.1077;U17.1077;U18.1077",-0.007,0.985,6.72591614002769,-153.532,0.01,0.000363152193993878,0.065,"none",TRUE,0.0238659381866455,NA
1078,"model2",50,"medium",15,0.32,0.610012652585283,0.387209580559284,1,1,1,0,35,1,0.936270320521736,0.843692347657176,"M2.1",35,"U1.1078;U2.1078;U3.1078;U4.1078;U5.1078;U6.1078;U7.1078;U8.1078;U9.1078;U10.1078;U11.1078;U12.1078;U13.1078;U14.1078;U15.1078;U16.1078;U17.1078;U18.1078;U19.1078;U20.1078;U21.1078;U22.1078;U23.1078;U24.1078;U25.1078;U26.1078;U27.1078;U28.1078;U29.1078;U30.1078;U31.1078;U32.1078;U33.1078;U34.1078;U35.1078",-2.185,0.133,0.34026462641124,-0.458,0.56,2.25701576825677,0.435,"none",TRUE,0.024744987487793,NA
1079,"model3",50,"medium",15,0.26,0.57082447828725,0.48440427435562,1,1,1,0,44,1,0.973289569470979,0.925328292139293,"M3",44,"U1.1079;U2.1079;U3.1079;U4.1079;U5.1079;U6.1079;U7.1079;U8.1079;U9.1079;U10.1079;U11.1079;U12.1079;U13.1079;U14.1079;U15.1079;U16.1079;U17.1079;U18.1079;U19.1079;U20.1079;U21.1079;U22.1079;U23.1079;U24.1079;U25.1079;U26.1079;U27.1079;U28.1079;U29.1079;U30.1079;U31.1079;U32.1079;U33.1079;U34.1079;U35.1079;U36.1079;U37.1079;U38.1079;U39.1079;U40.1079;U41.1079;U42.1079;U43.1079;U44.1079",0.318,0.745,0.93810088538057,3.14,0.333,0.105642286968053,0.224,"none",TRUE,0.027681827545166,NA
1080,"model4",50,"medium",15,0.43,0.990802930667996,0.418414932629094,1,1,1,0,41,1,0.901206473251002,0.928622803325144,"M4",41,"U1.1080;U2.1080;U3.1080;U4.1080;U5.1080;U6.1080;U7.1080;U8.1080;U9.1080;U10.1080;U11.1080;U12.1080;U13.1080;U14.1080;U15.1080;U16.1080;U17.1080;U18.1080;U19.1080;U20.1080;U21.1080;U22.1080;U23.1080;U24.1080;U25.1080;U26.1080;U27.1080;U28.1080;U29.1080;U30.1080;U31.1080;U32.1080;U33.1080;U34.1080;U35.1080;U36.1080;U37.1080;U38.1080;U39.1080;U40.1080;U41.1080",1.464,0.008,4.28940195267785,0.683,0.038,6.93863272822052,0.615,"none",TRUE,0.0239369869232178,NA
1081,"model0",150,"medium",15,0.16,0.726573120686226,0.415227566100657,1,1,1,0,36,1,0.596907328392675,0.669096111056671,"M0.1",36,"U1.1081;U2.1081;U3.1081;U4.1081;U5.1081;U6.1081;U7.1081;U8.1081;U9.1081;U10.1081;U11.1081;U12.1081;U13.1081;U14.1081;U15.1081;U16.1081;U17.1081;U18.1081;U19.1081;U20.1081;U21.1081;U22.1081;U23.1081;U24.1081;U25.1081;U26.1081;U27.1081;U28.1081;U29.1081;U30.1081;U31.1081;U32.1081;U33.1081;U34.1081;U35.1081;U36.1081",0.181,0.478,17.1345600393507,5.515,0,0.502929577751491,-0.053,"none",FALSE,0.0329089164733887,NA
1082,"model1",150,"medium",15,0.13,0.814510820084251,0.472554113995284,1,1,1,0,37,2,0.702652592596261,0.605414682607752,"M1.1",37,"U1.1082;U2.1082;U3.1082;U4.1082;U5.1082;U6.1082;U7.1082;U8.1082;U9.1082;U10.1082;U11.1082;U12.1082;U13.1082;U14.1082;U15.1082;U16.1082;U17.1082;U18.1082;U19.1082;U20.1082;U21.1082;U22.1082;U23.1082;U24.1082;U25.1082;U26.1082;U27.1082;U28.1082;U29.1082;U30.1082;U31.1082;U32.1082;U33.1082;U34.1082;U35.1082;U36.1082;U37.1082",1.203,0.099,2.07649342066613,0.831,0.15,2.71880033517387,0.468,"none",TRUE,0.0319759845733643,NA
1083,"model2",150,"medium",15,0.33,0.711198113625869,0.468962129577994,1,1,1,0,42,1,0.729936545735395,0.767223532669185,"M2.1",42,"U1.1083;U2.1083;U3.1083;U4.1083;U5.1083;U6.1083;U7.1083;U8.1083;U9.1083;U10.1083;U11.1083;U12.1083;U13.1083;U14.1083;U15.1083;U16.1083;U17.1083;U18.1083;U19.1083;U20.1083;U21.1083;U22.1083;U23.1083;U24.1083;U25.1083;U26.1083;U27.1083;U28.1083;U29.1083;U30.1083;U31.1083;U32.1083;U33.1083;U34.1083;U35.1083;U36.1083;U37.1083;U38.1083;U39.1083;U40.1083;U41.1083;U42.1083",0.108,0.693,9.00005807816729,9.239,0.003,0.155935784714018,0.456,"none",TRUE,0.0333991050720215,NA
1084,"model3",150,"medium",15,0.03,0.713759656529874,0.350502329971641,1,1,1,0,31,17,0.644012825560874,0.589642558216473,"M3",31,"U1.1084;U2.1084;U3.1084;U4.1084;U5.1084;U6.1084;U7.1084;U8.1084;U9.1084;U10.1084;U11.1084;U12.1084;U13.1084;U14.1084;U15.1084;U16.1084;U17.1084;U18.1084;U19.1084;U20.1084;U21.1084;U22.1084;U23.1084;U24.1084;U25.1084;U26.1084;U27.1084;U28.1084;U29.1084;U30.1084;U31.1084",1.811,0.007,1.8737551686042,0.552,0.171,7.40363005632828,0.125,"none",TRUE,0.0338499546051025,NA
1085,"model4",150,"medium",15,0.09,0.961312334402464,0.469471171731129,1,1,1,0,1,1,0.024052271292052,0.0107063096479255,"M4",1,"U1.1085",1.682,0,16.9256635379694,0.595,0,31.3577801091039,0.594,"T1->T2",FALSE,0.0345168113708496,NA
1086,"model0",300,"medium",15,0.1,0.908163540880196,0.334306067228317,1,1,1,0,9,1,0.187489059520889,0.361110307365156,"M0.1",9,"U1.1086;U2.1086;U3.1086;U4.1086;U5.1086;U6.1086;U7.1086;U8.1086;U9.1086",-0.424,0.037,29.2633318590425,-2.36,0,4.358079809321,-0.141,"T1->T2",FALSE,0.0155529975891113,NA
1087,"model1",300,"medium",15,0.4,0.961815973743796,0.310825483920053,1,1,1,0,27,1,0.48947228836049,0.472624991951226,"M1.1",27,"U1.1087;U2.1087;U3.1087;U4.1087;U5.1087;U6.1087;U7.1087;U8.1087;U9.1087;U10.1087;U11.1087;U12.1087;U13.1087;U14.1087;U15.1087;U16.1087;U17.1087;U18.1087;U19.1087;U20.1087;U21.1087;U22.1087;U23.1087;U24.1087;U25.1087;U26.1087;U27.1087",0.571,0,65.5693850984678,1.75,0,21.6293442897827,0.421,"T1->T2",FALSE,0.0198280811309814,NA
1088,"model2",300,"medium",15,0.04,0.796663024346344,0.388908566581085,1,1,1,0,44,4,0.64793176854041,0.640944473943818,"M2.1",44,"U1.1088;U2.1088;U3.1088;U4.1088;U5.1088;U6.1088;U7.1088;U8.1088;U9.1088;U10.1088;U11.1088;U12.1088;U13.1088;U14.1088;U15.1088;U16.1088;U17.1088;U18.1088;U19.1088;U20.1088;U21.1088;U22.1088;U23.1088;U24.1088;U25.1088;U26.1088;U27.1088;U28.1088;U29.1088;U30.1088;U31.1088;U32.1088;U33.1088;U34.1088;U35.1088;U36.1088;U37.1088;U38.1088;U39.1088;U40.1088;U41.1088;U42.1088;U43.1088;U44.1088",-1.038,0.203,1.30244222202505,-0.963,0.254,1.62126017353181,0.257,"none",TRUE,0.0242738723754883,NA
1089,"model3",300,"medium",15,0.13,0.980011681211181,0.467529774084687,1,1,1,0,42,1,0.631623070690294,0.630361003475537,"M3",42,"U1.1089;U2.1089;U3.1089;U4.1089;U5.1089;U6.1089;U7.1089;U8.1089;U9.1089;U10.1089;U11.1089;U12.1089;U13.1089;U14.1089;U15.1089;U16.1089;U17.1089;U18.1089;U19.1089;U20.1089;U21.1089;U22.1089;U23.1089;U24.1089;U25.1089;U26.1089;U27.1089;U28.1089;U29.1089;U30.1089;U31.1089;U32.1089;U33.1089;U34.1089;U35.1089;U36.1089;U37.1089;U38.1089;U39.1089;U40.1089;U41.1089;U42.1089",1.201,0,22.3912436622302,0.833,0,36.4901980105322,0.049,"T1->T2",FALSE,0.0248920917510986,NA
1090,"model4",300,"medium",15,0.47,0.63384516723454,0.356876356434077,1,1,1,0,37,1,0.55962822695737,0.571909317103576,"M4",37,"U1.1090;U2.1090;U3.1090;U4.1090;U5.1090;U6.1090;U7.1090;U8.1090;U9.1090;U10.1090;U11.1090;U12.1090;U13.1090;U14.1090;U15.1090;U16.1090;U17.1090;U18.1090;U19.1090;U20.1090;U21.1090;U22.1090;U23.1090;U24.1090;U25.1090;U26.1090;U27.1090;U28.1090;U29.1090;U30.1090;U31.1090;U32.1090;U33.1090;U34.1090;U35.1090;U36.1090;U37.1090",1.335,0,31.2271010875537,0.749,0,48.3739635543489,0.478,"T1->T2",FALSE,0.0247368812561035,NA
1091,"model0",670,"medium",15,0.14,0.692366976756603,0.31357608595863,1,1,1,3,34,1,0.546697898204111,0.482910700791108,"M0.1",34,"U1.1091;U2.1091;U3.1091;U4.1091;U5.1091;U6.1091;U7.1091;U8.1091;U9.1091;U10.1091;U11.1091;U12.1091;U13.1091;U14.1091;U15.1091;U16.1091;U17.1091;U18.1091;U19.1091;U20.1091;U21.1091;U22.1091;U23.1091;U24.1091;U25.1091;U26.1091;U27.1091;U28.1091;U29.1091;U30.1091;U31.1091;U32.1091;U33.1091;U34.1091",-0.226,0.217,23.422477606746,-4.434,0,1.52456815456785,-0.156,"none",FALSE,0.0205090045928955,NA
1092,"model1",670,"medium",15,0.27,0.792206971207634,0.363228706596419,1,1,1,3,7,1,0.115975261418423,0.22187283038973,"M1.1",7,"U1.1092;U2.1092;U3.1092;U4.1092;U5.1092;U6.1092;U7.1092",0.417,0,145.495826698229,2.4,0,20.2046146325175,0.354,"T1->T2",FALSE,0.0318598747253418,NA
1093,"model2",670,"medium",15,0.2,0.643169551272877,0.48628360866569,1,1,1,3,25,1,0.403363813310946,0.456697513628246,"M2.1",25,"U1.1093;U2.1093;U3.1093;U4.1093;U5.1093;U6.1093;U7.1093;U8.1093;U9.1093;U10.1093;U11.1093;U12.1093;U13.1093;U14.1093;U15.1093;U16.1093;U17.1093;U18.1093;U19.1093;U20.1093;U21.1093;U22.1093;U23.1093;U24.1093;U25.1093",0.038,0.802,35.5507459379563,25.98,0,0.0625888418100442,0.364,"none",FALSE,0.0481340885162354,NA
1094,"model3",670,"medium",15,0.26,0.958476029569283,0.345078914100304,1,1,1,3,48,1,0.656183159971694,0.595149581436228,"M3",48,"U1.1094;U2.1094;U3.1094;U4.1094;U5.1094;U6.1094;U7.1094;U8.1094;U9.1094;U10.1094;U11.1094;U12.1094;U13.1094;U14.1094;U15.1094;U16.1094;U17.1094;U18.1094;U19.1094;U20.1094;U21.1094;U22.1094;U23.1094;U24.1094;U25.1094;U26.1094;U27.1094;U28.1094;U29.1094;U30.1094;U31.1094;U32.1094;U33.1094;U34.1094;U35.1094;U36.1094;U37.1094;U38.1094;U39.1094;U40.1094;U41.1094;U42.1094;U43.1094;U44.1094;U45.1094;U46.1094;U47.1094;U48.1094",1.11,0,70.9338731142686,0.901,0,87.5521175086962,0.188,"T1->T2",FALSE,0.0537049770355225,NA
1095,"model4",670,"medium",15,0.29,0.839841310749762,0.477862666174769,1,1,1,3,38,1,0.530898054100818,0.502356109286155,"M4",38,"U1.1095;U2.1095;U3.1095;U4.1095;U5.1095;U6.1095;U7.1095;U8.1095;U9.1095;U10.1095;U11.1095;U12.1095;U13.1095;U14.1095;U15.1095;U16.1095;U17.1095;U18.1095;U19.1095;U20.1095;U21.1095;U22.1095;U23.1095;U24.1095;U25.1095;U26.1095;U27.1095;U28.1095;U29.1095;U30.1095;U31.1095;U32.1095;U33.1095;U34.1095;U35.1095;U36.1095;U37.1095;U38.1095",1.626,0,91.3852783976588,0.615,0,199.564755759358,0.599,"T1->T2",FALSE,0.0446898937225342,NA
1096,"model0",1000,"medium",15,0.25,0.695104846847244,0.472743686567992,1,1,1,0,47,1,0.580958649947133,0.596029148506377,"M0.1",47,"U1.1096;U2.1096;U3.1096;U4.1096;U5.1096;U6.1096;U7.1096;U8.1096;U9.1096;U10.1096;U11.1096;U12.1096;U13.1096;U14.1096;U15.1096;U16.1096;U17.1096;U18.1096;U19.1096;U20.1096;U21.1096;U22.1096;U23.1096;U24.1096;U25.1096;U26.1096;U27.1096;U28.1096;U29.1096;U30.1096;U31.1096;U32.1096;U33.1096;U34.1096;U35.1096;U36.1096;U37.1096;U38.1096;U39.1096;U40.1096;U41.1096;U42.1096;U43.1096;U44.1096;U45.1096;U46.1096;U47.1096",-0.049,0.716,53.2698758898806,-20.355,0,0.132032223802859,-0.057,"none",FALSE,0.0473501682281494,NA
1097,"model1",1000,"medium",15,0.03,0.866129689500667,0.437580129923299,1,1,1,0,30,2,0.555396581197521,0.520835431416283,"M1.1",30,"U1.1097;U2.1097;U3.1097;U4.1097;U5.1097;U6.1097;U7.1097;U8.1097;U9.1097;U10.1097;U11.1097;U12.1097;U13.1097;U14.1097;U15.1097;U16.1097;U17.1097;U18.1097;U19.1097;U20.1097;U21.1097;U22.1097;U23.1097;U24.1097;U25.1097;U26.1097;U27.1097;U28.1097;U29.1097;U30.1097",0.867,0.001,17.4511268647217,1.153,0,10.903266636704,0.445,"T1->T2",FALSE,0.0471019744873047,NA
1098,"model2",1000,"medium",15,0.5,0.630500840605237,0.408399580186233,1,1,1,0,16,1,0.309329208253904,0.336182016987208,"M2.1",16,"U1.1098;U2.1098;U3.1098;U4.1098;U5.1098;U6.1098;U7.1098;U8.1098;U9.1098;U10.1098;U11.1098;U12.1098;U13.1098;U14.1098;U15.1098;U16.1098",0.106,0.177,142.807166675848,9.469,0,1.82511027524807,0.39,"none",FALSE,0.0492649078369141,NA
1099,"model3",1000,"medium",15,0.07,0.702776698977686,0.469747252110392,1,1,1,0,7,1,0.142478483480859,0.131590379022829,"M3",7,"U1.1099;U2.1099;U3.1099;U4.1099;U5.1099;U6.1099;U7.1099",0.808,0,72.0012710246852,1.237,0,49.3104262737265,0.02,"T1->T2",FALSE,0.0643539428710938,NA
1100,"model4",1000,"medium",15,0.49,0.911752078565769,0.452139446884394,1,1,1,0,6,1,0.139816939318481,0.0654340643415103,"M4",6,"U1.1100;U2.1100;U3.1100;U4.1100;U5.1100;U6.1100",1.484,0,327.995014758664,0.674,0,669.499188922163,0.607,"T1->T2",FALSE,0.0476920604705811,NA
1101,"model0",50,"large",15,0.3,1.23390575498343,0.769532615551725,1,1,1,0,28,1,0.662987197181573,0.773373022788997,"M0.1",28,"U1.1101;U2.1101;U3.1101;U4.1101;U5.1101;U6.1101;U7.1101;U8.1101;U9.1101;U10.1101;U11.1101;U12.1101;U13.1101;U14.1101;U15.1101;U16.1101;U17.1101;U18.1101;U19.1101;U20.1101;U21.1101;U22.1101;U23.1101;U24.1101;U25.1101;U26.1101;U27.1101;U28.1101",-0.627,0.062,12.3704466967505,-1.596,0,3.47441846866357,0.016,"none",FALSE,0.0244009494781494,NA
1102,"model1",50,"large",15,0.08,1.45194638310932,0.957881105365232,1,1,1,0,36,4,0.790218187310267,0.941834480360976,"M1.1",36,"U1.1102;U2.1102;U3.1102;U4.1102;U5.1102;U6.1102;U7.1102;U8.1102;U9.1102;U10.1102;U11.1102;U12.1102;U13.1102;U14.1102;U15.1102;U16.1102;U17.1102;U18.1102;U19.1102;U20.1102;U21.1102;U22.1102;U23.1102;U24.1102;U25.1102;U26.1102;U27.1102;U28.1102;U29.1102;U30.1102;U31.1102;U32.1102;U33.1102;U34.1102;U35.1102;U36.1102",0.45,0.619,3.23483598623577,2.22,0.072,0.247449747183768,0.641,"none",TRUE,0.0250411033630371,NA
1103,"model2",50,"large",15,0.4,1.46868748508859,0.757936246925965,1,1,1,0,2,1,0.0204663115814282,0.0885809148442729,"M2.1",2,"U1.1103;U2.1103",-0.213,0.267,14.7177768331409,-4.689,0,1.23025773483598,0.516,"none",FALSE,0.0338630676269531,NA
1104,"model3",50,"large",15,0.26,1.29133864969481,0.605318392859772,1,1,1,0,25,1,0.49071202528722,0.58388001323572,"M3",25,"U1.1104;U2.1104;U3.1104;U4.1104;U5.1104;U6.1104;U7.1104;U8.1104;U9.1104;U10.1104;U11.1104;U12.1104;U13.1104;U14.1104;U15.1104;U16.1104;U17.1104;U18.1104;U19.1104;U20.1104;U21.1104;U22.1104;U23.1104;U24.1104;U25.1104",0.479,0,71.8081745760883,2.086,0,12.8444830162887,0.29,"T1->T2",FALSE,0.0246238708496094,NA
1105,"model4",50,"large",15,0.06,1.46303199464455,0.850119910435751,1,1,1,0,20,5,0.656107951930268,0.618571249861678,"M4",20,"U1.1105;U2.1105;U3.1105;U4.1105;U5.1105;U6.1105;U7.1105;U8.1105;U9.1105;U10.1105;U11.1105;U12.1105;U13.1105;U14.1105;U15.1105;U16.1105;U17.1105;U18.1105;U19.1105;U20.1105",2.15,0,9.26098743352816,0.465,0.002,20.9121308562985,0.72,"none",TRUE,0.0246620178222656,NA
1106,"model0",150,"large",15,0.34,1.02285478974227,0.814767099567689,1,1,1,0,19,1,0.417379546442211,0.37541041177759,"M0.1",19,"U1.1106;U2.1106;U3.1106;U4.1106;U5.1106;U6.1106;U7.1106;U8.1106;U9.1106;U10.1106;U11.1106;U12.1106;U13.1106;U14.1106;U15.1106;U16.1106;U17.1106;U18.1106;U19.1106",0.182,0.434,15.6091790721447,5.48,0,0.612489943952383,0.034,"none",FALSE,0.036409854888916,NA
1107,"model1",150,"large",15,0.5,1.38226928992663,0.886093442910351,1,1,1,0,49,1,0.622677530618244,0.736239000659482,"M1.1",49,"U1.1107;U2.1107;U3.1107;U4.1107;U5.1107;U6.1107;U7.1107;U8.1107;U9.1107;U10.1107;U11.1107;U12.1107;U13.1107;U14.1107;U15.1107;U16.1107;U17.1107;U18.1107;U19.1107;U20.1107;U21.1107;U22.1107;U23.1107;U24.1107;U25.1107;U26.1107;U27.1107;U28.1107;U29.1107;U30.1107;U31.1107;U32.1107;U33.1107;U34.1107;U35.1107;U36.1107;U37.1107;U38.1107;U39.1107;U40.1107;U41.1107;U42.1107;U43.1107;U44.1107;U45.1107;U46.1107;U47.1107;U48.1107;U49.1107",1.113,0,62.7426872467761,0.898,0,37.9857249765219,0.763,"T1->T2",FALSE,0.0357060432434082,NA
1108,"model2",150,"large",15,0.38,1.32798515970353,0.888748724013567,1,1,1,0,32,1,0.543614470046976,0.664835963633802,"M2.1",32,"U1.1108;U2.1108;U3.1108;U4.1108;U5.1108;U6.1108;U7.1108;U8.1108;U9.1108;U10.1108;U11.1108;U12.1108;U13.1108;U14.1108;U15.1108;U16.1108;U17.1108;U18.1108;U19.1108;U20.1108;U21.1108;U22.1108;U23.1108;U24.1108;U25.1108;U26.1108;U27.1108;U28.1108;U29.1108;U30.1108;U31.1108;U32.1108",0.144,0.302,35.7280316751657,6.946,0,1.06476327387596,0.678,"none",FALSE,0.0354290008544922,NA
1109,"model3",150,"large",15,0.24,1.48866188526154,0.632888445747085,1,1,1,0,22,1,0.407504715284768,0.477125211017499,"M3",22,"U1.1109;U2.1109;U3.1109;U4.1109;U5.1109;U6.1109;U7.1109;U8.1109;U9.1109;U10.1109;U11.1109;U12.1109;U13.1109;U14.1109;U15.1109;U16.1109;U17.1109;U18.1109;U19.1109;U20.1109;U21.1109;U22.1109",0.833,0,82.9315347887727,1.2,0,43.7155608111931,0.282,"T1->T2",FALSE,0.0359971523284912,NA
1110,"model4",150,"large",15,0.27,1.24211393669248,0.713441080180928,1,1,1,0,25,1,0.479975954424939,0.382442225304781,"M4",25,"U1.1110;U2.1110;U3.1110;U4.1110;U5.1110;U6.1110;U7.1110;U8.1110;U9.1110;U10.1110;U11.1110;U12.1110;U13.1110;U14.1110;U15.1110;U16.1110;U17.1110;U18.1110;U19.1110;U20.1110;U21.1110;U22.1110;U23.1110;U24.1110;U25.1110",1.734,0,49.0164160768827,0.577,0,97.4339955823474,0.684,"T1->T2",FALSE,0.0448379516601562,NA
1111,"model0",300,"large",15,0.15,1.05609092488885,0.755777949932963,1,1,1,0,7,1,0.163458979169349,0.183121126556169,"M0.1",7,"U1.1111;U2.1111;U3.1111;U4.1111;U5.1111;U6.1111;U7.1111",-0.134,0.249,78.0348098001956,-7.444,0,1.33135551077524,-0.04,"none",FALSE,0.0253980159759521,NA
1112,"model1",300,"large",15,0.32,1.07865439774469,0.505921175237745,1,1,1,0,45,1,0.628363686612614,0.609745669522655,"M1.1",45,"U1.1112;U2.1112;U3.1112;U4.1112;U5.1112;U6.1112;U7.1112;U8.1112;U9.1112;U10.1112;U11.1112;U12.1112;U13.1112;U14.1112;U15.1112;U16.1112;U17.1112;U18.1112;U19.1112;U20.1112;U21.1112;U22.1112;U23.1112;U24.1112;U25.1112;U26.1112;U27.1112;U28.1112;U29.1112;U30.1112;U31.1112;U32.1112;U33.1112;U34.1112;U35.1112;U36.1112;U37.1112;U38.1112;U39.1112;U40.1112;U41.1112;U42.1112;U43.1112;U44.1112;U45.1112",0.716,0,45.092902567974,1.397,0,21.1800124618056,0.488,"T1->T2",FALSE,0.025148868560791,NA
1113,"model2",300,"large",15,0.44,1.42080076306593,0.89913041330874,1,1,1,0,27,1,0.380987384443602,0.602953613032753,"M2.1",27,"U1.1113;U2.1113;U3.1113;U4.1113;U5.1113;U6.1113;U7.1113;U8.1113;U9.1113;U10.1113;U11.1113;U12.1113;U13.1113;U14.1113;U15.1113;U16.1113;U17.1113;U18.1113;U19.1113;U20.1113;U21.1113;U22.1113;U23.1113;U24.1113;U25.1113;U26.1113;U27.1113",-0.001,0.99,101.785368212252,-1031.035,0,0.000160230931162635,0.529,"none",FALSE,0.0250439643859863,NA
1114,"model3",300,"large",15,0.34,1.20337192667648,0.981448608450592,1,1,1,0,23,1,0.360734268122951,0.410779632201163,"M3",23,"U1.1114;U2.1114;U3.1114;U4.1114;U5.1114;U6.1114;U7.1114;U8.1114;U9.1114;U10.1114;U11.1114;U12.1114;U13.1114;U14.1114;U15.1114;U16.1114;U17.1114;U18.1114;U19.1114;U20.1114;U21.1114;U22.1114;U23.1114",1.07,0,128.44976482249,0.935,0,116.264969585056,0.178,"T1->T2",FALSE,0.0258641242980957,NA
1115,"model4",300,"large",15,0.47,1.44361188891344,0.540407965774648,1,1,1,0,18,1,0.274669873935985,0.220777097447065,"M4",18,"U1.1115;U2.1115;U3.1115;U4.1115;U5.1115;U6.1115;U7.1115;U8.1115;U9.1115;U10.1115;U11.1115;U12.1115;U13.1115;U14.1115;U15.1115;U16.1115;U17.1115;U18.1115",1.517,0,182.527165117707,0.659,0,298.267781469305,0.732,"T1->T2",FALSE,0.0329968929290771,NA
1116,"model0",670,"large",15,0.22,1.35049679689109,0.922821030137129,1,1,1,3,25,1,0.338652886290258,0.39793377389407,"M0.1",25,"U1.1116;U2.1116;U3.1116;U4.1116;U5.1116;U6.1116;U7.1116;U8.1116;U9.1116;U10.1116;U11.1116;U12.1116;U13.1116;U14.1116;U15.1116;U16.1116;U17.1116;U18.1116;U19.1116;U20.1116;U21.1116;U22.1116;U23.1116;U24.1116;U25.1116",-0.012,0.836,258.91404853764,-82.414,0,0.0428870087182535,0.082,"none",FALSE,0.0455739498138428,NA
1117,"model1",670,"large",15,0.5,1.20177132030949,0.787991431774572,1,1,1,3,50,1,0.507626935176977,0.579221203731639,"M1.1",50,"U1.1117;U2.1117;U3.1117;U4.1117;U5.1117;U6.1117;U7.1117;U8.1117;U9.1117;U10.1117;U11.1117;U12.1117;U13.1117;U14.1117;U15.1117;U16.1117;U17.1117;U18.1117;U19.1117;U20.1117;U21.1117;U22.1117;U23.1117;U24.1117;U25.1117;U26.1117;U27.1117;U28.1117;U29.1117;U30.1117;U31.1117;U32.1117;U33.1117;U34.1117;U35.1117;U36.1117;U37.1117;U38.1117;U39.1117;U40.1117;U41.1117;U42.1117;U43.1117;U44.1117;U45.1117;U46.1117;U47.1117;U48.1117;U49.1117;U50.1117",0.936,0,168.718703567847,1.069,0,98.2352103951816,0.58,"T1->T2",FALSE,0.0439040660858154,NA
1118,"model2",670,"large",15,0.42,1.0824894385878,0.693409872124903,1,1,1,3,25,1,0.38326084574127,0.516116096912856,"M2.1",25,"U1.1118;U2.1118;U3.1118;U4.1118;U5.1118;U6.1118;U7.1118;U8.1118;U9.1118;U10.1118;U11.1118;U12.1118;U13.1118;U14.1118;U15.1118;U16.1118;U17.1118;U18.1118;U19.1118;U20.1118;U21.1118;U22.1118;U23.1118;U24.1118;U25.1118",-0.014,0.851,145.456560340774,-72.362,0,0.0353401351088638,0.359,"none",FALSE,0.056941032409668,NA
1119,"model3",670,"large",15,0.36,1.39668043411803,0.843176176189445,1,1,1,3,26,1,0.384021182025107,0.316149377307263,"M3",26,"U1.1119;U2.1119;U3.1119;U4.1119;U5.1119;U6.1119;U7.1119;U8.1119;U9.1119;U10.1119;U11.1119;U12.1119;U13.1119;U14.1119;U15.1119;U16.1119;U17.1119;U18.1119;U19.1119;U20.1119;U21.1119;U22.1119;U23.1119;U24.1119;U25.1119;U26.1119",0.805,0,375.7318030294,1.243,0,250.395453361053,0.271,"T1->T2",FALSE,0.0481441020965576,NA
1120,"model4",670,"large",15,0.38,1.22118332597893,0.967318750801496,1,1,1,3,39,1,0.458059785764211,0.423098661921817,"M4",39,"U1.1120;U2.1120;U3.1120;U4.1120;U5.1120;U6.1120;U7.1120;U8.1120;U9.1120;U10.1120;U11.1120;U12.1120;U13.1120;U14.1120;U15.1120;U16.1120;U17.1120;U18.1120;U19.1120;U20.1120;U21.1120;U22.1120;U23.1120;U24.1120;U25.1120;U26.1120;U27.1120;U28.1120;U29.1120;U30.1120;U31.1120;U32.1120;U33.1120;U34.1120;U35.1120;U36.1120;U37.1120;U38.1120;U39.1120",2.091,0,164.380368408736,0.478,0,350.470544998721,0.797,"T1->T2",FALSE,0.045720100402832,NA
1121,"model0",1000,"large",15,0.1,1.34118414565455,0.83452314150054,1,1,1,0,12,1,0.221195209071548,0.362924686332092,"M0.1",12,"U1.1121;U2.1121;U3.1121;U4.1121;U5.1121;U6.1121;U7.1121;U8.1121;U9.1121;U10.1121;U11.1121;U12.1121",0.168,0.022,214.938144627223,5.936,0,5.21631412447768,-0.019,"T1->T2",FALSE,0.0758888721466064,NA
1122,"model1",1000,"large",15,0.47,1.18456580501515,0.524750687764026,1,1,1,0,15,1,0.193886841330921,0.280177788089884,"M1.1",15,"U1.1122;U2.1122;U3.1122;U4.1122;U5.1122;U6.1122;U7.1122;U8.1122;U9.1122;U10.1122;U11.1122;U12.1122;U13.1122;U14.1122;U15.1122",0.651,0,528.016013749612,1.537,0,159.866639685613,0.581,"T1->T2",FALSE,0.0441598892211914,NA
1123,"model2",1000,"large",15,0.13,1.13878661755007,0.55257145408541,1,1,1,0,7,1,0.0767604123099887,0.195997229757036,"M2.1",7,"U1.1123;U2.1123;U3.1123;U4.1123;U5.1123;U6.1123;U7.1123",-0.09,0.177,191.142387736647,-11.109,0,1.82228971286136,0.373,"none",FALSE,0.0414729118347168,NA
1124,"model3",1000,"large",15,0.4,1.16569747915491,0.876759608159773,1,1,1,0,50,1,0.600169357371477,0.520105233224578,"M3",50,"U1.1124;U2.1124;U3.1124;U4.1124;U5.1124;U6.1124;U7.1124;U8.1124;U9.1124;U10.1124;U11.1124;U12.1124;U13.1124;U14.1124;U15.1124;U16.1124;U17.1124;U18.1124;U19.1124;U20.1124;U21.1124;U22.1124;U23.1124;U24.1124;U25.1124;U26.1124;U27.1124;U28.1124;U29.1124;U30.1124;U31.1124;U32.1124;U33.1124;U34.1124;U35.1124;U36.1124;U37.1124;U38.1124;U39.1124;U40.1124;U41.1124;U42.1124;U43.1124;U44.1124;U45.1124;U46.1124;U47.1124;U48.1124;U49.1124;U50.1124",1.023,0,203.117594530372,0.977,0,258.376651509974,0.316,"T1->T2",FALSE,0.0388679504394531,NA
1125,"model4",1000,"large",15,0.08,1.33725245390087,0.556635927408934,1,1,1,0,50,2,0.633753757471131,0.493655948790075,"M4",50,"U1.1125;U2.1125;U3.1125;U4.1125;U5.1125;U6.1125;U7.1125;U8.1125;U9.1125;U10.1125;U11.1125;U12.1125;U13.1125;U14.1125;U15.1125;U16.1125;U17.1125;U18.1125;U19.1125;U20.1125;U21.1125;U22.1125;U23.1125;U24.1125;U25.1125;U26.1125;U27.1125;U28.1125;U29.1125;U30.1125;U31.1125;U32.1125;U33.1125;U34.1125;U35.1125;U36.1125;U37.1125;U38.1125;U39.1125;U40.1125;U41.1125;U42.1125;U43.1125;U44.1125;U45.1125;U46.1125;U47.1125;U48.1125;U49.1125;U50.1125",1.648,0,71.728200238652,0.607,0,194.313139651323,0.529,"T1->T2",FALSE,0.0432198047637939,NA
1126,"model0",50,"small",16,0.04,0.331914019212127,0.233803349174559,1,1,1,0,32,18,0.768380118256717,0.773485378448869,"M0.1",32,"U1.1126;U2.1126;U3.1126;U4.1126;U5.1126;U6.1126;U7.1126;U8.1126;U9.1126;U10.1126;U11.1126;U12.1126;U13.1126;U14.1126;U15.1126;U16.1126;U17.1126;U18.1126;U19.1126;U20.1126;U21.1126;U22.1126;U23.1126;U24.1126;U25.1126;U26.1126;U27.1126;U28.1126;U29.1126;U30.1126;U31.1126;U32.1126",13.965,0.213,0.0173537524575459,0.072,0.895,1.55024529172241,-0.09,"none",TRUE,0.0247480869293213,NA
1127,"model1",50,"small",16,0.15,0.133595839887857,0.222046751482412,1,1,1,0,21,1,0.655929365156541,0.678228134838967,"M1.1",21,"U1.1127;U2.1127;U3.1127;U4.1127;U5.1127;U6.1127;U7.1127;U8.1127;U9.1127;U10.1127;U11.1127;U12.1127;U13.1127;U14.1127;U15.1127;U16.1127;U17.1127;U18.1127;U19.1127;U20.1127;U21.1127",-1.341,0.011,3.39534392930906,-0.746,0.065,6.50682568161266,0.102,"none",TRUE,0.0255608558654785,NA
1128,"model2",50,"small",16,0.01,0.286816532444209,0.159862016467378,1,1,1,0,12,612,0.609240709214315,0.395500217943973,"M2.1",12,"U1.1128;U2.1128;U3.1128;U4.1128;U5.1128;U6.1128;U7.1128;U8.1128;U9.1128;U10.1128;U11.1128;U12.1128",-0.664,0.277,2.20292520257446,-1.507,0.138,1.18408378266365,-0.199,"none",TRUE,0.0272958278656006,NA
1129,"model3",50,"small",16,0.28,0.295953117962927,0.139773572143167,1,1,1,0,22,1,0.618380069995948,0.63297008933143,"M3",22,"U1.1129;U2.1129;U3.1129;U4.1129;U5.1129;U6.1129;U7.1129;U8.1129;U9.1129;U10.1129;U11.1129;U12.1129;U13.1129;U14.1129;U15.1129;U16.1129;U17.1129;U18.1129;U19.1129;U20.1129;U21.1129;U22.1129",0.172,0.707,3.3296357515103,5.809,0.068,0.14154659809654,-0.032,"none",TRUE,0.027008056640625,NA
1130,"model4",50,"small",16,0.33,0.302116474416107,0.12178313867189,1,1,1,0,16,1,0.360521396643325,0.484341023783727,"M4",16,"U1.1130;U2.1130;U3.1130;U4.1130;U5.1130;U6.1130;U7.1130;U8.1130;U9.1130;U10.1130;U11.1130;U12.1130;U13.1130;U14.1130;U15.1130;U16.1130",1.234,0.167,1.09523929050076,0.811,0.295,1.9075034335997,0.047,"none",TRUE,0.0254209041595459,NA
1131,"model0",150,"small",16,0.33,0.421012097690254,0.298688105912879,1,1,1,0,39,1,0.702258126653865,0.700181630855815,"M0.1",39,"U1.1131;U2.1131;U3.1131;U4.1131;U5.1131;U6.1131;U7.1131;U8.1131;U9.1131;U10.1131;U11.1131;U12.1131;U13.1131;U14.1131;U15.1131;U16.1131;U17.1131;U18.1131;U19.1131;U20.1131;U21.1131;U22.1131;U23.1131;U24.1131;U25.1131;U26.1131;U27.1131;U28.1131;U29.1131;U30.1131;U31.1131;U32.1131;U33.1131;U34.1131;U35.1131;U36.1131;U37.1131;U38.1131;U39.1131",-0.962,0.133,2.02167715146796,-1.039,0.155,2.25298602884766,0.087,"none",TRUE,0.0327439308166504,NA
1132,"model1",150,"small",16,0.45,0.319549841340631,0.292409016843885,1,1,1,0,12,1,0.352290109301801,0.32129008555652,"M1.1",12,"U1.1132;U2.1132;U3.1132;U4.1132;U5.1132;U6.1132;U7.1132;U8.1132;U9.1132;U10.1132;U11.1132;U12.1132",0.453,0.052,16.4718275018544,2.208,0,3.77395112037282,0.286,"none",FALSE,0.0341260433197021,NA
1133,"model2",150,"small",16,0.25,0.466045582666993,0.207016336871311,1,1,1,0,37,1,0.657400549238242,0.703805413539016,"M2.1",37,"U1.1133;U2.1133;U3.1133;U4.1133;U5.1133;U6.1133;U7.1133;U8.1133;U9.1133;U10.1133;U11.1133;U12.1133;U13.1133;U14.1133;U15.1133;U16.1133;U17.1133;U18.1133;U19.1133;U20.1133;U21.1133;U22.1133;U23.1133;U24.1133;U25.1133;U26.1133;U27.1133;U28.1133;U29.1133;U30.1133;U31.1133;U32.1133;U33.1133;U34.1133;U35.1133;U36.1133;U37.1133",-0.765,0.167,3.52061659325998,-1.308,0.061,1.91202454522173,0.104,"none",TRUE,0.0328400135040283,NA
1134,"model3",150,"small",16,0.26,0.155500935576856,0.198569092527032,1,1,1,0,5,1,0.12223021809423,0.158309666124918,"M3",5,"U1.1134;U2.1134;U3.1134;U4.1134;U5.1134",0.409,0.59,1.7865381569747,2.448,0.181,0.290624887951055,0.034,"none",TRUE,0.0348389148712158,NA
1135,"model4",150,"small",16,0.27,0.262079982552677,0.291544144647196,1,1,1,0,48,1,0.749717919758903,0.728922193506319,"M4",48,"U1.1135;U2.1135;U3.1135;U4.1135;U5.1135;U6.1135;U7.1135;U8.1135;U9.1135;U10.1135;U11.1135;U12.1135;U13.1135;U14.1135;U15.1135;U16.1135;U17.1135;U18.1135;U19.1135;U20.1135;U21.1135;U22.1135;U23.1135;U24.1135;U25.1135;U26.1135;U27.1135;U28.1135;U29.1135;U30.1135;U31.1135;U32.1135;U33.1135;U34.1135;U35.1135;U36.1135;U37.1135;U38.1135;U39.1135;U40.1135;U41.1135;U42.1135;U43.1135;U44.1135;U45.1135;U46.1135;U47.1135;U48.1135",1.256,0.017,4.55155719786127,0.796,0.033,5.7113149014915,0.429,"none",TRUE,0.0336601734161377,NA
1136,"model0",300,"small",16,0.01,0.322991776373237,0.282675389992073,1,1,1,0,28,8,0.575332832868195,0.586871492877081,"M0.1",28,"U1.1136;U2.1136;U3.1136;U4.1136;U5.1136;U6.1136;U7.1136;U8.1136;U9.1136;U10.1136;U11.1136;U12.1136;U13.1136;U14.1136;U15.1136;U16.1136;U17.1136;U18.1136;U19.1136;U20.1136;U21.1136;U22.1136;U23.1136;U24.1136;U25.1136;U26.1136;U27.1136;U28.1136",-24.185,0.4,0.00127278308632459,-0.041,0.972,0.707052417909814,0.241,"none",TRUE,0.0374448299407959,NA
1137,"model1",300,"small",16,0.44,0.121610876172781,0.232909554522485,1,1,1,0,24,1,0.462912626522761,0.49240139788089,"M1.1",24,"U1.1137;U2.1137;U3.1137;U4.1137;U5.1137;U6.1137;U7.1137;U8.1137;U9.1137;U10.1137;U11.1137;U12.1137;U13.1137;U14.1137;U15.1137;U16.1137;U17.1137;U18.1137;U19.1137;U20.1137;U21.1137;U22.1137;U23.1137;U24.1137",0.236,0.701,2.98059805670588,4.244,0.084,0.146931554721711,0.135,"none",TRUE,0.0260679721832275,NA
1138,"model2",300,"small",16,0.16,0.159019788820297,0.277659031748772,1,1,1,0,29,1,0.549947844994179,0.557083138333105,"M2.1",29,"U1.1138;U2.1138;U3.1138;U4.1138;U5.1138;U6.1138;U7.1138;U8.1138;U9.1138;U10.1138;U11.1138;U12.1138;U13.1138;U14.1138;U15.1138;U16.1138;U17.1138;U18.1138;U19.1138;U20.1138;U21.1138;U22.1138;U23.1138;U24.1138;U25.1138;U26.1138;U27.1138;U28.1138;U29.1138",-0.388,0.176,10.8812770011892,-2.579,0.001,1.82832801047876,-0.003,"none",FALSE,0.0253548622131348,NA
1139,"model3",300,"small",16,0.29,0.156771425902843,0.260975057305768,1,1,1,0,33,1,0.565210455285893,0.702773002267049,"M3",33,"U1.1139;U2.1139;U3.1139;U4.1139;U5.1139;U6.1139;U7.1139;U8.1139;U9.1139;U10.1139;U11.1139;U12.1139;U13.1139;U14.1139;U15.1139;U16.1139;U17.1139;U18.1139;U19.1139;U20.1139;U21.1139;U22.1139;U23.1139;U24.1139;U25.1139;U26.1139;U27.1139;U28.1139;U29.1139;U30.1139;U31.1139;U32.1139;U33.1139",0.884,0.161,3.71446763058444,1.132,0.054,1.96176047183299,0.086,"none",TRUE,0.0253880023956299,NA
1140,"model4",300,"small",16,0.33,0.263083969522268,0.143323377799243,1,1,1,0,4,1,0.157305149773853,0.0949250915358886,"M4",4,"U1.1140;U2.1140;U3.1140;U4.1140",2.051,0,3.52926388607633,0.488,0.06,16.0283494255512,0.096,"none",TRUE,0.0251181125640869,NA
1141,"model0",670,"small",16,0.42,0.120011005364358,0.286406011041254,1,1,1,3,5,1,0.120914536935692,0.128460088686641,"M0.1",5,"U1.1141;U2.1141;U3.1141;U4.1141;U5.1141",0.444,0.456,3.05607493619844,2.253,0.08,0.555475427451872,-0.123,"none",TRUE,0.104266166687012,NA
1142,"model1",670,"small",16,0.35,0.121136900503188,0.116852722596377,1,1,1,3,28,1,0.503140281329743,0.496686929738593,"M1.1",28,"U1.1142;U2.1142;U3.1142;U4.1142;U5.1142;U6.1142;U7.1142;U8.1142;U9.1142;U10.1142;U11.1142;U12.1142;U13.1142;U14.1142;U15.1142;U16.1142;U17.1142;U18.1142;U19.1142;U20.1142;U21.1142;U22.1142;U23.1142;U24.1142;U25.1142;U26.1142;U27.1142;U28.1142",0.985,0.089,2.89264215856943,1.015,0.089,2.88848999464835,0.031,"none",TRUE,0.059589147567749,NA
1143,"model2",670,"small",16,0.32,0.484520473517478,0.126361290737987,1,1,1,3,38,1,0.512558686996131,0.609550374214598,"M2.1",38,"U1.1143;U2.1143;U3.1143;U4.1143;U5.1143;U6.1143;U7.1143;U8.1143;U9.1143;U10.1143;U11.1143;U12.1143;U13.1143;U14.1143;U15.1143;U16.1143;U17.1143;U18.1143;U19.1143;U20.1143;U21.1143;U22.1143;U23.1143;U24.1143;U25.1143;U26.1143;U27.1143;U28.1143;U29.1143;U30.1143;U31.1143;U32.1143;U33.1143;U34.1143;U35.1143;U36.1143;U37.1143;U38.1143",-0.205,0.268,31.3002599297074,-4.882,0,1.22862132103814,0.147,"none",FALSE,0.0431790351867676,NA
1144,"model3",670,"small",16,0.02,0.130122870579362,0.184125264082104,1,1,1,3,13,5,0.245242287454451,0.273788759004451,"M3",13,"U1.1144;U2.1144;U3.1144;U4.1144;U5.1144;U6.1144;U7.1144;U8.1144;U9.1144;U10.1144;U11.1144;U12.1144;U13.1144",-1.819,0.233,0.433603909653185,-0.55,0.51,1.42414031671466,-0.074,"none",TRUE,0.0417699813842773,NA
1145,"model4",670,"small",16,0.36,0.160497981868684,0.151794268330559,1,1,1,3,26,1,0.407923447085315,0.456401454939704,"M4",26,"U1.1145;U2.1145;U3.1145;U4.1145;U5.1145;U6.1145;U7.1145;U8.1145;U9.1145;U10.1145;U11.1145;U12.1145;U13.1145;U14.1145;U15.1145;U16.1145;U17.1145;U18.1145;U19.1145;U20.1145;U21.1145;U22.1145;U23.1145;U24.1145;U25.1145;U26.1145",0.878,0,21.4664255135266,1.139,0,14.2300856177315,0.164,"T1->T2",FALSE,0.041888952255249,NA
1146,"model0",1000,"small",16,0.03,0.215200508572161,0.226117483200505,1,1,1,0,43,1,0.577260724739152,0.606372535828942,"M0.1",43,"U1.1146;U2.1146;U3.1146;U4.1146;U5.1146;U6.1146;U7.1146;U8.1146;U9.1146;U10.1146;U11.1146;U12.1146;U13.1146;U14.1146;U15.1146;U16.1146;U17.1146;U18.1146;U19.1146;U20.1146;U21.1146;U22.1146;U23.1146;U24.1146;U25.1146;U26.1146;U27.1146;U28.1146;U29.1146;U30.1146;U31.1146;U32.1146;U33.1146;U34.1146;U35.1146;U36.1146;U37.1146;U38.1146;U39.1146;U40.1146;U41.1146;U42.1146;U43.1146",5.465,0.202,0.0643025888080977,0.183,0.8,1.6246342985655,-0.149,"none",TRUE,0.0532848834991455,NA
1147,"model1",1000,"small",16,0.13,0.257201443333179,0.171766514983028,1,1,1,0,34,1,0.555756831067762,0.489678025362987,"M1.1",34,"U1.1147;U2.1147;U3.1147;U4.1147;U5.1147;U6.1147;U7.1147;U8.1147;U9.1147;U10.1147;U11.1147;U12.1147;U13.1147;U14.1147;U15.1147;U16.1147;U17.1147;U18.1147;U19.1147;U20.1147;U21.1147;U22.1147;U23.1147;U24.1147;U25.1147;U26.1147;U27.1147;U28.1147;U29.1147;U30.1147;U31.1147;U32.1147;U33.1147;U34.1147",-0.05,0.861,11.8185301534946,-19.848,0.001,0.0308710613211636,0.053,"none",FALSE,0.0359570980072021,NA
1148,"model2",1000,"small",16,0.2,0.330813037976623,0.253302243491635,1,1,1,0,29,1,0.49100749511048,0.458437510390366,"M2.1",29,"U1.1148;U2.1148;U3.1148;U4.1148;U5.1148;U6.1148;U7.1148;U8.1148;U9.1148;U10.1148;U11.1148;U12.1148;U13.1148;U14.1148;U15.1148;U16.1148;U17.1148;U18.1148;U19.1148;U20.1148;U21.1148;U22.1148;U23.1148;U24.1148;U25.1148;U26.1148;U27.1148;U28.1148;U29.1148",-0.44,0.215,6.76940368841936,-2.27,0.009,1.54048661114275,0.203,"none",TRUE,0.0408179759979248,NA
1149,"model3",1000,"small",16,0.41,0.328453279286623,0.221244341647252,1,1,1,0,35,1,0.550455770357486,0.519901964299722,"M3",35,"U1.1149;U2.1149;U3.1149;U4.1149;U5.1149;U6.1149;U7.1149;U8.1149;U9.1149;U10.1149;U11.1149;U12.1149;U13.1149;U14.1149;U15.1149;U16.1149;U17.1149;U18.1149;U19.1149;U20.1149;U21.1149;U22.1149;U23.1149;U24.1149;U25.1149;U26.1149;U27.1149;U28.1149;U29.1149;U30.1149;U31.1149;U32.1149;U33.1149;U34.1149;U35.1149",0.626,0.001,26.3737431254454,1.598,0,10.0842743127371,0.004,"T1->T2",FALSE,0.0295319557189941,NA
1150,"model4",1000,"small",16,0.23,0.234028887469321,0.202543945470825,1,1,1,0,6,1,0.205304288350038,0.233381929649638,"M4",6,"U1.1150;U2.1150;U3.1150;U4.1150;U5.1150;U6.1150",0.593,0.061,12.1986468789926,1.687,0,3.51288747443902,0.132,"none",FALSE,0.0394489765167236,NA
1151,"model0",50,"medium",16,0.34,0.534109084983356,0.358158018719405,1,1,1,0,27,1,0.646050934994767,0.75743478077387,"M0.1",27,"U1.1151;U2.1151;U3.1151;U4.1151;U5.1151;U6.1151;U7.1151;U8.1151;U9.1151;U10.1151;U11.1151;U12.1151;U13.1151;U14.1151;U15.1151;U16.1151;U17.1151;U18.1151;U19.1151;U20.1151;U21.1151;U22.1151;U23.1151;U24.1151;U25.1151;U26.1151;U27.1151",0.55,0.603,1.7525475549204,1.818,0.186,0.27044438719016,-0.033,"none",TRUE,0.0254509449005127,NA
1152,"model1",50,"medium",16,0.13,0.557906263275072,0.326563108200207,1,1,1,0,44,1,0.978696690992297,0.941210664896775,"M1.1",44,"U1.1152;U2.1152;U3.1152;U4.1152;U5.1152;U6.1152;U7.1152;U8.1152;U9.1152;U10.1152;U11.1152;U12.1152;U13.1152;U14.1152;U15.1152;U16.1152;U17.1152;U18.1152;U19.1152;U20.1152;U21.1152;U22.1152;U23.1152;U24.1152;U25.1152;U26.1152;U27.1152;U28.1152;U29.1152;U30.1152;U31.1152;U32.1152;U33.1152;U34.1152;U35.1152;U36.1152;U37.1152;U38.1152;U39.1152;U40.1152;U41.1152;U42.1152;U43.1152;U44.1152",-0.523,0.238,8.09294344406854,-1.911,0.004,1.39113490609821,0.269,"none",TRUE,0.0258879661560059,NA
1153,"model2",50,"medium",16,0.35,0.726805556681938,0.447677803924307,1,1,1,0,37,1,0.935931745655892,0.96970615689725,"M2.1",37,"U1.1153;U2.1153;U3.1153;U4.1153;U5.1153;U6.1153;U7.1153;U8.1153;U9.1153;U10.1153;U11.1153;U12.1153;U13.1153;U14.1153;U15.1153;U16.1153;U17.1153;U18.1153;U19.1153;U20.1153;U21.1153;U22.1153;U23.1153;U24.1153;U25.1153;U26.1153;U27.1153;U28.1153;U29.1153;U30.1153;U31.1153;U32.1153;U33.1153;U34.1153;U35.1153;U36.1153;U37.1153",0.434,0.011,31.8061217387716,2.302,0,6.54447501616707,0.55,"T1->T2",FALSE,0.0256011486053467,NA
1154,"model3",50,"medium",16,0.49,0.710876585333608,0.434902063058689,1,1,1,0,16,1,0.644044693832917,0.612681080575327,"M3",16,"U1.1154;U2.1154;U3.1154;U4.1154;U5.1154;U6.1154;U7.1154;U8.1154;U9.1154;U10.1154;U11.1154;U12.1154;U13.1154;U14.1154;U15.1154;U16.1154",0.314,0.182,15.6497203594896,3.187,0,1.78379198303475,0.128,"none",FALSE,0.0295519828796387,NA
1155,"model4",50,"medium",16,0.34,0.812359229195863,0.453781572729349,1,1,1,0,25,1,0.695690671296646,0.623899738335942,"M4",25,"U1.1155;U2.1155;U3.1155;U4.1155;U5.1155;U6.1155;U7.1155;U8.1155;U9.1155;U10.1155;U11.1155;U12.1155;U13.1155;U14.1155;U15.1155;U16.1155;U17.1155;U18.1155;U19.1155;U20.1155;U21.1155;U22.1155;U23.1155;U24.1155;U25.1155",1.019,0.002,10.1217029071874,0.981,0.001,9.55229494557406,0.617,"T1->T2",FALSE,0.0282208919525146,NA
1156,"model0",150,"medium",16,0.09,0.807344621280208,0.350297440774739,1,1,1,0,1,1,0.01524903711395,0.00476154512956295,"M0.1",1,"U1.1156",0.687,0.055,7.21021107968393,1.455,0.007,3.69450963874546,0.161,"none",TRUE,0.034235954284668,NA
1157,"model1",150,"medium",16,0.29,0.785599342081696,0.472181518469006,1,1,1,0,27,1,0.561013390945602,0.607108545512414,"M1.1",27,"U1.1157;U2.1157;U3.1157;U4.1157;U5.1157;U6.1157;U7.1157;U8.1157;U9.1157;U10.1157;U11.1157;U12.1157;U13.1157;U14.1157;U15.1157;U16.1157;U17.1157;U18.1157;U19.1157;U20.1157;U21.1157;U22.1157;U23.1157;U24.1157;U25.1157;U26.1157;U27.1157",0.493,0.082,15.031601395402,2.029,0,3.02796305168122,0.577,"none",FALSE,0.0346581935882568,NA
1158,"model2",150,"medium",16,0.04,0.504797945031896,0.446331712696701,1,1,1,0,20,1,0.443900743472125,0.501120082099771,"M2.1",20,"U1.1158;U2.1158;U3.1158;U4.1158;U5.1158;U6.1158;U7.1158;U8.1158;U9.1158;U10.1158;U11.1158;U12.1158;U13.1158;U14.1158;U15.1158;U16.1158;U17.1158;U18.1158;U19.1158;U20.1158",0.123,0.804,2.90808677765562,8.119,0.088,0.0614843939065617,0.443,"none",TRUE,0.0370910167694092,NA
1159,"model3",150,"medium",16,0.23,0.916095063090324,0.469387309765443,1,1,1,0,17,1,0.346744962303098,0.487424574696566,"M3",17,"U1.1159;U2.1159;U3.1159;U4.1159;U5.1159;U6.1159;U7.1159;U8.1159;U9.1159;U10.1159;U11.1159;U12.1159;U13.1159;U14.1159;U15.1159;U16.1159;U17.1159",1.346,0,24.4947997657037,0.743,0,37.1491388782431,-0.075,"T1->T2",FALSE,0.0378191471099854,NA
1160,"model4",150,"medium",16,0.22,0.517587576643564,0.495743488287553,1,1,1,0,50,1,0.818627251864994,0.712527329890668,"M4",50,"U1.1160;U2.1160;U3.1160;U4.1160;U5.1160;U6.1160;U7.1160;U8.1160;U9.1160;U10.1160;U11.1160;U12.1160;U13.1160;U14.1160;U15.1160;U16.1160;U17.1160;U18.1160;U19.1160;U20.1160;U21.1160;U22.1160;U23.1160;U24.1160;U25.1160;U26.1160;U27.1160;U28.1160;U29.1160;U30.1160;U31.1160;U32.1160;U33.1160;U34.1160;U35.1160;U36.1160;U37.1160;U38.1160;U39.1160;U40.1160;U41.1160;U42.1160;U43.1160;U44.1160;U45.1160;U46.1160;U47.1160;U48.1160;U49.1160;U50.1160",0.984,0,18.8419659229098,1.016,0,16.8825969283755,0.479,"T1->T2",FALSE,0.034351110458374,NA
1161,"model0",300,"medium",16,0.23,0.664942124974914,0.309476464102045,1,1,1,0,36,1,0.554576283014411,0.646135807651583,"M0.1",36,"U1.1161;U2.1161;U3.1161;U4.1161;U5.1161;U6.1161;U7.1161;U8.1161;U9.1161;U10.1161;U11.1161;U12.1161;U13.1161;U14.1161;U15.1161;U16.1161;U17.1161;U18.1161;U19.1161;U20.1161;U21.1161;U22.1161;U23.1161;U24.1161;U25.1161;U26.1161;U27.1161;U28.1161;U29.1161;U30.1161;U31.1161;U32.1161;U33.1161;U34.1161;U35.1161;U36.1161",0.154,0.539,17.2641495491074,6.485,0,0.377586264295565,0.058,"none",FALSE,0.0249829292297363,NA
1162,"model1",300,"medium",16,0.3,0.741273806430399,0.454920982895419,1,1,1,0,21,1,0.46209527805202,0.441034436055531,"M1.1",21,"U1.1162;U2.1162;U3.1162;U4.1162;U5.1162;U6.1162;U7.1162;U8.1162;U9.1162;U10.1162;U11.1162;U12.1162;U13.1162;U14.1162;U15.1162;U16.1162;U17.1162;U18.1162;U19.1162;U20.1162;U21.1162",0.586,0,46.8539092157665,1.708,0,14.047538244762,0.499,"T1->T2",FALSE,0.0319669246673584,NA
1163,"model2",300,"medium",16,0.04,0.775957813719288,0.332464370457456,1,1,1,0,6,4,0.246280830867959,0.13694551247296,"M2.1",6,"U1.1163;U2.1163;U3.1163;U4.1163;U5.1163;U6.1163",0.084,0.819,6.49998218627076,11.903,0.011,0.0523365059470444,0.305,"none",TRUE,0.0272591114044189,NA
1164,"model3",300,"medium",16,0.36,0.812584419152699,0.36040170500055,1,1,1,0,22,1,0.403692231311992,0.423320695451854,"M3",22,"U1.1164;U2.1164;U3.1164;U4.1164;U5.1164;U6.1164;U7.1164;U8.1164;U9.1164;U10.1164;U11.1164;U12.1164;U13.1164;U14.1164;U15.1164;U16.1164;U17.1164;U18.1164;U19.1164;U20.1164;U21.1164;U22.1164",1.292,0,40.0597865360711,0.774,0,51.9833580296799,0.073,"T1->T2",FALSE,0.0274248123168945,NA
1165,"model4",300,"medium",16,0.29,0.825646610581316,0.398506576241925,1,1,1,0,41,1,0.648814034155606,0.593690957873619,"M4",41,"U1.1165;U2.1165;U3.1165;U4.1165;U5.1165;U6.1165;U7.1165;U8.1165;U9.1165;U10.1165;U11.1165;U12.1165;U13.1165;U14.1165;U15.1165;U16.1165;U17.1165;U18.1165;U19.1165;U20.1165;U21.1165;U22.1165;U23.1165;U24.1165;U25.1165;U26.1165;U27.1165;U28.1165;U29.1165;U30.1165;U31.1165;U32.1165;U33.1165;U34.1165;U35.1165;U36.1165;U37.1165;U38.1165;U39.1165;U40.1165;U41.1165",1.829,0,14.2853306448407,0.547,0,40.4163662487206,0.576,"T1->T2",FALSE,0.0263741016387939,NA
1166,"model0",670,"medium",16,0.15,0.695900268270634,0.453525571711361,1,1,1,3,8,1,0.144356305598255,0.141759220959497,"M0.1",8,"U1.1166;U2.1166;U3.1166;U4.1166;U5.1166;U6.1166;U7.1166;U8.1166",-0.117,0.341,81.1935212903615,-8.563,0,0.906176224493511,-0.019,"none",FALSE,0.041032075881958,NA
1167,"model1",670,"medium",16,0.41,0.585993691929616,0.311842117505148,1,1,1,3,33,1,0.503120855350276,0.572146326059526,"M1.1",33,"U1.1167;U2.1167;U3.1167;U4.1167;U5.1167;U6.1167;U7.1167;U8.1167;U9.1167;U10.1167;U11.1167;U12.1167;U13.1167;U14.1167;U15.1167;U16.1167;U17.1167;U18.1167;U19.1167;U20.1167;U21.1167;U22.1167;U23.1167;U24.1167;U25.1167;U26.1167;U27.1167;U28.1167;U29.1167;U30.1167;U31.1167;U32.1167;U33.1167",0.257,0.07,67.1370460334855,3.89,0,3.2764832765285,0.402,"none",FALSE,0.041208028793335,NA
1168,"model2",670,"medium",16,0.45,0.901248054811731,0.437147671869025,1,1,1,3,6,1,0.22423340890213,0.10914626795953,"M2.1",6,"U1.1168;U2.1168;U3.1168;U4.1168;U5.1168;U6.1168",0.051,0.399,176.759230462762,19.543,0,0.711012597032333,0.416,"none",FALSE,0.0560371875762939,NA
1169,"model3",670,"medium",16,0.18,0.67503299517557,0.328874669037759,1,1,1,3,48,1,0.588535480379127,0.655927235593563,"M3",48,"U1.1169;U2.1169;U3.1169;U4.1169;U5.1169;U6.1169;U7.1169;U8.1169;U9.1169;U10.1169;U11.1169;U12.1169;U13.1169;U14.1169;U15.1169;U16.1169;U17.1169;U18.1169;U19.1169;U20.1169;U21.1169;U22.1169;U23.1169;U24.1169;U25.1169;U26.1169;U27.1169;U28.1169;U29.1169;U30.1169;U31.1169;U32.1169;U33.1169;U34.1169;U35.1169;U36.1169;U37.1169;U38.1169;U39.1169;U40.1169;U41.1169;U42.1169;U43.1169;U44.1169;U45.1169;U46.1169;U47.1169;U48.1169",1.1,0,45.1121771967641,0.909,0,43.3679528124582,0.054,"T1->T2",FALSE,0.0405888557434082,NA
1170,"model4",670,"medium",16,0.03,0.82680480601266,0.47110757199116,1,1,1,3,35,3,0.541204493394806,0.524128480058051,"M4",35,"U1.1170;U2.1170;U3.1170;U4.1170;U5.1170;U6.1170;U7.1170;U8.1170;U9.1170;U10.1170;U11.1170;U12.1170;U13.1170;U14.1170;U15.1170;U16.1170;U17.1170;U18.1170;U19.1170;U20.1170;U21.1170;U22.1170;U23.1170;U24.1170;U25.1170;U26.1170;U27.1170;U28.1170;U29.1170;U30.1170;U31.1170;U32.1170;U33.1170;U34.1170;U35.1170",1.77,0,9.07605490776544,0.565,0.003,21.2489405275597,0.411,"none",TRUE,0.0453560352325439,NA
1171,"model0",1000,"medium",16,0.37,0.780571622541174,0.348265534639358,1,1,1,0,7,1,0.203406153125719,0.116296293348505,"M0.1",7,"U1.1171;U2.1171;U3.1171;U4.1171;U5.1171;U6.1171;U7.1171",0.07,0.278,191.168143621491,14.326,0,1.17896192747221,0.001,"none",FALSE,0.0404579639434814,NA
1172,"model1",1000,"medium",16,0.22,0.525030565098859,0.428446850087494,1,1,1,0,37,1,0.54562383236403,0.577678090909712,"M1.1",37,"U1.1172;U2.1172;U3.1172;U4.1172;U5.1172;U6.1172;U7.1172;U8.1172;U9.1172;U10.1172;U11.1172;U12.1172;U13.1172;U14.1172;U15.1172;U16.1172;U17.1172;U18.1172;U19.1172;U20.1172;U21.1172;U22.1172;U23.1172;U24.1172;U25.1172;U26.1172;U27.1172;U28.1172;U29.1172;U30.1172;U31.1172;U32.1172;U33.1172;U34.1172;U35.1172;U36.1172;U37.1172",0.655,0,44.4659040465199,1.527,0,15.2628543099147,0.226,"T1->T2",FALSE,0.0411520004272461,NA
1173,"model2",1000,"medium",16,0.37,0.564588187960908,0.448566153785214,1,1,1,0,50,1,0.594069306355559,0.665974331184652,"M2.1",50,"U1.1173;U2.1173;U3.1173;U4.1173;U5.1173;U6.1173;U7.1173;U8.1173;U9.1173;U10.1173;U11.1173;U12.1173;U13.1173;U14.1173;U15.1173;U16.1173;U17.1173;U18.1173;U19.1173;U20.1173;U21.1173;U22.1173;U23.1173;U24.1173;U25.1173;U26.1173;U27.1173;U28.1173;U29.1173;U30.1173;U31.1173;U32.1173;U33.1173;U34.1173;U35.1173;U36.1173;U37.1173;U38.1173;U39.1173;U40.1173;U41.1173;U42.1173;U43.1173;U44.1173;U45.1173;U46.1173;U47.1173;U48.1173;U49.1173;U50.1173",0.171,0.132,67.6326985424816,5.852,0,2.27265259580592,0.449,"none",FALSE,0.0590560436248779,NA
1174,"model3",1000,"medium",16,0.03,0.61247796122916,0.471606334997341,1,1,1,0,25,1,0.410095417484935,0.432021748993971,"M3",25,"U1.1174;U2.1174;U3.1174;U4.1174;U5.1174;U6.1174;U7.1174;U8.1174;U9.1174;U10.1174;U11.1174;U12.1174;U13.1174;U14.1174;U15.1174;U16.1174;U17.1174;U18.1174;U19.1174;U20.1174;U21.1174;U22.1174;U23.1174;U24.1174;U25.1174",0.544,0.007,25.3910589070165,1.837,0,7.40455994314673,0.114,"T1->T2",FALSE,0.0497369766235352,NA
1175,"model4",1000,"medium",16,0.21,0.78053890762385,0.440373828448355,1,1,1,0,38,1,0.503814110324099,0.536938621650838,"M4",38,"U1.1175;U2.1175;U3.1175;U4.1175;U5.1175;U6.1175;U7.1175;U8.1175;U9.1175;U10.1175;U11.1175;U12.1175;U13.1175;U14.1175;U15.1175;U16.1175;U17.1175;U18.1175;U19.1175;U20.1175;U21.1175;U22.1175;U23.1175;U24.1175;U25.1175;U26.1175;U27.1175;U28.1175;U29.1175;U30.1175;U31.1175;U32.1175;U33.1175;U34.1175;U35.1175;U36.1175;U37.1175;U38.1175",1.444,0,77.7509567673722,0.692,0,117.50795956383,0.578,"T1->T2",FALSE,0.0412609577178955,NA
1176,"model0",50,"large",16,0.4,1.11581413995009,0.921632358338684,1,1,1,0,22,1,0.538874506228911,0.512772092481868,"M0.1",22,"U1.1176;U2.1176;U3.1176;U4.1176;U5.1176;U6.1176;U7.1176;U8.1176;U9.1176;U10.1176;U11.1176;U12.1176;U13.1176;U14.1176;U15.1176;U16.1176;U17.1176;U18.1176;U19.1176;U20.1176;U21.1176;U22.1176",-0.03,0.883,19.5040424709208,-32.956,0,0.0215710320372809,0.023,"none",FALSE,0.0343410968780518,NA
1177,"model1",50,"large",16,0.35,1.26010240102187,0.730647240183316,1,1,1,0,17,1,0.47378255560131,0.407496572018937,"M1.1",17,"U1.1177;U2.1177;U3.1177;U4.1177;U5.1177;U6.1177;U7.1177;U8.1177;U9.1177;U10.1177;U11.1177;U12.1177;U13.1177;U14.1177;U15.1177;U16.1177;U17.1177",0.75,0.044,12.2110607045048,1.334,0,4.06252319919718,0.574,"T1->T2",FALSE,0.0249481201171875,NA
1178,"model2",50,"large",16,0.01,1.46683522488456,0.636540963198058,1,1,1,0,10,154,0.395832412313179,0.37706549621421,"M2.1",10,"U1.1178;U2.1178;U3.1178;U4.1178;U5.1178;U6.1178;U7.1178;U8.1178;U9.1178;U10.1178",0.222,0.567,5.02493717491128,4.498,0.025,0.327272790570104,0.701,"none",TRUE,0.0247809886932373,NA
1179,"model3",50,"large",16,0.27,1.23060729773715,0.955044714617543,1,1,1,0,13,1,0.433692149789497,0.497163711888063,"M3",13,"U1.1179;U2.1179;U3.1179;U4.1179;U5.1179;U6.1179;U7.1179;U8.1179;U9.1179;U10.1179;U11.1179;U12.1179;U13.1179",1.007,0,14.1974761623626,0.993,0,14.7291801100502,0.263,"T1->T2",FALSE,0.0249361991882324,NA
1180,"model4",50,"large",16,0.06,1.22212276642676,0.770168566610664,1,1,1,0,3,2,0.0239324996951017,0.0454844897357783,"M4",3,"U1.1180;U2.1180;U3.1180",1.735,0,12.8060247976449,0.576,0,30.9722163285585,0.625,"T1->T2",FALSE,0.0252399444580078,NA
1181,"model0",150,"large",16,0.33,1.18652184528764,0.743423843174241,1,1,1,0,13,1,0.173368161179139,0.509458608664504,"M0.1",13,"U1.1181;U2.1181;U3.1181;U4.1181;U5.1181;U6.1181;U7.1181;U8.1181;U9.1181;U10.1181;U11.1181;U12.1181;U13.1181",-0.14,0.318,52.6662697329454,-7.149,0,0.99789013625396,-0.114,"none",FALSE,0.0334339141845703,NA
1182,"model1",150,"large",16,0.26,1.28405512555037,0.878472612937912,1,1,1,0,5,1,0.0774215454417248,0.00974809691286386,"M1.1",5,"U1.1182;U2.1182;U3.1182;U4.1182;U5.1182",0.88,0,71.5594251234108,1.137,0,37.8143217299981,0.677,"T1->T2",FALSE,0.0351018905639648,NA
1183,"model2",150,"large",16,0.18,1.41613680927549,0.528289691545069,1,1,1,0,45,1,0.587276128894727,0.754397617776574,"M2.1",45,"U1.1183;U2.1183;U3.1183;U4.1183;U5.1183;U6.1183;U7.1183;U8.1183;U9.1183;U10.1183;U11.1183;U12.1183;U13.1183;U14.1183;U15.1183;U16.1183;U17.1183;U18.1183;U19.1183;U20.1183;U21.1183;U22.1183;U23.1183;U24.1183;U25.1183;U26.1183;U27.1183;U28.1183;U29.1183;U30.1183;U31.1183;U32.1183;U33.1183;U34.1183;U35.1183;U36.1183;U37.1183;U38.1183;U39.1183;U40.1183;U41.1183;U42.1183;U43.1183;U44.1183;U45.1183",0.04,0.83,23.7055230692425,25.257,0,0.0459473321748374,0.398,"none",FALSE,0.0482079982757568,NA
1184,"model3",150,"large",16,0.2,1.07537932146806,0.730191224138252,1,1,1,0,4,1,0.234318065996208,0.161411872048275,"M3",4,"U1.1184;U2.1184;U3.1184;U4.1184",0.878,0,72.1242005736148,1.139,0,43.3366036554065,0.394,"T1->T2",FALSE,0.0341000556945801,NA
1185,"model4",150,"large",16,0.34,1.46996071538888,0.971499223262072,1,1,1,0,11,1,0.178854360948684,0.179534074684207,"M4",11,"U1.1185;U2.1185;U3.1185;U4.1185;U5.1185;U6.1185;U7.1185;U8.1185;U9.1185;U10.1185;U11.1185",1.781,0,116.499114570133,0.561,0,203.685431864759,0.835,"T1->T2",FALSE,0.0421910285949707,NA
1186,"model0",300,"large",16,0.15,1.37393574172165,0.902630729018711,1,1,1,0,23,1,0.34205856415966,0.480896916868918,"M0.1",23,"U1.1186;U2.1186;U3.1186;U4.1186;U5.1186;U6.1186;U7.1186;U8.1186;U9.1186;U10.1186;U11.1186;U12.1186;U13.1186;U14.1186;U15.1186;U16.1186;U17.1186;U18.1186;U19.1186;U20.1186;U21.1186;U22.1186;U23.1186",0.01,0.925,93.7113135069419,96.142,0,0.00874461929881802,-0.021,"none",FALSE,0.026170015335083,NA
1187,"model1",300,"large",16,0.15,1.31430793099571,0.728826269041747,1,1,1,0,33,1,0.623900177638735,0.585448420473004,"M1.1",33,"U1.1187;U2.1187;U3.1187;U4.1187;U5.1187;U6.1187;U7.1187;U8.1187;U9.1187;U10.1187;U11.1187;U12.1187;U13.1187;U14.1187;U15.1187;U16.1187;U17.1187;U18.1187;U19.1187;U20.1187;U21.1187;U22.1187;U23.1187;U24.1187;U25.1187;U26.1187;U27.1187;U28.1187;U29.1187;U30.1187;U31.1187;U32.1187;U33.1187",0.932,0,55.6915857408094,1.073,0,28.9709124202708,0.523,"T1->T2",FALSE,0.0266580581665039,NA
1188,"model2",300,"large",16,0.16,1.33219229604583,0.942198862787336,1,1,1,0,19,1,0.383140442022485,0.460266912346097,"M2.1",19,"U1.1188;U2.1188;U3.1188;U4.1188;U5.1188;U6.1188;U7.1188;U8.1188;U9.1188;U10.1188;U11.1188;U12.1188;U13.1188;U14.1188;U15.1188;U16.1188;U17.1188;U18.1188;U19.1188",0.124,0.201,55.8571104902403,8.096,0,1.6328057482931,0.608,"none",FALSE,0.028817892074585,NA
1189,"model3",300,"large",16,0.23,1.48151526367292,0.841872340068221,1,1,1,0,10,1,0.12085820151081,0.13917741203885,"M3",10,"U1.1189;U2.1189;U3.1189;U4.1189;U5.1189;U6.1189;U7.1189;U8.1189;U9.1189;U10.1189",0.849,0,301.46484916342,1.178,0,174.964682462503,0.491,"T1->T2",FALSE,0.0389840602874756,NA
1190,"model4",300,"large",16,0.5,1.09575176716316,0.619306534063071,1,1,1,0,50,1,0.700427822322225,0.574751474988069,"M4",50,"U1.1190;U2.1190;U3.1190;U4.1190;U5.1190;U6.1190;U7.1190;U8.1190;U9.1190;U10.1190;U11.1190;U12.1190;U13.1190;U14.1190;U15.1190;U16.1190;U17.1190;U18.1190;U19.1190;U20.1190;U21.1190;U22.1190;U23.1190;U24.1190;U25.1190;U26.1190;U27.1190;U28.1190;U29.1190;U30.1190;U31.1190;U32.1190;U33.1190;U34.1190;U35.1190;U36.1190;U37.1190;U38.1190;U39.1190;U40.1190;U41.1190;U42.1190;U43.1190;U44.1190;U45.1190;U46.1190;U47.1190;U48.1190;U49.1190;U50.1190",1.689,0,50.4477688477611,0.592,0,115.244205614992,0.64,"T1->T2",FALSE,0.0332610607147217,NA
1191,"model0",670,"large",16,0.01,1.3546320728492,0.640675790258683,1,1,1,3,39,16,0.589381165855805,0.639283549670737,"M0.1",39,"U1.1191;U2.1191;U3.1191;U4.1191;U5.1191;U6.1191;U7.1191;U8.1191;U9.1191;U10.1191;U11.1191;U12.1191;U13.1191;U14.1191;U15.1191;U16.1191;U17.1191;U18.1191;U19.1191;U20.1191;U21.1191;U22.1191;U23.1191;U24.1191;U25.1191;U26.1191;U27.1191;U28.1191;U29.1191;U30.1191;U31.1191;U32.1191;U33.1191;U34.1191;U35.1191;U36.1191;U37.1191;U38.1191;U39.1191",0.05,0.81,24.5426113152541,19.837,0,0.0577267688343426,-0.051,"none",FALSE,0.0498638153076172,NA
1192,"model1",670,"large",16,0.09,1.14965018385556,0.569180784979835,1,1,1,3,46,1,0.619683426018676,0.581028654917461,"M1.1",46,"U1.1192;U2.1192;U3.1192;U4.1192;U5.1192;U6.1192;U7.1192;U8.1192;U9.1192;U10.1192;U11.1192;U12.1192;U13.1192;U14.1192;U15.1192;U16.1192;U17.1192;U18.1192;U19.1192;U20.1192;U21.1192;U22.1192;U23.1192;U24.1192;U25.1192;U26.1192;U27.1192;U28.1192;U29.1192;U30.1192;U31.1192;U32.1192;U33.1192;U34.1192;U35.1192;U36.1192;U37.1192;U38.1192;U39.1192;U40.1192;U41.1192;U42.1192;U43.1192;U44.1192;U45.1192;U46.1192",0.738,0,58.9369506676924,1.356,0,23.8560724323387,0.471,"T1->T2",FALSE,0.0709819793701172,NA
1193,"model2",670,"large",16,0.03,1.10302801046055,0.62814610870555,1,1,1,3,2,4,0.000969709055920817,0.070183910608269,"M2.1",2,"U1.1193;U2.1193",0.264,0.026,46.4724783441643,3.783,0,4.92383381218636,0.514,"T1->T2",FALSE,0.062920093536377,NA
1194,"model3",670,"large",16,0.46,1.09021382837091,0.812328997883014,1,1,1,3,28,1,0.454551805069307,0.412515073718004,"M3",28,"U1.1194;U2.1194;U3.1194;U4.1194;U5.1194;U6.1194;U7.1194;U8.1194;U9.1194;U10.1194;U11.1194;U12.1194;U13.1194;U14.1194;U15.1194;U16.1194;U17.1194;U18.1194;U19.1194;U20.1194;U21.1194;U22.1194;U23.1194;U24.1194;U25.1194;U26.1194;U27.1194;U28.1194",1.059,0,205.324719342705,0.944,0,241.50746377132,0.268,"T1->T2",FALSE,0.0616540908813477,NA
1195,"model4",670,"large",16,0.16,1.26868635800201,0.91447745799087,1,1,1,3,20,1,0.283115789356145,0.275340148886063,"M4",20,"U1.1195;U2.1195;U3.1195;U4.1195;U5.1195;U6.1195;U7.1195;U8.1195;U9.1195;U10.1195;U11.1195;U12.1195;U13.1195;U14.1195;U15.1195;U16.1195;U17.1195;U18.1195;U19.1195;U20.1195",1.951,0,164.675531130653,0.513,0,283.972475998372,0.732,"T1->T2",FALSE,0.0343530178070068,NA
1196,"model0",1000,"large",16,0.09,1.14304775954224,0.948571430635639,1,1,1,0,27,1,0.439306113632411,0.433355808820029,"M0.1",27,"U1.1196;U2.1196;U3.1196;U4.1196;U5.1196;U6.1196;U7.1196;U8.1196;U9.1196;U10.1196;U11.1196;U12.1196;U13.1196;U14.1196;U15.1196;U16.1196;U17.1196;U18.1196;U19.1196;U20.1196;U21.1196;U22.1196;U23.1196;U24.1196;U25.1196;U26.1196;U27.1196",0.054,0.531,131.565700950777,18.659,0,0.392895701241007,0.047,"none",FALSE,0.0455789566040039,NA
1197,"model1",1000,"large",16,0.44,1.19040047004819,0.757565976819023,1,1,1,0,25,1,0.350044591376386,0.421803024094963,"M1.1",25,"U1.1197;U2.1197;U3.1197;U4.1197;U5.1197;U6.1197;U7.1197;U8.1197;U9.1197;U10.1197;U11.1197;U12.1197;U13.1197;U14.1197;U15.1197;U16.1197;U17.1197;U18.1197;U19.1197;U20.1197;U21.1197;U22.1197;U23.1197;U24.1197;U25.1197",0.783,0,299.489272133353,1.278,0,105.480451622383,0.693,"T1->T2",FALSE,0.0441079139709473,NA
1198,"model2",1000,"large",16,0.19,1.2481889341725,0.558129708166234,1,1,1,0,41,1,0.530352856335675,0.64463385870754,"M2.1",41,"U1.1198;U2.1198;U3.1198;U4.1198;U5.1198;U6.1198;U7.1198;U8.1198;U9.1198;U10.1198;U11.1198;U12.1198;U13.1198;U14.1198;U15.1198;U16.1198;U17.1198;U18.1198;U19.1198;U20.1198;U21.1198;U22.1198;U23.1198;U24.1198;U25.1198;U26.1198;U27.1198;U28.1198;U29.1198;U30.1198;U31.1198;U32.1198;U33.1198;U34.1198;U35.1198;U36.1198;U37.1198;U38.1198;U39.1198;U40.1198;U41.1198",-0.023,0.752,143.685815763037,-43.06,0,0.0994715554678449,0.551,"none",FALSE,0.0454368591308594,NA
1199,"model3",1000,"large",16,0.21,1.07668277376797,0.662334977299906,1,1,1,0,26,1,0.430314055281813,0.429986099694935,"M3",26,"U1.1199;U2.1199;U3.1199;U4.1199;U5.1199;U6.1199;U7.1199;U8.1199;U9.1199;U10.1199;U11.1199;U12.1199;U13.1199;U14.1199;U15.1199;U16.1199;U17.1199;U18.1199;U19.1199;U20.1199;U21.1199;U22.1199;U23.1199;U24.1199;U25.1199;U26.1199",1.097,0,107.577620784087,0.912,0,131.428616557659,0.19,"T1->T2",FALSE,0.0642421245574951,NA
1200,"model4",1000,"large",16,0.42,1.05393562780228,0.659020773251541,1,1,1,0,32,1,0.443001652861026,0.411639161928056,"M4",32,"U1.1200;U2.1200;U3.1200;U4.1200;U5.1200;U6.1200;U7.1200;U8.1200;U9.1200;U10.1200;U11.1200;U12.1200;U13.1200;U14.1200;U15.1200;U16.1200;U17.1200;U18.1200;U19.1200;U20.1200;U21.1200;U22.1200;U23.1200;U24.1200;U25.1200;U26.1200;U27.1200;U28.1200;U29.1200;U30.1200;U31.1200;U32.1200",1.586,0,244.96566689073,0.63,0,380.964792804827,0.614,"T1->T2",FALSE,0.0448379516601562,NA
1201,"model0",50,"small",17,0.31,0.423323766328394,0.161521208053455,1,1,1,0,44,1,0.95437150404059,0.995422452651896,"M0.1",44,"U1.1201;U2.1201;U3.1201;U4.1201;U5.1201;U6.1201;U7.1201;U8.1201;U9.1201;U10.1201;U11.1201;U12.1201;U13.1201;U14.1201;U15.1201;U16.1201;U17.1201;U18.1201;U19.1201;U20.1201;U21.1201;U22.1201;U23.1201;U24.1201;U25.1201;U26.1201;U27.1201;U28.1201;U29.1201;U30.1201;U31.1201;U32.1201;U33.1201;U34.1201;U35.1201;U36.1201;U37.1201;U38.1201;U39.1201;U40.1201;U41.1201;U42.1201;U43.1201;U44.1201",4.464,0.026,0.284483420515351,0.224,0.594,4.98428046330574,-0.068,"none",TRUE,0.0254549980163574,NA
1202,"model1",50,"small",17,0.39,0.481607167981565,0.12407573084347,1,1,1,0,44,1,0.965813004575708,0.912187670482922,"M1.1",44,"U1.1202;U2.1202;U3.1202;U4.1202;U5.1202;U6.1202;U7.1202;U8.1202;U9.1202;U10.1202;U11.1202;U12.1202;U13.1202;U14.1202;U15.1202;U16.1202;U17.1202;U18.1202;U19.1202;U20.1202;U21.1202;U22.1202;U23.1202;U24.1202;U25.1202;U26.1202;U27.1202;U28.1202;U29.1202;U30.1202;U31.1202;U32.1202;U33.1202;U34.1202;U35.1202;U36.1202;U37.1202;U38.1202;U39.1202;U40.1202;U41.1202;U42.1202;U43.1202;U44.1202",-1.074,0.296,1.29080815632878,-0.931,0.256,1.09100172501225,0.095,"none",TRUE,0.0249021053314209,NA
1203,"model2",50,"small",17,0.5,0.16406519934535,0.124348176643252,1,1,1,0,25,1,0.702627282984029,0.604402591581085,"M2.1",25,"U1.1203;U2.1203;U3.1203;U4.1203;U5.1203;U6.1203;U7.1203;U8.1203;U9.1203;U10.1203;U11.1203;U12.1203;U13.1203;U14.1203;U15.1203;U16.1203;U17.1203;U18.1203;U19.1203;U20.1203;U21.1203;U22.1203;U23.1203;U24.1203;U25.1203",2.714,0.312,0.162150325996525,0.368,0.687,1.02396563049523,0.069,"none",TRUE,0.0253159999847412,NA
1204,"model3",50,"small",17,0.32,0.317273719608784,0.134632723079994,1,1,1,0,19,1,0.51351845209132,0.602578481191933,"M3",19,"U1.1204;U2.1204;U3.1204;U4.1204;U5.1204;U6.1204;U7.1204;U8.1204;U9.1204;U10.1204;U11.1204;U12.1204;U13.1204;U14.1204;U15.1204;U16.1204;U17.1204;U18.1204;U19.1204",0.831,0.217,1.6811019887853,1.203,0.195,1.5215030235037,0.118,"none",TRUE,0.0252921581268311,NA
1205,"model4",50,"small",17,0.35,0.192010414600372,0.242814425006509,1,1,1,0,16,1,0.47219221884164,0.491616940738149,"M4",16,"U1.1205;U2.1205;U3.1205;U4.1205;U5.1205;U6.1205;U7.1205;U8.1205;U9.1205;U10.1205;U11.1205;U12.1205;U13.1205;U14.1205;U15.1205;U16.1205",-0.592,0.612,1.15855025695791,-1.69,0.282,0.257058302340359,0.209,"none",TRUE,0.0256161689758301,NA
1206,"model0",150,"small",17,0.07,0.325030081998557,0.187450762325898,1,1,1,0,43,1,0.709955912645115,0.749406563030251,"M0.1",43,"U1.1206;U2.1206;U3.1206;U4.1206;U5.1206;U6.1206;U7.1206;U8.1206;U9.1206;U10.1206;U11.1206;U12.1206;U13.1206;U14.1206;U15.1206;U16.1206;U17.1206;U18.1206;U19.1206;U20.1206;U21.1206;U22.1206;U23.1206;U24.1206;U25.1206;U26.1206;U27.1206;U28.1206;U29.1206;U30.1206;U31.1206;U32.1206;U33.1206;U34.1206;U35.1206;U36.1206;U37.1206;U38.1206;U39.1206;U40.1206;U41.1206;U42.1206;U43.1206",0.915,0.121,3.59984350508891,1.093,0.058,2.39836816026893,0.059,"none",TRUE,0.0314841270446777,NA
1207,"model1",150,"small",17,0.24,0.369584596250206,0.271856308355927,1,1,1,0,47,1,0.709673412431439,0.803515399435871,"M1.1",47,"U1.1207;U2.1207;U3.1207;U4.1207;U5.1207;U6.1207;U7.1207;U8.1207;U9.1207;U10.1207;U11.1207;U12.1207;U13.1207;U14.1207;U15.1207;U16.1207;U17.1207;U18.1207;U19.1207;U20.1207;U21.1207;U22.1207;U23.1207;U24.1207;U25.1207;U26.1207;U27.1207;U28.1207;U29.1207;U30.1207;U31.1207;U32.1207;U33.1207;U34.1207;U35.1207;U36.1207;U37.1207;U38.1207;U39.1207;U40.1207;U41.1207;U42.1207;U43.1207;U44.1207;U45.1207;U46.1207;U47.1207",-0.353,0.556,3.23938170439227,-2.832,0.072,0.346704740453604,0.333,"none",TRUE,0.0327661037445068,NA
1208,"model2",150,"small",17,0.06,0.195217654015869,0.161590526578948,1,1,1,0,6,1,0.184754312452218,0.24093670091854,"M2.1",6,"U1.1208;U2.1208;U3.1208;U4.1208;U5.1208;U6.1208",0.716,0.431,1.37869330287626,1.397,0.24,0.620043842365467,0.163,"none",TRUE,0.0370638370513916,NA
1209,"model3",150,"small",17,0.49,0.477602839656174,0.163208989566192,1,1,1,0,2,1,0.116640626542312,0.0436468146356464,"M3",2,"U1.1209;U2.1209",1.253,0,15.8969386061182,0.798,0,24.4893764086465,0.261,"T1->T2",FALSE,0.0361928939819336,NA
1210,"model4",150,"small",17,0.39,0.373187309037894,0.254103134246543,1,1,1,0,26,1,0.560059381326492,0.426017706905338,"M4",26,"U1.1210;U2.1210;U3.1210;U4.1210;U5.1210;U6.1210;U7.1210;U8.1210;U9.1210;U10.1210;U11.1210;U12.1210;U13.1210;U14.1210;U15.1210;U16.1210;U17.1210;U18.1210;U19.1210;U20.1210;U21.1210;U22.1210;U23.1210;U24.1210;U25.1210;U26.1210",2.194,0,2.45144318291262,0.456,0.117,13.5689576739822,0.401,"none",TRUE,0.036552906036377,NA
1211,"model0",300,"small",17,0.28,0.215734783373773,0.27276277304627,1,1,1,0,13,1,0.270284385807179,0.366755208462042,"M0.1",13,"U1.1211;U2.1211;U3.1211;U4.1211;U5.1211;U6.1211;U7.1211;U8.1211;U9.1211;U10.1211;U11.1211;U12.1211;U13.1211",0.089,0.793,11.3614432620908,11.214,0.001,0.0688394811643014,-0.002,"none",FALSE,0.0338129997253418,NA
1212,"model1",300,"small",17,0.09,0.155282893124968,0.211062670964748,1,1,1,0,3,1,0.123398859226913,0.0726373529465159,"M1.1",3,"U1.1212;U2.1212;U3.1212",0.239,0.649,3.92128756939113,4.175,0.048,0.206911076801162,0.065,"none",TRUE,0.0375418663024902,NA
1213,"model2",300,"small",17,0.34,0.277363712526858,0.195283414330333,1,1,1,0,21,1,0.472902474596033,0.448699058361765,"M2.1",21,"U1.1213;U2.1213;U3.1213;U4.1213;U5.1213;U6.1213;U7.1213;U8.1213;U9.1213;U10.1213;U11.1213;U12.1213;U13.1213;U14.1213;U15.1213;U16.1213;U17.1213;U18.1213;U19.1213;U20.1213;U21.1213",-0.196,0.451,13.5089285721664,-5.097,0,0.56923789961071,0.297,"none",FALSE,0.0369958877563477,NA
1214,"model3",300,"small",17,0.06,0.158534304145724,0.198132514534518,1,1,1,0,36,1,0.602423261457113,0.571268357979836,"M3",36,"U1.1214;U2.1214;U3.1214;U4.1214;U5.1214;U6.1214;U7.1214;U8.1214;U9.1214;U10.1214;U11.1214;U12.1214;U13.1214;U14.1214;U15.1214;U16.1214;U17.1214;U18.1214;U19.1214;U20.1214;U21.1214;U22.1214;U23.1214;U24.1214;U25.1214;U26.1214;U27.1214;U28.1214;U29.1214;U30.1214;U31.1214;U32.1214;U33.1214;U34.1214;U35.1214;U36.1214",0.754,0.447,1.32305135602912,1.327,0.25,0.578579237955518,-0.047,"none",TRUE,0.0359759330749512,NA
1215,"model4",300,"small",17,0.39,0.14249970857054,0.296560529852286,1,1,1,0,17,1,0.419289036631779,0.387876329797488,"M4",17,"U1.1215;U2.1215;U3.1215;U4.1215;U5.1215;U6.1215;U7.1215;U8.1215;U9.1215;U10.1215;U11.1215;U12.1215;U13.1215;U14.1215;U15.1215;U16.1215;U17.1215",1.441,0.15,0.827884477305479,0.694,0.363,2.0756584110889,0.223,"none",TRUE,0.0349559783935547,NA
1216,"model0",670,"small",17,0.34,0.256053788494319,0.259715800452977,1,1,1,3,37,1,0.568568749841222,0.578270408050574,"M0.1",37,"U1.1216;U2.1216;U3.1216;U4.1216;U5.1216;U6.1216;U7.1216;U8.1216;U9.1216;U10.1216;U11.1216;U12.1216;U13.1216;U14.1216;U15.1216;U16.1216;U17.1216;U18.1216;U19.1216;U20.1216;U21.1216;U22.1216;U23.1216;U24.1216;U25.1216;U26.1216;U27.1216;U28.1216;U29.1216;U30.1216;U31.1216;U32.1216;U33.1216;U34.1216;U35.1216;U36.1216;U37.1216",1.118,0.096,2.32648039031729,0.895,0.127,2.77608161069703,-0.118,"none",TRUE,0.04140305519104,NA
1217,"model1",670,"small",17,0.46,0.125237406603992,0.235161428991705,1,1,1,3,23,1,0.507656985476948,0.392676404455903,"M1.1",23,"U1.1217;U2.1217;U3.1217;U4.1217;U5.1217;U6.1217;U7.1217;U8.1217;U9.1217;U10.1217;U11.1217;U12.1217;U13.1217;U14.1217;U15.1217;U16.1217;U17.1217;U18.1217;U19.1217;U20.1217;U21.1217;U22.1217;U23.1217",1.014,0.087,2.65696297979406,0.986,0.103,2.93232787344567,0.37,"none",TRUE,0.0321550369262695,NA
1218,"model2",670,"small",17,0.36,0.10782305886969,0.158689960278571,1,1,1,3,12,1,0.380784981107332,0.295496134004335,"M2.1",12,"U1.1218;U2.1218;U3.1218;U4.1218;U5.1218;U6.1218;U7.1218;U8.1218;U9.1218;U10.1218;U11.1218;U12.1218",-0.446,0.713,0.564218969957828,-2.243,0.453,0.135686749115611,0.169,"none",TRUE,0.0327749252319336,NA
1219,"model3",670,"small",17,0.24,0.328487503249198,0.165853251516819,1,1,1,3,39,1,0.598499608656817,0.55304372511788,"M3",39,"U1.1219;U2.1219;U3.1219;U4.1219;U5.1219;U6.1219;U7.1219;U8.1219;U9.1219;U10.1219;U11.1219;U12.1219;U13.1219;U14.1219;U15.1219;U16.1219;U17.1219;U18.1219;U19.1219;U20.1219;U21.1219;U22.1219;U23.1219;U24.1219;U25.1219;U26.1219;U27.1219;U28.1219;U29.1219;U30.1219;U31.1219;U32.1219;U33.1219;U34.1219;U35.1219;U36.1219;U37.1219;U38.1219;U39.1219",0.854,0.012,7.47015255071374,1.17,0.006,6.2403247761783,0.179,"none",TRUE,0.0325689315795898,NA
1220,"model4",670,"small",17,0.06,0.332870423048735,0.236788566084579,1,1,1,3,12,1,0.498588169505505,0.226439684527427,"M4",12,"U1.1220;U2.1220;U3.1220;U4.1220;U5.1220;U6.1220;U7.1220;U8.1220;U9.1220;U10.1220;U11.1220;U12.1220",1.13,0,7.92853748160338,0.885,0.005,13.4494372376049,0.232,"none",TRUE,0.0328741073608398,NA
1221,"model0",1000,"small",17,0.14,0.392983209621161,0.256326281605288,1,1,1,0,10,1,0.184661362230801,0.246573210003359,"M0.1",10,"U1.1221;U2.1221;U3.1221;U4.1221;U5.1221;U6.1221;U7.1221;U8.1221;U9.1221;U10.1221",-0.075,0.714,26.9606960392883,-13.302,0,0.1341104181324,0.079,"none",FALSE,0.0438129901885986,NA
1222,"model1",1000,"small",17,0.23,0.176218799315393,0.249183017993346,1,1,1,0,15,1,0.274988306456719,0.393539148039657,"M1.1",15,"U1.1222;U2.1222;U3.1222;U4.1222;U5.1222;U6.1222;U7.1222;U8.1222;U9.1222;U10.1222;U11.1222;U12.1222;U13.1222;U14.1222;U15.1222",0.748,0.114,5.71091958289599,1.337,0.017,2.49940308393686,0.228,"none",TRUE,0.0424368381500244,NA
1223,"model2",1000,"small",17,0.02,0.334908276516944,0.298818165110424,1,1,1,0,12,7,0.221111043621483,0.262923044968325,"M2.1",12,"U1.1223;U2.1223;U3.1223;U4.1223;U5.1223;U6.1223;U7.1223;U8.1223;U9.1223;U10.1223;U11.1223;U12.1223",-0.115,0.845,2.74364701441543,-8.698,0.098,0.038109851837419,0.274,"none",TRUE,0.0608999729156494,NA
1224,"model3",1000,"small",17,0.04,0.209558763261884,0.134482469968498,1,1,1,0,17,1,0.431775603949147,0.381696847427564,"M3",17,"U1.1224;U2.1224;U3.1224;U4.1224;U5.1224;U6.1224;U7.1224;U8.1224;U9.1224;U10.1224;U11.1224;U12.1224;U13.1224;U14.1224;U15.1224;U16.1224;U17.1224",0.083,0.869,3.69786061707666,12.114,0.054,0.0270575779135765,-0.014,"none",TRUE,0.04905104637146,NA
1225,"model4",1000,"small",17,0.05,0.103878104500473,0.289387983130291,1,1,1,0,19,1,0.478963312914883,0.315859864114537,"M4",19,"U1.1225;U2.1225;U3.1225;U4.1225;U5.1225;U6.1225;U7.1225;U8.1225;U9.1225;U10.1225;U11.1225;U12.1225;U13.1225;U14.1225;U15.1225;U16.1225;U17.1225;U18.1225;U19.1225",41.512,0.087,0.00159798263763345,0.024,0.968,2.92737114186277,0.137,"none",TRUE,0.0542559623718262,NA
1226,"model0",50,"medium",17,0.29,0.616667231894098,0.321427172748372,1,1,1,0,42,1,0.916685954050856,0.946726536905088,"M0.1",42,"U1.1226;U2.1226;U3.1226;U4.1226;U5.1226;U6.1226;U7.1226;U8.1226;U9.1226;U10.1226;U11.1226;U12.1226;U13.1226;U14.1226;U15.1226;U16.1226;U17.1226;U18.1226;U19.1226;U20.1226;U21.1226;U22.1226;U23.1226;U24.1226;U25.1226;U26.1226;U27.1226;U28.1226;U29.1226;U30.1226;U31.1226;U32.1226;U33.1226;U34.1226;U35.1226;U36.1226;U37.1226;U38.1226;U39.1226;U40.1226;U41.1226;U42.1226",0.249,0.594,5.0002873206006,4.019,0.025,0.283430467753034,0.206,"none",TRUE,0.0243179798126221,NA
1227,"model1",50,"medium",17,0.1,0.557637291029096,0.4037116270978,1,1,1,0,32,3,0.747374545325325,0.719002223659717,"M1.1",32,"U1.1227;U2.1227;U3.1227;U4.1227;U5.1227;U6.1227;U7.1227;U8.1227;U9.1227;U10.1227;U11.1227;U12.1227;U13.1227;U14.1227;U15.1227;U16.1227;U17.1227;U18.1227;U19.1227;U20.1227;U21.1227;U22.1227;U23.1227;U24.1227;U25.1227;U26.1227;U27.1227;U28.1227;U29.1227;U30.1227;U31.1227;U32.1227",-0.186,0.679,3.94650077721188,-5.378,0.047,0.171549386286772,0.196,"none",TRUE,0.0244271755218506,NA
1228,"model2",50,"medium",17,0.44,0.530422218958847,0.315494475373998,1,1,1,0,36,1,0.915229357458303,0.855014847275365,"M2.1",36,"U1.1228;U2.1228;U3.1228;U4.1228;U5.1228;U6.1228;U7.1228;U8.1228;U9.1228;U10.1228;U11.1228;U12.1228;U13.1228;U14.1228;U15.1228;U16.1228;U17.1228;U18.1228;U19.1228;U20.1228;U21.1228;U22.1228;U23.1228;U24.1228;U25.1228;U26.1228;U27.1228;U28.1228;U29.1228;U30.1228;U31.1228;U32.1228;U33.1228;U34.1228;U35.1228;U36.1228",-0.365,0.666,1.09699206840051,-2.736,0.295,0.186687896677185,0.054,"none",TRUE,0.0244410037994385,NA
1229,"model3",50,"medium",17,0.33,0.570980888907798,0.40973064256832,1,1,1,0,44,1,0.976999446921596,0.964364475389295,"M3",44,"U1.1229;U2.1229;U3.1229;U4.1229;U5.1229;U6.1229;U7.1229;U8.1229;U9.1229;U10.1229;U11.1229;U12.1229;U13.1229;U14.1229;U15.1229;U16.1229;U17.1229;U18.1229;U19.1229;U20.1229;U21.1229;U22.1229;U23.1229;U24.1229;U25.1229;U26.1229;U27.1229;U28.1229;U29.1229;U30.1229;U31.1229;U32.1229;U33.1229;U34.1229;U35.1229;U36.1229;U37.1229;U38.1229;U39.1229;U40.1229;U41.1229;U42.1229;U43.1229;U44.1229",0.414,0.434,4.20048323543722,2.417,0.04,0.613256753075271,0.18,"none",TRUE,0.0375971794128418,NA
1230,"model4",50,"medium",17,0.41,0.798024694784544,0.357658720435575,1,1,1,0,40,1,0.954296982464346,0.911184126971505,"M4",40,"U1.1230;U2.1230;U3.1230;U4.1230;U5.1230;U6.1230;U7.1230;U8.1230;U9.1230;U10.1230;U11.1230;U12.1230;U13.1230;U14.1230;U15.1230;U16.1230;U17.1230;U18.1230;U19.1230;U20.1230;U21.1230;U22.1230;U23.1230;U24.1230;U25.1230;U26.1230;U27.1230;U28.1230;U29.1230;U30.1230;U31.1230;U32.1230;U33.1230;U34.1230;U35.1230;U36.1230;U37.1230;U38.1230;U39.1230;U40.1230",1.145,0.002,6.96512623404651,0.873,0.008,9.80981745423316,0.308,"none",TRUE,0.0310320854187012,NA
1231,"model0",150,"medium",17,0.2,0.631641906802543,0.327540277363732,1,1,1,0,41,1,0.705245483000984,0.737904470162506,"M0.1",41,"U1.1231;U2.1231;U3.1231;U4.1231;U5.1231;U6.1231;U7.1231;U8.1231;U9.1231;U10.1231;U11.1231;U12.1231;U13.1231;U14.1231;U15.1231;U16.1231;U17.1231;U18.1231;U19.1231;U20.1231;U21.1231;U22.1231;U23.1231;U24.1231;U25.1231;U26.1231;U27.1231;U28.1231;U29.1231;U30.1231;U31.1231;U32.1231;U33.1231;U34.1231;U35.1231;U36.1231;U37.1231;U38.1231;U39.1231;U40.1231;U41.1231",-0.575,0.185,5.90542662301807,-1.74,0.015,1.75539983518043,-0.057,"none",TRUE,0.0346570014953613,NA
1232,"model1",150,"medium",17,0.07,0.712610470713116,0.462176748504862,1,1,1,0,26,1,0.575992117112006,0.661100763178471,"M1.1",26,"U1.1232;U2.1232;U3.1232;U4.1232;U5.1232;U6.1232;U7.1232;U8.1232;U9.1232;U10.1232;U11.1232;U12.1232;U13.1232;U14.1232;U15.1232;U16.1232;U17.1232;U18.1232;U19.1232;U20.1232;U21.1232;U22.1232;U23.1232;U24.1232;U25.1232;U26.1232",0.12,0.842,3.6296970887173,8.343,0.057,0.0396140441018195,0.414,"none",TRUE,0.0378279685974121,NA
1233,"model2",150,"medium",17,0.18,0.827802376588807,0.363148030498996,1,1,1,0,13,1,0.237651996045228,0.37010641659763,"M2.1",13,"U1.1233;U2.1233;U3.1233;U4.1233;U5.1233;U6.1233;U7.1233;U8.1233;U9.1233;U10.1233;U11.1233;U12.1233;U13.1233",-0.015,0.941,24.5451936787569,-67.69,0,0.00540006085605993,0.254,"none",FALSE,0.0378191471099854,NA
1234,"model3",150,"medium",17,0.24,0.747176653123461,0.3577627081424,1,1,1,0,25,1,0.451415829482013,0.626799655349628,"M3",25,"U1.1234;U2.1234;U3.1234;U4.1234;U5.1234;U6.1234;U7.1234;U8.1234;U9.1234;U10.1234;U11.1234;U12.1234;U13.1234;U14.1234;U15.1234;U16.1234;U17.1234;U18.1234;U19.1234;U20.1234;U21.1234;U22.1234;U23.1234;U24.1234;U25.1234",0.668,0.044,11.5419852730603,1.497,0.001,4.06060509851403,0.157,"T1->T2",FALSE,0.0355150699615479,NA
1235,"model4",150,"medium",17,0.26,0.681755418889225,0.343263459345326,1,1,1,0,50,1,0.779405785257096,0.682439881842587,"M4",50,"U1.1235;U2.1235;U3.1235;U4.1235;U5.1235;U6.1235;U7.1235;U8.1235;U9.1235;U10.1235;U11.1235;U12.1235;U13.1235;U14.1235;U15.1235;U16.1235;U17.1235;U18.1235;U19.1235;U20.1235;U21.1235;U22.1235;U23.1235;U24.1235;U25.1235;U26.1235;U27.1235;U28.1235;U29.1235;U30.1235;U31.1235;U32.1235;U33.1235;U34.1235;U35.1235;U36.1235;U37.1235;U38.1235;U39.1235;U40.1235;U41.1235;U42.1235;U43.1235;U44.1235;U45.1235;U46.1235;U47.1235;U48.1235;U49.1235;U50.1235",1.337,0,12.7081335875582,0.748,0,18.9376685050595,0.305,"T1->T2",FALSE,0.03438401222229,NA
1236,"model0",300,"medium",17,0.42,0.963350536418147,0.313776701176539,1,1,1,0,43,1,0.649090640579874,0.671420716503876,"M0.1",43,"U1.1236;U2.1236;U3.1236;U4.1236;U5.1236;U6.1236;U7.1236;U8.1236;U9.1236;U10.1236;U11.1236;U12.1236;U13.1236;U14.1236;U15.1236;U16.1236;U17.1236;U18.1236;U19.1236;U20.1236;U21.1236;U22.1236;U23.1236;U24.1236;U25.1236;U26.1236;U27.1236;U28.1236;U29.1236;U30.1236;U31.1236;U32.1236;U33.1236;U34.1236;U35.1236;U36.1236;U37.1236;U38.1236;U39.1236;U40.1236;U41.1236;U42.1236;U43.1236",-0.306,0.031,48.8796002481959,-3.271,0,4.64969927479549,0.088,"T1->T2",FALSE,0.0362648963928223,NA
1237,"model1",300,"medium",17,0.45,0.802178606623784,0.488433852000162,1,1,1,0,41,1,0.551431683825825,0.609608429777253,"M1.1",41,"U1.1237;U2.1237;U3.1237;U4.1237;U5.1237;U6.1237;U7.1237;U8.1237;U9.1237;U10.1237;U11.1237;U12.1237;U13.1237;U14.1237;U15.1237;U16.1237;U17.1237;U18.1237;U19.1237;U20.1237;U21.1237;U22.1237;U23.1237;U24.1237;U25.1237;U26.1237;U27.1237;U28.1237;U29.1237;U30.1237;U31.1237;U32.1237;U33.1237;U34.1237;U35.1237;U36.1237;U37.1237;U38.1237;U39.1237;U40.1237;U41.1237",0.408,0.045,31.2677770595694,2.45,0,4.00154769443613,0.381,"T1->T2",FALSE,0.0373010635375977,NA
1238,"model2",300,"medium",17,0.09,0.751053516520187,0.345150704821572,1,1,1,0,38,2,0.589868824097898,0.574427174917367,"M2.1",38,"U1.1238;U2.1238;U3.1238;U4.1238;U5.1238;U6.1238;U7.1238;U8.1238;U9.1238;U10.1238;U11.1238;U12.1238;U13.1238;U14.1238;U15.1238;U16.1238;U17.1238;U18.1238;U19.1238;U20.1238;U21.1238;U22.1238;U23.1238;U24.1238;U25.1238;U26.1238;U27.1238;U28.1238;U29.1238;U30.1238;U31.1238;U32.1238;U33.1238;U34.1238;U35.1238;U36.1238;U37.1238;U38.1238",-0.006,0.982,12.1896864426585,-174.912,0,0.000504206138627248,0.426,"none",FALSE,0.0384480953216553,NA
1239,"model3",300,"medium",17,0.28,0.96245799260214,0.477019004151225,1,1,1,0,34,1,0.456308784284023,0.571266156044237,"M3",34,"U1.1239;U2.1239;U3.1239;U4.1239;U5.1239;U6.1239;U7.1239;U8.1239;U9.1239;U10.1239;U11.1239;U12.1239;U13.1239;U14.1239;U15.1239;U16.1239;U17.1239;U18.1239;U19.1239;U20.1239;U21.1239;U22.1239;U23.1239;U24.1239;U25.1239;U26.1239;U27.1239;U28.1239;U29.1239;U30.1239;U31.1239;U32.1239;U33.1239;U34.1239",1.268,0,44.4009222063233,0.789,0,53.9230899040632,0.082,"T1->T2",FALSE,0.0361020565032959,NA
1240,"model4",300,"medium",17,0.08,0.663527573575266,0.450294796423987,1,1,1,0,1,3,0.00624346348209861,0.00400277331567664,"M4",1,"U1.1240",1.056,0,33.9495103585249,0.947,0,34.3142923794192,0.515,"T1->T2",FALSE,0.0358119010925293,NA
1241,"model0",670,"medium",17,0.11,0.609767854679376,0.446786850877106,1,1,1,3,16,1,0.375718179132745,0.335679307115628,"M0.1",16,"U1.1241;U2.1241;U3.1241;U4.1241;U5.1241;U6.1241;U7.1241;U8.1241;U9.1241;U10.1241;U11.1241;U12.1241;U13.1241;U14.1241;U15.1241;U16.1241",0.393,0.103,17.0217391665635,2.547,0,2.659206998189,-0.114,"none",FALSE,0.0328969955444336,NA
1242,"model1",670,"medium",17,0.02,0.55385681882035,0.474177568312734,1,1,1,3,17,3,0.357809976887369,0.296329248615777,"M1.1",17,"U1.1242;U2.1242;U3.1242;U4.1242;U5.1242;U6.1242;U7.1242;U8.1242;U9.1242;U10.1242;U11.1242;U12.1242;U13.1242;U14.1242;U15.1242;U16.1242;U17.1242",-0.11,0.822,4.87194532447747,-9.126,0.027,0.0506405984283645,0.425,"none",TRUE,0.0322811603546143,NA
1243,"model2",670,"medium",17,0.46,0.953147965366952,0.431219922937453,1,1,1,3,34,1,0.446054734422842,0.603360588552252,"M2.1",34,"U1.1243;U2.1243;U3.1243;U4.1243;U5.1243;U6.1243;U7.1243;U8.1243;U9.1243;U10.1243;U11.1243;U12.1243;U13.1243;U14.1243;U15.1243;U16.1243;U17.1243;U18.1243;U19.1243;U20.1243;U21.1243;U22.1243;U23.1243;U24.1243;U25.1243;U26.1243;U27.1243;U28.1243;U29.1243;U30.1243;U31.1243;U32.1243;U33.1243;U34.1243",-0.023,0.778,164.858409385759,-44.431,0,0.0795357036414355,0.333,"none",FALSE,0.0329301357269287,NA
1244,"model3",670,"medium",17,0.43,0.644257942796685,0.484529954381287,1,1,1,3,47,1,0.638652716877482,0.596570393644408,"M3",47,"U1.1244;U2.1244;U3.1244;U4.1244;U5.1244;U6.1244;U7.1244;U8.1244;U9.1244;U10.1244;U11.1244;U12.1244;U13.1244;U14.1244;U15.1244;U16.1244;U17.1244;U18.1244;U19.1244;U20.1244;U21.1244;U22.1244;U23.1244;U24.1244;U25.1244;U26.1244;U27.1244;U28.1244;U29.1244;U30.1244;U31.1244;U32.1244;U33.1244;U34.1244;U35.1244;U36.1244;U37.1244;U38.1244;U39.1244;U40.1244;U41.1244;U42.1244;U43.1244;U44.1244;U45.1244;U46.1244;U47.1244",1.277,0,25.7357066703123,0.783,0,45.6629065276926,0.072,"T1->T2",FALSE,0.0358679294586182,NA
1245,"model4",670,"medium",17,0.06,0.889685272821225,0.33963135513477,1,1,1,3,15,1,0.394794437791531,0.362822011749475,"M4",15,"U1.1245;U2.1245;U3.1245;U4.1245;U5.1245;U6.1245;U7.1245;U8.1245;U9.1245;U10.1245;U11.1245;U12.1245;U13.1245;U14.1245;U15.1245",1.226,0,54.0812317611339,0.816,0,68.4636952794824,0.325,"T1->T2",FALSE,0.032188892364502,NA
1246,"model0",1000,"medium",17,0.05,0.629779373877682,0.347229084745049,1,1,1,0,1,1,0.0513246746684927,0.00555536336273972,"M0.1",1,"U1.1246",0.222,0.336,19.0180435385326,4.507,0,0.924475364670701,-0.053,"none",FALSE,0.0548501014709473,NA
1247,"model1",1000,"medium",17,0.08,0.513972801738419,0.436089667398483,1,1,1,0,13,1,0.300216668776267,0.290658914253367,"M1.1",13,"U1.1247;U2.1247;U3.1247;U4.1247;U5.1247;U6.1247;U7.1247;U8.1247;U9.1247;U10.1247;U11.1247;U12.1247;U13.1247",0.464,0.023,27.2125081019795,2.154,0,5.18215680291514,0.461,"T1->T2",FALSE,0.0534989833831787,NA
1248,"model2",1000,"medium",17,0.44,0.937656188732944,0.490429951110855,1,1,1,0,18,1,0.35148205146825,0.366453313103744,"M2.1",18,"U1.1248;U2.1248;U3.1248;U4.1248;U5.1248;U6.1248;U7.1248;U8.1248;U9.1248;U10.1248;U11.1248;U12.1248;U13.1248;U14.1248;U15.1248;U16.1248;U17.1248;U18.1248",0.107,0.087,191.00624122218,9.372,0,2.9374278860875,0.374,"none",FALSE,0.0539860725402832,NA
1249,"model3",1000,"medium",17,0.46,0.563307745498605,0.460251665627584,1,1,1,0,16,1,0.367689925664983,0.362920725189015,"M3",16,"U1.1249;U2.1249;U3.1249;U4.1249;U5.1249;U6.1249;U7.1249;U8.1249;U9.1249;U10.1249;U11.1249;U12.1249;U13.1249;U14.1249;U15.1249;U16.1249",0.974,0,82.9481853790691,1.027,0,77.7489116329859,0.079,"T1->T2",FALSE,0.0547749996185303,NA
1250,"model4",1000,"medium",17,0.07,0.617373121087439,0.343236928340048,1,1,1,0,45,1,0.643791728193054,0.639099275167164,"M4",45,"U1.1250;U2.1250;U3.1250;U4.1250;U5.1250;U6.1250;U7.1250;U8.1250;U9.1250;U10.1250;U11.1250;U12.1250;U13.1250;U14.1250;U15.1250;U16.1250;U17.1250;U18.1250;U19.1250;U20.1250;U21.1250;U22.1250;U23.1250;U24.1250;U25.1250;U26.1250;U27.1250;U28.1250;U29.1250;U30.1250;U31.1250;U32.1250;U33.1250;U34.1250;U35.1250;U36.1250;U37.1250;U38.1250;U39.1250;U40.1250;U41.1250;U42.1250;U43.1250;U44.1250;U45.1250",0.923,0,26.3322486511743,1.084,0,21.8572455918857,0.362,"T1->T2",FALSE,0.0553500652313232,NA
1251,"model0",50,"large",17,0.16,1.13189402886201,0.940539334435016,1,1,1,0,4,1,0.0544019726553624,0.425786388720178,"M0.1",4,"U1.1251;U2.1251;U3.1251;U4.1251",0.239,0.489,16.3494145090119,4.18,0,0.478751095809331,0.135,"none",FALSE,0.0336530208587646,NA
1252,"model1",50,"large",17,0.21,1.39325239218306,0.716748010017909,1,1,1,0,1,1,0.195646864641496,0.319080850332804,"M1.1",1,"U1.1252",0.795,0.003,27.8478869271426,1.258,0,9.12459142817652,0.664,"T1->T2",FALSE,0.0339920520782471,NA
1253,"model2",50,"large",17,0.22,1.02480280282907,0.746178971487097,1,1,1,0,17,1,0.41657601331109,0.583489049171869,"M2.1",17,"U1.1253;U2.1253;U3.1253;U4.1253;U5.1253;U6.1253;U7.1253;U8.1253;U9.1253;U10.1253;U11.1253;U12.1253;U13.1253;U14.1253;U15.1253;U16.1253;U17.1253",0.369,0.359,3.942593525274,2.708,0.047,0.840175699211283,0.543,"none",TRUE,0.0344719886779785,NA
1254,"model3",50,"large",17,0.29,1.35926220007241,0.966002588742413,1,1,1,0,23,1,0.462202179939885,0.600478513690668,"M3",23,"U1.1254;U2.1254;U3.1254;U4.1254;U5.1254;U6.1254;U7.1254;U8.1254;U9.1254;U10.1254;U11.1254;U12.1254;U13.1254;U14.1254;U15.1254;U16.1254;U17.1254;U18.1254;U19.1254;U20.1254;U21.1254;U22.1254;U23.1254",1.332,0,31.9128869826003,0.751,0,44.8401718620076,0.42,"T1->T2",FALSE,0.0354588031768799,NA
1255,"model4",50,"large",17,0.1,1.00278270128183,0.643197760218754,1,1,1,0,41,7,0.932265161492292,0.93268869339437,"M4",41,"U1.1255;U2.1255;U3.1255;U4.1255;U5.1255;U6.1255;U7.1255;U8.1255;U9.1255;U10.1255;U11.1255;U12.1255;U13.1255;U14.1255;U15.1255;U16.1255;U17.1255;U18.1255;U19.1255;U20.1255;U21.1255;U22.1255;U23.1255;U24.1255;U25.1255;U26.1255;U27.1255;U28.1255;U29.1255;U30.1255;U31.1255;U32.1255;U33.1255;U34.1255;U35.1255;U36.1255;U37.1255;U38.1255;U39.1255;U40.1255;U41.1255",0.837,0.243,2.66588943196193,1.195,0.103,1.3618091543281,0.563,"none",TRUE,0.0338048934936523,NA
1256,"model0",150,"large",17,0.42,1.36778720782604,0.627794522792101,1,1,1,0,49,1,0.639628429292939,0.745179981369808,"M0.1",49,"U1.1256;U2.1256;U3.1256;U4.1256;U5.1256;U6.1256;U7.1256;U8.1256;U9.1256;U10.1256;U11.1256;U12.1256;U13.1256;U14.1256;U15.1256;U16.1256;U17.1256;U18.1256;U19.1256;U20.1256;U21.1256;U22.1256;U23.1256;U24.1256;U25.1256;U26.1256;U27.1256;U28.1256;U29.1256;U30.1256;U31.1256;U32.1256;U33.1256;U34.1256;U35.1256;U36.1256;U37.1256;U38.1256;U39.1256;U40.1256;U41.1256;U42.1256;U43.1256;U44.1256;U45.1256;U46.1256;U47.1256;U48.1256;U49.1256",-0.213,0.242,35.0252538726159,-4.691,0,1.36704215048094,0.027,"none",FALSE,0.03525710105896,NA
1257,"model1",150,"large",17,0.02,1.06447635195218,0.683986672898754,1,1,1,0,47,19,0.80225764953383,0.694278611431562,"M1.1",47,"U1.1257;U2.1257;U3.1257;U4.1257;U5.1257;U6.1257;U7.1257;U8.1257;U9.1257;U10.1257;U11.1257;U12.1257;U13.1257;U14.1257;U15.1257;U16.1257;U17.1257;U18.1257;U19.1257;U20.1257;U21.1257;U22.1257;U23.1257;U24.1257;U25.1257;U26.1257;U27.1257;U28.1257;U29.1257;U30.1257;U31.1257;U32.1257;U33.1257;U34.1257;U35.1257;U36.1257;U37.1257;U38.1257;U39.1257;U40.1257;U41.1257;U42.1257;U43.1257;U44.1257;U45.1257;U46.1257;U47.1257",0.308,0.429,8.59978856277274,3.246,0.003,0.625710428289809,0.635,"none",TRUE,0.046532154083252,NA
1258,"model2",150,"large",17,0.29,1.31713467102963,0.640229590819217,1,1,1,0,49,1,0.520273388450715,0.731891178784972,"M2.1",49,"U1.1258;U2.1258;U3.1258;U4.1258;U5.1258;U6.1258;U7.1258;U8.1258;U9.1258;U10.1258;U11.1258;U12.1258;U13.1258;U14.1258;U15.1258;U16.1258;U17.1258;U18.1258;U19.1258;U20.1258;U21.1258;U22.1258;U23.1258;U24.1258;U25.1258;U26.1258;U27.1258;U28.1258;U29.1258;U30.1258;U31.1258;U32.1258;U33.1258;U34.1258;U35.1258;U36.1258;U37.1258;U38.1258;U39.1258;U40.1258;U41.1258;U42.1258;U43.1258;U44.1258;U45.1258;U46.1258;U47.1258;U48.1258;U49.1258",0.085,0.534,43.4869643951681,11.796,0,0.387583059868563,0.49,"none",FALSE,0.0312891006469727,NA
1259,"model3",150,"large",17,0.24,1.37505152367521,0.535465774242766,1,1,1,0,50,1,0.698423530989099,0.728683334492349,"M3",50,"U1.1259;U2.1259;U3.1259;U4.1259;U5.1259;U6.1259;U7.1259;U8.1259;U9.1259;U10.1259;U11.1259;U12.1259;U13.1259;U14.1259;U15.1259;U16.1259;U17.1259;U18.1259;U19.1259;U20.1259;U21.1259;U22.1259;U23.1259;U24.1259;U25.1259;U26.1259;U27.1259;U28.1259;U29.1259;U30.1259;U31.1259;U32.1259;U33.1259;U34.1259;U35.1259;U36.1259;U37.1259;U38.1259;U39.1259;U40.1259;U41.1259;U42.1259;U43.1259;U44.1259;U45.1259;U46.1259;U47.1259;U48.1259;U49.1259;U50.1259",1.056,0,32.0380632123198,0.947,0,32.5149171099329,0.149,"T1->T2",FALSE,0.0327308177947998,NA
1260,"model4",150,"large",17,0.47,1.31682501081377,0.716622630367056,1,1,1,0,4,1,0.102359994938248,0.0817084273113133,"M4",4,"U1.1260;U2.1260;U3.1260;U4.1260",1.692,0,126.478686998905,0.591,0,196.189261263351,0.766,"T1->T2",FALSE,0.033735990524292,NA
1261,"model0",300,"large",17,0.22,1.44719488883857,0.875867577502504,1,1,1,0,42,1,0.543368610683002,0.608384218980048,"M0.1",42,"U1.1261;U2.1261;U3.1261;U4.1261;U5.1261;U6.1261;U7.1261;U8.1261;U9.1261;U10.1261;U11.1261;U12.1261;U13.1261;U14.1261;U15.1261;U16.1261;U17.1261;U18.1261;U19.1261;U20.1261;U21.1261;U22.1261;U23.1261;U24.1261;U25.1261;U26.1261;U27.1261;U28.1261;U29.1261;U30.1261;U31.1261;U32.1261;U33.1261;U34.1261;U35.1261;U36.1261;U37.1261;U38.1261;U39.1261;U40.1261;U41.1261;U42.1261",-0.15,0.269,52.5903508797523,-6.664,0,1.22315930413946,0.084,"none",FALSE,0.0392739772796631,NA
1262,"model1",300,"large",17,0.27,1.22031914256513,0.935774144716561,1,1,1,0,35,1,0.518231574582459,0.664866414499246,"M1.1",35,"U1.1262;U2.1262;U3.1262;U4.1262;U5.1262;U6.1262;U7.1262;U8.1262;U9.1262;U10.1262;U11.1262;U12.1262;U13.1262;U14.1262;U15.1262;U16.1262;U17.1262;U18.1262;U19.1262;U20.1262;U21.1262;U22.1262;U23.1262;U24.1262;U25.1262;U26.1262;U27.1262;U28.1262;U29.1262;U30.1262;U31.1262;U32.1262;U33.1262;U34.1262;U35.1262",1.16,0,130.949190581954,0.862,0,70.944236793983,0.848,"T1->T2",FALSE,0.0508010387420654,NA
1263,"model2",300,"large",17,0.08,1.22225310024805,0.539154373342171,1,1,1,0,40,1,0.48572047345406,0.656802794015386,"M2.1",40,"U1.1263;U2.1263;U3.1263;U4.1263;U5.1263;U6.1263;U7.1263;U8.1263;U9.1263;U10.1263;U11.1263;U12.1263;U13.1263;U14.1263;U15.1263;U16.1263;U17.1263;U18.1263;U19.1263;U20.1263;U21.1263;U22.1263;U23.1263;U24.1263;U25.1263;U26.1263;U27.1263;U28.1263;U29.1263;U30.1263;U31.1263;U32.1263;U33.1263;U34.1263;U35.1263;U36.1263;U37.1263;U38.1263;U39.1263;U40.1263",-0.567,0.107,7.21722102889869,-1.764,0.007,2.59411922122564,0.395,"none",TRUE,0.0395181179046631,NA
1264,"model3",300,"large",17,0.02,1.24005257291719,0.583917899173684,1,1,1,0,35,2,0.609046452994645,0.593763747807245,"M3",35,"U1.1264;U2.1264;U3.1264;U4.1264;U5.1264;U6.1264;U7.1264;U8.1264;U9.1264;U10.1264;U11.1264;U12.1264;U13.1264;U14.1264;U15.1264;U16.1264;U17.1264;U18.1264;U19.1264;U20.1264;U21.1264;U22.1264;U23.1264;U24.1264;U25.1264;U26.1264;U27.1264;U28.1264;U29.1264;U30.1264;U31.1264;U32.1264;U33.1264;U34.1264;U35.1264",0.454,0.012,29.6969144668404,2.204,0,6.36259044578683,0.001,"T1->T2",FALSE,0.0400400161743164,NA
1265,"model4",300,"large",17,0.48,1.31991844659206,0.628810253809206,1,1,1,0,16,1,0.292176897502273,0.215230219321534,"M4",16,"U1.1265;U2.1265;U3.1265;U4.1265;U5.1265;U6.1265;U7.1265;U8.1265;U9.1265;U10.1265;U11.1265;U12.1265;U13.1265;U14.1265;U15.1265;U16.1265",1.572,0,143.892657133823,0.636,0,272.476944483361,0.7,"T1->T2",FALSE,0.0517959594726562,NA
1266,"model0",670,"large",17,0.46,1.10889876983128,0.50489836523775,1,1,1,3,31,1,0.414798007003274,0.472744127856372,"M0.1",31,"U1.1266;U2.1266;U3.1266;U4.1266;U5.1266;U6.1266;U7.1266;U8.1266;U9.1266;U10.1266;U11.1266;U12.1266;U13.1266;U14.1266;U15.1266;U16.1266;U17.1266;U18.1266;U19.1266;U20.1266;U21.1266;U22.1266;U23.1266;U24.1266;U25.1266;U26.1266;U27.1266;U28.1266;U29.1266;U30.1266;U31.1266",0.008,0.911,196.375056552928,131.362,0,0.0123688232555709,0.062,"none",FALSE,0.0326261520385742,NA
1267,"model1",670,"large",17,0.01,1.00952855986543,0.680709140026011,1,1,1,3,3,9,0.0979329053574829,0.102518060860898,"M1.1",3,"U1.1267;U2.1267;U3.1267",0.59,0.015,26.6462214982503,1.696,0,5.86771566935518,0.543,"T1->T2",FALSE,0.0442359447479248,NA
1268,"model2",670,"large",17,0.37,1.13166989886668,0.67696312838234,1,1,1,3,24,1,0.467322696440053,0.529811330760709,"M2.1",24,"U1.1268;U2.1268;U3.1268;U4.1268;U5.1268;U6.1268;U7.1268;U8.1268;U9.1268;U10.1268;U11.1268;U12.1268;U13.1268;U14.1268;U15.1268;U16.1268;U17.1268;U18.1268;U19.1268;U20.1268;U21.1268;U22.1268;U23.1268;U24.1268",-0.1,0.236,89.5226858054426,-9.995,0,1.40501169307649,0.573,"none",FALSE,0.0317819118499756,NA
1269,"model3",670,"large",17,0.39,1.03516513819341,0.925043301307596,1,1,1,3,14,1,0.210409458559324,0.26104211711761,"M3",14,"U1.1269;U2.1269;U3.1269;U4.1269;U5.1269;U6.1269;U7.1269;U8.1269;U9.1269;U10.1269;U11.1269;U12.1269;U13.1269;U14.1269",1.197,0,209.035738479737,0.836,0,271.19592490185,0.287,"T1->T2",FALSE,0.031466007232666,NA
1270,"model4",670,"large",17,0.22,1.45117797877174,0.636185074341483,1,1,1,3,29,1,0.481058366783399,0.330816453589509,"M4",29,"U1.1270;U2.1270;U3.1270;U4.1270;U5.1270;U6.1270;U7.1270;U8.1270;U9.1270;U10.1270;U11.1270;U12.1270;U13.1270;U14.1270;U15.1270;U16.1270;U17.1270;U18.1270;U19.1270;U20.1270;U21.1270;U22.1270;U23.1270;U24.1270;U25.1270;U26.1270;U27.1270;U28.1270;U29.1270",1.748,0,173.372343827079,0.572,0,410.045110149263,0.638,"T1->T2",FALSE,0.0317888259887695,NA
1271,"model0",1000,"large",17,0.44,1.23130457894877,0.858625277178362,1,1,1,0,16,1,0.23804454619785,0.312005374380554,"M0.1",16,"U1.1271;U2.1271;U3.1271;U4.1271;U5.1271;U6.1271;U7.1271;U8.1271;U9.1271;U10.1271;U11.1271;U12.1271;U13.1271;U14.1271;U15.1271;U16.1271",0.051,0.237,470.745009515295,19.747,0,1.40128237717265,0.077,"none",FALSE,0.0600547790527344,NA
1272,"model1",1000,"large",17,0.19,1.29556530818809,0.959934882470407,1,1,1,0,2,1,0.0537834757809148,0.0533720185472354,"M1.1",2,"U1.1272;U2.1272",0.878,0,474.56027576201,1.139,0,204.651479213603,0.742,"T1->T2",FALSE,0.067080020904541,NA
1273,"model2",1000,"large",17,0.05,1.28896241821349,0.915089809917845,1,1,1,0,36,1,0.588658228963201,0.554791387503927,"M2.1",36,"U1.1273;U2.1273;U3.1273;U4.1273;U5.1273;U6.1273;U7.1273;U8.1273;U9.1273;U10.1273;U11.1273;U12.1273;U13.1273;U14.1273;U15.1273;U16.1273;U17.1273;U18.1273;U19.1273;U20.1273;U21.1273;U22.1273;U23.1273;U24.1273;U25.1273;U26.1273;U27.1273;U28.1273;U29.1273;U30.1273;U31.1273;U32.1273;U33.1273;U34.1273;U35.1273;U36.1273",-0.237,0.105,21.1796570503341,-4.226,0,2.62302313164342,0.652,"none",FALSE,0.0484781265258789,NA
1274,"model3",1000,"large",17,0.37,1.16867988405284,0.572205788805149,1,1,1,0,42,1,0.514902604559717,0.523509097768205,"M3",42,"U1.1274;U2.1274;U3.1274;U4.1274;U5.1274;U6.1274;U7.1274;U8.1274;U9.1274;U10.1274;U11.1274;U12.1274;U13.1274;U14.1274;U15.1274;U16.1274;U17.1274;U18.1274;U19.1274;U20.1274;U21.1274;U22.1274;U23.1274;U24.1274;U25.1274;U26.1274;U27.1274;U28.1274;U29.1274;U30.1274;U31.1274;U32.1274;U33.1274;U34.1274;U35.1274;U36.1274;U37.1274;U38.1274;U39.1274;U40.1274;U41.1274;U42.1274",0.987,0,208.04451281474,1.013,0,200.907864649112,0.105,"T1->T2",FALSE,0.0534188747406006,NA
1275,"model4",1000,"large",17,0.24,1.3247197578894,0.544700589845888,1,1,1,0,44,1,0.520918380203214,0.414352413745347,"M4",44,"U1.1275;U2.1275;U3.1275;U4.1275;U5.1275;U6.1275;U7.1275;U8.1275;U9.1275;U10.1275;U11.1275;U12.1275;U13.1275;U14.1275;U15.1275;U16.1275;U17.1275;U18.1275;U19.1275;U20.1275;U21.1275;U22.1275;U23.1275;U24.1275;U25.1275;U26.1275;U27.1275;U28.1275;U29.1275;U30.1275;U31.1275;U32.1275;U33.1275;U34.1275;U35.1275;U36.1275;U37.1275;U38.1275;U39.1275;U40.1275;U41.1275;U42.1275;U43.1275;U44.1275",1.492,0,268.238391614727,0.67,0,522.845066815205,0.556,"T1->T2",FALSE,0.0539538860321045,NA
1276,"model0",50,"small",18,0.18,0.106897002179176,0.202373583056033,1,1,1,0,39,1,0.962987801121744,0.884016854240651,"M0.1",39,"U1.1276;U2.1276;U3.1276;U4.1276;U5.1276;U6.1276;U7.1276;U8.1276;U9.1276;U10.1276;U11.1276;U12.1276;U13.1276;U14.1276;U15.1276;U16.1276;U17.1276;U18.1276;U19.1276;U20.1276;U21.1276;U22.1276;U23.1276;U24.1276;U25.1276;U26.1276;U27.1276;U28.1276;U29.1276;U30.1276;U31.1276;U32.1276;U33.1276;U34.1276;U35.1276;U36.1276;U37.1276;U38.1276;U39.1276",-0.52,0.687,0.460302026123706,-1.922,0.497,0.162837558695558,0.333,"none",TRUE,0.0439260005950928,NA
1277,"model1",50,"small",18,0.06,0.410150892660022,0.260470173787326,1,1,1,0,19,3,0.809384732350554,0.743723665460693,"M1.1",19,"U1.1277;U2.1277;U3.1277;U4.1277;U5.1277;U6.1277;U7.1277;U8.1277;U9.1277;U10.1277;U11.1277;U12.1277;U13.1277;U14.1277;U15.1277;U16.1277;U17.1277;U18.1277;U19.1277",5.022,0.105,0.0868362033646652,0.199,0.768,2.62525025327457,0.308,"none",TRUE,0.0347518920898438,NA
1278,"model2",50,"small",18,0.04,0.211660203989595,0.247443819977343,1,1,1,0,25,17,0.61955324930612,0.699118863917298,"M2.1",25,"U1.1278;U2.1278;U3.1278;U4.1278;U5.1278;U6.1278;U7.1278;U8.1278;U9.1278;U10.1278;U11.1278;U12.1278;U13.1278;U14.1278;U15.1278;U16.1278;U17.1278;U18.1278;U19.1278;U20.1278;U21.1278;U22.1278;U23.1278;U24.1278;U25.1278",0.42,0.599,1.7224153161237,2.383,0.189,0.276772161311911,0.258,"none",TRUE,0.0352730751037598,NA
1279,"model3",50,"small",18,0.34,0.143140189442784,0.282666462659836,1,1,1,0,44,1,0.996623229085931,0.962340653533048,"M3",44,"U1.1279;U2.1279;U3.1279;U4.1279;U5.1279;U6.1279;U7.1279;U8.1279;U9.1279;U10.1279;U11.1279;U12.1279;U13.1279;U14.1279;U15.1279;U16.1279;U17.1279;U18.1279;U19.1279;U20.1279;U21.1279;U22.1279;U23.1279;U24.1279;U25.1279;U26.1279;U27.1279;U28.1279;U29.1279;U30.1279;U31.1279;U32.1279;U33.1279;U34.1279;U35.1279;U36.1279;U37.1279;U38.1279;U39.1279;U40.1279;U41.1279;U42.1279;U43.1279;U44.1279",3.977,0.074,0.17574351215072,0.251,0.675,3.18433547128843,-0.034,"none",TRUE,0.0347669124603271,NA
1280,"model4",50,"small",18,0.42,0.460663851909339,0.279234632151201,1,1,1,0,44,1,0.95775532613449,0.939952390966409,"M4",44,"U1.1280;U2.1280;U3.1280;U4.1280;U5.1280;U6.1280;U7.1280;U8.1280;U9.1280;U10.1280;U11.1280;U12.1280;U13.1280;U14.1280;U15.1280;U16.1280;U17.1280;U18.1280;U19.1280;U20.1280;U21.1280;U22.1280;U23.1280;U24.1280;U25.1280;U26.1280;U27.1280;U28.1280;U29.1280;U30.1280;U31.1280;U32.1280;U33.1280;U34.1280;U35.1280;U36.1280;U37.1280;U38.1280;U39.1280;U40.1280;U41.1280;U42.1280;U43.1280;U44.1280",0.963,0.09,2.52580151654076,1.038,0.112,2.87490725457098,0.607,"none",TRUE,0.0334229469299316,NA
1281,"model0",150,"small",18,0.26,0.386290823761374,0.287254710728303,1,1,1,0,22,1,0.489273133181086,0.59263691917174,"M0.1",22,"U1.1281;U2.1281;U3.1281;U4.1281;U5.1281;U6.1281;U7.1281;U8.1281;U9.1281;U10.1281;U11.1281;U12.1281;U13.1281;U14.1281;U15.1281;U16.1281;U17.1281;U18.1281;U19.1281;U20.1281;U21.1281;U22.1281",-0.031,0.935,9.5033929321828,-32.197,0.002,0.00671150575837253,0.071,"none",TRUE,0.0338950157165527,NA
1282,"model1",150,"small",18,0.08,0.134076598286629,0.241649109171703,1,1,1,0,29,1,0.642473784593587,0.603072288104738,"M1.1",29,"U1.1282;U2.1282;U3.1282;U4.1282;U5.1282;U6.1282;U7.1282;U8.1282;U9.1282;U10.1282;U11.1282;U12.1282;U13.1282;U14.1282;U15.1282;U16.1282;U17.1282;U18.1282;U19.1282;U20.1282;U21.1282;U22.1282;U23.1282;U24.1282;U25.1282;U26.1282;U27.1282;U28.1282;U29.1282",-0.545,0.694,0.561141287726839,-1.836,0.454,0.154331411592611,0.129,"none",TRUE,0.0328450202941895,NA
1283,"model2",150,"small",18,0.16,0.49092319495976,0.242329800548032,1,1,1,0,47,1,0.673095665454199,0.775749703221548,"M2.1",47,"U1.1283;U2.1283;U3.1283;U4.1283;U5.1283;U6.1283;U7.1283;U8.1283;U9.1283;U10.1283;U11.1283;U12.1283;U13.1283;U14.1283;U15.1283;U16.1283;U17.1283;U18.1283;U19.1283;U20.1283;U21.1283;U22.1283;U23.1283;U24.1283;U25.1283;U26.1283;U27.1283;U28.1283;U29.1283;U30.1283;U31.1283;U32.1283;U33.1283;U34.1283;U35.1283;U36.1283;U37.1283;U38.1283;U39.1283;U40.1283;U41.1283;U42.1283;U43.1283;U44.1283;U45.1283;U46.1283;U47.1283",0.108,0.914,1.17318114700658,9.243,0.279,0.0116351461867851,0.224,"none",TRUE,0.0334179401397705,NA
1284,"model3",150,"small",18,0.13,0.223164927400649,0.240346690453589,1,1,1,0,26,1,0.506193979406498,0.627994327510019,"M3",26,"U1.1284;U2.1284;U3.1284;U4.1284;U5.1284;U6.1284;U7.1284;U8.1284;U9.1284;U10.1284;U11.1284;U12.1284;U13.1284;U14.1284;U15.1284;U16.1284;U17.1284;U18.1284;U19.1284;U20.1284;U21.1284;U22.1284;U23.1284;U24.1284;U25.1284;U26.1284",7.506,0.317,0.0225449192886069,0.133,0.881,1.00307376535283,-0.084,"none",TRUE,0.0367741584777832,NA
1285,"model4",150,"small",18,0.27,0.283801959827542,0.104390416340902,1,1,1,0,27,1,0.588738297705858,0.551788451415974,"M4",27,"U1.1285;U2.1285;U3.1285;U4.1285;U5.1285;U6.1285;U7.1285;U8.1285;U9.1285;U10.1285;U11.1285;U12.1285;U13.1285;U14.1285;U15.1285;U16.1285;U17.1285;U18.1285;U19.1285;U20.1285;U21.1285;U22.1285;U23.1285;U24.1285;U25.1285;U26.1285;U27.1285",0.906,0.369,0.703848366788281,1.104,0.401,0.80800044447387,0.159,"none",TRUE,0.0370609760284424,NA
1286,"model0",300,"small",18,0.15,0.30314674070105,0.129107024753466,1,1,1,0,36,1,0.600656520571376,0.571192561738119,"M0.1",36,"U1.1286;U2.1286;U3.1286;U4.1286;U5.1286;U6.1286;U7.1286;U8.1286;U9.1286;U10.1286;U11.1286;U12.1286;U13.1286;U14.1286;U15.1286;U16.1286;U17.1286;U18.1286;U19.1286;U20.1286;U21.1286;U22.1286;U23.1286;U24.1286;U25.1286;U26.1286;U27.1286;U28.1286;U29.1286;U30.1286;U31.1286;U32.1286;U33.1286;U34.1286;U35.1286;U36.1286",18.46,0.145,0.00608921962317146,0.054,0.938,2.12435001008937,0.085,"none",TRUE,0.0339348316192627,NA
1287,"model1",300,"small",18,0.43,0.205736716277897,0.28163388944231,1,1,1,0,30,1,0.609106816783179,0.558033561878405,"M1.1",30,"U1.1287;U2.1287;U3.1287;U4.1287;U5.1287;U6.1287;U7.1287;U8.1287;U9.1287;U10.1287;U11.1287;U12.1287;U13.1287;U14.1287;U15.1287;U16.1287;U17.1287;U18.1287;U19.1287;U20.1287;U21.1287;U22.1287;U23.1287;U24.1287;U25.1287;U26.1287;U27.1287;U28.1287;U29.1287;U30.1287",0.759,0.059,5.38674814654923,1.318,0.02,3.56050119034126,0.375,"none",TRUE,0.034013032913208,NA
1288,"model2",300,"small",18,0.31,0.306195921264589,0.292117918981239,1,1,1,0,14,1,0.373072763663445,0.361253126769973,"M2.1",14,"U1.1288;U2.1288;U3.1288;U4.1288;U5.1288;U6.1288;U7.1288;U8.1288;U9.1288;U10.1288;U11.1288;U12.1288;U13.1288;U14.1288",-0.64,0.236,2.73872918520746,-1.563,0.098,1.40230184697903,0.3,"none",TRUE,0.0343918800354004,NA
1289,"model3",300,"small",18,0.48,0.338007596880198,0.284543833276257,1,1,1,0,4,1,0.154757772324883,0.15723774742377,"M3",4,"U1.1289;U2.1289;U3.1289;U4.1289",1.297,0,17.603015552596,0.771,0,27.2844222810585,-0.052,"T1->T2",FALSE,0.0338270664215088,NA
1290,"model4",300,"small",18,0.03,0.260031003784388,0.190904692886397,1,1,1,0,33,2,0.57293149339179,0.580316132912332,"M4",33,"U1.1290;U2.1290;U3.1290;U4.1290;U5.1290;U6.1290;U7.1290;U8.1290;U9.1290;U10.1290;U11.1290;U12.1290;U13.1290;U14.1290;U15.1290;U16.1290;U17.1290;U18.1290;U19.1290;U20.1290;U21.1290;U22.1290;U23.1290;U24.1290;U25.1290;U26.1290;U27.1290;U28.1290;U29.1290;U30.1290;U31.1290;U32.1290;U33.1290",-0.111,0.816,4.48203748218668,-9.023,0.034,0.0541808796952585,-0.035,"none",TRUE,0.0333561897277832,NA
1291,"model0",670,"small",18,0.09,0.124166020099074,0.238940628059208,1,1,1,3,6,1,0.144853775711004,0.116425612297145,"M0.1",6,"U1.1291;U2.1291;U3.1291;U4.1291;U5.1291;U6.1291",-3.017,0.299,0.0958849724971141,-0.331,0.757,1.07754288982688,0.002,"none",TRUE,0.0314068794250488,NA
1292,"model1",670,"small",18,0.05,0.459552180580795,0.207957148598507,1,1,1,3,19,1,0.435003361808646,0.431982320851457,"M1.1",19,"U1.1292;U2.1292;U3.1292;U4.1292;U5.1292;U6.1292;U7.1292;U8.1292;U9.1292;U10.1292;U11.1292;U12.1292;U13.1292;U14.1292;U15.1292;U16.1292;U17.1292;U18.1292;U19.1292",0.12,0.788,4.97312930788581,8.341,0.026,0.0721963236696266,0.279,"none",TRUE,0.0315921306610107,NA
1293,"model2",670,"small",18,0.43,0.271806533169001,0.276992406323552,1,1,1,3,10,1,0.200757875675108,0.249901983379035,"M2.1",10,"U1.1293;U2.1293;U3.1293;U4.1293;U5.1293;U6.1293;U7.1293;U8.1293;U9.1293;U10.1293",-0.176,0.558,11.1789073482523,-5.69,0.001,0.343898270779667,0.304,"none",FALSE,0.0319690704345703,NA
1294,"model3",670,"small",18,0.28,0.379860103316605,0.16472290745005,1,1,1,3,17,1,0.449339298770645,0.418447182574803,"M3",17,"U1.1294;U2.1294;U3.1294;U4.1294;U5.1294;U6.1294;U7.1294;U8.1294;U9.1294;U10.1294;U11.1294;U12.1294;U13.1294;U14.1294;U15.1294;U16.1294;U17.1294",1.557,0,12.2461323748744,0.642,0,32.1071533562592,0.103,"T1->T2",FALSE,0.0323090553283691,NA
1295,"model4",670,"small",18,0.47,0.429294136911631,0.136565180495381,1,1,1,3,20,1,0.458005474455274,0.299052759890189,"M4",20,"U1.1295;U2.1295;U3.1295;U4.1295;U5.1295;U6.1295;U7.1295;U8.1295;U9.1295;U10.1295;U11.1295;U12.1295;U13.1295;U14.1295;U15.1295;U16.1295;U17.1295;U18.1295;U19.1295;U20.1295",1.076,0,50.6538731471565,0.929,0,68.434395855043,0.023,"T1->T2",FALSE,0.0463550090789795,NA
1296,"model0",1000,"small",18,0.11,0.422675600275397,0.102225093217567,1,1,1,0,23,1,0.473465057689434,0.552593887153295,"M0.1",23,"U1.1296;U2.1296;U3.1296;U4.1296;U5.1296;U6.1296;U7.1296;U8.1296;U9.1296;U10.1296;U11.1296;U12.1296;U13.1296;U14.1296;U15.1296;U16.1296;U17.1296;U18.1296;U19.1296;U20.1296;U21.1296;U22.1296;U23.1296",-0.301,0.254,17.8496602485682,-3.317,0,1.30200645106145,-0.187,"none",FALSE,0.0508089065551758,NA
1297,"model1",1000,"small",18,0.15,0.107423817273229,0.125656081456691,1,1,1,0,6,1,0.144053903645779,0.113126277916029,"M1.1",6,"U1.1297;U2.1297;U3.1297;U4.1297;U5.1297;U6.1297",0.153,0.848,1.49567959310487,6.528,0.221,0.0367854601750657,0.135,"none",TRUE,0.0497810840606689,NA
1298,"model2",1000,"small",18,0.21,0.252550473902375,0.110448209056631,1,1,1,0,44,1,0.585748268657305,0.583459617082214,"M2.1",44,"U1.1298;U2.1298;U3.1298;U4.1298;U5.1298;U6.1298;U7.1298;U8.1298;U9.1298;U10.1298;U11.1298;U12.1298;U13.1298;U14.1298;U15.1298;U16.1298;U17.1298;U18.1298;U19.1298;U20.1298;U21.1298;U22.1298;U23.1298;U24.1298;U25.1298;U26.1298;U27.1298;U28.1298;U29.1298;U30.1298;U31.1298;U32.1298;U33.1298;U34.1298;U35.1298;U36.1298;U37.1298;U38.1298;U39.1298;U40.1298;U41.1298;U42.1298;U43.1298;U44.1298",-0.275,0.279,15.6827633713064,-3.632,0,1.17294983846253,0.03,"none",FALSE,0.0506758689880371,NA
1299,"model3",1000,"small",18,0.5,0.474632343370467,0.105291306041181,1,1,1,0,31,1,0.501209038525632,0.495869661973172,"M3",31,"U1.1299;U2.1299;U3.1299;U4.1299;U5.1299;U6.1299;U7.1299;U8.1299;U9.1299;U10.1299;U11.1299;U12.1299;U13.1299;U14.1299;U15.1299;U16.1299;U17.1299;U18.1299;U19.1299;U20.1299;U21.1299;U22.1299;U23.1299;U24.1299;U25.1299;U26.1299;U27.1299;U28.1299;U29.1299;U30.1299;U31.1299",1.062,0,44.8247500462951,0.941,0,48.4759285265387,-0.117,"T1->T2",FALSE,0.0499861240386963,NA
1300,"model4",1000,"small",18,0.37,0.157361883390695,0.17093153805472,1,1,1,0,37,1,0.56033541397758,0.574689462201805,"M4",37,"U1.1300;U2.1300;U3.1300;U4.1300;U5.1300;U6.1300;U7.1300;U8.1300;U9.1300;U10.1300;U11.1300;U12.1300;U13.1300;U14.1300;U15.1300;U16.1300;U17.1300;U18.1300;U19.1300;U20.1300;U21.1300;U22.1300;U23.1300;U24.1300;U25.1300;U26.1300;U27.1300;U28.1300;U29.1300;U30.1300;U31.1300;U32.1300;U33.1300;U34.1300;U35.1300;U36.1300;U37.1300",1.472,0,7.41877080328436,0.679,0.006,12.9293347863502,0.319,"none",TRUE,0.0517909526824951,NA
1301,"model0",50,"medium",18,0.16,0.513221263419837,0.329979145526886,1,1,1,0,6,1,0.241585752106488,0.336405424759635,"M0.1",6,"U1.1301;U2.1301;U3.1301;U4.1301;U5.1301;U6.1301",0.119,0.662,12.8876135514066,8.438,0,0.191449088746513,0.072,"none",FALSE,0.0462698936462402,NA
1302,"model1",50,"medium",18,0.39,0.818824521265924,0.448528776271269,1,1,1,0,44,1,0.955572781567227,0.908154041301772,"M1.1",44,"U1.1302;U2.1302;U3.1302;U4.1302;U5.1302;U6.1302;U7.1302;U8.1302;U9.1302;U10.1302;U11.1302;U12.1302;U13.1302;U14.1302;U15.1302;U16.1302;U17.1302;U18.1302;U19.1302;U20.1302;U21.1302;U22.1302;U23.1302;U24.1302;U25.1302;U26.1302;U27.1302;U28.1302;U29.1302;U30.1302;U31.1302;U32.1302;U33.1302;U34.1302;U35.1302;U36.1302;U37.1302;U38.1302;U39.1302;U40.1302;U41.1302;U42.1302;U43.1302;U44.1302",0.664,0.227,4.17015949725081,1.507,0.041,1.45749899635121,0.603,"none",TRUE,0.034106969833374,NA
1303,"model2",50,"medium",18,0.45,0.930793712264858,0.392176730325446,1,1,1,0,10,1,0.534496392492061,0.615084953519311,"M2.1",10,"U1.1303;U2.1303;U3.1303;U4.1303;U5.1303;U6.1303;U7.1303;U8.1303;U9.1303;U10.1303",0.278,0.322,13.6575361407524,3.595,0,0.979219647642819,0.374,"none",FALSE,0.0424389839172363,NA
1304,"model3",50,"medium",18,0.28,0.81964846723713,0.362253081146628,1,1,1,0,28,2,0.836761627038887,0.655429502176839,"M3",28,"U1.1304;U2.1304;U3.1304;U4.1304;U5.1304;U6.1304;U7.1304;U8.1304;U9.1304;U10.1304;U11.1304;U12.1304;U13.1304;U14.1304;U15.1304;U16.1304;U17.1304;U18.1304;U19.1304;U20.1304;U21.1304;U22.1304;U23.1304;U24.1304;U25.1304;U26.1304;U27.1304;U28.1304",0.725,0.009,12.6260863981263,1.379,0,6.74489547840051,0.123,"T1->T2",FALSE,0.0338411331176758,NA
1305,"model4",50,"medium",18,0.18,0.662617783760652,0.410730191506445,1,1,1,0,15,1,0.459977382955563,0.669200404693371,"M4",15,"U1.1305;U2.1305;U3.1305;U4.1305;U5.1305;U6.1305;U7.1305;U8.1305;U9.1305;U10.1305;U11.1305;U12.1305;U13.1305;U14.1305;U15.1305",1.347,0.002,8.48136772068918,0.742,0.004,9.1937579614898,0.568,"none",TRUE,0.035006046295166,NA
1306,"model0",150,"medium",18,0.08,0.5648012093734,0.492517204163596,1,1,1,0,21,2,0.607684806446961,0.454505303823814,"M0.1",21,"U1.1306;U2.1306;U3.1306;U4.1306;U5.1306;U6.1306;U7.1306;U8.1306;U9.1306;U10.1306;U11.1306;U12.1306;U13.1306;U14.1306;U15.1306;U16.1306;U17.1306;U18.1306;U19.1306;U20.1306;U21.1306",-1.072,0.146,1.29688237649956,-0.932,0.255,2.1152877152648,0.061,"none",TRUE,0.0341479778289795,NA
1307,"model1",150,"medium",18,0.13,0.813943797256798,0.323626008676365,1,1,1,0,11,1,0.216511647550209,0.337097035234161,"M1.1",11,"U1.1307;U2.1307;U3.1307;U4.1307;U5.1307;U6.1307;U7.1307;U8.1307;U9.1307;U10.1307;U11.1307",0.612,0.109,7.90999899041439,1.635,0.005,2.57530586533454,0.382,"none",TRUE,0.0354259014129639,NA
1308,"model2",150,"medium",18,0.13,0.747353988699615,0.466264072386548,1,1,1,0,40,1,0.676855714459281,0.697268500450576,"M2.1",40,"U1.1308;U2.1308;U3.1308;U4.1308;U5.1308;U6.1308;U7.1308;U8.1308;U9.1308;U10.1308;U11.1308;U12.1308;U13.1308;U14.1308;U15.1308;U16.1308;U17.1308;U18.1308;U19.1308;U20.1308;U21.1308;U22.1308;U23.1308;U24.1308;U25.1308;U26.1308;U27.1308;U28.1308;U29.1308;U30.1308;U31.1308;U32.1308;U33.1308;U34.1308;U35.1308;U36.1308;U37.1308;U38.1308;U39.1308;U40.1308",0.346,0.376,6.73507612447744,2.886,0.009,0.784936796111421,0.377,"none",TRUE,0.0325279235839844,NA
1309,"model3",150,"medium",18,0.42,0.787886887090281,0.465164143685251,1,1,1,0,12,1,0.305361704696034,0.267442931971145,"M3",12,"U1.1309;U2.1309;U3.1309;U4.1309;U5.1309;U6.1309;U7.1309;U8.1309;U9.1309;U10.1309;U11.1309;U12.1309",0.992,0,42.3029339866882,1.008,0,35.7785107201642,0.234,"T1->T2",FALSE,0.0418410301208496,NA
1310,"model4",150,"medium",18,0.45,0.869926663930528,0.425475657079369,1,1,1,0,50,1,0.736258131404881,0.762944714860924,"M4",50,"U1.1310;U2.1310;U3.1310;U4.1310;U5.1310;U6.1310;U7.1310;U8.1310;U9.1310;U10.1310;U11.1310;U12.1310;U13.1310;U14.1310;U15.1310;U16.1310;U17.1310;U18.1310;U19.1310;U20.1310;U21.1310;U22.1310;U23.1310;U24.1310;U25.1310;U26.1310;U27.1310;U28.1310;U29.1310;U30.1310;U31.1310;U32.1310;U33.1310;U34.1310;U35.1310;U36.1310;U37.1310;U38.1310;U39.1310;U40.1310;U41.1310;U42.1310;U43.1310;U44.1310;U45.1310;U46.1310;U47.1310;U48.1310;U49.1310;U50.1310",2.264,0,9.96837463791152,0.442,0.002,51.6967572393211,0.416,"none",TRUE,0.0502619743347168,NA
1311,"model0",300,"medium",18,0.16,0.525666525354609,0.442231104942039,1,1,1,0,25,1,0.530044264569638,0.467500936492008,"M0.1",25,"U1.1311;U2.1311;U3.1311;U4.1311;U5.1311;U6.1311;U7.1311;U8.1311;U9.1311;U10.1311;U11.1311;U12.1311;U13.1311;U14.1311;U15.1311;U16.1311;U17.1311;U18.1311;U19.1311;U20.1311;U21.1311;U22.1311;U23.1311;U24.1311;U25.1311",0.3,0.27,13.4277637577726,3.338,0,1.21603272640851,-0.077,"none",FALSE,0.0373871326446533,NA
1312,"model1",300,"medium",18,0.14,0.694510013214312,0.464608179684728,1,1,1,0,49,1,0.723463292305475,0.609308803133278,"M1.1",49,"U1.1312;U2.1312;U3.1312;U4.1312;U5.1312;U6.1312;U7.1312;U8.1312;U9.1312;U10.1312;U11.1312;U12.1312;U13.1312;U14.1312;U15.1312;U16.1312;U17.1312;U18.1312;U19.1312;U20.1312;U21.1312;U22.1312;U23.1312;U24.1312;U25.1312;U26.1312;U27.1312;U28.1312;U29.1312;U30.1312;U31.1312;U32.1312;U33.1312;U34.1312;U35.1312;U36.1312;U37.1312;U38.1312;U39.1312;U40.1312;U41.1312;U42.1312;U43.1312;U44.1312;U45.1312;U46.1312;U47.1312;U48.1312;U49.1312",0.353,0.158,14.3377114547741,2.832,0,1.99275971652381,0.472,"none",FALSE,0.0401990413665771,NA
1313,"model2",300,"medium",18,0.25,0.707043261965737,0.314706430304796,1,1,1,0,20,1,0.46198285935459,0.525788233891993,"M2.1",20,"U1.1313;U2.1313;U3.1313;U4.1313;U5.1313;U6.1313;U7.1313;U8.1313;U9.1313;U10.1313;U11.1313;U12.1313;U13.1313;U14.1313;U15.1313;U16.1313;U17.1313;U18.1313;U19.1313;U20.1313",0.036,0.831,26.5776721206431,27.423,0,0.0456947209540233,0.357,"none",FALSE,0.0341720581054688,NA
1314,"model3",300,"medium",18,0.04,0.958419639035128,0.453549270052463,1,1,1,0,12,10,0.318785017194091,0.339891804591477,"M3",12,"U1.1314;U2.1314;U3.1314;U4.1314;U5.1314;U6.1314;U7.1314;U8.1314;U9.1314;U10.1314;U11.1314;U12.1314",1.445,0.013,3.12434735591253,0.692,0.077,6.1103774998239,-0.097,"none",TRUE,0.0342299938201904,NA
1315,"model4",300,"medium",18,0.2,0.798594230902381,0.322899599932134,1,1,1,0,19,1,0.418237936021895,0.252000555276282,"M4",19,"U1.1315;U2.1315;U3.1315;U4.1315;U5.1315;U6.1315;U7.1315;U8.1315;U9.1315;U10.1315;U11.1315;U12.1315;U13.1315;U14.1315;U15.1315;U16.1315;U17.1315;U18.1315;U19.1315",1.127,0,26.4991133899429,0.888,0,39.9906367958088,0.23,"T1->T2",FALSE,0.0363998413085938,NA
1316,"model0",670,"medium",18,0.21,0.845275941304862,0.319785769283772,1,1,1,3,11,1,0.286243938292532,0.234835229359127,"M0.1",11,"U1.1316;U2.1316;U3.1316;U4.1316;U5.1316;U6.1316;U7.1316;U8.1316;U9.1316;U10.1316;U11.1316",0.013,0.878,104.170513428008,74.242,0,0.0235023787520378,-0.075,"none",FALSE,0.0447680950164795,NA
1317,"model1",670,"medium",18,0.04,0.783055976964533,0.364633481716737,1,1,1,3,25,5,0.498971459468797,0.459993948037078,"M1.1",25,"U1.1317;U2.1317;U3.1317;U4.1317;U5.1317;U6.1317;U7.1317;U8.1317;U9.1317;U10.1317;U11.1317;U12.1317;U13.1317;U14.1317;U15.1317;U16.1317;U17.1317;U18.1317;U19.1317;U20.1317;U21.1317;U22.1317;U23.1317;U24.1317;U25.1317",0.34,0.103,27.4980505405429,2.938,0,2.65706578796762,0.476,"none",FALSE,0.0473630428314209,NA
1318,"model2",670,"medium",18,0.44,0.563373821089044,0.438641158863902,1,1,1,3,31,1,0.503747730600726,0.559622593222385,"M2.1",31,"U1.1318;U2.1318;U3.1318;U4.1318;U5.1318;U6.1318;U7.1318;U8.1318;U9.1318;U10.1318;U11.1318;U12.1318;U13.1318;U14.1318;U15.1318;U16.1318;U17.1318;U18.1318;U19.1318;U20.1318;U21.1318;U22.1318;U23.1318;U24.1318;U25.1318;U26.1318;U27.1318;U28.1318;U29.1318;U30.1318;U31.1318",-0.156,0.275,47.4292333672997,-6.431,0,1.19026841403335,0.332,"none",FALSE,0.0464890003204346,NA
1319,"model3",670,"medium",18,0.35,0.993245220044628,0.484439851716161,1,1,1,3,38,1,0.531833268332139,0.554748850621651,"M3",38,"U1.1319;U2.1319;U3.1319;U4.1319;U5.1319;U6.1319;U7.1319;U8.1319;U9.1319;U10.1319;U11.1319;U12.1319;U13.1319;U14.1319;U15.1319;U16.1319;U17.1319;U18.1319;U19.1319;U20.1319;U21.1319;U22.1319;U23.1319;U24.1319;U25.1319;U26.1319;U27.1319;U28.1319;U29.1319;U30.1319;U31.1319;U32.1319;U33.1319;U34.1319;U35.1319;U36.1319;U37.1319;U38.1319",0.867,0,187.297982253353,1.153,0,130.751192256871,0.322,"T1->T2",FALSE,0.0432629585266113,NA
1320,"model4",670,"medium",18,0.21,0.556614888133481,0.335018847556785,1,1,1,3,4,1,0.132347334848119,0.159561821090449,"M4",4,"U1.1320;U2.1320;U3.1320;U4.1320",1.339,0,65.2542314474656,0.747,0,109.361724267524,0.398,"T1->T2",FALSE,0.0507750511169434,NA
1321,"model0",1000,"medium",18,0.28,0.998421558528207,0.361938179889694,1,1,1,0,11,1,0.209049166604501,0.284529132646536,"M0.1",11,"U1.1321;U2.1321;U3.1321;U4.1321;U5.1321;U6.1321;U7.1321;U8.1321;U9.1321;U10.1321;U11.1321",0.093,0.172,237.211178535865,10.799,0,1.86278968968195,0.099,"none",FALSE,0.0641248226165771,NA
1322,"model1",1000,"medium",18,0.01,0.754524676711299,0.403143853554502,1,1,1,0,3,31,0.0341550476083263,0.0545176433857662,"M1.1",3,"U1.1322;U2.1322;U3.1322",0.097,0.797,8.06427217774223,10.342,0.005,0.0659454618552887,0.391,"none",TRUE,0.0400478839874268,NA
1323,"model2",1000,"medium",18,0.12,0.763175948872231,0.469532717624679,1,1,1,0,40,1,0.570592440727918,0.570659664680299,"M2.1",40,"U1.1323;U2.1323;U3.1323;U4.1323;U5.1323;U6.1323;U7.1323;U8.1323;U9.1323;U10.1323;U11.1323;U12.1323;U13.1323;U14.1323;U15.1323;U16.1323;U17.1323;U18.1323;U19.1323;U20.1323;U21.1323;U22.1323;U23.1323;U24.1323;U25.1323;U26.1323;U27.1323;U28.1323;U29.1323;U30.1323;U31.1323;U32.1323;U33.1323;U34.1323;U35.1323;U36.1323;U37.1323;U38.1323;U39.1323;U40.1323",0.155,0.276,39.1003609606851,6.471,0,1.18768770154729,0.494,"none",FALSE,0.0435960292816162,NA
1324,"model3",1000,"medium",18,0.08,0.986858514370397,0.353697238117456,1,1,1,0,10,1,0.358116441290477,0.205741598993401,"M3",10,"U1.1324;U2.1324;U3.1324;U4.1324;U5.1324;U6.1324;U7.1324;U8.1324;U9.1324;U10.1324",1.011,0,88.9926114538791,0.99,0,100.664501693689,-0.038,"T1->T2",FALSE,0.0392000675201416,NA
1325,"model4",1000,"medium",18,0.34,0.882490753079765,0.312796262511984,1,1,1,0,10,1,0.149546472525808,0.181979453973776,"M4",10,"U1.1325;U2.1325;U3.1325;U4.1325;U5.1325;U6.1325;U7.1325;U8.1325;U9.1325;U10.1325",1.262,0,325.154565481829,0.792,0,447.786794578206,0.519,"T1->T2",FALSE,0.0418109893798828,NA
1326,"model0",50,"large",18,0.21,1.4551063029794,0.743002005270682,1,1,1,0,29,1,0.650023550621014,0.868134570748303,"M0.1",29,"U1.1326;U2.1326;U3.1326;U4.1326;U5.1326;U6.1326;U7.1326;U8.1326;U9.1326;U10.1326;U11.1326;U12.1326;U13.1326;U14.1326;U15.1326;U16.1326;U17.1326;U18.1326;U19.1326;U20.1326;U21.1326;U22.1326;U23.1326;U24.1326;U25.1326;U26.1326;U27.1326;U28.1326;U29.1326",0.203,0.532,10.0375352414048,4.915,0.002,0.390531790429578,0.151,"none",FALSE,0.0344657897949219,NA
1327,"model1",50,"large",18,0.37,1.42905605607666,0.832312131533399,1,1,1,0,44,1,0.94047988117886,0.929519344039956,"M1.1",44,"U1.1327;U2.1327;U3.1327;U4.1327;U5.1327;U6.1327;U7.1327;U8.1327;U9.1327;U10.1327;U11.1327;U12.1327;U13.1327;U14.1327;U15.1327;U16.1327;U17.1327;U18.1327;U19.1327;U20.1327;U21.1327;U22.1327;U23.1327;U24.1327;U25.1327;U26.1327;U27.1327;U28.1327;U29.1327;U30.1327;U31.1327;U32.1327;U33.1327;U34.1327;U35.1327;U36.1327;U37.1327;U38.1327;U39.1327;U40.1327;U41.1327;U42.1327;U43.1327;U44.1327",0.906,0.002,23.614486211193,1.103,0,9.51546365799143,0.814,"T1->T2",FALSE,0.0325520038604736,NA
1328,"model2",50,"large",18,0.33,1.07688398868777,0.878046377678402,1,1,1,0,20,1,0.678559771991968,0.645445866941571,"M2.1",20,"U1.1328;U2.1328;U3.1328;U4.1328;U5.1328;U6.1328;U7.1328;U8.1328;U9.1328;U10.1328;U11.1328;U12.1328;U13.1328;U14.1328;U15.1328;U16.1328;U17.1328;U18.1328;U19.1328;U20.1328",0,0.999,7.30185212355772,-4805.402,0.007,5.71962969578857e-07,0.686,"none",TRUE,0.0321152210235596,NA
1329,"model3",50,"large",18,0.03,1.4971194799291,0.754251643549651,1,1,1,0,3,28,0.260398008123582,0.141566636175346,"M3",3,"U1.1329;U2.1329;U3.1329",1.676,0,5.04717150466122,0.597,0.025,22.4444417737862,0.151,"none",TRUE,0.030540943145752,NA
1330,"model4",50,"large",18,0.3,1.08316553535406,0.898136871517636,1,1,1,0,9,1,0.539109773346688,0.438762536050725,"M4",9,"U1.1330;U2.1330;U3.1330;U4.1330;U5.1330;U6.1330;U7.1330;U8.1330;U9.1330",2.072,0,20.6589635826768,0.483,0,30.4778467838548,0.758,"T1->T2",FALSE,0.0320069789886475,NA
1331,"model0",150,"large",18,0.16,1.12119658524171,0.502015955047682,1,1,1,0,16,1,0.385429501728634,0.457251669950287,"M0.1",16,"U1.1331;U2.1331;U3.1331;U4.1331;U5.1331;U6.1331;U7.1331;U8.1331;U9.1331;U10.1331;U11.1331;U12.1331;U13.1331;U14.1331;U15.1331;U16.1331",0.104,0.495,47.9491350961094,9.618,0,0.465759936951397,0.153,"none",FALSE,0.0345950126647949,NA
1332,"model1",150,"large",18,0.46,1.12867127452046,0.942055840278044,1,1,1,0,17,1,0.302557699054693,0.346293401863604,"M1.1",17,"U1.1332;U2.1332;U3.1332;U4.1332;U5.1332;U6.1332;U7.1332;U8.1332;U9.1332;U10.1332;U11.1332;U12.1332;U13.1332;U14.1332;U15.1332;U16.1332;U17.1332",0.874,0,69.8591082216474,1.145,0,28.7850734003037,0.745,"T1->T2",FALSE,0.0316100120544434,NA
1333,"model2",150,"large",18,0.23,1.48948297183961,0.638409353327006,1,1,1,0,11,1,0.164307284454638,0.286002214570932,"M2.1",11,"U1.1333;U2.1333;U3.1333;U4.1333;U5.1333;U6.1333;U7.1333;U8.1333;U9.1333;U10.1333;U11.1333",0.126,0.231,72.1520664127348,7.912,0,1.43765058877527,0.559,"none",FALSE,0.0321879386901855,NA
1334,"model3",150,"large",18,0.46,1.23450357711408,0.583462246577255,1,1,1,0,50,1,0.629313730600342,0.623321834638674,"M3",50,"U1.1334;U2.1334;U3.1334;U4.1334;U5.1334;U6.1334;U7.1334;U8.1334;U9.1334;U10.1334;U11.1334;U12.1334;U13.1334;U14.1334;U15.1334;U16.1334;U17.1334;U18.1334;U19.1334;U20.1334;U21.1334;U22.1334;U23.1334;U24.1334;U25.1334;U26.1334;U27.1334;U28.1334;U29.1334;U30.1334;U31.1334;U32.1334;U33.1334;U34.1334;U35.1334;U36.1334;U37.1334;U38.1334;U39.1334;U40.1334;U41.1334;U42.1334;U43.1334;U44.1334;U45.1334;U46.1334;U47.1334;U48.1334;U49.1334;U50.1334",1.128,0,38.1820606878985,0.887,0,45.7682537210759,0.349,"T1->T2",FALSE,0.0314760208129883,NA
1335,"model4",150,"large",18,0.28,1.21081860014237,0.83795107761398,1,1,1,0,40,1,0.581089277684893,0.44248968776071,"M4",40,"U1.1335;U2.1335;U3.1335;U4.1335;U5.1335;U6.1335;U7.1335;U8.1335;U9.1335;U10.1335;U11.1335;U12.1335;U13.1335;U14.1335;U15.1335;U16.1335;U17.1335;U18.1335;U19.1335;U20.1335;U21.1335;U22.1335;U23.1335;U24.1335;U25.1335;U26.1335;U27.1335;U28.1335;U29.1335;U30.1335;U31.1335;U32.1335;U33.1335;U34.1335;U35.1335;U36.1335;U37.1335;U38.1335;U39.1335;U40.1335",2.279,0,19.1418513044796,0.439,0,74.0325277854929,0.62,"T1->T2",FALSE,0.0334300994873047,NA
1336,"model0",300,"large",18,0.33,1.04191714141052,0.821096387575381,1,1,1,0,1,1,0.00497390766730438,0.0675790605720607,"M0.1",1,"U1.1336",-0.105,0.213,152.704649645695,-9.486,0,1.55319816334707,0.047,"none",FALSE,0.0486738681793213,NA
1337,"model1",300,"large",18,0.08,1.39181832957547,0.627596155158244,1,1,1,0,45,1,0.66130381806048,0.701161787693917,"M1.1",45,"U1.1337;U2.1337;U3.1337;U4.1337;U5.1337;U6.1337;U7.1337;U8.1337;U9.1337;U10.1337;U11.1337;U12.1337;U13.1337;U14.1337;U15.1337;U16.1337;U17.1337;U18.1337;U19.1337;U20.1337;U21.1337;U22.1337;U23.1337;U24.1337;U25.1337;U26.1337;U27.1337;U28.1337;U29.1337;U30.1337;U31.1337;U32.1337;U33.1337;U34.1337;U35.1337;U36.1337;U37.1337;U38.1337;U39.1337;U40.1337;U41.1337;U42.1337;U43.1337;U44.1337;U45.1337",0.523,0.002,52.8159447830997,1.912,0,9.97254644798505,0.571,"T1->T2",FALSE,0.0367298126220703,NA
1338,"model2",300,"large",18,0.17,1.3499508042587,0.873857563710772,1,1,1,0,17,1,0.37493712210449,0.408757831930541,"M2.1",17,"U1.1338;U2.1338;U3.1338;U4.1338;U5.1338;U6.1338;U7.1338;U8.1338;U9.1338;U10.1338;U11.1338;U12.1338;U13.1338;U14.1338;U15.1338;U16.1338;U17.1338",0.172,0.044,75.8774393113124,5.823,0,4.05848480082911,0.621,"T1->T2",FALSE,0.0316669940948486,NA
1339,"model3",300,"large",18,0.01,1.36813006922603,0.939228541101329,1,1,1,0,37,7,0.6926347236371,0.59019215870633,"M3",37,"U1.1339;U2.1339;U3.1339;U4.1339;U5.1339;U6.1339;U7.1339;U8.1339;U9.1339;U10.1339;U11.1339;U12.1339;U13.1339;U14.1339;U15.1339;U16.1339;U17.1339;U18.1339;U19.1339;U20.1339;U21.1339;U22.1339;U23.1339;U24.1339;U25.1339;U26.1339;U27.1339;U28.1339;U29.1339;U30.1339;U31.1339;U32.1339;U33.1339;U34.1339;U35.1339;U36.1339;U37.1339",0.747,0.014,9.12269651214472,1.339,0.003,5.99708801170865,0.186,"none",TRUE,0.0426478385925293,NA
1340,"model4",300,"large",18,0.33,1.00395537284203,0.755640710587613,1,1,1,0,33,1,0.572258054926312,0.394145062637891,"M4",33,"U1.1340;U2.1340;U3.1340;U4.1340;U5.1340;U6.1340;U7.1340;U8.1340;U9.1340;U10.1340;U11.1340;U12.1340;U13.1340;U14.1340;U15.1340;U16.1340;U17.1340;U18.1340;U19.1340;U20.1340;U21.1340;U22.1340;U23.1340;U24.1340;U25.1340;U26.1340;U27.1340;U28.1340;U29.1340;U30.1340;U31.1340;U32.1340;U33.1340",2.213,0,21.8737723427353,0.452,0,85.5596020943183,0.532,"T1->T2",FALSE,0.0341591835021973,NA
1341,"model0",670,"large",18,0.07,1.08633529767394,0.802326788892969,1,1,1,3,6,1,0.109328529797304,0.170695705101832,"M0.1",6,"U1.1341;U2.1341;U3.1341;U4.1341;U5.1341;U6.1341",-0.01,0.933,84.8989473170016,-97.009,0,0.00706253045036066,-0.013,"none",FALSE,0.057974100112915,NA
1342,"model1",670,"large",18,0.17,1.05202568182722,0.788408164167777,1,1,1,3,25,1,0.38293564674716,0.480112217311778,"M1.1",25,"U1.1342;U2.1342;U3.1342;U4.1342;U5.1342;U6.1342;U7.1342;U8.1342;U9.1342;U10.1342;U11.1342;U12.1342;U13.1342;U14.1342;U15.1342;U16.1342;U17.1342;U18.1342;U19.1342;U20.1342;U21.1342;U22.1342;U23.1342;U24.1342;U25.1342",0.887,0,104.36602600786,1.128,0,43.2503349433273,0.696,"T1->T2",FALSE,0.0464930534362793,NA
1343,"model2",670,"large",18,0.15,1.40326624992304,0.766268348088488,1,1,1,3,44,1,0.593478905349599,0.644739271220206,"M2.1",44,"U1.1343;U2.1343;U3.1343;U4.1343;U5.1343;U6.1343;U7.1343;U8.1343;U9.1343;U10.1343;U11.1343;U12.1343;U13.1343;U14.1343;U15.1343;U16.1343;U17.1343;U18.1343;U19.1343;U20.1343;U21.1343;U22.1343;U23.1343;U24.1343;U25.1343;U26.1343;U27.1343;U28.1343;U29.1343;U30.1343;U31.1343;U32.1343;U33.1343;U34.1343;U35.1343;U36.1343;U37.1343;U38.1343;U39.1343;U40.1343;U41.1343;U42.1343;U43.1343;U44.1343",-0.2,0.062,45.082985683282,-5.01,0,3.49450009822684,0.641,"none",FALSE,0.0448930263519287,NA
1344,"model3",670,"large",18,0.23,1.14860825485084,0.57453291292768,1,1,1,3,12,1,0.315417385146125,0.259043181685211,"M3",12,"U1.1344;U2.1344;U3.1344;U4.1344;U5.1344;U6.1344;U7.1344;U8.1344;U9.1344;U10.1344;U11.1344;U12.1344",0.88,0,226.477288809294,1.136,0,178.921320364018,0.305,"T1->T2",FALSE,0.0474519729614258,NA
1345,"model4",670,"large",18,0.04,1.19305490085389,0.547086692298763,1,1,1,3,19,1,0.362335124691618,0.429476362033875,"M4",19,"U1.1345;U2.1345;U3.1345;U4.1345;U5.1345;U6.1345;U7.1345;U8.1345;U9.1345;U10.1345;U11.1345;U12.1345;U13.1345;U14.1345;U15.1345;U16.1345;U17.1345;U18.1345;U19.1345",1.557,0,50.3755583583016,0.642,0,79.7941250762949,0.6,"T1->T2",FALSE,0.049144983291626,NA
1346,"model0",1000,"large",18,0.49,1.33191016549245,0.759317508549429,1,1,1,0,23,1,0.356366913101138,0.452198694023281,"M0.1",23,"U1.1346;U2.1346;U3.1346;U4.1346;U5.1346;U6.1346;U7.1346;U8.1346;U9.1346;U10.1346;U11.1346;U12.1346;U13.1346;U14.1346;U15.1346;U16.1346;U17.1346;U18.1346;U19.1346;U20.1346;U21.1346;U22.1346;U23.1346",0.029,0.518,510.159596881756,34.988,0,0.41696469696521,0.052,"none",FALSE,0.0514941215515137,NA
1347,"model1",1000,"large",18,0.25,1.00472603726666,0.715335162356496,1,1,1,0,9,1,0.224878580971536,0.29542451527601,"M1.1",9,"U1.1347;U2.1347;U3.1347;U4.1347;U5.1347;U6.1347;U7.1347;U8.1347;U9.1347",0.697,0,181.781514614688,1.435,0,55.2891346970112,0.635,"T1->T2",FALSE,0.0358099937438965,NA
1348,"model2",1000,"large",18,0.48,1.3883253140375,0.5968772895867,1,1,1,0,33,1,0.443020970988532,0.573929359097988,"M2.1",33,"U1.1348;U2.1348;U3.1348;U4.1348;U5.1348;U6.1348;U7.1348;U8.1348;U9.1348;U10.1348;U11.1348;U12.1348;U13.1348;U14.1348;U15.1348;U16.1348;U17.1348;U18.1348;U19.1348;U20.1348;U21.1348;U22.1348;U23.1348;U24.1348;U25.1348;U26.1348;U27.1348;U28.1348;U29.1348;U30.1348;U31.1348;U32.1348;U33.1348",0.014,0.774,292.568145185558,73.143,0,0.0823204231964733,0.476,"none",FALSE,0.0369417667388916,NA
1349,"model3",1000,"large",18,0.09,1.28365894721355,0.739631181000732,1,1,1,0,4,1,0.137687202860202,0.105119214374915,"M3",4,"U1.1349;U2.1349;U3.1349;U4.1349",1.074,0,155.054462917111,0.931,0,165.318175754168,0.246,"T1->T2",FALSE,0.0373640060424805,NA
1350,"model4",1000,"large",18,0.17,1.35832246765494,0.650440139928833,1,1,1,0,30,1,0.452238721326226,0.40079471933753,"M4",30,"U1.1350;U2.1350;U3.1350;U4.1350;U5.1350;U6.1350;U7.1350;U8.1350;U9.1350;U10.1350;U11.1350;U12.1350;U13.1350;U14.1350;U15.1350;U16.1350;U17.1350;U18.1350;U19.1350;U20.1350;U21.1350;U22.1350;U23.1350;U24.1350;U25.1350;U26.1350;U27.1350;U28.1350;U29.1350;U30.1350",1.516,0,320.483897943246,0.66,0,502.054256834084,0.619,"T1->T2",FALSE,0.0386588573455811,NA
1351,"model0",50,"small",19,0.23,0.26233249688521,0.282918767957017,1,1,1,0,28,1,0.803985041443433,0.795965882397571,"M0.1",28,"U1.1351;U2.1351;U3.1351;U4.1351;U5.1351;U6.1351;U7.1351;U8.1351;U9.1351;U10.1351;U11.1351;U12.1351;U13.1351;U14.1351;U15.1351;U16.1351;U17.1351;U18.1351;U19.1351;U20.1351;U21.1351;U22.1351;U23.1351;U24.1351;U25.1351;U26.1351;U27.1351;U28.1351",1.114,0.071,1.27177606791858,0.898,0.259,3.24883165031304,-0.025,"none",TRUE,0.0359539985656738,NA
1352,"model1",50,"small",19,0.02,0.124777271319181,0.275234886212274,1,1,1,0,33,45,0.855874052260061,0.902668560904239,"M1.1",33,"U1.1352;U2.1352;U3.1352;U4.1352;U5.1352;U6.1352;U7.1352;U8.1352;U9.1352;U10.1352;U11.1352;U12.1352;U13.1352;U14.1352;U15.1352;U16.1352;U17.1352;U18.1352;U19.1352;U20.1352;U21.1352;U22.1352;U23.1352;U24.1352;U25.1352;U26.1352;U27.1352;U28.1352;U29.1352;U30.1352;U31.1352;U32.1352;U33.1352",1.077,0.09,2.67883779100673,0.929,0.102,2.87871644208289,0.269,"none",TRUE,0.0350110530853271,NA
1353,"model2",50,"small",19,0.39,0.45761581202969,0.291474530100822,1,1,1,0,22,1,0.628458126947831,0.663617271291338,"M2.1",22,"U1.1353;U2.1353;U3.1353;U4.1353;U5.1353;U6.1353;U7.1353;U8.1353;U9.1353;U10.1353;U11.1353;U12.1353;U13.1353;U14.1353;U15.1353;U16.1353;U17.1353;U18.1353;U19.1353;U20.1353;U21.1353;U22.1353",-0.181,0.672,4.8307856493304,-5.52,0.028,0.179683412306511,0.003,"none",TRUE,0.0337259769439697,NA
1354,"model3",50,"small",19,0.04,0.469508490152657,0.201837953273207,1,1,1,0,24,7,0.807208799165241,0.755766358067079,"M3",24,"U1.1354;U2.1354;U3.1354;U4.1354;U5.1354;U6.1354;U7.1354;U8.1354;U9.1354;U10.1354;U11.1354;U12.1354;U13.1354;U14.1354;U15.1354;U16.1354;U17.1354;U18.1354;U19.1354;U20.1354;U21.1354;U22.1354;U23.1354;U24.1354",-0.038,0.983,0.24293161861258,-26.14,0.622,0.000428515175448846,-0.006,"none",TRUE,0.0330758094787598,NA
1355,"model4",50,"small",19,0.45,0.100005907006562,0.294218541216105,1,1,1,0,44,1,0.969256538390222,0.973352473425805,"M4",44,"U1.1355;U2.1355;U3.1355;U4.1355;U5.1355;U6.1355;U7.1355;U8.1355;U9.1355;U10.1355;U11.1355;U12.1355;U13.1355;U14.1355;U15.1355;U16.1355;U17.1355;U18.1355;U19.1355;U20.1355;U21.1355;U22.1355;U23.1355;U24.1355;U25.1355;U26.1355;U27.1355;U28.1355;U29.1355;U30.1355;U31.1355;U32.1355;U33.1355;U34.1355;U35.1355;U36.1355;U37.1355;U38.1355;U39.1355;U40.1355;U41.1355;U42.1355;U43.1355;U44.1355",0.646,0.521,1.81089886442521,1.547,0.178,0.411199140122897,0.414,"none",TRUE,0.0319719314575195,NA
1356,"model0",150,"small",19,0.12,0.492893504351377,0.214420990180224,1,1,1,0,30,1,0.505258622429296,0.548888888500714,"M0.1",30,"U1.1356;U2.1356;U3.1356;U4.1356;U5.1356;U6.1356;U7.1356;U8.1356;U9.1356;U10.1356;U11.1356;U12.1356;U13.1356;U14.1356;U15.1356;U16.1356;U17.1356;U18.1356;U19.1356;U20.1356;U21.1356;U22.1356;U23.1356;U24.1356;U25.1356;U26.1356;U27.1356;U28.1356;U29.1356;U30.1356",0.391,0.345,4.90549978160153,2.559,0.027,0.890913382714076,-0.026,"none",TRUE,0.0328900814056396,NA
1357,"model1",150,"small",19,0.05,0.380708214547485,0.215061380900443,1,1,1,0,18,1,0.464470663479612,0.48432467351502,"M1.1",18,"U1.1357;U2.1357;U3.1357;U4.1357;U5.1357;U6.1357;U7.1357;U8.1357;U9.1357;U10.1357;U11.1357;U12.1357;U13.1357;U14.1357;U15.1357;U16.1357;U17.1357;U18.1357",-0.415,0.863,0.203003493344565,-2.411,0.652,0.0297124670287481,0.001,"none",TRUE,0.0443568229675293,NA
1358,"model2",150,"small",19,0.18,0.488038628082722,0.143657714594156,1,1,1,0,23,1,0.363219861877901,0.496295574383555,"M2.1",23,"U1.1358;U2.1358;U3.1358;U4.1358;U5.1358;U6.1358;U7.1358;U8.1358;U9.1358;U10.1358;U11.1358;U12.1358;U13.1358;U14.1358;U15.1358;U16.1358;U17.1358;U18.1358;U19.1358;U20.1358;U21.1358;U22.1358;U23.1358",-0.951,0.349,1.16576022014785,-1.052,0.28,0.87698153534963,0.244,"none",TRUE,0.035189151763916,NA
1359,"model3",150,"small",19,0.36,0.26401069201529,0.156253552157432,1,1,1,0,27,1,0.572298860211293,0.677070348541907,"M3",27,"U1.1359;U2.1359;U3.1359;U4.1359;U5.1359;U6.1359;U7.1359;U8.1359;U9.1359;U10.1359;U11.1359;U12.1359;U13.1359;U14.1359;U15.1359;U16.1359;U17.1359;U18.1359;U19.1359;U20.1359;U21.1359;U22.1359;U23.1359;U24.1359;U25.1359;U26.1359;U27.1359",0.843,0.07,5.04267091325601,1.186,0.025,3.29367555978607,0.079,"none",TRUE,0.0485770702362061,NA
1360,"model4",150,"small",19,0.27,0.279292823933065,0.117497259331867,1,1,1,0,28,1,0.529306768121076,0.636448645803837,"M4",28,"U1.1360;U2.1360;U3.1360;U4.1360;U5.1360;U6.1360;U7.1360;U8.1360;U9.1360;U10.1360;U11.1360;U12.1360;U13.1360;U14.1360;U15.1360;U16.1360;U17.1360;U18.1360;U19.1360;U20.1360;U21.1360;U22.1360;U23.1360;U24.1360;U25.1360;U26.1360;U27.1360;U28.1360",1.541,0.035,2.31002884889731,0.649,0.129,4.42708518689638,0.115,"none",TRUE,0.0360021591186523,NA
1361,"model0",300,"small",19,0.25,0.271255431417376,0.109507580194622,1,1,1,0,19,1,0.400109657263411,0.453890154197663,"M0.1",19,"U1.1361;U2.1361;U3.1361;U4.1361;U5.1361;U6.1361;U7.1361;U8.1361;U9.1361;U10.1361;U11.1361;U12.1361;U13.1361;U14.1361;U15.1361;U16.1361;U17.1361;U18.1361;U19.1361",-0.274,0.683,2.65380642141407,-3.648,0.103,0.166982068299033,-0.138,"none",TRUE,0.0328590869903564,NA
1362,"model1",300,"small",19,0.4,0.231591353006661,0.205825241981074,1,1,1,0,34,1,0.55336603036172,0.570213983378097,"M1.1",34,"U1.1362;U2.1362;U3.1362;U4.1362;U5.1362;U6.1362;U7.1362;U8.1362;U9.1362;U10.1362;U11.1362;U12.1362;U13.1362;U14.1362;U15.1362;U16.1362;U17.1362;U18.1362;U19.1362;U20.1362;U21.1362;U22.1362;U23.1362;U24.1362;U25.1362;U26.1362;U27.1362;U28.1362;U29.1362;U30.1362;U31.1362;U32.1362;U33.1362;U34.1362",-0.359,0.674,1.64145473150488,-2.788,0.2,0.177210098249736,0.131,"none",TRUE,0.0343887805938721,NA
1363,"model2",300,"small",19,0.43,0.255833389423788,0.150252314982936,1,1,1,0,23,1,0.487253483067242,0.482653120170025,"M2.1",23,"U1.1363;U2.1363;U3.1363;U4.1363;U5.1363;U6.1363;U7.1363;U8.1363;U9.1363;U10.1363;U11.1363;U12.1363;U13.1363;U14.1363;U15.1363;U16.1363;U17.1363;U18.1363;U19.1363;U20.1363;U21.1363;U22.1363;U23.1363",-0.336,0.41,4.95590765483894,-2.972,0.026,0.679719234671881,0.044,"none",TRUE,0.0345230102539062,NA
1364,"model3",300,"small",19,0.38,0.145830527693033,0.126770989224315,1,1,1,0,16,1,0.376261273898404,0.400382915184245,"M3",16,"U1.1364;U2.1364;U3.1364;U4.1364;U5.1364;U6.1364;U7.1364;U8.1364;U9.1364;U10.1364;U11.1364;U12.1364;U13.1364;U14.1364;U15.1364;U16.1364",0.688,0.21,3.27947981050279,1.453,0.07,1.57360166309126,-0.165,"none",TRUE,0.0362629890441895,NA
1365,"model4",300,"small",19,0.07,0.441723075602204,0.168066074838862,1,1,1,0,45,1,0.600279132158956,0.667680326640214,"M4",45,"U1.1365;U2.1365;U3.1365;U4.1365;U5.1365;U6.1365;U7.1365;U8.1365;U9.1365;U10.1365;U11.1365;U12.1365;U13.1365;U14.1365;U15.1365;U16.1365;U17.1365;U18.1365;U19.1365;U20.1365;U21.1365;U22.1365;U23.1365;U24.1365;U25.1365;U26.1365;U27.1365;U28.1365;U29.1365;U30.1365;U31.1365;U32.1365;U33.1365;U34.1365;U35.1365;U36.1365;U37.1365;U38.1365;U39.1365;U40.1365;U41.1365;U42.1365;U43.1365;U44.1365;U45.1365",1.64,0.004,3.40409773457302,0.61,0.065,8.46640319290287,0.143,"none",TRUE,0.0356190204620361,NA
1366,"model0",670,"small",19,0.01,0.360562646109611,0.100295823672786,1,1,1,3,44,38,0.654561499061765,0.593867462155706,"M0.1",44,"U1.1366;U2.1366;U3.1366;U4.1366;U5.1366;U6.1366;U7.1366;U8.1366;U9.1366;U10.1366;U11.1366;U12.1366;U13.1366;U14.1366;U15.1366;U16.1366;U17.1366;U18.1366;U19.1366;U20.1366;U21.1366;U22.1366;U23.1366;U24.1366;U25.1366;U26.1366;U27.1366;U28.1366;U29.1366;U30.1366;U31.1366;U32.1366;U33.1366;U34.1366;U35.1366;U36.1366;U37.1366;U38.1366;U39.1366;U40.1366;U41.1366;U42.1366;U43.1366;U44.1366",-1.048,0.363,0.674768612342738,-0.954,0.411,0.826870188405589,0.014,"none",TRUE,0.0441019535064697,NA
1367,"model1",670,"small",19,0.49,0.429378404840827,0.264118291437626,1,1,1,3,14,1,0.277219606533739,0.417610380741846,"M1.1",14,"U1.1367;U2.1367;U3.1367;U4.1367;U5.1367;U6.1367;U7.1367;U8.1367;U9.1367;U10.1367;U11.1367;U12.1367;U13.1367;U14.1367",0.374,0.041,40.2394354173626,2.67,0,4.16117594408585,0.204,"T1->T2",FALSE,0.0461828708648682,NA
1368,"model2",670,"small",19,0.33,0.322785191144794,0.161222283588722,1,1,1,3,35,1,0.596870685570936,0.62421152141677,"M2.1",35,"U1.1368;U2.1368;U3.1368;U4.1368;U5.1368;U6.1368;U7.1368;U8.1368;U9.1368;U10.1368;U11.1368;U12.1368;U13.1368;U14.1368;U15.1368;U16.1368;U17.1368;U18.1368;U19.1368;U20.1368;U21.1368;U22.1368;U23.1368;U24.1368;U25.1368;U26.1368;U27.1368;U28.1368;U29.1368;U30.1368;U31.1368;U32.1368;U33.1368;U34.1368;U35.1368",0.141,0.663,9.8045421461115,7.086,0.002,0.190320825098345,0.141,"none",TRUE,0.0501859188079834,NA
1369,"model3",670,"small",19,0.5,0.355073037557304,0.130177632905543,1,1,1,3,19,1,0.462759899345231,0.371165154367714,"M3",19,"U1.1369;U2.1369;U3.1369;U4.1369;U5.1369;U6.1369;U7.1369;U8.1369;U9.1369;U10.1369;U11.1369;U12.1369;U13.1369;U14.1369;U15.1369;U16.1369;U17.1369;U18.1369;U19.1369",0.851,0,31.6814650075359,1.175,0,24.9447493970325,0.265,"T1->T2",FALSE,0.0459830760955811,NA
1370,"model4",670,"small",19,0.17,0.233950508199632,0.210683984681964,1,1,1,3,43,1,0.659048681654028,0.617343893146188,"M4",43,"U1.1370;U2.1370;U3.1370;U4.1370;U5.1370;U6.1370;U7.1370;U8.1370;U9.1370;U10.1370;U11.1370;U12.1370;U13.1370;U14.1370;U15.1370;U16.1370;U17.1370;U18.1370;U19.1370;U20.1370;U21.1370;U22.1370;U23.1370;U24.1370;U25.1370;U26.1370;U27.1370;U28.1370;U29.1370;U30.1370;U31.1370;U32.1370;U33.1370;U34.1370;U35.1370;U36.1370;U37.1370;U38.1370;U39.1370;U40.1370;U41.1370;U42.1370;U43.1370",2.275,0,2.55901827907458,0.44,0.11,13.5026595656839,0.158,"none",TRUE,0.046299934387207,NA
1371,"model0",1000,"small",19,0.25,0.30346804978326,0.138581731589511,1,1,1,0,29,1,0.476787779964818,0.57648498322969,"M0.1",29,"U1.1371;U2.1371;U3.1371;U4.1371;U5.1371;U6.1371;U7.1371;U8.1371;U9.1371;U10.1371;U11.1371;U12.1371;U13.1371;U14.1371;U15.1371;U16.1371;U17.1371;U18.1371;U19.1371;U20.1371;U21.1371;U22.1371;U23.1371;U24.1371;U25.1371;U26.1371;U27.1371;U28.1371;U29.1371",-0.527,0.006,31.2519871332138,-1.898,0,7.51833101364045,-0.265,"T1->T2",FALSE,0.0374400615692139,NA
1372,"model1",1000,"small",19,0.31,0.485115220863372,0.281424586242065,1,1,1,0,12,1,0.312633969739279,0.353333125189967,"M1.1",12,"U1.1372;U2.1372;U3.1372;U4.1372;U5.1372;U6.1372;U7.1372;U8.1372;U9.1372;U10.1372;U11.1372;U12.1372",0.294,0.022,65.3958714025971,3.398,0,5.24786916265836,0.238,"T1->T2",FALSE,0.0372118949890137,NA
1373,"model2",1000,"small",19,0.19,0.442961351945996,0.10017759790644,1,1,1,0,31,1,0.522346602052159,0.572681075030553,"M2.1",31,"U1.1373;U2.1373;U3.1373;U4.1373;U5.1373;U6.1373;U7.1373;U8.1373;U9.1373;U10.1373;U11.1373;U12.1373;U13.1373;U14.1373;U15.1373;U16.1373;U17.1373;U18.1373;U19.1373;U20.1373;U21.1373;U22.1373;U23.1373;U24.1373;U25.1373;U26.1373;U27.1373;U28.1373;U29.1373;U30.1373;U31.1373",0.047,0.798,28.6042370197434,21.133,0,0.0653376342481806,0.121,"none",FALSE,0.035560131072998,NA
1374,"model3",1000,"small",19,0.03,0.48999744579196,0.231081585027277,1,1,1,0,45,1,0.577737520127041,0.612886058047307,"M3",45,"U1.1374;U2.1374;U3.1374;U4.1374;U5.1374;U6.1374;U7.1374;U8.1374;U9.1374;U10.1374;U11.1374;U12.1374;U13.1374;U14.1374;U15.1374;U16.1374;U17.1374;U18.1374;U19.1374;U20.1374;U21.1374;U22.1374;U23.1374;U24.1374;U25.1374;U26.1374;U27.1374;U28.1374;U29.1374;U30.1374;U31.1374;U32.1374;U33.1374;U34.1374;U35.1374;U36.1374;U37.1374;U38.1374;U39.1374;U40.1374;U41.1374;U42.1374;U43.1374;U44.1374;U45.1374",0.887,0.094,3.85935198719825,1.127,0.049,2.8009040306546,-0.049,"none",TRUE,0.0349111557006836,NA
1375,"model4",1000,"small",19,0.21,0.384470645245165,0.183391859987751,1,1,1,0,17,1,0.235921630205183,0.329497731174378,"M4",17,"U1.1375;U2.1375;U3.1375;U4.1375;U5.1375;U6.1375;U7.1375;U8.1375;U9.1375;U10.1375;U11.1375;U12.1375;U13.1375;U14.1375;U15.1375;U16.1375;U17.1375",1.21,0,37.799245897715,0.826,0,42.7018436555605,0.192,"T1->T2",FALSE,0.0383341312408447,NA
1376,"model0",50,"medium",19,0.49,0.913844668422826,0.328714062552899,1,1,1,0,28,1,0.82463592542896,0.810544256174893,"M0.1",28,"U1.1376;U2.1376;U3.1376;U4.1376;U5.1376;U6.1376;U7.1376;U8.1376;U9.1376;U10.1376;U11.1376;U12.1376;U13.1376;U14.1376;U15.1376;U16.1376;U17.1376;U18.1376;U19.1376;U20.1376;U21.1376;U22.1376;U23.1376;U24.1376;U25.1376;U26.1376;U27.1376;U28.1376",-1.041,0.002,10.9619582444084,-0.961,0.001,10.0626072240323,-0.095,"T1->T2",FALSE,0.0444250106811523,NA
1377,"model1",50,"medium",19,0.06,0.862269300036132,0.347234753379598,1,1,1,0,10,6,0.307481883881377,0.582632909704002,"M1.1",10,"U1.1377;U2.1377;U3.1377;U4.1377;U5.1377;U6.1377;U7.1377;U8.1377;U9.1377;U10.1377",-0.488,0.256,10.1921155992812,-2.049,0.001,1.28939027933017,0.078,"none",FALSE,0.0311651229858398,NA
1378,"model2",50,"medium",19,0.38,0.732567714643665,0.423524815216661,1,1,1,0,31,1,0.796764614034195,0.764842398668682,"M2.1",31,"U1.1378;U2.1378;U3.1378;U4.1378;U5.1378;U6.1378;U7.1378;U8.1378;U9.1378;U10.1378;U11.1378;U12.1378;U13.1378;U14.1378;U15.1378;U16.1378;U17.1378;U18.1378;U19.1378;U20.1378;U21.1378;U22.1378;U23.1378;U24.1378;U25.1378;U26.1378;U27.1378;U28.1378;U29.1378;U30.1378;U31.1378",0.25,0.456,5.2118518927819,3.998,0.022,0.554473265493496,0.586,"none",TRUE,0.0333139896392822,NA
1379,"model3",50,"medium",19,0.07,0.745071649551392,0.31716923257336,1,1,1,0,26,3,0.674069702867289,0.889784767660531,"M3",26,"U1.1379;U2.1379;U3.1379;U4.1379;U5.1379;U6.1379;U7.1379;U8.1379;U9.1379;U10.1379;U11.1379;U12.1379;U13.1379;U14.1379;U15.1379;U16.1379;U17.1379;U18.1379;U19.1379;U20.1379;U21.1379;U22.1379;U23.1379;U24.1379;U25.1379;U26.1379",1.404,0.171,1.08700766659686,0.712,0.297,1.87114251079134,0.06,"none",TRUE,0.032696008682251,NA
1380,"model4",50,"medium",19,0.48,0.522946952143684,0.481890752492473,1,1,1,0,42,1,0.873905524080533,0.81447273587647,"M4",42,"U1.1380;U2.1380;U3.1380;U4.1380;U5.1380;U6.1380;U7.1380;U8.1380;U9.1380;U10.1380;U11.1380;U12.1380;U13.1380;U14.1380;U15.1380;U16.1380;U17.1380;U18.1380;U19.1380;U20.1380;U21.1380;U22.1380;U23.1380;U24.1380;U25.1380;U26.1380;U27.1380;U28.1380;U29.1380;U30.1380;U31.1380;U32.1380;U33.1380;U34.1380;U35.1380;U36.1380;U37.1380;U38.1380;U39.1380;U40.1380;U41.1380;U42.1380",1.672,0.038,2.20116348466304,0.598,0.138,4.30380093294562,0.325,"none",TRUE,0.0322329998016357,NA
1381,"model0",150,"medium",19,0.44,0.885538382572122,0.376507109822705,1,1,1,0,46,1,0.714575489919182,0.739981479035367,"M0.1",46,"U1.1381;U2.1381;U3.1381;U4.1381;U5.1381;U6.1381;U7.1381;U8.1381;U9.1381;U10.1381;U11.1381;U12.1381;U13.1381;U14.1381;U15.1381;U16.1381;U17.1381;U18.1381;U19.1381;U20.1381;U21.1381;U22.1381;U23.1381;U24.1381;U25.1381;U26.1381;U27.1381;U28.1381;U29.1381;U30.1381;U31.1381;U32.1381;U33.1381;U34.1381;U35.1381;U36.1381;U37.1381;U38.1381;U39.1381;U40.1381;U41.1381;U42.1381;U43.1381;U44.1381;U45.1381;U46.1381",0.239,0.313,15.9540994408246,4.185,0,1.01700402807631,-0.029,"none",FALSE,0.0335650444030762,NA
1382,"model1",150,"medium",19,0.24,0.849425417138264,0.394203786086291,1,1,1,0,43,1,0.736389615300506,0.666656101214861,"M1.1",43,"U1.1382;U2.1382;U3.1382;U4.1382;U5.1382;U6.1382;U7.1382;U8.1382;U9.1382;U10.1382;U11.1382;U12.1382;U13.1382;U14.1382;U15.1382;U16.1382;U17.1382;U18.1382;U19.1382;U20.1382;U21.1382;U22.1382;U23.1382;U24.1382;U25.1382;U26.1382;U27.1382;U28.1382;U29.1382;U30.1382;U31.1382;U32.1382;U33.1382;U34.1382;U35.1382;U36.1382;U37.1382;U38.1382;U39.1382;U40.1382;U41.1382;U42.1382;U43.1382",0.926,0.003,9.20112063461933,1.08,0.002,9.03830466982076,0.375,"none",TRUE,0.0333030223846436,NA
1383,"model2",150,"medium",19,0.07,0.587951871566474,0.343497617915273,1,1,1,0,4,2,0.221477235599503,0.108224105062966,"M2.1",4,"U1.1383;U2.1383;U3.1383;U4.1383",0.221,0.601,3.85850994091635,4.532,0.049,0.272841346103871,0.396,"none",TRUE,0.049868106842041,NA
1384,"model3",150,"medium",19,0.18,0.608521709567867,0.301339524379,1,1,1,0,28,1,0.513956467563222,0.631936716926812,"M3",28,"U1.1384;U2.1384;U3.1384;U4.1384;U5.1384;U6.1384;U7.1384;U8.1384;U9.1384;U10.1384;U11.1384;U12.1384;U13.1384;U14.1384;U15.1384;U16.1384;U17.1384;U18.1384;U19.1384;U20.1384;U21.1384;U22.1384;U23.1384;U24.1384;U25.1384;U26.1384;U27.1384;U28.1384",0.673,0.192,5.35626222739846,1.487,0.021,1.70434195400299,0.155,"none",TRUE,0.0344159603118896,NA
1385,"model4",150,"medium",19,0.3,0.922392347129062,0.412478837603703,1,1,1,0,23,1,0.545801826070634,0.482499235907122,"M4",23,"U1.1385;U2.1385;U3.1385;U4.1385;U5.1385;U6.1385;U7.1385;U8.1385;U9.1385;U10.1385;U11.1385;U12.1385;U13.1385;U14.1385;U15.1385;U16.1385;U17.1385;U18.1385;U19.1385;U20.1385;U21.1385;U22.1385;U23.1385",1.595,0,26.938021364621,0.627,0,56.35770457788,0.624,"T1->T2",FALSE,0.0320072174072266,NA
1386,"model0",300,"medium",19,0.5,0.974723955034278,0.318871616898105,1,1,1,0,10,1,0.31063113959827,0.264726629992107,"M0.1",10,"U1.1386;U2.1386;U3.1386;U4.1386;U5.1386;U6.1386;U7.1386;U8.1386;U9.1386;U10.1386",-0.018,0.832,120.893969237319,-54.613,0,0.0448820479912215,0.226,"none",FALSE,0.0334820747375488,NA
1387,"model1",300,"medium",19,0.4,0.602653010864742,0.310896594775841,1,1,1,0,2,1,0.105277606944587,0.0618005952852029,"M1.1",2,"U1.1387;U2.1387",0.646,0,45.6268840018704,1.548,0,21.2131512740402,0.175,"T1->T2",FALSE,0.0336971282958984,NA
1388,"model2",300,"medium",19,0.37,0.97028207895346,0.381485230149701,1,1,1,0,42,1,0.561242001697036,0.604773837300804,"M2.1",42,"U1.1388;U2.1388;U3.1388;U4.1388;U5.1388;U6.1388;U7.1388;U8.1388;U9.1388;U10.1388;U11.1388;U12.1388;U13.1388;U14.1388;U15.1388;U16.1388;U17.1388;U18.1388;U19.1388;U20.1388;U21.1388;U22.1388;U23.1388;U24.1388;U25.1388;U26.1388;U27.1388;U28.1388;U29.1388;U30.1388;U31.1388;U32.1388;U33.1388;U34.1388;U35.1388;U36.1388;U37.1388;U38.1388;U39.1388;U40.1388;U41.1388;U42.1388",0.125,0.332,57.8320196967157,8.01,0,0.942516389029709,0.214,"none",FALSE,0.036139965057373,NA
1389,"model3",300,"medium",19,0.2,0.706825245288201,0.482086550956592,1,1,1,0,36,1,0.603119733756614,0.493920374155473,"M3",36,"U1.1389;U2.1389;U3.1389;U4.1389;U5.1389;U6.1389;U7.1389;U8.1389;U9.1389;U10.1389;U11.1389;U12.1389;U13.1389;U14.1389;U15.1389;U16.1389;U17.1389;U18.1389;U19.1389;U20.1389;U21.1389;U22.1389;U23.1389;U24.1389;U25.1389;U26.1389;U27.1389;U28.1389;U29.1389;U30.1389;U31.1389;U32.1389;U33.1389;U34.1389;U35.1389;U36.1389",0.852,0,15.1406747293394,1.174,0,12.4884958593306,-0.032,"T1->T2",FALSE,0.0489108562469482,NA
1390,"model4",300,"medium",19,0.42,0.862788349739276,0.337134987162426,1,1,1,0,40,1,0.603354587988915,0.540983388306588,"M4",40,"U1.1390;U2.1390;U3.1390;U4.1390;U5.1390;U6.1390;U7.1390;U8.1390;U9.1390;U10.1390;U11.1390;U12.1390;U13.1390;U14.1390;U15.1390;U16.1390;U17.1390;U18.1390;U19.1390;U20.1390;U21.1390;U22.1390;U23.1390;U24.1390;U25.1390;U26.1390;U27.1390;U28.1390;U29.1390;U30.1390;U31.1390;U32.1390;U33.1390;U34.1390;U35.1390;U36.1390;U37.1390;U38.1390;U39.1390;U40.1390",1.595,0,36.721809319979,0.627,0,103.434582189894,0.139,"T1->T2",FALSE,0.0307981967926025,NA
1391,"model0",670,"medium",19,0.15,0.615431758575141,0.407130272360519,1,1,1,3,15,1,0.312473436289036,0.330557185606561,"M0.1",15,"U1.1391;U2.1391;U3.1391;U4.1391;U5.1391;U6.1391;U7.1391;U8.1391;U9.1391;U10.1391;U11.1391;U12.1391;U13.1391;U14.1391;U15.1391",-0.208,0.159,46.483022360898,-4.813,0,1.98648676679561,-0.137,"none",FALSE,0.0557379722595215,NA
1392,"model1",670,"medium",19,0.25,0.759832377079874,0.455878514749929,1,1,1,3,27,1,0.43641258214142,0.474724923581876,"M1.1",27,"U1.1392;U2.1392;U3.1392;U4.1392;U5.1392;U6.1392;U7.1392;U8.1392;U9.1392;U10.1392;U11.1392;U12.1392;U13.1392;U14.1392;U15.1392;U16.1392;U17.1392;U18.1392;U19.1392;U20.1392;U21.1392;U22.1392;U23.1392;U24.1392;U25.1392;U26.1392;U27.1392",0.478,0.002,52.9244040267765,2.091,0,9.23893987366325,0.36,"T1->T2",FALSE,0.117309093475342,NA
1393,"model2",670,"medium",19,0.45,0.57473757583648,0.377761471364647,1,1,1,3,15,1,0.297707085539969,0.432126619151853,"M2.1",15,"U1.1393;U2.1393;U3.1393;U4.1393;U5.1393;U6.1393;U7.1393;U8.1393;U9.1393;U10.1393;U11.1393;U12.1393;U13.1393;U14.1393;U15.1393",-0.261,0.125,34.8792010867745,-3.829,0,2.35655161238315,0.309,"none",FALSE,0.0623459815979004,NA
1394,"model3",670,"medium",19,0.01,0.804280260694213,0.344733417360112,1,1,1,3,1,10,0.115382284504931,0.065899705234093,"M3",1,"U1.1394",1.272,0.003,5.48339782700416,0.786,0.019,8.66074740253139,-0.042,"none",TRUE,0.0708470344543457,NA
1395,"model4",670,"medium",19,0.48,0.534459649934433,0.489046271564439,1,1,1,3,39,1,0.581993374715646,0.575803781341803,"M4",39,"U1.1395;U2.1395;U3.1395;U4.1395;U5.1395;U6.1395;U7.1395;U8.1395;U9.1395;U10.1395;U11.1395;U12.1395;U13.1395;U14.1395;U15.1395;U16.1395;U17.1395;U18.1395;U19.1395;U20.1395;U21.1395;U22.1395;U23.1395;U24.1395;U25.1395;U26.1395;U27.1395;U28.1395;U29.1395;U30.1395;U31.1395;U32.1395;U33.1395;U34.1395;U35.1395;U36.1395;U37.1395;U38.1395;U39.1395",1.191,0,48.0156842225576,0.84,0,57.3320595272375,0.495,"T1->T2",FALSE,0.0516781806945801,NA
1396,"model0",1000,"medium",19,0.21,0.579700755421072,0.400340628065169,1,1,1,0,34,1,0.544216245163363,0.557346493781146,"M0.1",34,"U1.1396;U2.1396;U3.1396;U4.1396;U5.1396;U6.1396;U7.1396;U8.1396;U9.1396;U10.1396;U11.1396;U12.1396;U13.1396;U14.1396;U15.1396;U16.1396;U17.1396;U18.1396;U19.1396;U20.1396;U21.1396;U22.1396;U23.1396;U24.1396;U25.1396;U26.1396;U27.1396;U28.1396;U29.1396;U30.1396;U31.1396;U32.1396;U33.1396;U34.1396",-0.041,0.755,50.9795480525101,-24.478,0,0.0970044568521458,-0.086,"none",FALSE,0.0359861850738525,NA
1397,"model1",1000,"medium",19,0.13,0.609258652664721,0.303962203487754,1,1,1,0,45,1,0.60364465829002,0.61634759519885,"M1.1",45,"U1.1397;U2.1397;U3.1397;U4.1397;U5.1397;U6.1397;U7.1397;U8.1397;U9.1397;U10.1397;U11.1397;U12.1397;U13.1397;U14.1397;U15.1397;U16.1397;U17.1397;U18.1397;U19.1397;U20.1397;U21.1397;U22.1397;U23.1397;U24.1397;U25.1397;U26.1397;U27.1397;U28.1397;U29.1397;U30.1397;U31.1397;U32.1397;U33.1397;U34.1397;U35.1397;U36.1397;U37.1397;U38.1397;U39.1397;U40.1397;U41.1397;U42.1397;U43.1397;U44.1397;U45.1397",0.324,0.111,27.7775240869753,3.09,0,2.5416812854848,0.166,"none",FALSE,0.0347750186920166,NA
1398,"model2",1000,"medium",19,0.25,0.541067613987252,0.373673081258312,1,1,1,0,30,1,0.490681324735318,0.459465637250955,"M2.1",30,"U1.1398;U2.1398;U3.1398;U4.1398;U5.1398;U6.1398;U7.1398;U8.1398;U9.1398;U10.1398;U11.1398;U12.1398;U13.1398;U14.1398;U15.1398;U16.1398;U17.1398;U18.1398;U19.1398;U20.1398;U21.1398;U22.1398;U23.1398;U24.1398;U25.1398;U26.1398;U27.1398;U28.1398;U29.1398;U30.1398",0.026,0.845,49.8253853037138,38.222,0,0.0380073694484332,0.216,"none",FALSE,0.0386581420898438,NA
1399,"model3",1000,"medium",19,0.01,0.5652843991993,0.445374477142468,1,1,1,0,3,4,0.0789209820390956,0.0756394532143038,"M3",3,"U1.1399;U2.1399;U3.1399",1.256,0,8.27272384575518,0.796,0.004,12.5557915205159,0.055,"none",TRUE,0.0480539798736572,NA
1400,"model4",1000,"medium",19,0.09,0.825042531243525,0.394251552922651,1,1,1,0,37,1,0.595503867357702,0.56863880921814,"M4",37,"U1.1400;U2.1400;U3.1400;U4.1400;U5.1400;U6.1400;U7.1400;U8.1400;U9.1400;U10.1400;U11.1400;U12.1400;U13.1400;U14.1400;U15.1400;U16.1400;U17.1400;U18.1400;U19.1400;U20.1400;U21.1400;U22.1400;U23.1400;U24.1400;U25.1400;U26.1400;U27.1400;U28.1400;U29.1400;U30.1400;U31.1400;U32.1400;U33.1400;U34.1400;U35.1400;U36.1400;U37.1400",1.353,0,70.6476631991054,0.739,0,110.886673811656,0.387,"T1->T2",FALSE,0.0362730026245117,NA
1401,"model0",50,"large",19,0.07,1.21337602380663,0.717702640336938,1,1,1,0,25,2,0.680060978778778,0.708882254454654,"M0.1",25,"U1.1401;U2.1401;U3.1401;U4.1401;U5.1401;U6.1401;U7.1401;U8.1401;U9.1401;U10.1401;U11.1401;U12.1401;U13.1401;U14.1401;U15.1401;U16.1401;U17.1401;U18.1401;U19.1401;U20.1401;U21.1401;U22.1401;U23.1401;U24.1401;U25.1401",-0.098,0.634,16.7131799023304,-10.169,0,0.227115652286648,0.166,"none",FALSE,0.0327889919281006,NA
1402,"model1",50,"large",19,0.02,1.21681537094992,0.680815043742768,1,1,1,0,4,35,0.2825338529575,0.234928833584763,"M1.1",4,"U1.1402;U2.1402;U3.1402;U4.1402",0.429,0.144,17.1415485624097,2.33,0,2.13582482472058,0.708,"none",FALSE,0.0324749946594238,NA
1403,"model2",50,"large",19,0.35,1.47609504812863,0.931203573476523,1,1,1,0,14,1,0.204900485579663,0.49374693198055,"M2.1",14,"U1.1403;U2.1403;U3.1403;U4.1403;U5.1403;U6.1403;U7.1403;U8.1403;U9.1403;U10.1403;U11.1403;U12.1403;U13.1403;U14.1403",0.131,0.296,48.6908066241421,7.638,0,1.09016843529221,0.486,"none",FALSE,0.0317709445953369,NA
1404,"model3",50,"large",19,0.14,1.19523530267179,0.536874745273963,1,1,1,0,1,2,2.76380272818135e-06,0.00489632112347363,"M3",1,"U1.1404",1.174,0.071,3.39308707164401,0.852,0.065,3.26326551172309,-0.137,"none",TRUE,0.0322079658508301,NA
1405,"model4",50,"large",19,0.11,1.38992333295755,0.719081246061251,1,1,1,0,23,1,0.715694593097121,0.68887322368085,"M4",23,"U1.1405;U2.1405;U3.1405;U4.1405;U5.1405;U6.1405;U7.1405;U8.1405;U9.1405;U10.1405;U11.1405;U12.1405;U13.1405;U14.1405;U15.1405;U16.1405;U17.1405;U18.1405;U19.1405;U20.1405;U21.1405;U22.1405;U23.1405",1.412,0,10.3290890789987,0.708,0.001,15.9644169013248,0.767,"T1->T2",FALSE,0.0318539142608643,NA
1406,"model0",150,"large",19,0.23,1.30065410630777,0.950617171125486,1,1,1,0,50,1,0.688406790332297,0.775863883207821,"M0.1",50,"U1.1406;U2.1406;U3.1406;U4.1406;U5.1406;U6.1406;U7.1406;U8.1406;U9.1406;U10.1406;U11.1406;U12.1406;U13.1406;U14.1406;U15.1406;U16.1406;U17.1406;U18.1406;U19.1406;U20.1406;U21.1406;U22.1406;U23.1406;U24.1406;U25.1406;U26.1406;U27.1406;U28.1406;U29.1406;U30.1406;U31.1406;U32.1406;U33.1406;U34.1406;U35.1406;U36.1406;U37.1406;U38.1406;U39.1406;U40.1406;U41.1406;U42.1406;U43.1406;U44.1406;U45.1406;U46.1406;U47.1406;U48.1406;U49.1406;U50.1406",-0.074,0.699,25.4052871808718,-13.494,0,0.149135376039867,-0.25,"none",FALSE,0.0316689014434814,NA
1407,"model1",150,"large",19,0.17,1.41638088831678,0.817520704702474,1,1,1,0,10,1,0.177197397100586,0.398047099663301,"M1.1",10,"U1.1407;U2.1407;U3.1407;U4.1407;U5.1407;U6.1407;U7.1407;U8.1407;U9.1407;U10.1407",0.796,0,55.8752588476454,1.257,0,15.1529406827325,0.693,"T1->T2",FALSE,0.0319631099700928,NA
1408,"model2",150,"large",19,0.13,1.04414407268632,0.537961603375152,1,1,1,0,41,2,0.635005959179284,0.670901332373591,"M2.1",41,"U1.1408;U2.1408;U3.1408;U4.1408;U5.1408;U6.1408;U7.1408;U8.1408;U9.1408;U10.1408;U11.1408;U12.1408;U13.1408;U14.1408;U15.1408;U16.1408;U17.1408;U18.1408;U19.1408;U20.1408;U21.1408;U22.1408;U23.1408;U24.1408;U25.1408;U26.1408;U27.1408;U28.1408;U29.1408;U30.1408;U31.1408;U32.1408;U33.1408;U34.1408;U35.1408;U36.1408;U37.1408;U38.1408;U39.1408;U40.1408;U41.1408",-0.173,0.587,7.22812230749764,-5.78,0.007,0.295096135307662,0.517,"none",TRUE,0.033574104309082,NA
1409,"model3",150,"large",19,0.42,1.24122427462135,0.882683418923989,1,1,1,0,35,1,0.530809385056411,0.541283851700084,"M3",35,"U1.1409;U2.1409;U3.1409;U4.1409;U5.1409;U6.1409;U7.1409;U8.1409;U9.1409;U10.1409;U11.1409;U12.1409;U13.1409;U14.1409;U15.1409;U16.1409;U17.1409;U18.1409;U19.1409;U20.1409;U21.1409;U22.1409;U23.1409;U24.1409;U25.1409;U26.1409;U27.1409;U28.1409;U29.1409;U30.1409;U31.1409;U32.1409;U33.1409;U34.1409;U35.1409",1.09,0,29.3777532660228,0.918,0,49.4430871591743,0.177,"T1->T2",FALSE,0.0330309867858887,NA
1410,"model4",150,"large",19,0.01,1.24949628091417,0.953891569864936,1,1,1,0,22,60,0.619635293773215,0.572310370811162,"M4",22,"U1.1410;U2.1410;U3.1410;U4.1410;U5.1410;U6.1410;U7.1410;U8.1410;U9.1410;U10.1410;U11.1410;U12.1410;U13.1410;U14.1410;U15.1410;U16.1410;U17.1410;U18.1410;U19.1410;U20.1410;U21.1410;U22.1410",1.653,0.009,4.53297765863729,0.605,0.033,6.77560785824549,0.803,"none",TRUE,0.0266151428222656,NA
1411,"model0",300,"large",19,0.41,1.3333972338587,0.563927660230547,1,1,1,0,48,1,0.670695135305475,0.70453786559576,"M0.1",48,"U1.1411;U2.1411;U3.1411;U4.1411;U5.1411;U6.1411;U7.1411;U8.1411;U9.1411;U10.1411;U11.1411;U12.1411;U13.1411;U14.1411;U15.1411;U16.1411;U17.1411;U18.1411;U19.1411;U20.1411;U21.1411;U22.1411;U23.1411;U24.1411;U25.1411;U26.1411;U27.1411;U28.1411;U29.1411;U30.1411;U31.1411;U32.1411;U33.1411;U34.1411;U35.1411;U36.1411;U37.1411;U38.1411;U39.1411;U40.1411;U41.1411;U42.1411;U43.1411;U44.1411;U45.1411;U46.1411;U47.1411;U48.1411",0.086,0.445,66.0670984919137,11.632,0,0.582829216276543,0.017,"none",FALSE,0.0290579795837402,NA
1412,"model1",300,"large",19,0.19,1.24176109943073,0.758296347688884,1,1,1,0,25,1,0.419310206216459,0.416589765366363,"M1.1",25,"U1.1412;U2.1412;U3.1412;U4.1412;U5.1412;U6.1412;U7.1412;U8.1412;U9.1412;U10.1412;U11.1412;U12.1412;U13.1412;U14.1412;U15.1412;U16.1412;U17.1412;U18.1412;U19.1412;U20.1412;U21.1412;U22.1412;U23.1412;U24.1412;U25.1412",0.637,0,118.08244347175,1.571,0,28.9229902556724,0.504,"T1->T2",FALSE,0.0273568630218506,NA
1413,"model2",300,"large",19,0.34,1.18236105400138,0.978925989125855,1,1,1,0,31,1,0.531728633666056,0.565159100410066,"M2.1",31,"U1.1413;U2.1413;U3.1413;U4.1413;U5.1413;U6.1413;U7.1413;U8.1413;U9.1413;U10.1413;U11.1413;U12.1413;U13.1413;U14.1413;U15.1413;U16.1413;U17.1413;U18.1413;U19.1413;U20.1413;U21.1413;U22.1413;U23.1413;U24.1413;U25.1413;U26.1413;U27.1413;U28.1413;U29.1413;U30.1413;U31.1413",-0.019,0.89,22.5061211811123,-51.924,0,0.0191585600424495,0.72,"none",FALSE,0.0267708301544189,NA
1414,"model3",300,"large",19,0.17,1.19352772564162,0.619615671923384,1,1,1,0,1,1,0.0794697711253786,0.00128625463818911,"M3",1,"U1.1414",0.897,0,176.613825155675,1.115,0,170.978403462255,0.33,"T1->T2",FALSE,0.0250380039215088,NA
1415,"model4",300,"large",19,0.22,1.34990701649804,0.797376578324474,1,1,1,0,12,1,0.268634563250353,0.107456027847196,"M4",12,"U1.1415;U2.1415;U3.1415;U4.1415;U5.1415;U6.1415;U7.1415;U8.1415;U9.1415;U10.1415;U11.1415;U12.1415",1.75,0,146.862546942985,0.572,0,326.990826691749,0.689,"T1->T2",FALSE,0.107038021087646,NA
1416,"model0",670,"large",19,0.23,1.19414101715665,0.659956680145115,1,1,1,3,36,1,0.462182911116917,0.586188496060229,"M0.1",36,"U1.1416;U2.1416;U3.1416;U4.1416;U5.1416;U6.1416;U7.1416;U8.1416;U9.1416;U10.1416;U11.1416;U12.1416;U13.1416;U14.1416;U15.1416;U16.1416;U17.1416;U18.1416;U19.1416;U20.1416;U21.1416;U22.1416;U23.1416;U24.1416;U25.1416;U26.1416;U27.1416;U28.1416;U29.1416;U30.1416;U31.1416;U32.1416;U33.1416;U34.1416;U35.1416;U36.1416",-0.009,0.92,155.039142666379,-117.587,0,0.0101521133487467,0.027,"none",FALSE,0.0502450466156006,NA
1417,"model1",670,"large",19,0.4,1.31518993258942,0.83570516994223,1,1,1,3,15,1,0.222312092486368,0.307120238361877,"M1.1",15,"U1.1417;U2.1417;U3.1417;U4.1417;U5.1417;U6.1417;U7.1417;U8.1417;U9.1417;U10.1417;U11.1417;U12.1417;U13.1417;U14.1417;U15.1417",0.832,0,376.588845717635,1.202,0,153.225281390237,0.77,"T1->T2",FALSE,0.0410380363464355,NA
1418,"model2",670,"large",19,0.35,1.22993640752975,0.871204796945676,1,1,1,3,41,1,0.616449248154313,0.64181759180354,"M2.1",41,"U1.1418;U2.1418;U3.1418;U4.1418;U5.1418;U6.1418;U7.1418;U8.1418;U9.1418;U10.1418;U11.1418;U12.1418;U13.1418;U14.1418;U15.1418;U16.1418;U17.1418;U18.1418;U19.1418;U20.1418;U21.1418;U22.1418;U23.1418;U24.1418;U25.1418;U26.1418;U27.1418;U28.1418;U29.1418;U30.1418;U31.1418;U32.1418;U33.1418;U34.1418;U35.1418;U36.1418;U37.1418;U38.1418;U39.1418;U40.1418;U41.1418",0.014,0.853,92.1212984599268,70.353,0,0.0341383785952088,0.59,"none",FALSE,0.0433430671691895,NA
1419,"model3",670,"large",19,0.11,1.46606262132991,0.861182444728911,1,1,1,3,11,1,0.18819469903425,0.297195798829211,"M3",11,"U1.1419;U2.1419;U3.1419;U4.1419;U5.1419;U6.1419;U7.1419;U8.1419;U9.1419;U10.1419;U11.1419",1.032,0,231.08609735334,0.969,0,212.22227759901,0.24,"T1->T2",FALSE,0.0447249412536621,NA
1420,"model4",670,"large",19,0.43,1.44738757330924,0.978976122103631,1,1,1,3,15,1,0.212895217516486,0.170220657011433,"M4",15,"U1.1420;U2.1420;U3.1420;U4.1420;U5.1420;U6.1420;U7.1420;U8.1420;U9.1420;U10.1420;U11.1420;U12.1420;U13.1420;U14.1420;U15.1420",1.947,0,538.003204455575,0.514,0,1052.92659405098,0.857,"T1->T2",FALSE,0.0419390201568604,NA
1421,"model0",1000,"large",19,0.44,1.07096425106283,0.957658249302767,1,1,1,0,29,1,0.427179428434928,0.454436922149318,"M0.1",29,"U1.1421;U2.1421;U3.1421;U4.1421;U5.1421;U6.1421;U7.1421;U8.1421;U9.1421;U10.1421;U11.1421;U12.1421;U13.1421;U14.1421;U15.1421;U16.1421;U17.1421;U18.1421;U19.1421;U20.1421;U21.1421;U22.1421;U23.1421;U24.1421;U25.1421;U26.1421;U27.1421;U28.1421;U29.1421",-0.04,0.47,288.85397558015,-24.76,0,0.521758595346771,-0.165,"none",FALSE,0.0384790897369385,NA
1422,"model1",1000,"large",19,0.05,1.07056073890999,0.83179521211423,1,1,1,0,16,2,0.356662870761572,0.440200357935422,"M1.1",16,"U1.1422;U2.1422;U3.1422;U4.1422;U5.1422;U6.1422;U7.1422;U8.1422;U9.1422;U10.1422;U11.1422;U12.1422;U13.1422;U14.1422;U15.1422;U16.1422",0.983,0,49.9397133558865,1.017,0,24.266565958518,0.729,"T1->T2",FALSE,0.0354628562927246,NA
1423,"model2",1000,"large",19,0.22,1.1827549963491,0.8015167665435,1,1,1,0,21,1,0.349090563123912,0.477048139429458,"M2.1",21,"U1.1423;U2.1423;U3.1423;U4.1423;U5.1423;U6.1423;U7.1423;U8.1423;U9.1423;U10.1423;U11.1423;U12.1423;U13.1423;U14.1423;U15.1423;U16.1423;U17.1423;U18.1423;U19.1423;U20.1423;U21.1423",0.021,0.74,183.457538119864,48.69,0,0.11030768206401,0.555,"none",FALSE,0.0359179973602295,NA
1424,"model3",1000,"large",19,0.06,1.44735820696224,0.788618905120529,1,1,1,0,27,1,0.465570027355427,0.501595308877308,"M3",27,"U1.1424;U2.1424;U3.1424;U4.1424;U5.1424;U6.1424;U7.1424;U8.1424;U9.1424;U10.1424;U11.1424;U12.1424;U13.1424;U14.1424;U15.1424;U16.1424;U17.1424;U18.1424;U19.1424;U20.1424;U21.1424;U22.1424;U23.1424;U24.1424;U25.1424;U26.1424;U27.1424",1.159,0,99.9968267729679,0.863,0,123.90255341131,0.033,"T1->T2",FALSE,0.0361690521240234,NA
1425,"model4",1000,"large",19,0.11,1.28153674025089,0.567842060467228,1,1,1,0,48,1,0.536085854234223,0.601601769363856,"M4",48,"U1.1425;U2.1425;U3.1425;U4.1425;U5.1425;U6.1425;U7.1425;U8.1425;U9.1425;U10.1425;U11.1425;U12.1425;U13.1425;U14.1425;U15.1425;U16.1425;U17.1425;U18.1425;U19.1425;U20.1425;U21.1425;U22.1425;U23.1425;U24.1425;U25.1425;U26.1425;U27.1425;U28.1425;U29.1425;U30.1425;U31.1425;U32.1425;U33.1425;U34.1425;U35.1425;U36.1425;U37.1425;U38.1425;U39.1425;U40.1425;U41.1425;U42.1425;U43.1425;U44.1425;U45.1425;U46.1425;U47.1425;U48.1425",1.699,0,71.446567252975,0.589,0,116.875441975819,0.637,"T1->T2",FALSE,0.0566310882568359,NA
1426,"model0",50,"small",20,0.46,0.152102408930659,0.229687595833093,1,1,1,0,26,1,0.746541593116391,0.60244372522902,"M0.1",26,"U1.1426;U2.1426;U3.1426;U4.1426;U5.1426;U6.1426;U7.1426;U8.1426;U9.1426;U10.1426;U11.1426;U12.1426;U13.1426;U14.1426;U15.1426;U16.1426;U17.1426;U18.1426;U19.1426;U20.1426;U21.1426;U22.1426;U23.1426;U24.1426;U25.1426;U26.1426",-0.375,0.682,0.753190422198137,-2.665,0.385,0.16785383616366,-0.045,"none",TRUE,0.0258719921112061,NA
1427,"model1",50,"small",20,0.29,0.258725010976195,0.26436520353891,1,1,1,0,27,1,0.851221075963573,0.806206799846373,"M1.1",27,"U1.1427;U2.1427;U3.1427;U4.1427;U5.1427;U6.1427;U7.1427;U8.1427;U9.1427;U10.1427;U11.1427;U12.1427;U13.1427;U14.1427;U15.1427;U16.1427;U17.1427;U18.1427;U19.1427;U20.1427;U21.1427;U22.1427;U23.1427;U24.1427;U25.1427;U26.1427;U27.1427",0.433,0.772,0.313084014054534,2.309,0.576,0.0840233976203365,0.099,"none",TRUE,0.0256409645080566,NA
1428,"model2",50,"small",20,0.49,0.397481067385525,0.100902758399025,1,1,1,0,8,1,0.245395393240533,0.392227254840892,"M2.1",8,"U1.1428;U2.1428;U3.1428;U4.1428;U5.1428;U6.1428;U7.1428;U8.1428",-0.005,0.989,6.19961429018278,-185.296,0.013,0.000179877662714659,0.138,"none",TRUE,0.0252621173858643,NA
1429,"model3",50,"small",20,0.08,0.348868714738637,0.218334054062143,1,1,1,0,21,3,0.716041588372625,0.599301137655371,"M3",21,"U1.1429;U2.1429;U3.1429;U4.1429;U5.1429;U6.1429;U7.1429;U8.1429;U9.1429;U10.1429;U11.1429;U12.1429;U13.1429;U14.1429;U15.1429;U16.1429;U17.1429;U18.1429;U19.1429;U20.1429;U21.1429",-355.576,0.329,1.229746938595e-05,-0.003,0.997,0.95111493807599,-0.081,"none",TRUE,0.0389618873596191,NA
1430,"model4",50,"small",20,0.48,0.136272470094264,0.231388377398252,1,1,1,0,28,1,0.874757850053383,0.752406029609055,"M4",28,"U1.1430;U2.1430;U3.1430;U4.1430;U5.1430;U6.1430;U7.1430;U8.1430;U9.1430;U10.1430;U11.1430;U12.1430;U13.1430;U14.1430;U15.1430;U16.1430;U17.1430;U18.1430;U19.1430;U20.1430;U21.1430;U22.1430;U23.1430;U24.1430;U25.1430;U26.1430;U27.1430;U28.1430",-3.785,0.009,0.320467670216643,-0.264,0.571,6.81773994897858,0.194,"none",TRUE,0.0255138874053955,NA
1431,"model0",150,"small",20,0.46,0.265358292218298,0.263388212118298,1,1,1,0,41,1,0.713189758865706,0.778758019630557,"M0.1",41,"U1.1431;U2.1431;U3.1431;U4.1431;U5.1431;U6.1431;U7.1431;U8.1431;U9.1431;U10.1431;U11.1431;U12.1431;U13.1431;U14.1431;U15.1431;U16.1431;U17.1431;U18.1431;U19.1431;U20.1431;U21.1431;U22.1431;U23.1431;U24.1431;U25.1431;U26.1431;U27.1431;U28.1431;U29.1431;U30.1431;U31.1431;U32.1431;U33.1431;U34.1431;U35.1431;U36.1431;U37.1431;U38.1431;U39.1431;U40.1431;U41.1431",-0.381,0.744,0.837158726091375,-2.627,0.36,0.106641347203966,0.182,"none",TRUE,0.0270118713378906,NA
1432,"model1",150,"small",20,0.16,0.490725483931601,0.102989133121446,1,1,1,0,19,1,0.558519325837596,0.494611436603179,"M1.1",19,"U1.1432;U2.1432;U3.1432;U4.1432;U5.1432;U6.1432;U7.1432;U8.1432;U9.1432;U10.1432;U11.1432;U12.1432;U13.1432;U14.1432;U15.1432;U16.1432;U17.1432;U18.1432;U19.1432",0.746,0.714,0.224062670769869,1.341,0.636,0.134747594297432,0.185,"none",TRUE,0.0256390571594238,NA
1433,"model2",150,"small",20,0.08,0.254496271535754,0.213145712064579,1,1,1,0,47,1,0.66636926385943,0.735277064465877,"M2.1",47,"U1.1433;U2.1433;U3.1433;U4.1433;U5.1433;U6.1433;U7.1433;U8.1433;U9.1433;U10.1433;U11.1433;U12.1433;U13.1433;U14.1433;U15.1433;U16.1433;U17.1433;U18.1433;U19.1433;U20.1433;U21.1433;U22.1433;U23.1433;U24.1433;U25.1433;U26.1433;U27.1433;U28.1433;U29.1433;U30.1433;U31.1433;U32.1433;U33.1433;U34.1433;U35.1433;U36.1433;U37.1433;U38.1433;U39.1433;U40.1433;U41.1433;U42.1433;U43.1433;U44.1433;U45.1433;U46.1433;U47.1433",-1.38,0.348,0.543638995018918,-0.725,0.461,0.881493237719193,0.277,"none",TRUE,0.0294170379638672,NA
1434,"model3",150,"small",20,0.37,0.159705930016935,0.132615818781778,1,1,1,0,19,1,0.633966902311125,0.43494015421878,"M3",19,"U1.1434;U2.1434;U3.1434;U4.1434;U5.1434;U6.1434;U7.1434;U8.1434;U9.1434;U10.1434;U11.1434;U12.1434;U13.1434;U14.1434;U15.1434;U16.1434;U17.1434;U18.1434;U19.1434",0.234,0.683,2.90927130633172,4.269,0.088,0.166585087807645,-0.174,"none",TRUE,0.0253798961639404,NA
1435,"model4",150,"small",20,0.48,0.332291144225746,0.150690931780264,1,1,1,0,46,1,0.663240231154553,0.646583741214151,"M4",46,"U1.1435;U2.1435;U3.1435;U4.1435;U5.1435;U6.1435;U7.1435;U8.1435;U9.1435;U10.1435;U11.1435;U12.1435;U13.1435;U14.1435;U15.1435;U16.1435;U17.1435;U18.1435;U19.1435;U20.1435;U21.1435;U22.1435;U23.1435;U24.1435;U25.1435;U26.1435;U27.1435;U28.1435;U29.1435;U30.1435;U31.1435;U32.1435;U33.1435;U34.1435;U35.1435;U36.1435;U37.1435;U38.1435;U39.1435;U40.1435;U41.1435;U42.1435;U43.1435;U44.1435;U45.1435;U46.1435",1.147,0.001,6.85978415578736,0.872,0.009,10.8944877320691,0.271,"none",TRUE,0.0251259803771973,NA
1436,"model0",300,"small",20,0.19,0.402189649734646,0.203314449219033,1,1,1,0,12,1,0.423675798742062,0.423137710751791,"M0.1",12,"U1.1436;U2.1436;U3.1436;U4.1436;U5.1436;U6.1436;U7.1436;U8.1436;U9.1436;U10.1436;U11.1436;U12.1436",-0.263,0.355,13.8336944058882,-3.796,0,0.856348280146105,-0.292,"none",FALSE,0.0521371364593506,NA
1437,"model1",300,"small",20,0.5,0.273681541066617,0.263014281447977,1,1,1,0,17,1,0.442483399727422,0.422508055570501,"M1.1",17,"U1.1437;U2.1437;U3.1437;U4.1437;U5.1437;U6.1437;U7.1437;U8.1437;U9.1437;U10.1437;U11.1437;U12.1437;U13.1437;U14.1437;U15.1437;U16.1437;U17.1437",0.613,0.062,10.4161832568184,1.632,0.001,3.48766442415318,0.454,"none",FALSE,0.0345940589904785,NA
1438,"model2",300,"small",20,0.25,0.114378851652145,0.282321554375812,1,1,1,0,50,1,0.755792878426889,0.697486458874491,"M2.1",50,"U1.1438;U2.1438;U3.1438;U4.1438;U5.1438;U6.1438;U7.1438;U8.1438;U9.1438;U10.1438;U11.1438;U12.1438;U13.1438;U14.1438;U15.1438;U16.1438;U17.1438;U18.1438;U19.1438;U20.1438;U21.1438;U22.1438;U23.1438;U24.1438;U25.1438;U26.1438;U27.1438;U28.1438;U29.1438;U30.1438;U31.1438;U32.1438;U33.1438;U34.1438;U35.1438;U36.1438;U37.1438;U38.1438;U39.1438;U40.1438;U41.1438;U42.1438;U43.1438;U44.1438;U45.1438;U46.1438;U47.1438;U48.1438;U49.1438;U50.1438",-0.943,0.765,0.0869456934875752,-1.061,0.768,0.089729989432333,0.447,"none",TRUE,0.033484935760498,NA
1439,"model3",300,"small",20,0.03,0.189990927092731,0.135835311748087,1,1,1,0,42,1,0.671781402550858,0.649029943618822,"M3",42,"U1.1439;U2.1439;U3.1439;U4.1439;U5.1439;U6.1439;U7.1439;U8.1439;U9.1439;U10.1439;U11.1439;U12.1439;U13.1439;U14.1439;U15.1439;U16.1439;U17.1439;U18.1439;U19.1439;U20.1439;U21.1439;U22.1439;U23.1439;U24.1439;U25.1439;U26.1439;U27.1439;U28.1439;U29.1439;U30.1439;U31.1439;U32.1439;U33.1439;U34.1439;U35.1439;U36.1439;U37.1439;U38.1439;U39.1439;U40.1439;U41.1439;U42.1439",1.711,0.185,0.659945374673217,0.584,0.417,1.75951632860245,0.215,"none",TRUE,0.0355620384216309,NA
1440,"model4",300,"small",20,0.19,0.217646510992199,0.121466380218044,1,1,1,0,24,1,0.477442960566774,0.478063132631019,"M4",24,"U1.1440;U2.1440;U3.1440;U4.1440;U5.1440;U6.1440;U7.1440;U8.1440;U9.1440;U10.1440;U11.1440;U12.1440;U13.1440;U14.1440;U15.1440;U16.1440;U17.1440;U18.1440;U19.1440;U20.1440;U21.1440;U22.1440;U23.1440;U24.1440",1.052,0.005,7.18862634843609,0.95,0.007,7.80405788856257,0.132,"none",TRUE,0.0342860221862793,NA
1441,"model0",670,"small",20,0.11,0.150029141362756,0.131871193926781,1,1,1,3,46,1,0.643828155821813,0.69770508659573,"M0.1",46,"U1.1441;U2.1441;U3.1441;U4.1441;U5.1441;U6.1441;U7.1441;U8.1441;U9.1441;U10.1441;U11.1441;U12.1441;U13.1441;U14.1441;U15.1441;U16.1441;U17.1441;U18.1441;U19.1441;U20.1441;U21.1441;U22.1441;U23.1441;U24.1441;U25.1441;U26.1441;U27.1441;U28.1441;U29.1441;U30.1441;U31.1441;U32.1441;U33.1441;U34.1441;U35.1441;U36.1441;U37.1441;U38.1441;U39.1441;U40.1441;U41.1441;U42.1441;U43.1441;U44.1441;U45.1441;U46.1441",-0.316,0.516,5.02395432995524,-3.164,0.025,0.422635691344475,-0.047,"none",TRUE,0.0322461128234863,NA
1442,"model1",670,"small",20,0.43,0.381047266814858,0.184420455200598,1,1,1,3,12,1,0.343914714675753,0.201901757469131,"M1.1",12,"U1.1442;U2.1442;U3.1442;U4.1442;U5.1442;U6.1442;U7.1442;U8.1442;U9.1442;U10.1442;U11.1442;U12.1442",0.389,0.051,19.7698480845296,2.57,0,3.81475606644296,-0.01,"none",FALSE,0.0326950550079346,NA
1443,"model2",670,"small",20,0.39,0.23676815489307,0.287061471678317,1,1,1,3,12,1,0.315449936527717,0.290953204443763,"M2.1",12,"U1.1443;U2.1443;U3.1443;U4.1443;U5.1443;U6.1443;U7.1443;U8.1443;U9.1443;U10.1443;U11.1443;U12.1443",0.328,0.243,11.5467701946068,3.049,0.001,1.36134131041088,0.286,"none",FALSE,0.0351409912109375,NA
1444,"model3",670,"small",20,0.13,0.446485651284456,0.177776156924665,1,1,1,3,48,1,0.691880244361206,0.613136670276851,"M3",48,"U1.1444;U2.1444;U3.1444;U4.1444;U5.1444;U6.1444;U7.1444;U8.1444;U9.1444;U10.1444;U11.1444;U12.1444;U13.1444;U14.1444;U15.1444;U16.1444;U17.1444;U18.1444;U19.1444;U20.1444;U21.1444;U22.1444;U23.1444;U24.1444;U25.1444;U26.1444;U27.1444;U28.1444;U29.1444;U30.1444;U31.1444;U32.1444;U33.1444;U34.1444;U35.1444;U36.1444;U37.1444;U38.1444;U39.1444;U40.1444;U41.1444;U42.1444;U43.1444;U44.1444;U45.1444;U46.1444;U47.1444;U48.1444",1.018,0,16.1148886353365,0.982,0,18.5428482313625,0.088,"T1->T2",FALSE,0.0399599075317383,NA
1445,"model4",670,"small",20,0.29,0.283817795757204,0.254122319631279,1,1,1,3,34,1,0.580260849450225,0.510118960123906,"M4",34,"U1.1445;U2.1445;U3.1445;U4.1445;U5.1445;U6.1445;U7.1445;U8.1445;U9.1445;U10.1445;U11.1445;U12.1445;U13.1445;U14.1445;U15.1445;U16.1445;U17.1445;U18.1445;U19.1445;U20.1445;U21.1445;U22.1445;U23.1445;U24.1445;U25.1445;U26.1445;U27.1445;U28.1445;U29.1445;U30.1445;U31.1445;U32.1445;U33.1445;U34.1445",1.304,0,17.345746643332,0.767,0,26.8190761887443,0.265,"T1->T2",FALSE,0.0334460735321045,NA
1446,"model0",1000,"small",20,0.44,0.444188434816897,0.122986894613132,1,1,1,0,28,1,0.525787993423579,0.472245238622101,"M0.1",28,"U1.1446;U2.1446;U3.1446;U4.1446;U5.1446;U6.1446;U7.1446;U8.1446;U9.1446;U10.1446;U11.1446;U12.1446;U13.1446;U14.1446;U15.1446;U16.1446;U17.1446;U18.1446;U19.1446;U20.1446;U21.1446;U22.1446;U23.1446;U24.1446;U25.1446;U26.1446;U27.1446;U28.1446",-0.186,0.081,85.5994096518273,-5.381,0,3.05140779745044,-0.121,"none",FALSE,0.0504860877990723,NA
1447,"model1",1000,"small",20,0.37,0.121798040438443,0.165224379580468,1,1,1,0,23,1,0.445742787618115,0.406129103670656,"M1.1",23,"U1.1447;U2.1447;U3.1447;U4.1447;U5.1447;U6.1447;U7.1447;U8.1447;U9.1447;U10.1447;U11.1447;U12.1447;U13.1447;U14.1447;U15.1447;U16.1447;U17.1447;U18.1447;U19.1447;U20.1447;U21.1447;U22.1447;U23.1447",0.35,0.277,9.12925490251054,2.858,0.003,1.18383127317565,0.078,"none",TRUE,0.0516250133514404,NA
1448,"model2",1000,"small",20,0.26,0.318707012850791,0.219883404579014,1,1,1,0,33,1,0.555879725237114,0.465318865574112,"M2.1",33,"U1.1448;U2.1448;U3.1448;U4.1448;U5.1448;U6.1448;U7.1448;U8.1448;U9.1448;U10.1448;U11.1448;U12.1448;U13.1448;U14.1448;U15.1448;U16.1448;U17.1448;U18.1448;U19.1448;U20.1448;U21.1448;U22.1448;U23.1448;U24.1448;U25.1448;U26.1448;U27.1448;U28.1448;U29.1448;U30.1448;U31.1448;U32.1448;U33.1448",0.216,0.387,12.0180267525618,4.628,0.001,0.749825184024212,0.216,"none",FALSE,0.0549459457397461,NA
1449,"model3",1000,"small",20,0.22,0.375323302671313,0.139372278563678,1,1,1,0,29,1,0.459360593129198,0.51953451968895,"M3",29,"U1.1449;U2.1449;U3.1449;U4.1449;U5.1449;U6.1449;U7.1449;U8.1449;U9.1449;U10.1449;U11.1449;U12.1449;U13.1449;U14.1449;U15.1449;U16.1449;U17.1449;U18.1449;U19.1449;U20.1449;U21.1449;U22.1449;U23.1449;U24.1449;U25.1449;U26.1449;U27.1449;U28.1449;U29.1449",0.857,0,26.6065963718718,1.167,0,16.3539475206284,-0.101,"T1->T2",FALSE,0.0524189472198486,NA
1450,"model4",1000,"small",20,0.49,0.122685146331787,0.130323486216366,1,1,1,0,39,1,0.605006963733522,0.589008976025641,"M4",39,"U1.1450;U2.1450;U3.1450;U4.1450;U5.1450;U6.1450;U7.1450;U8.1450;U9.1450;U10.1450;U11.1450;U12.1450;U13.1450;U14.1450;U15.1450;U16.1450;U17.1450;U18.1450;U19.1450;U20.1450;U21.1450;U22.1450;U23.1450;U24.1450;U25.1450;U26.1450;U27.1450;U28.1450;U29.1450;U30.1450;U31.1450;U32.1450;U33.1450;U34.1450;U35.1450;U36.1450;U37.1450;U38.1450;U39.1450",1.029,0.291,1.19356922170806,0.972,0.275,1.11551290167743,-0.036,"none",TRUE,0.0537538528442383,NA
1451,"model0",50,"medium",20,0.1,0.759574065217748,0.400902957981452,1,1,1,0,37,2,0.883021804274662,0.899846359098826,"M0.1",37,"U1.1451;U2.1451;U3.1451;U4.1451;U5.1451;U6.1451;U7.1451;U8.1451;U9.1451;U10.1451;U11.1451;U12.1451;U13.1451;U14.1451;U15.1451;U16.1451;U17.1451;U18.1451;U19.1451;U20.1451;U21.1451;U22.1451;U23.1451;U24.1451;U25.1451;U26.1451;U27.1451;U28.1451;U29.1451;U30.1451;U31.1451;U32.1451;U33.1451;U34.1451;U35.1451;U36.1451;U37.1451",-0.191,0.679,6.16938070257225,-5.237,0.013,0.170887222075293,-0.054,"none",TRUE,0.0327620506286621,NA
1452,"model1",50,"medium",20,0.14,0.519342653336935,0.419894284801558,1,1,1,0,44,5,0.948071502121723,0.965440878378874,"M1.1",44,"U1.1452;U2.1452;U3.1452;U4.1452;U5.1452;U6.1452;U7.1452;U8.1452;U9.1452;U10.1452;U11.1452;U12.1452;U13.1452;U14.1452;U15.1452;U16.1452;U17.1452;U18.1452;U19.1452;U20.1452;U21.1452;U22.1452;U23.1452;U24.1452;U25.1452;U26.1452;U27.1452;U28.1452;U29.1452;U30.1452;U31.1452;U32.1452;U33.1452;U34.1452;U35.1452;U36.1452;U37.1452;U38.1452;U39.1452;U40.1452;U41.1452;U42.1452;U43.1452;U44.1452",0.289,0.753,1.98758969196844,3.465,0.159,0.0989431005137329,0.597,"none",TRUE,0.0259721279144287,NA
1453,"model2",50,"medium",20,0.22,0.598666595527902,0.41710757818073,1,1,1,0,32,1,0.758251012851812,0.835506434413314,"M2.1",32,"U1.1453;U2.1453;U3.1453;U4.1453;U5.1453;U6.1453;U7.1453;U8.1453;U9.1453;U10.1453;U11.1453;U12.1453;U13.1453;U14.1453;U15.1453;U16.1453;U17.1453;U18.1453;U19.1453;U20.1453;U21.1453;U22.1453;U23.1453;U24.1453;U25.1453;U26.1453;U27.1453;U28.1453;U29.1453;U30.1453;U31.1453;U32.1453",0.101,0.74,11.7598279260393,9.867,0.001,0.109855252692487,0.244,"none",FALSE,0.0268609523773193,NA
1454,"model3",50,"medium",20,0.09,0.929577003698796,0.353116543125361,1,1,1,0,22,5,0.72222866512221,0.667465587207822,"M3",22,"U1.1454;U2.1454;U3.1454;U4.1454;U5.1454;U6.1454;U7.1454;U8.1454;U9.1454;U10.1454;U11.1454;U12.1454;U13.1454;U14.1454;U15.1454;U16.1454;U17.1454;U18.1454;U19.1454;U20.1454;U21.1454;U22.1454",1.839,0.005,2.16507149784724,0.544,0.141,7.79954670211398,0.14,"none",TRUE,0.0259602069854736,NA
1455,"model4",50,"medium",20,0.1,0.779472778434865,0.391403655335307,1,1,1,0,44,2,0.992928565441516,0.988624668079004,"M4",44,"U1.1455;U2.1455;U3.1455;U4.1455;U5.1455;U6.1455;U7.1455;U8.1455;U9.1455;U10.1455;U11.1455;U12.1455;U13.1455;U14.1455;U15.1455;U16.1455;U17.1455;U18.1455;U19.1455;U20.1455;U21.1455;U22.1455;U23.1455;U24.1455;U25.1455;U26.1455;U27.1455;U28.1455;U29.1455;U30.1455;U31.1455;U32.1455;U33.1455;U34.1455;U35.1455;U36.1455;U37.1455;U38.1455;U39.1455;U40.1455;U41.1455;U42.1455;U43.1455;U44.1455",1.008,0.135,3.45496096665579,0.992,0.063,2.23580470281163,0.523,"none",TRUE,0.0386381149291992,NA
1456,"model0",150,"medium",20,0.22,0.683921805117279,0.412046379782259,1,1,1,0,35,1,0.560991419095899,0.572864979202434,"M0.1",35,"U1.1456;U2.1456;U3.1456;U4.1456;U5.1456;U6.1456;U7.1456;U8.1456;U9.1456;U10.1456;U11.1456;U12.1456;U13.1456;U14.1456;U15.1456;U16.1456;U17.1456;U18.1456;U19.1456;U20.1456;U21.1456;U22.1456;U23.1456;U24.1456;U25.1456;U26.1456;U27.1456;U28.1456;U29.1456;U30.1456;U31.1456;U32.1456;U33.1456;U34.1456;U35.1456",0.152,0.651,10.7936469296268,6.587,0.001,0.204880454883916,-0.058,"none",FALSE,0.0335841178894043,NA
1457,"model1",150,"medium",20,0.22,0.802682090550661,0.370652786875144,1,1,1,0,30,1,0.576779153798941,0.713979364605796,"M1.1",30,"U1.1457;U2.1457;U3.1457;U4.1457;U5.1457;U6.1457;U7.1457;U8.1457;U9.1457;U10.1457;U11.1457;U12.1457;U13.1457;U14.1457;U15.1457;U16.1457;U17.1457;U18.1457;U19.1457;U20.1457;U21.1457;U22.1457;U23.1457;U24.1457;U25.1457;U26.1457;U27.1457;U28.1457;U29.1457;U30.1457",0.196,0.65,9.06002405362191,5.091,0.003,0.206011545057125,0.471,"none",TRUE,0.023521900177002,NA
1458,"model2",150,"medium",20,0.38,0.81299221131485,0.396378731913865,1,1,1,0,43,1,0.715582051377352,0.756001875696948,"M2.1",43,"U1.1458;U2.1458;U3.1458;U4.1458;U5.1458;U6.1458;U7.1458;U8.1458;U9.1458;U10.1458;U11.1458;U12.1458;U13.1458;U14.1458;U15.1458;U16.1458;U17.1458;U18.1458;U19.1458;U20.1458;U21.1458;U22.1458;U23.1458;U24.1458;U25.1458;U26.1458;U27.1458;U28.1458;U29.1458;U30.1458;U31.1458;U32.1458;U33.1458;U34.1458;U35.1458;U36.1458;U37.1458;U38.1458;U39.1458;U40.1458;U41.1458;U42.1458;U43.1458",-0.829,0.04,5.09908396760232,-1.207,0.024,4.22569074699866,0.381,"none",TRUE,0.024385929107666,NA
1459,"model3",150,"medium",20,0.02,0.890409003361128,0.303570810751989,1,1,1,0,32,17,0.593267557367937,0.588626036116283,"M3",32,"U1.1459;U2.1459;U3.1459;U4.1459;U5.1459;U6.1459;U7.1459;U8.1459;U9.1459;U10.1459;U11.1459;U12.1459;U13.1459;U14.1459;U15.1459;U16.1459;U17.1459;U18.1459;U19.1459;U20.1459;U21.1459;U22.1459;U23.1459;U24.1459;U25.1459;U26.1459;U27.1459;U28.1459;U29.1459;U30.1459;U31.1459;U32.1459",8.174,0.004,0.122485856633716,0.122,0.726,8.47901847334961,0.024,"none",TRUE,0.0245258808135986,NA
1460,"model4",150,"medium",20,0.4,0.518923923023976,0.362871397007257,1,1,1,0,10,1,0.194724031751239,0.336527811910495,"M4",10,"U1.1460;U2.1460;U3.1460;U4.1460;U5.1460;U6.1460;U7.1460;U8.1460;U9.1460;U10.1460",1.56,0,25.2949630481759,0.641,0,41.438619076484,0.516,"T1->T2",FALSE,0.0267109870910645,NA
1461,"model0",300,"medium",20,0.13,0.621856162557378,0.440577192557976,1,1,1,0,34,1,0.521505142176537,0.552383939096811,"M0.1",34,"U1.1461;U2.1461;U3.1461;U4.1461;U5.1461;U6.1461;U7.1461;U8.1461;U9.1461;U10.1461;U11.1461;U12.1461;U13.1461;U14.1461;U15.1461;U16.1461;U17.1461;U18.1461;U19.1461;U20.1461;U21.1461;U22.1461;U23.1461;U24.1461;U25.1461;U26.1461;U27.1461;U28.1461;U29.1461;U30.1461;U31.1461;U32.1461;U33.1461;U34.1461",-0.166,0.66,7.41690213172255,-6.033,0.006,0.193466711080101,-0.036,"none",TRUE,0.033621072769165,NA
1462,"model1",300,"medium",20,0.41,0.685266105108894,0.470144660398364,1,1,1,0,21,1,0.465930094591631,0.48577513365683,"M1.1",21,"U1.1462;U2.1462;U3.1462;U4.1462;U5.1462;U6.1462;U7.1462;U8.1462;U9.1462;U10.1462;U11.1462;U12.1462;U13.1462;U14.1462;U15.1462;U16.1462;U17.1462;U18.1462;U19.1462;U20.1462;U21.1462",0.594,0.006,25.2058757555298,1.683,0,7.54797025585622,0.426,"T1->T2",FALSE,0.0430490970611572,NA
1463,"model2",300,"medium",20,0.43,0.94055694330018,0.456185071356595,1,1,1,0,40,1,0.578556887251961,0.674351656881596,"M2.1",40,"U1.1463;U2.1463;U3.1463;U4.1463;U5.1463;U6.1463;U7.1463;U8.1463;U9.1463;U10.1463;U11.1463;U12.1463;U13.1463;U14.1463;U15.1463;U16.1463;U17.1463;U18.1463;U19.1463;U20.1463;U21.1463;U22.1463;U23.1463;U24.1463;U25.1463;U26.1463;U27.1463;U28.1463;U29.1463;U30.1463;U31.1463;U32.1463;U33.1463;U34.1463;U35.1463;U36.1463;U37.1463;U38.1463;U39.1463;U40.1463",-0.129,0.46,27.0798251360712,-7.739,0,0.545576351159872,0.393,"none",FALSE,0.0400760173797607,NA
1464,"model3",300,"medium",20,0.1,0.726001419359818,0.45470851608552,1,1,1,0,1,1,0.059957320138721,0.0904323797402476,"M3",1,"U1.1464",1.147,0,23.7532646749095,0.872,0,35.0202971930454,-0.009,"T1->T2",FALSE,0.0372779369354248,NA
1465,"model4",300,"medium",20,0.26,0.912590692867525,0.343269473267719,1,1,1,0,6,1,0.0860594456781167,0.184161466596441,"M4",6,"U1.1465;U2.1465;U3.1465;U4.1465;U5.1465;U6.1465",1.131,0,128.444308580378,0.884,0,140.172530696155,0.544,"T1->T2",FALSE,0.0326690673828125,NA
1466,"model0",670,"medium",20,0.43,0.655698200454935,0.340164026152343,1,1,1,3,7,1,0.269568521700552,0.187807438123737,"M0.1",7,"U1.1466;U2.1466;U3.1466;U4.1466;U5.1466;U6.1466;U7.1466",0.064,0.532,83.8757197730116,15.563,0,0.390298775072212,-0.043,"none",FALSE,0.0325460433959961,NA
1467,"model1",670,"medium",20,0.02,0.778028845787048,0.332299385312945,1,1,1,3,49,13,0.667480708295677,0.729669454429404,"M1.1",49,"U1.1467;U2.1467;U3.1467;U4.1467;U5.1467;U6.1467;U7.1467;U8.1467;U9.1467;U10.1467;U11.1467;U12.1467;U13.1467;U14.1467;U15.1467;U16.1467;U17.1467;U18.1467;U19.1467;U20.1467;U21.1467;U22.1467;U23.1467;U24.1467;U25.1467;U26.1467;U27.1467;U28.1467;U29.1467;U30.1467;U31.1467;U32.1467;U33.1467;U34.1467;U35.1467;U36.1467;U37.1467;U38.1467;U39.1467;U40.1467;U41.1467;U42.1467;U43.1467;U44.1467;U45.1467;U46.1467;U47.1467;U48.1467;U49.1467",1.087,0.163,2.28642207790025,0.92,0.131,1.94545864106224,0.496,"none",TRUE,0.0471358299255371,NA
1468,"model2",670,"medium",20,0.47,0.819959694403224,0.346277791494504,1,1,1,3,13,1,0.304393687217403,0.287952685960911,"M2.1",13,"U1.1468;U2.1468;U3.1468;U4.1468;U5.1468;U6.1468;U7.1468;U8.1468;U9.1468;U10.1468;U11.1468;U12.1468;U13.1468",0.003,0.963,150.195265808513,298.032,0,0.00216004729950013,0.35,"none",FALSE,0.0326821804046631,NA
1469,"model3",670,"medium",20,0.13,0.615535665536299,0.420822570985183,1,1,1,3,8,1,0.192786867638746,0.172525158520076,"M3",8,"U1.1469;U2.1469;U3.1469;U4.1469;U5.1469;U6.1469;U7.1469;U8.1469",0.945,0,51.7370279432695,1.058,0,41.3542283698673,0.063,"T1->T2",FALSE,0.0324230194091797,NA
1470,"model4",670,"medium",20,0.2,0.705214010318741,0.494162548752502,1,1,1,3,44,1,0.619867549974002,0.554055506483165,"M4",44,"U1.1470;U2.1470;U3.1470;U4.1470;U5.1470;U6.1470;U7.1470;U8.1470;U9.1470;U10.1470;U11.1470;U12.1470;U13.1470;U14.1470;U15.1470;U16.1470;U17.1470;U18.1470;U19.1470;U20.1470;U21.1470;U22.1470;U23.1470;U24.1470;U25.1470;U26.1470;U27.1470;U28.1470;U29.1470;U30.1470;U31.1470;U32.1470;U33.1470;U34.1470;U35.1470;U36.1470;U37.1470;U38.1470;U39.1470;U40.1470;U41.1470;U42.1470;U43.1470;U44.1470",2.448,0,15.4214695328803,0.408,0,80.7244395744807,0.457,"T1->T2",FALSE,0.0384011268615723,NA
1471,"model0",1000,"medium",20,0.09,0.514753712224774,0.440886367857456,1,1,1,0,13,1,0.263340089865586,0.361375813494449,"M0.1",13,"U1.1471;U2.1471;U3.1471;U4.1471;U5.1471;U6.1471;U7.1471;U8.1471;U9.1471;U10.1471;U11.1471;U12.1471;U13.1471",0.011,0.95,37.5386353969221,87.812,0,0.00398164489961033,-0.061,"none",FALSE,0.0549831390380859,NA
1472,"model1",1000,"medium",20,0.17,0.861734278383665,0.461262696702033,1,1,1,0,44,1,0.613610989665196,0.606040158626174,"M1.1",44,"U1.1472;U2.1472;U3.1472;U4.1472;U5.1472;U6.1472;U7.1472;U8.1472;U9.1472;U10.1472;U11.1472;U12.1472;U13.1472;U14.1472;U15.1472;U16.1472;U17.1472;U18.1472;U19.1472;U20.1472;U21.1472;U22.1472;U23.1472;U24.1472;U25.1472;U26.1472;U27.1472;U28.1472;U29.1472;U30.1472;U31.1472;U32.1472;U33.1472;U34.1472;U35.1472;U36.1472;U37.1472;U38.1472;U39.1472;U40.1472;U41.1472;U42.1472;U43.1472;U44.1472",0.548,0,105.385800151955,1.826,0,29.2749859059259,0.458,"T1->T2",FALSE,0.0668540000915527,NA
1473,"model2",1000,"medium",20,0.24,0.959998162696138,0.497662872448564,1,1,1,0,19,1,0.299380073386754,0.419460373531562,"M2.1",19,"U1.1473;U2.1473;U3.1473;U4.1473;U5.1473;U6.1473;U7.1473;U8.1473;U9.1473;U10.1473;U11.1473;U12.1473;U13.1473;U14.1473;U15.1473;U16.1473;U17.1473;U18.1473;U19.1473",0.091,0.232,139.672235988505,10.999,0,1.43123762017737,0.482,"none",FALSE,0.0518369674682617,NA
1474,"model3",1000,"medium",20,0.48,0.692759956466034,0.326015081722289,1,1,1,0,24,1,0.447226130951423,0.40628510846283,"M3",24,"U1.1474;U2.1474;U3.1474;U4.1474;U5.1474;U6.1474;U7.1474;U8.1474;U9.1474;U10.1474;U11.1474;U12.1474;U13.1474;U14.1474;U15.1474;U16.1474;U17.1474;U18.1474;U19.1474;U20.1474;U21.1474;U22.1474;U23.1474;U24.1474",1.022,0,120.761589180209,0.979,0,133.82814473611,0.046,"T1->T2",FALSE,0.0526671409606934,NA
1475,"model4",1000,"medium",20,0.34,0.822411996312439,0.454551901016384,1,1,1,0,11,1,0.270295919385038,0.251624706084345,"M4",11,"U1.1475;U2.1475;U3.1475;U4.1475;U5.1475;U6.1475;U7.1475;U8.1475;U9.1475;U10.1475;U11.1475",1.416,0,232.816620481613,0.706,0,419.975200705758,0.56,"T1->T2",FALSE,0.0488448143005371,NA
1476,"model0",50,"large",20,0.14,1.01632677891757,0.992645686608739,1,1,1,0,13,1,0.460691204634343,0.382239289737475,"M0.1",13,"U1.1476;U2.1476;U3.1476;U4.1476;U5.1476;U6.1476;U7.1476;U8.1476;U9.1476;U10.1476;U11.1476;U12.1476;U13.1476",-0.242,0.395,8.70174487250944,-4.137,0.003,0.722649787564178,0.184,"none",TRUE,0.0321581363677979,NA
1477,"model1",50,"large",20,0.2,1.06979569059331,0.75685756385792,1,1,1,0,7,1,0.264167945174933,0.225478247292314,"M1.1",7,"U1.1477;U2.1477;U3.1477;U4.1477;U5.1477;U6.1477;U7.1477",0.785,0.085,8.3768342231423,1.273,0.004,2.96476990750141,0.66,"none",TRUE,0.0323600769042969,NA
1478,"model2",50,"large",20,0.21,1.36907668376807,0.604610610054806,1,1,1,0,10,1,0.375746555874806,0.349424184119651,"M2.1",10,"U1.1478;U2.1478;U3.1478;U4.1478;U5.1478;U6.1478;U7.1478;U8.1478;U9.1478;U10.1478",-0.171,0.391,21.8363299312901,-5.857,0,0.734805942658777,0.351,"none",FALSE,0.0322868824005127,NA
1479,"model3",50,"large",20,0.36,1.42588961380534,0.531397560494952,1,1,1,0,29,1,0.621099601426651,0.583228533378857,"M3",29,"U1.1479;U2.1479;U3.1479;U4.1479;U5.1479;U6.1479;U7.1479;U8.1479;U9.1479;U10.1479;U11.1479;U12.1479;U13.1479;U14.1479;U15.1479;U16.1479;U17.1479;U18.1479;U19.1479;U20.1479;U21.1479;U22.1479;U23.1479;U24.1479;U25.1479;U26.1479;U27.1479;U28.1479;U29.1479",1.469,0,17.1523491731304,0.681,0,36.4147243665425,0.252,"T1->T2",FALSE,0.0322880744934082,NA
1480,"model4",50,"large",20,0.07,1.3579335946124,0.720150196459144,1,1,1,0,2,5,0.164537211657254,0.0635485806910211,"M4",2,"U1.1480;U2.1480",1.49,0,31.7262760726666,0.671,0,56.0806713502623,0.823,"T1->T2",FALSE,0.0330750942230225,NA
1481,"model0",150,"large",20,0.41,1.4868337851949,0.627973720198497,1,1,1,0,8,1,0.130813315684646,0.209186723293333,"M0.1",8,"U1.1481;U2.1481;U3.1481;U4.1481;U5.1481;U6.1481;U7.1481;U8.1481",0.05,0.46,177.192606050431,19.968,0,0.545260434000175,0.123,"none",FALSE,0.0331921577453613,NA
1482,"model1",150,"large",20,0.05,1.30535221181344,0.976131382514723,1,1,1,0,40,1,0.69957876611569,0.70753972632212,"M1.1",40,"U1.1482;U2.1482;U3.1482;U4.1482;U5.1482;U6.1482;U7.1482;U8.1482;U9.1482;U10.1482;U11.1482;U12.1482;U13.1482;U14.1482;U15.1482;U16.1482;U17.1482;U18.1482;U19.1482;U20.1482;U21.1482;U22.1482;U23.1482;U24.1482;U25.1482;U26.1482;U27.1482;U28.1482;U29.1482;U30.1482;U31.1482;U32.1482;U33.1482;U34.1482;U35.1482;U36.1482;U37.1482;U38.1482;U39.1482;U40.1482",1.185,0,19.3813419560808,0.844,0,13.0612736185487,0.772,"T1->T2",FALSE,0.0338730812072754,NA
1483,"model2",150,"large",20,0.3,1.20334997004829,0.554949245532043,1,1,1,0,38,1,0.670259350269326,0.740834994733795,"M2.1",38,"U1.1483;U2.1483;U3.1483;U4.1483;U5.1483;U6.1483;U7.1483;U8.1483;U9.1483;U10.1483;U11.1483;U12.1483;U13.1483;U14.1483;U15.1483;U16.1483;U17.1483;U18.1483;U19.1483;U20.1483;U21.1483;U22.1483;U23.1483;U24.1483;U25.1483;U26.1483;U27.1483;U28.1483;U29.1483;U30.1483;U31.1483;U32.1483;U33.1483;U34.1483;U35.1483;U36.1483;U37.1483;U38.1483",0.019,0.908,28.4175805663954,52.706,0,0.0132762823703135,0.452,"none",FALSE,0.0347940921783447,NA
1484,"model3",150,"large",20,0.48,1.07412366918288,0.802444383967668,1,1,1,0,17,1,0.439601778709766,0.283465855718041,"M3",17,"U1.1484;U2.1484;U3.1484;U4.1484;U5.1484;U6.1484;U7.1484;U8.1484;U9.1484;U10.1484;U11.1484;U12.1484;U13.1484;U14.1484;U15.1484;U16.1484;U17.1484",0.93,0,50.5185975459638,1.075,0,57.9233132918549,0.388,"T1->T2",FALSE,0.0335178375244141,NA
1485,"model4",150,"large",20,0.34,1.22042021143716,0.867199319996871,1,1,1,0,38,1,0.568231930616249,0.399171942827308,"M4",38,"U1.1485;U2.1485;U3.1485;U4.1485;U5.1485;U6.1485;U7.1485;U8.1485;U9.1485;U10.1485;U11.1485;U12.1485;U13.1485;U14.1485;U15.1485;U16.1485;U17.1485;U18.1485;U19.1485;U20.1485;U21.1485;U22.1485;U23.1485;U24.1485;U25.1485;U26.1485;U27.1485;U28.1485;U29.1485;U30.1485;U31.1485;U32.1485;U33.1485;U34.1485;U35.1485;U36.1485;U37.1485;U38.1485",1.972,0,34.5449199303997,0.507,0,75.5238336527979,0.718,"T1->T2",FALSE,0.0337750911712646,NA
1486,"model0",300,"large",20,0.5,1.10780759213958,0.695426905644126,1,1,1,0,32,1,0.518004649685441,0.59664700285621,"M0.1",32,"U1.1486;U2.1486;U3.1486;U4.1486;U5.1486;U6.1486;U7.1486;U8.1486;U9.1486;U10.1486;U11.1486;U12.1486;U13.1486;U14.1486;U15.1486;U16.1486;U17.1486;U18.1486;U19.1486;U20.1486;U21.1486;U22.1486;U23.1486;U24.1486;U25.1486;U26.1486;U27.1486;U28.1486;U29.1486;U30.1486;U31.1486;U32.1486",-0.043,0.666,105.681104646225,-23.083,0,0.186274636009335,-0.085,"none",FALSE,0.0335800647735596,NA
1487,"model1",300,"large",20,0.25,1.38532429328188,0.960678939009085,1,1,1,0,9,1,0.278097445263282,0.341201371223302,"M1.1",9,"U1.1487;U2.1487;U3.1487;U4.1487;U5.1487;U6.1487;U7.1487;U8.1487;U9.1487",0.906,0,110.757016742222,1.104,0,51.588702203082,0.841,"T1->T2",FALSE,0.0327749252319336,NA
1488,"model2",300,"large",20,0.48,1.41166112408973,0.732938937260769,1,1,1,0,49,1,0.560559736046755,0.663865831162391,"M2.1",49,"U1.1488;U2.1488;U3.1488;U4.1488;U5.1488;U6.1488;U7.1488;U8.1488;U9.1488;U10.1488;U11.1488;U12.1488;U13.1488;U14.1488;U15.1488;U16.1488;U17.1488;U18.1488;U19.1488;U20.1488;U21.1488;U22.1488;U23.1488;U24.1488;U25.1488;U26.1488;U27.1488;U28.1488;U29.1488;U30.1488;U31.1488;U32.1488;U33.1488;U34.1488;U35.1488;U36.1488;U37.1488;U38.1488;U39.1488;U40.1488;U41.1488;U42.1488;U43.1488;U44.1488;U45.1488;U46.1488;U47.1488;U48.1488;U49.1488",-0.114,0.294,59.4229880102622,-8.744,0,1.09919520531127,0.484,"none",FALSE,0.0368070602416992,NA
1489,"model3",300,"large",20,0.14,1.36837624956388,0.889876218512654,1,1,1,0,44,1,0.566608279673908,0.589719091124664,"M3",44,"U1.1489;U2.1489;U3.1489;U4.1489;U5.1489;U6.1489;U7.1489;U8.1489;U9.1489;U10.1489;U11.1489;U12.1489;U13.1489;U14.1489;U15.1489;U16.1489;U17.1489;U18.1489;U19.1489;U20.1489;U21.1489;U22.1489;U23.1489;U24.1489;U25.1489;U26.1489;U27.1489;U28.1489;U29.1489;U30.1489;U31.1489;U32.1489;U33.1489;U34.1489;U35.1489;U36.1489;U37.1489;U38.1489;U39.1489;U40.1489;U41.1489;U42.1489;U43.1489;U44.1489",1.018,0,41.7165925214641,0.982,0,51.2602018752032,0.162,"T1->T2",FALSE,0.0446479320526123,NA
1490,"model4",300,"large",20,0.46,1.41696849407163,0.951738210511394,1,1,1,0,45,1,0.522996252416477,0.514663730557546,"M4",45,"U1.1490;U2.1490;U3.1490;U4.1490;U5.1490;U6.1490;U7.1490;U8.1490;U9.1490;U10.1490;U11.1490;U12.1490;U13.1490;U14.1490;U15.1490;U16.1490;U17.1490;U18.1490;U19.1490;U20.1490;U21.1490;U22.1490;U23.1490;U24.1490;U25.1490;U26.1490;U27.1490;U28.1490;U29.1490;U30.1490;U31.1490;U32.1490;U33.1490;U34.1490;U35.1490;U36.1490;U37.1490;U38.1490;U39.1490;U40.1490;U41.1490;U42.1490;U43.1490;U44.1490;U45.1490",1.831,0,166.493940440822,0.546,0,255.485086252779,0.808,"T1->T2",FALSE,0.0452868938446045,NA
1491,"model0",670,"large",20,0.23,1.17622694117017,0.979251833632588,1,1,1,3,44,1,0.550459353777819,0.635811940091598,"M0.1",44,"U1.1491;U2.1491;U3.1491;U4.1491;U5.1491;U6.1491;U7.1491;U8.1491;U9.1491;U10.1491;U11.1491;U12.1491;U13.1491;U14.1491;U15.1491;U16.1491;U17.1491;U18.1491;U19.1491;U20.1491;U21.1491;U22.1491;U23.1491;U24.1491;U25.1491;U26.1491;U27.1491;U28.1491;U29.1491;U30.1491;U31.1491;U32.1491;U33.1491;U34.1491;U35.1491;U36.1491;U37.1491;U38.1491;U39.1491;U40.1491;U41.1491;U42.1491;U43.1491;U44.1491",0.027,0.749,147.407117933493,36.918,0,0.102174091211391,-0.013,"none",FALSE,0.0314769744873047,NA
1492,"model1",670,"large",20,0.43,1.09919999225531,0.625213291263208,1,1,1,3,13,1,0.177889854244769,0.27872868863187,"M1.1",13,"U1.1492;U2.1492;U3.1492;U4.1492;U5.1492;U6.1492;U7.1492;U8.1492;U9.1492;U10.1492;U11.1492;U12.1492;U13.1492",0.604,0,253.743402933568,1.656,0,55.9763048834241,0.629,"T1->T2",FALSE,0.0297729969024658,NA
1493,"model2",670,"large",20,0.22,1.15958026994485,0.650864659575745,1,1,1,3,23,1,0.409518312512544,0.374700267034812,"M2.1",23,"U1.1493;U2.1493;U3.1493;U4.1493;U5.1493;U6.1493;U7.1493;U8.1493;U9.1493;U10.1493;U11.1493;U12.1493;U13.1493;U14.1493;U15.1493;U16.1493;U17.1493;U18.1493;U19.1493;U20.1493;U21.1493;U22.1493;U23.1493",0.011,0.881,112.931861869503,91.146,0,0.0223534682230973,0.501,"none",FALSE,0.0298829078674316,NA
1494,"model3",670,"large",20,0.42,1.48301777848974,0.924627188593149,1,1,1,3,38,1,0.38885190150819,0.422183948042621,"M3",38,"U1.1494;U2.1494;U3.1494;U4.1494;U5.1494;U6.1494;U7.1494;U8.1494;U9.1494;U10.1494;U11.1494;U12.1494;U13.1494;U14.1494;U15.1494;U16.1494;U17.1494;U18.1494;U19.1494;U20.1494;U21.1494;U22.1494;U23.1494;U24.1494;U25.1494;U26.1494;U27.1494;U28.1494;U29.1494;U30.1494;U31.1494;U32.1494;U33.1494;U34.1494;U35.1494;U36.1494;U37.1494;U38.1494",1.132,0,369.372679001887,0.883,0,397.243073923654,0.345,"T1->T2",FALSE,0.0419960021972656,NA
1495,"model4",670,"large",20,0.32,1.18586400290951,0.820967192295939,1,1,1,3,7,1,0.126998397732781,0.09507998785052,"M4",7,"U1.1495;U2.1495;U3.1495;U4.1495;U5.1495;U6.1495;U7.1495",1.811,0,289.552672938637,0.552,0,553.83287648668,0.77,"T1->T2",FALSE,0.0295581817626953,NA
1496,"model0",1000,"large",20,0.45,1.32122952735517,0.812087699538097,1,1,1,0,34,1,0.392125981622195,0.548511711169073,"M0.1",34,"U1.1496;U2.1496;U3.1496;U4.1496;U5.1496;U6.1496;U7.1496;U8.1496;U9.1496;U10.1496;U11.1496;U12.1496;U13.1496;U14.1496;U15.1496;U16.1496;U17.1496;U18.1496;U19.1496;U20.1496;U21.1496;U22.1496;U23.1496;U24.1496;U25.1496;U26.1496;U27.1496;U28.1496;U29.1496;U30.1496;U31.1496;U32.1496;U33.1496;U34.1496",-0.017,0.726,486.393275165042,-59.195,0,0.122833301227892,-0.168,"none",FALSE,0.0507850646972656,NA
1497,"model1",1000,"large",20,0.44,1.39830374275334,0.765632630791515,1,1,1,0,10,1,0.167318285394885,0.176605097149642,"M1.1",10,"U1.1497;U2.1497;U3.1497;U4.1497;U5.1497;U6.1497;U7.1497;U8.1497;U9.1497;U10.1497",0.832,0,663.629964394827,1.202,0,313.034985503142,0.716,"T1->T2",FALSE,0.0504848957061768,NA
1498,"model2",1000,"large",20,0.4,1.32365166686941,0.978571838582866,1,1,1,0,6,1,0.128805477413433,0.15091524885116,"M2.1",6,"U1.1498;U2.1498;U3.1498;U4.1498;U5.1498;U6.1498",-0.08,0.058,263.681341814723,-12.462,0,3.58135531493532,0.609,"none",FALSE,0.0483250617980957,NA
1499,"model3",1000,"large",20,0.39,1.39808848872781,0.782566970330663,1,1,1,0,2,1,0.0313657524382768,0.0345382643564725,"M3",2,"U1.1499;U2.1499",0.933,0,917.448790604676,1.072,0,810.585160759275,0.488,"T1->T2",FALSE,0.0557510852813721,NA
1500,"model4",1000,"large",20,0.01,1.04514680535067,0.951119773788378,1,1,1,0,33,2,0.54028218862056,0.579233817541343,"M4",33,"U1.1500;U2.1500;U3.1500;U4.1500;U5.1500;U6.1500;U7.1500;U8.1500;U9.1500;U10.1500;U11.1500;U12.1500;U13.1500;U14.1500;U15.1500;U16.1500;U17.1500;U18.1500;U19.1500;U20.1500;U21.1500;U22.1500;U23.1500;U24.1500;U25.1500;U26.1500;U27.1500;U28.1500;U29.1500;U30.1500;U31.1500;U32.1500;U33.1500",2.055,0,22.147622192924,0.487,0,44.2236550912609,0.691,"T1->T2",FALSE,0.0526061058044434,NA
