"method","arm","dataset","sample.size","effect_size","truth.model","time.seconds","timed.out","stalled"
"MRGN","truth",1,50,"small","M0.1",0.0147018432617188,FALSE,FALSE
"MRGN","truth",2,50,"small","M1.1",0.0168991088867188,FALSE,FALSE
"MRGN","truth",3,50,"small","M2.1",0.00619912147521973,FALSE,FALSE
"MRGN","truth",4,50,"small","M3",0.00739216804504395,FALSE,FALSE
"MRGN","truth",5,50,"small","M4",0.00940489768981934,FALSE,FALSE
"MRGN","truth",6,150,"small","M0.1",0.0212759971618652,FALSE,FALSE
"MRGN","truth",7,150,"small","M1.1",0.0155508518218994,FALSE,FALSE
"MRGN","truth",8,150,"small","M2.1",0.00580000877380371,FALSE,FALSE
"MRGN","truth",9,150,"small","M3",0.0122730731964111,FALSE,FALSE
"MRGN","truth",10,150,"small","M4",0.0056300163269043,FALSE,FALSE
"MRGN","truth",11,300,"small","M0.1",0.00767302513122559,FALSE,FALSE
"MRGN","truth",12,300,"small","M1.1",0.0183382034301758,FALSE,FALSE
"MRGN","truth",13,300,"small","M2.1",0.0133881568908691,FALSE,FALSE
"MRGN","truth",14,300,"small","M3",0.0198431015014648,FALSE,FALSE
"MRGN","truth",15,300,"small","M4",0.0147378444671631,FALSE,FALSE
"MRGN","truth",16,670,"small","M0.1",0.0133349895477295,FALSE,FALSE
"MRGN","truth",17,670,"small","M1.1",0.022705078125,FALSE,FALSE
"MRGN","truth",18,670,"small","M2.1",0.0114529132843018,FALSE,FALSE
"MRGN","truth",19,670,"small","M3",0.0183959007263184,FALSE,FALSE
"MRGN","truth",20,670,"small","M4",0.0119380950927734,FALSE,FALSE
"MRGN","truth",21,1000,"small","M0.1",0.0286750793457031,FALSE,FALSE
"MRGN","truth",22,1000,"small","M1.1",0.0168139934539795,FALSE,FALSE
"MRGN","truth",23,1000,"small","M2.1",0.00979495048522949,FALSE,FALSE
"MRGN","truth",24,1000,"small","M3",0.0222620964050293,FALSE,FALSE
"MRGN","truth",25,1000,"small","M4",0.00656795501708984,FALSE,FALSE
"MRGN","truth",26,50,"medium","M0.1",0.00446987152099609,FALSE,FALSE
"MRGN","truth",27,50,"medium","M1.1",0.011167049407959,FALSE,FALSE
"MRGN","truth",28,50,"medium","M2.1",0.00808405876159668,FALSE,FALSE
"MRGN","truth",29,50,"medium","M3",0.00859618186950684,FALSE,FALSE
"MRGN","truth",30,50,"medium","M4",0.00633788108825684,FALSE,FALSE
"MRGN","truth",31,150,"medium","M0.1",0.0147130489349365,FALSE,FALSE
"MRGN","truth",32,150,"medium","M1.1",0.00948190689086914,FALSE,FALSE
"MRGN","truth",33,150,"medium","M2.1",0.0140929222106934,FALSE,FALSE
"MRGN","truth",34,150,"medium","M3",0.0390830039978027,FALSE,FALSE
"MRGN","truth",35,150,"medium","M4",0.00578808784484863,FALSE,FALSE
"MRGN","truth",36,300,"medium","M0.1",0.0238199234008789,FALSE,FALSE
"MRGN","truth",37,300,"medium","M1.1",0.0268540382385254,FALSE,FALSE
"MRGN","truth",38,300,"medium","M2.1",0.0317258834838867,FALSE,FALSE
"MRGN","truth",39,300,"medium","M3",0.0147600173950195,FALSE,FALSE
"MRGN","truth",40,300,"medium","M4",0.0301210880279541,FALSE,FALSE
"MRGN","truth",41,670,"medium","M0.1",0.271573066711426,FALSE,FALSE
"MRGN","truth",42,670,"medium","M1.1",0.0095360279083252,FALSE,FALSE
"MRGN","truth",43,670,"medium","M2.1",0.00963878631591797,FALSE,FALSE
"MRGN","truth",44,670,"medium","M3",0.0196809768676758,FALSE,FALSE
"MRGN","truth",45,670,"medium","M4",0.0130629539489746,FALSE,FALSE
"MRGN","truth",46,1000,"medium","M0.1",0.0138540267944336,FALSE,FALSE
"MRGN","truth",47,1000,"medium","M1.1",0.02292799949646,FALSE,FALSE
"MRGN","truth",48,1000,"medium","M2.1",0.0141048431396484,FALSE,FALSE
"MRGN","truth",49,1000,"medium","M3",0.0156030654907227,FALSE,FALSE
"MRGN","truth",50,1000,"medium","M4",0.00586104393005371,FALSE,FALSE
"MRGN","truth",51,50,"large","M0.1",0.0104348659515381,FALSE,FALSE
"MRGN","truth",52,50,"large","M1.1",0.00856184959411621,FALSE,FALSE
"MRGN","truth",53,50,"large","M2.1",0.00558900833129883,FALSE,FALSE
"MRGN","truth",54,50,"large","M3",0.00769710540771484,FALSE,FALSE
"MRGN","truth",55,50,"large","M4",0.013840913772583,FALSE,FALSE
"MRGN","truth",56,150,"large","M0.1",0.0086669921875,FALSE,FALSE
"MRGN","truth",57,150,"large","M1.1",0.00937700271606445,FALSE,FALSE
"MRGN","truth",58,150,"large","M2.1",0.00959610939025879,FALSE,FALSE
"MRGN","truth",59,150,"large","M3",0.0115680694580078,FALSE,FALSE
"MRGN","truth",60,150,"large","M4",0.0198440551757812,FALSE,FALSE
"MRGN","truth",61,300,"large","M0.1",0.0266950130462646,FALSE,FALSE
"MRGN","truth",62,300,"large","M1.1",0.0253810882568359,FALSE,FALSE
"MRGN","truth",63,300,"large","M2.1",0.00629997253417969,FALSE,FALSE
"MRGN","truth",64,300,"large","M3",0.0117628574371338,FALSE,FALSE
"MRGN","truth",65,300,"large","M4",0.0269291400909424,FALSE,FALSE
"MRGN","truth",66,670,"large","M0.1",0.0172989368438721,FALSE,FALSE
"MRGN","truth",67,670,"large","M1.1",0.00534892082214355,FALSE,FALSE
"MRGN","truth",68,670,"large","M2.1",0.00771999359130859,FALSE,FALSE
"MRGN","truth",69,670,"large","M3",0.00857996940612793,FALSE,FALSE
"MRGN","truth",70,670,"large","M4",0.0116751194000244,FALSE,FALSE
"MRGN","truth",71,1000,"large","M0.1",0.00673294067382812,FALSE,FALSE
"MRGN","truth",72,1000,"large","M1.1",0.00777196884155273,FALSE,FALSE
"MRGN","truth",73,1000,"large","M2.1",0.0437600612640381,FALSE,FALSE
"MRGN","truth",74,1000,"large","M3",0.018165111541748,FALSE,FALSE
"MRGN","truth",75,1000,"large","M4",0.0185120105743408,FALSE,FALSE
"MRGN","truth",76,50,"small","M0.1",0.0122020244598389,FALSE,FALSE
"MRGN","truth",77,50,"small","M1.1",0.00628995895385742,FALSE,FALSE
"MRGN","truth",78,50,"small","M2.1",0.0121769905090332,FALSE,FALSE
"MRGN","truth",79,50,"small","M3",0.00969886779785156,FALSE,FALSE
"MRGN","truth",80,50,"small","M4",0.0144109725952148,FALSE,FALSE
"MRGN","truth",81,150,"small","M0.1",0.00543093681335449,FALSE,FALSE
"MRGN","truth",82,150,"small","M1.1",0.0175700187683105,FALSE,FALSE
"MRGN","truth",83,150,"small","M2.1",0.0194089412689209,FALSE,FALSE
"MRGN","truth",84,150,"small","M3",0.014509916305542,FALSE,FALSE
"MRGN","truth",85,150,"small","M4",0.0230510234832764,FALSE,FALSE
"MRGN","truth",86,300,"small","M0.1",0.0141780376434326,FALSE,FALSE
"MRGN","truth",87,300,"small","M1.1",0.0254340171813965,FALSE,FALSE
"MRGN","truth",88,300,"small","M2.1",0.0229499340057373,FALSE,FALSE
"MRGN","truth",89,300,"small","M3",0.00802516937255859,FALSE,FALSE
"MRGN","truth",90,300,"small","M4",0.0278890132904053,FALSE,FALSE
"MRGN","truth",91,670,"small","M0.1",0.00893807411193848,FALSE,FALSE
"MRGN","truth",92,670,"small","M1.1",0.00948715209960938,FALSE,FALSE
"MRGN","truth",93,670,"small","M2.1",0.00382518768310547,FALSE,FALSE
"MRGN","truth",94,670,"small","M3",0.00662803649902344,FALSE,FALSE
"MRGN","truth",95,670,"small","M4",0.0171661376953125,FALSE,FALSE
"MRGN","truth",96,1000,"small","M0.1",0.0166230201721191,FALSE,FALSE
"MRGN","truth",97,1000,"small","M1.1",0.00388002395629883,FALSE,FALSE
"MRGN","truth",98,1000,"small","M2.1",0.0163710117340088,FALSE,FALSE
"MRGN","truth",99,1000,"small","M3",0.0345919132232666,FALSE,FALSE
"MRGN","truth",100,1000,"small","M4",0.0199820995330811,FALSE,FALSE
"MRGN","truth",101,50,"medium","M0.1",0.0105249881744385,FALSE,FALSE
"MRGN","truth",102,50,"medium","M1.1",0.01609206199646,FALSE,FALSE
"MRGN","truth",103,50,"medium","M2.1",0.00832796096801758,FALSE,FALSE
"MRGN","truth",104,50,"medium","M3",0.00802493095397949,FALSE,FALSE
"MRGN","truth",105,50,"medium","M4",0.00790905952453613,FALSE,FALSE
"MRGN","truth",106,150,"medium","M0.1",0.00483298301696777,FALSE,FALSE
"MRGN","truth",107,150,"medium","M1.1",0.0157079696655273,FALSE,FALSE
"MRGN","truth",108,150,"medium","M2.1",0.0133340358734131,FALSE,FALSE
"MRGN","truth",109,150,"medium","M3",0.00485992431640625,FALSE,FALSE
"MRGN","truth",110,150,"medium","M4",0.0106019973754883,FALSE,FALSE
"MRGN","truth",111,300,"medium","M0.1",0.0183601379394531,FALSE,FALSE
"MRGN","truth",112,300,"medium","M1.1",0.00875306129455566,FALSE,FALSE
"MRGN","truth",113,300,"medium","M2.1",0.0154211521148682,FALSE,FALSE
"MRGN","truth",114,300,"medium","M3",0.0122621059417725,FALSE,FALSE
"MRGN","truth",115,300,"medium","M4",0.0075068473815918,FALSE,FALSE
"MRGN","truth",116,670,"medium","M0.1",0.0142481327056885,FALSE,FALSE
"MRGN","truth",117,670,"medium","M1.1",0.0145130157470703,FALSE,FALSE
"MRGN","truth",118,670,"medium","M2.1",0.0084991455078125,FALSE,FALSE
"MRGN","truth",119,670,"medium","M3",0.0229549407958984,FALSE,FALSE
"MRGN","truth",120,670,"medium","M4",0.0121691226959229,FALSE,FALSE
"MRGN","truth",121,1000,"medium","M0.1",0.0139930248260498,FALSE,FALSE
"MRGN","truth",122,1000,"medium","M1.1",0.00776410102844238,FALSE,FALSE
"MRGN","truth",123,1000,"medium","M2.1",0.00752806663513184,FALSE,FALSE
"MRGN","truth",124,1000,"medium","M3",0.0231521129608154,FALSE,FALSE
"MRGN","truth",125,1000,"medium","M4",0.00511002540588379,FALSE,FALSE
"MRGN","truth",126,50,"large","M0.1",0.0135929584503174,FALSE,FALSE
"MRGN","truth",127,50,"large","M1.1",0.0131208896636963,FALSE,FALSE
"MRGN","truth",128,50,"large","M2.1",0.0241501331329346,FALSE,FALSE
"MRGN","truth",129,50,"large","M3",0.00966787338256836,FALSE,FALSE
"MRGN","truth",130,50,"large","M4",0.0206620693206787,FALSE,FALSE
"MRGN","truth",131,150,"large","M0.1",0.0121638774871826,FALSE,FALSE
"MRGN","truth",132,150,"large","M1.1",0.0148160457611084,FALSE,FALSE
"MRGN","truth",133,150,"large","M2.1",0.0103330612182617,FALSE,FALSE
"MRGN","truth",134,150,"large","M3",0.0142800807952881,FALSE,FALSE
"MRGN","truth",135,150,"large","M4",0.0077509880065918,FALSE,FALSE
"MRGN","truth",136,300,"large","M0.1",0.0192880630493164,FALSE,FALSE
"MRGN","truth",137,300,"large","M1.1",0.0253548622131348,FALSE,FALSE
"MRGN","truth",138,300,"large","M2.1",0.0244669914245605,FALSE,FALSE
"MRGN","truth",139,300,"large","M3",0.0067298412322998,FALSE,FALSE
"MRGN","truth",140,300,"large","M4",0.0143740177154541,FALSE,FALSE
"MRGN","truth",141,670,"large","M0.1",0.0344831943511963,FALSE,FALSE
"MRGN","truth",142,670,"large","M1.1",0.0167951583862305,FALSE,FALSE
"MRGN","truth",143,670,"large","M2.1",0.0136709213256836,FALSE,FALSE
"MRGN","truth",144,670,"large","M3",0.0197000503540039,FALSE,FALSE
"MRGN","truth",145,670,"large","M4",0.0163919925689697,FALSE,FALSE
"MRGN","truth",146,1000,"large","M0.1",0.0129051208496094,FALSE,FALSE
"MRGN","truth",147,1000,"large","M1.1",0.0226230621337891,FALSE,FALSE
"MRGN","truth",148,1000,"large","M2.1",0.00763297080993652,FALSE,FALSE
"MRGN","truth",149,1000,"large","M3",0.0137128829956055,FALSE,FALSE
"MRGN","truth",150,1000,"large","M4",0.0156209468841553,FALSE,FALSE
"MRGN","truth",151,50,"small","M0.1",0.0103240013122559,FALSE,FALSE
"MRGN","truth",152,50,"small","M1.1",0.0129868984222412,FALSE,FALSE
"MRGN","truth",153,50,"small","M2.1",0.00603389739990234,FALSE,FALSE
"MRGN","truth",154,50,"small","M3",0.0130691528320312,FALSE,FALSE
"MRGN","truth",155,50,"small","M4",0.00799703598022461,FALSE,FALSE
"MRGN","truth",156,150,"small","M0.1",0.0126287937164307,FALSE,FALSE
"MRGN","truth",157,150,"small","M1.1",0.0144829750061035,FALSE,FALSE
"MRGN","truth",158,150,"small","M2.1",0.0165760517120361,FALSE,FALSE
"MRGN","truth",159,150,"small","M3",0.0118188858032227,FALSE,FALSE
"MRGN","truth",160,150,"small","M4",0.00762581825256348,FALSE,FALSE
"MRGN","truth",161,300,"small","M0.1",0.00883603096008301,FALSE,FALSE
"MRGN","truth",162,300,"small","M1.1",0.00633096694946289,FALSE,FALSE
"MRGN","truth",163,300,"small","M2.1",0.00818610191345215,FALSE,FALSE
"MRGN","truth",164,300,"small","M3",0.0151660442352295,FALSE,FALSE
"MRGN","truth",165,300,"small","M4",0.00428199768066406,FALSE,FALSE
"MRGN","truth",166,670,"small","M0.1",0.00683498382568359,FALSE,FALSE
"MRGN","truth",167,670,"small","M1.1",0.0140008926391602,FALSE,FALSE
"MRGN","truth",168,670,"small","M2.1",0.0135068893432617,FALSE,FALSE
"MRGN","truth",169,670,"small","M3",0.0122818946838379,FALSE,FALSE
"MRGN","truth",170,670,"small","M4",0.0161130428314209,FALSE,FALSE
"MRGN","truth",171,1000,"small","M0.1",0.0156049728393555,FALSE,FALSE
"MRGN","truth",172,1000,"small","M1.1",0.0372719764709473,FALSE,FALSE
"MRGN","truth",173,1000,"small","M2.1",0.0127670764923096,FALSE,FALSE
"MRGN","truth",174,1000,"small","M3",0.00720000267028809,FALSE,FALSE
"MRGN","truth",175,1000,"small","M4",0.0114648342132568,FALSE,FALSE
"MRGN","truth",176,50,"medium","M0.1",0.0129621028900146,FALSE,FALSE
"MRGN","truth",177,50,"medium","M1.1",0.00537014007568359,FALSE,FALSE
"MRGN","truth",178,50,"medium","M2.1",0.0056769847869873,FALSE,FALSE
"MRGN","truth",179,50,"medium","M3",0.00486993789672852,FALSE,FALSE
"MRGN","truth",180,50,"medium","M4",0.0118567943572998,FALSE,FALSE
"MRGN","truth",181,150,"medium","M0.1",0.00594401359558105,FALSE,FALSE
"MRGN","truth",182,150,"medium","M1.1",0.0153331756591797,FALSE,FALSE
"MRGN","truth",183,150,"medium","M2.1",0.0102429389953613,FALSE,FALSE
"MRGN","truth",184,150,"medium","M3",0.0127289295196533,FALSE,FALSE
"MRGN","truth",185,150,"medium","M4",0.00675487518310547,FALSE,FALSE
"MRGN","truth",186,300,"medium","M0.1",0.00673198699951172,FALSE,FALSE
"MRGN","truth",187,300,"medium","M1.1",0.0105020999908447,FALSE,FALSE
"MRGN","truth",188,300,"medium","M2.1",0.00650191307067871,FALSE,FALSE
"MRGN","truth",189,300,"medium","M3",0.0112578868865967,FALSE,FALSE
"MRGN","truth",190,300,"medium","M4",0.01444411277771,FALSE,FALSE
"MRGN","truth",191,670,"medium","M0.1",0.00564193725585938,FALSE,FALSE
"MRGN","truth",192,670,"medium","M1.1",0.0148739814758301,FALSE,FALSE
"MRGN","truth",193,670,"medium","M2.1",0.0178780555725098,FALSE,FALSE
"MRGN","truth",194,670,"medium","M3",0.00975608825683594,FALSE,FALSE
"MRGN","truth",195,670,"medium","M4",0.0110862255096436,FALSE,FALSE
"MRGN","truth",196,1000,"medium","M0.1",0.0206220149993896,FALSE,FALSE
"MRGN","truth",197,1000,"medium","M1.1",0.00854706764221191,FALSE,FALSE
"MRGN","truth",198,1000,"medium","M2.1",0.00968694686889648,FALSE,FALSE
"MRGN","truth",199,1000,"medium","M3",0.0152690410614014,FALSE,FALSE
"MRGN","truth",200,1000,"medium","M4",0.0102338790893555,FALSE,FALSE
"MRGN","truth",201,50,"large","M0.1",0.0100209712982178,FALSE,FALSE
"MRGN","truth",202,50,"large","M1.1",0.00603294372558594,FALSE,FALSE
"MRGN","truth",203,50,"large","M2.1",0.00719904899597168,FALSE,FALSE
"MRGN","truth",204,50,"large","M3",0.00815606117248535,FALSE,FALSE
"MRGN","truth",205,50,"large","M4",0.0177111625671387,FALSE,FALSE
"MRGN","truth",206,150,"large","M0.1",0.0154058933258057,FALSE,FALSE
"MRGN","truth",207,150,"large","M1.1",0.011552095413208,FALSE,FALSE
"MRGN","truth",208,150,"large","M2.1",0.00547599792480469,FALSE,FALSE
"MRGN","truth",209,150,"large","M3",0.0124099254608154,FALSE,FALSE
"MRGN","truth",210,150,"large","M4",0.0218300819396973,FALSE,FALSE
"MRGN","truth",211,300,"large","M0.1",0.0105199813842773,FALSE,FALSE
"MRGN","truth",212,300,"large","M1.1",0.0119709968566895,FALSE,FALSE
"MRGN","truth",213,300,"large","M2.1",0.0146980285644531,FALSE,FALSE
"MRGN","truth",214,300,"large","M3",0.00916409492492676,FALSE,FALSE
"MRGN","truth",215,300,"large","M4",0.0128607749938965,FALSE,FALSE
"MRGN","truth",216,670,"large","M0.1",0.00844001770019531,FALSE,FALSE
"MRGN","truth",217,670,"large","M1.1",0.00693392753601074,FALSE,FALSE
"MRGN","truth",218,670,"large","M2.1",0.00777411460876465,FALSE,FALSE
"MRGN","truth",219,670,"large","M3",0.00697112083435059,FALSE,FALSE
"MRGN","truth",220,670,"large","M4",0.0119800567626953,FALSE,FALSE
"MRGN","truth",221,1000,"large","M0.1",0.00979900360107422,FALSE,FALSE
"MRGN","truth",222,1000,"large","M1.1",0.0156209468841553,FALSE,FALSE
"MRGN","truth",223,1000,"large","M2.1",0.0130009651184082,FALSE,FALSE
"MRGN","truth",224,1000,"large","M3",0.0074608325958252,FALSE,FALSE
"MRGN","truth",225,1000,"large","M4",0.0101470947265625,FALSE,FALSE
"MRGN","truth",226,50,"small","M0.1",0.00839018821716309,FALSE,FALSE
"MRGN","truth",227,50,"small","M1.1",0.0166499614715576,FALSE,FALSE
"MRGN","truth",228,50,"small","M2.1",0.00473904609680176,FALSE,FALSE
"MRGN","truth",229,50,"small","M3",0.00922203063964844,FALSE,FALSE
"MRGN","truth",230,50,"small","M4",0.00749111175537109,FALSE,FALSE
"MRGN","truth",231,150,"small","M0.1",0.015153169631958,FALSE,FALSE
"MRGN","truth",232,150,"small","M1.1",0.00481581687927246,FALSE,FALSE
"MRGN","truth",233,150,"small","M2.1",0.00559806823730469,FALSE,FALSE
"MRGN","truth",234,150,"small","M3",0.0124068260192871,FALSE,FALSE
"MRGN","truth",235,150,"small","M4",0.0152158737182617,FALSE,FALSE
"MRGN","truth",236,300,"small","M0.1",0.0169520378112793,FALSE,FALSE
"MRGN","truth",237,300,"small","M1.1",0.00852298736572266,FALSE,FALSE
"MRGN","truth",238,300,"small","M2.1",0.0137889385223389,FALSE,FALSE
"MRGN","truth",239,300,"small","M3",0.0135738849639893,FALSE,FALSE
"MRGN","truth",240,300,"small","M4",0.00727200508117676,FALSE,FALSE
"MRGN","truth",241,670,"small","M0.1",0.00959897041320801,FALSE,FALSE
"MRGN","truth",242,670,"small","M1.1",0.0462729930877686,FALSE,FALSE
"MRGN","truth",243,670,"small","M2.1",0.015110969543457,FALSE,FALSE
"MRGN","truth",244,670,"small","M3",0.0130679607391357,FALSE,FALSE
"MRGN","truth",245,670,"small","M4",0.0171129703521729,FALSE,FALSE
"MRGN","truth",246,1000,"small","M0.1",0.0246360301971436,FALSE,FALSE
"MRGN","truth",247,1000,"small","M1.1",0.00692582130432129,FALSE,FALSE
"MRGN","truth",248,1000,"small","M2.1",0.00781393051147461,FALSE,FALSE
"MRGN","truth",249,1000,"small","M3",0.0249769687652588,FALSE,FALSE
"MRGN","truth",250,1000,"small","M4",0.0334391593933105,FALSE,FALSE
"MRGN","truth",251,50,"medium","M0.1",0.0112500190734863,FALSE,FALSE
"MRGN","truth",252,50,"medium","M1.1",0.0105681419372559,FALSE,FALSE
"MRGN","truth",253,50,"medium","M2.1",0.00676083564758301,FALSE,FALSE
"MRGN","truth",254,50,"medium","M3",0.00689601898193359,FALSE,FALSE
"MRGN","truth",255,50,"medium","M4",0.0108239650726318,FALSE,FALSE
"MRGN","truth",256,150,"medium","M0.1",0.00838780403137207,FALSE,FALSE
"MRGN","truth",257,150,"medium","M1.1",0.00905585289001465,FALSE,FALSE
"MRGN","truth",258,150,"medium","M2.1",0.0147409439086914,FALSE,FALSE
"MRGN","truth",259,150,"medium","M3",0.0123178958892822,FALSE,FALSE
"MRGN","truth",260,150,"medium","M4",0.0165190696716309,FALSE,FALSE
"MRGN","truth",261,300,"medium","M0.1",0.004241943359375,FALSE,FALSE
"MRGN","truth",262,300,"medium","M1.1",0.00737690925598145,FALSE,FALSE
"MRGN","truth",263,300,"medium","M2.1",0.0142250061035156,FALSE,FALSE
"MRGN","truth",264,300,"medium","M3",0.015286922454834,FALSE,FALSE
"MRGN","truth",265,300,"medium","M4",0.00576615333557129,FALSE,FALSE
"MRGN","truth",266,670,"medium","M0.1",0.0085608959197998,FALSE,FALSE
"MRGN","truth",267,670,"medium","M1.1",0.0145511627197266,FALSE,FALSE
"MRGN","truth",268,670,"medium","M2.1",0.01236891746521,FALSE,FALSE
"MRGN","truth",269,670,"medium","M3",0.0150778293609619,FALSE,FALSE
"MRGN","truth",270,670,"medium","M4",0.0271370410919189,FALSE,FALSE
"MRGN","truth",271,1000,"medium","M0.1",0.0113790035247803,FALSE,FALSE
"MRGN","truth",272,1000,"medium","M1.1",0.00598287582397461,FALSE,FALSE
"MRGN","truth",273,1000,"medium","M2.1",0.0169768333435059,FALSE,FALSE
"MRGN","truth",274,1000,"medium","M3",0.00347995758056641,FALSE,FALSE
"MRGN","truth",275,1000,"medium","M4",0.0297839641571045,FALSE,FALSE
"MRGN","truth",276,50,"large","M0.1",0.00538206100463867,FALSE,FALSE
"MRGN","truth",277,50,"large","M1.1",0.00507211685180664,FALSE,FALSE
"MRGN","truth",278,50,"large","M2.1",0.0154728889465332,FALSE,FALSE
"MRGN","truth",279,50,"large","M3",0.0060269832611084,FALSE,FALSE
"MRGN","truth",280,50,"large","M4",0.0111551284790039,FALSE,FALSE
"MRGN","truth",281,150,"large","M0.1",0.00954794883728027,FALSE,FALSE
"MRGN","truth",282,150,"large","M1.1",0.0200960636138916,FALSE,FALSE
"MRGN","truth",283,150,"large","M2.1",0.0113298892974854,FALSE,FALSE
"MRGN","truth",284,150,"large","M3",0.0127618312835693,FALSE,FALSE
"MRGN","truth",285,150,"large","M4",0.011836051940918,FALSE,FALSE
"MRGN","truth",286,300,"large","M0.1",0.00810503959655762,FALSE,FALSE
"MRGN","truth",287,300,"large","M1.1",0.0203230381011963,FALSE,FALSE
"MRGN","truth",288,300,"large","M2.1",0.0146749019622803,FALSE,FALSE
"MRGN","truth",289,300,"large","M3",0.014671802520752,FALSE,FALSE
"MRGN","truth",290,300,"large","M4",0.0208618640899658,FALSE,FALSE
"MRGN","truth",291,670,"large","M0.1",0.0173189640045166,FALSE,FALSE
"MRGN","truth",292,670,"large","M1.1",0.0154879093170166,FALSE,FALSE
"MRGN","truth",293,670,"large","M2.1",0.00919699668884277,FALSE,FALSE
"MRGN","truth",294,670,"large","M3",0.0112049579620361,FALSE,FALSE
"MRGN","truth",295,670,"large","M4",0.0122749805450439,FALSE,FALSE
"MRGN","truth",296,1000,"large","M0.1",0.0251209735870361,FALSE,FALSE
"MRGN","truth",297,1000,"large","M1.1",0.0164380073547363,FALSE,FALSE
"MRGN","truth",298,1000,"large","M2.1",0.00883889198303223,FALSE,FALSE
"MRGN","truth",299,1000,"large","M3",0.0127949714660645,FALSE,FALSE
"MRGN","truth",300,1000,"large","M4",0.00759387016296387,FALSE,FALSE
"MRGN","truth",301,50,"small","M0.1",0.00932598114013672,FALSE,FALSE
"MRGN","truth",302,50,"small","M1.1",0.0181448459625244,FALSE,FALSE
"MRGN","truth",303,50,"small","M2.1",0.0166709423065186,FALSE,FALSE
"MRGN","truth",304,50,"small","M3",0.0142178535461426,FALSE,FALSE
"MRGN","truth",305,50,"small","M4",0.006011962890625,FALSE,FALSE
"MRGN","truth",306,150,"small","M0.1",0.00752019882202148,FALSE,FALSE
"MRGN","truth",307,150,"small","M1.1",0.00516295433044434,FALSE,FALSE
"MRGN","truth",308,150,"small","M2.1",0.00833511352539062,FALSE,FALSE
"MRGN","truth",309,150,"small","M3",0.00475192070007324,FALSE,FALSE
"MRGN","truth",310,150,"small","M4",0.0129880905151367,FALSE,FALSE
"MRGN","truth",311,300,"small","M0.1",0.0046379566192627,FALSE,FALSE
"MRGN","truth",312,300,"small","M1.1",0.00634002685546875,FALSE,FALSE
"MRGN","truth",313,300,"small","M2.1",0.0233609676361084,FALSE,FALSE
"MRGN","truth",314,300,"small","M3",0.00315690040588379,FALSE,FALSE
"MRGN","truth",315,300,"small","M4",0.0147688388824463,FALSE,FALSE
"MRGN","truth",316,670,"small","M0.1",0.0254900455474854,FALSE,FALSE
"MRGN","truth",317,670,"small","M1.1",0.0240881443023682,FALSE,FALSE
"MRGN","truth",318,670,"small","M2.1",0.00725317001342773,FALSE,FALSE
"MRGN","truth",319,670,"small","M3",0.0143890380859375,FALSE,FALSE
"MRGN","truth",320,670,"small","M4",0.0036470890045166,FALSE,FALSE
"MRGN","truth",321,1000,"small","M0.1",0.0181360244750977,FALSE,FALSE
"MRGN","truth",322,1000,"small","M1.1",0.00849485397338867,FALSE,FALSE
"MRGN","truth",323,1000,"small","M2.1",0.00445795059204102,FALSE,FALSE
"MRGN","truth",324,1000,"small","M3",0.0104539394378662,FALSE,FALSE
"MRGN","truth",325,1000,"small","M4",0.0123820304870605,FALSE,FALSE
"MRGN","truth",326,50,"medium","M0.1",0.0129349231719971,FALSE,FALSE
"MRGN","truth",327,50,"medium","M1.1",0.0169777870178223,FALSE,FALSE
"MRGN","truth",328,50,"medium","M2.1",0.0104641914367676,FALSE,FALSE
"MRGN","truth",329,50,"medium","M3",0.0054018497467041,FALSE,FALSE
"MRGN","truth",330,50,"medium","M4",0.0138089656829834,FALSE,FALSE
"MRGN","truth",331,150,"medium","M0.1",0.0301849842071533,FALSE,FALSE
"MRGN","truth",332,150,"medium","M1.1",0.00996994972229004,FALSE,FALSE
"MRGN","truth",333,150,"medium","M2.1",0.0131771564483643,FALSE,FALSE
"MRGN","truth",334,150,"medium","M3",0.0147550106048584,FALSE,FALSE
"MRGN","truth",335,150,"medium","M4",0.00584602355957031,FALSE,FALSE
"MRGN","truth",336,300,"medium","M0.1",0.00548291206359863,FALSE,FALSE
"MRGN","truth",337,300,"medium","M1.1",0.0122480392456055,FALSE,FALSE
"MRGN","truth",338,300,"medium","M2.1",0.0124881267547607,FALSE,FALSE
"MRGN","truth",339,300,"medium","M3",0.00441122055053711,FALSE,FALSE
"MRGN","truth",340,300,"medium","M4",0.00646209716796875,FALSE,FALSE
"MRGN","truth",341,670,"medium","M0.1",0.0102071762084961,FALSE,FALSE
"MRGN","truth",342,670,"medium","M1.1",0.00829005241394043,FALSE,FALSE
"MRGN","truth",343,670,"medium","M2.1",0.0124509334564209,FALSE,FALSE
"MRGN","truth",344,670,"medium","M3",0.0333080291748047,FALSE,FALSE
"MRGN","truth",345,670,"medium","M4",0.0242400169372559,FALSE,FALSE
"MRGN","truth",346,1000,"medium","M0.1",0.00292611122131348,FALSE,FALSE
"MRGN","truth",347,1000,"medium","M1.1",0.00855803489685059,FALSE,FALSE
"MRGN","truth",348,1000,"medium","M2.1",0.0121011734008789,FALSE,FALSE
"MRGN","truth",349,1000,"medium","M3",0.0105888843536377,FALSE,FALSE
"MRGN","truth",350,1000,"medium","M4",0.00980710983276367,FALSE,FALSE
"MRGN","truth",351,50,"large","M0.1",0.0103340148925781,FALSE,FALSE
"MRGN","truth",352,50,"large","M1.1",0.00557804107666016,FALSE,FALSE
"MRGN","truth",353,50,"large","M2.1",0.00971007347106934,FALSE,FALSE
"MRGN","truth",354,50,"large","M3",0.00845599174499512,FALSE,FALSE
"MRGN","truth",355,50,"large","M4",0.0161731243133545,FALSE,FALSE
"MRGN","truth",356,150,"large","M0.1",0.0129561424255371,FALSE,FALSE
"MRGN","truth",357,150,"large","M1.1",0.0137028694152832,FALSE,FALSE
"MRGN","truth",358,150,"large","M2.1",0.0179901123046875,FALSE,FALSE
"MRGN","truth",359,150,"large","M3",0.0143849849700928,FALSE,FALSE
"MRGN","truth",360,150,"large","M4",0.00537109375,FALSE,FALSE
"MRGN","truth",361,300,"large","M0.1",0.00770688056945801,FALSE,FALSE
"MRGN","truth",362,300,"large","M1.1",0.00430178642272949,FALSE,FALSE
"MRGN","truth",363,300,"large","M2.1",0.00811290740966797,FALSE,FALSE
"MRGN","truth",364,300,"large","M3",0.0137021541595459,FALSE,FALSE
"MRGN","truth",365,300,"large","M4",0.0100338459014893,FALSE,FALSE
"MRGN","truth",366,670,"large","M0.1",0.0357708930969238,FALSE,FALSE
"MRGN","truth",367,670,"large","M1.1",0.00577211380004883,FALSE,FALSE
"MRGN","truth",368,670,"large","M2.1",0.0152060985565186,FALSE,FALSE
"MRGN","truth",369,670,"large","M3",0.0114541053771973,FALSE,FALSE
"MRGN","truth",370,670,"large","M4",0.0102500915527344,FALSE,FALSE
"MRGN","truth",371,1000,"large","M0.1",0.0198049545288086,FALSE,FALSE
"MRGN","truth",372,1000,"large","M1.1",0.0109961032867432,FALSE,FALSE
"MRGN","truth",373,1000,"large","M2.1",0.0144820213317871,FALSE,FALSE
"MRGN","truth",374,1000,"large","M3",0.00492095947265625,FALSE,FALSE
"MRGN","truth",375,1000,"large","M4",0.015934944152832,FALSE,FALSE
"MRGN","truth",376,50,"small","M0.1",0.00877809524536133,FALSE,FALSE
"MRGN","truth",377,50,"small","M1.1",0.0107681751251221,FALSE,FALSE
"MRGN","truth",378,50,"small","M2.1",0.00553798675537109,FALSE,FALSE
"MRGN","truth",379,50,"small","M3",0.0135738849639893,FALSE,FALSE
"MRGN","truth",380,50,"small","M4",0.0082099437713623,FALSE,FALSE
"MRGN","truth",381,150,"small","M0.1",0.00786995887756348,FALSE,FALSE
"MRGN","truth",382,150,"small","M1.1",0.0138051509857178,FALSE,FALSE
"MRGN","truth",383,150,"small","M2.1",0.0125529766082764,FALSE,FALSE
"MRGN","truth",384,150,"small","M3",0.012664794921875,FALSE,FALSE
"MRGN","truth",385,150,"small","M4",0.0199360847473145,FALSE,FALSE
"MRGN","truth",386,300,"small","M0.1",0.00277304649353027,FALSE,FALSE
"MRGN","truth",387,300,"small","M1.1",0.0046849250793457,FALSE,FALSE
"MRGN","truth",388,300,"small","M2.1",0.00865411758422852,FALSE,FALSE
"MRGN","truth",389,300,"small","M3",0.0107758045196533,FALSE,FALSE
"MRGN","truth",390,300,"small","M4",0.0118389129638672,FALSE,FALSE
"MRGN","truth",391,670,"small","M0.1",0.00853085517883301,FALSE,FALSE
"MRGN","truth",392,670,"small","M1.1",0.0176022052764893,FALSE,FALSE
"MRGN","truth",393,670,"small","M2.1",0.0173430442810059,FALSE,FALSE
"MRGN","truth",394,670,"small","M3",0.0226080417633057,FALSE,FALSE
"MRGN","truth",395,670,"small","M4",0.0110230445861816,FALSE,FALSE
"MRGN","truth",396,1000,"small","M0.1",0.00758194923400879,FALSE,FALSE
"MRGN","truth",397,1000,"small","M1.1",0.00887608528137207,FALSE,FALSE
"MRGN","truth",398,1000,"small","M2.1",0.00540995597839355,FALSE,FALSE
"MRGN","truth",399,1000,"small","M3",0.00956296920776367,FALSE,FALSE
"MRGN","truth",400,1000,"small","M4",0.0106270313262939,FALSE,FALSE
"MRGN","truth",401,50,"medium","M0.1",0.0105140209197998,FALSE,FALSE
"MRGN","truth",402,50,"medium","M1.1",0.0222511291503906,FALSE,FALSE
"MRGN","truth",403,50,"medium","M2.1",0.00932812690734863,FALSE,FALSE
"MRGN","truth",404,50,"medium","M3",0.0195779800415039,FALSE,FALSE
"MRGN","truth",405,50,"medium","M4",0.00654411315917969,FALSE,FALSE
"MRGN","truth",406,150,"medium","M0.1",0.00706219673156738,FALSE,FALSE
"MRGN","truth",407,150,"medium","M1.1",0.00931906700134277,FALSE,FALSE
"MRGN","truth",408,150,"medium","M2.1",0.0109109878540039,FALSE,FALSE
"MRGN","truth",409,150,"medium","M3",0.0132579803466797,FALSE,FALSE
"MRGN","truth",410,150,"medium","M4",0.0117039680480957,FALSE,FALSE
"MRGN","truth",411,300,"medium","M0.1",0.00626707077026367,FALSE,FALSE
"MRGN","truth",412,300,"medium","M1.1",0.00632190704345703,FALSE,FALSE
"MRGN","truth",413,300,"medium","M2.1",0.0137748718261719,FALSE,FALSE
"MRGN","truth",414,300,"medium","M3",0.0107178688049316,FALSE,FALSE
"MRGN","truth",415,300,"medium","M4",0.00589990615844727,FALSE,FALSE
"MRGN","truth",416,670,"medium","M0.1",0.00842905044555664,FALSE,FALSE
"MRGN","truth",417,670,"medium","M1.1",0.017474889755249,FALSE,FALSE
"MRGN","truth",418,670,"medium","M2.1",0.0115730762481689,FALSE,FALSE
"MRGN","truth",419,670,"medium","M3",0.0144410133361816,FALSE,FALSE
"MRGN","truth",420,670,"medium","M4",0.00948691368103027,FALSE,FALSE
"MRGN","truth",421,1000,"medium","M0.1",0.00699996948242188,FALSE,FALSE
"MRGN","truth",422,1000,"medium","M1.1",0.0144729614257812,FALSE,FALSE
"MRGN","truth",423,1000,"medium","M2.1",0.0115950107574463,FALSE,FALSE
"MRGN","truth",424,1000,"medium","M3",0.00631999969482422,FALSE,FALSE
"MRGN","truth",425,1000,"medium","M4",0.00820302963256836,FALSE,FALSE
"MRGN","truth",426,50,"large","M0.1",0.0199439525604248,FALSE,FALSE
"MRGN","truth",427,50,"large","M1.1",0.0114579200744629,FALSE,FALSE
"MRGN","truth",428,50,"large","M2.1",0.00641512870788574,FALSE,FALSE
"MRGN","truth",429,50,"large","M3",0.00582695007324219,FALSE,FALSE
"MRGN","truth",430,50,"large","M4",0.0122652053833008,FALSE,FALSE
"MRGN","truth",431,150,"large","M0.1",0.0109860897064209,FALSE,FALSE
"MRGN","truth",432,150,"large","M1.1",0.0101749897003174,FALSE,FALSE
"MRGN","truth",433,150,"large","M2.1",0.00953412055969238,FALSE,FALSE
"MRGN","truth",434,150,"large","M3",0.0113098621368408,FALSE,FALSE
"MRGN","truth",435,150,"large","M4",0.0164861679077148,FALSE,FALSE
"MRGN","truth",436,300,"large","M0.1",0.00459194183349609,FALSE,FALSE
"MRGN","truth",437,300,"large","M1.1",0.0146150588989258,FALSE,FALSE
"MRGN","truth",438,300,"large","M2.1",0.00642704963684082,FALSE,FALSE
"MRGN","truth",439,300,"large","M3",0.00401401519775391,FALSE,FALSE
"MRGN","truth",440,300,"large","M4",0.00314688682556152,FALSE,FALSE
"MRGN","truth",441,670,"large","M0.1",0.00607705116271973,FALSE,FALSE
"MRGN","truth",442,670,"large","M1.1",0.0169839859008789,FALSE,FALSE
"MRGN","truth",443,670,"large","M2.1",0.00912904739379883,FALSE,FALSE
"MRGN","truth",444,670,"large","M3",0.00907301902770996,FALSE,FALSE
"MRGN","truth",445,670,"large","M4",0.00643706321716309,FALSE,FALSE
"MRGN","truth",446,1000,"large","M0.1",0.00570988655090332,FALSE,FALSE
"MRGN","truth",447,1000,"large","M1.1",0.0093238353729248,FALSE,FALSE
"MRGN","truth",448,1000,"large","M2.1",0.0174942016601562,FALSE,FALSE
"MRGN","truth",449,1000,"large","M3",0.0141828060150146,FALSE,FALSE
"MRGN","truth",450,1000,"large","M4",0.0323851108551025,FALSE,FALSE
"MRGN","truth",451,50,"small","M0.1",0.0130748748779297,FALSE,FALSE
"MRGN","truth",452,50,"small","M1.1",0.0122900009155273,FALSE,FALSE
"MRGN","truth",453,50,"small","M2.1",0.00436091423034668,FALSE,FALSE
"MRGN","truth",454,50,"small","M3",0.0133609771728516,FALSE,FALSE
"MRGN","truth",455,50,"small","M4",0.00810718536376953,FALSE,FALSE
"MRGN","truth",456,150,"small","M0.1",0.00789499282836914,FALSE,FALSE
"MRGN","truth",457,150,"small","M1.1",0.00669384002685547,FALSE,FALSE
"MRGN","truth",458,150,"small","M2.1",0.0140831470489502,FALSE,FALSE
"MRGN","truth",459,150,"small","M3",0.00525498390197754,FALSE,FALSE
"MRGN","truth",460,150,"small","M4",0.0128288269042969,FALSE,FALSE
"MRGN","truth",461,300,"small","M0.1",0.00779891014099121,FALSE,FALSE
"MRGN","truth",462,300,"small","M1.1",0.00641918182373047,FALSE,FALSE
"MRGN","truth",463,300,"small","M2.1",0.0108160972595215,FALSE,FALSE
"MRGN","truth",464,300,"small","M3",0.0138540267944336,FALSE,FALSE
"MRGN","truth",465,300,"small","M4",0.00849699974060059,FALSE,FALSE
"MRGN","truth",466,670,"small","M0.1",0.0114209651947021,FALSE,FALSE
"MRGN","truth",467,670,"small","M1.1",0.0156400203704834,FALSE,FALSE
"MRGN","truth",468,670,"small","M2.1",0.0146510601043701,FALSE,FALSE
"MRGN","truth",469,670,"small","M3",0.00722503662109375,FALSE,FALSE
"MRGN","truth",470,670,"small","M4",0.0108189582824707,FALSE,FALSE
"MRGN","truth",471,1000,"small","M0.1",0.0139939785003662,FALSE,FALSE
"MRGN","truth",472,1000,"small","M1.1",0.0222280025482178,FALSE,FALSE
"MRGN","truth",473,1000,"small","M2.1",0.0311269760131836,FALSE,FALSE
"MRGN","truth",474,1000,"small","M3",0.0094912052154541,FALSE,FALSE
"MRGN","truth",475,1000,"small","M4",0.0144391059875488,FALSE,FALSE
"MRGN","truth",476,50,"medium","M0.1",0.0322949886322021,FALSE,FALSE
"MRGN","truth",477,50,"medium","M1.1",0.0145821571350098,FALSE,FALSE
"MRGN","truth",478,50,"medium","M2.1",0.00673723220825195,FALSE,FALSE
"MRGN","truth",479,50,"medium","M3",0.0144860744476318,FALSE,FALSE
"MRGN","truth",480,50,"medium","M4",0.0127139091491699,FALSE,FALSE
"MRGN","truth",481,150,"medium","M0.1",0.00535702705383301,FALSE,FALSE
"MRGN","truth",482,150,"medium","M1.1",0.00894999504089355,FALSE,FALSE
"MRGN","truth",483,150,"medium","M2.1",0.00871491432189941,FALSE,FALSE
"MRGN","truth",484,150,"medium","M3",0.00446391105651855,FALSE,FALSE
"MRGN","truth",485,150,"medium","M4",0.0194120407104492,FALSE,FALSE
"MRGN","truth",486,300,"medium","M0.1",0.0111119747161865,FALSE,FALSE
"MRGN","truth",487,300,"medium","M1.1",0.0125350952148438,FALSE,FALSE
"MRGN","truth",488,300,"medium","M2.1",0.0108189582824707,FALSE,FALSE
"MRGN","truth",489,300,"medium","M3",0.00804781913757324,FALSE,FALSE
"MRGN","truth",490,300,"medium","M4",0.00799918174743652,FALSE,FALSE
"MRGN","truth",491,670,"medium","M0.1",0.0217409133911133,FALSE,FALSE
"MRGN","truth",492,670,"medium","M1.1",0.0175080299377441,FALSE,FALSE
"MRGN","truth",493,670,"medium","M2.1",0.0123050212860107,FALSE,FALSE
"MRGN","truth",494,670,"medium","M3",0.0126521587371826,FALSE,FALSE
"MRGN","truth",495,670,"medium","M4",0.011725902557373,FALSE,FALSE
"MRGN","truth",496,1000,"medium","M0.1",0.0114049911499023,FALSE,FALSE
"MRGN","truth",497,1000,"medium","M1.1",0.0133700370788574,FALSE,FALSE
"MRGN","truth",498,1000,"medium","M2.1",0.00714302062988281,FALSE,FALSE
"MRGN","truth",499,1000,"medium","M3",0.0102150440216064,FALSE,FALSE
"MRGN","truth",500,1000,"medium","M4",0.00648212432861328,FALSE,FALSE
"MRGN","truth",501,50,"large","M0.1",0.00638389587402344,FALSE,FALSE
"MRGN","truth",502,50,"large","M1.1",0.0136950016021729,FALSE,FALSE
"MRGN","truth",503,50,"large","M2.1",0.0125679969787598,FALSE,FALSE
"MRGN","truth",504,50,"large","M3",0.0105531215667725,FALSE,FALSE
"MRGN","truth",505,50,"large","M4",0.0106251239776611,FALSE,FALSE
"MRGN","truth",506,150,"large","M0.1",0.0102918148040771,FALSE,FALSE
"MRGN","truth",507,150,"large","M1.1",0.0119898319244385,FALSE,FALSE
"MRGN","truth",508,150,"large","M2.1",0.00659489631652832,FALSE,FALSE
"MRGN","truth",509,150,"large","M3",0.00671601295471191,FALSE,FALSE
"MRGN","truth",510,150,"large","M4",0.0130629539489746,FALSE,FALSE
"MRGN","truth",511,300,"large","M0.1",0.0100579261779785,FALSE,FALSE
"MRGN","truth",512,300,"large","M1.1",0.0175340175628662,FALSE,FALSE
"MRGN","truth",513,300,"large","M2.1",0.0156040191650391,FALSE,FALSE
"MRGN","truth",514,300,"large","M3",0.0286381244659424,FALSE,FALSE
"MRGN","truth",515,300,"large","M4",0.0147578716278076,FALSE,FALSE
"MRGN","truth",516,670,"large","M0.1",0.00375199317932129,FALSE,FALSE
"MRGN","truth",517,670,"large","M1.1",0.0137159824371338,FALSE,FALSE
"MRGN","truth",518,670,"large","M2.1",0.0100088119506836,FALSE,FALSE
"MRGN","truth",519,670,"large","M3",0.0111010074615479,FALSE,FALSE
"MRGN","truth",520,670,"large","M4",0.0169529914855957,FALSE,FALSE
"MRGN","truth",521,1000,"large","M0.1",0.0135948657989502,FALSE,FALSE
"MRGN","truth",522,1000,"large","M1.1",0.00447916984558105,FALSE,FALSE
"MRGN","truth",523,1000,"large","M2.1",0.00567293167114258,FALSE,FALSE
"MRGN","truth",524,1000,"large","M3",0.00876879692077637,FALSE,FALSE
"MRGN","truth",525,1000,"large","M4",0.0184018611907959,FALSE,FALSE
"MRGN","truth",526,50,"small","M0.1",0.0104789733886719,FALSE,FALSE
"MRGN","truth",527,50,"small","M1.1",0.0127701759338379,FALSE,FALSE
"MRGN","truth",528,50,"small","M2.1",0.0085899829864502,FALSE,FALSE
"MRGN","truth",529,50,"small","M3",0.0121119022369385,FALSE,FALSE
"MRGN","truth",530,50,"small","M4",0.011803150177002,FALSE,FALSE
"MRGN","truth",531,150,"small","M0.1",0.0173280239105225,FALSE,FALSE
"MRGN","truth",532,150,"small","M1.1",0.0135760307312012,FALSE,FALSE
"MRGN","truth",533,150,"small","M2.1",0.00532102584838867,FALSE,FALSE
"MRGN","truth",534,150,"small","M3",0.00759601593017578,FALSE,FALSE
"MRGN","truth",535,150,"small","M4",0.00784015655517578,FALSE,FALSE
"MRGN","truth",536,300,"small","M0.1",0.0108308792114258,FALSE,FALSE
"MRGN","truth",537,300,"small","M1.1",0.00803208351135254,FALSE,FALSE
"MRGN","truth",538,300,"small","M2.1",0.00734496116638184,FALSE,FALSE
"MRGN","truth",539,300,"small","M3",0.00975584983825684,FALSE,FALSE
"MRGN","truth",540,300,"small","M4",0.00864911079406738,FALSE,FALSE
"MRGN","truth",541,670,"small","M0.1",0.0148630142211914,FALSE,FALSE
"MRGN","truth",542,670,"small","M1.1",0.0163922309875488,FALSE,FALSE
"MRGN","truth",543,670,"small","M2.1",0.0122249126434326,FALSE,FALSE
"MRGN","truth",544,670,"small","M3",0.0167670249938965,FALSE,FALSE
"MRGN","truth",545,670,"small","M4",0.0154149532318115,FALSE,FALSE
"MRGN","truth",546,1000,"small","M0.1",0.0148870944976807,FALSE,FALSE
"MRGN","truth",547,1000,"small","M1.1",0.0200350284576416,FALSE,FALSE
"MRGN","truth",548,1000,"small","M2.1",0.0189871788024902,FALSE,FALSE
"MRGN","truth",549,1000,"small","M3",0.00974798202514648,FALSE,FALSE
"MRGN","truth",550,1000,"small","M4",0.0098729133605957,FALSE,FALSE
"MRGN","truth",551,50,"medium","M0.1",0.00660610198974609,FALSE,FALSE
"MRGN","truth",552,50,"medium","M1.1",0.00798487663269043,FALSE,FALSE
"MRGN","truth",553,50,"medium","M2.1",0.0127990245819092,FALSE,FALSE
"MRGN","truth",554,50,"medium","M3",0.0112028121948242,FALSE,FALSE
"MRGN","truth",555,50,"medium","M4",0.00670409202575684,FALSE,FALSE
"MRGN","truth",556,150,"medium","M0.1",0.022028923034668,FALSE,FALSE
"MRGN","truth",557,150,"medium","M1.1",0.0247080326080322,FALSE,FALSE
"MRGN","truth",558,150,"medium","M2.1",0.0149908065795898,FALSE,FALSE
"MRGN","truth",559,150,"medium","M3",0.0162770748138428,FALSE,FALSE
"MRGN","truth",560,150,"medium","M4",0.0160510540008545,FALSE,FALSE
"MRGN","truth",561,300,"medium","M0.1",0.00924086570739746,FALSE,FALSE
"MRGN","truth",562,300,"medium","M1.1",0.00681090354919434,FALSE,FALSE
"MRGN","truth",563,300,"medium","M2.1",0.0124671459197998,FALSE,FALSE
"MRGN","truth",564,300,"medium","M3",0.0152039527893066,FALSE,FALSE
"MRGN","truth",565,300,"medium","M4",0.00820207595825195,FALSE,FALSE
"MRGN","truth",566,670,"medium","M0.1",0.0090949535369873,FALSE,FALSE
"MRGN","truth",567,670,"medium","M1.1",0.0089869499206543,FALSE,FALSE
"MRGN","truth",568,670,"medium","M2.1",0.00780701637268066,FALSE,FALSE
"MRGN","truth",569,670,"medium","M3",0.0103759765625,FALSE,FALSE
"MRGN","truth",570,670,"medium","M4",0.00857996940612793,FALSE,FALSE
"MRGN","truth",571,1000,"medium","M0.1",0.0063788890838623,FALSE,FALSE
"MRGN","truth",572,1000,"medium","M1.1",0.00851583480834961,FALSE,FALSE
"MRGN","truth",573,1000,"medium","M2.1",0.00776100158691406,FALSE,FALSE
"MRGN","truth",574,1000,"medium","M3",0.00703310966491699,FALSE,FALSE
"MRGN","truth",575,1000,"medium","M4",0.00661587715148926,FALSE,FALSE
"MRGN","truth",576,50,"large","M0.1",0.0122120380401611,FALSE,FALSE
"MRGN","truth",577,50,"large","M1.1",0.00792789459228516,FALSE,FALSE
"MRGN","truth",578,50,"large","M2.1",0.00597691535949707,FALSE,FALSE
"MRGN","truth",579,50,"large","M3",0.0113120079040527,FALSE,FALSE
"MRGN","truth",580,50,"large","M4",0.0159790515899658,FALSE,FALSE
"MRGN","truth",581,150,"large","M0.1",0.0126230716705322,FALSE,FALSE
"MRGN","truth",582,150,"large","M1.1",0.011138916015625,FALSE,FALSE
"MRGN","truth",583,150,"large","M2.1",0.0132570266723633,FALSE,FALSE
"MRGN","truth",584,150,"large","M3",0.0114929676055908,FALSE,FALSE
"MRGN","truth",585,150,"large","M4",0.00944018363952637,FALSE,FALSE
"MRGN","truth",586,300,"large","M0.1",0.00469112396240234,FALSE,FALSE
"MRGN","truth",587,300,"large","M1.1",0.0112841129302979,FALSE,FALSE
"MRGN","truth",588,300,"large","M2.1",0.0117359161376953,FALSE,FALSE
"MRGN","truth",589,300,"large","M3",0.0176489353179932,FALSE,FALSE
"MRGN","truth",590,300,"large","M4",0.00652885437011719,FALSE,FALSE
"MRGN","truth",591,670,"large","M0.1",0.010631799697876,FALSE,FALSE
"MRGN","truth",592,670,"large","M1.1",0.00753092765808105,FALSE,FALSE
"MRGN","truth",593,670,"large","M2.1",0.0139248371124268,FALSE,FALSE
"MRGN","truth",594,670,"large","M3",0.00986194610595703,FALSE,FALSE
"MRGN","truth",595,670,"large","M4",0.0131878852844238,FALSE,FALSE
"MRGN","truth",596,1000,"large","M0.1",0.0114860534667969,FALSE,FALSE
"MRGN","truth",597,1000,"large","M1.1",0.0127251148223877,FALSE,FALSE
"MRGN","truth",598,1000,"large","M2.1",0.0106339454650879,FALSE,FALSE
"MRGN","truth",599,1000,"large","M3",0.0160079002380371,FALSE,FALSE
"MRGN","truth",600,1000,"large","M4",0.0135619640350342,FALSE,FALSE
"MRGN","truth",601,50,"small","M0.1",0.0140190124511719,FALSE,FALSE
"MRGN","truth",602,50,"small","M1.1",0.00686097145080566,FALSE,FALSE
"MRGN","truth",603,50,"small","M2.1",0.00675296783447266,FALSE,FALSE
"MRGN","truth",604,50,"small","M3",0.010857105255127,FALSE,FALSE
"MRGN","truth",605,50,"small","M4",0.0159740447998047,FALSE,FALSE
"MRGN","truth",606,150,"small","M0.1",0.0175960063934326,FALSE,FALSE
"MRGN","truth",607,150,"small","M1.1",0.0067448616027832,FALSE,FALSE
"MRGN","truth",608,150,"small","M2.1",0.00583004951477051,FALSE,FALSE
"MRGN","truth",609,150,"small","M3",0.00595998764038086,FALSE,FALSE
"MRGN","truth",610,150,"small","M4",0.0100030899047852,FALSE,FALSE
"MRGN","truth",611,300,"small","M0.1",0.00714921951293945,FALSE,FALSE
"MRGN","truth",612,300,"small","M1.1",0.00783896446228027,FALSE,FALSE
"MRGN","truth",613,300,"small","M2.1",0.0119650363922119,FALSE,FALSE
"MRGN","truth",614,300,"small","M3",0.00831699371337891,FALSE,FALSE
"MRGN","truth",615,300,"small","M4",0.00652694702148438,FALSE,FALSE
"MRGN","truth",616,670,"small","M0.1",0.0160398483276367,FALSE,FALSE
"MRGN","truth",617,670,"small","M1.1",0.010242223739624,FALSE,FALSE
"MRGN","truth",618,670,"small","M2.1",0.0101540088653564,FALSE,FALSE
"MRGN","truth",619,670,"small","M3",0.00992703437805176,FALSE,FALSE
"MRGN","truth",620,670,"small","M4",0.0178489685058594,FALSE,FALSE
"MRGN","truth",621,1000,"small","M0.1",0.0248129367828369,FALSE,FALSE
"MRGN","truth",622,1000,"small","M1.1",0.0275139808654785,FALSE,FALSE
"MRGN","truth",623,1000,"small","M2.1",0.00518012046813965,FALSE,FALSE
"MRGN","truth",624,1000,"small","M3",0.0105440616607666,FALSE,FALSE
"MRGN","truth",625,1000,"small","M4",0.0041351318359375,FALSE,FALSE
"MRGN","truth",626,50,"medium","M0.1",0.0231189727783203,FALSE,FALSE
"MRGN","truth",627,50,"medium","M1.1",0.00508999824523926,FALSE,FALSE
"MRGN","truth",628,50,"medium","M2.1",0.00544500350952148,FALSE,FALSE
"MRGN","truth",629,50,"medium","M3",0.012009859085083,FALSE,FALSE
"MRGN","truth",630,50,"medium","M4",0.0228400230407715,FALSE,FALSE
"MRGN","truth",631,150,"medium","M0.1",0.0119900703430176,FALSE,FALSE
"MRGN","truth",632,150,"medium","M1.1",0.00980210304260254,FALSE,FALSE
"MRGN","truth",633,150,"medium","M2.1",0.0122590065002441,FALSE,FALSE
"MRGN","truth",634,150,"medium","M3",0.0152018070220947,FALSE,FALSE
"MRGN","truth",635,150,"medium","M4",0.0116341114044189,FALSE,FALSE
"MRGN","truth",636,300,"medium","M0.1",0.0121800899505615,FALSE,FALSE
"MRGN","truth",637,300,"medium","M1.1",0.0100748538970947,FALSE,FALSE
"MRGN","truth",638,300,"medium","M2.1",0.0081021785736084,FALSE,FALSE
"MRGN","truth",639,300,"medium","M3",0.0102019309997559,FALSE,FALSE
"MRGN","truth",640,300,"medium","M4",0.00781393051147461,FALSE,FALSE
"MRGN","truth",641,670,"medium","M0.1",0.0115818977355957,FALSE,FALSE
"MRGN","truth",642,670,"medium","M1.1",0.0149238109588623,FALSE,FALSE
"MRGN","truth",643,670,"medium","M2.1",0.00783801078796387,FALSE,FALSE
"MRGN","truth",644,670,"medium","M3",0.0167720317840576,FALSE,FALSE
"MRGN","truth",645,670,"medium","M4",0.00629305839538574,FALSE,FALSE
"MRGN","truth",646,1000,"medium","M0.1",0.0116000175476074,FALSE,FALSE
"MRGN","truth",647,1000,"medium","M1.1",0.00615286827087402,FALSE,FALSE
"MRGN","truth",648,1000,"medium","M2.1",0.0153279304504395,FALSE,FALSE
"MRGN","truth",649,1000,"medium","M3",0.0177931785583496,FALSE,FALSE
"MRGN","truth",650,1000,"medium","M4",0.0135560035705566,FALSE,FALSE
"MRGN","truth",651,50,"large","M0.1",0.010429859161377,FALSE,FALSE
"MRGN","truth",652,50,"large","M1.1",0.00878286361694336,FALSE,FALSE
"MRGN","truth",653,50,"large","M2.1",0.00814604759216309,FALSE,FALSE
"MRGN","truth",654,50,"large","M3",0.0125648975372314,FALSE,FALSE
"MRGN","truth",655,50,"large","M4",0.0215129852294922,FALSE,FALSE
"MRGN","truth",656,150,"large","M0.1",0.0205881595611572,FALSE,FALSE
"MRGN","truth",657,150,"large","M1.1",0.00500702857971191,FALSE,FALSE
"MRGN","truth",658,150,"large","M2.1",0.0101590156555176,FALSE,FALSE
"MRGN","truth",659,150,"large","M3",0.0133321285247803,FALSE,FALSE
"MRGN","truth",660,150,"large","M4",0.0103590488433838,FALSE,FALSE
"MRGN","truth",661,300,"large","M0.1",0.0117959976196289,FALSE,FALSE
"MRGN","truth",662,300,"large","M1.1",0.00497293472290039,FALSE,FALSE
"MRGN","truth",663,300,"large","M2.1",0.0136139392852783,FALSE,FALSE
"MRGN","truth",664,300,"large","M3",0.00839805603027344,FALSE,FALSE
"MRGN","truth",665,300,"large","M4",0.00804615020751953,FALSE,FALSE
"MRGN","truth",666,670,"large","M0.1",0.00625801086425781,FALSE,FALSE
"MRGN","truth",667,670,"large","M1.1",0.0199759006500244,FALSE,FALSE
"MRGN","truth",668,670,"large","M2.1",0.0186741352081299,FALSE,FALSE
"MRGN","truth",669,670,"large","M3",0.00811409950256348,FALSE,FALSE
"MRGN","truth",670,670,"large","M4",0.00880599021911621,FALSE,FALSE
"MRGN","truth",671,1000,"large","M0.1",0.00689888000488281,FALSE,FALSE
"MRGN","truth",672,1000,"large","M1.1",0.00422000885009766,FALSE,FALSE
"MRGN","truth",673,1000,"large","M2.1",0.0089879035949707,FALSE,FALSE
"MRGN","truth",674,1000,"large","M3",0.0152120590209961,FALSE,FALSE
"MRGN","truth",675,1000,"large","M4",0.0230569839477539,FALSE,FALSE
"MRGN","truth",676,50,"small","M0.1",0.0165910720825195,FALSE,FALSE
"MRGN","truth",677,50,"small","M1.1",0.011605978012085,FALSE,FALSE
"MRGN","truth",678,50,"small","M2.1",0.0113658905029297,FALSE,FALSE
"MRGN","truth",679,50,"small","M3",0.0116410255432129,FALSE,FALSE
"MRGN","truth",680,50,"small","M4",0.00845003128051758,FALSE,FALSE
"MRGN","truth",681,150,"small","M0.1",0.0141308307647705,FALSE,FALSE
"MRGN","truth",682,150,"small","M1.1",0.0119597911834717,FALSE,FALSE
"MRGN","truth",683,150,"small","M2.1",0.0103139877319336,FALSE,FALSE
"MRGN","truth",684,150,"small","M3",0.00898289680480957,FALSE,FALSE
"MRGN","truth",685,150,"small","M4",0.0119681358337402,FALSE,FALSE
"MRGN","truth",686,300,"small","M0.1",0.0154769420623779,FALSE,FALSE
"MRGN","truth",687,300,"small","M1.1",0.00763392448425293,FALSE,FALSE
"MRGN","truth",688,300,"small","M2.1",0.0157420635223389,FALSE,FALSE
"MRGN","truth",689,300,"small","M3",0.0101978778839111,FALSE,FALSE
"MRGN","truth",690,300,"small","M4",0.00846099853515625,FALSE,FALSE
"MRGN","truth",691,670,"small","M0.1",0.00745415687561035,FALSE,FALSE
"MRGN","truth",692,670,"small","M1.1",0.0043339729309082,FALSE,FALSE
"MRGN","truth",693,670,"small","M2.1",0.00731492042541504,FALSE,FALSE
"MRGN","truth",694,670,"small","M3",0.00717306137084961,FALSE,FALSE
"MRGN","truth",695,670,"small","M4",0.0102019309997559,FALSE,FALSE
"MRGN","truth",696,1000,"small","M0.1",0.0102701187133789,FALSE,FALSE
"MRGN","truth",697,1000,"small","M1.1",0.0130670070648193,FALSE,FALSE
"MRGN","truth",698,1000,"small","M2.1",0.00766611099243164,FALSE,FALSE
"MRGN","truth",699,1000,"small","M3",0.00958609580993652,FALSE,FALSE
"MRGN","truth",700,1000,"small","M4",0.0157310962677002,FALSE,FALSE
"MRGN","truth",701,50,"medium","M0.1",0.0108051300048828,FALSE,FALSE
"MRGN","truth",702,50,"medium","M1.1",0.00520801544189453,FALSE,FALSE
"MRGN","truth",703,50,"medium","M2.1",0.00688600540161133,FALSE,FALSE
"MRGN","truth",704,50,"medium","M3",0.0103340148925781,FALSE,FALSE
"MRGN","truth",705,50,"medium","M4",0.0117130279541016,FALSE,FALSE
"MRGN","truth",706,150,"medium","M0.1",0.00762796401977539,FALSE,FALSE
"MRGN","truth",707,150,"medium","M1.1",0.0147020816802979,FALSE,FALSE
"MRGN","truth",708,150,"medium","M2.1",0.00835084915161133,FALSE,FALSE
"MRGN","truth",709,150,"medium","M3",0.0128591060638428,FALSE,FALSE
"MRGN","truth",710,150,"medium","M4",0.0111329555511475,FALSE,FALSE
"MRGN","truth",711,300,"medium","M0.1",0.0141730308532715,FALSE,FALSE
"MRGN","truth",712,300,"medium","M1.1",0.0112941265106201,FALSE,FALSE
"MRGN","truth",713,300,"medium","M2.1",0.0195889472961426,FALSE,FALSE
"MRGN","truth",714,300,"medium","M3",0.0134809017181396,FALSE,FALSE
"MRGN","truth",715,300,"medium","M4",0.00644397735595703,FALSE,FALSE
"MRGN","truth",716,670,"medium","M0.1",0.00476813316345215,FALSE,FALSE
"MRGN","truth",717,670,"medium","M1.1",0.0121090412139893,FALSE,FALSE
"MRGN","truth",718,670,"medium","M2.1",0.0094459056854248,FALSE,FALSE
"MRGN","truth",719,670,"medium","M3",0.0153810977935791,FALSE,FALSE
"MRGN","truth",720,670,"medium","M4",0.00957322120666504,FALSE,FALSE
"MRGN","truth",721,1000,"medium","M0.1",0.0101120471954346,FALSE,FALSE
"MRGN","truth",722,1000,"medium","M1.1",0.0203659534454346,FALSE,FALSE
"MRGN","truth",723,1000,"medium","M2.1",0.0398900508880615,FALSE,FALSE
"MRGN","truth",724,1000,"medium","M3",0.0105299949645996,FALSE,FALSE
"MRGN","truth",725,1000,"medium","M4",0.0158970355987549,FALSE,FALSE
"MRGN","truth",726,50,"large","M0.1",0.0118570327758789,FALSE,FALSE
"MRGN","truth",727,50,"large","M1.1",0.0104138851165771,FALSE,FALSE
"MRGN","truth",728,50,"large","M2.1",0.00799298286437988,FALSE,FALSE
"MRGN","truth",729,50,"large","M3",0.00464010238647461,FALSE,FALSE
"MRGN","truth",730,50,"large","M4",0.00647878646850586,FALSE,FALSE
"MRGN","truth",731,150,"large","M0.1",0.0122900009155273,FALSE,FALSE
"MRGN","truth",732,150,"large","M1.1",0.0247259140014648,FALSE,FALSE
"MRGN","truth",733,150,"large","M2.1",0.0100140571594238,FALSE,FALSE
"MRGN","truth",734,150,"large","M3",0.0102918148040771,FALSE,FALSE
"MRGN","truth",735,150,"large","M4",0.00946998596191406,FALSE,FALSE
"MRGN","truth",736,300,"large","M0.1",0.00952887535095215,FALSE,FALSE
"MRGN","truth",737,300,"large","M1.1",0.0117700099945068,FALSE,FALSE
"MRGN","truth",738,300,"large","M2.1",0.00852298736572266,FALSE,FALSE
"MRGN","truth",739,300,"large","M3",0.0101041793823242,FALSE,FALSE
"MRGN","truth",740,300,"large","M4",0.0134201049804688,FALSE,FALSE
"MRGN","truth",741,670,"large","M0.1",0.0086519718170166,FALSE,FALSE
"MRGN","truth",742,670,"large","M1.1",0.00780296325683594,FALSE,FALSE
"MRGN","truth",743,670,"large","M2.1",0.00792503356933594,FALSE,FALSE
"MRGN","truth",744,670,"large","M3",0.0067141056060791,FALSE,FALSE
"MRGN","truth",745,670,"large","M4",0.0151581764221191,FALSE,FALSE
"MRGN","truth",746,1000,"large","M0.1",0.00667595863342285,FALSE,FALSE
"MRGN","truth",747,1000,"large","M1.1",0.0145900249481201,FALSE,FALSE
"MRGN","truth",748,1000,"large","M2.1",0.0107748508453369,FALSE,FALSE
"MRGN","truth",749,1000,"large","M3",0.00779008865356445,FALSE,FALSE
"MRGN","truth",750,1000,"large","M4",0.007659912109375,FALSE,FALSE
"MRGN","truth",751,50,"small","M0.1",0.0157561302185059,FALSE,FALSE
"MRGN","truth",752,50,"small","M1.1",0.0184059143066406,FALSE,FALSE
"MRGN","truth",753,50,"small","M2.1",0.018848180770874,FALSE,FALSE
"MRGN","truth",754,50,"small","M3",0.0187029838562012,FALSE,FALSE
"MRGN","truth",755,50,"small","M4",0.0136270523071289,FALSE,FALSE
"MRGN","truth",756,150,"small","M0.1",0.0121161937713623,FALSE,FALSE
"MRGN","truth",757,150,"small","M1.1",0.0191459655761719,FALSE,FALSE
"MRGN","truth",758,150,"small","M2.1",0.0159609317779541,FALSE,FALSE
"MRGN","truth",759,150,"small","M3",0.00858211517333984,FALSE,FALSE
"MRGN","truth",760,150,"small","M4",0.0198090076446533,FALSE,FALSE
"MRGN","truth",761,300,"small","M0.1",0.0103061199188232,FALSE,FALSE
"MRGN","truth",762,300,"small","M1.1",0.0115458965301514,FALSE,FALSE
"MRGN","truth",763,300,"small","M2.1",0.01798415184021,FALSE,FALSE
"MRGN","truth",764,300,"small","M3",0.00820207595825195,FALSE,FALSE
"MRGN","truth",765,300,"small","M4",0.0116550922393799,FALSE,FALSE
"MRGN","truth",766,670,"small","M0.1",0.00787496566772461,FALSE,FALSE
"MRGN","truth",767,670,"small","M1.1",0.0191190242767334,FALSE,FALSE
"MRGN","truth",768,670,"small","M2.1",0.00814104080200195,FALSE,FALSE
"MRGN","truth",769,670,"small","M3",0.0294420719146729,FALSE,FALSE
"MRGN","truth",770,670,"small","M4",0.0138790607452393,FALSE,FALSE
"MRGN","truth",771,1000,"small","M0.1",0.00502800941467285,FALSE,FALSE
"MRGN","truth",772,1000,"small","M1.1",0.00646615028381348,FALSE,FALSE
"MRGN","truth",773,1000,"small","M2.1",0.02256178855896,FALSE,FALSE
"MRGN","truth",774,1000,"small","M3",0.0204110145568848,FALSE,FALSE
"MRGN","truth",775,1000,"small","M4",0.0178408622741699,FALSE,FALSE
"MRGN","truth",776,50,"medium","M0.1",0.00717902183532715,FALSE,FALSE
"MRGN","truth",777,50,"medium","M1.1",0.00494790077209473,FALSE,FALSE
"MRGN","truth",778,50,"medium","M2.1",0.0071570873260498,FALSE,FALSE
"MRGN","truth",779,50,"medium","M3",0.00832796096801758,FALSE,FALSE
"MRGN","truth",780,50,"medium","M4",0.020064115524292,FALSE,FALSE
"MRGN","truth",781,150,"medium","M0.1",0.00725603103637695,FALSE,FALSE
"MRGN","truth",782,150,"medium","M1.1",0.0156149864196777,FALSE,FALSE
"MRGN","truth",783,150,"medium","M2.1",0.0218069553375244,FALSE,FALSE
"MRGN","truth",784,150,"medium","M3",0.0142810344696045,FALSE,FALSE
"MRGN","truth",785,150,"medium","M4",0.0155811309814453,FALSE,FALSE
"MRGN","truth",786,300,"medium","M0.1",0.0130939483642578,FALSE,FALSE
"MRGN","truth",787,300,"medium","M1.1",0.00384616851806641,FALSE,FALSE
"MRGN","truth",788,300,"medium","M2.1",0.0065610408782959,FALSE,FALSE
"MRGN","truth",789,300,"medium","M3",0.00479388236999512,FALSE,FALSE
"MRGN","truth",790,300,"medium","M4",0.00734090805053711,FALSE,FALSE
"MRGN","truth",791,670,"medium","M0.1",0.0200579166412354,FALSE,FALSE
"MRGN","truth",792,670,"medium","M1.1",0.0303618907928467,FALSE,FALSE
"MRGN","truth",793,670,"medium","M2.1",0.0210080146789551,FALSE,FALSE
"MRGN","truth",794,670,"medium","M3",0.0120909214019775,FALSE,FALSE
"MRGN","truth",795,670,"medium","M4",0.0246729850769043,FALSE,FALSE
"MRGN","truth",796,1000,"medium","M0.1",0.00955295562744141,FALSE,FALSE
"MRGN","truth",797,1000,"medium","M1.1",0.00735998153686523,FALSE,FALSE
"MRGN","truth",798,1000,"medium","M2.1",0.0152499675750732,FALSE,FALSE
"MRGN","truth",799,1000,"medium","M3",0.0118927955627441,FALSE,FALSE
"MRGN","truth",800,1000,"medium","M4",0.00721311569213867,FALSE,FALSE
"MRGN","truth",801,50,"large","M0.1",0.0103340148925781,FALSE,FALSE
"MRGN","truth",802,50,"large","M1.1",0.0124070644378662,FALSE,FALSE
"MRGN","truth",803,50,"large","M2.1",0.00654911994934082,FALSE,FALSE
"MRGN","truth",804,50,"large","M3",0.00833797454833984,FALSE,FALSE
"MRGN","truth",805,50,"large","M4",0.0129549503326416,FALSE,FALSE
"MRGN","truth",806,150,"large","M0.1",0.00980401039123535,FALSE,FALSE
"MRGN","truth",807,150,"large","M1.1",0.0147340297698975,FALSE,FALSE
"MRGN","truth",808,150,"large","M2.1",0.00677180290222168,FALSE,FALSE
"MRGN","truth",809,150,"large","M3",0.0163431167602539,FALSE,FALSE
"MRGN","truth",810,150,"large","M4",0.0255630016326904,FALSE,FALSE
"MRGN","truth",811,300,"large","M0.1",0.00714802742004395,FALSE,FALSE
"MRGN","truth",812,300,"large","M1.1",0.0139620304107666,FALSE,FALSE
"MRGN","truth",813,300,"large","M2.1",0.00540494918823242,FALSE,FALSE
"MRGN","truth",814,300,"large","M3",0.0322661399841309,FALSE,FALSE
"MRGN","truth",815,300,"large","M4",0.0154390335083008,FALSE,FALSE
"MRGN","truth",816,670,"large","M0.1",0.00826501846313477,FALSE,FALSE
"MRGN","truth",817,670,"large","M1.1",0.018435001373291,FALSE,FALSE
"MRGN","truth",818,670,"large","M2.1",0.0285029411315918,FALSE,FALSE
"MRGN","truth",819,670,"large","M3",0.0106151103973389,FALSE,FALSE
"MRGN","truth",820,670,"large","M4",0.00825977325439453,FALSE,FALSE
"MRGN","truth",821,1000,"large","M0.1",0.0108640193939209,FALSE,FALSE
"MRGN","truth",822,1000,"large","M1.1",0.01212477684021,FALSE,FALSE
"MRGN","truth",823,1000,"large","M2.1",0.00598406791687012,FALSE,FALSE
"MRGN","truth",824,1000,"large","M3",0.00570082664489746,FALSE,FALSE
"MRGN","truth",825,1000,"large","M4",0.00995182991027832,FALSE,FALSE
"MRGN","truth",826,50,"small","M0.1",0.00500893592834473,FALSE,FALSE
"MRGN","truth",827,50,"small","M1.1",0.0108139514923096,FALSE,FALSE
"MRGN","truth",828,50,"small","M2.1",0.0131630897521973,FALSE,FALSE
"MRGN","truth",829,50,"small","M3",0.0117990970611572,FALSE,FALSE
"MRGN","truth",830,50,"small","M4",0.00996184349060059,FALSE,FALSE
"MRGN","truth",831,150,"small","M0.1",0.014758825302124,FALSE,FALSE
"MRGN","truth",832,150,"small","M1.1",0.00590419769287109,FALSE,FALSE
"MRGN","truth",833,150,"small","M2.1",0.00396299362182617,FALSE,FALSE
"MRGN","truth",834,150,"small","M3",0.016254186630249,FALSE,FALSE
"MRGN","truth",835,150,"small","M4",0.00652098655700684,FALSE,FALSE
"MRGN","truth",836,300,"small","M0.1",0.0160720348358154,FALSE,FALSE
"MRGN","truth",837,300,"small","M1.1",0.0183050632476807,FALSE,FALSE
"MRGN","truth",838,300,"small","M2.1",0.0124819278717041,FALSE,FALSE
"MRGN","truth",839,300,"small","M3",0.0112509727478027,FALSE,FALSE
"MRGN","truth",840,300,"small","M4",0.00717902183532715,FALSE,FALSE
"MRGN","truth",841,670,"small","M0.1",0.0099329948425293,FALSE,FALSE
"MRGN","truth",842,670,"small","M1.1",0.0109701156616211,FALSE,FALSE
"MRGN","truth",843,670,"small","M2.1",0.00855612754821777,FALSE,FALSE
"MRGN","truth",844,670,"small","M3",0.0258748531341553,FALSE,FALSE
"MRGN","truth",845,670,"small","M4",0.0151281356811523,FALSE,FALSE
"MRGN","truth",846,1000,"small","M0.1",0.0062251091003418,FALSE,FALSE
"MRGN","truth",847,1000,"small","M1.1",0.0172350406646729,FALSE,FALSE
"MRGN","truth",848,1000,"small","M2.1",0.0211482048034668,FALSE,FALSE
"MRGN","truth",849,1000,"small","M3",0.0165438652038574,FALSE,FALSE
"MRGN","truth",850,1000,"small","M4",0.0100529193878174,FALSE,FALSE
"MRGN","truth",851,50,"medium","M0.1",0.0132660865783691,FALSE,FALSE
"MRGN","truth",852,50,"medium","M1.1",0.0172300338745117,FALSE,FALSE
"MRGN","truth",853,50,"medium","M2.1",0.00502991676330566,FALSE,FALSE
"MRGN","truth",854,50,"medium","M3",0.00730705261230469,FALSE,FALSE
"MRGN","truth",855,50,"medium","M4",0.0118269920349121,FALSE,FALSE
"MRGN","truth",856,150,"medium","M0.1",0.016096830368042,FALSE,FALSE
"MRGN","truth",857,150,"medium","M1.1",0.0112960338592529,FALSE,FALSE
"MRGN","truth",858,150,"medium","M2.1",0.00466394424438477,FALSE,FALSE
"MRGN","truth",859,150,"medium","M3",0.00960183143615723,FALSE,FALSE
"MRGN","truth",860,150,"medium","M4",0.00490689277648926,FALSE,FALSE
"MRGN","truth",861,300,"medium","M0.1",0.00497794151306152,FALSE,FALSE
"MRGN","truth",862,300,"medium","M1.1",0.0155010223388672,FALSE,FALSE
"MRGN","truth",863,300,"medium","M2.1",0.00620222091674805,FALSE,FALSE
"MRGN","truth",864,300,"medium","M3",0.0261740684509277,FALSE,FALSE
"MRGN","truth",865,300,"medium","M4",0.0298202037811279,FALSE,FALSE
"MRGN","truth",866,670,"medium","M0.1",0.0237691402435303,FALSE,FALSE
"MRGN","truth",867,670,"medium","M1.1",0.00931215286254883,FALSE,FALSE
"MRGN","truth",868,670,"medium","M2.1",0.0114560127258301,FALSE,FALSE
"MRGN","truth",869,670,"medium","M3",0.0187230110168457,FALSE,FALSE
"MRGN","truth",870,670,"medium","M4",0.0136451721191406,FALSE,FALSE
"MRGN","truth",871,1000,"medium","M0.1",0.0125021934509277,FALSE,FALSE
"MRGN","truth",872,1000,"medium","M1.1",0.00521588325500488,FALSE,FALSE
"MRGN","truth",873,1000,"medium","M2.1",0.00974893569946289,FALSE,FALSE
"MRGN","truth",874,1000,"medium","M3",0.0143179893493652,FALSE,FALSE
"MRGN","truth",875,1000,"medium","M4",0.00573515892028809,FALSE,FALSE
"MRGN","truth",876,50,"large","M0.1",0.00863885879516602,FALSE,FALSE
"MRGN","truth",877,50,"large","M1.1",0.00962305068969727,FALSE,FALSE
"MRGN","truth",878,50,"large","M2.1",0.0150051116943359,FALSE,FALSE
"MRGN","truth",879,50,"large","M3",0.00803709030151367,FALSE,FALSE
"MRGN","truth",880,50,"large","M4",0.0113389492034912,FALSE,FALSE
"MRGN","truth",881,150,"large","M0.1",0.0052950382232666,FALSE,FALSE
"MRGN","truth",882,150,"large","M1.1",0.0120749473571777,FALSE,FALSE
"MRGN","truth",883,150,"large","M2.1",0.00861907005310059,FALSE,FALSE
"MRGN","truth",884,150,"large","M3",0.00876116752624512,FALSE,FALSE
"MRGN","truth",885,150,"large","M4",0.0229690074920654,FALSE,FALSE
"MRGN","truth",886,300,"large","M0.1",0.0126960277557373,FALSE,FALSE
"MRGN","truth",887,300,"large","M1.1",0.01957106590271,FALSE,FALSE
"MRGN","truth",888,300,"large","M2.1",0.00697493553161621,FALSE,FALSE
"MRGN","truth",889,300,"large","M3",0.00821495056152344,FALSE,FALSE
"MRGN","truth",890,300,"large","M4",0.0108990669250488,FALSE,FALSE
"MRGN","truth",891,670,"large","M0.1",0.0294959545135498,FALSE,FALSE
"MRGN","truth",892,670,"large","M1.1",0.0234420299530029,FALSE,FALSE
"MRGN","truth",893,670,"large","M2.1",0.0137360095977783,FALSE,FALSE
"MRGN","truth",894,670,"large","M3",0.00457191467285156,FALSE,FALSE
"MRGN","truth",895,670,"large","M4",0.0155510902404785,FALSE,FALSE
"MRGN","truth",896,1000,"large","M0.1",0.0172829627990723,FALSE,FALSE
"MRGN","truth",897,1000,"large","M1.1",0.00869011878967285,FALSE,FALSE
"MRGN","truth",898,1000,"large","M2.1",0.00653505325317383,FALSE,FALSE
"MRGN","truth",899,1000,"large","M3",0.0105500221252441,FALSE,FALSE
"MRGN","truth",900,1000,"large","M4",0.0155708789825439,FALSE,FALSE
"MRGN","truth",901,50,"small","M0.1",0.00938200950622559,FALSE,FALSE
"MRGN","truth",902,50,"small","M1.1",0.0107841491699219,FALSE,FALSE
"MRGN","truth",903,50,"small","M2.1",0.0136568546295166,FALSE,FALSE
"MRGN","truth",904,50,"small","M3",0.00448203086853027,FALSE,FALSE
"MRGN","truth",905,50,"small","M4",0.0155448913574219,FALSE,FALSE
"MRGN","truth",906,150,"small","M0.1",0.00643396377563477,FALSE,FALSE
"MRGN","truth",907,150,"small","M1.1",0.00608301162719727,FALSE,FALSE
"MRGN","truth",908,150,"small","M2.1",0.0245921611785889,FALSE,FALSE
"MRGN","truth",909,150,"small","M3",0.00692915916442871,FALSE,FALSE
"MRGN","truth",910,150,"small","M4",0.014272928237915,FALSE,FALSE
"MRGN","truth",911,300,"small","M0.1",0.0046999454498291,FALSE,FALSE
"MRGN","truth",912,300,"small","M1.1",0.00525403022766113,FALSE,FALSE
"MRGN","truth",913,300,"small","M2.1",0.0156028270721436,FALSE,FALSE
"MRGN","truth",914,300,"small","M3",0.0230669975280762,FALSE,FALSE
"MRGN","truth",915,300,"small","M4",0.00608396530151367,FALSE,FALSE
"MRGN","truth",916,670,"small","M0.1",0.0176970958709717,FALSE,FALSE
"MRGN","truth",917,670,"small","M1.1",0.0146429538726807,FALSE,FALSE
"MRGN","truth",918,670,"small","M2.1",0.00998306274414062,FALSE,FALSE
"MRGN","truth",919,670,"small","M3",0.0242130756378174,FALSE,FALSE
"MRGN","truth",920,670,"small","M4",0.0105869770050049,FALSE,FALSE
"MRGN","truth",921,1000,"small","M0.1",0.0175909996032715,FALSE,FALSE
"MRGN","truth",922,1000,"small","M1.1",0.0128951072692871,FALSE,FALSE
"MRGN","truth",923,1000,"small","M2.1",0.0145359039306641,FALSE,FALSE
"MRGN","truth",924,1000,"small","M3",0.0164260864257812,FALSE,FALSE
"MRGN","truth",925,1000,"small","M4",0.0147368907928467,FALSE,FALSE
"MRGN","truth",926,50,"medium","M0.1",0.00738310813903809,FALSE,FALSE
"MRGN","truth",927,50,"medium","M1.1",0.0112659931182861,FALSE,FALSE
"MRGN","truth",928,50,"medium","M2.1",0.0094139575958252,FALSE,FALSE
"MRGN","truth",929,50,"medium","M3",0.013944149017334,FALSE,FALSE
"MRGN","truth",930,50,"medium","M4",0.0135269165039062,FALSE,FALSE
"MRGN","truth",931,150,"medium","M0.1",0.0144839286804199,FALSE,FALSE
"MRGN","truth",932,150,"medium","M1.1",0.00613999366760254,FALSE,FALSE
"MRGN","truth",933,150,"medium","M2.1",0.0127661228179932,FALSE,FALSE
"MRGN","truth",934,150,"medium","M3",0.00750517845153809,FALSE,FALSE
"MRGN","truth",935,150,"medium","M4",0.0161640644073486,FALSE,FALSE
"MRGN","truth",936,300,"medium","M0.1",0.0271048545837402,FALSE,FALSE
"MRGN","truth",937,300,"medium","M1.1",0.0226948261260986,FALSE,FALSE
"MRGN","truth",938,300,"medium","M2.1",0.00602412223815918,FALSE,FALSE
"MRGN","truth",939,300,"medium","M3",0.0120441913604736,FALSE,FALSE
"MRGN","truth",940,300,"medium","M4",0.0112879276275635,FALSE,FALSE
"MRGN","truth",941,670,"medium","M0.1",0.015002965927124,FALSE,FALSE
"MRGN","truth",942,670,"medium","M1.1",0.0101938247680664,FALSE,FALSE
"MRGN","truth",943,670,"medium","M2.1",0.0153601169586182,FALSE,FALSE
"MRGN","truth",944,670,"medium","M3",0.0275800228118896,FALSE,FALSE
"MRGN","truth",945,670,"medium","M4",0.00597786903381348,FALSE,FALSE
"MRGN","truth",946,1000,"medium","M0.1",0.0161480903625488,FALSE,FALSE
"MRGN","truth",947,1000,"medium","M1.1",0.017672061920166,FALSE,FALSE
"MRGN","truth",948,1000,"medium","M2.1",0.0194427967071533,FALSE,FALSE
"MRGN","truth",949,1000,"medium","M3",0.0102658271789551,FALSE,FALSE
"MRGN","truth",950,1000,"medium","M4",0.024043083190918,FALSE,FALSE
"MRGN","truth",951,50,"large","M0.1",0.0220720767974854,FALSE,FALSE
"MRGN","truth",952,50,"large","M1.1",0.0221199989318848,FALSE,FALSE
"MRGN","truth",953,50,"large","M2.1",0.0081028938293457,FALSE,FALSE
"MRGN","truth",954,50,"large","M3",0.0125539302825928,FALSE,FALSE
"MRGN","truth",955,50,"large","M4",0.0111830234527588,FALSE,FALSE
"MRGN","truth",956,150,"large","M0.1",0.00645995140075684,FALSE,FALSE
"MRGN","truth",957,150,"large","M1.1",0.0101399421691895,FALSE,FALSE
"MRGN","truth",958,150,"large","M2.1",0.012998104095459,FALSE,FALSE
"MRGN","truth",959,150,"large","M3",0.0217370986938477,FALSE,FALSE
"MRGN","truth",960,150,"large","M4",0.0181310176849365,FALSE,FALSE
"MRGN","truth",961,300,"large","M0.1",0.00968813896179199,FALSE,FALSE
"MRGN","truth",962,300,"large","M1.1",0.0055849552154541,FALSE,FALSE
"MRGN","truth",963,300,"large","M2.1",0.00947403907775879,FALSE,FALSE
"MRGN","truth",964,300,"large","M3",0.0082089900970459,FALSE,FALSE
"MRGN","truth",965,300,"large","M4",0.0116860866546631,FALSE,FALSE
"MRGN","truth",966,670,"large","M0.1",0.017725944519043,FALSE,FALSE
"MRGN","truth",967,670,"large","M1.1",0.0156211853027344,FALSE,FALSE
"MRGN","truth",968,670,"large","M2.1",0.00860881805419922,FALSE,FALSE
"MRGN","truth",969,670,"large","M3",0.00711894035339355,FALSE,FALSE
"MRGN","truth",970,670,"large","M4",0.00387692451477051,FALSE,FALSE
"MRGN","truth",971,1000,"large","M0.1",0.0163061618804932,FALSE,FALSE
"MRGN","truth",972,1000,"large","M1.1",0.0162959098815918,FALSE,FALSE
"MRGN","truth",973,1000,"large","M2.1",0.00705289840698242,FALSE,FALSE
"MRGN","truth",974,1000,"large","M3",0.0101959705352783,FALSE,FALSE
"MRGN","truth",975,1000,"large","M4",0.0120699405670166,FALSE,FALSE
"MRGN","truth",976,50,"small","M0.1",0.00511598587036133,FALSE,FALSE
"MRGN","truth",977,50,"small","M1.1",0.0108680725097656,FALSE,FALSE
"MRGN","truth",978,50,"small","M2.1",0.0128660202026367,FALSE,FALSE
"MRGN","truth",979,50,"small","M3",0.0104670524597168,FALSE,FALSE
"MRGN","truth",980,50,"small","M4",0.00983595848083496,FALSE,FALSE
"MRGN","truth",981,150,"small","M0.1",0.0103139877319336,FALSE,FALSE
"MRGN","truth",982,150,"small","M1.1",0.0150620937347412,FALSE,FALSE
"MRGN","truth",983,150,"small","M2.1",0.0182509422302246,FALSE,FALSE
"MRGN","truth",984,150,"small","M3",0.00678586959838867,FALSE,FALSE
"MRGN","truth",985,150,"small","M4",0.0199801921844482,FALSE,FALSE
"MRGN","truth",986,300,"small","M0.1",0.0124108791351318,FALSE,FALSE
"MRGN","truth",987,300,"small","M1.1",0.010631799697876,FALSE,FALSE
"MRGN","truth",988,300,"small","M2.1",0.0113661289215088,FALSE,FALSE
"MRGN","truth",989,300,"small","M3",0.0133030414581299,FALSE,FALSE
"MRGN","truth",990,300,"small","M4",0.0127580165863037,FALSE,FALSE
"MRGN","truth",991,670,"small","M0.1",0.00962400436401367,FALSE,FALSE
"MRGN","truth",992,670,"small","M1.1",0.00403523445129395,FALSE,FALSE
"MRGN","truth",993,670,"small","M2.1",0.0171740055084229,FALSE,FALSE
"MRGN","truth",994,670,"small","M3",0.0149240493774414,FALSE,FALSE
"MRGN","truth",995,670,"small","M4",0.0275208950042725,FALSE,FALSE
"MRGN","truth",996,1000,"small","M0.1",0.0132181644439697,FALSE,FALSE
"MRGN","truth",997,1000,"small","M1.1",0.020550012588501,FALSE,FALSE
"MRGN","truth",998,1000,"small","M2.1",0.00461387634277344,FALSE,FALSE
"MRGN","truth",999,1000,"small","M3",0.010094165802002,FALSE,FALSE
"MRGN","truth",1000,1000,"small","M4",0.0104222297668457,FALSE,FALSE
"MRGN","truth",1001,50,"medium","M0.1",0.0194339752197266,FALSE,FALSE
"MRGN","truth",1002,50,"medium","M1.1",0.011646032333374,FALSE,FALSE
"MRGN","truth",1003,50,"medium","M2.1",0.00786495208740234,FALSE,FALSE
"MRGN","truth",1004,50,"medium","M3",0.0111691951751709,FALSE,FALSE
"MRGN","truth",1005,50,"medium","M4",0.0109419822692871,FALSE,FALSE
"MRGN","truth",1006,150,"medium","M0.1",0.0146050453186035,FALSE,FALSE
"MRGN","truth",1007,150,"medium","M1.1",0.00851798057556152,FALSE,FALSE
"MRGN","truth",1008,150,"medium","M2.1",0.00575399398803711,FALSE,FALSE
"MRGN","truth",1009,150,"medium","M3",0.00911188125610352,FALSE,FALSE
"MRGN","truth",1010,150,"medium","M4",0.00528287887573242,FALSE,FALSE
"MRGN","truth",1011,300,"medium","M0.1",0.0132191181182861,FALSE,FALSE
"MRGN","truth",1012,300,"medium","M1.1",0.0159311294555664,FALSE,FALSE
"MRGN","truth",1013,300,"medium","M2.1",0.00687789916992188,FALSE,FALSE
"MRGN","truth",1014,300,"medium","M3",0.0217800140380859,FALSE,FALSE
"MRGN","truth",1015,300,"medium","M4",0.0268900394439697,FALSE,FALSE
"MRGN","truth",1016,670,"medium","M0.1",0.0380489826202393,FALSE,FALSE
"MRGN","truth",1017,670,"medium","M1.1",0.0160431861877441,FALSE,FALSE
"MRGN","truth",1018,670,"medium","M2.1",0.0102379322052002,FALSE,FALSE
"MRGN","truth",1019,670,"medium","M3",0.0136740207672119,FALSE,FALSE
"MRGN","truth",1020,670,"medium","M4",0.00947308540344238,FALSE,FALSE
"MRGN","truth",1021,1000,"medium","M0.1",0.0127151012420654,FALSE,FALSE
"MRGN","truth",1022,1000,"medium","M1.1",0.0147709846496582,FALSE,FALSE
"MRGN","truth",1023,1000,"medium","M2.1",0.0113840103149414,FALSE,FALSE
"MRGN","truth",1024,1000,"medium","M3",0.00583600997924805,FALSE,FALSE
"MRGN","truth",1025,1000,"medium","M4",0.0141580104827881,FALSE,FALSE
"MRGN","truth",1026,50,"large","M0.1",0.00489997863769531,FALSE,FALSE
"MRGN","truth",1027,50,"large","M1.1",0.00458216667175293,FALSE,FALSE
"MRGN","truth",1028,50,"large","M2.1",0.00651407241821289,FALSE,FALSE
"MRGN","truth",1029,50,"large","M3",0.0098121166229248,FALSE,FALSE
"MRGN","truth",1030,50,"large","M4",0.0119900703430176,FALSE,FALSE
"MRGN","truth",1031,150,"large","M0.1",0.0119500160217285,FALSE,FALSE
"MRGN","truth",1032,150,"large","M1.1",0.0205199718475342,FALSE,FALSE
"MRGN","truth",1033,150,"large","M2.1",0.00863099098205566,FALSE,FALSE
"MRGN","truth",1034,150,"large","M3",0.00943994522094727,FALSE,FALSE
"MRGN","truth",1035,150,"large","M4",0.00844192504882812,FALSE,FALSE
"MRGN","truth",1036,300,"large","M0.1",0.0124068260192871,FALSE,FALSE
"MRGN","truth",1037,300,"large","M1.1",0.00704383850097656,FALSE,FALSE
"MRGN","truth",1038,300,"large","M2.1",0.0145049095153809,FALSE,FALSE
"MRGN","truth",1039,300,"large","M3",0.00793981552124023,FALSE,FALSE
"MRGN","truth",1040,300,"large","M4",0.00572705268859863,FALSE,FALSE
"MRGN","truth",1041,670,"large","M0.1",0.00751805305480957,FALSE,FALSE
"MRGN","truth",1042,670,"large","M1.1",0.0235888957977295,FALSE,FALSE
"MRGN","truth",1043,670,"large","M2.1",0.0315990447998047,FALSE,FALSE
"MRGN","truth",1044,670,"large","M3",0.0182499885559082,FALSE,FALSE
"MRGN","truth",1045,670,"large","M4",0.00982904434204102,FALSE,FALSE
"MRGN","truth",1046,1000,"large","M0.1",0.0132138729095459,FALSE,FALSE
"MRGN","truth",1047,1000,"large","M1.1",0.0131630897521973,FALSE,FALSE
"MRGN","truth",1048,1000,"large","M2.1",0.0377740859985352,FALSE,FALSE
"MRGN","truth",1049,1000,"large","M3",0.0106229782104492,FALSE,FALSE
"MRGN","truth",1050,1000,"large","M4",0.028764009475708,FALSE,FALSE
"MRGN","truth",1051,50,"small","M0.1",0.00985383987426758,FALSE,FALSE
"MRGN","truth",1052,50,"small","M1.1",0.00525689125061035,FALSE,FALSE
"MRGN","truth",1053,50,"small","M2.1",0.0173559188842773,FALSE,FALSE
"MRGN","truth",1054,50,"small","M3",0.00734400749206543,FALSE,FALSE
"MRGN","truth",1055,50,"small","M4",0.00725507736206055,FALSE,FALSE
"MRGN","truth",1056,150,"small","M0.1",0.0139820575714111,FALSE,FALSE
"MRGN","truth",1057,150,"small","M1.1",0.0156228542327881,FALSE,FALSE
"MRGN","truth",1058,150,"small","M2.1",0.0113861560821533,FALSE,FALSE
"MRGN","truth",1059,150,"small","M3",0.00478506088256836,FALSE,FALSE
"MRGN","truth",1060,150,"small","M4",0.0136981010437012,FALSE,FALSE
"MRGN","truth",1061,300,"small","M0.1",0.00855493545532227,FALSE,FALSE
"MRGN","truth",1062,300,"small","M1.1",0.00785708427429199,FALSE,FALSE
"MRGN","truth",1063,300,"small","M2.1",0.0143561363220215,FALSE,FALSE
"MRGN","truth",1064,300,"small","M3",0.0212998390197754,FALSE,FALSE
"MRGN","truth",1065,300,"small","M4",0.0122749805450439,FALSE,FALSE
"MRGN","truth",1066,670,"small","M0.1",0.012800931930542,FALSE,FALSE
"MRGN","truth",1067,670,"small","M1.1",0.0243911743164062,FALSE,FALSE
"MRGN","truth",1068,670,"small","M2.1",0.0170290470123291,FALSE,FALSE
"MRGN","truth",1069,670,"small","M3",0.0148169994354248,FALSE,FALSE
"MRGN","truth",1070,670,"small","M4",0.0060269832611084,FALSE,FALSE
"MRGN","truth",1071,1000,"small","M0.1",0.014495849609375,FALSE,FALSE
"MRGN","truth",1072,1000,"small","M1.1",0.0413429737091064,FALSE,FALSE
"MRGN","truth",1073,1000,"small","M2.1",0.0314149856567383,FALSE,FALSE
"MRGN","truth",1074,1000,"small","M3",0.0173780918121338,FALSE,FALSE
"MRGN","truth",1075,1000,"small","M4",0.0247218608856201,FALSE,FALSE
"MRGN","truth",1076,50,"medium","M0.1",0.020435094833374,FALSE,FALSE
"MRGN","truth",1077,50,"medium","M1.1",0.00736904144287109,FALSE,FALSE
"MRGN","truth",1078,50,"medium","M2.1",0.0110931396484375,FALSE,FALSE
"MRGN","truth",1079,50,"medium","M3",0.0127480030059814,FALSE,FALSE
"MRGN","truth",1080,50,"medium","M4",0.0130701065063477,FALSE,FALSE
"MRGN","truth",1081,150,"medium","M0.1",0.0120749473571777,FALSE,FALSE
"MRGN","truth",1082,150,"medium","M1.1",0.0193359851837158,FALSE,FALSE
"MRGN","truth",1083,150,"medium","M2.1",0.0133259296417236,FALSE,FALSE
"MRGN","truth",1084,150,"medium","M3",0.0108819007873535,FALSE,FALSE
"MRGN","truth",1085,150,"medium","M4",0.00549507141113281,FALSE,FALSE
"MRGN","truth",1086,300,"medium","M0.1",0.0118849277496338,FALSE,FALSE
"MRGN","truth",1087,300,"medium","M1.1",0.0329971313476562,FALSE,FALSE
"MRGN","truth",1088,300,"medium","M2.1",0.0140759944915771,FALSE,FALSE
"MRGN","truth",1089,300,"medium","M3",0.00906109809875488,FALSE,FALSE
"MRGN","truth",1090,300,"medium","M4",0.0123031139373779,FALSE,FALSE
"MRGN","truth",1091,670,"medium","M0.1",0.0147860050201416,FALSE,FALSE
"MRGN","truth",1092,670,"medium","M1.1",0.00744509696960449,FALSE,FALSE
"MRGN","truth",1093,670,"medium","M2.1",0.0118858814239502,FALSE,FALSE
"MRGN","truth",1094,670,"medium","M3",0.0183079242706299,FALSE,FALSE
"MRGN","truth",1095,670,"medium","M4",0.0161340236663818,FALSE,FALSE
"MRGN","truth",1096,1000,"medium","M0.1",0.0324728488922119,FALSE,FALSE
"MRGN","truth",1097,1000,"medium","M1.1",0.0140261650085449,FALSE,FALSE
"MRGN","truth",1098,1000,"medium","M2.1",0.0187280178070068,FALSE,FALSE
"MRGN","truth",1099,1000,"medium","M3",0.00552701950073242,FALSE,FALSE
"MRGN","truth",1100,1000,"medium","M4",0.00427389144897461,FALSE,FALSE
"MRGN","truth",1101,50,"large","M0.1",0.00967192649841309,FALSE,FALSE
"MRGN","truth",1102,50,"large","M1.1",0.0116338729858398,FALSE,FALSE
"MRGN","truth",1103,50,"large","M2.1",0.00510001182556152,FALSE,FALSE
"MRGN","truth",1104,50,"large","M3",0.0112879276275635,FALSE,FALSE
"MRGN","truth",1105,50,"large","M4",0.00837206840515137,FALSE,FALSE
"MRGN","truth",1106,150,"large","M0.1",0.00786089897155762,FALSE,FALSE
"MRGN","truth",1107,150,"large","M1.1",0.0162148475646973,FALSE,FALSE
"MRGN","truth",1108,150,"large","M2.1",0.0117919445037842,FALSE,FALSE
"MRGN","truth",1109,150,"large","M3",0.00995802879333496,FALSE,FALSE
"MRGN","truth",1110,150,"large","M4",0.0164780616760254,FALSE,FALSE
"MRGN","truth",1111,300,"large","M0.1",0.00636601448059082,FALSE,FALSE
"MRGN","truth",1112,300,"large","M1.1",0.014380931854248,FALSE,FALSE
"MRGN","truth",1113,300,"large","M2.1",0.010890007019043,FALSE,FALSE
"MRGN","truth",1114,300,"large","M3",0.00852203369140625,FALSE,FALSE
"MRGN","truth",1115,300,"large","M4",0.00911402702331543,FALSE,FALSE
"MRGN","truth",1116,670,"large","M0.1",0.0119519233703613,FALSE,FALSE
"MRGN","truth",1117,670,"large","M1.1",0.0214841365814209,FALSE,FALSE
"MRGN","truth",1118,670,"large","M2.1",0.023237943649292,FALSE,FALSE
"MRGN","truth",1119,670,"large","M3",0.012401819229126,FALSE,FALSE
"MRGN","truth",1120,670,"large","M4",0.0153329372406006,FALSE,FALSE
"MRGN","truth",1121,1000,"large","M0.1",0.0168161392211914,FALSE,FALSE
"MRGN","truth",1122,1000,"large","M1.1",0.0184590816497803,FALSE,FALSE
"MRGN","truth",1123,1000,"large","M2.1",0.0162150859832764,FALSE,FALSE
"MRGN","truth",1124,1000,"large","M3",0.0197749137878418,FALSE,FALSE
"MRGN","truth",1125,1000,"large","M4",0.0208370685577393,FALSE,FALSE
"MRGN","truth",1126,50,"small","M0.1",0.00903201103210449,FALSE,FALSE
"MRGN","truth",1127,50,"small","M1.1",0.00886011123657227,FALSE,FALSE
"MRGN","truth",1128,50,"small","M2.1",0.00635814666748047,FALSE,FALSE
"MRGN","truth",1129,50,"small","M3",0.00990509986877441,FALSE,FALSE
"MRGN","truth",1130,50,"small","M4",0.0106408596038818,FALSE,FALSE
"MRGN","truth",1131,150,"small","M0.1",0.0129530429840088,FALSE,FALSE
"MRGN","truth",1132,150,"small","M1.1",0.0126199722290039,FALSE,FALSE
"MRGN","truth",1133,150,"small","M2.1",0.0124919414520264,FALSE,FALSE
"MRGN","truth",1134,150,"small","M3",0.00474810600280762,FALSE,FALSE
"MRGN","truth",1135,150,"small","M4",0.0153458118438721,FALSE,FALSE
"MRGN","truth",1136,300,"small","M0.1",0.00969696044921875,FALSE,FALSE
"MRGN","truth",1137,300,"small","M1.1",0.00898504257202148,FALSE,FALSE
"MRGN","truth",1138,300,"small","M2.1",0.0102839469909668,FALSE,FALSE
"MRGN","truth",1139,300,"small","M3",0.0109870433807373,FALSE,FALSE
"MRGN","truth",1140,300,"small","M4",0.00482892990112305,FALSE,FALSE
"MRGN","truth",1141,670,"small","M0.1",0.00699019432067871,FALSE,FALSE
"MRGN","truth",1142,670,"small","M1.1",0.0129220485687256,FALSE,FALSE
"MRGN","truth",1143,670,"small","M2.1",0.0172901153564453,FALSE,FALSE
"MRGN","truth",1144,670,"small","M3",0.00801992416381836,FALSE,FALSE
"MRGN","truth",1145,670,"small","M4",0.0120861530303955,FALSE,FALSE
"MRGN","truth",1146,1000,"small","M0.1",0.00996804237365723,FALSE,FALSE
"MRGN","truth",1147,1000,"small","M1.1",0.0306839942932129,FALSE,FALSE
"MRGN","truth",1148,1000,"small","M2.1",0.026371955871582,FALSE,FALSE
"MRGN","truth",1149,1000,"small","M3",0.0174560546875,FALSE,FALSE
"MRGN","truth",1150,1000,"small","M4",0.00649380683898926,FALSE,FALSE
"MRGN","truth",1151,50,"medium","M0.1",0.0093231201171875,FALSE,FALSE
"MRGN","truth",1152,50,"medium","M1.1",0.0156199932098389,FALSE,FALSE
"MRGN","truth",1153,50,"medium","M2.1",0.0111179351806641,FALSE,FALSE
"MRGN","truth",1154,50,"medium","M3",0.00795197486877441,FALSE,FALSE
"MRGN","truth",1155,50,"medium","M4",0.00907111167907715,FALSE,FALSE
"MRGN","truth",1156,150,"medium","M0.1",0.00471901893615723,FALSE,FALSE
"MRGN","truth",1157,150,"medium","M1.1",0.0100748538970947,FALSE,FALSE
"MRGN","truth",1158,150,"medium","M2.1",0.00880885124206543,FALSE,FALSE
"MRGN","truth",1159,150,"medium","M3",0.0161352157592773,FALSE,FALSE
"MRGN","truth",1160,150,"medium","M4",0.0151669979095459,FALSE,FALSE
"MRGN","truth",1161,300,"medium","M0.1",0.0122029781341553,FALSE,FALSE
"MRGN","truth",1162,300,"medium","M1.1",0.0161190032958984,FALSE,FALSE
"MRGN","truth",1163,300,"medium","M2.1",0.0121638774871826,FALSE,FALSE
"MRGN","truth",1164,300,"medium","M3",0.00849604606628418,FALSE,FALSE
"MRGN","truth",1165,300,"medium","M4",0.0155220031738281,FALSE,FALSE
"MRGN","truth",1166,670,"medium","M0.1",0.00634407997131348,FALSE,FALSE
"MRGN","truth",1167,670,"medium","M1.1",0.0080559253692627,FALSE,FALSE
"MRGN","truth",1168,670,"medium","M2.1",0.00786209106445312,FALSE,FALSE
"MRGN","truth",1169,670,"medium","M3",0.0172429084777832,FALSE,FALSE
"MRGN","truth",1170,670,"medium","M4",0.0164968967437744,FALSE,FALSE
"MRGN","truth",1171,1000,"medium","M0.1",0.00677204132080078,FALSE,FALSE
"MRGN","truth",1172,1000,"medium","M1.1",0.0151598453521729,FALSE,FALSE
"MRGN","truth",1173,1000,"medium","M2.1",0.0367660522460938,FALSE,FALSE
"MRGN","truth",1174,1000,"medium","M3",0.023345947265625,FALSE,FALSE
"MRGN","truth",1175,1000,"medium","M4",0.016273021697998,FALSE,FALSE
"MRGN","truth",1176,50,"large","M0.1",0.0117490291595459,FALSE,FALSE
"MRGN","truth",1177,50,"large","M1.1",0.00801801681518555,FALSE,FALSE
"MRGN","truth",1178,50,"large","M2.1",0.00623583793640137,FALSE,FALSE
"MRGN","truth",1179,50,"large","M3",0.00663399696350098,FALSE,FALSE
"MRGN","truth",1180,50,"large","M4",0.00896406173706055,FALSE,FALSE
"MRGN","truth",1181,150,"large","M0.1",0.00806903839111328,FALSE,FALSE
"MRGN","truth",1182,150,"large","M1.1",0.00522398948669434,FALSE,FALSE
"MRGN","truth",1183,150,"large","M2.1",0.0146329402923584,FALSE,FALSE
"MRGN","truth",1184,150,"large","M3",0.00556683540344238,FALSE,FALSE
"MRGN","truth",1185,150,"large","M4",0.00648188591003418,FALSE,FALSE
"MRGN","truth",1186,300,"large","M0.1",0.00988006591796875,FALSE,FALSE
"MRGN","truth",1187,300,"large","M1.1",0.010908842086792,FALSE,FALSE
"MRGN","truth",1188,300,"large","M2.1",0.0064079761505127,FALSE,FALSE
"MRGN","truth",1189,300,"large","M3",0.00596094131469727,FALSE,FALSE
"MRGN","truth",1190,300,"large","M4",0.0145089626312256,FALSE,FALSE
"MRGN","truth",1191,670,"large","M0.1",0.0146257877349854,FALSE,FALSE
"MRGN","truth",1192,670,"large","M1.1",0.0263948440551758,FALSE,FALSE
"MRGN","truth",1193,670,"large","M2.1",0.0102870464324951,FALSE,FALSE
"MRGN","truth",1194,670,"large","M3",0.0122199058532715,FALSE,FALSE
"MRGN","truth",1195,670,"large","M4",0.0110938549041748,FALSE,FALSE
"MRGN","truth",1196,1000,"large","M0.1",0.0124421119689941,FALSE,FALSE
"MRGN","truth",1197,1000,"large","M1.1",0.0110640525817871,FALSE,FALSE
"MRGN","truth",1198,1000,"large","M2.1",0.0104761123657227,FALSE,FALSE
"MRGN","truth",1199,1000,"large","M3",0.0190060138702393,FALSE,FALSE
"MRGN","truth",1200,1000,"large","M4",0.0288879871368408,FALSE,FALSE
"MRGN","truth",1201,50,"small","M0.1",0.0123071670532227,FALSE,FALSE
"MRGN","truth",1202,50,"small","M1.1",0.0138618946075439,FALSE,FALSE
"MRGN","truth",1203,50,"small","M2.1",0.00911307334899902,FALSE,FALSE
"MRGN","truth",1204,50,"small","M3",0.00967001914978027,FALSE,FALSE
"MRGN","truth",1205,50,"small","M4",0.00750589370727539,FALSE,FALSE
"MRGN","truth",1206,150,"small","M0.1",0.0131261348724365,FALSE,FALSE
"MRGN","truth",1207,150,"small","M1.1",0.0139808654785156,FALSE,FALSE
"MRGN","truth",1208,150,"small","M2.1",0.00586700439453125,FALSE,FALSE
"MRGN","truth",1209,150,"small","M3",0.00435113906860352,FALSE,FALSE
"MRGN","truth",1210,150,"small","M4",0.0101630687713623,FALSE,FALSE
"MRGN","truth",1211,300,"small","M0.1",0.00395989418029785,FALSE,FALSE
"MRGN","truth",1212,300,"small","M1.1",0.0049130916595459,FALSE,FALSE
"MRGN","truth",1213,300,"small","M2.1",0.00913119316101074,FALSE,FALSE
"MRGN","truth",1214,300,"small","M3",0.0127971172332764,FALSE,FALSE
"MRGN","truth",1215,300,"small","M4",0.00827598571777344,FALSE,FALSE
"MRGN","truth",1216,670,"small","M0.1",0.0147960186004639,FALSE,FALSE
"MRGN","truth",1217,670,"small","M1.1",0.0129399299621582,FALSE,FALSE
"MRGN","truth",1218,670,"small","M2.1",0.0089271068572998,FALSE,FALSE
"MRGN","truth",1219,670,"small","M3",0.0139470100402832,FALSE,FALSE
"MRGN","truth",1220,670,"small","M4",0.00838208198547363,FALSE,FALSE
"MRGN","truth",1221,1000,"small","M0.1",0.00419998168945312,FALSE,FALSE
"MRGN","truth",1222,1000,"small","M1.1",0.00998401641845703,FALSE,FALSE
"MRGN","truth",1223,1000,"small","M2.1",0.01009202003479,FALSE,FALSE
"MRGN","truth",1224,1000,"small","M3",0.00966596603393555,FALSE,FALSE
"MRGN","truth",1225,1000,"small","M4",0.00985503196716309,FALSE,FALSE
"MRGN","truth",1226,50,"medium","M0.1",0.0218489170074463,FALSE,FALSE
"MRGN","truth",1227,50,"medium","M1.1",0.0180478096008301,FALSE,FALSE
"MRGN","truth",1228,50,"medium","M2.1",0.0205659866333008,FALSE,FALSE
"MRGN","truth",1229,50,"medium","M3",0.0132129192352295,FALSE,FALSE
"MRGN","truth",1230,50,"medium","M4",0.0120539665222168,FALSE,FALSE
"MRGN","truth",1231,150,"medium","M0.1",0.0127511024475098,FALSE,FALSE
"MRGN","truth",1232,150,"medium","M1.1",0.0103380680084229,FALSE,FALSE
"MRGN","truth",1233,150,"medium","M2.1",0.00732088088989258,FALSE,FALSE
"MRGN","truth",1234,150,"medium","M3",0.00962018966674805,FALSE,FALSE
"MRGN","truth",1235,150,"medium","M4",0.0169589519500732,FALSE,FALSE
"MRGN","truth",1236,300,"medium","M0.1",0.0139029026031494,FALSE,FALSE
"MRGN","truth",1237,300,"medium","M1.1",0.0150179862976074,FALSE,FALSE
"MRGN","truth",1238,300,"medium","M2.1",0.0111019611358643,FALSE,FALSE
"MRGN","truth",1239,300,"medium","M3",0.0121538639068604,FALSE,FALSE
"MRGN","truth",1240,300,"medium","M4",0.00543594360351562,FALSE,FALSE
"MRGN","truth",1241,670,"medium","M0.1",0.00882697105407715,FALSE,FALSE
"MRGN","truth",1242,670,"medium","M1.1",0.00995492935180664,FALSE,FALSE
"MRGN","truth",1243,670,"medium","M2.1",0.0156669616699219,FALSE,FALSE
"MRGN","truth",1244,670,"medium","M3",0.0170269012451172,FALSE,FALSE
"MRGN","truth",1245,670,"medium","M4",0.00526213645935059,FALSE,FALSE
"MRGN","truth",1246,1000,"medium","M0.1",0.00512814521789551,FALSE,FALSE
"MRGN","truth",1247,1000,"medium","M1.1",0.00879311561584473,FALSE,FALSE
"MRGN","truth",1248,1000,"medium","M2.1",0.0114140510559082,FALSE,FALSE
"MRGN","truth",1249,1000,"medium","M3",0.00938296318054199,FALSE,FALSE
"MRGN","truth",1250,1000,"medium","M4",0.0163750648498535,FALSE,FALSE
"MRGN","truth",1251,50,"large","M0.1",0.00526094436645508,FALSE,FALSE
"MRGN","truth",1252,50,"large","M1.1",0.00827312469482422,FALSE,FALSE
"MRGN","truth",1253,50,"large","M2.1",0.00775814056396484,FALSE,FALSE
"MRGN","truth",1254,50,"large","M3",0.0142340660095215,FALSE,FALSE
"MRGN","truth",1255,50,"large","M4",0.0124759674072266,FALSE,FALSE
"MRGN","truth",1256,150,"large","M0.1",0.0251309871673584,FALSE,FALSE
"MRGN","truth",1257,150,"large","M1.1",0.0131590366363525,FALSE,FALSE
"MRGN","truth",1258,150,"large","M2.1",0.0142190456390381,FALSE,FALSE
"MRGN","truth",1259,150,"large","M3",0.0275149345397949,FALSE,FALSE
"MRGN","truth",1260,150,"large","M4",0.00520586967468262,FALSE,FALSE
"MRGN","truth",1261,300,"large","M0.1",0.0131587982177734,FALSE,FALSE
"MRGN","truth",1262,300,"large","M1.1",0.00693392753601074,FALSE,FALSE
"MRGN","truth",1263,300,"large","M2.1",0.00793695449829102,FALSE,FALSE
"MRGN","truth",1264,300,"large","M3",0.0132889747619629,FALSE,FALSE
"MRGN","truth",1265,300,"large","M4",0.00851607322692871,FALSE,FALSE
"MRGN","truth",1266,670,"large","M0.1",0.0139589309692383,FALSE,FALSE
"MRGN","truth",1267,670,"large","M1.1",0.00380492210388184,FALSE,FALSE
"MRGN","truth",1268,670,"large","M2.1",0.0122139453887939,FALSE,FALSE
"MRGN","truth",1269,670,"large","M3",0.0187199115753174,FALSE,FALSE
"MRGN","truth",1270,670,"large","M4",0.0217201709747314,FALSE,FALSE
"MRGN","truth",1271,1000,"large","M0.1",0.00940394401550293,FALSE,FALSE
"MRGN","truth",1272,1000,"large","M1.1",0.0111138820648193,FALSE,FALSE
"MRGN","truth",1273,1000,"large","M2.1",0.0221250057220459,FALSE,FALSE
"MRGN","truth",1274,1000,"large","M3",0.0323319435119629,FALSE,FALSE
"MRGN","truth",1275,1000,"large","M4",0.0176060199737549,FALSE,FALSE
"MRGN","truth",1276,50,"small","M0.1",0.0119321346282959,FALSE,FALSE
"MRGN","truth",1277,50,"small","M1.1",0.00915217399597168,FALSE,FALSE
"MRGN","truth",1278,50,"small","M2.1",0.0104770660400391,FALSE,FALSE
"MRGN","truth",1279,50,"small","M3",0.0119349956512451,FALSE,FALSE
"MRGN","truth",1280,50,"small","M4",0.0130841732025146,FALSE,FALSE
"MRGN","truth",1281,150,"small","M0.1",0.0159721374511719,FALSE,FALSE
"MRGN","truth",1282,150,"small","M1.1",0.0128710269927979,FALSE,FALSE
"MRGN","truth",1283,150,"small","M2.1",0.0157020092010498,FALSE,FALSE
"MRGN","truth",1284,150,"small","M3",0.0102880001068115,FALSE,FALSE
"MRGN","truth",1285,150,"small","M4",0.0112390518188477,FALSE,FALSE
"MRGN","truth",1286,300,"small","M0.1",0.0123100280761719,FALSE,FALSE
"MRGN","truth",1287,300,"small","M1.1",0.00661301612854004,FALSE,FALSE
"MRGN","truth",1288,300,"small","M2.1",0.0066521167755127,FALSE,FALSE
"MRGN","truth",1289,300,"small","M3",0.0044560432434082,FALSE,FALSE
"MRGN","truth",1290,300,"small","M4",0.0130670070648193,FALSE,FALSE
"MRGN","truth",1291,670,"small","M0.1",0.00716805458068848,FALSE,FALSE
"MRGN","truth",1292,670,"small","M1.1",0.0215728282928467,FALSE,FALSE
"MRGN","truth",1293,670,"small","M2.1",0.00820183753967285,FALSE,FALSE
"MRGN","truth",1294,670,"small","M3",0.00871396064758301,FALSE,FALSE
"MRGN","truth",1295,670,"small","M4",0.0117678642272949,FALSE,FALSE
"MRGN","truth",1296,1000,"small","M0.1",0.0108001232147217,FALSE,FALSE
"MRGN","truth",1297,1000,"small","M1.1",0.00667595863342285,FALSE,FALSE
"MRGN","truth",1298,1000,"small","M2.1",0.0195062160491943,FALSE,FALSE
"MRGN","truth",1299,1000,"small","M3",0.0129959583282471,FALSE,FALSE
"MRGN","truth",1300,1000,"small","M4",0.00847196578979492,FALSE,FALSE
"MRGN","truth",1301,50,"medium","M0.1",0.00551199913024902,FALSE,FALSE
"MRGN","truth",1302,50,"medium","M1.1",0.0144388675689697,FALSE,FALSE
"MRGN","truth",1303,50,"medium","M2.1",0.00607705116271973,FALSE,FALSE
"MRGN","truth",1304,50,"medium","M3",0.0143861770629883,FALSE,FALSE
"MRGN","truth",1305,50,"medium","M4",0.00733399391174316,FALSE,FALSE
"MRGN","truth",1306,150,"medium","M0.1",0.00798416137695312,FALSE,FALSE
"MRGN","truth",1307,150,"medium","M1.1",0.0063021183013916,FALSE,FALSE
"MRGN","truth",1308,150,"medium","M2.1",0.015449047088623,FALSE,FALSE
"MRGN","truth",1309,150,"medium","M3",0.00647807121276855,FALSE,FALSE
"MRGN","truth",1310,150,"medium","M4",0.0148200988769531,FALSE,FALSE
"MRGN","truth",1311,300,"medium","M0.1",0.00561809539794922,FALSE,FALSE
"MRGN","truth",1312,300,"medium","M1.1",0.0164659023284912,FALSE,FALSE
"MRGN","truth",1313,300,"medium","M2.1",0.0074460506439209,FALSE,FALSE
"MRGN","truth",1314,300,"medium","M3",0.00386404991149902,FALSE,FALSE
"MRGN","truth",1315,300,"medium","M4",0.00847291946411133,FALSE,FALSE
"MRGN","truth",1316,670,"medium","M0.1",0.0189521312713623,FALSE,FALSE
"MRGN","truth",1317,670,"medium","M1.1",0.0121309757232666,FALSE,FALSE
"MRGN","truth",1318,670,"medium","M2.1",0.0138049125671387,FALSE,FALSE
"MRGN","truth",1319,670,"medium","M3",0.0117330551147461,FALSE,FALSE
"MRGN","truth",1320,670,"medium","M4",0.00630402565002441,FALSE,FALSE
"MRGN","truth",1321,1000,"medium","M0.1",0.00849199295043945,FALSE,FALSE
"MRGN","truth",1322,1000,"medium","M1.1",0.0112810134887695,FALSE,FALSE
"MRGN","truth",1323,1000,"medium","M2.1",0.0193049907684326,FALSE,FALSE
"MRGN","truth",1324,1000,"medium","M3",0.0132019519805908,FALSE,FALSE
"MRGN","truth",1325,1000,"medium","M4",0.00454521179199219,FALSE,FALSE
"MRGN","truth",1326,50,"large","M0.1",0.0098271369934082,FALSE,FALSE
"MRGN","truth",1327,50,"large","M1.1",0.0120649337768555,FALSE,FALSE
"MRGN","truth",1328,50,"large","M2.1",0.016624927520752,FALSE,FALSE
"MRGN","truth",1329,50,"large","M3",0.00541901588439941,FALSE,FALSE
"MRGN","truth",1330,50,"large","M4",0.00572991371154785,FALSE,FALSE
"MRGN","truth",1331,150,"large","M0.1",0.013808012008667,FALSE,FALSE
"MRGN","truth",1332,150,"large","M1.1",0.0129630565643311,FALSE,FALSE
"MRGN","truth",1333,150,"large","M2.1",0.00795793533325195,FALSE,FALSE
"MRGN","truth",1334,150,"large","M3",0.0276529788970947,FALSE,FALSE
"MRGN","truth",1335,150,"large","M4",0.0250110626220703,FALSE,FALSE
"MRGN","truth",1336,300,"large","M0.1",0.00485801696777344,FALSE,FALSE
"MRGN","truth",1337,300,"large","M1.1",0.0132820606231689,FALSE,FALSE
"MRGN","truth",1338,300,"large","M2.1",0.00786590576171875,FALSE,FALSE
"MRGN","truth",1339,300,"large","M3",0.0127990245819092,FALSE,FALSE
"MRGN","truth",1340,300,"large","M4",0.0105369091033936,FALSE,FALSE
"MRGN","truth",1341,670,"large","M0.1",0.00706315040588379,FALSE,FALSE
"MRGN","truth",1342,670,"large","M1.1",0.0133321285247803,FALSE,FALSE
"MRGN","truth",1343,670,"large","M2.1",0.0165290832519531,FALSE,FALSE
"MRGN","truth",1344,670,"large","M3",0.00752091407775879,FALSE,FALSE
"MRGN","truth",1345,670,"large","M4",0.0104959011077881,FALSE,FALSE
"MRGN","truth",1346,1000,"large","M0.1",0.00648188591003418,FALSE,FALSE
"MRGN","truth",1347,1000,"large","M1.1",0.00653505325317383,FALSE,FALSE
"MRGN","truth",1348,1000,"large","M2.1",0.0113241672515869,FALSE,FALSE
"MRGN","truth",1349,1000,"large","M3",0.00615596771240234,FALSE,FALSE
"MRGN","truth",1350,1000,"large","M4",0.0144879817962646,FALSE,FALSE
"MRGN","truth",1351,50,"small","M0.1",0.0161659717559814,FALSE,FALSE
"MRGN","truth",1352,50,"small","M1.1",0.0108230113983154,FALSE,FALSE
"MRGN","truth",1353,50,"small","M2.1",0.0101449489593506,FALSE,FALSE
"MRGN","truth",1354,50,"small","M3",0.0191090106964111,FALSE,FALSE
"MRGN","truth",1355,50,"small","M4",0.012876033782959,FALSE,FALSE
"MRGN","truth",1356,150,"small","M0.1",0.0197978019714355,FALSE,FALSE
"MRGN","truth",1357,150,"small","M1.1",0.0152499675750732,FALSE,FALSE
"MRGN","truth",1358,150,"small","M2.1",0.00950407981872559,FALSE,FALSE
"MRGN","truth",1359,150,"small","M3",0.0196521282196045,FALSE,FALSE
"MRGN","truth",1360,150,"small","M4",0.0122790336608887,FALSE,FALSE
"MRGN","truth",1361,300,"small","M0.1",0.00986003875732422,FALSE,FALSE
"MRGN","truth",1362,300,"small","M1.1",0.0126090049743652,FALSE,FALSE
"MRGN","truth",1363,300,"small","M2.1",0.0100359916687012,FALSE,FALSE
"MRGN","truth",1364,300,"small","M3",0.00734305381774902,FALSE,FALSE
"MRGN","truth",1365,300,"small","M4",0.026716947555542,FALSE,FALSE
"MRGN","truth",1366,670,"small","M0.1",0.0177650451660156,FALSE,FALSE
"MRGN","truth",1367,670,"small","M1.1",0.00783801078796387,FALSE,FALSE
"MRGN","truth",1368,670,"small","M2.1",0.00818109512329102,FALSE,FALSE
"MRGN","truth",1369,670,"small","M3",0.0107600688934326,FALSE,FALSE
"MRGN","truth",1370,670,"small","M4",0.0187599658966064,FALSE,FALSE
"MRGN","truth",1371,1000,"small","M0.1",0.0156748294830322,FALSE,FALSE
"MRGN","truth",1372,1000,"small","M1.1",0.00763893127441406,FALSE,FALSE
"MRGN","truth",1373,1000,"small","M2.1",0.00798511505126953,FALSE,FALSE
"MRGN","truth",1374,1000,"small","M3",0.0205168724060059,FALSE,FALSE
"MRGN","truth",1375,1000,"small","M4",0.0129549503326416,FALSE,FALSE
"MRGN","truth",1376,50,"medium","M0.1",0.0103080272674561,FALSE,FALSE
"MRGN","truth",1377,50,"medium","M1.1",0.00577998161315918,FALSE,FALSE
"MRGN","truth",1378,50,"medium","M2.1",0.010653018951416,FALSE,FALSE
"MRGN","truth",1379,50,"medium","M3",0.0295441150665283,FALSE,FALSE
"MRGN","truth",1380,50,"medium","M4",0.0132200717926025,FALSE,FALSE
"MRGN","truth",1381,150,"medium","M0.1",0.026806116104126,FALSE,FALSE
"MRGN","truth",1382,150,"medium","M1.1",0.0138640403747559,FALSE,FALSE
"MRGN","truth",1383,150,"medium","M2.1",0.00997495651245117,FALSE,FALSE
"MRGN","truth",1384,150,"medium","M3",0.0118989944458008,FALSE,FALSE
"MRGN","truth",1385,150,"medium","M4",0.0184519290924072,FALSE,FALSE
"MRGN","truth",1386,300,"medium","M0.1",0.00616908073425293,FALSE,FALSE
"MRGN","truth",1387,300,"medium","M1.1",0.00511789321899414,FALSE,FALSE
"MRGN","truth",1388,300,"medium","M2.1",0.0136871337890625,FALSE,FALSE
"MRGN","truth",1389,300,"medium","M3",0.0115451812744141,FALSE,FALSE
"MRGN","truth",1390,300,"medium","M4",0.0126280784606934,FALSE,FALSE
"MRGN","truth",1391,670,"medium","M0.1",0.00923013687133789,FALSE,FALSE
"MRGN","truth",1392,670,"medium","M1.1",0.0114738941192627,FALSE,FALSE
"MRGN","truth",1393,670,"medium","M2.1",0.00966715812683105,FALSE,FALSE
"MRGN","truth",1394,670,"medium","M3",0.00338602066040039,FALSE,FALSE
"MRGN","truth",1395,670,"medium","M4",0.0331912040710449,FALSE,FALSE
"MRGN","truth",1396,1000,"medium","M0.1",0.0160911083221436,FALSE,FALSE
"MRGN","truth",1397,1000,"medium","M1.1",0.0213580131530762,FALSE,FALSE
"MRGN","truth",1398,1000,"medium","M2.1",0.0157639980316162,FALSE,FALSE
"MRGN","truth",1399,1000,"medium","M3",0.00552010536193848,FALSE,FALSE
"MRGN","truth",1400,1000,"medium","M4",0.0187559127807617,FALSE,FALSE
"MRGN","truth",1401,50,"large","M0.1",0.010066032409668,FALSE,FALSE
"MRGN","truth",1402,50,"large","M1.1",0.00484180450439453,FALSE,FALSE
"MRGN","truth",1403,50,"large","M2.1",0.0075228214263916,FALSE,FALSE
"MRGN","truth",1404,50,"large","M3",0.00501608848571777,FALSE,FALSE
"MRGN","truth",1405,50,"large","M4",0.00814294815063477,FALSE,FALSE
"MRGN","truth",1406,150,"large","M0.1",0.0294451713562012,FALSE,FALSE
"MRGN","truth",1407,150,"large","M1.1",0.00851798057556152,FALSE,FALSE
"MRGN","truth",1408,150,"large","M2.1",0.0107970237731934,FALSE,FALSE
"MRGN","truth",1409,150,"large","M3",0.0228021144866943,FALSE,FALSE
"MRGN","truth",1410,150,"large","M4",0.0181369781494141,FALSE,FALSE
"MRGN","truth",1411,300,"large","M0.1",0.0141148567199707,FALSE,FALSE
"MRGN","truth",1412,300,"large","M1.1",0.00533008575439453,FALSE,FALSE
"MRGN","truth",1413,300,"large","M2.1",0.0122501850128174,FALSE,FALSE
"MRGN","truth",1414,300,"large","M3",0.00427508354187012,FALSE,FALSE
"MRGN","truth",1415,300,"large","M4",0.00611209869384766,FALSE,FALSE
"MRGN","truth",1416,670,"large","M0.1",0.0159749984741211,FALSE,FALSE
"MRGN","truth",1417,670,"large","M1.1",0.0100359916687012,FALSE,FALSE
"MRGN","truth",1418,670,"large","M2.1",0.029918909072876,FALSE,FALSE
"MRGN","truth",1419,670,"large","M3",0.0121889114379883,FALSE,FALSE
"MRGN","truth",1420,670,"large","M4",0.0202391147613525,FALSE,FALSE
"MRGN","truth",1421,1000,"large","M0.1",0.00777697563171387,FALSE,FALSE
"MRGN","truth",1422,1000,"large","M1.1",0.00881195068359375,FALSE,FALSE
"MRGN","truth",1423,1000,"large","M2.1",0.01065993309021,FALSE,FALSE
"MRGN","truth",1424,1000,"large","M3",0.0116679668426514,FALSE,FALSE
"MRGN","truth",1425,1000,"large","M4",0.0202670097351074,FALSE,FALSE
"MRGN","truth",1426,50,"small","M0.1",0.00938892364501953,FALSE,FALSE
"MRGN","truth",1427,50,"small","M1.1",0.00841808319091797,FALSE,FALSE
"MRGN","truth",1428,50,"small","M2.1",0.00482821464538574,FALSE,FALSE
"MRGN","truth",1429,50,"small","M3",0.0174829959869385,FALSE,FALSE
"MRGN","truth",1430,50,"small","M4",0.0193150043487549,FALSE,FALSE
"MRGN","truth",1431,150,"small","M0.1",0.0253689289093018,FALSE,FALSE
"MRGN","truth",1432,150,"small","M1.1",0.00920200347900391,FALSE,FALSE
"MRGN","truth",1433,150,"small","M2.1",0.0263419151306152,FALSE,FALSE
"MRGN","truth",1434,150,"small","M3",0.0165939331054688,FALSE,FALSE
"MRGN","truth",1435,150,"small","M4",0.0276198387145996,FALSE,FALSE
"MRGN","truth",1436,300,"small","M0.1",0.00499701499938965,FALSE,FALSE
"MRGN","truth",1437,300,"small","M1.1",0.0088651180267334,FALSE,FALSE
"MRGN","truth",1438,300,"small","M2.1",0.00931310653686523,FALSE,FALSE
"MRGN","truth",1439,300,"small","M3",0.0103359222412109,FALSE,FALSE
"MRGN","truth",1440,300,"small","M4",0.00532698631286621,FALSE,FALSE
"MRGN","truth",1441,670,"small","M0.1",0.0310671329498291,FALSE,FALSE
"MRGN","truth",1442,670,"small","M1.1",0.0138261318206787,FALSE,FALSE
"MRGN","truth",1443,670,"small","M2.1",0.00510597229003906,FALSE,FALSE
"MRGN","truth",1444,670,"small","M3",0.0182061195373535,FALSE,FALSE
"MRGN","truth",1445,670,"small","M4",0.0156841278076172,FALSE,FALSE
"MRGN","truth",1446,1000,"small","M0.1",0.0125820636749268,FALSE,FALSE
"MRGN","truth",1447,1000,"small","M1.1",0.0102579593658447,FALSE,FALSE
"MRGN","truth",1448,1000,"small","M2.1",0.0139789581298828,FALSE,FALSE
"MRGN","truth",1449,1000,"small","M3",0.013592004776001,FALSE,FALSE
"MRGN","truth",1450,1000,"small","M4",0.0151090621948242,FALSE,FALSE
"MRGN","truth",1451,50,"medium","M0.1",0.0114288330078125,FALSE,FALSE
"MRGN","truth",1452,50,"medium","M1.1",0.0164890289306641,FALSE,FALSE
"MRGN","truth",1453,50,"medium","M2.1",0.00985813140869141,FALSE,FALSE
"MRGN","truth",1454,50,"medium","M3",0.0155410766601562,FALSE,FALSE
"MRGN","truth",1455,50,"medium","M4",0.0140211582183838,FALSE,FALSE
"MRGN","truth",1456,150,"medium","M0.1",0.0187849998474121,FALSE,FALSE
"MRGN","truth",1457,150,"medium","M1.1",0.0117380619049072,FALSE,FALSE
"MRGN","truth",1458,150,"medium","M2.1",0.0276768207550049,FALSE,FALSE
"MRGN","truth",1459,150,"medium","M3",0.0143120288848877,FALSE,FALSE
"MRGN","truth",1460,150,"medium","M4",0.0130941867828369,FALSE,FALSE
"MRGN","truth",1461,300,"medium","M0.1",0.0122151374816895,FALSE,FALSE
"MRGN","truth",1462,300,"medium","M1.1",0.00499892234802246,FALSE,FALSE
"MRGN","truth",1463,300,"medium","M2.1",0.0125489234924316,FALSE,FALSE
"MRGN","truth",1464,300,"medium","M3",0.00450491905212402,FALSE,FALSE
"MRGN","truth",1465,300,"medium","M4",0.00547194480895996,FALSE,FALSE
"MRGN","truth",1466,670,"medium","M0.1",0.00774288177490234,FALSE,FALSE
"MRGN","truth",1467,670,"medium","M1.1",0.0188009738922119,FALSE,FALSE
"MRGN","truth",1468,670,"medium","M2.1",0.0097050666809082,FALSE,FALSE
"MRGN","truth",1469,670,"medium","M3",0.0133399963378906,FALSE,FALSE
"MRGN","truth",1470,670,"medium","M4",0.0275568962097168,FALSE,FALSE
"MRGN","truth",1471,1000,"medium","M0.1",0.0100781917572021,FALSE,FALSE
"MRGN","truth",1472,1000,"medium","M1.1",0.0165278911590576,FALSE,FALSE
"MRGN","truth",1473,1000,"medium","M2.1",0.0193121433258057,FALSE,FALSE
"MRGN","truth",1474,1000,"medium","M3",0.0126078128814697,FALSE,FALSE
"MRGN","truth",1475,1000,"medium","M4",0.00864601135253906,FALSE,FALSE
"MRGN","truth",1476,50,"large","M0.1",0.00783896446228027,FALSE,FALSE
"MRGN","truth",1477,50,"large","M1.1",0.0100119113922119,FALSE,FALSE
"MRGN","truth",1478,50,"large","M2.1",0.00605297088623047,FALSE,FALSE
"MRGN","truth",1479,50,"large","M3",0.0105669498443604,FALSE,FALSE
"MRGN","truth",1480,50,"large","M4",0.00739002227783203,FALSE,FALSE
"MRGN","truth",1481,150,"large","M0.1",0.00613999366760254,FALSE,FALSE
"MRGN","truth",1482,150,"large","M1.1",0.0274381637573242,FALSE,FALSE
"MRGN","truth",1483,150,"large","M2.1",0.025947093963623,FALSE,FALSE
"MRGN","truth",1484,150,"large","M3",0.00699210166931152,FALSE,FALSE
"MRGN","truth",1485,150,"large","M4",0.0258498191833496,FALSE,FALSE
"MRGN","truth",1486,300,"large","M0.1",0.0203018188476562,FALSE,FALSE
"MRGN","truth",1487,300,"large","M1.1",0.00379800796508789,FALSE,FALSE
"MRGN","truth",1488,300,"large","M2.1",0.00916409492492676,FALSE,FALSE
"MRGN","truth",1489,300,"large","M3",0.0148410797119141,FALSE,FALSE
"MRGN","truth",1490,300,"large","M4",0.0245680809020996,FALSE,FALSE
"MRGN","truth",1491,670,"large","M0.1",0.0157439708709717,FALSE,FALSE
"MRGN","truth",1492,670,"large","M1.1",0.00803804397583008,FALSE,FALSE
"MRGN","truth",1493,670,"large","M2.1",0.0118489265441895,FALSE,FALSE
"MRGN","truth",1494,670,"large","M3",0.0165021419525146,FALSE,FALSE
"MRGN","truth",1495,670,"large","M4",0.0154621601104736,FALSE,FALSE
"MRGN","truth",1496,1000,"large","M0.1",0.0158801078796387,FALSE,FALSE
"MRGN","truth",1497,1000,"large","M1.1",0.0130441188812256,FALSE,FALSE
"MRGN","truth",1498,1000,"large","M2.1",0.00649285316467285,FALSE,FALSE
"MRGN","truth",1499,1000,"large","M3",0.00447797775268555,FALSE,FALSE
"MRGN","truth",1500,1000,"large","M4",0.00829792022705078,FALSE,FALSE
"MRGN","CSq",1,50,"small","M0.1",0.00346994400024414,FALSE,FALSE
"MRGN","CSq",2,50,"small","M1.1",0.00365495681762695,FALSE,FALSE
"MRGN","CSq",3,50,"small","M2.1",0.0182180404663086,FALSE,FALSE
"MRGN","CSq",4,50,"small","M3",0.00496983528137207,FALSE,FALSE
"MRGN","CSq",5,50,"small","M4",0.00624895095825195,FALSE,FALSE
"MRGN","CSq",6,150,"small","M0.1",0.00437784194946289,FALSE,FALSE
"MRGN","CSq",7,150,"small","M1.1",0.0078589916229248,FALSE,FALSE
"MRGN","CSq",8,150,"small","M2.1",0.00537300109863281,FALSE,FALSE
"MRGN","CSq",9,150,"small","M3",0.00508999824523926,FALSE,FALSE
"MRGN","CSq",10,150,"small","M4",0.00456905364990234,FALSE,FALSE
"MRGN","CSq",11,300,"small","M0.1",0.0145969390869141,FALSE,FALSE
"MRGN","CSq",12,300,"small","M1.1",0.0102748870849609,FALSE,FALSE
"MRGN","CSq",13,300,"small","M2.1",0.0101559162139893,FALSE,FALSE
"MRGN","CSq",14,300,"small","M3",0.0109438896179199,FALSE,FALSE
"MRGN","CSq",15,300,"small","M4",0.00914692878723145,FALSE,FALSE
"MRGN","CSq",16,670,"small","M0.1",0.00796389579772949,FALSE,FALSE
"MRGN","CSq",17,670,"small","M1.1",0.0132758617401123,FALSE,FALSE
"MRGN","CSq",18,670,"small","M2.1",0.0131938457489014,FALSE,FALSE
"MRGN","CSq",19,670,"small","M3",0.0052800178527832,FALSE,FALSE
"MRGN","CSq",20,670,"small","M4",0.00938606262207031,FALSE,FALSE
"MRGN","CSq",21,1000,"small","M0.1",0.0292558670043945,FALSE,FALSE
"MRGN","CSq",22,1000,"small","M1.1",0.0117051601409912,FALSE,FALSE
"MRGN","CSq",23,1000,"small","M2.1",0.0100009441375732,FALSE,FALSE
"MRGN","CSq",24,1000,"small","M3",0.00990104675292969,FALSE,FALSE
"MRGN","CSq",25,1000,"small","M4",0.00431299209594727,FALSE,FALSE
"MRGN","CSq",26,50,"medium","M0.1",0.00401210784912109,FALSE,FALSE
"MRGN","CSq",27,50,"medium","M1.1",0.00629591941833496,FALSE,FALSE
"MRGN","CSq",28,50,"medium","M2.1",0.23534107208252,FALSE,FALSE
"MRGN","CSq",29,50,"medium","M3",0.00671792030334473,FALSE,FALSE
"MRGN","CSq",30,50,"medium","M4",0.00381088256835938,FALSE,FALSE
"MRGN","CSq",31,150,"medium","M0.1",0.00669002532958984,FALSE,FALSE
"MRGN","CSq",32,150,"medium","M1.1",0.00480079650878906,FALSE,FALSE
"MRGN","CSq",33,150,"medium","M2.1",0.00516796112060547,FALSE,FALSE
"MRGN","CSq",34,150,"medium","M3",0.00715112686157227,FALSE,FALSE
"MRGN","CSq",35,150,"medium","M4",0.00738692283630371,FALSE,FALSE
"MRGN","CSq",36,300,"medium","M0.1",0.00945091247558594,FALSE,FALSE
"MRGN","CSq",37,300,"medium","M1.1",0.0110318660736084,FALSE,FALSE
"MRGN","CSq",38,300,"medium","M2.1",0.00769495964050293,FALSE,FALSE
"MRGN","CSq",39,300,"medium","M3",0.0107698440551758,FALSE,FALSE
"MRGN","CSq",40,300,"medium","M4",0.0122559070587158,FALSE,FALSE
"MRGN","CSq",41,670,"medium","M0.1",0.0118110179901123,FALSE,FALSE
"MRGN","CSq",42,670,"medium","M1.1",0.00800895690917969,FALSE,FALSE
"MRGN","CSq",43,670,"medium","M2.1",0.0108919143676758,FALSE,FALSE
"MRGN","CSq",44,670,"medium","M3",0.0159790515899658,FALSE,FALSE
"MRGN","CSq",45,670,"medium","M4",0.0152609348297119,FALSE,FALSE
"MRGN","CSq",46,1000,"medium","M0.1",0.0173389911651611,FALSE,FALSE
"MRGN","CSq",47,1000,"medium","M1.1",0.028048038482666,FALSE,FALSE
"MRGN","CSq",48,1000,"medium","M2.1",0.0124800205230713,FALSE,FALSE
"MRGN","CSq",49,1000,"medium","M3",0.0067589282989502,FALSE,FALSE
"MRGN","CSq",50,1000,"medium","M4",0.011444091796875,FALSE,FALSE
"MRGN","CSq",51,50,"large","M0.1",0.00452804565429688,FALSE,FALSE
"MRGN","CSq",52,50,"large","M1.1",0.00439596176147461,FALSE,FALSE
"MRGN","CSq",53,50,"large","M2.1",0.00396418571472168,FALSE,FALSE
"MRGN","CSq",54,50,"large","M3",0.00399279594421387,FALSE,FALSE
"MRGN","CSq",55,50,"large","M4",0.00531101226806641,FALSE,FALSE
"MRGN","CSq",56,150,"large","M0.1",0.00452804565429688,FALSE,FALSE
"MRGN","CSq",57,150,"large","M1.1",0.00613284111022949,FALSE,FALSE
"MRGN","CSq",58,150,"large","M2.1",0.00599408149719238,FALSE,FALSE
"MRGN","CSq",59,150,"large","M3",0.00479602813720703,FALSE,FALSE
"MRGN","CSq",60,150,"large","M4",0.00458717346191406,FALSE,FALSE
"MRGN","CSq",61,300,"large","M0.1",0.0105850696563721,FALSE,FALSE
"MRGN","CSq",62,300,"large","M1.1",0.00983595848083496,FALSE,FALSE
"MRGN","CSq",63,300,"large","M2.1",0.0101480484008789,FALSE,FALSE
"MRGN","CSq",64,300,"large","M3",0.00792098045349121,FALSE,FALSE
"MRGN","CSq",65,300,"large","M4",0.0055391788482666,FALSE,FALSE
"MRGN","CSq",66,670,"large","M0.1",0.0112049579620361,FALSE,FALSE
"MRGN","CSq",67,670,"large","M1.1",0.0066988468170166,FALSE,FALSE
"MRGN","CSq",68,670,"large","M2.1",0.00775814056396484,FALSE,FALSE
"MRGN","CSq",69,670,"large","M3",0.00723910331726074,FALSE,FALSE
"MRGN","CSq",70,670,"large","M4",0.010530948638916,FALSE,FALSE
"MRGN","CSq",71,1000,"large","M0.1",0.00634407997131348,FALSE,FALSE
"MRGN","CSq",72,1000,"large","M1.1",0.0100278854370117,FALSE,FALSE
"MRGN","CSq",73,1000,"large","M2.1",0.0349669456481934,FALSE,FALSE
"MRGN","CSq",74,1000,"large","M3",0.0201339721679688,FALSE,FALSE
"MRGN","CSq",75,1000,"large","M4",0.0151288509368896,FALSE,FALSE
"MRGN","CSq",76,50,"small","M0.1",0.00708603858947754,FALSE,FALSE
"MRGN","CSq",77,50,"small","M1.1",0.00433683395385742,FALSE,FALSE
"MRGN","CSq",78,50,"small","M2.1",0.00406503677368164,FALSE,FALSE
"MRGN","CSq",79,50,"small","M3",0.00561690330505371,FALSE,FALSE
"MRGN","CSq",80,50,"small","M4",0.00471282005310059,FALSE,FALSE
"MRGN","CSq",81,150,"small","M0.1",0.00471901893615723,FALSE,FALSE
"MRGN","CSq",82,150,"small","M1.1",0.00889086723327637,FALSE,FALSE
"MRGN","CSq",83,150,"small","M2.1",0.00436615943908691,FALSE,FALSE
"MRGN","CSq",84,150,"small","M3",0.00779414176940918,FALSE,FALSE
"MRGN","CSq",85,150,"small","M4",0.00696802139282227,FALSE,FALSE
"MRGN","CSq",86,300,"small","M0.1",0.00622797012329102,FALSE,FALSE
"MRGN","CSq",87,300,"small","M1.1",0.0117349624633789,FALSE,FALSE
"MRGN","CSq",88,300,"small","M2.1",0.0108230113983154,FALSE,FALSE
"MRGN","CSq",89,300,"small","M3",0.00937104225158691,FALSE,FALSE
"MRGN","CSq",90,300,"small","M4",0.0104207992553711,FALSE,FALSE
"MRGN","CSq",91,670,"small","M0.1",0.0073549747467041,FALSE,FALSE
"MRGN","CSq",92,670,"small","M1.1",0.00777316093444824,FALSE,FALSE
"MRGN","CSq",93,670,"small","M2.1",0.00655388832092285,FALSE,FALSE
"MRGN","CSq",94,670,"small","M3",0.00658011436462402,FALSE,FALSE
"MRGN","CSq",95,670,"small","M4",0.0209579467773438,FALSE,FALSE
"MRGN","CSq",96,1000,"small","M0.1",0.0127189159393311,FALSE,FALSE
"MRGN","CSq",97,1000,"small","M1.1",0.00940799713134766,FALSE,FALSE
"MRGN","CSq",98,1000,"small","M2.1",0.0297341346740723,FALSE,FALSE
"MRGN","CSq",99,1000,"small","M3",0.0265960693359375,FALSE,FALSE
"MRGN","CSq",100,1000,"small","M4",0.0170388221740723,FALSE,FALSE
"MRGN","CSq",101,50,"medium","M0.1",0.00719213485717773,FALSE,FALSE
"MRGN","CSq",102,50,"medium","M1.1",0.00795388221740723,FALSE,FALSE
"MRGN","CSq",103,50,"medium","M2.1",0.0137379169464111,FALSE,FALSE
"MRGN","CSq",104,50,"medium","M3",0.00677990913391113,FALSE,FALSE
"MRGN","CSq",105,50,"medium","M4",0.00672292709350586,FALSE,FALSE
"MRGN","CSq",106,150,"medium","M0.1",0.00450801849365234,FALSE,FALSE
"MRGN","CSq",107,150,"medium","M1.1",0.00819110870361328,FALSE,FALSE
"MRGN","CSq",108,150,"medium","M2.1",0.00453901290893555,FALSE,FALSE
"MRGN","CSq",109,150,"medium","M3",0.00815987586975098,FALSE,FALSE
"MRGN","CSq",110,150,"medium","M4",0.00586605072021484,FALSE,FALSE
"MRGN","CSq",111,300,"medium","M0.1",0.0130689144134521,FALSE,FALSE
"MRGN","CSq",112,300,"medium","M1.1",0.010850191116333,FALSE,FALSE
"MRGN","CSq",113,300,"medium","M2.1",0.0109949111938477,FALSE,FALSE
"MRGN","CSq",114,300,"medium","M3",0.0108418464660645,FALSE,FALSE
"MRGN","CSq",115,300,"medium","M4",0.0111050605773926,FALSE,FALSE
"MRGN","CSq",116,670,"medium","M0.1",0.0119168758392334,FALSE,FALSE
"MRGN","CSq",117,670,"medium","M1.1",0.00763678550720215,FALSE,FALSE
"MRGN","CSq",118,670,"medium","M2.1",0.0126991271972656,FALSE,FALSE
"MRGN","CSq",119,670,"medium","M3",0.0182409286499023,FALSE,FALSE
"MRGN","CSq",120,670,"medium","M4",0.0220592021942139,FALSE,FALSE
"MRGN","CSq",121,1000,"medium","M0.1",0.0111849308013916,FALSE,FALSE
"MRGN","CSq",122,1000,"medium","M1.1",0.0115480422973633,FALSE,FALSE
"MRGN","CSq",123,1000,"medium","M2.1",0.0120060443878174,FALSE,FALSE
"MRGN","CSq",124,1000,"medium","M3",0.021848201751709,FALSE,FALSE
"MRGN","CSq",125,1000,"medium","M4",0.0114731788635254,FALSE,FALSE
"MRGN","CSq",126,50,"large","M0.1",0.00696992874145508,FALSE,FALSE
"MRGN","CSq",127,50,"large","M1.1",0.0043179988861084,FALSE,FALSE
"MRGN","CSq",128,50,"large","M2.1",0.00748991966247559,FALSE,FALSE
"MRGN","CSq",129,50,"large","M3",0.0068361759185791,FALSE,FALSE
"MRGN","CSq",130,50,"large","M4",0.0064551830291748,FALSE,FALSE
"MRGN","CSq",131,150,"large","M0.1",0.00422000885009766,FALSE,FALSE
"MRGN","CSq",132,150,"large","M1.1",0.00422501564025879,FALSE,FALSE
"MRGN","CSq",133,150,"large","M2.1",0.00483489036560059,FALSE,FALSE
"MRGN","CSq",134,150,"large","M3",0.00510311126708984,FALSE,FALSE
"MRGN","CSq",135,150,"large","M4",0.00460195541381836,FALSE,FALSE
"MRGN","CSq",136,300,"large","M0.1",0.0108578205108643,FALSE,FALSE
"MRGN","CSq",137,300,"large","M1.1",0.0109758377075195,FALSE,FALSE
"MRGN","CSq",138,300,"large","M2.1",0.0124409198760986,FALSE,FALSE
"MRGN","CSq",139,300,"large","M3",0.0109410285949707,FALSE,FALSE
"MRGN","CSq",140,300,"large","M4",0.00602602958679199,FALSE,FALSE
"MRGN","CSq",141,670,"large","M0.1",0.0241849422454834,FALSE,FALSE
"MRGN","CSq",142,670,"large","M1.1",0.0147438049316406,FALSE,FALSE
"MRGN","CSq",143,670,"large","M2.1",0.0142149925231934,FALSE,FALSE
"MRGN","CSq",144,670,"large","M3",0.0200412273406982,FALSE,FALSE
"MRGN","CSq",145,670,"large","M4",0.0127830505371094,FALSE,FALSE
"MRGN","CSq",146,1000,"large","M0.1",0.0129799842834473,FALSE,FALSE
"MRGN","CSq",147,1000,"large","M1.1",0.0066981315612793,FALSE,FALSE
"MRGN","CSq",148,1000,"large","M2.1",0.00877094268798828,FALSE,FALSE
"MRGN","CSq",149,1000,"large","M3",0.0112278461456299,FALSE,FALSE
"MRGN","CSq",150,1000,"large","M4",0.0158801078796387,FALSE,FALSE
"MRGN","CSq",151,50,"small","M0.1",0.00425386428833008,FALSE,FALSE
"MRGN","CSq",152,50,"small","M1.1",0.00711703300476074,FALSE,FALSE
"MRGN","CSq",153,50,"small","M2.1",0.00704407691955566,FALSE,FALSE
"MRGN","CSq",154,50,"small","M3",0.00347185134887695,FALSE,FALSE
"MRGN","CSq",155,50,"small","M4",0.00610184669494629,FALSE,FALSE
"MRGN","CSq",156,150,"small","M0.1",0.00483298301696777,FALSE,FALSE
"MRGN","CSq",157,150,"small","M1.1",0.00417399406433105,FALSE,FALSE
"MRGN","CSq",158,150,"small","M2.1",0.00384998321533203,FALSE,FALSE
"MRGN","CSq",159,150,"small","M3",0.00458288192749023,FALSE,FALSE
"MRGN","CSq",160,150,"small","M4",0.00528597831726074,FALSE,FALSE
"MRGN","CSq",161,300,"small","M0.1",0.00555610656738281,FALSE,FALSE
"MRGN","CSq",162,300,"small","M1.1",0.00488114356994629,FALSE,FALSE
"MRGN","CSq",163,300,"small","M2.1",0.00484490394592285,FALSE,FALSE
"MRGN","CSq",164,300,"small","M3",0.00599908828735352,FALSE,FALSE
"MRGN","CSq",165,300,"small","M4",0.00470709800720215,FALSE,FALSE
"MRGN","CSq",166,670,"small","M0.1",0.0104470252990723,FALSE,FALSE
"MRGN","CSq",167,670,"small","M1.1",0.00915312767028809,FALSE,FALSE
"MRGN","CSq",168,670,"small","M2.1",0.00969290733337402,FALSE,FALSE
"MRGN","CSq",169,670,"small","M3",0.0115399360656738,FALSE,FALSE
"MRGN","CSq",170,670,"small","M4",0.00952696800231934,FALSE,FALSE
"MRGN","CSq",171,1000,"small","M0.1",0.0187630653381348,FALSE,FALSE
"MRGN","CSq",172,1000,"small","M1.1",0.0234670639038086,FALSE,FALSE
"MRGN","CSq",173,1000,"small","M2.1",0.0127439498901367,FALSE,FALSE
"MRGN","CSq",174,1000,"small","M3",0.00548195838928223,FALSE,FALSE
"MRGN","CSq",175,1000,"small","M4",0.0134680271148682,FALSE,FALSE
"MRGN","CSq",176,50,"medium","M0.1",0.00802397727966309,FALSE,FALSE
"MRGN","CSq",177,50,"medium","M1.1",0.00386786460876465,FALSE,FALSE
"MRGN","CSq",178,50,"medium","M2.1",0.00393509864807129,FALSE,FALSE
"MRGN","CSq",179,50,"medium","M3",0.0045170783996582,FALSE,FALSE
"MRGN","CSq",180,50,"medium","M4",0.00433802604675293,FALSE,FALSE
"MRGN","CSq",181,150,"medium","M0.1",0.00402092933654785,FALSE,FALSE
"MRGN","CSq",182,150,"medium","M1.1",0.0045320987701416,FALSE,FALSE
"MRGN","CSq",183,150,"medium","M2.1",0.00812196731567383,FALSE,FALSE
"MRGN","CSq",184,150,"medium","M3",0.00659990310668945,FALSE,FALSE
"MRGN","CSq",185,150,"medium","M4",0.00690293312072754,FALSE,FALSE
"MRGN","CSq",186,300,"medium","M0.1",0.0051119327545166,FALSE,FALSE
"MRGN","CSq",187,300,"medium","M1.1",0.0055999755859375,FALSE,FALSE
"MRGN","CSq",188,300,"medium","M2.1",0.00397014617919922,FALSE,FALSE
"MRGN","CSq",189,300,"medium","M3",0.00469803810119629,FALSE,FALSE
"MRGN","CSq",190,300,"medium","M4",0.00545811653137207,FALSE,FALSE
"MRGN","CSq",191,670,"medium","M0.1",0.00585603713989258,FALSE,FALSE
"MRGN","CSq",192,670,"medium","M1.1",0.0149378776550293,FALSE,FALSE
"MRGN","CSq",193,670,"medium","M2.1",0.0092160701751709,FALSE,FALSE
"MRGN","CSq",194,670,"medium","M3",0.0198500156402588,FALSE,FALSE
"MRGN","CSq",195,670,"medium","M4",0.00577902793884277,FALSE,FALSE
"MRGN","CSq",196,1000,"medium","M0.1",0.0154390335083008,FALSE,FALSE
"MRGN","CSq",197,1000,"medium","M1.1",0.00979804992675781,FALSE,FALSE
"MRGN","CSq",198,1000,"medium","M2.1",0.0108850002288818,FALSE,FALSE
"MRGN","CSq",199,1000,"medium","M3",0.0130388736724854,FALSE,FALSE
"MRGN","CSq",200,1000,"medium","M4",0.0160949230194092,FALSE,FALSE
"MRGN","CSq",201,50,"large","M0.1",0.00397992134094238,FALSE,FALSE
"MRGN","CSq",202,50,"large","M1.1",0.00419497489929199,FALSE,FALSE
"MRGN","CSq",203,50,"large","M2.1",0.0065770149230957,FALSE,FALSE
"MRGN","CSq",204,50,"large","M3",0.00466704368591309,FALSE,FALSE
"MRGN","CSq",205,50,"large","M4",0.00734210014343262,FALSE,FALSE
"MRGN","CSq",206,150,"large","M0.1",0.00822615623474121,FALSE,FALSE
"MRGN","CSq",207,150,"large","M1.1",0.00478315353393555,FALSE,FALSE
"MRGN","CSq",208,150,"large","M2.1",0.00496292114257812,FALSE,FALSE
"MRGN","CSq",209,150,"large","M3",0.00404191017150879,FALSE,FALSE
"MRGN","CSq",210,150,"large","M4",0.00709414482116699,FALSE,FALSE
"MRGN","CSq",211,300,"large","M0.1",0.00554704666137695,FALSE,FALSE
"MRGN","CSq",212,300,"large","M1.1",0.00622892379760742,FALSE,FALSE
"MRGN","CSq",213,300,"large","M2.1",0.00566697120666504,FALSE,FALSE
"MRGN","CSq",214,300,"large","M3",0.0031731128692627,FALSE,FALSE
"MRGN","CSq",215,300,"large","M4",0.00483512878417969,FALSE,FALSE
"MRGN","CSq",216,670,"large","M0.1",0.00845813751220703,FALSE,FALSE
"MRGN","CSq",217,670,"large","M1.1",0.00792813301086426,FALSE,FALSE
"MRGN","CSq",218,670,"large","M2.1",0.00990700721740723,FALSE,FALSE
"MRGN","CSq",219,670,"large","M3",0.0079338550567627,FALSE,FALSE
"MRGN","CSq",220,670,"large","M4",0.0114531517028809,FALSE,FALSE
"MRGN","CSq",221,1000,"large","M0.1",0.00949001312255859,FALSE,FALSE
"MRGN","CSq",222,1000,"large","M1.1",0.0145149230957031,FALSE,FALSE
"MRGN","CSq",223,1000,"large","M2.1",0.013444185256958,FALSE,FALSE
"MRGN","CSq",224,1000,"large","M3",0.00611782073974609,FALSE,FALSE
"MRGN","CSq",225,1000,"large","M4",0.00973391532897949,FALSE,FALSE
"MRGN","CSq",226,50,"small","M0.1",0.00711297988891602,FALSE,FALSE
"MRGN","CSq",227,50,"small","M1.1",0.00707411766052246,FALSE,FALSE
"MRGN","CSq",228,50,"small","M2.1",0.00698685646057129,FALSE,FALSE
"MRGN","CSq",229,50,"small","M3",0.00591897964477539,FALSE,FALSE
"MRGN","CSq",230,50,"small","M4",0.0073540210723877,FALSE,FALSE
"MRGN","CSq",231,150,"small","M0.1",0.00465989112854004,FALSE,FALSE
"MRGN","CSq",232,150,"small","M1.1",0.00775480270385742,FALSE,FALSE
"MRGN","CSq",233,150,"small","M2.1",0.00580000877380371,FALSE,FALSE
"MRGN","CSq",234,150,"small","M3",0.00979518890380859,FALSE,FALSE
"MRGN","CSq",235,150,"small","M4",0.00479412078857422,FALSE,FALSE
"MRGN","CSq",236,300,"small","M0.1",0.00498509407043457,FALSE,FALSE
"MRGN","CSq",237,300,"small","M1.1",0.00395011901855469,FALSE,FALSE
"MRGN","CSq",238,300,"small","M2.1",0.00493812561035156,FALSE,FALSE
"MRGN","CSq",239,300,"small","M3",0.00531196594238281,FALSE,FALSE
"MRGN","CSq",240,300,"small","M4",0.00409698486328125,FALSE,FALSE
"MRGN","CSq",241,670,"small","M0.1",0.0155351161956787,FALSE,FALSE
"MRGN","CSq",242,670,"small","M1.1",0.0196030139923096,FALSE,FALSE
"MRGN","CSq",243,670,"small","M2.1",0.0114660263061523,FALSE,FALSE
"MRGN","CSq",244,670,"small","M3",0.0116240978240967,FALSE,FALSE
"MRGN","CSq",245,670,"small","M4",0.0110599994659424,FALSE,FALSE
"MRGN","CSq",246,1000,"small","M0.1",0.0122888088226318,FALSE,FALSE
"MRGN","CSq",247,1000,"small","M1.1",0.00918102264404297,FALSE,FALSE
"MRGN","CSq",248,1000,"small","M2.1",0.0120220184326172,FALSE,FALSE
"MRGN","CSq",249,1000,"small","M3",0.0144901275634766,FALSE,FALSE
"MRGN","CSq",250,1000,"small","M4",0.0309360027313232,FALSE,FALSE
"MRGN","CSq",251,50,"medium","M0.1",0.00832796096801758,FALSE,FALSE
"MRGN","CSq",252,50,"medium","M1.1",0.00429081916809082,FALSE,FALSE
"MRGN","CSq",253,50,"medium","M2.1",0.00429797172546387,FALSE,FALSE
"MRGN","CSq",254,50,"medium","M3",0.00695085525512695,FALSE,FALSE
"MRGN","CSq",255,50,"medium","M4",0.00408506393432617,FALSE,FALSE
"MRGN","CSq",256,150,"medium","M0.1",0.00494813919067383,FALSE,FALSE
"MRGN","CSq",257,150,"medium","M1.1",0.00427699089050293,FALSE,FALSE
"MRGN","CSq",258,150,"medium","M2.1",0.00847983360290527,FALSE,FALSE
"MRGN","CSq",259,150,"medium","M3",0.00533008575439453,FALSE,FALSE
"MRGN","CSq",260,150,"medium","M4",0.00650691986083984,FALSE,FALSE
"MRGN","CSq",261,300,"medium","M0.1",0.00450015068054199,FALSE,FALSE
"MRGN","CSq",262,300,"medium","M1.1",0.00520205497741699,FALSE,FALSE
"MRGN","CSq",263,300,"medium","M2.1",0.00518298149108887,FALSE,FALSE
"MRGN","CSq",264,300,"medium","M3",0.0050349235534668,FALSE,FALSE
"MRGN","CSq",265,300,"medium","M4",0.00543594360351562,FALSE,FALSE
"MRGN","CSq",266,670,"medium","M0.1",0.00803303718566895,FALSE,FALSE
"MRGN","CSq",267,670,"medium","M1.1",0.0121819972991943,FALSE,FALSE
"MRGN","CSq",268,670,"medium","M2.1",0.0146811008453369,FALSE,FALSE
"MRGN","CSq",269,670,"medium","M3",0.0122299194335938,FALSE,FALSE
"MRGN","CSq",270,670,"medium","M4",0.0112190246582031,FALSE,FALSE
"MRGN","CSq",271,1000,"medium","M0.1",0.0122199058532715,FALSE,FALSE
"MRGN","CSq",272,1000,"medium","M1.1",0.0123138427734375,FALSE,FALSE
"MRGN","CSq",273,1000,"medium","M2.1",0.0223479270935059,FALSE,FALSE
"MRGN","CSq",274,1000,"medium","M3",0.0127050876617432,FALSE,FALSE
"MRGN","CSq",275,1000,"medium","M4",0.0181369781494141,FALSE,FALSE
"MRGN","CSq",276,50,"large","M0.1",0.00412487983703613,FALSE,FALSE
"MRGN","CSq",277,50,"large","M1.1",0.0078120231628418,FALSE,FALSE
"MRGN","CSq",278,50,"large","M2.1",0.00409793853759766,FALSE,FALSE
"MRGN","CSq",279,50,"large","M3",0.00381612777709961,FALSE,FALSE
"MRGN","CSq",280,50,"large","M4",0.00500202178955078,FALSE,FALSE
"MRGN","CSq",281,150,"large","M0.1",0.00413298606872559,FALSE,FALSE
"MRGN","CSq",282,150,"large","M1.1",0.00903797149658203,FALSE,FALSE
"MRGN","CSq",283,150,"large","M2.1",0.00895595550537109,FALSE,FALSE
"MRGN","CSq",284,150,"large","M3",0.00742697715759277,FALSE,FALSE
"MRGN","CSq",285,150,"large","M4",0.00351095199584961,FALSE,FALSE
"MRGN","CSq",286,300,"large","M0.1",0.00319695472717285,FALSE,FALSE
"MRGN","CSq",287,300,"large","M1.1",0.00975394248962402,FALSE,FALSE
"MRGN","CSq",288,300,"large","M2.1",0.0106379985809326,FALSE,FALSE
"MRGN","CSq",289,300,"large","M3",0.0101370811462402,FALSE,FALSE
"MRGN","CSq",290,300,"large","M4",0.00418400764465332,FALSE,FALSE
"MRGN","CSq",291,670,"large","M0.1",0.0101821422576904,FALSE,FALSE
"MRGN","CSq",292,670,"large","M1.1",0.00975489616394043,FALSE,FALSE
"MRGN","CSq",293,670,"large","M2.1",0.0106968879699707,FALSE,FALSE
"MRGN","CSq",294,670,"large","M3",0.00893998146057129,FALSE,FALSE
"MRGN","CSq",295,670,"large","M4",0.0214459896087646,FALSE,FALSE
"MRGN","CSq",296,1000,"large","M0.1",0.011883020401001,FALSE,FALSE
"MRGN","CSq",297,1000,"large","M1.1",0.0114250183105469,FALSE,FALSE
"MRGN","CSq",298,1000,"large","M2.1",0.00980806350708008,FALSE,FALSE
"MRGN","CSq",299,1000,"large","M3",0.0125269889831543,FALSE,FALSE
"MRGN","CSq",300,1000,"large","M4",0.00813388824462891,FALSE,FALSE
"MRGN","CSq",301,50,"small","M0.1",0.00638413429260254,FALSE,FALSE
"MRGN","CSq",302,50,"small","M1.1",0.00505900382995605,FALSE,FALSE
"MRGN","CSq",303,50,"small","M2.1",0.0058140754699707,FALSE,FALSE
"MRGN","CSq",304,50,"small","M3",0.00418686866760254,FALSE,FALSE
"MRGN","CSq",305,50,"small","M4",0.00719499588012695,FALSE,FALSE
"MRGN","CSq",306,150,"small","M0.1",0.00426411628723145,FALSE,FALSE
"MRGN","CSq",307,150,"small","M1.1",0.00465083122253418,FALSE,FALSE
"MRGN","CSq",308,150,"small","M2.1",0.00739884376525879,FALSE,FALSE
"MRGN","CSq",309,150,"small","M3",0.00438404083251953,FALSE,FALSE
"MRGN","CSq",310,150,"small","M4",0.00506401062011719,FALSE,FALSE
"MRGN","CSq",311,300,"small","M0.1",0.00543999671936035,FALSE,FALSE
"MRGN","CSq",312,300,"small","M1.1",0.00547599792480469,FALSE,FALSE
"MRGN","CSq",313,300,"small","M2.1",0.00492191314697266,FALSE,FALSE
"MRGN","CSq",314,300,"small","M3",0.00547003746032715,FALSE,FALSE
"MRGN","CSq",315,300,"small","M4",0.0053861141204834,FALSE,FALSE
"MRGN","CSq",316,670,"small","M0.1",0.0251688957214355,FALSE,FALSE
"MRGN","CSq",317,670,"small","M1.1",0.0207118988037109,FALSE,FALSE
"MRGN","CSq",318,670,"small","M2.1",0.00875687599182129,FALSE,FALSE
"MRGN","CSq",319,670,"small","M3",0.0150070190429688,FALSE,FALSE
"MRGN","CSq",320,670,"small","M4",0.00791788101196289,FALSE,FALSE
"MRGN","CSq",321,1000,"small","M0.1",0.00722098350524902,FALSE,FALSE
"MRGN","CSq",322,1000,"small","M1.1",0.00509810447692871,FALSE,FALSE
"MRGN","CSq",323,1000,"small","M2.1",0.00855302810668945,FALSE,FALSE
"MRGN","CSq",324,1000,"small","M3",0.0071721076965332,FALSE,FALSE
"MRGN","CSq",325,1000,"small","M4",0.0204801559448242,FALSE,FALSE
"MRGN","CSq",326,50,"medium","M0.1",0.00810790061950684,FALSE,FALSE
"MRGN","CSq",327,50,"medium","M1.1",0.00574803352355957,FALSE,FALSE
"MRGN","CSq",328,50,"medium","M2.1",0.00489997863769531,FALSE,FALSE
"MRGN","CSq",329,50,"medium","M3",0.00407505035400391,FALSE,FALSE
"MRGN","CSq",330,50,"medium","M4",0.00483989715576172,FALSE,FALSE
"MRGN","CSq",331,150,"medium","M0.1",0.00790596008300781,FALSE,FALSE
"MRGN","CSq",332,150,"medium","M1.1",0.0119481086730957,FALSE,FALSE
"MRGN","CSq",333,150,"medium","M2.1",0.00418996810913086,FALSE,FALSE
"MRGN","CSq",334,150,"medium","M3",0.00416994094848633,FALSE,FALSE
"MRGN","CSq",335,150,"medium","M4",0.00848793983459473,FALSE,FALSE
"MRGN","CSq",336,300,"medium","M0.1",0.00412082672119141,FALSE,FALSE
"MRGN","CSq",337,300,"medium","M1.1",0.0104210376739502,FALSE,FALSE
"MRGN","CSq",338,300,"medium","M2.1",0.00612092018127441,FALSE,FALSE
"MRGN","CSq",339,300,"medium","M3",0.00666594505310059,FALSE,FALSE
"MRGN","CSq",340,300,"medium","M4",0.00375485420227051,FALSE,FALSE
"MRGN","CSq",341,670,"medium","M0.1",0.00914716720581055,FALSE,FALSE
"MRGN","CSq",342,670,"medium","M1.1",0.0106329917907715,FALSE,FALSE
"MRGN","CSq",343,670,"medium","M2.1",0.0155799388885498,FALSE,FALSE
"MRGN","CSq",344,670,"medium","M3",0.0111110210418701,FALSE,FALSE
"MRGN","CSq",345,670,"medium","M4",0.0211689472198486,FALSE,FALSE
"MRGN","CSq",346,1000,"medium","M0.1",0.00573611259460449,FALSE,FALSE
"MRGN","CSq",347,1000,"medium","M1.1",0.0103979110717773,FALSE,FALSE
"MRGN","CSq",348,1000,"medium","M2.1",0.0126781463623047,FALSE,FALSE
"MRGN","CSq",349,1000,"medium","M3",0.0108909606933594,FALSE,FALSE
"MRGN","CSq",350,1000,"medium","M4",0.00606584548950195,FALSE,FALSE
"MRGN","CSq",351,50,"large","M0.1",0.00453686714172363,FALSE,FALSE
"MRGN","CSq",352,50,"large","M1.1",0.00441813468933105,FALSE,FALSE
"MRGN","CSq",353,50,"large","M2.1",0.00512003898620605,FALSE,FALSE
"MRGN","CSq",354,50,"large","M3",0.00611400604248047,FALSE,FALSE
"MRGN","CSq",355,50,"large","M4",0.004547119140625,FALSE,FALSE
"MRGN","CSq",356,150,"large","M0.1",0.00814700126647949,FALSE,FALSE
"MRGN","CSq",357,150,"large","M1.1",0.00764298439025879,FALSE,FALSE
"MRGN","CSq",358,150,"large","M2.1",0.00524306297302246,FALSE,FALSE
"MRGN","CSq",359,150,"large","M3",0.00702214241027832,FALSE,FALSE
"MRGN","CSq",360,150,"large","M4",0.00422787666320801,FALSE,FALSE
"MRGN","CSq",361,300,"large","M0.1",0.0068209171295166,FALSE,FALSE
"MRGN","CSq",362,300,"large","M1.1",0.0051429271697998,FALSE,FALSE
"MRGN","CSq",363,300,"large","M2.1",0.00339889526367188,FALSE,FALSE
"MRGN","CSq",364,300,"large","M3",0.00536680221557617,FALSE,FALSE
"MRGN","CSq",365,300,"large","M4",0.00493979454040527,FALSE,FALSE
"MRGN","CSq",366,670,"large","M0.1",0.0267410278320312,FALSE,FALSE
"MRGN","CSq",367,670,"large","M1.1",0.00748085975646973,FALSE,FALSE
"MRGN","CSq",368,670,"large","M2.1",0.00905013084411621,FALSE,FALSE
"MRGN","CSq",369,670,"large","M3",0.00837397575378418,FALSE,FALSE
"MRGN","CSq",370,670,"large","M4",0.0090339183807373,FALSE,FALSE
"MRGN","CSq",371,1000,"large","M0.1",0.0118260383605957,FALSE,FALSE
"MRGN","CSq",372,1000,"large","M1.1",0.00943589210510254,FALSE,FALSE
"MRGN","CSq",373,1000,"large","M2.1",0.0150890350341797,FALSE,FALSE
"MRGN","CSq",374,1000,"large","M3",0.00423908233642578,FALSE,FALSE
"MRGN","CSq",375,1000,"large","M4",0.00897789001464844,FALSE,FALSE
"MRGN","CSq",376,50,"small","M0.1",0.00654006004333496,FALSE,FALSE
"MRGN","CSq",377,50,"small","M1.1",0.00884485244750977,FALSE,FALSE
"MRGN","CSq",378,50,"small","M2.1",0.00724196434020996,FALSE,FALSE
"MRGN","CSq",379,50,"small","M3",0.00406599044799805,FALSE,FALSE
"MRGN","CSq",380,50,"small","M4",0.00446581840515137,FALSE,FALSE
"MRGN","CSq",381,150,"small","M0.1",0.00752401351928711,FALSE,FALSE
"MRGN","CSq",382,150,"small","M1.1",0.00748610496520996,FALSE,FALSE
"MRGN","CSq",383,150,"small","M2.1",0.00509405136108398,FALSE,FALSE
"MRGN","CSq",384,150,"small","M3",0.0047299861907959,FALSE,FALSE
"MRGN","CSq",385,150,"small","M4",0.00792193412780762,FALSE,FALSE
"MRGN","CSq",386,300,"small","M0.1",0.00362205505371094,FALSE,FALSE
"MRGN","CSq",387,300,"small","M1.1",0.00507783889770508,FALSE,FALSE
"MRGN","CSq",388,300,"small","M2.1",0.00538182258605957,FALSE,FALSE
"MRGN","CSq",389,300,"small","M3",0.00569987297058105,FALSE,FALSE
"MRGN","CSq",390,300,"small","M4",0.00593113899230957,FALSE,FALSE
"MRGN","CSq",391,670,"small","M0.1",0.0119860172271729,FALSE,FALSE
"MRGN","CSq",392,670,"small","M1.1",0.0120718479156494,FALSE,FALSE
"MRGN","CSq",393,670,"small","M2.1",0.0148098468780518,FALSE,FALSE
"MRGN","CSq",394,670,"small","M3",0.0241110324859619,FALSE,FALSE
"MRGN","CSq",395,670,"small","M4",0.00607705116271973,FALSE,FALSE
"MRGN","CSq",396,1000,"small","M0.1",0.00674700736999512,FALSE,FALSE
"MRGN","CSq",397,1000,"small","M1.1",0.0058281421661377,FALSE,FALSE
"MRGN","CSq",398,1000,"small","M2.1",0.00994300842285156,FALSE,FALSE
"MRGN","CSq",399,1000,"small","M3",0.00853300094604492,FALSE,FALSE
"MRGN","CSq",400,1000,"small","M4",0.0107998847961426,FALSE,FALSE
"MRGN","CSq",401,50,"medium","M0.1",0.00612711906433105,FALSE,FALSE
"MRGN","CSq",402,50,"medium","M1.1",0.00418901443481445,FALSE,FALSE
"MRGN","CSq",403,50,"medium","M2.1",0.00455379486083984,FALSE,FALSE
"MRGN","CSq",404,50,"medium","M3",0.0041651725769043,FALSE,FALSE
"MRGN","CSq",405,50,"medium","M4",0.00407314300537109,FALSE,FALSE
"MRGN","CSq",406,150,"medium","M0.1",0.00408387184143066,FALSE,FALSE
"MRGN","CSq",407,150,"medium","M1.1",0.00683093070983887,FALSE,FALSE
"MRGN","CSq",408,150,"medium","M2.1",0.00888705253601074,FALSE,FALSE
"MRGN","CSq",409,150,"medium","M3",0.00450801849365234,FALSE,FALSE
"MRGN","CSq",410,150,"medium","M4",0.00388216972351074,FALSE,FALSE
"MRGN","CSq",411,300,"medium","M0.1",0.00756692886352539,FALSE,FALSE
"MRGN","CSq",412,300,"medium","M1.1",0.00650715827941895,FALSE,FALSE
"MRGN","CSq",413,300,"medium","M2.1",0.00638604164123535,FALSE,FALSE
"MRGN","CSq",414,300,"medium","M3",0.00622200965881348,FALSE,FALSE
"MRGN","CSq",415,300,"medium","M4",0.00546383857727051,FALSE,FALSE
"MRGN","CSq",416,670,"medium","M0.1",0.00876808166503906,FALSE,FALSE
"MRGN","CSq",417,670,"medium","M1.1",0.00642085075378418,FALSE,FALSE
"MRGN","CSq",418,670,"medium","M2.1",0.00948810577392578,FALSE,FALSE
"MRGN","CSq",419,670,"medium","M3",0.00974297523498535,FALSE,FALSE
"MRGN","CSq",420,670,"medium","M4",0.00819802284240723,FALSE,FALSE
"MRGN","CSq",421,1000,"medium","M0.1",0.00658893585205078,FALSE,FALSE
"MRGN","CSq",422,1000,"medium","M1.1",0.0139129161834717,FALSE,FALSE
"MRGN","CSq",423,1000,"medium","M2.1",0.0104629993438721,FALSE,FALSE
"MRGN","CSq",424,1000,"medium","M3",0.00624203681945801,FALSE,FALSE
"MRGN","CSq",425,1000,"medium","M4",0.0183401107788086,FALSE,FALSE
"MRGN","CSq",426,50,"large","M0.1",0.00545620918273926,FALSE,FALSE
"MRGN","CSq",427,50,"large","M1.1",0.0034019947052002,FALSE,FALSE
"MRGN","CSq",428,50,"large","M2.1",0.00397491455078125,FALSE,FALSE
"MRGN","CSq",429,50,"large","M3",0.00388193130493164,FALSE,FALSE
"MRGN","CSq",430,50,"large","M4",0.00693488121032715,FALSE,FALSE
"MRGN","CSq",431,150,"large","M0.1",0.00392985343933105,FALSE,FALSE
"MRGN","CSq",432,150,"large","M1.1",0.00445294380187988,FALSE,FALSE
"MRGN","CSq",433,150,"large","M2.1",0.00375008583068848,FALSE,FALSE
"MRGN","CSq",434,150,"large","M3",0.00545001029968262,FALSE,FALSE
"MRGN","CSq",435,150,"large","M4",0.00650191307067871,FALSE,FALSE
"MRGN","CSq",436,300,"large","M0.1",0.0042109489440918,FALSE,FALSE
"MRGN","CSq",437,300,"large","M1.1",0.00601792335510254,FALSE,FALSE
"MRGN","CSq",438,300,"large","M2.1",0.00614595413208008,FALSE,FALSE
"MRGN","CSq",439,300,"large","M3",0.00593209266662598,FALSE,FALSE
"MRGN","CSq",440,300,"large","M4",0.00496983528137207,FALSE,FALSE
"MRGN","CSq",441,670,"large","M0.1",0.0106990337371826,FALSE,FALSE
"MRGN","CSq",442,670,"large","M1.1",0.00808000564575195,FALSE,FALSE
"MRGN","CSq",443,670,"large","M2.1",0.0100979804992676,FALSE,FALSE
"MRGN","CSq",444,670,"large","M3",0.0115969181060791,FALSE,FALSE
"MRGN","CSq",445,670,"large","M4",0.00670385360717773,FALSE,FALSE
"MRGN","CSq",446,1000,"large","M0.1",0.0114359855651855,FALSE,FALSE
"MRGN","CSq",447,1000,"large","M1.1",0.00800490379333496,FALSE,FALSE
"MRGN","CSq",448,1000,"large","M2.1",0.00748205184936523,FALSE,FALSE
"MRGN","CSq",449,1000,"large","M3",0.0119719505310059,FALSE,FALSE
"MRGN","CSq",450,1000,"large","M4",0.0137839317321777,FALSE,FALSE
"MRGN","CSq",451,50,"small","M0.1",0.00437402725219727,FALSE,FALSE
"MRGN","CSq",452,50,"small","M1.1",0.00804495811462402,FALSE,FALSE
"MRGN","CSq",453,50,"small","M2.1",0.00442290306091309,FALSE,FALSE
"MRGN","CSq",454,50,"small","M3",0.00426483154296875,FALSE,FALSE
"MRGN","CSq",455,50,"small","M4",0.0038909912109375,FALSE,FALSE
"MRGN","CSq",456,150,"small","M0.1",0.00407004356384277,FALSE,FALSE
"MRGN","CSq",457,150,"small","M1.1",0.00655984878540039,FALSE,FALSE
"MRGN","CSq",458,150,"small","M2.1",0.00579500198364258,FALSE,FALSE
"MRGN","CSq",459,150,"small","M3",0.00389814376831055,FALSE,FALSE
"MRGN","CSq",460,150,"small","M4",0.00705409049987793,FALSE,FALSE
"MRGN","CSq",461,300,"small","M0.1",0.00617885589599609,FALSE,FALSE
"MRGN","CSq",462,300,"small","M1.1",0.00571489334106445,FALSE,FALSE
"MRGN","CSq",463,300,"small","M2.1",0.00651192665100098,FALSE,FALSE
"MRGN","CSq",464,300,"small","M3",0.00324606895446777,FALSE,FALSE
"MRGN","CSq",465,300,"small","M4",0.0057671070098877,FALSE,FALSE
"MRGN","CSq",466,670,"small","M0.1",0.0063941478729248,FALSE,FALSE
"MRGN","CSq",467,670,"small","M1.1",0.0213141441345215,FALSE,FALSE
"MRGN","CSq",468,670,"small","M2.1",0.0127048492431641,FALSE,FALSE
"MRGN","CSq",469,670,"small","M3",0.00701284408569336,FALSE,FALSE
"MRGN","CSq",470,670,"small","M4",0.00889992713928223,FALSE,FALSE
"MRGN","CSq",471,1000,"small","M0.1",0.0174720287322998,FALSE,FALSE
"MRGN","CSq",472,1000,"small","M1.1",0.0158751010894775,FALSE,FALSE
"MRGN","CSq",473,1000,"small","M2.1",0.0281989574432373,FALSE,FALSE
"MRGN","CSq",474,1000,"small","M3",0.0122089385986328,FALSE,FALSE
"MRGN","CSq",475,1000,"small","M4",0.00964498519897461,FALSE,FALSE
"MRGN","CSq",476,50,"medium","M0.1",0.00465703010559082,FALSE,FALSE
"MRGN","CSq",477,50,"medium","M1.1",0.00450682640075684,FALSE,FALSE
"MRGN","CSq",478,50,"medium","M2.1",0.00417804718017578,FALSE,FALSE
"MRGN","CSq",479,50,"medium","M3",0.00456500053405762,FALSE,FALSE
"MRGN","CSq",480,50,"medium","M4",0.0046379566192627,FALSE,FALSE
"MRGN","CSq",481,150,"medium","M0.1",0.00348997116088867,FALSE,FALSE
"MRGN","CSq",482,150,"medium","M1.1",0.0046241283416748,FALSE,FALSE
"MRGN","CSq",483,150,"medium","M2.1",0.00616908073425293,FALSE,FALSE
"MRGN","CSq",484,150,"medium","M3",0.00512599945068359,FALSE,FALSE
"MRGN","CSq",485,150,"medium","M4",0.00920605659484863,FALSE,FALSE
"MRGN","CSq",486,300,"medium","M0.1",0.00545907020568848,FALSE,FALSE
"MRGN","CSq",487,300,"medium","M1.1",0.00692200660705566,FALSE,FALSE
"MRGN","CSq",488,300,"medium","M2.1",0.00649213790893555,FALSE,FALSE
"MRGN","CSq",489,300,"medium","M3",0.00582718849182129,FALSE,FALSE
"MRGN","CSq",490,300,"medium","M4",0.00563883781433105,FALSE,FALSE
"MRGN","CSq",491,670,"medium","M0.1",0.00867009162902832,FALSE,FALSE
"MRGN","CSq",492,670,"medium","M1.1",0.00687980651855469,FALSE,FALSE
"MRGN","CSq",493,670,"medium","M2.1",0.0109691619873047,FALSE,FALSE
"MRGN","CSq",494,670,"medium","M3",0.00953912734985352,FALSE,FALSE
"MRGN","CSq",495,670,"medium","M4",0.00959086418151855,FALSE,FALSE
"MRGN","CSq",496,1000,"medium","M0.1",0.0126280784606934,FALSE,FALSE
"MRGN","CSq",497,1000,"medium","M1.1",0.0165920257568359,FALSE,FALSE
"MRGN","CSq",498,1000,"medium","M2.1",0.0126330852508545,FALSE,FALSE
"MRGN","CSq",499,1000,"medium","M3",0.0122339725494385,FALSE,FALSE
"MRGN","CSq",500,1000,"medium","M4",0.00795578956604004,FALSE,FALSE
"MRGN","CSq",501,50,"large","M0.1",0.00409197807312012,FALSE,FALSE
"MRGN","CSq",502,50,"large","M1.1",0.0038001537322998,FALSE,FALSE
"MRGN","CSq",503,50,"large","M2.1",0.00674295425415039,FALSE,FALSE
"MRGN","CSq",504,50,"large","M3",0.0042259693145752,FALSE,FALSE
"MRGN","CSq",505,50,"large","M4",0.0046539306640625,FALSE,FALSE
"MRGN","CSq",506,150,"large","M0.1",0.00425314903259277,FALSE,FALSE
"MRGN","CSq",507,150,"large","M1.1",0.00472688674926758,FALSE,FALSE
"MRGN","CSq",508,150,"large","M2.1",0.00927996635437012,FALSE,FALSE
"MRGN","CSq",509,150,"large","M3",0.00901007652282715,FALSE,FALSE
"MRGN","CSq",510,150,"large","M4",0.0055840015411377,FALSE,FALSE
"MRGN","CSq",511,300,"large","M0.1",0.00621294975280762,FALSE,FALSE
"MRGN","CSq",512,300,"large","M1.1",0.0120019912719727,FALSE,FALSE
"MRGN","CSq",513,300,"large","M2.1",0.0104210376739502,FALSE,FALSE
"MRGN","CSq",514,300,"large","M3",0.010883092880249,FALSE,FALSE
"MRGN","CSq",515,300,"large","M4",0.00911784172058105,FALSE,FALSE
"MRGN","CSq",516,670,"large","M0.1",0.00729894638061523,FALSE,FALSE
"MRGN","CSq",517,670,"large","M1.1",0.0101020336151123,FALSE,FALSE
"MRGN","CSq",518,670,"large","M2.1",0.0118570327758789,FALSE,FALSE
"MRGN","CSq",519,670,"large","M3",0.00935006141662598,FALSE,FALSE
"MRGN","CSq",520,670,"large","M4",0.00888180732727051,FALSE,FALSE
"MRGN","CSq",521,1000,"large","M0.1",0.0074310302734375,FALSE,FALSE
"MRGN","CSq",522,1000,"large","M1.1",0.00334882736206055,FALSE,FALSE
"MRGN","CSq",523,1000,"large","M2.1",0.0096290111541748,FALSE,FALSE
"MRGN","CSq",524,1000,"large","M3",0.0115859508514404,FALSE,FALSE
"MRGN","CSq",525,1000,"large","M4",0.00959920883178711,FALSE,FALSE
"MRGN","CSq",526,50,"small","M0.1",0.00614500045776367,FALSE,FALSE
"MRGN","CSq",527,50,"small","M1.1",0.007904052734375,FALSE,FALSE
"MRGN","CSq",528,50,"small","M2.1",0.007904052734375,FALSE,FALSE
"MRGN","CSq",529,50,"small","M3",0.00411415100097656,FALSE,FALSE
"MRGN","CSq",530,50,"small","M4",0.0139021873474121,FALSE,FALSE
"MRGN","CSq",531,150,"small","M0.1",0.0164031982421875,FALSE,FALSE
"MRGN","CSq",532,150,"small","M1.1",0.00515294075012207,FALSE,FALSE
"MRGN","CSq",533,150,"small","M2.1",0.00775909423828125,FALSE,FALSE
"MRGN","CSq",534,150,"small","M3",0.00794386863708496,FALSE,FALSE
"MRGN","CSq",535,150,"small","M4",0.00474119186401367,FALSE,FALSE
"MRGN","CSq",536,300,"small","M0.1",0.00572490692138672,FALSE,FALSE
"MRGN","CSq",537,300,"small","M1.1",0.00594592094421387,FALSE,FALSE
"MRGN","CSq",538,300,"small","M2.1",0.00277590751647949,FALSE,FALSE
"MRGN","CSq",539,300,"small","M3",0.00541496276855469,FALSE,FALSE
"MRGN","CSq",540,300,"small","M4",0.00506782531738281,FALSE,FALSE
"MRGN","CSq",541,670,"small","M0.1",0.0128028392791748,FALSE,FALSE
"MRGN","CSq",542,670,"small","M1.1",0.022554874420166,FALSE,FALSE
"MRGN","CSq",543,670,"small","M2.1",0.0109889507293701,FALSE,FALSE
"MRGN","CSq",544,670,"small","M3",0.0116860866546631,FALSE,FALSE
"MRGN","CSq",545,670,"small","M4",0.0119278430938721,FALSE,FALSE
"MRGN","CSq",546,1000,"small","M0.1",0.0166079998016357,FALSE,FALSE
"MRGN","CSq",547,1000,"small","M1.1",0.0214159488677979,FALSE,FALSE
"MRGN","CSq",548,1000,"small","M2.1",0.00991392135620117,FALSE,FALSE
"MRGN","CSq",549,1000,"small","M3",0.0079658031463623,FALSE,FALSE
"MRGN","CSq",550,1000,"small","M4",0.00729894638061523,FALSE,FALSE
"MRGN","CSq",551,50,"medium","M0.1",0.00433588027954102,FALSE,FALSE
"MRGN","CSq",552,50,"medium","M1.1",0.00452303886413574,FALSE,FALSE
"MRGN","CSq",553,50,"medium","M2.1",0.00405597686767578,FALSE,FALSE
"MRGN","CSq",554,50,"medium","M3",0.00399279594421387,FALSE,FALSE
"MRGN","CSq",555,50,"medium","M4",0.0196609497070312,FALSE,FALSE
"MRGN","CSq",556,150,"medium","M0.1",0.00428414344787598,FALSE,FALSE
"MRGN","CSq",557,150,"medium","M1.1",0.00450706481933594,FALSE,FALSE
"MRGN","CSq",558,150,"medium","M2.1",0.00674605369567871,FALSE,FALSE
"MRGN","CSq",559,150,"medium","M3",0.00565099716186523,FALSE,FALSE
"MRGN","CSq",560,150,"medium","M4",0.0077970027923584,FALSE,FALSE
"MRGN","CSq",561,300,"medium","M0.1",0.00519800186157227,FALSE,FALSE
"MRGN","CSq",562,300,"medium","M1.1",0.0063631534576416,FALSE,FALSE
"MRGN","CSq",563,300,"medium","M2.1",0.00610208511352539,FALSE,FALSE
"MRGN","CSq",564,300,"medium","M3",0.00555586814880371,FALSE,FALSE
"MRGN","CSq",565,300,"medium","M4",0.00267386436462402,FALSE,FALSE
"MRGN","CSq",566,670,"medium","M0.1",0.00865411758422852,FALSE,FALSE
"MRGN","CSq",567,670,"medium","M1.1",0.0094609260559082,FALSE,FALSE
"MRGN","CSq",568,670,"medium","M2.1",0.0230939388275146,FALSE,FALSE
"MRGN","CSq",569,670,"medium","M3",0.0137410163879395,FALSE,FALSE
"MRGN","CSq",570,670,"medium","M4",0.0163311958312988,FALSE,FALSE
"MRGN","CSq",571,1000,"medium","M0.1",0.00631308555603027,FALSE,FALSE
"MRGN","CSq",572,1000,"medium","M1.1",0.00909900665283203,FALSE,FALSE
"MRGN","CSq",573,1000,"medium","M2.1",0.00726413726806641,FALSE,FALSE
"MRGN","CSq",574,1000,"medium","M3",0.014664888381958,FALSE,FALSE
"MRGN","CSq",575,1000,"medium","M4",0.00950503349304199,FALSE,FALSE
"MRGN","CSq",576,50,"large","M0.1",0.00390100479125977,FALSE,FALSE
"MRGN","CSq",577,50,"large","M1.1",0.00791621208190918,FALSE,FALSE
"MRGN","CSq",578,50,"large","M2.1",0.00887894630432129,FALSE,FALSE
"MRGN","CSq",579,50,"large","M3",0.00807094573974609,FALSE,FALSE
"MRGN","CSq",580,50,"large","M4",0.00463700294494629,FALSE,FALSE
"MRGN","CSq",581,150,"large","M0.1",0.00825405120849609,FALSE,FALSE
"MRGN","CSq",582,150,"large","M1.1",0.00787711143493652,FALSE,FALSE
"MRGN","CSq",583,150,"large","M2.1",0.00465703010559082,FALSE,FALSE
"MRGN","CSq",584,150,"large","M3",0.00877881050109863,FALSE,FALSE
"MRGN","CSq",585,150,"large","M4",0.0100510120391846,FALSE,FALSE
"MRGN","CSq",586,300,"large","M0.1",0.00539088249206543,FALSE,FALSE
"MRGN","CSq",587,300,"large","M1.1",0.00563502311706543,FALSE,FALSE
"MRGN","CSq",588,300,"large","M2.1",0.00269603729248047,FALSE,FALSE
"MRGN","CSq",589,300,"large","M3",0.00631904602050781,FALSE,FALSE
"MRGN","CSq",590,300,"large","M4",0.00476408004760742,FALSE,FALSE
"MRGN","CSq",591,670,"large","M0.1",0.0092921257019043,FALSE,FALSE
"MRGN","CSq",592,670,"large","M1.1",0.00443005561828613,FALSE,FALSE
"MRGN","CSq",593,670,"large","M2.1",0.0106029510498047,FALSE,FALSE
"MRGN","CSq",594,670,"large","M3",0.0101768970489502,FALSE,FALSE
"MRGN","CSq",595,670,"large","M4",0.00987386703491211,FALSE,FALSE
"MRGN","CSq",596,1000,"large","M0.1",0.00795102119445801,FALSE,FALSE
"MRGN","CSq",597,1000,"large","M1.1",0.00723505020141602,FALSE,FALSE
"MRGN","CSq",598,1000,"large","M2.1",0.010206937789917,FALSE,FALSE
"MRGN","CSq",599,1000,"large","M3",0.0126430988311768,FALSE,FALSE
"MRGN","CSq",600,1000,"large","M4",0.0200128555297852,FALSE,FALSE
"MRGN","CSq",601,50,"small","M0.1",0.00679707527160645,FALSE,FALSE
"MRGN","CSq",602,50,"small","M1.1",0.00413203239440918,FALSE,FALSE
"MRGN","CSq",603,50,"small","M2.1",0.00399088859558105,FALSE,FALSE
"MRGN","CSq",604,50,"small","M3",0.00420904159545898,FALSE,FALSE
"MRGN","CSq",605,50,"small","M4",0.00620698928833008,FALSE,FALSE
"MRGN","CSq",606,150,"small","M0.1",0.00851702690124512,FALSE,FALSE
"MRGN","CSq",607,150,"small","M1.1",0.00570392608642578,FALSE,FALSE
"MRGN","CSq",608,150,"small","M2.1",0.00504589080810547,FALSE,FALSE
"MRGN","CSq",609,150,"small","M3",0.00460290908813477,FALSE,FALSE
"MRGN","CSq",610,150,"small","M4",0.00399518013000488,FALSE,FALSE
"MRGN","CSq",611,300,"small","M0.1",0.00601696968078613,FALSE,FALSE
"MRGN","CSq",612,300,"small","M1.1",0.00594496726989746,FALSE,FALSE
"MRGN","CSq",613,300,"small","M2.1",0.00629806518554688,FALSE,FALSE
"MRGN","CSq",614,300,"small","M3",0.00655698776245117,FALSE,FALSE
"MRGN","CSq",615,300,"small","M4",0.00494003295898438,FALSE,FALSE
"MRGN","CSq",616,670,"small","M0.1",0.0114560127258301,FALSE,FALSE
"MRGN","CSq",617,670,"small","M1.1",0.019277811050415,FALSE,FALSE
"MRGN","CSq",618,670,"small","M2.1",0.0117020606994629,FALSE,FALSE
"MRGN","CSq",619,670,"small","M3",0.0100910663604736,FALSE,FALSE
"MRGN","CSq",620,670,"small","M4",0.0199029445648193,FALSE,FALSE
"MRGN","CSq",621,1000,"small","M0.1",0.0139739513397217,FALSE,FALSE
"MRGN","CSq",622,1000,"small","M1.1",0.0189850330352783,FALSE,FALSE
"MRGN","CSq",623,1000,"small","M2.1",0.0137040615081787,FALSE,FALSE
"MRGN","CSq",624,1000,"small","M3",0.0157871246337891,FALSE,FALSE
"MRGN","CSq",625,1000,"small","M4",0.00746679306030273,FALSE,FALSE
"MRGN","CSq",626,50,"medium","M0.1",0.0043179988861084,FALSE,FALSE
"MRGN","CSq",627,50,"medium","M1.1",0.00659298896789551,FALSE,FALSE
"MRGN","CSq",628,50,"medium","M2.1",0.0072629451751709,FALSE,FALSE
"MRGN","CSq",629,50,"medium","M3",0.00405478477478027,FALSE,FALSE
"MRGN","CSq",630,50,"medium","M4",0.0045928955078125,FALSE,FALSE
"MRGN","CSq",631,150,"medium","M0.1",0.0043950080871582,FALSE,FALSE
"MRGN","CSq",632,150,"medium","M1.1",0.00645112991333008,FALSE,FALSE
"MRGN","CSq",633,150,"medium","M2.1",0.0062258243560791,FALSE,FALSE
"MRGN","CSq",634,150,"medium","M3",0.00520706176757812,FALSE,FALSE
"MRGN","CSq",635,150,"medium","M4",0.00563287734985352,FALSE,FALSE
"MRGN","CSq",636,300,"medium","M0.1",0.00232696533203125,FALSE,FALSE
"MRGN","CSq",637,300,"medium","M1.1",0.00478601455688477,FALSE,FALSE
"MRGN","CSq",638,300,"medium","M2.1",0.00524091720581055,FALSE,FALSE
"MRGN","CSq",639,300,"medium","M3",0.00469589233398438,FALSE,FALSE
"MRGN","CSq",640,300,"medium","M4",0.00513315200805664,FALSE,FALSE
"MRGN","CSq",641,670,"medium","M0.1",0.0171830654144287,FALSE,FALSE
"MRGN","CSq",642,670,"medium","M1.1",0.0150871276855469,FALSE,FALSE
"MRGN","CSq",643,670,"medium","M2.1",0.0136749744415283,FALSE,FALSE
"MRGN","CSq",644,670,"medium","M3",0.256700038909912,FALSE,FALSE
"MRGN","CSq",645,670,"medium","M4",0.00760912895202637,FALSE,FALSE
"MRGN","CSq",646,1000,"medium","M0.1",0.0116829872131348,FALSE,FALSE
"MRGN","CSq",647,1000,"medium","M1.1",0.00395798683166504,FALSE,FALSE
"MRGN","CSq",648,1000,"medium","M2.1",0.010653018951416,FALSE,FALSE
"MRGN","CSq",649,1000,"medium","M3",0.0132410526275635,FALSE,FALSE
"MRGN","CSq",650,1000,"medium","M4",0.0152380466461182,FALSE,FALSE
"MRGN","CSq",651,50,"large","M0.1",0.00680112838745117,FALSE,FALSE
"MRGN","CSq",652,50,"large","M1.1",0.00404906272888184,FALSE,FALSE
"MRGN","CSq",653,50,"large","M2.1",0.00383615493774414,FALSE,FALSE
"MRGN","CSq",654,50,"large","M3",0.00618100166320801,FALSE,FALSE
"MRGN","CSq",655,50,"large","M4",0.00465106964111328,FALSE,FALSE
"MRGN","CSq",656,150,"large","M0.1",0.00448298454284668,FALSE,FALSE
"MRGN","CSq",657,150,"large","M1.1",0.0049290657043457,FALSE,FALSE
"MRGN","CSq",658,150,"large","M2.1",0.00467109680175781,FALSE,FALSE
"MRGN","CSq",659,150,"large","M3",0.00485801696777344,FALSE,FALSE
"MRGN","CSq",660,150,"large","M4",0.00524997711181641,FALSE,FALSE
"MRGN","CSq",661,300,"large","M0.1",0.00441193580627441,FALSE,FALSE
"MRGN","CSq",662,300,"large","M1.1",0.00576281547546387,FALSE,FALSE
"MRGN","CSq",663,300,"large","M2.1",0.00718402862548828,FALSE,FALSE
"MRGN","CSq",664,300,"large","M3",0.00553512573242188,FALSE,FALSE
"MRGN","CSq",665,300,"large","M4",0.00622797012329102,FALSE,FALSE
"MRGN","CSq",666,670,"large","M0.1",0.00753879547119141,FALSE,FALSE
"MRGN","CSq",667,670,"large","M1.1",0.0121200084686279,FALSE,FALSE
"MRGN","CSq",668,670,"large","M2.1",0.00807309150695801,FALSE,FALSE
"MRGN","CSq",669,670,"large","M3",0.0116689205169678,FALSE,FALSE
"MRGN","CSq",670,670,"large","M4",0.00627398490905762,FALSE,FALSE
"MRGN","CSq",671,1000,"large","M0.1",0.00814008712768555,FALSE,FALSE
"MRGN","CSq",672,1000,"large","M1.1",0.00550103187561035,FALSE,FALSE
"MRGN","CSq",673,1000,"large","M2.1",0.00607705116271973,FALSE,FALSE
"MRGN","CSq",674,1000,"large","M3",0.0113539695739746,FALSE,FALSE
"MRGN","CSq",675,1000,"large","M4",0.0115799903869629,FALSE,FALSE
"MRGN","CSq",676,50,"small","M0.1",0.00655698776245117,FALSE,FALSE
"MRGN","CSq",677,50,"small","M1.1",0.00458002090454102,FALSE,FALSE
"MRGN","CSq",678,50,"small","M2.1",0.00807094573974609,FALSE,FALSE
"MRGN","CSq",679,50,"small","M3",0.00831699371337891,FALSE,FALSE
"MRGN","CSq",680,50,"small","M4",0.00847506523132324,FALSE,FALSE
"MRGN","CSq",681,150,"small","M0.1",0.00866198539733887,FALSE,FALSE
"MRGN","CSq",682,150,"small","M1.1",0.00452613830566406,FALSE,FALSE
"MRGN","CSq",683,150,"small","M2.1",0.00848197937011719,FALSE,FALSE
"MRGN","CSq",684,150,"small","M3",0.00480198860168457,FALSE,FALSE
"MRGN","CSq",685,150,"small","M4",0.00521612167358398,FALSE,FALSE
"MRGN","CSq",686,300,"small","M0.1",0.00319194793701172,FALSE,FALSE
"MRGN","CSq",687,300,"small","M1.1",0.0051569938659668,FALSE,FALSE
"MRGN","CSq",688,300,"small","M2.1",0.00556397438049316,FALSE,FALSE
"MRGN","CSq",689,300,"small","M3",0.00878095626831055,FALSE,FALSE
"MRGN","CSq",690,300,"small","M4",0.00637006759643555,FALSE,FALSE
"MRGN","CSq",691,670,"small","M0.1",0.00596404075622559,FALSE,FALSE
"MRGN","CSq",692,670,"small","M1.1",0.00575590133666992,FALSE,FALSE
"MRGN","CSq",693,670,"small","M2.1",0.00741887092590332,FALSE,FALSE
"MRGN","CSq",694,670,"small","M3",0.0127029418945312,FALSE,FALSE
"MRGN","CSq",695,670,"small","M4",0.00902485847473145,FALSE,FALSE
"MRGN","CSq",696,1000,"small","M0.1",0.012099027633667,FALSE,FALSE
"MRGN","CSq",697,1000,"small","M1.1",0.0085599422454834,FALSE,FALSE
"MRGN","CSq",698,1000,"small","M2.1",0.00473189353942871,FALSE,FALSE
"MRGN","CSq",699,1000,"small","M3",0.011803150177002,FALSE,FALSE
"MRGN","CSq",700,1000,"small","M4",0.00944113731384277,FALSE,FALSE
"MRGN","CSq",701,50,"medium","M0.1",0.00704097747802734,FALSE,FALSE
"MRGN","CSq",702,50,"medium","M1.1",0.00388097763061523,FALSE,FALSE
"MRGN","CSq",703,50,"medium","M2.1",0.0039830207824707,FALSE,FALSE
"MRGN","CSq",704,50,"medium","M3",0.004180908203125,FALSE,FALSE
"MRGN","CSq",705,50,"medium","M4",0.00413990020751953,FALSE,FALSE
"MRGN","CSq",706,150,"medium","M0.1",0.00428414344787598,FALSE,FALSE
"MRGN","CSq",707,150,"medium","M1.1",0.00389885902404785,FALSE,FALSE
"MRGN","CSq",708,150,"medium","M2.1",0.00606203079223633,FALSE,FALSE
"MRGN","CSq",709,150,"medium","M3",0.00475406646728516,FALSE,FALSE
"MRGN","CSq",710,150,"medium","M4",0.00699782371520996,FALSE,FALSE
"MRGN","CSq",711,300,"medium","M0.1",0.0118820667266846,FALSE,FALSE
"MRGN","CSq",712,300,"medium","M1.1",0.0106887817382812,FALSE,FALSE
"MRGN","CSq",713,300,"medium","M2.1",0.0094611644744873,FALSE,FALSE
"MRGN","CSq",714,300,"medium","M3",0.00479698181152344,FALSE,FALSE
"MRGN","CSq",715,300,"medium","M4",0.00417900085449219,FALSE,FALSE
"MRGN","CSq",716,670,"medium","M0.1",0.00436091423034668,FALSE,FALSE
"MRGN","CSq",717,670,"medium","M1.1",0.00914287567138672,FALSE,FALSE
"MRGN","CSq",718,670,"medium","M2.1",0.0055549144744873,FALSE,FALSE
"MRGN","CSq",719,670,"medium","M3",0.00702285766601562,FALSE,FALSE
"MRGN","CSq",720,670,"medium","M4",0.0088188648223877,FALSE,FALSE
"MRGN","CSq",721,1000,"medium","M0.1",0.00775694847106934,FALSE,FALSE
"MRGN","CSq",722,1000,"medium","M1.1",0.0212728977203369,FALSE,FALSE
"MRGN","CSq",723,1000,"medium","M2.1",0.0188648700714111,FALSE,FALSE
"MRGN","CSq",724,1000,"medium","M3",0.00695705413818359,FALSE,FALSE
"MRGN","CSq",725,1000,"medium","M4",0.0114490985870361,FALSE,FALSE
"MRGN","CSq",726,50,"large","M0.1",0.00726985931396484,FALSE,FALSE
"MRGN","CSq",727,50,"large","M1.1",0.00400805473327637,FALSE,FALSE
"MRGN","CSq",728,50,"large","M2.1",0.00711488723754883,FALSE,FALSE
"MRGN","CSq",729,50,"large","M3",0.0137860774993896,FALSE,FALSE
"MRGN","CSq",730,50,"large","M4",0.00718998908996582,FALSE,FALSE
"MRGN","CSq",731,150,"large","M0.1",0.00490593910217285,FALSE,FALSE
"MRGN","CSq",732,150,"large","M1.1",0.00413918495178223,FALSE,FALSE
"MRGN","CSq",733,150,"large","M2.1",0.00813388824462891,FALSE,FALSE
"MRGN","CSq",734,150,"large","M3",0.00426197052001953,FALSE,FALSE
"MRGN","CSq",735,150,"large","M4",0.007904052734375,FALSE,FALSE
"MRGN","CSq",736,300,"large","M0.1",0.00721096992492676,FALSE,FALSE
"MRGN","CSq",737,300,"large","M1.1",0.0122368335723877,FALSE,FALSE
"MRGN","CSq",738,300,"large","M2.1",0.00904703140258789,FALSE,FALSE
"MRGN","CSq",739,300,"large","M3",0.00756502151489258,FALSE,FALSE
"MRGN","CSq",740,300,"large","M4",0.00798392295837402,FALSE,FALSE
"MRGN","CSq",741,670,"large","M0.1",0.00533699989318848,FALSE,FALSE
"MRGN","CSq",742,670,"large","M1.1",0.00495004653930664,FALSE,FALSE
"MRGN","CSq",743,670,"large","M2.1",0.0112428665161133,FALSE,FALSE
"MRGN","CSq",744,670,"large","M3",0.00635695457458496,FALSE,FALSE
"MRGN","CSq",745,670,"large","M4",0.0123281478881836,FALSE,FALSE
"MRGN","CSq",746,1000,"large","M0.1",0.00731587409973145,FALSE,FALSE
"MRGN","CSq",747,1000,"large","M1.1",0.0136828422546387,FALSE,FALSE
"MRGN","CSq",748,1000,"large","M2.1",0.0129570960998535,FALSE,FALSE
"MRGN","CSq",749,1000,"large","M3",0.00737690925598145,FALSE,FALSE
"MRGN","CSq",750,1000,"large","M4",0.00503301620483398,FALSE,FALSE
"MRGN","CSq",751,50,"small","M0.1",0.00438714027404785,FALSE,FALSE
"MRGN","CSq",752,50,"small","M1.1",0.00346708297729492,FALSE,FALSE
"MRGN","CSq",753,50,"small","M2.1",0.00699687004089355,FALSE,FALSE
"MRGN","CSq",754,50,"small","M3",0.00430011749267578,FALSE,FALSE
"MRGN","CSq",755,50,"small","M4",0.00430107116699219,FALSE,FALSE
"MRGN","CSq",756,150,"small","M0.1",0.0082399845123291,FALSE,FALSE
"MRGN","CSq",757,150,"small","M1.1",0.00770401954650879,FALSE,FALSE
"MRGN","CSq",758,150,"small","M2.1",0.00525498390197754,FALSE,FALSE
"MRGN","CSq",759,150,"small","M3",0.00770902633666992,FALSE,FALSE
"MRGN","CSq",760,150,"small","M4",0.00449705123901367,FALSE,FALSE
"MRGN","CSq",761,300,"small","M0.1",0.00433778762817383,FALSE,FALSE
"MRGN","CSq",762,300,"small","M1.1",0.00705289840698242,FALSE,FALSE
"MRGN","CSq",763,300,"small","M2.1",0.00793004035949707,FALSE,FALSE
"MRGN","CSq",764,300,"small","M3",0.010347843170166,FALSE,FALSE
"MRGN","CSq",765,300,"small","M4",0.00493717193603516,FALSE,FALSE
"MRGN","CSq",766,670,"small","M0.1",0.00672197341918945,FALSE,FALSE
"MRGN","CSq",767,670,"small","M1.1",0.0115878582000732,FALSE,FALSE
"MRGN","CSq",768,670,"small","M2.1",0.0102930068969727,FALSE,FALSE
"MRGN","CSq",769,670,"small","M3",0.0214948654174805,FALSE,FALSE
"MRGN","CSq",770,670,"small","M4",0.0101509094238281,FALSE,FALSE
"MRGN","CSq",771,1000,"small","M0.1",0.00533509254455566,FALSE,FALSE
"MRGN","CSq",772,1000,"small","M1.1",0.00787901878356934,FALSE,FALSE
"MRGN","CSq",773,1000,"small","M2.1",0.0103669166564941,FALSE,FALSE
"MRGN","CSq",774,1000,"small","M3",0.0128729343414307,FALSE,FALSE
"MRGN","CSq",775,1000,"small","M4",0.0146510601043701,FALSE,FALSE
"MRGN","CSq",776,50,"medium","M0.1",0.00710797309875488,FALSE,FALSE
"MRGN","CSq",777,50,"medium","M1.1",0.00796103477478027,FALSE,FALSE
"MRGN","CSq",778,50,"medium","M2.1",0.00708794593811035,FALSE,FALSE
"MRGN","CSq",779,50,"medium","M3",0.00499701499938965,FALSE,FALSE
"MRGN","CSq",780,50,"medium","M4",0.00738811492919922,FALSE,FALSE
"MRGN","CSq",781,150,"medium","M0.1",0.00482702255249023,FALSE,FALSE
"MRGN","CSq",782,150,"medium","M1.1",0.00430083274841309,FALSE,FALSE
"MRGN","CSq",783,150,"medium","M2.1",0.00489115715026855,FALSE,FALSE
"MRGN","CSq",784,150,"medium","M3",0.00413012504577637,FALSE,FALSE
"MRGN","CSq",785,150,"medium","M4",0.00455188751220703,FALSE,FALSE
"MRGN","CSq",786,300,"medium","M0.1",0.00643205642700195,FALSE,FALSE
"MRGN","CSq",787,300,"medium","M1.1",0.0031120777130127,FALSE,FALSE
"MRGN","CSq",788,300,"medium","M2.1",0.00409984588623047,FALSE,FALSE
"MRGN","CSq",789,300,"medium","M3",0.00595903396606445,FALSE,FALSE
"MRGN","CSq",790,300,"medium","M4",0.00277614593505859,FALSE,FALSE
"MRGN","CSq",791,670,"medium","M0.1",0.0105290412902832,FALSE,FALSE
"MRGN","CSq",792,670,"medium","M1.1",0.0207819938659668,FALSE,FALSE
"MRGN","CSq",793,670,"medium","M2.1",0.019597053527832,FALSE,FALSE
"MRGN","CSq",794,670,"medium","M3",0.0147290229797363,FALSE,FALSE
"MRGN","CSq",795,670,"medium","M4",0.0119330883026123,FALSE,FALSE
"MRGN","CSq",796,1000,"medium","M0.1",0.00680303573608398,FALSE,FALSE
"MRGN","CSq",797,1000,"medium","M1.1",0.00920796394348145,FALSE,FALSE
"MRGN","CSq",798,1000,"medium","M2.1",0.0159778594970703,FALSE,FALSE
"MRGN","CSq",799,1000,"medium","M3",0.0148379802703857,FALSE,FALSE
"MRGN","CSq",800,1000,"medium","M4",0.00770902633666992,FALSE,FALSE
"MRGN","CSq",801,50,"large","M0.1",0.00620603561401367,FALSE,FALSE
"MRGN","CSq",802,50,"large","M1.1",0.00480914115905762,FALSE,FALSE
"MRGN","CSq",803,50,"large","M2.1",0.00411510467529297,FALSE,FALSE
"MRGN","CSq",804,50,"large","M3",0.00350093841552734,FALSE,FALSE
"MRGN","CSq",805,50,"large","M4",0.00769615173339844,FALSE,FALSE
"MRGN","CSq",806,150,"large","M0.1",0.00470519065856934,FALSE,FALSE
"MRGN","CSq",807,150,"large","M1.1",0.00419187545776367,FALSE,FALSE
"MRGN","CSq",808,150,"large","M2.1",0.00420999526977539,FALSE,FALSE
"MRGN","CSq",809,150,"large","M3",0.00420093536376953,FALSE,FALSE
"MRGN","CSq",810,150,"large","M4",0.00458097457885742,FALSE,FALSE
"MRGN","CSq",811,300,"large","M0.1",0.00648403167724609,FALSE,FALSE
"MRGN","CSq",812,300,"large","M1.1",0.00580906867980957,FALSE,FALSE
"MRGN","CSq",813,300,"large","M2.1",0.00610899925231934,FALSE,FALSE
"MRGN","CSq",814,300,"large","M3",0.00957298278808594,FALSE,FALSE
"MRGN","CSq",815,300,"large","M4",0.0122079849243164,FALSE,FALSE
"MRGN","CSq",816,670,"large","M0.1",0.0152430534362793,FALSE,FALSE
"MRGN","CSq",817,670,"large","M1.1",0.0216560363769531,FALSE,FALSE
"MRGN","CSq",818,670,"large","M2.1",0.0175659656524658,FALSE,FALSE
"MRGN","CSq",819,670,"large","M3",0.0106890201568604,FALSE,FALSE
"MRGN","CSq",820,670,"large","M4",0.00794219970703125,FALSE,FALSE
"MRGN","CSq",821,1000,"large","M0.1",0.00788307189941406,FALSE,FALSE
"MRGN","CSq",822,1000,"large","M1.1",0.00817394256591797,FALSE,FALSE
"MRGN","CSq",823,1000,"large","M2.1",0.0104749202728271,FALSE,FALSE
"MRGN","CSq",824,1000,"large","M3",0.00968003273010254,FALSE,FALSE
"MRGN","CSq",825,1000,"large","M4",0.0100791454315186,FALSE,FALSE
"MRGN","CSq",826,50,"small","M0.1",0.00571513175964355,FALSE,FALSE
"MRGN","CSq",827,50,"small","M1.1",0.0040440559387207,FALSE,FALSE
"MRGN","CSq",828,50,"small","M2.1",0.00729584693908691,FALSE,FALSE
"MRGN","CSq",829,50,"small","M3",0.00665903091430664,FALSE,FALSE
"MRGN","CSq",830,50,"small","M4",0.00695300102233887,FALSE,FALSE
"MRGN","CSq",831,150,"small","M0.1",0.00871086120605469,FALSE,FALSE
"MRGN","CSq",832,150,"small","M1.1",0.00497698783874512,FALSE,FALSE
"MRGN","CSq",833,150,"small","M2.1",0.0038759708404541,FALSE,FALSE
"MRGN","CSq",834,150,"small","M3",0.00791597366333008,FALSE,FALSE
"MRGN","CSq",835,150,"small","M4",0.00510692596435547,FALSE,FALSE
"MRGN","CSq",836,300,"small","M0.1",0.0124540328979492,FALSE,FALSE
"MRGN","CSq",837,300,"small","M1.1",0.00674080848693848,FALSE,FALSE
"MRGN","CSq",838,300,"small","M2.1",0.00544500350952148,FALSE,FALSE
"MRGN","CSq",839,300,"small","M3",0.00562191009521484,FALSE,FALSE
"MRGN","CSq",840,300,"small","M4",0.00757288932800293,FALSE,FALSE
"MRGN","CSq",841,670,"small","M0.1",0.00730609893798828,FALSE,FALSE
"MRGN","CSq",842,670,"small","M1.1",0.00815606117248535,FALSE,FALSE
"MRGN","CSq",843,670,"small","M2.1",0.00766992568969727,FALSE,FALSE
"MRGN","CSq",844,670,"small","M3",0.0198569297790527,FALSE,FALSE
"MRGN","CSq",845,670,"small","M4",0.0116109848022461,FALSE,FALSE
"MRGN","CSq",846,1000,"small","M0.1",0.00746607780456543,FALSE,FALSE
"MRGN","CSq",847,1000,"small","M1.1",0.0131270885467529,FALSE,FALSE
"MRGN","CSq",848,1000,"small","M2.1",0.00871992111206055,FALSE,FALSE
"MRGN","CSq",849,1000,"small","M3",0.0139560699462891,FALSE,FALSE
"MRGN","CSq",850,1000,"small","M4",0.0134339332580566,FALSE,FALSE
"MRGN","CSq",851,50,"medium","M0.1",0.00564408302307129,FALSE,FALSE
"MRGN","CSq",852,50,"medium","M1.1",0.00783300399780273,FALSE,FALSE
"MRGN","CSq",853,50,"medium","M2.1",0.00723004341125488,FALSE,FALSE
"MRGN","CSq",854,50,"medium","M3",0.00378680229187012,FALSE,FALSE
"MRGN","CSq",855,50,"medium","M4",0.00725817680358887,FALSE,FALSE
"MRGN","CSq",856,150,"medium","M0.1",0.00460696220397949,FALSE,FALSE
"MRGN","CSq",857,150,"medium","M1.1",0.00492000579833984,FALSE,FALSE
"MRGN","CSq",858,150,"medium","M2.1",0.00424003601074219,FALSE,FALSE
"MRGN","CSq",859,150,"medium","M3",0.00464987754821777,FALSE,FALSE
"MRGN","CSq",860,150,"medium","M4",0.00442910194396973,FALSE,FALSE
"MRGN","CSq",861,300,"medium","M0.1",0.00488495826721191,FALSE,FALSE
"MRGN","CSq",862,300,"medium","M1.1",0.00456500053405762,FALSE,FALSE
"MRGN","CSq",863,300,"medium","M2.1",0.00480198860168457,FALSE,FALSE
"MRGN","CSq",864,300,"medium","M3",0.0112400054931641,FALSE,FALSE
"MRGN","CSq",865,300,"medium","M4",0.0122900009155273,FALSE,FALSE
"MRGN","CSq",866,670,"medium","M0.1",0.00600719451904297,FALSE,FALSE
"MRGN","CSq",867,670,"medium","M1.1",0.0112230777740479,FALSE,FALSE
"MRGN","CSq",868,670,"medium","M2.1",0.0112640857696533,FALSE,FALSE
"MRGN","CSq",869,670,"medium","M3",0.0127079486846924,FALSE,FALSE
"MRGN","CSq",870,670,"medium","M4",0.00646090507507324,FALSE,FALSE
"MRGN","CSq",871,1000,"medium","M0.1",0.0125401020050049,FALSE,FALSE
"MRGN","CSq",872,1000,"medium","M1.1",0.00511002540588379,FALSE,FALSE
"MRGN","CSq",873,1000,"medium","M2.1",0.00647783279418945,FALSE,FALSE
"MRGN","CSq",874,1000,"medium","M3",0.0129311084747314,FALSE,FALSE
"MRGN","CSq",875,1000,"medium","M4",0.00701689720153809,FALSE,FALSE
"MRGN","CSq",876,50,"large","M0.1",0.00403094291687012,FALSE,FALSE
"MRGN","CSq",877,50,"large","M1.1",0.00751090049743652,FALSE,FALSE
"MRGN","CSq",878,50,"large","M2.1",0.00440788269042969,FALSE,FALSE
"MRGN","CSq",879,50,"large","M3",0.00417399406433105,FALSE,FALSE
"MRGN","CSq",880,50,"large","M4",0.00557494163513184,FALSE,FALSE
"MRGN","CSq",881,150,"large","M0.1",0.00494909286499023,FALSE,FALSE
"MRGN","CSq",882,150,"large","M1.1",0.00403690338134766,FALSE,FALSE
"MRGN","CSq",883,150,"large","M2.1",0.00426506996154785,FALSE,FALSE
"MRGN","CSq",884,150,"large","M3",0.00651693344116211,FALSE,FALSE
"MRGN","CSq",885,150,"large","M4",0.00910305976867676,FALSE,FALSE
"MRGN","CSq",886,300,"large","M0.1",0.011883020401001,FALSE,FALSE
"MRGN","CSq",887,300,"large","M1.1",0.00553297996520996,FALSE,FALSE
"MRGN","CSq",888,300,"large","M2.1",0.00508999824523926,FALSE,FALSE
"MRGN","CSq",889,300,"large","M3",0.00321292877197266,FALSE,FALSE
"MRGN","CSq",890,300,"large","M4",0.00577092170715332,FALSE,FALSE
"MRGN","CSq",891,670,"large","M0.1",0.0193319320678711,FALSE,FALSE
"MRGN","CSq",892,670,"large","M1.1",0.00986814498901367,FALSE,FALSE
"MRGN","CSq",893,670,"large","M2.1",0.0107238292694092,FALSE,FALSE
"MRGN","CSq",894,670,"large","M3",0.00750494003295898,FALSE,FALSE
"MRGN","CSq",895,670,"large","M4",0.00658893585205078,FALSE,FALSE
"MRGN","CSq",896,1000,"large","M0.1",0.00990891456604004,FALSE,FALSE
"MRGN","CSq",897,1000,"large","M1.1",0.0114309787750244,FALSE,FALSE
"MRGN","CSq",898,1000,"large","M2.1",0.00849509239196777,FALSE,FALSE
"MRGN","CSq",899,1000,"large","M3",0.0119380950927734,FALSE,FALSE
"MRGN","CSq",900,1000,"large","M4",0.0128409862518311,FALSE,FALSE
"MRGN","CSq",901,50,"small","M0.1",0.00466394424438477,FALSE,FALSE
"MRGN","CSq",902,50,"small","M1.1",0.00651311874389648,FALSE,FALSE
"MRGN","CSq",903,50,"small","M2.1",0.0079188346862793,FALSE,FALSE
"MRGN","CSq",904,50,"small","M3",0.00419712066650391,FALSE,FALSE
"MRGN","CSq",905,50,"small","M4",0.00780510902404785,FALSE,FALSE
"MRGN","CSq",906,150,"small","M0.1",0.00924801826477051,FALSE,FALSE
"MRGN","CSq",907,150,"small","M1.1",0.0067908763885498,FALSE,FALSE
"MRGN","CSq",908,150,"small","M2.1",0.00550603866577148,FALSE,FALSE
"MRGN","CSq",909,150,"small","M3",0.00438904762268066,FALSE,FALSE
"MRGN","CSq",910,150,"small","M4",0.0082249641418457,FALSE,FALSE
"MRGN","CSq",911,300,"small","M0.1",0.0052340030670166,FALSE,FALSE
"MRGN","CSq",912,300,"small","M1.1",0.00491595268249512,FALSE,FALSE
"MRGN","CSq",913,300,"small","M2.1",0.00312614440917969,FALSE,FALSE
"MRGN","CSq",914,300,"small","M3",0.0265741348266602,FALSE,FALSE
"MRGN","CSq",915,300,"small","M4",0.0120410919189453,FALSE,FALSE
"MRGN","CSq",916,670,"small","M0.1",0.00619316101074219,FALSE,FALSE
"MRGN","CSq",917,670,"small","M1.1",0.0109009742736816,FALSE,FALSE
"MRGN","CSq",918,670,"small","M2.1",0.0176050662994385,FALSE,FALSE
"MRGN","CSq",919,670,"small","M3",0.0201539993286133,FALSE,FALSE
"MRGN","CSq",920,670,"small","M4",0.03714919090271,FALSE,FALSE
"MRGN","CSq",921,1000,"small","M0.1",0.0142989158630371,FALSE,FALSE
"MRGN","CSq",922,1000,"small","M1.1",0.0164721012115479,FALSE,FALSE
"MRGN","CSq",923,1000,"small","M2.1",0.012476921081543,FALSE,FALSE
"MRGN","CSq",924,1000,"small","M3",0.0145580768585205,FALSE,FALSE
"MRGN","CSq",925,1000,"small","M4",0.00705504417419434,FALSE,FALSE
"MRGN","CSq",926,50,"medium","M0.1",0.00505304336547852,FALSE,FALSE
"MRGN","CSq",927,50,"medium","M1.1",0.00820517539978027,FALSE,FALSE
"MRGN","CSq",928,50,"medium","M2.1",0.00834512710571289,FALSE,FALSE
"MRGN","CSq",929,50,"medium","M3",0.00420904159545898,FALSE,FALSE
"MRGN","CSq",930,50,"medium","M4",0.00425815582275391,FALSE,FALSE
"MRGN","CSq",931,150,"medium","M0.1",0.00467514991760254,FALSE,FALSE
"MRGN","CSq",932,150,"medium","M1.1",0.00577187538146973,FALSE,FALSE
"MRGN","CSq",933,150,"medium","M2.1",0.00469589233398438,FALSE,FALSE
"MRGN","CSq",934,150,"medium","M3",0.00441312789916992,FALSE,FALSE
"MRGN","CSq",935,150,"medium","M4",0.00477719306945801,FALSE,FALSE
"MRGN","CSq",936,300,"medium","M0.1",0.00884008407592773,FALSE,FALSE
"MRGN","CSq",937,300,"medium","M1.1",0.00688982009887695,FALSE,FALSE
"MRGN","CSq",938,300,"medium","M2.1",0.0162107944488525,FALSE,FALSE
"MRGN","CSq",939,300,"medium","M3",0.00583791732788086,FALSE,FALSE
"MRGN","CSq",940,300,"medium","M4",0.00534296035766602,FALSE,FALSE
"MRGN","CSq",941,670,"medium","M0.1",0.0110127925872803,FALSE,FALSE
"MRGN","CSq",942,670,"medium","M1.1",0.0101208686828613,FALSE,FALSE
"MRGN","CSq",943,670,"medium","M2.1",0.0068209171295166,FALSE,FALSE
"MRGN","CSq",944,670,"medium","M3",0.01084303855896,FALSE,FALSE
"MRGN","CSq",945,670,"medium","M4",0.00717711448669434,FALSE,FALSE
"MRGN","CSq",946,1000,"medium","M0.1",0.0144460201263428,FALSE,FALSE
"MRGN","CSq",947,1000,"medium","M1.1",0.0151510238647461,FALSE,FALSE
"MRGN","CSq",948,1000,"medium","M2.1",0.0200979709625244,FALSE,FALSE
"MRGN","CSq",949,1000,"medium","M3",0.0108718872070312,FALSE,FALSE
"MRGN","CSq",950,1000,"medium","M4",0.0122139453887939,FALSE,FALSE
"MRGN","CSq",951,50,"large","M0.1",0.00755810737609863,FALSE,FALSE
"MRGN","CSq",952,50,"large","M1.1",0.00564098358154297,FALSE,FALSE
"MRGN","CSq",953,50,"large","M2.1",0.0061490535736084,FALSE,FALSE
"MRGN","CSq",954,50,"large","M3",0.00673103332519531,FALSE,FALSE
"MRGN","CSq",955,50,"large","M4",0.00779485702514648,FALSE,FALSE
"MRGN","CSq",956,150,"large","M0.1",0.00424289703369141,FALSE,FALSE
"MRGN","CSq",957,150,"large","M1.1",0.00586414337158203,FALSE,FALSE
"MRGN","CSq",958,150,"large","M2.1",0.00470399856567383,FALSE,FALSE
"MRGN","CSq",959,150,"large","M3",0.0041968822479248,FALSE,FALSE
"MRGN","CSq",960,150,"large","M4",0.00755405426025391,FALSE,FALSE
"MRGN","CSq",961,300,"large","M0.1",0.00645995140075684,FALSE,FALSE
"MRGN","CSq",962,300,"large","M1.1",0.00604391098022461,FALSE,FALSE
"MRGN","CSq",963,300,"large","M2.1",0.00604391098022461,FALSE,FALSE
"MRGN","CSq",964,300,"large","M3",0.00893282890319824,FALSE,FALSE
"MRGN","CSq",965,300,"large","M4",0.00565791130065918,FALSE,FALSE
"MRGN","CSq",966,670,"large","M0.1",0.0173051357269287,FALSE,FALSE
"MRGN","CSq",967,670,"large","M1.1",0.0160930156707764,FALSE,FALSE
"MRGN","CSq",968,670,"large","M2.1",0.0161890983581543,FALSE,FALSE
"MRGN","CSq",969,670,"large","M3",0.00758790969848633,FALSE,FALSE
"MRGN","CSq",970,670,"large","M4",0.00847792625427246,FALSE,FALSE
"MRGN","CSq",971,1000,"large","M0.1",0.0130481719970703,FALSE,FALSE
"MRGN","CSq",972,1000,"large","M1.1",0.0136759281158447,FALSE,FALSE
"MRGN","CSq",973,1000,"large","M2.1",0.0125908851623535,FALSE,FALSE
"MRGN","CSq",974,1000,"large","M3",0.00861883163452148,FALSE,FALSE
"MRGN","CSq",975,1000,"large","M4",0.00818300247192383,FALSE,FALSE
"MRGN","CSq",976,50,"small","M0.1",0.00369501113891602,FALSE,FALSE
"MRGN","CSq",977,50,"small","M1.1",0.00349783897399902,FALSE,FALSE
"MRGN","CSq",978,50,"small","M2.1",0.00409197807312012,FALSE,FALSE
"MRGN","CSq",979,50,"small","M3",0.00731682777404785,FALSE,FALSE
"MRGN","CSq",980,50,"small","M4",0.00422406196594238,FALSE,FALSE
"MRGN","CSq",981,150,"small","M0.1",0.00704789161682129,FALSE,FALSE
"MRGN","CSq",982,150,"small","M1.1",0.00419712066650391,FALSE,FALSE
"MRGN","CSq",983,150,"small","M2.1",0.00991201400756836,FALSE,FALSE
"MRGN","CSq",984,150,"small","M3",0.0044710636138916,FALSE,FALSE
"MRGN","CSq",985,150,"small","M4",0.00868391990661621,FALSE,FALSE
"MRGN","CSq",986,300,"small","M0.1",0.00948810577392578,FALSE,FALSE
"MRGN","CSq",987,300,"small","M1.1",0.00987696647644043,FALSE,FALSE
"MRGN","CSq",988,300,"small","M2.1",0.00627589225769043,FALSE,FALSE
"MRGN","CSq",989,300,"small","M3",0.00553393363952637,FALSE,FALSE
"MRGN","CSq",990,300,"small","M4",0.00533914566040039,FALSE,FALSE
"MRGN","CSq",991,670,"small","M0.1",0.00924301147460938,FALSE,FALSE
"MRGN","CSq",992,670,"small","M1.1",0.0064699649810791,FALSE,FALSE
"MRGN","CSq",993,670,"small","M2.1",0.0108351707458496,FALSE,FALSE
"MRGN","CSq",994,670,"small","M3",0.0164790153503418,FALSE,FALSE
"MRGN","CSq",995,670,"small","M4",0.0233910083770752,FALSE,FALSE
"MRGN","CSq",996,1000,"small","M0.1",0.00869584083557129,FALSE,FALSE
"MRGN","CSq",997,1000,"small","M1.1",0.0113120079040527,FALSE,FALSE
"MRGN","CSq",998,1000,"small","M2.1",0.00861096382141113,FALSE,FALSE
"MRGN","CSq",999,1000,"small","M3",0.0148680210113525,FALSE,FALSE
"MRGN","CSq",1000,1000,"small","M4",0.0100710391998291,FALSE,FALSE
"MRGN","CSq",1001,50,"medium","M0.1",0.00493001937866211,FALSE,FALSE
"MRGN","CSq",1002,50,"medium","M1.1",0.00420808792114258,FALSE,FALSE
"MRGN","CSq",1003,50,"medium","M2.1",0.00510597229003906,FALSE,FALSE
"MRGN","CSq",1004,50,"medium","M3",0.00431013107299805,FALSE,FALSE
"MRGN","CSq",1005,50,"medium","M4",0.00389695167541504,FALSE,FALSE
"MRGN","CSq",1006,150,"medium","M0.1",0.00740408897399902,FALSE,FALSE
"MRGN","CSq",1007,150,"medium","M1.1",0.00771307945251465,FALSE,FALSE
"MRGN","CSq",1008,150,"medium","M2.1",0.00420784950256348,FALSE,FALSE
"MRGN","CSq",1009,150,"medium","M3",0.0062720775604248,FALSE,FALSE
"MRGN","CSq",1010,150,"medium","M4",0.00823402404785156,FALSE,FALSE
"MRGN","CSq",1011,300,"medium","M0.1",0.00425982475280762,FALSE,FALSE
"MRGN","CSq",1012,300,"medium","M1.1",0.00610089302062988,FALSE,FALSE
"MRGN","CSq",1013,300,"medium","M2.1",0.00548100471496582,FALSE,FALSE
"MRGN","CSq",1014,300,"medium","M3",0.0136899948120117,FALSE,FALSE
"MRGN","CSq",1015,300,"medium","M4",0.0112090110778809,FALSE,FALSE
"MRGN","CSq",1016,670,"medium","M0.1",0.0187878608703613,FALSE,FALSE
"MRGN","CSq",1017,670,"medium","M1.1",0.0107381343841553,FALSE,FALSE
"MRGN","CSq",1018,670,"medium","M2.1",0.00966596603393555,FALSE,FALSE
"MRGN","CSq",1019,670,"medium","M3",0.0206239223480225,FALSE,FALSE
"MRGN","CSq",1020,670,"medium","M4",0.00443387031555176,FALSE,FALSE
"MRGN","CSq",1021,1000,"medium","M0.1",0.0131931304931641,FALSE,FALSE
"MRGN","CSq",1022,1000,"medium","M1.1",0.00622892379760742,FALSE,FALSE
"MRGN","CSq",1023,1000,"medium","M2.1",0.0112848281860352,FALSE,FALSE
"MRGN","CSq",1024,1000,"medium","M3",0.0213308334350586,FALSE,FALSE
"MRGN","CSq",1025,1000,"medium","M4",0.0123000144958496,FALSE,FALSE
"MRGN","CSq",1026,50,"large","M0.1",0.00798988342285156,FALSE,FALSE
"MRGN","CSq",1027,50,"large","M1.1",0.00645089149475098,FALSE,FALSE
"MRGN","CSq",1028,50,"large","M2.1",0.0072319507598877,FALSE,FALSE
"MRGN","CSq",1029,50,"large","M3",0.00713992118835449,FALSE,FALSE
"MRGN","CSq",1030,50,"large","M4",0.00470304489135742,FALSE,FALSE
"MRGN","CSq",1031,150,"large","M0.1",0.00709104537963867,FALSE,FALSE
"MRGN","CSq",1032,150,"large","M1.1",0.0043799877166748,FALSE,FALSE
"MRGN","CSq",1033,150,"large","M2.1",0.00761103630065918,FALSE,FALSE
"MRGN","CSq",1034,150,"large","M3",0.00718998908996582,FALSE,FALSE
"MRGN","CSq",1035,150,"large","M4",0.00398683547973633,FALSE,FALSE
"MRGN","CSq",1036,300,"large","M0.1",0.00871396064758301,FALSE,FALSE
"MRGN","CSq",1037,300,"large","M1.1",0.00613284111022949,FALSE,FALSE
"MRGN","CSq",1038,300,"large","M2.1",0.00309109687805176,FALSE,FALSE
"MRGN","CSq",1039,300,"large","M3",0.00564002990722656,FALSE,FALSE
"MRGN","CSq",1040,300,"large","M4",0.00515103340148926,FALSE,FALSE
"MRGN","CSq",1041,670,"large","M0.1",0.0085749626159668,FALSE,FALSE
"MRGN","CSq",1042,670,"large","M1.1",0.0170691013336182,FALSE,FALSE
"MRGN","CSq",1043,670,"large","M2.1",0.0284428596496582,FALSE,FALSE
"MRGN","CSq",1044,670,"large","M3",0.0116770267486572,FALSE,FALSE
"MRGN","CSq",1045,670,"large","M4",0.00713801383972168,FALSE,FALSE
"MRGN","CSq",1046,1000,"large","M0.1",0.0113990306854248,FALSE,FALSE
"MRGN","CSq",1047,1000,"large","M1.1",0.0167949199676514,FALSE,FALSE
"MRGN","CSq",1048,1000,"large","M2.1",0.0309622287750244,FALSE,FALSE
"MRGN","CSq",1049,1000,"large","M3",0.0175309181213379,FALSE,FALSE
"MRGN","CSq",1050,1000,"large","M4",0.0209231376647949,FALSE,FALSE
"MRGN","CSq",1051,50,"small","M0.1",0.00833606719970703,FALSE,FALSE
"MRGN","CSq",1052,50,"small","M1.1",0.00761198997497559,FALSE,FALSE
"MRGN","CSq",1053,50,"small","M2.1",0.00477695465087891,FALSE,FALSE
"MRGN","CSq",1054,50,"small","M3",0.00453305244445801,FALSE,FALSE
"MRGN","CSq",1055,50,"small","M4",0.00590705871582031,FALSE,FALSE
"MRGN","CSq",1056,150,"small","M0.1",0.00664806365966797,FALSE,FALSE
"MRGN","CSq",1057,150,"small","M1.1",0.00508904457092285,FALSE,FALSE
"MRGN","CSq",1058,150,"small","M2.1",0.00422501564025879,FALSE,FALSE
"MRGN","CSq",1059,150,"small","M3",0.00844097137451172,FALSE,FALSE
"MRGN","CSq",1060,150,"small","M4",0.00398588180541992,FALSE,FALSE
"MRGN","CSq",1061,300,"small","M0.1",0.00553798675537109,FALSE,FALSE
"MRGN","CSq",1062,300,"small","M1.1",0.00441789627075195,FALSE,FALSE
"MRGN","CSq",1063,300,"small","M2.1",0.00506281852722168,FALSE,FALSE
"MRGN","CSq",1064,300,"small","M3",0.0102441310882568,FALSE,FALSE
"MRGN","CSq",1065,300,"small","M4",0.010483980178833,FALSE,FALSE
"MRGN","CSq",1066,670,"small","M0.1",0.0096290111541748,FALSE,FALSE
"MRGN","CSq",1067,670,"small","M1.1",0.0111711025238037,FALSE,FALSE
"MRGN","CSq",1068,670,"small","M2.1",0.0123651027679443,FALSE,FALSE
"MRGN","CSq",1069,670,"small","M3",0.0119860172271729,FALSE,FALSE
"MRGN","CSq",1070,670,"small","M4",0.00738096237182617,FALSE,FALSE
"MRGN","CSq",1071,1000,"small","M0.1",0.0127599239349365,FALSE,FALSE
"MRGN","CSq",1072,1000,"small","M1.1",0.0163471698760986,FALSE,FALSE
"MRGN","CSq",1073,1000,"small","M2.1",0.0244021415710449,FALSE,FALSE
"MRGN","CSq",1074,1000,"small","M3",0.0282580852508545,FALSE,FALSE
"MRGN","CSq",1075,1000,"small","M4",0.0256412029266357,FALSE,FALSE
"MRGN","CSq",1076,50,"medium","M0.1",0.00412702560424805,FALSE,FALSE
"MRGN","CSq",1077,50,"medium","M1.1",0.00516510009765625,FALSE,FALSE
"MRGN","CSq",1078,50,"medium","M2.1",0.00490808486938477,FALSE,FALSE
"MRGN","CSq",1079,50,"medium","M3",0.00433611869812012,FALSE,FALSE
"MRGN","CSq",1080,50,"medium","M4",0.0043330192565918,FALSE,FALSE
"MRGN","CSq",1081,150,"medium","M0.1",0.00475597381591797,FALSE,FALSE
"MRGN","CSq",1082,150,"medium","M1.1",0.00454998016357422,FALSE,FALSE
"MRGN","CSq",1083,150,"medium","M2.1",0.00831103324890137,FALSE,FALSE
"MRGN","CSq",1084,150,"medium","M3",0.00941586494445801,FALSE,FALSE
"MRGN","CSq",1085,150,"medium","M4",0.0081169605255127,FALSE,FALSE
"MRGN","CSq",1086,300,"medium","M0.1",0.012153148651123,FALSE,FALSE
"MRGN","CSq",1087,300,"medium","M1.1",0.0110640525817871,FALSE,FALSE
"MRGN","CSq",1088,300,"medium","M2.1",0.00530481338500977,FALSE,FALSE
"MRGN","CSq",1089,300,"medium","M3",0.00550103187561035,FALSE,FALSE
"MRGN","CSq",1090,300,"medium","M4",0.00567197799682617,FALSE,FALSE
"MRGN","CSq",1091,670,"medium","M0.1",0.0101048946380615,FALSE,FALSE
"MRGN","CSq",1092,670,"medium","M1.1",0.00742411613464355,FALSE,FALSE
"MRGN","CSq",1093,670,"medium","M2.1",0.0107691287994385,FALSE,FALSE
"MRGN","CSq",1094,670,"medium","M3",0.0123538970947266,FALSE,FALSE
"MRGN","CSq",1095,670,"medium","M4",0.01190185546875,FALSE,FALSE
"MRGN","CSq",1096,1000,"medium","M0.1",0.0178601741790771,FALSE,FALSE
"MRGN","CSq",1097,1000,"medium","M1.1",0.0140430927276611,FALSE,FALSE
"MRGN","CSq",1098,1000,"medium","M2.1",0.00908589363098145,FALSE,FALSE
"MRGN","CSq",1099,1000,"medium","M3",0.00826811790466309,FALSE,FALSE
"MRGN","CSq",1100,1000,"medium","M4",0.00680708885192871,FALSE,FALSE
"MRGN","CSq",1101,50,"large","M0.1",0.00437402725219727,FALSE,FALSE
"MRGN","CSq",1102,50,"large","M1.1",0.00759983062744141,FALSE,FALSE
"MRGN","CSq",1103,50,"large","M2.1",0.00502419471740723,FALSE,FALSE
"MRGN","CSq",1104,50,"large","M3",0.00464487075805664,FALSE,FALSE
"MRGN","CSq",1105,50,"large","M4",0.00748896598815918,FALSE,FALSE
"MRGN","CSq",1106,150,"large","M0.1",0.00420403480529785,FALSE,FALSE
"MRGN","CSq",1107,150,"large","M1.1",0.00438094139099121,FALSE,FALSE
"MRGN","CSq",1108,150,"large","M2.1",0.0100531578063965,FALSE,FALSE
"MRGN","CSq",1109,150,"large","M3",0.00981497764587402,FALSE,FALSE
"MRGN","CSq",1110,150,"large","M4",0.00843214988708496,FALSE,FALSE
"MRGN","CSq",1111,300,"large","M0.1",0.00592899322509766,FALSE,FALSE
"MRGN","CSq",1112,300,"large","M1.1",0.00578498840332031,FALSE,FALSE
"MRGN","CSq",1113,300,"large","M2.1",0.0030829906463623,FALSE,FALSE
"MRGN","CSq",1114,300,"large","M3",0.00499796867370605,FALSE,FALSE
"MRGN","CSq",1115,300,"large","M4",0.00515604019165039,FALSE,FALSE
"MRGN","CSq",1116,670,"large","M0.1",0.00943708419799805,FALSE,FALSE
"MRGN","CSq",1117,670,"large","M1.1",0.0128390789031982,FALSE,FALSE
"MRGN","CSq",1118,670,"large","M2.1",0.00609207153320312,FALSE,FALSE
"MRGN","CSq",1119,670,"large","M3",0.00851607322692871,FALSE,FALSE
"MRGN","CSq",1120,670,"large","M4",0.00940799713134766,FALSE,FALSE
"MRGN","CSq",1121,1000,"large","M0.1",0.00980997085571289,FALSE,FALSE
"MRGN","CSq",1122,1000,"large","M1.1",0.0156168937683105,FALSE,FALSE
"MRGN","CSq",1123,1000,"large","M2.1",0.018139123916626,FALSE,FALSE
"MRGN","CSq",1124,1000,"large","M3",0.0137629508972168,FALSE,FALSE
"MRGN","CSq",1125,1000,"large","M4",0.0150589942932129,FALSE,FALSE
"MRGN","CSq",1126,50,"small","M0.1",0.00389194488525391,FALSE,FALSE
"MRGN","CSq",1127,50,"small","M1.1",0.00412797927856445,FALSE,FALSE
"MRGN","CSq",1128,50,"small","M2.1",0.00431489944458008,FALSE,FALSE
"MRGN","CSq",1129,50,"small","M3",0.00750398635864258,FALSE,FALSE
"MRGN","CSq",1130,50,"small","M4",0.0042119026184082,FALSE,FALSE
"MRGN","CSq",1131,150,"small","M0.1",0.0052790641784668,FALSE,FALSE
"MRGN","CSq",1132,150,"small","M1.1",0.00455498695373535,FALSE,FALSE
"MRGN","CSq",1133,150,"small","M2.1",0.00465703010559082,FALSE,FALSE
"MRGN","CSq",1134,150,"small","M3",0.00423598289489746,FALSE,FALSE
"MRGN","CSq",1135,150,"small","M4",0.00641679763793945,FALSE,FALSE
"MRGN","CSq",1136,300,"small","M0.1",0.00603294372558594,FALSE,FALSE
"MRGN","CSq",1137,300,"small","M1.1",0.0061640739440918,FALSE,FALSE
"MRGN","CSq",1138,300,"small","M2.1",0.00321483612060547,FALSE,FALSE
"MRGN","CSq",1139,300,"small","M3",0.00685381889343262,FALSE,FALSE
"MRGN","CSq",1140,300,"small","M4",0.00518989562988281,FALSE,FALSE
"MRGN","CSq",1141,670,"small","M0.1",0.00740694999694824,FALSE,FALSE
"MRGN","CSq",1142,670,"small","M1.1",0.00918006896972656,FALSE,FALSE
"MRGN","CSq",1143,670,"small","M2.1",0.0063779354095459,FALSE,FALSE
"MRGN","CSq",1144,670,"small","M3",0.00526094436645508,FALSE,FALSE
"MRGN","CSq",1145,670,"small","M4",0.0109901428222656,FALSE,FALSE
"MRGN","CSq",1146,1000,"small","M0.1",0.00887680053710938,FALSE,FALSE
"MRGN","CSq",1147,1000,"small","M1.1",0.0263071060180664,FALSE,FALSE
"MRGN","CSq",1148,1000,"small","M2.1",0.0221450328826904,FALSE,FALSE
"MRGN","CSq",1149,1000,"small","M3",0.0243830680847168,FALSE,FALSE
"MRGN","CSq",1150,1000,"small","M4",0.00695013999938965,FALSE,FALSE
"MRGN","CSq",1151,50,"medium","M0.1",0.00427484512329102,FALSE,FALSE
"MRGN","CSq",1152,50,"medium","M1.1",0.0071108341217041,FALSE,FALSE
"MRGN","CSq",1153,50,"medium","M2.1",0.00452208518981934,FALSE,FALSE
"MRGN","CSq",1154,50,"medium","M3",0.00931882858276367,FALSE,FALSE
"MRGN","CSq",1155,50,"medium","M4",0.00390410423278809,FALSE,FALSE
"MRGN","CSq",1156,150,"medium","M0.1",0.00438308715820312,FALSE,FALSE
"MRGN","CSq",1157,150,"medium","M1.1",0.00885105133056641,FALSE,FALSE
"MRGN","CSq",1158,150,"medium","M2.1",0.00828099250793457,FALSE,FALSE
"MRGN","CSq",1159,150,"medium","M3",0.00904393196105957,FALSE,FALSE
"MRGN","CSq",1160,150,"medium","M4",0.00473904609680176,FALSE,FALSE
"MRGN","CSq",1161,300,"medium","M0.1",0.00744891166687012,FALSE,FALSE
"MRGN","CSq",1162,300,"medium","M1.1",0.0107319355010986,FALSE,FALSE
"MRGN","CSq",1163,300,"medium","M2.1",0.0111877918243408,FALSE,FALSE
"MRGN","CSq",1164,300,"medium","M3",0.0109000205993652,FALSE,FALSE
"MRGN","CSq",1165,300,"medium","M4",0.00508713722229004,FALSE,FALSE
"MRGN","CSq",1166,670,"medium","M0.1",0.00757908821105957,FALSE,FALSE
"MRGN","CSq",1167,670,"medium","M1.1",0.0098872184753418,FALSE,FALSE
"MRGN","CSq",1168,670,"medium","M2.1",0.00870609283447266,FALSE,FALSE
"MRGN","CSq",1169,670,"medium","M3",0.0108659267425537,FALSE,FALSE
"MRGN","CSq",1170,670,"medium","M4",0.00635814666748047,FALSE,FALSE
"MRGN","CSq",1171,1000,"medium","M0.1",0.00726699829101562,FALSE,FALSE
"MRGN","CSq",1172,1000,"medium","M1.1",0.0149650573730469,FALSE,FALSE
"MRGN","CSq",1173,1000,"medium","M2.1",0.0553979873657227,FALSE,FALSE
"MRGN","CSq",1174,1000,"medium","M3",0.0226268768310547,FALSE,FALSE
"MRGN","CSq",1175,1000,"medium","M4",0.00818490982055664,FALSE,FALSE
"MRGN","CSq",1176,50,"large","M0.1",0.00406503677368164,FALSE,FALSE
"MRGN","CSq",1177,50,"large","M1.1",0.00407600402832031,FALSE,FALSE
"MRGN","CSq",1178,50,"large","M2.1",0.00542807579040527,FALSE,FALSE
"MRGN","CSq",1179,50,"large","M3",0.00711512565612793,FALSE,FALSE
"MRGN","CSq",1180,50,"large","M4",0.00375604629516602,FALSE,FALSE
"MRGN","CSq",1181,150,"large","M0.1",0.00683093070983887,FALSE,FALSE
"MRGN","CSq",1182,150,"large","M1.1",0.00852704048156738,FALSE,FALSE
"MRGN","CSq",1183,150,"large","M2.1",0.00752902030944824,FALSE,FALSE
"MRGN","CSq",1184,150,"large","M3",0.00522494316101074,FALSE,FALSE
"MRGN","CSq",1185,150,"large","M4",0.00428891181945801,FALSE,FALSE
"MRGN","CSq",1186,300,"large","M0.1",0.0056309700012207,FALSE,FALSE
"MRGN","CSq",1187,300,"large","M1.1",0.00588297843933105,FALSE,FALSE
"MRGN","CSq",1188,300,"large","M2.1",0.00671291351318359,FALSE,FALSE
"MRGN","CSq",1189,300,"large","M3",0.00271010398864746,FALSE,FALSE
"MRGN","CSq",1190,300,"large","M4",0.00561904907226562,FALSE,FALSE
"MRGN","CSq",1191,670,"large","M0.1",0.0173289775848389,FALSE,FALSE
"MRGN","CSq",1192,670,"large","M1.1",0.0173490047454834,FALSE,FALSE
"MRGN","CSq",1193,670,"large","M2.1",0.013355016708374,FALSE,FALSE
"MRGN","CSq",1194,670,"large","M3",0.0116939544677734,FALSE,FALSE
"MRGN","CSq",1195,670,"large","M4",0.00874900817871094,FALSE,FALSE
"MRGN","CSq",1196,1000,"large","M0.1",0.0117080211639404,FALSE,FALSE
"MRGN","CSq",1197,1000,"large","M1.1",0.0114009380340576,FALSE,FALSE
"MRGN","CSq",1198,1000,"large","M2.1",0.0131418704986572,FALSE,FALSE
"MRGN","CSq",1199,1000,"large","M3",0.0124189853668213,FALSE,FALSE
"MRGN","CSq",1200,1000,"large","M4",0.0391769409179688,FALSE,FALSE
"MRGN","CSq",1201,50,"small","M0.1",0.00789499282836914,FALSE,FALSE
"MRGN","CSq",1202,50,"small","M1.1",0.00423407554626465,FALSE,FALSE
"MRGN","CSq",1203,50,"small","M2.1",0.00730609893798828,FALSE,FALSE
"MRGN","CSq",1204,50,"small","M3",0.00429892539978027,FALSE,FALSE
"MRGN","CSq",1205,50,"small","M4",0.00452685356140137,FALSE,FALSE
"MRGN","CSq",1206,150,"small","M0.1",0.00452995300292969,FALSE,FALSE
"MRGN","CSq",1207,150,"small","M1.1",0.00446295738220215,FALSE,FALSE
"MRGN","CSq",1208,150,"small","M2.1",0.00423002243041992,FALSE,FALSE
"MRGN","CSq",1209,150,"small","M3",0.00472116470336914,FALSE,FALSE
"MRGN","CSq",1210,150,"small","M4",0.00787782669067383,FALSE,FALSE
"MRGN","CSq",1211,300,"small","M0.1",0.00496888160705566,FALSE,FALSE
"MRGN","CSq",1212,300,"small","M1.1",0.00554800033569336,FALSE,FALSE
"MRGN","CSq",1213,300,"small","M2.1",0.00606298446655273,FALSE,FALSE
"MRGN","CSq",1214,300,"small","M3",0.00530886650085449,FALSE,FALSE
"MRGN","CSq",1215,300,"small","M4",0.00311112403869629,FALSE,FALSE
"MRGN","CSq",1216,670,"small","M0.1",0.0113179683685303,FALSE,FALSE
"MRGN","CSq",1217,670,"small","M1.1",0.00935792922973633,FALSE,FALSE
"MRGN","CSq",1218,670,"small","M2.1",0.00941205024719238,FALSE,FALSE
"MRGN","CSq",1219,670,"small","M3",0.0107808113098145,FALSE,FALSE
"MRGN","CSq",1220,670,"small","M4",0.00841808319091797,FALSE,FALSE
"MRGN","CSq",1221,1000,"small","M0.1",0.00525999069213867,FALSE,FALSE
"MRGN","CSq",1222,1000,"small","M1.1",0.0104968547821045,FALSE,FALSE
"MRGN","CSq",1223,1000,"small","M2.1",0.00913596153259277,FALSE,FALSE
"MRGN","CSq",1224,1000,"small","M3",0.0104999542236328,FALSE,FALSE
"MRGN","CSq",1225,1000,"small","M4",0.0136339664459229,FALSE,FALSE
"MRGN","CSq",1226,50,"medium","M0.1",0.00706601142883301,FALSE,FALSE
"MRGN","CSq",1227,50,"medium","M1.1",0.00421595573425293,FALSE,FALSE
"MRGN","CSq",1228,50,"medium","M2.1",0.0039210319519043,FALSE,FALSE
"MRGN","CSq",1229,50,"medium","M3",0.00788688659667969,FALSE,FALSE
"MRGN","CSq",1230,50,"medium","M4",0.00394701957702637,FALSE,FALSE
"MRGN","CSq",1231,150,"medium","M0.1",0.00903916358947754,FALSE,FALSE
"MRGN","CSq",1232,150,"medium","M1.1",0.00483107566833496,FALSE,FALSE
"MRGN","CSq",1233,150,"medium","M2.1",0.00448393821716309,FALSE,FALSE
"MRGN","CSq",1234,150,"medium","M3",0.00712895393371582,FALSE,FALSE
"MRGN","CSq",1235,150,"medium","M4",0.00500798225402832,FALSE,FALSE
"MRGN","CSq",1236,300,"medium","M0.1",0.0158250331878662,FALSE,FALSE
"MRGN","CSq",1237,300,"medium","M1.1",0.00537919998168945,FALSE,FALSE
"MRGN","CSq",1238,300,"medium","M2.1",0.00595498085021973,FALSE,FALSE
"MRGN","CSq",1239,300,"medium","M3",0.00318408012390137,FALSE,FALSE
"MRGN","CSq",1240,300,"medium","M4",0.00545191764831543,FALSE,FALSE
"MRGN","CSq",1241,670,"medium","M0.1",0.00879716873168945,FALSE,FALSE
"MRGN","CSq",1242,670,"medium","M1.1",0.00838899612426758,FALSE,FALSE
"MRGN","CSq",1243,670,"medium","M2.1",0.0111141204833984,FALSE,FALSE
"MRGN","CSq",1244,670,"medium","M3",0.0139331817626953,FALSE,FALSE
"MRGN","CSq",1245,670,"medium","M4",0.0090019702911377,FALSE,FALSE
"MRGN","CSq",1246,1000,"medium","M0.1",0.0108499526977539,FALSE,FALSE
"MRGN","CSq",1247,1000,"medium","M1.1",0.0193159580230713,FALSE,FALSE
"MRGN","CSq",1248,1000,"medium","M2.1",0.0140340328216553,FALSE,FALSE
"MRGN","CSq",1249,1000,"medium","M3",0.00533413887023926,FALSE,FALSE
"MRGN","CSq",1250,1000,"medium","M4",0.00902414321899414,FALSE,FALSE
"MRGN","CSq",1251,50,"large","M0.1",0.00587677955627441,FALSE,FALSE
"MRGN","CSq",1252,50,"large","M1.1",0.00713896751403809,FALSE,FALSE
"MRGN","CSq",1253,50,"large","M2.1",0.00456500053405762,FALSE,FALSE
"MRGN","CSq",1254,50,"large","M3",0.0069279670715332,FALSE,FALSE
"MRGN","CSq",1255,50,"large","M4",0.00711297988891602,FALSE,FALSE
"MRGN","CSq",1256,150,"large","M0.1",0.00769400596618652,FALSE,FALSE
"MRGN","CSq",1257,150,"large","M1.1",0.00425386428833008,FALSE,FALSE
"MRGN","CSq",1258,150,"large","M2.1",0.00827693939208984,FALSE,FALSE
"MRGN","CSq",1259,150,"large","M3",0.00848484039306641,FALSE,FALSE
"MRGN","CSq",1260,150,"large","M4",0.00796103477478027,FALSE,FALSE
"MRGN","CSq",1261,300,"large","M0.1",0.00413107872009277,FALSE,FALSE
"MRGN","CSq",1262,300,"large","M1.1",0.00454592704772949,FALSE,FALSE
"MRGN","CSq",1263,300,"large","M2.1",0.0056300163269043,FALSE,FALSE
"MRGN","CSq",1264,300,"large","M3",0.00594592094421387,FALSE,FALSE
"MRGN","CSq",1265,300,"large","M4",0.00431299209594727,FALSE,FALSE
"MRGN","CSq",1266,670,"large","M0.1",0.0056910514831543,FALSE,FALSE
"MRGN","CSq",1267,670,"large","M1.1",0.00793004035949707,FALSE,FALSE
"MRGN","CSq",1268,670,"large","M2.1",0.0222790241241455,FALSE,FALSE
"MRGN","CSq",1269,670,"large","M3",0.00942611694335938,FALSE,FALSE
"MRGN","CSq",1270,670,"large","M4",0.020723819732666,FALSE,FALSE
"MRGN","CSq",1271,1000,"large","M0.1",0.00898003578186035,FALSE,FALSE
"MRGN","CSq",1272,1000,"large","M1.1",0.0123460292816162,FALSE,FALSE
"MRGN","CSq",1273,1000,"large","M2.1",0.0244340896606445,FALSE,FALSE
"MRGN","CSq",1274,1000,"large","M3",0.0120918750762939,FALSE,FALSE
"MRGN","CSq",1275,1000,"large","M4",0.0122179985046387,FALSE,FALSE
"MRGN","CSq",1276,50,"small","M0.1",0.00364804267883301,FALSE,FALSE
"MRGN","CSq",1277,50,"small","M1.1",0.00919985771179199,FALSE,FALSE
"MRGN","CSq",1278,50,"small","M2.1",0.00548100471496582,FALSE,FALSE
"MRGN","CSq",1279,50,"small","M3",0.00775790214538574,FALSE,FALSE
"MRGN","CSq",1280,50,"small","M4",0.0076141357421875,FALSE,FALSE
"MRGN","CSq",1281,150,"small","M0.1",0.00816106796264648,FALSE,FALSE
"MRGN","CSq",1282,150,"small","M1.1",0.00954890251159668,FALSE,FALSE
"MRGN","CSq",1283,150,"small","M2.1",0.00856590270996094,FALSE,FALSE
"MRGN","CSq",1284,150,"small","M3",0.00425195693969727,FALSE,FALSE
"MRGN","CSq",1285,150,"small","M4",0.00502109527587891,FALSE,FALSE
"MRGN","CSq",1286,300,"small","M0.1",0.00447702407836914,FALSE,FALSE
"MRGN","CSq",1287,300,"small","M1.1",0.00506591796875,FALSE,FALSE
"MRGN","CSq",1288,300,"small","M2.1",0.00347399711608887,FALSE,FALSE
"MRGN","CSq",1289,300,"small","M3",0.00527191162109375,FALSE,FALSE
"MRGN","CSq",1290,300,"small","M4",0.00557088851928711,FALSE,FALSE
"MRGN","CSq",1291,670,"small","M0.1",0.00770115852355957,FALSE,FALSE
"MRGN","CSq",1292,670,"small","M1.1",0.00761198997497559,FALSE,FALSE
"MRGN","CSq",1293,670,"small","M2.1",0.00911808013916016,FALSE,FALSE
"MRGN","CSq",1294,670,"small","M3",0.0123400688171387,FALSE,FALSE
"MRGN","CSq",1295,670,"small","M4",0.00495195388793945,FALSE,FALSE
"MRGN","CSq",1296,1000,"small","M0.1",0.00693583488464355,FALSE,FALSE
"MRGN","CSq",1297,1000,"small","M1.1",0.00680994987487793,FALSE,FALSE
"MRGN","CSq",1298,1000,"small","M2.1",0.0119879245758057,FALSE,FALSE
"MRGN","CSq",1299,1000,"small","M3",0.0093379020690918,FALSE,FALSE
"MRGN","CSq",1300,1000,"small","M4",0.00871992111206055,FALSE,FALSE
"MRGN","CSq",1301,50,"medium","M0.1",0.00770783424377441,FALSE,FALSE
"MRGN","CSq",1302,50,"medium","M1.1",0.00420498847961426,FALSE,FALSE
"MRGN","CSq",1303,50,"medium","M2.1",0.00397396087646484,FALSE,FALSE
"MRGN","CSq",1304,50,"medium","M3",0.00458216667175293,FALSE,FALSE
"MRGN","CSq",1305,50,"medium","M4",0.00410819053649902,FALSE,FALSE
"MRGN","CSq",1306,150,"medium","M0.1",0.00596213340759277,FALSE,FALSE
"MRGN","CSq",1307,150,"medium","M1.1",0.00830817222595215,FALSE,FALSE
"MRGN","CSq",1308,150,"medium","M2.1",0.00600504875183105,FALSE,FALSE
"MRGN","CSq",1309,150,"medium","M3",0.00446987152099609,FALSE,FALSE
"MRGN","CSq",1310,150,"medium","M4",0.00715899467468262,FALSE,FALSE
"MRGN","CSq",1311,300,"medium","M0.1",0.00671291351318359,FALSE,FALSE
"MRGN","CSq",1312,300,"medium","M1.1",0.00574111938476562,FALSE,FALSE
"MRGN","CSq",1313,300,"medium","M2.1",0.00584220886230469,FALSE,FALSE
"MRGN","CSq",1314,300,"medium","M3",0.00329208374023438,FALSE,FALSE
"MRGN","CSq",1315,300,"medium","M4",0.00680780410766602,FALSE,FALSE
"MRGN","CSq",1316,670,"medium","M0.1",0.00874805450439453,FALSE,FALSE
"MRGN","CSq",1317,670,"medium","M1.1",0.00916194915771484,FALSE,FALSE
"MRGN","CSq",1318,670,"medium","M2.1",0.0115878582000732,FALSE,FALSE
"MRGN","CSq",1319,670,"medium","M3",0.0103051662445068,FALSE,FALSE
"MRGN","CSq",1320,670,"medium","M4",0.00787901878356934,FALSE,FALSE
"MRGN","CSq",1321,1000,"medium","M0.1",0.00439095497131348,FALSE,FALSE
"MRGN","CSq",1322,1000,"medium","M1.1",0.0125601291656494,FALSE,FALSE
"MRGN","CSq",1323,1000,"medium","M2.1",0.0261590480804443,FALSE,FALSE
"MRGN","CSq",1324,1000,"medium","M3",0.0157461166381836,FALSE,FALSE
"MRGN","CSq",1325,1000,"medium","M4",0.00490212440490723,FALSE,FALSE
"MRGN","CSq",1326,50,"large","M0.1",0.00387001037597656,FALSE,FALSE
"MRGN","CSq",1327,50,"large","M1.1",0.00565195083618164,FALSE,FALSE
"MRGN","CSq",1328,50,"large","M2.1",0.00524187088012695,FALSE,FALSE
"MRGN","CSq",1329,50,"large","M3",0.0041661262512207,FALSE,FALSE
"MRGN","CSq",1330,50,"large","M4",0.00466299057006836,FALSE,FALSE
"MRGN","CSq",1331,150,"large","M0.1",0.00437188148498535,FALSE,FALSE
"MRGN","CSq",1332,150,"large","M1.1",0.00470399856567383,FALSE,FALSE
"MRGN","CSq",1333,150,"large","M2.1",0.00954008102416992,FALSE,FALSE
"MRGN","CSq",1334,150,"large","M3",0.00901508331298828,FALSE,FALSE
"MRGN","CSq",1335,150,"large","M4",0.00506401062011719,FALSE,FALSE
"MRGN","CSq",1336,300,"large","M0.1",0.00580787658691406,FALSE,FALSE
"MRGN","CSq",1337,300,"large","M1.1",0.00493788719177246,FALSE,FALSE
"MRGN","CSq",1338,300,"large","M2.1",0.00584983825683594,FALSE,FALSE
"MRGN","CSq",1339,300,"large","M3",0.00580000877380371,FALSE,FALSE
"MRGN","CSq",1340,300,"large","M4",0.0060279369354248,FALSE,FALSE
"MRGN","CSq",1341,670,"large","M0.1",0.00709319114685059,FALSE,FALSE
"MRGN","CSq",1342,670,"large","M1.1",0.00574302673339844,FALSE,FALSE
"MRGN","CSq",1343,670,"large","M2.1",0.00996017456054688,FALSE,FALSE
"MRGN","CSq",1344,670,"large","M3",0.0097808837890625,FALSE,FALSE
"MRGN","CSq",1345,670,"large","M4",0.00857710838317871,FALSE,FALSE
"MRGN","CSq",1346,1000,"large","M0.1",0.0107440948486328,FALSE,FALSE
"MRGN","CSq",1347,1000,"large","M1.1",0.00767111778259277,FALSE,FALSE
"MRGN","CSq",1348,1000,"large","M2.1",0.015861988067627,FALSE,FALSE
"MRGN","CSq",1349,1000,"large","M3",0.00666308403015137,FALSE,FALSE
"MRGN","CSq",1350,1000,"large","M4",0.0137598514556885,FALSE,FALSE
"MRGN","CSq",1351,50,"small","M0.1",0.00543999671936035,FALSE,FALSE
"MRGN","CSq",1352,50,"small","M1.1",0.00449204444885254,FALSE,FALSE
"MRGN","CSq",1353,50,"small","M2.1",0.00631809234619141,FALSE,FALSE
"MRGN","CSq",1354,50,"small","M3",0.00438308715820312,FALSE,FALSE
"MRGN","CSq",1355,50,"small","M4",0.00450897216796875,FALSE,FALSE
"MRGN","CSq",1356,150,"small","M0.1",0.0102009773254395,FALSE,FALSE
"MRGN","CSq",1357,150,"small","M1.1",0.00816702842712402,FALSE,FALSE
"MRGN","CSq",1358,150,"small","M2.1",0.00931215286254883,FALSE,FALSE
"MRGN","CSq",1359,150,"small","M3",0.00986695289611816,FALSE,FALSE
"MRGN","CSq",1360,150,"small","M4",0.00831198692321777,FALSE,FALSE
"MRGN","CSq",1361,300,"small","M0.1",0.00673985481262207,FALSE,FALSE
"MRGN","CSq",1362,300,"small","M1.1",0.00638699531555176,FALSE,FALSE
"MRGN","CSq",1363,300,"small","M2.1",0.00586295127868652,FALSE,FALSE
"MRGN","CSq",1364,300,"small","M3",0.0065920352935791,FALSE,FALSE
"MRGN","CSq",1365,300,"small","M4",0.0028688907623291,FALSE,FALSE
"MRGN","CSq",1366,670,"small","M0.1",0.0125479698181152,FALSE,FALSE
"MRGN","CSq",1367,670,"small","M1.1",0.0188429355621338,FALSE,FALSE
"MRGN","CSq",1368,670,"small","M2.1",0.0119760036468506,FALSE,FALSE
"MRGN","CSq",1369,670,"small","M3",0.0106678009033203,FALSE,FALSE
"MRGN","CSq",1370,670,"small","M4",0.0131449699401855,FALSE,FALSE
"MRGN","CSq",1371,1000,"small","M0.1",0.00866508483886719,FALSE,FALSE
"MRGN","CSq",1372,1000,"small","M1.1",0.00855398178100586,FALSE,FALSE
"MRGN","CSq",1373,1000,"small","M2.1",0.0126590728759766,FALSE,FALSE
"MRGN","CSq",1374,1000,"small","M3",0.0144400596618652,FALSE,FALSE
"MRGN","CSq",1375,1000,"small","M4",0.00984978675842285,FALSE,FALSE
"MRGN","CSq",1376,50,"medium","M0.1",0.00727200508117676,FALSE,FALSE
"MRGN","CSq",1377,50,"medium","M1.1",0.00388288497924805,FALSE,FALSE
"MRGN","CSq",1378,50,"medium","M2.1",0.00720810890197754,FALSE,FALSE
"MRGN","CSq",1379,50,"medium","M3",0.0042421817779541,FALSE,FALSE
"MRGN","CSq",1380,50,"medium","M4",0.00418996810913086,FALSE,FALSE
"MRGN","CSq",1381,150,"medium","M0.1",0.00929498672485352,FALSE,FALSE
"MRGN","CSq",1382,150,"medium","M1.1",0.00910806655883789,FALSE,FALSE
"MRGN","CSq",1383,150,"medium","M2.1",0.00722098350524902,FALSE,FALSE
"MRGN","CSq",1384,150,"medium","M3",0.00871396064758301,FALSE,FALSE
"MRGN","CSq",1385,150,"medium","M4",0.00632405281066895,FALSE,FALSE
"MRGN","CSq",1386,300,"medium","M0.1",0.00534796714782715,FALSE,FALSE
"MRGN","CSq",1387,300,"medium","M1.1",0.00562191009521484,FALSE,FALSE
"MRGN","CSq",1388,300,"medium","M2.1",0.00378990173339844,FALSE,FALSE
"MRGN","CSq",1389,300,"medium","M3",0.00313997268676758,FALSE,FALSE
"MRGN","CSq",1390,300,"medium","M4",0.00548005104064941,FALSE,FALSE
"MRGN","CSq",1391,670,"medium","M0.1",0.00524115562438965,FALSE,FALSE
"MRGN","CSq",1392,670,"medium","M1.1",0.00864911079406738,FALSE,FALSE
"MRGN","CSq",1393,670,"medium","M2.1",0.0110790729522705,FALSE,FALSE
"MRGN","CSq",1394,670,"medium","M3",0.0065150260925293,FALSE,FALSE
"MRGN","CSq",1395,670,"medium","M4",0.0213479995727539,FALSE,FALSE
"MRGN","CSq",1396,1000,"medium","M0.1",0.0105991363525391,FALSE,FALSE
"MRGN","CSq",1397,1000,"medium","M1.1",0.0163769721984863,FALSE,FALSE
"MRGN","CSq",1398,1000,"medium","M2.1",0.0165050029754639,FALSE,FALSE
"MRGN","CSq",1399,1000,"medium","M3",0.00836086273193359,FALSE,FALSE
"MRGN","CSq",1400,1000,"medium","M4",0.0144929885864258,FALSE,FALSE
"MRGN","CSq",1401,50,"large","M0.1",0.00412893295288086,FALSE,FALSE
"MRGN","CSq",1402,50,"large","M1.1",0.00779914855957031,FALSE,FALSE
"MRGN","CSq",1403,50,"large","M2.1",0.00756216049194336,FALSE,FALSE
"MRGN","CSq",1404,50,"large","M3",0.00716590881347656,FALSE,FALSE
"MRGN","CSq",1405,50,"large","M4",0.00735807418823242,FALSE,FALSE
"MRGN","CSq",1406,150,"large","M0.1",0.00738406181335449,FALSE,FALSE
"MRGN","CSq",1407,150,"large","M1.1",0.00654911994934082,FALSE,FALSE
"MRGN","CSq",1408,150,"large","M2.1",0.00662493705749512,FALSE,FALSE
"MRGN","CSq",1409,150,"large","M3",0.00831508636474609,FALSE,FALSE
"MRGN","CSq",1410,150,"large","M4",0.00849580764770508,FALSE,FALSE
"MRGN","CSq",1411,300,"large","M0.1",0.00683903694152832,FALSE,FALSE
"MRGN","CSq",1412,300,"large","M1.1",0.00659894943237305,FALSE,FALSE
"MRGN","CSq",1413,300,"large","M2.1",0.0147750377655029,FALSE,FALSE
"MRGN","CSq",1414,300,"large","M3",0.00484490394592285,FALSE,FALSE
"MRGN","CSq",1415,300,"large","M4",0.00468707084655762,FALSE,FALSE
"MRGN","CSq",1416,670,"large","M0.1",0.00852108001708984,FALSE,FALSE
"MRGN","CSq",1417,670,"large","M1.1",0.0177738666534424,FALSE,FALSE
"MRGN","CSq",1418,670,"large","M2.1",0.0180268287658691,FALSE,FALSE
"MRGN","CSq",1419,670,"large","M3",0.0138800144195557,FALSE,FALSE
"MRGN","CSq",1420,670,"large","M4",0.012861967086792,FALSE,FALSE
"MRGN","CSq",1421,1000,"large","M0.1",0.0111370086669922,FALSE,FALSE
"MRGN","CSq",1422,1000,"large","M1.1",0.0101749897003174,FALSE,FALSE
"MRGN","CSq",1423,1000,"large","M2.1",0.0111489295959473,FALSE,FALSE
"MRGN","CSq",1424,1000,"large","M3",0.0121669769287109,FALSE,FALSE
"MRGN","CSq",1425,1000,"large","M4",0.0145480632781982,FALSE,FALSE
"MRGN","CSq",1426,50,"small","M0.1",0.0043950080871582,FALSE,FALSE
"MRGN","CSq",1427,50,"small","M1.1",0.00632500648498535,FALSE,FALSE
"MRGN","CSq",1428,50,"small","M2.1",0.00473785400390625,FALSE,FALSE
"MRGN","CSq",1429,50,"small","M3",0.00442409515380859,FALSE,FALSE
"MRGN","CSq",1430,50,"small","M4",0.00735783576965332,FALSE,FALSE
"MRGN","CSq",1431,150,"small","M0.1",0.0104858875274658,FALSE,FALSE
"MRGN","CSq",1432,150,"small","M1.1",0.00951886177062988,FALSE,FALSE
"MRGN","CSq",1433,150,"small","M2.1",0.0083010196685791,FALSE,FALSE
"MRGN","CSq",1434,150,"small","M3",0.00873494148254395,FALSE,FALSE
"MRGN","CSq",1435,150,"small","M4",0.00867009162902832,FALSE,FALSE
"MRGN","CSq",1436,300,"small","M0.1",0.00571012496948242,FALSE,FALSE
"MRGN","CSq",1437,300,"small","M1.1",0.00559401512145996,FALSE,FALSE
"MRGN","CSq",1438,300,"small","M2.1",0.00622892379760742,FALSE,FALSE
"MRGN","CSq",1439,300,"small","M3",0.00528693199157715,FALSE,FALSE
"MRGN","CSq",1440,300,"small","M4",0.00459194183349609,FALSE,FALSE
"MRGN","CSq",1441,670,"small","M0.1",0.0244739055633545,FALSE,FALSE
"MRGN","CSq",1442,670,"small","M1.1",0.0506248474121094,FALSE,FALSE
"MRGN","CSq",1443,670,"small","M2.1",0.00862908363342285,FALSE,FALSE
"MRGN","CSq",1444,670,"small","M3",0.00787615776062012,FALSE,FALSE
"MRGN","CSq",1445,670,"small","M4",0.0129768848419189,FALSE,FALSE
"MRGN","CSq",1446,1000,"small","M0.1",0.0130190849304199,FALSE,FALSE
"MRGN","CSq",1447,1000,"small","M1.1",0.0103869438171387,FALSE,FALSE
"MRGN","CSq",1448,1000,"small","M2.1",0.0132770538330078,FALSE,FALSE
"MRGN","CSq",1449,1000,"small","M3",0.0128819942474365,FALSE,FALSE
"MRGN","CSq",1450,1000,"small","M4",0.0151078701019287,FALSE,FALSE
"MRGN","CSq",1451,50,"medium","M0.1",0.00655603408813477,FALSE,FALSE
"MRGN","CSq",1452,50,"medium","M1.1",0.00425601005554199,FALSE,FALSE
"MRGN","CSq",1453,50,"medium","M2.1",0.00430202484130859,FALSE,FALSE
"MRGN","CSq",1454,50,"medium","M3",0.00772404670715332,FALSE,FALSE
"MRGN","CSq",1455,50,"medium","M4",0.00706696510314941,FALSE,FALSE
"MRGN","CSq",1456,150,"medium","M0.1",0.0103728771209717,FALSE,FALSE
"MRGN","CSq",1457,150,"medium","M1.1",0.00440406799316406,FALSE,FALSE
"MRGN","CSq",1458,150,"medium","M2.1",0.00957608222961426,FALSE,FALSE
"MRGN","CSq",1459,150,"medium","M3",0.00973892211914062,FALSE,FALSE
"MRGN","CSq",1460,150,"medium","M4",0.0091559886932373,FALSE,FALSE
"MRGN","CSq",1461,300,"medium","M0.1",0.00560402870178223,FALSE,FALSE
"MRGN","CSq",1462,300,"medium","M1.1",0.00612592697143555,FALSE,FALSE
"MRGN","CSq",1463,300,"medium","M2.1",0.00484800338745117,FALSE,FALSE
"MRGN","CSq",1464,300,"medium","M3",0.00532793998718262,FALSE,FALSE
"MRGN","CSq",1465,300,"medium","M4",0.00504899024963379,FALSE,FALSE
"MRGN","CSq",1466,670,"medium","M0.1",0.00743198394775391,FALSE,FALSE
"MRGN","CSq",1467,670,"medium","M1.1",0.0111188888549805,FALSE,FALSE
"MRGN","CSq",1468,670,"medium","M2.1",0.0179300308227539,FALSE,FALSE
"MRGN","CSq",1469,670,"medium","M3",0.0153582096099854,FALSE,FALSE
"MRGN","CSq",1470,670,"medium","M4",0.023543119430542,FALSE,FALSE
"MRGN","CSq",1471,1000,"medium","M0.1",0.0103709697723389,FALSE,FALSE
"MRGN","CSq",1472,1000,"medium","M1.1",0.0179049968719482,FALSE,FALSE
"MRGN","CSq",1473,1000,"medium","M2.1",0.0110208988189697,FALSE,FALSE
"MRGN","CSq",1474,1000,"medium","M3",0.010732889175415,FALSE,FALSE
"MRGN","CSq",1475,1000,"medium","M4",0.00835919380187988,FALSE,FALSE
"MRGN","CSq",1476,50,"large","M0.1",0.00405406951904297,FALSE,FALSE
"MRGN","CSq",1477,50,"large","M1.1",0.00715804100036621,FALSE,FALSE
"MRGN","CSq",1478,50,"large","M2.1",0.00544500350952148,FALSE,FALSE
"MRGN","CSq",1479,50,"large","M3",0.00415802001953125,FALSE,FALSE
"MRGN","CSq",1480,50,"large","M4",0.00392484664916992,FALSE,FALSE
"MRGN","CSq",1481,150,"large","M0.1",0.00814294815063477,FALSE,FALSE
"MRGN","CSq",1482,150,"large","M1.1",0.00900721549987793,FALSE,FALSE
"MRGN","CSq",1483,150,"large","M2.1",0.0093379020690918,FALSE,FALSE
"MRGN","CSq",1484,150,"large","M3",0.0076749324798584,FALSE,FALSE
"MRGN","CSq",1485,150,"large","M4",0.0082709789276123,FALSE,FALSE
"MRGN","CSq",1486,300,"large","M0.1",0.005950927734375,FALSE,FALSE
"MRGN","CSq",1487,300,"large","M1.1",0.00262808799743652,FALSE,FALSE
"MRGN","CSq",1488,300,"large","M2.1",0.00577378273010254,FALSE,FALSE
"MRGN","CSq",1489,300,"large","M3",0.00440502166748047,FALSE,FALSE
"MRGN","CSq",1490,300,"large","M4",0.00544285774230957,FALSE,FALSE
"MRGN","CSq",1491,670,"large","M0.1",0.00916099548339844,FALSE,FALSE
"MRGN","CSq",1492,670,"large","M1.1",0.00742602348327637,FALSE,FALSE
"MRGN","CSq",1493,670,"large","M2.1",0.00682902336120605,FALSE,FALSE
"MRGN","CSq",1494,670,"large","M3",0.0107030868530273,FALSE,FALSE
"MRGN","CSq",1495,670,"large","M4",0.013761043548584,FALSE,FALSE
"MRGN","CSq",1496,1000,"large","M0.1",0.0100131034851074,FALSE,FALSE
"MRGN","CSq",1497,1000,"large","M1.1",0.006072998046875,FALSE,FALSE
"MRGN","CSq",1498,1000,"large","M2.1",0.00636005401611328,FALSE,FALSE
"MRGN","CSq",1499,1000,"large","M3",0.00373387336730957,FALSE,FALSE
"MRGN","CSq",1500,1000,"large","M4",0.00912690162658691,FALSE,FALSE
"MRGN","CSa",1,50,"small","M0.1",0.0272529125213623,FALSE,FALSE
"MRGN","CSa",2,50,"small","M1.1",0.0338599681854248,FALSE,FALSE
"MRGN","CSa",3,50,"small","M2.1",0.0205378532409668,FALSE,FALSE
"MRGN","CSa",4,50,"small","M3",0.0277979373931885,FALSE,FALSE
"MRGN","CSa",5,50,"small","M4",0.0299959182739258,FALSE,FALSE
"MRGN","CSa",6,150,"small","M0.1",0.0376009941101074,FALSE,FALSE
"MRGN","CSa",7,150,"small","M1.1",0.0246191024780273,FALSE,FALSE
"MRGN","CSa",8,150,"small","M2.1",0.0393269062042236,FALSE,FALSE
"MRGN","CSa",9,150,"small","M3",0.0460550785064697,FALSE,FALSE
"MRGN","CSa",10,150,"small","M4",0.0335390567779541,FALSE,FALSE
"MRGN","CSa",11,300,"small","M0.1",0.0838868618011475,FALSE,FALSE
"MRGN","CSa",12,300,"small","M1.1",0.0645151138305664,FALSE,FALSE
"MRGN","CSa",13,300,"small","M2.1",0.0509440898895264,FALSE,FALSE
"MRGN","CSa",14,300,"small","M3",0.0674009323120117,FALSE,FALSE
"MRGN","CSa",15,300,"small","M4",0.0505659580230713,FALSE,FALSE
"MRGN","CSa",16,670,"small","M0.1",0.0707278251647949,FALSE,FALSE
"MRGN","CSa",17,670,"small","M1.1",0.108357906341553,FALSE,FALSE
"MRGN","CSa",18,670,"small","M2.1",0.0568790435791016,FALSE,FALSE
"MRGN","CSa",19,670,"small","M3",0.0293481349945068,FALSE,FALSE
"MRGN","CSa",20,670,"small","M4",0.0379898548126221,FALSE,FALSE
"MRGN","CSa",21,1000,"small","M0.1",0.111117839813232,FALSE,FALSE
"MRGN","CSa",22,1000,"small","M1.1",0.0305500030517578,FALSE,FALSE
"MRGN","CSa",23,1000,"small","M2.1",0.0387568473815918,FALSE,FALSE
"MRGN","CSa",24,1000,"small","M3",0.0413458347320557,FALSE,FALSE
"MRGN","CSa",25,1000,"small","M4",0.0494129657745361,FALSE,FALSE
"MRGN","CSa",26,50,"medium","M0.1",0.0234770774841309,FALSE,FALSE
"MRGN","CSa",27,50,"medium","M1.1",0.017158031463623,FALSE,FALSE
"MRGN","CSa",28,50,"medium","M2.1",0.0205068588256836,FALSE,FALSE
"MRGN","CSa",29,50,"medium","M3",0.0224590301513672,FALSE,FALSE
"MRGN","CSa",30,50,"medium","M4",0.0184218883514404,FALSE,FALSE
"MRGN","CSa",31,150,"medium","M0.1",0.0340750217437744,FALSE,FALSE
"MRGN","CSa",32,150,"medium","M1.1",0.030674934387207,FALSE,FALSE
"MRGN","CSa",33,150,"medium","M2.1",0.0334169864654541,FALSE,FALSE
"MRGN","CSa",34,150,"medium","M3",0.0414371490478516,FALSE,FALSE
"MRGN","CSa",35,150,"medium","M4",0.026479959487915,FALSE,FALSE
"MRGN","CSa",36,300,"medium","M0.1",0.0332729816436768,FALSE,FALSE
"MRGN","CSa",37,300,"medium","M1.1",0.0690670013427734,FALSE,FALSE
"MRGN","CSa",38,300,"medium","M2.1",0.0541889667510986,FALSE,FALSE
"MRGN","CSa",39,300,"medium","M3",0.0584230422973633,FALSE,FALSE
"MRGN","CSa",40,300,"medium","M4",0.0717229843139648,FALSE,FALSE
"MRGN","CSa",41,670,"medium","M0.1",0.0338191986083984,FALSE,FALSE
"MRGN","CSa",42,670,"medium","M1.1",0.0254390239715576,FALSE,FALSE
"MRGN","CSa",43,670,"medium","M2.1",0.0560400485992432,FALSE,FALSE
"MRGN","CSa",44,670,"medium","M3",0.0400609970092773,FALSE,FALSE
"MRGN","CSa",45,670,"medium","M4",0.0432040691375732,FALSE,FALSE
"MRGN","CSa",46,1000,"medium","M0.1",0.0544760227203369,FALSE,FALSE
"MRGN","CSa",47,1000,"medium","M1.1",0.0520250797271729,FALSE,FALSE
"MRGN","CSa",48,1000,"medium","M2.1",0.0504181385040283,FALSE,FALSE
"MRGN","CSa",49,1000,"medium","M3",0.0594081878662109,FALSE,FALSE
"MRGN","CSa",50,1000,"medium","M4",0.0451359748840332,FALSE,FALSE
"MRGN","CSa",51,50,"large","M0.1",0.0259947776794434,FALSE,FALSE
"MRGN","CSa",52,50,"large","M1.1",0.0306060314178467,FALSE,FALSE
"MRGN","CSa",53,50,"large","M2.1",0.0196371078491211,FALSE,FALSE
"MRGN","CSa",54,50,"large","M3",0.021834135055542,FALSE,FALSE
"MRGN","CSa",55,50,"large","M4",0.0274739265441895,FALSE,FALSE
"MRGN","CSa",56,150,"large","M0.1",0.0318460464477539,FALSE,FALSE
"MRGN","CSa",57,150,"large","M1.1",0.0294578075408936,FALSE,FALSE
"MRGN","CSa",58,150,"large","M2.1",0.282076120376587,FALSE,FALSE
"MRGN","CSa",59,150,"large","M3",0.0424089431762695,FALSE,FALSE
"MRGN","CSa",60,150,"large","M4",0.0307660102844238,FALSE,FALSE
"MRGN","CSa",61,300,"large","M0.1",0.065701961517334,FALSE,FALSE
"MRGN","CSa",62,300,"large","M1.1",0.0729799270629883,FALSE,FALSE
"MRGN","CSa",63,300,"large","M2.1",0.0281949043273926,FALSE,FALSE
"MRGN","CSa",64,300,"large","M3",0.0534930229187012,FALSE,FALSE
"MRGN","CSa",65,300,"large","M4",0.0576589107513428,FALSE,FALSE
"MRGN","CSa",66,670,"large","M0.1",0.0451979637145996,FALSE,FALSE
"MRGN","CSa",67,670,"large","M1.1",0.0251011848449707,FALSE,FALSE
"MRGN","CSa",68,670,"large","M2.1",0.0462849140167236,FALSE,FALSE
"MRGN","CSa",69,670,"large","M3",0.0277459621429443,FALSE,FALSE
"MRGN","CSa",70,670,"large","M4",0.0328080654144287,FALSE,FALSE
"MRGN","CSa",71,1000,"large","M0.1",0.036747932434082,FALSE,FALSE
"MRGN","CSa",72,1000,"large","M1.1",0.297066926956177,FALSE,FALSE
"MRGN","CSa",73,1000,"large","M2.1",0.13427996635437,FALSE,FALSE
"MRGN","CSa",74,1000,"large","M3",0.0439281463623047,FALSE,FALSE
"MRGN","CSa",75,1000,"large","M4",0.0397560596466064,FALSE,FALSE
"MRGN","CSa",76,50,"small","M0.1",0.0170481204986572,FALSE,FALSE
"MRGN","CSa",77,50,"small","M1.1",0.0208241939544678,FALSE,FALSE
"MRGN","CSa",78,50,"small","M2.1",0.0288338661193848,FALSE,FALSE
"MRGN","CSa",79,50,"small","M3",0.0263469219207764,FALSE,FALSE
"MRGN","CSa",80,50,"small","M4",0.0267660617828369,FALSE,FALSE
"MRGN","CSa",81,150,"small","M0.1",0.02799391746521,FALSE,FALSE
"MRGN","CSa",82,150,"small","M1.1",0.0385501384735107,FALSE,FALSE
"MRGN","CSa",83,150,"small","M2.1",0.0300750732421875,FALSE,FALSE
"MRGN","CSa",84,150,"small","M3",0.0314640998840332,FALSE,FALSE
"MRGN","CSa",85,150,"small","M4",0.0285539627075195,FALSE,FALSE
"MRGN","CSa",86,300,"small","M0.1",0.0785801410675049,FALSE,FALSE
"MRGN","CSa",87,300,"small","M1.1",0.0711839199066162,FALSE,FALSE
"MRGN","CSa",88,300,"small","M2.1",0.0622398853302002,FALSE,FALSE
"MRGN","CSa",89,300,"small","M3",0.0511839389801025,FALSE,FALSE
"MRGN","CSa",90,300,"small","M4",0.0671899318695068,FALSE,FALSE
"MRGN","CSa",91,670,"small","M0.1",0.0380280017852783,FALSE,FALSE
"MRGN","CSa",92,670,"small","M1.1",0.0318000316619873,FALSE,FALSE
"MRGN","CSa",93,670,"small","M2.1",0.0329930782318115,FALSE,FALSE
"MRGN","CSa",94,670,"small","M3",0.0340209007263184,FALSE,FALSE
"MRGN","CSa",95,670,"small","M4",0.0882890224456787,FALSE,FALSE
"MRGN","CSa",96,1000,"small","M0.1",0.0515968799591064,FALSE,FALSE
"MRGN","CSa",97,1000,"small","M1.1",0.0401880741119385,FALSE,FALSE
"MRGN","CSa",98,1000,"small","M2.1",0.0958380699157715,FALSE,FALSE
"MRGN","CSa",99,1000,"small","M3",0.0919899940490723,FALSE,FALSE
"MRGN","CSa",100,1000,"small","M4",0.0560781955718994,FALSE,FALSE
"MRGN","CSa",101,50,"medium","M0.1",0.0175378322601318,FALSE,FALSE
"MRGN","CSa",102,50,"medium","M1.1",0.0210139751434326,FALSE,FALSE
"MRGN","CSa",103,50,"medium","M2.1",0.0217418670654297,FALSE,FALSE
"MRGN","CSa",104,50,"medium","M3",0.0271849632263184,FALSE,FALSE
"MRGN","CSa",105,50,"medium","M4",0.0271260738372803,FALSE,FALSE
"MRGN","CSa",106,150,"medium","M0.1",0.0263638496398926,FALSE,FALSE
"MRGN","CSa",107,150,"medium","M1.1",0.0343830585479736,FALSE,FALSE
"MRGN","CSa",108,150,"medium","M2.1",0.0295319557189941,FALSE,FALSE
"MRGN","CSa",109,150,"medium","M3",0.0337162017822266,FALSE,FALSE
"MRGN","CSa",110,150,"medium","M4",0.0316119194030762,FALSE,FALSE
"MRGN","CSa",111,300,"medium","M0.1",0.0820748805999756,FALSE,FALSE
"MRGN","CSa",112,300,"medium","M1.1",0.0543630123138428,FALSE,FALSE
"MRGN","CSa",113,300,"medium","M2.1",0.058617115020752,FALSE,FALSE
"MRGN","CSa",114,300,"medium","M3",0.037973165512085,FALSE,FALSE
"MRGN","CSa",115,300,"medium","M4",0.0531661510467529,FALSE,FALSE
"MRGN","CSa",116,670,"medium","M0.1",0.0846800804138184,FALSE,FALSE
"MRGN","CSa",117,670,"medium","M1.1",0.0630819797515869,FALSE,FALSE
"MRGN","CSa",118,670,"medium","M2.1",0.0628921985626221,FALSE,FALSE
"MRGN","CSa",119,670,"medium","M3",0.0690760612487793,FALSE,FALSE
"MRGN","CSa",120,670,"medium","M4",0.0784211158752441,FALSE,FALSE
"MRGN","CSa",121,1000,"medium","M0.1",0.0495970249176025,FALSE,FALSE
"MRGN","CSa",122,1000,"medium","M1.1",0.0225629806518555,FALSE,FALSE
"MRGN","CSa",123,1000,"medium","M2.1",0.0439519882202148,FALSE,FALSE
"MRGN","CSa",124,1000,"medium","M3",0.095466136932373,FALSE,FALSE
"MRGN","CSa",125,1000,"medium","M4",0.0693540573120117,FALSE,FALSE
"MRGN","CSa",126,50,"large","M0.1",0.0224499702453613,FALSE,FALSE
"MRGN","CSa",127,50,"large","M1.1",0.0205309391021729,FALSE,FALSE
"MRGN","CSa",128,50,"large","M2.1",0.0228719711303711,FALSE,FALSE
"MRGN","CSa",129,50,"large","M3",0.0210139751434326,FALSE,FALSE
"MRGN","CSa",130,50,"large","M4",0.0255460739135742,FALSE,FALSE
"MRGN","CSa",131,150,"large","M0.1",0.0305449962615967,FALSE,FALSE
"MRGN","CSa",132,150,"large","M1.1",0.027130126953125,FALSE,FALSE
"MRGN","CSa",133,150,"large","M2.1",0.0290601253509521,FALSE,FALSE
"MRGN","CSa",134,150,"large","M3",0.029076099395752,FALSE,FALSE
"MRGN","CSa",135,150,"large","M4",0.0473260879516602,FALSE,FALSE
"MRGN","CSa",136,300,"large","M0.1",0.0365040302276611,FALSE,FALSE
"MRGN","CSa",137,300,"large","M1.1",0.0687911510467529,FALSE,FALSE
"MRGN","CSa",138,300,"large","M2.1",0.0693008899688721,FALSE,FALSE
"MRGN","CSa",139,300,"large","M3",0.0301840305328369,FALSE,FALSE
"MRGN","CSa",140,300,"large","M4",0.0295581817626953,FALSE,FALSE
"MRGN","CSa",141,670,"large","M0.1",0.0369479656219482,FALSE,FALSE
"MRGN","CSa",142,670,"large","M1.1",0.0606448650360107,FALSE,FALSE
"MRGN","CSa",143,670,"large","M2.1",0.0791170597076416,FALSE,FALSE
"MRGN","CSa",144,670,"large","M3",0.0599629878997803,FALSE,FALSE
"MRGN","CSa",145,670,"large","M4",0.0852169990539551,FALSE,FALSE
"MRGN","CSa",146,1000,"large","M0.1",0.0465660095214844,FALSE,FALSE
"MRGN","CSa",147,1000,"large","M1.1",0.0374741554260254,FALSE,FALSE
"MRGN","CSa",148,1000,"large","M2.1",0.0260159969329834,FALSE,FALSE
"MRGN","CSa",149,1000,"large","M3",0.0448989868164062,FALSE,FALSE
"MRGN","CSa",150,1000,"large","M4",0.118737936019897,FALSE,FALSE
"MRGN","CSa",151,50,"small","M0.1",0.0201568603515625,FALSE,FALSE
"MRGN","CSa",152,50,"small","M1.1",0.0242910385131836,FALSE,FALSE
"MRGN","CSa",153,50,"small","M2.1",0.019050121307373,FALSE,FALSE
"MRGN","CSa",154,50,"small","M3",0.0230028629302979,FALSE,FALSE
"MRGN","CSa",155,50,"small","M4",0.019028902053833,FALSE,FALSE
"MRGN","CSa",156,150,"small","M0.1",0.0350058078765869,FALSE,FALSE
"MRGN","CSa",157,150,"small","M1.1",0.0308070182800293,FALSE,FALSE
"MRGN","CSa",158,150,"small","M2.1",0.0536479949951172,FALSE,FALSE
"MRGN","CSa",159,150,"small","M3",0.0254909992218018,FALSE,FALSE
"MRGN","CSa",160,150,"small","M4",0.0281047821044922,FALSE,FALSE
"MRGN","CSa",161,300,"small","M0.1",0.0259330272674561,FALSE,FALSE
"MRGN","CSa",162,300,"small","M1.1",0.026684045791626,FALSE,FALSE
"MRGN","CSa",163,300,"small","M2.1",0.0296840667724609,FALSE,FALSE
"MRGN","CSa",164,300,"small","M3",0.0372929573059082,FALSE,FALSE
"MRGN","CSa",165,300,"small","M4",0.0232899188995361,FALSE,FALSE
"MRGN","CSa",166,670,"small","M0.1",0.0625879764556885,FALSE,FALSE
"MRGN","CSa",167,670,"small","M1.1",0.0348968505859375,FALSE,FALSE
"MRGN","CSa",168,670,"small","M2.1",0.0344879627227783,FALSE,FALSE
"MRGN","CSa",169,670,"small","M3",0.0470600128173828,FALSE,FALSE
"MRGN","CSa",170,670,"small","M4",0.0430920124053955,FALSE,FALSE
"MRGN","CSa",171,1000,"small","M0.1",0.0815351009368896,FALSE,FALSE
"MRGN","CSa",172,1000,"small","M1.1",0.120093107223511,FALSE,FALSE
"MRGN","CSa",173,1000,"small","M2.1",0.0405149459838867,FALSE,FALSE
"MRGN","CSa",174,1000,"small","M3",0.0434131622314453,FALSE,FALSE
"MRGN","CSa",175,1000,"small","M4",0.041640043258667,FALSE,FALSE
"MRGN","CSa",176,50,"medium","M0.1",0.0384609699249268,FALSE,FALSE
"MRGN","CSa",177,50,"medium","M1.1",0.0282680988311768,FALSE,FALSE
"MRGN","CSa",178,50,"medium","M2.1",0.0207371711730957,FALSE,FALSE
"MRGN","CSa",179,50,"medium","M3",0.0337200164794922,FALSE,FALSE
"MRGN","CSa",180,50,"medium","M4",0.0235719680786133,FALSE,FALSE
"MRGN","CSa",181,150,"medium","M0.1",0.0270719528198242,FALSE,FALSE
"MRGN","CSa",182,150,"medium","M1.1",0.0323929786682129,FALSE,FALSE
"MRGN","CSa",183,150,"medium","M2.1",0.0294711589813232,FALSE,FALSE
"MRGN","CSa",184,150,"medium","M3",0.0308859348297119,FALSE,FALSE
"MRGN","CSa",185,150,"medium","M4",0.0539219379425049,FALSE,FALSE
"MRGN","CSa",186,300,"medium","M0.1",0.0297582149505615,FALSE,FALSE
"MRGN","CSa",187,300,"medium","M1.1",0.0207619667053223,FALSE,FALSE
"MRGN","CSa",188,300,"medium","M2.1",0.0236809253692627,FALSE,FALSE
"MRGN","CSa",189,300,"medium","M3",0.0256130695343018,FALSE,FALSE
"MRGN","CSa",190,300,"medium","M4",0.031682014465332,FALSE,FALSE
"MRGN","CSa",191,670,"medium","M0.1",0.0535109043121338,FALSE,FALSE
"MRGN","CSa",192,670,"medium","M1.1",0.0571589469909668,FALSE,FALSE
"MRGN","CSa",193,670,"medium","M2.1",0.0521249771118164,FALSE,FALSE
"MRGN","CSa",194,670,"medium","M3",0.0339839458465576,FALSE,FALSE
"MRGN","CSa",195,670,"medium","M4",0.043936014175415,FALSE,FALSE
"MRGN","CSa",196,1000,"medium","M0.1",0.0578038692474365,FALSE,FALSE
"MRGN","CSa",197,1000,"medium","M1.1",0.0429210662841797,FALSE,FALSE
"MRGN","CSa",198,1000,"medium","M2.1",0.0475919246673584,FALSE,FALSE
"MRGN","CSa",199,1000,"medium","M3",0.0574231147766113,FALSE,FALSE
"MRGN","CSa",200,1000,"medium","M4",0.0555169582366943,FALSE,FALSE
"MRGN","CSa",201,50,"large","M0.1",0.026561975479126,FALSE,FALSE
"MRGN","CSa",202,50,"large","M1.1",0.0339250564575195,FALSE,FALSE
"MRGN","CSa",203,50,"large","M2.1",0.020780086517334,FALSE,FALSE
"MRGN","CSa",204,50,"large","M3",0.022367000579834,FALSE,FALSE
"MRGN","CSa",205,50,"large","M4",0.0215370655059814,FALSE,FALSE
"MRGN","CSa",206,150,"large","M0.1",0.033440113067627,FALSE,FALSE
"MRGN","CSa",207,150,"large","M1.1",0.0353469848632812,FALSE,FALSE
"MRGN","CSa",208,150,"large","M2.1",0.0302441120147705,FALSE,FALSE
"MRGN","CSa",209,150,"large","M3",0.0359158515930176,FALSE,FALSE
"MRGN","CSa",210,150,"large","M4",0.033073902130127,FALSE,FALSE
"MRGN","CSa",211,300,"large","M0.1",0.0305910110473633,FALSE,FALSE
"MRGN","CSa",212,300,"large","M1.1",0.0243279933929443,FALSE,FALSE
"MRGN","CSa",213,300,"large","M2.1",0.0337438583374023,FALSE,FALSE
"MRGN","CSa",214,300,"large","M3",0.0173118114471436,FALSE,FALSE
"MRGN","CSa",215,300,"large","M4",0.0352540016174316,FALSE,FALSE
"MRGN","CSa",216,670,"large","M0.1",0.0203588008880615,FALSE,FALSE
"MRGN","CSa",217,670,"large","M1.1",0.0236411094665527,FALSE,FALSE
"MRGN","CSa",218,670,"large","M2.1",0.04575514793396,FALSE,FALSE
"MRGN","CSa",219,670,"large","M3",0.0322220325469971,FALSE,FALSE
"MRGN","CSa",220,670,"large","M4",0.0653989315032959,FALSE,FALSE
"MRGN","CSa",221,1000,"large","M0.1",0.0229978561401367,FALSE,FALSE
"MRGN","CSa",222,1000,"large","M1.1",0.0393588542938232,FALSE,FALSE
"MRGN","CSa",223,1000,"large","M2.1",0.0446000099182129,FALSE,FALSE
"MRGN","CSa",224,1000,"large","M3",0.0395989418029785,FALSE,FALSE
"MRGN","CSa",225,1000,"large","M4",0.045414924621582,FALSE,FALSE
"MRGN","CSa",226,50,"small","M0.1",0.0239531993865967,FALSE,FALSE
"MRGN","CSa",227,50,"small","M1.1",0.0252718925476074,FALSE,FALSE
"MRGN","CSa",228,50,"small","M2.1",0.0349338054656982,FALSE,FALSE
"MRGN","CSa",229,50,"small","M3",0.0227150917053223,FALSE,FALSE
"MRGN","CSa",230,50,"small","M4",0.0207889080047607,FALSE,FALSE
"MRGN","CSa",231,150,"small","M0.1",0.0292420387268066,FALSE,FALSE
"MRGN","CSa",232,150,"small","M1.1",0.0258419513702393,FALSE,FALSE
"MRGN","CSa",233,150,"small","M2.1",0.0323598384857178,FALSE,FALSE
"MRGN","CSa",234,150,"small","M3",0.0385961532592773,FALSE,FALSE
"MRGN","CSa",235,150,"small","M4",0.0262739658355713,FALSE,FALSE
"MRGN","CSa",236,300,"small","M0.1",0.03468918800354,FALSE,FALSE
"MRGN","CSa",237,300,"small","M1.1",0.0275249481201172,FALSE,FALSE
"MRGN","CSa",238,300,"small","M2.1",0.0302698612213135,FALSE,FALSE
"MRGN","CSa",239,300,"small","M3",0.0276448726654053,FALSE,FALSE
"MRGN","CSa",240,300,"small","M4",0.0410418510437012,FALSE,FALSE
"MRGN","CSa",241,670,"small","M0.1",0.0715420246124268,FALSE,FALSE
"MRGN","CSa",242,670,"small","M1.1",0.0851790904998779,FALSE,FALSE
"MRGN","CSa",243,670,"small","M2.1",0.0443179607391357,FALSE,FALSE
"MRGN","CSa",244,670,"small","M3",0.0367298126220703,FALSE,FALSE
"MRGN","CSa",245,670,"small","M4",0.053757905960083,FALSE,FALSE
"MRGN","CSa",246,1000,"small","M0.1",0.0605349540710449,FALSE,FALSE
"MRGN","CSa",247,1000,"small","M1.1",0.0477328300476074,FALSE,FALSE
"MRGN","CSa",248,1000,"small","M2.1",0.0642719268798828,FALSE,FALSE
"MRGN","CSa",249,1000,"small","M3",0.105318069458008,FALSE,FALSE
"MRGN","CSa",250,1000,"small","M4",0.0516550540924072,FALSE,FALSE
"MRGN","CSa",251,50,"medium","M0.1",0.0198309421539307,FALSE,FALSE
"MRGN","CSa",252,50,"medium","M1.1",0.0279459953308105,FALSE,FALSE
"MRGN","CSa",253,50,"medium","M2.1",0.0269138813018799,FALSE,FALSE
"MRGN","CSa",254,50,"medium","M3",0.0196490287780762,FALSE,FALSE
"MRGN","CSa",255,50,"medium","M4",0.0227780342102051,FALSE,FALSE
"MRGN","CSa",256,150,"medium","M0.1",0.0428268909454346,FALSE,FALSE
"MRGN","CSa",257,150,"medium","M1.1",0.0345568656921387,FALSE,FALSE
"MRGN","CSa",258,150,"medium","M2.1",0.0283501148223877,FALSE,FALSE
"MRGN","CSa",259,150,"medium","M3",0.0301730632781982,FALSE,FALSE
"MRGN","CSa",260,150,"medium","M4",0.0261499881744385,FALSE,FALSE
"MRGN","CSa",261,300,"medium","M0.1",0.0280468463897705,FALSE,FALSE
"MRGN","CSa",262,300,"medium","M1.1",0.0323541164398193,FALSE,FALSE
"MRGN","CSa",263,300,"medium","M2.1",0.0218751430511475,FALSE,FALSE
"MRGN","CSa",264,300,"medium","M3",0.0308599472045898,FALSE,FALSE
"MRGN","CSa",265,300,"medium","M4",0.0319449901580811,FALSE,FALSE
"MRGN","CSa",266,670,"medium","M0.1",0.0267488956451416,FALSE,FALSE
"MRGN","CSa",267,670,"medium","M1.1",0.041254997253418,FALSE,FALSE
"MRGN","CSa",268,670,"medium","M2.1",0.055959939956665,FALSE,FALSE
"MRGN","CSa",269,670,"medium","M3",0.0914599895477295,FALSE,FALSE
"MRGN","CSa",270,670,"medium","M4",0.0969109535217285,FALSE,FALSE
"MRGN","CSa",271,1000,"medium","M0.1",0.0417850017547607,FALSE,FALSE
"MRGN","CSa",272,1000,"medium","M1.1",0.0479991436004639,FALSE,FALSE
"MRGN","CSa",273,1000,"medium","M2.1",0.0438249111175537,FALSE,FALSE
"MRGN","CSa",274,1000,"medium","M3",0.106964826583862,FALSE,FALSE
"MRGN","CSa",275,1000,"medium","M4",0.122936964035034,FALSE,FALSE
"MRGN","CSa",276,50,"large","M0.1",0.0229408740997314,FALSE,FALSE
"MRGN","CSa",277,50,"large","M1.1",0.0277891159057617,FALSE,FALSE
"MRGN","CSa",278,50,"large","M2.1",0.0301179885864258,FALSE,FALSE
"MRGN","CSa",279,50,"large","M3",0.0232779979705811,FALSE,FALSE
"MRGN","CSa",280,50,"large","M4",0.0208330154418945,FALSE,FALSE
"MRGN","CSa",281,150,"large","M0.1",0.045036792755127,FALSE,FALSE
"MRGN","CSa",282,150,"large","M1.1",0.0316641330718994,FALSE,FALSE
"MRGN","CSa",283,150,"large","M2.1",0.031486988067627,FALSE,FALSE
"MRGN","CSa",284,150,"large","M3",0.0261399745941162,FALSE,FALSE
"MRGN","CSa",285,150,"large","M4",0.027299165725708,FALSE,FALSE
"MRGN","CSa",286,300,"large","M0.1",0.0261647701263428,FALSE,FALSE
"MRGN","CSa",287,300,"large","M1.1",0.0600550174713135,FALSE,FALSE
"MRGN","CSa",288,300,"large","M2.1",0.041050910949707,FALSE,FALSE
"MRGN","CSa",289,300,"large","M3",0.0638439655303955,FALSE,FALSE
"MRGN","CSa",290,300,"large","M4",0.0436699390411377,FALSE,FALSE
"MRGN","CSa",291,670,"large","M0.1",0.0353689193725586,FALSE,FALSE
"MRGN","CSa",292,670,"large","M1.1",0.0450379848480225,FALSE,FALSE
"MRGN","CSa",293,670,"large","M2.1",0.040708065032959,FALSE,FALSE
"MRGN","CSa",294,670,"large","M3",0.0339798927307129,FALSE,FALSE
"MRGN","CSa",295,670,"large","M4",0.05177903175354,FALSE,FALSE
"MRGN","CSa",296,1000,"large","M0.1",0.0397999286651611,FALSE,FALSE
"MRGN","CSa",297,1000,"large","M1.1",0.0379548072814941,FALSE,FALSE
"MRGN","CSa",298,1000,"large","M2.1",0.0403730869293213,FALSE,FALSE
"MRGN","CSa",299,1000,"large","M3",0.0466880798339844,FALSE,FALSE
"MRGN","CSa",300,1000,"large","M4",0.0317440032958984,FALSE,FALSE
"MRGN","CSa",301,50,"small","M0.1",0.0204269886016846,FALSE,FALSE
"MRGN","CSa",302,50,"small","M1.1",0.0344810485839844,FALSE,FALSE
"MRGN","CSa",303,50,"small","M2.1",0.0230541229248047,FALSE,FALSE
"MRGN","CSa",304,50,"small","M3",0.0265789031982422,FALSE,FALSE
"MRGN","CSa",305,50,"small","M4",0.0218331813812256,FALSE,FALSE
"MRGN","CSa",306,150,"small","M0.1",0.0373549461364746,FALSE,FALSE
"MRGN","CSa",307,150,"small","M1.1",0.0256829261779785,FALSE,FALSE
"MRGN","CSa",308,150,"small","M2.1",0.0346128940582275,FALSE,FALSE
"MRGN","CSa",309,150,"small","M3",0.0258400440216064,FALSE,FALSE
"MRGN","CSa",310,150,"small","M4",0.0313639640808105,FALSE,FALSE
"MRGN","CSa",311,300,"small","M0.1",0.0267701148986816,FALSE,FALSE
"MRGN","CSa",312,300,"small","M1.1",0.0312051773071289,FALSE,FALSE
"MRGN","CSa",313,300,"small","M2.1",0.0374898910522461,FALSE,FALSE
"MRGN","CSa",314,300,"small","M3",0.0181128978729248,FALSE,FALSE
"MRGN","CSa",315,300,"small","M4",0.0334560871124268,FALSE,FALSE
"MRGN","CSa",316,670,"small","M0.1",0.0492579936981201,FALSE,FALSE
"MRGN","CSa",317,670,"small","M1.1",0.0525498390197754,FALSE,FALSE
"MRGN","CSa",318,670,"small","M2.1",0.0192000865936279,FALSE,FALSE
"MRGN","CSa",319,670,"small","M3",0.0442628860473633,FALSE,FALSE
"MRGN","CSa",320,670,"small","M4",0.0386319160461426,FALSE,FALSE
"MRGN","CSa",321,1000,"small","M0.1",0.0305941104888916,FALSE,FALSE
"MRGN","CSa",322,1000,"small","M1.1",0.042496919631958,FALSE,FALSE
"MRGN","CSa",323,1000,"small","M2.1",0.0341689586639404,FALSE,FALSE
"MRGN","CSa",324,1000,"small","M3",0.0509510040283203,FALSE,FALSE
"MRGN","CSa",325,1000,"small","M4",0.0488181114196777,FALSE,FALSE
"MRGN","CSa",326,50,"medium","M0.1",0.0201330184936523,FALSE,FALSE
"MRGN","CSa",327,50,"medium","M1.1",0.0271680355072021,FALSE,FALSE
"MRGN","CSa",328,50,"medium","M2.1",0.0271730422973633,FALSE,FALSE
"MRGN","CSa",329,50,"medium","M3",0.0271210670471191,FALSE,FALSE
"MRGN","CSa",330,50,"medium","M4",0.0229878425598145,FALSE,FALSE
"MRGN","CSa",331,150,"medium","M0.1",0.030648946762085,FALSE,FALSE
"MRGN","CSa",332,150,"medium","M1.1",0.0257320404052734,FALSE,FALSE
"MRGN","CSa",333,150,"medium","M2.1",0.0397939682006836,FALSE,FALSE
"MRGN","CSa",334,150,"medium","M3",0.0311610698699951,FALSE,FALSE
"MRGN","CSa",335,150,"medium","M4",0.0376071929931641,FALSE,FALSE
"MRGN","CSa",336,300,"medium","M0.1",0.023730993270874,FALSE,FALSE
"MRGN","CSa",337,300,"medium","M1.1",0.0372869968414307,FALSE,FALSE
"MRGN","CSa",338,300,"medium","M2.1",0.0323238372802734,FALSE,FALSE
"MRGN","CSa",339,300,"medium","M3",0.0249550342559814,FALSE,FALSE
"MRGN","CSa",340,300,"medium","M4",0.0318160057067871,FALSE,FALSE
"MRGN","CSa",341,670,"medium","M0.1",0.0417351722717285,FALSE,FALSE
"MRGN","CSa",342,670,"medium","M1.1",0.0432031154632568,FALSE,FALSE
"MRGN","CSa",343,670,"medium","M2.1",0.0394229888916016,FALSE,FALSE
"MRGN","CSa",344,670,"medium","M3",0.108825922012329,FALSE,FALSE
"MRGN","CSa",345,670,"medium","M4",0.0781371593475342,FALSE,FALSE
"MRGN","CSa",346,1000,"medium","M0.1",0.0351009368896484,FALSE,FALSE
"MRGN","CSa",347,1000,"medium","M1.1",0.0482480525970459,FALSE,FALSE
"MRGN","CSa",348,1000,"medium","M2.1",0.0294837951660156,FALSE,FALSE
"MRGN","CSa",349,1000,"medium","M3",0.044910192489624,FALSE,FALSE
"MRGN","CSa",350,1000,"medium","M4",0.0296080112457275,FALSE,FALSE
"MRGN","CSa",351,50,"large","M0.1",0.0265059471130371,FALSE,FALSE
"MRGN","CSa",352,50,"large","M1.1",0.0190548896789551,FALSE,FALSE
"MRGN","CSa",353,50,"large","M2.1",0.0288660526275635,FALSE,FALSE
"MRGN","CSa",354,50,"large","M3",0.0256938934326172,FALSE,FALSE
"MRGN","CSa",355,50,"large","M4",0.0212459564208984,FALSE,FALSE
"MRGN","CSa",356,150,"large","M0.1",0.0343608856201172,FALSE,FALSE
"MRGN","CSa",357,150,"large","M1.1",0.0270421504974365,FALSE,FALSE
"MRGN","CSa",358,150,"large","M2.1",0.0268599987030029,FALSE,FALSE
"MRGN","CSa",359,150,"large","M3",0.0457510948181152,FALSE,FALSE
"MRGN","CSa",360,150,"large","M4",0.0284769535064697,FALSE,FALSE
"MRGN","CSa",361,300,"large","M0.1",0.0354180335998535,FALSE,FALSE
"MRGN","CSa",362,300,"large","M1.1",0.0278468132019043,FALSE,FALSE
"MRGN","CSa",363,300,"large","M2.1",0.0263710021972656,FALSE,FALSE
"MRGN","CSa",364,300,"large","M3",0.0311830043792725,FALSE,FALSE
"MRGN","CSa",365,300,"large","M4",0.0394971370697021,FALSE,FALSE
"MRGN","CSa",366,670,"large","M0.1",0.0994579792022705,FALSE,FALSE
"MRGN","CSa",367,670,"large","M1.1",0.0673191547393799,FALSE,FALSE
"MRGN","CSa",368,670,"large","M2.1",0.0562279224395752,FALSE,FALSE
"MRGN","CSa",369,670,"large","M3",0.0367019176483154,FALSE,FALSE
"MRGN","CSa",370,670,"large","M4",0.0354349613189697,FALSE,FALSE
"MRGN","CSa",371,1000,"large","M0.1",0.0508489608764648,FALSE,FALSE
"MRGN","CSa",372,1000,"large","M1.1",0.046022891998291,FALSE,FALSE
"MRGN","CSa",373,1000,"large","M2.1",0.0495970249176025,FALSE,FALSE
"MRGN","CSa",374,1000,"large","M3",0.0227768421173096,FALSE,FALSE
"MRGN","CSa",375,1000,"large","M4",0.0527360439300537,FALSE,FALSE
"MRGN","CSa",376,50,"small","M0.1",0.0330140590667725,FALSE,FALSE
"MRGN","CSa",377,50,"small","M1.1",0.025629997253418,FALSE,FALSE
"MRGN","CSa",378,50,"small","M2.1",0.0283670425415039,FALSE,FALSE
"MRGN","CSa",379,50,"small","M3",0.0198030471801758,FALSE,FALSE
"MRGN","CSa",380,50,"small","M4",0.0261969566345215,FALSE,FALSE
"MRGN","CSa",381,150,"small","M0.1",0.0295929908752441,FALSE,FALSE
"MRGN","CSa",382,150,"small","M1.1",0.0298821926116943,FALSE,FALSE
"MRGN","CSa",383,150,"small","M2.1",0.0292201042175293,FALSE,FALSE
"MRGN","CSa",384,150,"small","M3",0.041917085647583,FALSE,FALSE
"MRGN","CSa",385,150,"small","M4",0.0285918712615967,FALSE,FALSE
"MRGN","CSa",386,300,"small","M0.1",0.0325760841369629,FALSE,FALSE
"MRGN","CSa",387,300,"small","M1.1",0.0204489231109619,FALSE,FALSE
"MRGN","CSa",388,300,"small","M2.1",0.0314741134643555,FALSE,FALSE
"MRGN","CSa",389,300,"small","M3",0.0341219902038574,FALSE,FALSE
"MRGN","CSa",390,300,"small","M4",0.034743070602417,FALSE,FALSE
"MRGN","CSa",391,670,"small","M0.1",0.0463621616363525,FALSE,FALSE
"MRGN","CSa",392,670,"small","M1.1",0.105947971343994,FALSE,FALSE
"MRGN","CSa",393,670,"small","M2.1",0.0543718338012695,FALSE,FALSE
"MRGN","CSa",394,670,"small","M3",0.0962591171264648,FALSE,FALSE
"MRGN","CSa",395,670,"small","M4",0.0171148777008057,FALSE,FALSE
"MRGN","CSa",396,1000,"small","M0.1",0.0515010356903076,FALSE,FALSE
"MRGN","CSa",397,1000,"small","M1.1",0.040219783782959,FALSE,FALSE
"MRGN","CSa",398,1000,"small","M2.1",0.0497989654541016,FALSE,FALSE
"MRGN","CSa",399,1000,"small","M3",0.0503878593444824,FALSE,FALSE
"MRGN","CSa",400,1000,"small","M4",0.0349118709564209,FALSE,FALSE
"MRGN","CSa",401,50,"medium","M0.1",0.0312750339508057,FALSE,FALSE
"MRGN","CSa",402,50,"medium","M1.1",0.0219309329986572,FALSE,FALSE
"MRGN","CSa",403,50,"medium","M2.1",0.0244259834289551,FALSE,FALSE
"MRGN","CSa",404,50,"medium","M3",0.0227031707763672,FALSE,FALSE
"MRGN","CSa",405,50,"medium","M4",0.0214269161224365,FALSE,FALSE
"MRGN","CSa",406,150,"medium","M0.1",0.0246419906616211,FALSE,FALSE
"MRGN","CSa",407,150,"medium","M1.1",0.0283660888671875,FALSE,FALSE
"MRGN","CSa",408,150,"medium","M2.1",0.0275959968566895,FALSE,FALSE
"MRGN","CSa",409,150,"medium","M3",0.0356080532073975,FALSE,FALSE
"MRGN","CSa",410,150,"medium","M4",0.0203850269317627,FALSE,FALSE
"MRGN","CSa",411,300,"medium","M0.1",0.0209240913391113,FALSE,FALSE
"MRGN","CSa",412,300,"medium","M1.1",0.0294849872589111,FALSE,FALSE
"MRGN","CSa",413,300,"medium","M2.1",0.0306470394134521,FALSE,FALSE
"MRGN","CSa",414,300,"medium","M3",0.0295729637145996,FALSE,FALSE
"MRGN","CSa",415,300,"medium","M4",0.0264770984649658,FALSE,FALSE
"MRGN","CSa",416,670,"medium","M0.1",0.0260171890258789,FALSE,FALSE
"MRGN","CSa",417,670,"medium","M1.1",0.035114049911499,FALSE,FALSE
"MRGN","CSa",418,670,"medium","M2.1",0.0378859043121338,FALSE,FALSE
"MRGN","CSa",419,670,"medium","M3",0.0537619590759277,FALSE,FALSE
"MRGN","CSa",420,670,"medium","M4",0.0272941589355469,FALSE,FALSE
"MRGN","CSa",421,1000,"medium","M0.1",0.0411829948425293,FALSE,FALSE
"MRGN","CSa",422,1000,"medium","M1.1",0.0515100955963135,FALSE,FALSE
"MRGN","CSa",423,1000,"medium","M2.1",0.0490999221801758,FALSE,FALSE
"MRGN","CSa",424,1000,"medium","M3",0.0520370006561279,FALSE,FALSE
"MRGN","CSa",425,1000,"medium","M4",0.0310828685760498,FALSE,FALSE
"MRGN","CSa",426,50,"large","M0.1",0.0188100337982178,FALSE,FALSE
"MRGN","CSa",427,50,"large","M1.1",0.0197250843048096,FALSE,FALSE
"MRGN","CSa",428,50,"large","M2.1",0.0212290287017822,FALSE,FALSE
"MRGN","CSa",429,50,"large","M3",0.0176851749420166,FALSE,FALSE
"MRGN","CSa",430,50,"large","M4",0.0218360424041748,FALSE,FALSE
"MRGN","CSa",431,150,"large","M0.1",0.020967960357666,FALSE,FALSE
"MRGN","CSa",432,150,"large","M1.1",0.0290529727935791,FALSE,FALSE
"MRGN","CSa",433,150,"large","M2.1",0.0379948616027832,FALSE,FALSE
"MRGN","CSa",434,150,"large","M3",0.0232281684875488,FALSE,FALSE
"MRGN","CSa",435,150,"large","M4",0.0372669696807861,FALSE,FALSE
"MRGN","CSa",436,300,"large","M0.1",0.0252859592437744,FALSE,FALSE
"MRGN","CSa",437,300,"large","M1.1",0.0189669132232666,FALSE,FALSE
"MRGN","CSa",438,300,"large","M2.1",0.0304100513458252,FALSE,FALSE
"MRGN","CSa",439,300,"large","M3",0.0300719738006592,FALSE,FALSE
"MRGN","CSa",440,300,"large","M4",0.0221569538116455,FALSE,FALSE
"MRGN","CSa",441,670,"large","M0.1",0.0378861427307129,FALSE,FALSE
"MRGN","CSa",442,670,"large","M1.1",0.0355501174926758,FALSE,FALSE
"MRGN","CSa",443,670,"large","M2.1",0.0531837940216064,FALSE,FALSE
"MRGN","CSa",444,670,"large","M3",0.04705810546875,FALSE,FALSE
"MRGN","CSa",445,670,"large","M4",0.0208148956298828,FALSE,FALSE
"MRGN","CSa",446,1000,"large","M0.1",0.0368847846984863,FALSE,FALSE
"MRGN","CSa",447,1000,"large","M1.1",0.0499989986419678,FALSE,FALSE
"MRGN","CSa",448,1000,"large","M2.1",0.0476541519165039,FALSE,FALSE
"MRGN","CSa",449,1000,"large","M3",0.0360140800476074,FALSE,FALSE
"MRGN","CSa",450,1000,"large","M4",0.0606880187988281,FALSE,FALSE
"MRGN","CSa",451,50,"small","M0.1",0.0249738693237305,FALSE,FALSE
"MRGN","CSa",452,50,"small","M1.1",0.020258903503418,FALSE,FALSE
"MRGN","CSa",453,50,"small","M2.1",0.0272259712219238,FALSE,FALSE
"MRGN","CSa",454,50,"small","M3",0.0248298645019531,FALSE,FALSE
"MRGN","CSa",455,50,"small","M4",0.0190041065216064,FALSE,FALSE
"MRGN","CSa",456,150,"small","M0.1",0.0376741886138916,FALSE,FALSE
"MRGN","CSa",457,150,"small","M1.1",0.0217199325561523,FALSE,FALSE
"MRGN","CSa",458,150,"small","M2.1",0.0389211177825928,FALSE,FALSE
"MRGN","CSa",459,150,"small","M3",0.0266880989074707,FALSE,FALSE
"MRGN","CSa",460,150,"small","M4",0.0230090618133545,FALSE,FALSE
"MRGN","CSa",461,300,"small","M0.1",0.037647008895874,FALSE,FALSE
"MRGN","CSa",462,300,"small","M1.1",0.0292439460754395,FALSE,FALSE
"MRGN","CSa",463,300,"small","M2.1",0.0164861679077148,FALSE,FALSE
"MRGN","CSa",464,300,"small","M3",0.034412145614624,FALSE,FALSE
"MRGN","CSa",465,300,"small","M4",0.026961088180542,FALSE,FALSE
"MRGN","CSa",466,670,"small","M0.1",0.0352249145507812,FALSE,FALSE
"MRGN","CSa",467,670,"small","M1.1",0.0257859230041504,FALSE,FALSE
"MRGN","CSa",468,670,"small","M2.1",0.0289909839630127,FALSE,FALSE
"MRGN","CSa",469,670,"small","M3",0.0371079444885254,FALSE,FALSE
"MRGN","CSa",470,670,"small","M4",0.0358400344848633,FALSE,FALSE
"MRGN","CSa",471,1000,"small","M0.1",0.0962090492248535,FALSE,FALSE
"MRGN","CSa",472,1000,"small","M1.1",0.117709875106812,FALSE,FALSE
"MRGN","CSa",473,1000,"small","M2.1",0.0836808681488037,FALSE,FALSE
"MRGN","CSa",474,1000,"small","M3",0.0813801288604736,FALSE,FALSE
"MRGN","CSa",475,1000,"small","M4",0.0853948593139648,FALSE,FALSE
"MRGN","CSa",476,50,"medium","M0.1",0.0192399024963379,FALSE,FALSE
"MRGN","CSa",477,50,"medium","M1.1",0.0193321704864502,FALSE,FALSE
"MRGN","CSa",478,50,"medium","M2.1",0.020456075668335,FALSE,FALSE
"MRGN","CSa",479,50,"medium","M3",0.0218830108642578,FALSE,FALSE
"MRGN","CSa",480,50,"medium","M4",0.0292949676513672,FALSE,FALSE
"MRGN","CSa",481,150,"medium","M0.1",0.036005973815918,FALSE,FALSE
"MRGN","CSa",482,150,"medium","M1.1",0.028785228729248,FALSE,FALSE
"MRGN","CSa",483,150,"medium","M2.1",0.0356009006500244,FALSE,FALSE
"MRGN","CSa",484,150,"medium","M3",0.0277810096740723,FALSE,FALSE
"MRGN","CSa",485,150,"medium","M4",0.0309538841247559,FALSE,FALSE
"MRGN","CSa",486,300,"medium","M0.1",0.0348191261291504,FALSE,FALSE
"MRGN","CSa",487,300,"medium","M1.1",0.029541015625,FALSE,FALSE
"MRGN","CSa",488,300,"medium","M2.1",0.0400969982147217,FALSE,FALSE
"MRGN","CSa",489,300,"medium","M3",0.0296261310577393,FALSE,FALSE
"MRGN","CSa",490,300,"medium","M4",0.0299720764160156,FALSE,FALSE
"MRGN","CSa",491,670,"medium","M0.1",0.0297119617462158,FALSE,FALSE
"MRGN","CSa",492,670,"medium","M1.1",0.045741081237793,FALSE,FALSE
"MRGN","CSa",493,670,"medium","M2.1",0.0447649955749512,FALSE,FALSE
"MRGN","CSa",494,670,"medium","M3",0.0572378635406494,FALSE,FALSE
"MRGN","CSa",495,670,"medium","M4",0.0365269184112549,FALSE,FALSE
"MRGN","CSa",496,1000,"medium","M0.1",0.0677721500396729,FALSE,FALSE
"MRGN","CSa",497,1000,"medium","M1.1",0.0513927936553955,FALSE,FALSE
"MRGN","CSa",498,1000,"medium","M2.1",0.0914011001586914,FALSE,FALSE
"MRGN","CSa",499,1000,"medium","M3",0.0896449089050293,FALSE,FALSE
"MRGN","CSa",500,1000,"medium","M4",0.0654878616333008,FALSE,FALSE
"MRGN","CSa",501,50,"large","M0.1",0.0197560787200928,FALSE,FALSE
"MRGN","CSa",502,50,"large","M1.1",0.0192928314208984,FALSE,FALSE
"MRGN","CSa",503,50,"large","M2.1",0.0203850269317627,FALSE,FALSE
"MRGN","CSa",504,50,"large","M3",0.0216021537780762,FALSE,FALSE
"MRGN","CSa",505,50,"large","M4",0.0402369499206543,FALSE,FALSE
"MRGN","CSa",506,150,"large","M0.1",0.0311019420623779,FALSE,FALSE
"MRGN","CSa",507,150,"large","M1.1",0.044929027557373,FALSE,FALSE
"MRGN","CSa",508,150,"large","M2.1",0.0265491008758545,FALSE,FALSE
"MRGN","CSa",509,150,"large","M3",0.0258159637451172,FALSE,FALSE
"MRGN","CSa",510,150,"large","M4",0.027595043182373,FALSE,FALSE
"MRGN","CSa",511,300,"large","M0.1",0.0418670177459717,FALSE,FALSE
"MRGN","CSa",512,300,"large","M1.1",0.065932035446167,FALSE,FALSE
"MRGN","CSa",513,300,"large","M2.1",0.0364029407501221,FALSE,FALSE
"MRGN","CSa",514,300,"large","M3",0.0359859466552734,FALSE,FALSE
"MRGN","CSa",515,300,"large","M4",0.0580868721008301,FALSE,FALSE
"MRGN","CSa",516,670,"large","M0.1",0.0329880714416504,FALSE,FALSE
"MRGN","CSa",517,670,"large","M1.1",0.0350780487060547,FALSE,FALSE
"MRGN","CSa",518,670,"large","M2.1",0.0564589500427246,FALSE,FALSE
"MRGN","CSa",519,670,"large","M3",0.0253260135650635,FALSE,FALSE
"MRGN","CSa",520,670,"large","M4",0.0372281074523926,FALSE,FALSE
"MRGN","CSa",521,1000,"large","M0.1",0.0329580307006836,FALSE,FALSE
"MRGN","CSa",522,1000,"large","M1.1",0.0297360420227051,FALSE,FALSE
"MRGN","CSa",523,1000,"large","M2.1",0.0395851135253906,FALSE,FALSE
"MRGN","CSa",524,1000,"large","M3",0.0289571285247803,FALSE,FALSE
"MRGN","CSa",525,1000,"large","M4",0.0360660552978516,FALSE,FALSE
"MRGN","CSa",526,50,"small","M0.1",0.019150972366333,FALSE,FALSE
"MRGN","CSa",527,50,"small","M1.1",0.0351161956787109,FALSE,FALSE
"MRGN","CSa",528,50,"small","M2.1",0.0221500396728516,FALSE,FALSE
"MRGN","CSa",529,50,"small","M3",0.0257968902587891,FALSE,FALSE
"MRGN","CSa",530,50,"small","M4",0.0202128887176514,FALSE,FALSE
"MRGN","CSa",531,150,"small","M0.1",0.0318570137023926,FALSE,FALSE
"MRGN","CSa",532,150,"small","M1.1",0.0269351005554199,FALSE,FALSE
"MRGN","CSa",533,150,"small","M2.1",0.0303850173950195,FALSE,FALSE
"MRGN","CSa",534,150,"small","M3",0.0350840091705322,FALSE,FALSE
"MRGN","CSa",535,150,"small","M4",0.289927959442139,FALSE,FALSE
"MRGN","CSa",536,300,"small","M0.1",0.0336029529571533,FALSE,FALSE
"MRGN","CSa",537,300,"small","M1.1",0.0344679355621338,FALSE,FALSE
"MRGN","CSa",538,300,"small","M2.1",0.0269172191619873,FALSE,FALSE
"MRGN","CSa",539,300,"small","M3",0.043424129486084,FALSE,FALSE
"MRGN","CSa",540,300,"small","M4",0.0305328369140625,FALSE,FALSE
"MRGN","CSa",541,670,"small","M0.1",0.0435488224029541,FALSE,FALSE
"MRGN","CSa",542,670,"small","M1.1",0.0492331981658936,FALSE,FALSE
"MRGN","CSa",543,670,"small","M2.1",0.0299761295318604,FALSE,FALSE
"MRGN","CSa",544,670,"small","M3",0.0431919097900391,FALSE,FALSE
"MRGN","CSa",545,670,"small","M4",0.0551919937133789,FALSE,FALSE
"MRGN","CSa",546,1000,"small","M0.1",0.0448439121246338,FALSE,FALSE
"MRGN","CSa",547,1000,"small","M1.1",0.0525429248809814,FALSE,FALSE
"MRGN","CSa",548,1000,"small","M2.1",0.0310111045837402,FALSE,FALSE
"MRGN","CSa",549,1000,"small","M3",0.025364875793457,FALSE,FALSE
"MRGN","CSa",550,1000,"small","M4",0.0360960960388184,FALSE,FALSE
"MRGN","CSa",551,50,"medium","M0.1",0.0279548168182373,FALSE,FALSE
"MRGN","CSa",552,50,"medium","M1.1",0.0210640430450439,FALSE,FALSE
"MRGN","CSa",553,50,"medium","M2.1",0.0203890800476074,FALSE,FALSE
"MRGN","CSa",554,50,"medium","M3",0.0247440338134766,FALSE,FALSE
"MRGN","CSa",555,50,"medium","M4",0.0202438831329346,FALSE,FALSE
"MRGN","CSa",556,150,"medium","M0.1",0.02640700340271,FALSE,FALSE
"MRGN","CSa",557,150,"medium","M1.1",0.0379438400268555,FALSE,FALSE
"MRGN","CSa",558,150,"medium","M2.1",0.0596358776092529,FALSE,FALSE
"MRGN","CSa",559,150,"medium","M3",0.0296740531921387,FALSE,FALSE
"MRGN","CSa",560,150,"medium","M4",0.029059886932373,FALSE,FALSE
"MRGN","CSa",561,300,"medium","M0.1",0.0348761081695557,FALSE,FALSE
"MRGN","CSa",562,300,"medium","M1.1",0.0312478542327881,FALSE,FALSE
"MRGN","CSa",563,300,"medium","M2.1",0.0231978893280029,FALSE,FALSE
"MRGN","CSa",564,300,"medium","M3",0.0259189605712891,FALSE,FALSE
"MRGN","CSa",565,300,"medium","M4",0.0203330516815186,FALSE,FALSE
"MRGN","CSa",566,670,"medium","M0.1",0.042741060256958,FALSE,FALSE
"MRGN","CSa",567,670,"medium","M1.1",0.034822940826416,FALSE,FALSE
"MRGN","CSa",568,670,"medium","M2.1",0.0566511154174805,FALSE,FALSE
"MRGN","CSa",569,670,"medium","M3",0.0463719367980957,FALSE,FALSE
"MRGN","CSa",570,670,"medium","M4",0.0700919628143311,FALSE,FALSE
"MRGN","CSa",571,1000,"medium","M0.1",0.0247399806976318,FALSE,FALSE
"MRGN","CSa",572,1000,"medium","M1.1",0.0496540069580078,FALSE,FALSE
"MRGN","CSa",573,1000,"medium","M2.1",0.0512559413909912,FALSE,FALSE
"MRGN","CSa",574,1000,"medium","M3",0.0528800487518311,FALSE,FALSE
"MRGN","CSa",575,1000,"medium","M4",0.0432710647583008,FALSE,FALSE
"MRGN","CSa",576,50,"large","M0.1",0.021475076675415,FALSE,FALSE
"MRGN","CSa",577,50,"large","M1.1",0.0201787948608398,FALSE,FALSE
"MRGN","CSa",578,50,"large","M2.1",0.0280210971832275,FALSE,FALSE
"MRGN","CSa",579,50,"large","M3",0.0216939449310303,FALSE,FALSE
"MRGN","CSa",580,50,"large","M4",0.0235819816589355,FALSE,FALSE
"MRGN","CSa",581,150,"large","M0.1",0.0336589813232422,FALSE,FALSE
"MRGN","CSa",582,150,"large","M1.1",0.0308630466461182,FALSE,FALSE
"MRGN","CSa",583,150,"large","M2.1",0.0322189331054688,FALSE,FALSE
"MRGN","CSa",584,150,"large","M3",0.0331969261169434,FALSE,FALSE
"MRGN","CSa",585,150,"large","M4",0.0268158912658691,FALSE,FALSE
"MRGN","CSa",586,300,"large","M0.1",0.0275309085845947,FALSE,FALSE
"MRGN","CSa",587,300,"large","M1.1",0.0344009399414062,FALSE,FALSE
"MRGN","CSa",588,300,"large","M2.1",0.0302410125732422,FALSE,FALSE
"MRGN","CSa",589,300,"large","M3",0.035330057144165,FALSE,FALSE
"MRGN","CSa",590,300,"large","M4",0.0251338481903076,FALSE,FALSE
"MRGN","CSa",591,670,"large","M0.1",0.043543815612793,FALSE,FALSE
"MRGN","CSa",592,670,"large","M1.1",0.0355119705200195,FALSE,FALSE
"MRGN","CSa",593,670,"large","M2.1",0.0414929389953613,FALSE,FALSE
"MRGN","CSa",594,670,"large","M3",0.0242400169372559,FALSE,FALSE
"MRGN","CSa",595,670,"large","M4",0.0415370464324951,FALSE,FALSE
"MRGN","CSa",596,1000,"large","M0.1",0.0539109706878662,FALSE,FALSE
"MRGN","CSa",597,1000,"large","M1.1",0.0243461132049561,FALSE,FALSE
"MRGN","CSa",598,1000,"large","M2.1",0.0352039337158203,FALSE,FALSE
"MRGN","CSa",599,1000,"large","M3",0.0463731288909912,FALSE,FALSE
"MRGN","CSa",600,1000,"large","M4",0.0375628471374512,FALSE,FALSE
"MRGN","CSa",601,50,"small","M0.1",0.0196609497070312,FALSE,FALSE
"MRGN","CSa",602,50,"small","M1.1",0.0195620059967041,FALSE,FALSE
"MRGN","CSa",603,50,"small","M2.1",0.0270562171936035,FALSE,FALSE
"MRGN","CSa",604,50,"small","M3",0.028900146484375,FALSE,FALSE
"MRGN","CSa",605,50,"small","M4",0.022831916809082,FALSE,FALSE
"MRGN","CSa",606,150,"small","M0.1",0.0283498764038086,FALSE,FALSE
"MRGN","CSa",607,150,"small","M1.1",0.0261540412902832,FALSE,FALSE
"MRGN","CSa",608,150,"small","M2.1",0.0308659076690674,FALSE,FALSE
"MRGN","CSa",609,150,"small","M3",0.029088020324707,FALSE,FALSE
"MRGN","CSa",610,150,"small","M4",0.032822847366333,FALSE,FALSE
"MRGN","CSa",611,300,"small","M0.1",0.0269808769226074,FALSE,FALSE
"MRGN","CSa",612,300,"small","M1.1",0.0307610034942627,FALSE,FALSE
"MRGN","CSa",613,300,"small","M2.1",0.0300648212432861,FALSE,FALSE
"MRGN","CSa",614,300,"small","M3",0.0279431343078613,FALSE,FALSE
"MRGN","CSa",615,300,"small","M4",0.0270848274230957,FALSE,FALSE
"MRGN","CSa",616,670,"small","M0.1",0.0297110080718994,FALSE,FALSE
"MRGN","CSa",617,670,"small","M1.1",0.0231449604034424,FALSE,FALSE
"MRGN","CSa",618,670,"small","M2.1",0.0342628955841064,FALSE,FALSE
"MRGN","CSa",619,670,"small","M3",0.0368759632110596,FALSE,FALSE
"MRGN","CSa",620,670,"small","M4",0.121606111526489,FALSE,FALSE
"MRGN","CSa",621,1000,"small","M0.1",0.0510809421539307,FALSE,FALSE
"MRGN","CSa",622,1000,"small","M1.1",0.0900740623474121,FALSE,FALSE
"MRGN","CSa",623,1000,"small","M2.1",0.0418450832366943,FALSE,FALSE
"MRGN","CSa",624,1000,"small","M3",0.0396780967712402,FALSE,FALSE
"MRGN","CSa",625,1000,"small","M4",0.0305600166320801,FALSE,FALSE
"MRGN","CSa",626,50,"medium","M0.1",0.0181879997253418,FALSE,FALSE
"MRGN","CSa",627,50,"medium","M1.1",0.0251829624176025,FALSE,FALSE
"MRGN","CSa",628,50,"medium","M2.1",0.0196371078491211,FALSE,FALSE
"MRGN","CSa",629,50,"medium","M3",0.0203759670257568,FALSE,FALSE
"MRGN","CSa",630,50,"medium","M4",0.0182340145111084,FALSE,FALSE
"MRGN","CSa",631,150,"medium","M0.1",0.0257511138916016,FALSE,FALSE
"MRGN","CSa",632,150,"medium","M1.1",0.0241777896881104,FALSE,FALSE
"MRGN","CSa",633,150,"medium","M2.1",0.0285289287567139,FALSE,FALSE
"MRGN","CSa",634,150,"medium","M3",0.0293798446655273,FALSE,FALSE
"MRGN","CSa",635,150,"medium","M4",0.0322141647338867,FALSE,FALSE
"MRGN","CSa",636,300,"medium","M0.1",0.0318048000335693,FALSE,FALSE
"MRGN","CSa",637,300,"medium","M1.1",0.0266079902648926,FALSE,FALSE
"MRGN","CSa",638,300,"medium","M2.1",0.0272350311279297,FALSE,FALSE
"MRGN","CSa",639,300,"medium","M3",0.0262820720672607,FALSE,FALSE
"MRGN","CSa",640,300,"medium","M4",0.038057804107666,FALSE,FALSE
"MRGN","CSa",641,670,"medium","M0.1",0.0655059814453125,FALSE,FALSE
"MRGN","CSa",642,670,"medium","M1.1",0.0684080123901367,FALSE,FALSE
"MRGN","CSa",643,670,"medium","M2.1",0.0296270847320557,FALSE,FALSE
"MRGN","CSa",644,670,"medium","M3",0.0286130905151367,FALSE,FALSE
"MRGN","CSa",645,670,"medium","M4",0.0217409133911133,FALSE,FALSE
"MRGN","CSa",646,1000,"medium","M0.1",0.0373771190643311,FALSE,FALSE
"MRGN","CSa",647,1000,"medium","M1.1",0.0264620780944824,FALSE,FALSE
"MRGN","CSa",648,1000,"medium","M2.1",0.0733468532562256,FALSE,FALSE
"MRGN","CSa",649,1000,"medium","M3",0.054793119430542,FALSE,FALSE
"MRGN","CSa",650,1000,"medium","M4",0.0463800430297852,FALSE,FALSE
"MRGN","CSa",651,50,"large","M0.1",0.0220098495483398,FALSE,FALSE
"MRGN","CSa",652,50,"large","M1.1",0.021791934967041,FALSE,FALSE
"MRGN","CSa",653,50,"large","M2.1",0.0368220806121826,FALSE,FALSE
"MRGN","CSa",654,50,"large","M3",0.021777868270874,FALSE,FALSE
"MRGN","CSa",655,50,"large","M4",0.0245809555053711,FALSE,FALSE
"MRGN","CSa",656,150,"large","M0.1",0.0268359184265137,FALSE,FALSE
"MRGN","CSa",657,150,"large","M1.1",0.0347559452056885,FALSE,FALSE
"MRGN","CSa",658,150,"large","M2.1",0.0243921279907227,FALSE,FALSE
"MRGN","CSa",659,150,"large","M3",0.0330820083618164,FALSE,FALSE
"MRGN","CSa",660,150,"large","M4",0.0295138359069824,FALSE,FALSE
"MRGN","CSa",661,300,"large","M0.1",0.0230851173400879,FALSE,FALSE
"MRGN","CSa",662,300,"large","M1.1",0.0288619995117188,FALSE,FALSE
"MRGN","CSa",663,300,"large","M2.1",0.0167319774627686,FALSE,FALSE
"MRGN","CSa",664,300,"large","M3",0.0445759296417236,FALSE,FALSE
"MRGN","CSa",665,300,"large","M4",0.0229458808898926,FALSE,FALSE
"MRGN","CSa",666,670,"large","M0.1",0.0362720489501953,FALSE,FALSE
"MRGN","CSa",667,670,"large","M1.1",0.0331101417541504,FALSE,FALSE
"MRGN","CSa",668,670,"large","M2.1",0.019118070602417,FALSE,FALSE
"MRGN","CSa",669,670,"large","M3",0.0279660224914551,FALSE,FALSE
"MRGN","CSa",670,670,"large","M4",0.0257699489593506,FALSE,FALSE
"MRGN","CSa",671,1000,"large","M0.1",0.0382161140441895,FALSE,FALSE
"MRGN","CSa",672,1000,"large","M1.1",0.0217819213867188,FALSE,FALSE
"MRGN","CSa",673,1000,"large","M2.1",0.0515990257263184,FALSE,FALSE
"MRGN","CSa",674,1000,"large","M3",0.0391240119934082,FALSE,FALSE
"MRGN","CSa",675,1000,"large","M4",0.0740368366241455,FALSE,FALSE
"MRGN","CSa",676,50,"small","M0.1",0.0200169086456299,FALSE,FALSE
"MRGN","CSa",677,50,"small","M1.1",0.0259180068969727,FALSE,FALSE
"MRGN","CSa",678,50,"small","M2.1",0.019536018371582,FALSE,FALSE
"MRGN","CSa",679,50,"small","M3",0.0326778888702393,FALSE,FALSE
"MRGN","CSa",680,50,"small","M4",0.0266079902648926,FALSE,FALSE
"MRGN","CSa",681,150,"small","M0.1",0.0394251346588135,FALSE,FALSE
"MRGN","CSa",682,150,"small","M1.1",0.032289981842041,FALSE,FALSE
"MRGN","CSa",683,150,"small","M2.1",0.020543098449707,FALSE,FALSE
"MRGN","CSa",684,150,"small","M3",0.0272941589355469,FALSE,FALSE
"MRGN","CSa",685,150,"small","M4",0.0298721790313721,FALSE,FALSE
"MRGN","CSa",686,300,"small","M0.1",0.0381851196289062,FALSE,FALSE
"MRGN","CSa",687,300,"small","M1.1",0.036099910736084,FALSE,FALSE
"MRGN","CSa",688,300,"small","M2.1",0.0390999317169189,FALSE,FALSE
"MRGN","CSa",689,300,"small","M3",0.0343518257141113,FALSE,FALSE
"MRGN","CSa",690,300,"small","M4",0.0502088069915771,FALSE,FALSE
"MRGN","CSa",691,670,"small","M0.1",0.0366170406341553,FALSE,FALSE
"MRGN","CSa",692,670,"small","M1.1",0.0174460411071777,FALSE,FALSE
"MRGN","CSa",693,670,"small","M2.1",0.0329148769378662,FALSE,FALSE
"MRGN","CSa",694,670,"small","M3",0.0253250598907471,FALSE,FALSE
"MRGN","CSa",695,670,"small","M4",0.0422439575195312,FALSE,FALSE
"MRGN","CSa",696,1000,"small","M0.1",0.040748119354248,FALSE,FALSE
"MRGN","CSa",697,1000,"small","M1.1",0.0482661724090576,FALSE,FALSE
"MRGN","CSa",698,1000,"small","M2.1",0.0282630920410156,FALSE,FALSE
"MRGN","CSa",699,1000,"small","M3",0.0385208129882812,FALSE,FALSE
"MRGN","CSa",700,1000,"small","M4",0.0277800559997559,FALSE,FALSE
"MRGN","CSa",701,50,"medium","M0.1",0.024590015411377,FALSE,FALSE
"MRGN","CSa",702,50,"medium","M1.1",0.0246579647064209,FALSE,FALSE
"MRGN","CSa",703,50,"medium","M2.1",0.0267062187194824,FALSE,FALSE
"MRGN","CSa",704,50,"medium","M3",0.0236961841583252,FALSE,FALSE
"MRGN","CSa",705,50,"medium","M4",0.0187499523162842,FALSE,FALSE
"MRGN","CSa",706,150,"medium","M0.1",0.0312018394470215,FALSE,FALSE
"MRGN","CSa",707,150,"medium","M1.1",0.0296552181243896,FALSE,FALSE
"MRGN","CSa",708,150,"medium","M2.1",0.0272750854492188,FALSE,FALSE
"MRGN","CSa",709,150,"medium","M3",0.0233390331268311,FALSE,FALSE
"MRGN","CSa",710,150,"medium","M4",0.0430569648742676,FALSE,FALSE
"MRGN","CSa",711,300,"medium","M0.1",0.0353438854217529,FALSE,FALSE
"MRGN","CSa",712,300,"medium","M1.1",0.0362780094146729,FALSE,FALSE
"MRGN","CSa",713,300,"medium","M2.1",0.0433609485626221,FALSE,FALSE
"MRGN","CSa",714,300,"medium","M3",0.0270140171051025,FALSE,FALSE
"MRGN","CSa",715,300,"medium","M4",0.0468761920928955,FALSE,FALSE
"MRGN","CSa",716,670,"medium","M0.1",0.0187220573425293,FALSE,FALSE
"MRGN","CSa",717,670,"medium","M1.1",0.0245490074157715,FALSE,FALSE
"MRGN","CSa",718,670,"medium","M2.1",0.0276420116424561,FALSE,FALSE
"MRGN","CSa",719,670,"medium","M3",0.044543981552124,FALSE,FALSE
"MRGN","CSa",720,670,"medium","M4",0.0409188270568848,FALSE,FALSE
"MRGN","CSa",721,1000,"medium","M0.1",0.0257751941680908,FALSE,FALSE
"MRGN","CSa",722,1000,"medium","M1.1",0.0433509349822998,FALSE,FALSE
"MRGN","CSa",723,1000,"medium","M2.1",0.0439221858978271,FALSE,FALSE
"MRGN","CSa",724,1000,"medium","M3",0.0367929935455322,FALSE,FALSE
"MRGN","CSa",725,1000,"medium","M4",0.054131031036377,FALSE,FALSE
"MRGN","CSa",726,50,"large","M0.1",0.0270040035247803,FALSE,FALSE
"MRGN","CSa",727,50,"large","M1.1",0.037261962890625,FALSE,FALSE
"MRGN","CSa",728,50,"large","M2.1",0.0307328701019287,FALSE,FALSE
"MRGN","CSa",729,50,"large","M3",0.0237441062927246,FALSE,FALSE
"MRGN","CSa",730,50,"large","M4",0.023115873336792,FALSE,FALSE
"MRGN","CSa",731,150,"large","M0.1",0.0310819149017334,FALSE,FALSE
"MRGN","CSa",732,150,"large","M1.1",0.0323829650878906,FALSE,FALSE
"MRGN","CSa",733,150,"large","M2.1",0.0269589424133301,FALSE,FALSE
"MRGN","CSa",734,150,"large","M3",0.0361299514770508,FALSE,FALSE
"MRGN","CSa",735,150,"large","M4",0.026123046875,FALSE,FALSE
"MRGN","CSa",736,300,"large","M0.1",0.0526301860809326,FALSE,FALSE
"MRGN","CSa",737,300,"large","M1.1",0.0408151149749756,FALSE,FALSE
"MRGN","CSa",738,300,"large","M2.1",0.0244920253753662,FALSE,FALSE
"MRGN","CSa",739,300,"large","M3",0.0382940769195557,FALSE,FALSE
"MRGN","CSa",740,300,"large","M4",0.0396449565887451,FALSE,FALSE
"MRGN","CSa",741,670,"large","M0.1",0.023582935333252,FALSE,FALSE
"MRGN","CSa",742,670,"large","M1.1",0.0311028957366943,FALSE,FALSE
"MRGN","CSa",743,670,"large","M2.1",0.0245430469512939,FALSE,FALSE
"MRGN","CSa",744,670,"large","M3",0.0290341377258301,FALSE,FALSE
"MRGN","CSa",745,670,"large","M4",0.0319600105285645,FALSE,FALSE
"MRGN","CSa",746,1000,"large","M0.1",0.0464761257171631,FALSE,FALSE
"MRGN","CSa",747,1000,"large","M1.1",0.0521640777587891,FALSE,FALSE
"MRGN","CSa",748,1000,"large","M2.1",0.0526950359344482,FALSE,FALSE
"MRGN","CSa",749,1000,"large","M3",0.0367770195007324,FALSE,FALSE
"MRGN","CSa",750,1000,"large","M4",0.0202739238739014,FALSE,FALSE
"MRGN","CSa",751,50,"small","M0.1",0.0394189357757568,FALSE,FALSE
"MRGN","CSa",752,50,"small","M1.1",0.0231471061706543,FALSE,FALSE
"MRGN","CSa",753,50,"small","M2.1",0.0236711502075195,FALSE,FALSE
"MRGN","CSa",754,50,"small","M3",0.0170300006866455,FALSE,FALSE
"MRGN","CSa",755,50,"small","M4",0.0193109512329102,FALSE,FALSE
"MRGN","CSa",756,150,"small","M0.1",0.0301899909973145,FALSE,FALSE
"MRGN","CSa",757,150,"small","M1.1",0.0248820781707764,FALSE,FALSE
"MRGN","CSa",758,150,"small","M2.1",0.0362200736999512,FALSE,FALSE
"MRGN","CSa",759,150,"small","M3",0.033048152923584,FALSE,FALSE
"MRGN","CSa",760,150,"small","M4",0.0296781063079834,FALSE,FALSE
"MRGN","CSa",761,300,"small","M0.1",0.0514249801635742,FALSE,FALSE
"MRGN","CSa",762,300,"small","M1.1",0.0239970684051514,FALSE,FALSE
"MRGN","CSa",763,300,"small","M2.1",0.0281929969787598,FALSE,FALSE
"MRGN","CSa",764,300,"small","M3",0.0448949337005615,FALSE,FALSE
"MRGN","CSa",765,300,"small","M4",0.0536599159240723,FALSE,FALSE
"MRGN","CSa",766,670,"small","M0.1",0.0393428802490234,FALSE,FALSE
"MRGN","CSa",767,670,"small","M1.1",0.0454909801483154,FALSE,FALSE
"MRGN","CSa",768,670,"small","M2.1",0.0368847846984863,FALSE,FALSE
"MRGN","CSa",769,670,"small","M3",0.0703558921813965,FALSE,FALSE
"MRGN","CSa",770,670,"small","M4",0.0675258636474609,FALSE,FALSE
"MRGN","CSa",771,1000,"small","M0.1",0.0285811424255371,FALSE,FALSE
"MRGN","CSa",772,1000,"small","M1.1",0.0172519683837891,FALSE,FALSE
"MRGN","CSa",773,1000,"small","M2.1",0.0677001476287842,FALSE,FALSE
"MRGN","CSa",774,1000,"small","M3",0.04215407371521,FALSE,FALSE
"MRGN","CSa",775,1000,"small","M4",0.0385620594024658,FALSE,FALSE
"MRGN","CSa",776,50,"medium","M0.1",0.0338969230651855,FALSE,FALSE
"MRGN","CSa",777,50,"medium","M1.1",0.0481140613555908,FALSE,FALSE
"MRGN","CSa",778,50,"medium","M2.1",0.0178561210632324,FALSE,FALSE
"MRGN","CSa",779,50,"medium","M3",0.0211911201477051,FALSE,FALSE
"MRGN","CSa",780,50,"medium","M4",0.0327448844909668,FALSE,FALSE
"MRGN","CSa",781,150,"medium","M0.1",0.0301010608673096,FALSE,FALSE
"MRGN","CSa",782,150,"medium","M1.1",0.022752046585083,FALSE,FALSE
"MRGN","CSa",783,150,"medium","M2.1",0.0289361476898193,FALSE,FALSE
"MRGN","CSa",784,150,"medium","M3",0.024669885635376,FALSE,FALSE
"MRGN","CSa",785,150,"medium","M4",0.0237278938293457,FALSE,FALSE
"MRGN","CSa",786,300,"medium","M0.1",0.0161020755767822,FALSE,FALSE
"MRGN","CSa",787,300,"medium","M1.1",0.0270299911499023,FALSE,FALSE
"MRGN","CSa",788,300,"medium","M2.1",0.0299489498138428,FALSE,FALSE
"MRGN","CSa",789,300,"medium","M3",0.0421020984649658,FALSE,FALSE
"MRGN","CSa",790,300,"medium","M4",0.0168180465698242,FALSE,FALSE
"MRGN","CSa",791,670,"medium","M0.1",0.0702869892120361,FALSE,FALSE
"MRGN","CSa",792,670,"medium","M1.1",0.0645871162414551,FALSE,FALSE
"MRGN","CSa",793,670,"medium","M2.1",0.0671370029449463,FALSE,FALSE
"MRGN","CSa",794,670,"medium","M3",0.0587530136108398,FALSE,FALSE
"MRGN","CSa",795,670,"medium","M4",0.058784008026123,FALSE,FALSE
"MRGN","CSa",796,1000,"medium","M0.1",0.0348658561706543,FALSE,FALSE
"MRGN","CSa",797,1000,"medium","M1.1",0.0248980522155762,FALSE,FALSE
"MRGN","CSa",798,1000,"medium","M2.1",0.042943000793457,FALSE,FALSE
"MRGN","CSa",799,1000,"medium","M3",0.0385129451751709,FALSE,FALSE
"MRGN","CSa",800,1000,"medium","M4",0.0448029041290283,FALSE,FALSE
"MRGN","CSa",801,50,"large","M0.1",0.0213358402252197,FALSE,FALSE
"MRGN","CSa",802,50,"large","M1.1",0.0318558216094971,FALSE,FALSE
"MRGN","CSa",803,50,"large","M2.1",0.0307009220123291,FALSE,FALSE
"MRGN","CSa",804,50,"large","M3",0.0190279483795166,FALSE,FALSE
"MRGN","CSa",805,50,"large","M4",0.0203449726104736,FALSE,FALSE
"MRGN","CSa",806,150,"large","M0.1",0.0230848789215088,FALSE,FALSE
"MRGN","CSa",807,150,"large","M1.1",0.0452260971069336,FALSE,FALSE
"MRGN","CSa",808,150,"large","M2.1",0.0336899757385254,FALSE,FALSE
"MRGN","CSa",809,150,"large","M3",0.0266189575195312,FALSE,FALSE
"MRGN","CSa",810,150,"large","M4",0.0250809192657471,FALSE,FALSE
"MRGN","CSa",811,300,"large","M0.1",0.0227320194244385,FALSE,FALSE
"MRGN","CSa",812,300,"large","M1.1",0.0171051025390625,FALSE,FALSE
"MRGN","CSa",813,300,"large","M2.1",0.0233108997344971,FALSE,FALSE
"MRGN","CSa",814,300,"large","M3",0.0689661502838135,FALSE,FALSE
"MRGN","CSa",815,300,"large","M4",0.0573840141296387,FALSE,FALSE
"MRGN","CSa",816,670,"large","M0.1",0.0797638893127441,FALSE,FALSE
"MRGN","CSa",817,670,"large","M1.1",0.0756449699401855,FALSE,FALSE
"MRGN","CSa",818,670,"large","M2.1",0.0826711654663086,FALSE,FALSE
"MRGN","CSa",819,670,"large","M3",0.0513989925384521,FALSE,FALSE
"MRGN","CSa",820,670,"large","M4",0.0218429565429688,FALSE,FALSE
"MRGN","CSa",821,1000,"large","M0.1",0.0259919166564941,FALSE,FALSE
"MRGN","CSa",822,1000,"large","M1.1",0.0695271492004395,FALSE,FALSE
"MRGN","CSa",823,1000,"large","M2.1",0.0502831935882568,FALSE,FALSE
"MRGN","CSa",824,1000,"large","M3",0.0523500442504883,FALSE,FALSE
"MRGN","CSa",825,1000,"large","M4",0.0710690021514893,FALSE,FALSE
"MRGN","CSa",826,50,"small","M0.1",0.0205349922180176,FALSE,FALSE
"MRGN","CSa",827,50,"small","M1.1",0.0327911376953125,FALSE,FALSE
"MRGN","CSa",828,50,"small","M2.1",0.0305697917938232,FALSE,FALSE
"MRGN","CSa",829,50,"small","M3",0.0519230365753174,FALSE,FALSE
"MRGN","CSa",830,50,"small","M4",0.0259809494018555,FALSE,FALSE
"MRGN","CSa",831,150,"small","M0.1",0.0295751094818115,FALSE,FALSE
"MRGN","CSa",832,150,"small","M1.1",0.0287840366363525,FALSE,FALSE
"MRGN","CSa",833,150,"small","M2.1",0.0267128944396973,FALSE,FALSE
"MRGN","CSa",834,150,"small","M3",0.0374760627746582,FALSE,FALSE
"MRGN","CSa",835,150,"small","M4",0.0278089046478271,FALSE,FALSE
"MRGN","CSa",836,300,"small","M0.1",0.0569729804992676,FALSE,FALSE
"MRGN","CSa",837,300,"small","M1.1",0.0363028049468994,FALSE,FALSE
"MRGN","CSa",838,300,"small","M2.1",0.0213799476623535,FALSE,FALSE
"MRGN","CSa",839,300,"small","M3",0.0404629707336426,FALSE,FALSE
"MRGN","CSa",840,300,"small","M4",0.0373339653015137,FALSE,FALSE
"MRGN","CSa",841,670,"small","M0.1",0.0391268730163574,FALSE,FALSE
"MRGN","CSa",842,670,"small","M1.1",0.0360720157623291,FALSE,FALSE
"MRGN","CSa",843,670,"small","M2.1",0.024399995803833,FALSE,FALSE
"MRGN","CSa",844,670,"small","M3",0.0907831192016602,FALSE,FALSE
"MRGN","CSa",845,670,"small","M4",0.108862161636353,FALSE,FALSE
"MRGN","CSa",846,1000,"small","M0.1",0.0380511283874512,FALSE,FALSE
"MRGN","CSa",847,1000,"small","M1.1",0.0676789283752441,FALSE,FALSE
"MRGN","CSa",848,1000,"small","M2.1",0.0352699756622314,FALSE,FALSE
"MRGN","CSa",849,1000,"small","M3",0.0502679347991943,FALSE,FALSE
"MRGN","CSa",850,1000,"small","M4",0.0503180027008057,FALSE,FALSE
"MRGN","CSa",851,50,"medium","M0.1",0.020798921585083,FALSE,FALSE
"MRGN","CSa",852,50,"medium","M1.1",0.0207960605621338,FALSE,FALSE
"MRGN","CSa",853,50,"medium","M2.1",0.0172297954559326,FALSE,FALSE
"MRGN","CSa",854,50,"medium","M3",0.0207879543304443,FALSE,FALSE
"MRGN","CSa",855,50,"medium","M4",0.0188400745391846,FALSE,FALSE
"MRGN","CSa",856,150,"medium","M0.1",0.0368869304656982,FALSE,FALSE
"MRGN","CSa",857,150,"medium","M1.1",0.0291528701782227,FALSE,FALSE
"MRGN","CSa",858,150,"medium","M2.1",0.0233821868896484,FALSE,FALSE
"MRGN","CSa",859,150,"medium","M3",0.0314710140228271,FALSE,FALSE
"MRGN","CSa",860,150,"medium","M4",0.0440828800201416,FALSE,FALSE
"MRGN","CSa",861,300,"medium","M0.1",0.0443921089172363,FALSE,FALSE
"MRGN","CSa",862,300,"medium","M1.1",0.0308709144592285,FALSE,FALSE
"MRGN","CSa",863,300,"medium","M2.1",0.0326530933380127,FALSE,FALSE
"MRGN","CSa",864,300,"medium","M3",0.0366499423980713,FALSE,FALSE
"MRGN","CSa",865,300,"medium","M4",0.0435099601745605,FALSE,FALSE
"MRGN","CSa",866,670,"medium","M0.1",0.0445358753204346,FALSE,FALSE
"MRGN","CSa",867,670,"medium","M1.1",0.0407171249389648,FALSE,FALSE
"MRGN","CSa",868,670,"medium","M2.1",0.0405640602111816,FALSE,FALSE
"MRGN","CSa",869,670,"medium","M3",0.0305321216583252,FALSE,FALSE
"MRGN","CSa",870,670,"medium","M4",0.0418391227722168,FALSE,FALSE
"MRGN","CSa",871,1000,"medium","M0.1",0.0484280586242676,FALSE,FALSE
"MRGN","CSa",872,1000,"medium","M1.1",0.0551979541778564,FALSE,FALSE
"MRGN","CSa",873,1000,"medium","M2.1",0.0483901500701904,FALSE,FALSE
"MRGN","CSa",874,1000,"medium","M3",0.0305440425872803,FALSE,FALSE
"MRGN","CSa",875,1000,"medium","M4",0.0488600730895996,FALSE,FALSE
"MRGN","CSa",876,50,"large","M0.1",0.0227420330047607,FALSE,FALSE
"MRGN","CSa",877,50,"large","M1.1",0.0220098495483398,FALSE,FALSE
"MRGN","CSa",878,50,"large","M2.1",0.0269300937652588,FALSE,FALSE
"MRGN","CSa",879,50,"large","M3",0.0241758823394775,FALSE,FALSE
"MRGN","CSa",880,50,"large","M4",0.0222430229187012,FALSE,FALSE
"MRGN","CSa",881,150,"large","M0.1",0.0268759727478027,FALSE,FALSE
"MRGN","CSa",882,150,"large","M1.1",0.0224540233612061,FALSE,FALSE
"MRGN","CSa",883,150,"large","M2.1",0.0361039638519287,FALSE,FALSE
"MRGN","CSa",884,150,"large","M3",0.0243930816650391,FALSE,FALSE
"MRGN","CSa",885,150,"large","M4",0.0364990234375,FALSE,FALSE
"MRGN","CSa",886,300,"large","M0.1",0.047368049621582,FALSE,FALSE
"MRGN","CSa",887,300,"large","M1.1",0.033980131149292,FALSE,FALSE
"MRGN","CSa",888,300,"large","M2.1",0.0258369445800781,FALSE,FALSE
"MRGN","CSa",889,300,"large","M3",0.0313668251037598,FALSE,FALSE
"MRGN","CSa",890,300,"large","M4",0.0169780254364014,FALSE,FALSE
"MRGN","CSa",891,670,"large","M0.1",0.0850670337677002,FALSE,FALSE
"MRGN","CSa",892,670,"large","M1.1",0.0668158531188965,FALSE,FALSE
"MRGN","CSa",893,670,"large","M2.1",0.0394868850708008,FALSE,FALSE
"MRGN","CSa",894,670,"large","M3",0.0328438282012939,FALSE,FALSE
"MRGN","CSa",895,670,"large","M4",0.0492191314697266,FALSE,FALSE
"MRGN","CSa",896,1000,"large","M0.1",0.0695531368255615,FALSE,FALSE
"MRGN","CSa",897,1000,"large","M1.1",0.0489170551300049,FALSE,FALSE
"MRGN","CSa",898,1000,"large","M2.1",0.0424690246582031,FALSE,FALSE
"MRGN","CSa",899,1000,"large","M3",0.0490260124206543,FALSE,FALSE
"MRGN","CSa",900,1000,"large","M4",0.026555061340332,FALSE,FALSE
"MRGN","CSa",901,50,"small","M0.1",0.0218241214752197,FALSE,FALSE
"MRGN","CSa",902,50,"small","M1.1",0.0188078880310059,FALSE,FALSE
"MRGN","CSa",903,50,"small","M2.1",0.0289630889892578,FALSE,FALSE
"MRGN","CSa",904,50,"small","M3",0.0221199989318848,FALSE,FALSE
"MRGN","CSa",905,50,"small","M4",0.0240190029144287,FALSE,FALSE
"MRGN","CSa",906,150,"small","M0.1",0.0297808647155762,FALSE,FALSE
"MRGN","CSa",907,150,"small","M1.1",0.0255241394042969,FALSE,FALSE
"MRGN","CSa",908,150,"small","M2.1",0.0301380157470703,FALSE,FALSE
"MRGN","CSa",909,150,"small","M3",0.0306529998779297,FALSE,FALSE
"MRGN","CSa",910,150,"small","M4",0.0258231163024902,FALSE,FALSE
"MRGN","CSa",911,300,"small","M0.1",0.027634859085083,FALSE,FALSE
"MRGN","CSa",912,300,"small","M1.1",0.0273041725158691,FALSE,FALSE
"MRGN","CSa",913,300,"small","M2.1",0.0293819904327393,FALSE,FALSE
"MRGN","CSa",914,300,"small","M3",0.0730619430541992,FALSE,FALSE
"MRGN","CSa",915,300,"small","M4",0.0333611965179443,FALSE,FALSE
"MRGN","CSa",916,670,"small","M0.1",0.0576639175415039,FALSE,FALSE
"MRGN","CSa",917,670,"small","M1.1",0.0464811325073242,FALSE,FALSE
"MRGN","CSa",918,670,"small","M2.1",0.0624291896820068,FALSE,FALSE
"MRGN","CSa",919,670,"small","M3",0.0648338794708252,FALSE,FALSE
"MRGN","CSa",920,670,"small","M4",0.0772020816802979,FALSE,FALSE
"MRGN","CSa",921,1000,"small","M0.1",0.0564429759979248,FALSE,FALSE
"MRGN","CSa",922,1000,"small","M1.1",0.064180850982666,FALSE,FALSE
"MRGN","CSa",923,1000,"small","M2.1",0.0645229816436768,FALSE,FALSE
"MRGN","CSa",924,1000,"small","M3",0.0458400249481201,FALSE,FALSE
"MRGN","CSa",925,1000,"small","M4",0.0560219287872314,FALSE,FALSE
"MRGN","CSa",926,50,"medium","M0.1",0.0357329845428467,FALSE,FALSE
"MRGN","CSa",927,50,"medium","M1.1",0.0298240184783936,FALSE,FALSE
"MRGN","CSa",928,50,"medium","M2.1",0.0226089954376221,FALSE,FALSE
"MRGN","CSa",929,50,"medium","M3",0.0313880443572998,FALSE,FALSE
"MRGN","CSa",930,50,"medium","M4",0.0203449726104736,FALSE,FALSE
"MRGN","CSa",931,150,"medium","M0.1",0.0293741226196289,FALSE,FALSE
"MRGN","CSa",932,150,"medium","M1.1",0.0215411186218262,FALSE,FALSE
"MRGN","CSa",933,150,"medium","M2.1",0.0337159633636475,FALSE,FALSE
"MRGN","CSa",934,150,"medium","M3",0.0374948978424072,FALSE,FALSE
"MRGN","CSa",935,150,"medium","M4",0.0322799682617188,FALSE,FALSE
"MRGN","CSa",936,300,"medium","M0.1",0.093101978302002,FALSE,FALSE
"MRGN","CSa",937,300,"medium","M1.1",0.0370969772338867,FALSE,FALSE
"MRGN","CSa",938,300,"medium","M2.1",0.0309557914733887,FALSE,FALSE
"MRGN","CSa",939,300,"medium","M3",0.030203104019165,FALSE,FALSE
"MRGN","CSa",940,300,"medium","M4",0.0295701026916504,FALSE,FALSE
"MRGN","CSa",941,670,"medium","M0.1",0.035653829574585,FALSE,FALSE
"MRGN","CSa",942,670,"medium","M1.1",0.0282838344573975,FALSE,FALSE
"MRGN","CSa",943,670,"medium","M2.1",0.0349102020263672,FALSE,FALSE
"MRGN","CSa",944,670,"medium","M3",0.0305020809173584,FALSE,FALSE
"MRGN","CSa",945,670,"medium","M4",0.0588169097900391,FALSE,FALSE
"MRGN","CSa",946,1000,"medium","M0.1",0.0253779888153076,FALSE,FALSE
"MRGN","CSa",947,1000,"medium","M1.1",0.0496351718902588,FALSE,FALSE
"MRGN","CSa",948,1000,"medium","M2.1",0.0657918453216553,FALSE,FALSE
"MRGN","CSa",949,1000,"medium","M3",0.0601329803466797,FALSE,FALSE
"MRGN","CSa",950,1000,"medium","M4",0.0486099720001221,FALSE,FALSE
"MRGN","CSa",951,50,"large","M0.1",0.025641918182373,FALSE,FALSE
"MRGN","CSa",952,50,"large","M1.1",0.0199618339538574,FALSE,FALSE
"MRGN","CSa",953,50,"large","M2.1",0.0280039310455322,FALSE,FALSE
"MRGN","CSa",954,50,"large","M3",0.0262730121612549,FALSE,FALSE
"MRGN","CSa",955,50,"large","M4",0.0337569713592529,FALSE,FALSE
"MRGN","CSa",956,150,"large","M0.1",0.0360968112945557,FALSE,FALSE
"MRGN","CSa",957,150,"large","M1.1",0.0362491607666016,FALSE,FALSE
"MRGN","CSa",958,150,"large","M2.1",0.0340139865875244,FALSE,FALSE
"MRGN","CSa",959,150,"large","M3",0.0278019905090332,FALSE,FALSE
"MRGN","CSa",960,150,"large","M4",0.0242559909820557,FALSE,FALSE
"MRGN","CSa",961,300,"large","M0.1",0.0201089382171631,FALSE,FALSE
"MRGN","CSa",962,300,"large","M1.1",0.0366771221160889,FALSE,FALSE
"MRGN","CSa",963,300,"large","M2.1",0.0293710231781006,FALSE,FALSE
"MRGN","CSa",964,300,"large","M3",0.0760238170623779,FALSE,FALSE
"MRGN","CSa",965,300,"large","M4",0.0539190769195557,FALSE,FALSE
"MRGN","CSa",966,670,"large","M0.1",0.0786659717559814,FALSE,FALSE
"MRGN","CSa",967,670,"large","M1.1",0.0728969573974609,FALSE,FALSE
"MRGN","CSa",968,670,"large","M2.1",0.0684609413146973,FALSE,FALSE
"MRGN","CSa",969,670,"large","M3",0.019434928894043,FALSE,FALSE
"MRGN","CSa",970,670,"large","M4",0.0326099395751953,FALSE,FALSE
"MRGN","CSa",971,1000,"large","M0.1",0.0407001972198486,FALSE,FALSE
"MRGN","CSa",972,1000,"large","M1.1",0.0397911071777344,FALSE,FALSE
"MRGN","CSa",973,1000,"large","M2.1",0.0537989139556885,FALSE,FALSE
"MRGN","CSa",974,1000,"large","M3",0.0453689098358154,FALSE,FALSE
"MRGN","CSa",975,1000,"large","M4",0.0644240379333496,FALSE,FALSE
"MRGN","CSa",976,50,"small","M0.1",0.0264761447906494,FALSE,FALSE
"MRGN","CSa",977,50,"small","M1.1",0.0158810615539551,FALSE,FALSE
"MRGN","CSa",978,50,"small","M2.1",0.0227780342102051,FALSE,FALSE
"MRGN","CSa",979,50,"small","M3",0.0193650722503662,FALSE,FALSE
"MRGN","CSa",980,50,"small","M4",0.0232608318328857,FALSE,FALSE
"MRGN","CSa",981,150,"small","M0.1",0.0270328521728516,FALSE,FALSE
"MRGN","CSa",982,150,"small","M1.1",0.0311260223388672,FALSE,FALSE
"MRGN","CSa",983,150,"small","M2.1",0.0298049449920654,FALSE,FALSE
"MRGN","CSa",984,150,"small","M3",0.0209870338439941,FALSE,FALSE
"MRGN","CSa",985,150,"small","M4",0.0388810634613037,FALSE,FALSE
"MRGN","CSa",986,300,"small","M0.1",0.0676519870758057,FALSE,FALSE
"MRGN","CSa",987,300,"small","M1.1",0.0370562076568604,FALSE,FALSE
"MRGN","CSa",988,300,"small","M2.1",0.0293469429016113,FALSE,FALSE
"MRGN","CSa",989,300,"small","M3",0.0290119647979736,FALSE,FALSE
"MRGN","CSa",990,300,"small","M4",0.0452389717102051,FALSE,FALSE
"MRGN","CSa",991,670,"small","M0.1",0.0402779579162598,FALSE,FALSE
"MRGN","CSa",992,670,"small","M1.1",0.0291910171508789,FALSE,FALSE
"MRGN","CSa",993,670,"small","M2.1",0.0488989353179932,FALSE,FALSE
"MRGN","CSa",994,670,"small","M3",0.0467250347137451,FALSE,FALSE
"MRGN","CSa",995,670,"small","M4",0.0991578102111816,FALSE,FALSE
"MRGN","CSa",996,1000,"small","M0.1",0.0550131797790527,FALSE,FALSE
"MRGN","CSa",997,1000,"small","M1.1",0.0541951656341553,FALSE,FALSE
"MRGN","CSa",998,1000,"small","M2.1",0.0497081279754639,FALSE,FALSE
"MRGN","CSa",999,1000,"small","M3",0.0569729804992676,FALSE,FALSE
"MRGN","CSa",1000,1000,"small","M4",0.0574190616607666,FALSE,FALSE
"MRGN","CSa",1001,50,"medium","M0.1",0.0235400199890137,FALSE,FALSE
"MRGN","CSa",1002,50,"medium","M1.1",0.0235178470611572,FALSE,FALSE
"MRGN","CSa",1003,50,"medium","M2.1",0.0224640369415283,FALSE,FALSE
"MRGN","CSa",1004,50,"medium","M3",0.0230650901794434,FALSE,FALSE
"MRGN","CSa",1005,50,"medium","M4",0.0189499855041504,FALSE,FALSE
"MRGN","CSa",1006,150,"medium","M0.1",0.0475540161132812,FALSE,FALSE
"MRGN","CSa",1007,150,"medium","M1.1",0.0483758449554443,FALSE,FALSE
"MRGN","CSa",1008,150,"medium","M2.1",0.0332038402557373,FALSE,FALSE
"MRGN","CSa",1009,150,"medium","M3",0.0232350826263428,FALSE,FALSE
"MRGN","CSa",1010,150,"medium","M4",0.0259439945220947,FALSE,FALSE
"MRGN","CSa",1011,300,"medium","M0.1",0.0359618663787842,FALSE,FALSE
"MRGN","CSa",1012,300,"medium","M1.1",0.0302629470825195,FALSE,FALSE
"MRGN","CSa",1013,300,"medium","M2.1",0.033750057220459,FALSE,FALSE
"MRGN","CSa",1014,300,"medium","M3",0.0563790798187256,FALSE,FALSE
"MRGN","CSa",1015,300,"medium","M4",0.0365140438079834,FALSE,FALSE
"MRGN","CSa",1016,670,"medium","M0.1",0.0523498058319092,FALSE,FALSE
"MRGN","CSa",1017,670,"medium","M1.1",0.0448839664459229,FALSE,FALSE
"MRGN","CSa",1018,670,"medium","M2.1",0.0393831729888916,FALSE,FALSE
"MRGN","CSa",1019,670,"medium","M3",0.0387599468231201,FALSE,FALSE
"MRGN","CSa",1020,670,"medium","M4",0.0357410907745361,FALSE,FALSE
"MRGN","CSa",1021,1000,"medium","M0.1",0.0434129238128662,FALSE,FALSE
"MRGN","CSa",1022,1000,"medium","M1.1",0.0512869358062744,FALSE,FALSE
"MRGN","CSa",1023,1000,"medium","M2.1",0.0638511180877686,FALSE,FALSE
"MRGN","CSa",1024,1000,"medium","M3",0.0435152053833008,FALSE,FALSE
"MRGN","CSa",1025,1000,"medium","M4",0.046630859375,FALSE,FALSE
"MRGN","CSa",1026,50,"large","M0.1",0.0229508876800537,FALSE,FALSE
"MRGN","CSa",1027,50,"large","M1.1",0.0220201015472412,FALSE,FALSE
"MRGN","CSa",1028,50,"large","M2.1",0.0204367637634277,FALSE,FALSE
"MRGN","CSa",1029,50,"large","M3",0.030742883682251,FALSE,FALSE
"MRGN","CSa",1030,50,"large","M4",0.0254600048065186,FALSE,FALSE
"MRGN","CSa",1031,150,"large","M0.1",0.0364310741424561,FALSE,FALSE
"MRGN","CSa",1032,150,"large","M1.1",0.0287752151489258,FALSE,FALSE
"MRGN","CSa",1033,150,"large","M2.1",0.0237929821014404,FALSE,FALSE
"MRGN","CSa",1034,150,"large","M3",0.0261058807373047,FALSE,FALSE
"MRGN","CSa",1035,150,"large","M4",0.0350110530853271,FALSE,FALSE
"MRGN","CSa",1036,300,"large","M0.1",0.0612149238586426,FALSE,FALSE
"MRGN","CSa",1037,300,"large","M1.1",0.0280749797821045,FALSE,FALSE
"MRGN","CSa",1038,300,"large","M2.1",0.0222969055175781,FALSE,FALSE
"MRGN","CSa",1039,300,"large","M3",0.0246500968933105,FALSE,FALSE
"MRGN","CSa",1040,300,"large","M4",0.0237460136413574,FALSE,FALSE
"MRGN","CSa",1041,670,"large","M0.1",0.0700910091400146,FALSE,FALSE
"MRGN","CSa",1042,670,"large","M1.1",0.074286937713623,FALSE,FALSE
"MRGN","CSa",1043,670,"large","M2.1",0.082550048828125,FALSE,FALSE
"MRGN","CSa",1044,670,"large","M3",0.0405521392822266,FALSE,FALSE
"MRGN","CSa",1045,670,"large","M4",0.0360288619995117,FALSE,FALSE
"MRGN","CSa",1046,1000,"large","M0.1",0.0476090908050537,FALSE,FALSE
"MRGN","CSa",1047,1000,"large","M1.1",0.102187871932983,FALSE,FALSE
"MRGN","CSa",1048,1000,"large","M2.1",0.115463972091675,FALSE,FALSE
"MRGN","CSa",1049,1000,"large","M3",0.0565259456634521,FALSE,FALSE
"MRGN","CSa",1050,1000,"large","M4",0.0613288879394531,FALSE,FALSE
"MRGN","CSa",1051,50,"small","M0.1",0.0224161148071289,FALSE,FALSE
"MRGN","CSa",1052,50,"small","M1.1",0.0177590847015381,FALSE,FALSE
"MRGN","CSa",1053,50,"small","M2.1",0.0200800895690918,FALSE,FALSE
"MRGN","CSa",1054,50,"small","M3",0.0186581611633301,FALSE,FALSE
"MRGN","CSa",1055,50,"small","M4",0.0295600891113281,FALSE,FALSE
"MRGN","CSa",1056,150,"small","M0.1",0.0498249530792236,FALSE,FALSE
"MRGN","CSa",1057,150,"small","M1.1",0.0259568691253662,FALSE,FALSE
"MRGN","CSa",1058,150,"small","M2.1",0.0232980251312256,FALSE,FALSE
"MRGN","CSa",1059,150,"small","M3",0.027008056640625,FALSE,FALSE
"MRGN","CSa",1060,150,"small","M4",0.0266788005828857,FALSE,FALSE
"MRGN","CSa",1061,300,"small","M0.1",0.0322980880737305,FALSE,FALSE
"MRGN","CSa",1062,300,"small","M1.1",0.0335588455200195,FALSE,FALSE
"MRGN","CSa",1063,300,"small","M2.1",0.0338919162750244,FALSE,FALSE
"MRGN","CSa",1064,300,"small","M3",0.0574159622192383,FALSE,FALSE
"MRGN","CSa",1065,300,"small","M4",0.0610759258270264,FALSE,FALSE
"MRGN","CSa",1066,670,"small","M0.1",0.0360620021820068,FALSE,FALSE
"MRGN","CSa",1067,670,"small","M1.1",0.0401229858398438,FALSE,FALSE
"MRGN","CSa",1068,670,"small","M2.1",0.04721999168396,FALSE,FALSE
"MRGN","CSa",1069,670,"small","M3",0.0271539688110352,FALSE,FALSE
"MRGN","CSa",1070,670,"small","M4",0.0346879959106445,FALSE,FALSE
"MRGN","CSa",1071,1000,"small","M0.1",0.0665791034698486,FALSE,FALSE
"MRGN","CSa",1072,1000,"small","M1.1",0.136532068252563,FALSE,FALSE
"MRGN","CSa",1073,1000,"small","M2.1",0.0888090133666992,FALSE,FALSE
"MRGN","CSa",1074,1000,"small","M3",0.151581048965454,FALSE,FALSE
"MRGN","CSa",1075,1000,"small","M4",0.0911450386047363,FALSE,FALSE
"MRGN","CSa",1076,50,"medium","M0.1",0.0219659805297852,FALSE,FALSE
"MRGN","CSa",1077,50,"medium","M1.1",0.0193760395050049,FALSE,FALSE
"MRGN","CSa",1078,50,"medium","M2.1",0.0184972286224365,FALSE,FALSE
"MRGN","CSa",1079,50,"medium","M3",0.0289919376373291,FALSE,FALSE
"MRGN","CSa",1080,50,"medium","M4",0.0445051193237305,FALSE,FALSE
"MRGN","CSa",1081,150,"medium","M0.1",0.0678629875183105,FALSE,FALSE
"MRGN","CSa",1082,150,"medium","M1.1",0.0327699184417725,FALSE,FALSE
"MRGN","CSa",1083,150,"medium","M2.1",0.0341320037841797,FALSE,FALSE
"MRGN","CSa",1084,150,"medium","M3",0.0275578498840332,FALSE,FALSE
"MRGN","CSa",1085,150,"medium","M4",0.0330331325531006,FALSE,FALSE
"MRGN","CSa",1086,300,"medium","M0.1",0.0723910331726074,FALSE,FALSE
"MRGN","CSa",1087,300,"medium","M1.1",0.0530650615692139,FALSE,FALSE
"MRGN","CSa",1088,300,"medium","M2.1",0.0334670543670654,FALSE,FALSE
"MRGN","CSa",1089,300,"medium","M3",0.0378220081329346,FALSE,FALSE
"MRGN","CSa",1090,300,"medium","M4",0.0276880264282227,FALSE,FALSE
"MRGN","CSa",1091,670,"medium","M0.1",0.0391998291015625,FALSE,FALSE
"MRGN","CSa",1092,670,"medium","M1.1",0.0262131690979004,FALSE,FALSE
"MRGN","CSa",1093,670,"medium","M2.1",0.0309040546417236,FALSE,FALSE
"MRGN","CSa",1094,670,"medium","M3",0.046504020690918,FALSE,FALSE
"MRGN","CSa",1095,670,"medium","M4",0.030040979385376,FALSE,FALSE
"MRGN","CSa",1096,1000,"medium","M0.1",0.130245923995972,FALSE,FALSE
"MRGN","CSa",1097,1000,"medium","M1.1",0.0494210720062256,FALSE,FALSE
"MRGN","CSa",1098,1000,"medium","M2.1",0.0438470840454102,FALSE,FALSE
"MRGN","CSa",1099,1000,"medium","M3",0.0459640026092529,FALSE,FALSE
"MRGN","CSa",1100,1000,"medium","M4",0.0352160930633545,FALSE,FALSE
"MRGN","CSa",1101,50,"large","M0.1",0.0266280174255371,FALSE,FALSE
"MRGN","CSa",1102,50,"large","M1.1",0.0314919948577881,FALSE,FALSE
"MRGN","CSa",1103,50,"large","M2.1",0.0232961177825928,FALSE,FALSE
"MRGN","CSa",1104,50,"large","M3",0.0179100036621094,FALSE,FALSE
"MRGN","CSa",1105,50,"large","M4",0.0277488231658936,FALSE,FALSE
"MRGN","CSa",1106,150,"large","M0.1",0.0343739986419678,FALSE,FALSE
"MRGN","CSa",1107,150,"large","M1.1",0.0274949073791504,FALSE,FALSE
"MRGN","CSa",1108,150,"large","M2.1",0.030095100402832,FALSE,FALSE
"MRGN","CSa",1109,150,"large","M3",0.0259430408477783,FALSE,FALSE
"MRGN","CSa",1110,150,"large","M4",0.0270211696624756,FALSE,FALSE
"MRGN","CSa",1111,300,"large","M0.1",0.022007942199707,FALSE,FALSE
"MRGN","CSa",1112,300,"large","M1.1",0.029292106628418,FALSE,FALSE
"MRGN","CSa",1113,300,"large","M2.1",0.0359189510345459,FALSE,FALSE
"MRGN","CSa",1114,300,"large","M3",0.029836893081665,FALSE,FALSE
"MRGN","CSa",1115,300,"large","M4",0.0141148567199707,FALSE,FALSE
"MRGN","CSa",1116,670,"large","M0.1",0.0454790592193604,FALSE,FALSE
"MRGN","CSa",1117,670,"large","M1.1",0.0286028385162354,FALSE,FALSE
"MRGN","CSa",1118,670,"large","M2.1",0.0283908843994141,FALSE,FALSE
"MRGN","CSa",1119,670,"large","M3",0.0347359180450439,FALSE,FALSE
"MRGN","CSa",1120,670,"large","M4",0.0470569133758545,FALSE,FALSE
"MRGN","CSa",1121,1000,"large","M0.1",0.0859420299530029,FALSE,FALSE
"MRGN","CSa",1122,1000,"large","M1.1",0.0617780685424805,FALSE,FALSE
"MRGN","CSa",1123,1000,"large","M2.1",0.040431022644043,FALSE,FALSE
"MRGN","CSa",1124,1000,"large","M3",0.0532200336456299,FALSE,FALSE
"MRGN","CSa",1125,1000,"large","M4",0.0505478382110596,FALSE,FALSE
"MRGN","CSa",1126,50,"small","M0.1",0.0347511768341064,FALSE,FALSE
"MRGN","CSa",1127,50,"small","M1.1",0.0249409675598145,FALSE,FALSE
"MRGN","CSa",1128,50,"small","M2.1",0.0180528163909912,FALSE,FALSE
"MRGN","CSa",1129,50,"small","M3",0.0239989757537842,FALSE,FALSE
"MRGN","CSa",1130,50,"small","M4",0.0265460014343262,FALSE,FALSE
"MRGN","CSa",1131,150,"small","M0.1",0.0570149421691895,FALSE,FALSE
"MRGN","CSa",1132,150,"small","M1.1",0.035944938659668,FALSE,FALSE
"MRGN","CSa",1133,150,"small","M2.1",0.0318639278411865,FALSE,FALSE
"MRGN","CSa",1134,150,"small","M3",0.0316629409790039,FALSE,FALSE
"MRGN","CSa",1135,150,"small","M4",0.0257208347320557,FALSE,FALSE
"MRGN","CSa",1136,300,"small","M0.1",0.0305008888244629,FALSE,FALSE
"MRGN","CSa",1137,300,"small","M1.1",0.0271639823913574,FALSE,FALSE
"MRGN","CSa",1138,300,"small","M2.1",0.0222189426422119,FALSE,FALSE
"MRGN","CSa",1139,300,"small","M3",0.045414924621582,FALSE,FALSE
"MRGN","CSa",1140,300,"small","M4",0.0151770114898682,FALSE,FALSE
"MRGN","CSa",1141,670,"small","M0.1",0.0431439876556396,FALSE,FALSE
"MRGN","CSa",1142,670,"small","M1.1",0.0486369132995605,FALSE,FALSE
"MRGN","CSa",1143,670,"small","M2.1",0.0374979972839355,FALSE,FALSE
"MRGN","CSa",1144,670,"small","M3",0.027324914932251,FALSE,FALSE
"MRGN","CSa",1145,670,"small","M4",0.0295720100402832,FALSE,FALSE
"MRGN","CSa",1146,1000,"small","M0.1",0.0577230453491211,FALSE,FALSE
"MRGN","CSa",1147,1000,"small","M1.1",0.0952069759368896,FALSE,FALSE
"MRGN","CSa",1148,1000,"small","M2.1",0.0976428985595703,FALSE,FALSE
"MRGN","CSa",1149,1000,"small","M3",0.0460870265960693,FALSE,FALSE
"MRGN","CSa",1150,1000,"small","M4",0.0353779792785645,FALSE,FALSE
"MRGN","CSa",1151,50,"medium","M0.1",0.0171878337860107,FALSE,FALSE
"MRGN","CSa",1152,50,"medium","M1.1",0.0214290618896484,FALSE,FALSE
"MRGN","CSa",1153,50,"medium","M2.1",0.0287702083587646,FALSE,FALSE
"MRGN","CSa",1154,50,"medium","M3",0.0205569267272949,FALSE,FALSE
"MRGN","CSa",1155,50,"medium","M4",0.0242869853973389,FALSE,FALSE
"MRGN","CSa",1156,150,"medium","M0.1",0.0378320217132568,FALSE,FALSE
"MRGN","CSa",1157,150,"medium","M1.1",0.0270218849182129,FALSE,FALSE
"MRGN","CSa",1158,150,"medium","M2.1",0.025515079498291,FALSE,FALSE
"MRGN","CSa",1159,150,"medium","M3",0.0289480686187744,FALSE,FALSE
"MRGN","CSa",1160,150,"medium","M4",0.054218053817749,FALSE,FALSE
"MRGN","CSa",1161,300,"medium","M0.1",0.0639081001281738,FALSE,FALSE
"MRGN","CSa",1162,300,"medium","M1.1",0.0569260120391846,FALSE,FALSE
"MRGN","CSa",1163,300,"medium","M2.1",0.0657060146331787,FALSE,FALSE
"MRGN","CSa",1164,300,"medium","M3",0.0547981262207031,FALSE,FALSE
"MRGN","CSa",1165,300,"medium","M4",0.0338239669799805,FALSE,FALSE
"MRGN","CSa",1166,670,"medium","M0.1",0.0376870632171631,FALSE,FALSE
"MRGN","CSa",1167,670,"medium","M1.1",0.0415298938751221,FALSE,FALSE
"MRGN","CSa",1168,670,"medium","M2.1",0.0249838829040527,FALSE,FALSE
"MRGN","CSa",1169,670,"medium","M3",0.0326619148254395,FALSE,FALSE
"MRGN","CSa",1170,670,"medium","M4",0.0274271965026855,FALSE,FALSE
"MRGN","CSa",1171,1000,"medium","M0.1",0.037524938583374,FALSE,FALSE
"MRGN","CSa",1172,1000,"medium","M1.1",0.0543200969696045,FALSE,FALSE
"MRGN","CSa",1173,1000,"medium","M2.1",0.0822310447692871,FALSE,FALSE
"MRGN","CSa",1174,1000,"medium","M3",0.0517420768737793,FALSE,FALSE
"MRGN","CSa",1175,1000,"medium","M4",0.0529658794403076,FALSE,FALSE
"MRGN","CSa",1176,50,"large","M0.1",0.0176689624786377,FALSE,FALSE
"MRGN","CSa",1177,50,"large","M1.1",0.0260770320892334,FALSE,FALSE
"MRGN","CSa",1178,50,"large","M2.1",0.0299830436706543,FALSE,FALSE
"MRGN","CSa",1179,50,"large","M3",0.0197639465332031,FALSE,FALSE
"MRGN","CSa",1180,50,"large","M4",0.0214300155639648,FALSE,FALSE
"MRGN","CSa",1181,150,"large","M0.1",0.0321989059448242,FALSE,FALSE
"MRGN","CSa",1182,150,"large","M1.1",0.0283279418945312,FALSE,FALSE
"MRGN","CSa",1183,150,"large","M2.1",0.0367910861968994,FALSE,FALSE
"MRGN","CSa",1184,150,"large","M3",0.0309422016143799,FALSE,FALSE
"MRGN","CSa",1185,150,"large","M4",0.0489428043365479,FALSE,FALSE
"MRGN","CSa",1186,300,"large","M0.1",0.0230629444122314,FALSE,FALSE
"MRGN","CSa",1187,300,"large","M1.1",0.0415730476379395,FALSE,FALSE
"MRGN","CSa",1188,300,"large","M2.1",0.0243508815765381,FALSE,FALSE
"MRGN","CSa",1189,300,"large","M3",0.0253050327301025,FALSE,FALSE
"MRGN","CSa",1190,300,"large","M4",0.0285778045654297,FALSE,FALSE
"MRGN","CSa",1191,670,"large","M0.1",0.084935188293457,FALSE,FALSE
"MRGN","CSa",1192,670,"large","M1.1",0.059467077255249,FALSE,FALSE
"MRGN","CSa",1193,670,"large","M2.1",0.0717329978942871,FALSE,FALSE
"MRGN","CSa",1194,670,"large","M3",0.0355579853057861,FALSE,FALSE
"MRGN","CSa",1195,670,"large","M4",0.0219171047210693,FALSE,FALSE
"MRGN","CSa",1196,1000,"large","M0.1",0.0539190769195557,FALSE,FALSE
"MRGN","CSa",1197,1000,"large","M1.1",0.0264308452606201,FALSE,FALSE
"MRGN","CSa",1198,1000,"large","M2.1",0.0377089977264404,FALSE,FALSE
"MRGN","CSa",1199,1000,"large","M3",0.0967731475830078,FALSE,FALSE
"MRGN","CSa",1200,1000,"large","M4",0.0940351486206055,FALSE,FALSE
"MRGN","CSa",1201,50,"small","M0.1",0.0241360664367676,FALSE,FALSE
"MRGN","CSa",1202,50,"small","M1.1",0.0221168994903564,FALSE,FALSE
"MRGN","CSa",1203,50,"small","M2.1",0.0163490772247314,FALSE,FALSE
"MRGN","CSa",1204,50,"small","M3",0.0349349975585938,FALSE,FALSE
"MRGN","CSa",1205,50,"small","M4",0.0288288593292236,FALSE,FALSE
"MRGN","CSa",1206,150,"small","M0.1",0.0272040367126465,FALSE,FALSE
"MRGN","CSa",1207,150,"small","M1.1",0.038438081741333,FALSE,FALSE
"MRGN","CSa",1208,150,"small","M2.1",0.0272908210754395,FALSE,FALSE
"MRGN","CSa",1209,150,"small","M3",0.0237500667572021,FALSE,FALSE
"MRGN","CSa",1210,150,"small","M4",0.0274169445037842,FALSE,FALSE
"MRGN","CSa",1211,300,"small","M0.1",0.0284149646759033,FALSE,FALSE
"MRGN","CSa",1212,300,"small","M1.1",0.0140588283538818,FALSE,FALSE
"MRGN","CSa",1213,300,"small","M2.1",0.0326468944549561,FALSE,FALSE
"MRGN","CSa",1214,300,"small","M3",0.0190989971160889,FALSE,FALSE
"MRGN","CSa",1215,300,"small","M4",0.0313899517059326,FALSE,FALSE
"MRGN","CSa",1216,670,"small","M0.1",0.0512549877166748,FALSE,FALSE
"MRGN","CSa",1217,670,"small","M1.1",0.03472900390625,FALSE,FALSE
"MRGN","CSa",1218,670,"small","M2.1",0.0380799770355225,FALSE,FALSE
"MRGN","CSa",1219,670,"small","M3",0.0495631694793701,FALSE,FALSE
"MRGN","CSa",1220,670,"small","M4",0.0538899898529053,FALSE,FALSE
"MRGN","CSa",1221,1000,"small","M0.1",0.0385959148406982,FALSE,FALSE
"MRGN","CSa",1222,1000,"small","M1.1",0.0414340496063232,FALSE,FALSE
"MRGN","CSa",1223,1000,"small","M2.1",0.0432679653167725,FALSE,FALSE
"MRGN","CSa",1224,1000,"small","M3",0.0493168830871582,FALSE,FALSE
"MRGN","CSa",1225,1000,"small","M4",0.110350131988525,FALSE,FALSE
"MRGN","CSa",1226,50,"medium","M0.1",0.0185701847076416,FALSE,FALSE
"MRGN","CSa",1227,50,"medium","M1.1",0.0163829326629639,FALSE,FALSE
"MRGN","CSa",1228,50,"medium","M2.1",0.02630615234375,FALSE,FALSE
"MRGN","CSa",1229,50,"medium","M3",0.0277419090270996,FALSE,FALSE
"MRGN","CSa",1230,50,"medium","M4",0.0272238254547119,FALSE,FALSE
"MRGN","CSa",1231,150,"medium","M0.1",0.0350260734558105,FALSE,FALSE
"MRGN","CSa",1232,150,"medium","M1.1",0.038283109664917,FALSE,FALSE
"MRGN","CSa",1233,150,"medium","M2.1",0.0204918384552002,FALSE,FALSE
"MRGN","CSa",1234,150,"medium","M3",0.0524168014526367,FALSE,FALSE
"MRGN","CSa",1235,150,"medium","M4",0.0280148983001709,FALSE,FALSE
"MRGN","CSa",1236,300,"medium","M0.1",0.0310640335083008,FALSE,FALSE
"MRGN","CSa",1237,300,"medium","M1.1",0.0355968475341797,FALSE,FALSE
"MRGN","CSa",1238,300,"medium","M2.1",0.0281870365142822,FALSE,FALSE
"MRGN","CSa",1239,300,"medium","M3",0.0190141201019287,FALSE,FALSE
"MRGN","CSa",1240,300,"medium","M4",0.0230259895324707,FALSE,FALSE
"MRGN","CSa",1241,670,"medium","M0.1",0.0352520942687988,FALSE,FALSE
"MRGN","CSa",1242,670,"medium","M1.1",0.0180931091308594,FALSE,FALSE
"MRGN","CSa",1243,670,"medium","M2.1",0.0399830341339111,FALSE,FALSE
"MRGN","CSa",1244,670,"medium","M3",0.0558300018310547,FALSE,FALSE
"MRGN","CSa",1245,670,"medium","M4",0.0335500240325928,FALSE,FALSE
"MRGN","CSa",1246,1000,"medium","M0.1",0.0533149242401123,FALSE,FALSE
"MRGN","CSa",1247,1000,"medium","M1.1",0.0744969844818115,FALSE,FALSE
"MRGN","CSa",1248,1000,"medium","M2.1",0.0535039901733398,FALSE,FALSE
"MRGN","CSa",1249,1000,"medium","M3",0.0345039367675781,FALSE,FALSE
"MRGN","CSa",1250,1000,"medium","M4",0.040280818939209,FALSE,FALSE
"MRGN","CSa",1251,50,"large","M0.1",0.0327930450439453,FALSE,FALSE
"MRGN","CSa",1252,50,"large","M1.1",0.021111011505127,FALSE,FALSE
"MRGN","CSa",1253,50,"large","M2.1",0.0175580978393555,FALSE,FALSE
"MRGN","CSa",1254,50,"large","M3",0.0295848846435547,FALSE,FALSE
"MRGN","CSa",1255,50,"large","M4",0.018082857131958,FALSE,FALSE
"MRGN","CSa",1256,150,"large","M0.1",0.0315070152282715,FALSE,FALSE
"MRGN","CSa",1257,150,"large","M1.1",0.0347030162811279,FALSE,FALSE
"MRGN","CSa",1258,150,"large","M2.1",0.0287809371948242,FALSE,FALSE
"MRGN","CSa",1259,150,"large","M3",0.0277559757232666,FALSE,FALSE
"MRGN","CSa",1260,150,"large","M4",0.0414860248565674,FALSE,FALSE
"MRGN","CSa",1261,300,"large","M0.1",0.023252010345459,FALSE,FALSE
"MRGN","CSa",1262,300,"large","M1.1",0.0364539623260498,FALSE,FALSE
"MRGN","CSa",1263,300,"large","M2.1",0.036491870880127,FALSE,FALSE
"MRGN","CSa",1264,300,"large","M3",0.035269021987915,FALSE,FALSE
"MRGN","CSa",1265,300,"large","M4",0.0301189422607422,FALSE,FALSE
"MRGN","CSa",1266,670,"large","M0.1",0.0292651653289795,FALSE,FALSE
"MRGN","CSa",1267,670,"large","M1.1",0.0319459438323975,FALSE,FALSE
"MRGN","CSa",1268,670,"large","M2.1",0.0741951465606689,FALSE,FALSE
"MRGN","CSa",1269,670,"large","M3",0.0884480476379395,FALSE,FALSE
"MRGN","CSa",1270,670,"large","M4",0.0990569591522217,FALSE,FALSE
"MRGN","CSa",1271,1000,"large","M0.1",0.054149866104126,FALSE,FALSE
"MRGN","CSa",1272,1000,"large","M1.1",0.0812270641326904,FALSE,FALSE
"MRGN","CSa",1273,1000,"large","M2.1",0.0934789180755615,FALSE,FALSE
"MRGN","CSa",1274,1000,"large","M3",0.0615901947021484,FALSE,FALSE
"MRGN","CSa",1275,1000,"large","M4",0.0528881549835205,FALSE,FALSE
"MRGN","CSa",1276,50,"small","M0.1",0.0204868316650391,FALSE,FALSE
"MRGN","CSa",1277,50,"small","M1.1",0.0258269309997559,FALSE,FALSE
"MRGN","CSa",1278,50,"small","M2.1",0.0198569297790527,FALSE,FALSE
"MRGN","CSa",1279,50,"small","M3",0.0332999229431152,FALSE,FALSE
"MRGN","CSa",1280,50,"small","M4",0.0224740505218506,FALSE,FALSE
"MRGN","CSa",1281,150,"small","M0.1",0.0268750190734863,FALSE,FALSE
"MRGN","CSa",1282,150,"small","M1.1",0.0324327945709229,FALSE,FALSE
"MRGN","CSa",1283,150,"small","M2.1",0.0387520790100098,FALSE,FALSE
"MRGN","CSa",1284,150,"small","M3",0.0292439460754395,FALSE,FALSE
"MRGN","CSa",1285,150,"small","M4",0.0288879871368408,FALSE,FALSE
"MRGN","CSa",1286,300,"small","M0.1",0.0317831039428711,FALSE,FALSE
"MRGN","CSa",1287,300,"small","M1.1",0.0300118923187256,FALSE,FALSE
"MRGN","CSa",1288,300,"small","M2.1",0.0407729148864746,FALSE,FALSE
"MRGN","CSa",1289,300,"small","M3",0.0270950794219971,FALSE,FALSE
"MRGN","CSa",1290,300,"small","M4",0.0318880081176758,FALSE,FALSE
"MRGN","CSa",1291,670,"small","M0.1",0.0354418754577637,FALSE,FALSE
"MRGN","CSa",1292,670,"small","M1.1",0.0200791358947754,FALSE,FALSE
"MRGN","CSa",1293,670,"small","M2.1",0.0335750579833984,FALSE,FALSE
"MRGN","CSa",1294,670,"small","M3",0.0410068035125732,FALSE,FALSE
"MRGN","CSa",1295,670,"small","M4",0.0399489402770996,FALSE,FALSE
"MRGN","CSa",1296,1000,"small","M0.1",0.0450129508972168,FALSE,FALSE
"MRGN","CSa",1297,1000,"small","M1.1",0.0400960445404053,FALSE,FALSE
"MRGN","CSa",1298,1000,"small","M2.1",0.053462028503418,FALSE,FALSE
"MRGN","CSa",1299,1000,"small","M3",0.0675780773162842,FALSE,FALSE
"MRGN","CSa",1300,1000,"small","M4",0.0502731800079346,FALSE,FALSE
"MRGN","CSa",1301,50,"medium","M0.1",0.0182249546051025,FALSE,FALSE
"MRGN","CSa",1302,50,"medium","M1.1",0.0233330726623535,FALSE,FALSE
"MRGN","CSa",1303,50,"medium","M2.1",0.0330541133880615,FALSE,FALSE
"MRGN","CSa",1304,50,"medium","M3",0.0434811115264893,FALSE,FALSE
"MRGN","CSa",1305,50,"medium","M4",0.0243818759918213,FALSE,FALSE
"MRGN","CSa",1306,150,"medium","M0.1",0.0290110111236572,FALSE,FALSE
"MRGN","CSa",1307,150,"medium","M1.1",0.0248658657073975,FALSE,FALSE
"MRGN","CSa",1308,150,"medium","M2.1",0.0272128582000732,FALSE,FALSE
"MRGN","CSa",1309,150,"medium","M3",0.0345609188079834,FALSE,FALSE
"MRGN","CSa",1310,150,"medium","M4",0.0345010757446289,FALSE,FALSE
"MRGN","CSa",1311,300,"medium","M0.1",0.0336289405822754,FALSE,FALSE
"MRGN","CSa",1312,300,"medium","M1.1",0.0332341194152832,FALSE,FALSE
"MRGN","CSa",1313,300,"medium","M2.1",0.0379700660705566,FALSE,FALSE
"MRGN","CSa",1314,300,"medium","M3",0.0389139652252197,FALSE,FALSE
"MRGN","CSa",1315,300,"medium","M4",0.0337131023406982,FALSE,FALSE
"MRGN","CSa",1316,670,"medium","M0.1",0.0253660678863525,FALSE,FALSE
"MRGN","CSa",1317,670,"medium","M1.1",0.0408501625061035,FALSE,FALSE
"MRGN","CSa",1318,670,"medium","M2.1",0.0270969867706299,FALSE,FALSE
"MRGN","CSa",1319,670,"medium","M3",0.05873703956604,FALSE,FALSE
"MRGN","CSa",1320,670,"medium","M4",0.0335409641265869,FALSE,FALSE
"MRGN","CSa",1321,1000,"medium","M0.1",0.0337190628051758,FALSE,FALSE
"MRGN","CSa",1322,1000,"medium","M1.1",0.0806009769439697,FALSE,FALSE
"MRGN","CSa",1323,1000,"medium","M2.1",0.119647026062012,FALSE,FALSE
"MRGN","CSa",1324,1000,"medium","M3",0.0411942005157471,FALSE,FALSE
"MRGN","CSa",1325,1000,"medium","M4",0.0330579280853271,FALSE,FALSE
"MRGN","CSa",1326,50,"large","M0.1",0.0231270790100098,FALSE,FALSE
"MRGN","CSa",1327,50,"large","M1.1",0.0208370685577393,FALSE,FALSE
"MRGN","CSa",1328,50,"large","M2.1",0.0211889743804932,FALSE,FALSE
"MRGN","CSa",1329,50,"large","M3",0.0198941230773926,FALSE,FALSE
"MRGN","CSa",1330,50,"large","M4",0.0213749408721924,FALSE,FALSE
"MRGN","CSa",1331,150,"large","M0.1",0.0294599533081055,FALSE,FALSE
"MRGN","CSa",1332,150,"large","M1.1",0.0448670387268066,FALSE,FALSE
"MRGN","CSa",1333,150,"large","M2.1",0.031001091003418,FALSE,FALSE
"MRGN","CSa",1334,150,"large","M3",0.056725025177002,FALSE,FALSE
"MRGN","CSa",1335,150,"large","M4",0.0548319816589355,FALSE,FALSE
"MRGN","CSa",1336,300,"large","M0.1",0.030832052230835,FALSE,FALSE
"MRGN","CSa",1337,300,"large","M1.1",0.0277929306030273,FALSE,FALSE
"MRGN","CSa",1338,300,"large","M2.1",0.030472993850708,FALSE,FALSE
"MRGN","CSa",1339,300,"large","M3",0.0170450210571289,FALSE,FALSE
"MRGN","CSa",1340,300,"large","M4",0.0319678783416748,FALSE,FALSE
"MRGN","CSa",1341,670,"large","M0.1",0.0258820056915283,FALSE,FALSE
"MRGN","CSa",1342,670,"large","M1.1",0.0408329963684082,FALSE,FALSE
"MRGN","CSa",1343,670,"large","M2.1",0.0346930027008057,FALSE,FALSE
"MRGN","CSa",1344,670,"large","M3",0.0251429080963135,FALSE,FALSE
"MRGN","CSa",1345,670,"large","M4",0.0308759212493896,FALSE,FALSE
"MRGN","CSa",1346,1000,"large","M0.1",0.0412609577178955,FALSE,FALSE
"MRGN","CSa",1347,1000,"large","M1.1",0.0386929512023926,FALSE,FALSE
"MRGN","CSa",1348,1000,"large","M2.1",0.0513510704040527,FALSE,FALSE
"MRGN","CSa",1349,1000,"large","M3",0.0425288677215576,FALSE,FALSE
"MRGN","CSa",1350,1000,"large","M4",0.0548279285430908,FALSE,FALSE
"MRGN","CSa",1351,50,"small","M0.1",0.0305581092834473,FALSE,FALSE
"MRGN","CSa",1352,50,"small","M1.1",0.0368988513946533,FALSE,FALSE
"MRGN","CSa",1353,50,"small","M2.1",0.0221149921417236,FALSE,FALSE
"MRGN","CSa",1354,50,"small","M3",0.0215690135955811,FALSE,FALSE
"MRGN","CSa",1355,50,"small","M4",0.0231871604919434,FALSE,FALSE
"MRGN","CSa",1356,150,"small","M0.1",0.0469088554382324,FALSE,FALSE
"MRGN","CSa",1357,150,"small","M1.1",0.0559189319610596,FALSE,FALSE
"MRGN","CSa",1358,150,"small","M2.1",0.0584390163421631,FALSE,FALSE
"MRGN","CSa",1359,150,"small","M3",0.0418531894683838,FALSE,FALSE
"MRGN","CSa",1360,150,"small","M4",0.0573019981384277,FALSE,FALSE
"MRGN","CSa",1361,300,"small","M0.1",0.030217170715332,FALSE,FALSE
"MRGN","CSa",1362,300,"small","M1.1",0.0321950912475586,FALSE,FALSE
"MRGN","CSa",1363,300,"small","M2.1",0.0319509506225586,FALSE,FALSE
"MRGN","CSa",1364,300,"small","M3",0.0323431491851807,FALSE,FALSE
"MRGN","CSa",1365,300,"small","M4",0.0322599411010742,FALSE,FALSE
"MRGN","CSa",1366,670,"small","M0.1",0.0590648651123047,FALSE,FALSE
"MRGN","CSa",1367,670,"small","M1.1",0.0386819839477539,FALSE,FALSE
"MRGN","CSa",1368,670,"small","M2.1",0.0432710647583008,FALSE,FALSE
"MRGN","CSa",1369,670,"small","M3",0.0413689613342285,FALSE,FALSE
"MRGN","CSa",1370,670,"small","M4",0.0554389953613281,FALSE,FALSE
"MRGN","CSa",1371,1000,"small","M0.1",0.0529420375823975,FALSE,FALSE
"MRGN","CSa",1372,1000,"small","M1.1",0.0352180004119873,FALSE,FALSE
"MRGN","CSa",1373,1000,"small","M2.1",0.05047607421875,FALSE,FALSE
"MRGN","CSa",1374,1000,"small","M3",0.0654258728027344,FALSE,FALSE
"MRGN","CSa",1375,1000,"small","M4",0.0432579517364502,FALSE,FALSE
"MRGN","CSa",1376,50,"medium","M0.1",0.0247690677642822,FALSE,FALSE
"MRGN","CSa",1377,50,"medium","M1.1",0.0206990242004395,FALSE,FALSE
"MRGN","CSa",1378,50,"medium","M2.1",0.0210139751434326,FALSE,FALSE
"MRGN","CSa",1379,50,"medium","M3",0.0270779132843018,FALSE,FALSE
"MRGN","CSa",1380,50,"medium","M4",0.0339000225067139,FALSE,FALSE
"MRGN","CSa",1381,150,"medium","M0.1",0.0628559589385986,FALSE,FALSE
"MRGN","CSa",1382,150,"medium","M1.1",0.0655350685119629,FALSE,FALSE
"MRGN","CSa",1383,150,"medium","M2.1",0.0515439510345459,FALSE,FALSE
"MRGN","CSa",1384,150,"medium","M3",0.0505938529968262,FALSE,FALSE
"MRGN","CSa",1385,150,"medium","M4",0.0469470024108887,FALSE,FALSE
"MRGN","CSa",1386,300,"medium","M0.1",0.0277760028839111,FALSE,FALSE
"MRGN","CSa",1387,300,"medium","M1.1",0.0232999324798584,FALSE,FALSE
"MRGN","CSa",1388,300,"medium","M2.1",0.0311379432678223,FALSE,FALSE
"MRGN","CSa",1389,300,"medium","M3",0.0467641353607178,FALSE,FALSE
"MRGN","CSa",1390,300,"medium","M4",0.0328929424285889,FALSE,FALSE
"MRGN","CSa",1391,670,"medium","M0.1",0.0346589088439941,FALSE,FALSE
"MRGN","CSa",1392,670,"medium","M1.1",0.039639949798584,FALSE,FALSE
"MRGN","CSa",1393,670,"medium","M2.1",0.0269129276275635,FALSE,FALSE
"MRGN","CSa",1394,670,"medium","M3",0.0450949668884277,FALSE,FALSE
"MRGN","CSa",1395,670,"medium","M4",0.0793070793151855,FALSE,FALSE
"MRGN","CSa",1396,1000,"medium","M0.1",0.0519430637359619,FALSE,FALSE
"MRGN","CSa",1397,1000,"medium","M1.1",0.0443599224090576,FALSE,FALSE
"MRGN","CSa",1398,1000,"medium","M2.1",0.0552217960357666,FALSE,FALSE
"MRGN","CSa",1399,1000,"medium","M3",0.0415880680084229,FALSE,FALSE
"MRGN","CSa",1400,1000,"medium","M4",0.0368971824645996,FALSE,FALSE
"MRGN","CSa",1401,50,"large","M0.1",0.0249648094177246,FALSE,FALSE
"MRGN","CSa",1402,50,"large","M1.1",0.0217649936676025,FALSE,FALSE
"MRGN","CSa",1403,50,"large","M2.1",0.026623010635376,FALSE,FALSE
"MRGN","CSa",1404,50,"large","M3",0.0213658809661865,FALSE,FALSE
"MRGN","CSa",1405,50,"large","M4",0.0218560695648193,FALSE,FALSE
"MRGN","CSa",1406,150,"large","M0.1",0.0656371116638184,FALSE,FALSE
"MRGN","CSa",1407,150,"large","M1.1",0.0462219715118408,FALSE,FALSE
"MRGN","CSa",1408,150,"large","M2.1",0.0250651836395264,FALSE,FALSE
"MRGN","CSa",1409,150,"large","M3",0.0581648349761963,FALSE,FALSE
"MRGN","CSa",1410,150,"large","M4",0.0750448703765869,FALSE,FALSE
"MRGN","CSa",1411,300,"large","M0.1",0.0248990058898926,FALSE,FALSE
"MRGN","CSa",1412,300,"large","M1.1",0.015423059463501,FALSE,FALSE
"MRGN","CSa",1413,300,"large","M2.1",0.029263973236084,FALSE,FALSE
"MRGN","CSa",1414,300,"large","M3",0.0268969535827637,FALSE,FALSE
"MRGN","CSa",1415,300,"large","M4",0.030102014541626,FALSE,FALSE
"MRGN","CSa",1416,670,"large","M0.1",0.0559790134429932,FALSE,FALSE
"MRGN","CSa",1417,670,"large","M1.1",0.0613100528717041,FALSE,FALSE
"MRGN","CSa",1418,670,"large","M2.1",0.0825579166412354,FALSE,FALSE
"MRGN","CSa",1419,670,"large","M3",0.0966291427612305,FALSE,FALSE
"MRGN","CSa",1420,670,"large","M4",0.0699348449707031,FALSE,FALSE
"MRGN","CSa",1421,1000,"large","M0.1",0.0326828956604004,FALSE,FALSE
"MRGN","CSa",1422,1000,"large","M1.1",0.0420560836791992,FALSE,FALSE
"MRGN","CSa",1423,1000,"large","M2.1",0.0445120334625244,FALSE,FALSE
"MRGN","CSa",1424,1000,"large","M3",0.0419929027557373,FALSE,FALSE
"MRGN","CSa",1425,1000,"large","M4",0.0724339485168457,FALSE,FALSE
"MRGN","CSa",1426,50,"small","M0.1",0.0208389759063721,FALSE,FALSE
"MRGN","CSa",1427,50,"small","M1.1",0.0239319801330566,FALSE,FALSE
"MRGN","CSa",1428,50,"small","M2.1",0.018535852432251,FALSE,FALSE
"MRGN","CSa",1429,50,"small","M3",0.0173180103302002,FALSE,FALSE
"MRGN","CSa",1430,50,"small","M4",0.0172338485717773,FALSE,FALSE
"MRGN","CSa",1431,150,"small","M0.1",0.0540850162506104,FALSE,FALSE
"MRGN","CSa",1432,150,"small","M1.1",0.0418679714202881,FALSE,FALSE
"MRGN","CSa",1433,150,"small","M2.1",0.0497848987579346,FALSE,FALSE
"MRGN","CSa",1434,150,"small","M3",0.0289509296417236,FALSE,FALSE
"MRGN","CSa",1435,150,"small","M4",0.0472900867462158,FALSE,FALSE
"MRGN","CSa",1436,300,"small","M0.1",0.0212891101837158,FALSE,FALSE
"MRGN","CSa",1437,300,"small","M1.1",0.0367329120635986,FALSE,FALSE
"MRGN","CSa",1438,300,"small","M2.1",0.0336818695068359,FALSE,FALSE
"MRGN","CSa",1439,300,"small","M3",0.0433440208435059,FALSE,FALSE
"MRGN","CSa",1440,300,"small","M4",0.0350852012634277,FALSE,FALSE
"MRGN","CSa",1441,670,"small","M0.1",0.0628941059112549,FALSE,FALSE
"MRGN","CSa",1442,670,"small","M1.1",0.0741720199584961,FALSE,FALSE
"MRGN","CSa",1443,670,"small","M2.1",0.0333349704742432,FALSE,FALSE
"MRGN","CSa",1444,670,"small","M3",0.0457870960235596,FALSE,FALSE
"MRGN","CSa",1445,670,"small","M4",0.0535979270935059,FALSE,FALSE
"MRGN","CSa",1446,1000,"small","M0.1",0.0559549331665039,FALSE,FALSE
"MRGN","CSa",1447,1000,"small","M1.1",0.0537810325622559,FALSE,FALSE
"MRGN","CSa",1448,1000,"small","M2.1",0.0597889423370361,FALSE,FALSE
"MRGN","CSa",1449,1000,"small","M3",0.0611178874969482,FALSE,FALSE
"MRGN","CSa",1450,1000,"small","M4",0.0562050342559814,FALSE,FALSE
"MRGN","CSa",1451,50,"medium","M0.1",0.0219430923461914,FALSE,FALSE
"MRGN","CSa",1452,50,"medium","M1.1",0.0233001708984375,FALSE,FALSE
"MRGN","CSa",1453,50,"medium","M2.1",0.0316629409790039,FALSE,FALSE
"MRGN","CSa",1454,50,"medium","M3",0.0237159729003906,FALSE,FALSE
"MRGN","CSa",1455,50,"medium","M4",0.0303609371185303,FALSE,FALSE
"MRGN","CSa",1456,150,"medium","M0.1",0.0303189754486084,FALSE,FALSE
"MRGN","CSa",1457,150,"medium","M1.1",0.04656982421875,FALSE,FALSE
"MRGN","CSa",1458,150,"medium","M2.1",0.047813892364502,FALSE,FALSE
"MRGN","CSa",1459,150,"medium","M3",0.02571702003479,FALSE,FALSE
"MRGN","CSa",1460,150,"medium","M4",0.0512349605560303,FALSE,FALSE
"MRGN","CSa",1461,300,"medium","M0.1",0.0369739532470703,FALSE,FALSE
"MRGN","CSa",1462,300,"medium","M1.1",0.0149819850921631,FALSE,FALSE
"MRGN","CSa",1463,300,"medium","M2.1",0.0335421562194824,FALSE,FALSE
"MRGN","CSa",1464,300,"medium","M3",0.0257890224456787,FALSE,FALSE
"MRGN","CSa",1465,300,"medium","M4",0.0244119167327881,FALSE,FALSE
"MRGN","CSa",1466,670,"medium","M0.1",0.022057056427002,FALSE,FALSE
"MRGN","CSa",1467,670,"medium","M1.1",0.0273067951202393,FALSE,FALSE
"MRGN","CSa",1468,670,"medium","M2.1",0.0734639167785645,FALSE,FALSE
"MRGN","CSa",1469,670,"medium","M3",0.0305440425872803,FALSE,FALSE
"MRGN","CSa",1470,670,"medium","M4",0.0337510108947754,FALSE,FALSE
"MRGN","CSa",1471,1000,"medium","M0.1",0.0407700538635254,FALSE,FALSE
"MRGN","CSa",1472,1000,"medium","M1.1",0.0470900535583496,FALSE,FALSE
"MRGN","CSa",1473,1000,"medium","M2.1",0.0197720527648926,FALSE,FALSE
"MRGN","CSa",1474,1000,"medium","M3",0.0406150817871094,FALSE,FALSE
"MRGN","CSa",1475,1000,"medium","M4",0.0373680591583252,FALSE,FALSE
"MRGN","CSa",1476,50,"large","M0.1",0.0240330696105957,FALSE,FALSE
"MRGN","CSa",1477,50,"large","M1.1",0.0199589729309082,FALSE,FALSE
"MRGN","CSa",1478,50,"large","M2.1",0.0240910053253174,FALSE,FALSE
"MRGN","CSa",1479,50,"large","M3",0.0268990993499756,FALSE,FALSE
"MRGN","CSa",1480,50,"large","M4",0.0214688777923584,FALSE,FALSE
"MRGN","CSa",1481,150,"large","M0.1",0.0416719913482666,FALSE,FALSE
"MRGN","CSa",1482,150,"large","M1.1",0.0627570152282715,FALSE,FALSE
"MRGN","CSa",1483,150,"large","M2.1",0.0810809135437012,FALSE,FALSE
"MRGN","CSa",1484,150,"large","M3",0.0532629489898682,FALSE,FALSE
"MRGN","CSa",1485,150,"large","M4",0.0662920475006104,FALSE,FALSE
"MRGN","CSa",1486,300,"large","M0.1",0.032581090927124,FALSE,FALSE
"MRGN","CSa",1487,300,"large","M1.1",0.0281460285186768,FALSE,FALSE
"MRGN","CSa",1488,300,"large","M2.1",0.0359499454498291,FALSE,FALSE
"MRGN","CSa",1489,300,"large","M3",0.0358901023864746,FALSE,FALSE
"MRGN","CSa",1490,300,"large","M4",0.0247430801391602,FALSE,FALSE
"MRGN","CSa",1491,670,"large","M0.1",0.0262529850006104,FALSE,FALSE
"MRGN","CSa",1492,670,"large","M1.1",0.0377402305603027,FALSE,FALSE
"MRGN","CSa",1493,670,"large","M2.1",0.05082106590271,FALSE,FALSE
"MRGN","CSa",1494,670,"large","M3",0.0398890972137451,FALSE,FALSE
"MRGN","CSa",1495,670,"large","M4",0.0613229274749756,FALSE,FALSE
"MRGN","CSa",1496,1000,"large","M0.1",0.0554509162902832,FALSE,FALSE
"MRGN","CSa",1497,1000,"large","M1.1",0.0439698696136475,FALSE,FALSE
"MRGN","CSa",1498,1000,"large","M2.1",0.0232150554656982,FALSE,FALSE
"MRGN","CSa",1499,1000,"large","M3",0.0336542129516602,FALSE,FALSE
"MRGN","CSa",1500,1000,"large","M4",0.0437757968902588,FALSE,FALSE
"MRPC","truth",1,50,"small","M0.1",0.204752922058105,FALSE,FALSE
"MRPC","truth",2,50,"small","M1.1",0.0940871238708496,FALSE,FALSE
"MRPC","truth",3,50,"small","M2.1",0.0280330181121826,FALSE,FALSE
"MRPC","truth",4,50,"small","M3",0.94831109046936,FALSE,FALSE
"MRPC","truth",5,50,"small","M4",0.156358003616333,FALSE,FALSE
"MRPC","truth",6,150,"small","M0.1",0.463274955749512,FALSE,FALSE
"MRPC","truth",7,150,"small","M1.1",0.43707799911499,FALSE,FALSE
"MRPC","truth",8,150,"small","M2.1",0.0278449058532715,FALSE,FALSE
"MRPC","truth",9,150,"small","M3",0.0962769985198975,FALSE,FALSE
"MRPC","truth",10,150,"small","M4",0.0273101329803467,FALSE,FALSE
"MRPC","truth",11,300,"small","M0.1",12.3782880306244,FALSE,FALSE
"MRPC","truth",12,300,"small","M1.1",NA,TRUE,FALSE
"MRPC","truth",13,300,"small","M2.1",0.127787113189697,FALSE,FALSE
"MRPC","truth",14,300,"small","M3",4.63678979873657,FALSE,FALSE
"MRPC","truth",15,300,"small","M4",1.31015706062317,FALSE,FALSE
"MRPC","truth",26,50,"medium","M0.1",0.023097038269043,FALSE,FALSE
"MRPC","truth",27,50,"medium","M1.1",0.865365982055664,FALSE,FALSE
"MRPC","truth",28,50,"medium","M2.1",0.0737202167510986,FALSE,FALSE
"MRPC","truth",29,50,"medium","M3",0.102842807769775,FALSE,FALSE
"MRPC","truth",30,50,"medium","M4",0.0353779792785645,FALSE,FALSE
"MRPC","truth",31,150,"medium","M0.1",0.447365045547485,FALSE,FALSE
"MRPC","truth",32,150,"medium","M1.1",0.155517101287842,FALSE,FALSE
"MRPC","truth",33,150,"medium","M2.1",1.27762484550476,FALSE,FALSE
"MRPC","truth",34,150,"medium","M3",0.430324077606201,FALSE,FALSE
"MRPC","truth",35,150,"medium","M4",0.10174298286438,FALSE,FALSE
"MRPC","truth",36,300,"medium","M0.1",135.705394029617,FALSE,FALSE
"MRPC","truth",37,300,"medium","M1.1",NA,TRUE,FALSE
"MRPC","truth",38,300,"medium","M2.1",124.815945863724,FALSE,FALSE
"MRPC","truth",39,300,"medium","M3",0.204444169998169,FALSE,FALSE
"MRPC","truth",40,300,"medium","M4",NA,TRUE,FALSE
"MRPC","truth",51,50,"large","M0.1",0.10650897026062,FALSE,FALSE
"MRPC","truth",52,50,"large","M1.1",0.0672070980072021,FALSE,FALSE
"MRPC","truth",53,50,"large","M2.1",0.063939094543457,FALSE,FALSE
"MRPC","truth",54,50,"large","M3",0.0647859573364258,FALSE,FALSE
"MRPC","truth",55,50,"large","M4",0.0729501247406006,FALSE,FALSE
"MRPC","truth",56,150,"large","M0.1",0.0759038925170898,FALSE,FALSE
"MRPC","truth",57,150,"large","M1.1",0.115614891052246,FALSE,FALSE
"MRPC","truth",58,150,"large","M2.1",0.108870983123779,FALSE,FALSE
"MRPC","truth",59,150,"large","M3",0.43228006362915,FALSE,FALSE
"MRPC","truth",60,150,"large","M4",0.326640844345093,FALSE,FALSE
"MRPC","truth",61,300,"large","M0.1",NA,TRUE,FALSE
"MRPC","truth",62,300,"large","M1.1",NA,TRUE,FALSE
"MRPC","truth",63,300,"large","M2.1",0.136080026626587,FALSE,FALSE
"MRPC","truth",64,300,"large","M3",0.0812609195709229,FALSE,FALSE
"MRPC","truth",65,300,"large","M4",8.23007106781006,FALSE,FALSE
"MRPC","truth",76,50,"small","M0.1",0.0982108116149902,FALSE,FALSE
"MRPC","truth",77,50,"small","M1.1",0.0469281673431396,FALSE,FALSE
"MRPC","truth",78,50,"small","M2.1",0.0425331592559814,FALSE,FALSE
"MRPC","truth",79,50,"small","M3",0.113664865493774,FALSE,FALSE
"MRPC","truth",80,50,"small","M4",0.394275188446045,FALSE,FALSE
"MRPC","truth",81,150,"small","M0.1",0.0553090572357178,FALSE,FALSE
"MRPC","truth",82,150,"small","M1.1",0.493581056594849,FALSE,FALSE
"MRPC","truth",83,150,"small","M2.1",0.134557962417603,FALSE,FALSE
"MRPC","truth",84,150,"small","M3",0.366269111633301,FALSE,FALSE
"MRPC","truth",85,150,"small","M4",0.346621036529541,FALSE,FALSE
"MRPC","truth",86,300,"small","M0.1",NA,TRUE,FALSE
"MRPC","truth",87,300,"small","M1.1",0.333892107009888,FALSE,FALSE
"MRPC","truth",88,300,"small","M2.1",NA,TRUE,FALSE
"MRPC","truth",89,300,"small","M3",0.0161690711975098,FALSE,FALSE
"MRPC","truth",90,300,"small","M4",NA,TRUE,FALSE
"MRPC","truth",101,50,"medium","M0.1",0.0865108966827393,FALSE,FALSE
"MRPC","truth",102,50,"medium","M1.1",0.365007877349854,FALSE,FALSE
"MRPC","truth",103,50,"medium","M2.1",0.098405122756958,FALSE,FALSE
"MRPC","truth",104,50,"medium","M3",0.0451500415802002,FALSE,FALSE
"MRPC","truth",105,50,"medium","M4",0.0298120975494385,FALSE,FALSE
"MRPC","truth",106,150,"medium","M0.1",0.0268290042877197,FALSE,FALSE
"MRPC","truth",107,150,"medium","M1.1",0.200946092605591,FALSE,FALSE
"MRPC","truth",108,150,"medium","M2.1",0.0533809661865234,FALSE,FALSE
"MRPC","truth",109,150,"medium","M3",0.0518398284912109,FALSE,FALSE
"MRPC","truth",110,150,"medium","M4",0.251766920089722,FALSE,FALSE
"MRPC","truth",111,300,"medium","M0.1",78.6087238788605,FALSE,FALSE
"MRPC","truth",112,300,"medium","M1.1",72.472953081131,FALSE,FALSE
"MRPC","truth",113,300,"medium","M2.1",4.67135906219482,FALSE,FALSE
"MRPC","truth",114,300,"medium","M3",NA,TRUE,FALSE
"MRPC","truth",115,300,"medium","M4",0.299835920333862,FALSE,FALSE
"MRPC","truth",126,50,"large","M0.1",0.26346492767334,FALSE,FALSE
"MRPC","truth",127,50,"large","M1.1",0.155148029327393,FALSE,FALSE
"MRPC","truth",128,50,"large","M2.1",0.476967811584473,FALSE,FALSE
"MRPC","truth",129,50,"large","M3",0.0804271697998047,FALSE,FALSE
"MRPC","truth",130,50,"large","M4",0.364872932434082,FALSE,FALSE
"MRPC","truth",131,150,"large","M0.1",0.062981128692627,FALSE,FALSE
"MRPC","truth",132,150,"large","M1.1",0.0762879848480225,FALSE,FALSE
"MRPC","truth",133,150,"large","M2.1",0.671665191650391,FALSE,FALSE
"MRPC","truth",134,150,"large","M3",0.426262140274048,FALSE,FALSE
"MRPC","truth",135,150,"large","M4",0.200544118881226,FALSE,FALSE
"MRPC","truth",136,300,"large","M0.1",0.817506074905396,FALSE,FALSE
"MRPC","truth",137,300,"large","M1.1",0.830397129058838,FALSE,FALSE
"MRPC","truth",138,300,"large","M2.1",NA,TRUE,FALSE
"MRPC","truth",139,300,"large","M3",0.101287841796875,FALSE,FALSE
"MRPC","truth",140,300,"large","M4",NA,TRUE,FALSE
"MRPC","truth",151,50,"small","M0.1",0.102052211761475,FALSE,FALSE
"MRPC","truth",152,50,"small","M1.1",0.0567829608917236,FALSE,FALSE
"MRPC","truth",153,50,"small","M2.1",0.0318479537963867,FALSE,FALSE
"MRPC","truth",154,50,"small","M3",1.07217288017273,FALSE,FALSE
"MRPC","truth",155,50,"small","M4",0.0456809997558594,FALSE,FALSE
"MRPC","truth",156,150,"small","M0.1",0.0519430637359619,FALSE,FALSE
"MRPC","truth",157,150,"small","M1.1",0.401932954788208,FALSE,FALSE
"MRPC","truth",158,150,"small","M2.1",0.0815510749816895,FALSE,FALSE
"MRPC","truth",159,150,"small","M3",0.232950925827026,FALSE,FALSE
"MRPC","truth",160,150,"small","M4",0.0458989143371582,FALSE,FALSE
"MRPC","truth",161,300,"small","M0.1",NA,TRUE,FALSE
"MRPC","truth",162,300,"small","M1.1",4.18772101402283,FALSE,FALSE
"MRPC","truth",163,300,"small","M2.1",22.2144799232483,FALSE,FALSE
"MRPC","truth",164,300,"small","M3",NA,TRUE,FALSE
"MRPC","truth",165,300,"small","M4",0.276705980300903,FALSE,FALSE
"MRPC","truth",176,50,"medium","M0.1",0.216315984725952,FALSE,FALSE
"MRPC","truth",177,50,"medium","M1.1",0.0333309173583984,FALSE,FALSE
"MRPC","truth",178,50,"medium","M2.1",0.0262579917907715,FALSE,FALSE
"MRPC","truth",179,50,"medium","M3",0.0268700122833252,FALSE,FALSE
"MRPC","truth",180,50,"medium","M4",0.169384956359863,FALSE,FALSE
"MRPC","truth",181,150,"medium","M0.1",0.06233811378479,FALSE,FALSE
"MRPC","truth",182,150,"medium","M1.1",0.402666091918945,FALSE,FALSE
"MRPC","truth",183,150,"medium","M2.1",0.171162843704224,FALSE,FALSE
"MRPC","truth",184,150,"medium","M3",0.297547101974487,FALSE,FALSE
"MRPC","truth",185,150,"medium","M4",0.133067846298218,FALSE,FALSE
"MRPC","truth",186,300,"medium","M0.1",50.1744930744171,FALSE,FALSE
"MRPC","truth",187,300,"medium","M1.1",168.982003927231,FALSE,FALSE
"MRPC","truth",188,300,"medium","M2.1",7.00998187065125,FALSE,FALSE
"MRPC","truth",189,300,"medium","M3",2.37797498703003,FALSE,FALSE
"MRPC","truth",190,300,"medium","M4",NA,TRUE,FALSE
"MRPC","truth",201,50,"large","M0.1",0.170223951339722,FALSE,FALSE
"MRPC","truth",202,50,"large","M1.1",0.0378170013427734,FALSE,FALSE
"MRPC","truth",203,50,"large","M2.1",0.0525751113891602,FALSE,FALSE
"MRPC","truth",204,50,"large","M3",0.0539669990539551,FALSE,FALSE
"MRPC","truth",205,50,"large","M4",0.289180994033813,FALSE,FALSE
"MRPC","truth",206,150,"large","M0.1",0.326037883758545,FALSE,FALSE
"MRPC","truth",207,150,"large","M1.1",0.18146800994873,FALSE,FALSE
"MRPC","truth",208,150,"large","M2.1",0.120163917541504,FALSE,FALSE
"MRPC","truth",209,150,"large","M3",0.46942400932312,FALSE,FALSE
"MRPC","truth",210,150,"large","M4",0.433320045471191,FALSE,FALSE
"MRPC","truth",211,300,"large","M0.1",NA,TRUE,FALSE
"MRPC","truth",212,300,"large","M1.1",NA,TRUE,FALSE
"MRPC","truth",213,300,"large","M2.1",NA,TRUE,FALSE
"MRPC","truth",214,300,"large","M3",1.80835199356079,FALSE,FALSE
"MRPC","truth",215,300,"large","M4",NA,TRUE,FALSE
"MRPC","truth",226,50,"small","M0.1",0.0684351921081543,FALSE,FALSE
"MRPC","truth",227,50,"small","M1.1",0.0891098976135254,FALSE,FALSE
"MRPC","truth",228,50,"small","M2.1",0.0241129398345947,FALSE,FALSE
"MRPC","truth",229,50,"small","M3",0.0289199352264404,FALSE,FALSE
"MRPC","truth",230,50,"small","M4",0.0549979209899902,FALSE,FALSE
"MRPC","truth",231,150,"small","M0.1",1.18870115280151,FALSE,FALSE
"MRPC","truth",232,150,"small","M1.1",0.0225999355316162,FALSE,FALSE
"MRPC","truth",233,150,"small","M2.1",0.0759549140930176,FALSE,FALSE
"MRPC","truth",234,150,"small","M3",0.189726829528809,FALSE,FALSE
"MRPC","truth",235,150,"small","M4",0.155272006988525,FALSE,FALSE
"MRPC","truth",236,300,"small","M0.1",NA,TRUE,FALSE
"MRPC","truth",237,300,"small","M1.1",3.01521992683411,FALSE,FALSE
"MRPC","truth",238,300,"small","M2.1",0.409250020980835,FALSE,FALSE
"MRPC","truth",239,300,"small","M3",34.2174410820007,FALSE,FALSE
"MRPC","truth",240,300,"small","M4",NA,TRUE,FALSE
"MRPC","truth",251,50,"medium","M0.1",0.224897861480713,FALSE,FALSE
"MRPC","truth",252,50,"medium","M1.1",0.096545934677124,FALSE,FALSE
"MRPC","truth",253,50,"medium","M2.1",0.0372269153594971,FALSE,FALSE
"MRPC","truth",254,50,"medium","M3",0.0432431697845459,FALSE,FALSE
"MRPC","truth",255,50,"medium","M4",0.123932838439941,FALSE,FALSE
"MRPC","truth",256,150,"medium","M0.1",0.100849866867065,FALSE,FALSE
"MRPC","truth",257,150,"medium","M1.1",0.0394489765167236,FALSE,FALSE
"MRPC","truth",258,150,"medium","M2.1",0.512207984924316,FALSE,FALSE
"MRPC","truth",259,150,"medium","M3",0.235443115234375,FALSE,FALSE
"MRPC","truth",260,150,"medium","M4",0.167722940444946,FALSE,FALSE
"MRPC","truth",261,300,"medium","M0.1",0.341691017150879,FALSE,FALSE
"MRPC","truth",262,300,"medium","M1.1",NA,TRUE,FALSE
"MRPC","truth",263,300,"medium","M2.1",NA,TRUE,FALSE
"MRPC","truth",264,300,"medium","M3",NA,TRUE,FALSE
"MRPC","truth",265,300,"medium","M4",NA,TRUE,FALSE
"MRPC","truth",276,50,"large","M0.1",0.0431180000305176,FALSE,FALSE
"MRPC","truth",277,50,"large","M1.1",0.0909349918365479,FALSE,FALSE
"MRPC","truth",278,50,"large","M2.1",0.495496034622192,FALSE,FALSE
"MRPC","truth",279,50,"large","M3",0.0330209732055664,FALSE,FALSE
"MRPC","truth",280,50,"large","M4",0.0400130748748779,FALSE,FALSE
"MRPC","truth",281,150,"large","M0.1",0.0965020656585693,FALSE,FALSE
"MRPC","truth",282,150,"large","M1.1",0.731581926345825,FALSE,FALSE
"MRPC","truth",283,150,"large","M2.1",0.50015115737915,FALSE,FALSE
"MRPC","truth",284,150,"large","M3",0.0699558258056641,FALSE,FALSE
"MRPC","truth",285,150,"large","M4",0.0371079444885254,FALSE,FALSE
"MRPC","truth",286,300,"large","M0.1",21.3743770122528,FALSE,FALSE
"MRPC","truth",287,300,"large","M1.1",NA,TRUE,FALSE
"MRPC","truth",288,300,"large","M2.1",10.5598521232605,FALSE,FALSE
"MRPC","truth",289,300,"large","M3",NA,TRUE,FALSE
"MRPC","truth",290,300,"large","M4",NA,TRUE,FALSE
"MRPC","truth",301,50,"small","M0.1",0.0971438884735107,FALSE,FALSE
"MRPC","truth",302,50,"small","M1.1",0.0892219543457031,FALSE,FALSE
"MRPC","truth",303,50,"small","M2.1",0.382324934005737,FALSE,FALSE
"MRPC","truth",304,50,"small","M3",0.0805349349975586,FALSE,FALSE
"MRPC","truth",305,50,"small","M4",0.0292360782623291,FALSE,FALSE
"MRPC","truth",306,150,"small","M0.1",0.0722370147705078,FALSE,FALSE
"MRPC","truth",307,150,"small","M1.1",0.0342309474945068,FALSE,FALSE
"MRPC","truth",308,150,"small","M2.1",0.0748050212860107,FALSE,FALSE
"MRPC","truth",309,150,"small","M3",0.0339970588684082,FALSE,FALSE
"MRPC","truth",310,150,"small","M4",0.238018035888672,FALSE,FALSE
"MRPC","truth",311,300,"small","M0.1",NA,TRUE,FALSE
"MRPC","truth",312,300,"small","M1.1",NA,TRUE,FALSE
"MRPC","truth",313,300,"small","M2.1",NA,TRUE,FALSE
"MRPC","truth",314,300,"small","M3",0.393354892730713,FALSE,FALSE
"MRPC","truth",315,300,"small","M4",NA,TRUE,FALSE
"MRPC","truth",326,50,"medium","M0.1",0.28936505317688,FALSE,FALSE
"MRPC","truth",327,50,"medium","M1.1",0.104238033294678,FALSE,FALSE
"MRPC","truth",328,50,"medium","M2.1",0.10962700843811,FALSE,FALSE
"MRPC","truth",329,50,"medium","M3",0.0258607864379883,FALSE,FALSE
"MRPC","truth",330,50,"medium","M4",0.425445795059204,FALSE,FALSE
"MRPC","truth",331,150,"medium","M0.1",0.591701984405518,FALSE,FALSE
"MRPC","truth",332,150,"medium","M1.1",0.150065898895264,FALSE,FALSE
"MRPC","truth",333,150,"medium","M2.1",0.517343044281006,FALSE,FALSE
"MRPC","truth",334,150,"medium","M3",0.701539993286133,FALSE,FALSE
"MRPC","truth",335,150,"medium","M4",0.0409719944000244,FALSE,FALSE
"MRPC","truth",336,300,"medium","M0.1",0.467494010925293,FALSE,FALSE
"MRPC","truth",337,300,"medium","M1.1",NA,TRUE,FALSE
"MRPC","truth",338,300,"medium","M2.1",NA,TRUE,FALSE
"MRPC","truth",339,300,"medium","M3",9.7441189289093,FALSE,FALSE
"MRPC","truth",340,300,"medium","M4",106.606693029404,FALSE,FALSE
"MRPC","truth",351,50,"large","M0.1",0.110326051712036,FALSE,FALSE
"MRPC","truth",352,50,"large","M1.1",0.0501689910888672,FALSE,FALSE
"MRPC","truth",353,50,"large","M2.1",0.120147943496704,FALSE,FALSE
"MRPC","truth",354,50,"large","M3",0.0407581329345703,FALSE,FALSE
"MRPC","truth",355,50,"large","M4",0.170639991760254,FALSE,FALSE
"MRPC","truth",356,150,"large","M0.1",0.326977014541626,FALSE,FALSE
"MRPC","truth",357,150,"large","M1.1",0.27937388420105,FALSE,FALSE
"MRPC","truth",358,150,"large","M2.1",1.29378008842468,FALSE,FALSE
"MRPC","truth",359,150,"large","M3",0.271020889282227,FALSE,FALSE
"MRPC","truth",360,150,"large","M4",0.0254981517791748,FALSE,FALSE
"MRPC","truth",361,300,"large","M0.1",6.32227921485901,FALSE,FALSE
"MRPC","truth",362,300,"large","M1.1",0.161072015762329,FALSE,FALSE
"MRPC","truth",363,300,"large","M2.1",NA,TRUE,FALSE
"MRPC","truth",364,300,"large","M3",162.745698928833,FALSE,FALSE
"MRPC","truth",365,300,"large","M4",37.9088449478149,FALSE,FALSE
"MRPC","truth",376,50,"small","M0.1",0.0216310024261475,FALSE,FALSE
"MRPC","truth",377,50,"small","M1.1",0.218236923217773,FALSE,FALSE
"MRPC","truth",378,50,"small","M2.1",0.0278191566467285,FALSE,FALSE
"MRPC","truth",379,50,"small","M3",0.0848629474639893,FALSE,FALSE
"MRPC","truth",380,50,"small","M4",0.0711731910705566,FALSE,FALSE
"MRPC","truth",381,150,"small","M0.1",0.0675880908966064,FALSE,FALSE
"MRPC","truth",382,150,"small","M1.1",0.335675954818726,FALSE,FALSE
"MRPC","truth",383,150,"small","M2.1",0.236967086791992,FALSE,FALSE
"MRPC","truth",384,150,"small","M3",0.40227198600769,FALSE,FALSE
"MRPC","truth",385,150,"small","M4",0.185638189315796,FALSE,FALSE
"MRPC","truth",386,300,"small","M0.1",0.0283169746398926,FALSE,FALSE
"MRPC","truth",387,300,"small","M1.1",0.0299379825592041,FALSE,FALSE
"MRPC","truth",388,300,"small","M2.1",NA,TRUE,FALSE
"MRPC","truth",389,300,"small","M3",3.12040996551514,FALSE,FALSE
"MRPC","truth",390,300,"small","M4",NA,TRUE,FALSE
"MRPC","truth",401,50,"medium","M0.1",0.151321887969971,FALSE,FALSE
"MRPC","truth",402,50,"medium","M1.1",0.185456991195679,FALSE,FALSE
"MRPC","truth",403,50,"medium","M2.1",0.0603339672088623,FALSE,FALSE
"MRPC","truth",404,50,"medium","M3",0.147729873657227,FALSE,FALSE
"MRPC","truth",405,50,"medium","M4",0.045921802520752,FALSE,FALSE
"MRPC","truth",406,150,"medium","M0.1",0.0704910755157471,FALSE,FALSE
"MRPC","truth",407,150,"medium","M1.1",0.119654178619385,FALSE,FALSE
"MRPC","truth",408,150,"medium","M2.1",0.42017388343811,FALSE,FALSE
"MRPC","truth",409,150,"medium","M3",0.345196962356567,FALSE,FALSE
"MRPC","truth",410,150,"medium","M4",0.454242944717407,FALSE,FALSE
"MRPC","truth",411,300,"medium","M0.1",0.372748851776123,FALSE,FALSE
"MRPC","truth",412,300,"medium","M1.1",0.76810097694397,FALSE,FALSE
"MRPC","truth",413,300,"medium","M2.1",NA,TRUE,FALSE
"MRPC","truth",414,300,"medium","M3",NA,TRUE,FALSE
"MRPC","truth",415,300,"medium","M4",0.325439929962158,FALSE,FALSE
"MRPC","truth",426,50,"large","M0.1",1.1605908870697,FALSE,FALSE
"MRPC","truth",427,50,"large","M1.1",0.392750024795532,FALSE,FALSE
"MRPC","truth",428,50,"large","M2.1",0.0372800827026367,FALSE,FALSE
"MRPC","truth",429,50,"large","M3",0.0325300693511963,FALSE,FALSE
"MRPC","truth",430,50,"large","M4",0.436589002609253,FALSE,FALSE
"MRPC","truth",431,150,"large","M0.1",0.246319770812988,FALSE,FALSE
"MRPC","truth",432,150,"large","M1.1",0.290317058563232,FALSE,FALSE
"MRPC","truth",433,150,"large","M2.1",0.574569940567017,FALSE,FALSE
"MRPC","truth",434,150,"large","M3",0.243503093719482,FALSE,FALSE
"MRPC","truth",435,150,"large","M4",0.63122296333313,FALSE,FALSE
"MRPC","truth",436,300,"large","M0.1",0.146638870239258,FALSE,FALSE
"MRPC","truth",437,300,"large","M1.1",26.7955069541931,FALSE,FALSE
"MRPC","truth",438,300,"large","M2.1",0.583725929260254,FALSE,FALSE
"MRPC","truth",439,300,"large","M3",0.572069883346558,FALSE,FALSE
"MRPC","truth",440,300,"large","M4",0.42774486541748,FALSE,FALSE
"MRPC","truth",451,50,"small","M0.1",0.0220990180969238,FALSE,FALSE
"MRPC","truth",452,50,"small","M1.1",0.388082981109619,FALSE,FALSE
"MRPC","truth",453,50,"small","M2.1",0.0227510929107666,FALSE,FALSE
"MRPC","truth",454,50,"small","M3",0.128886938095093,FALSE,FALSE
"MRPC","truth",455,50,"small","M4",0.0565900802612305,FALSE,FALSE
"MRPC","truth",456,150,"small","M0.1",0.0337831974029541,FALSE,FALSE
"MRPC","truth",457,150,"small","M1.1",0.0410809516906738,FALSE,FALSE
"MRPC","truth",458,150,"small","M2.1",0.315206050872803,FALSE,FALSE
"MRPC","truth",459,150,"small","M3",0.100554943084717,FALSE,FALSE
"MRPC","truth",460,150,"small","M4",1.2155499458313,FALSE,FALSE
"MRPC","truth",461,300,"small","M0.1",NA,TRUE,FALSE
"MRPC","truth",462,300,"small","M1.1",NA,TRUE,FALSE
"MRPC","truth",463,300,"small","M2.1",0.779870986938477,FALSE,FALSE
"MRPC","truth",464,300,"small","M3",101.86478304863,FALSE,FALSE
"MRPC","truth",465,300,"small","M4",18.5380258560181,FALSE,FALSE
"MRPC","truth",476,50,"medium","M0.1",0.175067186355591,FALSE,FALSE
"MRPC","truth",477,50,"medium","M1.1",0.199487924575806,FALSE,FALSE
"MRPC","truth",478,50,"medium","M2.1",0.0459480285644531,FALSE,FALSE
"MRPC","truth",479,50,"medium","M3",0.12253999710083,FALSE,FALSE
"MRPC","truth",480,50,"medium","M4",0.227536916732788,FALSE,FALSE
"MRPC","truth",481,150,"medium","M0.1",0.0298910140991211,FALSE,FALSE
"MRPC","truth",482,150,"medium","M1.1",0.221408128738403,FALSE,FALSE
"MRPC","truth",483,150,"medium","M2.1",0.0640060901641846,FALSE,FALSE
"MRPC","truth",484,150,"medium","M3",0.0288469791412354,FALSE,FALSE
"MRPC","truth",485,150,"medium","M4",1.23827195167542,FALSE,FALSE
"MRPC","truth",486,300,"medium","M0.1",3.44265985488892,FALSE,FALSE
"MRPC","truth",487,300,"medium","M1.1",NA,TRUE,FALSE
"MRPC","truth",488,300,"medium","M2.1",167.789402008057,FALSE,FALSE
"MRPC","truth",489,300,"medium","M3",NA,TRUE,FALSE
"MRPC","truth",490,300,"medium","M4",167.011788845062,FALSE,FALSE
"MRPC","truth",501,50,"large","M0.1",0.0510780811309814,FALSE,FALSE
"MRPC","truth",502,50,"large","M1.1",0.269381046295166,FALSE,FALSE
"MRPC","truth",503,50,"large","M2.1",0.152748823165894,FALSE,FALSE
"MRPC","truth",504,50,"large","M3",0.037045955657959,FALSE,FALSE
"MRPC","truth",505,50,"large","M4",0.250807046890259,FALSE,FALSE
"MRPC","truth",506,150,"large","M0.1",0.10514497756958,FALSE,FALSE
"MRPC","truth",507,150,"large","M1.1",0.279743194580078,FALSE,FALSE
"MRPC","truth",508,150,"large","M2.1",0.0459809303283691,FALSE,FALSE
"MRPC","truth",509,150,"large","M3",0.0438430309295654,FALSE,FALSE
"MRPC","truth",510,150,"large","M4",0.400728940963745,FALSE,FALSE
"MRPC","truth",511,300,"large","M0.1",0.439888000488281,FALSE,FALSE
"MRPC","truth",512,300,"large","M1.1",9.93753099441528,FALSE,FALSE
"MRPC","truth",513,300,"large","M2.1",0.116175174713135,FALSE,FALSE
"MRPC","truth",514,300,"large","M3",NA,TRUE,FALSE
"MRPC","truth",515,300,"large","M4",145.084054946899,FALSE,FALSE
"MRPC","truth",526,50,"small","M0.1",0.120815992355347,FALSE,FALSE
"MRPC","truth",527,50,"small","M1.1",0.225028038024902,FALSE,FALSE
"MRPC","truth",528,50,"small","M2.1",0.120089054107666,FALSE,FALSE
"MRPC","truth",529,50,"small","M3",0.158886909484863,FALSE,FALSE
"MRPC","truth",530,50,"small","M4",0.0318131446838379,FALSE,FALSE
"MRPC","truth",531,150,"small","M0.1",0.0745351314544678,FALSE,FALSE
"MRPC","truth",532,150,"small","M1.1",0.172887086868286,FALSE,FALSE
"MRPC","truth",533,150,"small","M2.1",0.036067008972168,FALSE,FALSE
"MRPC","truth",534,150,"small","M3",0.176899909973145,FALSE,FALSE
"MRPC","truth",535,150,"small","M4",0.0467920303344727,FALSE,FALSE
"MRPC","truth",536,300,"small","M0.1",4.86870694160461,FALSE,FALSE
"MRPC","truth",537,300,"small","M1.1",7.11787009239197,FALSE,FALSE
"MRPC","truth",538,300,"small","M2.1",3.8015718460083,FALSE,FALSE
"MRPC","truth",539,300,"small","M3",21.5613310337067,FALSE,FALSE
"MRPC","truth",540,300,"small","M4",5.64033198356628,FALSE,FALSE
"MRPC","truth",551,50,"medium","M0.1",0.0601191520690918,FALSE,FALSE
"MRPC","truth",552,50,"medium","M1.1",0.0310459136962891,FALSE,FALSE
"MRPC","truth",553,50,"medium","M2.1",0.216644048690796,FALSE,FALSE
"MRPC","truth",554,50,"medium","M3",0.140799045562744,FALSE,FALSE
"MRPC","truth",555,50,"medium","M4",0.0269911289215088,FALSE,FALSE
"MRPC","truth",556,150,"medium","M0.1",0.400891065597534,FALSE,FALSE
"MRPC","truth",557,150,"medium","M1.1",0.318996906280518,FALSE,FALSE
"MRPC","truth",558,150,"medium","M2.1",0.286664962768555,FALSE,FALSE
"MRPC","truth",559,150,"medium","M3",0.900393962860107,FALSE,FALSE
"MRPC","truth",560,150,"medium","M4",0.302879810333252,FALSE,FALSE
"MRPC","truth",561,300,"medium","M0.1",NA,TRUE,FALSE
"MRPC","truth",562,300,"medium","M1.1",NA,TRUE,FALSE
"MRPC","truth",563,300,"medium","M2.1",NA,TRUE,FALSE
"MRPC","truth",564,300,"medium","M3",NA,TRUE,FALSE
"MRPC","truth",565,300,"medium","M4",0.381924867630005,FALSE,FALSE
"MRPC","truth",576,50,"large","M0.1",1.28818011283875,FALSE,FALSE
"MRPC","truth",577,50,"large","M1.1",0.0706830024719238,FALSE,FALSE
"MRPC","truth",578,50,"large","M2.1",0.0528059005737305,FALSE,FALSE
"MRPC","truth",579,50,"large","M3",0.126501083374023,FALSE,FALSE
"MRPC","truth",580,50,"large","M4",0.119153022766113,FALSE,FALSE
"MRPC","truth",581,150,"large","M0.1",0.232714176177979,FALSE,FALSE
"MRPC","truth",582,150,"large","M1.1",0.164804935455322,FALSE,FALSE
"MRPC","truth",583,150,"large","M2.1",0.429224967956543,FALSE,FALSE
"MRPC","truth",584,150,"large","M3",0.182760000228882,FALSE,FALSE
"MRPC","truth",585,150,"large","M4",0.185895919799805,FALSE,FALSE
"MRPC","truth",586,300,"large","M0.1",0.167070865631104,FALSE,FALSE
"MRPC","truth",587,300,"large","M1.1",1.03380799293518,FALSE,FALSE
"MRPC","truth",588,300,"large","M2.1",NA,TRUE,FALSE
"MRPC","truth",589,300,"large","M3",NA,TRUE,FALSE
"MRPC","truth",590,300,"large","M4",2.71451592445374,FALSE,FALSE
"MRPC","truth",601,50,"small","M0.1",0.0716338157653809,FALSE,FALSE
"MRPC","truth",602,50,"small","M1.1",0.0298240184783936,FALSE,FALSE
"MRPC","truth",603,50,"small","M2.1",0.0230810642242432,FALSE,FALSE
"MRPC","truth",604,50,"small","M3",0.167849063873291,FALSE,FALSE
"MRPC","truth",605,50,"small","M4",0.0665960311889648,FALSE,FALSE
"MRPC","truth",606,150,"small","M0.1",0.0486860275268555,FALSE,FALSE
"MRPC","truth",607,150,"small","M1.1",0.0602068901062012,FALSE,FALSE
"MRPC","truth",608,150,"small","M2.1",0.0285649299621582,FALSE,FALSE
"MRPC","truth",609,150,"small","M3",0.0266621112823486,FALSE,FALSE
"MRPC","truth",610,150,"small","M4",0.0759360790252686,FALSE,FALSE
"MRPC","truth",611,300,"small","M0.1",0.0935850143432617,FALSE,FALSE
"MRPC","truth",612,300,"small","M1.1",0.429770946502686,FALSE,FALSE
"MRPC","truth",613,300,"small","M2.1",NA,TRUE,FALSE
"MRPC","truth",614,300,"small","M3",4.76755499839783,FALSE,FALSE
"MRPC","truth",615,300,"small","M4",0.11117696762085,FALSE,FALSE
"MRPC","truth",626,50,"medium","M0.1",0.344638109207153,FALSE,FALSE
"MRPC","truth",627,50,"medium","M1.1",0.0261061191558838,FALSE,FALSE
"MRPC","truth",628,50,"medium","M2.1",0.0193319320678711,FALSE,FALSE
"MRPC","truth",629,50,"medium","M3",0.160223007202148,FALSE,FALSE
"MRPC","truth",630,50,"medium","M4",0.422663927078247,FALSE,FALSE
"MRPC","truth",631,150,"medium","M0.1",0.17082691192627,FALSE,FALSE
"MRPC","truth",632,150,"medium","M1.1",0.0966510772705078,FALSE,FALSE
"MRPC","truth",633,150,"medium","M2.1",11.7420980930328,FALSE,FALSE
"MRPC","truth",634,150,"medium","M3",0.453264951705933,FALSE,FALSE
"MRPC","truth",635,150,"medium","M4",0.321553945541382,FALSE,FALSE
"MRPC","truth",636,300,"medium","M0.1",0.913473129272461,FALSE,FALSE
"MRPC","truth",637,300,"medium","M1.1",8.31582403182983,FALSE,FALSE
"MRPC","truth",638,300,"medium","M2.1",NA,TRUE,FALSE
"MRPC","truth",639,300,"medium","M3",NA,TRUE,FALSE
"MRPC","truth",640,300,"medium","M4",NA,TRUE,FALSE
"MRPC","truth",651,50,"large","M0.1",0.0487060546875,FALSE,FALSE
"MRPC","truth",652,50,"large","M1.1",0.0803120136260986,FALSE,FALSE
"MRPC","truth",653,50,"large","M2.1",0.067451000213623,FALSE,FALSE
"MRPC","truth",654,50,"large","M3",0.0640189647674561,FALSE,FALSE
"MRPC","truth",655,50,"large","M4",0.57011890411377,FALSE,FALSE
"MRPC","truth",656,150,"large","M0.1",1.02723908424377,FALSE,FALSE
"MRPC","truth",657,150,"large","M1.1",0.0196809768676758,FALSE,FALSE
"MRPC","truth",658,150,"large","M2.1",0.132467985153198,FALSE,FALSE
"MRPC","truth",659,150,"large","M3",0.233191013336182,FALSE,FALSE
"MRPC","truth",660,150,"large","M4",0.0925309658050537,FALSE,FALSE
"MRPC","truth",661,300,"large","M0.1",0.304114103317261,FALSE,FALSE
"MRPC","truth",662,300,"large","M1.1",0.713236093521118,FALSE,FALSE
"MRPC","truth",663,300,"large","M2.1",NA,TRUE,FALSE
"MRPC","truth",664,300,"large","M3",0.67767596244812,FALSE,FALSE
"MRPC","truth",665,300,"large","M4",2.07201290130615,FALSE,FALSE
"MRPC","truth",676,50,"small","M0.1",0.230877876281738,FALSE,FALSE
"MRPC","truth",677,50,"small","M1.1",0.144963979721069,FALSE,FALSE
"MRPC","truth",678,50,"small","M2.1",0.152772903442383,FALSE,FALSE
"MRPC","truth",679,50,"small","M3",0.29948902130127,FALSE,FALSE
"MRPC","truth",680,50,"small","M4",0.0637218952178955,FALSE,FALSE
"MRPC","truth",681,150,"small","M0.1",0.240799903869629,FALSE,FALSE
"MRPC","truth",682,150,"small","M1.1",0.228108882904053,FALSE,FALSE
"MRPC","truth",683,150,"small","M2.1",0.0301351547241211,FALSE,FALSE
"MRPC","truth",684,150,"small","M3",0.0555567741394043,FALSE,FALSE
"MRPC","truth",685,150,"small","M4",0.19913387298584,FALSE,FALSE
"MRPC","truth",686,300,"small","M0.1",29.7140221595764,FALSE,FALSE
"MRPC","truth",687,300,"small","M1.1",0.162750005722046,FALSE,FALSE
"MRPC","truth",688,300,"small","M2.1",0.681312084197998,FALSE,FALSE
"MRPC","truth",689,300,"small","M3",45.9638459682465,FALSE,FALSE
"MRPC","truth",690,300,"small","M4",2.10453200340271,FALSE,FALSE
"MRPC","truth",701,50,"medium","M0.1",0.089393138885498,FALSE,FALSE
"MRPC","truth",702,50,"medium","M1.1",0.0382239818572998,FALSE,FALSE
"MRPC","truth",703,50,"medium","M2.1",0.0386919975280762,FALSE,FALSE
"MRPC","truth",704,50,"medium","M3",0.128487110137939,FALSE,FALSE
"MRPC","truth",705,50,"medium","M4",0.158429145812988,FALSE,FALSE
"MRPC","truth",706,150,"medium","M0.1",0.0561130046844482,FALSE,FALSE
"MRPC","truth",707,150,"medium","M1.1",0.0688240528106689,FALSE,FALSE
"MRPC","truth",708,150,"medium","M2.1",0.034045934677124,FALSE,FALSE
"MRPC","truth",709,150,"medium","M3",0.346658945083618,FALSE,FALSE
"MRPC","truth",710,150,"medium","M4",0.150645971298218,FALSE,FALSE
"MRPC","truth",711,300,"medium","M0.1",0.562100887298584,FALSE,FALSE
"MRPC","truth",712,300,"medium","M1.1",NA,TRUE,FALSE
"MRPC","truth",713,300,"medium","M2.1",NA,TRUE,FALSE
"MRPC","truth",714,300,"medium","M3",9.28368711471558,FALSE,FALSE
"MRPC","truth",715,300,"medium","M4",0.120048046112061,FALSE,FALSE
"MRPC","truth",726,50,"large","M0.1",0.270864963531494,FALSE,FALSE
"MRPC","truth",727,50,"large","M1.1",0.134176015853882,FALSE,FALSE
"MRPC","truth",728,50,"large","M2.1",0.0577080249786377,FALSE,FALSE
"MRPC","truth",729,50,"large","M3",0.019881010055542,FALSE,FALSE
"MRPC","truth",730,50,"large","M4",0.0625400543212891,FALSE,FALSE
"MRPC","truth",731,150,"large","M0.1",0.225106000900269,FALSE,FALSE
"MRPC","truth",732,150,"large","M1.1",0.456673860549927,FALSE,FALSE
"MRPC","truth",733,150,"large","M2.1",1.7271888256073,FALSE,FALSE
"MRPC","truth",734,150,"large","M3",0.15168309211731,FALSE,FALSE
"MRPC","truth",735,150,"large","M4",0.0672760009765625,FALSE,FALSE
"MRPC","truth",736,300,"large","M0.1",0.662178039550781,FALSE,FALSE
"MRPC","truth",737,300,"large","M1.1",0.544796943664551,FALSE,FALSE
"MRPC","truth",738,300,"large","M2.1",0.224154949188232,FALSE,FALSE
"MRPC","truth",739,300,"large","M3",1.24369406700134,FALSE,FALSE
"MRPC","truth",740,300,"large","M4",1.12143898010254,FALSE,FALSE
"MRPC","truth",751,50,"small","M0.1",0.132865905761719,FALSE,FALSE
"MRPC","truth",752,50,"small","M1.1",0.118839979171753,FALSE,FALSE
"MRPC","truth",753,50,"small","M2.1",0.166662931442261,FALSE,FALSE
"MRPC","truth",754,50,"small","M3",0.932873010635376,FALSE,FALSE
"MRPC","truth",755,50,"small","M4",0.337475061416626,FALSE,FALSE
"MRPC","truth",756,150,"small","M0.1",0.1526038646698,FALSE,FALSE
"MRPC","truth",757,150,"small","M1.1",0.169291019439697,FALSE,FALSE
"MRPC","truth",758,150,"small","M2.1",0.962659120559692,FALSE,FALSE
"MRPC","truth",759,150,"small","M3",0.0494489669799805,FALSE,FALSE
"MRPC","truth",760,150,"small","M4",0.088953971862793,FALSE,FALSE
"MRPC","truth",761,300,"small","M0.1",NA,TRUE,FALSE
"MRPC","truth",762,300,"small","M1.1",0.537721872329712,FALSE,FALSE
"MRPC","truth",763,300,"small","M2.1",5.04009079933167,FALSE,FALSE
"MRPC","truth",764,300,"small","M3",0.125048160552979,FALSE,FALSE
"MRPC","truth",765,300,"small","M4",0.503897190093994,FALSE,FALSE
"MRPC","truth",776,50,"medium","M0.1",0.0590808391571045,FALSE,FALSE
"MRPC","truth",777,50,"medium","M1.1",0.0293841361999512,FALSE,FALSE
"MRPC","truth",778,50,"medium","M2.1",0.0748980045318604,FALSE,FALSE
"MRPC","truth",779,50,"medium","M3",0.094541072845459,FALSE,FALSE
"MRPC","truth",780,50,"medium","M4",0.39395809173584,FALSE,FALSE
"MRPC","truth",781,150,"medium","M0.1",0.0418050289154053,FALSE,FALSE
"MRPC","truth",782,150,"medium","M1.1",0.392434120178223,FALSE,FALSE
"MRPC","truth",783,150,"medium","M2.1",0.381974935531616,FALSE,FALSE
"MRPC","truth",784,150,"medium","M3",0.114735126495361,FALSE,FALSE
"MRPC","truth",785,150,"medium","M4",0.420740842819214,FALSE,FALSE
"MRPC","truth",786,300,"medium","M0.1",0.188009977340698,FALSE,FALSE
"MRPC","truth",787,300,"medium","M1.1",0.0419440269470215,FALSE,FALSE
"MRPC","truth",788,300,"medium","M2.1",0.202606916427612,FALSE,FALSE
"MRPC","truth",789,300,"medium","M3",0.324183940887451,FALSE,FALSE
"MRPC","truth",790,300,"medium","M4",2.65160393714905,FALSE,FALSE
"MRPC","truth",801,50,"large","M0.1",0.166643142700195,FALSE,FALSE
"MRPC","truth",802,50,"large","M1.1",0.312088012695312,FALSE,FALSE
"MRPC","truth",803,50,"large","M2.1",0.0811841487884521,FALSE,FALSE
"MRPC","truth",804,50,"large","M3",0.105000972747803,FALSE,FALSE
"MRPC","truth",805,50,"large","M4",0.377983808517456,FALSE,FALSE
"MRPC","truth",806,150,"large","M0.1",0.0364420413970947,FALSE,FALSE
"MRPC","truth",807,150,"large","M1.1",0.104881048202515,FALSE,FALSE
"MRPC","truth",808,150,"large","M2.1",0.0304200649261475,FALSE,FALSE
"MRPC","truth",809,150,"large","M3",0.319744110107422,FALSE,FALSE
"MRPC","truth",810,150,"large","M4",0.322299957275391,FALSE,FALSE
"MRPC","truth",811,300,"large","M0.1",NA,TRUE,FALSE
"MRPC","truth",812,300,"large","M1.1",NA,TRUE,FALSE
"MRPC","truth",813,300,"large","M2.1",0.0709271430969238,FALSE,FALSE
"MRPC","truth",814,300,"large","M3",1.55823016166687,FALSE,FALSE
"MRPC","truth",815,300,"large","M4",46.8261361122131,FALSE,FALSE
"MRPC","truth",826,50,"small","M0.1",0.0235550403594971,FALSE,FALSE
"MRPC","truth",827,50,"small","M1.1",0.16896915435791,FALSE,FALSE
"MRPC","truth",828,50,"small","M2.1",0.258472204208374,FALSE,FALSE
"MRPC","truth",829,50,"small","M3",0.12193489074707,FALSE,FALSE
"MRPC","truth",830,50,"small","M4",0.144604921340942,FALSE,FALSE
"MRPC","truth",831,150,"small","M0.1",0.0539159774780273,FALSE,FALSE
"MRPC","truth",832,150,"small","M1.1",0.029526948928833,FALSE,FALSE
"MRPC","truth",833,150,"small","M2.1",0.0174560546875,FALSE,FALSE
"MRPC","truth",834,150,"small","M3",0.0960619449615479,FALSE,FALSE
"MRPC","truth",835,150,"small","M4",0.0346560478210449,FALSE,FALSE
"MRPC","truth",836,300,"small","M0.1",10.6284351348877,FALSE,FALSE
"MRPC","truth",837,300,"small","M1.1",11.604551076889,FALSE,FALSE
"MRPC","truth",838,300,"small","M2.1",NA,TRUE,FALSE
"MRPC","truth",839,300,"small","M3",NA,TRUE,FALSE
"MRPC","truth",840,300,"small","M4",0.226528167724609,FALSE,FALSE
"MRPC","truth",851,50,"medium","M0.1",0.0409460067749023,FALSE,FALSE
"MRPC","truth",852,50,"medium","M1.1",0.276504993438721,FALSE,FALSE
"MRPC","truth",853,50,"medium","M2.1",0.0778980255126953,FALSE,FALSE
"MRPC","truth",854,50,"medium","M3",0.0796949863433838,FALSE,FALSE
"MRPC","truth",855,50,"medium","M4",0.282045841217041,FALSE,FALSE
"MRPC","truth",856,150,"medium","M0.1",3.26682996749878,FALSE,FALSE
"MRPC","truth",857,150,"medium","M1.1",0.14689302444458,FALSE,FALSE
"MRPC","truth",858,150,"medium","M2.1",0.0219588279724121,FALSE,FALSE
"MRPC","truth",859,150,"medium","M3",0.0633690357208252,FALSE,FALSE
"MRPC","truth",860,150,"medium","M4",0.0195879936218262,FALSE,FALSE
"MRPC","truth",861,300,"medium","M0.1",0.0319252014160156,FALSE,FALSE
"MRPC","truth",862,300,"medium","M1.1",NA,TRUE,FALSE
"MRPC","truth",863,300,"medium","M2.1",0.213021039962769,FALSE,FALSE
"MRPC","truth",864,300,"medium","M3",NA,TRUE,FALSE
"MRPC","truth",865,300,"medium","M4",NA,TRUE,FALSE
"MRPC","truth",876,50,"large","M0.1",0.0672969818115234,FALSE,FALSE
"MRPC","truth",877,50,"large","M1.1",0.133090972900391,FALSE,FALSE
"MRPC","truth",878,50,"large","M2.1",0.0640499591827393,FALSE,FALSE
"MRPC","truth",879,50,"large","M3",0.0898640155792236,FALSE,FALSE
"MRPC","truth",880,50,"large","M4",0.195087909698486,FALSE,FALSE
"MRPC","truth",881,150,"large","M0.1",0.0276069641113281,FALSE,FALSE
"MRPC","truth",882,150,"large","M1.1",0.158528089523315,FALSE,FALSE
"MRPC","truth",883,150,"large","M2.1",0.104475975036621,FALSE,FALSE
"MRPC","truth",884,150,"large","M3",0.0608270168304443,FALSE,FALSE
"MRPC","truth",885,150,"large","M4",0.395203113555908,FALSE,FALSE
"MRPC","truth",886,300,"large","M0.1",33.483962059021,FALSE,FALSE
"MRPC","truth",887,300,"large","M1.1",128.449523925781,FALSE,FALSE
"MRPC","truth",888,300,"large","M2.1",0.516921997070312,FALSE,FALSE
"MRPC","truth",889,300,"large","M3",17.3152749538422,FALSE,FALSE
"MRPC","truth",890,300,"large","M4",21.5015099048615,FALSE,FALSE
"MRPC","truth",901,50,"small","M0.1",0.0893888473510742,FALSE,FALSE
"MRPC","truth",902,50,"small","M1.1",0.110207080841064,FALSE,FALSE
"MRPC","truth",903,50,"small","M2.1",0.40168285369873,FALSE,FALSE
"MRPC","truth",904,50,"small","M3",0.0232071876525879,FALSE,FALSE
"MRPC","truth",905,50,"small","M4",0.0979909896850586,FALSE,FALSE
"MRPC","truth",906,150,"small","M0.1",0.0278499126434326,FALSE,FALSE
"MRPC","truth",907,150,"small","M1.1",0.0181329250335693,FALSE,FALSE
"MRPC","truth",908,150,"small","M2.1",0.224817991256714,FALSE,FALSE
"MRPC","truth",909,150,"small","M3",0.0303888320922852,FALSE,FALSE
"MRPC","truth",910,150,"small","M4",0.0751800537109375,FALSE,FALSE
"MRPC","truth",911,300,"small","M0.1",0.0405519008636475,FALSE,FALSE
"MRPC","truth",912,300,"small","M1.1",0.028602123260498,FALSE,FALSE
"MRPC","truth",913,300,"small","M2.1",6.29042387008667,FALSE,FALSE
"MRPC","truth",914,300,"small","M3",0.39008092880249,FALSE,FALSE
"MRPC","truth",915,300,"small","M4",0.318978071212769,FALSE,FALSE
"MRPC","truth",926,50,"medium","M0.1",0.0676019191741943,FALSE,FALSE
"MRPC","truth",927,50,"medium","M1.1",0.160218954086304,FALSE,FALSE
"MRPC","truth",928,50,"medium","M2.1",0.103761911392212,FALSE,FALSE
"MRPC","truth",929,50,"medium","M3",1.17618083953857,FALSE,FALSE
"MRPC","truth",930,50,"medium","M4",0.291522979736328,FALSE,FALSE
"MRPC","truth",931,150,"medium","M0.1",0.111638069152832,FALSE,FALSE
"MRPC","truth",932,150,"medium","M1.1",0.0546510219573975,FALSE,FALSE
"MRPC","truth",933,150,"medium","M2.1",0.1374831199646,FALSE,FALSE
"MRPC","truth",934,150,"medium","M3",0.0570919513702393,FALSE,FALSE
"MRPC","truth",935,150,"medium","M4",0.163491010665894,FALSE,FALSE
"MRPC","truth",936,300,"medium","M0.1",0.239721059799194,FALSE,FALSE
"MRPC","truth",937,300,"medium","M1.1",90.8990340232849,FALSE,FALSE
"MRPC","truth",938,300,"medium","M2.1",4.5914351940155,FALSE,FALSE
"MRPC","truth",939,300,"medium","M3",62.2485280036926,FALSE,FALSE
"MRPC","truth",940,300,"medium","M4",83.210587978363,FALSE,FALSE
"MRPC","truth",951,50,"large","M0.1",0.341193199157715,FALSE,FALSE
"MRPC","truth",952,50,"large","M1.1",0.439877033233643,FALSE,FALSE
"MRPC","truth",953,50,"large","M2.1",0.086108922958374,FALSE,FALSE
"MRPC","truth",954,50,"large","M3",0.258605003356934,FALSE,FALSE
"MRPC","truth",955,50,"large","M4",0.250234127044678,FALSE,FALSE
"MRPC","truth",956,150,"large","M0.1",0.8125901222229,FALSE,FALSE
"MRPC","truth",957,150,"large","M1.1",0.0481939315795898,FALSE,FALSE
"MRPC","truth",958,150,"large","M2.1",0.238384008407593,FALSE,FALSE
"MRPC","truth",959,150,"large","M3",0.309414148330688,FALSE,FALSE
"MRPC","truth",960,150,"large","M4",0.094681978225708,FALSE,FALSE
"MRPC","truth",961,300,"large","M0.1",0.422698020935059,FALSE,FALSE
"MRPC","truth",962,300,"large","M1.1",0.102529048919678,FALSE,FALSE
"MRPC","truth",963,300,"large","M2.1",19.0454840660095,FALSE,FALSE
"MRPC","truth",964,300,"large","M3",0.330109834671021,FALSE,FALSE
"MRPC","truth",965,300,"large","M4",0.131028890609741,FALSE,FALSE
"MRPC","truth",976,50,"small","M0.1",0.0264689922332764,FALSE,FALSE
"MRPC","truth",977,50,"small","M1.1",0.178650140762329,FALSE,FALSE
"MRPC","truth",978,50,"small","M2.1",0.366811990737915,FALSE,FALSE
"MRPC","truth",979,50,"small","M3",0.158257961273193,FALSE,FALSE
"MRPC","truth",980,50,"small","M4",0.136754989624023,FALSE,FALSE
"MRPC","truth",981,150,"small","M0.1",0.0632050037384033,FALSE,FALSE
"MRPC","truth",982,150,"small","M1.1",0.0550820827484131,FALSE,FALSE
"MRPC","truth",983,150,"small","M2.1",0.0691959857940674,FALSE,FALSE
"MRPC","truth",984,150,"small","M3",0.0218589305877686,FALSE,FALSE
"MRPC","truth",985,150,"small","M4",0.147126197814941,FALSE,FALSE
"MRPC","truth",986,300,"small","M0.1",26.3912000656128,FALSE,FALSE
"MRPC","truth",987,300,"small","M1.1",0.050339937210083,FALSE,FALSE
"MRPC","truth",988,300,"small","M2.1",NA,TRUE,FALSE
"MRPC","truth",989,300,"small","M3",1.42268085479736,FALSE,FALSE
"MRPC","truth",990,300,"small","M4",NA,TRUE,FALSE
"MRPC","truth",1001,50,"medium","M0.1",0.342791080474854,FALSE,FALSE
"MRPC","truth",1002,50,"medium","M1.1",0.251586198806763,FALSE,FALSE
"MRPC","truth",1003,50,"medium","M2.1",0.057377815246582,FALSE,FALSE
"MRPC","truth",1004,50,"medium","M3",0.216633081436157,FALSE,FALSE
"MRPC","truth",1005,50,"medium","M4",0.190915107727051,FALSE,FALSE
"MRPC","truth",1006,150,"medium","M0.1",0.36058497428894,FALSE,FALSE
"MRPC","truth",1007,150,"medium","M1.1",0.108633995056152,FALSE,FALSE
"MRPC","truth",1008,150,"medium","M2.1",0.0774829387664795,FALSE,FALSE
"MRPC","truth",1009,150,"medium","M3",0.0152361392974854,FALSE,FALSE
"MRPC","truth",1010,150,"medium","M4",0.0958061218261719,FALSE,FALSE
"MRPC","truth",1011,300,"medium","M0.1",42.7510631084442,FALSE,FALSE
"MRPC","truth",1012,300,"medium","M1.1",NA,TRUE,FALSE
"MRPC","truth",1013,300,"medium","M2.1",NA,TRUE,FALSE
"MRPC","truth",1014,300,"medium","M3",NA,TRUE,FALSE
"MRPC","truth",1015,300,"medium","M4",NA,TRUE,FALSE
"MRPC","truth",1026,50,"large","M0.1",0.0244090557098389,FALSE,FALSE
"MRPC","truth",1027,50,"large","M1.1",0.0880661010742188,FALSE,FALSE
"MRPC","truth",1028,50,"large","M2.1",0.0465319156646729,FALSE,FALSE
"MRPC","truth",1029,50,"large","M3",0.100497961044312,FALSE,FALSE
"MRPC","truth",1030,50,"large","M4",0.239521026611328,FALSE,FALSE
"MRPC","truth",1031,150,"large","M0.1",0.141088008880615,FALSE,FALSE
"MRPC","truth",1032,150,"large","M1.1",0.124902009963989,FALSE,FALSE
"MRPC","truth",1033,150,"large","M2.1",0.0590329170227051,FALSE,FALSE
"MRPC","truth",1034,150,"large","M3",0.087799072265625,FALSE,FALSE
"MRPC","truth",1035,150,"large","M4",0.0153079032897949,FALSE,FALSE
"MRPC","truth",1036,300,"large","M0.1",4.18004703521729,FALSE,FALSE
"MRPC","truth",1037,300,"large","M1.1",0.277669906616211,FALSE,FALSE
"MRPC","truth",1038,300,"large","M2.1",NA,TRUE,FALSE
"MRPC","truth",1039,300,"large","M3",0.228171825408936,FALSE,FALSE
"MRPC","truth",1040,300,"large","M4",0.249313116073608,FALSE,FALSE
"MRPC","truth",1051,50,"small","M0.1",0.100538015365601,FALSE,FALSE
"MRPC","truth",1052,50,"small","M1.1",0.0220208168029785,FALSE,FALSE
"MRPC","truth",1053,50,"small","M2.1",0.280103921890259,FALSE,FALSE
"MRPC","truth",1054,50,"small","M3",0.0495030879974365,FALSE,FALSE
"MRPC","truth",1055,50,"small","M4",0.0517001152038574,FALSE,FALSE
"MRPC","truth",1056,150,"small","M0.1",0.129204034805298,FALSE,FALSE
"MRPC","truth",1057,150,"small","M1.1",0.793320894241333,FALSE,FALSE
"MRPC","truth",1058,150,"small","M2.1",0.0532660484313965,FALSE,FALSE
"MRPC","truth",1059,150,"small","M3",0.0139060020446777,FALSE,FALSE
"MRPC","truth",1060,150,"small","M4",0.139680147171021,FALSE,FALSE
"MRPC","truth",1061,300,"small","M0.1",NA,TRUE,FALSE
"MRPC","truth",1062,300,"small","M1.1",11.1314117908478,FALSE,FALSE
"MRPC","truth",1063,300,"small","M2.1",2.05608201026917,FALSE,FALSE
"MRPC","truth",1064,300,"small","M3",NA,TRUE,FALSE
"MRPC","truth",1065,300,"small","M4",0.381204843521118,FALSE,FALSE
"MRPC","truth",1076,50,"medium","M0.1",0.183650016784668,FALSE,FALSE
"MRPC","truth",1077,50,"medium","M1.1",0.0454690456390381,FALSE,FALSE
"MRPC","truth",1078,50,"medium","M2.1",1.051922082901,FALSE,FALSE
"MRPC","truth",1079,50,"medium","M3",0.358039855957031,FALSE,FALSE
"MRPC","truth",1080,50,"medium","M4",0.285367965698242,FALSE,FALSE
"MRPC","truth",1081,150,"medium","M0.1",0.157027959823608,FALSE,FALSE
"MRPC","truth",1082,150,"medium","M1.1",0.210222005844116,FALSE,FALSE
"MRPC","truth",1083,150,"medium","M2.1",2.99546790122986,FALSE,FALSE
"MRPC","truth",1084,150,"medium","M3",0.144374847412109,FALSE,FALSE
"MRPC","truth",1085,150,"medium","M4",0.0201191902160645,FALSE,FALSE
"MRPC","truth",1086,300,"medium","M0.1",0.413663864135742,FALSE,FALSE
"MRPC","truth",1087,300,"medium","M1.1",NA,TRUE,FALSE
"MRPC","truth",1088,300,"medium","M2.1",NA,TRUE,FALSE
"MRPC","truth",1089,300,"medium","M3",NA,TRUE,FALSE
"MRPC","truth",1090,300,"medium","M4",NA,TRUE,FALSE
"MRPC","truth",1101,50,"large","M0.1",0.136148929595947,FALSE,FALSE
"MRPC","truth",1102,50,"large","M1.1",0.198806047439575,FALSE,FALSE
"MRPC","truth",1103,50,"large","M2.1",0.0256690979003906,FALSE,FALSE
"MRPC","truth",1104,50,"large","M3",0.105777025222778,FALSE,FALSE
"MRPC","truth",1105,50,"large","M4",0.0884490013122559,FALSE,FALSE
"MRPC","truth",1106,150,"large","M0.1",0.091386079788208,FALSE,FALSE
"MRPC","truth",1107,150,"large","M1.1",0.335371017456055,FALSE,FALSE
"MRPC","truth",1108,150,"large","M2.1",0.246855974197388,FALSE,FALSE
"MRPC","truth",1109,150,"large","M3",0.0722670555114746,FALSE,FALSE
"MRPC","truth",1110,150,"large","M4",0.0668680667877197,FALSE,FALSE
"MRPC","truth",1111,300,"large","M0.1",0.0592129230499268,FALSE,FALSE
"MRPC","truth",1112,300,"large","M1.1",71.0089797973633,FALSE,FALSE
"MRPC","truth",1113,300,"large","M2.1",9.42869305610657,FALSE,FALSE
"MRPC","truth",1114,300,"large","M3",17.0467281341553,FALSE,FALSE
"MRPC","truth",1115,300,"large","M4",0.0719230175018311,FALSE,FALSE
"MRPC","truth",1126,50,"small","M0.1",0.349853992462158,FALSE,FALSE
"MRPC","truth",1127,50,"small","M1.1",0.128861904144287,FALSE,FALSE
"MRPC","truth",1128,50,"small","M2.1",0.111696004867554,FALSE,FALSE
"MRPC","truth",1129,50,"small","M3",0.167556047439575,FALSE,FALSE
"MRPC","truth",1130,50,"small","M4",0.0919170379638672,FALSE,FALSE
"MRPC","truth",1131,150,"small","M0.1",0.163326978683472,FALSE,FALSE
"MRPC","truth",1132,150,"small","M1.1",0.0331859588623047,FALSE,FALSE
"MRPC","truth",1133,150,"small","M2.1",0.0948259830474854,FALSE,FALSE
"MRPC","truth",1134,150,"small","M3",0.0196468830108643,FALSE,FALSE
"MRPC","truth",1135,150,"small","M4",0.547749042510986,FALSE,FALSE
"MRPC","truth",1136,300,"small","M0.1",0.0489819049835205,FALSE,FALSE
"MRPC","truth",1137,300,"small","M1.1",44.5371570587158,FALSE,FALSE
"MRPC","truth",1138,300,"small","M2.1",NA,TRUE,FALSE
"MRPC","truth",1139,300,"small","M3",NA,TRUE,FALSE
"MRPC","truth",1140,300,"small","M4",0.539695024490356,FALSE,FALSE
"MRPC","truth",1151,50,"medium","M0.1",0.182730913162231,FALSE,FALSE
"MRPC","truth",1152,50,"medium","M1.1",0.420379877090454,FALSE,FALSE
"MRPC","truth",1153,50,"medium","M2.1",0.320285081863403,FALSE,FALSE
"MRPC","truth",1154,50,"medium","M3",0.103815078735352,FALSE,FALSE
"MRPC","truth",1155,50,"medium","M4",0.113713026046753,FALSE,FALSE
"MRPC","truth",1156,150,"medium","M0.1",0.0180180072784424,FALSE,FALSE
"MRPC","truth",1157,150,"medium","M1.1",0.217787027359009,FALSE,FALSE
"MRPC","truth",1158,150,"medium","M2.1",0.249149084091187,FALSE,FALSE
"MRPC","truth",1159,150,"medium","M3",0.166574001312256,FALSE,FALSE
"MRPC","truth",1160,150,"medium","M4",0.313382863998413,FALSE,FALSE
"MRPC","truth",1161,300,"medium","M0.1",4.64026999473572,FALSE,FALSE
"MRPC","truth",1162,300,"medium","M1.1",NA,TRUE,FALSE
"MRPC","truth",1163,300,"medium","M2.1",0.447329044342041,FALSE,FALSE
"MRPC","truth",1164,300,"medium","M3",8.29000306129456,FALSE,FALSE
"MRPC","truth",1165,300,"medium","M4",NA,TRUE,FALSE
"MRPC","truth",1176,50,"large","M0.1",0.109193086624146,FALSE,FALSE
"MRPC","truth",1177,50,"large","M1.1",0.0603249073028564,FALSE,FALSE
"MRPC","truth",1178,50,"large","M2.1",0.0450789928436279,FALSE,FALSE
"MRPC","truth",1179,50,"large","M3",0.0346271991729736,FALSE,FALSE
"MRPC","truth",1180,50,"large","M4",0.0316929817199707,FALSE,FALSE
"MRPC","truth",1181,150,"large","M0.1",0.0381629467010498,FALSE,FALSE
"MRPC","truth",1182,150,"large","M1.1",0.0209619998931885,FALSE,FALSE
"MRPC","truth",1183,150,"large","M2.1",0.181143045425415,FALSE,FALSE
"MRPC","truth",1184,150,"large","M3",0.0422828197479248,FALSE,FALSE
"MRPC","truth",1185,150,"large","M4",0.0347490310668945,FALSE,FALSE
"MRPC","truth",1186,300,"large","M0.1",1.37170910835266,FALSE,FALSE
"MRPC","truth",1187,300,"large","M1.1",NA,TRUE,FALSE
"MRPC","truth",1188,300,"large","M2.1",NA,TRUE,FALSE
"MRPC","truth",1189,300,"large","M3",0.309718132019043,FALSE,FALSE
"MRPC","truth",1190,300,"large","M4",NA,TRUE,FALSE
"MRPC","truth",1201,50,"small","M0.1",0.399600028991699,FALSE,FALSE
"MRPC","truth",1202,50,"small","M1.1",0.269552946090698,FALSE,FALSE
"MRPC","truth",1203,50,"small","M2.1",0.0684700012207031,FALSE,FALSE
"MRPC","truth",1204,50,"small","M3",0.0832998752593994,FALSE,FALSE
"MRPC","truth",1205,50,"small","M4",0.0440490245819092,FALSE,FALSE
"MRPC","truth",1206,150,"small","M0.1",0.753963947296143,FALSE,FALSE
"MRPC","truth",1207,150,"small","M1.1",0.18651008605957,FALSE,FALSE
"MRPC","truth",1208,150,"small","M2.1",0.0237560272216797,FALSE,FALSE
"MRPC","truth",1209,150,"small","M3",0.0252499580383301,FALSE,FALSE
"MRPC","truth",1210,150,"small","M4",0.144575834274292,FALSE,FALSE
"MRPC","truth",1211,300,"small","M0.1",5.87669205665588,FALSE,FALSE
"MRPC","truth",1212,300,"small","M1.1",0.0737380981445312,FALSE,FALSE
"MRPC","truth",1213,300,"small","M2.1",84.8933258056641,FALSE,FALSE
"MRPC","truth",1214,300,"small","M3",NA,TRUE,FALSE
"MRPC","truth",1215,300,"small","M4",2.96462202072144,FALSE,FALSE
"MRPC","truth",1226,50,"medium","M0.1",0.317768096923828,FALSE,FALSE
"MRPC","truth",1227,50,"medium","M1.1",0.107846021652222,FALSE,FALSE
"MRPC","truth",1228,50,"medium","M2.1",0.134238004684448,FALSE,FALSE
"MRPC","truth",1229,50,"medium","M3",0.245732069015503,FALSE,FALSE
"MRPC","truth",1230,50,"medium","M4",0.226900100708008,FALSE,FALSE
"MRPC","truth",1231,150,"medium","M0.1",0.177726984024048,FALSE,FALSE
"MRPC","truth",1232,150,"medium","M1.1",1.18699598312378,FALSE,FALSE
"MRPC","truth",1233,150,"medium","M2.1",0.0268771648406982,FALSE,FALSE
"MRPC","truth",1234,150,"medium","M3",0.22564697265625,FALSE,FALSE
"MRPC","truth",1235,150,"medium","M4",0.353730916976929,FALSE,FALSE
"MRPC","truth",1236,300,"medium","M0.1",NA,TRUE,FALSE
"MRPC","truth",1237,300,"medium","M1.1",11.5023190975189,FALSE,FALSE
"MRPC","truth",1238,300,"medium","M2.1",NA,TRUE,FALSE
"MRPC","truth",1239,300,"medium","M3",NA,TRUE,FALSE
"MRPC","truth",1240,300,"medium","M4",0.028717041015625,FALSE,FALSE
"MRPC","truth",1251,50,"large","M0.1",0.0303089618682861,FALSE,FALSE
"MRPC","truth",1252,50,"large","M1.1",0.036898136138916,FALSE,FALSE
"MRPC","truth",1253,50,"large","M2.1",0.0569839477539062,FALSE,FALSE
"MRPC","truth",1254,50,"large","M3",0.222172021865845,FALSE,FALSE
"MRPC","truth",1255,50,"large","M4",0.358505010604858,FALSE,FALSE
"MRPC","truth",1256,150,"large","M0.1",0.272464990615845,FALSE,FALSE
"MRPC","truth",1257,150,"large","M1.1",0.363951921463013,FALSE,FALSE
"MRPC","truth",1258,150,"large","M2.1",0.177073001861572,FALSE,FALSE
"MRPC","truth",1259,150,"large","M3",1.06756997108459,FALSE,FALSE
"MRPC","truth",1260,150,"large","M4",0.0191280841827393,FALSE,FALSE
"MRPC","truth",1261,300,"large","M0.1",0.369128942489624,FALSE,FALSE
"MRPC","truth",1262,300,"large","M1.1",0.373507976531982,FALSE,FALSE
"MRPC","truth",1263,300,"large","M2.1",47.4911119937897,FALSE,FALSE
"MRPC","truth",1264,300,"large","M3",NA,TRUE,FALSE
"MRPC","truth",1265,300,"large","M4",0.341277837753296,FALSE,FALSE
"MRPC","truth",1276,50,"small","M0.1",1.07837915420532,FALSE,FALSE
"MRPC","truth",1277,50,"small","M1.1",0.0565860271453857,FALSE,FALSE
"MRPC","truth",1278,50,"small","M2.1",0.0920310020446777,FALSE,FALSE
"MRPC","truth",1279,50,"small","M3",0.363959074020386,FALSE,FALSE
"MRPC","truth",1280,50,"small","M4",0.398080110549927,FALSE,FALSE
"MRPC","truth",1281,150,"small","M0.1",0.0421509742736816,FALSE,FALSE
"MRPC","truth",1282,150,"small","M1.1",0.0794990062713623,FALSE,FALSE
"MRPC","truth",1283,150,"small","M2.1",0.158995151519775,FALSE,FALSE
"MRPC","truth",1284,150,"small","M3",0.0460169315338135,FALSE,FALSE
"MRPC","truth",1285,150,"small","M4",0.0729420185089111,FALSE,FALSE
"MRPC","truth",1286,300,"small","M0.1",0.214770078659058,FALSE,FALSE
"MRPC","truth",1287,300,"small","M1.1",NA,TRUE,FALSE
"MRPC","truth",1288,300,"small","M2.1",4.99658608436584,FALSE,FALSE
"MRPC","truth",1289,300,"small","M3",0.128050088882446,FALSE,FALSE
"MRPC","truth",1290,300,"small","M4",NA,TRUE,FALSE
"MRPC","truth",1301,50,"medium","M0.1",0.0343258380889893,FALSE,FALSE
"MRPC","truth",1302,50,"medium","M1.1",0.386927843093872,FALSE,FALSE
"MRPC","truth",1303,50,"medium","M2.1",0.046687126159668,FALSE,FALSE
"MRPC","truth",1304,50,"medium","M3",0.148466825485229,FALSE,FALSE
"MRPC","truth",1305,50,"medium","M4",0.0529699325561523,FALSE,FALSE
"MRPC","truth",1306,150,"medium","M0.1",0.0670700073242188,FALSE,FALSE
"MRPC","truth",1307,150,"medium","M1.1",0.0354409217834473,FALSE,FALSE
"MRPC","truth",1308,150,"medium","M2.1",0.169036149978638,FALSE,FALSE
"MRPC","truth",1309,150,"medium","M3",0.0384538173675537,FALSE,FALSE
"MRPC","truth",1310,150,"medium","M4",0.337851047515869,FALSE,FALSE
"MRPC","truth",1311,300,"medium","M0.1",33.2002201080322,FALSE,FALSE
"MRPC","truth",1312,300,"medium","M1.1",NA,TRUE,FALSE
"MRPC","truth",1313,300,"medium","M2.1",NA,TRUE,FALSE
"MRPC","truth",1314,300,"medium","M3",1.79949712753296,FALSE,FALSE
"MRPC","truth",1315,300,"medium","M4",6.43173718452454,FALSE,FALSE
"MRPC","truth",1326,50,"large","M0.1",0.0989689826965332,FALSE,FALSE
"MRPC","truth",1327,50,"large","M1.1",0.422768831253052,FALSE,FALSE
"MRPC","truth",1328,50,"large","M2.1",0.0635700225830078,FALSE,FALSE
"MRPC","truth",1329,50,"large","M3",0.0234179496765137,FALSE,FALSE
"MRPC","truth",1330,50,"large","M4",0.0336120128631592,FALSE,FALSE
"MRPC","truth",1331,150,"large","M0.1",0.0387961864471436,FALSE,FALSE
"MRPC","truth",1332,150,"large","M1.1",0.0490071773529053,FALSE,FALSE
"MRPC","truth",1333,150,"large","M2.1",0.0386888980865479,FALSE,FALSE
"MRPC","truth",1334,150,"large","M3",0.235167980194092,FALSE,FALSE
"MRPC","truth",1335,150,"large","M4",0.219872236251831,FALSE,FALSE
"MRPC","truth",1336,300,"large","M0.1",0.0675420761108398,FALSE,FALSE
"MRPC","truth",1337,300,"large","M1.1",NA,TRUE,FALSE
"MRPC","truth",1338,300,"large","M2.1",3.28887486457825,FALSE,FALSE
"MRPC","truth",1339,300,"large","M3",14.1440281867981,FALSE,FALSE
"MRPC","truth",1340,300,"large","M4",NA,TRUE,FALSE
"MRPC","truth",1351,50,"small","M0.1",0.0906310081481934,FALSE,FALSE
"MRPC","truth",1352,50,"small","M1.1",0.128010988235474,FALSE,FALSE
"MRPC","truth",1353,50,"small","M2.1",0.0564110279083252,FALSE,FALSE
"MRPC","truth",1354,50,"small","M3",0.0775048732757568,FALSE,FALSE
"MRPC","truth",1355,50,"small","M4",0.440732955932617,FALSE,FALSE
"MRPC","truth",1356,150,"small","M0.1",0.072127103805542,FALSE,FALSE
"MRPC","truth",1357,150,"small","M1.1",0.0502700805664062,FALSE,FALSE
"MRPC","truth",1358,150,"small","M2.1",0.0550868511199951,FALSE,FALSE
"MRPC","truth",1359,150,"small","M3",0.0539569854736328,FALSE,FALSE
"MRPC","truth",1360,150,"small","M4",0.146124124526978,FALSE,FALSE
"MRPC","truth",1361,300,"small","M0.1",3.93148303031921,FALSE,FALSE
"MRPC","truth",1362,300,"small","M1.1",76.1498489379883,FALSE,FALSE
"MRPC","truth",1363,300,"small","M2.1",53.5621070861816,FALSE,FALSE
"MRPC","truth",1364,300,"small","M3",10.3628041744232,FALSE,FALSE
"MRPC","truth",1365,300,"small","M4",56.7292199134827,FALSE,FALSE
"MRPC","truth",1376,50,"medium","M0.1",0.0815460681915283,FALSE,FALSE
"MRPC","truth",1377,50,"medium","M1.1",0.0279920101165771,FALSE,FALSE
"MRPC","truth",1378,50,"medium","M2.1",0.144363164901733,FALSE,FALSE
"MRPC","truth",1379,50,"medium","M3",0.0850400924682617,FALSE,FALSE
"MRPC","truth",1380,50,"medium","M4",0.245769023895264,FALSE,FALSE
"MRPC","truth",1381,150,"medium","M0.1",0.225564956665039,FALSE,FALSE
"MRPC","truth",1382,150,"medium","M1.1",0.218388080596924,FALSE,FALSE
"MRPC","truth",1383,150,"medium","M2.1",0.0245308876037598,FALSE,FALSE
"MRPC","truth",1384,150,"medium","M3",0.0415089130401611,FALSE,FALSE
"MRPC","truth",1385,150,"medium","M4",0.0821628570556641,FALSE,FALSE
"MRPC","truth",1386,300,"medium","M0.1",1.41559886932373,FALSE,FALSE
"MRPC","truth",1387,300,"medium","M1.1",0.0448479652404785,FALSE,FALSE
"MRPC","truth",1388,300,"medium","M2.1",37.453115940094,FALSE,FALSE
"MRPC","truth",1389,300,"medium","M3",0.747776031494141,FALSE,FALSE
"MRPC","truth",1390,300,"medium","M4",NA,TRUE,FALSE
"MRPC","truth",1401,50,"large","M0.1",0.137938022613525,FALSE,FALSE
"MRPC","truth",1402,50,"large","M1.1",0.030864953994751,FALSE,FALSE
"MRPC","truth",1403,50,"large","M2.1",0.0645339488983154,FALSE,FALSE
"MRPC","truth",1404,50,"large","M3",0.0205860137939453,FALSE,FALSE
"MRPC","truth",1405,50,"large","M4",0.0923471450805664,FALSE,FALSE
"MRPC","truth",1406,150,"large","M0.1",0.262979984283447,FALSE,FALSE
"MRPC","truth",1407,150,"large","M1.1",0.0280890464782715,FALSE,FALSE
"MRPC","truth",1408,150,"large","M2.1",0.184786081314087,FALSE,FALSE
"MRPC","truth",1409,150,"large","M3",0.11528205871582,FALSE,FALSE
"MRPC","truth",1410,150,"large","M4",0.170568943023682,FALSE,FALSE
"MRPC","truth",1411,300,"large","M0.1",NA,TRUE,FALSE
"MRPC","truth",1412,300,"large","M1.1",28.8865931034088,FALSE,FALSE
"MRPC","truth",1413,300,"large","M2.1",42.0715169906616,FALSE,FALSE
"MRPC","truth",1414,300,"large","M3",0.0523340702056885,FALSE,FALSE
"MRPC","truth",1415,300,"large","M4",0.199532985687256,FALSE,FALSE
"MRPC","truth",1426,50,"small","M0.1",0.0808901786804199,FALSE,FALSE
"MRPC","truth",1427,50,"small","M1.1",0.0869159698486328,FALSE,FALSE
"MRPC","truth",1428,50,"small","M2.1",0.0332210063934326,FALSE,FALSE
"MRPC","truth",1429,50,"small","M3",0.0596129894256592,FALSE,FALSE
"MRPC","truth",1430,50,"small","M4",0.094386100769043,FALSE,FALSE
"MRPC","truth",1431,150,"small","M0.1",0.162965059280396,FALSE,FALSE
"MRPC","truth",1432,150,"small","M1.1",0.0564658641815186,FALSE,FALSE
"MRPC","truth",1433,150,"small","M2.1",0.778795957565308,FALSE,FALSE
"MRPC","truth",1434,150,"small","M3",0.0698800086975098,FALSE,FALSE
"MRPC","truth",1435,150,"small","M4",0.246086120605469,FALSE,FALSE
"MRPC","truth",1436,300,"small","M0.1",4.49056720733643,FALSE,FALSE
"MRPC","truth",1437,300,"small","M1.1",2.06798887252808,FALSE,FALSE
"MRPC","truth",1438,300,"small","M2.1",NA,TRUE,FALSE
"MRPC","truth",1439,300,"small","M3",NA,TRUE,FALSE
"MRPC","truth",1440,300,"small","M4",0.293450832366943,FALSE,FALSE
"MRPC","truth",1451,50,"medium","M0.1",0.199847936630249,FALSE,FALSE
"MRPC","truth",1452,50,"medium","M1.1",1.48078799247742,FALSE,FALSE
"MRPC","truth",1453,50,"medium","M2.1",0.321807146072388,FALSE,FALSE
"MRPC","truth",1454,50,"medium","M3",0.174741983413696,FALSE,FALSE
"MRPC","truth",1455,50,"medium","M4",0.510161161422729,FALSE,FALSE
"MRPC","truth",1456,150,"medium","M0.1",0.142136096954346,FALSE,FALSE
"MRPC","truth",1457,150,"medium","M1.1",0.167211055755615,FALSE,FALSE
"MRPC","truth",1458,150,"medium","M2.1",0.244540929794312,FALSE,FALSE
"MRPC","truth",1459,150,"medium","M3",0.090289831161499,FALSE,FALSE
"MRPC","truth",1460,150,"medium","M4",0.037837028503418,FALSE,FALSE
"MRPC","truth",1461,300,"medium","M0.1",0.297336101531982,FALSE,FALSE
"MRPC","truth",1462,300,"medium","M1.1",NA,TRUE,FALSE
"MRPC","truth",1463,300,"medium","M2.1",NA,TRUE,FALSE
"MRPC","truth",1464,300,"medium","M3",0.0257711410522461,FALSE,FALSE
"MRPC","truth",1465,300,"medium","M4",0.0839650630950928,FALSE,FALSE
"MRPC","truth",1476,50,"large","M0.1",0.167381048202515,FALSE,FALSE
"MRPC","truth",1477,50,"large","M1.1",0.165527105331421,FALSE,FALSE
"MRPC","truth",1478,50,"large","M2.1",0.168149948120117,FALSE,FALSE
"MRPC","truth",1479,50,"large","M3",0.351810932159424,FALSE,FALSE
"MRPC","truth",1480,50,"large","M4",0.147682189941406,FALSE,FALSE
"MRPC","truth",1481,150,"large","M0.1",0.0293741226196289,FALSE,FALSE
"MRPC","truth",1482,150,"large","M1.1",0.201349020004272,FALSE,FALSE
"MRPC","truth",1483,150,"large","M2.1",4.44128513336182,FALSE,FALSE
"MRPC","truth",1484,150,"large","M3",0.144400119781494,FALSE,FALSE
"MRPC","truth",1485,150,"large","M4",0.136313199996948,FALSE,FALSE
"MRPC","truth",1486,300,"large","M0.1",NA,TRUE,FALSE
"MRPC","truth",1487,300,"large","M1.1",1.417072057724,FALSE,FALSE
"MRPC","truth",1488,300,"large","M2.1",NA,TRUE,FALSE
"MRPC","truth",1489,300,"large","M3",2.41272401809692,FALSE,FALSE
"MRPC","truth",1490,300,"large","M4",1.41180491447449,FALSE,FALSE
"MRPC","CSq",1,50,"small","M0.1",0.0354599952697754,FALSE,FALSE
"MRPC","CSq",2,50,"small","M1.1",0.0164179801940918,FALSE,FALSE
"MRPC","CSq",3,50,"small","M2.1",0.0212039947509766,FALSE,FALSE
"MRPC","CSq",4,50,"small","M3",0.0183210372924805,FALSE,FALSE
"MRPC","CSq",5,50,"small","M4",0.668996810913086,FALSE,FALSE
"MRPC","CSq",6,150,"small","M0.1",0.0247220993041992,FALSE,FALSE
"MRPC","CSq",7,150,"small","M1.1",0.0529420375823975,FALSE,FALSE
"MRPC","CSq",8,150,"small","M2.1",0.0383138656616211,FALSE,FALSE
"MRPC","CSq",9,150,"small","M3",0.0306148529052734,FALSE,FALSE
"MRPC","CSq",10,150,"small","M4",0.0300650596618652,FALSE,FALSE
"MRPC","CSq",11,300,"small","M0.1",0.0488262176513672,FALSE,FALSE
"MRPC","CSq",12,300,"small","M1.1",0.723930835723877,FALSE,FALSE
"MRPC","CSq",13,300,"small","M2.1",0.107761144638062,FALSE,FALSE
"MRPC","CSq",14,300,"small","M3",0.426126956939697,FALSE,FALSE
"MRPC","CSq",15,300,"small","M4",0.0384860038757324,FALSE,FALSE
"MRPC","CSq",26,50,"medium","M0.1",0.0201869010925293,FALSE,FALSE
"MRPC","CSq",27,50,"medium","M1.1",0.0167689323425293,FALSE,FALSE
"MRPC","CSq",28,50,"medium","M2.1",0.0210199356079102,FALSE,FALSE
"MRPC","CSq",29,50,"medium","M3",0.0323009490966797,FALSE,FALSE
"MRPC","CSq",30,50,"medium","M4",0.035506010055542,FALSE,FALSE
"MRPC","CSq",31,150,"medium","M0.1",0.028148889541626,FALSE,FALSE
"MRPC","CSq",32,150,"medium","M1.1",0.0370750427246094,FALSE,FALSE
"MRPC","CSq",33,150,"medium","M2.1",0.113832950592041,FALSE,FALSE
"MRPC","CSq",34,150,"medium","M3",0.0412850379943848,FALSE,FALSE
"MRPC","CSq",35,150,"medium","M4",0.0404539108276367,FALSE,FALSE
"MRPC","CSq",36,300,"medium","M0.1",0.0252358913421631,FALSE,FALSE
"MRPC","CSq",37,300,"medium","M1.1",0.271349906921387,FALSE,FALSE
"MRPC","CSq",38,300,"medium","M2.1",0.0435199737548828,FALSE,FALSE
"MRPC","CSq",39,300,"medium","M3",0.155066967010498,FALSE,FALSE
"MRPC","CSq",40,300,"medium","M4",0.460006952285767,FALSE,FALSE
"MRPC","CSq",51,50,"large","M0.1",0.0612940788269043,FALSE,FALSE
"MRPC","CSq",52,50,"large","M1.1",0.0285930633544922,FALSE,FALSE
"MRPC","CSq",53,50,"large","M2.1",0.0352752208709717,FALSE,FALSE
"MRPC","CSq",54,50,"large","M3",0.0321619510650635,FALSE,FALSE
"MRPC","CSq",55,50,"large","M4",0.0364840030670166,FALSE,FALSE
"MRPC","CSq",56,150,"large","M0.1",0.0386829376220703,FALSE,FALSE
"MRPC","CSq",57,150,"large","M1.1",0.0598959922790527,FALSE,FALSE
"MRPC","CSq",58,150,"large","M2.1",0.0328459739685059,FALSE,FALSE
"MRPC","CSq",59,150,"large","M3",0.103846073150635,FALSE,FALSE
"MRPC","CSq",60,150,"large","M4",0.0325980186462402,FALSE,FALSE
"MRPC","CSq",61,300,"large","M0.1",0.4044349193573,FALSE,FALSE
"MRPC","CSq",62,300,"large","M1.1",0.16753101348877,FALSE,FALSE
"MRPC","CSq",63,300,"large","M2.1",0.0796201229095459,FALSE,FALSE
"MRPC","CSq",64,300,"large","M3",0.0330629348754883,FALSE,FALSE
"MRPC","CSq",65,300,"large","M4",0.0610089302062988,FALSE,FALSE
"MRPC","CSq",76,50,"small","M0.1",0.0318338871002197,FALSE,FALSE
"MRPC","CSq",77,50,"small","M1.1",0.0312588214874268,FALSE,FALSE
"MRPC","CSq",78,50,"small","M2.1",0.0512871742248535,FALSE,FALSE
"MRPC","CSq",79,50,"small","M3",0.0301270484924316,FALSE,FALSE
"MRPC","CSq",80,50,"small","M4",0.0256168842315674,FALSE,FALSE
"MRPC","CSq",81,150,"small","M0.1",0.0338370800018311,FALSE,FALSE
"MRPC","CSq",82,150,"small","M1.1",0.0305650234222412,FALSE,FALSE
"MRPC","CSq",83,150,"small","M2.1",0.0817961692810059,FALSE,FALSE
"MRPC","CSq",84,150,"small","M3",0.0378649234771729,FALSE,FALSE
"MRPC","CSq",85,150,"small","M4",0.0472221374511719,FALSE,FALSE
"MRPC","CSq",86,300,"small","M0.1",0.14415717124939,FALSE,FALSE
"MRPC","CSq",87,300,"small","M1.1",0.0604948997497559,FALSE,FALSE
"MRPC","CSq",88,300,"small","M2.1",0.0356540679931641,FALSE,FALSE
"MRPC","CSq",89,300,"small","M3",0.0189731121063232,FALSE,FALSE
"MRPC","CSq",90,300,"small","M4",0.0494029521942139,FALSE,FALSE
"MRPC","CSq",101,50,"medium","M0.1",0.0252909660339355,FALSE,FALSE
"MRPC","CSq",102,50,"medium","M1.1",0.0239908695220947,FALSE,FALSE
"MRPC","CSq",103,50,"medium","M2.1",0.0254318714141846,FALSE,FALSE
"MRPC","CSq",104,50,"medium","M3",0.0171899795532227,FALSE,FALSE
"MRPC","CSq",105,50,"medium","M4",0.0180299282073975,FALSE,FALSE
"MRPC","CSq",106,150,"medium","M0.1",0.0969200134277344,FALSE,FALSE
"MRPC","CSq",107,150,"medium","M1.1",0.0294070243835449,FALSE,FALSE
"MRPC","CSq",108,150,"medium","M2.1",0.0306038856506348,FALSE,FALSE
"MRPC","CSq",109,150,"medium","M3",0.0574100017547607,FALSE,FALSE
"MRPC","CSq",110,150,"medium","M4",0.0432689189910889,FALSE,FALSE
"MRPC","CSq",111,300,"medium","M0.1",0.171777009963989,FALSE,FALSE
"MRPC","CSq",112,300,"medium","M1.1",0.218621015548706,FALSE,FALSE
"MRPC","CSq",113,300,"medium","M2.1",0.0750460624694824,FALSE,FALSE
"MRPC","CSq",114,300,"medium","M3",0.507659196853638,FALSE,FALSE
"MRPC","CSq",115,300,"medium","M4",0.0452971458435059,FALSE,FALSE
"MRPC","CSq",126,50,"large","M0.1",0.0229239463806152,FALSE,FALSE
"MRPC","CSq",127,50,"large","M1.1",0.0266098976135254,FALSE,FALSE
"MRPC","CSq",128,50,"large","M2.1",0.026745080947876,FALSE,FALSE
"MRPC","CSq",129,50,"large","M3",0.0182271003723145,FALSE,FALSE
"MRPC","CSq",130,50,"large","M4",0.0246129035949707,FALSE,FALSE
"MRPC","CSq",131,150,"large","M0.1",0.0302820205688477,FALSE,FALSE
"MRPC","CSq",132,150,"large","M1.1",0.0332250595092773,FALSE,FALSE
"MRPC","CSq",133,150,"large","M2.1",0.118149042129517,FALSE,FALSE
"MRPC","CSq",134,150,"large","M3",0.0632579326629639,FALSE,FALSE
"MRPC","CSq",135,150,"large","M4",0.0463621616363525,FALSE,FALSE
"MRPC","CSq",136,300,"large","M0.1",0.084414005279541,FALSE,FALSE
"MRPC","CSq",137,300,"large","M1.1",0.222161769866943,FALSE,FALSE
"MRPC","CSq",138,300,"large","M2.1",0.442425012588501,FALSE,FALSE
"MRPC","CSq",139,300,"large","M3",0.0888700485229492,FALSE,FALSE
"MRPC","CSq",140,300,"large","M4",3.85307312011719,FALSE,FALSE
"MRPC","CSq",151,50,"small","M0.1",0.0258541107177734,FALSE,FALSE
"MRPC","CSq",152,50,"small","M1.1",0.0219790935516357,FALSE,FALSE
"MRPC","CSq",153,50,"small","M2.1",0.0185081958770752,FALSE,FALSE
"MRPC","CSq",154,50,"small","M3",0.0445928573608398,FALSE,FALSE
"MRPC","CSq",155,50,"small","M4",0.066957950592041,FALSE,FALSE
"MRPC","CSq",156,150,"small","M0.1",0.0556139945983887,FALSE,FALSE
"MRPC","CSq",157,150,"small","M1.1",0.0430212020874023,FALSE,FALSE
"MRPC","CSq",158,150,"small","M2.1",0.0344810485839844,FALSE,FALSE
"MRPC","CSq",159,150,"small","M3",0.0294311046600342,FALSE,FALSE
"MRPC","CSq",160,150,"small","M4",0.0294730663299561,FALSE,FALSE
"MRPC","CSq",161,300,"small","M0.1",0.732233047485352,FALSE,FALSE
"MRPC","CSq",162,300,"small","M1.1",0.475027084350586,FALSE,FALSE
"MRPC","CSq",163,300,"small","M2.1",0.122753858566284,FALSE,FALSE
"MRPC","CSq",164,300,"small","M3",2.39991307258606,FALSE,FALSE
"MRPC","CSq",165,300,"small","M4",0.30878210067749,FALSE,FALSE
"MRPC","CSq",176,50,"medium","M0.1",0.0261030197143555,FALSE,FALSE
"MRPC","CSq",177,50,"medium","M1.1",0.0211639404296875,FALSE,FALSE
"MRPC","CSq",178,50,"medium","M2.1",0.0160419940948486,FALSE,FALSE
"MRPC","CSq",179,50,"medium","M3",0.0228011608123779,FALSE,FALSE
"MRPC","CSq",180,50,"medium","M4",0.0493059158325195,FALSE,FALSE
"MRPC","CSq",181,150,"medium","M0.1",0.0313310623168945,FALSE,FALSE
"MRPC","CSq",182,150,"medium","M1.1",0.0355410575866699,FALSE,FALSE
"MRPC","CSq",183,150,"medium","M2.1",0.0550251007080078,FALSE,FALSE
"MRPC","CSq",184,150,"medium","M3",0.0746119022369385,FALSE,FALSE
"MRPC","CSq",185,150,"medium","M4",0.0527279376983643,FALSE,FALSE
"MRPC","CSq",186,300,"medium","M0.1",0.13636589050293,FALSE,FALSE
"MRPC","CSq",187,300,"medium","M1.1",2.02319097518921,FALSE,FALSE
"MRPC","CSq",188,300,"medium","M2.1",1.8940749168396,FALSE,FALSE
"MRPC","CSq",189,300,"medium","M3",0.434757947921753,FALSE,FALSE
"MRPC","CSq",190,300,"medium","M4",0.226202964782715,FALSE,FALSE
"MRPC","CSq",201,50,"large","M0.1",0.0199358463287354,FALSE,FALSE
"MRPC","CSq",202,50,"large","M1.1",0.0259268283843994,FALSE,FALSE
"MRPC","CSq",203,50,"large","M2.1",0.022554874420166,FALSE,FALSE
"MRPC","CSq",204,50,"large","M3",0.0274198055267334,FALSE,FALSE
"MRPC","CSq",205,50,"large","M4",0.0283260345458984,FALSE,FALSE
"MRPC","CSq",206,150,"large","M0.1",0.0436689853668213,FALSE,FALSE
"MRPC","CSq",207,150,"large","M1.1",0.0264968872070312,FALSE,FALSE
"MRPC","CSq",208,150,"large","M2.1",0.0626611709594727,FALSE,FALSE
"MRPC","CSq",209,150,"large","M3",0.0235159397125244,FALSE,FALSE
"MRPC","CSq",210,150,"large","M4",0.0276319980621338,FALSE,FALSE
"MRPC","CSq",211,300,"large","M0.1",0.594074010848999,FALSE,FALSE
"MRPC","CSq",212,300,"large","M1.1",0.763154029846191,FALSE,FALSE
"MRPC","CSq",213,300,"large","M2.1",1.85898017883301,FALSE,FALSE
"MRPC","CSq",214,300,"large","M3",0.488087892532349,FALSE,FALSE
"MRPC","CSq",215,300,"large","M4",0.243866920471191,FALSE,FALSE
"MRPC","CSq",226,50,"small","M0.1",0.0168769359588623,FALSE,FALSE
"MRPC","CSq",227,50,"small","M1.1",0.0281491279602051,FALSE,FALSE
"MRPC","CSq",228,50,"small","M2.1",0.0221719741821289,FALSE,FALSE
"MRPC","CSq",229,50,"small","M3",0.0194931030273438,FALSE,FALSE
"MRPC","CSq",230,50,"small","M4",0.0170660018920898,FALSE,FALSE
"MRPC","CSq",231,150,"small","M0.1",0.0362920761108398,FALSE,FALSE
"MRPC","CSq",232,150,"small","M1.1",0.0316998958587646,FALSE,FALSE
"MRPC","CSq",233,150,"small","M2.1",0.06980299949646,FALSE,FALSE
"MRPC","CSq",234,150,"small","M3",0.0650308132171631,FALSE,FALSE
"MRPC","CSq",235,150,"small","M4",0.0277519226074219,FALSE,FALSE
"MRPC","CSq",236,300,"small","M0.1",0.298811912536621,FALSE,FALSE
"MRPC","CSq",237,300,"small","M1.1",0.109362125396729,FALSE,FALSE
"MRPC","CSq",238,300,"small","M2.1",0.12543797492981,FALSE,FALSE
"MRPC","CSq",239,300,"small","M3",0.432594060897827,FALSE,FALSE
"MRPC","CSq",240,300,"small","M4",0.751965045928955,FALSE,FALSE
"MRPC","CSq",251,50,"medium","M0.1",0.0661067962646484,FALSE,FALSE
"MRPC","CSq",252,50,"medium","M1.1",0.0256590843200684,FALSE,FALSE
"MRPC","CSq",253,50,"medium","M2.1",0.0300529003143311,FALSE,FALSE
"MRPC","CSq",254,50,"medium","M3",0.0292651653289795,FALSE,FALSE
"MRPC","CSq",255,50,"medium","M4",0.03678297996521,FALSE,FALSE
"MRPC","CSq",256,150,"medium","M0.1",0.0493671894073486,FALSE,FALSE
"MRPC","CSq",257,150,"medium","M1.1",0.0313699245452881,FALSE,FALSE
"MRPC","CSq",258,150,"medium","M2.1",0.0349769592285156,FALSE,FALSE
"MRPC","CSq",259,150,"medium","M3",0.0343680381774902,FALSE,FALSE
"MRPC","CSq",260,150,"medium","M4",0.0274150371551514,FALSE,FALSE
"MRPC","CSq",261,300,"medium","M0.1",0.262414932250977,FALSE,FALSE
"MRPC","CSq",262,300,"medium","M1.1",0.851103067398071,FALSE,FALSE
"MRPC","CSq",263,300,"medium","M2.1",0.225258111953735,FALSE,FALSE
"MRPC","CSq",264,300,"medium","M3",0.713615894317627,FALSE,FALSE
"MRPC","CSq",265,300,"medium","M4",1.74549603462219,FALSE,FALSE
"MRPC","CSq",276,50,"large","M0.1",0.0249989032745361,FALSE,FALSE
"MRPC","CSq",277,50,"large","M1.1",0.0473229885101318,FALSE,FALSE
"MRPC","CSq",278,50,"large","M2.1",0.0357708930969238,FALSE,FALSE
"MRPC","CSq",279,50,"large","M3",0.0245389938354492,FALSE,FALSE
"MRPC","CSq",280,50,"large","M4",0.0333969593048096,FALSE,FALSE
"MRPC","CSq",281,150,"large","M0.1",0.0243010520935059,FALSE,FALSE
"MRPC","CSq",282,150,"large","M1.1",0.0684871673583984,FALSE,FALSE
"MRPC","CSq",283,150,"large","M2.1",0.0837209224700928,FALSE,FALSE
"MRPC","CSq",284,150,"large","M3",0.0409119129180908,FALSE,FALSE
"MRPC","CSq",285,150,"large","M4",0.0248241424560547,FALSE,FALSE
"MRPC","CSq",286,300,"large","M0.1",1.39322710037231,FALSE,FALSE
"MRPC","CSq",287,300,"large","M1.1",0.0815691947937012,FALSE,FALSE
"MRPC","CSq",288,300,"large","M2.1",0.695518970489502,FALSE,FALSE
"MRPC","CSq",289,300,"large","M3",0.895755052566528,FALSE,FALSE
"MRPC","CSq",290,300,"large","M4",0.165143966674805,FALSE,FALSE
"MRPC","CSq",301,50,"small","M0.1",0.0256569385528564,FALSE,FALSE
"MRPC","CSq",302,50,"small","M1.1",0.0470471382141113,FALSE,FALSE
"MRPC","CSq",303,50,"small","M2.1",0.0221340656280518,FALSE,FALSE
"MRPC","CSq",304,50,"small","M3",0.016693115234375,FALSE,FALSE
"MRPC","CSq",305,50,"small","M4",0.0336661338806152,FALSE,FALSE
"MRPC","CSq",306,150,"small","M0.1",0.0282618999481201,FALSE,FALSE
"MRPC","CSq",307,150,"small","M1.1",0.0489819049835205,FALSE,FALSE
"MRPC","CSq",308,150,"small","M2.1",0.0436861515045166,FALSE,FALSE
"MRPC","CSq",309,150,"small","M3",0.0274591445922852,FALSE,FALSE
"MRPC","CSq",310,150,"small","M4",0.0657861232757568,FALSE,FALSE
"MRPC","CSq",311,300,"small","M0.1",1.13171792030334,FALSE,FALSE
"MRPC","CSq",312,300,"small","M1.1",0.965118885040283,FALSE,FALSE
"MRPC","CSq",313,300,"small","M2.1",0.412738800048828,FALSE,FALSE
"MRPC","CSq",314,300,"small","M3",0.808670043945312,FALSE,FALSE
"MRPC","CSq",315,300,"small","M4",0.915966033935547,FALSE,FALSE
"MRPC","CSq",326,50,"medium","M0.1",0.0245790481567383,FALSE,FALSE
"MRPC","CSq",327,50,"medium","M1.1",0.0235319137573242,FALSE,FALSE
"MRPC","CSq",328,50,"medium","M2.1",0.0266640186309814,FALSE,FALSE
"MRPC","CSq",329,50,"medium","M3",0.022407054901123,FALSE,FALSE
"MRPC","CSq",330,50,"medium","M4",0.106312036514282,FALSE,FALSE
"MRPC","CSq",331,150,"medium","M0.1",0.0923829078674316,FALSE,FALSE
"MRPC","CSq",332,150,"medium","M1.1",0.0912981033325195,FALSE,FALSE
"MRPC","CSq",333,150,"medium","M2.1",0.0256919860839844,FALSE,FALSE
"MRPC","CSq",334,150,"medium","M3",0.0319819450378418,FALSE,FALSE
"MRPC","CSq",335,150,"medium","M4",0.0288388729095459,FALSE,FALSE
"MRPC","CSq",336,300,"medium","M0.1",0.290640115737915,FALSE,FALSE
"MRPC","CSq",337,300,"medium","M1.1",4.11561608314514,FALSE,FALSE
"MRPC","CSq",338,300,"medium","M2.1",0.375241041183472,FALSE,FALSE
"MRPC","CSq",339,300,"medium","M3",0.445389032363892,FALSE,FALSE
"MRPC","CSq",340,300,"medium","M4",0.393079996109009,FALSE,FALSE
"MRPC","CSq",351,50,"large","M0.1",0.0662319660186768,FALSE,FALSE
"MRPC","CSq",352,50,"large","M1.1",0.0526220798492432,FALSE,FALSE
"MRPC","CSq",353,50,"large","M2.1",0.0324029922485352,FALSE,FALSE
"MRPC","CSq",354,50,"large","M3",0.0226030349731445,FALSE,FALSE
"MRPC","CSq",355,50,"large","M4",0.0519239902496338,FALSE,FALSE
"MRPC","CSq",356,150,"large","M0.1",0.0409140586853027,FALSE,FALSE
"MRPC","CSq",357,150,"large","M1.1",0.0459749698638916,FALSE,FALSE
"MRPC","CSq",358,150,"large","M2.1",0.0387098789215088,FALSE,FALSE
"MRPC","CSq",359,150,"large","M3",0.0267579555511475,FALSE,FALSE
"MRPC","CSq",360,150,"large","M4",0.0218768119812012,FALSE,FALSE
"MRPC","CSq",361,300,"large","M0.1",0.416944026947021,FALSE,FALSE
"MRPC","CSq",362,300,"large","M1.1",0.133859872817993,FALSE,FALSE
"MRPC","CSq",363,300,"large","M2.1",0.139601945877075,FALSE,FALSE
"MRPC","CSq",364,300,"large","M3",0.0424461364746094,FALSE,FALSE
"MRPC","CSq",365,300,"large","M4",0.0315771102905273,FALSE,FALSE
"MRPC","CSq",376,50,"small","M0.1",0.0268568992614746,FALSE,FALSE
"MRPC","CSq",377,50,"small","M1.1",0.0329170227050781,FALSE,FALSE
"MRPC","CSq",378,50,"small","M2.1",0.0209321975708008,FALSE,FALSE
"MRPC","CSq",379,50,"small","M3",0.0214447975158691,FALSE,FALSE
"MRPC","CSq",380,50,"small","M4",0.0223038196563721,FALSE,FALSE
"MRPC","CSq",381,150,"small","M0.1",0.0242159366607666,FALSE,FALSE
"MRPC","CSq",382,150,"small","M1.1",0.0253040790557861,FALSE,FALSE
"MRPC","CSq",383,150,"small","M2.1",0.0353810787200928,FALSE,FALSE
"MRPC","CSq",384,150,"small","M3",0.0386550426483154,FALSE,FALSE
"MRPC","CSq",385,150,"small","M4",0.0276350975036621,FALSE,FALSE
"MRPC","CSq",386,300,"small","M0.1",0.0373468399047852,FALSE,FALSE
"MRPC","CSq",387,300,"small","M1.1",0.0469520092010498,FALSE,FALSE
"MRPC","CSq",388,300,"small","M2.1",0.448256015777588,FALSE,FALSE
"MRPC","CSq",389,300,"small","M3",0.132534027099609,FALSE,FALSE
"MRPC","CSq",390,300,"small","M4",0.102588176727295,FALSE,FALSE
"MRPC","CSq",401,50,"medium","M0.1",0.0286281108856201,FALSE,FALSE
"MRPC","CSq",402,50,"medium","M1.1",0.0171971321105957,FALSE,FALSE
"MRPC","CSq",403,50,"medium","M2.1",0.0291168689727783,FALSE,FALSE
"MRPC","CSq",404,50,"medium","M3",0.0275850296020508,FALSE,FALSE
"MRPC","CSq",405,50,"medium","M4",0.0298330783843994,FALSE,FALSE
"MRPC","CSq",406,150,"medium","M0.1",0.0284631252288818,FALSE,FALSE
"MRPC","CSq",407,150,"medium","M1.1",0.0251219272613525,FALSE,FALSE
"MRPC","CSq",408,150,"medium","M2.1",0.0295259952545166,FALSE,FALSE
"MRPC","CSq",409,150,"medium","M3",0.0400948524475098,FALSE,FALSE
"MRPC","CSq",410,150,"medium","M4",0.0241560935974121,FALSE,FALSE
"MRPC","CSq",411,300,"medium","M0.1",0.938163042068481,FALSE,FALSE
"MRPC","CSq",412,300,"medium","M1.1",0.749236106872559,FALSE,FALSE
"MRPC","CSq",413,300,"medium","M2.1",0.05753493309021,FALSE,FALSE
"MRPC","CSq",414,300,"medium","M3",0.34968090057373,FALSE,FALSE
"MRPC","CSq",415,300,"medium","M4",0.344793081283569,FALSE,FALSE
"MRPC","CSq",426,50,"large","M0.1",0.0265970230102539,FALSE,FALSE
"MRPC","CSq",427,50,"large","M1.1",0.0301949977874756,FALSE,FALSE
"MRPC","CSq",428,50,"large","M2.1",0.0327959060668945,FALSE,FALSE
"MRPC","CSq",429,50,"large","M3",0.0225789546966553,FALSE,FALSE
"MRPC","CSq",430,50,"large","M4",0.0287368297576904,FALSE,FALSE
"MRPC","CSq",431,150,"large","M0.1",0.030872106552124,FALSE,FALSE
"MRPC","CSq",432,150,"large","M1.1",0.0481479167938232,FALSE,FALSE
"MRPC","CSq",433,150,"large","M2.1",0.124120950698853,FALSE,FALSE
"MRPC","CSq",434,150,"large","M3",0.0392510890960693,FALSE,FALSE
"MRPC","CSq",435,150,"large","M4",0.030951976776123,FALSE,FALSE
"MRPC","CSq",436,300,"large","M0.1",0.159066915512085,FALSE,FALSE
"MRPC","CSq",437,300,"large","M1.1",0.261835098266602,FALSE,FALSE
"MRPC","CSq",438,300,"large","M2.1",0.466068983078003,FALSE,FALSE
"MRPC","CSq",439,300,"large","M3",0.721426010131836,FALSE,FALSE
"MRPC","CSq",440,300,"large","M4",0.344178915023804,FALSE,FALSE
"MRPC","CSq",451,50,"small","M0.1",0.0189979076385498,FALSE,FALSE
"MRPC","CSq",452,50,"small","M1.1",0.0233249664306641,FALSE,FALSE
"MRPC","CSq",453,50,"small","M2.1",0.0203897953033447,FALSE,FALSE
"MRPC","CSq",454,50,"small","M3",0.0686409473419189,FALSE,FALSE
"MRPC","CSq",455,50,"small","M4",0.0735421180725098,FALSE,FALSE
"MRPC","CSq",456,150,"small","M0.1",0.0262179374694824,FALSE,FALSE
"MRPC","CSq",457,150,"small","M1.1",0.0261690616607666,FALSE,FALSE
"MRPC","CSq",458,150,"small","M2.1",0.0232319831848145,FALSE,FALSE
"MRPC","CSq",459,150,"small","M3",0.0627388954162598,FALSE,FALSE
"MRPC","CSq",460,150,"small","M4",0.0295250415802002,FALSE,FALSE
"MRPC","CSq",461,300,"small","M0.1",0.167332887649536,FALSE,FALSE
"MRPC","CSq",462,300,"small","M1.1",2.36979198455811,FALSE,FALSE
"MRPC","CSq",463,300,"small","M2.1",0.40418004989624,FALSE,FALSE
"MRPC","CSq",464,300,"small","M3",0.0864048004150391,FALSE,FALSE
"MRPC","CSq",465,300,"small","M4",0.217985868453979,FALSE,FALSE
"MRPC","CSq",476,50,"medium","M0.1",0.050900936126709,FALSE,FALSE
"MRPC","CSq",477,50,"medium","M1.1",0.0304620265960693,FALSE,FALSE
"MRPC","CSq",478,50,"medium","M2.1",0.0258769989013672,FALSE,FALSE
"MRPC","CSq",479,50,"medium","M3",0.0257468223571777,FALSE,FALSE
"MRPC","CSq",480,50,"medium","M4",0.0220041275024414,FALSE,FALSE
"MRPC","CSq",481,150,"medium","M0.1",0.0379228591918945,FALSE,FALSE
"MRPC","CSq",482,150,"medium","M1.1",0.0340960025787354,FALSE,FALSE
"MRPC","CSq",483,150,"medium","M2.1",0.0317201614379883,FALSE,FALSE
"MRPC","CSq",484,150,"medium","M3",0.0349719524383545,FALSE,FALSE
"MRPC","CSq",485,150,"medium","M4",0.0313899517059326,FALSE,FALSE
"MRPC","CSq",486,300,"medium","M0.1",0.544932126998901,FALSE,FALSE
"MRPC","CSq",487,300,"medium","M1.1",0.660986185073853,FALSE,FALSE
"MRPC","CSq",488,300,"medium","M2.1",12.0414559841156,FALSE,FALSE
"MRPC","CSq",489,300,"medium","M3",0.91588306427002,FALSE,FALSE
"MRPC","CSq",490,300,"medium","M4",0.331598997116089,FALSE,FALSE
"MRPC","CSq",501,50,"large","M0.1",0.0301589965820312,FALSE,FALSE
"MRPC","CSq",502,50,"large","M1.1",0.0338749885559082,FALSE,FALSE
"MRPC","CSq",503,50,"large","M2.1",0.0281498432159424,FALSE,FALSE
"MRPC","CSq",504,50,"large","M3",0.045928955078125,FALSE,FALSE
"MRPC","CSq",505,50,"large","M4",0.0260241031646729,FALSE,FALSE
"MRPC","CSq",506,150,"large","M0.1",0.0215280055999756,FALSE,FALSE
"MRPC","CSq",507,150,"large","M1.1",0.0360879898071289,FALSE,FALSE
"MRPC","CSq",508,150,"large","M2.1",0.0756988525390625,FALSE,FALSE
"MRPC","CSq",509,150,"large","M3",0.0416970252990723,FALSE,FALSE
"MRPC","CSq",510,150,"large","M4",0.0295438766479492,FALSE,FALSE
"MRPC","CSq",511,300,"large","M0.1",0.251363039016724,FALSE,FALSE
"MRPC","CSq",512,300,"large","M1.1",0.156396865844727,FALSE,FALSE
"MRPC","CSq",513,300,"large","M2.1",0.016510009765625,FALSE,FALSE
"MRPC","CSq",514,300,"large","M3",2.60042285919189,FALSE,FALSE
"MRPC","CSq",515,300,"large","M4",0.0834081172943115,FALSE,FALSE
"MRPC","CSq",526,50,"small","M0.1",0.0218729972839355,FALSE,FALSE
"MRPC","CSq",527,50,"small","M1.1",0.0602958202362061,FALSE,FALSE
"MRPC","CSq",528,50,"small","M2.1",0.0441989898681641,FALSE,FALSE
"MRPC","CSq",529,50,"small","M3",0.0292978286743164,FALSE,FALSE
"MRPC","CSq",530,50,"small","M4",0.02268385887146,FALSE,FALSE
"MRPC","CSq",531,150,"small","M0.1",0.0270199775695801,FALSE,FALSE
"MRPC","CSq",532,150,"small","M1.1",0.0289640426635742,FALSE,FALSE
"MRPC","CSq",533,150,"small","M2.1",0.029109001159668,FALSE,FALSE
"MRPC","CSq",534,150,"small","M3",0.028519868850708,FALSE,FALSE
"MRPC","CSq",535,150,"small","M4",0.0281281471252441,FALSE,FALSE
"MRPC","CSq",536,300,"small","M0.1",0.0519461631774902,FALSE,FALSE
"MRPC","CSq",537,300,"small","M1.1",0.40938401222229,FALSE,FALSE
"MRPC","CSq",538,300,"small","M2.1",0.0450999736785889,FALSE,FALSE
"MRPC","CSq",539,300,"small","M3",0.0568339824676514,FALSE,FALSE
"MRPC","CSq",540,300,"small","M4",0.303076982498169,FALSE,FALSE
"MRPC","CSq",551,50,"medium","M0.1",0.0309879779815674,FALSE,FALSE
"MRPC","CSq",552,50,"medium","M1.1",0.026792049407959,FALSE,FALSE
"MRPC","CSq",553,50,"medium","M2.1",0.0201270580291748,FALSE,FALSE
"MRPC","CSq",554,50,"medium","M3",0.0235781669616699,FALSE,FALSE
"MRPC","CSq",555,50,"medium","M4",0.0297839641571045,FALSE,FALSE
"MRPC","CSq",556,150,"medium","M0.1",0.0264468193054199,FALSE,FALSE
"MRPC","CSq",557,150,"medium","M1.1",0.0279150009155273,FALSE,FALSE
"MRPC","CSq",558,150,"medium","M2.1",0.0275540351867676,FALSE,FALSE
"MRPC","CSq",559,150,"medium","M3",0.0177669525146484,FALSE,FALSE
"MRPC","CSq",560,150,"medium","M4",0.0241820812225342,FALSE,FALSE
"MRPC","CSq",561,300,"medium","M0.1",0.107125997543335,FALSE,FALSE
"MRPC","CSq",562,300,"medium","M1.1",0.508111953735352,FALSE,FALSE
"MRPC","CSq",563,300,"medium","M2.1",0.107990026473999,FALSE,FALSE
"MRPC","CSq",564,300,"medium","M3",0.159990072250366,FALSE,FALSE
"MRPC","CSq",565,300,"medium","M4",0.0676560401916504,FALSE,FALSE
"MRPC","CSq",576,50,"large","M0.1",0.0289249420166016,FALSE,FALSE
"MRPC","CSq",577,50,"large","M1.1",0.0795857906341553,FALSE,FALSE
"MRPC","CSq",578,50,"large","M2.1",0.0307750701904297,FALSE,FALSE
"MRPC","CSq",579,50,"large","M3",0.0337059497833252,FALSE,FALSE
"MRPC","CSq",580,50,"large","M4",0.0281038284301758,FALSE,FALSE
"MRPC","CSq",581,150,"large","M0.1",0.0272719860076904,FALSE,FALSE
"MRPC","CSq",582,150,"large","M1.1",0.0464229583740234,FALSE,FALSE
"MRPC","CSq",583,150,"large","M2.1",0.0272901058197021,FALSE,FALSE
"MRPC","CSq",584,150,"large","M3",0.0413031578063965,FALSE,FALSE
"MRPC","CSq",585,150,"large","M4",0.0369699001312256,FALSE,FALSE
"MRPC","CSq",586,300,"large","M0.1",0.136970996856689,FALSE,FALSE
"MRPC","CSq",587,300,"large","M1.1",0.933099031448364,FALSE,FALSE
"MRPC","CSq",588,300,"large","M2.1",0.049760103225708,FALSE,FALSE
"MRPC","CSq",589,300,"large","M3",0.384490013122559,FALSE,FALSE
"MRPC","CSq",590,300,"large","M4",0.0610408782958984,FALSE,FALSE
"MRPC","CSq",601,50,"small","M0.1",0.0185248851776123,FALSE,FALSE
"MRPC","CSq",602,50,"small","M1.1",0.0162980556488037,FALSE,FALSE
"MRPC","CSq",603,50,"small","M2.1",0.0560371875762939,FALSE,FALSE
"MRPC","CSq",604,50,"small","M3",0.0306341648101807,FALSE,FALSE
"MRPC","CSq",605,50,"small","M4",0.0524170398712158,FALSE,FALSE
"MRPC","CSq",606,150,"small","M0.1",0.0309710502624512,FALSE,FALSE
"MRPC","CSq",607,150,"small","M1.1",0.0241019725799561,FALSE,FALSE
"MRPC","CSq",608,150,"small","M2.1",0.0202569961547852,FALSE,FALSE
"MRPC","CSq",609,150,"small","M3",0.028796911239624,FALSE,FALSE
"MRPC","CSq",610,150,"small","M4",0.0245270729064941,FALSE,FALSE
"MRPC","CSq",611,300,"small","M0.1",0.789731979370117,FALSE,FALSE
"MRPC","CSq",612,300,"small","M1.1",0.856578826904297,FALSE,FALSE
"MRPC","CSq",613,300,"small","M2.1",2.22739887237549,FALSE,FALSE
"MRPC","CSq",614,300,"small","M3",3.88025593757629,FALSE,FALSE
"MRPC","CSq",615,300,"small","M4",0.162461996078491,FALSE,FALSE
"MRPC","CSq",626,50,"medium","M0.1",0.0281801223754883,FALSE,FALSE
"MRPC","CSq",627,50,"medium","M1.1",0.0189390182495117,FALSE,FALSE
"MRPC","CSq",628,50,"medium","M2.1",0.0244998931884766,FALSE,FALSE
"MRPC","CSq",629,50,"medium","M3",0.0215580463409424,FALSE,FALSE
"MRPC","CSq",630,50,"medium","M4",0.0225729942321777,FALSE,FALSE
"MRPC","CSq",631,150,"medium","M0.1",0.0292439460754395,FALSE,FALSE
"MRPC","CSq",632,150,"medium","M1.1",0.0269961357116699,FALSE,FALSE
"MRPC","CSq",633,150,"medium","M2.1",0.0324358940124512,FALSE,FALSE
"MRPC","CSq",634,150,"medium","M3",0.0463690757751465,FALSE,FALSE
"MRPC","CSq",635,150,"medium","M4",0.0292701721191406,FALSE,FALSE
"MRPC","CSq",636,300,"medium","M0.1",0.261318922042847,FALSE,FALSE
"MRPC","CSq",637,300,"medium","M1.1",1.08435988426208,FALSE,FALSE
"MRPC","CSq",638,300,"medium","M2.1",0.445213079452515,FALSE,FALSE
"MRPC","CSq",639,300,"medium","M3",0.289915800094604,FALSE,FALSE
"MRPC","CSq",640,300,"medium","M4",0.0985710620880127,FALSE,FALSE
"MRPC","CSq",651,50,"large","M0.1",0.0261490345001221,FALSE,FALSE
"MRPC","CSq",652,50,"large","M1.1",0.0262441635131836,FALSE,FALSE
"MRPC","CSq",653,50,"large","M2.1",0.0636429786682129,FALSE,FALSE
"MRPC","CSq",654,50,"large","M3",0.0503890514373779,FALSE,FALSE
"MRPC","CSq",655,50,"large","M4",0.0386958122253418,FALSE,FALSE
"MRPC","CSq",656,150,"large","M0.1",0.022597074508667,FALSE,FALSE
"MRPC","CSq",657,150,"large","M1.1",0.0223541259765625,FALSE,FALSE
"MRPC","CSq",658,150,"large","M2.1",0.0214269161224365,FALSE,FALSE
"MRPC","CSq",659,150,"large","M3",0.0210120677947998,FALSE,FALSE
"MRPC","CSq",660,150,"large","M4",0.0265591144561768,FALSE,FALSE
"MRPC","CSq",661,300,"large","M0.1",0.0267229080200195,FALSE,FALSE
"MRPC","CSq",662,300,"large","M1.1",0.0846638679504395,FALSE,FALSE
"MRPC","CSq",663,300,"large","M2.1",0.431426048278809,FALSE,FALSE
"MRPC","CSq",664,300,"large","M3",0.106778144836426,FALSE,FALSE
"MRPC","CSq",665,300,"large","M4",0.147615909576416,FALSE,FALSE
"MRPC","CSq",676,50,"small","M0.1",0.0280451774597168,FALSE,FALSE
"MRPC","CSq",677,50,"small","M1.1",0.0191149711608887,FALSE,FALSE
"MRPC","CSq",678,50,"small","M2.1",0.0303089618682861,FALSE,FALSE
"MRPC","CSq",679,50,"small","M3",0.0402159690856934,FALSE,FALSE
"MRPC","CSq",680,50,"small","M4",0.0240740776062012,FALSE,FALSE
"MRPC","CSq",681,150,"small","M0.1",0.0305418968200684,FALSE,FALSE
"MRPC","CSq",682,150,"small","M1.1",0.02236008644104,FALSE,FALSE
"MRPC","CSq",683,150,"small","M2.1",0.0280070304870605,FALSE,FALSE
"MRPC","CSq",684,150,"small","M3",0.0321331024169922,FALSE,FALSE
"MRPC","CSq",685,150,"small","M4",0.0321199893951416,FALSE,FALSE
"MRPC","CSq",686,300,"small","M0.1",0.0946059226989746,FALSE,FALSE
"MRPC","CSq",687,300,"small","M1.1",0.0763349533081055,FALSE,FALSE
"MRPC","CSq",688,300,"small","M2.1",0.131279945373535,FALSE,FALSE
"MRPC","CSq",689,300,"small","M3",0.329440116882324,FALSE,FALSE
"MRPC","CSq",690,300,"small","M4",0.39478588104248,FALSE,FALSE
"MRPC","CSq",701,50,"medium","M0.1",0.0219500064849854,FALSE,FALSE
"MRPC","CSq",702,50,"medium","M1.1",0.0839319229125977,FALSE,FALSE
"MRPC","CSq",703,50,"medium","M2.1",0.0255091190338135,FALSE,FALSE
"MRPC","CSq",704,50,"medium","M3",0.0247080326080322,FALSE,FALSE
"MRPC","CSq",705,50,"medium","M4",0.0168220996856689,FALSE,FALSE
"MRPC","CSq",706,150,"medium","M0.1",0.0234360694885254,FALSE,FALSE
"MRPC","CSq",707,150,"medium","M1.1",0.023500919342041,FALSE,FALSE
"MRPC","CSq",708,150,"medium","M2.1",0.0262329578399658,FALSE,FALSE
"MRPC","CSq",709,150,"medium","M3",0.0279669761657715,FALSE,FALSE
"MRPC","CSq",710,150,"medium","M4",0.0345220565795898,FALSE,FALSE
"MRPC","CSq",711,300,"medium","M0.1",1.05165505409241,FALSE,FALSE
"MRPC","CSq",712,300,"medium","M1.1",0.0603148937225342,FALSE,FALSE
"MRPC","CSq",713,300,"medium","M2.1",0.058178186416626,FALSE,FALSE
"MRPC","CSq",714,300,"medium","M3",0.405799150466919,FALSE,FALSE
"MRPC","CSq",715,300,"medium","M4",0.143189907073975,FALSE,FALSE
"MRPC","CSq",726,50,"large","M0.1",0.0304689407348633,FALSE,FALSE
"MRPC","CSq",727,50,"large","M1.1",0.0813040733337402,FALSE,FALSE
"MRPC","CSq",728,50,"large","M2.1",0.0745670795440674,FALSE,FALSE
"MRPC","CSq",729,50,"large","M3",0.0226991176605225,FALSE,FALSE
"MRPC","CSq",730,50,"large","M4",0.0359880924224854,FALSE,FALSE
"MRPC","CSq",731,150,"large","M0.1",0.0405418872833252,FALSE,FALSE
"MRPC","CSq",732,150,"large","M1.1",0.0244858264923096,FALSE,FALSE
"MRPC","CSq",733,150,"large","M2.1",0.0247209072113037,FALSE,FALSE
"MRPC","CSq",734,150,"large","M3",0.0223331451416016,FALSE,FALSE
"MRPC","CSq",735,150,"large","M4",0.0228991508483887,FALSE,FALSE
"MRPC","CSq",736,300,"large","M0.1",0.636605978012085,FALSE,FALSE
"MRPC","CSq",737,300,"large","M1.1",0.0753898620605469,FALSE,FALSE
"MRPC","CSq",738,300,"large","M2.1",0.256975889205933,FALSE,FALSE
"MRPC","CSq",739,300,"large","M3",0.213216066360474,FALSE,FALSE
"MRPC","CSq",740,300,"large","M4",0.0771570205688477,FALSE,FALSE
"MRPC","CSq",751,50,"small","M0.1",0.0325078964233398,FALSE,FALSE
"MRPC","CSq",752,50,"small","M1.1",0.0245270729064941,FALSE,FALSE
"MRPC","CSq",753,50,"small","M2.1",0.0189130306243896,FALSE,FALSE
"MRPC","CSq",754,50,"small","M3",0.027824878692627,FALSE,FALSE
"MRPC","CSq",755,50,"small","M4",0.0240340232849121,FALSE,FALSE
"MRPC","CSq",756,150,"small","M0.1",0.0372138023376465,FALSE,FALSE
"MRPC","CSq",757,150,"small","M1.1",0.0247409343719482,FALSE,FALSE
"MRPC","CSq",758,150,"small","M2.1",0.0175700187683105,FALSE,FALSE
"MRPC","CSq",759,150,"small","M3",0.0248970985412598,FALSE,FALSE
"MRPC","CSq",760,150,"small","M4",0.0249741077423096,FALSE,FALSE
"MRPC","CSq",761,300,"small","M0.1",0.0660538673400879,FALSE,FALSE
"MRPC","CSq",762,300,"small","M1.1",0.144177198410034,FALSE,FALSE
"MRPC","CSq",763,300,"small","M2.1",0.169503927230835,FALSE,FALSE
"MRPC","CSq",764,300,"small","M3",0.0704300403594971,FALSE,FALSE
"MRPC","CSq",765,300,"small","M4",0.0511131286621094,FALSE,FALSE
"MRPC","CSq",776,50,"medium","M0.1",0.0315592288970947,FALSE,FALSE
"MRPC","CSq",777,50,"medium","M1.1",0.0427589416503906,FALSE,FALSE
"MRPC","CSq",778,50,"medium","M2.1",0.0317320823669434,FALSE,FALSE
"MRPC","CSq",779,50,"medium","M3",0.0966470241546631,FALSE,FALSE
"MRPC","CSq",780,50,"medium","M4",0.0224368572235107,FALSE,FALSE
"MRPC","CSq",781,150,"medium","M0.1",0.0280289649963379,FALSE,FALSE
"MRPC","CSq",782,150,"medium","M1.1",0.0229330062866211,FALSE,FALSE
"MRPC","CSq",783,150,"medium","M2.1",0.018651008605957,FALSE,FALSE
"MRPC","CSq",784,150,"medium","M3",0.0160989761352539,FALSE,FALSE
"MRPC","CSq",785,150,"medium","M4",0.0196249485015869,FALSE,FALSE
"MRPC","CSq",786,300,"medium","M0.1",0.020244836807251,FALSE,FALSE
"MRPC","CSq",787,300,"medium","M1.1",0.0520920753479004,FALSE,FALSE
"MRPC","CSq",788,300,"medium","M2.1",0.022266149520874,FALSE,FALSE
"MRPC","CSq",789,300,"medium","M3",0.0759601593017578,FALSE,FALSE
"MRPC","CSq",790,300,"medium","M4",0.0413758754730225,FALSE,FALSE
"MRPC","CSq",801,50,"large","M0.1",0.0312130451202393,FALSE,FALSE
"MRPC","CSq",802,50,"large","M1.1",0.0687780380249023,FALSE,FALSE
"MRPC","CSq",803,50,"large","M2.1",0.0370070934295654,FALSE,FALSE
"MRPC","CSq",804,50,"large","M3",0.0248808860778809,FALSE,FALSE
"MRPC","CSq",805,50,"large","M4",0.0265181064605713,FALSE,FALSE
"MRPC","CSq",806,150,"large","M0.1",0.0182998180389404,FALSE,FALSE
"MRPC","CSq",807,150,"large","M1.1",0.0184600353240967,FALSE,FALSE
"MRPC","CSq",808,150,"large","M2.1",0.0194919109344482,FALSE,FALSE
"MRPC","CSq",809,150,"large","M3",0.0273051261901855,FALSE,FALSE
"MRPC","CSq",810,150,"large","M4",0.0273611545562744,FALSE,FALSE
"MRPC","CSq",811,300,"large","M0.1",1.62012791633606,FALSE,FALSE
"MRPC","CSq",812,300,"large","M1.1",0.244702100753784,FALSE,FALSE
"MRPC","CSq",813,300,"large","M2.1",0.0848548412322998,FALSE,FALSE
"MRPC","CSq",814,300,"large","M3",0.271491050720215,FALSE,FALSE
"MRPC","CSq",815,300,"large","M4",0.397215843200684,FALSE,FALSE
"MRPC","CSq",826,50,"small","M0.1",0.0457508563995361,FALSE,FALSE
"MRPC","CSq",827,50,"small","M1.1",0.0219640731811523,FALSE,FALSE
"MRPC","CSq",828,50,"small","M2.1",0.0274779796600342,FALSE,FALSE
"MRPC","CSq",829,50,"small","M3",0.0378961563110352,FALSE,FALSE
"MRPC","CSq",830,50,"small","M4",0.02982497215271,FALSE,FALSE
"MRPC","CSq",831,150,"small","M0.1",0.0213720798492432,FALSE,FALSE
"MRPC","CSq",832,150,"small","M1.1",0.0184969902038574,FALSE,FALSE
"MRPC","CSq",833,150,"small","M2.1",0.0161938667297363,FALSE,FALSE
"MRPC","CSq",834,150,"small","M3",0.0232479572296143,FALSE,FALSE
"MRPC","CSq",835,150,"small","M4",0.0305109024047852,FALSE,FALSE
"MRPC","CSq",836,300,"small","M0.1",3.09929895401001,FALSE,FALSE
"MRPC","CSq",837,300,"small","M1.1",0.0339839458465576,FALSE,FALSE
"MRPC","CSq",838,300,"small","M2.1",0.378530979156494,FALSE,FALSE
"MRPC","CSq",839,300,"small","M3",0.220625877380371,FALSE,FALSE
"MRPC","CSq",840,300,"small","M4",1.03824520111084,FALSE,FALSE
"MRPC","CSq",851,50,"medium","M0.1",0.0266809463500977,FALSE,FALSE
"MRPC","CSq",852,50,"medium","M1.1",0.049705982208252,FALSE,FALSE
"MRPC","CSq",853,50,"medium","M2.1",0.030958890914917,FALSE,FALSE
"MRPC","CSq",854,50,"medium","M3",0.0393080711364746,FALSE,FALSE
"MRPC","CSq",855,50,"medium","M4",0.0219979286193848,FALSE,FALSE
"MRPC","CSq",856,150,"medium","M0.1",0.0263149738311768,FALSE,FALSE
"MRPC","CSq",857,150,"medium","M1.1",0.0263750553131104,FALSE,FALSE
"MRPC","CSq",858,150,"medium","M2.1",0.0173330307006836,FALSE,FALSE
"MRPC","CSq",859,150,"medium","M3",0.0148260593414307,FALSE,FALSE
"MRPC","CSq",860,150,"medium","M4",0.0158150196075439,FALSE,FALSE
"MRPC","CSq",861,300,"medium","M0.1",0.158046960830688,FALSE,FALSE
"MRPC","CSq",862,300,"medium","M1.1",0.289320945739746,FALSE,FALSE
"MRPC","CSq",863,300,"medium","M2.1",0.208323001861572,FALSE,FALSE
"MRPC","CSq",864,300,"medium","M3",0.299798011779785,FALSE,FALSE
"MRPC","CSq",865,300,"medium","M4",0.392349004745483,FALSE,FALSE
"MRPC","CSq",876,50,"large","M0.1",0.0253148078918457,FALSE,FALSE
"MRPC","CSq",877,50,"large","M1.1",0.0352799892425537,FALSE,FALSE
"MRPC","CSq",878,50,"large","M2.1",0.0359959602355957,FALSE,FALSE
"MRPC","CSq",879,50,"large","M3",0.0309710502624512,FALSE,FALSE
"MRPC","CSq",880,50,"large","M4",0.0373330116271973,FALSE,FALSE
"MRPC","CSq",881,150,"large","M0.1",0.0395848751068115,FALSE,FALSE
"MRPC","CSq",882,150,"large","M1.1",0.014880895614624,FALSE,FALSE
"MRPC","CSq",883,150,"large","M2.1",0.0148830413818359,FALSE,FALSE
"MRPC","CSq",884,150,"large","M3",0.0264019966125488,FALSE,FALSE
"MRPC","CSq",885,150,"large","M4",0.0311300754547119,FALSE,FALSE
"MRPC","CSq",886,300,"large","M0.1",0.23769211769104,FALSE,FALSE
"MRPC","CSq",887,300,"large","M1.1",0.202080011367798,FALSE,FALSE
"MRPC","CSq",888,300,"large","M2.1",0.0605931282043457,FALSE,FALSE
"MRPC","CSq",889,300,"large","M3",0.145530939102173,FALSE,FALSE
"MRPC","CSq",890,300,"large","M4",0.123425006866455,FALSE,FALSE
"MRPC","CSq",901,50,"small","M0.1",0.025468111038208,FALSE,FALSE
"MRPC","CSq",902,50,"small","M1.1",0.0339269638061523,FALSE,FALSE
"MRPC","CSq",903,50,"small","M2.1",0.058215856552124,FALSE,FALSE
"MRPC","CSq",904,50,"small","M3",0.0449109077453613,FALSE,FALSE
"MRPC","CSq",905,50,"small","M4",0.0814359188079834,FALSE,FALSE
"MRPC","CSq",906,150,"small","M0.1",0.023975133895874,FALSE,FALSE
"MRPC","CSq",907,150,"small","M1.1",0.0147337913513184,FALSE,FALSE
"MRPC","CSq",908,150,"small","M2.1",0.0237870216369629,FALSE,FALSE
"MRPC","CSq",909,150,"small","M3",0.0294790267944336,FALSE,FALSE
"MRPC","CSq",910,150,"small","M4",0.0271849632263184,FALSE,FALSE
"MRPC","CSq",911,300,"small","M0.1",0.0797710418701172,FALSE,FALSE
"MRPC","CSq",912,300,"small","M1.1",0.0367889404296875,FALSE,FALSE
"MRPC","CSq",913,300,"small","M2.1",0.0641589164733887,FALSE,FALSE
"MRPC","CSq",914,300,"small","M3",0.110014915466309,FALSE,FALSE
"MRPC","CSq",915,300,"small","M4",0.0993199348449707,FALSE,FALSE
"MRPC","CSq",926,50,"medium","M0.1",0.052577018737793,FALSE,FALSE
"MRPC","CSq",927,50,"medium","M1.1",0.0186610221862793,FALSE,FALSE
"MRPC","CSq",928,50,"medium","M2.1",0.0256021022796631,FALSE,FALSE
"MRPC","CSq",929,50,"medium","M3",0.0263369083404541,FALSE,FALSE
"MRPC","CSq",930,50,"medium","M4",0.0224299430847168,FALSE,FALSE
"MRPC","CSq",931,150,"medium","M0.1",0.0260241031646729,FALSE,FALSE
"MRPC","CSq",932,150,"medium","M1.1",0.0251760482788086,FALSE,FALSE
"MRPC","CSq",933,150,"medium","M2.1",0.030717134475708,FALSE,FALSE
"MRPC","CSq",934,150,"medium","M3",0.0346519947052002,FALSE,FALSE
"MRPC","CSq",935,150,"medium","M4",0.028066873550415,FALSE,FALSE
"MRPC","CSq",936,300,"medium","M0.1",0.0576410293579102,FALSE,FALSE
"MRPC","CSq",937,300,"medium","M1.1",0.151731967926025,FALSE,FALSE
"MRPC","CSq",938,300,"medium","M2.1",0.125917911529541,FALSE,FALSE
"MRPC","CSq",939,300,"medium","M3",0.143860816955566,FALSE,FALSE
"MRPC","CSq",940,300,"medium","M4",0.0542118549346924,FALSE,FALSE
"MRPC","CSq",951,50,"large","M0.1",0.0319929122924805,FALSE,FALSE
"MRPC","CSq",952,50,"large","M1.1",0.0274732112884521,FALSE,FALSE
"MRPC","CSq",953,50,"large","M2.1",0.0214450359344482,FALSE,FALSE
"MRPC","CSq",954,50,"large","M3",0.0249431133270264,FALSE,FALSE
"MRPC","CSq",955,50,"large","M4",0.0292990207672119,FALSE,FALSE
"MRPC","CSq",956,150,"large","M0.1",0.028407096862793,FALSE,FALSE
"MRPC","CSq",957,150,"large","M1.1",0.0193450450897217,FALSE,FALSE
"MRPC","CSq",958,150,"large","M2.1",0.0196578502655029,FALSE,FALSE
"MRPC","CSq",959,150,"large","M3",0.02801513671875,FALSE,FALSE
"MRPC","CSq",960,150,"large","M4",0.0213229656219482,FALSE,FALSE
"MRPC","CSq",961,300,"large","M0.1",0.200659990310669,FALSE,FALSE
"MRPC","CSq",962,300,"large","M1.1",0.0786871910095215,FALSE,FALSE
"MRPC","CSq",963,300,"large","M2.1",0.0940039157867432,FALSE,FALSE
"MRPC","CSq",964,300,"large","M3",0.0573399066925049,FALSE,FALSE
"MRPC","CSq",965,300,"large","M4",0.114815950393677,FALSE,FALSE
"MRPC","CSq",976,50,"small","M0.1",0.0318429470062256,FALSE,FALSE
"MRPC","CSq",977,50,"small","M1.1",0.03285813331604,FALSE,FALSE
"MRPC","CSq",978,50,"small","M2.1",0.0318419933319092,FALSE,FALSE
"MRPC","CSq",979,50,"small","M3",0.0184900760650635,FALSE,FALSE
"MRPC","CSq",980,50,"small","M4",0.0230021476745605,FALSE,FALSE
"MRPC","CSq",981,150,"small","M0.1",0.0258529186248779,FALSE,FALSE
"MRPC","CSq",982,150,"small","M1.1",0.0236098766326904,FALSE,FALSE
"MRPC","CSq",983,150,"small","M2.1",0.0253820419311523,FALSE,FALSE
"MRPC","CSq",984,150,"small","M3",0.0171380043029785,FALSE,FALSE
"MRPC","CSq",985,150,"small","M4",0.0216219425201416,FALSE,FALSE
"MRPC","CSq",986,300,"small","M0.1",0.0914120674133301,FALSE,FALSE
"MRPC","CSq",987,300,"small","M1.1",0.0634360313415527,FALSE,FALSE
"MRPC","CSq",988,300,"small","M2.1",1.76040005683899,FALSE,FALSE
"MRPC","CSq",989,300,"small","M3",0.283610105514526,FALSE,FALSE
"MRPC","CSq",990,300,"small","M4",0.804244995117188,FALSE,FALSE
"MRPC","CSq",1001,50,"medium","M0.1",0.0295119285583496,FALSE,FALSE
"MRPC","CSq",1002,50,"medium","M1.1",0.0300960540771484,FALSE,FALSE
"MRPC","CSq",1003,50,"medium","M2.1",0.0281050205230713,FALSE,FALSE
"MRPC","CSq",1004,50,"medium","M3",0.0268888473510742,FALSE,FALSE
"MRPC","CSq",1005,50,"medium","M4",0.0341460704803467,FALSE,FALSE
"MRPC","CSq",1006,150,"medium","M0.1",0.0161440372467041,FALSE,FALSE
"MRPC","CSq",1007,150,"medium","M1.1",0.0165069103240967,FALSE,FALSE
"MRPC","CSq",1008,150,"medium","M2.1",0.0266320705413818,FALSE,FALSE
"MRPC","CSq",1009,150,"medium","M3",0.0365200042724609,FALSE,FALSE
"MRPC","CSq",1010,150,"medium","M4",0.0269689559936523,FALSE,FALSE
"MRPC","CSq",1011,300,"medium","M0.1",0.0426530838012695,FALSE,FALSE
"MRPC","CSq",1012,300,"medium","M1.1",0.298304796218872,FALSE,FALSE
"MRPC","CSq",1013,300,"medium","M2.1",0.275749921798706,FALSE,FALSE
"MRPC","CSq",1014,300,"medium","M3",0.467792987823486,FALSE,FALSE
"MRPC","CSq",1015,300,"medium","M4",0.535890102386475,FALSE,FALSE
"MRPC","CSq",1026,50,"large","M0.1",0.0505049228668213,FALSE,FALSE
"MRPC","CSq",1027,50,"large","M1.1",0.0427250862121582,FALSE,FALSE
"MRPC","CSq",1028,50,"large","M2.1",0.0236020088195801,FALSE,FALSE
"MRPC","CSq",1029,50,"large","M3",0.0289011001586914,FALSE,FALSE
"MRPC","CSq",1030,50,"large","M4",0.0476448535919189,FALSE,FALSE
"MRPC","CSq",1031,150,"large","M0.1",0.0141549110412598,FALSE,FALSE
"MRPC","CSq",1032,150,"large","M1.1",0.0145249366760254,FALSE,FALSE
"MRPC","CSq",1033,150,"large","M2.1",0.0424339771270752,FALSE,FALSE
"MRPC","CSq",1034,150,"large","M3",0.0172948837280273,FALSE,FALSE
"MRPC","CSq",1035,150,"large","M4",0.0223100185394287,FALSE,FALSE
"MRPC","CSq",1036,300,"large","M0.1",0.034498929977417,FALSE,FALSE
"MRPC","CSq",1037,300,"large","M1.1",0.0618448257446289,FALSE,FALSE
"MRPC","CSq",1038,300,"large","M2.1",0.701297044754028,FALSE,FALSE
"MRPC","CSq",1039,300,"large","M3",0.247982025146484,FALSE,FALSE
"MRPC","CSq",1040,300,"large","M4",0.197585105895996,FALSE,FALSE
"MRPC","CSq",1051,50,"small","M0.1",0.0269248485565186,FALSE,FALSE
"MRPC","CSq",1052,50,"small","M1.1",0.018049955368042,FALSE,FALSE
"MRPC","CSq",1053,50,"small","M2.1",0.0251970291137695,FALSE,FALSE
"MRPC","CSq",1054,50,"small","M3",0.0185930728912354,FALSE,FALSE
"MRPC","CSq",1055,50,"small","M4",0.0306341648101807,FALSE,FALSE
"MRPC","CSq",1056,150,"small","M0.1",0.0155699253082275,FALSE,FALSE
"MRPC","CSq",1057,150,"small","M1.1",0.0195531845092773,FALSE,FALSE
"MRPC","CSq",1058,150,"small","M2.1",0.0186049938201904,FALSE,FALSE
"MRPC","CSq",1059,150,"small","M3",0.0222480297088623,FALSE,FALSE
"MRPC","CSq",1060,150,"small","M4",0.0146939754486084,FALSE,FALSE
"MRPC","CSq",1061,300,"small","M0.1",0.341481924057007,FALSE,FALSE
"MRPC","CSq",1062,300,"small","M1.1",0.294987916946411,FALSE,FALSE
"MRPC","CSq",1063,300,"small","M2.1",0.188057899475098,FALSE,FALSE
"MRPC","CSq",1064,300,"small","M3",0.645161867141724,FALSE,FALSE
"MRPC","CSq",1065,300,"small","M4",0.507794857025146,FALSE,FALSE
"MRPC","CSq",1076,50,"medium","M0.1",0.0258650779724121,FALSE,FALSE
"MRPC","CSq",1077,50,"medium","M1.1",0.0180940628051758,FALSE,FALSE
"MRPC","CSq",1078,50,"medium","M2.1",0.0330438613891602,FALSE,FALSE
"MRPC","CSq",1079,50,"medium","M3",0.017366886138916,FALSE,FALSE
"MRPC","CSq",1080,50,"medium","M4",0.0277359485626221,FALSE,FALSE
"MRPC","CSq",1081,150,"medium","M0.1",0.0268912315368652,FALSE,FALSE
"MRPC","CSq",1082,150,"medium","M1.1",0.0269529819488525,FALSE,FALSE
"MRPC","CSq",1083,150,"medium","M2.1",0.0288591384887695,FALSE,FALSE
"MRPC","CSq",1084,150,"medium","M3",0.0159189701080322,FALSE,FALSE
"MRPC","CSq",1085,150,"medium","M4",0.0283539295196533,FALSE,FALSE
"MRPC","CSq",1086,300,"medium","M0.1",1.3001389503479,FALSE,FALSE
"MRPC","CSq",1087,300,"medium","M1.1",1.9839301109314,FALSE,FALSE
"MRPC","CSq",1088,300,"medium","M2.1",0.252049922943115,FALSE,FALSE
"MRPC","CSq",1089,300,"medium","M3",0.783273935317993,FALSE,FALSE
"MRPC","CSq",1090,300,"medium","M4",0.206576824188232,FALSE,FALSE
"MRPC","CSq",1101,50,"large","M0.1",0.0235059261322021,FALSE,FALSE
"MRPC","CSq",1102,50,"large","M1.1",0.0233612060546875,FALSE,FALSE
"MRPC","CSq",1103,50,"large","M2.1",0.0291259288787842,FALSE,FALSE
"MRPC","CSq",1104,50,"large","M3",0.0348148345947266,FALSE,FALSE
"MRPC","CSq",1105,50,"large","M4",0.0584700107574463,FALSE,FALSE
"MRPC","CSq",1106,150,"large","M0.1",0.0277888774871826,FALSE,FALSE
"MRPC","CSq",1107,150,"large","M1.1",0.0162289142608643,FALSE,FALSE
"MRPC","CSq",1108,150,"large","M2.1",0.0402481555938721,FALSE,FALSE
"MRPC","CSq",1109,150,"large","M3",0.0277049541473389,FALSE,FALSE
"MRPC","CSq",1110,150,"large","M4",0.0158419609069824,FALSE,FALSE
"MRPC","CSq",1111,300,"large","M0.1",0.148246049880981,FALSE,FALSE
"MRPC","CSq",1112,300,"large","M1.1",0.218396186828613,FALSE,FALSE
"MRPC","CSq",1113,300,"large","M2.1",0.388584136962891,FALSE,FALSE
"MRPC","CSq",1114,300,"large","M3",0.0497732162475586,FALSE,FALSE
"MRPC","CSq",1115,300,"large","M4",0.0141379833221436,FALSE,FALSE
"MRPC","CSq",1126,50,"small","M0.1",0.0989868640899658,FALSE,FALSE
"MRPC","CSq",1127,50,"small","M1.1",0.120840072631836,FALSE,FALSE
"MRPC","CSq",1128,50,"small","M2.1",0.0860669612884521,FALSE,FALSE
"MRPC","CSq",1129,50,"small","M3",0.107985973358154,FALSE,FALSE
"MRPC","CSq",1130,50,"small","M4",0.126414060592651,FALSE,FALSE
"MRPC","CSq",1131,150,"small","M0.1",0.0234510898590088,FALSE,FALSE
"MRPC","CSq",1132,150,"small","M1.1",0.0180308818817139,FALSE,FALSE
"MRPC","CSq",1133,150,"small","M2.1",0.0273771286010742,FALSE,FALSE
"MRPC","CSq",1134,150,"small","M3",0.0240190029144287,FALSE,FALSE
"MRPC","CSq",1135,150,"small","M4",0.0289039611816406,FALSE,FALSE
"MRPC","CSq",1136,300,"small","M0.1",0.0742478370666504,FALSE,FALSE
"MRPC","CSq",1137,300,"small","M1.1",0.0764040946960449,FALSE,FALSE
"MRPC","CSq",1138,300,"small","M2.1",0.891510963439941,FALSE,FALSE
"MRPC","CSq",1139,300,"small","M3",1.32152891159058,FALSE,FALSE
"MRPC","CSq",1140,300,"small","M4",0.376128911972046,FALSE,FALSE
"MRPC","CSq",1151,50,"medium","M0.1",0.0313570499420166,FALSE,FALSE
"MRPC","CSq",1152,50,"medium","M1.1",0.0225510597229004,FALSE,FALSE
"MRPC","CSq",1153,50,"medium","M2.1",0.0420880317687988,FALSE,FALSE
"MRPC","CSq",1154,50,"medium","M3",0.0550329685211182,FALSE,FALSE
"MRPC","CSq",1155,50,"medium","M4",0.0355470180511475,FALSE,FALSE
"MRPC","CSq",1156,150,"medium","M0.1",0.0248291492462158,FALSE,FALSE
"MRPC","CSq",1157,150,"medium","M1.1",0.0369770526885986,FALSE,FALSE
"MRPC","CSq",1158,150,"medium","M2.1",0.0201919078826904,FALSE,FALSE
"MRPC","CSq",1159,150,"medium","M3",0.0309820175170898,FALSE,FALSE
"MRPC","CSq",1160,150,"medium","M4",0.0174908638000488,FALSE,FALSE
"MRPC","CSq",1161,300,"medium","M0.1",0.266597032546997,FALSE,FALSE
"MRPC","CSq",1162,300,"medium","M1.1",0.313125133514404,FALSE,FALSE
"MRPC","CSq",1163,300,"medium","M2.1",0.181466102600098,FALSE,FALSE
"MRPC","CSq",1164,300,"medium","M3",0.63115406036377,FALSE,FALSE
"MRPC","CSq",1165,300,"medium","M4",4.20830798149109,FALSE,FALSE
"MRPC","CSq",1176,50,"large","M0.1",0.0549509525299072,FALSE,FALSE
"MRPC","CSq",1177,50,"large","M1.1",0.0471909046173096,FALSE,FALSE
"MRPC","CSq",1178,50,"large","M2.1",0.0332989692687988,FALSE,FALSE
"MRPC","CSq",1179,50,"large","M3",0.0248019695281982,FALSE,FALSE
"MRPC","CSq",1180,50,"large","M4",0.0305788516998291,FALSE,FALSE
"MRPC","CSq",1181,150,"large","M0.1",0.0188400745391846,FALSE,FALSE
"MRPC","CSq",1182,150,"large","M1.1",0.0220119953155518,FALSE,FALSE
"MRPC","CSq",1183,150,"large","M2.1",0.0243740081787109,FALSE,FALSE
"MRPC","CSq",1184,150,"large","M3",0.0158150196075439,FALSE,FALSE
"MRPC","CSq",1185,150,"large","M4",0.0147371292114258,FALSE,FALSE
"MRPC","CSq",1186,300,"large","M0.1",0.524445056915283,FALSE,FALSE
"MRPC","CSq",1187,300,"large","M1.1",2.3022940158844,FALSE,FALSE
"MRPC","CSq",1188,300,"large","M2.1",4.58416080474854,FALSE,FALSE
"MRPC","CSq",1189,300,"large","M3",0.148165941238403,FALSE,FALSE
"MRPC","CSq",1190,300,"large","M4",0.180737018585205,FALSE,FALSE
"MRPC","CSq",1201,50,"small","M0.1",0.0802228450775146,FALSE,FALSE
"MRPC","CSq",1202,50,"small","M1.1",0.0389130115509033,FALSE,FALSE
"MRPC","CSq",1203,50,"small","M2.1",0.0167508125305176,FALSE,FALSE
"MRPC","CSq",1204,50,"small","M3",0.0439989566802979,FALSE,FALSE
"MRPC","CSq",1205,50,"small","M4",0.0167269706726074,FALSE,FALSE
"MRPC","CSq",1206,150,"small","M0.1",0.0217280387878418,FALSE,FALSE
"MRPC","CSq",1207,150,"small","M1.1",0.017380952835083,FALSE,FALSE
"MRPC","CSq",1208,150,"small","M2.1",0.0218460559844971,FALSE,FALSE
"MRPC","CSq",1209,150,"small","M3",0.0203390121459961,FALSE,FALSE
"MRPC","CSq",1210,150,"small","M4",0.0229361057281494,FALSE,FALSE
"MRPC","CSq",1211,300,"small","M0.1",0.169212818145752,FALSE,FALSE
"MRPC","CSq",1212,300,"small","M1.1",0.162878036499023,FALSE,FALSE
"MRPC","CSq",1213,300,"small","M2.1",0.267680883407593,FALSE,FALSE
"MRPC","CSq",1214,300,"small","M3",0.105654001235962,FALSE,FALSE
"MRPC","CSq",1215,300,"small","M4",0.140449047088623,FALSE,FALSE
"MRPC","CSq",1226,50,"medium","M0.1",0.0172991752624512,FALSE,FALSE
"MRPC","CSq",1227,50,"medium","M1.1",0.0234780311584473,FALSE,FALSE
"MRPC","CSq",1228,50,"medium","M2.1",0.0195770263671875,FALSE,FALSE
"MRPC","CSq",1229,50,"medium","M3",0.0224831104278564,FALSE,FALSE
"MRPC","CSq",1230,50,"medium","M4",0.0215749740600586,FALSE,FALSE
"MRPC","CSq",1231,150,"medium","M0.1",0.0220551490783691,FALSE,FALSE
"MRPC","CSq",1232,150,"medium","M1.1",0.0403978824615479,FALSE,FALSE
"MRPC","CSq",1233,150,"medium","M2.1",0.0211570262908936,FALSE,FALSE
"MRPC","CSq",1234,150,"medium","M3",0.0196170806884766,FALSE,FALSE
"MRPC","CSq",1235,150,"medium","M4",0.0169041156768799,FALSE,FALSE
"MRPC","CSq",1236,300,"medium","M0.1",0.358964920043945,FALSE,FALSE
"MRPC","CSq",1237,300,"medium","M1.1",0.13717794418335,FALSE,FALSE
"MRPC","CSq",1238,300,"medium","M2.1",0.321912050247192,FALSE,FALSE
"MRPC","CSq",1239,300,"medium","M3",0.171730041503906,FALSE,FALSE
"MRPC","CSq",1240,300,"medium","M4",0.180851936340332,FALSE,FALSE
"MRPC","CSq",1251,50,"large","M0.1",0.0250930786132812,FALSE,FALSE
"MRPC","CSq",1252,50,"large","M1.1",0.0361430644989014,FALSE,FALSE
"MRPC","CSq",1253,50,"large","M2.1",0.0258529186248779,FALSE,FALSE
"MRPC","CSq",1254,50,"large","M3",0.0714099407196045,FALSE,FALSE
"MRPC","CSq",1255,50,"large","M4",0.0317399501800537,FALSE,FALSE
"MRPC","CSq",1256,150,"large","M0.1",0.0221450328826904,FALSE,FALSE
"MRPC","CSq",1257,150,"large","M1.1",0.0161890983581543,FALSE,FALSE
"MRPC","CSq",1258,150,"large","M2.1",0.013901948928833,FALSE,FALSE
"MRPC","CSq",1259,150,"large","M3",0.036229133605957,FALSE,FALSE
"MRPC","CSq",1260,150,"large","M4",0.0190870761871338,FALSE,FALSE
"MRPC","CSq",1261,300,"large","M0.1",0.0378239154815674,FALSE,FALSE
"MRPC","CSq",1262,300,"large","M1.1",0.0339789390563965,FALSE,FALSE
"MRPC","CSq",1263,300,"large","M2.1",0.18847393989563,FALSE,FALSE
"MRPC","CSq",1264,300,"large","M3",0.332594156265259,FALSE,FALSE
"MRPC","CSq",1265,300,"large","M4",0.0513370037078857,FALSE,FALSE
"MRPC","CSq",1276,50,"small","M0.1",0.0236868858337402,FALSE,FALSE
"MRPC","CSq",1277,50,"small","M1.1",0.0321810245513916,FALSE,FALSE
"MRPC","CSq",1278,50,"small","M2.1",0.0183439254760742,FALSE,FALSE
"MRPC","CSq",1279,50,"small","M3",0.0286109447479248,FALSE,FALSE
"MRPC","CSq",1280,50,"small","M4",0.0295350551605225,FALSE,FALSE
"MRPC","CSq",1281,150,"small","M0.1",0.0187549591064453,FALSE,FALSE
"MRPC","CSq",1282,150,"small","M1.1",0.0274620056152344,FALSE,FALSE
"MRPC","CSq",1283,150,"small","M2.1",0.0215208530426025,FALSE,FALSE
"MRPC","CSq",1284,150,"small","M3",0.011948823928833,FALSE,FALSE
"MRPC","CSq",1285,150,"small","M4",0.0365188121795654,FALSE,FALSE
"MRPC","CSq",1286,300,"small","M0.1",0.0748138427734375,FALSE,FALSE
"MRPC","CSq",1287,300,"small","M1.1",0.204378128051758,FALSE,FALSE
"MRPC","CSq",1288,300,"small","M2.1",0.19749116897583,FALSE,FALSE
"MRPC","CSq",1289,300,"small","M3",0.114660978317261,FALSE,FALSE
"MRPC","CSq",1290,300,"small","M4",0.0897431373596191,FALSE,FALSE
"MRPC","CSq",1301,50,"medium","M0.1",0.0254621505737305,FALSE,FALSE
"MRPC","CSq",1302,50,"medium","M1.1",0.0518410205841064,FALSE,FALSE
"MRPC","CSq",1303,50,"medium","M2.1",0.0268800258636475,FALSE,FALSE
"MRPC","CSq",1304,50,"medium","M3",0.051426887512207,FALSE,FALSE
"MRPC","CSq",1305,50,"medium","M4",0.0280909538269043,FALSE,FALSE
"MRPC","CSq",1306,150,"medium","M0.1",0.0265748500823975,FALSE,FALSE
"MRPC","CSq",1307,150,"medium","M1.1",0.0168919563293457,FALSE,FALSE
"MRPC","CSq",1308,150,"medium","M2.1",0.0174610614776611,FALSE,FALSE
"MRPC","CSq",1309,150,"medium","M3",0.0294420719146729,FALSE,FALSE
"MRPC","CSq",1310,150,"medium","M4",0.0180327892303467,FALSE,FALSE
"MRPC","CSq",1311,300,"medium","M0.1",0.249377012252808,FALSE,FALSE
"MRPC","CSq",1312,300,"medium","M1.1",0.0549080371856689,FALSE,FALSE
"MRPC","CSq",1313,300,"medium","M2.1",0.420578002929688,FALSE,FALSE
"MRPC","CSq",1314,300,"medium","M3",0.133885860443115,FALSE,FALSE
"MRPC","CSq",1315,300,"medium","M4",0.338558912277222,FALSE,FALSE
"MRPC","CSq",1326,50,"large","M0.1",0.0223860740661621,FALSE,FALSE
"MRPC","CSq",1327,50,"large","M1.1",0.0278568267822266,FALSE,FALSE
"MRPC","CSq",1328,50,"large","M2.1",0.0212481021881104,FALSE,FALSE
"MRPC","CSq",1329,50,"large","M3",0.0215950012207031,FALSE,FALSE
"MRPC","CSq",1330,50,"large","M4",0.0218479633331299,FALSE,FALSE
"MRPC","CSq",1331,150,"large","M0.1",0.0186350345611572,FALSE,FALSE
"MRPC","CSq",1332,150,"large","M1.1",0.0270700454711914,FALSE,FALSE
"MRPC","CSq",1333,150,"large","M2.1",0.0215268135070801,FALSE,FALSE
"MRPC","CSq",1334,150,"large","M3",0.0191769599914551,FALSE,FALSE
"MRPC","CSq",1335,150,"large","M4",0.0323939323425293,FALSE,FALSE
"MRPC","CSq",1336,300,"large","M0.1",0.143308877944946,FALSE,FALSE
"MRPC","CSq",1337,300,"large","M1.1",0.231139898300171,FALSE,FALSE
"MRPC","CSq",1338,300,"large","M2.1",0.264039039611816,FALSE,FALSE
"MRPC","CSq",1339,300,"large","M3",0.516207933425903,FALSE,FALSE
"MRPC","CSq",1340,300,"large","M4",0.110682010650635,FALSE,FALSE
"MRPC","CSq",1351,50,"small","M0.1",0.0162718296051025,FALSE,FALSE
"MRPC","CSq",1352,50,"small","M1.1",0.0218541622161865,FALSE,FALSE
"MRPC","CSq",1353,50,"small","M2.1",0.0394601821899414,FALSE,FALSE
"MRPC","CSq",1354,50,"small","M3",0.0221700668334961,FALSE,FALSE
"MRPC","CSq",1355,50,"small","M4",0.0321600437164307,FALSE,FALSE
"MRPC","CSq",1356,150,"small","M0.1",0.0230939388275146,FALSE,FALSE
"MRPC","CSq",1357,150,"small","M1.1",0.0186870098114014,FALSE,FALSE
"MRPC","CSq",1358,150,"small","M2.1",0.0142412185668945,FALSE,FALSE
"MRPC","CSq",1359,150,"small","M3",0.0188729763031006,FALSE,FALSE
"MRPC","CSq",1360,150,"small","M4",0.0133349895477295,FALSE,FALSE
"MRPC","CSq",1361,300,"small","M0.1",0.0898230075836182,FALSE,FALSE
"MRPC","CSq",1362,300,"small","M1.1",0.057420015335083,FALSE,FALSE
"MRPC","CSq",1363,300,"small","M2.1",0.092771053314209,FALSE,FALSE
"MRPC","CSq",1364,300,"small","M3",0.132242918014526,FALSE,FALSE
"MRPC","CSq",1365,300,"small","M4",0.0477960109710693,FALSE,FALSE
"MRPC","CSq",1376,50,"medium","M0.1",0.121722936630249,FALSE,FALSE
"MRPC","CSq",1377,50,"medium","M1.1",0.0222601890563965,FALSE,FALSE
"MRPC","CSq",1378,50,"medium","M2.1",0.0334770679473877,FALSE,FALSE
"MRPC","CSq",1379,50,"medium","M3",0.0232470035552979,FALSE,FALSE
"MRPC","CSq",1380,50,"medium","M4",0.0250990390777588,FALSE,FALSE
"MRPC","CSq",1381,150,"medium","M0.1",0.0229849815368652,FALSE,FALSE
"MRPC","CSq",1382,150,"medium","M1.1",0.0121760368347168,FALSE,FALSE
"MRPC","CSq",1383,150,"medium","M2.1",0.0224549770355225,FALSE,FALSE
"MRPC","CSq",1384,150,"medium","M3",0.0178902149200439,FALSE,FALSE
"MRPC","CSq",1385,150,"medium","M4",0.0152268409729004,FALSE,FALSE
"MRPC","CSq",1386,300,"medium","M0.1",0.115156888961792,FALSE,FALSE
"MRPC","CSq",1387,300,"medium","M1.1",0.149300098419189,FALSE,FALSE
"MRPC","CSq",1388,300,"medium","M2.1",0.58698296546936,FALSE,FALSE
"MRPC","CSq",1389,300,"medium","M3",0.153241157531738,FALSE,FALSE
"MRPC","CSq",1390,300,"medium","M4",0.190918922424316,FALSE,FALSE
"MRPC","CSq",1401,50,"large","M0.1",0.0306980609893799,FALSE,FALSE
"MRPC","CSq",1402,50,"large","M1.1",0.0495200157165527,FALSE,FALSE
"MRPC","CSq",1403,50,"large","M2.1",0.038801908493042,FALSE,FALSE
"MRPC","CSq",1404,50,"large","M3",0.0251538753509521,FALSE,FALSE
"MRPC","CSq",1405,50,"large","M4",0.0271849632263184,FALSE,FALSE
"MRPC","CSq",1406,150,"large","M0.1",0.0226140022277832,FALSE,FALSE
"MRPC","CSq",1407,150,"large","M1.1",0.0195040702819824,FALSE,FALSE
"MRPC","CSq",1408,150,"large","M2.1",0.0194711685180664,FALSE,FALSE
"MRPC","CSq",1409,150,"large","M3",0.0254850387573242,FALSE,FALSE
"MRPC","CSq",1410,150,"large","M4",0.0201079845428467,FALSE,FALSE
"MRPC","CSq",1411,300,"large","M0.1",2.2562460899353,FALSE,FALSE
"MRPC","CSq",1412,300,"large","M1.1",0.210278034210205,FALSE,FALSE
"MRPC","CSq",1413,300,"large","M2.1",0.0729231834411621,FALSE,FALSE
"MRPC","CSq",1414,300,"large","M3",0.0343320369720459,FALSE,FALSE
"MRPC","CSq",1415,300,"large","M4",0.0296111106872559,FALSE,FALSE
"MRPC","CSq",1426,50,"small","M0.1",0.0254189968109131,FALSE,FALSE
"MRPC","CSq",1427,50,"small","M1.1",0.0182349681854248,FALSE,FALSE
"MRPC","CSq",1428,50,"small","M2.1",0.0180208683013916,FALSE,FALSE
"MRPC","CSq",1429,50,"small","M3",0.0223739147186279,FALSE,FALSE
"MRPC","CSq",1430,50,"small","M4",0.0172200202941895,FALSE,FALSE
"MRPC","CSq",1431,150,"small","M0.1",0.0152409076690674,FALSE,FALSE
"MRPC","CSq",1432,150,"small","M1.1",0.0297460556030273,FALSE,FALSE
"MRPC","CSq",1433,150,"small","M2.1",0.0243937969207764,FALSE,FALSE
"MRPC","CSq",1434,150,"small","M3",0.0210859775543213,FALSE,FALSE
"MRPC","CSq",1435,150,"small","M4",0.0283708572387695,FALSE,FALSE
"MRPC","CSq",1436,300,"small","M0.1",2.90717506408691,FALSE,FALSE
"MRPC","CSq",1437,300,"small","M1.1",0.114845037460327,FALSE,FALSE
"MRPC","CSq",1438,300,"small","M2.1",0.0452539920806885,FALSE,FALSE
"MRPC","CSq",1439,300,"small","M3",0.461061000823975,FALSE,FALSE
"MRPC","CSq",1440,300,"small","M4",0.0772490501403809,FALSE,FALSE
"MRPC","CSq",1451,50,"medium","M0.1",0.0201020240783691,FALSE,FALSE
"MRPC","CSq",1452,50,"medium","M1.1",0.138895034790039,FALSE,FALSE
"MRPC","CSq",1453,50,"medium","M2.1",0.114551782608032,FALSE,FALSE
"MRPC","CSq",1454,50,"medium","M3",0.170026063919067,FALSE,FALSE
"MRPC","CSq",1455,50,"medium","M4",0.151492118835449,FALSE,FALSE
"MRPC","CSq",1456,150,"medium","M0.1",0.0346410274505615,FALSE,FALSE
"MRPC","CSq",1457,150,"medium","M1.1",0.0238759517669678,FALSE,FALSE
"MRPC","CSq",1458,150,"medium","M2.1",0.0218830108642578,FALSE,FALSE
"MRPC","CSq",1459,150,"medium","M3",0.0191159248352051,FALSE,FALSE
"MRPC","CSq",1460,150,"medium","M4",0.0280039310455322,FALSE,FALSE
"MRPC","CSq",1461,300,"medium","M0.1",0.136982202529907,FALSE,FALSE
"MRPC","CSq",1462,300,"medium","M1.1",0.845278024673462,FALSE,FALSE
"MRPC","CSq",1463,300,"medium","M2.1",0.126301050186157,FALSE,FALSE
"MRPC","CSq",1464,300,"medium","M3",0.0760960578918457,FALSE,FALSE
"MRPC","CSq",1465,300,"medium","M4",0.0335679054260254,FALSE,FALSE
"MRPC","CSq",1476,50,"large","M0.1",0.154712915420532,FALSE,FALSE
"MRPC","CSq",1477,50,"large","M1.1",0.118889093399048,FALSE,FALSE
"MRPC","CSq",1478,50,"large","M2.1",0.144538879394531,FALSE,FALSE
"MRPC","CSq",1479,50,"large","M3",0.121824979782104,FALSE,FALSE
"MRPC","CSq",1480,50,"large","M4",0.101464986801147,FALSE,FALSE
"MRPC","CSq",1481,150,"large","M0.1",0.0123529434204102,FALSE,FALSE
"MRPC","CSq",1482,150,"large","M1.1",0.0218541622161865,FALSE,FALSE
"MRPC","CSq",1483,150,"large","M2.1",0.0298440456390381,FALSE,FALSE
"MRPC","CSq",1484,150,"large","M3",0.0209300518035889,FALSE,FALSE
"MRPC","CSq",1485,150,"large","M4",0.00986909866333008,FALSE,FALSE
"MRPC","CSq",1486,300,"large","M0.1",0.312989950180054,FALSE,FALSE
"MRPC","CSq",1487,300,"large","M1.1",0.0321860313415527,FALSE,FALSE
"MRPC","CSq",1488,300,"large","M2.1",0.056934118270874,FALSE,FALSE
"MRPC","CSq",1489,300,"large","M3",0.106661081314087,FALSE,FALSE
"MRPC","CSq",1490,300,"large","M4",0.114181995391846,FALSE,FALSE
"GMAC","selected",1,50,"small","M0.1",0.645324945449829,FALSE,FALSE
"GMAC","selected",2,50,"small","M1.1",0.466159105300903,FALSE,FALSE
"GMAC","selected",3,50,"small","M2.1",0.565623998641968,FALSE,FALSE
"GMAC","selected",4,50,"small","M3",0.499565839767456,FALSE,FALSE
"GMAC","selected",5,50,"small","M4",0.384675025939941,FALSE,FALSE
"GMAC","selected",6,150,"small","M0.1",0.82575511932373,FALSE,FALSE
"GMAC","selected",7,150,"small","M1.1",0.641294002532959,FALSE,FALSE
"GMAC","selected",8,150,"small","M2.1",0.700650930404663,FALSE,FALSE
"GMAC","selected",9,150,"small","M3",0.632766008377075,FALSE,FALSE
"GMAC","selected",10,150,"small","M4",0.404443979263306,FALSE,FALSE
"GMAC","selected",11,300,"small","M0.1",0.676757097244263,FALSE,FALSE
"GMAC","selected",12,300,"small","M1.1",1.04441404342651,FALSE,FALSE
"GMAC","selected",13,300,"small","M2.1",0.478225946426392,FALSE,FALSE
"GMAC","selected",14,300,"small","M3",0.898496150970459,FALSE,FALSE
"GMAC","selected",15,300,"small","M4",0.638651132583618,FALSE,FALSE
"GMAC","selected",16,670,"small","M0.1",2.47745203971863,FALSE,FALSE
"GMAC","selected",17,670,"small","M1.1",3.0992648601532,FALSE,FALSE
"GMAC","selected",18,670,"small","M2.1",0.670235872268677,FALSE,FALSE
"GMAC","selected",19,670,"small","M3",2.10930514335632,FALSE,FALSE
"GMAC","selected",20,670,"small","M4",2.69548106193542,FALSE,FALSE
"GMAC","selected",21,1000,"small","M0.1",4.9032871723175,FALSE,FALSE
"GMAC","selected",22,1000,"small","M1.1",4.65204000473022,FALSE,FALSE
"GMAC","selected",23,1000,"small","M2.1",1.76133489608765,FALSE,FALSE
"GMAC","selected",24,1000,"small","M3",5.73243594169617,FALSE,FALSE
"GMAC","selected",25,1000,"small","M4",1.63255286216736,FALSE,FALSE
"GMAC","selected",26,50,"medium","M0.1",0.384411096572876,FALSE,FALSE
"GMAC","selected",27,50,"medium","M1.1",0.53511905670166,FALSE,FALSE
"GMAC","selected",28,50,"medium","M2.1",0.457458972930908,FALSE,FALSE
"GMAC","selected",29,50,"medium","M3",0.482147932052612,FALSE,FALSE
"GMAC","selected",30,50,"medium","M4",0.345388889312744,FALSE,FALSE
"GMAC","selected",31,150,"medium","M0.1",0.713252067565918,FALSE,FALSE
"GMAC","selected",32,150,"medium","M1.1",0.703147172927856,FALSE,FALSE
"GMAC","selected",33,150,"medium","M2.1",0.66451096534729,FALSE,FALSE
"GMAC","selected",34,150,"medium","M3",0.639198064804077,FALSE,FALSE
"GMAC","selected",35,150,"medium","M4",0.54148006439209,FALSE,FALSE
"GMAC","selected",36,300,"medium","M0.1",0.529431104660034,FALSE,FALSE
"GMAC","selected",37,300,"medium","M1.1",0.711284875869751,FALSE,FALSE
"GMAC","selected",38,300,"medium","M2.1",0.844147920608521,FALSE,FALSE
"GMAC","selected",39,300,"medium","M3",0.461835145950317,FALSE,FALSE
"GMAC","selected",40,300,"medium","M4",0.861793994903564,FALSE,FALSE
"GMAC","selected",41,670,"medium","M0.1",2.47983288764954,FALSE,FALSE
"GMAC","selected",42,670,"medium","M1.1",2.95117592811584,FALSE,FALSE
"GMAC","selected",43,670,"medium","M2.1",3.91358399391174,FALSE,FALSE
"GMAC","selected",44,670,"medium","M3",8.47001791000366,FALSE,FALSE
"GMAC","selected",45,670,"medium","M4",3.28712105751038,FALSE,FALSE
"GMAC","selected",46,1000,"medium","M0.1",3.98363900184631,FALSE,FALSE
"GMAC","selected",47,1000,"medium","M1.1",3.66632699966431,FALSE,FALSE
"GMAC","selected",48,1000,"medium","M2.1",3.04262280464172,FALSE,FALSE
"GMAC","selected",49,1000,"medium","M3",3.3997790813446,FALSE,FALSE
"GMAC","selected",50,1000,"medium","M4",3.02014088630676,FALSE,FALSE
"GMAC","selected",51,50,"large","M0.1",0.475219011306763,FALSE,FALSE
"GMAC","selected",52,50,"large","M1.1",0.440158128738403,FALSE,FALSE
"GMAC","selected",53,50,"large","M2.1",0.737547874450684,FALSE,FALSE
"GMAC","selected",54,50,"large","M3",0.41248893737793,FALSE,FALSE
"GMAC","selected",55,50,"large","M4",0.383034944534302,FALSE,FALSE
"GMAC","selected",56,150,"large","M0.1",0.642596006393433,FALSE,FALSE
"GMAC","selected",57,150,"large","M1.1",0.616737842559814,FALSE,FALSE
"GMAC","selected",58,150,"large","M2.1",0.51029896736145,FALSE,FALSE
"GMAC","selected",59,150,"large","M3",0.573061943054199,FALSE,FALSE
"GMAC","selected",60,150,"large","M4",0.604450941085815,FALSE,FALSE
"GMAC","selected",61,300,"large","M0.1",0.920264005661011,FALSE,FALSE
"GMAC","selected",62,300,"large","M1.1",0.546173095703125,FALSE,FALSE
"GMAC","selected",63,300,"large","M2.1",0.519579887390137,FALSE,FALSE
"GMAC","selected",64,300,"large","M3",0.32125997543335,FALSE,FALSE
"GMAC","selected",65,300,"large","M4",0.519211769104004,FALSE,FALSE
"GMAC","selected",66,670,"large","M0.1",3.7071168422699,FALSE,FALSE
"GMAC","selected",67,670,"large","M1.1",1.15283799171448,FALSE,FALSE
"GMAC","selected",68,670,"large","M2.1",1.18524098396301,FALSE,FALSE
"GMAC","selected",69,670,"large","M3",1.52677011489868,FALSE,FALSE
"GMAC","selected",70,670,"large","M4",2.4355800151825,FALSE,FALSE
"GMAC","selected",71,1000,"large","M0.1",1.31079602241516,FALSE,FALSE
"GMAC","selected",72,1000,"large","M1.1",2.26275992393494,FALSE,FALSE
"GMAC","selected",73,1000,"large","M2.1",6.50899314880371,FALSE,FALSE
"GMAC","selected",74,1000,"large","M3",1.80303382873535,FALSE,FALSE
"GMAC","selected",75,1000,"large","M4",5.58166790008545,FALSE,FALSE
"GMAC","selected",76,50,"small","M0.1",0.357323884963989,FALSE,FALSE
"GMAC","selected",77,50,"small","M1.1",0.337906122207642,FALSE,FALSE
"GMAC","selected",78,50,"small","M2.1",0.453003168106079,FALSE,FALSE
"GMAC","selected",79,50,"small","M3",0.484033823013306,FALSE,FALSE
"GMAC","selected",80,50,"small","M4",0.483937978744507,FALSE,FALSE
"GMAC","selected",81,150,"small","M0.1",0.908056020736694,FALSE,FALSE
"GMAC","selected",82,150,"small","M1.1",0.699131011962891,FALSE,FALSE
"GMAC","selected",83,150,"small","M2.1",0.580127000808716,FALSE,FALSE
"GMAC","selected",84,150,"small","M3",0.734331846237183,FALSE,FALSE
"GMAC","selected",85,150,"small","M4",0.722645998001099,FALSE,FALSE
"GMAC","selected",86,300,"small","M0.1",0.720561981201172,FALSE,FALSE
"GMAC","selected",87,300,"small","M1.1",0.91046404838562,FALSE,FALSE
"GMAC","selected",88,300,"small","M2.1",0.793351173400879,FALSE,FALSE
"GMAC","selected",89,300,"small","M3",0.543226003646851,FALSE,FALSE
"GMAC","selected",90,300,"small","M4",1.20905303955078,FALSE,FALSE
"GMAC","selected",91,670,"small","M0.1",1.6264808177948,FALSE,FALSE
"GMAC","selected",92,670,"small","M1.1",1.13926720619202,FALSE,FALSE
"GMAC","selected",93,670,"small","M2.1",1.15862107276917,FALSE,FALSE
"GMAC","selected",94,670,"small","M3",1.56019592285156,FALSE,FALSE
"GMAC","selected",95,670,"small","M4",3.69241714477539,FALSE,FALSE
"GMAC","selected",96,1000,"small","M0.1",4.6504340171814,FALSE,FALSE
"GMAC","selected",97,1000,"small","M1.1",1.340665102005,FALSE,FALSE
"GMAC","selected",98,1000,"small","M2.1",4.30816888809204,FALSE,FALSE
"GMAC","selected",99,1000,"small","M3",4.355633020401,FALSE,FALSE
"GMAC","selected",100,1000,"small","M4",5.17661094665527,FALSE,FALSE
"GMAC","selected",101,50,"medium","M0.1",0.406568050384521,FALSE,FALSE
"GMAC","selected",102,50,"medium","M1.1",0.414134979248047,FALSE,FALSE
"GMAC","selected",103,50,"medium","M2.1",0.522788047790527,FALSE,FALSE
"GMAC","selected",104,50,"medium","M3",0.385693073272705,FALSE,FALSE
"GMAC","selected",105,50,"medium","M4",0.465992212295532,FALSE,FALSE
"GMAC","selected",106,150,"medium","M0.1",0.633380889892578,FALSE,FALSE
"GMAC","selected",107,150,"medium","M1.1",0.690909862518311,FALSE,FALSE
"GMAC","selected",108,150,"medium","M2.1",0.754001140594482,FALSE,FALSE
"GMAC","selected",109,150,"medium","M3",0.661859035491943,FALSE,FALSE
"GMAC","selected",110,150,"medium","M4",0.707910060882568,FALSE,FALSE
"GMAC","selected",111,300,"medium","M0.1",0.78606104850769,FALSE,FALSE
"GMAC","selected",112,300,"medium","M1.1",0.768856048583984,FALSE,FALSE
"GMAC","selected",113,300,"medium","M2.1",0.58663010597229,FALSE,FALSE
"GMAC","selected",114,300,"medium","M3",0.918220996856689,FALSE,FALSE
"GMAC","selected",115,300,"medium","M4",0.637534856796265,FALSE,FALSE
"GMAC","selected",116,670,"medium","M0.1",1.67286014556885,FALSE,FALSE
"GMAC","selected",117,670,"medium","M1.1",1.26198792457581,FALSE,FALSE
"GMAC","selected",118,670,"medium","M2.1",1.41839289665222,FALSE,FALSE
"GMAC","selected",119,670,"medium","M3",2.62239480018616,FALSE,FALSE
"GMAC","selected",120,670,"medium","M4",5.75847005844116,FALSE,FALSE
"GMAC","selected",121,1000,"medium","M0.1",4.17911982536316,FALSE,FALSE
"GMAC","selected",122,1000,"medium","M1.1",2.83158493041992,FALSE,FALSE
"GMAC","selected",123,1000,"medium","M2.1",3.12252497673035,FALSE,FALSE
"GMAC","selected",124,1000,"medium","M3",2.17130899429321,FALSE,FALSE
"GMAC","selected",125,1000,"medium","M4",1.0898289680481,FALSE,FALSE
"GMAC","selected",126,50,"large","M0.1",0.389827013015747,FALSE,FALSE
"GMAC","selected",127,50,"large","M1.1",0.395443916320801,FALSE,FALSE
"GMAC","selected",128,50,"large","M2.1",0.455760955810547,FALSE,FALSE
"GMAC","selected",129,50,"large","M3",0.421527862548828,FALSE,FALSE
"GMAC","selected",130,50,"large","M4",0.394813776016235,FALSE,FALSE
"GMAC","selected",131,150,"large","M0.1",0.518815040588379,FALSE,FALSE
"GMAC","selected",132,150,"large","M1.1",0.654766082763672,FALSE,FALSE
"GMAC","selected",133,150,"large","M2.1",0.833667039871216,FALSE,FALSE
"GMAC","selected",134,150,"large","M3",0.557722091674805,FALSE,FALSE
"GMAC","selected",135,150,"large","M4",0.437869787216187,FALSE,FALSE
"GMAC","selected",136,300,"large","M0.1",0.777835130691528,FALSE,FALSE
"GMAC","selected",137,300,"large","M1.1",0.71068811416626,FALSE,FALSE
"GMAC","selected",138,300,"large","M2.1",0.890501022338867,FALSE,FALSE
"GMAC","selected",139,300,"large","M3",0.586225986480713,FALSE,FALSE
"GMAC","selected",140,300,"large","M4",0.973206043243408,FALSE,FALSE
"GMAC","selected",141,670,"large","M0.1",7.49954700469971,FALSE,FALSE
"GMAC","selected",142,670,"large","M1.1",2.96331596374512,FALSE,FALSE
"GMAC","selected",143,670,"large","M2.1",2.92949509620667,FALSE,FALSE
"GMAC","selected",144,670,"large","M3",4.31024885177612,FALSE,FALSE
"GMAC","selected",145,670,"large","M4",4.39840507507324,FALSE,FALSE
"GMAC","selected",146,1000,"large","M0.1",3.46184587478638,FALSE,FALSE
"GMAC","selected",147,1000,"large","M1.1",2.28227686882019,FALSE,FALSE
"GMAC","selected",148,1000,"large","M2.1",1.54051113128662,FALSE,FALSE
"GMAC","selected",149,1000,"large","M3",3.10391306877136,FALSE,FALSE
"GMAC","selected",150,1000,"large","M4",3.81225514411926,FALSE,FALSE
"GMAC","selected",151,50,"small","M0.1",0.426323175430298,FALSE,FALSE
"GMAC","selected",152,50,"small","M1.1",0.426866054534912,FALSE,FALSE
"GMAC","selected",153,50,"small","M2.1",0.428579092025757,FALSE,FALSE
"GMAC","selected",154,50,"small","M3",0.449442863464355,FALSE,FALSE
"GMAC","selected",155,50,"small","M4",0.402061939239502,FALSE,FALSE
"GMAC","selected",156,150,"small","M0.1",0.577497005462646,FALSE,FALSE
"GMAC","selected",157,150,"small","M1.1",0.561099052429199,FALSE,FALSE
"GMAC","selected",158,150,"small","M2.1",0.655999898910522,FALSE,FALSE
"GMAC","selected",159,150,"small","M3",0.624925851821899,FALSE,FALSE
"GMAC","selected",160,150,"small","M4",0.511206865310669,FALSE,FALSE
"GMAC","selected",161,300,"small","M0.1",0.643306016921997,FALSE,FALSE
"GMAC","selected",162,300,"small","M1.1",0.647655010223389,FALSE,FALSE
"GMAC","selected",163,300,"small","M2.1",0.675741195678711,FALSE,FALSE
"GMAC","selected",164,300,"small","M3",0.869359970092773,FALSE,FALSE
"GMAC","selected",165,300,"small","M4",0.630495071411133,FALSE,FALSE
"GMAC","selected",166,670,"small","M0.1",3.2945671081543,FALSE,FALSE
"GMAC","selected",167,670,"small","M1.1",4.68483996391296,FALSE,FALSE
"GMAC","selected",168,670,"small","M2.1",4.96232795715332,FALSE,FALSE
"GMAC","selected",169,670,"small","M3",6.26965379714966,FALSE,FALSE
"GMAC","selected",170,670,"small","M4",5.45347714424133,FALSE,FALSE
"GMAC","selected",171,1000,"small","M0.1",1.52576208114624,FALSE,FALSE
"GMAC","selected",172,1000,"small","M1.1",3.43695592880249,FALSE,FALSE
"GMAC","selected",173,1000,"small","M2.1",2.76112103462219,FALSE,FALSE
"GMAC","selected",174,1000,"small","M3",1.7158739566803,FALSE,FALSE
"GMAC","selected",175,1000,"small","M4",2.98228883743286,FALSE,FALSE
"GMAC","selected",176,50,"medium","M0.1",0.45398998260498,FALSE,FALSE
"GMAC","selected",177,50,"medium","M1.1",0.410549163818359,FALSE,FALSE
"GMAC","selected",178,50,"medium","M2.1",0.46655797958374,FALSE,FALSE
"GMAC","selected",179,50,"medium","M3",0.402236938476562,FALSE,FALSE
"GMAC","selected",180,50,"medium","M4",0.420148134231567,FALSE,FALSE
"GMAC","selected",181,150,"medium","M0.1",0.551630973815918,FALSE,FALSE
"GMAC","selected",182,150,"medium","M1.1",0.539135932922363,FALSE,FALSE
"GMAC","selected",183,150,"medium","M2.1",0.701079130172729,FALSE,FALSE
"GMAC","selected",184,150,"medium","M3",0.531721115112305,FALSE,FALSE
"GMAC","selected",185,150,"medium","M4",0.80671501159668,FALSE,FALSE
"GMAC","selected",186,300,"medium","M0.1",0.682345151901245,FALSE,FALSE
"GMAC","selected",187,300,"medium","M1.1",0.884453058242798,FALSE,FALSE
"GMAC","selected",188,300,"medium","M2.1",0.885951042175293,FALSE,FALSE
"GMAC","selected",189,300,"medium","M3",0.761702060699463,FALSE,FALSE
"GMAC","selected",190,300,"medium","M4",0.566238164901733,FALSE,FALSE
"GMAC","selected",191,670,"medium","M0.1",2.23603391647339,FALSE,FALSE
"GMAC","selected",192,670,"medium","M1.1",3.46242380142212,FALSE,FALSE
"GMAC","selected",193,670,"medium","M2.1",2.45890808105469,FALSE,FALSE
"GMAC","selected",194,670,"medium","M3",2.14595580101013,FALSE,FALSE
"GMAC","selected",195,670,"medium","M4",2.88110399246216,FALSE,FALSE
"GMAC","selected",196,1000,"medium","M0.1",5.01651191711426,FALSE,FALSE
"GMAC","selected",197,1000,"medium","M1.1",1.93301796913147,FALSE,FALSE
"GMAC","selected",198,1000,"medium","M2.1",1.70533490180969,FALSE,FALSE
"GMAC","selected",199,1000,"medium","M3",3.44409203529358,FALSE,FALSE
"GMAC","selected",200,1000,"medium","M4",5.08401417732239,FALSE,FALSE
"GMAC","selected",201,50,"large","M0.1",0.315227031707764,FALSE,FALSE
"GMAC","selected",202,50,"large","M1.1",0.432018995285034,FALSE,FALSE
"GMAC","selected",203,50,"large","M2.1",0.400647878646851,FALSE,FALSE
"GMAC","selected",204,50,"large","M3",0.477810144424438,FALSE,FALSE
"GMAC","selected",205,50,"large","M4",0.449560880661011,FALSE,FALSE
"GMAC","selected",206,150,"large","M0.1",0.553074836730957,FALSE,FALSE
"GMAC","selected",207,150,"large","M1.1",0.452949047088623,FALSE,FALSE
"GMAC","selected",208,150,"large","M2.1",0.570848941802979,FALSE,FALSE
"GMAC","selected",209,150,"large","M3",0.649661064147949,FALSE,FALSE
"GMAC","selected",210,150,"large","M4",0.676167964935303,FALSE,FALSE
"GMAC","selected",211,300,"large","M0.1",0.828126907348633,FALSE,FALSE
"GMAC","selected",212,300,"large","M1.1",0.983537912368774,FALSE,FALSE
"GMAC","selected",213,300,"large","M2.1",1.00905299186707,FALSE,FALSE
"GMAC","selected",214,300,"large","M3",0.515490055084229,FALSE,FALSE
"GMAC","selected",215,300,"large","M4",0.77373194694519,FALSE,FALSE
"GMAC","selected",216,670,"large","M0.1",2.07437801361084,FALSE,FALSE
"GMAC","selected",217,670,"large","M1.1",1.54129695892334,FALSE,FALSE
"GMAC","selected",218,670,"large","M2.1",2.51466202735901,FALSE,FALSE
"GMAC","selected",219,670,"large","M3",1.11764693260193,FALSE,FALSE
"GMAC","selected",220,670,"large","M4",2.23160195350647,FALSE,FALSE
"GMAC","selected",221,1000,"large","M0.1",2.4349639415741,FALSE,FALSE
"GMAC","selected",222,1000,"large","M1.1",4.55527782440186,FALSE,FALSE
"GMAC","selected",223,1000,"large","M2.1",3.35025691986084,FALSE,FALSE
"GMAC","selected",224,1000,"large","M3",1.50158095359802,FALSE,FALSE
"GMAC","selected",225,1000,"large","M4",2.0710129737854,FALSE,FALSE
"GMAC","selected",226,50,"small","M0.1",0.36896014213562,FALSE,FALSE
"GMAC","selected",227,50,"small","M1.1",0.411365985870361,FALSE,FALSE
"GMAC","selected",228,50,"small","M2.1",0.477389097213745,FALSE,FALSE
"GMAC","selected",229,50,"small","M3",0.349830865859985,FALSE,FALSE
"GMAC","selected",230,50,"small","M4",0.411051034927368,FALSE,FALSE
"GMAC","selected",231,150,"small","M0.1",0.890511989593506,FALSE,FALSE
"GMAC","selected",232,150,"small","M1.1",0.501412868499756,FALSE,FALSE
"GMAC","selected",233,150,"small","M2.1",0.775711059570312,FALSE,FALSE
"GMAC","selected",234,150,"small","M3",0.644570827484131,FALSE,FALSE
"GMAC","selected",235,150,"small","M4",0.604975938796997,FALSE,FALSE
"GMAC","selected",236,300,"small","M0.1",0.902464866638184,FALSE,FALSE
"GMAC","selected",237,300,"small","M1.1",0.619630098342896,FALSE,FALSE
"GMAC","selected",238,300,"small","M2.1",0.869104146957397,FALSE,FALSE
"GMAC","selected",239,300,"small","M3",0.775620937347412,FALSE,FALSE
"GMAC","selected",240,300,"small","M4",0.832728862762451,FALSE,FALSE
"GMAC","selected",241,670,"small","M0.1",1.55533695220947,FALSE,FALSE
"GMAC","selected",242,670,"small","M1.1",2.84697580337524,FALSE,FALSE
"GMAC","selected",243,670,"small","M2.1",3.22838997840881,FALSE,FALSE
"GMAC","selected",244,670,"small","M3",3.38568902015686,FALSE,FALSE
"GMAC","selected",245,670,"small","M4",4.10397005081177,FALSE,FALSE
"GMAC","selected",246,1000,"small","M0.1",3.58317399024963,FALSE,FALSE
"GMAC","selected",247,1000,"small","M1.1",1.43127298355103,FALSE,FALSE
"GMAC","selected",248,1000,"small","M2.1",2.82741689682007,FALSE,FALSE
"GMAC","selected",249,1000,"small","M3",3.5686240196228,FALSE,FALSE
"GMAC","selected",250,1000,"small","M4",5.59689497947693,FALSE,FALSE
"GMAC","selected",251,50,"medium","M0.1",0.384760141372681,FALSE,FALSE
"GMAC","selected",252,50,"medium","M1.1",0.407855033874512,FALSE,FALSE
"GMAC","selected",253,50,"medium","M2.1",0.41085410118103,FALSE,FALSE
"GMAC","selected",254,50,"medium","M3",0.306084871292114,FALSE,FALSE
"GMAC","selected",255,50,"medium","M4",0.29254412651062,FALSE,FALSE
"GMAC","selected",256,150,"medium","M0.1",0.730669975280762,FALSE,FALSE
"GMAC","selected",257,150,"medium","M1.1",0.620384216308594,FALSE,FALSE
"GMAC","selected",258,150,"medium","M2.1",0.663143157958984,FALSE,FALSE
"GMAC","selected",259,150,"medium","M3",0.493181943893433,FALSE,FALSE
"GMAC","selected",260,150,"medium","M4",0.615252017974854,FALSE,FALSE
"GMAC","selected",261,300,"medium","M0.1",0.592649936676025,FALSE,FALSE
"GMAC","selected",262,300,"medium","M1.1",0.74950385093689,FALSE,FALSE
"GMAC","selected",263,300,"medium","M2.1",0.691119909286499,FALSE,FALSE
"GMAC","selected",264,300,"medium","M3",0.708476066589355,FALSE,FALSE
"GMAC","selected",265,300,"medium","M4",0.831801891326904,FALSE,FALSE
"GMAC","selected",266,670,"medium","M0.1",1.95825386047363,FALSE,FALSE
"GMAC","selected",267,670,"medium","M1.1",3.65618896484375,FALSE,FALSE
"GMAC","selected",268,670,"medium","M2.1",1.53842401504517,FALSE,FALSE
"GMAC","selected",269,670,"medium","M3",1.73295998573303,FALSE,FALSE
"GMAC","selected",270,670,"medium","M4",3.27927589416504,FALSE,FALSE
"GMAC","selected",271,1000,"medium","M0.1",2.07319402694702,FALSE,FALSE
"GMAC","selected",272,1000,"medium","M1.1",2.25523519515991,FALSE,FALSE
"GMAC","selected",273,1000,"medium","M2.1",3.91483497619629,FALSE,FALSE
"GMAC","selected",274,1000,"medium","M3",0.994384050369263,FALSE,FALSE
"GMAC","selected",275,1000,"medium","M4",3.64303803443909,FALSE,FALSE
"GMAC","selected",276,50,"large","M0.1",0.491777896881104,FALSE,FALSE
"GMAC","selected",277,50,"large","M1.1",0.441940784454346,FALSE,FALSE
"GMAC","selected",278,50,"large","M2.1",0.43784499168396,FALSE,FALSE
"GMAC","selected",279,50,"large","M3",0.429856061935425,FALSE,FALSE
"GMAC","selected",280,50,"large","M4",0.47311806678772,FALSE,FALSE
"GMAC","selected",281,150,"large","M0.1",0.641623020172119,FALSE,FALSE
"GMAC","selected",282,150,"large","M1.1",0.773262023925781,FALSE,FALSE
"GMAC","selected",283,150,"large","M2.1",0.819811105728149,FALSE,FALSE
"GMAC","selected",284,150,"large","M3",0.540850162506104,FALSE,FALSE
"GMAC","selected",285,150,"large","M4",0.486979007720947,FALSE,FALSE
"GMAC","selected",286,300,"large","M0.1",0.706794023513794,FALSE,FALSE
"GMAC","selected",287,300,"large","M1.1",0.576311826705933,FALSE,FALSE
"GMAC","selected",288,300,"large","M2.1",0.497247934341431,FALSE,FALSE
"GMAC","selected",289,300,"large","M3",0.845190048217773,FALSE,FALSE
"GMAC","selected",290,300,"large","M4",0.539168834686279,FALSE,FALSE
"GMAC","selected",291,670,"large","M0.1",2.67198705673218,FALSE,FALSE
"GMAC","selected",292,670,"large","M1.1",3.41315698623657,FALSE,FALSE
"GMAC","selected",293,670,"large","M2.1",3.02337193489075,FALSE,FALSE
"GMAC","selected",294,670,"large","M3",2.27775812149048,FALSE,FALSE
"GMAC","selected",295,670,"large","M4",3.27360081672668,FALSE,FALSE
"GMAC","selected",296,1000,"large","M0.1",3.65910601615906,FALSE,FALSE
"GMAC","selected",297,1000,"large","M1.1",3.50812387466431,FALSE,FALSE
"GMAC","selected",298,1000,"large","M2.1",1.95865607261658,FALSE,FALSE
"GMAC","selected",299,1000,"large","M3",3.00878000259399,FALSE,FALSE
"GMAC","selected",300,1000,"large","M4",1.43408203125,FALSE,FALSE
"GMAC","selected",301,50,"small","M0.1",0.428475141525269,FALSE,FALSE
"GMAC","selected",302,50,"small","M1.1",0.405377864837646,FALSE,FALSE
"GMAC","selected",303,50,"small","M2.1",0.366152048110962,FALSE,FALSE
"GMAC","selected",304,50,"small","M3",0.369882822036743,FALSE,FALSE
"GMAC","selected",305,50,"small","M4",0.6631920337677,FALSE,FALSE
"GMAC","selected",306,150,"small","M0.1",0.887995958328247,FALSE,FALSE
"GMAC","selected",307,150,"small","M1.1",0.529898166656494,FALSE,FALSE
"GMAC","selected",308,150,"small","M2.1",0.688023805618286,FALSE,FALSE
"GMAC","selected",309,150,"small","M3",0.578662872314453,FALSE,FALSE
"GMAC","selected",310,150,"small","M4",0.610958099365234,FALSE,FALSE
"GMAC","selected",311,300,"small","M0.1",0.638315200805664,FALSE,FALSE
"GMAC","selected",312,300,"small","M1.1",0.801246881484985,FALSE,FALSE
"GMAC","selected",313,300,"small","M2.1",0.911640167236328,FALSE,FALSE
"GMAC","selected",314,300,"small","M3",0.526955842971802,FALSE,FALSE
"GMAC","selected",315,300,"small","M4",0.804116010665894,FALSE,FALSE
"GMAC","selected",316,670,"small","M0.1",6.67746806144714,FALSE,FALSE
"GMAC","selected",317,670,"small","M1.1",6.1122739315033,FALSE,FALSE
"GMAC","selected",318,670,"small","M2.1",3.15890908241272,FALSE,FALSE
"GMAC","selected",319,670,"small","M3",7.18674802780151,FALSE,FALSE
"GMAC","selected",320,670,"small","M4",2.1540310382843,FALSE,FALSE
"GMAC","selected",321,1000,"small","M0.1",1.29037094116211,FALSE,FALSE
"GMAC","selected",322,1000,"small","M1.1",1.68957901000977,FALSE,FALSE
"GMAC","selected",323,1000,"small","M2.1",2.48985505104065,FALSE,FALSE
"GMAC","selected",324,1000,"small","M3",3.45218586921692,FALSE,FALSE
"GMAC","selected",325,1000,"small","M4",3.8367440700531,FALSE,FALSE
"GMAC","selected",326,50,"medium","M0.1",0.390295028686523,FALSE,FALSE
"GMAC","selected",327,50,"medium","M1.1",0.425597906112671,FALSE,FALSE
"GMAC","selected",328,50,"medium","M2.1",0.532043933868408,FALSE,FALSE
"GMAC","selected",329,50,"medium","M3",0.433894872665405,FALSE,FALSE
"GMAC","selected",330,50,"medium","M4",0.447204113006592,FALSE,FALSE
"GMAC","selected",331,150,"medium","M0.1",0.58484411239624,FALSE,FALSE
"GMAC","selected",332,150,"medium","M1.1",0.401507139205933,FALSE,FALSE
"GMAC","selected",333,150,"medium","M2.1",0.586634874343872,FALSE,FALSE
"GMAC","selected",334,150,"medium","M3",0.670685052871704,FALSE,FALSE
"GMAC","selected",335,150,"medium","M4",0.480188846588135,FALSE,FALSE
"GMAC","selected",336,300,"medium","M0.1",0.433802843093872,FALSE,FALSE
"GMAC","selected",337,300,"medium","M1.1",0.961664915084839,FALSE,FALSE
"GMAC","selected",338,300,"medium","M2.1",0.80556583404541,FALSE,FALSE
"GMAC","selected",339,300,"medium","M3",0.849400997161865,FALSE,FALSE
"GMAC","selected",340,300,"medium","M4",0.714277029037476,FALSE,FALSE
"GMAC","selected",341,670,"medium","M0.1",4.88620710372925,FALSE,FALSE
"GMAC","selected",342,670,"medium","M1.1",5.28122687339783,FALSE,FALSE
"GMAC","selected",343,670,"medium","M2.1",4.24042010307312,FALSE,FALSE
"GMAC","selected",344,670,"medium","M3",7.25553297996521,FALSE,FALSE
"GMAC","selected",345,670,"medium","M4",4.11563897132874,FALSE,FALSE
"GMAC","selected",346,1000,"medium","M0.1",0.988399982452393,FALSE,FALSE
"GMAC","selected",347,1000,"medium","M1.1",2.11448097229004,FALSE,FALSE
"GMAC","selected",348,1000,"medium","M2.1",5.35819315910339,FALSE,FALSE
"GMAC","selected",349,1000,"medium","M3",2.8551549911499,FALSE,FALSE
"GMAC","selected",350,1000,"medium","M4",2.1609570980072,FALSE,FALSE
"GMAC","selected",351,50,"large","M0.1",0.501741170883179,FALSE,FALSE
"GMAC","selected",352,50,"large","M1.1",0.470153093338013,FALSE,FALSE
"GMAC","selected",353,50,"large","M2.1",0.407418966293335,FALSE,FALSE
"GMAC","selected",354,50,"large","M3",0.413674116134644,FALSE,FALSE
"GMAC","selected",355,50,"large","M4",0.499744176864624,FALSE,FALSE
"GMAC","selected",356,150,"large","M0.1",0.581466913223267,FALSE,FALSE
"GMAC","selected",357,150,"large","M1.1",0.741542816162109,FALSE,FALSE
"GMAC","selected",358,150,"large","M2.1",0.963898897171021,FALSE,FALSE
"GMAC","selected",359,150,"large","M3",0.534564018249512,FALSE,FALSE
"GMAC","selected",360,150,"large","M4",0.561254024505615,FALSE,FALSE
"GMAC","selected",361,300,"large","M0.1",0.84597110748291,FALSE,FALSE
"GMAC","selected",362,300,"large","M1.1",0.51324200630188,FALSE,FALSE
"GMAC","selected",363,300,"large","M2.1",0.998619079589844,FALSE,FALSE
"GMAC","selected",364,300,"large","M3",0.719534158706665,FALSE,FALSE
"GMAC","selected",365,300,"large","M4",0.556783199310303,FALSE,FALSE
"GMAC","selected",366,670,"large","M0.1",8.13245606422424,FALSE,FALSE
"GMAC","selected",367,670,"large","M1.1",2.72703695297241,FALSE,FALSE
"GMAC","selected",368,670,"large","M2.1",2.98713183403015,FALSE,FALSE
"GMAC","selected",369,670,"large","M3",2.17193102836609,FALSE,FALSE
"GMAC","selected",370,670,"large","M4",2.67366123199463,FALSE,FALSE
"GMAC","selected",371,1000,"large","M0.1",3.37386298179626,FALSE,FALSE
"GMAC","selected",372,1000,"large","M1.1",2.75113010406494,FALSE,FALSE
"GMAC","selected",373,1000,"large","M2.1",4.47354698181152,FALSE,FALSE
"GMAC","selected",374,1000,"large","M3",0.99732494354248,FALSE,FALSE
"GMAC","selected",375,1000,"large","M4",3.99474596977234,FALSE,FALSE
"GMAC","selected",376,50,"small","M0.1",0.429991960525513,FALSE,FALSE
"GMAC","selected",377,50,"small","M1.1",0.442108869552612,FALSE,FALSE
"GMAC","selected",378,50,"small","M2.1",0.45024299621582,FALSE,FALSE
"GMAC","selected",379,50,"small","M3",0.408907890319824,FALSE,FALSE
"GMAC","selected",380,50,"small","M4",0.458545923233032,FALSE,FALSE
"GMAC","selected",381,150,"small","M0.1",0.903938055038452,FALSE,FALSE
"GMAC","selected",382,150,"small","M1.1",0.580394983291626,FALSE,FALSE
"GMAC","selected",383,150,"small","M2.1",0.634848833084106,FALSE,FALSE
"GMAC","selected",384,150,"small","M3",0.623731136322021,FALSE,FALSE
"GMAC","selected",385,150,"small","M4",0.842812061309814,FALSE,FALSE
"GMAC","selected",386,300,"small","M0.1",0.502147912979126,FALSE,FALSE
"GMAC","selected",387,300,"small","M1.1",0.448795080184937,FALSE,FALSE
"GMAC","selected",388,300,"small","M2.1",0.601071834564209,FALSE,FALSE
"GMAC","selected",389,300,"small","M3",0.708738088607788,FALSE,FALSE
"GMAC","selected",390,300,"small","M4",0.800518035888672,FALSE,FALSE
"GMAC","selected",391,670,"small","M0.1",4.43144822120667,FALSE,FALSE
"GMAC","selected",392,670,"small","M1.1",4.4987199306488,FALSE,FALSE
"GMAC","selected",393,670,"small","M2.1",2.56284093856812,FALSE,FALSE
"GMAC","selected",394,670,"small","M3",5.766685962677,FALSE,FALSE
"GMAC","selected",395,670,"small","M4",2.38006711006165,FALSE,FALSE
"GMAC","selected",396,1000,"small","M0.1",2.45331287384033,FALSE,FALSE
"GMAC","selected",397,1000,"small","M1.1",1.77277183532715,FALSE,FALSE
"GMAC","selected",398,1000,"small","M2.1",1.97340893745422,FALSE,FALSE
"GMAC","selected",399,1000,"small","M3",1.44897508621216,FALSE,FALSE
"GMAC","selected",400,1000,"small","M4",2.28035283088684,FALSE,FALSE
"GMAC","selected",401,50,"medium","M0.1",0.477803945541382,FALSE,FALSE
"GMAC","selected",402,50,"medium","M1.1",0.447092056274414,FALSE,FALSE
"GMAC","selected",403,50,"medium","M2.1",0.461225986480713,FALSE,FALSE
"GMAC","selected",404,50,"medium","M3",0.389343976974487,FALSE,FALSE
"GMAC","selected",405,50,"medium","M4",0.344038963317871,FALSE,FALSE
"GMAC","selected",406,150,"medium","M0.1",0.502532958984375,FALSE,FALSE
"GMAC","selected",407,150,"medium","M1.1",0.549525022506714,FALSE,FALSE
"GMAC","selected",408,150,"medium","M2.1",0.565118074417114,FALSE,FALSE
"GMAC","selected",409,150,"medium","M3",0.494168043136597,FALSE,FALSE
"GMAC","selected",410,150,"medium","M4",0.490653991699219,FALSE,FALSE
"GMAC","selected",411,300,"medium","M0.1",0.525924921035767,FALSE,FALSE
"GMAC","selected",412,300,"medium","M1.1",0.563330888748169,FALSE,FALSE
"GMAC","selected",413,300,"medium","M2.1",0.849291801452637,FALSE,FALSE
"GMAC","selected",414,300,"medium","M3",0.730516910552979,FALSE,FALSE
"GMAC","selected",415,300,"medium","M4",0.50085711479187,FALSE,FALSE
"GMAC","selected",416,670,"medium","M0.1",1.94334101676941,FALSE,FALSE
"GMAC","selected",417,670,"medium","M1.1",2.77251410484314,FALSE,FALSE
"GMAC","selected",418,670,"medium","M2.1",2.96925616264343,FALSE,FALSE
"GMAC","selected",419,670,"medium","M3",3.44063806533813,FALSE,FALSE
"GMAC","selected",420,670,"medium","M4",1.8896050453186,FALSE,FALSE
"GMAC","selected",421,1000,"medium","M0.1",1.18235301971436,FALSE,FALSE
"GMAC","selected",422,1000,"medium","M1.1",3.61012101173401,FALSE,FALSE
"GMAC","selected",423,1000,"medium","M2.1",1.71002602577209,FALSE,FALSE
"GMAC","selected",424,1000,"medium","M3",0.915688037872314,FALSE,FALSE
"GMAC","selected",425,1000,"medium","M4",1.01990914344788,FALSE,FALSE
"GMAC","selected",426,50,"large","M0.1",0.348665952682495,FALSE,FALSE
"GMAC","selected",427,50,"large","M1.1",0.447842836380005,FALSE,FALSE
"GMAC","selected",428,50,"large","M2.1",0.469954967498779,FALSE,FALSE
"GMAC","selected",429,50,"large","M3",0.479462146759033,FALSE,FALSE
"GMAC","selected",430,50,"large","M4",0.573306798934937,FALSE,FALSE
"GMAC","selected",431,150,"large","M0.1",0.393581867218018,FALSE,FALSE
"GMAC","selected",432,150,"large","M1.1",0.771468162536621,FALSE,FALSE
"GMAC","selected",433,150,"large","M2.1",0.63631796836853,FALSE,FALSE
"GMAC","selected",434,150,"large","M3",0.504313945770264,FALSE,FALSE
"GMAC","selected",435,150,"large","M4",0.441138982772827,FALSE,FALSE
"GMAC","selected",436,300,"large","M0.1",0.515532970428467,FALSE,FALSE
"GMAC","selected",437,300,"large","M1.1",0.598088979721069,FALSE,FALSE
"GMAC","selected",438,300,"large","M2.1",0.645503044128418,FALSE,FALSE
"GMAC","selected",439,300,"large","M3",0.741736173629761,FALSE,FALSE
"GMAC","selected",440,300,"large","M4",0.515219211578369,FALSE,FALSE
"GMAC","selected",441,670,"large","M0.1",2.29714298248291,FALSE,FALSE
"GMAC","selected",442,670,"large","M1.1",3.5820038318634,FALSE,FALSE
"GMAC","selected",443,670,"large","M2.1",3.96886396408081,FALSE,FALSE
"GMAC","selected",444,670,"large","M3",3.7030041217804,FALSE,FALSE
"GMAC","selected",445,670,"large","M4",1.09344387054443,FALSE,FALSE
"GMAC","selected",446,1000,"large","M0.1",1.56568694114685,FALSE,FALSE
"GMAC","selected",447,1000,"large","M1.1",3.78172302246094,FALSE,FALSE
"GMAC","selected",448,1000,"large","M2.1",3.29150295257568,FALSE,FALSE
"GMAC","selected",449,1000,"large","M3",2.14167714118958,FALSE,FALSE
"GMAC","selected",450,1000,"large","M4",4.4495701789856,FALSE,FALSE
"GMAC","selected",451,50,"small","M0.1",0.397403001785278,FALSE,FALSE
"GMAC","selected",452,50,"small","M1.1",0.447492837905884,FALSE,FALSE
"GMAC","selected",453,50,"small","M2.1",0.57024884223938,FALSE,FALSE
"GMAC","selected",454,50,"small","M3",0.356418132781982,FALSE,FALSE
"GMAC","selected",455,50,"small","M4",0.441040992736816,FALSE,FALSE
"GMAC","selected",456,150,"small","M0.1",0.671242952346802,FALSE,FALSE
"GMAC","selected",457,150,"small","M1.1",0.749738931655884,FALSE,FALSE
"GMAC","selected",458,150,"small","M2.1",0.602602005004883,FALSE,FALSE
"GMAC","selected",459,150,"small","M3",0.757927179336548,FALSE,FALSE
"GMAC","selected",460,150,"small","M4",0.618458986282349,FALSE,FALSE
"GMAC","selected",461,300,"small","M0.1",0.797411918640137,FALSE,FALSE
"GMAC","selected",462,300,"small","M1.1",0.836380004882812,FALSE,FALSE
"GMAC","selected",463,300,"small","M2.1",0.65957498550415,FALSE,FALSE
"GMAC","selected",464,300,"small","M3",0.801600933074951,FALSE,FALSE
"GMAC","selected",465,300,"small","M4",0.656126022338867,FALSE,FALSE
"GMAC","selected",466,670,"small","M0.1",2.59228897094727,FALSE,FALSE
"GMAC","selected",467,670,"small","M1.1",3.67540693283081,FALSE,FALSE
"GMAC","selected",468,670,"small","M2.1",8.55934715270996,FALSE,FALSE
"GMAC","selected",469,670,"small","M3",2.47316312789917,FALSE,FALSE
"GMAC","selected",470,670,"small","M4",3.96390008926392,FALSE,FALSE
"GMAC","selected",471,1000,"small","M0.1",1.30424904823303,FALSE,FALSE
"GMAC","selected",472,1000,"small","M1.1",4.52781796455383,FALSE,FALSE
"GMAC","selected",473,1000,"small","M2.1",2.8457818031311,FALSE,FALSE
"GMAC","selected",474,1000,"small","M3",1.053631067276,FALSE,FALSE
"GMAC","selected",475,1000,"small","M4",1.50710391998291,FALSE,FALSE
"GMAC","selected",476,50,"medium","M0.1",0.410619020462036,FALSE,FALSE
"GMAC","selected",477,50,"medium","M1.1",0.440237998962402,FALSE,FALSE
"GMAC","selected",478,50,"medium","M2.1",0.48505711555481,FALSE,FALSE
"GMAC","selected",479,50,"medium","M3",0.492207050323486,FALSE,FALSE
"GMAC","selected",480,50,"medium","M4",0.525751829147339,FALSE,FALSE
"GMAC","selected",481,150,"medium","M0.1",0.55298900604248,FALSE,FALSE
"GMAC","selected",482,150,"medium","M1.1",0.611087083816528,FALSE,FALSE
"GMAC","selected",483,150,"medium","M2.1",0.629130840301514,FALSE,FALSE
"GMAC","selected",484,150,"medium","M3",0.465823173522949,FALSE,FALSE
"GMAC","selected",485,150,"medium","M4",0.677405834197998,FALSE,FALSE
"GMAC","selected",486,300,"medium","M0.1",0.536396026611328,FALSE,FALSE
"GMAC","selected",487,300,"medium","M1.1",0.677808046340942,FALSE,FALSE
"GMAC","selected",488,300,"medium","M2.1",0.993229150772095,FALSE,FALSE
"GMAC","selected",489,300,"medium","M3",0.95536994934082,FALSE,FALSE
"GMAC","selected",490,300,"medium","M4",0.817153930664062,FALSE,FALSE
"GMAC","selected",491,670,"medium","M0.1",3.52520895004272,FALSE,FALSE
"GMAC","selected",492,670,"medium","M1.1",6.87219190597534,FALSE,FALSE
"GMAC","selected",493,670,"medium","M2.1",5.19774508476257,FALSE,FALSE
"GMAC","selected",494,670,"medium","M3",4.64986205101013,FALSE,FALSE
"GMAC","selected",495,670,"medium","M4",6.87187719345093,FALSE,FALSE
"GMAC","selected",496,1000,"medium","M0.1",1.41287112236023,FALSE,FALSE
"GMAC","selected",497,1000,"medium","M1.1",1.21446490287781,FALSE,FALSE
"GMAC","selected",498,1000,"medium","M2.1",0.901599884033203,FALSE,FALSE
"GMAC","selected",499,1000,"medium","M3",0.606418132781982,FALSE,FALSE
"GMAC","selected",500,1000,"medium","M4",1.45009589195251,FALSE,FALSE
"GMAC","selected",501,50,"large","M0.1",0.445060968399048,FALSE,FALSE
"GMAC","selected",502,50,"large","M1.1",0.500634908676147,FALSE,FALSE
"GMAC","selected",503,50,"large","M2.1",0.437797069549561,FALSE,FALSE
"GMAC","selected",504,50,"large","M3",0.498354911804199,FALSE,FALSE
"GMAC","selected",505,50,"large","M4",0.429517984390259,FALSE,FALSE
"GMAC","selected",506,150,"large","M0.1",0.725222110748291,FALSE,FALSE
"GMAC","selected",507,150,"large","M1.1",0.736692190170288,FALSE,FALSE
"GMAC","selected",508,150,"large","M2.1",0.643069982528687,FALSE,FALSE
"GMAC","selected",509,150,"large","M3",0.607588052749634,FALSE,FALSE
"GMAC","selected",510,150,"large","M4",0.520754098892212,FALSE,FALSE
"GMAC","selected",511,300,"large","M0.1",0.957657098770142,FALSE,FALSE
"GMAC","selected",512,300,"large","M1.1",0.826813936233521,FALSE,FALSE
"GMAC","selected",513,300,"large","M2.1",0.639052152633667,FALSE,FALSE
"GMAC","selected",514,300,"large","M3",0.883631944656372,FALSE,FALSE
"GMAC","selected",515,300,"large","M4",0.697400093078613,FALSE,FALSE
"GMAC","selected",516,670,"large","M0.1",2.56594586372375,FALSE,FALSE
"GMAC","selected",517,670,"large","M1.1",6.23992705345154,FALSE,FALSE
"GMAC","selected",518,670,"large","M2.1",5.88459706306458,FALSE,FALSE
"GMAC","selected",519,670,"large","M3",3.13656687736511,FALSE,FALSE
"GMAC","selected",520,670,"large","M4",2.6503849029541,FALSE,FALSE
"GMAC","selected",521,1000,"large","M0.1",4.56764602661133,FALSE,FALSE
"GMAC","selected",522,1000,"large","M1.1",0.770512104034424,FALSE,FALSE
"GMAC","selected",523,1000,"large","M2.1",0.89702296257019,FALSE,FALSE
"GMAC","selected",524,1000,"large","M3",3.97219014167786,FALSE,FALSE
"GMAC","selected",525,1000,"large","M4",2.12345695495605,FALSE,FALSE
"GMAC","selected",526,50,"small","M0.1",0.558966875076294,FALSE,FALSE
"GMAC","selected",527,50,"small","M1.1",0.440518140792847,FALSE,FALSE
"GMAC","selected",528,50,"small","M2.1",0.462522029876709,FALSE,FALSE
"GMAC","selected",529,50,"small","M3",0.522892951965332,FALSE,FALSE
"GMAC","selected",530,50,"small","M4",0.505648136138916,FALSE,FALSE
"GMAC","selected",531,150,"small","M0.1",0.687103033065796,FALSE,FALSE
"GMAC","selected",532,150,"small","M1.1",0.585258960723877,FALSE,FALSE
"GMAC","selected",533,150,"small","M2.1",0.563155889511108,FALSE,FALSE
"GMAC","selected",534,150,"small","M3",0.787447929382324,FALSE,FALSE
"GMAC","selected",535,150,"small","M4",0.762094020843506,FALSE,FALSE
"GMAC","selected",536,300,"small","M0.1",0.777224063873291,FALSE,FALSE
"GMAC","selected",537,300,"small","M1.1",0.513917922973633,FALSE,FALSE
"GMAC","selected",538,300,"small","M2.1",0.591232061386108,FALSE,FALSE
"GMAC","selected",539,300,"small","M3",0.638041973114014,FALSE,FALSE
"GMAC","selected",540,300,"small","M4",0.607704162597656,FALSE,FALSE
"GMAC","selected",541,670,"small","M0.1",4.67025804519653,FALSE,FALSE
"GMAC","selected",542,670,"small","M1.1",4.44516897201538,FALSE,FALSE
"GMAC","selected",543,670,"small","M2.1",3.14931702613831,FALSE,FALSE
"GMAC","selected",544,670,"small","M3",4.75272512435913,FALSE,FALSE
"GMAC","selected",545,670,"small","M4",3.60270380973816,FALSE,FALSE
"GMAC","selected",546,1000,"small","M0.1",1.99856805801392,FALSE,FALSE
"GMAC","selected",547,1000,"small","M1.1",5.7354109287262,FALSE,FALSE
"GMAC","selected",548,1000,"small","M2.1",3.89945006370544,FALSE,FALSE
"GMAC","selected",549,1000,"small","M3",2.05031514167786,FALSE,FALSE
"GMAC","selected",550,1000,"small","M4",3.97425889968872,FALSE,FALSE
"GMAC","selected",551,50,"medium","M0.1",0.418467044830322,FALSE,FALSE
"GMAC","selected",552,50,"medium","M1.1",0.408884048461914,FALSE,FALSE
"GMAC","selected",553,50,"medium","M2.1",0.276702880859375,FALSE,FALSE
"GMAC","selected",554,50,"medium","M3",0.466663122177124,FALSE,FALSE
"GMAC","selected",555,50,"medium","M4",0.489740133285522,FALSE,FALSE
"GMAC","selected",556,150,"medium","M0.1",0.581303834915161,FALSE,FALSE
"GMAC","selected",557,150,"medium","M1.1",0.687335968017578,FALSE,FALSE
"GMAC","selected",558,150,"medium","M2.1",0.549230813980103,FALSE,FALSE
"GMAC","selected",559,150,"medium","M3",0.551723003387451,FALSE,FALSE
"GMAC","selected",560,150,"medium","M4",0.704890966415405,FALSE,FALSE
"GMAC","selected",561,300,"medium","M0.1",0.915520906448364,FALSE,FALSE
"GMAC","selected",562,300,"medium","M1.1",0.868352174758911,FALSE,FALSE
"GMAC","selected",563,300,"medium","M2.1",0.669214010238647,FALSE,FALSE
"GMAC","selected",564,300,"medium","M3",0.803248167037964,FALSE,FALSE
"GMAC","selected",565,300,"medium","M4",0.505246877670288,FALSE,FALSE
"GMAC","selected",566,670,"medium","M0.1",1.98399806022644,FALSE,FALSE
"GMAC","selected",567,670,"medium","M1.1",2.32563710212708,FALSE,FALSE
"GMAC","selected",568,670,"medium","M2.1",3.24194693565369,FALSE,FALSE
"GMAC","selected",569,670,"medium","M3",2.1514298915863,FALSE,FALSE
"GMAC","selected",570,670,"medium","M4",1.59198784828186,FALSE,FALSE
"GMAC","selected",571,1000,"medium","M0.1",3.86096692085266,FALSE,FALSE
"GMAC","selected",572,1000,"medium","M1.1",2.77032995223999,FALSE,FALSE
"GMAC","selected",573,1000,"medium","M2.1",1.71016311645508,FALSE,FALSE
"GMAC","selected",574,1000,"medium","M3",1.36766791343689,FALSE,FALSE
"GMAC","selected",575,1000,"medium","M4",2.01262998580933,FALSE,FALSE
"GMAC","selected",576,50,"large","M0.1",0.452425003051758,FALSE,FALSE
"GMAC","selected",577,50,"large","M1.1",0.605660915374756,FALSE,FALSE
"GMAC","selected",578,50,"large","M2.1",0.402350187301636,FALSE,FALSE
"GMAC","selected",579,50,"large","M3",0.394520998001099,FALSE,FALSE
"GMAC","selected",580,50,"large","M4",0.403598070144653,FALSE,FALSE
"GMAC","selected",581,150,"large","M0.1",0.819470882415771,FALSE,FALSE
"GMAC","selected",582,150,"large","M1.1",0.835400819778442,FALSE,FALSE
"GMAC","selected",583,150,"large","M2.1",0.681930065155029,FALSE,FALSE
"GMAC","selected",584,150,"large","M3",0.573915004730225,FALSE,FALSE
"GMAC","selected",585,150,"large","M4",0.901099920272827,FALSE,FALSE
"GMAC","selected",586,300,"large","M0.1",0.684173822402954,FALSE,FALSE
"GMAC","selected",587,300,"large","M1.1",0.670154094696045,FALSE,FALSE
"GMAC","selected",588,300,"large","M2.1",0.807101964950562,FALSE,FALSE
"GMAC","selected",589,300,"large","M3",0.719722032546997,FALSE,FALSE
"GMAC","selected",590,300,"large","M4",0.750674962997437,FALSE,FALSE
"GMAC","selected",591,670,"large","M0.1",2.56167316436768,FALSE,FALSE
"GMAC","selected",592,670,"large","M1.1",1.69353485107422,FALSE,FALSE
"GMAC","selected",593,670,"large","M2.1",2.38200092315674,FALSE,FALSE
"GMAC","selected",594,670,"large","M3",2.57105803489685,FALSE,FALSE
"GMAC","selected",595,670,"large","M4",2.68368101119995,FALSE,FALSE
"GMAC","selected",596,1000,"large","M0.1",1.33811378479004,FALSE,FALSE
"GMAC","selected",597,1000,"large","M1.1",4.6048378944397,FALSE,FALSE
"GMAC","selected",598,1000,"large","M2.1",2.1804530620575,FALSE,FALSE
"GMAC","selected",599,1000,"large","M3",5.29754090309143,FALSE,FALSE
"GMAC","selected",600,1000,"large","M4",5.26364398002625,FALSE,FALSE
"GMAC","selected",601,50,"small","M0.1",0.342772960662842,FALSE,FALSE
"GMAC","selected",602,50,"small","M1.1",0.429758071899414,FALSE,FALSE
"GMAC","selected",603,50,"small","M2.1",0.387521982192993,FALSE,FALSE
"GMAC","selected",604,50,"small","M3",0.383405208587646,FALSE,FALSE
"GMAC","selected",605,50,"small","M4",0.524358034133911,FALSE,FALSE
"GMAC","selected",606,150,"small","M0.1",0.616153955459595,FALSE,FALSE
"GMAC","selected",607,150,"small","M1.1",0.54792308807373,FALSE,FALSE
"GMAC","selected",608,150,"small","M2.1",0.500180959701538,FALSE,FALSE
"GMAC","selected",609,150,"small","M3",0.71832013130188,FALSE,FALSE
"GMAC","selected",610,150,"small","M4",0.63492488861084,FALSE,FALSE
"GMAC","selected",611,300,"small","M0.1",0.805804014205933,FALSE,FALSE
"GMAC","selected",612,300,"small","M1.1",0.765966176986694,FALSE,FALSE
"GMAC","selected",613,300,"small","M2.1",0.881264925003052,FALSE,FALSE
"GMAC","selected",614,300,"small","M3",0.800468921661377,FALSE,FALSE
"GMAC","selected",615,300,"small","M4",0.57874608039856,FALSE,FALSE
"GMAC","selected",616,670,"small","M0.1",2.72378706932068,FALSE,FALSE
"GMAC","selected",617,670,"small","M1.1",1.86980581283569,FALSE,FALSE
"GMAC","selected",618,670,"small","M2.1",4.33750009536743,FALSE,FALSE
"GMAC","selected",619,670,"small","M3",2.50162792205811,FALSE,FALSE
"GMAC","selected",620,670,"small","M4",6.44178986549377,FALSE,FALSE
"GMAC","selected",621,1000,"small","M0.1",4.74662804603577,FALSE,FALSE
"GMAC","selected",622,1000,"small","M1.1",3.98967099189758,FALSE,FALSE
"GMAC","selected",623,1000,"small","M2.1",2.02062702178955,FALSE,FALSE
"GMAC","selected",624,1000,"small","M3",3.12795615196228,FALSE,FALSE
"GMAC","selected",625,1000,"small","M4",1.6488208770752,FALSE,FALSE
"GMAC","selected",626,50,"medium","M0.1",0.475066900253296,FALSE,FALSE
"GMAC","selected",627,50,"medium","M1.1",0.449985027313232,FALSE,FALSE
"GMAC","selected",628,50,"medium","M2.1",0.519051074981689,FALSE,FALSE
"GMAC","selected",629,50,"medium","M3",0.368522882461548,FALSE,FALSE
"GMAC","selected",630,50,"medium","M4",0.457946062088013,FALSE,FALSE
"GMAC","selected",631,150,"medium","M0.1",0.607503890991211,FALSE,FALSE
"GMAC","selected",632,150,"medium","M1.1",0.495296955108643,FALSE,FALSE
"GMAC","selected",633,150,"medium","M2.1",0.696374893188477,FALSE,FALSE
"GMAC","selected",634,150,"medium","M3",0.728097915649414,FALSE,FALSE
"GMAC","selected",635,150,"medium","M4",0.812390804290771,FALSE,FALSE
"GMAC","selected",636,300,"medium","M0.1",0.316498994827271,FALSE,FALSE
"GMAC","selected",637,300,"medium","M1.1",0.795229911804199,FALSE,FALSE
"GMAC","selected",638,300,"medium","M2.1",0.767425060272217,FALSE,FALSE
"GMAC","selected",639,300,"medium","M3",0.811640024185181,FALSE,FALSE
"GMAC","selected",640,300,"medium","M4",0.906396865844727,FALSE,FALSE
"GMAC","selected",641,670,"medium","M0.1",6.78600311279297,FALSE,FALSE
"GMAC","selected",642,670,"medium","M1.1",3.82437515258789,FALSE,FALSE
"GMAC","selected",643,670,"medium","M2.1",7.81167793273926,FALSE,FALSE
"GMAC","selected",644,670,"medium","M3",10.7576088905334,FALSE,FALSE
"GMAC","selected",645,670,"medium","M4",2.64945888519287,FALSE,FALSE
"GMAC","selected",646,1000,"medium","M0.1",3.00411319732666,FALSE,FALSE
"GMAC","selected",647,1000,"medium","M1.1",1.02974700927734,FALSE,FALSE
"GMAC","selected",648,1000,"medium","M2.1",2.34131908416748,FALSE,FALSE
"GMAC","selected",649,1000,"medium","M3",2.12336492538452,FALSE,FALSE
"GMAC","selected",650,1000,"medium","M4",2.09064412117004,FALSE,FALSE
"GMAC","selected",651,50,"large","M0.1",0.519505023956299,FALSE,FALSE
"GMAC","selected",652,50,"large","M1.1",0.52668285369873,FALSE,FALSE
"GMAC","selected",653,50,"large","M2.1",0.436275959014893,FALSE,FALSE
"GMAC","selected",654,50,"large","M3",0.464647054672241,FALSE,FALSE
"GMAC","selected",655,50,"large","M4",0.468092203140259,FALSE,FALSE
"GMAC","selected",656,150,"large","M0.1",0.53314208984375,FALSE,FALSE
"GMAC","selected",657,150,"large","M1.1",0.402419090270996,FALSE,FALSE
"GMAC","selected",658,150,"large","M2.1",0.32410192489624,FALSE,FALSE
"GMAC","selected",659,150,"large","M3",0.472114086151123,FALSE,FALSE
"GMAC","selected",660,150,"large","M4",0.754035949707031,FALSE,FALSE
"GMAC","selected",661,300,"large","M0.1",0.880245208740234,FALSE,FALSE
"GMAC","selected",662,300,"large","M1.1",0.773079872131348,FALSE,FALSE
"GMAC","selected",663,300,"large","M2.1",1.11784315109253,FALSE,FALSE
"GMAC","selected",664,300,"large","M3",0.601294994354248,FALSE,FALSE
"GMAC","selected",665,300,"large","M4",0.898417949676514,FALSE,FALSE
"GMAC","selected",666,670,"large","M0.1",3.9768590927124,FALSE,FALSE
"GMAC","selected",667,670,"large","M1.1",7.43744277954102,FALSE,FALSE
"GMAC","selected",668,670,"large","M2.1",4.32148790359497,FALSE,FALSE
"GMAC","selected",669,670,"large","M3",3.2734739780426,FALSE,FALSE
"GMAC","selected",670,670,"large","M4",3.32760405540466,FALSE,FALSE
"GMAC","selected",671,1000,"large","M0.1",2.12661385536194,FALSE,FALSE
"GMAC","selected",672,1000,"large","M1.1",1.27134609222412,FALSE,FALSE
"GMAC","selected",673,1000,"large","M2.1",2.92973494529724,FALSE,FALSE
"GMAC","selected",674,1000,"large","M3",2.93040800094604,FALSE,FALSE
"GMAC","selected",675,1000,"large","M4",3.39211797714233,FALSE,FALSE
"GMAC","selected",676,50,"small","M0.1",0.519397974014282,FALSE,FALSE
"GMAC","selected",677,50,"small","M1.1",0.397271156311035,FALSE,FALSE
"GMAC","selected",678,50,"small","M2.1",0.408010005950928,FALSE,FALSE
"GMAC","selected",679,50,"small","M3",0.496292114257812,FALSE,FALSE
"GMAC","selected",680,50,"small","M4",0.597687005996704,FALSE,FALSE
"GMAC","selected",681,150,"small","M0.1",0.702246904373169,FALSE,FALSE
"GMAC","selected",682,150,"small","M1.1",0.503364086151123,FALSE,FALSE
"GMAC","selected",683,150,"small","M2.1",0.488380908966064,FALSE,FALSE
"GMAC","selected",684,150,"small","M3",0.666790008544922,FALSE,FALSE
"GMAC","selected",685,150,"small","M4",0.509681940078735,FALSE,FALSE
"GMAC","selected",686,300,"small","M0.1",0.654451847076416,FALSE,FALSE
"GMAC","selected",687,300,"small","M1.1",0.697936058044434,FALSE,FALSE
"GMAC","selected",688,300,"small","M2.1",0.689249038696289,FALSE,FALSE
"GMAC","selected",689,300,"small","M3",1.1030969619751,FALSE,FALSE
"GMAC","selected",690,300,"small","M4",0.935893058776855,FALSE,FALSE
"GMAC","selected",691,670,"small","M0.1",4.14787197113037,FALSE,FALSE
"GMAC","selected",692,670,"small","M1.1",1.55369997024536,FALSE,FALSE
"GMAC","selected",693,670,"small","M2.1",4.22946691513062,FALSE,FALSE
"GMAC","selected",694,670,"small","M3",2.49506306648254,FALSE,FALSE
"GMAC","selected",695,670,"small","M4",3.11776304244995,FALSE,FALSE
"GMAC","selected",696,1000,"small","M0.1",2.25773406028748,FALSE,FALSE
"GMAC","selected",697,1000,"small","M1.1",1.9135057926178,FALSE,FALSE
"GMAC","selected",698,1000,"small","M2.1",1.64404797554016,FALSE,FALSE
"GMAC","selected",699,1000,"small","M3",4.0755410194397,FALSE,FALSE
"GMAC","selected",700,1000,"small","M4",3.5608229637146,FALSE,FALSE
"GMAC","selected",701,50,"medium","M0.1",0.447772979736328,FALSE,FALSE
"GMAC","selected",702,50,"medium","M1.1",0.39087700843811,FALSE,FALSE
"GMAC","selected",703,50,"medium","M2.1",0.496219158172607,FALSE,FALSE
"GMAC","selected",704,50,"medium","M3",0.420819997787476,FALSE,FALSE
"GMAC","selected",705,50,"medium","M4",0.446658849716187,FALSE,FALSE
"GMAC","selected",706,150,"medium","M0.1",0.693063020706177,FALSE,FALSE
"GMAC","selected",707,150,"medium","M1.1",0.471519947052002,FALSE,FALSE
"GMAC","selected",708,150,"medium","M2.1",0.699597835540771,FALSE,FALSE
"GMAC","selected",709,150,"medium","M3",0.515399932861328,FALSE,FALSE
"GMAC","selected",710,150,"medium","M4",0.569515943527222,FALSE,FALSE
"GMAC","selected",711,300,"medium","M0.1",0.882642030715942,FALSE,FALSE
"GMAC","selected",712,300,"medium","M1.1",0.81665301322937,FALSE,FALSE
"GMAC","selected",713,300,"medium","M2.1",0.831755876541138,FALSE,FALSE
"GMAC","selected",714,300,"medium","M3",0.95832896232605,FALSE,FALSE
"GMAC","selected",715,300,"medium","M4",0.489080905914307,FALSE,FALSE
"GMAC","selected",716,670,"medium","M0.1",2.5715639591217,FALSE,FALSE
"GMAC","selected",717,670,"medium","M1.1",3.77048802375793,FALSE,FALSE
"GMAC","selected",718,670,"medium","M2.1",2.19071102142334,FALSE,FALSE
"GMAC","selected",719,670,"medium","M3",4.8265700340271,FALSE,FALSE
"GMAC","selected",720,670,"medium","M4",3.19406914710999,FALSE,FALSE
"GMAC","selected",721,1000,"medium","M0.1",3.06996393203735,FALSE,FALSE
"GMAC","selected",722,1000,"medium","M1.1",2.93623304367065,FALSE,FALSE
"GMAC","selected",723,1000,"medium","M2.1",2.61457705497742,FALSE,FALSE
"GMAC","selected",724,1000,"medium","M3",1.1465311050415,FALSE,FALSE
"GMAC","selected",725,1000,"medium","M4",4.37308979034424,FALSE,FALSE
"GMAC","selected",726,50,"large","M0.1",0.473078966140747,FALSE,FALSE
"GMAC","selected",727,50,"large","M1.1",0.586890935897827,FALSE,FALSE
"GMAC","selected",728,50,"large","M2.1",0.45916485786438,FALSE,FALSE
"GMAC","selected",729,50,"large","M3",0.486707925796509,FALSE,FALSE
"GMAC","selected",730,50,"large","M4",0.642628908157349,FALSE,FALSE
"GMAC","selected",731,150,"large","M0.1",0.613937854766846,FALSE,FALSE
"GMAC","selected",732,150,"large","M1.1",0.757446050643921,FALSE,FALSE
"GMAC","selected",733,150,"large","M2.1",0.747853994369507,FALSE,FALSE
"GMAC","selected",734,150,"large","M3",0.784193992614746,FALSE,FALSE
"GMAC","selected",735,150,"large","M4",0.787436008453369,FALSE,FALSE
"GMAC","selected",736,300,"large","M0.1",0.639652967453003,FALSE,FALSE
"GMAC","selected",737,300,"large","M1.1",1.04046702384949,FALSE,FALSE
"GMAC","selected",738,300,"large","M2.1",0.740260124206543,FALSE,FALSE
"GMAC","selected",739,300,"large","M3",0.69871711730957,FALSE,FALSE
"GMAC","selected",740,300,"large","M4",0.651211977005005,FALSE,FALSE
"GMAC","selected",741,670,"large","M0.1",2.24908590316772,FALSE,FALSE
"GMAC","selected",742,670,"large","M1.1",2.88832902908325,FALSE,FALSE
"GMAC","selected",743,670,"large","M2.1",3.44784092903137,FALSE,FALSE
"GMAC","selected",744,670,"large","M3",2.40783309936523,FALSE,FALSE
"GMAC","selected",745,670,"large","M4",3.30471801757812,FALSE,FALSE
"GMAC","selected",746,1000,"large","M0.1",2.13499808311462,FALSE,FALSE
"GMAC","selected",747,1000,"large","M1.1",4.34440517425537,FALSE,FALSE
"GMAC","selected",748,1000,"large","M2.1",3.85975384712219,FALSE,FALSE
"GMAC","selected",749,1000,"large","M3",2.90340495109558,FALSE,FALSE
"GMAC","selected",750,1000,"large","M4",1.40673685073853,FALSE,FALSE
"GMAC","selected",751,50,"small","M0.1",0.47484302520752,FALSE,FALSE
"GMAC","selected",752,50,"small","M1.1",0.447755098342896,FALSE,FALSE
"GMAC","selected",753,50,"small","M2.1",0.458225011825562,FALSE,FALSE
"GMAC","selected",754,50,"small","M3",0.464515209197998,FALSE,FALSE
"GMAC","selected",755,50,"small","M4",0.380023956298828,FALSE,FALSE
"GMAC","selected",756,150,"small","M0.1",0.398099899291992,FALSE,FALSE
"GMAC","selected",757,150,"small","M1.1",0.521162986755371,FALSE,FALSE
"GMAC","selected",758,150,"small","M2.1",0.553149938583374,FALSE,FALSE
"GMAC","selected",759,150,"small","M3",0.446267127990723,FALSE,FALSE
"GMAC","selected",760,150,"small","M4",0.526997089385986,FALSE,FALSE
"GMAC","selected",761,300,"small","M0.1",0.773675203323364,FALSE,FALSE
"GMAC","selected",762,300,"small","M1.1",0.975589036941528,FALSE,FALSE
"GMAC","selected",763,300,"small","M2.1",0.75144100189209,FALSE,FALSE
"GMAC","selected",764,300,"small","M3",0.906821966171265,FALSE,FALSE
"GMAC","selected",765,300,"small","M4",0.799998998641968,FALSE,FALSE
"GMAC","selected",766,670,"small","M0.1",1.61970901489258,FALSE,FALSE
"GMAC","selected",767,670,"small","M1.1",5.18870806694031,FALSE,FALSE
"GMAC","selected",768,670,"small","M2.1",1.60613799095154,FALSE,FALSE
"GMAC","selected",769,670,"small","M3",3.58336806297302,FALSE,FALSE
"GMAC","selected",770,670,"small","M4",4.42440485954285,FALSE,FALSE
"GMAC","selected",771,1000,"small","M0.1",1.19200778007507,FALSE,FALSE
"GMAC","selected",772,1000,"small","M1.1",1.09439706802368,FALSE,FALSE
"GMAC","selected",773,1000,"small","M2.1",2.51519298553467,FALSE,FALSE
"GMAC","selected",774,1000,"small","M3",2.8966429233551,FALSE,FALSE
"GMAC","selected",775,1000,"small","M4",4.95034289360046,FALSE,FALSE
"GMAC","selected",776,50,"medium","M0.1",0.441065073013306,FALSE,FALSE
"GMAC","selected",777,50,"medium","M1.1",0.408391952514648,FALSE,FALSE
"GMAC","selected",778,50,"medium","M2.1",0.420867919921875,FALSE,FALSE
"GMAC","selected",779,50,"medium","M3",0.466783046722412,FALSE,FALSE
"GMAC","selected",780,50,"medium","M4",0.388615131378174,FALSE,FALSE
"GMAC","selected",781,150,"medium","M0.1",0.66723895072937,FALSE,FALSE
"GMAC","selected",782,150,"medium","M1.1",0.467223882675171,FALSE,FALSE
"GMAC","selected",783,150,"medium","M2.1",0.559295892715454,FALSE,FALSE
"GMAC","selected",784,150,"medium","M3",0.521058797836304,FALSE,FALSE
"GMAC","selected",785,150,"medium","M4",0.400180816650391,FALSE,FALSE
"GMAC","selected",786,300,"medium","M0.1",0.883210897445679,FALSE,FALSE
"GMAC","selected",787,300,"medium","M1.1",0.575428009033203,FALSE,FALSE
"GMAC","selected",788,300,"medium","M2.1",0.49465799331665,FALSE,FALSE
"GMAC","selected",789,300,"medium","M3",0.484843969345093,FALSE,FALSE
"GMAC","selected",790,300,"medium","M4",0.618170976638794,FALSE,FALSE
"GMAC","selected",791,670,"medium","M0.1",6.84997510910034,FALSE,FALSE
"GMAC","selected",792,670,"medium","M1.1",7.99208807945251,FALSE,FALSE
"GMAC","selected",793,670,"medium","M2.1",4.29232406616211,FALSE,FALSE
"GMAC","selected",794,670,"medium","M3",3.30309200286865,FALSE,FALSE
"GMAC","selected",795,670,"medium","M4",3.33958601951599,FALSE,FALSE
"GMAC","selected",796,1000,"medium","M0.1",2.82030701637268,FALSE,FALSE
"GMAC","selected",797,1000,"medium","M1.1",1.48454117774963,FALSE,FALSE
"GMAC","selected",798,1000,"medium","M2.1",4.17976999282837,FALSE,FALSE
"GMAC","selected",799,1000,"medium","M3",4.15357398986816,FALSE,FALSE
"GMAC","selected",800,1000,"medium","M4",1.76000714302063,FALSE,FALSE
"GMAC","selected",801,50,"large","M0.1",0.503123998641968,FALSE,FALSE
"GMAC","selected",802,50,"large","M1.1",0.460296869277954,FALSE,FALSE
"GMAC","selected",803,50,"large","M2.1",0.428575038909912,FALSE,FALSE
"GMAC","selected",804,50,"large","M3",0.350651025772095,FALSE,FALSE
"GMAC","selected",805,50,"large","M4",0.396007061004639,FALSE,FALSE
"GMAC","selected",806,150,"large","M0.1",0.697085857391357,FALSE,FALSE
"GMAC","selected",807,150,"large","M1.1",0.657088994979858,FALSE,FALSE
"GMAC","selected",808,150,"large","M2.1",0.523833990097046,FALSE,FALSE
"GMAC","selected",809,150,"large","M3",0.60076904296875,FALSE,FALSE
"GMAC","selected",810,150,"large","M4",0.515671014785767,FALSE,FALSE
"GMAC","selected",811,300,"large","M0.1",0.923650979995728,FALSE,FALSE
"GMAC","selected",812,300,"large","M1.1",0.924257040023804,FALSE,FALSE
"GMAC","selected",813,300,"large","M2.1",0.595614194869995,FALSE,FALSE
"GMAC","selected",814,300,"large","M3",0.782045841217041,FALSE,FALSE
"GMAC","selected",815,300,"large","M4",1.01715397834778,FALSE,FALSE
"GMAC","selected",816,670,"large","M0.1",3.64248609542847,FALSE,FALSE
"GMAC","selected",817,670,"large","M1.1",7.49787306785583,FALSE,FALSE
"GMAC","selected",818,670,"large","M2.1",2.73540711402893,FALSE,FALSE
"GMAC","selected",819,670,"large","M3",7.43386507034302,FALSE,FALSE
"GMAC","selected",820,670,"large","M4",3.13216805458069,FALSE,FALSE
"GMAC","selected",821,1000,"large","M0.1",3.327880859375,FALSE,FALSE
"GMAC","selected",822,1000,"large","M1.1",1.38535499572754,FALSE,FALSE
"GMAC","selected",823,1000,"large","M2.1",1.09264802932739,FALSE,FALSE
"GMAC","selected",824,1000,"large","M3",0.728214025497437,FALSE,FALSE
"GMAC","selected",825,1000,"large","M4",0.981194019317627,FALSE,FALSE
"GMAC","selected",826,50,"small","M0.1",0.34069299697876,FALSE,FALSE
"GMAC","selected",827,50,"small","M1.1",0.405695199966431,FALSE,FALSE
"GMAC","selected",828,50,"small","M2.1",0.58692193031311,FALSE,FALSE
"GMAC","selected",829,50,"small","M3",0.494185924530029,FALSE,FALSE
"GMAC","selected",830,50,"small","M4",0.493851900100708,FALSE,FALSE
"GMAC","selected",831,150,"small","M0.1",0.766999006271362,FALSE,FALSE
"GMAC","selected",832,150,"small","M1.1",0.659363985061646,FALSE,FALSE
"GMAC","selected",833,150,"small","M2.1",0.650475978851318,FALSE,FALSE
"GMAC","selected",834,150,"small","M3",0.635902881622314,FALSE,FALSE
"GMAC","selected",835,150,"small","M4",0.600000858306885,FALSE,FALSE
"GMAC","selected",836,300,"small","M0.1",1.03840684890747,FALSE,FALSE
"GMAC","selected",837,300,"small","M1.1",0.722106218338013,FALSE,FALSE
"GMAC","selected",838,300,"small","M2.1",0.748463153839111,FALSE,FALSE
"GMAC","selected",839,300,"small","M3",0.843058109283447,FALSE,FALSE
"GMAC","selected",840,300,"small","M4",0.965497016906738,FALSE,FALSE
"GMAC","selected",841,670,"small","M0.1",3.21812081336975,FALSE,FALSE
"GMAC","selected",842,670,"small","M1.1",4.4276750087738,FALSE,FALSE
"GMAC","selected",843,670,"small","M2.1",1.58330202102661,FALSE,FALSE
"GMAC","selected",844,670,"small","M3",2.8752429485321,FALSE,FALSE
"GMAC","selected",845,670,"small","M4",2.90297508239746,FALSE,FALSE
"GMAC","selected",846,1000,"small","M0.1",0.919939994812012,FALSE,FALSE
"GMAC","selected",847,1000,"small","M1.1",2.82800078392029,FALSE,FALSE
"GMAC","selected",848,1000,"small","M2.1",1.33840084075928,FALSE,FALSE
"GMAC","selected",849,1000,"small","M3",4.54797697067261,FALSE,FALSE
"GMAC","selected",850,1000,"small","M4",3.10031294822693,FALSE,FALSE
"GMAC","selected",851,50,"medium","M0.1",0.428586006164551,FALSE,FALSE
"GMAC","selected",852,50,"medium","M1.1",0.451247930526733,FALSE,FALSE
"GMAC","selected",853,50,"medium","M2.1",0.515161991119385,FALSE,FALSE
"GMAC","selected",854,50,"medium","M3",0.310168027877808,FALSE,FALSE
"GMAC","selected",855,50,"medium","M4",0.555238962173462,FALSE,FALSE
"GMAC","selected",856,150,"medium","M0.1",0.462467908859253,FALSE,FALSE
"GMAC","selected",857,150,"medium","M1.1",0.464508056640625,FALSE,FALSE
"GMAC","selected",858,150,"medium","M2.1",0.596763849258423,FALSE,FALSE
"GMAC","selected",859,150,"medium","M3",0.685997009277344,FALSE,FALSE
"GMAC","selected",860,150,"medium","M4",0.51373291015625,FALSE,FALSE
"GMAC","selected",861,300,"medium","M0.1",0.670662879943848,FALSE,FALSE
"GMAC","selected",862,300,"medium","M1.1",0.932632207870483,FALSE,FALSE
"GMAC","selected",863,300,"medium","M2.1",0.667212963104248,FALSE,FALSE
"GMAC","selected",864,300,"medium","M3",1.01111602783203,FALSE,FALSE
"GMAC","selected",865,300,"medium","M4",0.819402933120728,FALSE,FALSE
"GMAC","selected",866,670,"medium","M0.1",2.36013102531433,FALSE,FALSE
"GMAC","selected",867,670,"medium","M1.1",2.36100006103516,FALSE,FALSE
"GMAC","selected",868,670,"medium","M2.1",2.75854206085205,FALSE,FALSE
"GMAC","selected",869,670,"medium","M3",3.26167893409729,FALSE,FALSE
"GMAC","selected",870,670,"medium","M4",2.68512797355652,FALSE,FALSE
"GMAC","selected",871,1000,"medium","M0.1",3.85462093353271,FALSE,FALSE
"GMAC","selected",872,1000,"medium","M1.1",1.54047012329102,FALSE,FALSE
"GMAC","selected",873,1000,"medium","M2.1",1.8958637714386,FALSE,FALSE
"GMAC","selected",874,1000,"medium","M3",2.83102297782898,FALSE,FALSE
"GMAC","selected",875,1000,"medium","M4",0.924751996994019,FALSE,FALSE
"GMAC","selected",876,50,"large","M0.1",0.388972997665405,FALSE,FALSE
"GMAC","selected",877,50,"large","M1.1",0.388654947280884,FALSE,FALSE
"GMAC","selected",878,50,"large","M2.1",0.426197052001953,FALSE,FALSE
"GMAC","selected",879,50,"large","M3",0.497658967971802,FALSE,FALSE
"GMAC","selected",880,50,"large","M4",0.392926931381226,FALSE,FALSE
"GMAC","selected",881,150,"large","M0.1",0.711616039276123,FALSE,FALSE
"GMAC","selected",882,150,"large","M1.1",0.430250883102417,FALSE,FALSE
"GMAC","selected",883,150,"large","M2.1",0.347193956375122,FALSE,FALSE
"GMAC","selected",884,150,"large","M3",0.60286021232605,FALSE,FALSE
"GMAC","selected",885,150,"large","M4",0.884243011474609,FALSE,FALSE
"GMAC","selected",886,300,"large","M0.1",1.04265594482422,FALSE,FALSE
"GMAC","selected",887,300,"large","M1.1",0.777427196502686,FALSE,FALSE
"GMAC","selected",888,300,"large","M2.1",0.70569109916687,FALSE,FALSE
"GMAC","selected",889,300,"large","M3",0.899976968765259,FALSE,FALSE
"GMAC","selected",890,300,"large","M4",0.855782032012939,FALSE,FALSE
"GMAC","selected",891,670,"large","M0.1",3.99290299415588,FALSE,FALSE
"GMAC","selected",892,670,"large","M1.1",2.59095907211304,FALSE,FALSE
"GMAC","selected",893,670,"large","M2.1",2.21920704841614,FALSE,FALSE
"GMAC","selected",894,670,"large","M3",1.44671392440796,FALSE,FALSE
"GMAC","selected",895,670,"large","M4",3.30929112434387,FALSE,FALSE
"GMAC","selected",896,1000,"large","M0.1",3.92456889152527,FALSE,FALSE
"GMAC","selected",897,1000,"large","M1.1",2.98018288612366,FALSE,FALSE
"GMAC","selected",898,1000,"large","M2.1",0.98000693321228,FALSE,FALSE
"GMAC","selected",899,1000,"large","M3",2.87676000595093,FALSE,FALSE
"GMAC","selected",900,1000,"large","M4",2.90472602844238,FALSE,FALSE
"GMAC","selected",901,50,"small","M0.1",0.456142902374268,FALSE,FALSE
"GMAC","selected",902,50,"small","M1.1",0.451324939727783,FALSE,FALSE
"GMAC","selected",903,50,"small","M2.1",0.386197805404663,FALSE,FALSE
"GMAC","selected",904,50,"small","M3",0.580286026000977,FALSE,FALSE
"GMAC","selected",905,50,"small","M4",0.495546102523804,FALSE,FALSE
"GMAC","selected",906,150,"small","M0.1",0.94673490524292,FALSE,FALSE
"GMAC","selected",907,150,"small","M1.1",0.683387041091919,FALSE,FALSE
"GMAC","selected",908,150,"small","M2.1",0.624137163162231,FALSE,FALSE
"GMAC","selected",909,150,"small","M3",0.625537157058716,FALSE,FALSE
"GMAC","selected",910,150,"small","M4",0.49554705619812,FALSE,FALSE
"GMAC","selected",911,300,"small","M0.1",0.617257118225098,FALSE,FALSE
"GMAC","selected",912,300,"small","M1.1",0.638689994812012,FALSE,FALSE
"GMAC","selected",913,300,"small","M2.1",0.635771036148071,FALSE,FALSE
"GMAC","selected",914,300,"small","M3",1.01719212532043,FALSE,FALSE
"GMAC","selected",915,300,"small","M4",0.634946823120117,FALSE,FALSE
"GMAC","selected",916,670,"small","M0.1",3.44868183135986,FALSE,FALSE
"GMAC","selected",917,670,"small","M1.1",4.01579403877258,FALSE,FALSE
"GMAC","selected",918,670,"small","M2.1",1.79357695579529,FALSE,FALSE
"GMAC","selected",919,670,"small","M3",2.36849904060364,FALSE,FALSE
"GMAC","selected",920,670,"small","M4",2.75462913513184,FALSE,FALSE
"GMAC","selected",921,1000,"small","M0.1",4.33829402923584,FALSE,FALSE
"GMAC","selected",922,1000,"small","M1.1",4.01007699966431,FALSE,FALSE
"GMAC","selected",923,1000,"small","M2.1",3.25922608375549,FALSE,FALSE
"GMAC","selected",924,1000,"small","M3",4.33591794967651,FALSE,FALSE
"GMAC","selected",925,1000,"small","M4",3.03797888755798,FALSE,FALSE
"GMAC","selected",926,50,"medium","M0.1",0.508180856704712,FALSE,FALSE
"GMAC","selected",927,50,"medium","M1.1",0.54108715057373,FALSE,FALSE
"GMAC","selected",928,50,"medium","M2.1",0.515011072158813,FALSE,FALSE
"GMAC","selected",929,50,"medium","M3",0.502599954605103,FALSE,FALSE
"GMAC","selected",930,50,"medium","M4",0.418472051620483,FALSE,FALSE
"GMAC","selected",931,150,"medium","M0.1",0.494542121887207,FALSE,FALSE
"GMAC","selected",932,150,"medium","M1.1",0.500248908996582,FALSE,FALSE
"GMAC","selected",933,150,"medium","M2.1",0.70504903793335,FALSE,FALSE
"GMAC","selected",934,150,"medium","M3",0.614917993545532,FALSE,FALSE
"GMAC","selected",935,150,"medium","M4",0.356314897537231,FALSE,FALSE
"GMAC","selected",936,300,"medium","M0.1",0.711634159088135,FALSE,FALSE
"GMAC","selected",937,300,"medium","M1.1",0.942328929901123,FALSE,FALSE
"GMAC","selected",938,300,"medium","M2.1",0.892539978027344,FALSE,FALSE
"GMAC","selected",939,300,"medium","M3",0.922693967819214,FALSE,FALSE
"GMAC","selected",940,300,"medium","M4",0.852731943130493,FALSE,FALSE
"GMAC","selected",941,670,"medium","M0.1",3.32856798171997,FALSE,FALSE
"GMAC","selected",942,670,"medium","M1.1",2.1720609664917,FALSE,FALSE
"GMAC","selected",943,670,"medium","M2.1",2.48251295089722,FALSE,FALSE
"GMAC","selected",944,670,"medium","M3",4.51912999153137,FALSE,FALSE
"GMAC","selected",945,670,"medium","M4",2.83949184417725,FALSE,FALSE
"GMAC","selected",946,1000,"medium","M0.1",3.13772201538086,FALSE,FALSE
"GMAC","selected",947,1000,"medium","M1.1",3.61240005493164,FALSE,FALSE
"GMAC","selected",948,1000,"medium","M2.1",6.14265203475952,FALSE,FALSE
"GMAC","selected",949,1000,"medium","M3",4.10327196121216,FALSE,FALSE
"GMAC","selected",950,1000,"medium","M4",2.57492899894714,FALSE,FALSE
"GMAC","selected",951,50,"large","M0.1",0.524127006530762,FALSE,FALSE
"GMAC","selected",952,50,"large","M1.1",0.378858089447021,FALSE,FALSE
"GMAC","selected",953,50,"large","M2.1",0.391351938247681,FALSE,FALSE
"GMAC","selected",954,50,"large","M3",0.471364974975586,FALSE,FALSE
"GMAC","selected",955,50,"large","M4",0.466915130615234,FALSE,FALSE
"GMAC","selected",956,150,"large","M0.1",0.827568054199219,FALSE,FALSE
"GMAC","selected",957,150,"large","M1.1",0.608399868011475,FALSE,FALSE
"GMAC","selected",958,150,"large","M2.1",0.539613008499146,FALSE,FALSE
"GMAC","selected",959,150,"large","M3",0.588810920715332,FALSE,FALSE
"GMAC","selected",960,150,"large","M4",0.712311983108521,FALSE,FALSE
"GMAC","selected",961,300,"large","M0.1",0.759772777557373,FALSE,FALSE
"GMAC","selected",962,300,"large","M1.1",0.424066066741943,FALSE,FALSE
"GMAC","selected",963,300,"large","M2.1",0.715950012207031,FALSE,FALSE
"GMAC","selected",964,300,"large","M3",0.751190185546875,FALSE,FALSE
"GMAC","selected",965,300,"large","M4",0.520387887954712,FALSE,FALSE
"GMAC","selected",966,670,"large","M0.1",4.42949891090393,FALSE,FALSE
"GMAC","selected",967,670,"large","M1.1",3.19276809692383,FALSE,FALSE
"GMAC","selected",968,670,"large","M2.1",3.14535188674927,FALSE,FALSE
"GMAC","selected",969,670,"large","M3",3.98964285850525,FALSE,FALSE
"GMAC","selected",970,670,"large","M4",2.38699412345886,FALSE,FALSE
"GMAC","selected",971,1000,"large","M0.1",2.87272214889526,FALSE,FALSE
"GMAC","selected",972,1000,"large","M1.1",3.8532190322876,FALSE,FALSE
"GMAC","selected",973,1000,"large","M2.1",1.73286414146423,FALSE,FALSE
"GMAC","selected",974,1000,"large","M3",1.55836009979248,FALSE,FALSE
"GMAC","selected",975,1000,"large","M4",3.50271987915039,FALSE,FALSE
"GMAC","selected",976,50,"small","M0.1",0.510349988937378,FALSE,FALSE
"GMAC","selected",977,50,"small","M1.1",0.409523963928223,FALSE,FALSE
"GMAC","selected",978,50,"small","M2.1",0.385375022888184,FALSE,FALSE
"GMAC","selected",979,50,"small","M3",0.451857089996338,FALSE,FALSE
"GMAC","selected",980,50,"small","M4",0.502472877502441,FALSE,FALSE
"GMAC","selected",981,150,"small","M0.1",0.472769021987915,FALSE,FALSE
"GMAC","selected",982,150,"small","M1.1",0.561754941940308,FALSE,FALSE
"GMAC","selected",983,150,"small","M2.1",0.657882928848267,FALSE,FALSE
"GMAC","selected",984,150,"small","M3",0.651572942733765,FALSE,FALSE
"GMAC","selected",985,150,"small","M4",0.485931158065796,FALSE,FALSE
"GMAC","selected",986,300,"small","M0.1",0.756567001342773,FALSE,FALSE
"GMAC","selected",987,300,"small","M1.1",1.02764201164246,FALSE,FALSE
"GMAC","selected",988,300,"small","M2.1",0.841216087341309,FALSE,FALSE
"GMAC","selected",989,300,"small","M3",1.1969039440155,FALSE,FALSE
"GMAC","selected",990,300,"small","M4",0.842561006546021,FALSE,FALSE
"GMAC","selected",991,670,"small","M0.1",4.10580801963806,FALSE,FALSE
"GMAC","selected",992,670,"small","M1.1",4.25394988059998,FALSE,FALSE
"GMAC","selected",993,670,"small","M2.1",7.64607000350952,FALSE,FALSE
"GMAC","selected",994,670,"small","M3",2.87470602989197,FALSE,FALSE
"GMAC","selected",995,670,"small","M4",7.00524806976318,FALSE,FALSE
"GMAC","selected",996,1000,"small","M0.1",2.83792996406555,FALSE,FALSE
"GMAC","selected",997,1000,"small","M1.1",2.4600830078125,FALSE,FALSE
"GMAC","selected",998,1000,"small","M2.1",1.31070995330811,FALSE,FALSE
"GMAC","selected",999,1000,"small","M3",4.27758288383484,FALSE,FALSE
"GMAC","selected",1000,1000,"small","M4",1.95921015739441,FALSE,FALSE
"GMAC","selected",1001,50,"medium","M0.1",0.436607122421265,FALSE,FALSE
"GMAC","selected",1002,50,"medium","M1.1",0.357659101486206,FALSE,FALSE
"GMAC","selected",1003,50,"medium","M2.1",0.486144065856934,FALSE,FALSE
"GMAC","selected",1004,50,"medium","M3",0.527935981750488,FALSE,FALSE
"GMAC","selected",1005,50,"medium","M4",0.485340118408203,FALSE,FALSE
"GMAC","selected",1006,150,"medium","M0.1",0.448351860046387,FALSE,FALSE
"GMAC","selected",1007,150,"medium","M1.1",0.761336088180542,FALSE,FALSE
"GMAC","selected",1008,150,"medium","M2.1",0.612622022628784,FALSE,FALSE
"GMAC","selected",1009,150,"medium","M3",0.594507932662964,FALSE,FALSE
"GMAC","selected",1010,150,"medium","M4",0.51922607421875,FALSE,FALSE
"GMAC","selected",1011,300,"medium","M0.1",0.821957111358643,FALSE,FALSE
"GMAC","selected",1012,300,"medium","M1.1",1.21181797981262,FALSE,FALSE
"GMAC","selected",1013,300,"medium","M2.1",0.703855037689209,FALSE,FALSE
"GMAC","selected",1014,300,"medium","M3",0.481630086898804,FALSE,FALSE
"GMAC","selected",1015,300,"medium","M4",0.721127986907959,FALSE,FALSE
"GMAC","selected",1016,670,"medium","M0.1",6.25540208816528,FALSE,FALSE
"GMAC","selected",1017,670,"medium","M1.1",6.84889793395996,FALSE,FALSE
"GMAC","selected",1018,670,"medium","M2.1",4.05159711837769,FALSE,FALSE
"GMAC","selected",1019,670,"medium","M3",3.90209698677063,FALSE,FALSE
"GMAC","selected",1020,670,"medium","M4",2.01143002510071,FALSE,FALSE
"GMAC","selected",1021,1000,"medium","M0.1",1.87903094291687,FALSE,FALSE
"GMAC","selected",1022,1000,"medium","M1.1",2.66000294685364,FALSE,FALSE
"GMAC","selected",1023,1000,"medium","M2.1",4.23107886314392,FALSE,FALSE
"GMAC","selected",1024,1000,"medium","M3",1.7075788974762,FALSE,FALSE
"GMAC","selected",1025,1000,"medium","M4",2.61310696601868,FALSE,FALSE
"GMAC","selected",1026,50,"large","M0.1",0.48327112197876,FALSE,FALSE
"GMAC","selected",1027,50,"large","M1.1",0.468197107315063,FALSE,FALSE
"GMAC","selected",1028,50,"large","M2.1",0.490133047103882,FALSE,FALSE
"GMAC","selected",1029,50,"large","M3",0.393659830093384,FALSE,FALSE
"GMAC","selected",1030,50,"large","M4",0.458994150161743,FALSE,FALSE
"GMAC","selected",1031,150,"large","M0.1",0.600724935531616,FALSE,FALSE
"GMAC","selected",1032,150,"large","M1.1",0.582705974578857,FALSE,FALSE
"GMAC","selected",1033,150,"large","M2.1",0.634973049163818,FALSE,FALSE
"GMAC","selected",1034,150,"large","M3",0.545364856719971,FALSE,FALSE
"GMAC","selected",1035,150,"large","M4",0.583545923233032,FALSE,FALSE
"GMAC","selected",1036,300,"large","M0.1",0.655755996704102,FALSE,FALSE
"GMAC","selected",1037,300,"large","M1.1",0.592970132827759,FALSE,FALSE
"GMAC","selected",1038,300,"large","M2.1",0.904786109924316,FALSE,FALSE
"GMAC","selected",1039,300,"large","M3",0.495386123657227,FALSE,FALSE
"GMAC","selected",1040,300,"large","M4",0.668164968490601,FALSE,FALSE
"GMAC","selected",1041,670,"large","M0.1",1.58226013183594,FALSE,FALSE
"GMAC","selected",1042,670,"large","M1.1",2.10548186302185,FALSE,FALSE
"GMAC","selected",1043,670,"large","M2.1",5.04417395591736,FALSE,FALSE
"GMAC","selected",1044,670,"large","M3",4.15893292427063,FALSE,FALSE
"GMAC","selected",1045,670,"large","M4",1.30217599868774,FALSE,FALSE
"GMAC","selected",1046,1000,"large","M0.1",1.90840005874634,FALSE,FALSE
"GMAC","selected",1047,1000,"large","M1.1",2.36635398864746,FALSE,FALSE
"GMAC","selected",1048,1000,"large","M2.1",4.31071496009827,FALSE,FALSE
"GMAC","selected",1049,1000,"large","M3",1.71175909042358,FALSE,FALSE
"GMAC","selected",1050,1000,"large","M4",2.3336009979248,FALSE,FALSE
"GMAC","selected",1051,50,"small","M0.1",0.440603017807007,FALSE,FALSE
"GMAC","selected",1052,50,"small","M1.1",0.376659870147705,FALSE,FALSE
"GMAC","selected",1053,50,"small","M2.1",0.466691017150879,FALSE,FALSE
"GMAC","selected",1054,50,"small","M3",0.712095022201538,FALSE,FALSE
"GMAC","selected",1055,50,"small","M4",0.381143093109131,FALSE,FALSE
"GMAC","selected",1056,150,"small","M0.1",0.492201089859009,FALSE,FALSE
"GMAC","selected",1057,150,"small","M1.1",0.605435132980347,FALSE,FALSE
"GMAC","selected",1058,150,"small","M2.1",0.50760817527771,FALSE,FALSE
"GMAC","selected",1059,150,"small","M3",0.484589099884033,FALSE,FALSE
"GMAC","selected",1060,150,"small","M4",0.444177150726318,FALSE,FALSE
"GMAC","selected",1061,300,"small","M0.1",0.90339994430542,FALSE,FALSE
"GMAC","selected",1062,300,"small","M1.1",0.646416902542114,FALSE,FALSE
"GMAC","selected",1063,300,"small","M2.1",0.903738021850586,FALSE,FALSE
"GMAC","selected",1064,300,"small","M3",0.672826051712036,FALSE,FALSE
"GMAC","selected",1065,300,"small","M4",0.4150710105896,FALSE,FALSE
"GMAC","selected",1066,670,"small","M0.1",2.85182404518127,FALSE,FALSE
"GMAC","selected",1067,670,"small","M1.1",3.0259702205658,FALSE,FALSE
"GMAC","selected",1068,670,"small","M2.1",3.49108099937439,FALSE,FALSE
"GMAC","selected",1069,670,"small","M3",5.30388998985291,FALSE,FALSE
"GMAC","selected",1070,670,"small","M4",1.07979512214661,FALSE,FALSE
"GMAC","selected",1071,1000,"small","M0.1",2.48403787612915,FALSE,FALSE
"GMAC","selected",1072,1000,"small","M1.1",5.40684795379639,FALSE,FALSE
"GMAC","selected",1073,1000,"small","M2.1",3.668123960495,FALSE,FALSE
"GMAC","selected",1074,1000,"small","M3",3.91446805000305,FALSE,FALSE
"GMAC","selected",1075,1000,"small","M4",2.56965398788452,FALSE,FALSE
"GMAC","selected",1076,50,"medium","M0.1",0.447824954986572,FALSE,FALSE
"GMAC","selected",1077,50,"medium","M1.1",0.420217990875244,FALSE,FALSE
"GMAC","selected",1078,50,"medium","M2.1",0.502702951431274,FALSE,FALSE
"GMAC","selected",1079,50,"medium","M3",0.517987966537476,FALSE,FALSE
"GMAC","selected",1080,50,"medium","M4",0.491500854492188,FALSE,FALSE
"GMAC","selected",1081,150,"medium","M0.1",0.734699964523315,FALSE,FALSE
"GMAC","selected",1082,150,"medium","M1.1",0.515942811965942,FALSE,FALSE
"GMAC","selected",1083,150,"medium","M2.1",0.683897972106934,FALSE,FALSE
"GMAC","selected",1084,150,"medium","M3",0.564439058303833,FALSE,FALSE
"GMAC","selected",1085,150,"medium","M4",0.356870174407959,FALSE,FALSE
"GMAC","selected",1086,300,"medium","M0.1",0.735208988189697,FALSE,FALSE
"GMAC","selected",1087,300,"medium","M1.1",0.796781063079834,FALSE,FALSE
"GMAC","selected",1088,300,"medium","M2.1",0.82497501373291,FALSE,FALSE
"GMAC","selected",1089,300,"medium","M3",0.87011194229126,FALSE,FALSE
"GMAC","selected",1090,300,"medium","M4",0.995929956436157,FALSE,FALSE
"GMAC","selected",1091,670,"medium","M0.1",3.29523897171021,FALSE,FALSE
"GMAC","selected",1092,670,"medium","M1.1",1.83060789108276,FALSE,FALSE
"GMAC","selected",1093,670,"medium","M2.1",2.82743906974792,FALSE,FALSE
"GMAC","selected",1094,670,"medium","M3",3.86736607551575,FALSE,FALSE
"GMAC","selected",1095,670,"medium","M4",3.54234790802002,FALSE,FALSE
"GMAC","selected",1096,1000,"medium","M0.1",4.22256207466125,FALSE,FALSE
"GMAC","selected",1097,1000,"medium","M1.1",3.00212383270264,FALSE,FALSE
"GMAC","selected",1098,1000,"medium","M2.1",1.78969693183899,FALSE,FALSE
"GMAC","selected",1099,1000,"medium","M3",1.26108503341675,FALSE,FALSE
"GMAC","selected",1100,1000,"medium","M4",0.668795108795166,FALSE,FALSE
"GMAC","selected",1101,50,"large","M0.1",0.463617086410522,FALSE,FALSE
"GMAC","selected",1102,50,"large","M1.1",0.442332983016968,FALSE,FALSE
"GMAC","selected",1103,50,"large","M2.1",0.571151971817017,FALSE,FALSE
"GMAC","selected",1104,50,"large","M3",0.379555940628052,FALSE,FALSE
"GMAC","selected",1105,50,"large","M4",0.375078916549683,FALSE,FALSE
"GMAC","selected",1106,150,"large","M0.1",0.529116868972778,FALSE,FALSE
"GMAC","selected",1107,150,"large","M1.1",0.428413152694702,FALSE,FALSE
"GMAC","selected",1108,150,"large","M2.1",0.59539794921875,FALSE,FALSE
"GMAC","selected",1109,150,"large","M3",0.669702053070068,FALSE,FALSE
"GMAC","selected",1110,150,"large","M4",0.561816215515137,FALSE,FALSE
"GMAC","selected",1111,300,"large","M0.1",0.820300102233887,FALSE,FALSE
"GMAC","selected",1112,300,"large","M1.1",0.775059938430786,FALSE,FALSE
"GMAC","selected",1113,300,"large","M2.1",0.316393852233887,FALSE,FALSE
"GMAC","selected",1114,300,"large","M3",0.404335975646973,FALSE,FALSE
"GMAC","selected",1115,300,"large","M4",0.517631053924561,FALSE,FALSE
"GMAC","selected",1116,670,"large","M0.1",2.42830801010132,FALSE,FALSE
"GMAC","selected",1117,670,"large","M1.1",5.46574401855469,FALSE,FALSE
"GMAC","selected",1118,670,"large","M2.1",3.04014086723328,FALSE,FALSE
"GMAC","selected",1119,670,"large","M3",1.92149901390076,FALSE,FALSE
"GMAC","selected",1120,670,"large","M4",2.55129599571228,FALSE,FALSE
"GMAC","selected",1121,1000,"large","M0.1",1.7200300693512,FALSE,FALSE
"GMAC","selected",1122,1000,"large","M1.1",1.23711109161377,FALSE,FALSE
"GMAC","selected",1123,1000,"large","M2.1",1.29635214805603,FALSE,FALSE
"GMAC","selected",1124,1000,"large","M3",4.15783715248108,FALSE,FALSE
"GMAC","selected",1125,1000,"large","M4",4.28453302383423,FALSE,FALSE
"GMAC","selected",1126,50,"small","M0.1",0.499853134155273,FALSE,FALSE
"GMAC","selected",1127,50,"small","M1.1",0.387434959411621,FALSE,FALSE
"GMAC","selected",1128,50,"small","M2.1",0.329401969909668,FALSE,FALSE
"GMAC","selected",1129,50,"small","M3",0.516388177871704,FALSE,FALSE
"GMAC","selected",1130,50,"small","M4",0.420172929763794,FALSE,FALSE
"GMAC","selected",1131,150,"small","M0.1",0.602118968963623,FALSE,FALSE
"GMAC","selected",1132,150,"small","M1.1",0.449412107467651,FALSE,FALSE
"GMAC","selected",1133,150,"small","M2.1",0.454210996627808,FALSE,FALSE
"GMAC","selected",1134,150,"small","M3",0.658378839492798,FALSE,FALSE
"GMAC","selected",1135,150,"small","M4",0.6665198802948,FALSE,FALSE
"GMAC","selected",1136,300,"small","M0.1",0.90717887878418,FALSE,FALSE
"GMAC","selected",1137,300,"small","M1.1",0.924566984176636,FALSE,FALSE
"GMAC","selected",1138,300,"small","M2.1",0.847909927368164,FALSE,FALSE
"GMAC","selected",1139,300,"small","M3",1.12341094017029,FALSE,FALSE
"GMAC","selected",1140,300,"small","M4",0.430097103118896,FALSE,FALSE
"GMAC","selected",1141,670,"small","M0.1",1.55429196357727,FALSE,FALSE
"GMAC","selected",1142,670,"small","M1.1",2.52778100967407,FALSE,FALSE
"GMAC","selected",1143,670,"small","M2.1",4.0187680721283,FALSE,FALSE
"GMAC","selected",1144,670,"small","M3",2.53311896324158,FALSE,FALSE
"GMAC","selected",1145,670,"small","M4",2.30285382270813,FALSE,FALSE
"GMAC","selected",1146,1000,"small","M0.1",3.95255589485168,FALSE,FALSE
"GMAC","selected",1147,1000,"small","M1.1",3.14803910255432,FALSE,FALSE
"GMAC","selected",1148,1000,"small","M2.1",3.61707496643066,FALSE,FALSE
"GMAC","selected",1149,1000,"small","M3",3.02120685577393,FALSE,FALSE
"GMAC","selected",1150,1000,"small","M4",1.02011299133301,FALSE,FALSE
"GMAC","selected",1151,50,"medium","M0.1",0.454559087753296,FALSE,FALSE
"GMAC","selected",1152,50,"medium","M1.1",0.356871843338013,FALSE,FALSE
"GMAC","selected",1153,50,"medium","M2.1",0.474749088287354,FALSE,FALSE
"GMAC","selected",1154,50,"medium","M3",0.484291076660156,FALSE,FALSE
"GMAC","selected",1155,50,"medium","M4",0.512227058410645,FALSE,FALSE
"GMAC","selected",1156,150,"medium","M0.1",0.589956045150757,FALSE,FALSE
"GMAC","selected",1157,150,"medium","M1.1",0.788264989852905,FALSE,FALSE
"GMAC","selected",1158,150,"medium","M2.1",0.574027061462402,FALSE,FALSE
"GMAC","selected",1159,150,"medium","M3",0.656095027923584,FALSE,FALSE
"GMAC","selected",1160,150,"medium","M4",0.537890195846558,FALSE,FALSE
"GMAC","selected",1161,300,"medium","M0.1",0.436893939971924,FALSE,FALSE
"GMAC","selected",1162,300,"medium","M1.1",1.30709004402161,FALSE,FALSE
"GMAC","selected",1163,300,"medium","M2.1",0.593682050704956,FALSE,FALSE
"GMAC","selected",1164,300,"medium","M3",0.692003011703491,FALSE,FALSE
"GMAC","selected",1165,300,"medium","M4",0.73446798324585,FALSE,FALSE
"GMAC","selected",1166,670,"medium","M0.1",1.3339478969574,FALSE,FALSE
"GMAC","selected",1167,670,"medium","M1.1",2.82694578170776,FALSE,FALSE
"GMAC","selected",1168,670,"medium","M2.1",1.3345091342926,FALSE,FALSE
"GMAC","selected",1169,670,"medium","M3",2.69120907783508,FALSE,FALSE
"GMAC","selected",1170,670,"medium","M4",3.73642992973328,FALSE,FALSE
"GMAC","selected",1171,1000,"medium","M0.1",1.15236210823059,FALSE,FALSE
"GMAC","selected",1172,1000,"medium","M1.1",4.52104806900024,FALSE,FALSE
"GMAC","selected",1173,1000,"medium","M2.1",5.00331592559814,FALSE,FALSE
"GMAC","selected",1174,1000,"medium","M3",2.70003294944763,FALSE,FALSE
"GMAC","selected",1175,1000,"medium","M4",4.16052198410034,FALSE,FALSE
"GMAC","selected",1176,50,"large","M0.1",0.585955142974854,FALSE,FALSE
"GMAC","selected",1177,50,"large","M1.1",0.497689008712769,FALSE,FALSE
"GMAC","selected",1178,50,"large","M2.1",0.431149959564209,FALSE,FALSE
"GMAC","selected",1179,50,"large","M3",0.410942077636719,FALSE,FALSE
"GMAC","selected",1180,50,"large","M4",0.478133916854858,FALSE,FALSE
"GMAC","selected",1181,150,"large","M0.1",0.536747932434082,FALSE,FALSE
"GMAC","selected",1182,150,"large","M1.1",0.508571147918701,FALSE,FALSE
"GMAC","selected",1183,150,"large","M2.1",0.610313177108765,FALSE,FALSE
"GMAC","selected",1184,150,"large","M3",0.742011070251465,FALSE,FALSE
"GMAC","selected",1185,150,"large","M4",0.524433135986328,FALSE,FALSE
"GMAC","selected",1186,300,"large","M0.1",1.09314799308777,FALSE,FALSE
"GMAC","selected",1187,300,"large","M1.1",0.875046968460083,FALSE,FALSE
"GMAC","selected",1188,300,"large","M2.1",0.804795980453491,FALSE,FALSE
"GMAC","selected",1189,300,"large","M3",0.449604988098145,FALSE,FALSE
"GMAC","selected",1190,300,"large","M4",0.810221910476685,FALSE,FALSE
"GMAC","selected",1191,670,"large","M0.1",4.3661470413208,FALSE,FALSE
"GMAC","selected",1192,670,"large","M1.1",3.1235499382019,FALSE,FALSE
"GMAC","selected",1193,670,"large","M2.1",1.55379700660706,FALSE,FALSE
"GMAC","selected",1194,670,"large","M3",2.49182105064392,FALSE,FALSE
"GMAC","selected",1195,670,"large","M4",1.69616293907166,FALSE,FALSE
"GMAC","selected",1196,1000,"large","M0.1",2.38100695610046,FALSE,FALSE
"GMAC","selected",1197,1000,"large","M1.1",2.97192406654358,FALSE,FALSE
"GMAC","selected",1198,1000,"large","M2.1",4.01970601081848,FALSE,FALSE
"GMAC","selected",1199,1000,"large","M3",3.04974985122681,FALSE,FALSE
"GMAC","selected",1200,1000,"large","M4",3.45214104652405,FALSE,FALSE
"GMAC","selected",1201,50,"small","M0.1",0.448015928268433,FALSE,FALSE
"GMAC","selected",1202,50,"small","M1.1",0.47846508026123,FALSE,FALSE
"GMAC","selected",1203,50,"small","M2.1",0.37287712097168,FALSE,FALSE
"GMAC","selected",1204,50,"small","M3",0.465854167938232,FALSE,FALSE
"GMAC","selected",1205,50,"small","M4",0.36156702041626,FALSE,FALSE
"GMAC","selected",1206,150,"small","M0.1",0.737627983093262,FALSE,FALSE
"GMAC","selected",1207,150,"small","M1.1",0.750479936599731,FALSE,FALSE
"GMAC","selected",1208,150,"small","M2.1",0.625569820404053,FALSE,FALSE
"GMAC","selected",1209,150,"small","M3",0.526724815368652,FALSE,FALSE
"GMAC","selected",1210,150,"small","M4",0.676671981811523,FALSE,FALSE
"GMAC","selected",1211,300,"small","M0.1",0.55771803855896,FALSE,FALSE
"GMAC","selected",1212,300,"small","M1.1",0.267019987106323,FALSE,FALSE
"GMAC","selected",1213,300,"small","M2.1",1.05957698822021,FALSE,FALSE
"GMAC","selected",1214,300,"small","M3",0.776665210723877,FALSE,FALSE
"GMAC","selected",1215,300,"small","M4",1.08966898918152,FALSE,FALSE
"GMAC","selected",1216,670,"small","M0.1",3.61995887756348,FALSE,FALSE
"GMAC","selected",1217,670,"small","M1.1",2.11956810951233,FALSE,FALSE
"GMAC","selected",1218,670,"small","M2.1",2.00468015670776,FALSE,FALSE
"GMAC","selected",1219,670,"small","M3",4.66324520111084,FALSE,FALSE
"GMAC","selected",1220,670,"small","M4",2.19387221336365,FALSE,FALSE
"GMAC","selected",1221,1000,"small","M0.1",1.76450705528259,FALSE,FALSE
"GMAC","selected",1222,1000,"small","M1.1",1.90702700614929,FALSE,FALSE
"GMAC","selected",1223,1000,"small","M2.1",1.53377795219421,FALSE,FALSE
"GMAC","selected",1224,1000,"small","M3",2.21456980705261,FALSE,FALSE
"GMAC","selected",1225,1000,"small","M4",2.2726411819458,FALSE,FALSE
"GMAC","selected",1226,50,"medium","M0.1",0.51107120513916,FALSE,FALSE
"GMAC","selected",1227,50,"medium","M1.1",0.360040903091431,FALSE,FALSE
"GMAC","selected",1228,50,"medium","M2.1",0.474709033966064,FALSE,FALSE
"GMAC","selected",1229,50,"medium","M3",0.470612049102783,FALSE,FALSE
"GMAC","selected",1230,50,"medium","M4",0.489282846450806,FALSE,FALSE
"GMAC","selected",1231,150,"medium","M0.1",0.618086814880371,FALSE,FALSE
"GMAC","selected",1232,150,"medium","M1.1",0.691535949707031,FALSE,FALSE
"GMAC","selected",1233,150,"medium","M2.1",0.696007966995239,FALSE,FALSE
"GMAC","selected",1234,150,"medium","M3",0.831401109695435,FALSE,FALSE
"GMAC","selected",1235,150,"medium","M4",0.660337209701538,FALSE,FALSE
"GMAC","selected",1236,300,"medium","M0.1",0.641024112701416,FALSE,FALSE
"GMAC","selected",1237,300,"medium","M1.1",0.703675985336304,FALSE,FALSE
"GMAC","selected",1238,300,"medium","M2.1",0.783179044723511,FALSE,FALSE
"GMAC","selected",1239,300,"medium","M3",0.646646022796631,FALSE,FALSE
"GMAC","selected",1240,300,"medium","M4",0.509437084197998,FALSE,FALSE
"GMAC","selected",1241,670,"medium","M0.1",1.94366788864136,FALSE,FALSE
"GMAC","selected",1242,670,"medium","M1.1",2.25953912734985,FALSE,FALSE
"GMAC","selected",1243,670,"medium","M2.1",2.59774899482727,FALSE,FALSE
"GMAC","selected",1244,670,"medium","M3",5.07690906524658,FALSE,FALSE
"GMAC","selected",1245,670,"medium","M4",2.04765510559082,FALSE,FALSE
"GMAC","selected",1246,1000,"medium","M0.1",0.893450021743774,FALSE,FALSE
"GMAC","selected",1247,1000,"medium","M1.1",1.83746790885925,FALSE,FALSE
"GMAC","selected",1248,1000,"medium","M2.1",2.27439403533936,FALSE,FALSE
"GMAC","selected",1249,1000,"medium","M3",1.66083383560181,FALSE,FALSE
"GMAC","selected",1250,1000,"medium","M4",5.32063889503479,FALSE,FALSE
"GMAC","selected",1251,50,"large","M0.1",0.408272981643677,FALSE,FALSE
"GMAC","selected",1252,50,"large","M1.1",0.53521990776062,FALSE,FALSE
"GMAC","selected",1253,50,"large","M2.1",0.349663019180298,FALSE,FALSE
"GMAC","selected",1254,50,"large","M3",0.42404317855835,FALSE,FALSE
"GMAC","selected",1255,50,"large","M4",0.388057947158813,FALSE,FALSE
"GMAC","selected",1256,150,"large","M0.1",0.590479135513306,FALSE,FALSE
"GMAC","selected",1257,150,"large","M1.1",0.625129222869873,FALSE,FALSE
"GMAC","selected",1258,150,"large","M2.1",0.762436866760254,FALSE,FALSE
"GMAC","selected",1259,150,"large","M3",0.852417945861816,FALSE,FALSE
"GMAC","selected",1260,150,"large","M4",0.557760000228882,FALSE,FALSE
"GMAC","selected",1261,300,"large","M0.1",0.678001880645752,FALSE,FALSE
"GMAC","selected",1262,300,"large","M1.1",0.661893129348755,FALSE,FALSE
"GMAC","selected",1263,300,"large","M2.1",1.01697087287903,FALSE,FALSE
"GMAC","selected",1264,300,"large","M3",1.02214503288269,FALSE,FALSE
"GMAC","selected",1265,300,"large","M4",0.565551996231079,FALSE,FALSE
"GMAC","selected",1266,670,"large","M0.1",2.53867506980896,FALSE,FALSE
"GMAC","selected",1267,670,"large","M1.1",1.52707695960999,FALSE,FALSE
"GMAC","selected",1268,670,"large","M2.1",2.93751907348633,FALSE,FALSE
"GMAC","selected",1269,670,"large","M3",2.12019991874695,FALSE,FALSE
"GMAC","selected",1270,670,"large","M4",2.75372099876404,FALSE,FALSE
"GMAC","selected",1271,1000,"large","M0.1",1.82405805587769,FALSE,FALSE
"GMAC","selected",1272,1000,"large","M1.1",0.7914879322052,FALSE,FALSE
"GMAC","selected",1273,1000,"large","M2.1",4.66974496841431,FALSE,FALSE
"GMAC","selected",1274,1000,"large","M3",3.58213520050049,FALSE,FALSE
"GMAC","selected",1275,1000,"large","M4",3.45202803611755,FALSE,FALSE
"GMAC","selected",1276,50,"small","M0.1",0.489411115646362,FALSE,FALSE
"GMAC","selected",1277,50,"small","M1.1",0.478584051132202,FALSE,FALSE
"GMAC","selected",1278,50,"small","M2.1",0.509354114532471,FALSE,FALSE
"GMAC","selected",1279,50,"small","M3",0.384478092193604,FALSE,FALSE
"GMAC","selected",1280,50,"small","M4",0.388306856155396,FALSE,FALSE
"GMAC","selected",1281,150,"small","M0.1",0.613765954971313,FALSE,FALSE
"GMAC","selected",1282,150,"small","M1.1",0.854942083358765,FALSE,FALSE
"GMAC","selected",1283,150,"small","M2.1",0.570775032043457,FALSE,FALSE
"GMAC","selected",1284,150,"small","M3",0.586328029632568,FALSE,FALSE
"GMAC","selected",1285,150,"small","M4",0.663528919219971,FALSE,FALSE
"GMAC","selected",1286,300,"small","M0.1",0.842864990234375,FALSE,FALSE
"GMAC","selected",1287,300,"small","M1.1",0.852788925170898,FALSE,FALSE
"GMAC","selected",1288,300,"small","M2.1",0.991820096969604,FALSE,FALSE
"GMAC","selected",1289,300,"small","M3",0.370306968688965,FALSE,FALSE
"GMAC","selected",1290,300,"small","M4",0.490504026412964,FALSE,FALSE
"GMAC","selected",1291,670,"small","M0.1",1.32338118553162,FALSE,FALSE
"GMAC","selected",1292,670,"small","M1.1",3.21879601478577,FALSE,FALSE
"GMAC","selected",1293,670,"small","M2.1",2.25796103477478,FALSE,FALSE
"GMAC","selected",1294,670,"small","M3",3.23385405540466,FALSE,FALSE
"GMAC","selected",1295,670,"small","M4",1.98616003990173,FALSE,FALSE
"GMAC","selected",1296,1000,"small","M0.1",2.36960315704346,FALSE,FALSE
"GMAC","selected",1297,1000,"small","M1.1",1.2177050113678,FALSE,FALSE
"GMAC","selected",1298,1000,"small","M2.1",4.98921203613281,FALSE,FALSE
"GMAC","selected",1299,1000,"small","M3",2.95247387886047,FALSE,FALSE
"GMAC","selected",1300,1000,"small","M4",3.89723300933838,FALSE,FALSE
"GMAC","selected",1301,50,"medium","M0.1",0.403289079666138,FALSE,FALSE
"GMAC","selected",1302,50,"medium","M1.1",0.542127132415771,FALSE,FALSE
"GMAC","selected",1303,50,"medium","M2.1",0.538382053375244,FALSE,FALSE
"GMAC","selected",1304,50,"medium","M3",0.452963829040527,FALSE,FALSE
"GMAC","selected",1305,50,"medium","M4",0.430562973022461,FALSE,FALSE
"GMAC","selected",1306,150,"medium","M0.1",0.573965072631836,FALSE,FALSE
"GMAC","selected",1307,150,"medium","M1.1",0.621726036071777,FALSE,FALSE
"GMAC","selected",1308,150,"medium","M2.1",0.721144914627075,FALSE,FALSE
"GMAC","selected",1309,150,"medium","M3",0.781515836715698,FALSE,FALSE
"GMAC","selected",1310,150,"medium","M4",0.645262002944946,FALSE,FALSE
"GMAC","selected",1311,300,"medium","M0.1",0.987498998641968,FALSE,FALSE
"GMAC","selected",1312,300,"medium","M1.1",0.723389863967896,FALSE,FALSE
"GMAC","selected",1313,300,"medium","M2.1",0.789148092269897,FALSE,FALSE
"GMAC","selected",1314,300,"medium","M3",0.721242904663086,FALSE,FALSE
"GMAC","selected",1315,300,"medium","M4",0.556157112121582,FALSE,FALSE
"GMAC","selected",1316,670,"medium","M0.1",2.21158385276794,FALSE,FALSE
"GMAC","selected",1317,670,"medium","M1.1",2.24800610542297,FALSE,FALSE
"GMAC","selected",1318,670,"medium","M2.1",4.01554393768311,FALSE,FALSE
"GMAC","selected",1319,670,"medium","M3",3.03954100608826,FALSE,FALSE
"GMAC","selected",1320,670,"medium","M4",1.54848408699036,FALSE,FALSE
"GMAC","selected",1321,1000,"medium","M0.1",1.4213399887085,FALSE,FALSE
"GMAC","selected",1322,1000,"medium","M1.1",0.932186841964722,FALSE,FALSE
"GMAC","selected",1323,1000,"medium","M2.1",4.96528196334839,FALSE,FALSE
"GMAC","selected",1324,1000,"medium","M3",1.4505729675293,FALSE,FALSE
"GMAC","selected",1325,1000,"medium","M4",1.34274315834045,FALSE,FALSE
"GMAC","selected",1326,50,"large","M0.1",0.525719881057739,FALSE,FALSE
"GMAC","selected",1327,50,"large","M1.1",0.557404041290283,FALSE,FALSE
"GMAC","selected",1328,50,"large","M2.1",0.434362173080444,FALSE,FALSE
"GMAC","selected",1329,50,"large","M3",0.374449968338013,FALSE,FALSE
"GMAC","selected",1330,50,"large","M4",0.534018993377686,FALSE,FALSE
"GMAC","selected",1331,150,"large","M0.1",0.588747978210449,FALSE,FALSE
"GMAC","selected",1332,150,"large","M1.1",0.571913957595825,FALSE,FALSE
"GMAC","selected",1333,150,"large","M2.1",0.367063045501709,FALSE,FALSE
"GMAC","selected",1334,150,"large","M3",0.427299022674561,FALSE,FALSE
"GMAC","selected",1335,150,"large","M4",0.308199167251587,FALSE,FALSE
"GMAC","selected",1336,300,"large","M0.1",0.593647956848145,FALSE,FALSE
"GMAC","selected",1337,300,"large","M1.1",1.07020282745361,FALSE,FALSE
"GMAC","selected",1338,300,"large","M2.1",0.830353975296021,FALSE,FALSE
"GMAC","selected",1339,300,"large","M3",0.876158952713013,FALSE,FALSE
"GMAC","selected",1340,300,"large","M4",0.870413064956665,FALSE,FALSE
"GMAC","selected",1341,670,"large","M0.1",1.86738705635071,FALSE,FALSE
"GMAC","selected",1342,670,"large","M1.1",2.51486706733704,FALSE,FALSE
"GMAC","selected",1343,670,"large","M2.1",3.65546989440918,FALSE,FALSE
"GMAC","selected",1344,670,"large","M3",1.81127619743347,FALSE,FALSE
"GMAC","selected",1345,670,"large","M4",1.97387313842773,FALSE,FALSE
"GMAC","selected",1346,1000,"large","M0.1",2.44499206542969,FALSE,FALSE
"GMAC","selected",1347,1000,"large","M1.1",1.73962593078613,FALSE,FALSE
"GMAC","selected",1348,1000,"large","M2.1",3.74654793739319,FALSE,FALSE
"GMAC","selected",1349,1000,"large","M3",0.883074045181274,FALSE,FALSE
"GMAC","selected",1350,1000,"large","M4",3.5507960319519,FALSE,FALSE
"GMAC","selected",1351,50,"small","M0.1",0.378435134887695,FALSE,FALSE
"GMAC","selected",1352,50,"small","M1.1",0.423511028289795,FALSE,FALSE
"GMAC","selected",1353,50,"small","M2.1",0.399928092956543,FALSE,FALSE
"GMAC","selected",1354,50,"small","M3",0.316928863525391,FALSE,FALSE
"GMAC","selected",1355,50,"small","M4",0.37630295753479,FALSE,FALSE
"GMAC","selected",1356,150,"small","M0.1",0.337841987609863,FALSE,FALSE
"GMAC","selected",1357,150,"small","M1.1",0.447803974151611,FALSE,FALSE
"GMAC","selected",1358,150,"small","M2.1",0.380543947219849,FALSE,FALSE
"GMAC","selected",1359,150,"small","M3",0.371884107589722,FALSE,FALSE
"GMAC","selected",1360,150,"small","M4",0.24466609954834,FALSE,FALSE
"GMAC","selected",1361,300,"small","M0.1",1.05946803092957,FALSE,FALSE
"GMAC","selected",1362,300,"small","M1.1",0.787607908248901,FALSE,FALSE
"GMAC","selected",1363,300,"small","M2.1",0.671836853027344,FALSE,FALSE
"GMAC","selected",1364,300,"small","M3",0.918601036071777,FALSE,FALSE
"GMAC","selected",1365,300,"small","M4",1.02100896835327,FALSE,FALSE
"GMAC","selected",1366,670,"small","M0.1",4.76499509811401,FALSE,FALSE
"GMAC","selected",1367,670,"small","M1.1",1.71077990531921,FALSE,FALSE
"GMAC","selected",1368,670,"small","M2.1",4.27041482925415,FALSE,FALSE
"GMAC","selected",1369,670,"small","M3",2.22705602645874,FALSE,FALSE
"GMAC","selected",1370,670,"small","M4",5.05369687080383,FALSE,FALSE
"GMAC","selected",1371,1000,"small","M0.1",3.30391097068787,FALSE,FALSE
"GMAC","selected",1372,1000,"small","M1.1",1.51621007919312,FALSE,FALSE
"GMAC","selected",1373,1000,"small","M2.1",3.57719087600708,FALSE,FALSE
"GMAC","selected",1374,1000,"small","M3",4.45043516159058,FALSE,FALSE
"GMAC","selected",1375,1000,"small","M4",1.60560011863708,FALSE,FALSE
"GMAC","selected",1376,50,"medium","M0.1",0.432244777679443,FALSE,FALSE
"GMAC","selected",1377,50,"medium","M1.1",0.368274927139282,FALSE,FALSE
"GMAC","selected",1378,50,"medium","M2.1",0.451406002044678,FALSE,FALSE
"GMAC","selected",1379,50,"medium","M3",0.353796005249023,FALSE,FALSE
"GMAC","selected",1380,50,"medium","M4",0.42487907409668,FALSE,FALSE
"GMAC","selected",1381,150,"medium","M0.1",0.33434009552002,FALSE,FALSE
"GMAC","selected",1382,150,"medium","M1.1",0.366982936859131,FALSE,FALSE
"GMAC","selected",1383,150,"medium","M2.1",0.372337102890015,FALSE,FALSE
"GMAC","selected",1384,150,"medium","M3",0.266075134277344,FALSE,FALSE
"GMAC","selected",1385,150,"medium","M4",0.320043087005615,FALSE,FALSE
"GMAC","selected",1386,300,"medium","M0.1",0.719242811203003,FALSE,FALSE
"GMAC","selected",1387,300,"medium","M1.1",0.460969209671021,FALSE,FALSE
"GMAC","selected",1388,300,"medium","M2.1",1.09001612663269,FALSE,FALSE
"GMAC","selected",1389,300,"medium","M3",0.701565027236938,FALSE,FALSE
"GMAC","selected",1390,300,"medium","M4",0.864218950271606,FALSE,FALSE
"GMAC","selected",1391,670,"medium","M0.1",2.28818202018738,FALSE,FALSE
"GMAC","selected",1392,670,"medium","M1.1",2.68295788764954,FALSE,FALSE
"GMAC","selected",1393,670,"medium","M2.1",2.20162510871887,FALSE,FALSE
"GMAC","selected",1394,670,"medium","M3",1.17993783950806,FALSE,FALSE
"GMAC","selected",1395,670,"medium","M4",3.77089595794678,FALSE,FALSE
"GMAC","selected",1396,1000,"medium","M0.1",2.68261003494263,FALSE,FALSE
"GMAC","selected",1397,1000,"medium","M1.1",5.25595307350159,FALSE,FALSE
"GMAC","selected",1398,1000,"medium","M2.1",2.87156796455383,FALSE,FALSE
"GMAC","selected",1399,1000,"medium","M3",1.30810904502869,FALSE,FALSE
"GMAC","selected",1400,1000,"medium","M4",3.13903403282166,FALSE,FALSE
"GMAC","selected",1401,50,"large","M0.1",0.460305213928223,FALSE,FALSE
"GMAC","selected",1402,50,"large","M1.1",0.421785116195679,FALSE,FALSE
"GMAC","selected",1403,50,"large","M2.1",0.445317983627319,FALSE,FALSE
"GMAC","selected",1404,50,"large","M3",0.356297016143799,FALSE,FALSE
"GMAC","selected",1405,50,"large","M4",0.416570901870728,FALSE,FALSE
"GMAC","selected",1406,150,"large","M0.1",0.364351034164429,FALSE,FALSE
"GMAC","selected",1407,150,"large","M1.1",0.364806890487671,FALSE,FALSE
"GMAC","selected",1408,150,"large","M2.1",0.27513313293457,FALSE,FALSE
"GMAC","selected",1409,150,"large","M3",0.305105924606323,FALSE,FALSE
"GMAC","selected",1410,150,"large","M4",0.342475175857544,FALSE,FALSE
"GMAC","selected",1411,300,"large","M0.1",1.24342799186707,FALSE,FALSE
"GMAC","selected",1412,300,"large","M1.1",0.615676879882812,FALSE,FALSE
"GMAC","selected",1413,300,"large","M2.1",0.453145027160645,FALSE,FALSE
"GMAC","selected",1414,300,"large","M3",0.492148876190186,FALSE,FALSE
"GMAC","selected",1415,300,"large","M4",0.883502006530762,FALSE,FALSE
"GMAC","selected",1416,670,"large","M0.1",3.21922183036804,FALSE,FALSE
"GMAC","selected",1417,670,"large","M1.1",2.02352905273438,FALSE,FALSE
"GMAC","selected",1418,670,"large","M2.1",3.28867483139038,FALSE,FALSE
"GMAC","selected",1419,670,"large","M3",1.82382082939148,FALSE,FALSE
"GMAC","selected",1420,670,"large","M4",1.05448484420776,FALSE,FALSE
"GMAC","selected",1421,1000,"large","M0.1",2.26394104957581,FALSE,FALSE
"GMAC","selected",1422,1000,"large","M1.1",1.76560997962952,FALSE,FALSE
"GMAC","selected",1423,1000,"large","M2.1",2.02343606948853,FALSE,FALSE
"GMAC","selected",1424,1000,"large","M3",2.4858021736145,FALSE,FALSE
"GMAC","selected",1425,1000,"large","M4",4.00147008895874,FALSE,FALSE
"GMAC","selected",1426,50,"small","M0.1",0.440542936325073,FALSE,FALSE
"GMAC","selected",1427,50,"small","M1.1",0.743850946426392,FALSE,FALSE
"GMAC","selected",1428,50,"small","M2.1",0.476290941238403,FALSE,FALSE
"GMAC","selected",1429,50,"small","M3",0.408432006835938,FALSE,FALSE
"GMAC","selected",1430,50,"small","M4",0.413639068603516,FALSE,FALSE
"GMAC","selected",1431,150,"small","M0.1",0.240273952484131,FALSE,FALSE
"GMAC","selected",1432,150,"small","M1.1",0.217767953872681,FALSE,FALSE
"GMAC","selected",1433,150,"small","M2.1",0.399183988571167,FALSE,FALSE
"GMAC","selected",1434,150,"small","M3",0.324181079864502,FALSE,FALSE
"GMAC","selected",1435,150,"small","M4",0.221840858459473,FALSE,FALSE
"GMAC","selected",1436,300,"small","M0.1",0.871644020080566,FALSE,FALSE
"GMAC","selected",1437,300,"small","M1.1",0.827387809753418,FALSE,FALSE
"GMAC","selected",1438,300,"small","M2.1",0.943516969680786,FALSE,FALSE
"GMAC","selected",1439,300,"small","M3",0.634024143218994,FALSE,FALSE
"GMAC","selected",1440,300,"small","M4",0.944891929626465,FALSE,FALSE
"GMAC","selected",1441,670,"small","M0.1",4.94176197052002,FALSE,FALSE
"GMAC","selected",1442,670,"small","M1.1",2.04482102394104,FALSE,FALSE
"GMAC","selected",1443,670,"small","M2.1",1.61165904998779,FALSE,FALSE
"GMAC","selected",1444,670,"small","M3",4.06812191009521,FALSE,FALSE
"GMAC","selected",1445,670,"small","M4",6.85637497901917,FALSE,FALSE
"GMAC","selected",1446,1000,"small","M0.1",2.64838194847107,FALSE,FALSE
"GMAC","selected",1447,1000,"small","M1.1",2.0168559551239,FALSE,FALSE
"GMAC","selected",1448,1000,"small","M2.1",2.73336911201477,FALSE,FALSE
"GMAC","selected",1449,1000,"small","M3",2.91836094856262,FALSE,FALSE
"GMAC","selected",1450,1000,"small","M4",4.02375793457031,FALSE,FALSE
"GMAC","selected",1451,50,"medium","M0.1",0.386477947235107,FALSE,FALSE
"GMAC","selected",1452,50,"medium","M1.1",0.313726186752319,FALSE,FALSE
"GMAC","selected",1453,50,"medium","M2.1",0.393648862838745,FALSE,FALSE
"GMAC","selected",1454,50,"medium","M3",0.464102983474731,FALSE,FALSE
"GMAC","selected",1455,50,"medium","M4",0.3924880027771,FALSE,FALSE
"GMAC","selected",1456,150,"medium","M0.1",0.52292013168335,FALSE,FALSE
"GMAC","selected",1457,150,"medium","M1.1",0.368220090866089,FALSE,FALSE
"GMAC","selected",1458,150,"medium","M2.1",0.39964485168457,FALSE,FALSE
"GMAC","selected",1459,150,"medium","M3",0.33442497253418,FALSE,FALSE
"GMAC","selected",1460,150,"medium","M4",0.414519071578979,FALSE,FALSE
"GMAC","selected",1461,300,"medium","M0.1",0.541515827178955,FALSE,FALSE
"GMAC","selected",1462,300,"medium","M1.1",0.804195880889893,FALSE,FALSE
"GMAC","selected",1463,300,"medium","M2.1",0.795313119888306,FALSE,FALSE
"GMAC","selected",1464,300,"medium","M3",0.522888898849487,FALSE,FALSE
"GMAC","selected",1465,300,"medium","M4",0.412248134613037,FALSE,FALSE
"GMAC","selected",1466,670,"medium","M0.1",2.97444701194763,FALSE,FALSE
"GMAC","selected",1467,670,"medium","M1.1",9.9553918838501,FALSE,FALSE
"GMAC","selected",1468,670,"medium","M2.1",3.27792000770569,FALSE,FALSE
"GMAC","selected",1469,670,"medium","M3",2.24355888366699,FALSE,FALSE
"GMAC","selected",1470,670,"medium","M4",7.15220284461975,FALSE,FALSE
"GMAC","selected",1471,1000,"medium","M0.1",1.47371196746826,FALSE,FALSE
"GMAC","selected",1472,1000,"medium","M1.1",4.16585183143616,FALSE,FALSE
"GMAC","selected",1473,1000,"medium","M2.1",1.79806709289551,FALSE,FALSE
"GMAC","selected",1474,1000,"medium","M3",2.06275296211243,FALSE,FALSE
"GMAC","selected",1475,1000,"medium","M4",1.28878903388977,FALSE,FALSE
"GMAC","selected",1476,50,"large","M0.1",0.386261940002441,FALSE,FALSE
"GMAC","selected",1477,50,"large","M1.1",0.362694025039673,FALSE,FALSE
"GMAC","selected",1478,50,"large","M2.1",0.404231786727905,FALSE,FALSE
"GMAC","selected",1479,50,"large","M3",0.381790161132812,FALSE,FALSE
"GMAC","selected",1480,50,"large","M4",0.487764835357666,FALSE,FALSE
"GMAC","selected",1481,150,"large","M0.1",0.330602884292603,FALSE,FALSE
"GMAC","selected",1482,150,"large","M1.1",0.27134108543396,FALSE,FALSE
"GMAC","selected",1483,150,"large","M2.1",0.245949983596802,FALSE,FALSE
"GMAC","selected",1484,150,"large","M3",0.252288818359375,FALSE,FALSE
"GMAC","selected",1485,150,"large","M4",0.229943037033081,FALSE,FALSE
"GMAC","selected",1486,300,"large","M0.1",0.868674039840698,FALSE,FALSE
"GMAC","selected",1487,300,"large","M1.1",0.727954864501953,FALSE,FALSE
"GMAC","selected",1488,300,"large","M2.1",0.647675037384033,FALSE,FALSE
"GMAC","selected",1489,300,"large","M3",0.639322996139526,FALSE,FALSE
"GMAC","selected",1490,300,"large","M4",0.554566860198975,FALSE,FALSE
"GMAC","selected",1491,670,"large","M0.1",5.54894208908081,FALSE,FALSE
"GMAC","selected",1492,670,"large","M1.1",3.08283495903015,FALSE,FALSE
"GMAC","selected",1493,670,"large","M2.1",4.37653589248657,FALSE,FALSE
"GMAC","selected",1494,670,"large","M3",7.47194504737854,FALSE,FALSE
"GMAC","selected",1495,670,"large","M4",3.25450396537781,FALSE,FALSE
"GMAC","selected",1496,1000,"large","M0.1",2.71388101577759,FALSE,FALSE
"GMAC","selected",1497,1000,"large","M1.1",1.03129410743713,FALSE,FALSE
"GMAC","selected",1498,1000,"large","M2.1",0.992118120193481,FALSE,FALSE
"GMAC","selected",1499,1000,"large","M3",0.775723934173584,FALSE,FALSE
"GMAC","selected",1500,1000,"large","M4",2.98315191268921,FALSE,FALSE
"MR-GGI","none",1,50,"small","M0.1",0.0454049110412598,FALSE,FALSE
"MR-GGI","none",2,50,"small","M1.1",0.0198991298675537,FALSE,FALSE
"MR-GGI","none",3,50,"small","M2.1",0.017815113067627,FALSE,FALSE
"MR-GGI","none",4,50,"small","M3",0.0226860046386719,FALSE,FALSE
"MR-GGI","none",5,50,"small","M4",0.0259590148925781,FALSE,FALSE
"MR-GGI","none",6,150,"small","M0.1",0.0370109081268311,FALSE,FALSE
"MR-GGI","none",7,150,"small","M1.1",0.0152480602264404,FALSE,FALSE
"MR-GGI","none",8,150,"small","M2.1",0.0734219551086426,FALSE,FALSE
"MR-GGI","none",9,150,"small","M3",0.0633280277252197,FALSE,FALSE
"MR-GGI","none",10,150,"small","M4",0.0161898136138916,FALSE,FALSE
"MR-GGI","none",11,300,"small","M0.1",0.0139801502227783,FALSE,FALSE
"MR-GGI","none",12,300,"small","M1.1",0.0217587947845459,FALSE,FALSE
"MR-GGI","none",13,300,"small","M2.1",0.0112481117248535,FALSE,FALSE
"MR-GGI","none",14,300,"small","M3",0.0106258392333984,FALSE,FALSE
"MR-GGI","none",15,300,"small","M4",0.0262088775634766,FALSE,FALSE
"MR-GGI","none",16,670,"small","M0.1",0.0567879676818848,FALSE,FALSE
"MR-GGI","none",17,670,"small","M1.1",0.0240230560302734,FALSE,FALSE
"MR-GGI","none",18,670,"small","M2.1",0.0412869453430176,FALSE,FALSE
"MR-GGI","none",19,670,"small","M3",0.015963077545166,FALSE,FALSE
"MR-GGI","none",20,670,"small","M4",0.0543880462646484,FALSE,FALSE
"MR-GGI","none",21,1000,"small","M0.1",0.0217411518096924,FALSE,FALSE
"MR-GGI","none",22,1000,"small","M1.1",0.0248210430145264,FALSE,FALSE
"MR-GGI","none",23,1000,"small","M2.1",0.01397705078125,FALSE,FALSE
"MR-GGI","none",24,1000,"small","M3",0.0167770385742188,FALSE,FALSE
"MR-GGI","none",25,1000,"small","M4",0.0280098915100098,FALSE,FALSE
"MR-GGI","none",26,50,"medium","M0.1",0.0218729972839355,FALSE,FALSE
"MR-GGI","none",27,50,"medium","M1.1",0.0239419937133789,FALSE,FALSE
"MR-GGI","none",28,50,"medium","M2.1",0.0219411849975586,FALSE,FALSE
"MR-GGI","none",29,50,"medium","M3",0.0233018398284912,FALSE,FALSE
"MR-GGI","none",30,50,"medium","M4",0.016549825668335,FALSE,FALSE
"MR-GGI","none",31,150,"medium","M0.1",0.0741429328918457,FALSE,FALSE
"MR-GGI","none",32,150,"medium","M1.1",0.225845813751221,FALSE,FALSE
"MR-GGI","none",33,150,"medium","M2.1",0.0307130813598633,FALSE,FALSE
"MR-GGI","none",34,150,"medium","M3",0.190507888793945,FALSE,FALSE
"MR-GGI","none",35,150,"medium","M4",0.212863922119141,FALSE,FALSE
"MR-GGI","none",36,300,"medium","M0.1",0.00870418548583984,FALSE,FALSE
"MR-GGI","none",37,300,"medium","M1.1",0.0139501094818115,FALSE,FALSE
"MR-GGI","none",38,300,"medium","M2.1",0.0258920192718506,FALSE,FALSE
"MR-GGI","none",39,300,"medium","M3",0.021245002746582,FALSE,FALSE
"MR-GGI","none",40,300,"medium","M4",0.0155889987945557,FALSE,FALSE
"MR-GGI","none",41,670,"medium","M0.1",0.0289640426635742,FALSE,FALSE
"MR-GGI","none",42,670,"medium","M1.1",0.0662870407104492,FALSE,FALSE
"MR-GGI","none",43,670,"medium","M2.1",0.0670919418334961,FALSE,FALSE
"MR-GGI","none",44,670,"medium","M3",0.0707340240478516,FALSE,FALSE
"MR-GGI","none",45,670,"medium","M4",0.120575904846191,FALSE,FALSE
"MR-GGI","none",46,1000,"medium","M0.1",0.0115950107574463,FALSE,FALSE
"MR-GGI","none",47,1000,"medium","M1.1",0.0236961841583252,FALSE,FALSE
"MR-GGI","none",48,1000,"medium","M2.1",0.0292208194732666,FALSE,FALSE
"MR-GGI","none",49,1000,"medium","M3",0.0167000293731689,FALSE,FALSE
"MR-GGI","none",50,1000,"medium","M4",0.0238728523254395,FALSE,FALSE
"MR-GGI","none",51,50,"large","M0.1",0.0226500034332275,FALSE,FALSE
"MR-GGI","none",52,50,"large","M1.1",0.0208079814910889,FALSE,FALSE
"MR-GGI","none",53,50,"large","M2.1",0.02227783203125,FALSE,FALSE
"MR-GGI","none",54,50,"large","M3",0.0245430469512939,FALSE,FALSE
"MR-GGI","none",55,50,"large","M4",0.0254020690917969,FALSE,FALSE
"MR-GGI","none",56,150,"large","M0.1",0.0203769207000732,FALSE,FALSE
"MR-GGI","none",57,150,"large","M1.1",0.0811691284179688,FALSE,FALSE
"MR-GGI","none",58,150,"large","M2.1",0.226797819137573,FALSE,FALSE
"MR-GGI","none",59,150,"large","M3",0.020007848739624,FALSE,FALSE
"MR-GGI","none",60,150,"large","M4",0.221817016601562,FALSE,FALSE
"MR-GGI","none",61,300,"large","M0.1",0.0305008888244629,FALSE,FALSE
"MR-GGI","none",62,300,"large","M1.1",0.0179939270019531,FALSE,FALSE
"MR-GGI","none",63,300,"large","M2.1",0.0280191898345947,FALSE,FALSE
"MR-GGI","none",64,300,"large","M3",0.0311191082000732,FALSE,FALSE
"MR-GGI","none",65,300,"large","M4",0.0152289867401123,FALSE,FALSE
"MR-GGI","none",66,670,"large","M0.1",0.0117871761322021,FALSE,FALSE
"MR-GGI","none",67,670,"large","M1.1",0.176141023635864,FALSE,FALSE
"MR-GGI","none",68,670,"large","M2.1",0.115473031997681,FALSE,FALSE
"MR-GGI","none",69,670,"large","M3",0.143344879150391,FALSE,FALSE
"MR-GGI","none",70,670,"large","M4",0.170443058013916,FALSE,FALSE
"MR-GGI","none",71,1000,"large","M0.1",0.0415658950805664,FALSE,FALSE
"MR-GGI","none",72,1000,"large","M1.1",0.0192861557006836,FALSE,FALSE
"MR-GGI","none",73,1000,"large","M2.1",0.0241107940673828,FALSE,FALSE
"MR-GGI","none",74,1000,"large","M3",0.026522159576416,FALSE,FALSE
"MR-GGI","none",75,1000,"large","M4",0.0246031284332275,FALSE,FALSE
"MR-GGI","none",76,50,"small","M0.1",0.202763795852661,FALSE,FALSE
"MR-GGI","none",77,50,"small","M1.1",0.0169417858123779,FALSE,FALSE
"MR-GGI","none",78,50,"small","M2.1",0.022770881652832,FALSE,FALSE
"MR-GGI","none",79,50,"small","M3",0.0193560123443604,FALSE,FALSE
"MR-GGI","none",80,50,"small","M4",0.0178289413452148,FALSE,FALSE
"MR-GGI","none",81,150,"small","M0.1",0.0217669010162354,FALSE,FALSE
"MR-GGI","none",82,150,"small","M1.1",0.0220451354980469,FALSE,FALSE
"MR-GGI","none",83,150,"small","M2.1",0.0153839588165283,FALSE,FALSE
"MR-GGI","none",84,150,"small","M3",0.0226130485534668,FALSE,FALSE
"MR-GGI","none",85,150,"small","M4",0.0242910385131836,FALSE,FALSE
"MR-GGI","none",86,300,"small","M0.1",0.0249209403991699,FALSE,FALSE
"MR-GGI","none",87,300,"small","M1.1",0.0253880023956299,FALSE,FALSE
"MR-GGI","none",88,300,"small","M2.1",0.0224180221557617,FALSE,FALSE
"MR-GGI","none",89,300,"small","M3",0.0231339931488037,FALSE,FALSE
"MR-GGI","none",90,300,"small","M4",0.0253820419311523,FALSE,FALSE
"MR-GGI","none",91,670,"small","M0.1",0.105242013931274,FALSE,FALSE
"MR-GGI","none",92,670,"small","M1.1",0.0368640422821045,FALSE,FALSE
"MR-GGI","none",93,670,"small","M2.1",0.110914945602417,FALSE,FALSE
"MR-GGI","none",94,670,"small","M3",0.0648338794708252,FALSE,FALSE
"MR-GGI","none",95,670,"small","M4",0.025313138961792,FALSE,FALSE
"MR-GGI","none",96,1000,"small","M0.1",0.0296099185943604,FALSE,FALSE
"MR-GGI","none",97,1000,"small","M1.1",0.0280189514160156,FALSE,FALSE
"MR-GGI","none",98,1000,"small","M2.1",0.028576135635376,FALSE,FALSE
"MR-GGI","none",99,1000,"small","M3",0.0329291820526123,FALSE,FALSE
"MR-GGI","none",100,1000,"small","M4",0.0269649028778076,FALSE,FALSE
"MR-GGI","none",101,50,"medium","M0.1",0.0213401317596436,FALSE,FALSE
"MR-GGI","none",102,50,"medium","M1.1",0.0235729217529297,FALSE,FALSE
"MR-GGI","none",103,50,"medium","M2.1",0.0168349742889404,FALSE,FALSE
"MR-GGI","none",104,50,"medium","M3",0.0228321552276611,FALSE,FALSE
"MR-GGI","none",105,50,"medium","M4",0.0234019756317139,FALSE,FALSE
"MR-GGI","none",106,150,"medium","M0.1",0.0103549957275391,FALSE,FALSE
"MR-GGI","none",107,150,"medium","M1.1",0.0211100578308105,FALSE,FALSE
"MR-GGI","none",108,150,"medium","M2.1",0.0222921371459961,FALSE,FALSE
"MR-GGI","none",109,150,"medium","M3",0.0172719955444336,FALSE,FALSE
"MR-GGI","none",110,150,"medium","M4",0.0170118808746338,FALSE,FALSE
"MR-GGI","none",111,300,"medium","M0.1",0.0164351463317871,FALSE,FALSE
"MR-GGI","none",112,300,"medium","M1.1",0.0241398811340332,FALSE,FALSE
"MR-GGI","none",113,300,"medium","M2.1",0.0226399898529053,FALSE,FALSE
"MR-GGI","none",114,300,"medium","M3",0.0219929218292236,FALSE,FALSE
"MR-GGI","none",115,300,"medium","M4",0.0243270397186279,FALSE,FALSE
"MR-GGI","none",116,670,"medium","M0.1",0.0206711292266846,FALSE,FALSE
"MR-GGI","none",117,670,"medium","M1.1",0.0567328929901123,FALSE,FALSE
"MR-GGI","none",118,670,"medium","M2.1",0.151455163955688,FALSE,FALSE
"MR-GGI","none",119,670,"medium","M3",0.0309810638427734,FALSE,FALSE
"MR-GGI","none",120,670,"medium","M4",0.141998052597046,FALSE,FALSE
"MR-GGI","none",121,1000,"medium","M0.1",0.0299279689788818,FALSE,FALSE
"MR-GGI","none",122,1000,"medium","M1.1",0.0284528732299805,FALSE,FALSE
"MR-GGI","none",123,1000,"medium","M2.1",0.040708065032959,FALSE,FALSE
"MR-GGI","none",124,1000,"medium","M3",0.0287020206451416,FALSE,FALSE
"MR-GGI","none",125,1000,"medium","M4",0.0300099849700928,FALSE,FALSE
"MR-GGI","none",126,50,"large","M0.1",0.01236891746521,FALSE,FALSE
"MR-GGI","none",127,50,"large","M1.1",0.0329189300537109,FALSE,FALSE
"MR-GGI","none",128,50,"large","M2.1",0.028939962387085,FALSE,FALSE
"MR-GGI","none",129,50,"large","M3",0.0251710414886475,FALSE,FALSE
"MR-GGI","none",130,50,"large","M4",0.0216341018676758,FALSE,FALSE
"MR-GGI","none",131,150,"large","M0.1",0.0208809375762939,FALSE,FALSE
"MR-GGI","none",132,150,"large","M1.1",0.0182230472564697,FALSE,FALSE
"MR-GGI","none",133,150,"large","M2.1",0.0210728645324707,FALSE,FALSE
"MR-GGI","none",134,150,"large","M3",0.0261478424072266,FALSE,FALSE
"MR-GGI","none",135,150,"large","M4",0.00748205184936523,FALSE,FALSE
"MR-GGI","none",136,300,"large","M0.1",0.0230669975280762,FALSE,FALSE
"MR-GGI","none",137,300,"large","M1.1",0.0133099555969238,FALSE,FALSE
"MR-GGI","none",138,300,"large","M2.1",0.0244410037994385,FALSE,FALSE
"MR-GGI","none",139,300,"large","M3",0.0227420330047607,FALSE,FALSE
"MR-GGI","none",140,300,"large","M4",0.0187830924987793,FALSE,FALSE
"MR-GGI","none",141,670,"large","M0.1",0.149306058883667,FALSE,FALSE
"MR-GGI","none",142,670,"large","M1.1",0.0119609832763672,FALSE,FALSE
"MR-GGI","none",143,670,"large","M2.1",0.0167150497436523,FALSE,FALSE
"MR-GGI","none",144,670,"large","M3",0.0952379703521729,FALSE,FALSE
"MR-GGI","none",145,670,"large","M4",0.044827938079834,FALSE,FALSE
"MR-GGI","none",146,1000,"large","M0.1",0.0257468223571777,FALSE,FALSE
"MR-GGI","none",147,1000,"large","M1.1",0.01407790184021,FALSE,FALSE
"MR-GGI","none",148,1000,"large","M2.1",0.0340509414672852,FALSE,FALSE
"MR-GGI","none",149,1000,"large","M3",0.0384018421173096,FALSE,FALSE
"MR-GGI","none",150,1000,"large","M4",0.00651788711547852,FALSE,FALSE
"MR-GGI","none",151,50,"small","M0.1",0.0867578983306885,FALSE,FALSE
"MR-GGI","none",152,50,"small","M1.1",0.0246078968048096,FALSE,FALSE
"MR-GGI","none",153,50,"small","M2.1",0.020845890045166,FALSE,FALSE
"MR-GGI","none",154,50,"small","M3",0.0250051021575928,FALSE,FALSE
"MR-GGI","none",155,50,"small","M4",0.0278708934783936,FALSE,FALSE
"MR-GGI","none",156,150,"small","M0.1",0.015160083770752,FALSE,FALSE
"MR-GGI","none",157,150,"small","M1.1",0.0203258991241455,FALSE,FALSE
"MR-GGI","none",158,150,"small","M2.1",0.00602889060974121,FALSE,FALSE
"MR-GGI","none",159,150,"small","M3",0.00815105438232422,FALSE,FALSE
"MR-GGI","none",160,150,"small","M4",0.0170199871063232,FALSE,FALSE
"MR-GGI","none",161,300,"small","M0.1",0.00989103317260742,FALSE,FALSE
"MR-GGI","none",162,300,"small","M1.1",0.0157589912414551,FALSE,FALSE
"MR-GGI","none",163,300,"small","M2.1",0.00939297676086426,FALSE,FALSE
"MR-GGI","none",164,300,"small","M3",0.00740718841552734,FALSE,FALSE
"MR-GGI","none",165,300,"small","M4",0.0214920043945312,FALSE,FALSE
"MR-GGI","none",166,670,"small","M0.1",0.00878691673278809,FALSE,FALSE
"MR-GGI","none",167,670,"small","M1.1",0.0206089019775391,FALSE,FALSE
"MR-GGI","none",168,670,"small","M2.1",0.014843225479126,FALSE,FALSE
"MR-GGI","none",169,670,"small","M3",0.0315558910369873,FALSE,FALSE
"MR-GGI","none",170,670,"small","M4",0.0518758296966553,FALSE,FALSE
"MR-GGI","none",171,1000,"small","M0.1",0.0214221477508545,FALSE,FALSE
"MR-GGI","none",172,1000,"small","M1.1",0.0309579372406006,FALSE,FALSE
"MR-GGI","none",173,1000,"small","M2.1",0.0245318412780762,FALSE,FALSE
"MR-GGI","none",174,1000,"small","M3",0.0265638828277588,FALSE,FALSE
"MR-GGI","none",175,1000,"small","M4",0.0328569412231445,FALSE,FALSE
"MR-GGI","none",176,50,"medium","M0.1",0.0231990814208984,FALSE,FALSE
"MR-GGI","none",177,50,"medium","M1.1",0.0242691040039062,FALSE,FALSE
"MR-GGI","none",178,50,"medium","M2.1",0.0171010494232178,FALSE,FALSE
"MR-GGI","none",179,50,"medium","M3",0.0176842212677002,FALSE,FALSE
"MR-GGI","none",180,50,"medium","M4",0.0234191417694092,FALSE,FALSE
"MR-GGI","none",181,150,"medium","M0.1",0.00691008567810059,FALSE,FALSE
"MR-GGI","none",182,150,"medium","M1.1",0.012988805770874,FALSE,FALSE
"MR-GGI","none",183,150,"medium","M2.1",0.0213370323181152,FALSE,FALSE
"MR-GGI","none",184,150,"medium","M3",0.00895380973815918,FALSE,FALSE
"MR-GGI","none",185,150,"medium","M4",0.0377140045166016,FALSE,FALSE
"MR-GGI","none",186,300,"medium","M0.1",0.009368896484375,FALSE,FALSE
"MR-GGI","none",187,300,"medium","M1.1",0.0117049217224121,FALSE,FALSE
"MR-GGI","none",188,300,"medium","M2.1",0.0187690258026123,FALSE,FALSE
"MR-GGI","none",189,300,"medium","M3",0.0135860443115234,FALSE,FALSE
"MR-GGI","none",190,300,"medium","M4",0.0133368968963623,FALSE,FALSE
"MR-GGI","none",191,670,"medium","M0.1",0.0136919021606445,FALSE,FALSE
"MR-GGI","none",192,670,"medium","M1.1",0.0220730304718018,FALSE,FALSE
"MR-GGI","none",193,670,"medium","M2.1",0.0360720157623291,FALSE,FALSE
"MR-GGI","none",194,670,"medium","M3",0.0140008926391602,FALSE,FALSE
"MR-GGI","none",195,670,"medium","M4",0.0290930271148682,FALSE,FALSE
"MR-GGI","none",196,1000,"medium","M0.1",0.011667013168335,FALSE,FALSE
"MR-GGI","none",197,1000,"medium","M1.1",0.0185480117797852,FALSE,FALSE
"MR-GGI","none",198,1000,"medium","M2.1",0.032494068145752,FALSE,FALSE
"MR-GGI","none",199,1000,"medium","M3",0.017035961151123,FALSE,FALSE
"MR-GGI","none",200,1000,"medium","M4",0.0184831619262695,FALSE,FALSE
"MR-GGI","none",201,50,"large","M0.1",0.0278570652008057,FALSE,FALSE
"MR-GGI","none",202,50,"large","M1.1",0.0163230895996094,FALSE,FALSE
"MR-GGI","none",203,50,"large","M2.1",0.017693042755127,FALSE,FALSE
"MR-GGI","none",204,50,"large","M3",0.0230910778045654,FALSE,FALSE
"MR-GGI","none",205,50,"large","M4",0.0213329792022705,FALSE,FALSE
"MR-GGI","none",206,150,"large","M0.1",0.0103659629821777,FALSE,FALSE
"MR-GGI","none",207,150,"large","M1.1",0.00557994842529297,FALSE,FALSE
"MR-GGI","none",208,150,"large","M2.1",0.0182318687438965,FALSE,FALSE
"MR-GGI","none",209,150,"large","M3",0.0228710174560547,FALSE,FALSE
"MR-GGI","none",210,150,"large","M4",0.0108602046966553,FALSE,FALSE
"MR-GGI","none",211,300,"large","M0.1",0.11597204208374,FALSE,FALSE
"MR-GGI","none",212,300,"large","M1.1",0.0147318840026855,FALSE,FALSE
"MR-GGI","none",213,300,"large","M2.1",0.0166318416595459,FALSE,FALSE
"MR-GGI","none",214,300,"large","M3",0.0220561027526855,FALSE,FALSE
"MR-GGI","none",215,300,"large","M4",0.0141489505767822,FALSE,FALSE
"MR-GGI","none",216,670,"large","M0.1",0.0599219799041748,FALSE,FALSE
"MR-GGI","none",217,670,"large","M1.1",0.0210549831390381,FALSE,FALSE
"MR-GGI","none",218,670,"large","M2.1",0.015822172164917,FALSE,FALSE
"MR-GGI","none",219,670,"large","M3",0.0513541698455811,FALSE,FALSE
"MR-GGI","none",220,670,"large","M4",0.0181319713592529,FALSE,FALSE
"MR-GGI","none",221,1000,"large","M0.1",0.0290229320526123,FALSE,FALSE
"MR-GGI","none",222,1000,"large","M1.1",0.0216131210327148,FALSE,FALSE
"MR-GGI","none",223,1000,"large","M2.1",0.0198988914489746,FALSE,FALSE
"MR-GGI","none",224,1000,"large","M3",0.0239999294281006,FALSE,FALSE
"MR-GGI","none",225,1000,"large","M4",0.0215549468994141,FALSE,FALSE
"MR-GGI","none",226,50,"small","M0.1",0.0868871212005615,FALSE,FALSE
"MR-GGI","none",227,50,"small","M1.1",0.0172781944274902,FALSE,FALSE
"MR-GGI","none",228,50,"small","M2.1",0.0251049995422363,FALSE,FALSE
"MR-GGI","none",229,50,"small","M3",0.0230767726898193,FALSE,FALSE
"MR-GGI","none",230,50,"small","M4",0.0211920738220215,FALSE,FALSE
"MR-GGI","none",231,150,"small","M0.1",0.0213627815246582,FALSE,FALSE
"MR-GGI","none",232,150,"small","M1.1",0.0217509269714355,FALSE,FALSE
"MR-GGI","none",233,150,"small","M2.1",0.0197069644927979,FALSE,FALSE
"MR-GGI","none",234,150,"small","M3",0.0200850963592529,FALSE,FALSE
"MR-GGI","none",235,150,"small","M4",0.0318188667297363,FALSE,FALSE
"MR-GGI","none",236,300,"small","M0.1",0.0234940052032471,FALSE,FALSE
"MR-GGI","none",237,300,"small","M1.1",0.0229349136352539,FALSE,FALSE
"MR-GGI","none",238,300,"small","M2.1",0.0228798389434814,FALSE,FALSE
"MR-GGI","none",239,300,"small","M3",0.0251970291137695,FALSE,FALSE
"MR-GGI","none",240,300,"small","M4",0.0271980762481689,FALSE,FALSE
"MR-GGI","none",241,670,"small","M0.1",0.021014928817749,FALSE,FALSE
"MR-GGI","none",242,670,"small","M1.1",0.0175240039825439,FALSE,FALSE
"MR-GGI","none",243,670,"small","M2.1",0.0384359359741211,FALSE,FALSE
"MR-GGI","none",244,670,"small","M3",0.0210609436035156,FALSE,FALSE
"MR-GGI","none",245,670,"small","M4",0.0414109230041504,FALSE,FALSE
"MR-GGI","none",246,1000,"small","M0.1",0.0314121246337891,FALSE,FALSE
"MR-GGI","none",247,1000,"small","M1.1",0.0240139961242676,FALSE,FALSE
"MR-GGI","none",248,1000,"small","M2.1",0.0206389427185059,FALSE,FALSE
"MR-GGI","none",249,1000,"small","M3",0.033790111541748,FALSE,FALSE
"MR-GGI","none",250,1000,"small","M4",0.0338718891143799,FALSE,FALSE
"MR-GGI","none",251,50,"medium","M0.1",0.0224640369415283,FALSE,FALSE
"MR-GGI","none",252,50,"medium","M1.1",0.0226759910583496,FALSE,FALSE
"MR-GGI","none",253,50,"medium","M2.1",0.0266759395599365,FALSE,FALSE
"MR-GGI","none",254,50,"medium","M3",0.0142459869384766,FALSE,FALSE
"MR-GGI","none",255,50,"medium","M4",0.0174369812011719,FALSE,FALSE
"MR-GGI","none",256,150,"medium","M0.1",0.0154600143432617,FALSE,FALSE
"MR-GGI","none",257,150,"medium","M1.1",0.018704891204834,FALSE,FALSE
"MR-GGI","none",258,150,"medium","M2.1",0.0214412212371826,FALSE,FALSE
"MR-GGI","none",259,150,"medium","M3",0.0129008293151855,FALSE,FALSE
"MR-GGI","none",260,150,"medium","M4",0.0219728946685791,FALSE,FALSE
"MR-GGI","none",261,300,"medium","M0.1",0.0193619728088379,FALSE,FALSE
"MR-GGI","none",262,300,"medium","M1.1",0.0240418910980225,FALSE,FALSE
"MR-GGI","none",263,300,"medium","M2.1",0.0236380100250244,FALSE,FALSE
"MR-GGI","none",264,300,"medium","M3",0.0113060474395752,FALSE,FALSE
"MR-GGI","none",265,300,"medium","M4",0.0535650253295898,FALSE,FALSE
"MR-GGI","none",266,670,"medium","M0.1",0.0288238525390625,FALSE,FALSE
"MR-GGI","none",267,670,"medium","M1.1",0.0453200340270996,FALSE,FALSE
"MR-GGI","none",268,670,"medium","M2.1",0.0291779041290283,FALSE,FALSE
"MR-GGI","none",269,670,"medium","M3",0.0461199283599854,FALSE,FALSE
"MR-GGI","none",270,670,"medium","M4",0.0588431358337402,FALSE,FALSE
"MR-GGI","none",271,1000,"medium","M0.1",0.0280559062957764,FALSE,FALSE
"MR-GGI","none",272,1000,"medium","M1.1",0.180495977401733,FALSE,FALSE
"MR-GGI","none",273,1000,"medium","M2.1",0.0978682041168213,FALSE,FALSE
"MR-GGI","none",274,1000,"medium","M3",0.0179018974304199,FALSE,FALSE
"MR-GGI","none",275,1000,"medium","M4",0.0284340381622314,FALSE,FALSE
"MR-GGI","none",276,50,"large","M0.1",0.0263350009918213,FALSE,FALSE
"MR-GGI","none",277,50,"large","M1.1",0.016106128692627,FALSE,FALSE
"MR-GGI","none",278,50,"large","M2.1",0.0218839645385742,FALSE,FALSE
"MR-GGI","none",279,50,"large","M3",0.0219712257385254,FALSE,FALSE
"MR-GGI","none",280,50,"large","M4",0.0379800796508789,FALSE,FALSE
"MR-GGI","none",281,150,"large","M0.1",0.0208289623260498,FALSE,FALSE
"MR-GGI","none",282,150,"large","M1.1",0.0142991542816162,FALSE,FALSE
"MR-GGI","none",283,150,"large","M2.1",0.019122838973999,FALSE,FALSE
"MR-GGI","none",284,150,"large","M3",0.0210120677947998,FALSE,FALSE
"MR-GGI","none",285,150,"large","M4",0.0161919593811035,FALSE,FALSE
"MR-GGI","none",286,300,"large","M0.1",0.0234599113464355,FALSE,FALSE
"MR-GGI","none",287,300,"large","M1.1",0.0212869644165039,FALSE,FALSE
"MR-GGI","none",288,300,"large","M2.1",0.0277960300445557,FALSE,FALSE
"MR-GGI","none",289,300,"large","M3",0.0222880840301514,FALSE,FALSE
"MR-GGI","none",290,300,"large","M4",0.0137701034545898,FALSE,FALSE
"MR-GGI","none",291,670,"large","M0.1",0.0367259979248047,FALSE,FALSE
"MR-GGI","none",292,670,"large","M1.1",0.0293529033660889,FALSE,FALSE
"MR-GGI","none",293,670,"large","M2.1",0.0437119007110596,FALSE,FALSE
"MR-GGI","none",294,670,"large","M3",0.0310909748077393,FALSE,FALSE
"MR-GGI","none",295,670,"large","M4",0.0363950729370117,FALSE,FALSE
"MR-GGI","none",296,1000,"large","M0.1",0.0215868949890137,FALSE,FALSE
"MR-GGI","none",297,1000,"large","M1.1",0.0221970081329346,FALSE,FALSE
"MR-GGI","none",298,1000,"large","M2.1",0.0984599590301514,FALSE,FALSE
"MR-GGI","none",299,1000,"large","M3",0.147292137145996,FALSE,FALSE
"MR-GGI","none",300,1000,"large","M4",0.0233988761901855,FALSE,FALSE
"MR-GGI","none",301,50,"small","M0.1",0.212193965911865,FALSE,FALSE
"MR-GGI","none",302,50,"small","M1.1",0.025378942489624,FALSE,FALSE
"MR-GGI","none",303,50,"small","M2.1",0.0209958553314209,FALSE,FALSE
"MR-GGI","none",304,50,"small","M3",0.021204948425293,FALSE,FALSE
"MR-GGI","none",305,50,"small","M4",0.0160701274871826,FALSE,FALSE
"MR-GGI","none",306,150,"small","M0.1",0.00667309761047363,FALSE,FALSE
"MR-GGI","none",307,150,"small","M1.1",0.01957106590271,FALSE,FALSE
"MR-GGI","none",308,150,"small","M2.1",0.00531291961669922,FALSE,FALSE
"MR-GGI","none",309,150,"small","M3",0.00595593452453613,FALSE,FALSE
"MR-GGI","none",310,150,"small","M4",0.0108470916748047,FALSE,FALSE
"MR-GGI","none",311,300,"small","M0.1",0.0164141654968262,FALSE,FALSE
"MR-GGI","none",312,300,"small","M1.1",0.0194470882415771,FALSE,FALSE
"MR-GGI","none",313,300,"small","M2.1",0.00821590423583984,FALSE,FALSE
"MR-GGI","none",314,300,"small","M3",0.00883197784423828,FALSE,FALSE
"MR-GGI","none",315,300,"small","M4",0.017982006072998,FALSE,FALSE
"MR-GGI","none",316,670,"small","M0.1",0.0280230045318604,FALSE,FALSE
"MR-GGI","none",317,670,"small","M1.1",0.0570039749145508,FALSE,FALSE
"MR-GGI","none",318,670,"small","M2.1",0.0301320552825928,FALSE,FALSE
"MR-GGI","none",319,670,"small","M3",0.0329520702362061,FALSE,FALSE
"MR-GGI","none",320,670,"small","M4",0.0334160327911377,FALSE,FALSE
"MR-GGI","none",321,1000,"small","M0.1",0.0175812244415283,FALSE,FALSE
"MR-GGI","none",322,1000,"small","M1.1",0.0536749362945557,FALSE,FALSE
"MR-GGI","none",323,1000,"small","M2.1",0.021806001663208,FALSE,FALSE
"MR-GGI","none",324,1000,"small","M3",0.0151529312133789,FALSE,FALSE
"MR-GGI","none",325,1000,"small","M4",0.0227382183074951,FALSE,FALSE
"MR-GGI","none",326,50,"medium","M0.1",0.0273959636688232,FALSE,FALSE
"MR-GGI","none",327,50,"medium","M1.1",0.0180449485778809,FALSE,FALSE
"MR-GGI","none",328,50,"medium","M2.1",0.0211141109466553,FALSE,FALSE
"MR-GGI","none",329,50,"medium","M3",0.0236098766326904,FALSE,FALSE
"MR-GGI","none",330,50,"medium","M4",0.0222909450531006,FALSE,FALSE
"MR-GGI","none",331,150,"medium","M0.1",0.00619602203369141,FALSE,FALSE
"MR-GGI","none",332,150,"medium","M1.1",0.00609207153320312,FALSE,FALSE
"MR-GGI","none",333,150,"medium","M2.1",0.0179719924926758,FALSE,FALSE
"MR-GGI","none",334,150,"medium","M3",0.00665903091430664,FALSE,FALSE
"MR-GGI","none",335,150,"medium","M4",0.0121140480041504,FALSE,FALSE
"MR-GGI","none",336,300,"medium","M0.1",0.0100610256195068,FALSE,FALSE
"MR-GGI","none",337,300,"medium","M1.1",0.0146279335021973,FALSE,FALSE
"MR-GGI","none",338,300,"medium","M2.1",0.0238640308380127,FALSE,FALSE
"MR-GGI","none",339,300,"medium","M3",0.0148351192474365,FALSE,FALSE
"MR-GGI","none",340,300,"medium","M4",0.0184128284454346,FALSE,FALSE
"MR-GGI","none",341,670,"medium","M0.1",0.0307619571685791,FALSE,FALSE
"MR-GGI","none",342,670,"medium","M1.1",0.0336041450500488,FALSE,FALSE
"MR-GGI","none",343,670,"medium","M2.1",0.0204229354858398,FALSE,FALSE
"MR-GGI","none",344,670,"medium","M3",0.0402379035949707,FALSE,FALSE
"MR-GGI","none",345,670,"medium","M4",0.0408990383148193,FALSE,FALSE
"MR-GGI","none",346,1000,"medium","M0.1",0.0251541137695312,FALSE,FALSE
"MR-GGI","none",347,1000,"medium","M1.1",0.0156490802764893,FALSE,FALSE
"MR-GGI","none",348,1000,"medium","M2.1",0.0206770896911621,FALSE,FALSE
"MR-GGI","none",349,1000,"medium","M3",0.0308880805969238,FALSE,FALSE
"MR-GGI","none",350,1000,"medium","M4",0.0183849334716797,FALSE,FALSE
"MR-GGI","none",351,50,"large","M0.1",0.0256259441375732,FALSE,FALSE
"MR-GGI","none",352,50,"large","M1.1",0.0157818794250488,FALSE,FALSE
"MR-GGI","none",353,50,"large","M2.1",0.0244410037994385,FALSE,FALSE
"MR-GGI","none",354,50,"large","M3",0.0161871910095215,FALSE,FALSE
"MR-GGI","none",355,50,"large","M4",0.0178840160369873,FALSE,FALSE
"MR-GGI","none",356,150,"large","M0.1",0.02091383934021,FALSE,FALSE
"MR-GGI","none",357,150,"large","M1.1",0.0056910514831543,FALSE,FALSE
"MR-GGI","none",358,150,"large","M2.1",0.0314810276031494,FALSE,FALSE
"MR-GGI","none",359,150,"large","M3",0.0254237651824951,FALSE,FALSE
"MR-GGI","none",360,150,"large","M4",0.00907707214355469,FALSE,FALSE
"MR-GGI","none",361,300,"large","M0.1",0.0236151218414307,FALSE,FALSE
"MR-GGI","none",362,300,"large","M1.1",0.00849199295043945,FALSE,FALSE
"MR-GGI","none",363,300,"large","M2.1",0.0141561031341553,FALSE,FALSE
"MR-GGI","none",364,300,"large","M3",0.0229249000549316,FALSE,FALSE
"MR-GGI","none",365,300,"large","M4",0.0179469585418701,FALSE,FALSE
"MR-GGI","none",366,670,"large","M0.1",0.0211641788482666,FALSE,FALSE
"MR-GGI","none",367,670,"large","M1.1",0.0365030765533447,FALSE,FALSE
"MR-GGI","none",368,670,"large","M2.1",0.0543630123138428,FALSE,FALSE
"MR-GGI","none",369,670,"large","M3",0.040891170501709,FALSE,FALSE
"MR-GGI","none",370,670,"large","M4",0.0780038833618164,FALSE,FALSE
"MR-GGI","none",371,1000,"large","M0.1",0.022737979888916,FALSE,FALSE
"MR-GGI","none",372,1000,"large","M1.1",0.0215959548950195,FALSE,FALSE
"MR-GGI","none",373,1000,"large","M2.1",0.0219578742980957,FALSE,FALSE
"MR-GGI","none",374,1000,"large","M3",0.0306060314178467,FALSE,FALSE
"MR-GGI","none",375,1000,"large","M4",0.0233302116394043,FALSE,FALSE
"MR-GGI","none",376,50,"small","M0.1",0.094221830368042,FALSE,FALSE
"MR-GGI","none",377,50,"small","M1.1",0.0388081073760986,FALSE,FALSE
"MR-GGI","none",378,50,"small","M2.1",0.013969898223877,FALSE,FALSE
"MR-GGI","none",379,50,"small","M3",0.0189850330352783,FALSE,FALSE
"MR-GGI","none",380,50,"small","M4",0.0231010913848877,FALSE,FALSE
"MR-GGI","none",381,150,"small","M0.1",0.0199558734893799,FALSE,FALSE
"MR-GGI","none",382,150,"small","M1.1",0.0197689533233643,FALSE,FALSE
"MR-GGI","none",383,150,"small","M2.1",0.0288221836090088,FALSE,FALSE
"MR-GGI","none",384,150,"small","M3",0.0237288475036621,FALSE,FALSE
"MR-GGI","none",385,150,"small","M4",0.0204079151153564,FALSE,FALSE
"MR-GGI","none",386,300,"small","M0.1",0.023838996887207,FALSE,FALSE
"MR-GGI","none",387,300,"small","M1.1",0.0226981639862061,FALSE,FALSE
"MR-GGI","none",388,300,"small","M2.1",0.0187468528747559,FALSE,FALSE
"MR-GGI","none",389,300,"small","M3",0.0228149890899658,FALSE,FALSE
"MR-GGI","none",390,300,"small","M4",0.0302269458770752,FALSE,FALSE
"MR-GGI","none",391,670,"small","M0.1",0.0139429569244385,FALSE,FALSE
"MR-GGI","none",392,670,"small","M1.1",0.0318899154663086,FALSE,FALSE
"MR-GGI","none",393,670,"small","M2.1",0.0812101364135742,FALSE,FALSE
"MR-GGI","none",394,670,"small","M3",0.0597851276397705,FALSE,FALSE
"MR-GGI","none",395,670,"small","M4",0.112658023834229,FALSE,FALSE
"MR-GGI","none",396,1000,"small","M0.1",0.0296239852905273,FALSE,FALSE
"MR-GGI","none",397,1000,"small","M1.1",0.0442771911621094,FALSE,FALSE
"MR-GGI","none",398,1000,"small","M2.1",0.0264270305633545,FALSE,FALSE
"MR-GGI","none",399,1000,"small","M3",0.0463199615478516,FALSE,FALSE
"MR-GGI","none",400,1000,"small","M4",0.0281779766082764,FALSE,FALSE
"MR-GGI","none",401,50,"medium","M0.1",0.0232558250427246,FALSE,FALSE
"MR-GGI","none",402,50,"medium","M1.1",0.0168170928955078,FALSE,FALSE
"MR-GGI","none",403,50,"medium","M2.1",0.0167138576507568,FALSE,FALSE
"MR-GGI","none",404,50,"medium","M3",0.0174570083618164,FALSE,FALSE
"MR-GGI","none",405,50,"medium","M4",0.0166389942169189,FALSE,FALSE
"MR-GGI","none",406,150,"medium","M0.1",0.00921201705932617,FALSE,FALSE
"MR-GGI","none",407,150,"medium","M1.1",0.0218050479888916,FALSE,FALSE
"MR-GGI","none",408,150,"medium","M2.1",0.0199239253997803,FALSE,FALSE
"MR-GGI","none",409,150,"medium","M3",0.0120258331298828,FALSE,FALSE
"MR-GGI","none",410,150,"medium","M4",0.0133919715881348,FALSE,FALSE
"MR-GGI","none",411,300,"medium","M0.1",0.0186359882354736,FALSE,FALSE
"MR-GGI","none",412,300,"medium","M1.1",0.0232470035552979,FALSE,FALSE
"MR-GGI","none",413,300,"medium","M2.1",0.0225129127502441,FALSE,FALSE
"MR-GGI","none",414,300,"medium","M3",0.0213949680328369,FALSE,FALSE
"MR-GGI","none",415,300,"medium","M4",0.0212318897247314,FALSE,FALSE
"MR-GGI","none",416,670,"medium","M0.1",0.0917229652404785,FALSE,FALSE
"MR-GGI","none",417,670,"medium","M1.1",0.153970956802368,FALSE,FALSE
"MR-GGI","none",418,670,"medium","M2.1",0.0314569473266602,FALSE,FALSE
"MR-GGI","none",419,670,"medium","M3",0.033998966217041,FALSE,FALSE
"MR-GGI","none",420,670,"medium","M4",0.0234780311584473,FALSE,FALSE
"MR-GGI","none",421,1000,"medium","M0.1",0.0290451049804688,FALSE,FALSE
"MR-GGI","none",422,1000,"medium","M1.1",0.0309379100799561,FALSE,FALSE
"MR-GGI","none",423,1000,"medium","M2.1",0.0274732112884521,FALSE,FALSE
"MR-GGI","none",424,1000,"medium","M3",0.0230090618133545,FALSE,FALSE
"MR-GGI","none",425,1000,"medium","M4",0.0314409732818604,FALSE,FALSE
"MR-GGI","none",426,50,"large","M0.1",0.0176079273223877,FALSE,FALSE
"MR-GGI","none",427,50,"large","M1.1",0.023061990737915,FALSE,FALSE
"MR-GGI","none",428,50,"large","M2.1",0.0221951007843018,FALSE,FALSE
"MR-GGI","none",429,50,"large","M3",0.0275230407714844,FALSE,FALSE
"MR-GGI","none",430,50,"large","M4",0.0169730186462402,FALSE,FALSE
"MR-GGI","none",431,150,"large","M0.1",0.0213229656219482,FALSE,FALSE
"MR-GGI","none",432,150,"large","M1.1",0.0144731998443604,FALSE,FALSE
"MR-GGI","none",433,150,"large","M2.1",0.0245208740234375,FALSE,FALSE
"MR-GGI","none",434,150,"large","M3",0.0203828811645508,FALSE,FALSE
"MR-GGI","none",435,150,"large","M4",0.00748991966247559,FALSE,FALSE
"MR-GGI","none",436,300,"large","M0.1",0.0233938694000244,FALSE,FALSE
"MR-GGI","none",437,300,"large","M1.1",0.016974925994873,FALSE,FALSE
"MR-GGI","none",438,300,"large","M2.1",0.0238180160522461,FALSE,FALSE
"MR-GGI","none",439,300,"large","M3",0.0221779346466064,FALSE,FALSE
"MR-GGI","none",440,300,"large","M4",0.0266680717468262,FALSE,FALSE
"MR-GGI","none",441,670,"large","M0.1",0.011415958404541,FALSE,FALSE
"MR-GGI","none",442,670,"large","M1.1",0.0185220241546631,FALSE,FALSE
"MR-GGI","none",443,670,"large","M2.1",0.0238549709320068,FALSE,FALSE
"MR-GGI","none",444,670,"large","M3",0.0281500816345215,FALSE,FALSE
"MR-GGI","none",445,670,"large","M4",0.0166990756988525,FALSE,FALSE
"MR-GGI","none",446,1000,"large","M0.1",0.0289170742034912,FALSE,FALSE
"MR-GGI","none",447,1000,"large","M1.1",0.0130031108856201,FALSE,FALSE
"MR-GGI","none",448,1000,"large","M2.1",0.0312697887420654,FALSE,FALSE
"MR-GGI","none",449,1000,"large","M3",0.0297849178314209,FALSE,FALSE
"MR-GGI","none",450,1000,"large","M4",0.0255260467529297,FALSE,FALSE
"MR-GGI","none",451,50,"small","M0.1",0.167849063873291,FALSE,FALSE
"MR-GGI","none",452,50,"small","M1.1",0.0226330757141113,FALSE,FALSE
"MR-GGI","none",453,50,"small","M2.1",0.0172929763793945,FALSE,FALSE
"MR-GGI","none",454,50,"small","M3",0.022252082824707,FALSE,FALSE
"MR-GGI","none",455,50,"small","M4",0.016024112701416,FALSE,FALSE
"MR-GGI","none",456,150,"small","M0.1",0.00815796852111816,FALSE,FALSE
"MR-GGI","none",457,150,"small","M1.1",0.0271050930023193,FALSE,FALSE
"MR-GGI","none",458,150,"small","M2.1",0.00955080986022949,FALSE,FALSE
"MR-GGI","none",459,150,"small","M3",0.0121901035308838,FALSE,FALSE
"MR-GGI","none",460,150,"small","M4",0.0170497894287109,FALSE,FALSE
"MR-GGI","none",461,300,"small","M0.1",0.0150649547576904,FALSE,FALSE
"MR-GGI","none",462,300,"small","M1.1",0.0179738998413086,FALSE,FALSE
"MR-GGI","none",463,300,"small","M2.1",0.0145149230957031,FALSE,FALSE
"MR-GGI","none",464,300,"small","M3",0.0133600234985352,FALSE,FALSE
"MR-GGI","none",465,300,"small","M4",0.017909049987793,FALSE,FALSE
"MR-GGI","none",466,670,"small","M0.1",0.0272300243377686,FALSE,FALSE
"MR-GGI","none",467,670,"small","M1.1",0.0200889110565186,FALSE,FALSE
"MR-GGI","none",468,670,"small","M2.1",0.0750010013580322,FALSE,FALSE
"MR-GGI","none",469,670,"small","M3",0.0801448822021484,FALSE,FALSE
"MR-GGI","none",470,670,"small","M4",0.130916118621826,FALSE,FALSE
"MR-GGI","none",471,1000,"small","M0.1",0.0321040153503418,FALSE,FALSE
"MR-GGI","none",472,1000,"small","M1.1",0.0233249664306641,FALSE,FALSE
"MR-GGI","none",473,1000,"small","M2.1",0.0127530097961426,FALSE,FALSE
"MR-GGI","none",474,1000,"small","M3",0.0313220024108887,FALSE,FALSE
"MR-GGI","none",475,1000,"small","M4",0.0304200649261475,FALSE,FALSE
"MR-GGI","none",476,50,"medium","M0.1",0.0281119346618652,FALSE,FALSE
"MR-GGI","none",477,50,"medium","M1.1",0.0201261043548584,FALSE,FALSE
"MR-GGI","none",478,50,"medium","M2.1",0.0215520858764648,FALSE,FALSE
"MR-GGI","none",479,50,"medium","M3",0.0223209857940674,FALSE,FALSE
"MR-GGI","none",480,50,"medium","M4",0.0224709510803223,FALSE,FALSE
"MR-GGI","none",481,150,"medium","M0.1",0.022226095199585,FALSE,FALSE
"MR-GGI","none",482,150,"medium","M1.1",0.0755529403686523,FALSE,FALSE
"MR-GGI","none",483,150,"medium","M2.1",0.0161280632019043,FALSE,FALSE
"MR-GGI","none",484,150,"medium","M3",0.0175340175628662,FALSE,FALSE
"MR-GGI","none",485,150,"medium","M4",0.010807991027832,FALSE,FALSE
"MR-GGI","none",486,300,"medium","M0.1",0.00971007347106934,FALSE,FALSE
"MR-GGI","none",487,300,"medium","M1.1",0.0132348537445068,FALSE,FALSE
"MR-GGI","none",488,300,"medium","M2.1",0.0169258117675781,FALSE,FALSE
"MR-GGI","none",489,300,"medium","M3",0.0124928951263428,FALSE,FALSE
"MR-GGI","none",490,300,"medium","M4",0.0339400768280029,FALSE,FALSE
"MR-GGI","none",491,670,"medium","M0.1",0.127411127090454,FALSE,FALSE
"MR-GGI","none",492,670,"medium","M1.1",0.120429039001465,FALSE,FALSE
"MR-GGI","none",493,670,"medium","M2.1",0.0241270065307617,FALSE,FALSE
"MR-GGI","none",494,670,"medium","M3",0.0492711067199707,FALSE,FALSE
"MR-GGI","none",495,670,"medium","M4",0.188575983047485,FALSE,FALSE
"MR-GGI","none",496,1000,"medium","M0.1",0.0462479591369629,FALSE,FALSE
"MR-GGI","none",497,1000,"medium","M1.1",0.022266149520874,FALSE,FALSE
"MR-GGI","none",498,1000,"medium","M2.1",0.0328271389007568,FALSE,FALSE
"MR-GGI","none",499,1000,"medium","M3",0.0282459259033203,FALSE,FALSE
"MR-GGI","none",500,1000,"medium","M4",0.0172929763793945,FALSE,FALSE
"MR-GGI","none",501,50,"large","M0.1",0.0237360000610352,FALSE,FALSE
"MR-GGI","none",502,50,"large","M1.1",0.0237820148468018,FALSE,FALSE
"MR-GGI","none",503,50,"large","M2.1",0.0219020843505859,FALSE,FALSE
"MR-GGI","none",504,50,"large","M3",0.0166101455688477,FALSE,FALSE
"MR-GGI","none",505,50,"large","M4",0.0260400772094727,FALSE,FALSE
"MR-GGI","none",506,150,"large","M0.1",0.0194108486175537,FALSE,FALSE
"MR-GGI","none",507,150,"large","M1.1",0.0126819610595703,FALSE,FALSE
"MR-GGI","none",508,150,"large","M2.1",0.0497939586639404,FALSE,FALSE
"MR-GGI","none",509,150,"large","M3",0.0220010280609131,FALSE,FALSE
"MR-GGI","none",510,150,"large","M4",0.0138740539550781,FALSE,FALSE
"MR-GGI","none",511,300,"large","M0.1",0.0245230197906494,FALSE,FALSE
"MR-GGI","none",512,300,"large","M1.1",0.0128169059753418,FALSE,FALSE
"MR-GGI","none",513,300,"large","M2.1",0.0131669044494629,FALSE,FALSE
"MR-GGI","none",514,300,"large","M3",0.0179479122161865,FALSE,FALSE
"MR-GGI","none",515,300,"large","M4",0.0151400566101074,FALSE,FALSE
"MR-GGI","none",516,670,"large","M0.1",0.028130054473877,FALSE,FALSE
"MR-GGI","none",517,670,"large","M1.1",0.186723947525024,FALSE,FALSE
"MR-GGI","none",518,670,"large","M2.1",0.15550708770752,FALSE,FALSE
"MR-GGI","none",519,670,"large","M3",0.0264871120452881,FALSE,FALSE
"MR-GGI","none",520,670,"large","M4",0.101554870605469,FALSE,FALSE
"MR-GGI","none",521,1000,"large","M0.1",0.0543761253356934,FALSE,FALSE
"MR-GGI","none",522,1000,"large","M1.1",0.0168209075927734,FALSE,FALSE
"MR-GGI","none",523,1000,"large","M2.1",0.0188159942626953,FALSE,FALSE
"MR-GGI","none",524,1000,"large","M3",0.0209760665893555,FALSE,FALSE
"MR-GGI","none",525,1000,"large","M4",0.0199940204620361,FALSE,FALSE
"MR-GGI","none",526,50,"small","M0.1",0.180332899093628,FALSE,FALSE
"MR-GGI","none",527,50,"small","M1.1",0.0238959789276123,FALSE,FALSE
"MR-GGI","none",528,50,"small","M2.1",0.0219810009002686,FALSE,FALSE
"MR-GGI","none",529,50,"small","M3",0.0226230621337891,FALSE,FALSE
"MR-GGI","none",530,50,"small","M4",0.0175449848175049,FALSE,FALSE
"MR-GGI","none",531,150,"small","M0.1",0.0176520347595215,FALSE,FALSE
"MR-GGI","none",532,150,"small","M1.1",0.0217959880828857,FALSE,FALSE
"MR-GGI","none",533,150,"small","M2.1",0.0209019184112549,FALSE,FALSE
"MR-GGI","none",534,150,"small","M3",0.019582986831665,FALSE,FALSE
"MR-GGI","none",535,150,"small","M4",0.0156691074371338,FALSE,FALSE
"MR-GGI","none",536,300,"small","M0.1",0.0220911502838135,FALSE,FALSE
"MR-GGI","none",537,300,"small","M1.1",0.0222790241241455,FALSE,FALSE
"MR-GGI","none",538,300,"small","M2.1",0.0312731266021729,FALSE,FALSE
"MR-GGI","none",539,300,"small","M3",0.0221030712127686,FALSE,FALSE
"MR-GGI","none",540,300,"small","M4",0.0223031044006348,FALSE,FALSE
"MR-GGI","none",541,670,"small","M0.1",0.0648648738861084,FALSE,FALSE
"MR-GGI","none",542,670,"small","M1.1",0.0175580978393555,FALSE,FALSE
"MR-GGI","none",543,670,"small","M2.1",0.0709769725799561,FALSE,FALSE
"MR-GGI","none",544,670,"small","M3",0.0985321998596191,FALSE,FALSE
"MR-GGI","none",545,670,"small","M4",0.0239360332489014,FALSE,FALSE
"MR-GGI","none",546,1000,"small","M0.1",0.033560037612915,FALSE,FALSE
"MR-GGI","none",547,1000,"small","M1.1",0.0429520606994629,FALSE,FALSE
"MR-GGI","none",548,1000,"small","M2.1",0.0290501117706299,FALSE,FALSE
"MR-GGI","none",549,1000,"small","M3",0.0283629894256592,FALSE,FALSE
"MR-GGI","none",550,1000,"small","M4",0.0311660766601562,FALSE,FALSE
"MR-GGI","none",551,50,"medium","M0.1",0.0232059955596924,FALSE,FALSE
"MR-GGI","none",552,50,"medium","M1.1",0.0214729309082031,FALSE,FALSE
"MR-GGI","none",553,50,"medium","M2.1",0.0212991237640381,FALSE,FALSE
"MR-GGI","none",554,50,"medium","M3",0.0209131240844727,FALSE,FALSE
"MR-GGI","none",555,50,"medium","M4",0.0224449634552002,FALSE,FALSE
"MR-GGI","none",556,150,"medium","M0.1",0.0114679336547852,FALSE,FALSE
"MR-GGI","none",557,150,"medium","M1.1",0.0233118534088135,FALSE,FALSE
"MR-GGI","none",558,150,"medium","M2.1",0.0218150615692139,FALSE,FALSE
"MR-GGI","none",559,150,"medium","M3",0.0124759674072266,FALSE,FALSE
"MR-GGI","none",560,150,"medium","M4",0.0150001049041748,FALSE,FALSE
"MR-GGI","none",561,300,"medium","M0.1",0.0267369747161865,FALSE,FALSE
"MR-GGI","none",562,300,"medium","M1.1",0.0232348442077637,FALSE,FALSE
"MR-GGI","none",563,300,"medium","M2.1",0.0227620601654053,FALSE,FALSE
"MR-GGI","none",564,300,"medium","M3",0.0165538787841797,FALSE,FALSE
"MR-GGI","none",565,300,"medium","M4",0.0259149074554443,FALSE,FALSE
"MR-GGI","none",566,670,"medium","M0.1",0.0171699523925781,FALSE,FALSE
"MR-GGI","none",567,670,"medium","M1.1",0.0261440277099609,FALSE,FALSE
"MR-GGI","none",568,670,"medium","M2.1",0.0216288566589355,FALSE,FALSE
"MR-GGI","none",569,670,"medium","M3",0.0178909301757812,FALSE,FALSE
"MR-GGI","none",570,670,"medium","M4",0.116050958633423,FALSE,FALSE
"MR-GGI","none",571,1000,"medium","M0.1",0.0408260822296143,FALSE,FALSE
"MR-GGI","none",572,1000,"medium","M1.1",0.0302209854125977,FALSE,FALSE
"MR-GGI","none",573,1000,"medium","M2.1",0.0891938209533691,FALSE,FALSE
"MR-GGI","none",574,1000,"medium","M3",0.0202679634094238,FALSE,FALSE
"MR-GGI","none",575,1000,"medium","M4",0.0552949905395508,FALSE,FALSE
"MR-GGI","none",576,50,"large","M0.1",0.0221660137176514,FALSE,FALSE
"MR-GGI","none",577,50,"large","M1.1",0.0212471485137939,FALSE,FALSE
"MR-GGI","none",578,50,"large","M2.1",0.0237798690795898,FALSE,FALSE
"MR-GGI","none",579,50,"large","M3",0.0217299461364746,FALSE,FALSE
"MR-GGI","none",580,50,"large","M4",0.0261509418487549,FALSE,FALSE
"MR-GGI","none",581,150,"large","M0.1",0.019218921661377,FALSE,FALSE
"MR-GGI","none",582,150,"large","M1.1",0.00807094573974609,FALSE,FALSE
"MR-GGI","none",583,150,"large","M2.1",0.019819974899292,FALSE,FALSE
"MR-GGI","none",584,150,"large","M3",0.0239870548248291,FALSE,FALSE
"MR-GGI","none",585,150,"large","M4",0.00954008102416992,FALSE,FALSE
"MR-GGI","none",586,300,"large","M0.1",0.0223989486694336,FALSE,FALSE
"MR-GGI","none",587,300,"large","M1.1",0.0192170143127441,FALSE,FALSE
"MR-GGI","none",588,300,"large","M2.1",0.0240299701690674,FALSE,FALSE
"MR-GGI","none",589,300,"large","M3",0.0308899879455566,FALSE,FALSE
"MR-GGI","none",590,300,"large","M4",0.0076899528503418,FALSE,FALSE
"MR-GGI","none",591,670,"large","M0.1",0.135537147521973,FALSE,FALSE
"MR-GGI","none",592,670,"large","M1.1",0.0801417827606201,FALSE,FALSE
"MR-GGI","none",593,670,"large","M2.1",0.138855934143066,FALSE,FALSE
"MR-GGI","none",594,670,"large","M3",0.0335261821746826,FALSE,FALSE
"MR-GGI","none",595,670,"large","M4",0.00789308547973633,FALSE,FALSE
"MR-GGI","none",596,1000,"large","M0.1",0.0237369537353516,FALSE,FALSE
"MR-GGI","none",597,1000,"large","M1.1",0.0366349220275879,FALSE,FALSE
"MR-GGI","none",598,1000,"large","M2.1",0.0315711498260498,FALSE,FALSE
"MR-GGI","none",599,1000,"large","M3",0.0290169715881348,FALSE,FALSE
"MR-GGI","none",600,1000,"large","M4",0.00886893272399902,FALSE,FALSE
"MR-GGI","none",601,50,"small","M0.1",0.183449983596802,FALSE,FALSE
"MR-GGI","none",602,50,"small","M1.1",0.021204948425293,FALSE,FALSE
"MR-GGI","none",603,50,"small","M2.1",0.0189049243927002,FALSE,FALSE
"MR-GGI","none",604,50,"small","M3",0.0167181491851807,FALSE,FALSE
"MR-GGI","none",605,50,"small","M4",0.0228750705718994,FALSE,FALSE
"MR-GGI","none",606,150,"small","M0.1",0.0253050327301025,FALSE,FALSE
"MR-GGI","none",607,150,"small","M1.1",0.0171399116516113,FALSE,FALSE
"MR-GGI","none",608,150,"small","M2.1",0.0262689590454102,FALSE,FALSE
"MR-GGI","none",609,150,"small","M3",0.0122129917144775,FALSE,FALSE
"MR-GGI","none",610,150,"small","M4",0.0219550132751465,FALSE,FALSE
"MR-GGI","none",611,300,"small","M0.1",0.0111308097839355,FALSE,FALSE
"MR-GGI","none",612,300,"small","M1.1",0.023392915725708,FALSE,FALSE
"MR-GGI","none",613,300,"small","M2.1",0.00897312164306641,FALSE,FALSE
"MR-GGI","none",614,300,"small","M3",0.00844717025756836,FALSE,FALSE
"MR-GGI","none",615,300,"small","M4",0.0236580371856689,FALSE,FALSE
"MR-GGI","none",616,670,"small","M0.1",0.0417630672454834,FALSE,FALSE
"MR-GGI","none",617,670,"small","M1.1",0.0215229988098145,FALSE,FALSE
"MR-GGI","none",618,670,"small","M2.1",0.0390999317169189,FALSE,FALSE
"MR-GGI","none",619,670,"small","M3",0.050117015838623,FALSE,FALSE
"MR-GGI","none",620,670,"small","M4",0.0622830390930176,FALSE,FALSE
"MR-GGI","none",621,1000,"small","M0.1",0.00945711135864258,FALSE,FALSE
"MR-GGI","none",622,1000,"small","M1.1",0.0332090854644775,FALSE,FALSE
"MR-GGI","none",623,1000,"small","M2.1",0.0235412120819092,FALSE,FALSE
"MR-GGI","none",624,1000,"small","M3",0.0205810070037842,FALSE,FALSE
"MR-GGI","none",625,1000,"small","M4",0.0228540897369385,FALSE,FALSE
"MR-GGI","none",626,50,"medium","M0.1",0.0215048789978027,FALSE,FALSE
"MR-GGI","none",627,50,"medium","M1.1",0.0223298072814941,FALSE,FALSE
"MR-GGI","none",628,50,"medium","M2.1",0.0236079692840576,FALSE,FALSE
"MR-GGI","none",629,50,"medium","M3",0.0223457813262939,FALSE,FALSE
"MR-GGI","none",630,50,"medium","M4",0.0234570503234863,FALSE,FALSE
"MR-GGI","none",631,150,"medium","M0.1",0.0098271369934082,FALSE,FALSE
"MR-GGI","none",632,150,"medium","M1.1",0.0113489627838135,FALSE,FALSE
"MR-GGI","none",633,150,"medium","M2.1",0.0216970443725586,FALSE,FALSE
"MR-GGI","none",634,150,"medium","M3",0.0065159797668457,FALSE,FALSE
"MR-GGI","none",635,150,"medium","M4",0.0497710704803467,FALSE,FALSE
"MR-GGI","none",636,300,"medium","M0.1",0.00883984565734863,FALSE,FALSE
"MR-GGI","none",637,300,"medium","M1.1",0.0207998752593994,FALSE,FALSE
"MR-GGI","none",638,300,"medium","M2.1",0.0225610733032227,FALSE,FALSE
"MR-GGI","none",639,300,"medium","M3",0.0108919143676758,FALSE,FALSE
"MR-GGI","none",640,300,"medium","M4",0.0106217861175537,FALSE,FALSE
"MR-GGI","none",641,670,"medium","M0.1",0.0553548336029053,FALSE,FALSE
"MR-GGI","none",642,670,"medium","M1.1",0.080502986907959,FALSE,FALSE
"MR-GGI","none",643,670,"medium","M2.1",0.0384321212768555,FALSE,FALSE
"MR-GGI","none",644,670,"medium","M3",0.0177631378173828,FALSE,FALSE
"MR-GGI","none",645,670,"medium","M4",0.0481610298156738,FALSE,FALSE
"MR-GGI","none",646,1000,"medium","M0.1",0.0214049816131592,FALSE,FALSE
"MR-GGI","none",647,1000,"medium","M1.1",0.0153508186340332,FALSE,FALSE
"MR-GGI","none",648,1000,"medium","M2.1",0.0273458957672119,FALSE,FALSE
"MR-GGI","none",649,1000,"medium","M3",0.0154819488525391,FALSE,FALSE
"MR-GGI","none",650,1000,"medium","M4",0.0249559879302979,FALSE,FALSE
"MR-GGI","none",651,50,"large","M0.1",0.0222461223602295,FALSE,FALSE
"MR-GGI","none",652,50,"large","M1.1",0.0167508125305176,FALSE,FALSE
"MR-GGI","none",653,50,"large","M2.1",0.0292749404907227,FALSE,FALSE
"MR-GGI","none",654,50,"large","M3",0.0166308879852295,FALSE,FALSE
"MR-GGI","none",655,50,"large","M4",0.0249419212341309,FALSE,FALSE
"MR-GGI","none",656,150,"large","M0.1",0.0151321887969971,FALSE,FALSE
"MR-GGI","none",657,150,"large","M1.1",0.00744199752807617,FALSE,FALSE
"MR-GGI","none",658,150,"large","M2.1",0.070889949798584,FALSE,FALSE
"MR-GGI","none",659,150,"large","M3",0.0255730152130127,FALSE,FALSE
"MR-GGI","none",660,150,"large","M4",0.0104060173034668,FALSE,FALSE
"MR-GGI","none",661,300,"large","M0.1",0.0172460079193115,FALSE,FALSE
"MR-GGI","none",662,300,"large","M1.1",0.00727295875549316,FALSE,FALSE
"MR-GGI","none",663,300,"large","M2.1",0.0229721069335938,FALSE,FALSE
"MR-GGI","none",664,300,"large","M3",0.0218250751495361,FALSE,FALSE
"MR-GGI","none",665,300,"large","M4",0.0125889778137207,FALSE,FALSE
"MR-GGI","none",666,670,"large","M0.1",0.0587489604949951,FALSE,FALSE
"MR-GGI","none",667,670,"large","M1.1",0.0555171966552734,FALSE,FALSE
"MR-GGI","none",668,670,"large","M2.1",0.0439660549163818,FALSE,FALSE
"MR-GGI","none",669,670,"large","M3",0.134670972824097,FALSE,FALSE
"MR-GGI","none",670,670,"large","M4",0.033951997756958,FALSE,FALSE
"MR-GGI","none",671,1000,"large","M0.1",0.0296540260314941,FALSE,FALSE
"MR-GGI","none",672,1000,"large","M1.1",0.0238111019134521,FALSE,FALSE
"MR-GGI","none",673,1000,"large","M2.1",0.0277221202850342,FALSE,FALSE
"MR-GGI","none",674,1000,"large","M3",0.0301671028137207,FALSE,FALSE
"MR-GGI","none",675,1000,"large","M4",0.0297629833221436,FALSE,FALSE
"MR-GGI","none",676,50,"small","M0.1",0.154764890670776,FALSE,FALSE
"MR-GGI","none",677,50,"small","M1.1",0.0175490379333496,FALSE,FALSE
"MR-GGI","none",678,50,"small","M2.1",0.0235409736633301,FALSE,FALSE
"MR-GGI","none",679,50,"small","M3",0.0240170955657959,FALSE,FALSE
"MR-GGI","none",680,50,"small","M4",0.024118185043335,FALSE,FALSE
"MR-GGI","none",681,150,"small","M0.1",0.0331509113311768,FALSE,FALSE
"MR-GGI","none",682,150,"small","M1.1",0.0207970142364502,FALSE,FALSE
"MR-GGI","none",683,150,"small","M2.1",0.0179328918457031,FALSE,FALSE
"MR-GGI","none",684,150,"small","M3",0.0213367938995361,FALSE,FALSE
"MR-GGI","none",685,150,"small","M4",0.0213639736175537,FALSE,FALSE
"MR-GGI","none",686,300,"small","M0.1",0.0244128704071045,FALSE,FALSE
"MR-GGI","none",687,300,"small","M1.1",0.0263330936431885,FALSE,FALSE
"MR-GGI","none",688,300,"small","M2.1",0.022672176361084,FALSE,FALSE
"MR-GGI","none",689,300,"small","M3",0.0238490104675293,FALSE,FALSE
"MR-GGI","none",690,300,"small","M4",0.0236649513244629,FALSE,FALSE
"MR-GGI","none",691,670,"small","M0.1",0.0245170593261719,FALSE,FALSE
"MR-GGI","none",692,670,"small","M1.1",0.0943260192871094,FALSE,FALSE
"MR-GGI","none",693,670,"small","M2.1",0.0252208709716797,FALSE,FALSE
"MR-GGI","none",694,670,"small","M3",0.0250701904296875,FALSE,FALSE
"MR-GGI","none",695,670,"small","M4",0.0284590721130371,FALSE,FALSE
"MR-GGI","none",696,1000,"small","M0.1",0.027379035949707,FALSE,FALSE
"MR-GGI","none",697,1000,"small","M1.1",0.0265231132507324,FALSE,FALSE
"MR-GGI","none",698,1000,"small","M2.1",0.0248508453369141,FALSE,FALSE
"MR-GGI","none",699,1000,"small","M3",0.0273141860961914,FALSE,FALSE
"MR-GGI","none",700,1000,"small","M4",0.0270860195159912,FALSE,FALSE
"MR-GGI","none",701,50,"medium","M0.1",0.0234169960021973,FALSE,FALSE
"MR-GGI","none",702,50,"medium","M1.1",0.023353099822998,FALSE,FALSE
"MR-GGI","none",703,50,"medium","M2.1",0.0219290256500244,FALSE,FALSE
"MR-GGI","none",704,50,"medium","M3",0.0213980674743652,FALSE,FALSE
"MR-GGI","none",705,50,"medium","M4",0.0164871215820312,FALSE,FALSE
"MR-GGI","none",706,150,"medium","M0.1",0.00978803634643555,FALSE,FALSE
"MR-GGI","none",707,150,"medium","M1.1",0.0214607715606689,FALSE,FALSE
"MR-GGI","none",708,150,"medium","M2.1",0.0212359428405762,FALSE,FALSE
"MR-GGI","none",709,150,"medium","M3",0.0149099826812744,FALSE,FALSE
"MR-GGI","none",710,150,"medium","M4",0.0246322154998779,FALSE,FALSE
"MR-GGI","none",711,300,"medium","M0.1",0.0169548988342285,FALSE,FALSE
"MR-GGI","none",712,300,"medium","M1.1",0.035991907119751,FALSE,FALSE
"MR-GGI","none",713,300,"medium","M2.1",0.023435115814209,FALSE,FALSE
"MR-GGI","none",714,300,"medium","M3",0.0101709365844727,FALSE,FALSE
"MR-GGI","none",715,300,"medium","M4",0.0243918895721436,FALSE,FALSE
"MR-GGI","none",716,670,"medium","M0.1",0.0267219543457031,FALSE,FALSE
"MR-GGI","none",717,670,"medium","M1.1",0.0262918472290039,FALSE,FALSE
"MR-GGI","none",718,670,"medium","M2.1",0.0268299579620361,FALSE,FALSE
"MR-GGI","none",719,670,"medium","M3",0.0260241031646729,FALSE,FALSE
"MR-GGI","none",720,670,"medium","M4",0.0267188549041748,FALSE,FALSE
"MR-GGI","none",721,1000,"medium","M0.1",0.0327060222625732,FALSE,FALSE
"MR-GGI","none",722,1000,"medium","M1.1",0.0292108058929443,FALSE,FALSE
"MR-GGI","none",723,1000,"medium","M2.1",0.0330801010131836,FALSE,FALSE
"MR-GGI","none",724,1000,"medium","M3",0.0373878479003906,FALSE,FALSE
"MR-GGI","none",725,1000,"medium","M4",0.0362951755523682,FALSE,FALSE
"MR-GGI","none",726,50,"large","M0.1",0.0224878787994385,FALSE,FALSE
"MR-GGI","none",727,50,"large","M1.1",0.0215849876403809,FALSE,FALSE
"MR-GGI","none",728,50,"large","M2.1",0.022346019744873,FALSE,FALSE
"MR-GGI","none",729,50,"large","M3",0.0249638557434082,FALSE,FALSE
"MR-GGI","none",730,50,"large","M4",0.0232279300689697,FALSE,FALSE
"MR-GGI","none",731,150,"large","M0.1",0.0218889713287354,FALSE,FALSE
"MR-GGI","none",732,150,"large","M1.1",0.0085601806640625,FALSE,FALSE
"MR-GGI","none",733,150,"large","M2.1",0.0242781639099121,FALSE,FALSE
"MR-GGI","none",734,150,"large","M3",0.0156700611114502,FALSE,FALSE
"MR-GGI","none",735,150,"large","M4",0.0142171382904053,FALSE,FALSE
"MR-GGI","none",736,300,"large","M0.1",0.0197281837463379,FALSE,FALSE
"MR-GGI","none",737,300,"large","M1.1",0.00982499122619629,FALSE,FALSE
"MR-GGI","none",738,300,"large","M2.1",0.0232489109039307,FALSE,FALSE
"MR-GGI","none",739,300,"large","M3",0.023766040802002,FALSE,FALSE
"MR-GGI","none",740,300,"large","M4",0.00916695594787598,FALSE,FALSE
"MR-GGI","none",741,670,"large","M0.1",0.0244209766387939,FALSE,FALSE
"MR-GGI","none",742,670,"large","M1.1",0.02406907081604,FALSE,FALSE
"MR-GGI","none",743,670,"large","M2.1",0.0277230739593506,FALSE,FALSE
"MR-GGI","none",744,670,"large","M3",0.037247896194458,FALSE,FALSE
"MR-GGI","none",745,670,"large","M4",0.0103750228881836,FALSE,FALSE
"MR-GGI","none",746,1000,"large","M0.1",0.0291659832000732,FALSE,FALSE
"MR-GGI","none",747,1000,"large","M1.1",0.159209966659546,FALSE,FALSE
"MR-GGI","none",748,1000,"large","M2.1",0.100187063217163,FALSE,FALSE
"MR-GGI","none",749,1000,"large","M3",0.0106019973754883,FALSE,FALSE
"MR-GGI","none",750,1000,"large","M4",0.00819587707519531,FALSE,FALSE
"MR-GGI","none",751,50,"small","M0.1",0.0230679512023926,FALSE,FALSE
"MR-GGI","none",752,50,"small","M1.1",0.0164501667022705,FALSE,FALSE
"MR-GGI","none",753,50,"small","M2.1",0.0184228420257568,FALSE,FALSE
"MR-GGI","none",754,50,"small","M3",0.0240740776062012,FALSE,FALSE
"MR-GGI","none",755,50,"small","M4",0.0223560333251953,FALSE,FALSE
"MR-GGI","none",756,150,"small","M0.1",0.00733304023742676,FALSE,FALSE
"MR-GGI","none",757,150,"small","M1.1",0.0162720680236816,FALSE,FALSE
"MR-GGI","none",758,150,"small","M2.1",0.0104780197143555,FALSE,FALSE
"MR-GGI","none",759,150,"small","M3",0.00852608680725098,FALSE,FALSE
"MR-GGI","none",760,150,"small","M4",0.0208029747009277,FALSE,FALSE
"MR-GGI","none",761,300,"small","M0.1",0.0111041069030762,FALSE,FALSE
"MR-GGI","none",762,300,"small","M1.1",0.0179738998413086,FALSE,FALSE
"MR-GGI","none",763,300,"small","M2.1",0.0156078338623047,FALSE,FALSE
"MR-GGI","none",764,300,"small","M3",0.0349929332733154,FALSE,FALSE
"MR-GGI","none",765,300,"small","M4",0.0244119167327881,FALSE,FALSE
"MR-GGI","none",766,670,"small","M0.1",0.0091090202331543,FALSE,FALSE
"MR-GGI","none",767,670,"small","M1.1",0.0209920406341553,FALSE,FALSE
"MR-GGI","none",768,670,"small","M2.1",0.0225520133972168,FALSE,FALSE
"MR-GGI","none",769,670,"small","M3",0.00895094871520996,FALSE,FALSE
"MR-GGI","none",770,670,"small","M4",0.026738166809082,FALSE,FALSE
"MR-GGI","none",771,1000,"small","M0.1",0.0419139862060547,FALSE,FALSE
"MR-GGI","none",772,1000,"small","M1.1",0.100794792175293,FALSE,FALSE
"MR-GGI","none",773,1000,"small","M2.1",0.0466070175170898,FALSE,FALSE
"MR-GGI","none",774,1000,"small","M3",0.023608922958374,FALSE,FALSE
"MR-GGI","none",775,1000,"small","M4",0.149791955947876,FALSE,FALSE
"MR-GGI","none",776,50,"medium","M0.1",0.0172610282897949,FALSE,FALSE
"MR-GGI","none",777,50,"medium","M1.1",0.0185649394989014,FALSE,FALSE
"MR-GGI","none",778,50,"medium","M2.1",0.0172989368438721,FALSE,FALSE
"MR-GGI","none",779,50,"medium","M3",0.0154349803924561,FALSE,FALSE
"MR-GGI","none",780,50,"medium","M4",0.0197908878326416,FALSE,FALSE
"MR-GGI","none",781,150,"medium","M0.1",0.0131170749664307,FALSE,FALSE
"MR-GGI","none",782,150,"medium","M1.1",0.0202360153198242,FALSE,FALSE
"MR-GGI","none",783,150,"medium","M2.1",0.0196268558502197,FALSE,FALSE
"MR-GGI","none",784,150,"medium","M3",0.0441470146179199,FALSE,FALSE
"MR-GGI","none",785,150,"medium","M4",0.00961589813232422,FALSE,FALSE
"MR-GGI","none",786,300,"medium","M0.1",0.0103089809417725,FALSE,FALSE
"MR-GGI","none",787,300,"medium","M1.1",0.0169939994812012,FALSE,FALSE
"MR-GGI","none",788,300,"medium","M2.1",0.0391299724578857,FALSE,FALSE
"MR-GGI","none",789,300,"medium","M3",0.0117008686065674,FALSE,FALSE
"MR-GGI","none",790,300,"medium","M4",0.012199878692627,FALSE,FALSE
"MR-GGI","none",791,670,"medium","M0.1",0.00844907760620117,FALSE,FALSE
"MR-GGI","none",792,670,"medium","M1.1",0.0137729644775391,FALSE,FALSE
"MR-GGI","none",793,670,"medium","M2.1",0.0197720527648926,FALSE,FALSE
"MR-GGI","none",794,670,"medium","M3",0.0134181976318359,FALSE,FALSE
"MR-GGI","none",795,670,"medium","M4",0.0161240100860596,FALSE,FALSE
"MR-GGI","none",796,1000,"medium","M0.1",0.024601936340332,FALSE,FALSE
"MR-GGI","none",797,1000,"medium","M1.1",0.0312809944152832,FALSE,FALSE
"MR-GGI","none",798,1000,"medium","M2.1",0.0210421085357666,FALSE,FALSE
"MR-GGI","none",799,1000,"medium","M3",0.0223388671875,FALSE,FALSE
"MR-GGI","none",800,1000,"medium","M4",0.0288259983062744,FALSE,FALSE
"MR-GGI","none",801,50,"large","M0.1",0.0192210674285889,FALSE,FALSE
"MR-GGI","none",802,50,"large","M1.1",0.0191938877105713,FALSE,FALSE
"MR-GGI","none",803,50,"large","M2.1",0.0221009254455566,FALSE,FALSE
"MR-GGI","none",804,50,"large","M3",0.021906852722168,FALSE,FALSE
"MR-GGI","none",805,50,"large","M4",0.0178279876708984,FALSE,FALSE
"MR-GGI","none",806,150,"large","M0.1",0.0224299430847168,FALSE,FALSE
"MR-GGI","none",807,150,"large","M1.1",0.0066378116607666,FALSE,FALSE
"MR-GGI","none",808,150,"large","M2.1",0.00960803031921387,FALSE,FALSE
"MR-GGI","none",809,150,"large","M3",0.0195939540863037,FALSE,FALSE
"MR-GGI","none",810,150,"large","M4",0.0814158916473389,FALSE,FALSE
"MR-GGI","none",811,300,"large","M0.1",0.0244429111480713,FALSE,FALSE
"MR-GGI","none",812,300,"large","M1.1",0.0118851661682129,FALSE,FALSE
"MR-GGI","none",813,300,"large","M2.1",0.013300895690918,FALSE,FALSE
"MR-GGI","none",814,300,"large","M3",0.024928092956543,FALSE,FALSE
"MR-GGI","none",815,300,"large","M4",0.014538049697876,FALSE,FALSE
"MR-GGI","none",816,670,"large","M0.1",0.0257189273834229,FALSE,FALSE
"MR-GGI","none",817,670,"large","M1.1",0.0182569026947021,FALSE,FALSE
"MR-GGI","none",818,670,"large","M2.1",0.0236918926239014,FALSE,FALSE
"MR-GGI","none",819,670,"large","M3",0.025115966796875,FALSE,FALSE
"MR-GGI","none",820,670,"large","M4",0.0236289501190186,FALSE,FALSE
"MR-GGI","none",821,1000,"large","M0.1",0.0721020698547363,FALSE,FALSE
"MR-GGI","none",822,1000,"large","M1.1",0.0363590717315674,FALSE,FALSE
"MR-GGI","none",823,1000,"large","M2.1",0.0933389663696289,FALSE,FALSE
"MR-GGI","none",824,1000,"large","M3",0.198413133621216,FALSE,FALSE
"MR-GGI","none",825,1000,"large","M4",0.0716850757598877,FALSE,FALSE
"MR-GGI","none",826,50,"small","M0.1",0.0238170623779297,FALSE,FALSE
"MR-GGI","none",827,50,"small","M1.1",0.0219788551330566,FALSE,FALSE
"MR-GGI","none",828,50,"small","M2.1",0.0247378349304199,FALSE,FALSE
"MR-GGI","none",829,50,"small","M3",0.0172901153564453,FALSE,FALSE
"MR-GGI","none",830,50,"small","M4",0.0207560062408447,FALSE,FALSE
"MR-GGI","none",831,150,"small","M0.1",0.0135431289672852,FALSE,FALSE
"MR-GGI","none",832,150,"small","M1.1",0.021204948425293,FALSE,FALSE
"MR-GGI","none",833,150,"small","M2.1",0.023327112197876,FALSE,FALSE
"MR-GGI","none",834,150,"small","M3",0.0206210613250732,FALSE,FALSE
"MR-GGI","none",835,150,"small","M4",0.0212960243225098,FALSE,FALSE
"MR-GGI","none",836,300,"small","M0.1",0.0242059230804443,FALSE,FALSE
"MR-GGI","none",837,300,"small","M1.1",0.0235638618469238,FALSE,FALSE
"MR-GGI","none",838,300,"small","M2.1",0.0162911415100098,FALSE,FALSE
"MR-GGI","none",839,300,"small","M3",0.0220279693603516,FALSE,FALSE
"MR-GGI","none",840,300,"small","M4",0.0232701301574707,FALSE,FALSE
"MR-GGI","none",841,670,"small","M0.1",0.0257439613342285,FALSE,FALSE
"MR-GGI","none",842,670,"small","M1.1",0.0224881172180176,FALSE,FALSE
"MR-GGI","none",843,670,"small","M2.1",0.0304200649261475,FALSE,FALSE
"MR-GGI","none",844,670,"small","M3",0.0279560089111328,FALSE,FALSE
"MR-GGI","none",845,670,"small","M4",0.0274839401245117,FALSE,FALSE
"MR-GGI","none",846,1000,"small","M0.1",0.0781490802764893,FALSE,FALSE
"MR-GGI","none",847,1000,"small","M1.1",0.138467073440552,FALSE,FALSE
"MR-GGI","none",848,1000,"small","M2.1",0.165076971054077,FALSE,FALSE
"MR-GGI","none",849,1000,"small","M3",0.0767579078674316,FALSE,FALSE
"MR-GGI","none",850,1000,"small","M4",0.161466836929321,FALSE,FALSE
"MR-GGI","none",851,50,"medium","M0.1",0.0144391059875488,FALSE,FALSE
"MR-GGI","none",852,50,"medium","M1.1",0.0190188884735107,FALSE,FALSE
"MR-GGI","none",853,50,"medium","M2.1",0.0198488235473633,FALSE,FALSE
"MR-GGI","none",854,50,"medium","M3",0.0207698345184326,FALSE,FALSE
"MR-GGI","none",855,50,"medium","M4",0.0102250576019287,FALSE,FALSE
"MR-GGI","none",856,150,"medium","M0.1",0.0206248760223389,FALSE,FALSE
"MR-GGI","none",857,150,"medium","M1.1",0.0149760246276855,FALSE,FALSE
"MR-GGI","none",858,150,"medium","M2.1",0.0181219577789307,FALSE,FALSE
"MR-GGI","none",859,150,"medium","M3",0.016862154006958,FALSE,FALSE
"MR-GGI","none",860,150,"medium","M4",0.0222539901733398,FALSE,FALSE
"MR-GGI","none",861,300,"medium","M0.1",0.018226146697998,FALSE,FALSE
"MR-GGI","none",862,300,"medium","M1.1",0.0238668918609619,FALSE,FALSE
"MR-GGI","none",863,300,"medium","M2.1",0.022007942199707,FALSE,FALSE
"MR-GGI","none",864,300,"medium","M3",0.0170941352844238,FALSE,FALSE
"MR-GGI","none",865,300,"medium","M4",0.0231950283050537,FALSE,FALSE
"MR-GGI","none",866,670,"medium","M0.1",0.0255169868469238,FALSE,FALSE
"MR-GGI","none",867,670,"medium","M1.1",0.0216209888458252,FALSE,FALSE
"MR-GGI","none",868,670,"medium","M2.1",0.0276350975036621,FALSE,FALSE
"MR-GGI","none",869,670,"medium","M3",0.0333919525146484,FALSE,FALSE
"MR-GGI","none",870,670,"medium","M4",0.0267848968505859,FALSE,FALSE
"MR-GGI","none",871,1000,"medium","M0.1",0.0394489765167236,FALSE,FALSE
"MR-GGI","none",872,1000,"medium","M1.1",0.144837856292725,FALSE,FALSE
"MR-GGI","none",873,1000,"medium","M2.1",0.0107729434967041,FALSE,FALSE
"MR-GGI","none",874,1000,"medium","M3",0.160416841506958,FALSE,FALSE
"MR-GGI","none",875,1000,"medium","M4",0.181926012039185,FALSE,FALSE
"MR-GGI","none",876,50,"large","M0.1",0.0171799659729004,FALSE,FALSE
"MR-GGI","none",877,50,"large","M1.1",0.0189399719238281,FALSE,FALSE
"MR-GGI","none",878,50,"large","M2.1",0.0207259654998779,FALSE,FALSE
"MR-GGI","none",879,50,"large","M3",0.0183048248291016,FALSE,FALSE
"MR-GGI","none",880,50,"large","M4",0.0195119380950928,FALSE,FALSE
"MR-GGI","none",881,150,"large","M0.1",0.0211889743804932,FALSE,FALSE
"MR-GGI","none",882,150,"large","M1.1",0.00818300247192383,FALSE,FALSE
"MR-GGI","none",883,150,"large","M2.1",0.0101110935211182,FALSE,FALSE
"MR-GGI","none",884,150,"large","M3",0.0216629505157471,FALSE,FALSE
"MR-GGI","none",885,150,"large","M4",0.00774812698364258,FALSE,FALSE
"MR-GGI","none",886,300,"large","M0.1",0.0437719821929932,FALSE,FALSE
"MR-GGI","none",887,300,"large","M1.1",0.0088951587677002,FALSE,FALSE
"MR-GGI","none",888,300,"large","M2.1",0.0251069068908691,FALSE,FALSE
"MR-GGI","none",889,300,"large","M3",0.0226871967315674,FALSE,FALSE
"MR-GGI","none",890,300,"large","M4",0.0102558135986328,FALSE,FALSE
"MR-GGI","none",891,670,"large","M0.1",0.0276360511779785,FALSE,FALSE
"MR-GGI","none",892,670,"large","M1.1",0.015017032623291,FALSE,FALSE
"MR-GGI","none",893,670,"large","M2.1",0.0271909236907959,FALSE,FALSE
"MR-GGI","none",894,670,"large","M3",0.02469801902771,FALSE,FALSE
"MR-GGI","none",895,670,"large","M4",0.0204880237579346,FALSE,FALSE
"MR-GGI","none",896,1000,"large","M0.1",0.124423980712891,FALSE,FALSE
"MR-GGI","none",897,1000,"large","M1.1",0.0165908336639404,FALSE,FALSE
"MR-GGI","none",898,1000,"large","M2.1",0.0830550193786621,FALSE,FALSE
"MR-GGI","none",899,1000,"large","M3",0.18534517288208,FALSE,FALSE
"MR-GGI","none",900,1000,"large","M4",0.0153529644012451,FALSE,FALSE
"MR-GGI","none",901,50,"small","M0.1",0.0201640129089355,FALSE,FALSE
"MR-GGI","none",902,50,"small","M1.1",0.0183038711547852,FALSE,FALSE
"MR-GGI","none",903,50,"small","M2.1",0.0163569450378418,FALSE,FALSE
"MR-GGI","none",904,50,"small","M3",0.0252931118011475,FALSE,FALSE
"MR-GGI","none",905,50,"small","M4",0.0226480960845947,FALSE,FALSE
"MR-GGI","none",906,150,"small","M0.1",0.00547409057617188,FALSE,FALSE
"MR-GGI","none",907,150,"small","M1.1",0.0196378231048584,FALSE,FALSE
"MR-GGI","none",908,150,"small","M2.1",0.0128300189971924,FALSE,FALSE
"MR-GGI","none",909,150,"small","M3",0.0288000106811523,FALSE,FALSE
"MR-GGI","none",910,150,"small","M4",0.0216999053955078,FALSE,FALSE
"MR-GGI","none",911,300,"small","M0.1",0.00969386100769043,FALSE,FALSE
"MR-GGI","none",912,300,"small","M1.1",0.0177860260009766,FALSE,FALSE
"MR-GGI","none",913,300,"small","M2.1",0.0079350471496582,FALSE,FALSE
"MR-GGI","none",914,300,"small","M3",0.010004997253418,FALSE,FALSE
"MR-GGI","none",915,300,"small","M4",0.0181310176849365,FALSE,FALSE
"MR-GGI","none",916,670,"small","M0.1",0.00962209701538086,FALSE,FALSE
"MR-GGI","none",917,670,"small","M1.1",0.0317959785461426,FALSE,FALSE
"MR-GGI","none",918,670,"small","M2.1",0.0285089015960693,FALSE,FALSE
"MR-GGI","none",919,670,"small","M3",0.0611159801483154,FALSE,FALSE
"MR-GGI","none",920,670,"small","M4",0.0242130756378174,FALSE,FALSE
"MR-GGI","none",921,1000,"small","M0.1",0.0148839950561523,FALSE,FALSE
"MR-GGI","none",922,1000,"small","M1.1",0.0263259410858154,FALSE,FALSE
"MR-GGI","none",923,1000,"small","M2.1",0.0160191059112549,FALSE,FALSE
"MR-GGI","none",924,1000,"small","M3",0.0177719593048096,FALSE,FALSE
"MR-GGI","none",925,1000,"small","M4",0.145163059234619,FALSE,FALSE
"MR-GGI","none",926,50,"medium","M0.1",0.0167968273162842,FALSE,FALSE
"MR-GGI","none",927,50,"medium","M1.1",0.0237679481506348,FALSE,FALSE
"MR-GGI","none",928,50,"medium","M2.1",0.0204720497131348,FALSE,FALSE
"MR-GGI","none",929,50,"medium","M3",0.0100638866424561,FALSE,FALSE
"MR-GGI","none",930,50,"medium","M4",0.0227978229522705,FALSE,FALSE
"MR-GGI","none",931,150,"medium","M0.1",0.0134611129760742,FALSE,FALSE
"MR-GGI","none",932,150,"medium","M1.1",0.008026123046875,FALSE,FALSE
"MR-GGI","none",933,150,"medium","M2.1",0.0226969718933105,FALSE,FALSE
"MR-GGI","none",934,150,"medium","M3",0.0240969657897949,FALSE,FALSE
"MR-GGI","none",935,150,"medium","M4",0.0175399780273438,FALSE,FALSE
"MR-GGI","none",936,300,"medium","M0.1",0.00883603096008301,FALSE,FALSE
"MR-GGI","none",937,300,"medium","M1.1",0.0137009620666504,FALSE,FALSE
"MR-GGI","none",938,300,"medium","M2.1",0.0191268920898438,FALSE,FALSE
"MR-GGI","none",939,300,"medium","M3",0.0144801139831543,FALSE,FALSE
"MR-GGI","none",940,300,"medium","M4",0.014523983001709,FALSE,FALSE
"MR-GGI","none",941,670,"medium","M0.1",0.0134530067443848,FALSE,FALSE
"MR-GGI","none",942,670,"medium","M1.1",0.0148069858551025,FALSE,FALSE
"MR-GGI","none",943,670,"medium","M2.1",0.026324987411499,FALSE,FALSE
"MR-GGI","none",944,670,"medium","M3",0.0148138999938965,FALSE,FALSE
"MR-GGI","none",945,670,"medium","M4",0.0154120922088623,FALSE,FALSE
"MR-GGI","none",946,1000,"medium","M0.1",0.0242908000946045,FALSE,FALSE
"MR-GGI","none",947,1000,"medium","M1.1",0.0272738933563232,FALSE,FALSE
"MR-GGI","none",948,1000,"medium","M2.1",0.0219831466674805,FALSE,FALSE
"MR-GGI","none",949,1000,"medium","M3",0.0136690139770508,FALSE,FALSE
"MR-GGI","none",950,1000,"medium","M4",0.018700122833252,FALSE,FALSE
"MR-GGI","none",951,50,"large","M0.1",0.0111401081085205,FALSE,FALSE
"MR-GGI","none",952,50,"large","M1.1",0.0153958797454834,FALSE,FALSE
"MR-GGI","none",953,50,"large","M2.1",0.0203719139099121,FALSE,FALSE
"MR-GGI","none",954,50,"large","M3",0.0182030200958252,FALSE,FALSE
"MR-GGI","none",955,50,"large","M4",0.0174040794372559,FALSE,FALSE
"MR-GGI","none",956,150,"large","M0.1",0.0203590393066406,FALSE,FALSE
"MR-GGI","none",957,150,"large","M1.1",0.00572514533996582,FALSE,FALSE
"MR-GGI","none",958,150,"large","M2.1",0.00861287117004395,FALSE,FALSE
"MR-GGI","none",959,150,"large","M3",0.0221021175384521,FALSE,FALSE
"MR-GGI","none",960,150,"large","M4",0.0101921558380127,FALSE,FALSE
"MR-GGI","none",961,300,"large","M0.1",0.0267460346221924,FALSE,FALSE
"MR-GGI","none",962,300,"large","M1.1",0.0136830806732178,FALSE,FALSE
"MR-GGI","none",963,300,"large","M2.1",0.0134589672088623,FALSE,FALSE
"MR-GGI","none",964,300,"large","M3",0.0240237712860107,FALSE,FALSE
"MR-GGI","none",965,300,"large","M4",0.0138909816741943,FALSE,FALSE
"MR-GGI","none",966,670,"large","M0.1",0.0286190509796143,FALSE,FALSE
"MR-GGI","none",967,670,"large","M1.1",0.0190789699554443,FALSE,FALSE
"MR-GGI","none",968,670,"large","M2.1",0.0183467864990234,FALSE,FALSE
"MR-GGI","none",969,670,"large","M3",0.0266129970550537,FALSE,FALSE
"MR-GGI","none",970,670,"large","M4",0.0178618431091309,FALSE,FALSE
"MR-GGI","none",971,1000,"large","M0.1",0.0730969905853271,FALSE,FALSE
"MR-GGI","none",972,1000,"large","M1.1",0.0226738452911377,FALSE,FALSE
"MR-GGI","none",973,1000,"large","M2.1",0.0232119560241699,FALSE,FALSE
"MR-GGI","none",974,1000,"large","M3",0.227360963821411,FALSE,FALSE
"MR-GGI","none",975,1000,"large","M4",0.026561975479126,FALSE,FALSE
"MR-GGI","none",976,50,"small","M0.1",0.0501799583435059,FALSE,FALSE
"MR-GGI","none",977,50,"small","M1.1",0.0214660167694092,FALSE,FALSE
"MR-GGI","none",978,50,"small","M2.1",0.0225660800933838,FALSE,FALSE
"MR-GGI","none",979,50,"small","M3",0.0266599655151367,FALSE,FALSE
"MR-GGI","none",980,50,"small","M4",0.0244200229644775,FALSE,FALSE
"MR-GGI","none",981,150,"small","M0.1",0.0209920406341553,FALSE,FALSE
"MR-GGI","none",982,150,"small","M1.1",0.0211560726165771,FALSE,FALSE
"MR-GGI","none",983,150,"small","M2.1",0.0175578594207764,FALSE,FALSE
"MR-GGI","none",984,150,"small","M3",0.0237579345703125,FALSE,FALSE
"MR-GGI","none",985,150,"small","M4",0.0220201015472412,FALSE,FALSE
"MR-GGI","none",986,300,"small","M0.1",0.0235347747802734,FALSE,FALSE
"MR-GGI","none",987,300,"small","M1.1",0.0236690044403076,FALSE,FALSE
"MR-GGI","none",988,300,"small","M2.1",0.0254161357879639,FALSE,FALSE
"MR-GGI","none",989,300,"small","M3",0.0230817794799805,FALSE,FALSE
"MR-GGI","none",990,300,"small","M4",0.024569034576416,FALSE,FALSE
"MR-GGI","none",991,670,"small","M0.1",0.0356411933898926,FALSE,FALSE
"MR-GGI","none",992,670,"small","M1.1",0.0283908843994141,FALSE,FALSE
"MR-GGI","none",993,670,"small","M2.1",0.021989107131958,FALSE,FALSE
"MR-GGI","none",994,670,"small","M3",0.0295898914337158,FALSE,FALSE
"MR-GGI","none",995,670,"small","M4",0.0255122184753418,FALSE,FALSE
"MR-GGI","none",996,1000,"small","M0.1",0.0461030006408691,FALSE,FALSE
"MR-GGI","none",997,1000,"small","M1.1",0.12335205078125,FALSE,FALSE
"MR-GGI","none",998,1000,"small","M2.1",0.183858871459961,FALSE,FALSE
"MR-GGI","none",999,1000,"small","M3",0.0262300968170166,FALSE,FALSE
"MR-GGI","none",1000,1000,"small","M4",0.113188982009888,FALSE,FALSE
"MR-GGI","none",1001,50,"medium","M0.1",0.0175738334655762,FALSE,FALSE
"MR-GGI","none",1002,50,"medium","M1.1",0.0187771320343018,FALSE,FALSE
"MR-GGI","none",1003,50,"medium","M2.1",0.0244169235229492,FALSE,FALSE
"MR-GGI","none",1004,50,"medium","M3",0.0186898708343506,FALSE,FALSE
"MR-GGI","none",1005,50,"medium","M4",0.011192798614502,FALSE,FALSE
"MR-GGI","none",1006,150,"medium","M0.1",0.0105650424957275,FALSE,FALSE
"MR-GGI","none",1007,150,"medium","M1.1",0.0223391056060791,FALSE,FALSE
"MR-GGI","none",1008,150,"medium","M2.1",0.0215239524841309,FALSE,FALSE
"MR-GGI","none",1009,150,"medium","M3",0.00842809677124023,FALSE,FALSE
"MR-GGI","none",1010,150,"medium","M4",0.0208621025085449,FALSE,FALSE
"MR-GGI","none",1011,300,"medium","M0.1",0.0213730335235596,FALSE,FALSE
"MR-GGI","none",1012,300,"medium","M1.1",0.0241811275482178,FALSE,FALSE
"MR-GGI","none",1013,300,"medium","M2.1",0.0231201648712158,FALSE,FALSE
"MR-GGI","none",1014,300,"medium","M3",0.0245120525360107,FALSE,FALSE
"MR-GGI","none",1015,300,"medium","M4",0.0262489318847656,FALSE,FALSE
"MR-GGI","none",1016,670,"medium","M0.1",0.0200760364532471,FALSE,FALSE
"MR-GGI","none",1017,670,"medium","M1.1",0.0252189636230469,FALSE,FALSE
"MR-GGI","none",1018,670,"medium","M2.1",0.0272440910339355,FALSE,FALSE
"MR-GGI","none",1019,670,"medium","M3",0.0181419849395752,FALSE,FALSE
"MR-GGI","none",1020,670,"medium","M4",0.0273559093475342,FALSE,FALSE
"MR-GGI","none",1021,1000,"medium","M0.1",0.0925719738006592,FALSE,FALSE
"MR-GGI","none",1022,1000,"medium","M1.1",0.246016979217529,FALSE,FALSE
"MR-GGI","none",1023,1000,"medium","M2.1",0.126538991928101,FALSE,FALSE
"MR-GGI","none",1024,1000,"medium","M3",0.0343191623687744,FALSE,FALSE
"MR-GGI","none",1025,1000,"medium","M4",0.0221071243286133,FALSE,FALSE
"MR-GGI","none",1026,50,"large","M0.1",0.021183967590332,FALSE,FALSE
"MR-GGI","none",1027,50,"large","M1.1",0.00943517684936523,FALSE,FALSE
"MR-GGI","none",1028,50,"large","M2.1",0.0191740989685059,FALSE,FALSE
"MR-GGI","none",1029,50,"large","M3",0.0211300849914551,FALSE,FALSE
"MR-GGI","none",1030,50,"large","M4",0.0205340385437012,FALSE,FALSE
"MR-GGI","none",1031,150,"large","M0.1",0.022705078125,FALSE,FALSE
"MR-GGI","none",1032,150,"large","M1.1",0.00780010223388672,FALSE,FALSE
"MR-GGI","none",1033,150,"large","M2.1",0.0210480690002441,FALSE,FALSE
"MR-GGI","none",1034,150,"large","M3",0.021575927734375,FALSE,FALSE
"MR-GGI","none",1035,150,"large","M4",0.00828909873962402,FALSE,FALSE
"MR-GGI","none",1036,300,"large","M0.1",0.0270187854766846,FALSE,FALSE
"MR-GGI","none",1037,300,"large","M1.1",0.0263040065765381,FALSE,FALSE
"MR-GGI","none",1038,300,"large","M2.1",0.0243170261383057,FALSE,FALSE
"MR-GGI","none",1039,300,"large","M3",0.0251688957214355,FALSE,FALSE
"MR-GGI","none",1040,300,"large","M4",0.142684936523438,FALSE,FALSE
"MR-GGI","none",1041,670,"large","M0.1",0.0272881984710693,FALSE,FALSE
"MR-GGI","none",1042,670,"large","M1.1",0.0225141048431396,FALSE,FALSE
"MR-GGI","none",1043,670,"large","M2.1",0.0262160301208496,FALSE,FALSE
"MR-GGI","none",1044,670,"large","M3",0.0281209945678711,FALSE,FALSE
"MR-GGI","none",1045,670,"large","M4",0.0159258842468262,FALSE,FALSE
"MR-GGI","none",1046,1000,"large","M0.1",0.0268380641937256,FALSE,FALSE
"MR-GGI","none",1047,1000,"large","M1.1",0.0228550434112549,FALSE,FALSE
"MR-GGI","none",1048,1000,"large","M2.1",0.0221970081329346,FALSE,FALSE
"MR-GGI","none",1049,1000,"large","M3",0.113173007965088,FALSE,FALSE
"MR-GGI","none",1050,1000,"large","M4",0.0267958641052246,FALSE,FALSE
"MR-GGI","none",1051,50,"small","M0.1",0.0215840339660645,FALSE,FALSE
"MR-GGI","none",1052,50,"small","M1.1",0.0192101001739502,FALSE,FALSE
"MR-GGI","none",1053,50,"small","M2.1",0.0131509304046631,FALSE,FALSE
"MR-GGI","none",1054,50,"small","M3",0.0218911170959473,FALSE,FALSE
"MR-GGI","none",1055,50,"small","M4",0.0235679149627686,FALSE,FALSE
"MR-GGI","none",1056,150,"small","M0.1",0.00803017616271973,FALSE,FALSE
"MR-GGI","none",1057,150,"small","M1.1",0.0214498043060303,FALSE,FALSE
"MR-GGI","none",1058,150,"small","M2.1",0.0139250755310059,FALSE,FALSE
"MR-GGI","none",1059,150,"small","M3",0.0144970417022705,FALSE,FALSE
"MR-GGI","none",1060,150,"small","M4",0.019618034362793,FALSE,FALSE
"MR-GGI","none",1061,300,"small","M0.1",0.0445208549499512,FALSE,FALSE
"MR-GGI","none",1062,300,"small","M1.1",0.0300450325012207,FALSE,FALSE
"MR-GGI","none",1063,300,"small","M2.1",0.0528590679168701,FALSE,FALSE
"MR-GGI","none",1064,300,"small","M3",0.051285982131958,FALSE,FALSE
"MR-GGI","none",1065,300,"small","M4",0.0131771564483643,FALSE,FALSE
"MR-GGI","none",1066,670,"small","M0.1",0.11384105682373,FALSE,FALSE
"MR-GGI","none",1067,670,"small","M1.1",0.0533568859100342,FALSE,FALSE
"MR-GGI","none",1068,670,"small","M2.1",0.0759258270263672,FALSE,FALSE
"MR-GGI","none",1069,670,"small","M3",0.0465400218963623,FALSE,FALSE
"MR-GGI","none",1070,670,"small","M4",0.0376870632171631,FALSE,FALSE
"MR-GGI","none",1071,1000,"small","M0.1",0.0356059074401855,FALSE,FALSE
"MR-GGI","none",1072,1000,"small","M1.1",0.0525240898132324,FALSE,FALSE
"MR-GGI","none",1073,1000,"small","M2.1",0.0363829135894775,FALSE,FALSE
"MR-GGI","none",1074,1000,"small","M3",0.0301170349121094,FALSE,FALSE
"MR-GGI","none",1075,1000,"small","M4",0.0281188488006592,FALSE,FALSE
"MR-GGI","none",1076,50,"medium","M0.1",0.0240180492401123,FALSE,FALSE
"MR-GGI","none",1077,50,"medium","M1.1",0.0208401679992676,FALSE,FALSE
"MR-GGI","none",1078,50,"medium","M2.1",0.022819995880127,FALSE,FALSE
"MR-GGI","none",1079,50,"medium","M3",0.0194480419158936,FALSE,FALSE
"MR-GGI","none",1080,50,"medium","M4",0.0238678455352783,FALSE,FALSE
"MR-GGI","none",1081,150,"medium","M0.1",0.00646615028381348,FALSE,FALSE
"MR-GGI","none",1082,150,"medium","M1.1",0.0113229751586914,FALSE,FALSE
"MR-GGI","none",1083,150,"medium","M2.1",0.0208580493927002,FALSE,FALSE
"MR-GGI","none",1084,150,"medium","M3",0.0106480121612549,FALSE,FALSE
"MR-GGI","none",1085,150,"medium","M4",0.0229871273040771,FALSE,FALSE
"MR-GGI","none",1086,300,"medium","M0.1",0.0626440048217773,FALSE,FALSE
"MR-GGI","none",1087,300,"medium","M1.1",0.0611510276794434,FALSE,FALSE
"MR-GGI","none",1088,300,"medium","M2.1",0.0988850593566895,FALSE,FALSE
"MR-GGI","none",1089,300,"medium","M3",0.0547130107879639,FALSE,FALSE
"MR-GGI","none",1090,300,"medium","M4",0.0988559722900391,FALSE,FALSE
"MR-GGI","none",1091,670,"medium","M0.1",0.0483500957489014,FALSE,FALSE
"MR-GGI","none",1092,670,"medium","M1.1",0.0207281112670898,FALSE,FALSE
"MR-GGI","none",1093,670,"medium","M2.1",0.263389825820923,FALSE,FALSE
"MR-GGI","none",1094,670,"medium","M3",0.0495181083679199,FALSE,FALSE
"MR-GGI","none",1095,670,"medium","M4",0.0759220123291016,FALSE,FALSE
"MR-GGI","none",1096,1000,"medium","M0.1",0.0351800918579102,FALSE,FALSE
"MR-GGI","none",1097,1000,"medium","M1.1",0.0531229972839355,FALSE,FALSE
"MR-GGI","none",1098,1000,"medium","M2.1",0.0406739711761475,FALSE,FALSE
"MR-GGI","none",1099,1000,"medium","M3",0.039100170135498,FALSE,FALSE
"MR-GGI","none",1100,1000,"medium","M4",0.0445981025695801,FALSE,FALSE
"MR-GGI","none",1101,50,"large","M0.1",0.0200448036193848,FALSE,FALSE
"MR-GGI","none",1102,50,"large","M1.1",0.0171759128570557,FALSE,FALSE
"MR-GGI","none",1103,50,"large","M2.1",0.0260260105133057,FALSE,FALSE
"MR-GGI","none",1104,50,"large","M3",0.0173871517181396,FALSE,FALSE
"MR-GGI","none",1105,50,"large","M4",0.0196058750152588,FALSE,FALSE
"MR-GGI","none",1106,150,"large","M0.1",0.0172228813171387,FALSE,FALSE
"MR-GGI","none",1107,150,"large","M1.1",0.0060579776763916,FALSE,FALSE
"MR-GGI","none",1108,150,"large","M2.1",0.0111908912658691,FALSE,FALSE
"MR-GGI","none",1109,150,"large","M3",0.0224440097808838,FALSE,FALSE
"MR-GGI","none",1110,150,"large","M4",0.0104410648345947,FALSE,FALSE
"MR-GGI","none",1111,300,"large","M0.1",0.12540602684021,FALSE,FALSE
"MR-GGI","none",1112,300,"large","M1.1",0.101422071456909,FALSE,FALSE
"MR-GGI","none",1113,300,"large","M2.1",0.0685250759124756,FALSE,FALSE
"MR-GGI","none",1114,300,"large","M3",0.0820331573486328,FALSE,FALSE
"MR-GGI","none",1115,300,"large","M4",0.13192892074585,FALSE,FALSE
"MR-GGI","none",1116,670,"large","M0.1",0.0292460918426514,FALSE,FALSE
"MR-GGI","none",1117,670,"large","M1.1",0.0225958824157715,FALSE,FALSE
"MR-GGI","none",1118,670,"large","M2.1",0.0552189350128174,FALSE,FALSE
"MR-GGI","none",1119,670,"large","M3",0.0317060947418213,FALSE,FALSE
"MR-GGI","none",1120,670,"large","M4",0.0541360378265381,FALSE,FALSE
"MR-GGI","none",1121,1000,"large","M0.1",0.0421860218048096,FALSE,FALSE
"MR-GGI","none",1122,1000,"large","M1.1",0.0314569473266602,FALSE,FALSE
"MR-GGI","none",1123,1000,"large","M2.1",0.0539629459381104,FALSE,FALSE
"MR-GGI","none",1124,1000,"large","M3",0.084475040435791,FALSE,FALSE
"MR-GGI","none",1125,1000,"large","M4",0.0559651851654053,FALSE,FALSE
"MR-GGI","none",1126,50,"small","M0.1",0.022162914276123,FALSE,FALSE
"MR-GGI","none",1127,50,"small","M1.1",0.0221271514892578,FALSE,FALSE
"MR-GGI","none",1128,50,"small","M2.1",0.0168421268463135,FALSE,FALSE
"MR-GGI","none",1129,50,"small","M3",0.0315420627593994,FALSE,FALSE
"MR-GGI","none",1130,50,"small","M4",0.0202579498291016,FALSE,FALSE
"MR-GGI","none",1131,150,"small","M0.1",0.0215590000152588,FALSE,FALSE
"MR-GGI","none",1132,150,"small","M1.1",0.0133390426635742,FALSE,FALSE
"MR-GGI","none",1133,150,"small","M2.1",0.0360240936279297,FALSE,FALSE
"MR-GGI","none",1134,150,"small","M3",0.0137860774993896,FALSE,FALSE
"MR-GGI","none",1135,150,"small","M4",0.0160319805145264,FALSE,FALSE
"MR-GGI","none",1136,300,"small","M0.1",0.13208794593811,FALSE,FALSE
"MR-GGI","none",1137,300,"small","M1.1",0.0125072002410889,FALSE,FALSE
"MR-GGI","none",1138,300,"small","M2.1",0.144282817840576,FALSE,FALSE
"MR-GGI","none",1139,300,"small","M3",0.0127198696136475,FALSE,FALSE
"MR-GGI","none",1140,300,"small","M4",0.0185730457305908,FALSE,FALSE
"MR-GGI","none",1141,670,"small","M0.1",0.00967216491699219,FALSE,FALSE
"MR-GGI","none",1142,670,"small","M1.1",0.0268042087554932,FALSE,FALSE
"MR-GGI","none",1143,670,"small","M2.1",0.0199689865112305,FALSE,FALSE
"MR-GGI","none",1144,670,"small","M3",0.0269348621368408,FALSE,FALSE
"MR-GGI","none",1145,670,"small","M4",0.0285899639129639,FALSE,FALSE
"MR-GGI","none",1146,1000,"small","M0.1",0.0291152000427246,FALSE,FALSE
"MR-GGI","none",1147,1000,"small","M1.1",0.0601999759674072,FALSE,FALSE
"MR-GGI","none",1148,1000,"small","M2.1",0.0289139747619629,FALSE,FALSE
"MR-GGI","none",1149,1000,"small","M3",0.0352849960327148,FALSE,FALSE
"MR-GGI","none",1150,1000,"small","M4",0.0445129871368408,FALSE,FALSE
"MR-GGI","none",1151,50,"medium","M0.1",0.0159180164337158,FALSE,FALSE
"MR-GGI","none",1152,50,"medium","M1.1",0.0211880207061768,FALSE,FALSE
"MR-GGI","none",1153,50,"medium","M2.1",0.0157170295715332,FALSE,FALSE
"MR-GGI","none",1154,50,"medium","M3",0.0195279121398926,FALSE,FALSE
"MR-GGI","none",1155,50,"medium","M4",0.0218629837036133,FALSE,FALSE
"MR-GGI","none",1156,150,"medium","M0.1",0.0138218402862549,FALSE,FALSE
"MR-GGI","none",1157,150,"medium","M1.1",0.0167279243469238,FALSE,FALSE
"MR-GGI","none",1158,150,"medium","M2.1",0.0136129856109619,FALSE,FALSE
"MR-GGI","none",1159,150,"medium","M3",0.0205919742584229,FALSE,FALSE
"MR-GGI","none",1160,150,"medium","M4",0.0149328708648682,FALSE,FALSE
"MR-GGI","none",1161,300,"medium","M0.1",0.02596116065979,FALSE,FALSE
"MR-GGI","none",1162,300,"medium","M1.1",0.0243809223175049,FALSE,FALSE
"MR-GGI","none",1163,300,"medium","M2.1",0.134346008300781,FALSE,FALSE
"MR-GGI","none",1164,300,"medium","M3",0.0492019653320312,FALSE,FALSE
"MR-GGI","none",1165,300,"medium","M4",0.0225241184234619,FALSE,FALSE
"MR-GGI","none",1166,670,"medium","M0.1",0.0276539325714111,FALSE,FALSE
"MR-GGI","none",1167,670,"medium","M1.1",0.0382428169250488,FALSE,FALSE
"MR-GGI","none",1168,670,"medium","M2.1",0.0254909992218018,FALSE,FALSE
"MR-GGI","none",1169,670,"medium","M3",0.0238242149353027,FALSE,FALSE
"MR-GGI","none",1170,670,"medium","M4",0.0243978500366211,FALSE,FALSE
"MR-GGI","none",1171,1000,"medium","M0.1",0.0193769931793213,FALSE,FALSE
"MR-GGI","none",1172,1000,"medium","M1.1",0.0236239433288574,FALSE,FALSE
"MR-GGI","none",1173,1000,"medium","M2.1",0.0641930103302002,FALSE,FALSE
"MR-GGI","none",1174,1000,"medium","M3",0.0281538963317871,FALSE,FALSE
"MR-GGI","none",1175,1000,"medium","M4",0.0335640907287598,FALSE,FALSE
"MR-GGI","none",1176,50,"large","M0.1",0.0187079906463623,FALSE,FALSE
"MR-GGI","none",1177,50,"large","M1.1",0.0235130786895752,FALSE,FALSE
"MR-GGI","none",1178,50,"large","M2.1",0.0208871364593506,FALSE,FALSE
"MR-GGI","none",1179,50,"large","M3",0.013685941696167,FALSE,FALSE
"MR-GGI","none",1180,50,"large","M4",0.0191760063171387,FALSE,FALSE
"MR-GGI","none",1181,150,"large","M0.1",0.0242171287536621,FALSE,FALSE
"MR-GGI","none",1182,150,"large","M1.1",0.0193369388580322,FALSE,FALSE
"MR-GGI","none",1183,150,"large","M2.1",0.0208079814910889,FALSE,FALSE
"MR-GGI","none",1184,150,"large","M3",0.0231389999389648,FALSE,FALSE
"MR-GGI","none",1185,150,"large","M4",0.0521831512451172,FALSE,FALSE
"MR-GGI","none",1186,300,"large","M0.1",0.0574870109558105,FALSE,FALSE
"MR-GGI","none",1187,300,"large","M1.1",0.0596039295196533,FALSE,FALSE
"MR-GGI","none",1188,300,"large","M2.1",0.0996708869934082,FALSE,FALSE
"MR-GGI","none",1189,300,"large","M3",0.0234560966491699,FALSE,FALSE
"MR-GGI","none",1190,300,"large","M4",0.0234699249267578,FALSE,FALSE
"MR-GGI","none",1191,670,"large","M0.1",0.026604175567627,FALSE,FALSE
"MR-GGI","none",1192,670,"large","M1.1",0.028270959854126,FALSE,FALSE
"MR-GGI","none",1193,670,"large","M2.1",0.030864953994751,FALSE,FALSE
"MR-GGI","none",1194,670,"large","M3",0.0257689952850342,FALSE,FALSE
"MR-GGI","none",1195,670,"large","M4",0.019279956817627,FALSE,FALSE
"MR-GGI","none",1196,1000,"large","M0.1",0.0265138149261475,FALSE,FALSE
"MR-GGI","none",1197,1000,"large","M1.1",0.0303559303283691,FALSE,FALSE
"MR-GGI","none",1198,1000,"large","M2.1",0.0191681385040283,FALSE,FALSE
"MR-GGI","none",1199,1000,"large","M3",0.018956184387207,FALSE,FALSE
"MR-GGI","none",1200,1000,"large","M4",0.0242979526519775,FALSE,FALSE
"MR-GGI","none",1201,50,"small","M0.1",0.0234799385070801,FALSE,FALSE
"MR-GGI","none",1202,50,"small","M1.1",0.0170919895172119,FALSE,FALSE
"MR-GGI","none",1203,50,"small","M2.1",0.0191080570220947,FALSE,FALSE
"MR-GGI","none",1204,50,"small","M3",0.0244860649108887,FALSE,FALSE
"MR-GGI","none",1205,50,"small","M4",0.022885799407959,FALSE,FALSE
"MR-GGI","none",1206,150,"small","M0.1",0.0209848880767822,FALSE,FALSE
"MR-GGI","none",1207,150,"small","M1.1",0.0195510387420654,FALSE,FALSE
"MR-GGI","none",1208,150,"small","M2.1",0.0079801082611084,FALSE,FALSE
"MR-GGI","none",1209,150,"small","M3",0.0326278209686279,FALSE,FALSE
"MR-GGI","none",1210,150,"small","M4",0.0278911590576172,FALSE,FALSE
"MR-GGI","none",1211,300,"small","M0.1",0.0289289951324463,FALSE,FALSE
"MR-GGI","none",1212,300,"small","M1.1",0.156852006912231,FALSE,FALSE
"MR-GGI","none",1213,300,"small","M2.1",0.00895595550537109,FALSE,FALSE
"MR-GGI","none",1214,300,"small","M3",0.0508208274841309,FALSE,FALSE
"MR-GGI","none",1215,300,"small","M4",0.108118057250977,FALSE,FALSE
"MR-GGI","none",1216,670,"small","M0.1",0.0197279453277588,FALSE,FALSE
"MR-GGI","none",1217,670,"small","M1.1",0.0242490768432617,FALSE,FALSE
"MR-GGI","none",1218,670,"small","M2.1",0.0189039707183838,FALSE,FALSE
"MR-GGI","none",1219,670,"small","M3",0.0142638683319092,FALSE,FALSE
"MR-GGI","none",1220,670,"small","M4",0.0218629837036133,FALSE,FALSE
"MR-GGI","none",1221,1000,"small","M0.1",0.0398578643798828,FALSE,FALSE
"MR-GGI","none",1222,1000,"small","M1.1",0.0291051864624023,FALSE,FALSE
"MR-GGI","none",1223,1000,"small","M2.1",0.0371270179748535,FALSE,FALSE
"MR-GGI","none",1224,1000,"small","M3",0.0375189781188965,FALSE,FALSE
"MR-GGI","none",1225,1000,"small","M4",0.0292890071868896,FALSE,FALSE
"MR-GGI","none",1226,50,"medium","M0.1",0.0227839946746826,FALSE,FALSE
"MR-GGI","none",1227,50,"medium","M1.1",0.0210819244384766,FALSE,FALSE
"MR-GGI","none",1228,50,"medium","M2.1",0.0200121402740479,FALSE,FALSE
"MR-GGI","none",1229,50,"medium","M3",0.0146479606628418,FALSE,FALSE
"MR-GGI","none",1230,50,"medium","M4",0.0163168907165527,FALSE,FALSE
"MR-GGI","none",1231,150,"medium","M0.1",0.00682997703552246,FALSE,FALSE
"MR-GGI","none",1232,150,"medium","M1.1",0.00548791885375977,FALSE,FALSE
"MR-GGI","none",1233,150,"medium","M2.1",0.0260999202728271,FALSE,FALSE
"MR-GGI","none",1234,150,"medium","M3",0.0252101421356201,FALSE,FALSE
"MR-GGI","none",1235,150,"medium","M4",0.0106978416442871,FALSE,FALSE
"MR-GGI","none",1236,300,"medium","M0.1",0.0330510139465332,FALSE,FALSE
"MR-GGI","none",1237,300,"medium","M1.1",0.161288976669312,FALSE,FALSE
"MR-GGI","none",1238,300,"medium","M2.1",0.24040699005127,FALSE,FALSE
"MR-GGI","none",1239,300,"medium","M3",0.0804829597473145,FALSE,FALSE
"MR-GGI","none",1240,300,"medium","M4",0.0677578449249268,FALSE,FALSE
"MR-GGI","none",1241,670,"medium","M0.1",0.0207269191741943,FALSE,FALSE
"MR-GGI","none",1242,670,"medium","M1.1",0.0240559577941895,FALSE,FALSE
"MR-GGI","none",1243,670,"medium","M2.1",0.0298459529876709,FALSE,FALSE
"MR-GGI","none",1244,670,"medium","M3",0.016963005065918,FALSE,FALSE
"MR-GGI","none",1245,670,"medium","M4",0.0272040367126465,FALSE,FALSE
"MR-GGI","none",1246,1000,"medium","M0.1",0.0351300239562988,FALSE,FALSE
"MR-GGI","none",1247,1000,"medium","M1.1",0.0316581726074219,FALSE,FALSE
"MR-GGI","none",1248,1000,"medium","M2.1",0.03619384765625,FALSE,FALSE
"MR-GGI","none",1249,1000,"medium","M3",0.0512499809265137,FALSE,FALSE
"MR-GGI","none",1250,1000,"medium","M4",0.0452420711517334,FALSE,FALSE
"MR-GGI","none",1251,50,"large","M0.1",0.0162239074707031,FALSE,FALSE
"MR-GGI","none",1252,50,"large","M1.1",0.014380931854248,FALSE,FALSE
"MR-GGI","none",1253,50,"large","M2.1",0.0169689655303955,FALSE,FALSE
"MR-GGI","none",1254,50,"large","M3",0.0206499099731445,FALSE,FALSE
"MR-GGI","none",1255,50,"large","M4",0.0190410614013672,FALSE,FALSE
"MR-GGI","none",1256,150,"large","M0.1",0.0178039073944092,FALSE,FALSE
"MR-GGI","none",1257,150,"large","M1.1",0.00634193420410156,FALSE,FALSE
"MR-GGI","none",1258,150,"large","M2.1",0.0146369934082031,FALSE,FALSE
"MR-GGI","none",1259,150,"large","M3",0.0256710052490234,FALSE,FALSE
"MR-GGI","none",1260,150,"large","M4",0.0291728973388672,FALSE,FALSE
"MR-GGI","none",1261,300,"large","M0.1",0.079848051071167,FALSE,FALSE
"MR-GGI","none",1262,300,"large","M1.1",0.177500009536743,FALSE,FALSE
"MR-GGI","none",1263,300,"large","M2.1",0.143990993499756,FALSE,FALSE
"MR-GGI","none",1264,300,"large","M3",0.0778050422668457,FALSE,FALSE
"MR-GGI","none",1265,300,"large","M4",0.104067087173462,FALSE,FALSE
"MR-GGI","none",1266,670,"large","M0.1",0.0207250118255615,FALSE,FALSE
"MR-GGI","none",1267,670,"large","M1.1",0.02781081199646,FALSE,FALSE
"MR-GGI","none",1268,670,"large","M2.1",0.0190060138702393,FALSE,FALSE
"MR-GGI","none",1269,670,"large","M3",0.0207929611206055,FALSE,FALSE
"MR-GGI","none",1270,670,"large","M4",0.0172178745269775,FALSE,FALSE
"MR-GGI","none",1271,1000,"large","M0.1",0.0356779098510742,FALSE,FALSE
"MR-GGI","none",1272,1000,"large","M1.1",0.0334701538085938,FALSE,FALSE
"MR-GGI","none",1273,1000,"large","M2.1",0.0666320323944092,FALSE,FALSE
"MR-GGI","none",1274,1000,"large","M3",0.0297720432281494,FALSE,FALSE
"MR-GGI","none",1275,1000,"large","M4",0.0377118587493896,FALSE,FALSE
"MR-GGI","none",1276,50,"small","M0.1",0.0218350887298584,FALSE,FALSE
"MR-GGI","none",1277,50,"small","M1.1",0.0184028148651123,FALSE,FALSE
"MR-GGI","none",1278,50,"small","M2.1",0.0175189971923828,FALSE,FALSE
"MR-GGI","none",1279,50,"small","M3",0.0174250602722168,FALSE,FALSE
"MR-GGI","none",1280,50,"small","M4",0.0150749683380127,FALSE,FALSE
"MR-GGI","none",1281,150,"small","M0.1",0.0235838890075684,FALSE,FALSE
"MR-GGI","none",1282,150,"small","M1.1",0.0237629413604736,FALSE,FALSE
"MR-GGI","none",1283,150,"small","M2.1",0.0286180973052979,FALSE,FALSE
"MR-GGI","none",1284,150,"small","M3",0.0226788520812988,FALSE,FALSE
"MR-GGI","none",1285,150,"small","M4",0.020543098449707,FALSE,FALSE
"MR-GGI","none",1286,300,"small","M0.1",0.0210740566253662,FALSE,FALSE
"MR-GGI","none",1287,300,"small","M1.1",0.0227010250091553,FALSE,FALSE
"MR-GGI","none",1288,300,"small","M2.1",0.0174050331115723,FALSE,FALSE
"MR-GGI","none",1289,300,"small","M3",0.0208070278167725,FALSE,FALSE
"MR-GGI","none",1290,300,"small","M4",0.0409340858459473,FALSE,FALSE
"MR-GGI","none",1291,670,"small","M0.1",0.0294480323791504,FALSE,FALSE
"MR-GGI","none",1292,670,"small","M1.1",0.0263619422912598,FALSE,FALSE
"MR-GGI","none",1293,670,"small","M2.1",0.0193421840667725,FALSE,FALSE
"MR-GGI","none",1294,670,"small","M3",0.0286619663238525,FALSE,FALSE
"MR-GGI","none",1295,670,"small","M4",0.0252721309661865,FALSE,FALSE
"MR-GGI","none",1296,1000,"small","M0.1",0.0334911346435547,FALSE,FALSE
"MR-GGI","none",1297,1000,"small","M1.1",0.0500390529632568,FALSE,FALSE
"MR-GGI","none",1298,1000,"small","M2.1",0.0447468757629395,FALSE,FALSE
"MR-GGI","none",1299,1000,"small","M3",0.02764892578125,FALSE,FALSE
"MR-GGI","none",1300,1000,"small","M4",0.0791530609130859,FALSE,FALSE
"MR-GGI","none",1301,50,"medium","M0.1",0.0195040702819824,FALSE,FALSE
"MR-GGI","none",1302,50,"medium","M1.1",0.0155620574951172,FALSE,FALSE
"MR-GGI","none",1303,50,"medium","M2.1",0.0191259384155273,FALSE,FALSE
"MR-GGI","none",1304,50,"medium","M3",0.0302071571350098,FALSE,FALSE
"MR-GGI","none",1305,50,"medium","M4",0.0226202011108398,FALSE,FALSE
"MR-GGI","none",1306,150,"medium","M0.1",0.0166130065917969,FALSE,FALSE
"MR-GGI","none",1307,150,"medium","M1.1",0.0263450145721436,FALSE,FALSE
"MR-GGI","none",1308,150,"medium","M2.1",0.0239760875701904,FALSE,FALSE
"MR-GGI","none",1309,150,"medium","M3",0.0165839195251465,FALSE,FALSE
"MR-GGI","none",1310,150,"medium","M4",0.0232069492340088,FALSE,FALSE
"MR-GGI","none",1311,300,"medium","M0.1",0.139317989349365,FALSE,FALSE
"MR-GGI","none",1312,300,"medium","M1.1",0.169248104095459,FALSE,FALSE
"MR-GGI","none",1313,300,"medium","M2.1",0.0126469135284424,FALSE,FALSE
"MR-GGI","none",1314,300,"medium","M3",0.0233728885650635,FALSE,FALSE
"MR-GGI","none",1315,300,"medium","M4",0.0134041309356689,FALSE,FALSE
"MR-GGI","none",1316,670,"medium","M0.1",0.0284919738769531,FALSE,FALSE
"MR-GGI","none",1317,670,"medium","M1.1",0.0593390464782715,FALSE,FALSE
"MR-GGI","none",1318,670,"medium","M2.1",0.025860071182251,FALSE,FALSE
"MR-GGI","none",1319,670,"medium","M3",0.0211119651794434,FALSE,FALSE
"MR-GGI","none",1320,670,"medium","M4",0.0256650447845459,FALSE,FALSE
"MR-GGI","none",1321,1000,"medium","M0.1",0.0434730052947998,FALSE,FALSE
"MR-GGI","none",1322,1000,"medium","M1.1",0.0303440093994141,FALSE,FALSE
"MR-GGI","none",1323,1000,"medium","M2.1",0.0343739986419678,FALSE,FALSE
"MR-GGI","none",1324,1000,"medium","M3",0.0263049602508545,FALSE,FALSE
"MR-GGI","none",1325,1000,"medium","M4",0.0517430305480957,FALSE,FALSE
"MR-GGI","none",1326,50,"large","M0.1",0.0200169086456299,FALSE,FALSE
"MR-GGI","none",1327,50,"large","M1.1",0.0198578834533691,FALSE,FALSE
"MR-GGI","none",1328,50,"large","M2.1",0.0216200351715088,FALSE,FALSE
"MR-GGI","none",1329,50,"large","M3",0.0207259654998779,FALSE,FALSE
"MR-GGI","none",1330,50,"large","M4",0.0221469402313232,FALSE,FALSE
"MR-GGI","none",1331,150,"large","M0.1",0.0180327892303467,FALSE,FALSE
"MR-GGI","none",1332,150,"large","M1.1",0.0171458721160889,FALSE,FALSE
"MR-GGI","none",1333,150,"large","M2.1",0.0231559276580811,FALSE,FALSE
"MR-GGI","none",1334,150,"large","M3",0.0243000984191895,FALSE,FALSE
"MR-GGI","none",1335,150,"large","M4",0.00792121887207031,FALSE,FALSE
"MR-GGI","none",1336,300,"large","M0.1",0.107435941696167,FALSE,FALSE
"MR-GGI","none",1337,300,"large","M1.1",0.0716259479522705,FALSE,FALSE
"MR-GGI","none",1338,300,"large","M2.1",0.0978589057922363,FALSE,FALSE
"MR-GGI","none",1339,300,"large","M3",0.015282154083252,FALSE,FALSE
"MR-GGI","none",1340,300,"large","M4",0.0789690017700195,FALSE,FALSE
"MR-GGI","none",1341,670,"large","M0.1",0.0245211124420166,FALSE,FALSE
"MR-GGI","none",1342,670,"large","M1.1",0.0130770206451416,FALSE,FALSE
"MR-GGI","none",1343,670,"large","M2.1",0.0249869823455811,FALSE,FALSE
"MR-GGI","none",1344,670,"large","M3",0.026360034942627,FALSE,FALSE
"MR-GGI","none",1345,670,"large","M4",0.0177230834960938,FALSE,FALSE
"MR-GGI","none",1346,1000,"large","M0.1",0.0539281368255615,FALSE,FALSE
"MR-GGI","none",1347,1000,"large","M1.1",0.0314199924468994,FALSE,FALSE
"MR-GGI","none",1348,1000,"large","M2.1",0.0424318313598633,FALSE,FALSE
"MR-GGI","none",1349,1000,"large","M3",0.0571029186248779,FALSE,FALSE
"MR-GGI","none",1350,1000,"large","M4",0.036909818649292,FALSE,FALSE
"MR-GGI","none",1351,50,"small","M0.1",0.0230720043182373,FALSE,FALSE
"MR-GGI","none",1352,50,"small","M1.1",0.0241539478302002,FALSE,FALSE
"MR-GGI","none",1353,50,"small","M2.1",0.0295062065124512,FALSE,FALSE
"MR-GGI","none",1354,50,"small","M3",0.0159838199615479,FALSE,FALSE
"MR-GGI","none",1355,50,"small","M4",0.0229339599609375,FALSE,FALSE
"MR-GGI","none",1356,150,"small","M0.1",0.0121250152587891,FALSE,FALSE
"MR-GGI","none",1357,150,"small","M1.1",0.0205550193786621,FALSE,FALSE
"MR-GGI","none",1358,150,"small","M2.1",0.0158779621124268,FALSE,FALSE
"MR-GGI","none",1359,150,"small","M3",0.0077660083770752,FALSE,FALSE
"MR-GGI","none",1360,150,"small","M4",0.0207722187042236,FALSE,FALSE
"MR-GGI","none",1361,300,"small","M0.1",0.0417640209197998,FALSE,FALSE
"MR-GGI","none",1362,300,"small","M1.1",0.0262260437011719,FALSE,FALSE
"MR-GGI","none",1363,300,"small","M2.1",0.0746209621429443,FALSE,FALSE
"MR-GGI","none",1364,300,"small","M3",0.0435450077056885,FALSE,FALSE
"MR-GGI","none",1365,300,"small","M4",0.0520110130310059,FALSE,FALSE
"MR-GGI","none",1366,670,"small","M0.1",0.00870513916015625,FALSE,FALSE
"MR-GGI","none",1367,670,"small","M1.1",0.0241339206695557,FALSE,FALSE
"MR-GGI","none",1368,670,"small","M2.1",0.0132927894592285,FALSE,FALSE
"MR-GGI","none",1369,670,"small","M3",0.0349588394165039,FALSE,FALSE
"MR-GGI","none",1370,670,"small","M4",0.0584399700164795,FALSE,FALSE
"MR-GGI","none",1371,1000,"small","M0.1",0.0506720542907715,FALSE,FALSE
"MR-GGI","none",1372,1000,"small","M1.1",0.0315070152282715,FALSE,FALSE
"MR-GGI","none",1373,1000,"small","M2.1",0.0418238639831543,FALSE,FALSE
"MR-GGI","none",1374,1000,"small","M3",0.0318701267242432,FALSE,FALSE
"MR-GGI","none",1375,1000,"small","M4",0.0545411109924316,FALSE,FALSE
"MR-GGI","none",1376,50,"medium","M0.1",0.0208818912506104,FALSE,FALSE
"MR-GGI","none",1377,50,"medium","M1.1",0.0150609016418457,FALSE,FALSE
"MR-GGI","none",1378,50,"medium","M2.1",0.0227200984954834,FALSE,FALSE
"MR-GGI","none",1379,50,"medium","M3",0.0188689231872559,FALSE,FALSE
"MR-GGI","none",1380,50,"medium","M4",0.0218830108642578,FALSE,FALSE
"MR-GGI","none",1381,150,"medium","M0.1",0.0169398784637451,FALSE,FALSE
"MR-GGI","none",1382,150,"medium","M1.1",0.00667095184326172,FALSE,FALSE
"MR-GGI","none",1383,150,"medium","M2.1",0.0184919834136963,FALSE,FALSE
"MR-GGI","none",1384,150,"medium","M3",0.00946688652038574,FALSE,FALSE
"MR-GGI","none",1385,150,"medium","M4",0.0123960971832275,FALSE,FALSE
"MR-GGI","none",1386,300,"medium","M0.1",0.0436248779296875,FALSE,FALSE
"MR-GGI","none",1387,300,"medium","M1.1",0.0441300868988037,FALSE,FALSE
"MR-GGI","none",1388,300,"medium","M2.1",0.0595788955688477,FALSE,FALSE
"MR-GGI","none",1389,300,"medium","M3",0.0667731761932373,FALSE,FALSE
"MR-GGI","none",1390,300,"medium","M4",0.0862710475921631,FALSE,FALSE
"MR-GGI","none",1391,670,"medium","M0.1",0.0232019424438477,FALSE,FALSE
"MR-GGI","none",1392,670,"medium","M1.1",0.0201199054718018,FALSE,FALSE
"MR-GGI","none",1393,670,"medium","M2.1",0.0260071754455566,FALSE,FALSE
"MR-GGI","none",1394,670,"medium","M3",0.0152690410614014,FALSE,FALSE
"MR-GGI","none",1395,670,"medium","M4",0.0171499252319336,FALSE,FALSE
"MR-GGI","none",1396,1000,"medium","M0.1",0.0344779491424561,FALSE,FALSE
"MR-GGI","none",1397,1000,"medium","M1.1",0.0348260402679443,FALSE,FALSE
"MR-GGI","none",1398,1000,"medium","M2.1",0.053804874420166,FALSE,FALSE
"MR-GGI","none",1399,1000,"medium","M3",0.0352139472961426,FALSE,FALSE
"MR-GGI","none",1400,1000,"medium","M4",0.0444550514221191,FALSE,FALSE
"MR-GGI","none",1401,50,"large","M0.1",0.0175340175628662,FALSE,FALSE
"MR-GGI","none",1402,50,"large","M1.1",0.018010139465332,FALSE,FALSE
"MR-GGI","none",1403,50,"large","M2.1",0.0198898315429688,FALSE,FALSE
"MR-GGI","none",1404,50,"large","M3",0.0151770114898682,FALSE,FALSE
"MR-GGI","none",1405,50,"large","M4",0.0162971019744873,FALSE,FALSE
"MR-GGI","none",1406,150,"large","M0.1",0.028778076171875,FALSE,FALSE
"MR-GGI","none",1407,150,"large","M1.1",0.0077052116394043,FALSE,FALSE
"MR-GGI","none",1408,150,"large","M2.1",0.0517120361328125,FALSE,FALSE
"MR-GGI","none",1409,150,"large","M3",0.0190708637237549,FALSE,FALSE
"MR-GGI","none",1410,150,"large","M4",0.0114789009094238,FALSE,FALSE
"MR-GGI","none",1411,300,"large","M0.1",0.134857892990112,FALSE,FALSE
"MR-GGI","none",1412,300,"large","M1.1",0.0520391464233398,FALSE,FALSE
"MR-GGI","none",1413,300,"large","M2.1",0.0838561058044434,FALSE,FALSE
"MR-GGI","none",1414,300,"large","M3",0.0712189674377441,FALSE,FALSE
"MR-GGI","none",1415,300,"large","M4",0.062169075012207,FALSE,FALSE
"MR-GGI","none",1416,670,"large","M0.1",0.0528609752655029,FALSE,FALSE
"MR-GGI","none",1417,670,"large","M1.1",0.0189251899719238,FALSE,FALSE
"MR-GGI","none",1418,670,"large","M2.1",0.0179839134216309,FALSE,FALSE
"MR-GGI","none",1419,670,"large","M3",0.023500919342041,FALSE,FALSE
"MR-GGI","none",1420,670,"large","M4",0.0182030200958252,FALSE,FALSE
"MR-GGI","none",1421,1000,"large","M0.1",0.0339949131011963,FALSE,FALSE
"MR-GGI","none",1422,1000,"large","M1.1",0.0323238372802734,FALSE,FALSE
"MR-GGI","none",1423,1000,"large","M2.1",0.0649740695953369,FALSE,FALSE
"MR-GGI","none",1424,1000,"large","M3",0.0627307891845703,FALSE,FALSE
"MR-GGI","none",1425,1000,"large","M4",0.0572230815887451,FALSE,FALSE
"MR-GGI","none",1426,50,"small","M0.1",0.0211138725280762,FALSE,FALSE
"MR-GGI","none",1427,50,"small","M1.1",0.0274960994720459,FALSE,FALSE
"MR-GGI","none",1428,50,"small","M2.1",0.0221631526947021,FALSE,FALSE
"MR-GGI","none",1429,50,"small","M3",0.0232629776000977,FALSE,FALSE
"MR-GGI","none",1430,50,"small","M4",0.0201270580291748,FALSE,FALSE
"MR-GGI","none",1431,150,"small","M0.1",0.0342061519622803,FALSE,FALSE
"MR-GGI","none",1432,150,"small","M1.1",0.0232110023498535,FALSE,FALSE
"MR-GGI","none",1433,150,"small","M2.1",0.0202071666717529,FALSE,FALSE
"MR-GGI","none",1434,150,"small","M3",0.0231931209564209,FALSE,FALSE
"MR-GGI","none",1435,150,"small","M4",0.0251801013946533,FALSE,FALSE
"MR-GGI","none",1436,300,"small","M0.1",0.138503074645996,FALSE,FALSE
"MR-GGI","none",1437,300,"small","M1.1",0.0538771152496338,FALSE,FALSE
"MR-GGI","none",1438,300,"small","M2.1",0.0241398811340332,FALSE,FALSE
"MR-GGI","none",1439,300,"small","M3",0.174850940704346,FALSE,FALSE
"MR-GGI","none",1440,300,"small","M4",0.0100488662719727,FALSE,FALSE
"MR-GGI","none",1441,670,"small","M0.1",0.0306069850921631,FALSE,FALSE
"MR-GGI","none",1442,670,"small","M1.1",0.0249009132385254,FALSE,FALSE
"MR-GGI","none",1443,670,"small","M2.1",0.0223491191864014,FALSE,FALSE
"MR-GGI","none",1444,670,"small","M3",0.0290260314941406,FALSE,FALSE
"MR-GGI","none",1445,670,"small","M4",0.0251839160919189,FALSE,FALSE
"MR-GGI","none",1446,1000,"small","M0.1",0.035351037979126,FALSE,FALSE
"MR-GGI","none",1447,1000,"small","M1.1",0.0531830787658691,FALSE,FALSE
"MR-GGI","none",1448,1000,"small","M2.1",0.0465078353881836,FALSE,FALSE
"MR-GGI","none",1449,1000,"small","M3",0.0374040603637695,FALSE,FALSE
"MR-GGI","none",1450,1000,"small","M4",0.0441758632659912,FALSE,FALSE
"MR-GGI","none",1451,50,"medium","M0.1",0.0146689414978027,FALSE,FALSE
"MR-GGI","none",1452,50,"medium","M1.1",0.0232419967651367,FALSE,FALSE
"MR-GGI","none",1453,50,"medium","M2.1",0.0157489776611328,FALSE,FALSE
"MR-GGI","none",1454,50,"medium","M3",0.0208640098571777,FALSE,FALSE
"MR-GGI","none",1455,50,"medium","M4",0.0206069946289062,FALSE,FALSE
"MR-GGI","none",1456,150,"medium","M0.1",0.0173609256744385,FALSE,FALSE
"MR-GGI","none",1457,150,"medium","M1.1",0.0246551036834717,FALSE,FALSE
"MR-GGI","none",1458,150,"medium","M2.1",0.0256152153015137,FALSE,FALSE
"MR-GGI","none",1459,150,"medium","M3",0.0169391632080078,FALSE,FALSE
"MR-GGI","none",1460,150,"medium","M4",0.0259859561920166,FALSE,FALSE
"MR-GGI","none",1461,300,"medium","M0.1",0.148889064788818,FALSE,FALSE
"MR-GGI","none",1462,300,"medium","M1.1",0.0856208801269531,FALSE,FALSE
"MR-GGI","none",1463,300,"medium","M2.1",0.0421059131622314,FALSE,FALSE
"MR-GGI","none",1464,300,"medium","M3",0.0357801914215088,FALSE,FALSE
"MR-GGI","none",1465,300,"medium","M4",0.103140115737915,FALSE,FALSE
"MR-GGI","none",1466,670,"medium","M0.1",0.0200719833374023,FALSE,FALSE
"MR-GGI","none",1467,670,"medium","M1.1",0.0253570079803467,FALSE,FALSE
"MR-GGI","none",1468,670,"medium","M2.1",0.0253880023956299,FALSE,FALSE
"MR-GGI","none",1469,670,"medium","M3",0.0250630378723145,FALSE,FALSE
"MR-GGI","none",1470,670,"medium","M4",0.0221099853515625,FALSE,FALSE
"MR-GGI","none",1471,1000,"medium","M0.1",0.0420558452606201,FALSE,FALSE
"MR-GGI","none",1472,1000,"medium","M1.1",0.0418539047241211,FALSE,FALSE
"MR-GGI","none",1473,1000,"medium","M2.1",0.0393760204315186,FALSE,FALSE
"MR-GGI","none",1474,1000,"medium","M3",0.0485241413116455,FALSE,FALSE
"MR-GGI","none",1475,1000,"medium","M4",0.0826120376586914,FALSE,FALSE
"MR-GGI","none",1476,50,"large","M0.1",0.0245451927185059,FALSE,FALSE
"MR-GGI","none",1477,50,"large","M1.1",0.0235049724578857,FALSE,FALSE
"MR-GGI","none",1478,50,"large","M2.1",0.0212900638580322,FALSE,FALSE
"MR-GGI","none",1479,50,"large","M3",0.0205750465393066,FALSE,FALSE
"MR-GGI","none",1480,50,"large","M4",0.00797796249389648,FALSE,FALSE
"MR-GGI","none",1481,150,"large","M0.1",0.024345874786377,FALSE,FALSE
"MR-GGI","none",1482,150,"large","M1.1",0.0159180164337158,FALSE,FALSE
"MR-GGI","none",1483,150,"large","M2.1",0.0236201286315918,FALSE,FALSE
"MR-GGI","none",1484,150,"large","M3",0.023888111114502,FALSE,FALSE
"MR-GGI","none",1485,150,"large","M4",0.0102930068969727,FALSE,FALSE
"MR-GGI","none",1486,300,"large","M0.1",0.0757489204406738,FALSE,FALSE
"MR-GGI","none",1487,300,"large","M1.1",0.00573086738586426,FALSE,FALSE
"MR-GGI","none",1488,300,"large","M2.1",0.0183420181274414,FALSE,FALSE
"MR-GGI","none",1489,300,"large","M3",0.150431871414185,FALSE,FALSE
"MR-GGI","none",1490,300,"large","M4",0.0441410541534424,FALSE,FALSE
"MR-GGI","none",1491,670,"large","M0.1",0.0221970081329346,FALSE,FALSE
"MR-GGI","none",1492,670,"large","M1.1",0.0195708274841309,FALSE,FALSE
"MR-GGI","none",1493,670,"large","M2.1",0.0248088836669922,FALSE,FALSE
"MR-GGI","none",1494,670,"large","M3",0.0257010459899902,FALSE,FALSE
"MR-GGI","none",1495,670,"large","M4",0.00834512710571289,FALSE,FALSE
"MR-GGI","none",1496,1000,"large","M0.1",0.0520319938659668,FALSE,FALSE
"MR-GGI","none",1497,1000,"large","M1.1",0.0287189483642578,FALSE,FALSE
"MR-GGI","none",1498,1000,"large","M2.1",0.0291318893432617,FALSE,FALSE
"MR-GGI","none",1499,1000,"large","M3",0.0553019046783447,FALSE,FALSE
"MR-GGI","none",1500,1000,"large","M4",0.0277199745178223,FALSE,FALSE
"MR-GGI","truth",1,50,"small","M0.1",0.257281064987183,FALSE,FALSE
"MR-GGI","truth",2,50,"small","M1.1",3.95939779281616,FALSE,FALSE
"MR-GGI","truth",3,50,"small","M2.1",0.23269510269165,FALSE,FALSE
"MR-GGI","truth",4,50,"small","M3",6.95551896095276,FALSE,FALSE
"MR-GGI","truth",5,50,"small","M4",9.88623404502869,FALSE,FALSE
"MR-GGI","truth",6,150,"small","M0.1",14.8460669517517,FALSE,FALSE
"MR-GGI","truth",7,150,"small","M1.1",16.5949850082397,FALSE,FALSE
"MR-GGI","truth",8,150,"small","M2.1",0.110449075698853,FALSE,FALSE
"MR-GGI","truth",9,150,"small","M3",4.64808297157288,FALSE,FALSE
"MR-GGI","truth",10,150,"small","M4",0.292634963989258,FALSE,FALSE
"MR-GGI","truth",11,300,"small","M0.1",1.94878697395325,FALSE,FALSE
"MR-GGI","truth",12,300,"small","M1.1",4.97477602958679,FALSE,FALSE
"MR-GGI","truth",13,300,"small","M2.1",0.500757932662964,FALSE,FALSE
"MR-GGI","truth",14,300,"small","M3",5.16372299194336,FALSE,FALSE
"MR-GGI","truth",15,300,"small","M4",1.79295206069946,FALSE,FALSE
"MR-GGI","truth",16,670,"small","M0.1",4.61756110191345,FALSE,FALSE
"MR-GGI","truth",17,670,"small","M1.1",25.9050970077515,FALSE,FALSE
"MR-GGI","truth",18,670,"small","M2.1",1.2037889957428,FALSE,FALSE
"MR-GGI","truth",19,670,"small","M3",4.06101012229919,FALSE,FALSE
"MR-GGI","truth",20,670,"small","M4",27.2566220760345,FALSE,FALSE
"MR-GGI","truth",21,1000,"small","M0.1",17.9453520774841,FALSE,FALSE
"MR-GGI","truth",22,1000,"small","M1.1",13.6471080780029,FALSE,FALSE
"MR-GGI","truth",23,1000,"small","M2.1",2.14557600021362,FALSE,FALSE
"MR-GGI","truth",24,1000,"small","M3",23.9037210941315,FALSE,FALSE
"MR-GGI","truth",25,1000,"small","M4",0.685338020324707,FALSE,FALSE
"MR-GGI","truth",26,50,"medium","M0.1",0.408385992050171,FALSE,FALSE
"MR-GGI","truth",27,50,"medium","M1.1",13.1145739555359,FALSE,FALSE
"MR-GGI","truth",28,50,"medium","M2.1",4.51768684387207,FALSE,FALSE
"MR-GGI","truth",29,50,"medium","M3",5.19878697395325,FALSE,FALSE
"MR-GGI","truth",30,50,"medium","M4",0.423701047897339,FALSE,FALSE
"MR-GGI","truth",31,150,"medium","M0.1",14.2449131011963,FALSE,FALSE
"MR-GGI","truth",32,150,"medium","M1.1",3.27798414230347,FALSE,FALSE
"MR-GGI","truth",33,150,"medium","M2.1",16.4668321609497,FALSE,FALSE
"MR-GGI","truth",34,150,"medium","M3",13.0934398174286,FALSE,FALSE
"MR-GGI","truth",35,150,"medium","M4",0.428986787796021,FALSE,FALSE
"MR-GGI","truth",36,300,"medium","M0.1",9.60473394393921,FALSE,FALSE
"MR-GGI","truth",37,300,"medium","M1.1",12.618292093277,FALSE,FALSE
"MR-GGI","truth",38,300,"medium","M2.1",23.0220289230347,FALSE,FALSE
"MR-GGI","truth",39,300,"medium","M3",0.470479965209961,FALSE,FALSE
"MR-GGI","truth",40,300,"medium","M4",20.3745830059052,FALSE,FALSE
"MR-GGI","truth",41,670,"medium","M0.1",17.6774179935455,FALSE,FALSE
"MR-GGI","truth",42,670,"medium","M1.1",10.175173997879,FALSE,FALSE
"MR-GGI","truth",43,670,"medium","M2.1",97.0239300727844,FALSE,FALSE
"MR-GGI","truth",44,670,"medium","M3",93.9404039382935,FALSE,FALSE
"MR-GGI","truth",45,670,"medium","M4",44.3620579242706,FALSE,FALSE
"MR-GGI","truth",46,1000,"medium","M0.1",8.08135008811951,FALSE,FALSE
"MR-GGI","truth",47,1000,"medium","M1.1",10.6300640106201,FALSE,FALSE
"MR-GGI","truth",48,1000,"medium","M2.1",6.37818598747253,FALSE,FALSE
"MR-GGI","truth",49,1000,"medium","M3",13.4105269908905,FALSE,FALSE
"MR-GGI","truth",50,1000,"medium","M4",3.77614116668701,FALSE,FALSE
"MR-GGI","truth",51,50,"large","M0.1",6.29582619667053,FALSE,FALSE
"MR-GGI","truth",52,50,"large","M1.1",2.06693601608276,FALSE,FALSE
"MR-GGI","truth",53,50,"large","M2.1",0.177592992782593,FALSE,FALSE
"MR-GGI","truth",54,50,"large","M3",1.84633016586304,FALSE,FALSE
"MR-GGI","truth",55,50,"large","M4",1.85261797904968,FALSE,FALSE
"MR-GGI","truth",56,150,"large","M0.1",2.87605595588684,FALSE,FALSE
"MR-GGI","truth",57,150,"large","M1.1",3.17146396636963,FALSE,FALSE
"MR-GGI","truth",58,150,"large","M2.1",2.46678709983826,FALSE,FALSE
"MR-GGI","truth",59,150,"large","M3",6.65644407272339,FALSE,FALSE
"MR-GGI","truth",60,150,"large","M4",9.43570899963379,FALSE,FALSE
"MR-GGI","truth",61,300,"large","M0.1",19.5329110622406,FALSE,FALSE
"MR-GGI","truth",62,300,"large","M1.1",22.012845993042,FALSE,FALSE
"MR-GGI","truth",63,300,"large","M2.1",1.19406294822693,FALSE,FALSE
"MR-GGI","truth",64,300,"large","M3",0.65193510055542,FALSE,FALSE
"MR-GGI","truth",65,300,"large","M4",18.7239680290222,FALSE,FALSE
"MR-GGI","truth",66,670,"large","M0.1",86.5175352096558,FALSE,FALSE
"MR-GGI","truth",67,670,"large","M1.1",1.6523859500885,FALSE,FALSE
"MR-GGI","truth",68,670,"large","M2.1",3.19047594070435,FALSE,FALSE
"MR-GGI","truth",69,670,"large","M3",14.3319330215454,FALSE,FALSE
"MR-GGI","truth",70,670,"large","M4",17.9739220142365,FALSE,FALSE
"MR-GGI","truth",71,1000,"large","M0.1",0.83763599395752,FALSE,FALSE
"MR-GGI","truth",72,1000,"large","M1.1",2.14886593818665,FALSE,FALSE
"MR-GGI","truth",73,1000,"large","M2.1",26.0945858955383,FALSE,FALSE
"MR-GGI","truth",74,1000,"large","M3",2.78510308265686,FALSE,FALSE
"MR-GGI","truth",75,1000,"large","M4",21.2836470603943,FALSE,FALSE
"MR-GGI","truth",76,50,"small","M0.1",5.57704901695251,FALSE,FALSE
"MR-GGI","truth",77,50,"small","M1.1",1.49204421043396,FALSE,FALSE
"MR-GGI","truth",78,50,"small","M2.1",1.55585503578186,FALSE,FALSE
"MR-GGI","truth",79,50,"small","M3",6.40787506103516,FALSE,FALSE
"MR-GGI","truth",80,50,"small","M4",15.1348288059235,FALSE,FALSE
"MR-GGI","truth",81,150,"small","M0.1",0.491676807403564,FALSE,FALSE
"MR-GGI","truth",82,150,"small","M1.1",14.3146250247955,FALSE,FALSE
"MR-GGI","truth",83,150,"small","M2.1",3.26562786102295,FALSE,FALSE
"MR-GGI","truth",84,150,"small","M3",14.8393549919128,FALSE,FALSE
"MR-GGI","truth",85,150,"small","M4",13.3928470611572,FALSE,FALSE
"MR-GGI","truth",86,300,"small","M0.1",15.1753900051117,FALSE,FALSE
"MR-GGI","truth",87,300,"small","M1.1",22.0351660251617,FALSE,FALSE
"MR-GGI","truth",88,300,"small","M2.1",7.67674994468689,FALSE,FALSE
"MR-GGI","truth",89,300,"small","M3",0.190931797027588,FALSE,FALSE
"MR-GGI","truth",90,300,"small","M4",20.4687948226929,FALSE,FALSE
"MR-GGI","truth",91,670,"small","M0.1",4.49417495727539,FALSE,FALSE
"MR-GGI","truth",92,670,"small","M1.1",7.95925688743591,FALSE,FALSE
"MR-GGI","truth",93,670,"small","M2.1",1.89149308204651,FALSE,FALSE
"MR-GGI","truth",94,670,"small","M3",1.40403580665588,FALSE,FALSE
"MR-GGI","truth",95,670,"small","M4",23.6762499809265,FALSE,FALSE
"MR-GGI","truth",96,1000,"small","M0.1",20.1484260559082,FALSE,FALSE
"MR-GGI","truth",97,1000,"small","M1.1",0.827536106109619,FALSE,FALSE
"MR-GGI","truth",98,1000,"small","M2.1",17.5885598659515,FALSE,FALSE
"MR-GGI","truth",99,1000,"small","M3",24.5684819221497,FALSE,FALSE
"MR-GGI","truth",100,1000,"small","M4",25.4435510635376,FALSE,FALSE
"MR-GGI","truth",101,50,"medium","M0.1",5.24497699737549,FALSE,FALSE
"MR-GGI","truth",102,50,"medium","M1.1",14.8790321350098,FALSE,FALSE
"MR-GGI","truth",103,50,"medium","M2.1",3.18093299865723,FALSE,FALSE
"MR-GGI","truth",104,50,"medium","M3",2.47631096839905,FALSE,FALSE
"MR-GGI","truth",105,50,"medium","M4",0.959772109985352,FALSE,FALSE
"MR-GGI","truth",106,150,"medium","M0.1",0.0724890232086182,FALSE,FALSE
"MR-GGI","truth",107,150,"medium","M1.1",6.41544485092163,FALSE,FALSE
"MR-GGI","truth",108,150,"medium","M2.1",2.81116509437561,FALSE,FALSE
"MR-GGI","truth",109,150,"medium","M3",0.17211389541626,FALSE,FALSE
"MR-GGI","truth",110,150,"medium","M4",5.26457786560059,FALSE,FALSE
"MR-GGI","truth",111,300,"medium","M0.1",2.19035577774048,FALSE,FALSE
"MR-GGI","truth",112,300,"medium","M1.1",6.24851989746094,FALSE,FALSE
"MR-GGI","truth",113,300,"medium","M2.1",1.34557294845581,FALSE,FALSE
"MR-GGI","truth",114,300,"medium","M3",7.71874785423279,FALSE,FALSE
"MR-GGI","truth",115,300,"medium","M4",1.06943607330322,FALSE,FALSE
"MR-GGI","truth",116,670,"medium","M0.1",1.48461604118347,FALSE,FALSE
"MR-GGI","truth",117,670,"medium","M1.1",2.72288203239441,FALSE,FALSE
"MR-GGI","truth",118,670,"medium","M2.1",17.7264850139618,FALSE,FALSE
"MR-GGI","truth",119,670,"medium","M3",26.343829870224,FALSE,FALSE
"MR-GGI","truth",120,670,"medium","M4",21.4816799163818,FALSE,FALSE
"MR-GGI","truth",121,1000,"medium","M0.1",11.6963279247284,FALSE,FALSE
"MR-GGI","truth",122,1000,"medium","M1.1",7.28419709205627,FALSE,FALSE
"MR-GGI","truth",123,1000,"medium","M2.1",8.70177698135376,FALSE,FALSE
"MR-GGI","truth",124,1000,"medium","M3",6.74971485137939,FALSE,FALSE
"MR-GGI","truth",125,1000,"medium","M4",0.24360990524292,FALSE,FALSE
"MR-GGI","truth",126,50,"large","M0.1",12.0703940391541,FALSE,FALSE
"MR-GGI","truth",127,50,"large","M1.1",8.18581509590149,FALSE,FALSE
"MR-GGI","truth",128,50,"large","M2.1",14.3286118507385,FALSE,FALSE
"MR-GGI","truth",129,50,"large","M3",5.3689980506897,FALSE,FALSE
"MR-GGI","truth",130,50,"large","M4",16.2166001796722,FALSE,FALSE
"MR-GGI","truth",131,150,"large","M0.1",1.36203289031982,FALSE,FALSE
"MR-GGI","truth",132,150,"large","M1.1",2.48122692108154,FALSE,FALSE
"MR-GGI","truth",133,150,"large","M2.1",5.51007199287415,FALSE,FALSE
"MR-GGI","truth",134,150,"large","M3",11.5262529850006,FALSE,FALSE
"MR-GGI","truth",135,150,"large","M4",1.0769350528717,FALSE,FALSE
"MR-GGI","truth",136,300,"large","M0.1",6.88461780548096,FALSE,FALSE
"MR-GGI","truth",137,300,"large","M1.1",5.63660192489624,FALSE,FALSE
"MR-GGI","truth",138,300,"large","M2.1",10.3410911560059,FALSE,FALSE
"MR-GGI","truth",139,300,"large","M3",0.855471134185791,FALSE,FALSE
"MR-GGI","truth",140,300,"large","M4",7.51611995697021,FALSE,FALSE
"MR-GGI","truth",141,670,"large","M0.1",49.7699191570282,FALSE,FALSE
"MR-GGI","truth",142,670,"large","M1.1",7.51615405082703,FALSE,FALSE
"MR-GGI","truth",143,670,"large","M2.1",1.37461090087891,FALSE,FALSE
"MR-GGI","truth",144,670,"large","M3",22.448716878891,FALSE,FALSE
"MR-GGI","truth",145,670,"large","M4",6.76223707199097,FALSE,FALSE
"MR-GGI","truth",146,1000,"large","M0.1",10.9895849227905,FALSE,FALSE
"MR-GGI","truth",147,1000,"large","M1.1",10.9496219158173,FALSE,FALSE
"MR-GGI","truth",148,1000,"large","M2.1",1.21209001541138,FALSE,FALSE
"MR-GGI","truth",149,1000,"large","M3",9.2469208240509,FALSE,FALSE
"MR-GGI","truth",150,1000,"large","M4",7.28255605697632,FALSE,FALSE
"MR-GGI","truth",151,50,"small","M0.1",8.46457719802856,FALSE,FALSE
"MR-GGI","truth",152,50,"small","M1.1",3.93564391136169,FALSE,FALSE
"MR-GGI","truth",153,50,"small","M2.1",1.24990582466125,FALSE,FALSE
"MR-GGI","truth",154,50,"small","M3",14.0918800830841,FALSE,FALSE
"MR-GGI","truth",155,50,"small","M4",2.49339199066162,FALSE,FALSE
"MR-GGI","truth",156,150,"small","M0.1",0.8123939037323,FALSE,FALSE
"MR-GGI","truth",157,150,"small","M1.1",13.7992827892303,FALSE,FALSE
"MR-GGI","truth",158,150,"small","M2.1",3.72684383392334,FALSE,FALSE
"MR-GGI","truth",159,150,"small","M3",8.47295212745667,FALSE,FALSE
"MR-GGI","truth",160,150,"small","M4",2.1511709690094,FALSE,FALSE
"MR-GGI","truth",161,300,"small","M0.1",2.66645002365112,FALSE,FALSE
"MR-GGI","truth",162,300,"small","M1.1",0.666748046875,FALSE,FALSE
"MR-GGI","truth",163,300,"small","M2.1",1.67981195449829,FALSE,FALSE
"MR-GGI","truth",164,300,"small","M3",19.5043711662292,FALSE,FALSE
"MR-GGI","truth",165,300,"small","M4",0.0578489303588867,FALSE,FALSE
"MR-GGI","truth",166,670,"small","M0.1",0.471719980239868,FALSE,FALSE
"MR-GGI","truth",167,670,"small","M1.1",3.96145296096802,FALSE,FALSE
"MR-GGI","truth",168,670,"small","M2.1",21723.0641598701,FALSE,TRUE
"MR-GGI","truth",169,670,"small","M3",21718.2653598785,FALSE,TRUE
"MR-GGI","truth",170,670,"small","M4",28.3575689792633,FALSE,FALSE
"MR-GGI","truth",171,1000,"small","M0.1",1.10480904579163,FALSE,FALSE
"MR-GGI","truth",172,1000,"small","M1.1",19.4658880233765,FALSE,FALSE
"MR-GGI","truth",173,1000,"small","M2.1",4.26734805107117,FALSE,FALSE
"MR-GGI","truth",174,1000,"small","M3",0.526211023330688,FALSE,FALSE
"MR-GGI","truth",175,1000,"small","M4",5.87447118759155,FALSE,FALSE
"MR-GGI","truth",176,50,"medium","M0.1",13.8917050361633,FALSE,FALSE
"MR-GGI","truth",177,50,"medium","M1.1",0.527004957199097,FALSE,FALSE
"MR-GGI","truth",178,50,"medium","M2.1",0.618400096893311,FALSE,FALSE
"MR-GGI","truth",179,50,"medium","M3",0.249855041503906,FALSE,FALSE
"MR-GGI","truth",180,50,"medium","M4",10.2318658828735,FALSE,FALSE
"MR-GGI","truth",181,150,"medium","M0.1",0.47962498664856,FALSE,FALSE
"MR-GGI","truth",182,150,"medium","M1.1",14.0860168933868,FALSE,FALSE
"MR-GGI","truth",183,150,"medium","M2.1",5.08876299858093,FALSE,FALSE
"MR-GGI","truth",184,150,"medium","M3",8.99229311943054,FALSE,FALSE
"MR-GGI","truth",185,150,"medium","M4",1.03477692604065,FALSE,FALSE
"MR-GGI","truth",186,300,"medium","M0.1",1.89977502822876,FALSE,FALSE
"MR-GGI","truth",187,300,"medium","M1.1",5.58229088783264,FALSE,FALSE
"MR-GGI","truth",188,300,"medium","M2.1",0.709182977676392,FALSE,FALSE
"MR-GGI","truth",189,300,"medium","M3",17.090793132782,FALSE,FALSE
"MR-GGI","truth",190,300,"medium","M4",18.9008219242096,FALSE,FALSE
"MR-GGI","truth",191,670,"medium","M0.1",0.149629831314087,FALSE,FALSE
"MR-GGI","truth",192,670,"medium","M1.1",11816.0650570393,FALSE,TRUE
"MR-GGI","truth",193,670,"medium","M2.1",4.19043684005737,FALSE,FALSE
"MR-GGI","truth",194,670,"medium","M3",21713.8098940849,FALSE,TRUE
"MR-GGI","truth",195,670,"medium","M4",21722.4259221554,FALSE,TRUE
"MR-GGI","truth",196,1000,"medium","M0.1",27.0442509651184,FALSE,FALSE
"MR-GGI","truth",197,1000,"medium","M1.1",1.92691206932068,FALSE,FALSE
"MR-GGI","truth",198,1000,"medium","M2.1",2.50226402282715,FALSE,FALSE
"MR-GGI","truth",199,1000,"medium","M3",14.0726997852325,FALSE,FALSE
"MR-GGI","truth",200,1000,"medium","M4",15.5782799720764,FALSE,FALSE
"MR-GGI","truth",201,50,"large","M0.1",7.21072888374329,FALSE,FALSE
"MR-GGI","truth",202,50,"large","M1.1",0.175237894058228,FALSE,FALSE
"MR-GGI","truth",203,50,"large","M2.1",1.98412013053894,FALSE,FALSE
"MR-GGI","truth",204,50,"large","M3",2.56071209907532,FALSE,FALSE
"MR-GGI","truth",205,50,"large","M4",13.7246980667114,FALSE,FALSE
"MR-GGI","truth",206,150,"large","M0.1",6.71557807922363,FALSE,FALSE
"MR-GGI","truth",207,150,"large","M1.1",1.21340990066528,FALSE,FALSE
"MR-GGI","truth",208,150,"large","M2.1",0.417474985122681,FALSE,FALSE
"MR-GGI","truth",209,150,"large","M3",13.419105052948,FALSE,FALSE
"MR-GGI","truth",210,150,"large","M4",16.0825309753418,FALSE,FALSE
"MR-GGI","truth",211,300,"large","M0.1",9.38676810264587,FALSE,FALSE
"MR-GGI","truth",212,300,"large","M1.1",7.29930090904236,FALSE,FALSE
"MR-GGI","truth",213,300,"large","M2.1",10.9904270172119,FALSE,FALSE
"MR-GGI","truth",214,300,"large","M3",6.24923706054688,FALSE,FALSE
"MR-GGI","truth",215,300,"large","M4",10.827577829361,FALSE,FALSE
"MR-GGI","truth",216,670,"large","M0.1",5.99654006958008,FALSE,FALSE
"MR-GGI","truth",217,670,"large","M1.1",0.499468088150024,FALSE,FALSE
"MR-GGI","truth",218,670,"large","M2.1",21725.5613870621,FALSE,TRUE
"MR-GGI","truth",219,670,"large","M3",1.68765616416931,FALSE,FALSE
"MR-GGI","truth",220,670,"large","M4",21726.5053739548,FALSE,TRUE
"MR-GGI","truth",221,1000,"large","M0.1",3.37026977539062,FALSE,FALSE
"MR-GGI","truth",222,1000,"large","M1.1",15.9852550029755,FALSE,FALSE
"MR-GGI","truth",223,1000,"large","M2.1",9.0896520614624,FALSE,FALSE
"MR-GGI","truth",224,1000,"large","M3",2.38877081871033,FALSE,FALSE
"MR-GGI","truth",225,1000,"large","M4",4.92344903945923,FALSE,FALSE
"MR-GGI","truth",226,50,"small","M0.1",3.70359897613525,FALSE,FALSE
"MR-GGI","truth",227,50,"small","M1.1",6.05270600318909,FALSE,FALSE
"MR-GGI","truth",228,50,"small","M2.1",0.275508880615234,FALSE,FALSE
"MR-GGI","truth",229,50,"small","M3",0.887616872787476,FALSE,FALSE
"MR-GGI","truth",230,50,"small","M4",3.44421601295471,FALSE,FALSE
"MR-GGI","truth",231,150,"small","M0.1",15.199177980423,FALSE,FALSE
"MR-GGI","truth",232,150,"small","M1.1",0.0486311912536621,FALSE,FALSE
"MR-GGI","truth",233,150,"small","M2.1",0.725528001785278,FALSE,FALSE
"MR-GGI","truth",234,150,"small","M3",8.54377007484436,FALSE,FALSE
"MR-GGI","truth",235,150,"small","M4",2.3888738155365,FALSE,FALSE
"MR-GGI","truth",236,300,"small","M0.1",20.0946798324585,FALSE,FALSE
"MR-GGI","truth",237,300,"small","M1.1",3.57982397079468,FALSE,FALSE
"MR-GGI","truth",238,300,"small","M2.1",17.0592229366302,FALSE,FALSE
"MR-GGI","truth",239,300,"small","M3",16.0350730419159,FALSE,FALSE
"MR-GGI","truth",240,300,"small","M4",8.63569808006287,FALSE,FALSE
"MR-GGI","truth",241,670,"small","M0.1",4.41604781150818,FALSE,FALSE
"MR-GGI","truth",242,670,"small","M1.1",13.9455530643463,FALSE,FALSE
"MR-GGI","truth",243,670,"small","M2.1",19.7139151096344,FALSE,FALSE
"MR-GGI","truth",244,670,"small","M3",16.2533459663391,FALSE,FALSE
"MR-GGI","truth",245,670,"small","M4",40.3751130104065,FALSE,FALSE
"MR-GGI","truth",246,1000,"small","M0.1",18.1006689071655,FALSE,FALSE
"MR-GGI","truth",247,1000,"small","M1.1",0.931134939193726,FALSE,FALSE
"MR-GGI","truth",248,1000,"small","M2.1",47.5579869747162,FALSE,FALSE
"MR-GGI","truth",249,1000,"small","M3",10.2839510440826,FALSE,FALSE
"MR-GGI","truth",250,1000,"small","M4",16.1842260360718,FALSE,FALSE
"MR-GGI","truth",251,50,"medium","M0.1",10.8493008613586,FALSE,FALSE
"MR-GGI","truth",252,50,"medium","M1.1",6.40183186531067,FALSE,FALSE
"MR-GGI","truth",253,50,"medium","M2.1",1.59690308570862,FALSE,FALSE
"MR-GGI","truth",254,50,"medium","M3",1.39509606361389,FALSE,FALSE
"MR-GGI","truth",255,50,"medium","M4",3.1485481262207,FALSE,FALSE
"MR-GGI","truth",256,150,"medium","M0.1",3.52455711364746,FALSE,FALSE
"MR-GGI","truth",257,150,"medium","M1.1",0.203428030014038,FALSE,FALSE
"MR-GGI","truth",258,150,"medium","M2.1",13.2142491340637,FALSE,FALSE
"MR-GGI","truth",259,150,"medium","M3",5.41683292388916,FALSE,FALSE
"MR-GGI","truth",260,150,"medium","M4",6.09000396728516,FALSE,FALSE
"MR-GGI","truth",261,300,"medium","M0.1",0.0432701110839844,FALSE,FALSE
"MR-GGI","truth",262,300,"medium","M1.1",8.73231887817383,FALSE,FALSE
"MR-GGI","truth",263,300,"medium","M2.1",18.2971110343933,FALSE,FALSE
"MR-GGI","truth",264,300,"medium","M3",8.6816840171814,FALSE,FALSE
"MR-GGI","truth",265,300,"medium","M4",9.20884108543396,FALSE,FALSE
"MR-GGI","truth",266,670,"medium","M0.1",2.93273997306824,FALSE,FALSE
"MR-GGI","truth",267,670,"medium","M1.1",22.1397788524628,FALSE,FALSE
"MR-GGI","truth",268,670,"medium","M2.1",0.625978946685791,FALSE,FALSE
"MR-GGI","truth",269,670,"medium","M3",3.28027105331421,FALSE,FALSE
"MR-GGI","truth",270,670,"medium","M4",30.4712619781494,FALSE,FALSE
"MR-GGI","truth",271,1000,"medium","M0.1",5.795982837677,FALSE,FALSE
"MR-GGI","truth",272,1000,"medium","M1.1",15.342031955719,FALSE,FALSE
"MR-GGI","truth",273,1000,"medium","M2.1",47.7504110336304,FALSE,FALSE
"MR-GGI","truth",274,1000,"medium","M3",0.213044166564941,FALSE,FALSE
"MR-GGI","truth",275,1000,"medium","M4",62.4458799362183,FALSE,FALSE
"MR-GGI","truth",276,50,"large","M0.1",0.292217969894409,FALSE,FALSE
"MR-GGI","truth",277,50,"large","M1.1",0.591679096221924,FALSE,FALSE
"MR-GGI","truth",278,50,"large","M2.1",13.8928849697113,FALSE,FALSE
"MR-GGI","truth",279,50,"large","M3",0.798599004745483,FALSE,FALSE
"MR-GGI","truth",280,50,"large","M4",1.12995100021362,FALSE,FALSE
"MR-GGI","truth",281,150,"large","M0.1",4.20465397834778,FALSE,FALSE
"MR-GGI","truth",282,150,"large","M1.1",10.1858229637146,FALSE,FALSE
"MR-GGI","truth",283,150,"large","M2.1",5.11040210723877,FALSE,FALSE
"MR-GGI","truth",284,150,"large","M3",1.26854515075684,FALSE,FALSE
"MR-GGI","truth",285,150,"large","M4",0.292140960693359,FALSE,FALSE
"MR-GGI","truth",286,300,"large","M0.1",4.76518607139587,FALSE,FALSE
"MR-GGI","truth",287,300,"large","M1.1",4.08119320869446,FALSE,FALSE
"MR-GGI","truth",288,300,"large","M2.1",1.58357286453247,FALSE,FALSE
"MR-GGI","truth",289,300,"large","M3",16.5934581756592,FALSE,FALSE
"MR-GGI","truth",290,300,"large","M4",7.26702404022217,FALSE,FALSE
"MR-GGI","truth",291,670,"large","M0.1",21.0384240150452,FALSE,FALSE
"MR-GGI","truth",292,670,"large","M1.1",16.7685527801514,FALSE,FALSE
"MR-GGI","truth",293,670,"large","M2.1",30.3266549110413,FALSE,FALSE
"MR-GGI","truth",294,670,"large","M3",7.39461708068848,FALSE,FALSE
"MR-GGI","truth",295,670,"large","M4",13.8618497848511,FALSE,FALSE
"MR-GGI","truth",296,1000,"large","M0.1",8.21119809150696,FALSE,FALSE
"MR-GGI","truth",297,1000,"large","M1.1",7.2459990978241,FALSE,FALSE
"MR-GGI","truth",298,1000,"large","M2.1",3.68408584594727,FALSE,FALSE
"MR-GGI","truth",299,1000,"large","M3",27.0597779750824,FALSE,FALSE
"MR-GGI","truth",300,1000,"large","M4",0.930630922317505,FALSE,FALSE
"MR-GGI","truth",301,50,"small","M0.1",5.94889783859253,FALSE,FALSE
"MR-GGI","truth",302,50,"small","M1.1",4.89069795608521,FALSE,FALSE
"MR-GGI","truth",303,50,"small","M2.1",14.6318349838257,FALSE,FALSE
"MR-GGI","truth",304,50,"small","M3",4.88307881355286,FALSE,FALSE
"MR-GGI","truth",305,50,"small","M4",0.537621021270752,FALSE,FALSE
"MR-GGI","truth",306,150,"small","M0.1",1.55088090896606,FALSE,FALSE
"MR-GGI","truth",307,150,"small","M1.1",0.293282985687256,FALSE,FALSE
"MR-GGI","truth",308,150,"small","M2.1",2.15036821365356,FALSE,FALSE
"MR-GGI","truth",309,150,"small","M3",0.0712828636169434,FALSE,FALSE
"MR-GGI","truth",310,150,"small","M4",10.6384479999542,FALSE,FALSE
"MR-GGI","truth",311,300,"small","M0.1",2.86814188957214,FALSE,FALSE
"MR-GGI","truth",312,300,"small","M1.1",6.66578412055969,FALSE,FALSE
"MR-GGI","truth",313,300,"small","M2.1",14.7989838123322,FALSE,FALSE
"MR-GGI","truth",314,300,"small","M3",0.330476045608521,FALSE,FALSE
"MR-GGI","truth",315,300,"small","M4",17.5705540180206,FALSE,FALSE
"MR-GGI","truth",316,670,"small","M0.1",39.2846298217773,FALSE,FALSE
"MR-GGI","truth",317,670,"small","M1.1",28.2519190311432,FALSE,FALSE
"MR-GGI","truth",318,670,"small","M2.1",2.67610096931458,FALSE,FALSE
"MR-GGI","truth",319,670,"small","M3",25.5789830684662,FALSE,FALSE
"MR-GGI","truth",320,670,"small","M4",0.353781938552856,FALSE,FALSE
"MR-GGI","truth",321,1000,"small","M0.1",0.26419997215271,FALSE,FALSE
"MR-GGI","truth",322,1000,"small","M1.1",2.08450102806091,FALSE,FALSE
"MR-GGI","truth",323,1000,"small","M2.1",1.36909008026123,FALSE,FALSE
"MR-GGI","truth",324,1000,"small","M3",4.3857250213623,FALSE,FALSE
"MR-GGI","truth",325,1000,"small","M4",6.53668904304504,FALSE,FALSE
"MR-GGI","truth",326,50,"medium","M0.1",14.5355849266052,FALSE,FALSE
"MR-GGI","truth",327,50,"medium","M1.1",5.13890600204468,FALSE,FALSE
"MR-GGI","truth",328,50,"medium","M2.1",6.33475017547607,FALSE,FALSE
"MR-GGI","truth",329,50,"medium","M3",0.316241025924683,FALSE,FALSE
"MR-GGI","truth",330,50,"medium","M4",14.3758120536804,FALSE,FALSE
"MR-GGI","truth",331,150,"medium","M0.1",16.5309331417084,FALSE,FALSE
"MR-GGI","truth",332,150,"medium","M1.1",4.74103188514709,FALSE,FALSE
"MR-GGI","truth",333,150,"medium","M2.1",12.723865032196,FALSE,FALSE
"MR-GGI","truth",334,150,"medium","M3",13.7590460777283,FALSE,FALSE
"MR-GGI","truth",335,150,"medium","M4",0.71901798248291,FALSE,FALSE
"MR-GGI","truth",336,300,"medium","M0.1",0.106821060180664,FALSE,FALSE
"MR-GGI","truth",337,300,"medium","M1.1",8.56382203102112,FALSE,FALSE
"MR-GGI","truth",338,300,"medium","M2.1",10.9675509929657,FALSE,FALSE
"MR-GGI","truth",339,300,"medium","M3",1.33378386497498,FALSE,FALSE
"MR-GGI","truth",340,300,"medium","M4",7.78256893157959,FALSE,FALSE
"MR-GGI","truth",341,670,"medium","M0.1",12.0585808753967,FALSE,FALSE
"MR-GGI","truth",342,670,"medium","M1.1",20.7294919490814,FALSE,FALSE
"MR-GGI","truth",343,670,"medium","M2.1",4.41155600547791,FALSE,FALSE
"MR-GGI","truth",344,670,"medium","M3",31.6201241016388,FALSE,FALSE
"MR-GGI","truth",345,670,"medium","M4",13.3286960124969,FALSE,FALSE
"MR-GGI","truth",346,1000,"medium","M0.1",0.0415890216827393,FALSE,FALSE
"MR-GGI","truth",347,1000,"medium","M1.1",1.39430809020996,FALSE,FALSE
"MR-GGI","truth",348,1000,"medium","M2.1",19.1902959346771,FALSE,FALSE
"MR-GGI","truth",349,1000,"medium","M3",4.60890984535217,FALSE,FALSE
"MR-GGI","truth",350,1000,"medium","M4",2.29705500602722,FALSE,FALSE
"MR-GGI","truth",351,50,"large","M0.1",7.33591103553772,FALSE,FALSE
"MR-GGI","truth",352,50,"large","M1.1",0.238667011260986,FALSE,FALSE
"MR-GGI","truth",353,50,"large","M2.1",7.63946294784546,FALSE,FALSE
"MR-GGI","truth",354,50,"large","M3",1.71259808540344,FALSE,FALSE
"MR-GGI","truth",355,50,"large","M4",6.67198920249939,FALSE,FALSE
"MR-GGI","truth",356,150,"large","M0.1",13.5803849697113,FALSE,FALSE
"MR-GGI","truth",357,150,"large","M1.1",11.61456990242,FALSE,FALSE
"MR-GGI","truth",358,150,"large","M2.1",13.4637410640717,FALSE,FALSE
"MR-GGI","truth",359,150,"large","M3",12.834125995636,FALSE,FALSE
"MR-GGI","truth",360,150,"large","M4",0.105670928955078,FALSE,FALSE
"MR-GGI","truth",361,300,"large","M0.1",1.60391306877136,FALSE,FALSE
"MR-GGI","truth",362,300,"large","M1.1",0.0474920272827148,FALSE,FALSE
"MR-GGI","truth",363,300,"large","M2.1",15.5867969989777,FALSE,FALSE
"MR-GGI","truth",364,300,"large","M3",15.3925271034241,FALSE,FALSE
"MR-GGI","truth",365,300,"large","M4",5.68811392784119,FALSE,FALSE
"MR-GGI","truth",366,670,"large","M0.1",57.1354880332947,FALSE,FALSE
"MR-GGI","truth",367,670,"large","M1.1",0.697187185287476,FALSE,FALSE
"MR-GGI","truth",368,670,"large","M2.1",27.0540950298309,FALSE,FALSE
"MR-GGI","truth",369,670,"large","M3",25.513640165329,FALSE,FALSE
"MR-GGI","truth",370,670,"large","M4",8.13419198989868,FALSE,FALSE
"MR-GGI","truth",371,1000,"large","M0.1",13.5426061153412,FALSE,FALSE
"MR-GGI","truth",372,1000,"large","M1.1",4.27612900733948,FALSE,FALSE
"MR-GGI","truth",373,1000,"large","M2.1",10.838739156723,FALSE,FALSE
"MR-GGI","truth",374,1000,"large","M3",0.656430006027222,FALSE,FALSE
"MR-GGI","truth",375,1000,"large","M4",18.4328651428223,FALSE,FALSE
"MR-GGI","truth",376,50,"small","M0.1",0.100215196609497,FALSE,FALSE
"MR-GGI","truth",377,50,"small","M1.1",11.2462520599365,FALSE,FALSE
"MR-GGI","truth",378,50,"small","M2.1",0.425662994384766,FALSE,FALSE
"MR-GGI","truth",379,50,"small","M3",4.75231504440308,FALSE,FALSE
"MR-GGI","truth",380,50,"small","M4",3.50258708000183,FALSE,FALSE
"MR-GGI","truth",381,150,"small","M0.1",2.74286794662476,FALSE,FALSE
"MR-GGI","truth",382,150,"small","M1.1",13.4359729290009,FALSE,FALSE
"MR-GGI","truth",383,150,"small","M2.1",12.3152620792389,FALSE,FALSE
"MR-GGI","truth",384,150,"small","M3",14.9655771255493,FALSE,FALSE
"MR-GGI","truth",385,150,"small","M4",10.790990114212,FALSE,FALSE
"MR-GGI","truth",386,300,"small","M0.1",0.0564501285552979,FALSE,FALSE
"MR-GGI","truth",387,300,"small","M1.1",0.143566131591797,FALSE,FALSE
"MR-GGI","truth",388,300,"small","M2.1",14.2627699375153,FALSE,FALSE
"MR-GGI","truth",389,300,"small","M3",6.55728006362915,FALSE,FALSE
"MR-GGI","truth",390,300,"small","M4",7.22191190719604,FALSE,FALSE
"MR-GGI","truth",391,670,"small","M0.1",9.51034617424011,FALSE,FALSE
"MR-GGI","truth",392,670,"small","M1.1",39.71901512146,FALSE,FALSE
"MR-GGI","truth",393,670,"small","M2.1",12.5462589263916,FALSE,FALSE
"MR-GGI","truth",394,670,"small","M3",70.0115518569946,FALSE,FALSE
"MR-GGI","truth",395,670,"small","M4",13.7028489112854,FALSE,FALSE
"MR-GGI","truth",396,1000,"small","M0.1",11.0840020179749,FALSE,FALSE
"MR-GGI","truth",397,1000,"small","M1.1",3.40248513221741,FALSE,FALSE
"MR-GGI","truth",398,1000,"small","M2.1",3.07180404663086,FALSE,FALSE
"MR-GGI","truth",399,1000,"small","M3",2.39782881736755,FALSE,FALSE
"MR-GGI","truth",400,1000,"small","M4",4.88840913772583,FALSE,FALSE
"MR-GGI","truth",401,50,"medium","M0.1",7.026526927948,FALSE,FALSE
"MR-GGI","truth",402,50,"medium","M1.1",11.8233549594879,FALSE,FALSE
"MR-GGI","truth",403,50,"medium","M2.1",2.80178189277649,FALSE,FALSE
"MR-GGI","truth",404,50,"medium","M3",8.96595191955566,FALSE,FALSE
"MR-GGI","truth",405,50,"medium","M4",0.767220020294189,FALSE,FALSE
"MR-GGI","truth",406,150,"medium","M0.1",1.47140789031982,FALSE,FALSE
"MR-GGI","truth",407,150,"medium","M1.1",6.74624419212341,FALSE,FALSE
"MR-GGI","truth",408,150,"medium","M2.1",6.86870503425598,FALSE,FALSE
"MR-GGI","truth",409,150,"medium","M3",7.49479413032532,FALSE,FALSE
"MR-GGI","truth",410,150,"medium","M4",12.9824550151825,FALSE,FALSE
"MR-GGI","truth",411,300,"medium","M0.1",0.586159944534302,FALSE,FALSE
"MR-GGI","truth",412,300,"medium","M1.1",0.34307599067688,FALSE,FALSE
"MR-GGI","truth",413,300,"medium","M2.1",7.70924687385559,FALSE,FALSE
"MR-GGI","truth",414,300,"medium","M3",3.53157496452332,FALSE,FALSE
"MR-GGI","truth",415,300,"medium","M4",0.644263982772827,FALSE,FALSE
"MR-GGI","truth",416,670,"medium","M0.1",7.03259015083313,FALSE,FALSE
"MR-GGI","truth",417,670,"medium","M1.1",51.4234931468964,FALSE,FALSE
"MR-GGI","truth",418,670,"medium","M2.1",13.9537918567657,FALSE,FALSE
"MR-GGI","truth",419,670,"medium","M3",21.2753579616547,FALSE,FALSE
"MR-GGI","truth",420,670,"medium","M4",2.72161889076233,FALSE,FALSE
"MR-GGI","truth",421,1000,"medium","M0.1",0.815741062164307,FALSE,FALSE
"MR-GGI","truth",422,1000,"medium","M1.1",11.9203751087189,FALSE,FALSE
"MR-GGI","truth",423,1000,"medium","M2.1",3.74394583702087,FALSE,FALSE
"MR-GGI","truth",424,1000,"medium","M3",0.0438051223754883,FALSE,FALSE
"MR-GGI","truth",425,1000,"medium","M4",0.654147863388062,FALSE,FALSE
"MR-GGI","truth",426,50,"large","M0.1",13.2401299476624,FALSE,FALSE
"MR-GGI","truth",427,50,"large","M1.1",15.9098851680756,FALSE,FALSE
"MR-GGI","truth",428,50,"large","M2.1",0.316555976867676,FALSE,FALSE
"MR-GGI","truth",429,50,"large","M3",0.379266977310181,FALSE,FALSE
"MR-GGI","truth",430,50,"large","M4",15.5730149745941,FALSE,FALSE
"MR-GGI","truth",431,150,"large","M0.1",10.522176027298,FALSE,FALSE
"MR-GGI","truth",432,150,"large","M1.1",5.61190009117126,FALSE,FALSE
"MR-GGI","truth",433,150,"large","M2.1",6.22632884979248,FALSE,FALSE
"MR-GGI","truth",434,150,"large","M3",7.56846499443054,FALSE,FALSE
"MR-GGI","truth",435,150,"large","M4",7.35515189170837,FALSE,FALSE
"MR-GGI","truth",436,300,"large","M0.1",0.123651027679443,FALSE,FALSE
"MR-GGI","truth",437,300,"large","M1.1",9.3866879940033,FALSE,FALSE
"MR-GGI","truth",438,300,"large","M2.1",1.01979994773865,FALSE,FALSE
"MR-GGI","truth",439,300,"large","M3",1.32369709014893,FALSE,FALSE
"MR-GGI","truth",440,300,"large","M4",0.293181896209717,FALSE,FALSE
"MR-GGI","truth",441,670,"large","M0.1",6.23221898078918,FALSE,FALSE
"MR-GGI","truth",442,670,"large","M1.1",22.7262609004974,FALSE,FALSE
"MR-GGI","truth",443,670,"large","M2.1",25.5282719135284,FALSE,FALSE
"MR-GGI","truth",444,670,"large","M3",49.1261069774628,FALSE,FALSE
"MR-GGI","truth",445,670,"large","M4",0.611231088638306,FALSE,FALSE
"MR-GGI","truth",446,1000,"large","M0.1",4.25814890861511,FALSE,FALSE
"MR-GGI","truth",447,1000,"large","M1.1",10.0565729141235,FALSE,FALSE
"MR-GGI","truth",448,1000,"large","M2.1",22.4020919799805,FALSE,FALSE
"MR-GGI","truth",449,1000,"large","M3",7.8553409576416,FALSE,FALSE
"MR-GGI","truth",450,1000,"large","M4",16.2168538570404,FALSE,FALSE
"MR-GGI","truth",451,50,"small","M0.1",0.252265930175781,FALSE,FALSE
"MR-GGI","truth",452,50,"small","M1.1",15.9682230949402,FALSE,FALSE
"MR-GGI","truth",453,50,"small","M2.1",0.0404140949249268,FALSE,FALSE
"MR-GGI","truth",454,50,"small","M3",8.35961818695068,FALSE,FALSE
"MR-GGI","truth",455,50,"small","M4",0.0889439582824707,FALSE,FALSE
"MR-GGI","truth",456,150,"small","M0.1",0.808824777603149,FALSE,FALSE
"MR-GGI","truth",457,150,"small","M1.1",2.29839491844177,FALSE,FALSE
"MR-GGI","truth",458,150,"small","M2.1",18.3079409599304,FALSE,FALSE
"MR-GGI","truth",459,150,"small","M3",0.795478105545044,FALSE,FALSE
"MR-GGI","truth",460,150,"small","M4",15.4695489406586,FALSE,FALSE
"MR-GGI","truth",461,300,"small","M0.1",13.2298641204834,FALSE,FALSE
"MR-GGI","truth",462,300,"small","M1.1",8.12156915664673,FALSE,FALSE
"MR-GGI","truth",463,300,"small","M2.1",5.45079398155212,FALSE,FALSE
"MR-GGI","truth",464,300,"small","M3",14.5636241436005,FALSE,FALSE
"MR-GGI","truth",465,300,"small","M4",2.94631004333496,FALSE,FALSE
"MR-GGI","truth",466,670,"small","M0.1",9.9242148399353,FALSE,FALSE
"MR-GGI","truth",467,670,"small","M1.1",42.4268779754639,FALSE,FALSE
"MR-GGI","truth",468,670,"small","M2.1",29.0390088558197,FALSE,FALSE
"MR-GGI","truth",469,670,"small","M3",2.04290103912354,FALSE,FALSE
"MR-GGI","truth",470,670,"small","M4",15.3692021369934,FALSE,FALSE
"MR-GGI","truth",471,1000,"small","M0.1",0.594851016998291,FALSE,FALSE
"MR-GGI","truth",472,1000,"small","M1.1",21.9361810684204,FALSE,FALSE
"MR-GGI","truth",473,1000,"small","M2.1",11.3390121459961,FALSE,FALSE
"MR-GGI","truth",474,1000,"small","M3",0.0758030414581299,FALSE,FALSE
"MR-GGI","truth",475,1000,"small","M4",1.04409503936768,FALSE,FALSE
"MR-GGI","truth",476,50,"medium","M0.1",9.84549498558044,FALSE,FALSE
"MR-GGI","truth",477,50,"medium","M1.1",9.58624291419983,FALSE,FALSE
"MR-GGI","truth",478,50,"medium","M2.1",1.62201404571533,FALSE,FALSE
"MR-GGI","truth",479,50,"medium","M3",5.29941701889038,FALSE,FALSE
"MR-GGI","truth",480,50,"medium","M4",11.7289152145386,FALSE,FALSE
"MR-GGI","truth",481,150,"medium","M0.1",0.0739388465881348,FALSE,FALSE
"MR-GGI","truth",482,150,"medium","M1.1",5.82154107093811,FALSE,FALSE
"MR-GGI","truth",483,150,"medium","M2.1",2.31601977348328,FALSE,FALSE
"MR-GGI","truth",484,150,"medium","M3",0.21685004234314,FALSE,FALSE
"MR-GGI","truth",485,150,"medium","M4",14.9475820064545,FALSE,FALSE
"MR-GGI","truth",486,300,"medium","M0.1",6.44006395339966,FALSE,FALSE
"MR-GGI","truth",487,300,"medium","M1.1",7.95744299888611,FALSE,FALSE
"MR-GGI","truth",488,300,"medium","M2.1",5.89419889450073,FALSE,FALSE
"MR-GGI","truth",489,300,"medium","M3",16.5922420024872,FALSE,FALSE
"MR-GGI","truth",490,300,"medium","M4",6.54424095153809,FALSE,FALSE
"MR-GGI","truth",491,670,"medium","M0.1",11.3497819900513,FALSE,FALSE
"MR-GGI","truth",492,670,"medium","M1.1",46.1241869926453,FALSE,FALSE
"MR-GGI","truth",493,670,"medium","M2.1",12.1679041385651,FALSE,FALSE
"MR-GGI","truth",494,670,"medium","M3",22.06427693367,FALSE,FALSE
"MR-GGI","truth",495,670,"medium","M4",20.4762630462646,FALSE,FALSE
"MR-GGI","truth",496,1000,"medium","M0.1",3.7869119644165,FALSE,FALSE
"MR-GGI","truth",497,1000,"medium","M1.1",0.879494190216064,FALSE,FALSE
"MR-GGI","truth",498,1000,"medium","M2.1",0.259163856506348,FALSE,FALSE
"MR-GGI","truth",499,1000,"medium","M3",0.0844700336456299,FALSE,FALSE
"MR-GGI","truth",500,1000,"medium","M4",1.08461093902588,FALSE,FALSE
"MR-GGI","truth",501,50,"large","M0.1",1.12858200073242,FALSE,FALSE
"MR-GGI","truth",502,50,"large","M1.1",11.830130815506,FALSE,FALSE
"MR-GGI","truth",503,50,"large","M2.1",7.66888189315796,FALSE,FALSE
"MR-GGI","truth",504,50,"large","M3",0.985219955444336,FALSE,FALSE
"MR-GGI","truth",505,50,"large","M4",6.77200722694397,FALSE,FALSE
"MR-GGI","truth",506,150,"large","M0.1",5.90764713287354,FALSE,FALSE
"MR-GGI","truth",507,150,"large","M1.1",6.99371099472046,FALSE,FALSE
"MR-GGI","truth",508,150,"large","M2.1",0.509711027145386,FALSE,FALSE
"MR-GGI","truth",509,150,"large","M3",0.920233011245728,FALSE,FALSE
"MR-GGI","truth",510,150,"large","M4",16.16619181633,FALSE,FALSE
"MR-GGI","truth",511,300,"large","M0.1",5.17687892913818,FALSE,FALSE
"MR-GGI","truth",512,300,"large","M1.1",11.9733021259308,FALSE,FALSE
"MR-GGI","truth",513,300,"large","M2.1",1.34659194946289,FALSE,FALSE
"MR-GGI","truth",514,300,"large","M3",12.5631968975067,FALSE,FALSE
"MR-GGI","truth",515,300,"large","M4",14.9042661190033,FALSE,FALSE
"MR-GGI","truth",516,670,"large","M0.1",0.933512210845947,FALSE,FALSE
"MR-GGI","truth",517,670,"large","M1.1",14.0182409286499,FALSE,FALSE
"MR-GGI","truth",518,670,"large","M2.1",19.1230001449585,FALSE,FALSE
"MR-GGI","truth",519,670,"large","M3",7.51414203643799,FALSE,FALSE
"MR-GGI","truth",520,670,"large","M4",49.6796410083771,FALSE,FALSE
"MR-GGI","truth",521,1000,"large","M0.1",29.0975730419159,FALSE,FALSE
"MR-GGI","truth",522,1000,"large","M1.1",0.142460107803345,FALSE,FALSE
"MR-GGI","truth",523,1000,"large","M2.1",0.380124092102051,FALSE,FALSE
"MR-GGI","truth",524,1000,"large","M3",21.2461059093475,FALSE,FALSE
"MR-GGI","truth",525,1000,"large","M4",5.99225497245789,FALSE,FALSE
"MR-GGI","truth",526,50,"small","M0.1",7.84116792678833,FALSE,FALSE
"MR-GGI","truth",527,50,"small","M1.1",12.3739609718323,FALSE,FALSE
"MR-GGI","truth",528,50,"small","M2.1",5.57374095916748,FALSE,FALSE
"MR-GGI","truth",529,50,"small","M3",9.78614783287048,FALSE,FALSE
"MR-GGI","truth",530,50,"small","M4",0.648723840713501,FALSE,FALSE
"MR-GGI","truth",531,150,"small","M0.1",3.17023587226868,FALSE,FALSE
"MR-GGI","truth",532,150,"small","M1.1",11.3730781078339,FALSE,FALSE
"MR-GGI","truth",533,150,"small","M2.1",0.269468069076538,FALSE,FALSE
"MR-GGI","truth",534,150,"small","M3",2.47491216659546,FALSE,FALSE
"MR-GGI","truth",535,150,"small","M4",2.49468803405762,FALSE,FALSE
"MR-GGI","truth",536,300,"small","M0.1",5.55563902854919,FALSE,FALSE
"MR-GGI","truth",537,300,"small","M1.1",2.45369505882263,FALSE,FALSE
"MR-GGI","truth",538,300,"small","M2.1",2.37924599647522,FALSE,FALSE
"MR-GGI","truth",539,300,"small","M3",4.48365092277527,FALSE,FALSE
"MR-GGI","truth",540,300,"small","M4",3.125412940979,FALSE,FALSE
"MR-GGI","truth",541,670,"small","M0.1",32.5528857707977,FALSE,FALSE
"MR-GGI","truth",542,670,"small","M1.1",40.6104769706726,FALSE,FALSE
"MR-GGI","truth",543,670,"small","M2.1",27.452693939209,FALSE,FALSE
"MR-GGI","truth",544,670,"small","M3",31.4713461399078,FALSE,FALSE
"MR-GGI","truth",545,670,"small","M4",20.910492181778,FALSE,FALSE
"MR-GGI","truth",546,1000,"small","M0.1",3.1848030090332,FALSE,FALSE
"MR-GGI","truth",547,1000,"small","M1.1",30.4349510669708,FALSE,FALSE
"MR-GGI","truth",548,1000,"small","M2.1",11.393492937088,FALSE,FALSE
"MR-GGI","truth",549,1000,"small","M3",2.75229215621948,FALSE,FALSE
"MR-GGI","truth",550,1000,"small","M4",17.5353059768677,FALSE,FALSE
"MR-GGI","truth",551,50,"medium","M0.1",1.59312200546265,FALSE,FALSE
"MR-GGI","truth",552,50,"medium","M1.1",0.124307870864868,FALSE,FALSE
"MR-GGI","truth",553,50,"medium","M2.1",12.0839459896088,FALSE,FALSE
"MR-GGI","truth",554,50,"medium","M3",7.2513279914856,FALSE,FALSE
"MR-GGI","truth",555,50,"medium","M4",0.113585948944092,FALSE,FALSE
"MR-GGI","truth",556,150,"medium","M0.1",13.5895309448242,FALSE,FALSE
"MR-GGI","truth",557,150,"medium","M1.1",15.3574030399323,FALSE,FALSE
"MR-GGI","truth",558,150,"medium","M2.1",14.3602569103241,FALSE,FALSE
"MR-GGI","truth",559,150,"medium","M3",8.17093801498413,FALSE,FALSE
"MR-GGI","truth",560,150,"medium","M4",16.2949171066284,FALSE,FALSE
"MR-GGI","truth",561,300,"medium","M0.1",8.95389008522034,FALSE,FALSE
"MR-GGI","truth",562,300,"medium","M1.1",4.34474396705627,FALSE,FALSE
"MR-GGI","truth",563,300,"medium","M2.1",9.79098892211914,FALSE,FALSE
"MR-GGI","truth",564,300,"medium","M3",10.8943440914154,FALSE,FALSE
"MR-GGI","truth",565,300,"medium","M4",1.85518002510071,FALSE,FALSE
"MR-GGI","truth",566,670,"medium","M0.1",1.90351295471191,FALSE,FALSE
"MR-GGI","truth",567,670,"medium","M1.1",2.66343212127686,FALSE,FALSE
"MR-GGI","truth",568,670,"medium","M2.1",15.1985971927643,FALSE,FALSE
"MR-GGI","truth",569,670,"medium","M3",9.76743388175964,FALSE,FALSE
"MR-GGI","truth",570,670,"medium","M4",10.211189031601,FALSE,FALSE
"MR-GGI","truth",571,1000,"medium","M0.1",17.4593751430511,FALSE,FALSE
"MR-GGI","truth",572,1000,"medium","M1.1",5.44430899620056,FALSE,FALSE
"MR-GGI","truth",573,1000,"medium","M2.1",2.33378195762634,FALSE,FALSE
"MR-GGI","truth",574,1000,"medium","M3",5.28319692611694,FALSE,FALSE
"MR-GGI","truth",575,1000,"medium","M4",5.40622711181641,FALSE,FALSE
"MR-GGI","truth",576,50,"large","M0.1",14.2830550670624,FALSE,FALSE
"MR-GGI","truth",577,50,"large","M1.1",2.27646899223328,FALSE,FALSE
"MR-GGI","truth",578,50,"large","M2.1",0.96401309967041,FALSE,FALSE
"MR-GGI","truth",579,50,"large","M3",8.75932192802429,FALSE,FALSE
"MR-GGI","truth",580,50,"large","M4",2.8472900390625,FALSE,FALSE
"MR-GGI","truth",581,150,"large","M0.1",10.81418800354,FALSE,FALSE
"MR-GGI","truth",582,150,"large","M1.1",3.49602007865906,FALSE,FALSE
"MR-GGI","truth",583,150,"large","M2.1",8.64080500602722,FALSE,FALSE
"MR-GGI","truth",584,150,"large","M3",7.40959906578064,FALSE,FALSE
"MR-GGI","truth",585,150,"large","M4",2.55715394020081,FALSE,FALSE
"MR-GGI","truth",586,300,"large","M0.1",0.837245941162109,FALSE,FALSE
"MR-GGI","truth",587,300,"large","M1.1",3.49943995475769,FALSE,FALSE
"MR-GGI","truth",588,300,"large","M2.1",11.2298338413239,FALSE,FALSE
"MR-GGI","truth",589,300,"large","M3",19.771509885788,FALSE,FALSE
"MR-GGI","truth",590,300,"large","M4",4.52185916900635,FALSE,FALSE
"MR-GGI","truth",591,670,"large","M0.1",12.6957190036774,FALSE,FALSE
"MR-GGI","truth",592,670,"large","M1.1",2.70189905166626,FALSE,FALSE
"MR-GGI","truth",593,670,"large","M2.1",13.9898240566254,FALSE,FALSE
"MR-GGI","truth",594,670,"large","M3",85.6198790073395,FALSE,FALSE
"MR-GGI","truth",595,670,"large","M4",13.629597902298,FALSE,FALSE
"MR-GGI","truth",596,1000,"large","M0.1",0.953542947769165,FALSE,FALSE
"MR-GGI","truth",597,1000,"large","M1.1",22.7709169387817,FALSE,FALSE
"MR-GGI","truth",598,1000,"large","M2.1",14.5448529720306,FALSE,FALSE
"MR-GGI","truth",599,1000,"large","M3",41.1288621425629,FALSE,FALSE
"MR-GGI","truth",600,1000,"large","M4",5.0549840927124,FALSE,FALSE
"MR-GGI","truth",601,50,"small","M0.1",3.10910201072693,FALSE,FALSE
"MR-GGI","truth",602,50,"small","M1.1",1.01853513717651,FALSE,FALSE
"MR-GGI","truth",603,50,"small","M2.1",0.334066152572632,FALSE,FALSE
"MR-GGI","truth",604,50,"small","M3",11.8181920051575,FALSE,FALSE
"MR-GGI","truth",605,50,"small","M4",2.14856696128845,FALSE,FALSE
"MR-GGI","truth",606,150,"small","M0.1",2.40441799163818,FALSE,FALSE
"MR-GGI","truth",607,150,"small","M1.1",1.61338782310486,FALSE,FALSE
"MR-GGI","truth",608,150,"small","M2.1",0.433101892471313,FALSE,FALSE
"MR-GGI","truth",609,150,"small","M3",0.47266411781311,FALSE,FALSE
"MR-GGI","truth",610,150,"small","M4",5.09878396987915,FALSE,FALSE
"MR-GGI","truth",611,300,"small","M0.1",0.597914934158325,FALSE,FALSE
"MR-GGI","truth",612,300,"small","M1.1",1.12530493736267,FALSE,FALSE
"MR-GGI","truth",613,300,"small","M2.1",11.1580328941345,FALSE,FALSE
"MR-GGI","truth",614,300,"small","M3",1.75906491279602,FALSE,FALSE
"MR-GGI","truth",615,300,"small","M4",0.641168117523193,FALSE,FALSE
"MR-GGI","truth",616,670,"small","M0.1",33.1943261623383,FALSE,FALSE
"MR-GGI","truth",617,670,"small","M1.1",5.39079213142395,FALSE,FALSE
"MR-GGI","truth",618,670,"small","M2.1",37.4921748638153,FALSE,FALSE
"MR-GGI","truth",619,670,"small","M3",25.2095849514008,FALSE,FALSE
"MR-GGI","truth",620,670,"small","M4",69.7712459564209,FALSE,FALSE
"MR-GGI","truth",621,1000,"small","M0.1",18.8280310630798,FALSE,FALSE
"MR-GGI","truth",622,1000,"small","M1.1",24.0418119430542,FALSE,FALSE
"MR-GGI","truth",623,1000,"small","M2.1",2.16202783584595,FALSE,FALSE
"MR-GGI","truth",624,1000,"small","M3",6.94472503662109,FALSE,FALSE
"MR-GGI","truth",625,1000,"small","M4",1.43376708030701,FALSE,FALSE
"MR-GGI","truth",626,50,"medium","M0.1",14.6253979206085,FALSE,FALSE
"MR-GGI","truth",627,50,"medium","M1.1",0.221041917800903,FALSE,FALSE
"MR-GGI","truth",628,50,"medium","M2.1",0.171661853790283,FALSE,FALSE
"MR-GGI","truth",629,50,"medium","M3",8.872642993927,FALSE,FALSE
"MR-GGI","truth",630,50,"medium","M4",14.4252297878265,FALSE,FALSE
"MR-GGI","truth",631,150,"medium","M0.1",7.24153184890747,FALSE,FALSE
"MR-GGI","truth",632,150,"medium","M1.1",5.03142809867859,FALSE,FALSE
"MR-GGI","truth",633,150,"medium","M2.1",9.17744898796082,FALSE,FALSE
"MR-GGI","truth",634,150,"medium","M3",18.0965759754181,FALSE,FALSE
"MR-GGI","truth",635,150,"medium","M4",7.82832622528076,FALSE,FALSE
"MR-GGI","truth",636,300,"medium","M0.1",11.5196089744568,FALSE,FALSE
"MR-GGI","truth",637,300,"medium","M1.1",5.38080811500549,FALSE,FALSE
"MR-GGI","truth",638,300,"medium","M2.1",12.9239540100098,FALSE,FALSE
"MR-GGI","truth",639,300,"medium","M3",8.01376295089722,FALSE,FALSE
"MR-GGI","truth",640,300,"medium","M4",14.2207429409027,FALSE,FALSE
"MR-GGI","truth",641,670,"medium","M0.1",18.974925994873,FALSE,FALSE
"MR-GGI","truth",642,670,"medium","M1.1",12.7003910541534,FALSE,FALSE
"MR-GGI","truth",643,670,"medium","M2.1",23.5588989257812,FALSE,FALSE
"MR-GGI","truth",644,670,"medium","M3",44.3297529220581,FALSE,FALSE
"MR-GGI","truth",645,670,"medium","M4",6.47746300697327,FALSE,FALSE
"MR-GGI","truth",646,1000,"medium","M0.1",11.0075399875641,FALSE,FALSE
"MR-GGI","truth",647,1000,"medium","M1.1",0.316841125488281,FALSE,FALSE
"MR-GGI","truth",648,1000,"medium","M2.1",8.86761403083801,FALSE,FALSE
"MR-GGI","truth",649,1000,"medium","M3",7.39692282676697,FALSE,FALSE
"MR-GGI","truth",650,1000,"medium","M4",3.05390882492065,FALSE,FALSE
"MR-GGI","truth",651,50,"large","M0.1",1.67123198509216,FALSE,FALSE
"MR-GGI","truth",652,50,"large","M1.1",4.4172899723053,FALSE,FALSE
"MR-GGI","truth",653,50,"large","M2.1",3.01996684074402,FALSE,FALSE
"MR-GGI","truth",654,50,"large","M3",2.39535093307495,FALSE,FALSE
"MR-GGI","truth",655,50,"large","M4",13.658586025238,FALSE,FALSE
"MR-GGI","truth",656,150,"large","M0.1",17.2312979698181,FALSE,FALSE
"MR-GGI","truth",657,150,"large","M1.1",0.0964639186859131,FALSE,FALSE
"MR-GGI","truth",658,150,"large","M2.1",4.87783885002136,FALSE,FALSE
"MR-GGI","truth",659,150,"large","M3",13.3837900161743,FALSE,FALSE
"MR-GGI","truth",660,150,"large","M4",5.24057412147522,FALSE,FALSE
"MR-GGI","truth",661,300,"large","M0.1",13.1420440673828,FALSE,FALSE
"MR-GGI","truth",662,300,"large","M1.1",3.34620094299316,FALSE,FALSE
"MR-GGI","truth",663,300,"large","M2.1",9.53124904632568,FALSE,FALSE
"MR-GGI","truth",664,300,"large","M3",1.44831013679504,FALSE,FALSE
"MR-GGI","truth",665,300,"large","M4",2.06785297393799,FALSE,FALSE
"MR-GGI","truth",666,670,"large","M0.1",11.7486062049866,FALSE,FALSE
"MR-GGI","truth",667,670,"large","M1.1",34.0852899551392,FALSE,FALSE
"MR-GGI","truth",668,670,"large","M2.1",24.7248101234436,FALSE,FALSE
"MR-GGI","truth",669,670,"large","M3",12.3931918144226,FALSE,FALSE
"MR-GGI","truth",670,670,"large","M4",14.5285840034485,FALSE,FALSE
"MR-GGI","truth",671,1000,"large","M0.1",8.86418485641479,FALSE,FALSE
"MR-GGI","truth",672,1000,"large","M1.1",1.81187987327576,FALSE,FALSE
"MR-GGI","truth",673,1000,"large","M2.1",7.21483492851257,FALSE,FALSE
"MR-GGI","truth",674,1000,"large","M3",14.8267931938171,FALSE,FALSE
"MR-GGI","truth",675,1000,"large","M4",16.9186799526215,FALSE,FALSE
"MR-GGI","truth",676,50,"small","M0.1",13.4704411029816,FALSE,FALSE
"MR-GGI","truth",677,50,"small","M1.1",9.09702587127686,FALSE,FALSE
"MR-GGI","truth",678,50,"small","M2.1",8.87754201889038,FALSE,FALSE
"MR-GGI","truth",679,50,"small","M3",11.8350479602814,FALSE,FALSE
"MR-GGI","truth",680,50,"small","M4",4.7010760307312,FALSE,FALSE
"MR-GGI","truth",681,150,"small","M0.1",12.6449139118195,FALSE,FALSE
"MR-GGI","truth",682,150,"small","M1.1",9.54552316665649,FALSE,FALSE
"MR-GGI","truth",683,150,"small","M2.1",0.79295802116394,FALSE,FALSE
"MR-GGI","truth",684,150,"small","M3",3.1937108039856,FALSE,FALSE
"MR-GGI","truth",685,150,"small","M4",12.2962260246277,FALSE,FALSE
"MR-GGI","truth",686,300,"small","M0.1",18.4454851150513,FALSE,FALSE
"MR-GGI","truth",687,300,"small","M1.1",1.67637300491333,FALSE,FALSE
"MR-GGI","truth",688,300,"small","M2.1",16.5026650428772,FALSE,FALSE
"MR-GGI","truth",689,300,"small","M3",6.79355001449585,FALSE,FALSE
"MR-GGI","truth",690,300,"small","M4",1.06131815910339,FALSE,FALSE
"MR-GGI","truth",691,670,"small","M0.1",20.9581468105316,FALSE,FALSE
"MR-GGI","truth",692,670,"small","M1.1",9.17046022415161,FALSE,FALSE
"MR-GGI","truth",693,670,"small","M2.1",11.2260768413544,FALSE,FALSE
"MR-GGI","truth",694,670,"small","M3",10.1278131008148,FALSE,FALSE
"MR-GGI","truth",695,670,"small","M4",7.19874596595764,FALSE,FALSE
"MR-GGI","truth",696,1000,"small","M0.1",4.88845586776733,FALSE,FALSE
"MR-GGI","truth",697,1000,"small","M1.1",2.81968212127686,FALSE,FALSE
"MR-GGI","truth",698,1000,"small","M2.1",2.34598588943481,FALSE,FALSE
"MR-GGI","truth",699,1000,"small","M3",22.1299269199371,FALSE,FALSE
"MR-GGI","truth",700,1000,"small","M4",20.1949310302734,FALSE,FALSE
"MR-GGI","truth",701,50,"medium","M0.1",7.16875886917114,FALSE,FALSE
"MR-GGI","truth",702,50,"medium","M1.1",0.629058837890625,FALSE,FALSE
"MR-GGI","truth",703,50,"medium","M2.1",1.36886096000671,FALSE,FALSE
"MR-GGI","truth",704,50,"medium","M3",8.8245689868927,FALSE,FALSE
"MR-GGI","truth",705,50,"medium","M4",9.08195304870605,FALSE,FALSE
"MR-GGI","truth",706,150,"medium","M0.1",1.03263115882874,FALSE,FALSE
"MR-GGI","truth",707,150,"medium","M1.1",3.08892798423767,FALSE,FALSE
"MR-GGI","truth",708,150,"medium","M2.1",2.26754808425903,FALSE,FALSE
"MR-GGI","truth",709,150,"medium","M3",7.88078999519348,FALSE,FALSE
"MR-GGI","truth",710,150,"medium","M4",7.2907350063324,FALSE,FALSE
"MR-GGI","truth",711,300,"medium","M0.1",1.91814494132996,FALSE,FALSE
"MR-GGI","truth",712,300,"medium","M1.1",5.99677991867065,FALSE,FALSE
"MR-GGI","truth",713,300,"medium","M2.1",5.6900999546051,FALSE,FALSE
"MR-GGI","truth",714,300,"medium","M3",6.66529893875122,FALSE,FALSE
"MR-GGI","truth",715,300,"medium","M4",0.0607378482818604,FALSE,FALSE
"MR-GGI","truth",716,670,"medium","M0.1",3.33668899536133,FALSE,FALSE
"MR-GGI","truth",717,670,"medium","M1.1",18.6479589939117,FALSE,FALSE
"MR-GGI","truth",718,670,"medium","M2.1",7.2199821472168,FALSE,FALSE
"MR-GGI","truth",719,670,"medium","M3",20.2652349472046,FALSE,FALSE
"MR-GGI","truth",720,670,"medium","M4",23.0070321559906,FALSE,FALSE
"MR-GGI","truth",721,1000,"medium","M0.1",12.8464391231537,FALSE,FALSE
"MR-GGI","truth",722,1000,"medium","M1.1",10.8835518360138,FALSE,FALSE
"MR-GGI","truth",723,1000,"medium","M2.1",9.14266395568848,FALSE,FALSE
"MR-GGI","truth",724,1000,"medium","M3",0.226550817489624,FALSE,FALSE
"MR-GGI","truth",725,1000,"medium","M4",22.3957459926605,FALSE,FALSE
"MR-GGI","truth",726,50,"large","M0.1",10.3742008209229,FALSE,FALSE
"MR-GGI","truth",727,50,"large","M1.1",6.36367893218994,FALSE,FALSE
"MR-GGI","truth",728,50,"large","M2.1",2.83234715461731,FALSE,FALSE
"MR-GGI","truth",729,50,"large","M3",0.0611939430236816,FALSE,FALSE
"MR-GGI","truth",730,50,"large","M4",1.02528882026672,FALSE,FALSE
"MR-GGI","truth",731,150,"large","M0.1",9.80652093887329,FALSE,FALSE
"MR-GGI","truth",732,150,"large","M1.1",8.96353220939636,FALSE,FALSE
"MR-GGI","truth",733,150,"large","M2.1",5.13928890228271,FALSE,FALSE
"MR-GGI","truth",734,150,"large","M3",6.7504780292511,FALSE,FALSE
"MR-GGI","truth",735,150,"large","M4",1.82128095626831,FALSE,FALSE
"MR-GGI","truth",736,300,"large","M0.1",1.69754481315613,FALSE,FALSE
"MR-GGI","truth",737,300,"large","M1.1",1.54237413406372,FALSE,FALSE
"MR-GGI","truth",738,300,"large","M2.1",0.850839853286743,FALSE,FALSE
"MR-GGI","truth",739,300,"large","M3",10.5672318935394,FALSE,FALSE
"MR-GGI","truth",740,300,"large","M4",9.24933004379272,FALSE,FALSE
"MR-GGI","truth",741,670,"large","M0.1",6.13646101951599,FALSE,FALSE
"MR-GGI","truth",742,670,"large","M1.1",11.337662935257,FALSE,FALSE
"MR-GGI","truth",743,670,"large","M2.1",13.4918830394745,FALSE,FALSE
"MR-GGI","truth",744,670,"large","M3",11.5415689945221,FALSE,FALSE
"MR-GGI","truth",745,670,"large","M4",5.02148795127869,FALSE,FALSE
"MR-GGI","truth",746,1000,"large","M0.1",8.95912003517151,FALSE,FALSE
"MR-GGI","truth",747,1000,"large","M1.1",40.1829180717468,FALSE,FALSE
"MR-GGI","truth",748,1000,"large","M2.1",77.2540600299835,FALSE,FALSE
"MR-GGI","truth",749,1000,"large","M3",36.3931419849396,FALSE,FALSE
"MR-GGI","truth",750,1000,"large","M4",3.5652060508728,FALSE,FALSE
"MR-GGI","truth",751,50,"small","M0.1",6.08264303207397,FALSE,FALSE
"MR-GGI","truth",752,50,"small","M1.1",8.32980608940125,FALSE,FALSE
"MR-GGI","truth",753,50,"small","M2.1",10.1041209697723,FALSE,FALSE
"MR-GGI","truth",754,50,"small","M3",9.85914492607117,FALSE,FALSE
"MR-GGI","truth",755,50,"small","M4",14.9678380489349,FALSE,FALSE
"MR-GGI","truth",756,150,"small","M0.1",10.2675321102142,FALSE,FALSE
"MR-GGI","truth",757,150,"small","M1.1",9.6670081615448,FALSE,FALSE
"MR-GGI","truth",758,150,"small","M2.1",16.0320000648499,FALSE,FALSE
"MR-GGI","truth",759,150,"small","M3",2.70553398132324,FALSE,FALSE
"MR-GGI","truth",760,150,"small","M4",5.50251293182373,FALSE,FALSE
"MR-GGI","truth",761,300,"small","M0.1",10.1250758171082,FALSE,FALSE
"MR-GGI","truth",762,300,"small","M1.1",2.9567928314209,FALSE,FALSE
"MR-GGI","truth",763,300,"small","M2.1",9.80762600898743,FALSE,FALSE
"MR-GGI","truth",764,300,"small","M3",3.06961107254028,FALSE,FALSE
"MR-GGI","truth",765,300,"small","M4",13.6730020046234,FALSE,FALSE
"MR-GGI","truth",766,670,"small","M0.1",0.920502185821533,FALSE,FALSE
"MR-GGI","truth",767,670,"small","M1.1",23.495815038681,FALSE,FALSE
"MR-GGI","truth",768,670,"small","M2.1",2.76566886901855,FALSE,FALSE
"MR-GGI","truth",769,670,"small","M3",15.244225025177,FALSE,FALSE
"MR-GGI","truth",770,670,"small","M4",10.7042071819305,FALSE,FALSE
"MR-GGI","truth",771,1000,"small","M0.1",1.07050013542175,FALSE,FALSE
"MR-GGI","truth",772,1000,"small","M1.1",2.23296403884888,FALSE,FALSE
"MR-GGI","truth",773,1000,"small","M2.1",21.2889459133148,FALSE,FALSE
"MR-GGI","truth",774,1000,"small","M3",23.2821090221405,FALSE,FALSE
"MR-GGI","truth",775,1000,"small","M4",68.1857891082764,FALSE,FALSE
"MR-GGI","truth",776,50,"medium","M0.1",2.29091310501099,FALSE,FALSE
"MR-GGI","truth",777,50,"medium","M1.1",0.35418701171875,FALSE,FALSE
"MR-GGI","truth",778,50,"medium","M2.1",1.02846789360046,FALSE,FALSE
"MR-GGI","truth",779,50,"medium","M3",2.0314462184906,FALSE,FALSE
"MR-GGI","truth",780,50,"medium","M4",13.5260789394379,FALSE,FALSE
"MR-GGI","truth",781,150,"medium","M0.1",1.21722221374512,FALSE,FALSE
"MR-GGI","truth",782,150,"medium","M1.1",16.2304580211639,FALSE,FALSE
"MR-GGI","truth",783,150,"medium","M2.1",13.6595299243927,FALSE,FALSE
"MR-GGI","truth",784,150,"medium","M3",5.1012179851532,FALSE,FALSE
"MR-GGI","truth",785,150,"medium","M4",16.3225200176239,FALSE,FALSE
"MR-GGI","truth",786,300,"medium","M0.1",13.7406911849976,FALSE,FALSE
"MR-GGI","truth",787,300,"medium","M1.1",0.275738954544067,FALSE,FALSE
"MR-GGI","truth",788,300,"medium","M2.1",1.29538106918335,FALSE,FALSE
"MR-GGI","truth",789,300,"medium","M3",1.41794419288635,FALSE,FALSE
"MR-GGI","truth",790,300,"medium","M4",13.1876900196075,FALSE,FALSE
"MR-GGI","truth",791,670,"medium","M0.1",11.6935122013092,FALSE,FALSE
"MR-GGI","truth",792,670,"medium","M1.1",13.9827728271484,FALSE,FALSE
"MR-GGI","truth",793,670,"medium","M2.1",5.68748497962952,FALSE,FALSE
"MR-GGI","truth",794,670,"medium","M3",0.494718074798584,FALSE,FALSE
"MR-GGI","truth",795,670,"medium","M4",7.37884402275085,FALSE,FALSE
"MR-GGI","truth",796,1000,"medium","M0.1",33.1283481121063,FALSE,FALSE
"MR-GGI","truth",797,1000,"medium","M1.1",3.33125901222229,FALSE,FALSE
"MR-GGI","truth",798,1000,"medium","M2.1",98.150600194931,FALSE,FALSE
"MR-GGI","truth",799,1000,"medium","M3",31.2136490345001,FALSE,FALSE
"MR-GGI","truth",800,1000,"medium","M4",3.97932100296021,FALSE,FALSE
"MR-GGI","truth",801,50,"large","M0.1",7.15697598457336,FALSE,FALSE
"MR-GGI","truth",802,50,"large","M1.1",11.6159970760345,FALSE,FALSE
"MR-GGI","truth",803,50,"large","M2.1",0.739797115325928,FALSE,FALSE
"MR-GGI","truth",804,50,"large","M3",4.13756990432739,FALSE,FALSE
"MR-GGI","truth",805,50,"large","M4",14.0316398143768,FALSE,FALSE
"MR-GGI","truth",806,150,"large","M0.1",1.13799595832825,FALSE,FALSE
"MR-GGI","truth",807,150,"large","M1.1",3.5098888874054,FALSE,FALSE
"MR-GGI","truth",808,150,"large","M2.1",0.638602018356323,FALSE,FALSE
"MR-GGI","truth",809,150,"large","M3",16.5018980503082,FALSE,FALSE
"MR-GGI","truth",810,150,"large","M4",12.0608308315277,FALSE,FALSE
"MR-GGI","truth",811,300,"large","M0.1",11.9830741882324,FALSE,FALSE
"MR-GGI","truth",812,300,"large","M1.1",13.3912620544434,FALSE,FALSE
"MR-GGI","truth",813,300,"large","M2.1",0.293450117111206,FALSE,FALSE
"MR-GGI","truth",814,300,"large","M3",18.0788428783417,FALSE,FALSE
"MR-GGI","truth",815,300,"large","M4",15.7621269226074,FALSE,FALSE
"MR-GGI","truth",816,670,"large","M0.1",1.26805400848389,FALSE,FALSE
"MR-GGI","truth",817,670,"large","M1.1",21.3853750228882,FALSE,FALSE
"MR-GGI","truth",818,670,"large","M2.1",4.86105608940125,FALSE,FALSE
"MR-GGI","truth",819,670,"large","M3",19.4864370822906,FALSE,FALSE
"MR-GGI","truth",820,670,"large","M4",1.8644711971283,FALSE,FALSE
"MR-GGI","truth",821,1000,"large","M0.1",131.409075021744,FALSE,FALSE
"MR-GGI","truth",822,1000,"large","M1.1",4.00239396095276,FALSE,FALSE
"MR-GGI","truth",823,1000,"large","M2.1",0.750706195831299,FALSE,FALSE
"MR-GGI","truth",824,1000,"large","M3",2.69981384277344,FALSE,FALSE
"MR-GGI","truth",825,1000,"large","M4",0.67875599861145,FALSE,FALSE
"MR-GGI","truth",826,50,"small","M0.1",0.660315990447998,FALSE,FALSE
"MR-GGI","truth",827,50,"small","M1.1",9.73053884506226,FALSE,FALSE
"MR-GGI","truth",828,50,"small","M2.1",11.3123669624329,FALSE,FALSE
"MR-GGI","truth",829,50,"small","M3",7.45371890068054,FALSE,FALSE
"MR-GGI","truth",830,50,"small","M4",4.83497500419617,FALSE,FALSE
"MR-GGI","truth",831,150,"small","M0.1",2.03823089599609,FALSE,FALSE
"MR-GGI","truth",832,150,"small","M1.1",0.420786142349243,FALSE,FALSE
"MR-GGI","truth",833,150,"small","M2.1",0.0361089706420898,FALSE,FALSE
"MR-GGI","truth",834,150,"small","M3",9.24772095680237,FALSE,FALSE
"MR-GGI","truth",835,150,"small","M4",1.17617201805115,FALSE,FALSE
"MR-GGI","truth",836,300,"small","M0.1",2.70551013946533,FALSE,FALSE
"MR-GGI","truth",837,300,"small","M1.1",4.30002188682556,FALSE,FALSE
"MR-GGI","truth",838,300,"small","M2.1",14.6539690494537,FALSE,FALSE
"MR-GGI","truth",839,300,"small","M3",9.21746492385864,FALSE,FALSE
"MR-GGI","truth",840,300,"small","M4",11.7445828914642,FALSE,FALSE
"MR-GGI","truth",841,670,"small","M0.1",2.57340097427368,FALSE,FALSE
"MR-GGI","truth",842,670,"small","M1.1",5.29924392700195,FALSE,FALSE
"MR-GGI","truth",843,670,"small","M2.1",2.20060515403748,FALSE,FALSE
"MR-GGI","truth",844,670,"small","M3",10.0016310214996,FALSE,FALSE
"MR-GGI","truth",845,670,"small","M4",12.3467230796814,FALSE,FALSE
"MR-GGI","truth",846,1000,"small","M0.1",0.568027019500732,FALSE,FALSE
"MR-GGI","truth",847,1000,"small","M1.1",81.1055088043213,FALSE,FALSE
"MR-GGI","truth",848,1000,"small","M2.1",3.94311213493347,FALSE,FALSE
"MR-GGI","truth",849,1000,"small","M3",134.269748926163,FALSE,FALSE
"MR-GGI","truth",850,1000,"small","M4",59.0441188812256,FALSE,FALSE
"MR-GGI","truth",851,50,"medium","M0.1",1.77169585227966,FALSE,FALSE
"MR-GGI","truth",852,50,"medium","M1.1",11.4579348564148,FALSE,FALSE
"MR-GGI","truth",853,50,"medium","M2.1",0.36126184463501,FALSE,FALSE
"MR-GGI","truth",854,50,"medium","M3",2.60875487327576,FALSE,FALSE
"MR-GGI","truth",855,50,"medium","M4",8.10190916061401,FALSE,FALSE
"MR-GGI","truth",856,150,"medium","M0.1",4.17481589317322,FALSE,FALSE
"MR-GGI","truth",857,150,"medium","M1.1",7.29430222511292,FALSE,FALSE
"MR-GGI","truth",858,150,"medium","M2.1",0.0565700531005859,FALSE,FALSE
"MR-GGI","truth",859,150,"medium","M3",2.70793294906616,FALSE,FALSE
"MR-GGI","truth",860,150,"medium","M4",0.145354032516479,FALSE,FALSE
"MR-GGI","truth",861,300,"medium","M0.1",0.0765678882598877,FALSE,FALSE
"MR-GGI","truth",862,300,"medium","M1.1",17.5972208976746,FALSE,FALSE
"MR-GGI","truth",863,300,"medium","M2.1",0.454596996307373,FALSE,FALSE
"MR-GGI","truth",864,300,"medium","M3",6.76530718803406,FALSE,FALSE
"MR-GGI","truth",865,300,"medium","M4",11.5965859889984,FALSE,FALSE
"MR-GGI","truth",866,670,"medium","M0.1",18.1505119800568,FALSE,FALSE
"MR-GGI","truth",867,670,"medium","M1.1",5.32808017730713,FALSE,FALSE
"MR-GGI","truth",868,670,"medium","M2.1",5.42744493484497,FALSE,FALSE
"MR-GGI","truth",869,670,"medium","M3",19.9096400737762,FALSE,FALSE
"MR-GGI","truth",870,670,"medium","M4",13.2328159809113,FALSE,FALSE
"MR-GGI","truth",871,1000,"medium","M0.1",59.1991999149323,FALSE,FALSE
"MR-GGI","truth",872,1000,"medium","M1.1",8.81756711006165,FALSE,FALSE
"MR-GGI","truth",873,1000,"medium","M2.1",6.46793699264526,FALSE,FALSE
"MR-GGI","truth",874,1000,"medium","M3",74.9916348457336,FALSE,FALSE
"MR-GGI","truth",875,1000,"medium","M4",0.914046049118042,FALSE,FALSE
"MR-GGI","truth",876,50,"large","M0.1",3.5477831363678,FALSE,FALSE
"MR-GGI","truth",877,50,"large","M1.1",5.71665096282959,FALSE,FALSE
"MR-GGI","truth",878,50,"large","M2.1",1.50162601470947,FALSE,FALSE
"MR-GGI","truth",879,50,"large","M3",3.42400908470154,FALSE,FALSE
"MR-GGI","truth",880,50,"large","M4",8.19807910919189,FALSE,FALSE
"MR-GGI","truth",881,150,"large","M0.1",0.179594993591309,FALSE,FALSE
"MR-GGI","truth",882,150,"large","M1.1",4.48243188858032,FALSE,FALSE
"MR-GGI","truth",883,150,"large","M2.1",3.18583488464355,FALSE,FALSE
"MR-GGI","truth",884,150,"large","M3",3.03489589691162,FALSE,FALSE
"MR-GGI","truth",885,150,"large","M4",6.37587118148804,FALSE,FALSE
"MR-GGI","truth",886,300,"large","M0.1",7.73017811775208,FALSE,FALSE
"MR-GGI","truth",887,300,"large","M1.1",2.59498596191406,FALSE,FALSE
"MR-GGI","truth",888,300,"large","M2.1",1.08298802375793,FALSE,FALSE
"MR-GGI","truth",889,300,"large","M3",15.3433308601379,FALSE,FALSE
"MR-GGI","truth",890,300,"large","M4",4.1236469745636,FALSE,FALSE
"MR-GGI","truth",891,670,"large","M0.1",13.7035348415375,FALSE,FALSE
"MR-GGI","truth",892,670,"large","M1.1",4.47304701805115,FALSE,FALSE
"MR-GGI","truth",893,670,"large","M2.1",4.18707799911499,FALSE,FALSE
"MR-GGI","truth",894,670,"large","M3",1.43253493309021,FALSE,FALSE
"MR-GGI","truth",895,670,"large","M4",11.5249660015106,FALSE,FALSE
"MR-GGI","truth",896,1000,"large","M0.1",84.6107621192932,FALSE,FALSE
"MR-GGI","truth",897,1000,"large","M1.1",3.51713085174561,FALSE,FALSE
"MR-GGI","truth",898,1000,"large","M2.1",1.37747597694397,FALSE,FALSE
"MR-GGI","truth",899,1000,"large","M3",42.5696971416473,FALSE,FALSE
"MR-GGI","truth",900,1000,"large","M4",5.22382998466492,FALSE,FALSE
"MR-GGI","truth",901,50,"small","M0.1",5.79569005966187,FALSE,FALSE
"MR-GGI","truth",902,50,"small","M1.1",7.05169081687927,FALSE,FALSE
"MR-GGI","truth",903,50,"small","M2.1",15.1916890144348,FALSE,FALSE
"MR-GGI","truth",904,50,"small","M3",0.104870080947876,FALSE,FALSE
"MR-GGI","truth",905,50,"small","M4",3.53134512901306,FALSE,FALSE
"MR-GGI","truth",906,150,"small","M0.1",1.039311170578,FALSE,FALSE
"MR-GGI","truth",907,150,"small","M1.1",0.548421144485474,FALSE,FALSE
"MR-GGI","truth",908,150,"small","M2.1",13.1637909412384,FALSE,FALSE
"MR-GGI","truth",909,150,"small","M3",1.0739049911499,FALSE,FALSE
"MR-GGI","truth",910,150,"small","M4",1.12571907043457,FALSE,FALSE
"MR-GGI","truth",911,300,"small","M0.1",0.128898143768311,FALSE,FALSE
"MR-GGI","truth",912,300,"small","M1.1",0.126373052597046,FALSE,FALSE
"MR-GGI","truth",913,300,"small","M2.1",17.2666029930115,FALSE,FALSE
"MR-GGI","truth",914,300,"small","M3",17.7857849597931,FALSE,FALSE
"MR-GGI","truth",915,300,"small","M4",1.01872396469116,FALSE,FALSE
"MR-GGI","truth",916,670,"small","M0.1",21.748370885849,FALSE,FALSE
"MR-GGI","truth",917,670,"small","M1.1",18.273647069931,FALSE,FALSE
"MR-GGI","truth",918,670,"small","M2.1",2.60663294792175,FALSE,FALSE
"MR-GGI","truth",919,670,"small","M3",7.63821601867676,FALSE,FALSE
"MR-GGI","truth",920,670,"small","M4",7.02948904037476,FALSE,FALSE
"MR-GGI","truth",921,1000,"small","M0.1",17.0279409885406,FALSE,FALSE
"MR-GGI","truth",922,1000,"small","M1.1",86.6553430557251,FALSE,FALSE
"MR-GGI","truth",923,1000,"small","M2.1",13.8271470069885,FALSE,FALSE
"MR-GGI","truth",924,1000,"small","M3",15.6882350444794,FALSE,FALSE
"MR-GGI","truth",925,1000,"small","M4",21.2789919376373,FALSE,FALSE
"MR-GGI","truth",926,50,"medium","M0.1",2.11226606369019,FALSE,FALSE
"MR-GGI","truth",927,50,"medium","M1.1",7.60713887214661,FALSE,FALSE
"MR-GGI","truth",928,50,"medium","M2.1",4.12276697158813,FALSE,FALSE
"MR-GGI","truth",929,50,"medium","M3",12.7156410217285,FALSE,FALSE
"MR-GGI","truth",930,50,"medium","M4",12.613392829895,FALSE,FALSE
"MR-GGI","truth",931,150,"medium","M0.1",5.22520089149475,FALSE,FALSE
"MR-GGI","truth",932,150,"medium","M1.1",0.462233066558838,FALSE,FALSE
"MR-GGI","truth",933,150,"medium","M2.1",7.50913286209106,FALSE,FALSE
"MR-GGI","truth",934,150,"medium","M3",1.26642084121704,FALSE,FALSE
"MR-GGI","truth",935,150,"medium","M4",2.50159382820129,FALSE,FALSE
"MR-GGI","truth",936,300,"medium","M0.1",11.0461690425873,FALSE,FALSE
"MR-GGI","truth",937,300,"medium","M1.1",7.02949714660645,FALSE,FALSE
"MR-GGI","truth",938,300,"medium","M2.1",1.33998703956604,FALSE,FALSE
"MR-GGI","truth",939,300,"medium","M3",10.6313240528107,FALSE,FALSE
"MR-GGI","truth",940,300,"medium","M4",6.86183285713196,FALSE,FALSE
"MR-GGI","truth",941,670,"medium","M0.1",14.5774600505829,FALSE,FALSE
"MR-GGI","truth",942,670,"medium","M1.1",6.7483959197998,FALSE,FALSE
"MR-GGI","truth",943,670,"medium","M2.1",13.4224319458008,FALSE,FALSE
"MR-GGI","truth",944,670,"medium","M3",27.5427968502045,FALSE,FALSE
"MR-GGI","truth",945,670,"medium","M4",0.649693012237549,FALSE,FALSE
"MR-GGI","truth",946,1000,"medium","M0.1",21.1595268249512,FALSE,FALSE
"MR-GGI","truth",947,1000,"medium","M1.1",14.7664971351624,FALSE,FALSE
"MR-GGI","truth",948,1000,"medium","M2.1",65.317941904068,FALSE,FALSE
"MR-GGI","truth",949,1000,"medium","M3",18.9732270240784,FALSE,FALSE
"MR-GGI","truth",950,1000,"medium","M4",10.5386140346527,FALSE,FALSE
"MR-GGI","truth",951,50,"large","M0.1",12.7673161029816,FALSE,FALSE
"MR-GGI","truth",952,50,"large","M1.1",13.3557369709015,FALSE,FALSE
"MR-GGI","truth",953,50,"large","M2.1",2.41865205764771,FALSE,FALSE
"MR-GGI","truth",954,50,"large","M3",12.8172500133514,FALSE,FALSE
"MR-GGI","truth",955,50,"large","M4",5.93195199966431,FALSE,FALSE
"MR-GGI","truth",956,150,"large","M0.1",1.08758091926575,FALSE,FALSE
"MR-GGI","truth",957,150,"large","M1.1",0.55142879486084,FALSE,FALSE
"MR-GGI","truth",958,150,"large","M2.1",9.56104898452759,FALSE,FALSE
"MR-GGI","truth",959,150,"large","M3",12.5845341682434,FALSE,FALSE
"MR-GGI","truth",960,150,"large","M4",3.46911811828613,FALSE,FALSE
"MR-GGI","truth",961,300,"large","M0.1",3.95750784873962,FALSE,FALSE
"MR-GGI","truth",962,300,"large","M1.1",0.270198106765747,FALSE,FALSE
"MR-GGI","truth",963,300,"large","M2.1",3.65674781799316,FALSE,FALSE
"MR-GGI","truth",964,300,"large","M3",2.02558898925781,FALSE,FALSE
"MR-GGI","truth",965,300,"large","M4",0.477729082107544,FALSE,FALSE
"MR-GGI","truth",966,670,"large","M0.1",2.86402201652527,FALSE,FALSE
"MR-GGI","truth",967,670,"large","M1.1",2.04515504837036,FALSE,FALSE
"MR-GGI","truth",968,670,"large","M2.1",2.40775108337402,FALSE,FALSE
"MR-GGI","truth",969,670,"large","M3",5.48560094833374,FALSE,FALSE
"MR-GGI","truth",970,670,"large","M4",0.580204963684082,FALSE,FALSE
"MR-GGI","truth",971,1000,"large","M0.1",63.5311939716339,FALSE,FALSE
"MR-GGI","truth",972,1000,"large","M1.1",15.8172721862793,FALSE,FALSE
"MR-GGI","truth",973,1000,"large","M2.1",6.75930881500244,FALSE,FALSE
"MR-GGI","truth",974,1000,"large","M3",16.5206298828125,FALSE,FALSE
"MR-GGI","truth",975,1000,"large","M4",25.0468201637268,FALSE,FALSE
"MR-GGI","truth",976,50,"small","M0.1",0.753544807434082,FALSE,FALSE
"MR-GGI","truth",977,50,"small","M1.1",11.395350933075,FALSE,FALSE
"MR-GGI","truth",978,50,"small","M2.1",14.2151260375977,FALSE,FALSE
"MR-GGI","truth",979,50,"small","M3",7.78133702278137,FALSE,FALSE
"MR-GGI","truth",980,50,"small","M4",5.49251484870911,FALSE,FALSE
"MR-GGI","truth",981,150,"small","M0.1",5.6947820186615,FALSE,FALSE
"MR-GGI","truth",982,150,"small","M1.1",2.96402502059937,FALSE,FALSE
"MR-GGI","truth",983,150,"small","M2.1",5.74887895584106,FALSE,FALSE
"MR-GGI","truth",984,150,"small","M3",1.06601119041443,FALSE,FALSE
"MR-GGI","truth",985,150,"small","M4",8.80049610137939,FALSE,FALSE
"MR-GGI","truth",986,300,"small","M0.1",6.18388509750366,FALSE,FALSE
"MR-GGI","truth",987,300,"small","M1.1",1.09800100326538,FALSE,FALSE
"MR-GGI","truth",988,300,"small","M2.1",9.77401804924011,FALSE,FALSE
"MR-GGI","truth",989,300,"small","M3",16.392511844635,FALSE,FALSE
"MR-GGI","truth",990,300,"small","M4",12.6162679195404,FALSE,FALSE
"MR-GGI","truth",991,670,"small","M0.1",5.01554989814758,FALSE,FALSE
"MR-GGI","truth",992,670,"small","M1.1",1.58308005332947,FALSE,FALSE
"MR-GGI","truth",993,670,"small","M2.1",16.7440860271454,FALSE,FALSE
"MR-GGI","truth",994,670,"small","M3",1.97925996780396,FALSE,FALSE
"MR-GGI","truth",995,670,"small","M4",18.6669871807098,FALSE,FALSE
"MR-GGI","truth",996,1000,"small","M0.1",33.7719671726227,FALSE,FALSE
"MR-GGI","truth",997,1000,"small","M1.1",22.5729448795319,FALSE,FALSE
"MR-GGI","truth",998,1000,"small","M2.1",12.1504409313202,FALSE,FALSE
"MR-GGI","truth",999,1000,"small","M3",73.8842821121216,FALSE,FALSE
"MR-GGI","truth",1000,1000,"small","M4",16.3608989715576,FALSE,FALSE
"MR-GGI","truth",1001,50,"medium","M0.1",14.1547911167145,FALSE,FALSE
"MR-GGI","truth",1002,50,"medium","M1.1",9.48087906837463,FALSE,FALSE
"MR-GGI","truth",1003,50,"medium","M2.1",2.37714791297913,FALSE,FALSE
"MR-GGI","truth",1004,50,"medium","M3",7.58942794799805,FALSE,FALSE
"MR-GGI","truth",1005,50,"medium","M4",7.6470890045166,FALSE,FALSE
"MR-GGI","truth",1006,150,"medium","M0.1",11.3132071495056,FALSE,FALSE
"MR-GGI","truth",1007,150,"medium","M1.1",2.78330612182617,FALSE,FALSE
"MR-GGI","truth",1008,150,"medium","M2.1",0.513931035995483,FALSE,FALSE
"MR-GGI","truth",1009,150,"medium","M3",0.0335779190063477,FALSE,FALSE
"MR-GGI","truth",1010,150,"medium","M4",0.310435056686401,FALSE,FALSE
"MR-GGI","truth",1011,300,"medium","M0.1",15.2448608875275,FALSE,FALSE
"MR-GGI","truth",1012,300,"medium","M1.1",18.8217442035675,FALSE,FALSE
"MR-GGI","truth",1013,300,"medium","M2.1",10.5184619426727,FALSE,FALSE
"MR-GGI","truth",1014,300,"medium","M3",12.64705991745,FALSE,FALSE
"MR-GGI","truth",1015,300,"medium","M4",10.6694548130035,FALSE,FALSE
"MR-GGI","truth",1016,670,"medium","M0.1",13.584547996521,FALSE,FALSE
"MR-GGI","truth",1017,670,"medium","M1.1",19.2600471973419,FALSE,FALSE
"MR-GGI","truth",1018,670,"medium","M2.1",25.1342630386353,FALSE,FALSE
"MR-GGI","truth",1019,670,"medium","M3",9.3012478351593,FALSE,FALSE
"MR-GGI","truth",1020,670,"medium","M4",3.54449701309204,FALSE,FALSE
"MR-GGI","truth",1021,1000,"medium","M0.1",16.358423948288,FALSE,FALSE
"MR-GGI","truth",1022,1000,"medium","M1.1",53.3311321735382,FALSE,FALSE
"MR-GGI","truth",1023,1000,"medium","M2.1",71.8932979106903,FALSE,FALSE
"MR-GGI","truth",1024,1000,"medium","M3",6.49660992622375,FALSE,FALSE
"MR-GGI","truth",1025,1000,"medium","M4",10.4430959224701,FALSE,FALSE
"MR-GGI","truth",1026,50,"large","M0.1",0.126667976379395,FALSE,FALSE
"MR-GGI","truth",1027,50,"large","M1.1",0.116712093353271,FALSE,FALSE
"MR-GGI","truth",1028,50,"large","M2.1",1.05045700073242,FALSE,FALSE
"MR-GGI","truth",1029,50,"large","M3",3.86133193969727,FALSE,FALSE
"MR-GGI","truth",1030,50,"large","M4",7.31066393852234,FALSE,FALSE
"MR-GGI","truth",1031,150,"large","M0.1",8.46232414245605,FALSE,FALSE
"MR-GGI","truth",1032,150,"large","M1.1",3.27889180183411,FALSE,FALSE
"MR-GGI","truth",1033,150,"large","M2.1",3.22574591636658,FALSE,FALSE
"MR-GGI","truth",1034,150,"large","M3",4.1393129825592,FALSE,FALSE
"MR-GGI","truth",1035,150,"large","M4",0.0564289093017578,FALSE,FALSE
"MR-GGI","truth",1036,300,"large","M0.1",11.4889268875122,FALSE,FALSE
"MR-GGI","truth",1037,300,"large","M1.1",0.993666887283325,FALSE,FALSE
"MR-GGI","truth",1038,300,"large","M2.1",15.5303258895874,FALSE,FALSE
"MR-GGI","truth",1039,300,"large","M3",2.31294393539429,FALSE,FALSE
"MR-GGI","truth",1040,300,"large","M4",1.00057697296143,FALSE,FALSE
"MR-GGI","truth",1041,670,"large","M0.1",1.05823922157288,FALSE,FALSE
"MR-GGI","truth",1042,670,"large","M1.1",5.890300989151,FALSE,FALSE
"MR-GGI","truth",1043,670,"large","M2.1",24.2664949893951,FALSE,FALSE
"MR-GGI","truth",1044,670,"large","M3",27.2462301254272,FALSE,FALSE
"MR-GGI","truth",1045,670,"large","M4",1.96189403533936,FALSE,FALSE
"MR-GGI","truth",1046,1000,"large","M0.1",19.3292889595032,FALSE,FALSE
"MR-GGI","truth",1047,1000,"large","M1.1",27.4892971515656,FALSE,FALSE
"MR-GGI","truth",1048,1000,"large","M2.1",62.8986239433289,FALSE,FALSE
"MR-GGI","truth",1049,1000,"large","M3",15.925614118576,FALSE,FALSE
"MR-GGI","truth",1050,1000,"large","M4",29.2666480541229,FALSE,FALSE
"MR-GGI","truth",1051,50,"small","M0.1",5.17479300498962,FALSE,FALSE
"MR-GGI","truth",1052,50,"small","M1.1",0.0426821708679199,FALSE,FALSE
"MR-GGI","truth",1053,50,"small","M2.1",12.4019598960876,FALSE,FALSE
"MR-GGI","truth",1054,50,"small","M3",1.55527997016907,FALSE,FALSE
"MR-GGI","truth",1055,50,"small","M4",1.65183401107788,FALSE,FALSE
"MR-GGI","truth",1056,150,"small","M0.1",10.1685588359833,FALSE,FALSE
"MR-GGI","truth",1057,150,"small","M1.1",13.6003108024597,FALSE,FALSE
"MR-GGI","truth",1058,150,"small","M2.1",3.44653606414795,FALSE,FALSE
"MR-GGI","truth",1059,150,"small","M3",0.164833068847656,FALSE,FALSE
"MR-GGI","truth",1060,150,"small","M4",10.2288460731506,FALSE,FALSE
"MR-GGI","truth",1061,300,"small","M0.1",39.3446590900421,FALSE,FALSE
"MR-GGI","truth",1062,300,"small","M1.1",48.0951201915741,FALSE,FALSE
"MR-GGI","truth",1063,300,"small","M2.1",51.2035789489746,FALSE,FALSE
"MR-GGI","truth",1064,300,"small","M3",15.47718501091,FALSE,FALSE
"MR-GGI","truth",1065,300,"small","M4",0.366183042526245,FALSE,FALSE
"MR-GGI","truth",1066,670,"small","M0.1",17.1003839969635,FALSE,FALSE
"MR-GGI","truth",1067,670,"small","M1.1",35.1191651821136,FALSE,FALSE
"MR-GGI","truth",1068,670,"small","M2.1",30.5897510051727,FALSE,FALSE
"MR-GGI","truth",1069,670,"small","M3",45.4756598472595,FALSE,FALSE
"MR-GGI","truth",1070,670,"small","M4",0.615492105484009,FALSE,FALSE
"MR-GGI","truth",1071,1000,"small","M0.1",15.5780549049377,FALSE,FALSE
"MR-GGI","truth",1072,1000,"small","M1.1",39.4128410816193,FALSE,FALSE
"MR-GGI","truth",1073,1000,"small","M2.1",38.0300250053406,FALSE,FALSE
"MR-GGI","truth",1074,1000,"small","M3",27.7085220813751,FALSE,FALSE
"MR-GGI","truth",1075,1000,"small","M4",10.7129678726196,FALSE,FALSE
"MR-GGI","truth",1076,50,"medium","M0.1",10.3983809947968,FALSE,FALSE
"MR-GGI","truth",1077,50,"medium","M1.1",2.43754506111145,FALSE,FALSE
"MR-GGI","truth",1078,50,"medium","M2.1",7.8881721496582,FALSE,FALSE
"MR-GGI","truth",1079,50,"medium","M3",12.849552154541,FALSE,FALSE
"MR-GGI","truth",1080,50,"medium","M4",12.184751033783,FALSE,FALSE
"MR-GGI","truth",1081,150,"medium","M0.1",8.6222939491272,FALSE,FALSE
"MR-GGI","truth",1082,150,"medium","M1.1",9.4259729385376,FALSE,FALSE
"MR-GGI","truth",1083,150,"medium","M2.1",11.7428689002991,FALSE,FALSE
"MR-GGI","truth",1084,150,"medium","M3",6.57696604728699,FALSE,FALSE
"MR-GGI","truth",1085,150,"medium","M4",0.0503330230712891,FALSE,FALSE
"MR-GGI","truth",1086,300,"medium","M0.1",5.41410803794861,FALSE,FALSE
"MR-GGI","truth",1087,300,"medium","M1.1",26.6886179447174,FALSE,FALSE
"MR-GGI","truth",1088,300,"medium","M2.1",65.5128300189972,FALSE,FALSE
"MR-GGI","truth",1089,300,"medium","M3",62.3284080028534,FALSE,FALSE
"MR-GGI","truth",1090,300,"medium","M4",49.0121469497681,FALSE,FALSE
"MR-GGI","truth",1091,670,"medium","M0.1",27.077409029007,FALSE,FALSE
"MR-GGI","truth",1092,670,"medium","M1.1",2.41871213912964,FALSE,FALSE
"MR-GGI","truth",1093,670,"medium","M2.1",35.6794788837433,FALSE,FALSE
"MR-GGI","truth",1094,670,"medium","M3",62.1595649719238,FALSE,FALSE
"MR-GGI","truth",1095,670,"medium","M4",43.1656019687653,FALSE,FALSE
"MR-GGI","truth",1096,1000,"medium","M0.1",44.218435049057,FALSE,FALSE
"MR-GGI","truth",1097,1000,"medium","M1.1",20.224720954895,FALSE,FALSE
"MR-GGI","truth",1098,1000,"medium","M2.1",4.58744597434998,FALSE,FALSE
"MR-GGI","truth",1099,1000,"medium","M3",1.15108704566956,FALSE,FALSE
"MR-GGI","truth",1100,1000,"medium","M4",0.894667863845825,FALSE,FALSE
"MR-GGI","truth",1101,50,"large","M0.1",5.42681813240051,FALSE,FALSE
"MR-GGI","truth",1102,50,"large","M1.1",9.03477215766907,FALSE,FALSE
"MR-GGI","truth",1103,50,"large","M2.1",0.0873489379882812,FALSE,FALSE
"MR-GGI","truth",1104,50,"large","M3",4.31826591491699,FALSE,FALSE
"MR-GGI","truth",1105,50,"large","M4",3.87947511672974,FALSE,FALSE
"MR-GGI","truth",1106,150,"large","M0.1",2.57809710502625,FALSE,FALSE
"MR-GGI","truth",1107,150,"large","M1.1",15.571161031723,FALSE,FALSE
"MR-GGI","truth",1108,150,"large","M2.1",7.12201595306396,FALSE,FALSE
"MR-GGI","truth",1109,150,"large","M3",3.53391408920288,FALSE,FALSE
"MR-GGI","truth",1110,150,"large","M4",4.43518805503845,FALSE,FALSE
"MR-GGI","truth",1111,300,"large","M0.1",2.88579106330872,FALSE,FALSE
"MR-GGI","truth",1112,300,"large","M1.1",42.0841150283813,FALSE,FALSE
"MR-GGI","truth",1113,300,"large","M2.1",26.8841950893402,FALSE,FALSE
"MR-GGI","truth",1114,300,"large","M3",20.5698699951172,FALSE,FALSE
"MR-GGI","truth",1115,300,"large","M4",13.0154399871826,FALSE,FALSE
"MR-GGI","truth",1116,670,"large","M0.1",8.19954919815063,FALSE,FALSE
"MR-GGI","truth",1117,670,"large","M1.1",57.3889949321747,FALSE,FALSE
"MR-GGI","truth",1118,670,"large","M2.1",19.2971920967102,FALSE,FALSE
"MR-GGI","truth",1119,670,"large","M3",8.99513411521912,FALSE,FALSE
"MR-GGI","truth",1120,670,"large","M4",45.4475309848785,FALSE,FALSE
"MR-GGI","truth",1121,1000,"large","M0.1",2.76462507247925,FALSE,FALSE
"MR-GGI","truth",1122,1000,"large","M1.1",4.67819213867188,FALSE,FALSE
"MR-GGI","truth",1123,1000,"large","M2.1",1.17524099349976,FALSE,FALSE
"MR-GGI","truth",1124,1000,"large","M3",44.1338820457458,FALSE,FALSE
"MR-GGI","truth",1125,1000,"large","M4",48.6296210289001,FALSE,FALSE
"MR-GGI","truth",1126,50,"small","M0.1",8.40203714370728,FALSE,FALSE
"MR-GGI","truth",1127,50,"small","M1.1",3.95166897773743,FALSE,FALSE
"MR-GGI","truth",1128,50,"small","M2.1",1.66586804389954,FALSE,FALSE
"MR-GGI","truth",1129,50,"small","M3",3.93818497657776,FALSE,FALSE
"MR-GGI","truth",1130,50,"small","M4",1.85719394683838,FALSE,FALSE
"MR-GGI","truth",1131,150,"small","M0.1",9.93958115577698,FALSE,FALSE
"MR-GGI","truth",1132,150,"small","M1.1",1.2001531124115,FALSE,FALSE
"MR-GGI","truth",1133,150,"small","M2.1",10.4681761264801,FALSE,FALSE
"MR-GGI","truth",1134,150,"small","M3",0.286429882049561,FALSE,FALSE
"MR-GGI","truth",1135,150,"small","M4",14.9449977874756,FALSE,FALSE
"MR-GGI","truth",1136,300,"small","M0.1",37.1715409755707,FALSE,FALSE
"MR-GGI","truth",1137,300,"small","M1.1",18.8966138362885,FALSE,FALSE
"MR-GGI","truth",1138,300,"small","M2.1",42.7186450958252,FALSE,FALSE
"MR-GGI","truth",1139,300,"small","M3",26.1522481441498,FALSE,FALSE
"MR-GGI","truth",1140,300,"small","M4",0.251142978668213,FALSE,FALSE
"MR-GGI","truth",1141,670,"small","M0.1",1.33157682418823,FALSE,FALSE
"MR-GGI","truth",1142,670,"small","M1.1",10.8857250213623,FALSE,FALSE
"MR-GGI","truth",1143,670,"small","M2.1",13.3148891925812,FALSE,FALSE
"MR-GGI","truth",1144,670,"small","M3",3.06855010986328,FALSE,FALSE
"MR-GGI","truth",1145,670,"small","M4",9.52642202377319,FALSE,FALSE
"MR-GGI","truth",1146,1000,"small","M0.1",33.400817155838,FALSE,FALSE
"MR-GGI","truth",1147,1000,"small","M1.1",21.1089780330658,FALSE,FALSE
"MR-GGI","truth",1148,1000,"small","M2.1",9.40217113494873,FALSE,FALSE
"MR-GGI","truth",1149,1000,"small","M3",20.8150339126587,FALSE,FALSE
"MR-GGI","truth",1150,1000,"small","M4",0.812657117843628,FALSE,FALSE
"MR-GGI","truth",1151,50,"medium","M0.1",5.20939683914185,FALSE,FALSE
"MR-GGI","truth",1152,50,"medium","M1.1",12.7233629226685,FALSE,FALSE
"MR-GGI","truth",1153,50,"medium","M2.1",9.27761888504028,FALSE,FALSE
"MR-GGI","truth",1154,50,"medium","M3",2.03481292724609,FALSE,FALSE
"MR-GGI","truth",1155,50,"medium","M4",4.37776494026184,FALSE,FALSE
"MR-GGI","truth",1156,150,"medium","M0.1",0.0363709926605225,FALSE,FALSE
"MR-GGI","truth",1157,150,"medium","M1.1",4.92457294464111,FALSE,FALSE
"MR-GGI","truth",1158,150,"medium","M2.1",2.76013112068176,FALSE,FALSE
"MR-GGI","truth",1159,150,"medium","M3",2.16690015792847,FALSE,FALSE
"MR-GGI","truth",1160,150,"medium","M4",17.13547706604,FALSE,FALSE
"MR-GGI","truth",1161,300,"medium","M0.1",29.8153760433197,FALSE,FALSE
"MR-GGI","truth",1162,300,"medium","M1.1",12.4056088924408,FALSE,FALSE
"MR-GGI","truth",1163,300,"medium","M2.1",2.59827899932861,FALSE,FALSE
"MR-GGI","truth",1164,300,"medium","M3",15.384162902832,FALSE,FALSE
"MR-GGI","truth",1165,300,"medium","M4",44.7502479553223,FALSE,FALSE
"MR-GGI","truth",1166,670,"medium","M0.1",1.79921889305115,FALSE,FALSE
"MR-GGI","truth",1167,670,"medium","M1.1",13.7336981296539,FALSE,FALSE
"MR-GGI","truth",1168,670,"medium","M2.1",0.996422052383423,FALSE,FALSE
"MR-GGI","truth",1169,670,"medium","M3",23.496474981308,FALSE,FALSE
"MR-GGI","truth",1170,670,"medium","M4",17.6176469326019,FALSE,FALSE
"MR-GGI","truth",1171,1000,"medium","M0.1",0.642194986343384,FALSE,FALSE
"MR-GGI","truth",1172,1000,"medium","M1.1",229.529897212982,FALSE,FALSE
"MR-GGI","truth",1173,1000,"medium","M2.1",32.5476410388947,FALSE,FALSE
"MR-GGI","truth",1174,1000,"medium","M3",7.00262904167175,FALSE,FALSE
"MR-GGI","truth",1175,1000,"medium","M4",14.4435639381409,FALSE,FALSE
"MR-GGI","truth",1176,50,"large","M0.1",3.37565112113953,FALSE,FALSE
"MR-GGI","truth",1177,50,"large","M1.1",2.34018397331238,FALSE,FALSE
"MR-GGI","truth",1178,50,"large","M2.1",0.842916011810303,FALSE,FALSE
"MR-GGI","truth",1179,50,"large","M3",1.28028011322021,FALSE,FALSE
"MR-GGI","truth",1180,50,"large","M4",0.137056827545166,FALSE,FALSE
"MR-GGI","truth",1181,150,"large","M0.1",1.30539703369141,FALSE,FALSE
"MR-GGI","truth",1182,150,"large","M1.1",0.308382034301758,FALSE,FALSE
"MR-GGI","truth",1183,150,"large","M2.1",14.5162510871887,FALSE,FALSE
"MR-GGI","truth",1184,150,"large","M3",0.263344049453735,FALSE,FALSE
"MR-GGI","truth",1185,150,"large","M4",0.928189992904663,FALSE,FALSE
"MR-GGI","truth",1186,300,"large","M0.1",10.8112890720367,FALSE,FALSE
"MR-GGI","truth",1187,300,"large","M1.1",15.8033399581909,FALSE,FALSE
"MR-GGI","truth",1188,300,"large","M2.1",15.0926938056946,FALSE,FALSE
"MR-GGI","truth",1189,300,"large","M3",2.3018319606781,FALSE,FALSE
"MR-GGI","truth",1190,300,"large","M4",29.0522358417511,FALSE,FALSE
"MR-GGI","truth",1191,670,"large","M0.1",23.2015898227692,FALSE,FALSE
"MR-GGI","truth",1192,670,"large","M1.1",16.440633058548,FALSE,FALSE
"MR-GGI","truth",1193,670,"large","M2.1",0.532828807830811,FALSE,FALSE
"MR-GGI","truth",1194,670,"large","M3",10.732547044754,FALSE,FALSE
"MR-GGI","truth",1195,670,"large","M4",3.97738909721375,FALSE,FALSE
"MR-GGI","truth",1196,1000,"large","M0.1",7.87915301322937,FALSE,FALSE
"MR-GGI","truth",1197,1000,"large","M1.1",7.51909399032593,FALSE,FALSE
"MR-GGI","truth",1198,1000,"large","M2.1",18.0928208827972,FALSE,FALSE
"MR-GGI","truth",1199,1000,"large","M3",8.70971298217773,FALSE,FALSE
"MR-GGI","truth",1200,1000,"large","M4",10.9784600734711,FALSE,FALSE
"MR-GGI","truth",1201,50,"small","M0.1",14.9901230335236,FALSE,FALSE
"MR-GGI","truth",1202,50,"small","M1.1",14.9066660404205,FALSE,FALSE
"MR-GGI","truth",1203,50,"small","M2.1",5.53663206100464,FALSE,FALSE
"MR-GGI","truth",1204,50,"small","M3",2.90941786766052,FALSE,FALSE
"MR-GGI","truth",1205,50,"small","M4",2.11941313743591,FALSE,FALSE
"MR-GGI","truth",1206,150,"small","M0.1",13.3399930000305,FALSE,FALSE
"MR-GGI","truth",1207,150,"small","M1.1",15.7681801319122,FALSE,FALSE
"MR-GGI","truth",1208,150,"small","M2.1",0.208321809768677,FALSE,FALSE
"MR-GGI","truth",1209,150,"small","M3",0.0393240451812744,FALSE,FALSE
"MR-GGI","truth",1210,150,"small","M4",5.6999249458313,FALSE,FALSE
"MR-GGI","truth",1211,300,"small","M0.1",3.67207193374634,FALSE,FALSE
"MR-GGI","truth",1212,300,"small","M1.1",0.24239706993103,FALSE,FALSE
"MR-GGI","truth",1213,300,"small","M2.1",13.1113150119781,FALSE,FALSE
"MR-GGI","truth",1214,300,"small","M3",33.3730819225311,FALSE,FALSE
"MR-GGI","truth",1215,300,"small","M4",10.8366599082947,FALSE,FALSE
"MR-GGI","truth",1216,670,"small","M0.1",15.7908599376678,FALSE,FALSE
"MR-GGI","truth",1217,670,"small","M1.1",7.58826208114624,FALSE,FALSE
"MR-GGI","truth",1218,670,"small","M2.1",2.00138902664185,FALSE,FALSE
"MR-GGI","truth",1219,670,"small","M3",17.5705559253693,FALSE,FALSE
"MR-GGI","truth",1220,670,"small","M4",2.00182199478149,FALSE,FALSE
"MR-GGI","truth",1221,1000,"small","M0.1",2.30005502700806,FALSE,FALSE
"MR-GGI","truth",1222,1000,"small","M1.1",3.90918707847595,FALSE,FALSE
"MR-GGI","truth",1223,1000,"small","M2.1",2.89194297790527,FALSE,FALSE
"MR-GGI","truth",1224,1000,"small","M3",5.64966702461243,FALSE,FALSE
"MR-GGI","truth",1225,1000,"small","M4",6.36857604980469,FALSE,FALSE
"MR-GGI","truth",1226,50,"medium","M0.1",11.4177219867706,FALSE,FALSE
"MR-GGI","truth",1227,50,"medium","M1.1",6.74180603027344,FALSE,FALSE
"MR-GGI","truth",1228,50,"medium","M2.1",9.14391398429871,FALSE,FALSE
"MR-GGI","truth",1229,50,"medium","M3",13.2259161472321,FALSE,FALSE
"MR-GGI","truth",1230,50,"medium","M4",10.4778251647949,FALSE,FALSE
"MR-GGI","truth",1231,150,"medium","M0.1",11.9284009933472,FALSE,FALSE
"MR-GGI","truth",1232,150,"medium","M1.1",4.99810910224915,FALSE,FALSE
"MR-GGI","truth",1233,150,"medium","M2.1",1.18212389945984,FALSE,FALSE
"MR-GGI","truth",1234,150,"medium","M3",4.81059002876282,FALSE,FALSE
"MR-GGI","truth",1235,150,"medium","M4",17.5938282012939,FALSE,FALSE
"MR-GGI","truth",1236,300,"medium","M0.1",40.6486279964447,FALSE,FALSE
"MR-GGI","truth",1237,300,"medium","M1.1",56.5361390113831,FALSE,FALSE
"MR-GGI","truth",1238,300,"medium","M2.1",49.089546918869,FALSE,FALSE
"MR-GGI","truth",1239,300,"medium","M3",40.2664058208466,FALSE,FALSE
"MR-GGI","truth",1240,300,"medium","M4",0.404087066650391,FALSE,FALSE
"MR-GGI","truth",1241,670,"medium","M0.1",4.16363406181335,FALSE,FALSE
"MR-GGI","truth",1242,670,"medium","M1.1",3.71787309646606,FALSE,FALSE
"MR-GGI","truth",1243,670,"medium","M2.1",14.9301941394806,FALSE,FALSE
"MR-GGI","truth",1244,670,"medium","M3",24.1572308540344,FALSE,FALSE
"MR-GGI","truth",1245,670,"medium","M4",3.65935587882996,FALSE,FALSE
"MR-GGI","truth",1246,1000,"medium","M0.1",0.0863621234893799,FALSE,FALSE
"MR-GGI","truth",1247,1000,"medium","M1.1",3.56134700775146,FALSE,FALSE
"MR-GGI","truth",1248,1000,"medium","M2.1",6.64730000495911,FALSE,FALSE
"MR-GGI","truth",1249,1000,"medium","M3",5.0314998626709,FALSE,FALSE
"MR-GGI","truth",1250,1000,"medium","M4",38.1979310512543,FALSE,FALSE
"MR-GGI","truth",1251,50,"large","M0.1",0.224967956542969,FALSE,FALSE
"MR-GGI","truth",1252,50,"large","M1.1",0.0504579544067383,FALSE,FALSE
"MR-GGI","truth",1253,50,"large","M2.1",2.37105107307434,FALSE,FALSE
"MR-GGI","truth",1254,50,"large","M3",3.6185839176178,FALSE,FALSE
"MR-GGI","truth",1255,50,"large","M4",11.7443470954895,FALSE,FALSE
"MR-GGI","truth",1256,150,"large","M0.1",17.571044921875,FALSE,FALSE
"MR-GGI","truth",1257,150,"large","M1.1",15.653046131134,FALSE,FALSE
"MR-GGI","truth",1258,150,"large","M2.1",17.2156140804291,FALSE,FALSE
"MR-GGI","truth",1259,150,"large","M3",17.3595697879791,FALSE,FALSE
"MR-GGI","truth",1260,150,"large","M4",0.203181028366089,FALSE,FALSE
"MR-GGI","truth",1261,300,"large","M0.1",47.9917190074921,FALSE,FALSE
"MR-GGI","truth",1262,300,"large","M1.1",32.8477580547333,FALSE,FALSE
"MR-GGI","truth",1263,300,"large","M2.1",51.2416570186615,FALSE,FALSE
"MR-GGI","truth",1264,300,"large","M3",35.1866850852966,FALSE,FALSE
"MR-GGI","truth",1265,300,"large","M4",7.60184192657471,FALSE,FALSE
"MR-GGI","truth",1266,670,"large","M0.1",13.1927127838135,FALSE,FALSE
"MR-GGI","truth",1267,670,"large","M1.1",0.365447044372559,FALSE,FALSE
"MR-GGI","truth",1268,670,"large","M2.1",7.74978280067444,FALSE,FALSE
"MR-GGI","truth",1269,670,"large","M3",3.44873905181885,FALSE,FALSE
"MR-GGI","truth",1270,670,"large","M4",10.9816179275513,FALSE,FALSE
"MR-GGI","truth",1271,1000,"large","M0.1",4.54849219322205,FALSE,FALSE
"MR-GGI","truth",1272,1000,"large","M1.1",0.251204013824463,FALSE,FALSE
"MR-GGI","truth",1273,1000,"large","M2.1",26.3997738361359,FALSE,FALSE
"MR-GGI","truth",1274,1000,"large","M3",28.7680759429932,FALSE,FALSE
"MR-GGI","truth",1275,1000,"large","M4",37.3728249073029,FALSE,FALSE
"MR-GGI","truth",1276,50,"small","M0.1",10.8898279666901,FALSE,FALSE
"MR-GGI","truth",1277,50,"small","M1.1",2.79917502403259,FALSE,FALSE
"MR-GGI","truth",1278,50,"small","M2.1",4.97139191627502,FALSE,FALSE
"MR-GGI","truth",1279,50,"small","M3",14.390958070755,FALSE,FALSE
"MR-GGI","truth",1280,50,"small","M4",13.7691011428833,FALSE,FALSE
"MR-GGI","truth",1281,150,"small","M0.1",3.91757297515869,FALSE,FALSE
"MR-GGI","truth",1282,150,"small","M1.1",6.38463497161865,FALSE,FALSE
"MR-GGI","truth",1283,150,"small","M2.1",15.9505920410156,FALSE,FALSE
"MR-GGI","truth",1284,150,"small","M3",4.88285899162292,FALSE,FALSE
"MR-GGI","truth",1285,150,"small","M4",5.80488610267639,FALSE,FALSE
"MR-GGI","truth",1286,300,"small","M0.1",23.3883512020111,FALSE,FALSE
"MR-GGI","truth",1287,300,"small","M1.1",14.0060658454895,FALSE,FALSE
"MR-GGI","truth",1288,300,"small","M2.1",4.0692400932312,FALSE,FALSE
"MR-GGI","truth",1289,300,"small","M3",0.238468885421753,FALSE,FALSE
"MR-GGI","truth",1290,300,"small","M4",49.6399259567261,FALSE,FALSE
"MR-GGI","truth",1291,670,"small","M0.1",0.939738988876343,FALSE,FALSE
"MR-GGI","truth",1292,670,"small","M1.1",6.62855100631714,FALSE,FALSE
"MR-GGI","truth",1293,670,"small","M2.1",2.33311796188354,FALSE,FALSE
"MR-GGI","truth",1294,670,"small","M3",4.23943305015564,FALSE,FALSE
"MR-GGI","truth",1295,670,"small","M4",6.21391606330872,FALSE,FALSE
"MR-GGI","truth",1296,1000,"small","M0.1",8.38476920127869,FALSE,FALSE
"MR-GGI","truth",1297,1000,"small","M1.1",0.826872825622559,FALSE,FALSE
"MR-GGI","truth",1298,1000,"small","M2.1",31.9776408672333,FALSE,FALSE
"MR-GGI","truth",1299,1000,"small","M3",15.2716331481934,FALSE,FALSE
"MR-GGI","truth",1300,1000,"small","M4",21.8016750812531,FALSE,FALSE
"MR-GGI","truth",1301,50,"medium","M0.1",0.378450870513916,FALSE,FALSE
"MR-GGI","truth",1302,50,"medium","M1.1",12.7961790561676,FALSE,FALSE
"MR-GGI","truth",1303,50,"medium","M2.1",0.858835935592651,FALSE,FALSE
"MR-GGI","truth",1304,50,"medium","M3",5.67597889900208,FALSE,FALSE
"MR-GGI","truth",1305,50,"medium","M4",1.65494418144226,FALSE,FALSE
"MR-GGI","truth",1306,150,"medium","M0.1",3.55330491065979,FALSE,FALSE
"MR-GGI","truth",1307,150,"medium","M1.1",1.2030189037323,FALSE,FALSE
"MR-GGI","truth",1308,150,"medium","M2.1",12.441043138504,FALSE,FALSE
"MR-GGI","truth",1309,150,"medium","M3",0.851940870285034,FALSE,FALSE
"MR-GGI","truth",1310,150,"medium","M4",17.5265529155731,FALSE,FALSE
"MR-GGI","truth",1311,300,"medium","M0.1",19.664500951767,FALSE,FALSE
"MR-GGI","truth",1312,300,"medium","M1.1",73.6317620277405,FALSE,FALSE
"MR-GGI","truth",1313,300,"medium","M2.1",11.4912838935852,FALSE,FALSE
"MR-GGI","truth",1314,300,"medium","M3",1.35689902305603,FALSE,FALSE
"MR-GGI","truth",1315,300,"medium","M4",15.6489930152893,FALSE,FALSE
"MR-GGI","truth",1316,670,"medium","M0.1",2.84087610244751,FALSE,FALSE
"MR-GGI","truth",1317,670,"medium","M1.1",8.82122302055359,FALSE,FALSE
"MR-GGI","truth",1318,670,"medium","M2.1",12.5448760986328,FALSE,FALSE
"MR-GGI","truth",1319,670,"medium","M3",9.7801308631897,FALSE,FALSE
"MR-GGI","truth",1320,670,"medium","M4",0.991095066070557,FALSE,FALSE
"MR-GGI","truth",1321,1000,"medium","M0.1",2.18808817863464,FALSE,FALSE
"MR-GGI","truth",1322,1000,"medium","M1.1",0.238168001174927,FALSE,FALSE
"MR-GGI","truth",1323,1000,"medium","M2.1",23.306077003479,FALSE,FALSE
"MR-GGI","truth",1324,1000,"medium","M3",1.18941688537598,FALSE,FALSE
"MR-GGI","truth",1325,1000,"medium","M4",1.91238379478455,FALSE,FALSE
"MR-GGI","truth",1326,50,"large","M0.1",5.63781094551086,FALSE,FALSE
"MR-GGI","truth",1327,50,"large","M1.1",12.7585439682007,FALSE,FALSE
"MR-GGI","truth",1328,50,"large","M2.1",2.77748894691467,FALSE,FALSE
"MR-GGI","truth",1329,50,"large","M3",0.129059791564941,FALSE,FALSE
"MR-GGI","truth",1330,50,"large","M4",0.733879089355469,FALSE,FALSE
"MR-GGI","truth",1331,150,"large","M0.1",1.87861514091492,FALSE,FALSE
"MR-GGI","truth",1332,150,"large","M1.1",1.87298011779785,FALSE,FALSE
"MR-GGI","truth",1333,150,"large","M2.1",0.967092990875244,FALSE,FALSE
"MR-GGI","truth",1334,150,"large","M3",17.9575850963593,FALSE,FALSE
"MR-GGI","truth",1335,150,"large","M4",6.23053288459778,FALSE,FALSE
"MR-GGI","truth",1336,300,"large","M0.1",0.162795066833496,FALSE,FALSE
"MR-GGI","truth",1337,300,"large","M1.1",44.956356048584,FALSE,FALSE
"MR-GGI","truth",1338,300,"large","M2.1",13.316810131073,FALSE,FALSE
"MR-GGI","truth",1339,300,"large","M3",38.5900371074677,FALSE,FALSE
"MR-GGI","truth",1340,300,"large","M4",22.320827960968,FALSE,FALSE
"MR-GGI","truth",1341,670,"large","M0.1",1.03206396102905,FALSE,FALSE
"MR-GGI","truth",1342,670,"large","M1.1",6.65807509422302,FALSE,FALSE
"MR-GGI","truth",1343,670,"large","M2.1",23.6851570606232,FALSE,FALSE
"MR-GGI","truth",1344,670,"large","M3",2.4087541103363,FALSE,FALSE
"MR-GGI","truth",1345,670,"large","M4",2.69343209266663,FALSE,FALSE
"MR-GGI","truth",1346,1000,"large","M0.1",8.78873801231384,FALSE,FALSE
"MR-GGI","truth",1347,1000,"large","M1.1",1.5200719833374,FALSE,FALSE
"MR-GGI","truth",1348,1000,"large","M2.1",17.5223269462585,FALSE,FALSE
"MR-GGI","truth",1349,1000,"large","M3",0.524640083312988,FALSE,FALSE
"MR-GGI","truth",1350,1000,"large","M4",10.3427450656891,FALSE,FALSE
"MR-GGI","truth",1351,50,"small","M0.1",5.29776692390442,FALSE,FALSE
"MR-GGI","truth",1352,50,"small","M1.1",8.6337149143219,FALSE,FALSE
"MR-GGI","truth",1353,50,"small","M2.1",3.89319014549255,FALSE,FALSE
"MR-GGI","truth",1354,50,"small","M3",4.30963611602783,FALSE,FALSE
"MR-GGI","truth",1355,50,"small","M4",13.3922607898712,FALSE,FALSE
"MR-GGI","truth",1356,150,"small","M0.1",6.29503917694092,FALSE,FALSE
"MR-GGI","truth",1357,150,"small","M1.1",3.52107286453247,FALSE,FALSE
"MR-GGI","truth",1358,150,"small","M2.1",4.08329486846924,FALSE,FALSE
"MR-GGI","truth",1359,150,"small","M3",5.46640610694885,FALSE,FALSE
"MR-GGI","truth",1360,150,"small","M4",8.33230400085449,FALSE,FALSE
"MR-GGI","truth",1361,300,"small","M0.1",5.6681809425354,FALSE,FALSE
"MR-GGI","truth",1362,300,"small","M1.1",16.037171125412,FALSE,FALSE
"MR-GGI","truth",1363,300,"small","M2.1",9.32635402679443,FALSE,FALSE
"MR-GGI","truth",1364,300,"small","M3",2.83180809020996,FALSE,FALSE
"MR-GGI","truth",1365,300,"small","M4",52.5762271881104,FALSE,FALSE
"MR-GGI","truth",1366,670,"small","M0.1",20.8661251068115,FALSE,FALSE
"MR-GGI","truth",1367,670,"small","M1.1",3.10006284713745,FALSE,FALSE
"MR-GGI","truth",1368,670,"small","M2.1",13.9244439601898,FALSE,FALSE
"MR-GGI","truth",1369,670,"small","M3",4.51994609832764,FALSE,FALSE
"MR-GGI","truth",1370,670,"small","M4",21.0317997932434,FALSE,FALSE
"MR-GGI","truth",1371,1000,"small","M0.1",14.7244992256165,FALSE,FALSE
"MR-GGI","truth",1372,1000,"small","M1.1",2.46502804756165,FALSE,FALSE
"MR-GGI","truth",1373,1000,"small","M2.1",16.0920610427856,FALSE,FALSE
"MR-GGI","truth",1374,1000,"small","M3",34.4358780384064,FALSE,FALSE
"MR-GGI","truth",1375,1000,"small","M4",5.38718199729919,FALSE,FALSE
"MR-GGI","truth",1376,50,"medium","M0.1",5.14839911460876,FALSE,FALSE
"MR-GGI","truth",1377,50,"medium","M1.1",0.789572954177856,FALSE,FALSE
"MR-GGI","truth",1378,50,"medium","M2.1",7.03148198127747,FALSE,FALSE
"MR-GGI","truth",1379,50,"medium","M3",4.9344310760498,FALSE,FALSE
"MR-GGI","truth",1380,50,"medium","M4",13.3936679363251,FALSE,FALSE
"MR-GGI","truth",1381,150,"medium","M0.1",14.7682371139526,FALSE,FALSE
"MR-GGI","truth",1382,150,"medium","M1.1",13.1031811237335,FALSE,FALSE
"MR-GGI","truth",1383,150,"medium","M2.1",0.244764089584351,FALSE,FALSE
"MR-GGI","truth",1384,150,"medium","M3",5.58286213874817,FALSE,FALSE
"MR-GGI","truth",1385,150,"medium","M4",4.19996500015259,FALSE,FALSE
"MR-GGI","truth",1386,300,"medium","M0.1",1.30017590522766,FALSE,FALSE
"MR-GGI","truth",1387,300,"medium","M1.1",0.323602914810181,FALSE,FALSE
"MR-GGI","truth",1388,300,"medium","M2.1",59.8083519935608,FALSE,FALSE
"MR-GGI","truth",1389,300,"medium","M3",44.3894979953766,FALSE,FALSE
"MR-GGI","truth",1390,300,"medium","M4",56.6613140106201,FALSE,FALSE
"MR-GGI","truth",1391,670,"medium","M0.1",3.07385492324829,FALSE,FALSE
"MR-GGI","truth",1392,670,"medium","M1.1",9.03714489936829,FALSE,FALSE
"MR-GGI","truth",1393,670,"medium","M2.1",4.22205901145935,FALSE,FALSE
"MR-GGI","truth",1394,670,"medium","M3",0.271339178085327,FALSE,FALSE
"MR-GGI","truth",1395,670,"medium","M4",17.6949830055237,FALSE,FALSE
"MR-GGI","truth",1396,1000,"medium","M0.1",18.2341749668121,FALSE,FALSE
"MR-GGI","truth",1397,1000,"medium","M1.1",34.8267550468445,FALSE,FALSE
"MR-GGI","truth",1398,1000,"medium","M2.1",16.1121299266815,FALSE,FALSE
"MR-GGI","truth",1399,1000,"medium","M3",0.28590202331543,FALSE,FALSE
"MR-GGI","truth",1400,1000,"medium","M4",22.6794309616089,FALSE,FALSE
"MR-GGI","truth",1401,50,"large","M0.1",4.57966685295105,FALSE,FALSE
"MR-GGI","truth",1402,50,"large","M1.1",0.203252077102661,FALSE,FALSE
"MR-GGI","truth",1403,50,"large","M2.1",1.38748288154602,FALSE,FALSE
"MR-GGI","truth",1404,50,"large","M3",0.0302269458770752,FALSE,FALSE
"MR-GGI","truth",1405,50,"large","M4",3.04642200469971,FALSE,FALSE
"MR-GGI","truth",1406,150,"large","M0.1",21.686203956604,FALSE,FALSE
"MR-GGI","truth",1407,150,"large","M1.1",0.781754016876221,FALSE,FALSE
"MR-GGI","truth",1408,150,"large","M2.1",12.3694458007812,FALSE,FALSE
"MR-GGI","truth",1409,150,"large","M3",11.4814269542694,FALSE,FALSE
"MR-GGI","truth",1410,150,"large","M4",3.75948882102966,FALSE,FALSE
"MR-GGI","truth",1411,300,"large","M0.1",77.8501529693604,FALSE,FALSE
"MR-GGI","truth",1412,300,"large","M1.1",9.86639404296875,FALSE,FALSE
"MR-GGI","truth",1413,300,"large","M2.1",29.5713288784027,FALSE,FALSE
"MR-GGI","truth",1414,300,"large","M3",0.362651109695435,FALSE,FALSE
"MR-GGI","truth",1415,300,"large","M4",2.94857716560364,FALSE,FALSE
"MR-GGI","truth",1416,670,"large","M0.1",15.1508800983429,FALSE,FALSE
"MR-GGI","truth",1417,670,"large","M1.1",3.17963814735413,FALSE,FALSE
"MR-GGI","truth",1418,670,"large","M2.1",20.0368189811707,FALSE,FALSE
"MR-GGI","truth",1419,670,"large","M3",2.16789793968201,FALSE,FALSE
"MR-GGI","truth",1420,670,"large","M4",3.34094595909119,FALSE,FALSE
"MR-GGI","truth",1421,1000,"large","M0.1",15.1565780639648,FALSE,FALSE
"MR-GGI","truth",1422,1000,"large","M1.1",4.83248496055603,FALSE,FALSE
"MR-GGI","truth",1423,1000,"large","M2.1",7.94321298599243,FALSE,FALSE
"MR-GGI","truth",1424,1000,"large","M3",12.9802660942078,FALSE,FALSE
"MR-GGI","truth",1425,1000,"large","M4",38.1036510467529,FALSE,FALSE
"MR-GGI","truth",1426,50,"small","M0.1",5.36296582221985,FALSE,FALSE
"MR-GGI","truth",1427,50,"small","M1.1",5.44011306762695,FALSE,FALSE
"MR-GGI","truth",1428,50,"small","M2.1",0.703739881515503,FALSE,FALSE
"MR-GGI","truth",1429,50,"small","M3",3.05178999900818,FALSE,FALSE
"MR-GGI","truth",1430,50,"small","M4",5.26982307434082,FALSE,FALSE
"MR-GGI","truth",1431,150,"small","M0.1",16.7226438522339,FALSE,FALSE
"MR-GGI","truth",1432,150,"small","M1.1",3.82648682594299,FALSE,FALSE
"MR-GGI","truth",1433,150,"small","M2.1",18.9527039527893,FALSE,FALSE
"MR-GGI","truth",1434,150,"small","M3",3.31923890113831,FALSE,FALSE
"MR-GGI","truth",1435,150,"small","M4",17.7017929553986,FALSE,FALSE
"MR-GGI","truth",1436,300,"small","M0.1",6.06486511230469,FALSE,FALSE
"MR-GGI","truth",1437,300,"small","M1.1",4.71249794960022,FALSE,FALSE
"MR-GGI","truth",1438,300,"small","M2.1",67.2415809631348,FALSE,FALSE
"MR-GGI","truth",1439,300,"small","M3",53.6201188564301,FALSE,FALSE
"MR-GGI","truth",1440,300,"small","M4",6.1852400302887,FALSE,FALSE
"MR-GGI","truth",1441,670,"small","M0.1",24.3847980499268,FALSE,FALSE
"MR-GGI","truth",1442,670,"small","M1.1",2.82773995399475,FALSE,FALSE
"MR-GGI","truth",1443,670,"small","M2.1",2.50072383880615,FALSE,FALSE
"MR-GGI","truth",1444,670,"small","M3",26.5009748935699,FALSE,FALSE
"MR-GGI","truth",1445,670,"small","M4",16.3933651447296,FALSE,FALSE
"MR-GGI","truth",1446,1000,"small","M0.1",13.9856719970703,FALSE,FALSE
"MR-GGI","truth",1447,1000,"small","M1.1",10.0395600795746,FALSE,FALSE
"MR-GGI","truth",1448,1000,"small","M2.1",19.8263640403748,FALSE,FALSE
"MR-GGI","truth",1449,1000,"small","M3",13.1711571216583,FALSE,FALSE
"MR-GGI","truth",1450,1000,"small","M4",26.132493019104,FALSE,FALSE
"MR-GGI","truth",1451,50,"medium","M0.1",9.11209487915039,FALSE,FALSE
"MR-GGI","truth",1452,50,"medium","M1.1",12.9077639579773,FALSE,FALSE
"MR-GGI","truth",1453,50,"medium","M2.1",7.78377795219421,FALSE,FALSE
"MR-GGI","truth",1454,50,"medium","M3",3.46697616577148,FALSE,FALSE
"MR-GGI","truth",1455,50,"medium","M4",13.0253551006317,FALSE,FALSE
"MR-GGI","truth",1456,150,"medium","M0.1",8.63841199874878,FALSE,FALSE
"MR-GGI","truth",1457,150,"medium","M1.1",7.98893523216248,FALSE,FALSE
"MR-GGI","truth",1458,150,"medium","M2.1",17.8924579620361,FALSE,FALSE
"MR-GGI","truth",1459,150,"medium","M3",6.52997398376465,FALSE,FALSE
"MR-GGI","truth",1460,150,"medium","M4",1.58510398864746,FALSE,FALSE
"MR-GGI","truth",1461,300,"medium","M0.1",32.9954559803009,FALSE,FALSE
"MR-GGI","truth",1462,300,"medium","M1.1",15.0389349460602,FALSE,FALSE
"MR-GGI","truth",1463,300,"medium","M2.1",57.5482308864594,FALSE,FALSE
"MR-GGI","truth",1464,300,"medium","M3",0.08296799659729,FALSE,FALSE
"MR-GGI","truth",1465,300,"medium","M4",2.73041415214539,FALSE,FALSE
"MR-GGI","truth",1466,670,"medium","M0.1",1.07671904563904,FALSE,FALSE
"MR-GGI","truth",1467,670,"medium","M1.1",26.0898308753967,FALSE,FALSE
"MR-GGI","truth",1468,670,"medium","M2.1",2.48664999008179,FALSE,FALSE
"MR-GGI","truth",1469,670,"medium","M3",1.19698905944824,FALSE,FALSE
"MR-GGI","truth",1470,670,"medium","M4",19.9160330295563,FALSE,FALSE
"MR-GGI","truth",1471,1000,"medium","M0.1",2.89578199386597,FALSE,FALSE
"MR-GGI","truth",1472,1000,"medium","M1.1",31.7124199867249,FALSE,FALSE
"MR-GGI","truth",1473,1000,"medium","M2.1",6.71385502815247,FALSE,FALSE
"MR-GGI","truth",1474,1000,"medium","M3",10.9801061153412,FALSE,FALSE
"MR-GGI","truth",1475,1000,"medium","M4",3.29671287536621,FALSE,FALSE
"MR-GGI","truth",1476,50,"large","M0.1",1.45319294929504,FALSE,FALSE
"MR-GGI","truth",1477,50,"large","M1.1",0.424800872802734,FALSE,FALSE
"MR-GGI","truth",1478,50,"large","M2.1",0.784151077270508,FALSE,FALSE
"MR-GGI","truth",1479,50,"large","M3",5.70061683654785,FALSE,FALSE
"MR-GGI","truth",1480,50,"large","M4",0.0328800678253174,FALSE,FALSE
"MR-GGI","truth",1481,150,"large","M0.1",0.817235946655273,FALSE,FALSE
"MR-GGI","truth",1482,150,"large","M1.1",11.0493171215057,FALSE,FALSE
"MR-GGI","truth",1483,150,"large","M2.1",12.8410139083862,FALSE,FALSE
"MR-GGI","truth",1484,150,"large","M3",3.00678205490112,FALSE,FALSE
"MR-GGI","truth",1485,150,"large","M4",9.01086401939392,FALSE,FALSE
"MR-GGI","truth",1486,300,"large","M0.1",22.6741349697113,FALSE,FALSE
"MR-GGI","truth",1487,300,"large","M1.1",0.689198017120361,FALSE,FALSE
"MR-GGI","truth",1488,300,"large","M2.1",53.5679140090942,FALSE,FALSE
"MR-GGI","truth",1489,300,"large","M3",69.3142440319061,FALSE,FALSE
"MR-GGI","truth",1490,300,"large","M4",13.2409648895264,FALSE,FALSE
"MR-GGI","truth",1491,670,"large","M0.1",20.1820349693298,FALSE,FALSE
"MR-GGI","truth",1492,670,"large","M1.1",1.03619599342346,FALSE,FALSE
"MR-GGI","truth",1493,670,"large","M2.1",6.59442901611328,FALSE,FALSE
"MR-GGI","truth",1494,670,"large","M3",15.0105690956116,FALSE,FALSE
"MR-GGI","truth",1495,670,"large","M4",0.418058156967163,FALSE,FALSE
"MR-GGI","truth",1496,1000,"large","M0.1",19.9305689334869,FALSE,FALSE
"MR-GGI","truth",1497,1000,"large","M1.1",1.41899490356445,FALSE,FALSE
"MR-GGI","truth",1498,1000,"large","M2.1",0.69674015045166,FALSE,FALSE
"MR-GGI","truth",1499,1000,"large","M3",0.251280784606934,FALSE,FALSE
"MR-GGI","truth",1500,1000,"large","M4",11.9164969921112,FALSE,FALSE
"MR-GGI","CSq",1,50,"small","M0.1",0.0446619987487793,FALSE,FALSE
"MR-GGI","CSq",2,50,"small","M1.1",0.017874002456665,FALSE,FALSE
"MR-GGI","CSq",3,50,"small","M2.1",0.0165760517120361,FALSE,FALSE
"MR-GGI","CSq",4,50,"small","M3",0.0301611423492432,FALSE,FALSE
"MR-GGI","CSq",5,50,"small","M4",0.055837869644165,FALSE,FALSE
"MR-GGI","CSq",6,150,"small","M0.1",0.0414371490478516,FALSE,FALSE
"MR-GGI","CSq",7,150,"small","M1.1",0.0502481460571289,FALSE,FALSE
"MR-GGI","CSq",8,150,"small","M2.1",0.0817630290985107,FALSE,FALSE
"MR-GGI","CSq",9,150,"small","M3",0.0535049438476562,FALSE,FALSE
"MR-GGI","CSq",10,150,"small","M4",0.0747048854827881,FALSE,FALSE
"MR-GGI","CSq",11,300,"small","M0.1",0.5157790184021,FALSE,FALSE
"MR-GGI","CSq",12,300,"small","M1.1",0.489686965942383,FALSE,FALSE
"MR-GGI","CSq",13,300,"small","M2.1",0.326925992965698,FALSE,FALSE
"MR-GGI","CSq",14,300,"small","M3",0.527823925018311,FALSE,FALSE
"MR-GGI","CSq",15,300,"small","M4",0.131047010421753,FALSE,FALSE
"MR-GGI","CSq",16,670,"small","M0.1",3.33661317825317,FALSE,FALSE
"MR-GGI","CSq",17,670,"small","M1.1",14.1693131923676,FALSE,FALSE
"MR-GGI","CSq",18,670,"small","M2.1",1.29116678237915,FALSE,FALSE
"MR-GGI","CSq",19,670,"small","M3",2.92348003387451,FALSE,FALSE
"MR-GGI","CSq",20,670,"small","M4",12.1810309886932,FALSE,FALSE
"MR-GGI","CSq",21,1000,"small","M0.1",10.9322218894958,FALSE,FALSE
"MR-GGI","CSq",22,1000,"small","M1.1",11.6391768455505,FALSE,FALSE
"MR-GGI","CSq",23,1000,"small","M2.1",3.41724801063538,FALSE,FALSE
"MR-GGI","CSq",24,1000,"small","M3",9.8906569480896,FALSE,FALSE
"MR-GGI","CSq",25,1000,"small","M4",0.911517143249512,FALSE,FALSE
"MR-GGI","CSq",26,50,"medium","M0.1",0.0193309783935547,FALSE,FALSE
"MR-GGI","CSq",27,50,"medium","M1.1",0.0121040344238281,FALSE,FALSE
"MR-GGI","CSq",28,50,"medium","M2.1",0.0228309631347656,FALSE,FALSE
"MR-GGI","CSq",29,50,"medium","M3",0.0514049530029297,FALSE,FALSE
"MR-GGI","CSq",30,50,"medium","M4",0.0183160305023193,FALSE,FALSE
"MR-GGI","CSq",31,150,"medium","M0.1",0.0837750434875488,FALSE,FALSE
"MR-GGI","CSq",32,150,"medium","M1.1",0.0788609981536865,FALSE,FALSE
"MR-GGI","CSq",33,150,"medium","M2.1",0.135008811950684,FALSE,FALSE
"MR-GGI","CSq",34,150,"medium","M3",0.0413248538970947,FALSE,FALSE
"MR-GGI","CSq",35,150,"medium","M4",0.0286359786987305,FALSE,FALSE
"MR-GGI","CSq",36,300,"medium","M0.1",0.319534063339233,FALSE,FALSE
"MR-GGI","CSq",37,300,"medium","M1.1",0.506942987442017,FALSE,FALSE
"MR-GGI","CSq",38,300,"medium","M2.1",0.17834210395813,FALSE,FALSE
"MR-GGI","CSq",39,300,"medium","M3",0.355272054672241,FALSE,FALSE
"MR-GGI","CSq",40,300,"medium","M4",0.848559856414795,FALSE,FALSE
"MR-GGI","CSq",41,670,"medium","M0.1",18.370521068573,FALSE,FALSE
"MR-GGI","CSq",42,670,"medium","M1.1",12.0644080638885,FALSE,FALSE
"MR-GGI","CSq",43,670,"medium","M2.1",34.7731010913849,FALSE,FALSE
"MR-GGI","CSq",44,670,"medium","M3",54.5331439971924,FALSE,FALSE
"MR-GGI","CSq",45,670,"medium","M4",12.9107480049133,FALSE,FALSE
"MR-GGI","CSq",46,1000,"medium","M0.1",7.57626605033875,FALSE,FALSE
"MR-GGI","CSq",47,1000,"medium","M1.1",7.88542103767395,FALSE,FALSE
"MR-GGI","CSq",48,1000,"medium","M2.1",4.03770613670349,FALSE,FALSE
"MR-GGI","CSq",49,1000,"medium","M3",5.41131281852722,FALSE,FALSE
"MR-GGI","CSq",50,1000,"medium","M4",4.62152695655823,FALSE,FALSE
"MR-GGI","CSq",51,50,"large","M0.1",0.0201408863067627,FALSE,FALSE
"MR-GGI","CSq",52,50,"large","M1.1",0.0170300006866455,FALSE,FALSE
"MR-GGI","CSq",53,50,"large","M2.1",0.0222959518432617,FALSE,FALSE
"MR-GGI","CSq",54,50,"large","M3",0.0159800052642822,FALSE,FALSE
"MR-GGI","CSq",55,50,"large","M4",0.0503380298614502,FALSE,FALSE
"MR-GGI","CSq",56,150,"large","M0.1",0.0989060401916504,FALSE,FALSE
"MR-GGI","CSq",57,150,"large","M1.1",0.0669600963592529,FALSE,FALSE
"MR-GGI","CSq",58,150,"large","M2.1",0.041654109954834,FALSE,FALSE
"MR-GGI","CSq",59,150,"large","M3",0.14043402671814,FALSE,FALSE
"MR-GGI","CSq",60,150,"large","M4",0.0199670791625977,FALSE,FALSE
"MR-GGI","CSq",61,300,"large","M0.1",0.650245904922485,FALSE,FALSE
"MR-GGI","CSq",62,300,"large","M1.1",0.58954906463623,FALSE,FALSE
"MR-GGI","CSq",63,300,"large","M2.1",0.301733016967773,FALSE,FALSE
"MR-GGI","CSq",64,300,"large","M3",0.0326650142669678,FALSE,FALSE
"MR-GGI","CSq",65,300,"large","M4",0.274888038635254,FALSE,FALSE
"MR-GGI","CSq",66,670,"large","M0.1",24.7316479682922,FALSE,FALSE
"MR-GGI","CSq",67,670,"large","M1.1",0.24315881729126,FALSE,FALSE
"MR-GGI","CSq",68,670,"large","M2.1",2.45195198059082,FALSE,FALSE
"MR-GGI","CSq",69,670,"large","M3",7.29641103744507,FALSE,FALSE
"MR-GGI","CSq",70,670,"large","M4",16.6597089767456,FALSE,FALSE
"MR-GGI","CSq",71,1000,"large","M0.1",0.680562019348145,FALSE,FALSE
"MR-GGI","CSq",72,1000,"large","M1.1",3.19502711296082,FALSE,FALSE
"MR-GGI","CSq",73,1000,"large","M2.1",13.7274141311646,FALSE,FALSE
"MR-GGI","CSq",74,1000,"large","M3",3.53916382789612,FALSE,FALSE
"MR-GGI","CSq",75,1000,"large","M4",14.4528551101685,FALSE,FALSE
"MR-GGI","CSq",76,50,"small","M0.1",0.0769190788269043,FALSE,FALSE
"MR-GGI","CSq",77,50,"small","M1.1",0.067598819732666,FALSE,FALSE
"MR-GGI","CSq",78,50,"small","M2.1",0.0231728553771973,FALSE,FALSE
"MR-GGI","CSq",79,50,"small","M3",0.0383980274200439,FALSE,FALSE
"MR-GGI","CSq",80,50,"small","M4",0.0500500202178955,FALSE,FALSE
"MR-GGI","CSq",81,150,"small","M0.1",0.0947740077972412,FALSE,FALSE
"MR-GGI","CSq",82,150,"small","M1.1",0.0917279720306396,FALSE,FALSE
"MR-GGI","CSq",83,150,"small","M2.1",0.0345818996429443,FALSE,FALSE
"MR-GGI","CSq",84,150,"small","M3",0.0511140823364258,FALSE,FALSE
"MR-GGI","CSq",85,150,"small","M4",0.0547840595245361,FALSE,FALSE
"MR-GGI","CSq",86,300,"small","M0.1",0.478808879852295,FALSE,FALSE
"MR-GGI","CSq",87,300,"small","M1.1",0.486340045928955,FALSE,FALSE
"MR-GGI","CSq",88,300,"small","M2.1",0.393196105957031,FALSE,FALSE
"MR-GGI","CSq",89,300,"small","M3",0.183487892150879,FALSE,FALSE
"MR-GGI","CSq",90,300,"small","M4",0.407632827758789,FALSE,FALSE
"MR-GGI","CSq",91,670,"small","M0.1",4.34099411964417,FALSE,FALSE
"MR-GGI","CSq",92,670,"small","M1.1",7.5313937664032,FALSE,FALSE
"MR-GGI","CSq",93,670,"small","M2.1",1.26741003990173,FALSE,FALSE
"MR-GGI","CSq",94,670,"small","M3",0.905922889709473,FALSE,FALSE
"MR-GGI","CSq",95,670,"small","M4",18.300225019455,FALSE,FALSE
"MR-GGI","CSq",96,1000,"small","M0.1",12.738343000412,FALSE,FALSE
"MR-GGI","CSq",97,1000,"small","M1.1",1.89544486999512,FALSE,FALSE
"MR-GGI","CSq",98,1000,"small","M2.1",11.0483169555664,FALSE,FALSE
"MR-GGI","CSq",99,1000,"small","M3",12.2342579364777,FALSE,FALSE
"MR-GGI","CSq",100,1000,"small","M4",14.2270400524139,FALSE,FALSE
"MR-GGI","CSq",101,50,"medium","M0.1",0.0677402019500732,FALSE,FALSE
"MR-GGI","CSq",102,50,"medium","M1.1",0.0493538379669189,FALSE,FALSE
"MR-GGI","CSq",103,50,"medium","M2.1",0.0211570262908936,FALSE,FALSE
"MR-GGI","CSq",104,50,"medium","M3",0.0197601318359375,FALSE,FALSE
"MR-GGI","CSq",105,50,"medium","M4",0.0235791206359863,FALSE,FALSE
"MR-GGI","CSq",106,150,"medium","M0.1",0.0321249961853027,FALSE,FALSE
"MR-GGI","CSq",107,150,"medium","M1.1",0.0490789413452148,FALSE,FALSE
"MR-GGI","CSq",108,150,"medium","M2.1",0.0994689464569092,FALSE,FALSE
"MR-GGI","CSq",109,150,"medium","M3",0.0294201374053955,FALSE,FALSE
"MR-GGI","CSq",110,150,"medium","M4",0.0592279434204102,FALSE,FALSE
"MR-GGI","CSq",111,300,"medium","M0.1",0.783687114715576,FALSE,FALSE
"MR-GGI","CSq",112,300,"medium","M1.1",0.445491075515747,FALSE,FALSE
"MR-GGI","CSq",113,300,"medium","M2.1",0.294358015060425,FALSE,FALSE
"MR-GGI","CSq",114,300,"medium","M3",0.337772130966187,FALSE,FALSE
"MR-GGI","CSq",115,300,"medium","M4",0.194550037384033,FALSE,FALSE
"MR-GGI","CSq",116,670,"medium","M0.1",0.649356126785278,FALSE,FALSE
"MR-GGI","CSq",117,670,"medium","M1.1",2.70377492904663,FALSE,FALSE
"MR-GGI","CSq",118,670,"medium","M2.1",2.2831699848175,FALSE,FALSE
"MR-GGI","CSq",119,670,"medium","M3",5.85200595855713,FALSE,FALSE
"MR-GGI","CSq",120,670,"medium","M4",13.6775488853455,FALSE,FALSE
"MR-GGI","CSq",121,1000,"medium","M0.1",9.81577897071838,FALSE,FALSE
"MR-GGI","CSq",122,1000,"medium","M1.1",6.63557600975037,FALSE,FALSE
"MR-GGI","CSq",123,1000,"medium","M2.1",7.22765803337097,FALSE,FALSE
"MR-GGI","CSq",124,1000,"medium","M3",4.93227696418762,FALSE,FALSE
"MR-GGI","CSq",125,1000,"medium","M4",0.677994966506958,FALSE,FALSE
"MR-GGI","CSq",126,50,"large","M0.1",0.033275842666626,FALSE,FALSE
"MR-GGI","CSq",127,50,"large","M1.1",0.0543580055236816,FALSE,FALSE
"MR-GGI","CSq",128,50,"large","M2.1",0.0519139766693115,FALSE,FALSE
"MR-GGI","CSq",129,50,"large","M3",0.0174610614776611,FALSE,FALSE
"MR-GGI","CSq",130,50,"large","M4",0.0531878471374512,FALSE,FALSE
"MR-GGI","CSq",131,150,"large","M0.1",0.0355238914489746,FALSE,FALSE
"MR-GGI","CSq",132,150,"large","M1.1",0.044219970703125,FALSE,FALSE
"MR-GGI","CSq",133,150,"large","M2.1",0.0399239063262939,FALSE,FALSE
"MR-GGI","CSq",134,150,"large","M3",0.0214810371398926,FALSE,FALSE
"MR-GGI","CSq",135,150,"large","M4",0.0402288436889648,FALSE,FALSE
"MR-GGI","CSq",136,300,"large","M0.1",0.307651042938232,FALSE,FALSE
"MR-GGI","CSq",137,300,"large","M1.1",0.197950124740601,FALSE,FALSE
"MR-GGI","CSq",138,300,"large","M2.1",0.676459074020386,FALSE,FALSE
"MR-GGI","CSq",139,300,"large","M3",0.368058919906616,FALSE,FALSE
"MR-GGI","CSq",140,300,"large","M4",0.47693395614624,FALSE,FALSE
"MR-GGI","CSq",141,670,"large","M0.1",26.4939498901367,FALSE,FALSE
"MR-GGI","CSq",142,670,"large","M1.1",4.61336398124695,FALSE,FALSE
"MR-GGI","CSq",143,670,"large","M2.1",2.72437191009521,FALSE,FALSE
"MR-GGI","CSq",144,670,"large","M3",13.5678629875183,FALSE,FALSE
"MR-GGI","CSq",145,670,"large","M4",4.80550098419189,FALSE,FALSE
"MR-GGI","CSq",146,1000,"large","M0.1",10.576229095459,FALSE,FALSE
"MR-GGI","CSq",147,1000,"large","M1.1",6.62932205200195,FALSE,FALSE
"MR-GGI","CSq",148,1000,"large","M2.1",1.84577107429504,FALSE,FALSE
"MR-GGI","CSq",149,1000,"large","M3",6.00505995750427,FALSE,FALSE
"MR-GGI","CSq",150,1000,"large","M4",5.6601140499115,FALSE,FALSE
"MR-GGI","CSq",151,50,"small","M0.1",0.0227100849151611,FALSE,FALSE
"MR-GGI","CSq",152,50,"small","M1.1",0.0362820625305176,FALSE,FALSE
"MR-GGI","CSq",153,50,"small","M2.1",0.0290250778198242,FALSE,FALSE
"MR-GGI","CSq",154,50,"small","M3",0.0177369117736816,FALSE,FALSE
"MR-GGI","CSq",155,50,"small","M4",0.0561790466308594,FALSE,FALSE
"MR-GGI","CSq",156,150,"small","M0.1",0.0361378192901611,FALSE,FALSE
"MR-GGI","CSq",157,150,"small","M1.1",0.0490338802337646,FALSE,FALSE
"MR-GGI","CSq",158,150,"small","M2.1",0.0501599311828613,FALSE,FALSE
"MR-GGI","CSq",159,150,"small","M3",0.0600781440734863,FALSE,FALSE
"MR-GGI","CSq",160,150,"small","M4",0.0382280349731445,FALSE,FALSE
"MR-GGI","CSq",161,300,"small","M0.1",0.357698917388916,FALSE,FALSE
"MR-GGI","CSq",162,300,"small","M1.1",0.453721046447754,FALSE,FALSE
"MR-GGI","CSq",163,300,"small","M2.1",0.289750099182129,FALSE,FALSE
"MR-GGI","CSq",164,300,"small","M3",0.791875123977661,FALSE,FALSE
"MR-GGI","CSq",165,300,"small","M4",0.0851948261260986,FALSE,FALSE
"MR-GGI","CSq",166,670,"small","M0.1",11814.6601779461,FALSE,TRUE
"MR-GGI","CSq",167,670,"small","M1.1",4.30362296104431,FALSE,FALSE
"MR-GGI","CSq",168,670,"small","M2.1",5.54551792144775,FALSE,FALSE
"MR-GGI","CSq",169,670,"small","M3",7.02205395698547,FALSE,FALSE
"MR-GGI","CSq",170,670,"small","M4",9.64870405197144,FALSE,FALSE
"MR-GGI","CSq",171,1000,"small","M0.1",1.80345892906189,FALSE,FALSE
"MR-GGI","CSq",172,1000,"small","M1.1",10.8192799091339,FALSE,FALSE
"MR-GGI","CSq",173,1000,"small","M2.1",7.16861200332642,FALSE,FALSE
"MR-GGI","CSq",174,1000,"small","M3",1.69823217391968,FALSE,FALSE
"MR-GGI","CSq",175,1000,"small","M4",7.56200408935547,FALSE,FALSE
"MR-GGI","CSq",176,50,"medium","M0.1",0.0426220893859863,FALSE,FALSE
"MR-GGI","CSq",177,50,"medium","M1.1",0.0270090103149414,FALSE,FALSE
"MR-GGI","CSq",178,50,"medium","M2.1",0.0215790271759033,FALSE,FALSE
"MR-GGI","CSq",179,50,"medium","M3",0.0171549320220947,FALSE,FALSE
"MR-GGI","CSq",180,50,"medium","M4",0.0216009616851807,FALSE,FALSE
"MR-GGI","CSq",181,150,"medium","M0.1",0.0367250442504883,FALSE,FALSE
"MR-GGI","CSq",182,150,"medium","M1.1",0.0990450382232666,FALSE,FALSE
"MR-GGI","CSq",183,150,"medium","M2.1",0.0960679054260254,FALSE,FALSE
"MR-GGI","CSq",184,150,"medium","M3",0.0638599395751953,FALSE,FALSE
"MR-GGI","CSq",185,150,"medium","M4",0.138134956359863,FALSE,FALSE
"MR-GGI","CSq",186,300,"medium","M0.1",0.385119915008545,FALSE,FALSE
"MR-GGI","CSq",187,300,"medium","M1.1",0.762731075286865,FALSE,FALSE
"MR-GGI","CSq",188,300,"medium","M2.1",0.492900848388672,FALSE,FALSE
"MR-GGI","CSq",189,300,"medium","M3",0.215872049331665,FALSE,FALSE
"MR-GGI","CSq",190,300,"medium","M4",0.342207908630371,FALSE,FALSE
"MR-GGI","CSq",191,670,"medium","M0.1",0.432015895843506,FALSE,FALSE
"MR-GGI","CSq",192,670,"medium","M1.1",9899.14815688133,FALSE,TRUE
"MR-GGI","CSq",193,670,"medium","M2.1",3.82519602775574,FALSE,FALSE
"MR-GGI","CSq",194,670,"medium","M3",4.98683500289917,FALSE,FALSE
"MR-GGI","CSq",195,670,"medium","M4",4.18511891365051,FALSE,FALSE
"MR-GGI","CSq",196,1000,"medium","M0.1",13.0050928592682,FALSE,FALSE
"MR-GGI","CSq",197,1000,"medium","M1.1",2.99545383453369,FALSE,FALSE
"MR-GGI","CSq",198,1000,"medium","M2.1",3.23473715782166,FALSE,FALSE
"MR-GGI","CSq",199,1000,"medium","M3",9.22171401977539,FALSE,FALSE
"MR-GGI","CSq",200,1000,"medium","M4",13.7341921329498,FALSE,FALSE
"MR-GGI","CSq",201,50,"large","M0.1",0.0235037803649902,FALSE,FALSE
"MR-GGI","CSq",202,50,"large","M1.1",0.0169999599456787,FALSE,FALSE
"MR-GGI","CSq",203,50,"large","M2.1",0.0164477825164795,FALSE,FALSE
"MR-GGI","CSq",204,50,"large","M3",0.0545520782470703,FALSE,FALSE
"MR-GGI","CSq",205,50,"large","M4",0.0508890151977539,FALSE,FALSE
"MR-GGI","CSq",206,150,"large","M0.1",0.0413391590118408,FALSE,FALSE
"MR-GGI","CSq",207,150,"large","M1.1",0.0403389930725098,FALSE,FALSE
"MR-GGI","CSq",208,150,"large","M2.1",0.146984815597534,FALSE,FALSE
"MR-GGI","CSq",209,150,"large","M3",0.025860071182251,FALSE,FALSE
"MR-GGI","CSq",210,150,"large","M4",0.0224361419677734,FALSE,FALSE
"MR-GGI","CSq",211,300,"large","M0.1",0.444669961929321,FALSE,FALSE
"MR-GGI","CSq",212,300,"large","M1.1",0.343092203140259,FALSE,FALSE
"MR-GGI","CSq",213,300,"large","M2.1",0.650752067565918,FALSE,FALSE
"MR-GGI","CSq",214,300,"large","M3",0.2600998878479,FALSE,FALSE
"MR-GGI","CSq",215,300,"large","M4",0.089622974395752,FALSE,FALSE
"MR-GGI","CSq",216,670,"large","M0.1",4.49957680702209,FALSE,FALSE
"MR-GGI","CSq",217,670,"large","M1.1",11814.3078150749,FALSE,TRUE
"MR-GGI","CSq",218,670,"large","M2.1",3.50452494621277,FALSE,FALSE
"MR-GGI","CSq",219,670,"large","M3",1.91426181793213,FALSE,FALSE
"MR-GGI","CSq",220,670,"large","M4",2.93851399421692,FALSE,FALSE
"MR-GGI","CSq",221,1000,"large","M0.1",3.08658123016357,FALSE,FALSE
"MR-GGI","CSq",222,1000,"large","M1.1",12.1874129772186,FALSE,FALSE
"MR-GGI","CSq",223,1000,"large","M2.1",9.13444113731384,FALSE,FALSE
"MR-GGI","CSq",224,1000,"large","M3",2.00465798377991,FALSE,FALSE
"MR-GGI","CSq",225,1000,"large","M4",4.33075714111328,FALSE,FALSE
"MR-GGI","CSq",226,50,"small","M0.1",0.0320560932159424,FALSE,FALSE
"MR-GGI","CSq",227,50,"small","M1.1",0.0536048412322998,FALSE,FALSE
"MR-GGI","CSq",228,50,"small","M2.1",0.0248801708221436,FALSE,FALSE
"MR-GGI","CSq",229,50,"small","M3",0.0228381156921387,FALSE,FALSE
"MR-GGI","CSq",230,50,"small","M4",0.0222148895263672,FALSE,FALSE
"MR-GGI","CSq",231,150,"small","M0.1",0.122915983200073,FALSE,FALSE
"MR-GGI","CSq",232,150,"small","M1.1",0.0843451023101807,FALSE,FALSE
"MR-GGI","CSq",233,150,"small","M2.1",0.119791984558105,FALSE,FALSE
"MR-GGI","CSq",234,150,"small","M3",0.0541810989379883,FALSE,FALSE
"MR-GGI","CSq",235,150,"small","M4",0.152460098266602,FALSE,FALSE
"MR-GGI","CSq",236,300,"small","M0.1",0.368003129959106,FALSE,FALSE
"MR-GGI","CSq",237,300,"small","M1.1",0.286856889724731,FALSE,FALSE
"MR-GGI","CSq",238,300,"small","M2.1",0.240477800369263,FALSE,FALSE
"MR-GGI","CSq",239,300,"small","M3",0.532866954803467,FALSE,FALSE
"MR-GGI","CSq",240,300,"small","M4",0.520019769668579,FALSE,FALSE
"MR-GGI","CSq",241,670,"small","M0.1",2.10868191719055,FALSE,FALSE
"MR-GGI","CSq",242,670,"small","M1.1",6.44012403488159,FALSE,FALSE
"MR-GGI","CSq",243,670,"small","M2.1",8.9976282119751,FALSE,FALSE
"MR-GGI","CSq",244,670,"small","M3",14.6206419467926,FALSE,FALSE
"MR-GGI","CSq",245,670,"small","M4",13.8722259998322,FALSE,FALSE
"MR-GGI","CSq",246,1000,"small","M0.1",8.99637198448181,FALSE,FALSE
"MR-GGI","CSq",247,1000,"small","M1.1",2.10978412628174,FALSE,FALSE
"MR-GGI","CSq",248,1000,"small","M2.1",38.6318008899689,FALSE,FALSE
"MR-GGI","CSq",249,1000,"small","M3",10.1726469993591,FALSE,FALSE
"MR-GGI","CSq",250,1000,"small","M4",27.17169713974,FALSE,FALSE
"MR-GGI","CSq",251,50,"medium","M0.1",0.0481870174407959,FALSE,FALSE
"MR-GGI","CSq",252,50,"medium","M1.1",0.0583081245422363,FALSE,FALSE
"MR-GGI","CSq",253,50,"medium","M2.1",0.0397567749023438,FALSE,FALSE
"MR-GGI","CSq",254,50,"medium","M3",0.0505378246307373,FALSE,FALSE
"MR-GGI","CSq",255,50,"medium","M4",0.0225579738616943,FALSE,FALSE
"MR-GGI","CSq",256,150,"medium","M0.1",0.0515360832214355,FALSE,FALSE
"MR-GGI","CSq",257,150,"medium","M1.1",0.0452020168304443,FALSE,FALSE
"MR-GGI","CSq",258,150,"medium","M2.1",0.0495579242706299,FALSE,FALSE
"MR-GGI","CSq",259,150,"medium","M3",0.0451340675354004,FALSE,FALSE
"MR-GGI","CSq",260,150,"medium","M4",0.0305981636047363,FALSE,FALSE
"MR-GGI","CSq",261,300,"medium","M0.1",0.0518760681152344,FALSE,FALSE
"MR-GGI","CSq",262,300,"medium","M1.1",0.568451881408691,FALSE,FALSE
"MR-GGI","CSq",263,300,"medium","M2.1",0.0524439811706543,FALSE,FALSE
"MR-GGI","CSq",264,300,"medium","M3",0.062457799911499,FALSE,FALSE
"MR-GGI","CSq",265,300,"medium","M4",0.480871200561523,FALSE,FALSE
"MR-GGI","CSq",266,670,"medium","M0.1",2.69733810424805,FALSE,FALSE
"MR-GGI","CSq",267,670,"medium","M1.1",10.8965129852295,FALSE,FALSE
"MR-GGI","CSq",268,670,"medium","M2.1",1.18568396568298,FALSE,FALSE
"MR-GGI","CSq",269,670,"medium","M3",2.84690189361572,FALSE,FALSE
"MR-GGI","CSq",270,670,"medium","M4",8.71195411682129,FALSE,FALSE
"MR-GGI","CSq",271,1000,"medium","M0.1",3.23435997962952,FALSE,FALSE
"MR-GGI","CSq",272,1000,"medium","M1.1",18.864265203476,FALSE,FALSE
"MR-GGI","CSq",273,1000,"medium","M2.1",39.1036751270294,FALSE,FALSE
"MR-GGI","CSq",274,1000,"medium","M3",0.350587129592896,FALSE,FALSE
"MR-GGI","CSq",275,1000,"medium","M4",32.8065841197968,FALSE,FALSE
"MR-GGI","CSq",276,50,"large","M0.1",0.0154819488525391,FALSE,FALSE
"MR-GGI","CSq",277,50,"large","M1.1",0.0174798965454102,FALSE,FALSE
"MR-GGI","CSq",278,50,"large","M2.1",0.0776510238647461,FALSE,FALSE
"MR-GGI","CSq",279,50,"large","M3",0.0211751461029053,FALSE,FALSE
"MR-GGI","CSq",280,50,"large","M4",0.0435760021209717,FALSE,FALSE
"MR-GGI","CSq",281,150,"large","M0.1",0.0463550090789795,FALSE,FALSE
"MR-GGI","CSq",282,150,"large","M1.1",0.0975980758666992,FALSE,FALSE
"MR-GGI","CSq",283,150,"large","M2.1",0.0830080509185791,FALSE,FALSE
"MR-GGI","CSq",284,150,"large","M3",0.0222880840301514,FALSE,FALSE
"MR-GGI","CSq",285,150,"large","M4",0.0174949169158936,FALSE,FALSE
"MR-GGI","CSq",286,300,"large","M0.1",0.391251087188721,FALSE,FALSE
"MR-GGI","CSq",287,300,"large","M1.1",0.190489053726196,FALSE,FALSE
"MR-GGI","CSq",288,300,"large","M2.1",0.30952000617981,FALSE,FALSE
"MR-GGI","CSq",289,300,"large","M3",0.353611946105957,FALSE,FALSE
"MR-GGI","CSq",290,300,"large","M4",0.0659468173980713,FALSE,FALSE
"MR-GGI","CSq",291,670,"large","M0.1",6.51628303527832,FALSE,FALSE
"MR-GGI","CSq",292,670,"large","M1.1",7.45403814315796,FALSE,FALSE
"MR-GGI","CSq",293,670,"large","M2.1",7.3003089427948,FALSE,FALSE
"MR-GGI","CSq",294,670,"large","M3",5.06347703933716,FALSE,FALSE
"MR-GGI","CSq",295,670,"large","M4",5.32286214828491,FALSE,FALSE
"MR-GGI","CSq",296,1000,"large","M0.1",26.4624798297882,FALSE,FALSE
"MR-GGI","CSq",297,1000,"large","M1.1",5.18391513824463,FALSE,FALSE
"MR-GGI","CSq",298,1000,"large","M2.1",13.6917669773102,FALSE,FALSE
"MR-GGI","CSq",299,1000,"large","M3",3.17003107070923,FALSE,FALSE
"MR-GGI","CSq",300,1000,"large","M4",0.620203971862793,FALSE,FALSE
"MR-GGI","CSq",301,50,"small","M0.1",0.0191359519958496,FALSE,FALSE
"MR-GGI","CSq",302,50,"small","M1.1",0.0245239734649658,FALSE,FALSE
"MR-GGI","CSq",303,50,"small","M2.1",0.0227799415588379,FALSE,FALSE
"MR-GGI","CSq",304,50,"small","M3",0.0158441066741943,FALSE,FALSE
"MR-GGI","CSq",305,50,"small","M4",0.0272619724273682,FALSE,FALSE
"MR-GGI","CSq",306,150,"small","M0.1",0.0730218887329102,FALSE,FALSE
"MR-GGI","CSq",307,150,"small","M1.1",0.117617130279541,FALSE,FALSE
"MR-GGI","CSq",308,150,"small","M2.1",0.230391979217529,FALSE,FALSE
"MR-GGI","CSq",309,150,"small","M3",0.0420849323272705,FALSE,FALSE
"MR-GGI","CSq",310,150,"small","M4",0.14766001701355,FALSE,FALSE
"MR-GGI","CSq",311,300,"small","M0.1",0.468318939208984,FALSE,FALSE
"MR-GGI","CSq",312,300,"small","M1.1",0.390950918197632,FALSE,FALSE
"MR-GGI","CSq",313,300,"small","M2.1",0.510682106018066,FALSE,FALSE
"MR-GGI","CSq",314,300,"small","M3",0.351944923400879,FALSE,FALSE
"MR-GGI","CSq",315,300,"small","M4",0.394760131835938,FALSE,FALSE
"MR-GGI","CSq",316,670,"small","M0.1",11.6512050628662,FALSE,FALSE
"MR-GGI","CSq",317,670,"small","M1.1",22.2079029083252,FALSE,FALSE
"MR-GGI","CSq",318,670,"small","M2.1",4.06127619743347,FALSE,FALSE
"MR-GGI","CSq",319,670,"small","M3",11.729455947876,FALSE,FALSE
"MR-GGI","CSq",320,670,"small","M4",0.810679912567139,FALSE,FALSE
"MR-GGI","CSq",321,1000,"small","M0.1",0.412589073181152,FALSE,FALSE
"MR-GGI","CSq",322,1000,"small","M1.1",2.32844710350037,FALSE,FALSE
"MR-GGI","CSq",323,1000,"small","M2.1",2.52509808540344,FALSE,FALSE
"MR-GGI","CSq",324,1000,"small","M3",5.77623200416565,FALSE,FALSE
"MR-GGI","CSq",325,1000,"small","M4",5.2386531829834,FALSE,FALSE
"MR-GGI","CSq",326,50,"medium","M0.1",0.0378448963165283,FALSE,FALSE
"MR-GGI","CSq",327,50,"medium","M1.1",0.0169920921325684,FALSE,FALSE
"MR-GGI","CSq",328,50,"medium","M2.1",0.0510671138763428,FALSE,FALSE
"MR-GGI","CSq",329,50,"medium","M3",0.0226621627807617,FALSE,FALSE
"MR-GGI","CSq",330,50,"medium","M4",0.0637640953063965,FALSE,FALSE
"MR-GGI","CSq",331,150,"medium","M0.1",0.0369789600372314,FALSE,FALSE
"MR-GGI","CSq",332,150,"medium","M1.1",0.076801061630249,FALSE,FALSE
"MR-GGI","CSq",333,150,"medium","M2.1",0.0422849655151367,FALSE,FALSE
"MR-GGI","CSq",334,150,"medium","M3",0.055595874786377,FALSE,FALSE
"MR-GGI","CSq",335,150,"medium","M4",0.0788300037384033,FALSE,FALSE
"MR-GGI","CSq",336,300,"medium","M0.1",0.130743026733398,FALSE,FALSE
"MR-GGI","CSq",337,300,"medium","M1.1",0.853589057922363,FALSE,FALSE
"MR-GGI","CSq",338,300,"medium","M2.1",0.674746990203857,FALSE,FALSE
"MR-GGI","CSq",339,300,"medium","M3",0.753312826156616,FALSE,FALSE
"MR-GGI","CSq",340,300,"medium","M4",0.225415945053101,FALSE,FALSE
"MR-GGI","CSq",341,670,"medium","M0.1",5.70653986930847,FALSE,FALSE
"MR-GGI","CSq",342,670,"medium","M1.1",6.56376194953918,FALSE,FALSE
"MR-GGI","CSq",343,670,"medium","M2.1",13.3077549934387,FALSE,FALSE
"MR-GGI","CSq",344,670,"medium","M3",10.0624711513519,FALSE,FALSE
"MR-GGI","CSq",345,670,"medium","M4",7.26569509506226,FALSE,FALSE
"MR-GGI","CSq",346,1000,"medium","M0.1",0.0611600875854492,FALSE,FALSE
"MR-GGI","CSq",347,1000,"medium","M1.1",2.96451497077942,FALSE,FALSE
"MR-GGI","CSq",348,1000,"medium","M2.1",11.6235709190369,FALSE,FALSE
"MR-GGI","CSq",349,1000,"medium","M3",4.00898218154907,FALSE,FALSE
"MR-GGI","CSq",350,1000,"medium","M4",3.21178698539734,FALSE,FALSE
"MR-GGI","CSq",351,50,"large","M0.1",0.0486540794372559,FALSE,FALSE
"MR-GGI","CSq",352,50,"large","M1.1",0.0385010242462158,FALSE,FALSE
"MR-GGI","CSq",353,50,"large","M2.1",0.0583009719848633,FALSE,FALSE
"MR-GGI","CSq",354,50,"large","M3",0.0181128978729248,FALSE,FALSE
"MR-GGI","CSq",355,50,"large","M4",0.0559630393981934,FALSE,FALSE
"MR-GGI","CSq",356,150,"large","M0.1",0.0290608406066895,FALSE,FALSE
"MR-GGI","CSq",357,150,"large","M1.1",0.0522801876068115,FALSE,FALSE
"MR-GGI","CSq",358,150,"large","M2.1",0.0730700492858887,FALSE,FALSE
"MR-GGI","CSq",359,150,"large","M3",0.0888891220092773,FALSE,FALSE
"MR-GGI","CSq",360,150,"large","M4",0.0189390182495117,FALSE,FALSE
"MR-GGI","CSq",361,300,"large","M0.1",0.493300914764404,FALSE,FALSE
"MR-GGI","CSq",362,300,"large","M1.1",0.0832068920135498,FALSE,FALSE
"MR-GGI","CSq",363,300,"large","M2.1",0.410738945007324,FALSE,FALSE
"MR-GGI","CSq",364,300,"large","M3",0.0893049240112305,FALSE,FALSE
"MR-GGI","CSq",365,300,"large","M4",0.0556621551513672,FALSE,FALSE
"MR-GGI","CSq",366,670,"large","M0.1",21.9300599098206,FALSE,FALSE
"MR-GGI","CSq",367,670,"large","M1.1",1.29862403869629,FALSE,FALSE
"MR-GGI","CSq",368,670,"large","M2.1",3.84420609474182,FALSE,FALSE
"MR-GGI","CSq",369,670,"large","M3",7.05185294151306,FALSE,FALSE
"MR-GGI","CSq",370,670,"large","M4",4.90457606315613,FALSE,FALSE
"MR-GGI","CSq",371,1000,"large","M0.1",6.59477996826172,FALSE,FALSE
"MR-GGI","CSq",372,1000,"large","M1.1",2.87891507148743,FALSE,FALSE
"MR-GGI","CSq",373,1000,"large","M2.1",9.36240291595459,FALSE,FALSE
"MR-GGI","CSq",374,1000,"large","M3",0.956673860549927,FALSE,FALSE
"MR-GGI","CSq",375,1000,"large","M4",10.1559889316559,FALSE,FALSE
"MR-GGI","CSq",376,50,"small","M0.1",0.0355269908905029,FALSE,FALSE
"MR-GGI","CSq",377,50,"small","M1.1",0.0368101596832275,FALSE,FALSE
"MR-GGI","CSq",378,50,"small","M2.1",0.0200369358062744,FALSE,FALSE
"MR-GGI","CSq",379,50,"small","M3",0.0260798931121826,FALSE,FALSE
"MR-GGI","CSq",380,50,"small","M4",0.0145249366760254,FALSE,FALSE
"MR-GGI","CSq",381,150,"small","M0.1",0.0486090183258057,FALSE,FALSE
"MR-GGI","CSq",382,150,"small","M1.1",0.0372600555419922,FALSE,FALSE
"MR-GGI","CSq",383,150,"small","M2.1",0.0710341930389404,FALSE,FALSE
"MR-GGI","CSq",384,150,"small","M3",0.0565719604492188,FALSE,FALSE
"MR-GGI","CSq",385,150,"small","M4",0.0658690929412842,FALSE,FALSE
"MR-GGI","CSq",386,300,"small","M0.1",0.173382043838501,FALSE,FALSE
"MR-GGI","CSq",387,300,"small","M1.1",0.256706953048706,FALSE,FALSE
"MR-GGI","CSq",388,300,"small","M2.1",0.235036134719849,FALSE,FALSE
"MR-GGI","CSq",389,300,"small","M3",0.425720930099487,FALSE,FALSE
"MR-GGI","CSq",390,300,"small","M4",0.328326940536499,FALSE,FALSE
"MR-GGI","CSq",391,670,"small","M0.1",15.5254020690918,FALSE,FALSE
"MR-GGI","CSq",392,670,"small","M1.1",17.219083070755,FALSE,FALSE
"MR-GGI","CSq",393,670,"small","M2.1",3.37812995910645,FALSE,FALSE
"MR-GGI","CSq",394,670,"small","M3",41.5308549404144,FALSE,FALSE
"MR-GGI","CSq",395,670,"small","M4",2.51378297805786,FALSE,FALSE
"MR-GGI","CSq",396,1000,"small","M0.1",6.53546094894409,FALSE,FALSE
"MR-GGI","CSq",397,1000,"small","M1.1",3.64417314529419,FALSE,FALSE
"MR-GGI","CSq",398,1000,"small","M2.1",3.91299486160278,FALSE,FALSE
"MR-GGI","CSq",399,1000,"small","M3",2.63674306869507,FALSE,FALSE
"MR-GGI","CSq",400,1000,"small","M4",5.0625638961792,FALSE,FALSE
"MR-GGI","CSq",401,50,"medium","M0.1",0.0646860599517822,FALSE,FALSE
"MR-GGI","CSq",402,50,"medium","M1.1",0.0172019004821777,FALSE,FALSE
"MR-GGI","CSq",403,50,"medium","M2.1",0.0656700134277344,FALSE,FALSE
"MR-GGI","CSq",404,50,"medium","M3",0.0183951854705811,FALSE,FALSE
"MR-GGI","CSq",405,50,"medium","M4",0.0163497924804688,FALSE,FALSE
"MR-GGI","CSq",406,150,"medium","M0.1",0.0780260562896729,FALSE,FALSE
"MR-GGI","CSq",407,150,"medium","M1.1",0.0396299362182617,FALSE,FALSE
"MR-GGI","CSq",408,150,"medium","M2.1",0.0888791084289551,FALSE,FALSE
"MR-GGI","CSq",409,150,"medium","M3",0.0202651023864746,FALSE,FALSE
"MR-GGI","CSq",410,150,"medium","M4",0.0236759185791016,FALSE,FALSE
"MR-GGI","CSq",411,300,"medium","M0.1",0.415657043457031,FALSE,FALSE
"MR-GGI","CSq",412,300,"medium","M1.1",0.16463303565979,FALSE,FALSE
"MR-GGI","CSq",413,300,"medium","M2.1",0.395040988922119,FALSE,FALSE
"MR-GGI","CSq",414,300,"medium","M3",0.239099979400635,FALSE,FALSE
"MR-GGI","CSq",415,300,"medium","M4",0.276350975036621,FALSE,FALSE
"MR-GGI","CSq",416,670,"medium","M0.1",3.69512104988098,FALSE,FALSE
"MR-GGI","CSq",417,670,"medium","M1.1",10.5790691375732,FALSE,FALSE
"MR-GGI","CSq",418,670,"medium","M2.1",4.44199013710022,FALSE,FALSE
"MR-GGI","CSq",419,670,"medium","M3",23.3771259784698,FALSE,FALSE
"MR-GGI","CSq",420,670,"medium","M4",1.97645401954651,FALSE,FALSE
"MR-GGI","CSq",421,1000,"medium","M0.1",0.757663011550903,FALSE,FALSE
"MR-GGI","CSq",422,1000,"medium","M1.1",11.0729448795319,FALSE,FALSE
"MR-GGI","CSq",423,1000,"medium","M2.1",3.54279804229736,FALSE,FALSE
"MR-GGI","CSq",424,1000,"medium","M3",0.316545009613037,FALSE,FALSE
"MR-GGI","CSq",425,1000,"medium","M4",1.50983095169067,FALSE,FALSE
"MR-GGI","CSq",426,50,"large","M0.1",0.0674300193786621,FALSE,FALSE
"MR-GGI","CSq",427,50,"large","M1.1",0.017819881439209,FALSE,FALSE
"MR-GGI","CSq",428,50,"large","M2.1",0.0487730503082275,FALSE,FALSE
"MR-GGI","CSq",429,50,"large","M3",0.0349879264831543,FALSE,FALSE
"MR-GGI","CSq",430,50,"large","M4",0.0657968521118164,FALSE,FALSE
"MR-GGI","CSq",431,150,"large","M0.1",0.065925121307373,FALSE,FALSE
"MR-GGI","CSq",432,150,"large","M1.1",0.0949010848999023,FALSE,FALSE
"MR-GGI","CSq",433,150,"large","M2.1",0.0429041385650635,FALSE,FALSE
"MR-GGI","CSq",434,150,"large","M3",0.0250821113586426,FALSE,FALSE
"MR-GGI","CSq",435,150,"large","M4",0.0156230926513672,FALSE,FALSE
"MR-GGI","CSq",436,300,"large","M0.1",0.124058961868286,FALSE,FALSE
"MR-GGI","CSq",437,300,"large","M1.1",0.109962940216064,FALSE,FALSE
"MR-GGI","CSq",438,300,"large","M2.1",0.302085876464844,FALSE,FALSE
"MR-GGI","CSq",439,300,"large","M3",0.239794969558716,FALSE,FALSE
"MR-GGI","CSq",440,300,"large","M4",0.156426906585693,FALSE,FALSE
"MR-GGI","CSq",441,670,"large","M0.1",9.25006580352783,FALSE,FALSE
"MR-GGI","CSq",442,670,"large","M1.1",6.23247694969177,FALSE,FALSE
"MR-GGI","CSq",443,670,"large","M2.1",12.0530018806458,FALSE,FALSE
"MR-GGI","CSq",444,670,"large","M3",17.4375247955322,FALSE,FALSE
"MR-GGI","CSq",445,670,"large","M4",0.493969917297363,FALSE,FALSE
"MR-GGI","CSq",446,1000,"large","M0.1",2.77776885032654,FALSE,FALSE
"MR-GGI","CSq",447,1000,"large","M1.1",7.81502413749695,FALSE,FALSE
"MR-GGI","CSq",448,1000,"large","M2.1",10.802631855011,FALSE,FALSE
"MR-GGI","CSq",449,1000,"large","M3",5.93861794471741,FALSE,FALSE
"MR-GGI","CSq",450,1000,"large","M4",10.1994059085846,FALSE,FALSE
"MR-GGI","CSq",451,50,"small","M0.1",0.0121650695800781,FALSE,FALSE
"MR-GGI","CSq",452,50,"small","M1.1",0.0497431755065918,FALSE,FALSE
"MR-GGI","CSq",453,50,"small","M2.1",0.017387866973877,FALSE,FALSE
"MR-GGI","CSq",454,50,"small","M3",0.0552370548248291,FALSE,FALSE
"MR-GGI","CSq",455,50,"small","M4",0.0221128463745117,FALSE,FALSE
"MR-GGI","CSq",456,150,"small","M0.1",0.031775951385498,FALSE,FALSE
"MR-GGI","CSq",457,150,"small","M1.1",0.0586600303649902,FALSE,FALSE
"MR-GGI","CSq",458,150,"small","M2.1",0.0558409690856934,FALSE,FALSE
"MR-GGI","CSq",459,150,"small","M3",0.0775408744812012,FALSE,FALSE
"MR-GGI","CSq",460,150,"small","M4",0.0720968246459961,FALSE,FALSE
"MR-GGI","CSq",461,300,"small","M0.1",0.66480278968811,FALSE,FALSE
"MR-GGI","CSq",462,300,"small","M1.1",0.402581930160522,FALSE,FALSE
"MR-GGI","CSq",463,300,"small","M2.1",0.360556840896606,FALSE,FALSE
"MR-GGI","CSq",464,300,"small","M3",0.238800048828125,FALSE,FALSE
"MR-GGI","CSq",465,300,"small","M4",0.190271139144897,FALSE,FALSE
"MR-GGI","CSq",466,670,"small","M0.1",8.26191902160645,FALSE,FALSE
"MR-GGI","CSq",467,670,"small","M1.1",14.1040251255035,FALSE,FALSE
"MR-GGI","CSq",468,670,"small","M2.1",29.8480379581451,FALSE,FALSE
"MR-GGI","CSq",469,670,"small","M3",0.504363775253296,FALSE,FALSE
"MR-GGI","CSq",470,670,"small","M4",5.55493402481079,FALSE,FALSE
"MR-GGI","CSq",471,1000,"small","M0.1",1.15265607833862,FALSE,FALSE
"MR-GGI","CSq",472,1000,"small","M1.1",12.3224189281464,FALSE,FALSE
"MR-GGI","CSq",473,1000,"small","M2.1",9.04163503646851,FALSE,FALSE
"MR-GGI","CSq",474,1000,"small","M3",0.349664926528931,FALSE,FALSE
"MR-GGI","CSq",475,1000,"small","M4",2.15135407447815,FALSE,FALSE
"MR-GGI","CSq",476,50,"medium","M0.1",0.0180590152740479,FALSE,FALSE
"MR-GGI","CSq",477,50,"medium","M1.1",0.0298690795898438,FALSE,FALSE
"MR-GGI","CSq",478,50,"medium","M2.1",0.0397779941558838,FALSE,FALSE
"MR-GGI","CSq",479,50,"medium","M3",0.0354340076446533,FALSE,FALSE
"MR-GGI","CSq",480,50,"medium","M4",0.0170159339904785,FALSE,FALSE
"MR-GGI","CSq",481,150,"medium","M0.1",0.0218720436096191,FALSE,FALSE
"MR-GGI","CSq",482,150,"medium","M1.1",0.0612759590148926,FALSE,FALSE
"MR-GGI","CSq",483,150,"medium","M2.1",0.0401268005371094,FALSE,FALSE
"MR-GGI","CSq",484,150,"medium","M3",0.116256952285767,FALSE,FALSE
"MR-GGI","CSq",485,150,"medium","M4",0.0693449974060059,FALSE,FALSE
"MR-GGI","CSq",486,300,"medium","M0.1",0.548574924468994,FALSE,FALSE
"MR-GGI","CSq",487,300,"medium","M1.1",0.927251815795898,FALSE,FALSE
"MR-GGI","CSq",488,300,"medium","M2.1",1.14787697792053,FALSE,FALSE
"MR-GGI","CSq",489,300,"medium","M3",0.294633865356445,FALSE,FALSE
"MR-GGI","CSq",490,300,"medium","M4",0.489092111587524,FALSE,FALSE
"MR-GGI","CSq",491,670,"medium","M0.1",5.79409098625183,FALSE,FALSE
"MR-GGI","CSq",492,670,"medium","M1.1",21.916218996048,FALSE,FALSE
"MR-GGI","CSq",493,670,"medium","M2.1",6.45596194267273,FALSE,FALSE
"MR-GGI","CSq",494,670,"medium","M3",9.00285816192627,FALSE,FALSE
"MR-GGI","CSq",495,670,"medium","M4",9.93707990646362,FALSE,FALSE
"MR-GGI","CSq",496,1000,"medium","M0.1",2.88484597206116,FALSE,FALSE
"MR-GGI","CSq",497,1000,"medium","M1.1",1.6819429397583,FALSE,FALSE
"MR-GGI","CSq",498,1000,"medium","M2.1",0.730566024780273,FALSE,FALSE
"MR-GGI","CSq",499,1000,"medium","M3",0.154765129089355,FALSE,FALSE
"MR-GGI","CSq",500,1000,"medium","M4",1.53267288208008,FALSE,FALSE
"MR-GGI","CSq",501,50,"large","M0.1",0.047234058380127,FALSE,FALSE
"MR-GGI","CSq",502,50,"large","M1.1",0.0566539764404297,FALSE,FALSE
"MR-GGI","CSq",503,50,"large","M2.1",0.0229239463806152,FALSE,FALSE
"MR-GGI","CSq",504,50,"large","M3",0.0167131423950195,FALSE,FALSE
"MR-GGI","CSq",505,50,"large","M4",0.0222361087799072,FALSE,FALSE
"MR-GGI","CSq",506,150,"large","M0.1",0.0758440494537354,FALSE,FALSE
"MR-GGI","CSq",507,150,"large","M1.1",0.0995941162109375,FALSE,FALSE
"MR-GGI","CSq",508,150,"large","M2.1",0.124905109405518,FALSE,FALSE
"MR-GGI","CSq",509,150,"large","M3",0.0769598484039307,FALSE,FALSE
"MR-GGI","CSq",510,150,"large","M4",0.0396480560302734,FALSE,FALSE
"MR-GGI","CSq",511,300,"large","M0.1",0.421322107315063,FALSE,FALSE
"MR-GGI","CSq",512,300,"large","M1.1",0.627110004425049,FALSE,FALSE
"MR-GGI","CSq",513,300,"large","M2.1",0.0818829536437988,FALSE,FALSE
"MR-GGI","CSq",514,300,"large","M3",0.719571113586426,FALSE,FALSE
"MR-GGI","CSq",515,300,"large","M4",0.155808925628662,FALSE,FALSE
"MR-GGI","CSq",516,670,"large","M0.1",4.51830005645752,FALSE,FALSE
"MR-GGI","CSq",517,670,"large","M1.1",8.19639611244202,FALSE,FALSE
"MR-GGI","CSq",518,670,"large","M2.1",12.8692109584808,FALSE,FALSE
"MR-GGI","CSq",519,670,"large","M3",3.66721820831299,FALSE,FALSE
"MR-GGI","CSq",520,670,"large","M4",13.8150639533997,FALSE,FALSE
"MR-GGI","CSq",521,1000,"large","M0.1",15.9043850898743,FALSE,FALSE
"MR-GGI","CSq",522,1000,"large","M1.1",0.452369928359985,FALSE,FALSE
"MR-GGI","CSq",523,1000,"large","M2.1",1.01849317550659,FALSE,FALSE
"MR-GGI","CSq",524,1000,"large","M3",13.1162860393524,FALSE,FALSE
"MR-GGI","CSq",525,1000,"large","M4",5.5729649066925,FALSE,FALSE
"MR-GGI","CSq",526,50,"small","M0.1",0.0206949710845947,FALSE,FALSE
"MR-GGI","CSq",527,50,"small","M1.1",0.0404980182647705,FALSE,FALSE
"MR-GGI","CSq",528,50,"small","M2.1",0.0389399528503418,FALSE,FALSE
"MR-GGI","CSq",529,50,"small","M3",0.065748929977417,FALSE,FALSE
"MR-GGI","CSq",530,50,"small","M4",0.0175778865814209,FALSE,FALSE
"MR-GGI","CSq",531,150,"small","M0.1",0.169975996017456,FALSE,FALSE
"MR-GGI","CSq",532,150,"small","M1.1",0.0913040637969971,FALSE,FALSE
"MR-GGI","CSq",533,150,"small","M2.1",0.046705961227417,FALSE,FALSE
"MR-GGI","CSq",534,150,"small","M3",0.0953850746154785,FALSE,FALSE
"MR-GGI","CSq",535,150,"small","M4",0.04659104347229,FALSE,FALSE
"MR-GGI","CSq",536,300,"small","M0.1",0.178562879562378,FALSE,FALSE
"MR-GGI","CSq",537,300,"small","M1.1",0.633920907974243,FALSE,FALSE
"MR-GGI","CSq",538,300,"small","M2.1",0.189568996429443,FALSE,FALSE
"MR-GGI","CSq",539,300,"small","M3",0.122408866882324,FALSE,FALSE
"MR-GGI","CSq",540,300,"small","M4",0.393886089324951,FALSE,FALSE
"MR-GGI","CSq",541,670,"small","M0.1",15.9737918376923,FALSE,FALSE
"MR-GGI","CSq",542,670,"small","M1.1",22.0637450218201,FALSE,FALSE
"MR-GGI","CSq",543,670,"small","M2.1",31.9210650920868,FALSE,FALSE
"MR-GGI","CSq",544,670,"small","M3",12.2496831417084,FALSE,FALSE
"MR-GGI","CSq",545,670,"small","M4",13.3195781707764,FALSE,FALSE
"MR-GGI","CSq",546,1000,"small","M0.1",4.47083687782288,FALSE,FALSE
"MR-GGI","CSq",547,1000,"small","M1.1",14.4292268753052,FALSE,FALSE
"MR-GGI","CSq",548,1000,"small","M2.1",7.56765508651733,FALSE,FALSE
"MR-GGI","CSq",549,1000,"small","M3",4.19010400772095,FALSE,FALSE
"MR-GGI","CSq",550,1000,"small","M4",11.4615569114685,FALSE,FALSE
"MR-GGI","CSq",551,50,"medium","M0.1",0.0402891635894775,FALSE,FALSE
"MR-GGI","CSq",552,50,"medium","M1.1",0.0237917900085449,FALSE,FALSE
"MR-GGI","CSq",553,50,"medium","M2.1",0.0236399173736572,FALSE,FALSE
"MR-GGI","CSq",554,50,"medium","M3",0.0241708755493164,FALSE,FALSE
"MR-GGI","CSq",555,50,"medium","M4",0.0397379398345947,FALSE,FALSE
"MR-GGI","CSq",556,150,"medium","M0.1",0.0427751541137695,FALSE,FALSE
"MR-GGI","CSq",557,150,"medium","M1.1",0.0820820331573486,FALSE,FALSE
"MR-GGI","CSq",558,150,"medium","M2.1",0.0562710762023926,FALSE,FALSE
"MR-GGI","CSq",559,150,"medium","M3",0.0214221477508545,FALSE,FALSE
"MR-GGI","CSq",560,150,"medium","M4",0.100630044937134,FALSE,FALSE
"MR-GGI","CSq",561,300,"medium","M0.1",0.330590963363647,FALSE,FALSE
"MR-GGI","CSq",562,300,"medium","M1.1",0.630347967147827,FALSE,FALSE
"MR-GGI","CSq",563,300,"medium","M2.1",0.395127058029175,FALSE,FALSE
"MR-GGI","CSq",564,300,"medium","M3",0.287324905395508,FALSE,FALSE
"MR-GGI","CSq",565,300,"medium","M4",0.0888428688049316,FALSE,FALSE
"MR-GGI","CSq",566,670,"medium","M0.1",6.91241192817688,FALSE,FALSE
"MR-GGI","CSq",567,670,"medium","M1.1",2.03753614425659,FALSE,FALSE
"MR-GGI","CSq",568,670,"medium","M2.1",6.95932602882385,FALSE,FALSE
"MR-GGI","CSq",569,670,"medium","M3",7.85627889633179,FALSE,FALSE
"MR-GGI","CSq",570,670,"medium","M4",3.71242213249207,FALSE,FALSE
"MR-GGI","CSq",571,1000,"medium","M0.1",22.3272349834442,FALSE,FALSE
"MR-GGI","CSq",572,1000,"medium","M1.1",4.47817611694336,FALSE,FALSE
"MR-GGI","CSq",573,1000,"medium","M2.1",1.55352807044983,FALSE,FALSE
"MR-GGI","CSq",574,1000,"medium","M3",3.93883299827576,FALSE,FALSE
"MR-GGI","CSq",575,1000,"medium","M4",2.72410297393799,FALSE,FALSE
"MR-GGI","CSq",576,50,"large","M0.1",0.0403218269348145,FALSE,FALSE
"MR-GGI","CSq",577,50,"large","M1.1",0.0209231376647949,FALSE,FALSE
"MR-GGI","CSq",578,50,"large","M2.1",0.0500240325927734,FALSE,FALSE
"MR-GGI","CSq",579,50,"large","M3",0.0572018623352051,FALSE,FALSE
"MR-GGI","CSq",580,50,"large","M4",0.0534138679504395,FALSE,FALSE
"MR-GGI","CSq",581,150,"large","M0.1",0.0942609310150146,FALSE,FALSE
"MR-GGI","CSq",582,150,"large","M1.1",0.0274841785430908,FALSE,FALSE
"MR-GGI","CSq",583,150,"large","M2.1",0.0504739284515381,FALSE,FALSE
"MR-GGI","CSq",584,150,"large","M3",0.0745928287506104,FALSE,FALSE
"MR-GGI","CSq",585,150,"large","M4",0.046983003616333,FALSE,FALSE
"MR-GGI","CSq",586,300,"large","M0.1",0.436689138412476,FALSE,FALSE
"MR-GGI","CSq",587,300,"large","M1.1",0.469173192977905,FALSE,FALSE
"MR-GGI","CSq",588,300,"large","M2.1",0.280039072036743,FALSE,FALSE
"MR-GGI","CSq",589,300,"large","M3",0.213802099227905,FALSE,FALSE
"MR-GGI","CSq",590,300,"large","M4",0.156141042709351,FALSE,FALSE
"MR-GGI","CSq",591,670,"large","M0.1",15.8594899177551,FALSE,FALSE
"MR-GGI","CSq",592,670,"large","M1.1",5.45212697982788,FALSE,FALSE
"MR-GGI","CSq",593,670,"large","M2.1",6.85913896560669,FALSE,FALSE
"MR-GGI","CSq",594,670,"large","M3",6.62892413139343,FALSE,FALSE
"MR-GGI","CSq",595,670,"large","M4",3.69765901565552,FALSE,FALSE
"MR-GGI","CSq",596,1000,"large","M0.1",1.86955404281616,FALSE,FALSE
"MR-GGI","CSq",597,1000,"large","M1.1",10.5719039440155,FALSE,FALSE
"MR-GGI","CSq",598,1000,"large","M2.1",2.95368003845215,FALSE,FALSE
"MR-GGI","CSq",599,1000,"large","M3",27.0983018875122,FALSE,FALSE
"MR-GGI","CSq",600,1000,"large","M4",2.74063920974731,FALSE,FALSE
"MR-GGI","CSq",601,50,"small","M0.1",0.0237338542938232,FALSE,FALSE
"MR-GGI","CSq",602,50,"small","M1.1",0.0244619846343994,FALSE,FALSE
"MR-GGI","CSq",603,50,"small","M2.1",0.0187530517578125,FALSE,FALSE
"MR-GGI","CSq",604,50,"small","M3",0.0421960353851318,FALSE,FALSE
"MR-GGI","CSq",605,50,"small","M4",0.0245201587677002,FALSE,FALSE
"MR-GGI","CSq",606,150,"small","M0.1",0.0838470458984375,FALSE,FALSE
"MR-GGI","CSq",607,150,"small","M1.1",0.050447940826416,FALSE,FALSE
"MR-GGI","CSq",608,150,"small","M2.1",0.0309658050537109,FALSE,FALSE
"MR-GGI","CSq",609,150,"small","M3",0.0690109729766846,FALSE,FALSE
"MR-GGI","CSq",610,150,"small","M4",0.0365450382232666,FALSE,FALSE
"MR-GGI","CSq",611,300,"small","M0.1",0.329093217849731,FALSE,FALSE
"MR-GGI","CSq",612,300,"small","M1.1",0.390166997909546,FALSE,FALSE
"MR-GGI","CSq",613,300,"small","M2.1",0.615639925003052,FALSE,FALSE
"MR-GGI","CSq",614,300,"small","M3",0.73741602897644,FALSE,FALSE
"MR-GGI","CSq",615,300,"small","M4",0.275768041610718,FALSE,FALSE
"MR-GGI","CSq",616,670,"small","M0.1",5.73977613449097,FALSE,FALSE
"MR-GGI","CSq",617,670,"small","M1.1",2.1426568031311,FALSE,FALSE
"MR-GGI","CSq",618,670,"small","M2.1",7.51084303855896,FALSE,FALSE
"MR-GGI","CSq",619,670,"small","M3",4.62742805480957,FALSE,FALSE
"MR-GGI","CSq",620,670,"small","M4",21.7267889976501,FALSE,FALSE
"MR-GGI","CSq",621,1000,"small","M0.1",13.1701979637146,FALSE,FALSE
"MR-GGI","CSq",622,1000,"small","M1.1",12.3650839328766,FALSE,FALSE
"MR-GGI","CSq",623,1000,"small","M2.1",4.75507593154907,FALSE,FALSE
"MR-GGI","CSq",624,1000,"small","M3",6.98373103141785,FALSE,FALSE
"MR-GGI","CSq",625,1000,"small","M4",2.02047300338745,FALSE,FALSE
"MR-GGI","CSq",626,50,"medium","M0.1",0.0554521083831787,FALSE,FALSE
"MR-GGI","CSq",627,50,"medium","M1.1",0.0211751461029053,FALSE,FALSE
"MR-GGI","CSq",628,50,"medium","M2.1",0.0506470203399658,FALSE,FALSE
"MR-GGI","CSq",629,50,"medium","M3",0.017197847366333,FALSE,FALSE
"MR-GGI","CSq",630,50,"medium","M4",0.0475649833679199,FALSE,FALSE
"MR-GGI","CSq",631,150,"medium","M0.1",0.0445010662078857,FALSE,FALSE
"MR-GGI","CSq",632,150,"medium","M1.1",0.0509040355682373,FALSE,FALSE
"MR-GGI","CSq",633,150,"medium","M2.1",0.230437994003296,FALSE,FALSE
"MR-GGI","CSq",634,150,"medium","M3",0.130008935928345,FALSE,FALSE
"MR-GGI","CSq",635,150,"medium","M4",0.0768039226531982,FALSE,FALSE
"MR-GGI","CSq",636,300,"medium","M0.1",0.0237298011779785,FALSE,FALSE
"MR-GGI","CSq",637,300,"medium","M1.1",0.483580827713013,FALSE,FALSE
"MR-GGI","CSq",638,300,"medium","M2.1",0.0804839134216309,FALSE,FALSE
"MR-GGI","CSq",639,300,"medium","M3",0.423551082611084,FALSE,FALSE
"MR-GGI","CSq",640,300,"medium","M4",0.44179105758667,FALSE,FALSE
"MR-GGI","CSq",641,670,"medium","M0.1",7.11065602302551,FALSE,FALSE
"MR-GGI","CSq",642,670,"medium","M1.1",6.58356404304504,FALSE,FALSE
"MR-GGI","CSq",643,670,"medium","M2.1",24.4914429187775,FALSE,FALSE
"MR-GGI","CSq",644,670,"medium","M3",9.39526605606079,FALSE,FALSE
"MR-GGI","CSq",645,670,"medium","M4",8.19631099700928,FALSE,FALSE
"MR-GGI","CSq",646,1000,"medium","M0.1",12.6049621105194,FALSE,FALSE
"MR-GGI","CSq",647,1000,"medium","M1.1",0.734490156173706,FALSE,FALSE
"MR-GGI","CSq",648,1000,"medium","M2.1",6.25300312042236,FALSE,FALSE
"MR-GGI","CSq",649,1000,"medium","M3",5.38784909248352,FALSE,FALSE
"MR-GGI","CSq",650,1000,"medium","M4",3.72238898277283,FALSE,FALSE
"MR-GGI","CSq",651,50,"large","M0.1",0.0236389636993408,FALSE,FALSE
"MR-GGI","CSq",652,50,"large","M1.1",0.0249218940734863,FALSE,FALSE
"MR-GGI","CSq",653,50,"large","M2.1",0.0354669094085693,FALSE,FALSE
"MR-GGI","CSq",654,50,"large","M3",0.0243439674377441,FALSE,FALSE
"MR-GGI","CSq",655,50,"large","M4",0.0652940273284912,FALSE,FALSE
"MR-GGI","CSq",656,150,"large","M0.1",0.0369729995727539,FALSE,FALSE
"MR-GGI","CSq",657,150,"large","M1.1",0.0241818428039551,FALSE,FALSE
"MR-GGI","CSq",658,150,"large","M2.1",0.0364410877227783,FALSE,FALSE
"MR-GGI","CSq",659,150,"large","M3",0.131214141845703,FALSE,FALSE
"MR-GGI","CSq",660,150,"large","M4",0.10638689994812,FALSE,FALSE
"MR-GGI","CSq",661,300,"large","M0.1",0.202458143234253,FALSE,FALSE
"MR-GGI","CSq",662,300,"large","M1.1",0.300225973129272,FALSE,FALSE
"MR-GGI","CSq",663,300,"large","M2.1",0.801038980484009,FALSE,FALSE
"MR-GGI","CSq",664,300,"large","M3",0.335587978363037,FALSE,FALSE
"MR-GGI","CSq",665,300,"large","M4",0.378355026245117,FALSE,FALSE
"MR-GGI","CSq",666,670,"large","M0.1",2.75700688362122,FALSE,FALSE
"MR-GGI","CSq",667,670,"large","M1.1",8.28835487365723,FALSE,FALSE
"MR-GGI","CSq",668,670,"large","M2.1",4.10672116279602,FALSE,FALSE
"MR-GGI","CSq",669,670,"large","M3",7.52307796478271,FALSE,FALSE
"MR-GGI","CSq",670,670,"large","M4",6.8354480266571,FALSE,FALSE
"MR-GGI","CSq",671,1000,"large","M0.1",4.68979907035828,FALSE,FALSE
"MR-GGI","CSq",672,1000,"large","M1.1",1.83222985267639,FALSE,FALSE
"MR-GGI","CSq",673,1000,"large","M2.1",6.53326606750488,FALSE,FALSE
"MR-GGI","CSq",674,1000,"large","M3",7.00881505012512,FALSE,FALSE
"MR-GGI","CSq",675,1000,"large","M4",10.3159580230713,FALSE,FALSE
"MR-GGI","CSq",676,50,"small","M0.1",0.0229530334472656,FALSE,FALSE
"MR-GGI","CSq",677,50,"small","M1.1",0.0169339179992676,FALSE,FALSE
"MR-GGI","CSq",678,50,"small","M2.1",0.0545141696929932,FALSE,FALSE
"MR-GGI","CSq",679,50,"small","M3",0.0300941467285156,FALSE,FALSE
"MR-GGI","CSq",680,50,"small","M4",0.058042049407959,FALSE,FALSE
"MR-GGI","CSq",681,150,"small","M0.1",0.109045028686523,FALSE,FALSE
"MR-GGI","CSq",682,150,"small","M1.1",0.0397989749908447,FALSE,FALSE
"MR-GGI","CSq",683,150,"small","M2.1",0.0558052062988281,FALSE,FALSE
"MR-GGI","CSq",684,150,"small","M3",0.114482879638672,FALSE,FALSE
"MR-GGI","CSq",685,150,"small","M4",0.0987989902496338,FALSE,FALSE
"MR-GGI","CSq",686,300,"small","M0.1",0.370221853256226,FALSE,FALSE
"MR-GGI","CSq",687,300,"small","M1.1",0.130074024200439,FALSE,FALSE
"MR-GGI","CSq",688,300,"small","M2.1",0.438719987869263,FALSE,FALSE
"MR-GGI","CSq",689,300,"small","M3",0.572796106338501,FALSE,FALSE
"MR-GGI","CSq",690,300,"small","M4",0.567685842514038,FALSE,FALSE
"MR-GGI","CSq",691,670,"small","M0.1",18.0375018119812,FALSE,FALSE
"MR-GGI","CSq",692,670,"small","M1.1",1.56555080413818,FALSE,FALSE
"MR-GGI","CSq",693,670,"small","M2.1",9.03051805496216,FALSE,FALSE
"MR-GGI","CSq",694,670,"small","M3",4.37230801582336,FALSE,FALSE
"MR-GGI","CSq",695,670,"small","M4",5.3774528503418,FALSE,FALSE
"MR-GGI","CSq",696,1000,"small","M0.1",4.63356494903564,FALSE,FALSE
"MR-GGI","CSq",697,1000,"small","M1.1",3.54580616950989,FALSE,FALSE
"MR-GGI","CSq",698,1000,"small","M2.1",2.81237196922302,FALSE,FALSE
"MR-GGI","CSq",699,1000,"small","M3",11.8121240139008,FALSE,FALSE
"MR-GGI","CSq",700,1000,"small","M4",8.01036190986633,FALSE,FALSE
"MR-GGI","CSq",701,50,"medium","M0.1",0.0295989513397217,FALSE,FALSE
"MR-GGI","CSq",702,50,"medium","M1.1",0.0449929237365723,FALSE,FALSE
"MR-GGI","CSq",703,50,"medium","M2.1",0.0545051097869873,FALSE,FALSE
"MR-GGI","CSq",704,50,"medium","M3",0.041003942489624,FALSE,FALSE
"MR-GGI","CSq",705,50,"medium","M4",0.022150993347168,FALSE,FALSE
"MR-GGI","CSq",706,150,"medium","M0.1",0.0490250587463379,FALSE,FALSE
"MR-GGI","CSq",707,150,"medium","M1.1",0.050199031829834,FALSE,FALSE
"MR-GGI","CSq",708,150,"medium","M2.1",0.0530450344085693,FALSE,FALSE
"MR-GGI","CSq",709,150,"medium","M3",0.0209391117095947,FALSE,FALSE
"MR-GGI","CSq",710,150,"medium","M4",0.0964920520782471,FALSE,FALSE
"MR-GGI","CSq",711,300,"medium","M0.1",0.70292592048645,FALSE,FALSE
"MR-GGI","CSq",712,300,"medium","M1.1",0.163567066192627,FALSE,FALSE
"MR-GGI","CSq",713,300,"medium","M2.1",0.150297880172729,FALSE,FALSE
"MR-GGI","CSq",714,300,"medium","M3",0.262434959411621,FALSE,FALSE
"MR-GGI","CSq",715,300,"medium","M4",0.107817888259888,FALSE,FALSE
"MR-GGI","CSq",716,670,"medium","M0.1",3.21122407913208,FALSE,FALSE
"MR-GGI","CSq",717,670,"medium","M1.1",6.53261494636536,FALSE,FALSE
"MR-GGI","CSq",718,670,"medium","M2.1",3.33490800857544,FALSE,FALSE
"MR-GGI","CSq",719,670,"medium","M3",9.68893194198608,FALSE,FALSE
"MR-GGI","CSq",720,670,"medium","M4",5.36193299293518,FALSE,FALSE
"MR-GGI","CSq",721,1000,"medium","M0.1",30.7405850887299,FALSE,FALSE
"MR-GGI","CSq",722,1000,"medium","M1.1",7.47232818603516,FALSE,FALSE
"MR-GGI","CSq",723,1000,"medium","M2.1",6.38480401039124,FALSE,FALSE
"MR-GGI","CSq",724,1000,"medium","M3",0.723927974700928,FALSE,FALSE
"MR-GGI","CSq",725,1000,"medium","M4",10.9842510223389,FALSE,FALSE
"MR-GGI","CSq",726,50,"large","M0.1",0.0383739471435547,FALSE,FALSE
"MR-GGI","CSq",727,50,"large","M1.1",0.0418539047241211,FALSE,FALSE
"MR-GGI","CSq",728,50,"large","M2.1",0.0410349369049072,FALSE,FALSE
"MR-GGI","CSq",729,50,"large","M3",0.034808874130249,FALSE,FALSE
"MR-GGI","CSq",730,50,"large","M4",0.092724084854126,FALSE,FALSE
"MR-GGI","CSq",731,150,"large","M0.1",0.0979061126708984,FALSE,FALSE
"MR-GGI","CSq",732,150,"large","M1.1",0.0256421566009521,FALSE,FALSE
"MR-GGI","CSq",733,150,"large","M2.1",0.0499799251556396,FALSE,FALSE
"MR-GGI","CSq",734,150,"large","M3",0.05165696144104,FALSE,FALSE
"MR-GGI","CSq",735,150,"large","M4",0.0255398750305176,FALSE,FALSE
"MR-GGI","CSq",736,300,"large","M0.1",0.554733037948608,FALSE,FALSE
"MR-GGI","CSq",737,300,"large","M1.1",0.204149007797241,FALSE,FALSE
"MR-GGI","CSq",738,300,"large","M2.1",0.318588972091675,FALSE,FALSE
"MR-GGI","CSq",739,300,"large","M3",0.25957179069519,FALSE,FALSE
"MR-GGI","CSq",740,300,"large","M4",0.274025917053223,FALSE,FALSE
"MR-GGI","CSq",741,670,"large","M0.1",3.92507100105286,FALSE,FALSE
"MR-GGI","CSq",742,670,"large","M1.1",2.8927628993988,FALSE,FALSE
"MR-GGI","CSq",743,670,"large","M2.1",6.86045289039612,FALSE,FALSE
"MR-GGI","CSq",744,670,"large","M3",4.37972688674927,FALSE,FALSE
"MR-GGI","CSq",745,670,"large","M4",3.26473689079285,FALSE,FALSE
"MR-GGI","CSq",746,1000,"large","M0.1",5.41742491722107,FALSE,FALSE
"MR-GGI","CSq",747,1000,"large","M1.1",15.9166629314423,FALSE,FALSE
"MR-GGI","CSq",748,1000,"large","M2.1",35.760134935379,FALSE,FALSE
"MR-GGI","CSq",749,1000,"large","M3",17.2396330833435,FALSE,FALSE
"MR-GGI","CSq",750,1000,"large","M4",1.22938799858093,FALSE,FALSE
"MR-GGI","CSq",751,50,"small","M0.1",0.0606698989868164,FALSE,FALSE
"MR-GGI","CSq",752,50,"small","M1.1",0.0177299976348877,FALSE,FALSE
"MR-GGI","CSq",753,50,"small","M2.1",0.0229568481445312,FALSE,FALSE
"MR-GGI","CSq",754,50,"small","M3",0.0513749122619629,FALSE,FALSE
"MR-GGI","CSq",755,50,"small","M4",0.0551960468292236,FALSE,FALSE
"MR-GGI","CSq",756,150,"small","M0.1",0.0942211151123047,FALSE,FALSE
"MR-GGI","CSq",757,150,"small","M1.1",0.0873029232025146,FALSE,FALSE
"MR-GGI","CSq",758,150,"small","M2.1",0.0314068794250488,FALSE,FALSE
"MR-GGI","CSq",759,150,"small","M3",0.0327041149139404,FALSE,FALSE
"MR-GGI","CSq",760,150,"small","M4",0.0490188598632812,FALSE,FALSE
"MR-GGI","CSq",761,300,"small","M0.1",0.249382972717285,FALSE,FALSE
"MR-GGI","CSq",762,300,"small","M1.1",0.318879842758179,FALSE,FALSE
"MR-GGI","CSq",763,300,"small","M2.1",0.577366828918457,FALSE,FALSE
"MR-GGI","CSq",764,300,"small","M3",0.306718826293945,FALSE,FALSE
"MR-GGI","CSq",765,300,"small","M4",0.357985973358154,FALSE,FALSE
"MR-GGI","CSq",766,670,"small","M0.1",1.50898385047913,FALSE,FALSE
"MR-GGI","CSq",767,670,"small","M1.1",8.06442904472351,FALSE,FALSE
"MR-GGI","CSq",768,670,"small","M2.1",2.50648403167725,FALSE,FALSE
"MR-GGI","CSq",769,670,"small","M3",6.49079895019531,FALSE,FALSE
"MR-GGI","CSq",770,670,"small","M4",5.72867202758789,FALSE,FALSE
"MR-GGI","CSq",771,1000,"small","M0.1",1.83144116401672,FALSE,FALSE
"MR-GGI","CSq",772,1000,"small","M1.1",2.30983304977417,FALSE,FALSE
"MR-GGI","CSq",773,1000,"small","M2.1",19.8492469787598,FALSE,FALSE
"MR-GGI","CSq",774,1000,"small","M3",21.1088330745697,FALSE,FALSE
"MR-GGI","CSq",775,1000,"small","M4",35.0937829017639,FALSE,FALSE
"MR-GGI","CSq",776,50,"medium","M0.1",0.0233697891235352,FALSE,FALSE
"MR-GGI","CSq",777,50,"medium","M1.1",0.0167009830474854,FALSE,FALSE
"MR-GGI","CSq",778,50,"medium","M2.1",0.0110840797424316,FALSE,FALSE
"MR-GGI","CSq",779,50,"medium","M3",0.0338191986083984,FALSE,FALSE
"MR-GGI","CSq",780,50,"medium","M4",0.023090124130249,FALSE,FALSE
"MR-GGI","CSq",781,150,"medium","M0.1",0.101053953170776,FALSE,FALSE
"MR-GGI","CSq",782,150,"medium","M1.1",0.0562708377838135,FALSE,FALSE
"MR-GGI","CSq",783,150,"medium","M2.1",0.0505340099334717,FALSE,FALSE
"MR-GGI","CSq",784,150,"medium","M3",0.0516631603240967,FALSE,FALSE
"MR-GGI","CSq",785,150,"medium","M4",0.045881986618042,FALSE,FALSE
"MR-GGI","CSq",786,300,"medium","M0.1",0.2933349609375,FALSE,FALSE
"MR-GGI","CSq",787,300,"medium","M1.1",0.119301080703735,FALSE,FALSE
"MR-GGI","CSq",788,300,"medium","M2.1",0.0752348899841309,FALSE,FALSE
"MR-GGI","CSq",789,300,"medium","M3",0.194900989532471,FALSE,FALSE
"MR-GGI","CSq",790,300,"medium","M4",0.133471012115479,FALSE,FALSE
"MR-GGI","CSq",791,670,"medium","M0.1",6.81887912750244,FALSE,FALSE
"MR-GGI","CSq",792,670,"medium","M1.1",7.75636601448059,FALSE,FALSE
"MR-GGI","CSq",793,670,"medium","M2.1",4.22283506393433,FALSE,FALSE
"MR-GGI","CSq",794,670,"medium","M3",0.981817007064819,FALSE,FALSE
"MR-GGI","CSq",795,670,"medium","M4",1.84368491172791,FALSE,FALSE
"MR-GGI","CSq",796,1000,"medium","M0.1",18.3390719890594,FALSE,FALSE
"MR-GGI","CSq",797,1000,"medium","M1.1",8.12065887451172,FALSE,FALSE
"MR-GGI","CSq",798,1000,"medium","M2.1",71.3463730812073,FALSE,FALSE
"MR-GGI","CSq",799,1000,"medium","M3",21.6956429481506,FALSE,FALSE
"MR-GGI","CSq",800,1000,"medium","M4",10.2070970535278,FALSE,FALSE
"MR-GGI","CSq",801,50,"large","M0.1",0.0437049865722656,FALSE,FALSE
"MR-GGI","CSq",802,50,"large","M1.1",0.0486841201782227,FALSE,FALSE
"MR-GGI","CSq",803,50,"large","M2.1",0.0374369621276855,FALSE,FALSE
"MR-GGI","CSq",804,50,"large","M3",0.0213010311126709,FALSE,FALSE
"MR-GGI","CSq",805,50,"large","M4",0.0585839748382568,FALSE,FALSE
"MR-GGI","CSq",806,150,"large","M0.1",0.015477180480957,FALSE,FALSE
"MR-GGI","CSq",807,150,"large","M1.1",0.0236320495605469,FALSE,FALSE
"MR-GGI","CSq",808,150,"large","M2.1",0.0352921485900879,FALSE,FALSE
"MR-GGI","CSq",809,150,"large","M3",0.06125807762146,FALSE,FALSE
"MR-GGI","CSq",810,150,"large","M4",0.0490589141845703,FALSE,FALSE
"MR-GGI","CSq",811,300,"large","M0.1",0.671623945236206,FALSE,FALSE
"MR-GGI","CSq",812,300,"large","M1.1",0.259745121002197,FALSE,FALSE
"MR-GGI","CSq",813,300,"large","M2.1",0.171796083450317,FALSE,FALSE
"MR-GGI","CSq",814,300,"large","M3",0.353311061859131,FALSE,FALSE
"MR-GGI","CSq",815,300,"large","M4",0.72937798500061,FALSE,FALSE
"MR-GGI","CSq",816,670,"large","M0.1",1.49417304992676,FALSE,FALSE
"MR-GGI","CSq",817,670,"large","M1.1",6.78538107872009,FALSE,FALSE
"MR-GGI","CSq",818,670,"large","M2.1",2.21155905723572,FALSE,FALSE
"MR-GGI","CSq",819,670,"large","M3",5.03792500495911,FALSE,FALSE
"MR-GGI","CSq",820,670,"large","M4",1.57693481445312,FALSE,FALSE
"MR-GGI","CSq",821,1000,"large","M0.1",42.2141630649567,FALSE,FALSE
"MR-GGI","CSq",822,1000,"large","M1.1",7.45696187019348,FALSE,FALSE
"MR-GGI","CSq",823,1000,"large","M2.1",0.897257089614868,FALSE,FALSE
"MR-GGI","CSq",824,1000,"large","M3",2.36670303344727,FALSE,FALSE
"MR-GGI","CSq",825,1000,"large","M4",1.64194703102112,FALSE,FALSE
"MR-GGI","CSq",826,50,"small","M0.1",0.0306758880615234,FALSE,FALSE
"MR-GGI","CSq",827,50,"small","M1.1",0.0215229988098145,FALSE,FALSE
"MR-GGI","CSq",828,50,"small","M2.1",0.037592887878418,FALSE,FALSE
"MR-GGI","CSq",829,50,"small","M3",0.0166587829589844,FALSE,FALSE
"MR-GGI","CSq",830,50,"small","M4",0.0184440612792969,FALSE,FALSE
"MR-GGI","CSq",831,150,"small","M0.1",0.10310697555542,FALSE,FALSE
"MR-GGI","CSq",832,150,"small","M1.1",0.0788261890411377,FALSE,FALSE
"MR-GGI","CSq",833,150,"small","M2.1",0.0196330547332764,FALSE,FALSE
"MR-GGI","CSq",834,150,"small","M3",0.0504770278930664,FALSE,FALSE
"MR-GGI","CSq",835,150,"small","M4",0.0678730010986328,FALSE,FALSE
"MR-GGI","CSq",836,300,"small","M0.1",0.987365007400513,FALSE,FALSE
"MR-GGI","CSq",837,300,"small","M1.1",0.334434032440186,FALSE,FALSE
"MR-GGI","CSq",838,300,"small","M2.1",0.652077198028564,FALSE,FALSE
"MR-GGI","CSq",839,300,"small","M3",0.548317909240723,FALSE,FALSE
"MR-GGI","CSq",840,300,"small","M4",0.843998908996582,FALSE,FALSE
"MR-GGI","CSq",841,670,"small","M0.1",2.4781219959259,FALSE,FALSE
"MR-GGI","CSq",842,670,"small","M1.1",3.0852210521698,FALSE,FALSE
"MR-GGI","CSq",843,670,"small","M2.1",2.10486102104187,FALSE,FALSE
"MR-GGI","CSq",844,670,"small","M3",5.02261996269226,FALSE,FALSE
"MR-GGI","CSq",845,670,"small","M4",4.90004396438599,FALSE,FALSE
"MR-GGI","CSq",846,1000,"small","M0.1",0.914516925811768,FALSE,FALSE
"MR-GGI","CSq",847,1000,"small","M1.1",52.1547758579254,FALSE,FALSE
"MR-GGI","CSq",848,1000,"small","M2.1",2.90061092376709,FALSE,FALSE
"MR-GGI","CSq",849,1000,"small","M3",49.8333899974823,FALSE,FALSE
"MR-GGI","CSq",850,1000,"small","M4",38.0496318340302,FALSE,FALSE
"MR-GGI","CSq",851,50,"medium","M0.1",0.023064136505127,FALSE,FALSE
"MR-GGI","CSq",852,50,"medium","M1.1",0.0451879501342773,FALSE,FALSE
"MR-GGI","CSq",853,50,"medium","M2.1",0.0144460201263428,FALSE,FALSE
"MR-GGI","CSq",854,50,"medium","M3",0.0208899974822998,FALSE,FALSE
"MR-GGI","CSq",855,50,"medium","M4",0.0222840309143066,FALSE,FALSE
"MR-GGI","CSq",856,150,"medium","M0.1",0.0616059303283691,FALSE,FALSE
"MR-GGI","CSq",857,150,"medium","M1.1",0.0902791023254395,FALSE,FALSE
"MR-GGI","CSq",858,150,"medium","M2.1",0.0321400165557861,FALSE,FALSE
"MR-GGI","CSq",859,150,"medium","M3",0.021589994430542,FALSE,FALSE
"MR-GGI","CSq",860,150,"medium","M4",0.0449240207672119,FALSE,FALSE
"MR-GGI","CSq",861,300,"medium","M0.1",0.205023050308228,FALSE,FALSE
"MR-GGI","CSq",862,300,"medium","M1.1",0.356898069381714,FALSE,FALSE
"MR-GGI","CSq",863,300,"medium","M2.1",0.240928888320923,FALSE,FALSE
"MR-GGI","CSq",864,300,"medium","M3",0.197511911392212,FALSE,FALSE
"MR-GGI","CSq",865,300,"medium","M4",0.557523965835571,FALSE,FALSE
"MR-GGI","CSq",866,670,"medium","M0.1",3.59601402282715,FALSE,FALSE
"MR-GGI","CSq",867,670,"medium","M1.1",4.66441512107849,FALSE,FALSE
"MR-GGI","CSq",868,670,"medium","M2.1",4.48464488983154,FALSE,FALSE
"MR-GGI","CSq",869,670,"medium","M3",6.26979899406433,FALSE,FALSE
"MR-GGI","CSq",870,670,"medium","M4",6.0164680480957,FALSE,FALSE
"MR-GGI","CSq",871,1000,"medium","M0.1",46.5054941177368,FALSE,FALSE
"MR-GGI","CSq",872,1000,"medium","M1.1",2.23436808586121,FALSE,FALSE
"MR-GGI","CSq",873,1000,"medium","M2.1",16.0099940299988,FALSE,FALSE
"MR-GGI","CSq",874,1000,"medium","M3",29.4334971904755,FALSE,FALSE
"MR-GGI","CSq",875,1000,"medium","M4",2.40033602714539,FALSE,FALSE
"MR-GGI","CSq",876,50,"large","M0.1",0.0537238121032715,FALSE,FALSE
"MR-GGI","CSq",877,50,"large","M1.1",0.0167989730834961,FALSE,FALSE
"MR-GGI","CSq",878,50,"large","M2.1",0.0194439888000488,FALSE,FALSE
"MR-GGI","CSq",879,50,"large","M3",0.036613941192627,FALSE,FALSE
"MR-GGI","CSq",880,50,"large","M4",0.0209250450134277,FALSE,FALSE
"MR-GGI","CSq",881,150,"large","M0.1",0.126184940338135,FALSE,FALSE
"MR-GGI","CSq",882,150,"large","M1.1",0.0312061309814453,FALSE,FALSE
"MR-GGI","CSq",883,150,"large","M2.1",0.0480809211730957,FALSE,FALSE
"MR-GGI","CSq",884,150,"large","M3",0.0496461391448975,FALSE,FALSE
"MR-GGI","CSq",885,150,"large","M4",0.0345950126647949,FALSE,FALSE
"MR-GGI","CSq",886,300,"large","M0.1",0.796005010604858,FALSE,FALSE
"MR-GGI","CSq",887,300,"large","M1.1",0.172936916351318,FALSE,FALSE
"MR-GGI","CSq",888,300,"large","M2.1",0.180968999862671,FALSE,FALSE
"MR-GGI","CSq",889,300,"large","M3",0.375103950500488,FALSE,FALSE
"MR-GGI","CSq",890,300,"large","M4",0.212231159210205,FALSE,FALSE
"MR-GGI","CSq",891,670,"large","M0.1",4.76510119438171,FALSE,FALSE
"MR-GGI","CSq",892,670,"large","M1.1",2.46751403808594,FALSE,FALSE
"MR-GGI","CSq",893,670,"large","M2.1",2.4490978717804,FALSE,FALSE
"MR-GGI","CSq",894,670,"large","M3",1.44027495384216,FALSE,FALSE
"MR-GGI","CSq",895,670,"large","M4",4.47634506225586,FALSE,FALSE
"MR-GGI","CSq",896,1000,"large","M0.1",88.4029810428619,FALSE,FALSE
"MR-GGI","CSq",897,1000,"large","M1.1",2.62171196937561,FALSE,FALSE
"MR-GGI","CSq",898,1000,"large","M2.1",2.0323178768158,FALSE,FALSE
"MR-GGI","CSq",899,1000,"large","M3",37.4983160495758,FALSE,FALSE
"MR-GGI","CSq",900,1000,"large","M4",3.12960314750671,FALSE,FALSE
"MR-GGI","CSq",901,50,"small","M0.1",0.0360260009765625,FALSE,FALSE
"MR-GGI","CSq",902,50,"small","M1.1",0.0377378463745117,FALSE,FALSE
"MR-GGI","CSq",903,50,"small","M2.1",0.0427601337432861,FALSE,FALSE
"MR-GGI","CSq",904,50,"small","M3",0.060554027557373,FALSE,FALSE
"MR-GGI","CSq",905,50,"small","M4",0.0572988986968994,FALSE,FALSE
"MR-GGI","CSq",906,150,"small","M0.1",0.0351150035858154,FALSE,FALSE
"MR-GGI","CSq",907,150,"small","M1.1",0.0479269027709961,FALSE,FALSE
"MR-GGI","CSq",908,150,"small","M2.1",0.0986530780792236,FALSE,FALSE
"MR-GGI","CSq",909,150,"small","M3",0.038794994354248,FALSE,FALSE
"MR-GGI","CSq",910,150,"small","M4",0.0844700336456299,FALSE,FALSE
"MR-GGI","CSq",911,300,"small","M0.1",0.140231132507324,FALSE,FALSE
"MR-GGI","CSq",912,300,"small","M1.1",0.132591009140015,FALSE,FALSE
"MR-GGI","CSq",913,300,"small","M2.1",0.406051874160767,FALSE,FALSE
"MR-GGI","CSq",914,300,"small","M3",0.568072080612183,FALSE,FALSE
"MR-GGI","CSq",915,300,"small","M4",0.451936006546021,FALSE,FALSE
"MR-GGI","CSq",916,670,"small","M0.1",5.7693920135498,FALSE,FALSE
"MR-GGI","CSq",917,670,"small","M1.1",7.12893009185791,FALSE,FALSE
"MR-GGI","CSq",918,670,"small","M2.1",2.63197803497314,FALSE,FALSE
"MR-GGI","CSq",919,670,"small","M3",4.56704306602478,FALSE,FALSE
"MR-GGI","CSq",920,670,"small","M4",4.06463408470154,FALSE,FALSE
"MR-GGI","CSq",921,1000,"small","M0.1",12.0653140544891,FALSE,FALSE
"MR-GGI","CSq",922,1000,"small","M1.1",38.8948979377747,FALSE,FALSE
"MR-GGI","CSq",923,1000,"small","M2.1",8.52004194259644,FALSE,FALSE
"MR-GGI","CSq",924,1000,"small","M3",12.6234219074249,FALSE,FALSE
"MR-GGI","CSq",925,1000,"small","M4",20.1939268112183,FALSE,FALSE
"MR-GGI","CSq",926,50,"medium","M0.1",0.0155510902404785,FALSE,FALSE
"MR-GGI","CSq",927,50,"medium","M1.1",0.0186600685119629,FALSE,FALSE
"MR-GGI","CSq",928,50,"medium","M2.1",0.0209469795227051,FALSE,FALSE
"MR-GGI","CSq",929,50,"medium","M3",0.0367939472198486,FALSE,FALSE
"MR-GGI","CSq",930,50,"medium","M4",0.0302419662475586,FALSE,FALSE
"MR-GGI","CSq",931,150,"medium","M0.1",0.0417690277099609,FALSE,FALSE
"MR-GGI","CSq",932,150,"medium","M1.1",0.030332088470459,FALSE,FALSE
"MR-GGI","CSq",933,150,"medium","M2.1",0.047482967376709,FALSE,FALSE
"MR-GGI","CSq",934,150,"medium","M3",0.0532639026641846,FALSE,FALSE
"MR-GGI","CSq",935,150,"medium","M4",0.0105521678924561,FALSE,FALSE
"MR-GGI","CSq",936,300,"medium","M0.1",0.457479953765869,FALSE,FALSE
"MR-GGI","CSq",937,300,"medium","M1.1",0.430789947509766,FALSE,FALSE
"MR-GGI","CSq",938,300,"medium","M2.1",0.515278100967407,FALSE,FALSE
"MR-GGI","CSq",939,300,"medium","M3",0.302004098892212,FALSE,FALSE
"MR-GGI","CSq",940,300,"medium","M4",0.111636877059937,FALSE,FALSE
"MR-GGI","CSq",941,670,"medium","M0.1",4.71821689605713,FALSE,FALSE
"MR-GGI","CSq",942,670,"medium","M1.1",4.58927083015442,FALSE,FALSE
"MR-GGI","CSq",943,670,"medium","M2.1",5.51588320732117,FALSE,FALSE
"MR-GGI","CSq",944,670,"medium","M3",5.90634298324585,FALSE,FALSE
"MR-GGI","CSq",945,670,"medium","M4",0.722210884094238,FALSE,FALSE
"MR-GGI","CSq",946,1000,"medium","M0.1",9.40672898292542,FALSE,FALSE
"MR-GGI","CSq",947,1000,"medium","M1.1",9.43652009963989,FALSE,FALSE
"MR-GGI","CSq",948,1000,"medium","M2.1",86.1920409202576,FALSE,FALSE
"MR-GGI","CSq",949,1000,"medium","M3",13.4982318878174,FALSE,FALSE
"MR-GGI","CSq",950,1000,"medium","M4",7.52381706237793,FALSE,FALSE
"MR-GGI","CSq",951,50,"large","M0.1",0.0386950969696045,FALSE,FALSE
"MR-GGI","CSq",952,50,"large","M1.1",0.0451569557189941,FALSE,FALSE
"MR-GGI","CSq",953,50,"large","M2.1",0.0217781066894531,FALSE,FALSE
"MR-GGI","CSq",954,50,"large","M3",0.0332820415496826,FALSE,FALSE
"MR-GGI","CSq",955,50,"large","M4",0.0159168243408203,FALSE,FALSE
"MR-GGI","CSq",956,150,"large","M0.1",0.0971858501434326,FALSE,FALSE
"MR-GGI","CSq",957,150,"large","M1.1",0.0106978416442871,FALSE,FALSE
"MR-GGI","CSq",958,150,"large","M2.1",0.019597053527832,FALSE,FALSE
"MR-GGI","CSq",959,150,"large","M3",0.0505039691925049,FALSE,FALSE
"MR-GGI","CSq",960,150,"large","M4",0.0203640460968018,FALSE,FALSE
"MR-GGI","CSq",961,300,"large","M0.1",0.326037168502808,FALSE,FALSE
"MR-GGI","CSq",962,300,"large","M1.1",0.160326957702637,FALSE,FALSE
"MR-GGI","CSq",963,300,"large","M2.1",0.213107109069824,FALSE,FALSE
"MR-GGI","CSq",964,300,"large","M3",0.16652512550354,FALSE,FALSE
"MR-GGI","CSq",965,300,"large","M4",0.333111047744751,FALSE,FALSE
"MR-GGI","CSq",966,670,"large","M0.1",1.99185180664062,FALSE,FALSE
"MR-GGI","CSq",967,670,"large","M1.1",1.79738688468933,FALSE,FALSE
"MR-GGI","CSq",968,670,"large","M2.1",1.66015100479126,FALSE,FALSE
"MR-GGI","CSq",969,670,"large","M3",2.48256897926331,FALSE,FALSE
"MR-GGI","CSq",970,670,"large","M4",1.01678013801575,FALSE,FALSE
"MR-GGI","CSq",971,1000,"large","M0.1",20.0307340621948,FALSE,FALSE
"MR-GGI","CSq",972,1000,"large","M1.1",10.2186529636383,FALSE,FALSE
"MR-GGI","CSq",973,1000,"large","M2.1",3.93678092956543,FALSE,FALSE
"MR-GGI","CSq",974,1000,"large","M3",14.115159034729,FALSE,FALSE
"MR-GGI","CSq",975,1000,"large","M4",9.17842888832092,FALSE,FALSE
"MR-GGI","CSq",976,50,"small","M0.1",0.0605621337890625,FALSE,FALSE
"MR-GGI","CSq",977,50,"small","M1.1",0.0482730865478516,FALSE,FALSE
"MR-GGI","CSq",978,50,"small","M2.1",0.0415909290313721,FALSE,FALSE
"MR-GGI","CSq",979,50,"small","M3",0.0175299644470215,FALSE,FALSE
"MR-GGI","CSq",980,50,"small","M4",0.0189681053161621,FALSE,FALSE
"MR-GGI","CSq",981,150,"small","M0.1",0.0323209762573242,FALSE,FALSE
"MR-GGI","CSq",982,150,"small","M1.1",0.0381669998168945,FALSE,FALSE
"MR-GGI","CSq",983,150,"small","M2.1",0.057873010635376,FALSE,FALSE
"MR-GGI","CSq",984,150,"small","M3",0.0332489013671875,FALSE,FALSE
"MR-GGI","CSq",985,150,"small","M4",0.0443670749664307,FALSE,FALSE
"MR-GGI","CSq",986,300,"small","M0.1",0.363173961639404,FALSE,FALSE
"MR-GGI","CSq",987,300,"small","M1.1",0.358059167861938,FALSE,FALSE
"MR-GGI","CSq",988,300,"small","M2.1",0.555452823638916,FALSE,FALSE
"MR-GGI","CSq",989,300,"small","M3",0.421624898910522,FALSE,FALSE
"MR-GGI","CSq",990,300,"small","M4",0.266349077224731,FALSE,FALSE
"MR-GGI","CSq",991,670,"small","M0.1",3.50587701797485,FALSE,FALSE
"MR-GGI","CSq",992,670,"small","M1.1",1.68903589248657,FALSE,FALSE
"MR-GGI","CSq",993,670,"small","M2.1",7.52990794181824,FALSE,FALSE
"MR-GGI","CSq",994,670,"small","M3",1.5882420539856,FALSE,FALSE
"MR-GGI","CSq",995,670,"small","M4",7.25446796417236,FALSE,FALSE
"MR-GGI","CSq",996,1000,"small","M0.1",16.6464681625366,FALSE,FALSE
"MR-GGI","CSq",997,1000,"small","M1.1",23.766881942749,FALSE,FALSE
"MR-GGI","CSq",998,1000,"small","M2.1",1.81263613700867,FALSE,FALSE
"MR-GGI","CSq",999,1000,"small","M3",36.3710510730743,FALSE,FALSE
"MR-GGI","CSq",1000,1000,"small","M4",20.2126879692078,FALSE,FALSE
"MR-GGI","CSq",1001,50,"medium","M0.1",0.0275149345397949,FALSE,FALSE
"MR-GGI","CSq",1002,50,"medium","M1.1",0.0472497940063477,FALSE,FALSE
"MR-GGI","CSq",1003,50,"medium","M2.1",0.02065110206604,FALSE,FALSE
"MR-GGI","CSq",1004,50,"medium","M3",0.0477280616760254,FALSE,FALSE
"MR-GGI","CSq",1005,50,"medium","M4",0.0434708595275879,FALSE,FALSE
"MR-GGI","CSq",1006,150,"medium","M0.1",0.03963303565979,FALSE,FALSE
"MR-GGI","CSq",1007,150,"medium","M1.1",0.115705013275146,FALSE,FALSE
"MR-GGI","CSq",1008,150,"medium","M2.1",0.0909469127655029,FALSE,FALSE
"MR-GGI","CSq",1009,150,"medium","M3",0.0385549068450928,FALSE,FALSE
"MR-GGI","CSq",1010,150,"medium","M4",0.0791840553283691,FALSE,FALSE
"MR-GGI","CSq",1011,300,"medium","M0.1",0.262727975845337,FALSE,FALSE
"MR-GGI","CSq",1012,300,"medium","M1.1",0.553493976593018,FALSE,FALSE
"MR-GGI","CSq",1013,300,"medium","M2.1",0.503044128417969,FALSE,FALSE
"MR-GGI","CSq",1014,300,"medium","M3",0.392096996307373,FALSE,FALSE
"MR-GGI","CSq",1015,300,"medium","M4",0.398328065872192,FALSE,FALSE
"MR-GGI","CSq",1016,670,"medium","M0.1",4.03968000411987,FALSE,FALSE
"MR-GGI","CSq",1017,670,"medium","M1.1",6.834144115448,FALSE,FALSE
"MR-GGI","CSq",1018,670,"medium","M2.1",7.49472594261169,FALSE,FALSE
"MR-GGI","CSq",1019,670,"medium","M3",3.90009999275208,FALSE,FALSE
"MR-GGI","CSq",1020,670,"medium","M4",1.94516396522522,FALSE,FALSE
"MR-GGI","CSq",1021,1000,"medium","M0.1",16.5894110202789,FALSE,FALSE
"MR-GGI","CSq",1022,1000,"medium","M1.1",39.2053508758545,FALSE,FALSE
"MR-GGI","CSq",1023,1000,"medium","M2.1",56.197142124176,FALSE,FALSE
"MR-GGI","CSq",1024,1000,"medium","M3",3.84624195098877,FALSE,FALSE
"MR-GGI","CSq",1025,1000,"medium","M4",23.3193669319153,FALSE,FALSE
"MR-GGI","CSq",1026,50,"large","M0.1",0.0490958690643311,FALSE,FALSE
"MR-GGI","CSq",1027,50,"large","M1.1",0.0430090427398682,FALSE,FALSE
"MR-GGI","CSq",1028,50,"large","M2.1",0.0111360549926758,FALSE,FALSE
"MR-GGI","CSq",1029,50,"large","M3",0.0500428676605225,FALSE,FALSE
"MR-GGI","CSq",1030,50,"large","M4",0.040604829788208,FALSE,FALSE
"MR-GGI","CSq",1031,150,"large","M0.1",0.0674479007720947,FALSE,FALSE
"MR-GGI","CSq",1032,150,"large","M1.1",0.0170831680297852,FALSE,FALSE
"MR-GGI","CSq",1033,150,"large","M2.1",0.097830057144165,FALSE,FALSE
"MR-GGI","CSq",1034,150,"large","M3",0.0381669998168945,FALSE,FALSE
"MR-GGI","CSq",1035,150,"large","M4",0.00860905647277832,FALSE,FALSE
"MR-GGI","CSq",1036,300,"large","M0.1",0.0874459743499756,FALSE,FALSE
"MR-GGI","CSq",1037,300,"large","M1.1",0.277241945266724,FALSE,FALSE
"MR-GGI","CSq",1038,300,"large","M2.1",1.0959951877594,FALSE,FALSE
"MR-GGI","CSq",1039,300,"large","M3",0.217222929000854,FALSE,FALSE
"MR-GGI","CSq",1040,300,"large","M4",0.54737401008606,FALSE,FALSE
"MR-GGI","CSq",1041,670,"large","M0.1",1.74394798278809,FALSE,FALSE
"MR-GGI","CSq",1042,670,"large","M1.1",2.65720582008362,FALSE,FALSE
"MR-GGI","CSq",1043,670,"large","M2.1",8.05787920951843,FALSE,FALSE
"MR-GGI","CSq",1044,670,"large","M3",7.73200011253357,FALSE,FALSE
"MR-GGI","CSq",1045,670,"large","M4",1.12434005737305,FALSE,FALSE
"MR-GGI","CSq",1046,1000,"large","M0.1",13.9884090423584,FALSE,FALSE
"MR-GGI","CSq",1047,1000,"large","M1.1",7.99203085899353,FALSE,FALSE
"MR-GGI","CSq",1048,1000,"large","M2.1",66.9496238231659,FALSE,FALSE
"MR-GGI","CSq",1049,1000,"large","M3",8.61913108825684,FALSE,FALSE
"MR-GGI","CSq",1050,1000,"large","M4",10.9568309783936,FALSE,FALSE
"MR-GGI","CSq",1051,50,"small","M0.1",0.0553290843963623,FALSE,FALSE
"MR-GGI","CSq",1052,50,"small","M1.1",0.0163519382476807,FALSE,FALSE
"MR-GGI","CSq",1053,50,"small","M2.1",0.0246031284332275,FALSE,FALSE
"MR-GGI","CSq",1054,50,"small","M3",0.0239419937133789,FALSE,FALSE
"MR-GGI","CSq",1055,50,"small","M4",0.0521109104156494,FALSE,FALSE
"MR-GGI","CSq",1056,150,"small","M0.1",0.114670991897583,FALSE,FALSE
"MR-GGI","CSq",1057,150,"small","M1.1",0.10413384437561,FALSE,FALSE
"MR-GGI","CSq",1058,150,"small","M2.1",0.0551931858062744,FALSE,FALSE
"MR-GGI","CSq",1059,150,"small","M3",0.0360031127929688,FALSE,FALSE
"MR-GGI","CSq",1060,150,"small","M4",0.0495710372924805,FALSE,FALSE
"MR-GGI","CSq",1061,300,"small","M0.1",0.187162160873413,FALSE,FALSE
"MR-GGI","CSq",1062,300,"small","M1.1",0.183308839797974,FALSE,FALSE
"MR-GGI","CSq",1063,300,"small","M2.1",0.171955108642578,FALSE,FALSE
"MR-GGI","CSq",1064,300,"small","M3",2.29770183563232,FALSE,FALSE
"MR-GGI","CSq",1065,300,"small","M4",0.197935819625854,FALSE,FALSE
"MR-GGI","CSq",1066,670,"small","M0.1",10.5302860736847,FALSE,FALSE
"MR-GGI","CSq",1067,670,"small","M1.1",15.5785670280457,FALSE,FALSE
"MR-GGI","CSq",1068,670,"small","M2.1",18.1923940181732,FALSE,FALSE
"MR-GGI","CSq",1069,670,"small","M3",17.5605480670929,FALSE,FALSE
"MR-GGI","CSq",1070,670,"small","M4",1.2115261554718,FALSE,FALSE
"MR-GGI","CSq",1071,1000,"small","M0.1",13.6186699867249,FALSE,FALSE
"MR-GGI","CSq",1072,1000,"small","M1.1",24.280571937561,FALSE,FALSE
"MR-GGI","CSq",1073,1000,"small","M2.1",15.6990668773651,FALSE,FALSE
"MR-GGI","CSq",1074,1000,"small","M3",16.6220898628235,FALSE,FALSE
"MR-GGI","CSq",1075,1000,"small","M4",10.2897908687592,FALSE,FALSE
"MR-GGI","CSq",1076,50,"medium","M0.1",0.0476760864257812,FALSE,FALSE
"MR-GGI","CSq",1077,50,"medium","M1.1",0.0177559852600098,FALSE,FALSE
"MR-GGI","CSq",1078,50,"medium","M2.1",0.0356290340423584,FALSE,FALSE
"MR-GGI","CSq",1079,50,"medium","M3",0.0257890224456787,FALSE,FALSE
"MR-GGI","CSq",1080,50,"medium","M4",0.036203145980835,FALSE,FALSE
"MR-GGI","CSq",1081,150,"medium","M0.1",0.069861888885498,FALSE,FALSE
"MR-GGI","CSq",1082,150,"medium","M1.1",0.0788581371307373,FALSE,FALSE
"MR-GGI","CSq",1083,150,"medium","M2.1",0.0400130748748779,FALSE,FALSE
"MR-GGI","CSq",1084,150,"medium","M3",0.0907309055328369,FALSE,FALSE
"MR-GGI","CSq",1085,150,"medium","M4",0.0350708961486816,FALSE,FALSE
"MR-GGI","CSq",1086,300,"medium","M0.1",2.22000908851624,FALSE,FALSE
"MR-GGI","CSq",1087,300,"medium","M1.1",2.13797378540039,FALSE,FALSE
"MR-GGI","CSq",1088,300,"medium","M2.1",1.76747584342957,FALSE,FALSE
"MR-GGI","CSq",1089,300,"medium","M3",1.47457814216614,FALSE,FALSE
"MR-GGI","CSq",1090,300,"medium","M4",2.10303688049316,FALSE,FALSE
"MR-GGI","CSq",1091,670,"medium","M0.1",15.6823680400848,FALSE,FALSE
"MR-GGI","CSq",1092,670,"medium","M1.1",6.01498818397522,FALSE,FALSE
"MR-GGI","CSq",1093,670,"medium","M2.1",38.8484108448029,FALSE,FALSE
"MR-GGI","CSq",1094,670,"medium","M3",17.7729599475861,FALSE,FALSE
"MR-GGI","CSq",1095,670,"medium","M4",15.4152631759644,FALSE,FALSE
"MR-GGI","CSq",1096,1000,"medium","M0.1",23.1255350112915,FALSE,FALSE
"MR-GGI","CSq",1097,1000,"medium","M1.1",17.4296181201935,FALSE,FALSE
"MR-GGI","CSq",1098,1000,"medium","M2.1",5.20375919342041,FALSE,FALSE
"MR-GGI","CSq",1099,1000,"medium","M3",2.74766302108765,FALSE,FALSE
"MR-GGI","CSq",1100,1000,"medium","M4",0.888008117675781,FALSE,FALSE
"MR-GGI","CSq",1101,50,"large","M0.1",0.0223779678344727,FALSE,FALSE
"MR-GGI","CSq",1102,50,"large","M1.1",0.0499758720397949,FALSE,FALSE
"MR-GGI","CSq",1103,50,"large","M2.1",0.0431778430938721,FALSE,FALSE
"MR-GGI","CSq",1104,50,"large","M3",0.0437421798706055,FALSE,FALSE
"MR-GGI","CSq",1105,50,"large","M4",0.0730521678924561,FALSE,FALSE
"MR-GGI","CSq",1106,150,"large","M0.1",0.0462021827697754,FALSE,FALSE
"MR-GGI","CSq",1107,150,"large","M1.1",0.0504779815673828,FALSE,FALSE
"MR-GGI","CSq",1108,150,"large","M2.1",0.142511129379272,FALSE,FALSE
"MR-GGI","CSq",1109,150,"large","M3",0.130127906799316,FALSE,FALSE
"MR-GGI","CSq",1110,150,"large","M4",0.0316860675811768,FALSE,FALSE
"MR-GGI","CSq",1111,300,"large","M0.1",1.62640786170959,FALSE,FALSE
"MR-GGI","CSq",1112,300,"large","M1.1",0.54440712928772,FALSE,FALSE
"MR-GGI","CSq",1113,300,"large","M2.1",0.401017904281616,FALSE,FALSE
"MR-GGI","CSq",1114,300,"large","M3",1.62726998329163,FALSE,FALSE
"MR-GGI","CSq",1115,300,"large","M4",0.454658985137939,FALSE,FALSE
"MR-GGI","CSq",1116,670,"large","M0.1",4.51827812194824,FALSE,FALSE
"MR-GGI","CSq",1117,670,"large","M1.1",20.6925699710846,FALSE,FALSE
"MR-GGI","CSq",1118,670,"large","M2.1",10.6326220035553,FALSE,FALSE
"MR-GGI","CSq",1119,670,"large","M3",2.45839905738831,FALSE,FALSE
"MR-GGI","CSq",1120,670,"large","M4",7.41173195838928,FALSE,FALSE
"MR-GGI","CSq",1121,1000,"large","M0.1",3.74017095565796,FALSE,FALSE
"MR-GGI","CSq",1122,1000,"large","M1.1",3.26222991943359,FALSE,FALSE
"MR-GGI","CSq",1123,1000,"large","M2.1",3.78863906860352,FALSE,FALSE
"MR-GGI","CSq",1124,1000,"large","M3",19.2772579193115,FALSE,FALSE
"MR-GGI","CSq",1125,1000,"large","M4",21.7046580314636,FALSE,FALSE
"MR-GGI","CSq",1126,50,"small","M0.1",0.0262570381164551,FALSE,FALSE
"MR-GGI","CSq",1127,50,"small","M1.1",0.0521731376647949,FALSE,FALSE
"MR-GGI","CSq",1128,50,"small","M2.1",0.0266730785369873,FALSE,FALSE
"MR-GGI","CSq",1129,50,"small","M3",0.021245002746582,FALSE,FALSE
"MR-GGI","CSq",1130,50,"small","M4",0.0156211853027344,FALSE,FALSE
"MR-GGI","CSq",1131,150,"small","M0.1",0.0469019412994385,FALSE,FALSE
"MR-GGI","CSq",1132,150,"small","M1.1",0.0486249923706055,FALSE,FALSE
"MR-GGI","CSq",1133,150,"small","M2.1",0.0887138843536377,FALSE,FALSE
"MR-GGI","CSq",1134,150,"small","M3",0.0368151664733887,FALSE,FALSE
"MR-GGI","CSq",1135,150,"small","M4",0.0928139686584473,FALSE,FALSE
"MR-GGI","CSq",1136,300,"small","M0.1",2.12381196022034,FALSE,FALSE
"MR-GGI","CSq",1137,300,"small","M1.1",0.505499839782715,FALSE,FALSE
"MR-GGI","CSq",1138,300,"small","M2.1",2.79995107650757,FALSE,FALSE
"MR-GGI","CSq",1139,300,"small","M3",1.00631499290466,FALSE,FALSE
"MR-GGI","CSq",1140,300,"small","M4",0.201529026031494,FALSE,FALSE
"MR-GGI","CSq",1141,670,"small","M0.1",12.2976019382477,FALSE,FALSE
"MR-GGI","CSq",1142,670,"small","M1.1",4.43962216377258,FALSE,FALSE
"MR-GGI","CSq",1143,670,"small","M2.1",5.73599195480347,FALSE,FALSE
"MR-GGI","CSq",1144,670,"small","M3",3.13388681411743,FALSE,FALSE
"MR-GGI","CSq",1145,670,"small","M4",2.86615014076233,FALSE,FALSE
"MR-GGI","CSq",1146,1000,"small","M0.1",17.2795989513397,FALSE,FALSE
"MR-GGI","CSq",1147,1000,"small","M1.1",16.1959660053253,FALSE,FALSE
"MR-GGI","CSq",1148,1000,"small","M2.1",7.13267397880554,FALSE,FALSE
"MR-GGI","CSq",1149,1000,"small","M3",11.5335781574249,FALSE,FALSE
"MR-GGI","CSq",1150,1000,"small","M4",1.77024102210999,FALSE,FALSE
"MR-GGI","CSq",1151,50,"medium","M0.1",0.0451428890228271,FALSE,FALSE
"MR-GGI","CSq",1152,50,"medium","M1.1",0.0138659477233887,FALSE,FALSE
"MR-GGI","CSq",1153,50,"medium","M2.1",0.0371580123901367,FALSE,FALSE
"MR-GGI","CSq",1154,50,"medium","M3",0.0561079978942871,FALSE,FALSE
"MR-GGI","CSq",1155,50,"medium","M4",0.0445849895477295,FALSE,FALSE
"MR-GGI","CSq",1156,150,"medium","M0.1",0.0368340015411377,FALSE,FALSE
"MR-GGI","CSq",1157,150,"medium","M1.1",0.0894999504089355,FALSE,FALSE
"MR-GGI","CSq",1158,150,"medium","M2.1",0.0573818683624268,FALSE,FALSE
"MR-GGI","CSq",1159,150,"medium","M3",0.0417971611022949,FALSE,FALSE
"MR-GGI","CSq",1160,150,"medium","M4",0.0749940872192383,FALSE,FALSE
"MR-GGI","CSq",1161,300,"medium","M0.1",1.26103019714355,FALSE,FALSE
"MR-GGI","CSq",1162,300,"medium","M1.1",0.333301067352295,FALSE,FALSE
"MR-GGI","CSq",1163,300,"medium","M2.1",1.91783094406128,FALSE,FALSE
"MR-GGI","CSq",1164,300,"medium","M3",1.25506806373596,FALSE,FALSE
"MR-GGI","CSq",1165,300,"medium","M4",0.886814117431641,FALSE,FALSE
"MR-GGI","CSq",1166,670,"medium","M0.1",1.6063539981842,FALSE,FALSE
"MR-GGI","CSq",1167,670,"medium","M1.1",7.5118100643158,FALSE,FALSE
"MR-GGI","CSq",1168,670,"medium","M2.1",1.41268682479858,FALSE,FALSE
"MR-GGI","CSq",1169,670,"medium","M3",4.97865986824036,FALSE,FALSE
"MR-GGI","CSq",1170,670,"medium","M4",6.9810779094696,FALSE,FALSE
"MR-GGI","CSq",1171,1000,"medium","M0.1",1.3845329284668,FALSE,FALSE
"MR-GGI","CSq",1172,1000,"medium","M1.1",15.1426479816437,FALSE,FALSE
"MR-GGI","CSq",1173,1000,"medium","M2.1",14.5246078968048,FALSE,FALSE
"MR-GGI","CSq",1174,1000,"medium","M3",6.35973501205444,FALSE,FALSE
"MR-GGI","CSq",1175,1000,"medium","M4",10.5682520866394,FALSE,FALSE
"MR-GGI","CSq",1176,50,"large","M0.1",0.0428910255432129,FALSE,FALSE
"MR-GGI","CSq",1177,50,"large","M1.1",0.0224111080169678,FALSE,FALSE
"MR-GGI","CSq",1178,50,"large","M2.1",0.0203959941864014,FALSE,FALSE
"MR-GGI","CSq",1179,50,"large","M3",0.0142059326171875,FALSE,FALSE
"MR-GGI","CSq",1180,50,"large","M4",0.0156049728393555,FALSE,FALSE
"MR-GGI","CSq",1181,150,"large","M0.1",0.0521900653839111,FALSE,FALSE
"MR-GGI","CSq",1182,150,"large","M1.1",0.046867847442627,FALSE,FALSE
"MR-GGI","CSq",1183,150,"large","M2.1",0.0867769718170166,FALSE,FALSE
"MR-GGI","CSq",1184,150,"large","M3",0.0227658748626709,FALSE,FALSE
"MR-GGI","CSq",1185,150,"large","M4",0.036484956741333,FALSE,FALSE
"MR-GGI","CSq",1186,300,"large","M0.1",0.560214996337891,FALSE,FALSE
"MR-GGI","CSq",1187,300,"large","M1.1",0.858080863952637,FALSE,FALSE
"MR-GGI","CSq",1188,300,"large","M2.1",4.55344009399414,FALSE,FALSE
"MR-GGI","CSq",1189,300,"large","M3",0.0167081356048584,FALSE,FALSE
"MR-GGI","CSq",1190,300,"large","M4",0.545520067214966,FALSE,FALSE
"MR-GGI","CSq",1191,670,"large","M0.1",9.1083459854126,FALSE,FALSE
"MR-GGI","CSq",1192,670,"large","M1.1",4.85302686691284,FALSE,FALSE
"MR-GGI","CSq",1193,670,"large","M2.1",1.82699108123779,FALSE,FALSE
"MR-GGI","CSq",1194,670,"large","M3",4.88368701934814,FALSE,FALSE
"MR-GGI","CSq",1195,670,"large","M4",1.51770710945129,FALSE,FALSE
"MR-GGI","CSq",1196,1000,"large","M0.1",5.02876400947571,FALSE,FALSE
"MR-GGI","CSq",1197,1000,"large","M1.1",6.45148301124573,FALSE,FALSE
"MR-GGI","CSq",1198,1000,"large","M2.1",9.62939786911011,FALSE,FALSE
"MR-GGI","CSq",1199,1000,"large","M3",13.3014879226685,FALSE,FALSE
"MR-GGI","CSq",1200,1000,"large","M4",7.14199709892273,FALSE,FALSE
"MR-GGI","CSq",1201,50,"small","M0.1",0.0434019565582275,FALSE,FALSE
"MR-GGI","CSq",1202,50,"small","M1.1",0.0408861637115479,FALSE,FALSE
"MR-GGI","CSq",1203,50,"small","M2.1",0.0169517993927002,FALSE,FALSE
"MR-GGI","CSq",1204,50,"small","M3",0.0292758941650391,FALSE,FALSE
"MR-GGI","CSq",1205,50,"small","M4",0.0173709392547607,FALSE,FALSE
"MR-GGI","CSq",1206,150,"small","M0.1",0.107986927032471,FALSE,FALSE
"MR-GGI","CSq",1207,150,"small","M1.1",0.0578629970550537,FALSE,FALSE
"MR-GGI","CSq",1208,150,"small","M2.1",0.0387091636657715,FALSE,FALSE
"MR-GGI","CSq",1209,150,"small","M3",0.0180699825286865,FALSE,FALSE
"MR-GGI","CSq",1210,150,"small","M4",0.0537240505218506,FALSE,FALSE
"MR-GGI","CSq",1211,300,"small","M0.1",0.280635833740234,FALSE,FALSE
"MR-GGI","CSq",1212,300,"small","M1.1",0.211749076843262,FALSE,FALSE
"MR-GGI","CSq",1213,300,"small","M2.1",3.41819095611572,FALSE,FALSE
"MR-GGI","CSq",1214,300,"small","M3",0.926306962966919,FALSE,FALSE
"MR-GGI","CSq",1215,300,"small","M4",1.50334692001343,FALSE,FALSE
"MR-GGI","CSq",1216,670,"small","M0.1",7.02075290679932,FALSE,FALSE
"MR-GGI","CSq",1217,670,"small","M1.1",4.40193104743958,FALSE,FALSE
"MR-GGI","CSq",1218,670,"small","M2.1",2.89213681221008,FALSE,FALSE
"MR-GGI","CSq",1219,670,"small","M3",8.02062606811523,FALSE,FALSE
"MR-GGI","CSq",1220,670,"small","M4",2.93159198760986,FALSE,FALSE
"MR-GGI","CSq",1221,1000,"small","M0.1",3.99055409431458,FALSE,FALSE
"MR-GGI","CSq",1222,1000,"small","M1.1",5.03882002830505,FALSE,FALSE
"MR-GGI","CSq",1223,1000,"small","M2.1",3.04512095451355,FALSE,FALSE
"MR-GGI","CSq",1224,1000,"small","M3",5.95830011367798,FALSE,FALSE
"MR-GGI","CSq",1225,1000,"small","M4",7.60189390182495,FALSE,FALSE
"MR-GGI","CSq",1226,50,"medium","M0.1",0.0238637924194336,FALSE,FALSE
"MR-GGI","CSq",1227,50,"medium","M1.1",0.0339300632476807,FALSE,FALSE
"MR-GGI","CSq",1228,50,"medium","M2.1",0.0167958736419678,FALSE,FALSE
"MR-GGI","CSq",1229,50,"medium","M3",0.0228519439697266,FALSE,FALSE
"MR-GGI","CSq",1230,50,"medium","M4",0.0214240550994873,FALSE,FALSE
"MR-GGI","CSq",1231,150,"medium","M0.1",0.165307998657227,FALSE,FALSE
"MR-GGI","CSq",1232,150,"medium","M1.1",0.102925062179565,FALSE,FALSE
"MR-GGI","CSq",1233,150,"medium","M2.1",0.023845911026001,FALSE,FALSE
"MR-GGI","CSq",1234,150,"medium","M3",0.0405979156494141,FALSE,FALSE
"MR-GGI","CSq",1235,150,"medium","M4",0.0535130500793457,FALSE,FALSE
"MR-GGI","CSq",1236,300,"medium","M0.1",0.65733814239502,FALSE,FALSE
"MR-GGI","CSq",1237,300,"medium","M1.1",2.08334803581238,FALSE,FALSE
"MR-GGI","CSq",1238,300,"medium","M2.1",2.49733805656433,FALSE,FALSE
"MR-GGI","CSq",1239,300,"medium","M3",0.903723955154419,FALSE,FALSE
"MR-GGI","CSq",1240,300,"medium","M4",0.348981857299805,FALSE,FALSE
"MR-GGI","CSq",1241,670,"medium","M0.1",3.03947591781616,FALSE,FALSE
"MR-GGI","CSq",1242,670,"medium","M1.1",3.39922690391541,FALSE,FALSE
"MR-GGI","CSq",1243,670,"medium","M2.1",6.67300987243652,FALSE,FALSE
"MR-GGI","CSq",1244,670,"medium","M3",9.90367889404297,FALSE,FALSE
"MR-GGI","CSq",1245,670,"medium","M4",2.67773699760437,FALSE,FALSE
"MR-GGI","CSq",1246,1000,"medium","M0.1",0.553256988525391,FALSE,FALSE
"MR-GGI","CSq",1247,1000,"medium","M1.1",4.34435391426086,FALSE,FALSE
"MR-GGI","CSq",1248,1000,"medium","M2.1",6.66768002510071,FALSE,FALSE
"MR-GGI","CSq",1249,1000,"medium","M3",4.98216199874878,FALSE,FALSE
"MR-GGI","CSq",1250,1000,"medium","M4",23.9732749462128,FALSE,FALSE
"MR-GGI","CSq",1251,50,"large","M0.1",0.021914005279541,FALSE,FALSE
"MR-GGI","CSq",1252,50,"large","M1.1",0.0507280826568604,FALSE,FALSE
"MR-GGI","CSq",1253,50,"large","M2.1",0.0218031406402588,FALSE,FALSE
"MR-GGI","CSq",1254,50,"large","M3",0.024094820022583,FALSE,FALSE
"MR-GGI","CSq",1255,50,"large","M4",0.0225269794464111,FALSE,FALSE
"MR-GGI","CSq",1256,150,"large","M0.1",0.0532288551330566,FALSE,FALSE
"MR-GGI","CSq",1257,150,"large","M1.1",0.0244801044464111,FALSE,FALSE
"MR-GGI","CSq",1258,150,"large","M2.1",0.0690522193908691,FALSE,FALSE
"MR-GGI","CSq",1259,150,"large","M3",0.104039907455444,FALSE,FALSE
"MR-GGI","CSq",1260,150,"large","M4",0.0195300579071045,FALSE,FALSE
"MR-GGI","CSq",1261,300,"large","M0.1",0.25772500038147,FALSE,FALSE
"MR-GGI","CSq",1262,300,"large","M1.1",0.247909784317017,FALSE,FALSE
"MR-GGI","CSq",1263,300,"large","M2.1",2.55698204040527,FALSE,FALSE
"MR-GGI","CSq",1264,300,"large","M3",0.448224067687988,FALSE,FALSE
"MR-GGI","CSq",1265,300,"large","M4",1.59013891220093,FALSE,FALSE
"MR-GGI","CSq",1266,670,"large","M0.1",4.25049710273743,FALSE,FALSE
"MR-GGI","CSq",1267,670,"large","M1.1",0.764834880828857,FALSE,FALSE
"MR-GGI","CSq",1268,670,"large","M2.1",6.3131959438324,FALSE,FALSE
"MR-GGI","CSq",1269,670,"large","M3",2.81432795524597,FALSE,FALSE
"MR-GGI","CSq",1270,670,"large","M4",4.9265468120575,FALSE,FALSE
"MR-GGI","CSq",1271,1000,"large","M0.1",3.87792897224426,FALSE,FALSE
"MR-GGI","CSq",1272,1000,"large","M1.1",0.219226837158203,FALSE,FALSE
"MR-GGI","CSq",1273,1000,"large","M2.1",18.6528038978577,FALSE,FALSE
"MR-GGI","CSq",1274,1000,"large","M3",12.5215427875519,FALSE,FALSE
"MR-GGI","CSq",1275,1000,"large","M4",14.1375949382782,FALSE,FALSE
"MR-GGI","CSq",1276,50,"small","M0.1",0.0518290996551514,FALSE,FALSE
"MR-GGI","CSq",1277,50,"small","M1.1",0.0435249805450439,FALSE,FALSE
"MR-GGI","CSq",1278,50,"small","M2.1",0.0298480987548828,FALSE,FALSE
"MR-GGI","CSq",1279,50,"small","M3",0.0492980480194092,FALSE,FALSE
"MR-GGI","CSq",1280,50,"small","M4",0.0327000617980957,FALSE,FALSE
"MR-GGI","CSq",1281,150,"small","M0.1",0.0505650043487549,FALSE,FALSE
"MR-GGI","CSq",1282,150,"small","M1.1",0.128716945648193,FALSE,FALSE
"MR-GGI","CSq",1283,150,"small","M2.1",0.106786966323853,FALSE,FALSE
"MR-GGI","CSq",1284,150,"small","M3",0.0534000396728516,FALSE,FALSE
"MR-GGI","CSq",1285,150,"small","M4",0.144524097442627,FALSE,FALSE
"MR-GGI","CSq",1286,300,"small","M0.1",1.39082908630371,FALSE,FALSE
"MR-GGI","CSq",1287,300,"small","M1.1",1.6926908493042,FALSE,FALSE
"MR-GGI","CSq",1288,300,"small","M2.1",0.277168989181519,FALSE,FALSE
"MR-GGI","CSq",1289,300,"small","M3",0.177717924118042,FALSE,FALSE
"MR-GGI","CSq",1290,300,"small","M4",1.38123488426208,FALSE,FALSE
"MR-GGI","CSq",1291,670,"small","M0.1",1.1207640171051,FALSE,FALSE
"MR-GGI","CSq",1292,670,"small","M1.1",3.69627404212952,FALSE,FALSE
"MR-GGI","CSq",1293,670,"small","M2.1",3.14987802505493,FALSE,FALSE
"MR-GGI","CSq",1294,670,"small","M3",5.56949996948242,FALSE,FALSE
"MR-GGI","CSq",1295,670,"small","M4",3.87977385520935,FALSE,FALSE
"MR-GGI","CSq",1296,1000,"small","M0.1",6.61087107658386,FALSE,FALSE
"MR-GGI","CSq",1297,1000,"small","M1.1",1.61701703071594,FALSE,FALSE
"MR-GGI","CSq",1298,1000,"small","M2.1",17.6567029953003,FALSE,FALSE
"MR-GGI","CSq",1299,1000,"small","M3",11.4200310707092,FALSE,FALSE
"MR-GGI","CSq",1300,1000,"small","M4",14.6296081542969,FALSE,FALSE
"MR-GGI","CSq",1301,50,"medium","M0.1",0.0208079814910889,FALSE,FALSE
"MR-GGI","CSq",1302,50,"medium","M1.1",0.0373799800872803,FALSE,FALSE
"MR-GGI","CSq",1303,50,"medium","M2.1",0.020543098449707,FALSE,FALSE
"MR-GGI","CSq",1304,50,"medium","M3",0.0404758453369141,FALSE,FALSE
"MR-GGI","CSq",1305,50,"medium","M4",0.0207860469818115,FALSE,FALSE
"MR-GGI","CSq",1306,150,"medium","M0.1",0.119550228118896,FALSE,FALSE
"MR-GGI","CSq",1307,150,"medium","M1.1",0.0391831398010254,FALSE,FALSE
"MR-GGI","CSq",1308,150,"medium","M2.1",0.0516219139099121,FALSE,FALSE
"MR-GGI","CSq",1309,150,"medium","M3",0.0389020442962646,FALSE,FALSE
"MR-GGI","CSq",1310,150,"medium","M4",0.0341811180114746,FALSE,FALSE
"MR-GGI","CSq",1311,300,"medium","M0.1",1.09776782989502,FALSE,FALSE
"MR-GGI","CSq",1312,300,"medium","M1.1",1.19220995903015,FALSE,FALSE
"MR-GGI","CSq",1313,300,"medium","M2.1",0.384704828262329,FALSE,FALSE
"MR-GGI","CSq",1314,300,"medium","M3",0.289429903030396,FALSE,FALSE
"MR-GGI","CSq",1315,300,"medium","M4",0.30010199546814,FALSE,FALSE
"MR-GGI","CSq",1316,670,"medium","M0.1",2.38903307914734,FALSE,FALSE
"MR-GGI","CSq",1317,670,"medium","M1.1",4.6561119556427,FALSE,FALSE
"MR-GGI","CSq",1318,670,"medium","M2.1",8.51669502258301,FALSE,FALSE
"MR-GGI","CSq",1319,670,"medium","M3",2.29049801826477,FALSE,FALSE
"MR-GGI","CSq",1320,670,"medium","M4",0.924057006835938,FALSE,FALSE
"MR-GGI","CSq",1321,1000,"medium","M0.1",2.13564109802246,FALSE,FALSE
"MR-GGI","CSq",1322,1000,"medium","M1.1",0.448586940765381,FALSE,FALSE
"MR-GGI","CSq",1323,1000,"medium","M2.1",16.510929107666,FALSE,FALSE
"MR-GGI","CSq",1324,1000,"medium","M3",2.38173794746399,FALSE,FALSE
"MR-GGI","CSq",1325,1000,"medium","M4",2.26833891868591,FALSE,FALSE
"MR-GGI","CSq",1326,50,"large","M0.1",0.0212540626525879,FALSE,FALSE
"MR-GGI","CSq",1327,50,"large","M1.1",0.0237019062042236,FALSE,FALSE
"MR-GGI","CSq",1328,50,"large","M2.1",0.0219359397888184,FALSE,FALSE
"MR-GGI","CSq",1329,50,"large","M3",0.0360751152038574,FALSE,FALSE
"MR-GGI","CSq",1330,50,"large","M4",0.0198318958282471,FALSE,FALSE
"MR-GGI","CSq",1331,150,"large","M0.1",0.09381103515625,FALSE,FALSE
"MR-GGI","CSq",1332,150,"large","M1.1",0.0638821125030518,FALSE,FALSE
"MR-GGI","CSq",1333,150,"large","M2.1",0.0233709812164307,FALSE,FALSE
"MR-GGI","CSq",1334,150,"large","M3",0.0419869422912598,FALSE,FALSE
"MR-GGI","CSq",1335,150,"large","M4",0.0611920356750488,FALSE,FALSE
"MR-GGI","CSq",1336,300,"large","M0.1",0.946147918701172,FALSE,FALSE
"MR-GGI","CSq",1337,300,"large","M1.1",0.874430179595947,FALSE,FALSE
"MR-GGI","CSq",1338,300,"large","M2.1",0.382472991943359,FALSE,FALSE
"MR-GGI","CSq",1339,300,"large","M3",0.807245016098022,FALSE,FALSE
"MR-GGI","CSq",1340,300,"large","M4",1.00567412376404,FALSE,FALSE
"MR-GGI","CSq",1341,670,"large","M0.1",1.70571708679199,FALSE,FALSE
"MR-GGI","CSq",1342,670,"large","M1.1",2.95316410064697,FALSE,FALSE
"MR-GGI","CSq",1343,670,"large","M2.1",5.22019505500793,FALSE,FALSE
"MR-GGI","CSq",1344,670,"large","M3",2.62235903739929,FALSE,FALSE
"MR-GGI","CSq",1345,670,"large","M4",1.88703012466431,FALSE,FALSE
"MR-GGI","CSq",1346,1000,"large","M0.1",9.21450400352478,FALSE,FALSE
"MR-GGI","CSq",1347,1000,"large","M1.1",2.24881792068481,FALSE,FALSE
"MR-GGI","CSq",1348,1000,"large","M2.1",11.6913070678711,FALSE,FALSE
"MR-GGI","CSq",1349,1000,"large","M3",1.08466792106628,FALSE,FALSE
"MR-GGI","CSq",1350,1000,"large","M4",7.45549988746643,FALSE,FALSE
"MR-GGI","CSq",1351,50,"small","M0.1",0.0206358432769775,FALSE,FALSE
"MR-GGI","CSq",1352,50,"small","M1.1",0.020294189453125,FALSE,FALSE
"MR-GGI","CSq",1353,50,"small","M2.1",0.0454041957855225,FALSE,FALSE
"MR-GGI","CSq",1354,50,"small","M3",0.0154240131378174,FALSE,FALSE
"MR-GGI","CSq",1355,50,"small","M4",0.0341241359710693,FALSE,FALSE
"MR-GGI","CSq",1356,150,"small","M0.1",0.126639127731323,FALSE,FALSE
"MR-GGI","CSq",1357,150,"small","M1.1",0.0469260215759277,FALSE,FALSE
"MR-GGI","CSq",1358,150,"small","M2.1",0.0507438182830811,FALSE,FALSE
"MR-GGI","CSq",1359,150,"small","M3",0.150741100311279,FALSE,FALSE
"MR-GGI","CSq",1360,150,"small","M4",0.0561411380767822,FALSE,FALSE
"MR-GGI","CSq",1361,300,"small","M0.1",1.39285802841187,FALSE,FALSE
"MR-GGI","CSq",1362,300,"small","M1.1",1.3613498210907,FALSE,FALSE
"MR-GGI","CSq",1363,300,"small","M2.1",0.3424232006073,FALSE,FALSE
"MR-GGI","CSq",1364,300,"small","M3",1.12171721458435,FALSE,FALSE
"MR-GGI","CSq",1365,300,"small","M4",0.920383930206299,FALSE,FALSE
"MR-GGI","CSq",1366,670,"small","M0.1",10.9793210029602,FALSE,FALSE
"MR-GGI","CSq",1367,670,"small","M1.1",2.14685606956482,FALSE,FALSE
"MR-GGI","CSq",1368,670,"small","M2.1",8.60614895820618,FALSE,FALSE
"MR-GGI","CSq",1369,670,"small","M3",3.93515682220459,FALSE,FALSE
"MR-GGI","CSq",1370,670,"small","M4",9.51390886306763,FALSE,FALSE
"MR-GGI","CSq",1371,1000,"small","M0.1",13.0976030826569,FALSE,FALSE
"MR-GGI","CSq",1372,1000,"small","M1.1",3.07357692718506,FALSE,FALSE
"MR-GGI","CSq",1373,1000,"small","M2.1",13.4970300197601,FALSE,FALSE
"MR-GGI","CSq",1374,1000,"small","M3",16.0316751003265,FALSE,FALSE
"MR-GGI","CSq",1375,1000,"small","M4",4.80159020423889,FALSE,FALSE
"MR-GGI","CSq",1376,50,"medium","M0.1",0.0506119728088379,FALSE,FALSE
"MR-GGI","CSq",1377,50,"medium","M1.1",0.0284311771392822,FALSE,FALSE
"MR-GGI","CSq",1378,50,"medium","M2.1",0.0526299476623535,FALSE,FALSE
"MR-GGI","CSq",1379,50,"medium","M3",0.0467960834503174,FALSE,FALSE
"MR-GGI","CSq",1380,50,"medium","M4",0.0557529926300049,FALSE,FALSE
"MR-GGI","CSq",1381,150,"medium","M0.1",0.0493221282958984,FALSE,FALSE
"MR-GGI","CSq",1382,150,"medium","M1.1",0.0537540912628174,FALSE,FALSE
"MR-GGI","CSq",1383,150,"medium","M2.1",0.0590000152587891,FALSE,FALSE
"MR-GGI","CSq",1384,150,"medium","M3",0.0369307994842529,FALSE,FALSE
"MR-GGI","CSq",1385,150,"medium","M4",0.0992789268493652,FALSE,FALSE
"MR-GGI","CSq",1386,300,"medium","M0.1",0.331284999847412,FALSE,FALSE
"MR-GGI","CSq",1387,300,"medium","M1.1",0.83800482749939,FALSE,FALSE
"MR-GGI","CSq",1388,300,"medium","M2.1",4.94016599655151,FALSE,FALSE
"MR-GGI","CSq",1389,300,"medium","M3",1.47885394096375,FALSE,FALSE
"MR-GGI","CSq",1390,300,"medium","M4",2.14419484138489,FALSE,FALSE
"MR-GGI","CSq",1391,670,"medium","M0.1",3.20827889442444,FALSE,FALSE
"MR-GGI","CSq",1392,670,"medium","M1.1",5.38652610778809,FALSE,FALSE
"MR-GGI","CSq",1393,670,"medium","M2.1",3.95104694366455,FALSE,FALSE
"MR-GGI","CSq",1394,670,"medium","M3",0.549324989318848,FALSE,FALSE
"MR-GGI","CSq",1395,670,"medium","M4",5.78756308555603,FALSE,FALSE
"MR-GGI","CSq",1396,1000,"medium","M0.1",11.1944260597229,FALSE,FALSE
"MR-GGI","CSq",1397,1000,"medium","M1.1",25.64737200737,FALSE,FALSE
"MR-GGI","CSq",1398,1000,"medium","M2.1",13.0215339660645,FALSE,FALSE
"MR-GGI","CSq",1399,1000,"medium","M3",1.77813196182251,FALSE,FALSE
"MR-GGI","CSq",1400,1000,"medium","M4",16.7339458465576,FALSE,FALSE
"MR-GGI","CSq",1401,50,"large","M0.1",0.0528769493103027,FALSE,FALSE
"MR-GGI","CSq",1402,50,"large","M1.1",0.0503900051116943,FALSE,FALSE
"MR-GGI","CSq",1403,50,"large","M2.1",0.0201559066772461,FALSE,FALSE
"MR-GGI","CSq",1404,50,"large","M3",0.0159120559692383,FALSE,FALSE
"MR-GGI","CSq",1405,50,"large","M4",0.0118420124053955,FALSE,FALSE
"MR-GGI","CSq",1406,150,"large","M0.1",0.109677076339722,FALSE,FALSE
"MR-GGI","CSq",1407,150,"large","M1.1",0.0439231395721436,FALSE,FALSE
"MR-GGI","CSq",1408,150,"large","M2.1",0.0686941146850586,FALSE,FALSE
"MR-GGI","CSq",1409,150,"large","M3",0.0860099792480469,FALSE,FALSE
"MR-GGI","CSq",1410,150,"large","M4",0.108797073364258,FALSE,FALSE
"MR-GGI","CSq",1411,300,"large","M0.1",5.09879994392395,FALSE,FALSE
"MR-GGI","CSq",1412,300,"large","M1.1",0.803148984909058,FALSE,FALSE
"MR-GGI","CSq",1413,300,"large","M2.1",0.684508800506592,FALSE,FALSE
"MR-GGI","CSq",1414,300,"large","M3",0.42011284828186,FALSE,FALSE
"MR-GGI","CSq",1415,300,"large","M4",0.432934045791626,FALSE,FALSE
"MR-GGI","CSq",1416,670,"large","M0.1",4.12187504768372,FALSE,FALSE
"MR-GGI","CSq",1417,670,"large","M1.1",2.20918893814087,FALSE,FALSE
"MR-GGI","CSq",1418,670,"large","M2.1",6.20361614227295,FALSE,FALSE
"MR-GGI","CSq",1419,670,"large","M3",2.55289697647095,FALSE,FALSE
"MR-GGI","CSq",1420,670,"large","M4",0.708300828933716,FALSE,FALSE
"MR-GGI","CSq",1421,1000,"large","M0.1",8.08109188079834,FALSE,FALSE
"MR-GGI","CSq",1422,1000,"large","M1.1",5.21136903762817,FALSE,FALSE
"MR-GGI","CSq",1423,1000,"large","M2.1",5.88225293159485,FALSE,FALSE
"MR-GGI","CSq",1424,1000,"large","M3",9.16839194297791,FALSE,FALSE
"MR-GGI","CSq",1425,1000,"large","M4",16.1445970535278,FALSE,FALSE
"MR-GGI","CSq",1426,50,"small","M0.1",0.0492851734161377,FALSE,FALSE
"MR-GGI","CSq",1427,50,"small","M1.1",0.0248739719390869,FALSE,FALSE
"MR-GGI","CSq",1428,50,"small","M2.1",0.0202949047088623,FALSE,FALSE
"MR-GGI","CSq",1429,50,"small","M3",0.0944340229034424,FALSE,FALSE
"MR-GGI","CSq",1430,50,"small","M4",0.0302200317382812,FALSE,FALSE
"MR-GGI","CSq",1431,150,"small","M0.1",0.138607978820801,FALSE,FALSE
"MR-GGI","CSq",1432,150,"small","M1.1",0.214677810668945,FALSE,FALSE
"MR-GGI","CSq",1433,150,"small","M2.1",0.126538991928101,FALSE,FALSE
"MR-GGI","CSq",1434,150,"small","M3",0.105659961700439,FALSE,FALSE
"MR-GGI","CSq",1435,150,"small","M4",0.104205846786499,FALSE,FALSE
"MR-GGI","CSq",1436,300,"small","M0.1",1.22830605506897,FALSE,FALSE
"MR-GGI","CSq",1437,300,"small","M1.1",0.679589033126831,FALSE,FALSE
"MR-GGI","CSq",1438,300,"small","M2.1",1.18336820602417,FALSE,FALSE
"MR-GGI","CSq",1439,300,"small","M3",0.489460945129395,FALSE,FALSE
"MR-GGI","CSq",1440,300,"small","M4",0.29993200302124,FALSE,FALSE
"MR-GGI","CSq",1441,670,"small","M0.1",9.78928399085999,FALSE,FALSE
"MR-GGI","CSq",1442,670,"small","M1.1",3.69324493408203,FALSE,FALSE
"MR-GGI","CSq",1443,670,"small","M2.1",2.14467620849609,FALSE,FALSE
"MR-GGI","CSq",1444,670,"small","M3",6.95547795295715,FALSE,FALSE
"MR-GGI","CSq",1445,670,"small","M4",7.04840397834778,FALSE,FALSE
"MR-GGI","CSq",1446,1000,"small","M0.1",10.9537489414215,FALSE,FALSE
"MR-GGI","CSq",1447,1000,"small","M1.1",7.92120313644409,FALSE,FALSE
"MR-GGI","CSq",1448,1000,"small","M2.1",9.55713891983032,FALSE,FALSE
"MR-GGI","CSq",1449,1000,"small","M3",13.4060909748077,FALSE,FALSE
"MR-GGI","CSq",1450,1000,"small","M4",19.8142518997192,FALSE,FALSE
"MR-GGI","CSq",1451,50,"medium","M0.1",0.0145299434661865,FALSE,FALSE
"MR-GGI","CSq",1452,50,"medium","M1.1",0.0528140068054199,FALSE,FALSE
"MR-GGI","CSq",1453,50,"medium","M2.1",0.0226809978485107,FALSE,FALSE
"MR-GGI","CSq",1454,50,"medium","M3",0.0162959098815918,FALSE,FALSE
"MR-GGI","CSq",1455,50,"medium","M4",0.0168578624725342,FALSE,FALSE
"MR-GGI","CSq",1456,150,"medium","M0.1",0.156258106231689,FALSE,FALSE
"MR-GGI","CSq",1457,150,"medium","M1.1",0.0791850090026855,FALSE,FALSE
"MR-GGI","CSq",1458,150,"medium","M2.1",0.0808639526367188,FALSE,FALSE
"MR-GGI","CSq",1459,150,"medium","M3",0.0374619960784912,FALSE,FALSE
"MR-GGI","CSq",1460,150,"medium","M4",0.116358995437622,FALSE,FALSE
"MR-GGI","CSq",1461,300,"medium","M0.1",1.05194711685181,FALSE,FALSE
"MR-GGI","CSq",1462,300,"medium","M1.1",4.51862001419067,FALSE,FALSE
"MR-GGI","CSq",1463,300,"medium","M2.1",2.76721286773682,FALSE,FALSE
"MR-GGI","CSq",1464,300,"medium","M3",0.275444030761719,FALSE,FALSE
"MR-GGI","CSq",1465,300,"medium","M4",0.789056777954102,FALSE,FALSE
"MR-GGI","CSq",1466,670,"medium","M0.1",1.43200993537903,FALSE,FALSE
"MR-GGI","CSq",1467,670,"medium","M1.1",6.66998291015625,FALSE,FALSE
"MR-GGI","CSq",1468,670,"medium","M2.1",2.50792908668518,FALSE,FALSE
"MR-GGI","CSq",1469,670,"medium","M3",1.03444314002991,FALSE,FALSE
"MR-GGI","CSq",1470,670,"medium","M4",6.37902617454529,FALSE,FALSE
"MR-GGI","CSq",1471,1000,"medium","M0.1",3.19820618629456,FALSE,FALSE
"MR-GGI","CSq",1472,1000,"medium","M1.1",21.2739601135254,FALSE,FALSE
"MR-GGI","CSq",1473,1000,"medium","M2.1",5.04003095626831,FALSE,FALSE
"MR-GGI","CSq",1474,1000,"medium","M3",7.79381704330444,FALSE,FALSE
"MR-GGI","CSq",1475,1000,"medium","M4",2.63305306434631,FALSE,FALSE
"MR-GGI","CSq",1476,50,"large","M0.1",0.0484490394592285,FALSE,FALSE
"MR-GGI","CSq",1477,50,"large","M1.1",0.0263807773590088,FALSE,FALSE
"MR-GGI","CSq",1478,50,"large","M2.1",0.0473999977111816,FALSE,FALSE
"MR-GGI","CSq",1479,50,"large","M3",0.0371289253234863,FALSE,FALSE
"MR-GGI","CSq",1480,50,"large","M4",0.00964498519897461,FALSE,FALSE
"MR-GGI","CSq",1481,150,"large","M0.1",0.0244221687316895,FALSE,FALSE
"MR-GGI","CSq",1482,150,"large","M1.1",0.0408670902252197,FALSE,FALSE
"MR-GGI","CSq",1483,150,"large","M2.1",0.0407090187072754,FALSE,FALSE
"MR-GGI","CSq",1484,150,"large","M3",0.060945987701416,FALSE,FALSE
"MR-GGI","CSq",1485,150,"large","M4",0.020035982131958,FALSE,FALSE
"MR-GGI","CSq",1486,300,"large","M0.1",5.48767185211182,FALSE,FALSE
"MR-GGI","CSq",1487,300,"large","M1.1",0.0312130451202393,FALSE,FALSE
"MR-GGI","CSq",1488,300,"large","M2.1",0.229545116424561,FALSE,FALSE
"MR-GGI","CSq",1489,300,"large","M3",1.36142992973328,FALSE,FALSE
"MR-GGI","CSq",1490,300,"large","M4",0.0741991996765137,FALSE,FALSE
"MR-GGI","CSq",1491,670,"large","M0.1",4.92997813224792,FALSE,FALSE
"MR-GGI","CSq",1492,670,"large","M1.1",0.725201845169067,FALSE,FALSE
"MR-GGI","CSq",1493,670,"large","M2.1",3.42817497253418,FALSE,FALSE
"MR-GGI","CSq",1494,670,"large","M3",4.98980712890625,FALSE,FALSE
"MR-GGI","CSq",1495,670,"large","M4",0.515247106552124,FALSE,FALSE
"MR-GGI","CSq",1496,1000,"large","M0.1",12.7873330116272,FALSE,FALSE
"MR-GGI","CSq",1497,1000,"large","M1.1",1.21724104881287,FALSE,FALSE
"MR-GGI","CSq",1498,1000,"large","M2.1",0.439790010452271,FALSE,FALSE
"MR-GGI","CSq",1499,1000,"large","M3",0.664973020553589,FALSE,FALSE
"MR-GGI","CSq",1500,1000,"large","M4",9.8193678855896,FALSE,FALSE
"MR-GGI","CSa",1,50,"small","M0.1",45.7691330909729,FALSE,FALSE
"MR-GGI","CSa",2,50,"small","M1.1",64.9196679592133,FALSE,FALSE
"MR-GGI","CSa",3,50,"small","M2.1",36.0985050201416,FALSE,FALSE
"MR-GGI","CSa",4,50,"small","M3",43.4562180042267,FALSE,FALSE
"MR-GGI","CSa",5,50,"small","M4",30.8378458023071,FALSE,FALSE
"MR-GGI","CSa",6,150,"small","M0.1",75.2224531173706,FALSE,FALSE
"MR-GGI","CSa",7,150,"small","M1.1",46.5299360752106,FALSE,FALSE
"MR-GGI","CSa",8,150,"small","M2.1",82.3454320430756,FALSE,FALSE
"MR-GGI","CSa",9,150,"small","M3",71.2493979930878,FALSE,FALSE
"MR-GGI","CSa",10,150,"small","M4",56.4574720859528,FALSE,FALSE
"MR-GGI","CSa",11,300,"small","M0.1",123.508506059647,FALSE,FALSE
"MR-GGI","CSa",12,300,"small","M1.1",89.7332558631897,FALSE,FALSE
"MR-GGI","CSa",13,300,"small","M2.1",69.5612170696259,FALSE,FALSE
"MR-GGI","CSa",14,300,"small","M3",112.211887836456,FALSE,FALSE
"MR-GGI","CSa",15,300,"small","M4",86.5518879890442,FALSE,FALSE
"MR-GGI","CSa",16,670,"small","M0.1",184.327873945236,FALSE,FALSE
"MR-GGI","CSa",17,670,"small","M1.1",367.292670965195,FALSE,FALSE
"MR-GGI","CSa",18,670,"small","M2.1",161.431864976883,FALSE,FALSE
"MR-GGI","CSa",19,670,"small","M3",213.485517978668,FALSE,FALSE
"MR-GGI","CSa",20,670,"small","M4",280.306416988373,FALSE,FALSE
"MR-GGI","CSa",21,1000,"small","M0.1",139.858247041702,FALSE,FALSE
"MR-GGI","CSa",22,1000,"small","M1.1",114.362113952637,FALSE,FALSE
"MR-GGI","CSa",23,1000,"small","M2.1",85.9137811660767,FALSE,FALSE
"MR-GGI","CSa",24,1000,"small","M3",143.085638999939,FALSE,FALSE
"MR-GGI","CSa",25,1000,"small","M4",129.718359947205,FALSE,FALSE
"MR-GGI","CSa",26,50,"medium","M0.1",63.1707358360291,FALSE,FALSE
"MR-GGI","CSa",27,50,"medium","M1.1",41.2054069042206,FALSE,FALSE
"MR-GGI","CSa",28,50,"medium","M2.1",69.8431258201599,FALSE,FALSE
"MR-GGI","CSa",29,50,"medium","M3",43.3575341701508,FALSE,FALSE
"MR-GGI","CSa",30,50,"medium","M4",41.3133401870728,FALSE,FALSE
"MR-GGI","CSa",31,150,"medium","M0.1",65.4631989002228,FALSE,FALSE
"MR-GGI","CSa",32,150,"medium","M1.1",84.9846079349518,FALSE,FALSE
"MR-GGI","CSa",33,150,"medium","M2.1",49.7019429206848,FALSE,FALSE
"MR-GGI","CSa",34,150,"medium","M3",85.3327260017395,FALSE,FALSE
"MR-GGI","CSa",35,150,"medium","M4",49.2981200218201,FALSE,FALSE
"MR-GGI","CSa",36,300,"medium","M0.1",135.153216123581,FALSE,FALSE
"MR-GGI","CSa",37,300,"medium","M1.1",105.142245054245,FALSE,FALSE
"MR-GGI","CSa",38,300,"medium","M2.1",65.1212768554688,FALSE,FALSE
"MR-GGI","CSa",39,300,"medium","M3",83.0360510349274,FALSE,FALSE
"MR-GGI","CSa",40,300,"medium","M4",129.442611932755,FALSE,FALSE
"MR-GGI","CSa",41,670,"medium","M0.1",239.879891872406,FALSE,FALSE
"MR-GGI","CSa",42,670,"medium","M1.1",370.224613904953,FALSE,FALSE
"MR-GGI","CSa",43,670,"medium","M2.1",475.084353923798,FALSE,FALSE
"MR-GGI","CSa",44,670,"medium","M3",618.275959014893,FALSE,FALSE
"MR-GGI","CSa",45,670,"medium","M4",547.043081045151,FALSE,FALSE
"MR-GGI","CSa",46,1000,"medium","M0.1",116.644839048386,FALSE,FALSE
"MR-GGI","CSa",47,1000,"medium","M1.1",109.164562940598,FALSE,FALSE
"MR-GGI","CSa",48,1000,"medium","M2.1",129.88468003273,FALSE,FALSE
"MR-GGI","CSa",49,1000,"medium","M3",156.415269851685,FALSE,FALSE
"MR-GGI","CSa",50,1000,"medium","M4",101.983924150467,FALSE,FALSE
"MR-GGI","CSa",51,50,"large","M0.1",67.8972640037537,FALSE,FALSE
"MR-GGI","CSa",52,50,"large","M1.1",73.0553600788116,FALSE,FALSE
"MR-GGI","CSa",53,50,"large","M2.1",44.7420139312744,FALSE,FALSE
"MR-GGI","CSa",54,50,"large","M3",36.57333111763,FALSE,FALSE
"MR-GGI","CSa",55,50,"large","M4",54.1145339012146,FALSE,FALSE
"MR-GGI","CSa",56,150,"large","M0.1",88.6685779094696,FALSE,FALSE
"MR-GGI","CSa",57,150,"large","M1.1",59.734806060791,FALSE,FALSE
"MR-GGI","CSa",58,150,"large","M2.1",54.4530408382416,FALSE,FALSE
"MR-GGI","CSa",59,150,"large","M3",65.240669965744,FALSE,FALSE
"MR-GGI","CSa",60,150,"large","M4",69.975930929184,FALSE,FALSE
"MR-GGI","CSa",61,300,"large","M0.1",93.3633749485016,FALSE,FALSE
"MR-GGI","CSa",62,300,"large","M1.1",143.41166806221,FALSE,FALSE
"MR-GGI","CSa",63,300,"large","M2.1",87.3683619499207,FALSE,FALSE
"MR-GGI","CSa",64,300,"large","M3",71.9811317920685,FALSE,FALSE
"MR-GGI","CSa",65,300,"large","M4",98.2882950305939,FALSE,FALSE
"MR-GGI","CSa",66,670,"large","M0.1",324.947175979614,FALSE,FALSE
"MR-GGI","CSa",67,670,"large","M1.1",107.342622041702,FALSE,FALSE
"MR-GGI","CSa",68,670,"large","M2.1",375.585165977478,FALSE,FALSE
"MR-GGI","CSa",69,670,"large","M3",244.909260034561,FALSE,FALSE
"MR-GGI","CSa",70,670,"large","M4",314.680369853973,FALSE,FALSE
"MR-GGI","CSa",71,1000,"large","M0.1",74.0735521316528,FALSE,FALSE
"MR-GGI","CSa",72,1000,"large","M1.1",105.028646945953,FALSE,FALSE
"MR-GGI","CSa",73,1000,"large","M2.1",196.904261827469,FALSE,FALSE
"MR-GGI","CSa",74,1000,"large","M3",104.416783094406,FALSE,FALSE
"MR-GGI","CSa",75,1000,"large","M4",125.629096031189,FALSE,FALSE
"MR-GGI","CSa",76,50,"small","M0.1",35.5975439548492,FALSE,FALSE
"MR-GGI","CSa",77,50,"small","M1.1",58.8882939815521,FALSE,FALSE
"MR-GGI","CSa",78,50,"small","M2.1",38.7789227962494,FALSE,FALSE
"MR-GGI","CSa",79,50,"small","M3",57.339350938797,FALSE,FALSE
"MR-GGI","CSa",80,50,"small","M4",60.7695069313049,FALSE,FALSE
"MR-GGI","CSa",81,150,"small","M0.1",51.1230301856995,FALSE,FALSE
"MR-GGI","CSa",82,150,"small","M1.1",74.3273921012878,FALSE,FALSE
"MR-GGI","CSa",83,150,"small","M2.1",46.1638741493225,FALSE,FALSE
"MR-GGI","CSa",84,150,"small","M3",66.2465589046478,FALSE,FALSE
"MR-GGI","CSa",85,150,"small","M4",66.27960896492,FALSE,FALSE
"MR-GGI","CSa",86,300,"small","M0.1",130.205989122391,FALSE,FALSE
"MR-GGI","CSa",87,300,"small","M1.1",110.585690975189,FALSE,FALSE
"MR-GGI","CSa",88,300,"small","M2.1",69.1568810939789,FALSE,FALSE
"MR-GGI","CSa",89,300,"small","M3",71.8182599544525,FALSE,FALSE
"MR-GGI","CSa",90,300,"small","M4",79.3496930599213,FALSE,FALSE
"MR-GGI","CSa",91,670,"small","M0.1",224.860455989838,FALSE,FALSE
"MR-GGI","CSa",92,670,"small","M1.1",172.060988903046,FALSE,FALSE
"MR-GGI","CSa",93,670,"small","M2.1",238.997866868973,FALSE,FALSE
"MR-GGI","CSa",94,670,"small","M3",190.023996114731,FALSE,FALSE
"MR-GGI","CSa",95,670,"small","M4",362.934969902039,FALSE,FALSE
"MR-GGI","CSa",96,1000,"small","M0.1",159.830466032028,FALSE,FALSE
"MR-GGI","CSa",97,1000,"small","M1.1",89.7399768829346,FALSE,FALSE
"MR-GGI","CSa",98,1000,"small","M2.1",126.072490930557,FALSE,FALSE
"MR-GGI","CSa",99,1000,"small","M3",171.80411195755,FALSE,FALSE
"MR-GGI","CSa",100,1000,"small","M4",155.072016954422,FALSE,FALSE
"MR-GGI","CSa",101,50,"medium","M0.1",32.9014699459076,FALSE,FALSE
"MR-GGI","CSa",102,50,"medium","M1.1",42.7577691078186,FALSE,FALSE
"MR-GGI","CSa",103,50,"medium","M2.1",56.0547819137573,FALSE,FALSE
"MR-GGI","CSa",104,50,"medium","M3",31.0562279224396,FALSE,FALSE
"MR-GGI","CSa",105,50,"medium","M4",63.1151578426361,FALSE,FALSE
"MR-GGI","CSa",106,150,"medium","M0.1",39.354593038559,FALSE,FALSE
"MR-GGI","CSa",107,150,"medium","M1.1",61.9992470741272,FALSE,FALSE
"MR-GGI","CSa",108,150,"medium","M2.1",68.0782990455627,FALSE,FALSE
"MR-GGI","CSa",109,150,"medium","M3",29.5450699329376,FALSE,FALSE
"MR-GGI","CSa",110,150,"medium","M4",57.9690580368042,FALSE,FALSE
"MR-GGI","CSa",111,300,"medium","M0.1",63.773756980896,FALSE,FALSE
"MR-GGI","CSa",112,300,"medium","M1.1",77.4683680534363,FALSE,FALSE
"MR-GGI","CSa",113,300,"medium","M2.1",76.9765908718109,FALSE,FALSE
"MR-GGI","CSa",114,300,"medium","M3",41.879035949707,FALSE,FALSE
"MR-GGI","CSa",115,300,"medium","M4",51.4566659927368,FALSE,FALSE
"MR-GGI","CSa",116,670,"medium","M0.1",229.234708786011,FALSE,FALSE
"MR-GGI","CSa",117,670,"medium","M1.1",319.241485834122,FALSE,FALSE
"MR-GGI","CSa",118,670,"medium","M2.1",228.615279912949,FALSE,FALSE
"MR-GGI","CSa",119,670,"medium","M3",218.308917999268,FALSE,FALSE
"MR-GGI","CSa",120,670,"medium","M4",264.699676036835,FALSE,FALSE
"MR-GGI","CSa",121,1000,"medium","M0.1",102.42191195488,FALSE,FALSE
"MR-GGI","CSa",122,1000,"medium","M1.1",86.5476560592651,FALSE,FALSE
"MR-GGI","CSa",123,1000,"medium","M2.1",124.877927064896,FALSE,FALSE
"MR-GGI","CSa",124,1000,"medium","M3",102.180767059326,FALSE,FALSE
"MR-GGI","CSa",125,1000,"medium","M4",68.0752139091492,FALSE,FALSE
"MR-GGI","CSa",126,50,"large","M0.1",38.8222739696503,FALSE,FALSE
"MR-GGI","CSa",127,50,"large","M1.1",43.0929119586945,FALSE,FALSE
"MR-GGI","CSa",128,50,"large","M2.1",51.3145039081573,FALSE,FALSE
"MR-GGI","CSa",129,50,"large","M3",48.6280539035797,FALSE,FALSE
"MR-GGI","CSa",130,50,"large","M4",53.8205089569092,FALSE,FALSE
"MR-GGI","CSa",131,150,"large","M0.1",51.5623729228973,FALSE,FALSE
"MR-GGI","CSa",132,150,"large","M1.1",30.0924279689789,FALSE,FALSE
"MR-GGI","CSa",133,150,"large","M2.1",55.5078740119934,FALSE,FALSE
"MR-GGI","CSa",134,150,"large","M3",47.0835280418396,FALSE,FALSE
"MR-GGI","CSa",135,150,"large","M4",16.0301780700684,FALSE,FALSE
"MR-GGI","CSa",136,300,"large","M0.1",94.5359089374542,FALSE,FALSE
"MR-GGI","CSa",137,300,"large","M1.1",30.3481080532074,FALSE,FALSE
"MR-GGI","CSa",138,300,"large","M2.1",84.4014070034027,FALSE,FALSE
"MR-GGI","CSa",139,300,"large","M3",55.7562048435211,FALSE,FALSE
"MR-GGI","CSa",140,300,"large","M4",38.9468150138855,FALSE,FALSE
"MR-GGI","CSa",141,670,"large","M0.1",225.189310073853,FALSE,FALSE
"MR-GGI","CSa",142,670,"large","M1.1",130.564651012421,FALSE,FALSE
"MR-GGI","CSa",143,670,"large","M2.1",235.990928173065,FALSE,FALSE
"MR-GGI","CSa",144,670,"large","M3",298.994204998016,FALSE,FALSE
"MR-GGI","CSa",145,670,"large","M4",56.7063179016113,FALSE,FALSE
"MR-GGI","CSa",146,1000,"large","M0.1",109.319061994553,FALSE,FALSE
"MR-GGI","CSa",147,1000,"large","M1.1",61.1787781715393,FALSE,FALSE
"MR-GGI","CSa",148,1000,"large","M2.1",81.7676210403442,FALSE,FALSE
"MR-GGI","CSa",149,1000,"large","M3",117.090600967407,FALSE,FALSE
"MR-GGI","CSa",150,1000,"large","M4",49.7876539230347,FALSE,FALSE
"MR-GGI","CSa",151,50,"small","M0.1",45.1604700088501,FALSE,FALSE
"MR-GGI","CSa",152,50,"small","M1.1",69.0548629760742,FALSE,FALSE
"MR-GGI","CSa",153,50,"small","M2.1",39.1519501209259,FALSE,FALSE
"MR-GGI","CSa",154,50,"small","M3",42.0369908809662,FALSE,FALSE
"MR-GGI","CSa",155,50,"small","M4",39.2076680660248,FALSE,FALSE
"MR-GGI","CSa",156,150,"small","M0.1",69.01424908638,FALSE,FALSE
"MR-GGI","CSa",157,150,"small","M1.1",73.576728105545,FALSE,FALSE
"MR-GGI","CSa",158,150,"small","M2.1",57.8350920677185,FALSE,FALSE
"MR-GGI","CSa",159,150,"small","M3",47.1475129127502,FALSE,FALSE
"MR-GGI","CSa",160,150,"small","M4",52.0927469730377,FALSE,FALSE
"MR-GGI","CSa",161,300,"small","M0.1",69.0723679065704,FALSE,FALSE
"MR-GGI","CSa",162,300,"small","M1.1",72.5005619525909,FALSE,FALSE
"MR-GGI","CSa",163,300,"small","M2.1",79.8059859275818,FALSE,FALSE
"MR-GGI","CSa",164,300,"small","M3",112.317011117935,FALSE,FALSE
"MR-GGI","CSa",165,300,"small","M4",70.0569880008698,FALSE,FALSE
"MR-GGI","CSa",166,670,"small","M0.1",41393.6814639568,FALSE,TRUE
"MR-GGI","CSa",167,670,"small","M1.1",143.911638021469,FALSE,FALSE
"MR-GGI","CSa",168,670,"small","M2.1",31578.9760870934,FALSE,TRUE
"MR-GGI","CSa",169,670,"small","M3",31555.1357529163,FALSE,TRUE
"MR-GGI","CSa",170,670,"small","M4",289.01794219017,FALSE,FALSE
"MR-GGI","CSa",171,1000,"small","M0.1",95.1520168781281,FALSE,FALSE
"MR-GGI","CSa",172,1000,"small","M1.1",338.22091293335,FALSE,FALSE
"MR-GGI","CSa",173,1000,"small","M2.1",105.29302406311,FALSE,FALSE
"MR-GGI","CSa",174,1000,"small","M3",106.797649860382,FALSE,FALSE
"MR-GGI","CSa",175,1000,"small","M4",168.593496799469,FALSE,FALSE
"MR-GGI","CSa",176,50,"medium","M0.1",73.3485260009766,FALSE,FALSE
"MR-GGI","CSa",177,50,"medium","M1.1",46.6744379997253,FALSE,FALSE
"MR-GGI","CSa",178,50,"medium","M2.1",48.1995918750763,FALSE,FALSE
"MR-GGI","CSa",179,50,"medium","M3",65.2256338596344,FALSE,FALSE
"MR-GGI","CSa",180,50,"medium","M4",66.3905589580536,FALSE,FALSE
"MR-GGI","CSa",181,150,"medium","M0.1",52.9059829711914,FALSE,FALSE
"MR-GGI","CSa",182,150,"medium","M1.1",77.1757669448853,FALSE,FALSE
"MR-GGI","CSa",183,150,"medium","M2.1",63.5790750980377,FALSE,FALSE
"MR-GGI","CSa",184,150,"medium","M3",71.1989879608154,FALSE,FALSE
"MR-GGI","CSa",185,150,"medium","M4",78.5168249607086,FALSE,FALSE
"MR-GGI","CSa",186,300,"medium","M0.1",88.8177580833435,FALSE,FALSE
"MR-GGI","CSa",187,300,"medium","M1.1",107.409970998764,FALSE,FALSE
"MR-GGI","CSa",188,300,"medium","M2.1",79.5464639663696,FALSE,FALSE
"MR-GGI","CSa",189,300,"medium","M3",107.375087976456,FALSE,FALSE
"MR-GGI","CSa",190,300,"medium","M4",83.4615049362183,FALSE,FALSE
"MR-GGI","CSa",191,670,"medium","M0.1",53192.1702370644,FALSE,TRUE
"MR-GGI","CSa",192,670,"medium","M1.1",31584.4002408981,FALSE,TRUE
"MR-GGI","CSa",193,670,"medium","M2.1",104.053235054016,FALSE,FALSE
"MR-GGI","CSa",194,670,"medium","M3",31513.1461920738,FALSE,TRUE
"MR-GGI","CSa",195,670,"medium","M4",31622.0323190689,FALSE,TRUE
"MR-GGI","CSa",196,1000,"medium","M0.1",207.778877973557,FALSE,FALSE
"MR-GGI","CSa",197,1000,"medium","M1.1",108.089380979538,FALSE,FALSE
"MR-GGI","CSa",198,1000,"medium","M2.1",101.50724196434,FALSE,FALSE
"MR-GGI","CSa",199,1000,"medium","M3",167.838031053543,FALSE,FALSE
"MR-GGI","CSa",200,1000,"medium","M4",156.907021999359,FALSE,FALSE
"MR-GGI","CSa",201,50,"large","M0.1",57.739030122757,FALSE,FALSE
"MR-GGI","CSa",202,50,"large","M1.1",60.8883810043335,FALSE,FALSE
"MR-GGI","CSa",203,50,"large","M2.1",41.8532629013062,FALSE,FALSE
"MR-GGI","CSa",204,50,"large","M3",58.3150279521942,FALSE,FALSE
"MR-GGI","CSa",205,50,"large","M4",48.7290899753571,FALSE,FALSE
"MR-GGI","CSa",206,150,"large","M0.1",46.520437002182,FALSE,FALSE
"MR-GGI","CSa",207,150,"large","M1.1",50.5707788467407,FALSE,FALSE
"MR-GGI","CSa",208,150,"large","M2.1",53.455118894577,FALSE,FALSE
"MR-GGI","CSa",209,150,"large","M3",87.2076849937439,FALSE,FALSE
"MR-GGI","CSa",210,150,"large","M4",62.1253960132599,FALSE,FALSE
"MR-GGI","CSa",211,300,"large","M0.1",89.1581101417542,FALSE,FALSE
"MR-GGI","CSa",212,300,"large","M1.1",98.1004748344421,FALSE,FALSE
"MR-GGI","CSa",213,300,"large","M2.1",102.494236946106,FALSE,FALSE
"MR-GGI","CSa",214,300,"large","M3",85.9415299892426,FALSE,FALSE
"MR-GGI","CSa",215,300,"large","M4",106.109892845154,FALSE,FALSE
"MR-GGI","CSa",216,670,"large","M0.1",130.010776996613,FALSE,FALSE
"MR-GGI","CSa",217,670,"large","M1.1",41407.9159710407,FALSE,TRUE
"MR-GGI","CSa",218,670,"large","M2.1",31601.3918979168,FALSE,TRUE
"MR-GGI","CSa",219,670,"large","M3",117.292766809464,FALSE,FALSE
"MR-GGI","CSa",220,670,"large","M4",31568.4714610577,FALSE,TRUE
"MR-GGI","CSa",221,1000,"large","M0.1",256.740625858307,FALSE,FALSE
"MR-GGI","CSa",222,1000,"large","M1.1",135.837275028229,FALSE,FALSE
"MR-GGI","CSa",223,1000,"large","M2.1",122.630984067917,FALSE,FALSE
"MR-GGI","CSa",224,1000,"large","M3",111.554264068604,FALSE,FALSE
"MR-GGI","CSa",225,1000,"large","M4",109.971555948257,FALSE,FALSE
"MR-GGI","CSa",226,50,"small","M0.1",74.5577569007874,FALSE,FALSE
"MR-GGI","CSa",227,50,"small","M1.1",34.5533571243286,FALSE,FALSE
"MR-GGI","CSa",228,50,"small","M2.1",36.2418730258942,FALSE,FALSE
"MR-GGI","CSa",229,50,"small","M3",70.494658946991,FALSE,FALSE
"MR-GGI","CSa",230,50,"small","M4",51.4091880321503,FALSE,FALSE
"MR-GGI","CSa",231,150,"small","M0.1",64.4543340206146,FALSE,FALSE
"MR-GGI","CSa",232,150,"small","M1.1",48.7646250724792,FALSE,FALSE
"MR-GGI","CSa",233,150,"small","M2.1",66.7388229370117,FALSE,FALSE
"MR-GGI","CSa",234,150,"small","M3",62.5830240249634,FALSE,FALSE
"MR-GGI","CSa",235,150,"small","M4",56.0393071174622,FALSE,FALSE
"MR-GGI","CSa",236,300,"small","M0.1",86.541130065918,FALSE,FALSE
"MR-GGI","CSa",237,300,"small","M1.1",69.4906148910522,FALSE,FALSE
"MR-GGI","CSa",238,300,"small","M2.1",73.3293831348419,FALSE,FALSE
"MR-GGI","CSa",239,300,"small","M3",73.1395571231842,FALSE,FALSE
"MR-GGI","CSa",240,300,"small","M4",93.4933738708496,FALSE,FALSE
"MR-GGI","CSa",241,670,"small","M0.1",99.6571450233459,FALSE,FALSE
"MR-GGI","CSa",242,670,"small","M1.1",203.50635099411,FALSE,FALSE
"MR-GGI","CSa",243,670,"small","M2.1",158.55279302597,FALSE,FALSE
"MR-GGI","CSa",244,670,"small","M3",163.786478042603,FALSE,FALSE
"MR-GGI","CSa",245,670,"small","M4",200.11647605896,FALSE,FALSE
"MR-GGI","CSa",246,1000,"small","M0.1",364.722802877426,FALSE,FALSE
"MR-GGI","CSa",247,1000,"small","M1.1",215.940315008163,FALSE,FALSE
"MR-GGI","CSa",248,1000,"small","M2.1",152.152840137482,FALSE,FALSE
"MR-GGI","CSa",249,1000,"small","M3",317.877458095551,FALSE,FALSE
"MR-GGI","CSa",250,1000,"small","M4",323.950497150421,FALSE,FALSE
"MR-GGI","CSa",251,50,"medium","M0.1",50.1013839244843,FALSE,FALSE
"MR-GGI","CSa",252,50,"medium","M1.1",41.7423570156097,FALSE,FALSE
"MR-GGI","CSa",253,50,"medium","M2.1",40.0466780662537,FALSE,FALSE
"MR-GGI","CSa",254,50,"medium","M3",42.1796610355377,FALSE,FALSE
"MR-GGI","CSa",255,50,"medium","M4",54.6668648719788,FALSE,FALSE
"MR-GGI","CSa",256,150,"medium","M0.1",54.5960919857025,FALSE,FALSE
"MR-GGI","CSa",257,150,"medium","M1.1",50.951092004776,FALSE,FALSE
"MR-GGI","CSa",258,150,"medium","M2.1",55.7494540214539,FALSE,FALSE
"MR-GGI","CSa",259,150,"medium","M3",22.7436947822571,FALSE,FALSE
"MR-GGI","CSa",260,150,"medium","M4",50.8115730285645,FALSE,FALSE
"MR-GGI","CSa",261,300,"medium","M0.1",50.8331351280212,FALSE,FALSE
"MR-GGI","CSa",262,300,"medium","M1.1",81.3813872337341,FALSE,FALSE
"MR-GGI","CSa",263,300,"medium","M2.1",103.555765867233,FALSE,FALSE
"MR-GGI","CSa",264,300,"medium","M3",43.8840799331665,FALSE,FALSE
"MR-GGI","CSa",265,300,"medium","M4",70.8522720336914,FALSE,FALSE
"MR-GGI","CSa",266,670,"medium","M0.1",100.154613018036,FALSE,FALSE
"MR-GGI","CSa",267,670,"medium","M1.1",169.460748910904,FALSE,FALSE
"MR-GGI","CSa",268,670,"medium","M2.1",109.55321097374,FALSE,FALSE
"MR-GGI","CSa",269,670,"medium","M3",127.052309989929,FALSE,FALSE
"MR-GGI","CSa",270,670,"medium","M4",195.889028072357,FALSE,FALSE
"MR-GGI","CSa",271,1000,"medium","M0.1",60.2050309181213,FALSE,FALSE
"MR-GGI","CSa",272,1000,"medium","M1.1",284.038645029068,FALSE,FALSE
"MR-GGI","CSa",273,1000,"medium","M2.1",256.615953207016,FALSE,FALSE
"MR-GGI","CSa",274,1000,"medium","M3",61.3370199203491,FALSE,FALSE
"MR-GGI","CSa",275,1000,"medium","M4",244.02599811554,FALSE,FALSE
"MR-GGI","CSa",276,50,"large","M0.1",54.6955549716949,FALSE,FALSE
"MR-GGI","CSa",277,50,"large","M1.1",44.7422070503235,FALSE,FALSE
"MR-GGI","CSa",278,50,"large","M2.1",72.3295209407806,FALSE,FALSE
"MR-GGI","CSa",279,50,"large","M3",60.7254250049591,FALSE,FALSE
"MR-GGI","CSa",280,50,"large","M4",41.6443190574646,FALSE,FALSE
"MR-GGI","CSa",281,150,"large","M0.1",45.4277551174164,FALSE,FALSE
"MR-GGI","CSa",282,150,"large","M1.1",27.8108570575714,FALSE,FALSE
"MR-GGI","CSa",283,150,"large","M2.1",53.9459049701691,FALSE,FALSE
"MR-GGI","CSa",284,150,"large","M3",49.0656731128693,FALSE,FALSE
"MR-GGI","CSa",285,150,"large","M4",27.8973400592804,FALSE,FALSE
"MR-GGI","CSa",286,300,"large","M0.1",54.3714661598206,FALSE,FALSE
"MR-GGI","CSa",287,300,"large","M1.1",37.4532248973846,FALSE,FALSE
"MR-GGI","CSa",288,300,"large","M2.1",52.6612179279327,FALSE,FALSE
"MR-GGI","CSa",289,300,"large","M3",64.8144001960754,FALSE,FALSE
"MR-GGI","CSa",290,300,"large","M4",31.4917390346527,FALSE,FALSE
"MR-GGI","CSa",291,670,"large","M0.1",129.324503183365,FALSE,FALSE
"MR-GGI","CSa",292,670,"large","M1.1",126.202577114105,FALSE,FALSE
"MR-GGI","CSa",293,670,"large","M2.1",154.014111042023,FALSE,FALSE
"MR-GGI","CSa",294,670,"large","M3",107.335307836533,FALSE,FALSE
"MR-GGI","CSa",295,670,"large","M4",110.591549158096,FALSE,FALSE
"MR-GGI","CSa",296,1000,"large","M0.1",203.153315067291,FALSE,FALSE
"MR-GGI","CSa",297,1000,"large","M1.1",90.7939839363098,FALSE,FALSE
"MR-GGI","CSa",298,1000,"large","M2.1",107.571155071259,FALSE,FALSE
"MR-GGI","CSa",299,1000,"large","M3",98.9128649234772,FALSE,FALSE
"MR-GGI","CSa",300,1000,"large","M4",42.4710800647736,FALSE,FALSE
"MR-GGI","CSa",301,50,"small","M0.1",30.4277758598328,FALSE,FALSE
"MR-GGI","CSa",302,50,"small","M1.1",91.8097560405731,FALSE,FALSE
"MR-GGI","CSa",303,50,"small","M2.1",70.1546199321747,FALSE,FALSE
"MR-GGI","CSa",304,50,"small","M3",64.5651590824127,FALSE,FALSE
"MR-GGI","CSa",305,50,"small","M4",58.7131388187408,FALSE,FALSE
"MR-GGI","CSa",306,150,"small","M0.1",62.2047128677368,FALSE,FALSE
"MR-GGI","CSa",307,150,"small","M1.1",42.338515996933,FALSE,FALSE
"MR-GGI","CSa",308,150,"small","M2.1",75.8070709705353,FALSE,FALSE
"MR-GGI","CSa",309,150,"small","M3",51.9289939403534,FALSE,FALSE
"MR-GGI","CSa",310,150,"small","M4",56.7337868213654,FALSE,FALSE
"MR-GGI","CSa",311,300,"small","M0.1",67.6779360771179,FALSE,FALSE
"MR-GGI","CSa",312,300,"small","M1.1",84.4553549289703,FALSE,FALSE
"MR-GGI","CSa",313,300,"small","M2.1",93.6269860267639,FALSE,FALSE
"MR-GGI","CSa",314,300,"small","M3",48.970508813858,FALSE,FALSE
"MR-GGI","CSa",315,300,"small","M4",99.1464791297913,FALSE,FALSE
"MR-GGI","CSa",316,670,"small","M0.1",3045.72475194931,FALSE,TRUE
"MR-GGI","CSa",317,670,"small","M1.1",288.982254981995,FALSE,FALSE
"MR-GGI","CSa",318,670,"small","M2.1",2966.32075405121,FALSE,TRUE
"MR-GGI","CSa",319,670,"small","M3",3111.6635351181,FALSE,TRUE
"MR-GGI","CSa",320,670,"small","M4",216.68444609642,FALSE,FALSE
"MR-GGI","CSa",321,1000,"small","M0.1",60.7103838920593,FALSE,FALSE
"MR-GGI","CSa",322,1000,"small","M1.1",101.365676164627,FALSE,FALSE
"MR-GGI","CSa",323,1000,"small","M2.1",85.1426439285278,FALSE,FALSE
"MR-GGI","CSa",324,1000,"small","M3",135.215253829956,FALSE,FALSE
"MR-GGI","CSa",325,1000,"small","M4",120.225270986557,FALSE,FALSE
"MR-GGI","CSa",326,50,"medium","M0.1",42.4684450626373,FALSE,FALSE
"MR-GGI","CSa",327,50,"medium","M1.1",66.349338054657,FALSE,FALSE
"MR-GGI","CSa",328,50,"medium","M2.1",73.000669002533,FALSE,FALSE
"MR-GGI","CSa",329,50,"medium","M3",58.5965559482574,FALSE,FALSE
"MR-GGI","CSa",330,50,"medium","M4",43.5979640483856,FALSE,FALSE
"MR-GGI","CSa",331,150,"medium","M0.1",55.2724719047546,FALSE,FALSE
"MR-GGI","CSa",332,150,"medium","M1.1",52.8557050228119,FALSE,FALSE
"MR-GGI","CSa",333,150,"medium","M2.1",72.349503993988,FALSE,FALSE
"MR-GGI","CSa",334,150,"medium","M3",60.009418964386,FALSE,FALSE
"MR-GGI","CSa",335,150,"medium","M4",50.3115751743317,FALSE,FALSE
"MR-GGI","CSa",336,300,"medium","M0.1",51.8994550704956,FALSE,FALSE
"MR-GGI","CSa",337,300,"medium","M1.1",108.562878847122,FALSE,FALSE
"MR-GGI","CSa",338,300,"medium","M2.1",87.649337053299,FALSE,FALSE
"MR-GGI","CSa",339,300,"medium","M3",60.7414259910583,FALSE,FALSE
"MR-GGI","CSa",340,300,"medium","M4",78.9757750034332,FALSE,FALSE
"MR-GGI","CSa",341,670,"medium","M0.1",3049.3392791748,FALSE,TRUE
"MR-GGI","CSa",342,670,"medium","M1.1",3096.82183718681,FALSE,TRUE
"MR-GGI","CSa",343,670,"medium","M2.1",292.25559091568,FALSE,FALSE
"MR-GGI","CSa",344,670,"medium","M3",3160.99796414375,FALSE,TRUE
"MR-GGI","CSa",345,670,"medium","M4",3004.26406216621,FALSE,TRUE
"MR-GGI","CSa",346,1000,"medium","M0.1",73.8570241928101,FALSE,FALSE
"MR-GGI","CSa",347,1000,"medium","M1.1",127.954299926758,FALSE,FALSE
"MR-GGI","CSa",348,1000,"medium","M2.1",122.653404951096,FALSE,FALSE
"MR-GGI","CSa",349,1000,"medium","M3",124.148293018341,FALSE,FALSE
"MR-GGI","CSa",350,1000,"medium","M4",112.410869836807,FALSE,FALSE
"MR-GGI","CSa",351,50,"large","M0.1",35.0437030792236,FALSE,FALSE
"MR-GGI","CSa",352,50,"large","M1.1",43.9865210056305,FALSE,FALSE
"MR-GGI","CSa",353,50,"large","M2.1",51.7488210201263,FALSE,FALSE
"MR-GGI","CSa",354,50,"large","M3",54.5803759098053,FALSE,FALSE
"MR-GGI","CSa",355,50,"large","M4",50.5169720649719,FALSE,FALSE
"MR-GGI","CSa",356,150,"large","M0.1",48.1941661834717,FALSE,FALSE
"MR-GGI","CSa",357,150,"large","M1.1",48.0884330272675,FALSE,FALSE
"MR-GGI","CSa",358,150,"large","M2.1",61.0599689483643,FALSE,FALSE
"MR-GGI","CSa",359,150,"large","M3",48.6610460281372,FALSE,FALSE
"MR-GGI","CSa",360,150,"large","M4",44.4652400016785,FALSE,FALSE
"MR-GGI","CSa",361,300,"large","M0.1",61.7281079292297,FALSE,FALSE
"MR-GGI","CSa",362,300,"large","M1.1",60.4044699668884,FALSE,FALSE
"MR-GGI","CSa",363,300,"large","M2.1",84.9713327884674,FALSE,FALSE
"MR-GGI","CSa",364,300,"large","M3",72.9009668827057,FALSE,FALSE
"MR-GGI","CSa",365,300,"large","M4",127.407297849655,FALSE,FALSE
"MR-GGI","CSa",366,670,"large","M0.1",453.076164007187,FALSE,FALSE
"MR-GGI","CSa",367,670,"large","M1.1",2984.18302416801,FALSE,TRUE
"MR-GGI","CSa",368,670,"large","M2.1",3231.99146604538,FALSE,TRUE
"MR-GGI","CSa",369,670,"large","M3",308.470057964325,FALSE,FALSE
"MR-GGI","CSa",370,670,"large","M4",3020.20103192329,FALSE,TRUE
"MR-GGI","CSa",371,1000,"large","M0.1",120.014350891113,FALSE,FALSE
"MR-GGI","CSa",372,1000,"large","M1.1",122.647187948227,FALSE,FALSE
"MR-GGI","CSa",373,1000,"large","M2.1",153.348209857941,FALSE,FALSE
"MR-GGI","CSa",374,1000,"large","M3",86.0016100406647,FALSE,FALSE
"MR-GGI","CSa",375,1000,"large","M4",180.83592915535,FALSE,FALSE
"MR-GGI","CSa",376,50,"small","M0.1",74.9197340011597,FALSE,FALSE
"MR-GGI","CSa",377,50,"small","M1.1",46.0101130008698,FALSE,FALSE
"MR-GGI","CSa",378,50,"small","M2.1",46.0716950893402,FALSE,FALSE
"MR-GGI","CSa",379,50,"small","M3",42.3242869377136,FALSE,FALSE
"MR-GGI","CSa",380,50,"small","M4",54.1631140708923,FALSE,FALSE
"MR-GGI","CSa",381,150,"small","M0.1",67.7241249084473,FALSE,FALSE
"MR-GGI","CSa",382,150,"small","M1.1",49.880432844162,FALSE,FALSE
"MR-GGI","CSa",383,150,"small","M2.1",44.4528131484985,FALSE,FALSE
"MR-GGI","CSa",384,150,"small","M3",49.134624004364,FALSE,FALSE
"MR-GGI","CSa",385,150,"small","M4",66.1442999839783,FALSE,FALSE
"MR-GGI","CSa",386,300,"small","M0.1",80.4433269500732,FALSE,FALSE
"MR-GGI","CSa",387,300,"small","M1.1",37.8220028877258,FALSE,FALSE
"MR-GGI","CSa",388,300,"small","M2.1",87.1245141029358,FALSE,FALSE
"MR-GGI","CSa",389,300,"small","M3",104.160382986069,FALSE,FALSE
"MR-GGI","CSa",390,300,"small","M4",79.6500110626221,FALSE,FALSE
"MR-GGI","CSa",391,670,"small","M0.1",305.206137180328,FALSE,FALSE
"MR-GGI","CSa",392,670,"small","M1.1",338.003224134445,FALSE,FALSE
"MR-GGI","CSa",393,670,"small","M2.1",108.634747982025,FALSE,FALSE
"MR-GGI","CSa",394,670,"small","M3",413.98059797287,FALSE,FALSE
"MR-GGI","CSa",395,670,"small","M4",182.154898881912,FALSE,FALSE
"MR-GGI","CSa",396,1000,"small","M0.1",152.566035032272,FALSE,FALSE
"MR-GGI","CSa",397,1000,"small","M1.1",86.6036949157715,FALSE,FALSE
"MR-GGI","CSa",398,1000,"small","M2.1",120.781105995178,FALSE,FALSE
"MR-GGI","CSa",399,1000,"small","M3",127.528225898743,FALSE,FALSE
"MR-GGI","CSa",400,1000,"small","M4",72.51051902771,FALSE,FALSE
"MR-GGI","CSa",401,50,"medium","M0.1",59.2748410701752,FALSE,FALSE
"MR-GGI","CSa",402,50,"medium","M1.1",51.2230360507965,FALSE,FALSE
"MR-GGI","CSa",403,50,"medium","M2.1",49.1778399944305,FALSE,FALSE
"MR-GGI","CSa",404,50,"medium","M3",59.7286419868469,FALSE,FALSE
"MR-GGI","CSa",405,50,"medium","M4",60.7549719810486,FALSE,FALSE
"MR-GGI","CSa",406,150,"medium","M0.1",36.6845240592957,FALSE,FALSE
"MR-GGI","CSa",407,150,"medium","M1.1",53.9172728061676,FALSE,FALSE
"MR-GGI","CSa",408,150,"medium","M2.1",51.914971113205,FALSE,FALSE
"MR-GGI","CSa",409,150,"medium","M3",30.2438831329346,FALSE,FALSE
"MR-GGI","CSa",410,150,"medium","M4",41.0035529136658,FALSE,FALSE
"MR-GGI","CSa",411,300,"medium","M0.1",58.8481910228729,FALSE,FALSE
"MR-GGI","CSa",412,300,"medium","M1.1",72.4225659370422,FALSE,FALSE
"MR-GGI","CSa",413,300,"medium","M2.1",54.7780680656433,FALSE,FALSE
"MR-GGI","CSa",414,300,"medium","M3",48.8495011329651,FALSE,FALSE
"MR-GGI","CSa",415,300,"medium","M4",57.3568189144135,FALSE,FALSE
"MR-GGI","CSa",416,670,"medium","M0.1",167.956393003464,FALSE,FALSE
"MR-GGI","CSa",417,670,"medium","M1.1",256.415714979172,FALSE,FALSE
"MR-GGI","CSa",418,670,"medium","M2.1",172.796576023102,FALSE,FALSE
"MR-GGI","CSa",419,670,"medium","M3",130.356748104095,FALSE,FALSE
"MR-GGI","CSa",420,670,"medium","M4",215.851572990417,FALSE,FALSE
"MR-GGI","CSa",421,1000,"medium","M0.1",79.5899698734283,FALSE,FALSE
"MR-GGI","CSa",422,1000,"medium","M1.1",142.442524909973,FALSE,FALSE
"MR-GGI","CSa",423,1000,"medium","M2.1",104.047890901566,FALSE,FALSE
"MR-GGI","CSa",424,1000,"medium","M3",84.9598770141602,FALSE,FALSE
"MR-GGI","CSa",425,1000,"medium","M4",58.2943451404572,FALSE,FALSE
"MR-GGI","CSa",426,50,"large","M0.1",38.9311940670013,FALSE,FALSE
"MR-GGI","CSa",427,50,"large","M1.1",54.531524181366,FALSE,FALSE
"MR-GGI","CSa",428,50,"large","M2.1",69.897912979126,FALSE,FALSE
"MR-GGI","CSa",429,50,"large","M3",32.5981349945068,FALSE,FALSE
"MR-GGI","CSa",430,50,"large","M4",42.4368150234222,FALSE,FALSE
"MR-GGI","CSa",431,150,"large","M0.1",35.7075400352478,FALSE,FALSE
"MR-GGI","CSa",432,150,"large","M1.1",34.0476717948914,FALSE,FALSE
"MR-GGI","CSa",433,150,"large","M2.1",53.9240081310272,FALSE,FALSE
"MR-GGI","CSa",434,150,"large","M3",41.8955669403076,FALSE,FALSE
"MR-GGI","CSa",435,150,"large","M4",37.037159204483,FALSE,FALSE
"MR-GGI","CSa",436,300,"large","M0.1",57.869117975235,FALSE,FALSE
"MR-GGI","CSa",437,300,"large","M1.1",38.4395320415497,FALSE,FALSE
"MR-GGI","CSa",438,300,"large","M2.1",64.556300163269,FALSE,FALSE
"MR-GGI","CSa",439,300,"large","M3",56.2911150455475,FALSE,FALSE
"MR-GGI","CSa",440,300,"large","M4",24.3423941135406,FALSE,FALSE
"MR-GGI","CSa",441,670,"large","M0.1",185.202439069748,FALSE,FALSE
"MR-GGI","CSa",442,670,"large","M1.1",89.5605609416962,FALSE,FALSE
"MR-GGI","CSa",443,670,"large","M2.1",185.382924079895,FALSE,FALSE
"MR-GGI","CSa",444,670,"large","M3",189.288058996201,FALSE,FALSE
"MR-GGI","CSa",445,670,"large","M4",59.3462870121002,FALSE,FALSE
"MR-GGI","CSa",446,1000,"large","M0.1",70.7803139686584,FALSE,FALSE
"MR-GGI","CSa",447,1000,"large","M1.1",78.6953501701355,FALSE,FALSE
"MR-GGI","CSa",448,1000,"large","M2.1",124.663395881653,FALSE,FALSE
"MR-GGI","CSa",449,1000,"large","M3",59.5528438091278,FALSE,FALSE
"MR-GGI","CSa",450,1000,"large","M4",88.5780220031738,FALSE,FALSE
"MR-GGI","CSa",451,50,"small","M0.1",52.475949048996,FALSE,FALSE
"MR-GGI","CSa",452,50,"small","M1.1",42.0254490375519,FALSE,FALSE
"MR-GGI","CSa",453,50,"small","M2.1",65.7851469516754,FALSE,FALSE
"MR-GGI","CSa",454,50,"small","M3",51.511992931366,FALSE,FALSE
"MR-GGI","CSa",455,50,"small","M4",40.7224359512329,FALSE,FALSE
"MR-GGI","CSa",456,150,"small","M0.1",71.1813931465149,FALSE,FALSE
"MR-GGI","CSa",457,150,"small","M1.1",50.7559731006622,FALSE,FALSE
"MR-GGI","CSa",458,150,"small","M2.1",61.1572668552399,FALSE,FALSE
"MR-GGI","CSa",459,150,"small","M3",80.7061190605164,FALSE,FALSE
"MR-GGI","CSa",460,150,"small","M4",60.3797550201416,FALSE,FALSE
"MR-GGI","CSa",461,300,"small","M0.1",103.366477012634,FALSE,FALSE
"MR-GGI","CSa",462,300,"small","M1.1",86.0111038684845,FALSE,FALSE
"MR-GGI","CSa",463,300,"small","M2.1",69.0841128826141,FALSE,FALSE
"MR-GGI","CSa",464,300,"small","M3",100.190884113312,FALSE,FALSE
"MR-GGI","CSa",465,300,"small","M4",51.9435930252075,FALSE,FALSE
"MR-GGI","CSa",466,670,"small","M0.1",230.606544971466,FALSE,FALSE
"MR-GGI","CSa",467,670,"small","M1.1",295.79202580452,FALSE,FALSE
"MR-GGI","CSa",468,670,"small","M2.1",319.862200021744,FALSE,FALSE
"MR-GGI","CSa",469,670,"small","M3",225.49720287323,FALSE,FALSE
"MR-GGI","CSa",470,670,"small","M4",163.20382809639,FALSE,FALSE
"MR-GGI","CSa",471,1000,"small","M0.1",115.40026807785,FALSE,FALSE
"MR-GGI","CSa",472,1000,"small","M1.1",313.267046928406,FALSE,FALSE
"MR-GGI","CSa",473,1000,"small","M2.1",212.680020093918,FALSE,FALSE
"MR-GGI","CSa",474,1000,"small","M3",101.083769083023,FALSE,FALSE
"MR-GGI","CSa",475,1000,"small","M4",112.085584878922,FALSE,FALSE
"MR-GGI","CSa",476,50,"medium","M0.1",39.790943145752,FALSE,FALSE
"MR-GGI","CSa",477,50,"medium","M1.1",47.4302170276642,FALSE,FALSE
"MR-GGI","CSa",478,50,"medium","M2.1",45.0632982254028,FALSE,FALSE
"MR-GGI","CSa",479,50,"medium","M3",52.9413621425629,FALSE,FALSE
"MR-GGI","CSa",480,50,"medium","M4",47.69380402565,FALSE,FALSE
"MR-GGI","CSa",481,150,"medium","M0.1",54.6029798984528,FALSE,FALSE
"MR-GGI","CSa",482,150,"medium","M1.1",64.4316449165344,FALSE,FALSE
"MR-GGI","CSa",483,150,"medium","M2.1",61.4096081256866,FALSE,FALSE
"MR-GGI","CSa",484,150,"medium","M3",64.3302118778229,FALSE,FALSE
"MR-GGI","CSa",485,150,"medium","M4",57.6806509494781,FALSE,FALSE
"MR-GGI","CSa",486,300,"medium","M0.1",98.3394641876221,FALSE,FALSE
"MR-GGI","CSa",487,300,"medium","M1.1",62.0623099803925,FALSE,FALSE
"MR-GGI","CSa",488,300,"medium","M2.1",119.106426954269,FALSE,FALSE
"MR-GGI","CSa",489,300,"medium","M3",81.8269338607788,FALSE,FALSE
"MR-GGI","CSa",490,300,"medium","M4",93.4430539608002,FALSE,FALSE
"MR-GGI","CSa",491,670,"medium","M0.1",234.670073986053,FALSE,FALSE
"MR-GGI","CSa",492,670,"medium","M1.1",357.570090055466,FALSE,FALSE
"MR-GGI","CSa",493,670,"medium","M2.1",410.561689853668,FALSE,FALSE
"MR-GGI","CSa",494,670,"medium","M3",364.062644004822,FALSE,FALSE
"MR-GGI","CSa",495,670,"medium","M4",283.397843122482,FALSE,FALSE
"MR-GGI","CSa",496,1000,"medium","M0.1",105.420824050903,FALSE,FALSE
"MR-GGI","CSa",497,1000,"medium","M1.1",72.2126760482788,FALSE,FALSE
"MR-GGI","CSa",498,1000,"medium","M2.1",121.059770107269,FALSE,FALSE
"MR-GGI","CSa",499,1000,"medium","M3",113.225635051727,FALSE,FALSE
"MR-GGI","CSa",500,1000,"medium","M4",110.805092096329,FALSE,FALSE
"MR-GGI","CSa",501,50,"large","M0.1",57.5644109249115,FALSE,FALSE
"MR-GGI","CSa",502,50,"large","M1.1",43.4802160263062,FALSE,FALSE
"MR-GGI","CSa",503,50,"large","M2.1",34.0194849967957,FALSE,FALSE
"MR-GGI","CSa",504,50,"large","M3",59.9057381153107,FALSE,FALSE
"MR-GGI","CSa",505,50,"large","M4",75.711268901825,FALSE,FALSE
"MR-GGI","CSa",506,150,"large","M0.1",40.5424160957336,FALSE,FALSE
"MR-GGI","CSa",507,150,"large","M1.1",70.2883999347687,FALSE,FALSE
"MR-GGI","CSa",508,150,"large","M2.1",53.3153040409088,FALSE,FALSE
"MR-GGI","CSa",509,150,"large","M3",49.602236032486,FALSE,FALSE
"MR-GGI","CSa",510,150,"large","M4",63.3062198162079,FALSE,FALSE
"MR-GGI","CSa",511,300,"large","M0.1",91.337189912796,FALSE,FALSE
"MR-GGI","CSa",512,300,"large","M1.1",108.363209009171,FALSE,FALSE
"MR-GGI","CSa",513,300,"large","M2.1",78.7540009021759,FALSE,FALSE
"MR-GGI","CSa",514,300,"large","M3",71.864902973175,FALSE,FALSE
"MR-GGI","CSa",515,300,"large","M4",121.790626764297,FALSE,FALSE
"MR-GGI","CSa",516,670,"large","M0.1",159.826873064041,FALSE,FALSE
"MR-GGI","CSa",517,670,"large","M1.1",214.852855920792,FALSE,FALSE
"MR-GGI","CSa",518,670,"large","M2.1",363.659162998199,FALSE,FALSE
"MR-GGI","CSa",519,670,"large","M3",197.715116977692,FALSE,FALSE
"MR-GGI","CSa",520,670,"large","M4",335.84334897995,FALSE,FALSE
"MR-GGI","CSa",521,1000,"large","M0.1",393.429677009583,FALSE,FALSE
"MR-GGI","CSa",522,1000,"large","M1.1",95.0393240451813,FALSE,FALSE
"MR-GGI","CSa",523,1000,"large","M2.1",96.3917760848999,FALSE,FALSE
"MR-GGI","CSa",524,1000,"large","M3",331.320053100586,FALSE,FALSE
"MR-GGI","CSa",525,1000,"large","M4",99.9329450130463,FALSE,FALSE
"MR-GGI","CSa",526,50,"small","M0.1",47.7587189674377,FALSE,FALSE
"MR-GGI","CSa",527,50,"small","M1.1",43.6559009552002,FALSE,FALSE
"MR-GGI","CSa",528,50,"small","M2.1",57.8894469738007,FALSE,FALSE
"MR-GGI","CSa",529,50,"small","M3",55.755322933197,FALSE,FALSE
"MR-GGI","CSa",530,50,"small","M4",40.3026609420776,FALSE,FALSE
"MR-GGI","CSa",531,150,"small","M0.1",88.4585039615631,FALSE,FALSE
"MR-GGI","CSa",532,150,"small","M1.1",64.6947841644287,FALSE,FALSE
"MR-GGI","CSa",533,150,"small","M2.1",44.8012430667877,FALSE,FALSE
"MR-GGI","CSa",534,150,"small","M3",63.8203320503235,FALSE,FALSE
"MR-GGI","CSa",535,150,"small","M4",58.9500570297241,FALSE,FALSE
"MR-GGI","CSa",536,300,"small","M0.1",99.3341550827026,FALSE,FALSE
"MR-GGI","CSa",537,300,"small","M1.1",101.554543018341,FALSE,FALSE
"MR-GGI","CSa",538,300,"small","M2.1",47.6641030311584,FALSE,FALSE
"MR-GGI","CSa",539,300,"small","M3",115.287043809891,FALSE,FALSE
"MR-GGI","CSa",540,300,"small","M4",84.8966679573059,FALSE,FALSE
"MR-GGI","CSa",541,670,"small","M0.1",276.295459985733,FALSE,FALSE
"MR-GGI","CSa",542,670,"small","M1.1",372.480237960815,FALSE,FALSE
"MR-GGI","CSa",543,670,"small","M2.1",202.902240037918,FALSE,FALSE
"MR-GGI","CSa",544,670,"small","M3",342.302733182907,FALSE,FALSE
"MR-GGI","CSa",545,670,"small","M4",425.081771850586,FALSE,FALSE
"MR-GGI","CSa",546,1000,"small","M0.1",153.630473136902,FALSE,FALSE
"MR-GGI","CSa",547,1000,"small","M1.1",359.803253889084,FALSE,FALSE
"MR-GGI","CSa",548,1000,"small","M2.1",72.8510119915009,FALSE,FALSE
"MR-GGI","CSa",549,1000,"small","M3",172.678390979767,FALSE,FALSE
"MR-GGI","CSa",550,1000,"small","M4",131.107115030289,FALSE,FALSE
"MR-GGI","CSa",551,50,"medium","M0.1",52.1290519237518,FALSE,FALSE
"MR-GGI","CSa",552,50,"medium","M1.1",46.4090778827667,FALSE,FALSE
"MR-GGI","CSa",553,50,"medium","M2.1",46.5472309589386,FALSE,FALSE
"MR-GGI","CSa",554,50,"medium","M3",80.8881199359894,FALSE,FALSE
"MR-GGI","CSa",555,50,"medium","M4",45.92560505867,FALSE,FALSE
"MR-GGI","CSa",556,150,"medium","M0.1",44.6369209289551,FALSE,FALSE
"MR-GGI","CSa",557,150,"medium","M1.1",51.0664939880371,FALSE,FALSE
"MR-GGI","CSa",558,150,"medium","M2.1",57.2395350933075,FALSE,FALSE
"MR-GGI","CSa",559,150,"medium","M3",27.3327279090881,FALSE,FALSE
"MR-GGI","CSa",560,150,"medium","M4",53.9827299118042,FALSE,FALSE
"MR-GGI","CSa",561,300,"medium","M0.1",66.5657520294189,FALSE,FALSE
"MR-GGI","CSa",562,300,"medium","M1.1",86.0466320514679,FALSE,FALSE
"MR-GGI","CSa",563,300,"medium","M2.1",78.213427066803,FALSE,FALSE
"MR-GGI","CSa",564,300,"medium","M3",38.006010055542,FALSE,FALSE
"MR-GGI","CSa",565,300,"medium","M4",61.0125961303711,FALSE,FALSE
"MR-GGI","CSa",566,670,"medium","M0.1",146.445577144623,FALSE,FALSE
"MR-GGI","CSa",567,670,"medium","M1.1",180.280906200409,FALSE,FALSE
"MR-GGI","CSa",568,670,"medium","M2.1",336.281494140625,FALSE,FALSE
"MR-GGI","CSa",569,670,"medium","M3",153.499989032745,FALSE,FALSE
"MR-GGI","CSa",570,670,"medium","M4",284.184091091156,FALSE,FALSE
"MR-GGI","CSa",571,1000,"medium","M0.1",253.486754894257,FALSE,FALSE
"MR-GGI","CSa",572,1000,"medium","M1.1",272.382646083832,FALSE,FALSE
"MR-GGI","CSa",573,1000,"medium","M2.1",204.374526977539,FALSE,FALSE
"MR-GGI","CSa",574,1000,"medium","M3",137.101495981216,FALSE,FALSE
"MR-GGI","CSa",575,1000,"medium","M4",202.060204982758,FALSE,FALSE
"MR-GGI","CSa",576,50,"large","M0.1",54.9047539234161,FALSE,FALSE
"MR-GGI","CSa",577,50,"large","M1.1",45.8717980384827,FALSE,FALSE
"MR-GGI","CSa",578,50,"large","M2.1",75.2585349082947,FALSE,FALSE
"MR-GGI","CSa",579,50,"large","M3",58.426146030426,FALSE,FALSE
"MR-GGI","CSa",580,50,"large","M4",62.5347499847412,FALSE,FALSE
"MR-GGI","CSa",581,150,"large","M0.1",64.7449200153351,FALSE,FALSE
"MR-GGI","CSa",582,150,"large","M1.1",25.8652210235596,FALSE,FALSE
"MR-GGI","CSa",583,150,"large","M2.1",52.8036201000214,FALSE,FALSE
"MR-GGI","CSa",584,150,"large","M3",38.7165389060974,FALSE,FALSE
"MR-GGI","CSa",585,150,"large","M4",27.3834538459778,FALSE,FALSE
"MR-GGI","CSa",586,300,"large","M0.1",66.8313329219818,FALSE,FALSE
"MR-GGI","CSa",587,300,"large","M1.1",50.7595241069794,FALSE,FALSE
"MR-GGI","CSa",588,300,"large","M2.1",58.9630589485168,FALSE,FALSE
"MR-GGI","CSa",589,300,"large","M3",69.0273060798645,FALSE,FALSE
"MR-GGI","CSa",590,300,"large","M4",21.9376919269562,FALSE,FALSE
"MR-GGI","CSa",591,670,"large","M0.1",310.757020950317,FALSE,FALSE
"MR-GGI","CSa",592,670,"large","M1.1",88.2574288845062,FALSE,FALSE
"MR-GGI","CSa",593,670,"large","M2.1",264.867715120316,FALSE,FALSE
"MR-GGI","CSa",594,670,"large","M3",269.600317001343,FALSE,FALSE
"MR-GGI","CSa",595,670,"large","M4",79.4487109184265,FALSE,FALSE
"MR-GGI","CSa",596,1000,"large","M0.1",254.3547270298,FALSE,FALSE
"MR-GGI","CSa",597,1000,"large","M1.1",64.5580089092255,FALSE,FALSE
"MR-GGI","CSa",598,1000,"large","M2.1",248.019826889038,FALSE,FALSE
"MR-GGI","CSa",599,1000,"large","M3",100.334346055984,FALSE,FALSE
"MR-GGI","CSa",600,1000,"large","M4",52.9168961048126,FALSE,FALSE
"MR-GGI","CSa",601,50,"small","M0.1",47.1716990470886,FALSE,FALSE
"MR-GGI","CSa",602,50,"small","M1.1",52.9080460071564,FALSE,FALSE
"MR-GGI","CSa",603,50,"small","M2.1",53.4893720149994,FALSE,FALSE
"MR-GGI","CSa",604,50,"small","M3",39.0147709846497,FALSE,FALSE
"MR-GGI","CSa",605,50,"small","M4",43.7652130126953,FALSE,FALSE
"MR-GGI","CSa",606,150,"small","M0.1",51.0040440559387,FALSE,FALSE
"MR-GGI","CSa",607,150,"small","M1.1",66.0676379203796,FALSE,FALSE
"MR-GGI","CSa",608,150,"small","M2.1",42.0612668991089,FALSE,FALSE
"MR-GGI","CSa",609,150,"small","M3",48.9707520008087,FALSE,FALSE
"MR-GGI","CSa",610,150,"small","M4",76.2252418994904,FALSE,FALSE
"MR-GGI","CSa",611,300,"small","M0.1",61.4294390678406,FALSE,FALSE
"MR-GGI","CSa",612,300,"small","M1.1",71.5625560283661,FALSE,FALSE
"MR-GGI","CSa",613,300,"small","M2.1",75.0929200649261,FALSE,FALSE
"MR-GGI","CSa",614,300,"small","M3",71.541916847229,FALSE,FALSE
"MR-GGI","CSa",615,300,"small","M4",63.8655920028687,FALSE,FALSE
"MR-GGI","CSa",616,670,"small","M0.1",243.989358186722,FALSE,FALSE
"MR-GGI","CSa",617,670,"small","M1.1",111.839487075806,FALSE,FALSE
"MR-GGI","CSa",618,670,"small","M2.1",253.850098133087,FALSE,FALSE
"MR-GGI","CSa",619,670,"small","M3",140.118587970734,FALSE,FALSE
"MR-GGI","CSa",620,670,"small","M4",179.894784927368,FALSE,FALSE
"MR-GGI","CSa",621,1000,"small","M0.1",156.333410024643,FALSE,FALSE
"MR-GGI","CSa",622,1000,"small","M1.1",340.925549983978,FALSE,FALSE
"MR-GGI","CSa",623,1000,"small","M2.1",97.1572399139404,FALSE,FALSE
"MR-GGI","CSa",624,1000,"small","M3",102.519200086594,FALSE,FALSE
"MR-GGI","CSa",625,1000,"small","M4",63.8416571617126,FALSE,FALSE
"MR-GGI","CSa",626,50,"medium","M0.1",30.7709610462189,FALSE,FALSE
"MR-GGI","CSa",627,50,"medium","M1.1",72.3749210834503,FALSE,FALSE
"MR-GGI","CSa",628,50,"medium","M2.1",42.3648419380188,FALSE,FALSE
"MR-GGI","CSa",629,50,"medium","M3",47.3644361495972,FALSE,FALSE
"MR-GGI","CSa",630,50,"medium","M4",31.1488139629364,FALSE,FALSE
"MR-GGI","CSa",631,150,"medium","M0.1",55.261344909668,FALSE,FALSE
"MR-GGI","CSa",632,150,"medium","M1.1",51.7588138580322,FALSE,FALSE
"MR-GGI","CSa",633,150,"medium","M2.1",72.5677289962769,FALSE,FALSE
"MR-GGI","CSa",634,150,"medium","M3",71.4097089767456,FALSE,FALSE
"MR-GGI","CSa",635,150,"medium","M4",91.3259770870209,FALSE,FALSE
"MR-GGI","CSa",636,300,"medium","M0.1",100.567847967148,FALSE,FALSE
"MR-GGI","CSa",637,300,"medium","M1.1",83.7689189910889,FALSE,FALSE
"MR-GGI","CSa",638,300,"medium","M2.1",61.5328190326691,FALSE,FALSE
"MR-GGI","CSa",639,300,"medium","M3",59.8497121334076,FALSE,FALSE
"MR-GGI","CSa",640,300,"medium","M4",75.4522218704224,FALSE,FALSE
"MR-GGI","CSa",641,670,"medium","M0.1",177.154585123062,FALSE,FALSE
"MR-GGI","CSa",642,670,"medium","M1.1",104.818336009979,FALSE,FALSE
"MR-GGI","CSa",643,670,"medium","M2.1",201.993970870972,FALSE,FALSE
"MR-GGI","CSa",644,670,"medium","M3",254.066488981247,FALSE,FALSE
"MR-GGI","CSa",645,670,"medium","M4",96.3015038967133,FALSE,FALSE
"MR-GGI","CSa",646,1000,"medium","M0.1",129.708771944046,FALSE,FALSE
"MR-GGI","CSa",647,1000,"medium","M1.1",72.9856791496277,FALSE,FALSE
"MR-GGI","CSa",648,1000,"medium","M2.1",129.496451854706,FALSE,FALSE
"MR-GGI","CSa",649,1000,"medium","M3",95.3514790534973,FALSE,FALSE
"MR-GGI","CSa",650,1000,"medium","M4",130.751061916351,FALSE,FALSE
"MR-GGI","CSa",651,50,"large","M0.1",54.9909009933472,FALSE,FALSE
"MR-GGI","CSa",652,50,"large","M1.1",47.2425231933594,FALSE,FALSE
"MR-GGI","CSa",653,50,"large","M2.1",71.2397089004517,FALSE,FALSE
"MR-GGI","CSa",654,50,"large","M3",44.358314037323,FALSE,FALSE
"MR-GGI","CSa",655,50,"large","M4",62.3875629901886,FALSE,FALSE
"MR-GGI","CSa",656,150,"large","M0.1",55.3583519458771,FALSE,FALSE
"MR-GGI","CSa",657,150,"large","M1.1",57.757551908493,FALSE,FALSE
"MR-GGI","CSa",658,150,"large","M2.1",48.684632062912,FALSE,FALSE
"MR-GGI","CSa",659,150,"large","M3",80.6592609882355,FALSE,FALSE
"MR-GGI","CSa",660,150,"large","M4",66.6183259487152,FALSE,FALSE
"MR-GGI","CSa",661,300,"large","M0.1",44.7048990726471,FALSE,FALSE
"MR-GGI","CSa",662,300,"large","M1.1",70.929939031601,FALSE,FALSE
"MR-GGI","CSa",663,300,"large","M2.1",84.3540980815887,FALSE,FALSE
"MR-GGI","CSa",664,300,"large","M3",80.60893201828,FALSE,FALSE
"MR-GGI","CSa",665,300,"large","M4",55.7827610969543,FALSE,FALSE
"MR-GGI","CSa",666,670,"large","M0.1",200.207331180573,FALSE,FALSE
"MR-GGI","CSa",667,670,"large","M1.1",236.977492809296,FALSE,FALSE
"MR-GGI","CSa",668,670,"large","M2.1",124.688298940659,FALSE,FALSE
"MR-GGI","CSa",669,670,"large","M3",148.078523874283,FALSE,FALSE
"MR-GGI","CSa",670,670,"large","M4",72.8955121040344,FALSE,FALSE
"MR-GGI","CSa",671,1000,"large","M0.1",195.558125972748,FALSE,FALSE
"MR-GGI","CSa",672,1000,"large","M1.1",97.725072145462,FALSE,FALSE
"MR-GGI","CSa",673,1000,"large","M2.1",142.165312051773,FALSE,FALSE
"MR-GGI","CSa",674,1000,"large","M3",300.439479112625,FALSE,FALSE
"MR-GGI","CSa",675,1000,"large","M4",108.254482030869,FALSE,FALSE
"MR-GGI","CSa",676,50,"small","M0.1",54.2697768211365,FALSE,FALSE
"MR-GGI","CSa",677,50,"small","M1.1",46.9496419429779,FALSE,FALSE
"MR-GGI","CSa",678,50,"small","M2.1",40.843887090683,FALSE,FALSE
"MR-GGI","CSa",679,50,"small","M3",55.9943058490753,FALSE,FALSE
"MR-GGI","CSa",680,50,"small","M4",46.336492061615,FALSE,FALSE
"MR-GGI","CSa",681,150,"small","M0.1",82.7093768119812,FALSE,FALSE
"MR-GGI","CSa",682,150,"small","M1.1",54.0766000747681,FALSE,FALSE
"MR-GGI","CSa",683,150,"small","M2.1",36.9648149013519,FALSE,FALSE
"MR-GGI","CSa",684,150,"small","M3",59.1705338954926,FALSE,FALSE
"MR-GGI","CSa",685,150,"small","M4",69.2784130573273,FALSE,FALSE
"MR-GGI","CSa",686,300,"small","M0.1",106.618723869324,FALSE,FALSE
"MR-GGI","CSa",687,300,"small","M1.1",107.104467868805,FALSE,FALSE
"MR-GGI","CSa",688,300,"small","M2.1",57.3314089775085,FALSE,FALSE
"MR-GGI","CSa",689,300,"small","M3",88.0020501613617,FALSE,FALSE
"MR-GGI","CSa",690,300,"small","M4",93.3159239292145,FALSE,FALSE
"MR-GGI","CSa",691,670,"small","M0.1",250.892086982727,FALSE,FALSE
"MR-GGI","CSa",692,670,"small","M1.1",109.203891038895,FALSE,FALSE
"MR-GGI","CSa",693,670,"small","M2.1",118.385998010635,FALSE,FALSE
"MR-GGI","CSa",694,670,"small","M3",104.674180030823,FALSE,FALSE
"MR-GGI","CSa",695,670,"small","M4",126.758639097214,FALSE,FALSE
"MR-GGI","CSa",696,1000,"small","M0.1",94.2458610534668,FALSE,FALSE
"MR-GGI","CSa",697,1000,"small","M1.1",123.024090051651,FALSE,FALSE
"MR-GGI","CSa",698,1000,"small","M2.1",174.588782072067,FALSE,FALSE
"MR-GGI","CSa",699,1000,"small","M3",265.750748157501,FALSE,FALSE
"MR-GGI","CSa",700,1000,"small","M4",260.279031991959,FALSE,FALSE
"MR-GGI","CSa",701,50,"medium","M0.1",55.039440870285,FALSE,FALSE
"MR-GGI","CSa",702,50,"medium","M1.1",51.0744268894196,FALSE,FALSE
"MR-GGI","CSa",703,50,"medium","M2.1",80.4907710552216,FALSE,FALSE
"MR-GGI","CSa",704,50,"medium","M3",62.5267510414124,FALSE,FALSE
"MR-GGI","CSa",705,50,"medium","M4",34.4408609867096,FALSE,FALSE
"MR-GGI","CSa",706,150,"medium","M0.1",55.8195719718933,FALSE,FALSE
"MR-GGI","CSa",707,150,"medium","M1.1",67.1290810108185,FALSE,FALSE
"MR-GGI","CSa",708,150,"medium","M2.1",59.386020898819,FALSE,FALSE
"MR-GGI","CSa",709,150,"medium","M3",27.6125190258026,FALSE,FALSE
"MR-GGI","CSa",710,150,"medium","M4",49.6267421245575,FALSE,FALSE
"MR-GGI","CSa",711,300,"medium","M0.1",64.8119540214539,FALSE,FALSE
"MR-GGI","CSa",712,300,"medium","M1.1",77.4943151473999,FALSE,FALSE
"MR-GGI","CSa",713,300,"medium","M2.1",68.2931611537933,FALSE,FALSE
"MR-GGI","CSa",714,300,"medium","M3",46.6619279384613,FALSE,FALSE
"MR-GGI","CSa",715,300,"medium","M4",85.942578792572,FALSE,FALSE
"MR-GGI","CSa",716,670,"medium","M0.1",69.0551149845123,FALSE,FALSE
"MR-GGI","CSa",717,670,"medium","M1.1",137.581408023834,FALSE,FALSE
"MR-GGI","CSa",718,670,"medium","M2.1",82.5062999725342,FALSE,FALSE
"MR-GGI","CSa",719,670,"medium","M3",89.6914880275726,FALSE,FALSE
"MR-GGI","CSa",720,670,"medium","M4",144.585667848587,FALSE,FALSE
"MR-GGI","CSa",721,1000,"medium","M0.1",220.068695783615,FALSE,FALSE
"MR-GGI","CSa",722,1000,"medium","M1.1",192.604773044586,FALSE,FALSE
"MR-GGI","CSa",723,1000,"medium","M2.1",206.272472143173,FALSE,FALSE
"MR-GGI","CSa",724,1000,"medium","M3",186.302614927292,FALSE,FALSE
"MR-GGI","CSa",725,1000,"medium","M4",336.81881403923,FALSE,FALSE
"MR-GGI","CSa",726,50,"large","M0.1",43.023097038269,FALSE,FALSE
"MR-GGI","CSa",727,50,"large","M1.1",50.9481430053711,FALSE,FALSE
"MR-GGI","CSa",728,50,"large","M2.1",43.9575660228729,FALSE,FALSE
"MR-GGI","CSa",729,50,"large","M3",55.1018710136414,FALSE,FALSE
"MR-GGI","CSa",730,50,"large","M4",62.7301549911499,FALSE,FALSE
"MR-GGI","CSa",731,150,"large","M0.1",43.3067829608917,FALSE,FALSE
"MR-GGI","CSa",732,150,"large","M1.1",37.8468241691589,FALSE,FALSE
"MR-GGI","CSa",733,150,"large","M2.1",52.642993927002,FALSE,FALSE
"MR-GGI","CSa",734,150,"large","M3",49.7187039852142,FALSE,FALSE
"MR-GGI","CSa",735,150,"large","M4",26.9980330467224,FALSE,FALSE
"MR-GGI","CSa",736,300,"large","M0.1",61.3353478908539,FALSE,FALSE
"MR-GGI","CSa",737,300,"large","M1.1",58.5363218784332,FALSE,FALSE
"MR-GGI","CSa",738,300,"large","M2.1",53.6763288974762,FALSE,FALSE
"MR-GGI","CSa",739,300,"large","M3",45.5821049213409,FALSE,FALSE
"MR-GGI","CSa",740,300,"large","M4",32.1952910423279,FALSE,FALSE
"MR-GGI","CSa",741,670,"large","M0.1",98.8734180927277,FALSE,FALSE
"MR-GGI","CSa",742,670,"large","M1.1",52.7205500602722,FALSE,FALSE
"MR-GGI","CSa",743,670,"large","M2.1",99.9634299278259,FALSE,FALSE
"MR-GGI","CSa",744,670,"large","M3",119.26474905014,FALSE,FALSE
"MR-GGI","CSa",745,670,"large","M4",47.0551369190216,FALSE,FALSE
"MR-GGI","CSa",746,1000,"large","M0.1",319.379503011703,FALSE,FALSE
"MR-GGI","CSa",747,1000,"large","M1.1",145.113410949707,FALSE,FALSE
"MR-GGI","CSa",748,1000,"large","M2.1",225.017289876938,FALSE,FALSE
"MR-GGI","CSa",749,1000,"large","M3",224.207164049149,FALSE,FALSE
"MR-GGI","CSa",750,1000,"large","M4",59.2757179737091,FALSE,FALSE
"MR-GGI","CSa",751,50,"small","M0.1",57.3694410324097,FALSE,FALSE
"MR-GGI","CSa",752,50,"small","M1.1",33.4503560066223,FALSE,FALSE
"MR-GGI","CSa",753,50,"small","M2.1",38.7668080329895,FALSE,FALSE
"MR-GGI","CSa",754,50,"small","M3",41.7473080158234,FALSE,FALSE
"MR-GGI","CSa",755,50,"small","M4",47.9710659980774,FALSE,FALSE
"MR-GGI","CSa",756,150,"small","M0.1",62.9292390346527,FALSE,FALSE
"MR-GGI","CSa",757,150,"small","M1.1",52.067165851593,FALSE,FALSE
"MR-GGI","CSa",758,150,"small","M2.1",89.924045085907,FALSE,FALSE
"MR-GGI","CSa",759,150,"small","M3",77.1039638519287,FALSE,FALSE
"MR-GGI","CSa",760,150,"small","M4",62.3993539810181,FALSE,FALSE
"MR-GGI","CSa",761,300,"small","M0.1",97.2903060913086,FALSE,FALSE
"MR-GGI","CSa",762,300,"small","M1.1",58.0620210170746,FALSE,FALSE
"MR-GGI","CSa",763,300,"small","M2.1",84.4115369319916,FALSE,FALSE
"MR-GGI","CSa",764,300,"small","M3",77.2084178924561,FALSE,FALSE
"MR-GGI","CSa",765,300,"small","M4",108.627492189407,FALSE,FALSE
"MR-GGI","CSa",766,670,"small","M0.1",100.88636302948,FALSE,FALSE
"MR-GGI","CSa",767,670,"small","M1.1",139.629915952682,FALSE,FALSE
"MR-GGI","CSa",768,670,"small","M2.1",83.960058927536,FALSE,FALSE
"MR-GGI","CSa",769,670,"small","M3",122.726683139801,FALSE,FALSE
"MR-GGI","CSa",770,670,"small","M4",130.702955961227,FALSE,FALSE
"MR-GGI","CSa",771,1000,"small","M0.1",131.580527067184,FALSE,FALSE
"MR-GGI","CSa",772,1000,"small","M1.1",173.260942935944,FALSE,FALSE
"MR-GGI","CSa",773,1000,"small","M2.1",426.643514156342,FALSE,FALSE
"MR-GGI","CSa",774,1000,"small","M3",344.755764961243,FALSE,FALSE
"MR-GGI","CSa",775,1000,"small","M4",611.381047964096,FALSE,FALSE
"MR-GGI","CSa",776,50,"medium","M0.1",67.4298760890961,FALSE,FALSE
"MR-GGI","CSa",777,50,"medium","M1.1",54.3188440799713,FALSE,FALSE
"MR-GGI","CSa",778,50,"medium","M2.1",33.2256078720093,FALSE,FALSE
"MR-GGI","CSa",779,50,"medium","M3",49.2436110973358,FALSE,FALSE
"MR-GGI","CSa",780,50,"medium","M4",36.6395099163055,FALSE,FALSE
"MR-GGI","CSa",781,150,"medium","M0.1",68.7364728450775,FALSE,FALSE
"MR-GGI","CSa",782,150,"medium","M1.1",40.0342938899994,FALSE,FALSE
"MR-GGI","CSa",783,150,"medium","M2.1",59.5723898410797,FALSE,FALSE
"MR-GGI","CSa",784,150,"medium","M3",49.2563650608063,FALSE,FALSE
"MR-GGI","CSa",785,150,"medium","M4",50.6895949840546,FALSE,FALSE
"MR-GGI","CSa",786,300,"medium","M0.1",88.2363319396973,FALSE,FALSE
"MR-GGI","CSa",787,300,"medium","M1.1",83.7313029766083,FALSE,FALSE
"MR-GGI","CSa",788,300,"medium","M2.1",71.6505069732666,FALSE,FALSE
"MR-GGI","CSa",789,300,"medium","M3",76.1929988861084,FALSE,FALSE
"MR-GGI","CSa",790,300,"medium","M4",73.0955090522766,FALSE,FALSE
"MR-GGI","CSa",791,670,"medium","M0.1",109.126749038696,FALSE,FALSE
"MR-GGI","CSa",792,670,"medium","M1.1",139.224459886551,FALSE,FALSE
"MR-GGI","CSa",793,670,"medium","M2.1",143.701811075211,FALSE,FALSE
"MR-GGI","CSa",794,670,"medium","M3",58.3164532184601,FALSE,FALSE
"MR-GGI","CSa",795,670,"medium","M4",104.343229055405,FALSE,FALSE
"MR-GGI","CSa",796,1000,"medium","M0.1",182.240967035294,FALSE,FALSE
"MR-GGI","CSa",797,1000,"medium","M1.1",195.267488956451,FALSE,FALSE
"MR-GGI","CSa",798,1000,"medium","M2.1",771.207515954971,FALSE,FALSE
"MR-GGI","CSa",799,1000,"medium","M3",623.117038965225,FALSE,FALSE
"MR-GGI","CSa",800,1000,"medium","M4",204.022285938263,FALSE,FALSE
"MR-GGI","CSa",801,50,"large","M0.1",48.9716670513153,FALSE,FALSE
"MR-GGI","CSa",802,50,"large","M1.1",36.9121220111847,FALSE,FALSE
"MR-GGI","CSa",803,50,"large","M2.1",48.4898760318756,FALSE,FALSE
"MR-GGI","CSa",804,50,"large","M3",40.2301919460297,FALSE,FALSE
"MR-GGI","CSa",805,50,"large","M4",38.3009588718414,FALSE,FALSE
"MR-GGI","CSa",806,150,"large","M0.1",42.426666021347,FALSE,FALSE
"MR-GGI","CSa",807,150,"large","M1.1",66.0054960250854,FALSE,FALSE
"MR-GGI","CSa",808,150,"large","M2.1",68.4925768375397,FALSE,FALSE
"MR-GGI","CSa",809,150,"large","M3",53.3351089954376,FALSE,FALSE
"MR-GGI","CSa",810,150,"large","M4",50.7825400829315,FALSE,FALSE
"MR-GGI","CSa",811,300,"large","M0.1",57.7895338535309,FALSE,FALSE
"MR-GGI","CSa",812,300,"large","M1.1",73.3911378383636,FALSE,FALSE
"MR-GGI","CSa",813,300,"large","M2.1",41.2251188755035,FALSE,FALSE
"MR-GGI","CSa",814,300,"large","M3",101.418935060501,FALSE,FALSE
"MR-GGI","CSa",815,300,"large","M4",74.1549258232117,FALSE,FALSE
"MR-GGI","CSa",816,670,"large","M0.1",110.904891967773,FALSE,FALSE
"MR-GGI","CSa",817,670,"large","M1.1",111.92098903656,FALSE,FALSE
"MR-GGI","CSa",818,670,"large","M2.1",108.656690120697,FALSE,FALSE
"MR-GGI","CSa",819,670,"large","M3",139.371559858322,FALSE,FALSE
"MR-GGI","CSa",820,670,"large","M4",78.2818229198456,FALSE,FALSE
"MR-GGI","CSa",821,1000,"large","M0.1",626.689545869827,FALSE,FALSE
"MR-GGI","CSa",822,1000,"large","M1.1",162.427597045898,FALSE,FALSE
"MR-GGI","CSa",823,1000,"large","M2.1",365.09835600853,FALSE,FALSE
"MR-GGI","CSa",824,1000,"large","M3",208.699701070786,FALSE,FALSE
"MR-GGI","CSa",825,1000,"large","M4",238.595669984818,FALSE,FALSE
"MR-GGI","CSa",826,50,"small","M0.1",47.7077298164368,FALSE,FALSE
"MR-GGI","CSa",827,50,"small","M1.1",65.3590159416199,FALSE,FALSE
"MR-GGI","CSa",828,50,"small","M2.1",46.8252789974213,FALSE,FALSE
"MR-GGI","CSa",829,50,"small","M3",67.6463420391083,FALSE,FALSE
"MR-GGI","CSa",830,50,"small","M4",55.6655910015106,FALSE,FALSE
"MR-GGI","CSa",831,150,"small","M0.1",65.2183549404144,FALSE,FALSE
"MR-GGI","CSa",832,150,"small","M1.1",61.0617821216583,FALSE,FALSE
"MR-GGI","CSa",833,150,"small","M2.1",31.417179107666,FALSE,FALSE
"MR-GGI","CSa",834,150,"small","M3",65.9450569152832,FALSE,FALSE
"MR-GGI","CSa",835,150,"small","M4",57.8801410198212,FALSE,FALSE
"MR-GGI","CSa",836,300,"small","M0.1",80.5216131210327,FALSE,FALSE
"MR-GGI","CSa",837,300,"small","M1.1",99.4950790405273,FALSE,FALSE
"MR-GGI","CSa",838,300,"small","M2.1",70.2708277702332,FALSE,FALSE
"MR-GGI","CSa",839,300,"small","M3",121.126734018326,FALSE,FALSE
"MR-GGI","CSa",840,300,"small","M4",90.2229890823364,FALSE,FALSE
"MR-GGI","CSa",841,670,"small","M0.1",86.5404880046844,FALSE,FALSE
"MR-GGI","CSa",842,670,"small","M1.1",86.2956690788269,FALSE,FALSE
"MR-GGI","CSa",843,670,"small","M2.1",85.2471098899841,FALSE,FALSE
"MR-GGI","CSa",844,670,"small","M3",110.113832950592,FALSE,FALSE
"MR-GGI","CSa",845,670,"small","M4",136.482156038284,FALSE,FALSE
"MR-GGI","CSa",846,1000,"small","M0.1",283.057137966156,FALSE,FALSE
"MR-GGI","CSa",847,1000,"small","M1.1",650.89781498909,FALSE,FALSE
"MR-GGI","CSa",848,1000,"small","M2.1",144.560333967209,FALSE,FALSE
"MR-GGI","CSa",849,1000,"small","M3",678.530733823776,FALSE,FALSE
"MR-GGI","CSa",850,1000,"small","M4",511.546365976334,FALSE,FALSE
"MR-GGI","CSa",851,50,"medium","M0.1",42.7640669345856,FALSE,FALSE
"MR-GGI","CSa",852,50,"medium","M1.1",47.2252538204193,FALSE,FALSE
"MR-GGI","CSa",853,50,"medium","M2.1",33.4761941432953,FALSE,FALSE
"MR-GGI","CSa",854,50,"medium","M3",49.0066568851471,FALSE,FALSE
"MR-GGI","CSa",855,50,"medium","M4",36.786502122879,FALSE,FALSE
"MR-GGI","CSa",856,150,"medium","M0.1",50.5493009090424,FALSE,FALSE
"MR-GGI","CSa",857,150,"medium","M1.1",39.2611100673676,FALSE,FALSE
"MR-GGI","CSa",858,150,"medium","M2.1",44.0999338626862,FALSE,FALSE
"MR-GGI","CSa",859,150,"medium","M3",36.983067035675,FALSE,FALSE
"MR-GGI","CSa",860,150,"medium","M4",40.7575650215149,FALSE,FALSE
"MR-GGI","CSa",861,300,"medium","M0.1",36.693687915802,FALSE,FALSE
"MR-GGI","CSa",862,300,"medium","M1.1",84.9237649440765,FALSE,FALSE
"MR-GGI","CSa",863,300,"medium","M2.1",70.8987560272217,FALSE,FALSE
"MR-GGI","CSa",864,300,"medium","M3",41.903461933136,FALSE,FALSE
"MR-GGI","CSa",865,300,"medium","M4",64.5203537940979,FALSE,FALSE
"MR-GGI","CSa",866,670,"medium","M0.1",83.5112118721008,FALSE,FALSE
"MR-GGI","CSa",867,670,"medium","M1.1",104.301292896271,FALSE,FALSE
"MR-GGI","CSa",868,670,"medium","M2.1",106.463244915009,FALSE,FALSE
"MR-GGI","CSa",869,670,"medium","M3",99.4190819263458,FALSE,FALSE
"MR-GGI","CSa",870,670,"medium","M4",95.8621220588684,FALSE,FALSE
"MR-GGI","CSa",871,1000,"medium","M0.1",200.579278945923,FALSE,FALSE
"MR-GGI","CSa",872,1000,"medium","M1.1",443.677438020706,FALSE,FALSE
"MR-GGI","CSa",873,1000,"medium","M2.1",443.914494991302,FALSE,FALSE
"MR-GGI","CSa",874,1000,"medium","M3",183.889762878418,FALSE,FALSE
"MR-GGI","CSa",875,1000,"medium","M4",517.496948003769,FALSE,FALSE
"MR-GGI","CSa",876,50,"large","M0.1",44.6995851993561,FALSE,FALSE
"MR-GGI","CSa",877,50,"large","M1.1",49.7702579498291,FALSE,FALSE
"MR-GGI","CSa",878,50,"large","M2.1",51.4595630168915,FALSE,FALSE
"MR-GGI","CSa",879,50,"large","M3",35.371444940567,FALSE,FALSE
"MR-GGI","CSa",880,50,"large","M4",42.32404088974,FALSE,FALSE
"MR-GGI","CSa",881,150,"large","M0.1",43.6542448997498,FALSE,FALSE
"MR-GGI","CSa",882,150,"large","M1.1",18.6681170463562,FALSE,FALSE
"MR-GGI","CSa",883,150,"large","M2.1",51.7277100086212,FALSE,FALSE
"MR-GGI","CSa",884,150,"large","M3",42.738224029541,FALSE,FALSE
"MR-GGI","CSa",885,150,"large","M4",20.1533079147339,FALSE,FALSE
"MR-GGI","CSa",886,300,"large","M0.1",79.7897717952728,FALSE,FALSE
"MR-GGI","CSa",887,300,"large","M1.1",43.6486539840698,FALSE,FALSE
"MR-GGI","CSa",888,300,"large","M2.1",55.1688230037689,FALSE,FALSE
"MR-GGI","CSa",889,300,"large","M3",64.2341990470886,FALSE,FALSE
"MR-GGI","CSa",890,300,"large","M4",38.3066778182983,FALSE,FALSE
"MR-GGI","CSa",891,670,"large","M0.1",112.659436225891,FALSE,FALSE
"MR-GGI","CSa",892,670,"large","M1.1",37.7903909683228,FALSE,FALSE
"MR-GGI","CSa",893,670,"large","M2.1",80.9632091522217,FALSE,FALSE
"MR-GGI","CSa",894,670,"large","M3",59.1967570781708,FALSE,FALSE
"MR-GGI","CSa",895,670,"large","M4",67.9722580909729,FALSE,FALSE
"MR-GGI","CSa",896,1000,"large","M0.1",383.793486118317,FALSE,FALSE
"MR-GGI","CSa",897,1000,"large","M1.1",48.5429768562317,FALSE,FALSE
"MR-GGI","CSa",898,1000,"large","M2.1",232.346966028214,FALSE,FALSE
"MR-GGI","CSa",899,1000,"large","M3",132.226613998413,FALSE,FALSE
"MR-GGI","CSa",900,1000,"large","M4",46.4450840950012,FALSE,FALSE
"MR-GGI","CSa",901,50,"small","M0.1",51.5177521705627,FALSE,FALSE
"MR-GGI","CSa",902,50,"small","M1.1",42.3524858951569,FALSE,FALSE
"MR-GGI","CSa",903,50,"small","M2.1",63.0940790176392,FALSE,FALSE
"MR-GGI","CSa",904,50,"small","M3",55.7300050258636,FALSE,FALSE
"MR-GGI","CSa",905,50,"small","M4",35.691123008728,FALSE,FALSE
"MR-GGI","CSa",906,150,"small","M0.1",54.6084671020508,FALSE,FALSE
"MR-GGI","CSa",907,150,"small","M1.1",49.7656991481781,FALSE,FALSE
"MR-GGI","CSa",908,150,"small","M2.1",72.9586489200592,FALSE,FALSE
"MR-GGI","CSa",909,150,"small","M3",77.8728158473969,FALSE,FALSE
"MR-GGI","CSa",910,150,"small","M4",53.6457281112671,FALSE,FALSE
"MR-GGI","CSa",911,300,"small","M0.1",66.4756619930267,FALSE,FALSE
"MR-GGI","CSa",912,300,"small","M1.1",72.6771841049194,FALSE,FALSE
"MR-GGI","CSa",913,300,"small","M2.1",75.8251340389252,FALSE,FALSE
"MR-GGI","CSa",914,300,"small","M3",109.436645030975,FALSE,FALSE
"MR-GGI","CSa",915,300,"small","M4",75.1007518768311,FALSE,FALSE
"MR-GGI","CSa",916,670,"small","M0.1",135.216948032379,FALSE,FALSE
"MR-GGI","CSa",917,670,"small","M1.1",128.130260944366,FALSE,FALSE
"MR-GGI","CSa",918,670,"small","M2.1",106.050559997559,FALSE,FALSE
"MR-GGI","CSa",919,670,"small","M3",111.745465993881,FALSE,FALSE
"MR-GGI","CSa",920,670,"small","M4",86.6670978069305,FALSE,FALSE
"MR-GGI","CSa",921,1000,"small","M0.1",316.945509910583,FALSE,FALSE
"MR-GGI","CSa",922,1000,"small","M1.1",573.08070397377,FALSE,FALSE
"MR-GGI","CSa",923,1000,"small","M2.1",355.937533140182,FALSE,FALSE
"MR-GGI","CSa",924,1000,"small","M3",217.877600908279,FALSE,FALSE
"MR-GGI","CSa",925,1000,"small","M4",526.892122983932,FALSE,FALSE
"MR-GGI","CSa",926,50,"medium","M0.1",50.0042350292206,FALSE,FALSE
"MR-GGI","CSa",927,50,"medium","M1.1",46.0580317974091,FALSE,FALSE
"MR-GGI","CSa",928,50,"medium","M2.1",47.6495890617371,FALSE,FALSE
"MR-GGI","CSa",929,50,"medium","M3",59.2740290164948,FALSE,FALSE
"MR-GGI","CSa",930,50,"medium","M4",44.8210060596466,FALSE,FALSE
"MR-GGI","CSa",931,150,"medium","M0.1",57.2867331504822,FALSE,FALSE
"MR-GGI","CSa",932,150,"medium","M1.1",35.1847019195557,FALSE,FALSE
"MR-GGI","CSa",933,150,"medium","M2.1",86.2815930843353,FALSE,FALSE
"MR-GGI","CSa",934,150,"medium","M3",69.8367929458618,FALSE,FALSE
"MR-GGI","CSa",935,150,"medium","M4",76.7982618808746,FALSE,FALSE
"MR-GGI","CSa",936,300,"medium","M0.1",110.176236867905,FALSE,FALSE
"MR-GGI","CSa",937,300,"medium","M1.1",112.10028719902,FALSE,FALSE
"MR-GGI","CSa",938,300,"medium","M2.1",79.5899589061737,FALSE,FALSE
"MR-GGI","CSa",939,300,"medium","M3",77.7240400314331,FALSE,FALSE
"MR-GGI","CSa",940,300,"medium","M4",94.4293069839478,FALSE,FALSE
"MR-GGI","CSa",941,670,"medium","M0.1",95.437961101532,FALSE,FALSE
"MR-GGI","CSa",942,670,"medium","M1.1",133.180028915405,FALSE,FALSE
"MR-GGI","CSa",943,670,"medium","M2.1",87.5104839801788,FALSE,FALSE
"MR-GGI","CSa",944,670,"medium","M3",120.511829137802,FALSE,FALSE
"MR-GGI","CSa",945,670,"medium","M4",66.1480851173401,FALSE,FALSE
"MR-GGI","CSa",946,1000,"medium","M0.1",228.89547085762,FALSE,FALSE
"MR-GGI","CSa",947,1000,"medium","M1.1",335.111465215683,FALSE,FALSE
"MR-GGI","CSa",948,1000,"medium","M2.1",778.484901189804,FALSE,FALSE
"MR-GGI","CSa",949,1000,"medium","M3",475.361312150955,FALSE,FALSE
"MR-GGI","CSa",950,1000,"medium","M4",258.925473928452,FALSE,FALSE
"MR-GGI","CSa",951,50,"large","M0.1",67.5594580173492,FALSE,FALSE
"MR-GGI","CSa",952,50,"large","M1.1",40.0426449775696,FALSE,FALSE
"MR-GGI","CSa",953,50,"large","M2.1",44.0389289855957,FALSE,FALSE
"MR-GGI","CSa",954,50,"large","M3",30.1163880825043,FALSE,FALSE
"MR-GGI","CSa",955,50,"large","M4",19.3639190196991,FALSE,FALSE
"MR-GGI","CSa",956,150,"large","M0.1",54.92733502388,FALSE,FALSE
"MR-GGI","CSa",957,150,"large","M1.1",57.6670939922333,FALSE,FALSE
"MR-GGI","CSa",958,150,"large","M2.1",49.9971811771393,FALSE,FALSE
"MR-GGI","CSa",959,150,"large","M3",62.0155611038208,FALSE,FALSE
"MR-GGI","CSa",960,150,"large","M4",44.120502948761,FALSE,FALSE
"MR-GGI","CSa",961,300,"large","M0.1",120.95041513443,FALSE,FALSE
"MR-GGI","CSa",962,300,"large","M1.1",66.0362319946289,FALSE,FALSE
"MR-GGI","CSa",963,300,"large","M2.1",91.066910982132,FALSE,FALSE
"MR-GGI","CSa",964,300,"large","M3",111.061196088791,FALSE,FALSE
"MR-GGI","CSa",965,300,"large","M4",83.55326795578,FALSE,FALSE
"MR-GGI","CSa",966,670,"large","M0.1",101.552515029907,FALSE,FALSE
"MR-GGI","CSa",967,670,"large","M1.1",78.4399402141571,FALSE,FALSE
"MR-GGI","CSa",968,670,"large","M2.1",76.8921308517456,FALSE,FALSE
"MR-GGI","CSa",969,670,"large","M3",89.7403750419617,FALSE,FALSE
"MR-GGI","CSa",970,670,"large","M4",73.3207368850708,FALSE,FALSE
"MR-GGI","CSa",971,1000,"large","M0.1",723.029844045639,FALSE,FALSE
"MR-GGI","CSa",972,1000,"large","M1.1",256.726999044418,FALSE,FALSE
"MR-GGI","CSa",973,1000,"large","M2.1",158.922880172729,FALSE,FALSE
"MR-GGI","CSa",974,1000,"large","M3",493.103094816208,FALSE,FALSE
"MR-GGI","CSa",975,1000,"large","M4",568.912094116211,FALSE,FALSE
"MR-GGI","CSa",976,50,"small","M0.1",54.6237351894379,FALSE,FALSE
"MR-GGI","CSa",977,50,"small","M1.1",36.4142742156982,FALSE,FALSE
"MR-GGI","CSa",978,50,"small","M2.1",54.7093348503113,FALSE,FALSE
"MR-GGI","CSa",979,50,"small","M3",43.2869539260864,FALSE,FALSE
"MR-GGI","CSa",980,50,"small","M4",63.4052510261536,FALSE,FALSE
"MR-GGI","CSa",981,150,"small","M0.1",58.1560890674591,FALSE,FALSE
"MR-GGI","CSa",982,150,"small","M1.1",68.5194959640503,FALSE,FALSE
"MR-GGI","CSa",983,150,"small","M2.1",47.4871039390564,FALSE,FALSE
"MR-GGI","CSa",984,150,"small","M3",36.8065040111542,FALSE,FALSE
"MR-GGI","CSa",985,150,"small","M4",59.1562130451202,FALSE,FALSE
"MR-GGI","CSa",986,300,"small","M0.1",57.2035019397736,FALSE,FALSE
"MR-GGI","CSa",987,300,"small","M1.1",81.9071810245514,FALSE,FALSE
"MR-GGI","CSa",988,300,"small","M2.1",115.892091989517,FALSE,FALSE
"MR-GGI","CSa",989,300,"small","M3",81.5081970691681,FALSE,FALSE
"MR-GGI","CSa",990,300,"small","M4",101.20778298378,FALSE,FALSE
"MR-GGI","CSa",991,670,"small","M0.1",107.596155881882,FALSE,FALSE
"MR-GGI","CSa",992,670,"small","M1.1",62.3547821044922,FALSE,FALSE
"MR-GGI","CSa",993,670,"small","M2.1",122.575171947479,FALSE,FALSE
"MR-GGI","CSa",994,670,"small","M3",89.2622570991516,FALSE,FALSE
"MR-GGI","CSa",995,670,"small","M4",152.449784994125,FALSE,FALSE
"MR-GGI","CSa",996,1000,"small","M0.1",501.197590827942,FALSE,FALSE
"MR-GGI","CSa",997,1000,"small","M1.1",500.60585308075,FALSE,FALSE
"MR-GGI","CSa",998,1000,"small","M2.1",416.047623157501,FALSE,FALSE
"MR-GGI","CSa",999,1000,"small","M3",558.909595966339,FALSE,FALSE
"MR-GGI","CSa",1000,1000,"small","M4",483.569469928741,FALSE,FALSE
"MR-GGI","CSa",1001,50,"medium","M0.1",40.7992250919342,FALSE,FALSE
"MR-GGI","CSa",1002,50,"medium","M1.1",42.7567281723022,FALSE,FALSE
"MR-GGI","CSa",1003,50,"medium","M2.1",42.42928814888,FALSE,FALSE
"MR-GGI","CSa",1004,50,"medium","M3",53.2060129642487,FALSE,FALSE
"MR-GGI","CSa",1005,50,"medium","M4",36.4894139766693,FALSE,FALSE
"MR-GGI","CSa",1006,150,"medium","M0.1",46.6455419063568,FALSE,FALSE
"MR-GGI","CSa",1007,150,"medium","M1.1",45.7048058509827,FALSE,FALSE
"MR-GGI","CSa",1008,150,"medium","M2.1",59.4730069637299,FALSE,FALSE
"MR-GGI","CSa",1009,150,"medium","M3",19.7393770217896,FALSE,FALSE
"MR-GGI","CSa",1010,150,"medium","M4",44.9067320823669,FALSE,FALSE
"MR-GGI","CSa",1011,300,"medium","M0.1",157.945551872253,FALSE,FALSE
"MR-GGI","CSa",1012,300,"medium","M1.1",84.4775829315186,FALSE,FALSE
"MR-GGI","CSa",1013,300,"medium","M2.1",105.98729801178,FALSE,FALSE
"MR-GGI","CSa",1014,300,"medium","M3",140.132404088974,FALSE,FALSE
"MR-GGI","CSa",1015,300,"medium","M4",97.9664170742035,FALSE,FALSE
"MR-GGI","CSa",1016,670,"medium","M0.1",111.490859985352,FALSE,FALSE
"MR-GGI","CSa",1017,670,"medium","M1.1",128.798283100128,FALSE,FALSE
"MR-GGI","CSa",1018,670,"medium","M2.1",105.786588907242,FALSE,FALSE
"MR-GGI","CSa",1019,670,"medium","M3",95.4668700695038,FALSE,FALSE
"MR-GGI","CSa",1020,670,"medium","M4",81.9230349063873,FALSE,FALSE
"MR-GGI","CSa",1021,1000,"medium","M0.1",298.664516925812,FALSE,FALSE
"MR-GGI","CSa",1022,1000,"medium","M1.1",549.342501163483,FALSE,FALSE
"MR-GGI","CSa",1023,1000,"medium","M2.1",509.357124090195,FALSE,FALSE
"MR-GGI","CSa",1024,1000,"medium","M3",141.078725099564,FALSE,FALSE
"MR-GGI","CSa",1025,1000,"medium","M4",468.052553892136,FALSE,FALSE
"MR-GGI","CSa",1026,50,"large","M0.1",44.7675797939301,FALSE,FALSE
"MR-GGI","CSa",1027,50,"large","M1.1",33.4471261501312,FALSE,FALSE
"MR-GGI","CSa",1028,50,"large","M2.1",41.6362979412079,FALSE,FALSE
"MR-GGI","CSa",1029,50,"large","M3",65.4422650337219,FALSE,FALSE
"MR-GGI","CSa",1030,50,"large","M4",44.355880022049,FALSE,FALSE
"MR-GGI","CSa",1031,150,"large","M0.1",59.5195801258087,FALSE,FALSE
"MR-GGI","CSa",1032,150,"large","M1.1",14.1386859416962,FALSE,FALSE
"MR-GGI","CSa",1033,150,"large","M2.1",30.172210931778,FALSE,FALSE
"MR-GGI","CSa",1034,150,"large","M3",34.4821510314941,FALSE,FALSE
"MR-GGI","CSa",1035,150,"large","M4",25.5200228691101,FALSE,FALSE
"MR-GGI","CSa",1036,300,"large","M0.1",132.562223911285,FALSE,FALSE
"MR-GGI","CSa",1037,300,"large","M1.1",107.493770122528,FALSE,FALSE
"MR-GGI","CSa",1038,300,"large","M2.1",112.511583089828,FALSE,FALSE
"MR-GGI","CSa",1039,300,"large","M3",96.5373380184174,FALSE,FALSE
"MR-GGI","CSa",1040,300,"large","M4",69.2964859008789,FALSE,FALSE
"MR-GGI","CSa",1041,670,"large","M0.1",71.9478259086609,FALSE,FALSE
"MR-GGI","CSa",1042,670,"large","M1.1",79.3406491279602,FALSE,FALSE
"MR-GGI","CSa",1043,670,"large","M2.1",102.97240114212,FALSE,FALSE
"MR-GGI","CSa",1044,670,"large","M3",92.6279940605164,FALSE,FALSE
"MR-GGI","CSa",1045,670,"large","M4",75.6126000881195,FALSE,FALSE
"MR-GGI","CSa",1046,1000,"large","M0.1",422.695062875748,FALSE,FALSE
"MR-GGI","CSa",1047,1000,"large","M1.1",180.78199005127,FALSE,FALSE
"MR-GGI","CSa",1048,1000,"large","M2.1",311.90547990799,FALSE,FALSE
"MR-GGI","CSa",1049,1000,"large","M3",197.451669931412,FALSE,FALSE
"MR-GGI","CSa",1050,1000,"large","M4",150.43324804306,FALSE,FALSE
"MR-GGI","CSa",1051,50,"small","M0.1",41.2850480079651,FALSE,FALSE
"MR-GGI","CSa",1052,50,"small","M1.1",32.8289151191711,FALSE,FALSE
"MR-GGI","CSa",1053,50,"small","M2.1",37.6952769756317,FALSE,FALSE
"MR-GGI","CSa",1054,50,"small","M3",38.2837970256805,FALSE,FALSE
"MR-GGI","CSa",1055,50,"small","M4",72.0267601013184,FALSE,FALSE
"MR-GGI","CSa",1056,150,"small","M0.1",73.7675120830536,FALSE,FALSE
"MR-GGI","CSa",1057,150,"small","M1.1",62.6094610691071,FALSE,FALSE
"MR-GGI","CSa",1058,150,"small","M2.1",43.8819200992584,FALSE,FALSE
"MR-GGI","CSa",1059,150,"small","M3",49.29048204422,FALSE,FALSE
"MR-GGI","CSa",1060,150,"small","M4",52.6851809024811,FALSE,FALSE
"MR-GGI","CSa",1061,300,"small","M0.1",255.367112159729,FALSE,FALSE
"MR-GGI","CSa",1062,300,"small","M1.1",304.030521869659,FALSE,FALSE
"MR-GGI","CSa",1063,300,"small","M2.1",290.51070189476,FALSE,FALSE
"MR-GGI","CSa",1064,300,"small","M3",275.054847002029,FALSE,FALSE
"MR-GGI","CSa",1065,300,"small","M4",276.08527803421,FALSE,FALSE
"MR-GGI","CSa",1066,670,"small","M0.1",196.398824930191,FALSE,FALSE
"MR-GGI","CSa",1067,670,"small","M1.1",219.002501964569,FALSE,FALSE
"MR-GGI","CSa",1068,670,"small","M2.1",394.936625003815,FALSE,FALSE
"MR-GGI","CSa",1069,670,"small","M3",378.657021999359,FALSE,FALSE
"MR-GGI","CSa",1070,670,"small","M4",58.5053899288177,FALSE,FALSE
"MR-GGI","CSa",1071,1000,"small","M0.1",206.705915927887,FALSE,FALSE
"MR-GGI","CSa",1072,1000,"small","M1.1",435.59394288063,FALSE,FALSE
"MR-GGI","CSa",1073,1000,"small","M2.1",223.07176399231,FALSE,FALSE
"MR-GGI","CSa",1074,1000,"small","M3",290.420037031174,FALSE,FALSE
"MR-GGI","CSa",1075,1000,"small","M4",329.254354953766,FALSE,FALSE
"MR-GGI","CSa",1076,50,"medium","M0.1",34.4746959209442,FALSE,FALSE
"MR-GGI","CSa",1077,50,"medium","M1.1",30.9653820991516,FALSE,FALSE
"MR-GGI","CSa",1078,50,"medium","M2.1",35.6446549892426,FALSE,FALSE
"MR-GGI","CSa",1079,50,"medium","M3",60.5939650535583,FALSE,FALSE
"MR-GGI","CSa",1080,50,"medium","M4",31.1864359378815,FALSE,FALSE
"MR-GGI","CSa",1081,150,"medium","M0.1",76.0652210712433,FALSE,FALSE
"MR-GGI","CSa",1082,150,"medium","M1.1",66.7471179962158,FALSE,FALSE
"MR-GGI","CSa",1083,150,"medium","M2.1",90.4775760173798,FALSE,FALSE
"MR-GGI","CSa",1084,150,"medium","M3",62.4414939880371,FALSE,FALSE
"MR-GGI","CSa",1085,150,"medium","M4",47.6816229820251,FALSE,FALSE
"MR-GGI","CSa",1086,300,"medium","M0.1",264.671117067337,FALSE,FALSE
"MR-GGI","CSa",1087,300,"medium","M1.1",277.88470697403,FALSE,FALSE
"MR-GGI","CSa",1088,300,"medium","M2.1",362.253988027573,FALSE,FALSE
"MR-GGI","CSa",1089,300,"medium","M3",508.486732959747,FALSE,FALSE
"MR-GGI","CSa",1090,300,"medium","M4",296.30789399147,FALSE,FALSE
"MR-GGI","CSa",1091,670,"medium","M0.1",345.290349960327,FALSE,FALSE
"MR-GGI","CSa",1092,670,"medium","M1.1",298.188103914261,FALSE,FALSE
"MR-GGI","CSa",1093,670,"medium","M2.1",113.140599012375,FALSE,FALSE
"MR-GGI","CSa",1094,670,"medium","M3",392.464575052261,FALSE,FALSE
"MR-GGI","CSa",1095,670,"medium","M4",413.124673843384,FALSE,FALSE
"MR-GGI","CSa",1096,1000,"medium","M0.1",304.200868844986,FALSE,FALSE
"MR-GGI","CSa",1097,1000,"medium","M1.1",235.082266807556,FALSE,FALSE
"MR-GGI","CSa",1098,1000,"medium","M2.1",343.123264074326,FALSE,FALSE
"MR-GGI","CSa",1099,1000,"medium","M3",178.913558006287,FALSE,FALSE
"MR-GGI","CSa",1100,1000,"medium","M4",120.458727836609,FALSE,FALSE
"MR-GGI","CSa",1101,50,"large","M0.1",62.2549259662628,FALSE,FALSE
"MR-GGI","CSa",1102,50,"large","M1.1",72.2110619544983,FALSE,FALSE
"MR-GGI","CSa",1103,50,"large","M2.1",40.1173460483551,FALSE,FALSE
"MR-GGI","CSa",1104,50,"large","M3",29.2303547859192,FALSE,FALSE
"MR-GGI","CSa",1105,50,"large","M4",37.9720730781555,FALSE,FALSE
"MR-GGI","CSa",1106,150,"large","M0.1",50.793995141983,FALSE,FALSE
"MR-GGI","CSa",1107,150,"large","M1.1",63.0281372070312,FALSE,FALSE
"MR-GGI","CSa",1108,150,"large","M2.1",66.0126709938049,FALSE,FALSE
"MR-GGI","CSa",1109,150,"large","M3",59.4640130996704,FALSE,FALSE
"MR-GGI","CSa",1110,150,"large","M4",56.6478641033173,FALSE,FALSE
"MR-GGI","CSa",1111,300,"large","M0.1",281.297201871872,FALSE,FALSE
"MR-GGI","CSa",1112,300,"large","M1.1",229.644530057907,FALSE,FALSE
"MR-GGI","CSa",1113,300,"large","M2.1",385.940384149551,FALSE,FALSE
"MR-GGI","CSa",1114,300,"large","M3",411.996091127396,FALSE,FALSE
"MR-GGI","CSa",1115,300,"large","M4",213.218371152878,FALSE,FALSE
"MR-GGI","CSa",1116,670,"large","M0.1",136.791366100311,FALSE,FALSE
"MR-GGI","CSa",1117,670,"large","M1.1",381.827311038971,FALSE,FALSE
"MR-GGI","CSa",1118,670,"large","M2.1",439.718791007996,FALSE,FALSE
"MR-GGI","CSa",1119,670,"large","M3",125.5502409935,FALSE,FALSE
"MR-GGI","CSa",1120,670,"large","M4",402.295374155045,FALSE,FALSE
"MR-GGI","CSa",1121,1000,"large","M0.1",188.359951972961,FALSE,FALSE
"MR-GGI","CSa",1122,1000,"large","M1.1",161.086624145508,FALSE,FALSE
"MR-GGI","CSa",1123,1000,"large","M2.1",136.373878002167,FALSE,FALSE
"MR-GGI","CSa",1124,1000,"large","M3",425.637174844742,FALSE,FALSE
"MR-GGI","CSa",1125,1000,"large","M4",512.844820976257,FALSE,FALSE
"MR-GGI","CSa",1126,50,"small","M0.1",50.7144131660461,FALSE,FALSE
"MR-GGI","CSa",1127,50,"small","M1.1",67.4665699005127,FALSE,FALSE
"MR-GGI","CSa",1128,50,"small","M2.1",32.8734850883484,FALSE,FALSE
"MR-GGI","CSa",1129,50,"small","M3",60.0354681015015,FALSE,FALSE
"MR-GGI","CSa",1130,50,"small","M4",33.2272548675537,FALSE,FALSE
"MR-GGI","CSa",1131,150,"small","M0.1",71.134712934494,FALSE,FALSE
"MR-GGI","CSa",1132,150,"small","M1.1",66.8788840770721,FALSE,FALSE
"MR-GGI","CSa",1133,150,"small","M2.1",63.3124511241913,FALSE,FALSE
"MR-GGI","CSa",1134,150,"small","M3",37.5880970954895,FALSE,FALSE
"MR-GGI","CSa",1135,150,"small","M4",64.3489971160889,FALSE,FALSE
"MR-GGI","CSa",1136,300,"small","M0.1",375.736598014832,FALSE,FALSE
"MR-GGI","CSa",1137,300,"small","M1.1",206.027362108231,FALSE,FALSE
"MR-GGI","CSa",1138,300,"small","M2.1",238.970581054688,FALSE,FALSE
"MR-GGI","CSa",1139,300,"small","M3",323.004669904709,FALSE,FALSE
"MR-GGI","CSa",1140,300,"small","M4",227.578531980515,FALSE,FALSE
"MR-GGI","CSa",1141,670,"small","M0.1",104.928129196167,FALSE,FALSE
"MR-GGI","CSa",1142,670,"small","M1.1",166.183362960815,FALSE,FALSE
"MR-GGI","CSa",1143,670,"small","M2.1",81.0167510509491,FALSE,FALSE
"MR-GGI","CSa",1144,670,"small","M3",111.221709012985,FALSE,FALSE
"MR-GGI","CSa",1145,670,"small","M4",111.523025989532,FALSE,FALSE
"MR-GGI","CSa",1146,1000,"small","M0.1",421.873996973038,FALSE,FALSE
"MR-GGI","CSa",1147,1000,"small","M1.1",404.654792070389,FALSE,FALSE
"MR-GGI","CSa",1148,1000,"small","M2.1",137.381026029587,FALSE,FALSE
"MR-GGI","CSa",1149,1000,"small","M3",353.861925840378,FALSE,FALSE
"MR-GGI","CSa",1150,1000,"small","M4",310.503407001495,FALSE,FALSE
"MR-GGI","CSa",1151,50,"medium","M0.1",28.7938039302826,FALSE,FALSE
"MR-GGI","CSa",1152,50,"medium","M1.1",39.4020249843597,FALSE,FALSE
"MR-GGI","CSa",1153,50,"medium","M2.1",47.0811231136322,FALSE,FALSE
"MR-GGI","CSa",1154,50,"medium","M3",41.2691581249237,FALSE,FALSE
"MR-GGI","CSa",1155,50,"medium","M4",60.7050287723541,FALSE,FALSE
"MR-GGI","CSa",1156,150,"medium","M0.1",55.0595052242279,FALSE,FALSE
"MR-GGI","CSa",1157,150,"medium","M1.1",60.6109180450439,FALSE,FALSE
"MR-GGI","CSa",1158,150,"medium","M2.1",52.5667099952698,FALSE,FALSE
"MR-GGI","CSa",1159,150,"medium","M3",52.7296190261841,FALSE,FALSE
"MR-GGI","CSa",1160,150,"medium","M4",62.2739038467407,FALSE,FALSE
"MR-GGI","CSa",1161,300,"medium","M0.1",276.051942110062,FALSE,FALSE
"MR-GGI","CSa",1162,300,"medium","M1.1",211.608887195587,FALSE,FALSE
"MR-GGI","CSa",1163,300,"medium","M2.1",248.484628200531,FALSE,FALSE
"MR-GGI","CSa",1164,300,"medium","M3",153.968281030655,FALSE,FALSE
"MR-GGI","CSa",1165,300,"medium","M4",254.826133012772,FALSE,FALSE
"MR-GGI","CSa",1166,670,"medium","M0.1",81.5340209007263,FALSE,FALSE
"MR-GGI","CSa",1167,670,"medium","M1.1",117.170633077621,FALSE,FALSE
"MR-GGI","CSa",1168,670,"medium","M2.1",68.3952870368958,FALSE,FALSE
"MR-GGI","CSa",1169,670,"medium","M3",120.525300979614,FALSE,FALSE
"MR-GGI","CSa",1170,670,"medium","M4",134.943933010101,FALSE,FALSE
"MR-GGI","CSa",1171,1000,"medium","M0.1",100.03179693222,FALSE,FALSE
"MR-GGI","CSa",1172,1000,"medium","M1.1",151.363155841827,FALSE,FALSE
"MR-GGI","CSa",1173,1000,"medium","M2.1",192.199461936951,FALSE,FALSE
"MR-GGI","CSa",1174,1000,"medium","M3",112.79314494133,FALSE,FALSE
"MR-GGI","CSa",1175,1000,"medium","M4",170.340217828751,FALSE,FALSE
"MR-GGI","CSa",1176,50,"large","M0.1",29.3999800682068,FALSE,FALSE
"MR-GGI","CSa",1177,50,"large","M1.1",62.1789751052856,FALSE,FALSE
"MR-GGI","CSa",1178,50,"large","M2.1",48.2636969089508,FALSE,FALSE
"MR-GGI","CSa",1179,50,"large","M3",49.3924090862274,FALSE,FALSE
"MR-GGI","CSa",1180,50,"large","M4",32.8546001911163,FALSE,FALSE
"MR-GGI","CSa",1181,150,"large","M0.1",45.4148948192596,FALSE,FALSE
"MR-GGI","CSa",1182,150,"large","M1.1",42.313784122467,FALSE,FALSE
"MR-GGI","CSa",1183,150,"large","M2.1",49.6737501621246,FALSE,FALSE
"MR-GGI","CSa",1184,150,"large","M3",48.5714349746704,FALSE,FALSE
"MR-GGI","CSa",1185,150,"large","M4",32.579066991806,FALSE,FALSE
"MR-GGI","CSa",1186,300,"large","M0.1",262.325908899307,FALSE,FALSE
"MR-GGI","CSa",1187,300,"large","M1.1",100.401365995407,FALSE,FALSE
"MR-GGI","CSa",1188,300,"large","M2.1",181.802591085434,FALSE,FALSE
"MR-GGI","CSa",1189,300,"large","M3",210.485886096954,FALSE,FALSE
"MR-GGI","CSa",1190,300,"large","M4",110.403757095337,FALSE,FALSE
"MR-GGI","CSa",1191,670,"large","M0.1",141.977030992508,FALSE,FALSE
"MR-GGI","CSa",1192,670,"large","M1.1",64.3792622089386,FALSE,FALSE
"MR-GGI","CSa",1193,670,"large","M2.1",93.8895621299744,FALSE,FALSE
"MR-GGI","CSa",1194,670,"large","M3",81.2997579574585,FALSE,FALSE
"MR-GGI","CSa",1195,670,"large","M4",61.95121717453,FALSE,FALSE
"MR-GGI","CSa",1196,1000,"large","M0.1",123.02290391922,FALSE,FALSE
"MR-GGI","CSa",1197,1000,"large","M1.1",100.821162939072,FALSE,FALSE
"MR-GGI","CSa",1198,1000,"large","M2.1",154.176159143448,FALSE,FALSE
"MR-GGI","CSa",1199,1000,"large","M3",154.203841924667,FALSE,FALSE
"MR-GGI","CSa",1200,1000,"large","M4",133.519901990891,FALSE,FALSE
"MR-GGI","CSa",1201,50,"small","M0.1",47.7135970592499,FALSE,FALSE
"MR-GGI","CSa",1202,50,"small","M1.1",50.2091150283813,FALSE,FALSE
"MR-GGI","CSa",1203,50,"small","M2.1",27.4371659755707,FALSE,FALSE
"MR-GGI","CSa",1204,50,"small","M3",44.6803259849548,FALSE,FALSE
"MR-GGI","CSa",1205,50,"small","M4",50.9976260662079,FALSE,FALSE
"MR-GGI","CSa",1206,150,"small","M0.1",70.1351699829102,FALSE,FALSE
"MR-GGI","CSa",1207,150,"small","M1.1",74.1285560131073,FALSE,FALSE
"MR-GGI","CSa",1208,150,"small","M2.1",61.8388891220093,FALSE,FALSE
"MR-GGI","CSa",1209,150,"small","M3",38.2569420337677,FALSE,FALSE
"MR-GGI","CSa",1210,150,"small","M4",62.6572830677032,FALSE,FALSE
"MR-GGI","CSa",1211,300,"small","M0.1",222.044182062149,FALSE,FALSE
"MR-GGI","CSa",1212,300,"small","M1.1",165.277097940445,FALSE,FALSE
"MR-GGI","CSa",1213,300,"small","M2.1",266.033941030502,FALSE,FALSE
"MR-GGI","CSa",1214,300,"small","M3",325.847286939621,FALSE,FALSE
"MR-GGI","CSa",1215,300,"small","M4",247.282158851624,FALSE,FALSE
"MR-GGI","CSa",1216,670,"small","M0.1",112.994417905807,FALSE,FALSE
"MR-GGI","CSa",1217,670,"small","M1.1",101.170826911926,FALSE,FALSE
"MR-GGI","CSa",1218,670,"small","M2.1",93.4364168643951,FALSE,FALSE
"MR-GGI","CSa",1219,670,"small","M3",160.648295879364,FALSE,FALSE
"MR-GGI","CSa",1220,670,"small","M4",119.180074930191,FALSE,FALSE
"MR-GGI","CSa",1221,1000,"small","M0.1",126.559566020966,FALSE,FALSE
"MR-GGI","CSa",1222,1000,"small","M1.1",130.289333105087,FALSE,FALSE
"MR-GGI","CSa",1223,1000,"small","M2.1",139.788278102875,FALSE,FALSE
"MR-GGI","CSa",1224,1000,"small","M3",191.383780002594,FALSE,FALSE
"MR-GGI","CSa",1225,1000,"small","M4",197.634432077408,FALSE,FALSE
"MR-GGI","CSa",1226,50,"medium","M0.1",36.830353975296,FALSE,FALSE
"MR-GGI","CSa",1227,50,"medium","M1.1",20.1066670417786,FALSE,FALSE
"MR-GGI","CSa",1228,50,"medium","M2.1",44.9356858730316,FALSE,FALSE
"MR-GGI","CSa",1229,50,"medium","M3",44.374183177948,FALSE,FALSE
"MR-GGI","CSa",1230,50,"medium","M4",39.2327129840851,FALSE,FALSE
"MR-GGI","CSa",1231,150,"medium","M0.1",60.7372071743011,FALSE,FALSE
"MR-GGI","CSa",1232,150,"medium","M1.1",66.863842010498,FALSE,FALSE
"MR-GGI","CSa",1233,150,"medium","M2.1",39.6278300285339,FALSE,FALSE
"MR-GGI","CSa",1234,150,"medium","M3",80.6477911472321,FALSE,FALSE
"MR-GGI","CSa",1235,150,"medium","M4",68.8637068271637,FALSE,FALSE
"MR-GGI","CSa",1236,300,"medium","M0.1",258.658391952515,FALSE,FALSE
"MR-GGI","CSa",1237,300,"medium","M1.1",445.453596830368,FALSE,FALSE
"MR-GGI","CSa",1238,300,"medium","M2.1",297.157400846481,FALSE,FALSE
"MR-GGI","CSa",1239,300,"medium","M3",271.203758955002,FALSE,FALSE
"MR-GGI","CSa",1240,300,"medium","M4",212.319207191467,FALSE,FALSE
"MR-GGI","CSa",1241,670,"medium","M0.1",92.2712941169739,FALSE,FALSE
"MR-GGI","CSa",1242,670,"medium","M1.1",72.9337720870972,FALSE,FALSE
"MR-GGI","CSa",1243,670,"medium","M2.1",133.463219881058,FALSE,FALSE
"MR-GGI","CSa",1244,670,"medium","M3",192.458244800568,FALSE,FALSE
"MR-GGI","CSa",1245,670,"medium","M4",125.724378108978,FALSE,FALSE
"MR-GGI","CSa",1246,1000,"medium","M0.1",156.335243225098,FALSE,FALSE
"MR-GGI","CSa",1247,1000,"medium","M1.1",174.315155029297,FALSE,FALSE
"MR-GGI","CSa",1248,1000,"medium","M2.1",145.529763936996,FALSE,FALSE
"MR-GGI","CSa",1249,1000,"medium","M3",133.348567962646,FALSE,FALSE
"MR-GGI","CSa",1250,1000,"medium","M4",248.155240058899,FALSE,FALSE
"MR-GGI","CSa",1251,50,"large","M0.1",43.9641659259796,FALSE,FALSE
"MR-GGI","CSa",1252,50,"large","M1.1",43.8959069252014,FALSE,FALSE
"MR-GGI","CSa",1253,50,"large","M2.1",30.8743410110474,FALSE,FALSE
"MR-GGI","CSa",1254,50,"large","M3",60.9080338478088,FALSE,FALSE
"MR-GGI","CSa",1255,50,"large","M4",29.3101699352264,FALSE,FALSE
"MR-GGI","CSa",1256,150,"large","M0.1",69.2150039672852,FALSE,FALSE
"MR-GGI","CSa",1257,150,"large","M1.1",72.1396551132202,FALSE,FALSE
"MR-GGI","CSa",1258,150,"large","M2.1",66.3104131221771,FALSE,FALSE
"MR-GGI","CSa",1259,150,"large","M3",63.735591173172,FALSE,FALSE
"MR-GGI","CSa",1260,150,"large","M4",54.4539270401001,FALSE,FALSE
"MR-GGI","CSa",1261,300,"large","M0.1",296.886096954346,FALSE,FALSE
"MR-GGI","CSa",1262,300,"large","M1.1",268.615153074265,FALSE,FALSE
"MR-GGI","CSa",1263,300,"large","M2.1",402.39906001091,FALSE,FALSE
"MR-GGI","CSa",1264,300,"large","M3",369.538952112198,FALSE,FALSE
"MR-GGI","CSa",1265,300,"large","M4",345.490972995758,FALSE,FALSE
"MR-GGI","CSa",1266,670,"large","M0.1",164.314805030823,FALSE,FALSE
"MR-GGI","CSa",1267,670,"large","M1.1",70.0163750648499,FALSE,FALSE
"MR-GGI","CSa",1268,670,"large","M2.1",143.000326871872,FALSE,FALSE
"MR-GGI","CSa",1269,670,"large","M3",128.403218984604,FALSE,FALSE
"MR-GGI","CSa",1270,670,"large","M4",146.944527864456,FALSE,FALSE
"MR-GGI","CSa",1271,1000,"large","M0.1",178.212095975876,FALSE,FALSE
"MR-GGI","CSa",1272,1000,"large","M1.1",114.27227807045,FALSE,FALSE
"MR-GGI","CSa",1273,1000,"large","M2.1",193.141940116882,FALSE,FALSE
"MR-GGI","CSa",1274,1000,"large","M3",224.175979137421,FALSE,FALSE
"MR-GGI","CSa",1275,1000,"large","M4",238.600246191025,FALSE,FALSE
"MR-GGI","CSa",1276,50,"small","M0.1",42.7133550643921,FALSE,FALSE
"MR-GGI","CSa",1277,50,"small","M1.1",49.0012309551239,FALSE,FALSE
"MR-GGI","CSa",1278,50,"small","M2.1",45.3037090301514,FALSE,FALSE
"MR-GGI","CSa",1279,50,"small","M3",59.0560200214386,FALSE,FALSE
"MR-GGI","CSa",1280,50,"small","M4",36.6378920078278,FALSE,FALSE
"MR-GGI","CSa",1281,150,"small","M0.1",61.5785641670227,FALSE,FALSE
"MR-GGI","CSa",1282,150,"small","M1.1",79.2764420509338,FALSE,FALSE
"MR-GGI","CSa",1283,150,"small","M2.1",58.0529251098633,FALSE,FALSE
"MR-GGI","CSa",1284,150,"small","M3",55.9614479541779,FALSE,FALSE
"MR-GGI","CSa",1285,150,"small","M4",68.9293279647827,FALSE,FALSE
"MR-GGI","CSa",1286,300,"small","M0.1",252.365972042084,FALSE,FALSE
"MR-GGI","CSa",1287,300,"small","M1.1",229.600433826447,FALSE,FALSE
"MR-GGI","CSa",1288,300,"small","M2.1",197.041754961014,FALSE,FALSE
"MR-GGI","CSa",1289,300,"small","M3",167.228354930878,FALSE,FALSE
"MR-GGI","CSa",1290,300,"small","M4",346.667491912842,FALSE,FALSE
"MR-GGI","CSa",1291,670,"small","M0.1",97.4532239437103,FALSE,FALSE
"MR-GGI","CSa",1292,670,"small","M1.1",89.8779280185699,FALSE,FALSE
"MR-GGI","CSa",1293,670,"small","M2.1",83.7074689865112,FALSE,FALSE
"MR-GGI","CSa",1294,670,"small","M3",104.841072797775,FALSE,FALSE
"MR-GGI","CSa",1295,670,"small","M4",121.068735122681,FALSE,FALSE
"MR-GGI","CSa",1296,1000,"small","M0.1",140.530272960663,FALSE,FALSE
"MR-GGI","CSa",1297,1000,"small","M1.1",131.392871141434,FALSE,FALSE
"MR-GGI","CSa",1298,1000,"small","M2.1",187.684905052185,FALSE,FALSE
"MR-GGI","CSa",1299,1000,"small","M3",228.19008898735,FALSE,FALSE
"MR-GGI","CSa",1300,1000,"small","M4",191.242301940918,FALSE,FALSE
"MR-GGI","CSa",1301,50,"medium","M0.1",27.1239368915558,FALSE,FALSE
"MR-GGI","CSa",1302,50,"medium","M1.1",46.3967568874359,FALSE,FALSE
"MR-GGI","CSa",1303,50,"medium","M2.1",41.7617499828339,FALSE,FALSE
"MR-GGI","CSa",1304,50,"medium","M3",43.5704438686371,FALSE,FALSE
"MR-GGI","CSa",1305,50,"medium","M4",52.4942400455475,FALSE,FALSE
"MR-GGI","CSa",1306,150,"medium","M0.1",58.1773068904877,FALSE,FALSE
"MR-GGI","CSa",1307,150,"medium","M1.1",45.4038608074188,FALSE,FALSE
"MR-GGI","CSa",1308,150,"medium","M2.1",72.7468910217285,FALSE,FALSE
"MR-GGI","CSa",1309,150,"medium","M3",34.5739760398865,FALSE,FALSE
"MR-GGI","CSa",1310,150,"medium","M4",79.3248519897461,FALSE,FALSE
"MR-GGI","CSa",1311,300,"medium","M0.1",229.423286914825,FALSE,FALSE
"MR-GGI","CSa",1312,300,"medium","M1.1",400.784690856934,FALSE,FALSE
"MR-GGI","CSa",1313,300,"medium","M2.1",298.516168117523,FALSE,FALSE
"MR-GGI","CSa",1314,300,"medium","M3",204.580305814743,FALSE,FALSE
"MR-GGI","CSa",1315,300,"medium","M4",186.65673995018,FALSE,FALSE
"MR-GGI","CSa",1316,670,"medium","M0.1",74.523833990097,FALSE,FALSE
"MR-GGI","CSa",1317,670,"medium","M1.1",120.656108140945,FALSE,FALSE
"MR-GGI","CSa",1318,670,"medium","M2.1",130.535552024841,FALSE,FALSE
"MR-GGI","CSa",1319,670,"medium","M3",70.1120781898499,FALSE,FALSE
"MR-GGI","CSa",1320,670,"medium","M4",76.7761509418488,FALSE,FALSE
"MR-GGI","CSa",1321,1000,"medium","M0.1",87.4479858875275,FALSE,FALSE
"MR-GGI","CSa",1322,1000,"medium","M1.1",115.524245977402,FALSE,FALSE
"MR-GGI","CSa",1323,1000,"medium","M2.1",185.625504016876,FALSE,FALSE
"MR-GGI","CSa",1324,1000,"medium","M3",92.5734100341797,FALSE,FALSE
"MR-GGI","CSa",1325,1000,"medium","M4",104.377940177917,FALSE,FALSE
"MR-GGI","CSa",1326,50,"large","M0.1",41.7783191204071,FALSE,FALSE
"MR-GGI","CSa",1327,50,"large","M1.1",44.2676198482513,FALSE,FALSE
"MR-GGI","CSa",1328,50,"large","M2.1",32.9880421161652,FALSE,FALSE
"MR-GGI","CSa",1329,50,"large","M3",43.3189640045166,FALSE,FALSE
"MR-GGI","CSa",1330,50,"large","M4",28.2924430370331,FALSE,FALSE
"MR-GGI","CSa",1331,150,"large","M0.1",65.9519889354706,FALSE,FALSE
"MR-GGI","CSa",1332,150,"large","M1.1",34.4389259815216,FALSE,FALSE
"MR-GGI","CSa",1333,150,"large","M2.1",59.9082779884338,FALSE,FALSE
"MR-GGI","CSa",1334,150,"large","M3",60.8205709457397,FALSE,FALSE
"MR-GGI","CSa",1335,150,"large","M4",22.9690639972687,FALSE,FALSE
"MR-GGI","CSa",1336,300,"large","M0.1",256.276396989822,FALSE,FALSE
"MR-GGI","CSa",1337,300,"large","M1.1",122.817295074463,FALSE,FALSE
"MR-GGI","CSa",1338,300,"large","M2.1",183.277121067047,FALSE,FALSE
"MR-GGI","CSa",1339,300,"large","M3",133.696048974991,FALSE,FALSE
"MR-GGI","CSa",1340,300,"large","M4",119.42459487915,FALSE,FALSE
"MR-GGI","CSa",1341,670,"large","M0.1",87.9708969593048,FALSE,FALSE
"MR-GGI","CSa",1342,670,"large","M1.1",71.5137598514557,FALSE,FALSE
"MR-GGI","CSa",1343,670,"large","M2.1",119.224237918854,FALSE,FALSE
"MR-GGI","CSa",1344,670,"large","M3",70.8069009780884,FALSE,FALSE
"MR-GGI","CSa",1345,670,"large","M4",64.399384021759,FALSE,FALSE
"MR-GGI","CSa",1346,1000,"large","M0.1",126.967267036438,FALSE,FALSE
"MR-GGI","CSa",1347,1000,"large","M1.1",91.0819709300995,FALSE,FALSE
"MR-GGI","CSa",1348,1000,"large","M2.1",135.963068008423,FALSE,FALSE
"MR-GGI","CSa",1349,1000,"large","M3",92.3424007892609,FALSE,FALSE
"MR-GGI","CSa",1350,1000,"large","M4",119.638760089874,FALSE,FALSE
"MR-GGI","CSa",1351,50,"small","M0.1",55.7228679656982,FALSE,FALSE
"MR-GGI","CSa",1352,50,"small","M1.1",68.469230890274,FALSE,FALSE
"MR-GGI","CSa",1353,50,"small","M2.1",44.6102731227875,FALSE,FALSE
"MR-GGI","CSa",1354,50,"small","M3",36.7152781486511,FALSE,FALSE
"MR-GGI","CSa",1355,50,"small","M4",42.3944499492645,FALSE,FALSE
"MR-GGI","CSa",1356,150,"small","M0.1",73.9068169593811,FALSE,FALSE
"MR-GGI","CSa",1357,150,"small","M1.1",84.6532311439514,FALSE,FALSE
"MR-GGI","CSa",1358,150,"small","M2.1",102.343939065933,FALSE,FALSE
"MR-GGI","CSa",1359,150,"small","M3",79.8205358982086,FALSE,FALSE
"MR-GGI","CSa",1360,150,"small","M4",108.13508605957,FALSE,FALSE
"MR-GGI","CSa",1361,300,"small","M0.1",282.538525104523,FALSE,FALSE
"MR-GGI","CSa",1362,300,"small","M1.1",283.494838953018,FALSE,FALSE
"MR-GGI","CSa",1363,300,"small","M2.1",280.489251852036,FALSE,FALSE
"MR-GGI","CSa",1364,300,"small","M3",240.245542049408,FALSE,FALSE
"MR-GGI","CSa",1365,300,"small","M4",283.201151132584,FALSE,FALSE
"MR-GGI","CSa",1366,670,"small","M0.1",202.96036195755,FALSE,FALSE
"MR-GGI","CSa",1367,670,"small","M1.1",82.8069851398468,FALSE,FALSE
"MR-GGI","CSa",1368,670,"small","M2.1",141.821844816208,FALSE,FALSE
"MR-GGI","CSa",1369,670,"small","M3",131.544137954712,FALSE,FALSE
"MR-GGI","CSa",1370,670,"small","M4",158.333669900894,FALSE,FALSE
"MR-GGI","CSa",1371,1000,"small","M0.1",164.216999053955,FALSE,FALSE
"MR-GGI","CSa",1372,1000,"small","M1.1",109.439711093903,FALSE,FALSE
"MR-GGI","CSa",1373,1000,"small","M2.1",184.984565019608,FALSE,FALSE
"MR-GGI","CSa",1374,1000,"small","M3",320.524599075317,FALSE,FALSE
"MR-GGI","CSa",1375,1000,"small","M4",133.16454410553,FALSE,FALSE
"MR-GGI","CSa",1376,50,"medium","M0.1",41.9108850955963,FALSE,FALSE
"MR-GGI","CSa",1377,50,"medium","M1.1",44.8673040866852,FALSE,FALSE
"MR-GGI","CSa",1378,50,"medium","M2.1",24.9511070251465,FALSE,FALSE
"MR-GGI","CSa",1379,50,"medium","M3",38.3954470157623,FALSE,FALSE
"MR-GGI","CSa",1380,50,"medium","M4",54.7598979473114,FALSE,FALSE
"MR-GGI","CSa",1381,150,"medium","M0.1",90.0027749538422,FALSE,FALSE
"MR-GGI","CSa",1382,150,"medium","M1.1",101.325566053391,FALSE,FALSE
"MR-GGI","CSa",1383,150,"medium","M2.1",77.1428999900818,FALSE,FALSE
"MR-GGI","CSa",1384,150,"medium","M3",73.7128570079803,FALSE,FALSE
"MR-GGI","CSa",1385,150,"medium","M4",78.2535030841827,FALSE,FALSE
"MR-GGI","CSa",1386,300,"medium","M0.1",232.583292961121,FALSE,FALSE
"MR-GGI","CSa",1387,300,"medium","M1.1",207.764457941055,FALSE,FALSE
"MR-GGI","CSa",1388,300,"medium","M2.1",303.390163898468,FALSE,FALSE
"MR-GGI","CSa",1389,300,"medium","M3",460.581211805344,FALSE,FALSE
"MR-GGI","CSa",1390,300,"medium","M4",410.185585021973,FALSE,FALSE
"MR-GGI","CSa",1391,670,"medium","M0.1",109.299757957458,FALSE,FALSE
"MR-GGI","CSa",1392,670,"medium","M1.1",135.562355995178,FALSE,FALSE
"MR-GGI","CSa",1393,670,"medium","M2.1",108.807754039764,FALSE,FALSE
"MR-GGI","CSa",1394,670,"medium","M3",94.8371999263763,FALSE,FALSE
"MR-GGI","CSa",1395,670,"medium","M4",170.6403028965,FALSE,FALSE
"MR-GGI","CSa",1396,1000,"medium","M0.1",197.618481874466,FALSE,FALSE
"MR-GGI","CSa",1397,1000,"medium","M1.1",219.824166059494,FALSE,FALSE
"MR-GGI","CSa",1398,1000,"medium","M2.1",220.187717914581,FALSE,FALSE
"MR-GGI","CSa",1399,1000,"medium","M3",160.258941888809,FALSE,FALSE
"MR-GGI","CSa",1400,1000,"medium","M4",192.825488090515,FALSE,FALSE
"MR-GGI","CSa",1401,50,"large","M0.1",49.9795179367065,FALSE,FALSE
"MR-GGI","CSa",1402,50,"large","M1.1",40.9835479259491,FALSE,FALSE
"MR-GGI","CSa",1403,50,"large","M2.1",57.25727891922,FALSE,FALSE
"MR-GGI","CSa",1404,50,"large","M3",30.1263220310211,FALSE,FALSE
"MR-GGI","CSa",1405,50,"large","M4",24.2454481124878,FALSE,FALSE
"MR-GGI","CSa",1406,150,"large","M0.1",106.230808973312,FALSE,FALSE
"MR-GGI","CSa",1407,150,"large","M1.1",71.9453098773956,FALSE,FALSE
"MR-GGI","CSa",1408,150,"large","M2.1",58.6130640506744,FALSE,FALSE
"MR-GGI","CSa",1409,150,"large","M3",99.742427110672,FALSE,FALSE
"MR-GGI","CSa",1410,150,"large","M4",95.7470209598541,FALSE,FALSE
"MR-GGI","CSa",1411,300,"large","M0.1",386.043143033981,FALSE,FALSE
"MR-GGI","CSa",1412,300,"large","M1.1",216.727890014648,FALSE,FALSE
"MR-GGI","CSa",1413,300,"large","M2.1",323.365673065186,FALSE,FALSE
"MR-GGI","CSa",1414,300,"large","M3",242.291814804077,FALSE,FALSE
"MR-GGI","CSa",1415,300,"large","M4",272.169825077057,FALSE,FALSE
"MR-GGI","CSa",1416,670,"large","M0.1",85.667759180069,FALSE,FALSE
"MR-GGI","CSa",1417,670,"large","M1.1",73.6043889522552,FALSE,FALSE
"MR-GGI","CSa",1418,670,"large","M2.1",120.930372953415,FALSE,FALSE
"MR-GGI","CSa",1419,670,"large","M3",80.333958864212,FALSE,FALSE
"MR-GGI","CSa",1420,670,"large","M4",124.318340063095,FALSE,FALSE
"MR-GGI","CSa",1421,1000,"large","M0.1",244.813440799713,FALSE,FALSE
"MR-GGI","CSa",1422,1000,"large","M1.1",133.400454044342,FALSE,FALSE
"MR-GGI","CSa",1423,1000,"large","M2.1",157.85129404068,FALSE,FALSE
"MR-GGI","CSa",1424,1000,"large","M3",149.76605796814,FALSE,FALSE
"MR-GGI","CSa",1425,1000,"large","M4",310.821678876877,FALSE,FALSE
"MR-GGI","CSa",1426,50,"small","M0.1",50.09006690979,FALSE,FALSE
"MR-GGI","CSa",1427,50,"small","M1.1",51.1485600471497,FALSE,FALSE
"MR-GGI","CSa",1428,50,"small","M2.1",53.7894289493561,FALSE,FALSE
"MR-GGI","CSa",1429,50,"small","M3",32.8955638408661,FALSE,FALSE
"MR-GGI","CSa",1430,50,"small","M4",32.5993580818176,FALSE,FALSE
"MR-GGI","CSa",1431,150,"small","M0.1",82.9195342063904,FALSE,FALSE
"MR-GGI","CSa",1432,150,"small","M1.1",92.524533033371,FALSE,FALSE
"MR-GGI","CSa",1433,150,"small","M2.1",63.0991988182068,FALSE,FALSE
"MR-GGI","CSa",1434,150,"small","M3",79.8789780139923,FALSE,FALSE
"MR-GGI","CSa",1435,150,"small","M4",89.6880710124969,FALSE,FALSE
"MR-GGI","CSa",1436,300,"small","M0.1",347.169062137604,FALSE,FALSE
"MR-GGI","CSa",1437,300,"small","M1.1",205.630009889603,FALSE,FALSE
"MR-GGI","CSa",1438,300,"small","M2.1",301.26101899147,FALSE,FALSE
"MR-GGI","CSa",1439,300,"small","M3",509.182879924774,FALSE,FALSE
"MR-GGI","CSa",1440,300,"small","M4",308.459228992462,FALSE,FALSE
"MR-GGI","CSa",1441,670,"small","M0.1",131.337110042572,FALSE,FALSE
"MR-GGI","CSa",1442,670,"small","M1.1",96.3500049114227,FALSE,FALSE
"MR-GGI","CSa",1443,670,"small","M2.1",76.1633310317993,FALSE,FALSE
"MR-GGI","CSa",1444,670,"small","M3",137.310889959335,FALSE,FALSE
"MR-GGI","CSa",1445,670,"small","M4",132.193475961685,FALSE,FALSE
"MR-GGI","CSa",1446,1000,"small","M0.1",209.978370904922,FALSE,FALSE
"MR-GGI","CSa",1447,1000,"small","M1.1",206.048727035522,FALSE,FALSE
"MR-GGI","CSa",1448,1000,"small","M2.1",162.27192902565,FALSE,FALSE
"MR-GGI","CSa",1449,1000,"small","M3",182.784090042114,FALSE,FALSE
"MR-GGI","CSa",1450,1000,"small","M4",171.014284133911,FALSE,FALSE
"MR-GGI","CSa",1451,50,"medium","M0.1",39.922600030899,FALSE,FALSE
"MR-GGI","CSa",1452,50,"medium","M1.1",49.6438040733337,FALSE,FALSE
"MR-GGI","CSa",1453,50,"medium","M2.1",41.5776629447937,FALSE,FALSE
"MR-GGI","CSa",1454,50,"medium","M3",45.2129728794098,FALSE,FALSE
"MR-GGI","CSa",1455,50,"medium","M4",43.8759980201721,FALSE,FALSE
"MR-GGI","CSa",1456,150,"medium","M0.1",53.6982340812683,FALSE,FALSE
"MR-GGI","CSa",1457,150,"medium","M1.1",64.3467109203339,FALSE,FALSE
"MR-GGI","CSa",1458,150,"medium","M2.1",56.6182851791382,FALSE,FALSE
"MR-GGI","CSa",1459,150,"medium","M3",40.594868183136,FALSE,FALSE
"MR-GGI","CSa",1460,150,"medium","M4",67.5271220207214,FALSE,FALSE
"MR-GGI","CSa",1461,300,"medium","M0.1",190.343991041183,FALSE,FALSE
"MR-GGI","CSa",1462,300,"medium","M1.1",255.329469919205,FALSE,FALSE
"MR-GGI","CSa",1463,300,"medium","M2.1",295.556747198105,FALSE,FALSE
"MR-GGI","CSa",1464,300,"medium","M3",71.2615959644318,FALSE,FALSE
"MR-GGI","CSa",1465,300,"medium","M4",184.898273944855,FALSE,FALSE
"MR-GGI","CSa",1466,670,"medium","M0.1",65.6850099563599,FALSE,FALSE
"MR-GGI","CSa",1467,670,"medium","M1.1",115.875053882599,FALSE,FALSE
"MR-GGI","CSa",1468,670,"medium","M2.1",80.6046810150146,FALSE,FALSE
"MR-GGI","CSa",1469,670,"medium","M3",44.6274170875549,FALSE,FALSE
"MR-GGI","CSa",1470,670,"medium","M4",104.207900047302,FALSE,FALSE
"MR-GGI","CSa",1471,1000,"medium","M0.1",105.39108300209,FALSE,FALSE
"MR-GGI","CSa",1472,1000,"medium","M1.1",208.903251171112,FALSE,FALSE
"MR-GGI","CSa",1473,1000,"medium","M2.1",105.650205135345,FALSE,FALSE
"MR-GGI","CSa",1474,1000,"medium","M3",119.955159902573,FALSE,FALSE
"MR-GGI","CSa",1475,1000,"medium","M4",131.388231992722,FALSE,FALSE
"MR-GGI","CSa",1476,50,"large","M0.1",39.9386780261993,FALSE,FALSE
"MR-GGI","CSa",1477,50,"large","M1.1",38.1511769294739,FALSE,FALSE
"MR-GGI","CSa",1478,50,"large","M2.1",51.2686758041382,FALSE,FALSE
"MR-GGI","CSa",1479,50,"large","M3",41.2340638637543,FALSE,FALSE
"MR-GGI","CSa",1480,50,"large","M4",14.628338098526,FALSE,FALSE
"MR-GGI","CSa",1481,150,"large","M0.1",53.9595968723297,FALSE,FALSE
"MR-GGI","CSa",1482,150,"large","M1.1",60.0975198745728,FALSE,FALSE
"MR-GGI","CSa",1483,150,"large","M2.1",84.0206339359283,FALSE,FALSE
"MR-GGI","CSa",1484,150,"large","M3",68.9209580421448,FALSE,FALSE
"MR-GGI","CSa",1485,150,"large","M4",47.9045748710632,FALSE,FALSE
"MR-GGI","CSa",1486,300,"large","M0.1",241.627065181732,FALSE,FALSE
"MR-GGI","CSa",1487,300,"large","M1.1",77.1910099983215,FALSE,FALSE
"MR-GGI","CSa",1488,300,"large","M2.1",206.241369962692,FALSE,FALSE
"MR-GGI","CSa",1489,300,"large","M3",264.850336074829,FALSE,FALSE
"MR-GGI","CSa",1490,300,"large","M4",66.8389840126038,FALSE,FALSE
"MR-GGI","CSa",1491,670,"large","M0.1",86.6302471160889,FALSE,FALSE
"MR-GGI","CSa",1492,670,"large","M1.1",28.7128660678864,FALSE,FALSE
"MR-GGI","CSa",1493,670,"large","M2.1",74.2726860046387,FALSE,FALSE
"MR-GGI","CSa",1494,670,"large","M3",69.7306528091431,FALSE,FALSE
"MR-GGI","CSa",1495,670,"large","M4",22.6992988586426,FALSE,FALSE
"MR-GGI","CSa",1496,1000,"large","M0.1",183.718458890915,FALSE,FALSE
"MR-GGI","CSa",1497,1000,"large","M1.1",87.3693928718567,FALSE,FALSE
"MR-GGI","CSa",1498,1000,"large","M2.1",114.011950969696,FALSE,FALSE
"MR-GGI","CSa",1499,1000,"large","M3",70.5902509689331,FALSE,FALSE
"MR-GGI","CSa",1500,1000,"large","M4",92.764613866806,FALSE,FALSE
