"method","arm","level","sample_size","effect_size","truth","predicted","n"
"mrgn","truth","model",50,"all","M0","M0",18
"mrgn","truth","model",50,"all","M1","M0",3
"mrgn","truth","model",50,"all","M2","M0",14
"mrgn","truth","model",50,"all","M3","M0",11
"mrgn","truth","model",50,"all","M4","M0",5
"mrgn","truth","model",50,"all","M0","M1",0
"mrgn","truth","model",50,"all","M1","M1",7
"mrgn","truth","model",50,"all","M2","M1",7
"mrgn","truth","model",50,"all","M3","M1",0
"mrgn","truth","model",50,"all","M4","M1",7
"mrgn","truth","model",50,"all","M0","M2",0
"mrgn","truth","model",50,"all","M1","M2",0
"mrgn","truth","model",50,"all","M2","M2",7
"mrgn","truth","model",50,"all","M3","M2",0
"mrgn","truth","model",50,"all","M4","M2",0
"mrgn","truth","model",50,"all","M0","M3",0
"mrgn","truth","model",50,"all","M1","M3",0
"mrgn","truth","model",50,"all","M2","M3",1
"mrgn","truth","model",50,"all","M3","M3",11
"mrgn","truth","model",50,"all","M4","M3",1
"mrgn","truth","model",50,"all","M0","M4",0
"mrgn","truth","model",50,"all","M1","M4",0
"mrgn","truth","model",50,"all","M2","M4",0
"mrgn","truth","model",50,"all","M3","M4",0
"mrgn","truth","model",50,"all","M4","M4",0
"mrgn","truth","model",50,"all","M0","Other",42
"mrgn","truth","model",50,"all","M1","Other",50
"mrgn","truth","model",50,"all","M2","Other",31
"mrgn","truth","model",50,"all","M3","Other",38
"mrgn","truth","model",50,"all","M4","Other",47
"mrgn","truth","edge",50,"all","M0","T1 - T2 Edge Absent",18
"mrgn","truth","edge",50,"all","M1","T1 - T2 Edge Absent",3
"mrgn","truth","edge",50,"all","M2","T1 - T2 Edge Absent",15
"mrgn","truth","edge",50,"all","M3","T1 - T2 Edge Absent",22
"mrgn","truth","edge",50,"all","M4","T1 - T2 Edge Absent",6
"mrgn","truth","edge",50,"all","M0","T1 - T2 Edge Present",0
"mrgn","truth","edge",50,"all","M1","T1 - T2 Edge Present",7
"mrgn","truth","edge",50,"all","M2","T1 - T2 Edge Present",14
"mrgn","truth","edge",50,"all","M3","T1 - T2 Edge Present",0
"mrgn","truth","edge",50,"all","M4","T1 - T2 Edge Present",7
"mrgn","truth","edge",50,"all","M0","Other",42
"mrgn","truth","edge",50,"all","M1","Other",50
"mrgn","truth","edge",50,"all","M2","Other",31
"mrgn","truth","edge",50,"all","M3","Other",38
"mrgn","truth","edge",50,"all","M4","Other",47
"mrgn","truth","model",50,"small","M0","M0",1
"mrgn","truth","model",50,"small","M1","M0",0
"mrgn","truth","model",50,"small","M2","M0",1
"mrgn","truth","model",50,"small","M3","M0",0
"mrgn","truth","model",50,"small","M4","M0",2
"mrgn","truth","model",50,"small","M0","M1",0
"mrgn","truth","model",50,"small","M1","M1",0
"mrgn","truth","model",50,"small","M2","M1",0
"mrgn","truth","model",50,"small","M3","M1",0
"mrgn","truth","model",50,"small","M4","M1",0
"mrgn","truth","model",50,"small","M0","M2",0
"mrgn","truth","model",50,"small","M1","M2",0
"mrgn","truth","model",50,"small","M2","M2",0
"mrgn","truth","model",50,"small","M3","M2",0
"mrgn","truth","model",50,"small","M4","M2",0
"mrgn","truth","model",50,"small","M0","M3",0
"mrgn","truth","model",50,"small","M1","M3",0
"mrgn","truth","model",50,"small","M2","M3",0
"mrgn","truth","model",50,"small","M3","M3",0
"mrgn","truth","model",50,"small","M4","M3",0
"mrgn","truth","model",50,"small","M0","M4",0
"mrgn","truth","model",50,"small","M1","M4",0
"mrgn","truth","model",50,"small","M2","M4",0
"mrgn","truth","model",50,"small","M3","M4",0
"mrgn","truth","model",50,"small","M4","M4",0
"mrgn","truth","model",50,"small","M0","Other",19
"mrgn","truth","model",50,"small","M1","Other",20
"mrgn","truth","model",50,"small","M2","Other",19
"mrgn","truth","model",50,"small","M3","Other",20
"mrgn","truth","model",50,"small","M4","Other",18
"mrgn","truth","edge",50,"small","M0","T1 - T2 Edge Absent",1
"mrgn","truth","edge",50,"small","M1","T1 - T2 Edge Absent",0
"mrgn","truth","edge",50,"small","M2","T1 - T2 Edge Absent",1
"mrgn","truth","edge",50,"small","M3","T1 - T2 Edge Absent",0
"mrgn","truth","edge",50,"small","M4","T1 - T2 Edge Absent",2
"mrgn","truth","edge",50,"small","M0","T1 - T2 Edge Present",0
"mrgn","truth","edge",50,"small","M1","T1 - T2 Edge Present",0
"mrgn","truth","edge",50,"small","M2","T1 - T2 Edge Present",0
"mrgn","truth","edge",50,"small","M3","T1 - T2 Edge Present",0
"mrgn","truth","edge",50,"small","M4","T1 - T2 Edge Present",0
"mrgn","truth","edge",50,"small","M0","Other",19
"mrgn","truth","edge",50,"small","M1","Other",20
"mrgn","truth","edge",50,"small","M2","Other",19
"mrgn","truth","edge",50,"small","M3","Other",20
"mrgn","truth","edge",50,"small","M4","Other",18
"mrgn","truth","model",50,"medium","M0","M0",3
"mrgn","truth","model",50,"medium","M1","M0",3
"mrgn","truth","model",50,"medium","M2","M0",12
"mrgn","truth","model",50,"medium","M3","M0",4
"mrgn","truth","model",50,"medium","M4","M0",1
"mrgn","truth","model",50,"medium","M0","M1",0
"mrgn","truth","model",50,"medium","M1","M1",1
"mrgn","truth","model",50,"medium","M2","M1",1
"mrgn","truth","model",50,"medium","M3","M1",0
"mrgn","truth","model",50,"medium","M4","M1",1
"mrgn","truth","model",50,"medium","M0","M2",0
"mrgn","truth","model",50,"medium","M1","M2",0
"mrgn","truth","model",50,"medium","M2","M2",0
"mrgn","truth","model",50,"medium","M3","M2",0
"mrgn","truth","model",50,"medium","M4","M2",0
"mrgn","truth","model",50,"medium","M0","M3",0
"mrgn","truth","model",50,"medium","M1","M3",0
"mrgn","truth","model",50,"medium","M2","M3",0
"mrgn","truth","model",50,"medium","M3","M3",3
"mrgn","truth","model",50,"medium","M4","M3",1
"mrgn","truth","model",50,"medium","M0","M4",0
"mrgn","truth","model",50,"medium","M1","M4",0
"mrgn","truth","model",50,"medium","M2","M4",0
"mrgn","truth","model",50,"medium","M3","M4",0
"mrgn","truth","model",50,"medium","M4","M4",0
"mrgn","truth","model",50,"medium","M0","Other",17
"mrgn","truth","model",50,"medium","M1","Other",16
"mrgn","truth","model",50,"medium","M2","Other",7
"mrgn","truth","model",50,"medium","M3","Other",13
"mrgn","truth","model",50,"medium","M4","Other",17
"mrgn","truth","edge",50,"medium","M0","T1 - T2 Edge Absent",3
"mrgn","truth","edge",50,"medium","M1","T1 - T2 Edge Absent",3
"mrgn","truth","edge",50,"medium","M2","T1 - T2 Edge Absent",12
"mrgn","truth","edge",50,"medium","M3","T1 - T2 Edge Absent",7
"mrgn","truth","edge",50,"medium","M4","T1 - T2 Edge Absent",2
"mrgn","truth","edge",50,"medium","M0","T1 - T2 Edge Present",0
"mrgn","truth","edge",50,"medium","M1","T1 - T2 Edge Present",1
"mrgn","truth","edge",50,"medium","M2","T1 - T2 Edge Present",1
"mrgn","truth","edge",50,"medium","M3","T1 - T2 Edge Present",0
"mrgn","truth","edge",50,"medium","M4","T1 - T2 Edge Present",1
"mrgn","truth","edge",50,"medium","M0","Other",17
"mrgn","truth","edge",50,"medium","M1","Other",16
"mrgn","truth","edge",50,"medium","M2","Other",7
"mrgn","truth","edge",50,"medium","M3","Other",13
"mrgn","truth","edge",50,"medium","M4","Other",17
"mrgn","truth","model",50,"large","M0","M0",14
"mrgn","truth","model",50,"large","M1","M0",0
"mrgn","truth","model",50,"large","M2","M0",1
"mrgn","truth","model",50,"large","M3","M0",7
"mrgn","truth","model",50,"large","M4","M0",2
"mrgn","truth","model",50,"large","M0","M1",0
"mrgn","truth","model",50,"large","M1","M1",6
"mrgn","truth","model",50,"large","M2","M1",6
"mrgn","truth","model",50,"large","M3","M1",0
"mrgn","truth","model",50,"large","M4","M1",6
"mrgn","truth","model",50,"large","M0","M2",0
"mrgn","truth","model",50,"large","M1","M2",0
"mrgn","truth","model",50,"large","M2","M2",7
"mrgn","truth","model",50,"large","M3","M2",0
"mrgn","truth","model",50,"large","M4","M2",0
"mrgn","truth","model",50,"large","M0","M3",0
"mrgn","truth","model",50,"large","M1","M3",0
"mrgn","truth","model",50,"large","M2","M3",1
"mrgn","truth","model",50,"large","M3","M3",8
"mrgn","truth","model",50,"large","M4","M3",0
"mrgn","truth","model",50,"large","M0","M4",0
"mrgn","truth","model",50,"large","M1","M4",0
"mrgn","truth","model",50,"large","M2","M4",0
"mrgn","truth","model",50,"large","M3","M4",0
"mrgn","truth","model",50,"large","M4","M4",0
"mrgn","truth","model",50,"large","M0","Other",6
"mrgn","truth","model",50,"large","M1","Other",14
"mrgn","truth","model",50,"large","M2","Other",5
"mrgn","truth","model",50,"large","M3","Other",5
"mrgn","truth","model",50,"large","M4","Other",12
"mrgn","truth","edge",50,"large","M0","T1 - T2 Edge Absent",14
"mrgn","truth","edge",50,"large","M1","T1 - T2 Edge Absent",0
"mrgn","truth","edge",50,"large","M2","T1 - T2 Edge Absent",2
"mrgn","truth","edge",50,"large","M3","T1 - T2 Edge Absent",15
"mrgn","truth","edge",50,"large","M4","T1 - T2 Edge Absent",2
"mrgn","truth","edge",50,"large","M0","T1 - T2 Edge Present",0
"mrgn","truth","edge",50,"large","M1","T1 - T2 Edge Present",6
"mrgn","truth","edge",50,"large","M2","T1 - T2 Edge Present",13
"mrgn","truth","edge",50,"large","M3","T1 - T2 Edge Present",0
"mrgn","truth","edge",50,"large","M4","T1 - T2 Edge Present",6
"mrgn","truth","edge",50,"large","M0","Other",6
"mrgn","truth","edge",50,"large","M1","Other",14
"mrgn","truth","edge",50,"large","M2","Other",5
"mrgn","truth","edge",50,"large","M3","Other",5
"mrgn","truth","edge",50,"large","M4","Other",12
"mrgn","truth","model",150,"all","M0","M0",44
"mrgn","truth","model",150,"all","M1","M0",4
"mrgn","truth","model",150,"all","M2","M0",1
"mrgn","truth","model",150,"all","M3","M0",8
"mrgn","truth","model",150,"all","M4","M0",5
"mrgn","truth","model",150,"all","M0","M1",0
"mrgn","truth","model",150,"all","M1","M1",36
"mrgn","truth","model",150,"all","M2","M1",23
"mrgn","truth","model",150,"all","M3","M1",0
"mrgn","truth","model",150,"all","M4","M1",31
"mrgn","truth","model",150,"all","M0","M2",0
"mrgn","truth","model",150,"all","M1","M2",0
"mrgn","truth","model",150,"all","M2","M2",15
"mrgn","truth","model",150,"all","M3","M2",0
"mrgn","truth","model",150,"all","M4","M2",0
"mrgn","truth","model",150,"all","M0","M3",0
"mrgn","truth","model",150,"all","M1","M3",0
"mrgn","truth","model",150,"all","M2","M3",1
"mrgn","truth","model",150,"all","M3","M3",37
"mrgn","truth","model",150,"all","M4","M3",3
"mrgn","truth","model",150,"all","M0","M4",0
"mrgn","truth","model",150,"all","M1","M4",0
"mrgn","truth","model",150,"all","M2","M4",0
"mrgn","truth","model",150,"all","M3","M4",0
"mrgn","truth","model",150,"all","M4","M4",7
"mrgn","truth","model",150,"all","M0","Other",16
"mrgn","truth","model",150,"all","M1","Other",20
"mrgn","truth","model",150,"all","M2","Other",20
"mrgn","truth","model",150,"all","M3","Other",15
"mrgn","truth","model",150,"all","M4","Other",14
"mrgn","truth","edge",150,"all","M0","T1 - T2 Edge Absent",44
"mrgn","truth","edge",150,"all","M1","T1 - T2 Edge Absent",4
"mrgn","truth","edge",150,"all","M2","T1 - T2 Edge Absent",2
"mrgn","truth","edge",150,"all","M3","T1 - T2 Edge Absent",45
"mrgn","truth","edge",150,"all","M4","T1 - T2 Edge Absent",8
"mrgn","truth","edge",150,"all","M0","T1 - T2 Edge Present",0
"mrgn","truth","edge",150,"all","M1","T1 - T2 Edge Present",36
"mrgn","truth","edge",150,"all","M2","T1 - T2 Edge Present",38
"mrgn","truth","edge",150,"all","M3","T1 - T2 Edge Present",0
"mrgn","truth","edge",150,"all","M4","T1 - T2 Edge Present",38
"mrgn","truth","edge",150,"all","M0","Other",16
"mrgn","truth","edge",150,"all","M1","Other",20
"mrgn","truth","edge",150,"all","M2","Other",20
"mrgn","truth","edge",150,"all","M3","Other",15
"mrgn","truth","edge",150,"all","M4","Other",14
"mrgn","truth","model",150,"small","M0","M0",5
"mrgn","truth","model",150,"small","M1","M0",3
"mrgn","truth","model",150,"small","M2","M0",0
"mrgn","truth","model",150,"small","M3","M0",4
"mrgn","truth","model",150,"small","M4","M0",4
"mrgn","truth","model",150,"small","M0","M1",0
"mrgn","truth","model",150,"small","M1","M1",4
"mrgn","truth","model",150,"small","M2","M1",4
"mrgn","truth","model",150,"small","M3","M1",0
"mrgn","truth","model",150,"small","M4","M1",3
"mrgn","truth","model",150,"small","M0","M2",0
"mrgn","truth","model",150,"small","M1","M2",0
"mrgn","truth","model",150,"small","M2","M2",0
"mrgn","truth","model",150,"small","M3","M2",0
"mrgn","truth","model",150,"small","M4","M2",0
"mrgn","truth","model",150,"small","M0","M3",0
"mrgn","truth","model",150,"small","M1","M3",0
"mrgn","truth","model",150,"small","M2","M3",0
"mrgn","truth","model",150,"small","M3","M3",2
"mrgn","truth","model",150,"small","M4","M3",3
"mrgn","truth","model",150,"small","M0","M4",0
"mrgn","truth","model",150,"small","M1","M4",0
"mrgn","truth","model",150,"small","M2","M4",0
"mrgn","truth","model",150,"small","M3","M4",0
"mrgn","truth","model",150,"small","M4","M4",0
"mrgn","truth","model",150,"small","M0","Other",15
"mrgn","truth","model",150,"small","M1","Other",13
"mrgn","truth","model",150,"small","M2","Other",16
"mrgn","truth","model",150,"small","M3","Other",14
"mrgn","truth","model",150,"small","M4","Other",10
"mrgn","truth","edge",150,"small","M0","T1 - T2 Edge Absent",5
"mrgn","truth","edge",150,"small","M1","T1 - T2 Edge Absent",3
"mrgn","truth","edge",150,"small","M2","T1 - T2 Edge Absent",0
"mrgn","truth","edge",150,"small","M3","T1 - T2 Edge Absent",6
"mrgn","truth","edge",150,"small","M4","T1 - T2 Edge Absent",7
"mrgn","truth","edge",150,"small","M0","T1 - T2 Edge Present",0
"mrgn","truth","edge",150,"small","M1","T1 - T2 Edge Present",4
"mrgn","truth","edge",150,"small","M2","T1 - T2 Edge Present",4
"mrgn","truth","edge",150,"small","M3","T1 - T2 Edge Present",0
"mrgn","truth","edge",150,"small","M4","T1 - T2 Edge Present",3
"mrgn","truth","edge",150,"small","M0","Other",15
"mrgn","truth","edge",150,"small","M1","Other",13
"mrgn","truth","edge",150,"small","M2","Other",16
"mrgn","truth","edge",150,"small","M3","Other",14
"mrgn","truth","edge",150,"small","M4","Other",10
"mrgn","truth","model",150,"medium","M0","M0",19
"mrgn","truth","model",150,"medium","M1","M0",1
"mrgn","truth","model",150,"medium","M2","M0",1
"mrgn","truth","model",150,"medium","M3","M0",4
"mrgn","truth","model",150,"medium","M4","M0",1
"mrgn","truth","model",150,"medium","M0","M1",0
"mrgn","truth","model",150,"medium","M1","M1",12
"mrgn","truth","model",150,"medium","M2","M1",12
"mrgn","truth","model",150,"medium","M3","M1",0
"mrgn","truth","model",150,"medium","M4","M1",10
"mrgn","truth","model",150,"medium","M0","M2",0
"mrgn","truth","model",150,"medium","M1","M2",0
"mrgn","truth","model",150,"medium","M2","M2",2
"mrgn","truth","model",150,"medium","M3","M2",0
"mrgn","truth","model",150,"medium","M4","M2",0
"mrgn","truth","model",150,"medium","M0","M3",0
"mrgn","truth","model",150,"medium","M1","M3",0
"mrgn","truth","model",150,"medium","M2","M3",1
"mrgn","truth","model",150,"medium","M3","M3",15
"mrgn","truth","model",150,"medium","M4","M3",0
"mrgn","truth","model",150,"medium","M0","M4",0
"mrgn","truth","model",150,"medium","M1","M4",0
"mrgn","truth","model",150,"medium","M2","M4",0
"mrgn","truth","model",150,"medium","M3","M4",0
"mrgn","truth","model",150,"medium","M4","M4",6
"mrgn","truth","model",150,"medium","M0","Other",1
"mrgn","truth","model",150,"medium","M1","Other",7
"mrgn","truth","model",150,"medium","M2","Other",4
"mrgn","truth","model",150,"medium","M3","Other",1
"mrgn","truth","model",150,"medium","M4","Other",3
"mrgn","truth","edge",150,"medium","M0","T1 - T2 Edge Absent",19
"mrgn","truth","edge",150,"medium","M1","T1 - T2 Edge Absent",1
"mrgn","truth","edge",150,"medium","M2","T1 - T2 Edge Absent",2
"mrgn","truth","edge",150,"medium","M3","T1 - T2 Edge Absent",19
"mrgn","truth","edge",150,"medium","M4","T1 - T2 Edge Absent",1
"mrgn","truth","edge",150,"medium","M0","T1 - T2 Edge Present",0
"mrgn","truth","edge",150,"medium","M1","T1 - T2 Edge Present",12
"mrgn","truth","edge",150,"medium","M2","T1 - T2 Edge Present",14
"mrgn","truth","edge",150,"medium","M3","T1 - T2 Edge Present",0
"mrgn","truth","edge",150,"medium","M4","T1 - T2 Edge Present",16
"mrgn","truth","edge",150,"medium","M0","Other",1
"mrgn","truth","edge",150,"medium","M1","Other",7
"mrgn","truth","edge",150,"medium","M2","Other",4
"mrgn","truth","edge",150,"medium","M3","Other",1
"mrgn","truth","edge",150,"medium","M4","Other",3
"mrgn","truth","model",150,"large","M0","M0",20
"mrgn","truth","model",150,"large","M1","M0",0
"mrgn","truth","model",150,"large","M2","M0",0
"mrgn","truth","model",150,"large","M3","M0",0
"mrgn","truth","model",150,"large","M4","M0",0
"mrgn","truth","model",150,"large","M0","M1",0
"mrgn","truth","model",150,"large","M1","M1",20
"mrgn","truth","model",150,"large","M2","M1",7
"mrgn","truth","model",150,"large","M3","M1",0
"mrgn","truth","model",150,"large","M4","M1",18
"mrgn","truth","model",150,"large","M0","M2",0
"mrgn","truth","model",150,"large","M1","M2",0
"mrgn","truth","model",150,"large","M2","M2",13
"mrgn","truth","model",150,"large","M3","M2",0
"mrgn","truth","model",150,"large","M4","M2",0
"mrgn","truth","model",150,"large","M0","M3",0
"mrgn","truth","model",150,"large","M1","M3",0
"mrgn","truth","model",150,"large","M2","M3",0
"mrgn","truth","model",150,"large","M3","M3",20
"mrgn","truth","model",150,"large","M4","M3",0
"mrgn","truth","model",150,"large","M0","M4",0
"mrgn","truth","model",150,"large","M1","M4",0
"mrgn","truth","model",150,"large","M2","M4",0
"mrgn","truth","model",150,"large","M3","M4",0
"mrgn","truth","model",150,"large","M4","M4",1
"mrgn","truth","model",150,"large","M0","Other",0
"mrgn","truth","model",150,"large","M1","Other",0
"mrgn","truth","model",150,"large","M2","Other",0
"mrgn","truth","model",150,"large","M3","Other",0
"mrgn","truth","model",150,"large","M4","Other",1
"mrgn","truth","edge",150,"large","M0","T1 - T2 Edge Absent",20
"mrgn","truth","edge",150,"large","M1","T1 - T2 Edge Absent",0
"mrgn","truth","edge",150,"large","M2","T1 - T2 Edge Absent",0
"mrgn","truth","edge",150,"large","M3","T1 - T2 Edge Absent",20
"mrgn","truth","edge",150,"large","M4","T1 - T2 Edge Absent",0
"mrgn","truth","edge",150,"large","M0","T1 - T2 Edge Present",0
"mrgn","truth","edge",150,"large","M1","T1 - T2 Edge Present",20
"mrgn","truth","edge",150,"large","M2","T1 - T2 Edge Present",20
"mrgn","truth","edge",150,"large","M3","T1 - T2 Edge Present",0
"mrgn","truth","edge",150,"large","M4","T1 - T2 Edge Present",19
"mrgn","truth","edge",150,"large","M0","Other",0
"mrgn","truth","edge",150,"large","M1","Other",0
"mrgn","truth","edge",150,"large","M2","Other",0
"mrgn","truth","edge",150,"large","M3","Other",0
"mrgn","truth","edge",150,"large","M4","Other",1
"mrgn","truth","model",300,"all","M0","M0",50
"mrgn","truth","model",300,"all","M1","M0",3
"mrgn","truth","model",300,"all","M2","M0",2
"mrgn","truth","model",300,"all","M3","M0",3
"mrgn","truth","model",300,"all","M4","M0",1
"mrgn","truth","model",300,"all","M0","M1",2
"mrgn","truth","model",300,"all","M1","M1",49
"mrgn","truth","model",300,"all","M2","M1",22
"mrgn","truth","model",300,"all","M3","M1",0
"mrgn","truth","model",300,"all","M4","M1",22
"mrgn","truth","model",300,"all","M0","M2",0
"mrgn","truth","model",300,"all","M1","M2",0
"mrgn","truth","model",300,"all","M2","M2",25
"mrgn","truth","model",300,"all","M3","M2",0
"mrgn","truth","model",300,"all","M4","M2",2
"mrgn","truth","model",300,"all","M0","M3",2
"mrgn","truth","model",300,"all","M1","M3",0
"mrgn","truth","model",300,"all","M2","M3",0
"mrgn","truth","model",300,"all","M3","M3",44
"mrgn","truth","model",300,"all","M4","M3",3
"mrgn","truth","model",300,"all","M0","M4",0
"mrgn","truth","model",300,"all","M1","M4",2
"mrgn","truth","model",300,"all","M2","M4",1
"mrgn","truth","model",300,"all","M3","M4",1
"mrgn","truth","model",300,"all","M4","M4",22
"mrgn","truth","model",300,"all","M0","Other",6
"mrgn","truth","model",300,"all","M1","Other",6
"mrgn","truth","model",300,"all","M2","Other",10
"mrgn","truth","model",300,"all","M3","Other",12
"mrgn","truth","model",300,"all","M4","Other",10
"mrgn","truth","edge",300,"all","M0","T1 - T2 Edge Absent",52
"mrgn","truth","edge",300,"all","M1","T1 - T2 Edge Absent",3
"mrgn","truth","edge",300,"all","M2","T1 - T2 Edge Absent",2
"mrgn","truth","edge",300,"all","M3","T1 - T2 Edge Absent",47
"mrgn","truth","edge",300,"all","M4","T1 - T2 Edge Absent",4
"mrgn","truth","edge",300,"all","M0","T1 - T2 Edge Present",2
"mrgn","truth","edge",300,"all","M1","T1 - T2 Edge Present",51
"mrgn","truth","edge",300,"all","M2","T1 - T2 Edge Present",48
"mrgn","truth","edge",300,"all","M3","T1 - T2 Edge Present",1
"mrgn","truth","edge",300,"all","M4","T1 - T2 Edge Present",46
"mrgn","truth","edge",300,"all","M0","Other",6
"mrgn","truth","edge",300,"all","M1","Other",6
"mrgn","truth","edge",300,"all","M2","Other",10
"mrgn","truth","edge",300,"all","M3","Other",12
"mrgn","truth","edge",300,"all","M4","Other",10
"mrgn","truth","model",300,"small","M0","M0",14
"mrgn","truth","model",300,"small","M1","M0",3
"mrgn","truth","model",300,"small","M2","M0",2
"mrgn","truth","model",300,"small","M3","M0",2
"mrgn","truth","model",300,"small","M4","M0",1
"mrgn","truth","model",300,"small","M0","M1",1
"mrgn","truth","model",300,"small","M1","M1",11
"mrgn","truth","model",300,"small","M2","M1",8
"mrgn","truth","model",300,"small","M3","M1",0
"mrgn","truth","model",300,"small","M4","M1",3
"mrgn","truth","model",300,"small","M0","M2",0
"mrgn","truth","model",300,"small","M1","M2",0
"mrgn","truth","model",300,"small","M2","M2",0
"mrgn","truth","model",300,"small","M3","M2",0
"mrgn","truth","model",300,"small","M4","M2",2
"mrgn","truth","model",300,"small","M0","M3",0
"mrgn","truth","model",300,"small","M1","M3",0
"mrgn","truth","model",300,"small","M2","M3",0
"mrgn","truth","model",300,"small","M3","M3",7
"mrgn","truth","model",300,"small","M4","M3",3
"mrgn","truth","model",300,"small","M0","M4",0
"mrgn","truth","model",300,"small","M1","M4",0
"mrgn","truth","model",300,"small","M2","M4",0
"mrgn","truth","model",300,"small","M3","M4",0
"mrgn","truth","model",300,"small","M4","M4",1
"mrgn","truth","model",300,"small","M0","Other",5
"mrgn","truth","model",300,"small","M1","Other",6
"mrgn","truth","model",300,"small","M2","Other",10
"mrgn","truth","model",300,"small","M3","Other",11
"mrgn","truth","model",300,"small","M4","Other",10
"mrgn","truth","edge",300,"small","M0","T1 - T2 Edge Absent",14
"mrgn","truth","edge",300,"small","M1","T1 - T2 Edge Absent",3
"mrgn","truth","edge",300,"small","M2","T1 - T2 Edge Absent",2
"mrgn","truth","edge",300,"small","M3","T1 - T2 Edge Absent",9
"mrgn","truth","edge",300,"small","M4","T1 - T2 Edge Absent",4
"mrgn","truth","edge",300,"small","M0","T1 - T2 Edge Present",1
"mrgn","truth","edge",300,"small","M1","T1 - T2 Edge Present",11
"mrgn","truth","edge",300,"small","M2","T1 - T2 Edge Present",8
"mrgn","truth","edge",300,"small","M3","T1 - T2 Edge Present",0
"mrgn","truth","edge",300,"small","M4","T1 - T2 Edge Present",6
"mrgn","truth","edge",300,"small","M0","Other",5
"mrgn","truth","edge",300,"small","M1","Other",6
"mrgn","truth","edge",300,"small","M2","Other",10
"mrgn","truth","edge",300,"small","M3","Other",11
"mrgn","truth","edge",300,"small","M4","Other",10
"mrgn","truth","model",300,"medium","M0","M0",16
"mrgn","truth","model",300,"medium","M1","M0",0
"mrgn","truth","model",300,"medium","M2","M0",0
"mrgn","truth","model",300,"medium","M3","M0",1
"mrgn","truth","model",300,"medium","M4","M0",0
"mrgn","truth","model",300,"medium","M0","M1",1
"mrgn","truth","model",300,"medium","M1","M1",18
"mrgn","truth","model",300,"medium","M2","M1",11
"mrgn","truth","model",300,"medium","M3","M1",0
"mrgn","truth","model",300,"medium","M4","M1",3
"mrgn","truth","model",300,"medium","M0","M2",0
"mrgn","truth","model",300,"medium","M1","M2",0
"mrgn","truth","model",300,"medium","M2","M2",8
"mrgn","truth","model",300,"medium","M3","M2",0
"mrgn","truth","model",300,"medium","M4","M2",0
"mrgn","truth","model",300,"medium","M0","M3",2
"mrgn","truth","model",300,"medium","M1","M3",0
"mrgn","truth","model",300,"medium","M2","M3",0
"mrgn","truth","model",300,"medium","M3","M3",17
"mrgn","truth","model",300,"medium","M4","M3",0
"mrgn","truth","model",300,"medium","M0","M4",0
"mrgn","truth","model",300,"medium","M1","M4",2
"mrgn","truth","model",300,"medium","M2","M4",1
"mrgn","truth","model",300,"medium","M3","M4",1
"mrgn","truth","model",300,"medium","M4","M4",17
"mrgn","truth","model",300,"medium","M0","Other",1
"mrgn","truth","model",300,"medium","M1","Other",0
"mrgn","truth","model",300,"medium","M2","Other",0
"mrgn","truth","model",300,"medium","M3","Other",1
"mrgn","truth","model",300,"medium","M4","Other",0
"mrgn","truth","edge",300,"medium","M0","T1 - T2 Edge Absent",18
"mrgn","truth","edge",300,"medium","M1","T1 - T2 Edge Absent",0
"mrgn","truth","edge",300,"medium","M2","T1 - T2 Edge Absent",0
"mrgn","truth","edge",300,"medium","M3","T1 - T2 Edge Absent",18
"mrgn","truth","edge",300,"medium","M4","T1 - T2 Edge Absent",0
"mrgn","truth","edge",300,"medium","M0","T1 - T2 Edge Present",1
"mrgn","truth","edge",300,"medium","M1","T1 - T2 Edge Present",20
"mrgn","truth","edge",300,"medium","M2","T1 - T2 Edge Present",20
"mrgn","truth","edge",300,"medium","M3","T1 - T2 Edge Present",1
"mrgn","truth","edge",300,"medium","M4","T1 - T2 Edge Present",20
"mrgn","truth","edge",300,"medium","M0","Other",1
"mrgn","truth","edge",300,"medium","M1","Other",0
"mrgn","truth","edge",300,"medium","M2","Other",0
"mrgn","truth","edge",300,"medium","M3","Other",1
"mrgn","truth","edge",300,"medium","M4","Other",0
"mrgn","truth","model",300,"large","M0","M0",20
"mrgn","truth","model",300,"large","M1","M0",0
"mrgn","truth","model",300,"large","M2","M0",0
"mrgn","truth","model",300,"large","M3","M0",0
"mrgn","truth","model",300,"large","M4","M0",0
"mrgn","truth","model",300,"large","M0","M1",0
"mrgn","truth","model",300,"large","M1","M1",20
"mrgn","truth","model",300,"large","M2","M1",3
"mrgn","truth","model",300,"large","M3","M1",0
"mrgn","truth","model",300,"large","M4","M1",16
"mrgn","truth","model",300,"large","M0","M2",0
"mrgn","truth","model",300,"large","M1","M2",0
"mrgn","truth","model",300,"large","M2","M2",17
"mrgn","truth","model",300,"large","M3","M2",0
"mrgn","truth","model",300,"large","M4","M2",0
"mrgn","truth","model",300,"large","M0","M3",0
"mrgn","truth","model",300,"large","M1","M3",0
"mrgn","truth","model",300,"large","M2","M3",0
"mrgn","truth","model",300,"large","M3","M3",20
"mrgn","truth","model",300,"large","M4","M3",0
"mrgn","truth","model",300,"large","M0","M4",0
"mrgn","truth","model",300,"large","M1","M4",0
"mrgn","truth","model",300,"large","M2","M4",0
"mrgn","truth","model",300,"large","M3","M4",0
"mrgn","truth","model",300,"large","M4","M4",4
"mrgn","truth","model",300,"large","M0","Other",0
"mrgn","truth","model",300,"large","M1","Other",0
"mrgn","truth","model",300,"large","M2","Other",0
"mrgn","truth","model",300,"large","M3","Other",0
"mrgn","truth","model",300,"large","M4","Other",0
"mrgn","truth","edge",300,"large","M0","T1 - T2 Edge Absent",20
"mrgn","truth","edge",300,"large","M1","T1 - T2 Edge Absent",0
"mrgn","truth","edge",300,"large","M2","T1 - T2 Edge Absent",0
"mrgn","truth","edge",300,"large","M3","T1 - T2 Edge Absent",20
"mrgn","truth","edge",300,"large","M4","T1 - T2 Edge Absent",0
"mrgn","truth","edge",300,"large","M0","T1 - T2 Edge Present",0
"mrgn","truth","edge",300,"large","M1","T1 - T2 Edge Present",20
"mrgn","truth","edge",300,"large","M2","T1 - T2 Edge Present",20
"mrgn","truth","edge",300,"large","M3","T1 - T2 Edge Present",0
"mrgn","truth","edge",300,"large","M4","T1 - T2 Edge Present",20
"mrgn","truth","edge",300,"large","M0","Other",0
"mrgn","truth","edge",300,"large","M1","Other",0
"mrgn","truth","edge",300,"large","M2","Other",0
"mrgn","truth","edge",300,"large","M3","Other",0
"mrgn","truth","edge",300,"large","M4","Other",0
"mrgn","truth","model",670,"all","M0","M0",51
"mrgn","truth","model",670,"all","M1","M0",1
"mrgn","truth","model",670,"all","M2","M0",2
"mrgn","truth","model",670,"all","M3","M0",3
"mrgn","truth","model",670,"all","M4","M0",0
"mrgn","truth","model",670,"all","M0","M1",2
"mrgn","truth","model",670,"all","M1","M1",53
"mrgn","truth","model",670,"all","M2","M1",15
"mrgn","truth","model",670,"all","M3","M1",0
"mrgn","truth","model",670,"all","M4","M1",15
"mrgn","truth","model",670,"all","M0","M2",0
"mrgn","truth","model",670,"all","M1","M2",0
"mrgn","truth","model",670,"all","M2","M2",37
"mrgn","truth","model",670,"all","M3","M2",2
"mrgn","truth","model",670,"all","M4","M2",2
"mrgn","truth","model",670,"all","M0","M3",0
"mrgn","truth","model",670,"all","M1","M3",0
"mrgn","truth","model",670,"all","M2","M3",0
"mrgn","truth","model",670,"all","M3","M3",49
"mrgn","truth","model",670,"all","M4","M3",2
"mrgn","truth","model",670,"all","M0","M4",0
"mrgn","truth","model",670,"all","M1","M4",0
"mrgn","truth","model",670,"all","M2","M4",0
"mrgn","truth","model",670,"all","M3","M4",2
"mrgn","truth","model",670,"all","M4","M4",36
"mrgn","truth","model",670,"all","M0","Other",7
"mrgn","truth","model",670,"all","M1","Other",6
"mrgn","truth","model",670,"all","M2","Other",6
"mrgn","truth","model",670,"all","M3","Other",4
"mrgn","truth","model",670,"all","M4","Other",5
"mrgn","truth","edge",670,"all","M0","T1 - T2 Edge Absent",51
"mrgn","truth","edge",670,"all","M1","T1 - T2 Edge Absent",1
"mrgn","truth","edge",670,"all","M2","T1 - T2 Edge Absent",2
"mrgn","truth","edge",670,"all","M3","T1 - T2 Edge Absent",52
"mrgn","truth","edge",670,"all","M4","T1 - T2 Edge Absent",2
"mrgn","truth","edge",670,"all","M0","T1 - T2 Edge Present",2
"mrgn","truth","edge",670,"all","M1","T1 - T2 Edge Present",53
"mrgn","truth","edge",670,"all","M2","T1 - T2 Edge Present",52
"mrgn","truth","edge",670,"all","M3","T1 - T2 Edge Present",4
"mrgn","truth","edge",670,"all","M4","T1 - T2 Edge Present",53
"mrgn","truth","edge",670,"all","M0","Other",7
"mrgn","truth","edge",670,"all","M1","Other",6
"mrgn","truth","edge",670,"all","M2","Other",6
"mrgn","truth","edge",670,"all","M3","Other",4
"mrgn","truth","edge",670,"all","M4","Other",5
"mrgn","truth","model",670,"small","M0","M0",13
"mrgn","truth","model",670,"small","M1","M0",1
"mrgn","truth","model",670,"small","M2","M0",2
"mrgn","truth","model",670,"small","M3","M0",3
"mrgn","truth","model",670,"small","M4","M0",0
"mrgn","truth","model",670,"small","M0","M1",1
"mrgn","truth","model",670,"small","M1","M1",13
"mrgn","truth","model",670,"small","M2","M1",12
"mrgn","truth","model",670,"small","M3","M1",0
"mrgn","truth","model",670,"small","M4","M1",2
"mrgn","truth","model",670,"small","M0","M2",0
"mrgn","truth","model",670,"small","M1","M2",0
"mrgn","truth","model",670,"small","M2","M2",0
"mrgn","truth","model",670,"small","M3","M2",1
"mrgn","truth","model",670,"small","M4","M2",2
"mrgn","truth","model",670,"small","M0","M3",0
"mrgn","truth","model",670,"small","M1","M3",0
"mrgn","truth","model",670,"small","M2","M3",0
"mrgn","truth","model",670,"small","M3","M3",12
"mrgn","truth","model",670,"small","M4","M3",2
"mrgn","truth","model",670,"small","M0","M4",0
"mrgn","truth","model",670,"small","M1","M4",0
"mrgn","truth","model",670,"small","M2","M4",0
"mrgn","truth","model",670,"small","M3","M4",0
"mrgn","truth","model",670,"small","M4","M4",9
"mrgn","truth","model",670,"small","M0","Other",6
"mrgn","truth","model",670,"small","M1","Other",6
"mrgn","truth","model",670,"small","M2","Other",6
"mrgn","truth","model",670,"small","M3","Other",4
"mrgn","truth","model",670,"small","M4","Other",5
"mrgn","truth","edge",670,"small","M0","T1 - T2 Edge Absent",13
"mrgn","truth","edge",670,"small","M1","T1 - T2 Edge Absent",1
"mrgn","truth","edge",670,"small","M2","T1 - T2 Edge Absent",2
"mrgn","truth","edge",670,"small","M3","T1 - T2 Edge Absent",15
"mrgn","truth","edge",670,"small","M4","T1 - T2 Edge Absent",2
"mrgn","truth","edge",670,"small","M0","T1 - T2 Edge Present",1
"mrgn","truth","edge",670,"small","M1","T1 - T2 Edge Present",13
"mrgn","truth","edge",670,"small","M2","T1 - T2 Edge Present",12
"mrgn","truth","edge",670,"small","M3","T1 - T2 Edge Present",1
"mrgn","truth","edge",670,"small","M4","T1 - T2 Edge Present",13
"mrgn","truth","edge",670,"small","M0","Other",6
"mrgn","truth","edge",670,"small","M1","Other",6
"mrgn","truth","edge",670,"small","M2","Other",6
"mrgn","truth","edge",670,"small","M3","Other",4
"mrgn","truth","edge",670,"small","M4","Other",5
"mrgn","truth","model",670,"medium","M0","M0",18
"mrgn","truth","model",670,"medium","M1","M0",0
"mrgn","truth","model",670,"medium","M2","M0",0
"mrgn","truth","model",670,"medium","M3","M0",0
"mrgn","truth","model",670,"medium","M4","M0",0
"mrgn","truth","model",670,"medium","M0","M1",1
"mrgn","truth","model",670,"medium","M1","M1",20
"mrgn","truth","model",670,"medium","M2","M1",2
"mrgn","truth","model",670,"medium","M3","M1",0
"mrgn","truth","model",670,"medium","M4","M1",2
"mrgn","truth","model",670,"medium","M0","M2",0
"mrgn","truth","model",670,"medium","M1","M2",0
"mrgn","truth","model",670,"medium","M2","M2",18
"mrgn","truth","model",670,"medium","M3","M2",1
"mrgn","truth","model",670,"medium","M4","M2",0
"mrgn","truth","model",670,"medium","M0","M3",0
"mrgn","truth","model",670,"medium","M1","M3",0
"mrgn","truth","model",670,"medium","M2","M3",0
"mrgn","truth","model",670,"medium","M3","M3",18
"mrgn","truth","model",670,"medium","M4","M3",0
"mrgn","truth","model",670,"medium","M0","M4",0
"mrgn","truth","model",670,"medium","M1","M4",0
"mrgn","truth","model",670,"medium","M2","M4",0
"mrgn","truth","model",670,"medium","M3","M4",1
"mrgn","truth","model",670,"medium","M4","M4",18
"mrgn","truth","model",670,"medium","M0","Other",1
"mrgn","truth","model",670,"medium","M1","Other",0
"mrgn","truth","model",670,"medium","M2","Other",0
"mrgn","truth","model",670,"medium","M3","Other",0
"mrgn","truth","model",670,"medium","M4","Other",0
"mrgn","truth","edge",670,"medium","M0","T1 - T2 Edge Absent",18
"mrgn","truth","edge",670,"medium","M1","T1 - T2 Edge Absent",0
"mrgn","truth","edge",670,"medium","M2","T1 - T2 Edge Absent",0
"mrgn","truth","edge",670,"medium","M3","T1 - T2 Edge Absent",18
"mrgn","truth","edge",670,"medium","M4","T1 - T2 Edge Absent",0
"mrgn","truth","edge",670,"medium","M0","T1 - T2 Edge Present",1
"mrgn","truth","edge",670,"medium","M1","T1 - T2 Edge Present",20
"mrgn","truth","edge",670,"medium","M2","T1 - T2 Edge Present",20
"mrgn","truth","edge",670,"medium","M3","T1 - T2 Edge Present",2
"mrgn","truth","edge",670,"medium","M4","T1 - T2 Edge Present",20
"mrgn","truth","edge",670,"medium","M0","Other",1
"mrgn","truth","edge",670,"medium","M1","Other",0
"mrgn","truth","edge",670,"medium","M2","Other",0
"mrgn","truth","edge",670,"medium","M3","Other",0
"mrgn","truth","edge",670,"medium","M4","Other",0
"mrgn","truth","model",670,"large","M0","M0",20
"mrgn","truth","model",670,"large","M1","M0",0
"mrgn","truth","model",670,"large","M2","M0",0
"mrgn","truth","model",670,"large","M3","M0",0
"mrgn","truth","model",670,"large","M4","M0",0
"mrgn","truth","model",670,"large","M0","M1",0
"mrgn","truth","model",670,"large","M1","M1",20
"mrgn","truth","model",670,"large","M2","M1",1
"mrgn","truth","model",670,"large","M3","M1",0
"mrgn","truth","model",670,"large","M4","M1",11
"mrgn","truth","model",670,"large","M0","M2",0
"mrgn","truth","model",670,"large","M1","M2",0
"mrgn","truth","model",670,"large","M2","M2",19
"mrgn","truth","model",670,"large","M3","M2",0
"mrgn","truth","model",670,"large","M4","M2",0
"mrgn","truth","model",670,"large","M0","M3",0
"mrgn","truth","model",670,"large","M1","M3",0
"mrgn","truth","model",670,"large","M2","M3",0
"mrgn","truth","model",670,"large","M3","M3",19
"mrgn","truth","model",670,"large","M4","M3",0
"mrgn","truth","model",670,"large","M0","M4",0
"mrgn","truth","model",670,"large","M1","M4",0
"mrgn","truth","model",670,"large","M2","M4",0
"mrgn","truth","model",670,"large","M3","M4",1
"mrgn","truth","model",670,"large","M4","M4",9
"mrgn","truth","model",670,"large","M0","Other",0
"mrgn","truth","model",670,"large","M1","Other",0
"mrgn","truth","model",670,"large","M2","Other",0
"mrgn","truth","model",670,"large","M3","Other",0
"mrgn","truth","model",670,"large","M4","Other",0
"mrgn","truth","edge",670,"large","M0","T1 - T2 Edge Absent",20
"mrgn","truth","edge",670,"large","M1","T1 - T2 Edge Absent",0
"mrgn","truth","edge",670,"large","M2","T1 - T2 Edge Absent",0
"mrgn","truth","edge",670,"large","M3","T1 - T2 Edge Absent",19
"mrgn","truth","edge",670,"large","M4","T1 - T2 Edge Absent",0
"mrgn","truth","edge",670,"large","M0","T1 - T2 Edge Present",0
"mrgn","truth","edge",670,"large","M1","T1 - T2 Edge Present",20
"mrgn","truth","edge",670,"large","M2","T1 - T2 Edge Present",20
"mrgn","truth","edge",670,"large","M3","T1 - T2 Edge Present",1
"mrgn","truth","edge",670,"large","M4","T1 - T2 Edge Present",20
"mrgn","truth","edge",670,"large","M0","Other",0
"mrgn","truth","edge",670,"large","M1","Other",0
"mrgn","truth","edge",670,"large","M2","Other",0
"mrgn","truth","edge",670,"large","M3","Other",0
"mrgn","truth","edge",670,"large","M4","Other",0
"mrgn","truth","model",1000,"all","M0","M0",51
"mrgn","truth","model",1000,"all","M1","M0",1
"mrgn","truth","model",1000,"all","M2","M0",1
"mrgn","truth","model",1000,"all","M3","M0",2
"mrgn","truth","model",1000,"all","M4","M0",1
"mrgn","truth","model",1000,"all","M0","M1",4
"mrgn","truth","model",1000,"all","M1","M1",55
"mrgn","truth","model",1000,"all","M2","M1",19
"mrgn","truth","model",1000,"all","M3","M1",0
"mrgn","truth","model",1000,"all","M4","M1",9
"mrgn","truth","model",1000,"all","M0","M2",0
"mrgn","truth","model",1000,"all","M1","M2",0
"mrgn","truth","model",1000,"all","M2","M2",35
"mrgn","truth","model",1000,"all","M3","M2",1
"mrgn","truth","model",1000,"all","M4","M2",1
"mrgn","truth","model",1000,"all","M0","M3",1
"mrgn","truth","model",1000,"all","M1","M3",0
"mrgn","truth","model",1000,"all","M2","M3",0
"mrgn","truth","model",1000,"all","M3","M3",51
"mrgn","truth","model",1000,"all","M4","M3",0
"mrgn","truth","model",1000,"all","M0","M4",0
"mrgn","truth","model",1000,"all","M1","M4",0
"mrgn","truth","model",1000,"all","M2","M4",0
"mrgn","truth","model",1000,"all","M3","M4",2
"mrgn","truth","model",1000,"all","M4","M4",46
"mrgn","truth","model",1000,"all","M0","Other",4
"mrgn","truth","model",1000,"all","M1","Other",4
"mrgn","truth","model",1000,"all","M2","Other",5
"mrgn","truth","model",1000,"all","M3","Other",4
"mrgn","truth","model",1000,"all","M4","Other",3
"mrgn","truth","edge",1000,"all","M0","T1 - T2 Edge Absent",52
"mrgn","truth","edge",1000,"all","M1","T1 - T2 Edge Absent",1
"mrgn","truth","edge",1000,"all","M2","T1 - T2 Edge Absent",1
"mrgn","truth","edge",1000,"all","M3","T1 - T2 Edge Absent",53
"mrgn","truth","edge",1000,"all","M4","T1 - T2 Edge Absent",1
"mrgn","truth","edge",1000,"all","M0","T1 - T2 Edge Present",4
"mrgn","truth","edge",1000,"all","M1","T1 - T2 Edge Present",55
"mrgn","truth","edge",1000,"all","M2","T1 - T2 Edge Present",54
"mrgn","truth","edge",1000,"all","M3","T1 - T2 Edge Present",3
"mrgn","truth","edge",1000,"all","M4","T1 - T2 Edge Present",56
"mrgn","truth","edge",1000,"all","M0","Other",4
"mrgn","truth","edge",1000,"all","M1","Other",4
"mrgn","truth","edge",1000,"all","M2","Other",5
"mrgn","truth","edge",1000,"all","M3","Other",4
"mrgn","truth","edge",1000,"all","M4","Other",3
"mrgn","truth","model",1000,"small","M0","M0",16
"mrgn","truth","model",1000,"small","M1","M0",1
"mrgn","truth","model",1000,"small","M2","M0",1
"mrgn","truth","model",1000,"small","M3","M0",1
"mrgn","truth","model",1000,"small","M4","M0",1
"mrgn","truth","model",1000,"small","M0","M1",0
"mrgn","truth","model",1000,"small","M1","M1",15
"mrgn","truth","model",1000,"small","M2","M1",13
"mrgn","truth","model",1000,"small","M3","M1",0
"mrgn","truth","model",1000,"small","M4","M1",3
"mrgn","truth","model",1000,"small","M0","M2",0
"mrgn","truth","model",1000,"small","M1","M2",0
"mrgn","truth","model",1000,"small","M2","M2",1
"mrgn","truth","model",1000,"small","M3","M2",1
"mrgn","truth","model",1000,"small","M4","M2",1
"mrgn","truth","model",1000,"small","M0","M3",0
"mrgn","truth","model",1000,"small","M1","M3",0
"mrgn","truth","model",1000,"small","M2","M3",0
"mrgn","truth","model",1000,"small","M3","M3",14
"mrgn","truth","model",1000,"small","M4","M3",0
"mrgn","truth","model",1000,"small","M0","M4",0
"mrgn","truth","model",1000,"small","M1","M4",0
"mrgn","truth","model",1000,"small","M2","M4",0
"mrgn","truth","model",1000,"small","M3","M4",1
"mrgn","truth","model",1000,"small","M4","M4",12
"mrgn","truth","model",1000,"small","M0","Other",4
"mrgn","truth","model",1000,"small","M1","Other",4
"mrgn","truth","model",1000,"small","M2","Other",5
"mrgn","truth","model",1000,"small","M3","Other",3
"mrgn","truth","model",1000,"small","M4","Other",3
"mrgn","truth","edge",1000,"small","M0","T1 - T2 Edge Absent",16
"mrgn","truth","edge",1000,"small","M1","T1 - T2 Edge Absent",1
"mrgn","truth","edge",1000,"small","M2","T1 - T2 Edge Absent",1
"mrgn","truth","edge",1000,"small","M3","T1 - T2 Edge Absent",15
"mrgn","truth","edge",1000,"small","M4","T1 - T2 Edge Absent",1
"mrgn","truth","edge",1000,"small","M0","T1 - T2 Edge Present",0
"mrgn","truth","edge",1000,"small","M1","T1 - T2 Edge Present",15
"mrgn","truth","edge",1000,"small","M2","T1 - T2 Edge Present",14
"mrgn","truth","edge",1000,"small","M3","T1 - T2 Edge Present",2
"mrgn","truth","edge",1000,"small","M4","T1 - T2 Edge Present",16
"mrgn","truth","edge",1000,"small","M0","Other",4
"mrgn","truth","edge",1000,"small","M1","Other",4
"mrgn","truth","edge",1000,"small","M2","Other",5
"mrgn","truth","edge",1000,"small","M3","Other",3
"mrgn","truth","edge",1000,"small","M4","Other",3
"mrgn","truth","model",1000,"medium","M0","M0",18
"mrgn","truth","model",1000,"medium","M1","M0",0
"mrgn","truth","model",1000,"medium","M2","M0",0
"mrgn","truth","model",1000,"medium","M3","M0",1
"mrgn","truth","model",1000,"medium","M4","M0",0
"mrgn","truth","model",1000,"medium","M0","M1",2
"mrgn","truth","model",1000,"medium","M1","M1",20
"mrgn","truth","model",1000,"medium","M2","M1",6
"mrgn","truth","model",1000,"medium","M3","M1",0
"mrgn","truth","model",1000,"medium","M4","M1",1
"mrgn","truth","model",1000,"medium","M0","M2",0
"mrgn","truth","model",1000,"medium","M1","M2",0
"mrgn","truth","model",1000,"medium","M2","M2",14
"mrgn","truth","model",1000,"medium","M3","M2",0
"mrgn","truth","model",1000,"medium","M4","M2",0
"mrgn","truth","model",1000,"medium","M0","M3",0
"mrgn","truth","model",1000,"medium","M1","M3",0
"mrgn","truth","model",1000,"medium","M2","M3",0
"mrgn","truth","model",1000,"medium","M3","M3",18
"mrgn","truth","model",1000,"medium","M4","M3",0
"mrgn","truth","model",1000,"medium","M0","M4",0
"mrgn","truth","model",1000,"medium","M1","M4",0
"mrgn","truth","model",1000,"medium","M2","M4",0
"mrgn","truth","model",1000,"medium","M3","M4",0
"mrgn","truth","model",1000,"medium","M4","M4",19
"mrgn","truth","model",1000,"medium","M0","Other",0
"mrgn","truth","model",1000,"medium","M1","Other",0
"mrgn","truth","model",1000,"medium","M2","Other",0
"mrgn","truth","model",1000,"medium","M3","Other",1
"mrgn","truth","model",1000,"medium","M4","Other",0
"mrgn","truth","edge",1000,"medium","M0","T1 - T2 Edge Absent",18
"mrgn","truth","edge",1000,"medium","M1","T1 - T2 Edge Absent",0
"mrgn","truth","edge",1000,"medium","M2","T1 - T2 Edge Absent",0
"mrgn","truth","edge",1000,"medium","M3","T1 - T2 Edge Absent",19
"mrgn","truth","edge",1000,"medium","M4","T1 - T2 Edge Absent",0
"mrgn","truth","edge",1000,"medium","M0","T1 - T2 Edge Present",2
"mrgn","truth","edge",1000,"medium","M1","T1 - T2 Edge Present",20
"mrgn","truth","edge",1000,"medium","M2","T1 - T2 Edge Present",20
"mrgn","truth","edge",1000,"medium","M3","T1 - T2 Edge Present",0
"mrgn","truth","edge",1000,"medium","M4","T1 - T2 Edge Present",20
"mrgn","truth","edge",1000,"medium","M0","Other",0
"mrgn","truth","edge",1000,"medium","M1","Other",0
"mrgn","truth","edge",1000,"medium","M2","Other",0
"mrgn","truth","edge",1000,"medium","M3","Other",1
"mrgn","truth","edge",1000,"medium","M4","Other",0
"mrgn","truth","model",1000,"large","M0","M0",17
"mrgn","truth","model",1000,"large","M1","M0",0
"mrgn","truth","model",1000,"large","M2","M0",0
"mrgn","truth","model",1000,"large","M3","M0",0
"mrgn","truth","model",1000,"large","M4","M0",0
"mrgn","truth","model",1000,"large","M0","M1",2
"mrgn","truth","model",1000,"large","M1","M1",20
"mrgn","truth","model",1000,"large","M2","M1",0
"mrgn","truth","model",1000,"large","M3","M1",0
"mrgn","truth","model",1000,"large","M4","M1",5
"mrgn","truth","model",1000,"large","M0","M2",0
"mrgn","truth","model",1000,"large","M1","M2",0
"mrgn","truth","model",1000,"large","M2","M2",20
"mrgn","truth","model",1000,"large","M3","M2",0
"mrgn","truth","model",1000,"large","M4","M2",0
"mrgn","truth","model",1000,"large","M0","M3",1
"mrgn","truth","model",1000,"large","M1","M3",0
"mrgn","truth","model",1000,"large","M2","M3",0
"mrgn","truth","model",1000,"large","M3","M3",19
"mrgn","truth","model",1000,"large","M4","M3",0
"mrgn","truth","model",1000,"large","M0","M4",0
"mrgn","truth","model",1000,"large","M1","M4",0
"mrgn","truth","model",1000,"large","M2","M4",0
"mrgn","truth","model",1000,"large","M3","M4",1
"mrgn","truth","model",1000,"large","M4","M4",15
"mrgn","truth","model",1000,"large","M0","Other",0
"mrgn","truth","model",1000,"large","M1","Other",0
"mrgn","truth","model",1000,"large","M2","Other",0
"mrgn","truth","model",1000,"large","M3","Other",0
"mrgn","truth","model",1000,"large","M4","Other",0
"mrgn","truth","edge",1000,"large","M0","T1 - T2 Edge Absent",18
"mrgn","truth","edge",1000,"large","M1","T1 - T2 Edge Absent",0
"mrgn","truth","edge",1000,"large","M2","T1 - T2 Edge Absent",0
"mrgn","truth","edge",1000,"large","M3","T1 - T2 Edge Absent",19
"mrgn","truth","edge",1000,"large","M4","T1 - T2 Edge Absent",0
"mrgn","truth","edge",1000,"large","M0","T1 - T2 Edge Present",2
"mrgn","truth","edge",1000,"large","M1","T1 - T2 Edge Present",20
"mrgn","truth","edge",1000,"large","M2","T1 - T2 Edge Present",20
"mrgn","truth","edge",1000,"large","M3","T1 - T2 Edge Present",1
"mrgn","truth","edge",1000,"large","M4","T1 - T2 Edge Present",20
"mrgn","truth","edge",1000,"large","M0","Other",0
"mrgn","truth","edge",1000,"large","M1","Other",0
"mrgn","truth","edge",1000,"large","M2","Other",0
"mrgn","truth","edge",1000,"large","M3","Other",0
"mrgn","truth","edge",1000,"large","M4","Other",0
"mrgn","CSq","model",50,"all","M0","M0",20
"mrgn","CSq","model",50,"all","M1","M0",9
"mrgn","CSq","model",50,"all","M2","M0",9
"mrgn","CSq","model",50,"all","M3","M0",7
"mrgn","CSq","model",50,"all","M4","M0",6
"mrgn","CSq","model",50,"all","M0","M1",1
"mrgn","CSq","model",50,"all","M1","M1",11
"mrgn","CSq","model",50,"all","M2","M1",11
"mrgn","CSq","model",50,"all","M3","M1",3
"mrgn","CSq","model",50,"all","M4","M1",9
"mrgn","CSq","model",50,"all","M0","M2",1
"mrgn","CSq","model",50,"all","M1","M2",0
"mrgn","CSq","model",50,"all","M2","M2",4
"mrgn","CSq","model",50,"all","M3","M2",1
"mrgn","CSq","model",50,"all","M4","M2",0
"mrgn","CSq","model",50,"all","M0","M3",0
"mrgn","CSq","model",50,"all","M1","M3",0
"mrgn","CSq","model",50,"all","M2","M3",0
"mrgn","CSq","model",50,"all","M3","M3",9
"mrgn","CSq","model",50,"all","M4","M3",0
"mrgn","CSq","model",50,"all","M0","M4",0
"mrgn","CSq","model",50,"all","M1","M4",0
"mrgn","CSq","model",50,"all","M2","M4",0
"mrgn","CSq","model",50,"all","M3","M4",2
"mrgn","CSq","model",50,"all","M4","M4",0
"mrgn","CSq","model",50,"all","M0","Other",38
"mrgn","CSq","model",50,"all","M1","Other",40
"mrgn","CSq","model",50,"all","M2","Other",36
"mrgn","CSq","model",50,"all","M3","Other",38
"mrgn","CSq","model",50,"all","M4","Other",45
"mrgn","CSq","edge",50,"all","M0","T1 - T2 Edge Absent",20
"mrgn","CSq","edge",50,"all","M1","T1 - T2 Edge Absent",9
"mrgn","CSq","edge",50,"all","M2","T1 - T2 Edge Absent",9
"mrgn","CSq","edge",50,"all","M3","T1 - T2 Edge Absent",16
"mrgn","CSq","edge",50,"all","M4","T1 - T2 Edge Absent",6
"mrgn","CSq","edge",50,"all","M0","T1 - T2 Edge Present",2
"mrgn","CSq","edge",50,"all","M1","T1 - T2 Edge Present",11
"mrgn","CSq","edge",50,"all","M2","T1 - T2 Edge Present",15
"mrgn","CSq","edge",50,"all","M3","T1 - T2 Edge Present",6
"mrgn","CSq","edge",50,"all","M4","T1 - T2 Edge Present",9
"mrgn","CSq","edge",50,"all","M0","Other",38
"mrgn","CSq","edge",50,"all","M1","Other",40
"mrgn","CSq","edge",50,"all","M2","Other",36
"mrgn","CSq","edge",50,"all","M3","Other",38
"mrgn","CSq","edge",50,"all","M4","Other",45
"mrgn","CSq","model",50,"small","M0","M0",1
"mrgn","CSq","model",50,"small","M1","M0",0
"mrgn","CSq","model",50,"small","M2","M0",0
"mrgn","CSq","model",50,"small","M3","M0",0
"mrgn","CSq","model",50,"small","M4","M0",2
"mrgn","CSq","model",50,"small","M0","M1",0
"mrgn","CSq","model",50,"small","M1","M1",0
"mrgn","CSq","model",50,"small","M2","M1",0
"mrgn","CSq","model",50,"small","M3","M1",1
"mrgn","CSq","model",50,"small","M4","M1",0
"mrgn","CSq","model",50,"small","M0","M2",0
"mrgn","CSq","model",50,"small","M1","M2",0
"mrgn","CSq","model",50,"small","M2","M2",0
"mrgn","CSq","model",50,"small","M3","M2",0
"mrgn","CSq","model",50,"small","M4","M2",0
"mrgn","CSq","model",50,"small","M0","M3",0
"mrgn","CSq","model",50,"small","M1","M3",0
"mrgn","CSq","model",50,"small","M2","M3",0
"mrgn","CSq","model",50,"small","M3","M3",0
"mrgn","CSq","model",50,"small","M4","M3",0
"mrgn","CSq","model",50,"small","M0","M4",0
"mrgn","CSq","model",50,"small","M1","M4",0
"mrgn","CSq","model",50,"small","M2","M4",0
"mrgn","CSq","model",50,"small","M3","M4",0
"mrgn","CSq","model",50,"small","M4","M4",0
"mrgn","CSq","model",50,"small","M0","Other",19
"mrgn","CSq","model",50,"small","M1","Other",20
"mrgn","CSq","model",50,"small","M2","Other",20
"mrgn","CSq","model",50,"small","M3","Other",19
"mrgn","CSq","model",50,"small","M4","Other",18
"mrgn","CSq","edge",50,"small","M0","T1 - T2 Edge Absent",1
"mrgn","CSq","edge",50,"small","M1","T1 - T2 Edge Absent",0
"mrgn","CSq","edge",50,"small","M2","T1 - T2 Edge Absent",0
"mrgn","CSq","edge",50,"small","M3","T1 - T2 Edge Absent",0
"mrgn","CSq","edge",50,"small","M4","T1 - T2 Edge Absent",2
"mrgn","CSq","edge",50,"small","M0","T1 - T2 Edge Present",0
"mrgn","CSq","edge",50,"small","M1","T1 - T2 Edge Present",0
"mrgn","CSq","edge",50,"small","M2","T1 - T2 Edge Present",0
"mrgn","CSq","edge",50,"small","M3","T1 - T2 Edge Present",1
"mrgn","CSq","edge",50,"small","M4","T1 - T2 Edge Present",0
"mrgn","CSq","edge",50,"small","M0","Other",19
"mrgn","CSq","edge",50,"small","M1","Other",20
"mrgn","CSq","edge",50,"small","M2","Other",20
"mrgn","CSq","edge",50,"small","M3","Other",19
"mrgn","CSq","edge",50,"small","M4","Other",18
"mrgn","CSq","model",50,"medium","M0","M0",6
"mrgn","CSq","model",50,"medium","M1","M0",7
"mrgn","CSq","model",50,"medium","M2","M0",6
"mrgn","CSq","model",50,"medium","M3","M0",4
"mrgn","CSq","model",50,"medium","M4","M0",2
"mrgn","CSq","model",50,"medium","M0","M1",0
"mrgn","CSq","model",50,"medium","M1","M1",2
"mrgn","CSq","model",50,"medium","M2","M1",5
"mrgn","CSq","model",50,"medium","M3","M1",0
"mrgn","CSq","model",50,"medium","M4","M1",2
"mrgn","CSq","model",50,"medium","M0","M2",0
"mrgn","CSq","model",50,"medium","M1","M2",0
"mrgn","CSq","model",50,"medium","M2","M2",0
"mrgn","CSq","model",50,"medium","M3","M2",1
"mrgn","CSq","model",50,"medium","M4","M2",0
"mrgn","CSq","model",50,"medium","M0","M3",0
"mrgn","CSq","model",50,"medium","M1","M3",0
"mrgn","CSq","model",50,"medium","M2","M3",0
"mrgn","CSq","model",50,"medium","M3","M3",1
"mrgn","CSq","model",50,"medium","M4","M3",0
"mrgn","CSq","model",50,"medium","M0","M4",0
"mrgn","CSq","model",50,"medium","M1","M4",0
"mrgn","CSq","model",50,"medium","M2","M4",0
"mrgn","CSq","model",50,"medium","M3","M4",1
"mrgn","CSq","model",50,"medium","M4","M4",0
"mrgn","CSq","model",50,"medium","M0","Other",14
"mrgn","CSq","model",50,"medium","M1","Other",11
"mrgn","CSq","model",50,"medium","M2","Other",9
"mrgn","CSq","model",50,"medium","M3","Other",13
"mrgn","CSq","model",50,"medium","M4","Other",16
"mrgn","CSq","edge",50,"medium","M0","T1 - T2 Edge Absent",6
"mrgn","CSq","edge",50,"medium","M1","T1 - T2 Edge Absent",7
"mrgn","CSq","edge",50,"medium","M2","T1 - T2 Edge Absent",6
"mrgn","CSq","edge",50,"medium","M3","T1 - T2 Edge Absent",5
"mrgn","CSq","edge",50,"medium","M4","T1 - T2 Edge Absent",2
"mrgn","CSq","edge",50,"medium","M0","T1 - T2 Edge Present",0
"mrgn","CSq","edge",50,"medium","M1","T1 - T2 Edge Present",2
"mrgn","CSq","edge",50,"medium","M2","T1 - T2 Edge Present",5
"mrgn","CSq","edge",50,"medium","M3","T1 - T2 Edge Present",2
"mrgn","CSq","edge",50,"medium","M4","T1 - T2 Edge Present",2
"mrgn","CSq","edge",50,"medium","M0","Other",14
"mrgn","CSq","edge",50,"medium","M1","Other",11
"mrgn","CSq","edge",50,"medium","M2","Other",9
"mrgn","CSq","edge",50,"medium","M3","Other",13
"mrgn","CSq","edge",50,"medium","M4","Other",16
"mrgn","CSq","model",50,"large","M0","M0",13
"mrgn","CSq","model",50,"large","M1","M0",2
"mrgn","CSq","model",50,"large","M2","M0",3
"mrgn","CSq","model",50,"large","M3","M0",3
"mrgn","CSq","model",50,"large","M4","M0",2
"mrgn","CSq","model",50,"large","M0","M1",1
"mrgn","CSq","model",50,"large","M1","M1",9
"mrgn","CSq","model",50,"large","M2","M1",6
"mrgn","CSq","model",50,"large","M3","M1",2
"mrgn","CSq","model",50,"large","M4","M1",7
"mrgn","CSq","model",50,"large","M0","M2",1
"mrgn","CSq","model",50,"large","M1","M2",0
"mrgn","CSq","model",50,"large","M2","M2",4
"mrgn","CSq","model",50,"large","M3","M2",0
"mrgn","CSq","model",50,"large","M4","M2",0
"mrgn","CSq","model",50,"large","M0","M3",0
"mrgn","CSq","model",50,"large","M1","M3",0
"mrgn","CSq","model",50,"large","M2","M3",0
"mrgn","CSq","model",50,"large","M3","M3",8
"mrgn","CSq","model",50,"large","M4","M3",0
"mrgn","CSq","model",50,"large","M0","M4",0
"mrgn","CSq","model",50,"large","M1","M4",0
"mrgn","CSq","model",50,"large","M2","M4",0
"mrgn","CSq","model",50,"large","M3","M4",1
"mrgn","CSq","model",50,"large","M4","M4",0
"mrgn","CSq","model",50,"large","M0","Other",5
"mrgn","CSq","model",50,"large","M1","Other",9
"mrgn","CSq","model",50,"large","M2","Other",7
"mrgn","CSq","model",50,"large","M3","Other",6
"mrgn","CSq","model",50,"large","M4","Other",11
"mrgn","CSq","edge",50,"large","M0","T1 - T2 Edge Absent",13
"mrgn","CSq","edge",50,"large","M1","T1 - T2 Edge Absent",2
"mrgn","CSq","edge",50,"large","M2","T1 - T2 Edge Absent",3
"mrgn","CSq","edge",50,"large","M3","T1 - T2 Edge Absent",11
"mrgn","CSq","edge",50,"large","M4","T1 - T2 Edge Absent",2
"mrgn","CSq","edge",50,"large","M0","T1 - T2 Edge Present",2
"mrgn","CSq","edge",50,"large","M1","T1 - T2 Edge Present",9
"mrgn","CSq","edge",50,"large","M2","T1 - T2 Edge Present",10
"mrgn","CSq","edge",50,"large","M3","T1 - T2 Edge Present",3
"mrgn","CSq","edge",50,"large","M4","T1 - T2 Edge Present",7
"mrgn","CSq","edge",50,"large","M0","Other",5
"mrgn","CSq","edge",50,"large","M1","Other",9
"mrgn","CSq","edge",50,"large","M2","Other",7
"mrgn","CSq","edge",50,"large","M3","Other",6
"mrgn","CSq","edge",50,"large","M4","Other",11
"mrgn","CSq","model",150,"all","M0","M0",18
"mrgn","CSq","model",150,"all","M1","M0",7
"mrgn","CSq","model",150,"all","M2","M0",6
"mrgn","CSq","model",150,"all","M3","M0",1
"mrgn","CSq","model",150,"all","M4","M0",4
"mrgn","CSq","model",150,"all","M0","M1",20
"mrgn","CSq","model",150,"all","M1","M1",19
"mrgn","CSq","model",150,"all","M2","M1",17
"mrgn","CSq","model",150,"all","M3","M1",6
"mrgn","CSq","model",150,"all","M4","M1",28
"mrgn","CSq","model",150,"all","M0","M2",0
"mrgn","CSq","model",150,"all","M1","M2",0
"mrgn","CSq","model",150,"all","M2","M2",11
"mrgn","CSq","model",150,"all","M3","M2",1
"mrgn","CSq","model",150,"all","M4","M2",0
"mrgn","CSq","model",150,"all","M0","M3",0
"mrgn","CSq","model",150,"all","M1","M3",0
"mrgn","CSq","model",150,"all","M2","M3",0
"mrgn","CSq","model",150,"all","M3","M3",16
"mrgn","CSq","model",150,"all","M4","M3",0
"mrgn","CSq","model",150,"all","M0","M4",0
"mrgn","CSq","model",150,"all","M1","M4",0
"mrgn","CSq","model",150,"all","M2","M4",0
"mrgn","CSq","model",150,"all","M3","M4",15
"mrgn","CSq","model",150,"all","M4","M4",4
"mrgn","CSq","model",150,"all","M0","Other",22
"mrgn","CSq","model",150,"all","M1","Other",34
"mrgn","CSq","model",150,"all","M2","Other",26
"mrgn","CSq","model",150,"all","M3","Other",21
"mrgn","CSq","model",150,"all","M4","Other",24
"mrgn","CSq","edge",150,"all","M0","T1 - T2 Edge Absent",18
"mrgn","CSq","edge",150,"all","M1","T1 - T2 Edge Absent",7
"mrgn","CSq","edge",150,"all","M2","T1 - T2 Edge Absent",6
"mrgn","CSq","edge",150,"all","M3","T1 - T2 Edge Absent",17
"mrgn","CSq","edge",150,"all","M4","T1 - T2 Edge Absent",4
"mrgn","CSq","edge",150,"all","M0","T1 - T2 Edge Present",20
"mrgn","CSq","edge",150,"all","M1","T1 - T2 Edge Present",19
"mrgn","CSq","edge",150,"all","M2","T1 - T2 Edge Present",28
"mrgn","CSq","edge",150,"all","M3","T1 - T2 Edge Present",22
"mrgn","CSq","edge",150,"all","M4","T1 - T2 Edge Present",32
"mrgn","CSq","edge",150,"all","M0","Other",22
"mrgn","CSq","edge",150,"all","M1","Other",34
"mrgn","CSq","edge",150,"all","M2","Other",26
"mrgn","CSq","edge",150,"all","M3","Other",21
"mrgn","CSq","edge",150,"all","M4","Other",24
"mrgn","CSq","model",150,"small","M0","M0",0
"mrgn","CSq","model",150,"small","M1","M0",1
"mrgn","CSq","model",150,"small","M2","M0",0
"mrgn","CSq","model",150,"small","M3","M0",0
"mrgn","CSq","model",150,"small","M4","M0",1
"mrgn","CSq","model",150,"small","M0","M1",1
"mrgn","CSq","model",150,"small","M1","M1",2
"mrgn","CSq","model",150,"small","M2","M1",1
"mrgn","CSq","model",150,"small","M3","M1",2
"mrgn","CSq","model",150,"small","M4","M1",1
"mrgn","CSq","model",150,"small","M0","M2",0
"mrgn","CSq","model",150,"small","M1","M2",0
"mrgn","CSq","model",150,"small","M2","M2",0
"mrgn","CSq","model",150,"small","M3","M2",1
"mrgn","CSq","model",150,"small","M4","M2",0
"mrgn","CSq","model",150,"small","M0","M3",0
"mrgn","CSq","model",150,"small","M1","M3",0
"mrgn","CSq","model",150,"small","M2","M3",0
"mrgn","CSq","model",150,"small","M3","M3",1
"mrgn","CSq","model",150,"small","M4","M3",0
"mrgn","CSq","model",150,"small","M0","M4",0
"mrgn","CSq","model",150,"small","M1","M4",0
"mrgn","CSq","model",150,"small","M2","M4",0
"mrgn","CSq","model",150,"small","M3","M4",0
"mrgn","CSq","model",150,"small","M4","M4",1
"mrgn","CSq","model",150,"small","M0","Other",19
"mrgn","CSq","model",150,"small","M1","Other",17
"mrgn","CSq","model",150,"small","M2","Other",19
"mrgn","CSq","model",150,"small","M3","Other",16
"mrgn","CSq","model",150,"small","M4","Other",17
"mrgn","CSq","edge",150,"small","M0","T1 - T2 Edge Absent",0
"mrgn","CSq","edge",150,"small","M1","T1 - T2 Edge Absent",1
"mrgn","CSq","edge",150,"small","M2","T1 - T2 Edge Absent",0
"mrgn","CSq","edge",150,"small","M3","T1 - T2 Edge Absent",1
"mrgn","CSq","edge",150,"small","M4","T1 - T2 Edge Absent",1
"mrgn","CSq","edge",150,"small","M0","T1 - T2 Edge Present",1
"mrgn","CSq","edge",150,"small","M1","T1 - T2 Edge Present",2
"mrgn","CSq","edge",150,"small","M2","T1 - T2 Edge Present",1
"mrgn","CSq","edge",150,"small","M3","T1 - T2 Edge Present",3
"mrgn","CSq","edge",150,"small","M4","T1 - T2 Edge Present",2
"mrgn","CSq","edge",150,"small","M0","Other",19
"mrgn","CSq","edge",150,"small","M1","Other",17
"mrgn","CSq","edge",150,"small","M2","Other",19
"mrgn","CSq","edge",150,"small","M3","Other",16
"mrgn","CSq","edge",150,"small","M4","Other",17
"mrgn","CSq","model",150,"medium","M0","M0",8
"mrgn","CSq","model",150,"medium","M1","M0",4
"mrgn","CSq","model",150,"medium","M2","M0",5
"mrgn","CSq","model",150,"medium","M3","M0",1
"mrgn","CSq","model",150,"medium","M4","M0",3
"mrgn","CSq","model",150,"medium","M0","M1",9
"mrgn","CSq","model",150,"medium","M1","M1",3
"mrgn","CSq","model",150,"medium","M2","M1",9
"mrgn","CSq","model",150,"medium","M3","M1",3
"mrgn","CSq","model",150,"medium","M4","M1",10
"mrgn","CSq","model",150,"medium","M0","M2",0
"mrgn","CSq","model",150,"medium","M1","M2",0
"mrgn","CSq","model",150,"medium","M2","M2",1
"mrgn","CSq","model",150,"medium","M3","M2",0
"mrgn","CSq","model",150,"medium","M4","M2",0
"mrgn","CSq","model",150,"medium","M0","M3",0
"mrgn","CSq","model",150,"medium","M1","M3",0
"mrgn","CSq","model",150,"medium","M2","M3",0
"mrgn","CSq","model",150,"medium","M3","M3",5
"mrgn","CSq","model",150,"medium","M4","M3",0
"mrgn","CSq","model",150,"medium","M0","M4",0
"mrgn","CSq","model",150,"medium","M1","M4",0
"mrgn","CSq","model",150,"medium","M2","M4",0
"mrgn","CSq","model",150,"medium","M3","M4",6
"mrgn","CSq","model",150,"medium","M4","M4",2
"mrgn","CSq","model",150,"medium","M0","Other",3
"mrgn","CSq","model",150,"medium","M1","Other",13
"mrgn","CSq","model",150,"medium","M2","Other",5
"mrgn","CSq","model",150,"medium","M3","Other",5
"mrgn","CSq","model",150,"medium","M4","Other",5
"mrgn","CSq","edge",150,"medium","M0","T1 - T2 Edge Absent",8
"mrgn","CSq","edge",150,"medium","M1","T1 - T2 Edge Absent",4
"mrgn","CSq","edge",150,"medium","M2","T1 - T2 Edge Absent",5
"mrgn","CSq","edge",150,"medium","M3","T1 - T2 Edge Absent",6
"mrgn","CSq","edge",150,"medium","M4","T1 - T2 Edge Absent",3
"mrgn","CSq","edge",150,"medium","M0","T1 - T2 Edge Present",9
"mrgn","CSq","edge",150,"medium","M1","T1 - T2 Edge Present",3
"mrgn","CSq","edge",150,"medium","M2","T1 - T2 Edge Present",10
"mrgn","CSq","edge",150,"medium","M3","T1 - T2 Edge Present",9
"mrgn","CSq","edge",150,"medium","M4","T1 - T2 Edge Present",12
"mrgn","CSq","edge",150,"medium","M0","Other",3
"mrgn","CSq","edge",150,"medium","M1","Other",13
"mrgn","CSq","edge",150,"medium","M2","Other",5
"mrgn","CSq","edge",150,"medium","M3","Other",5
"mrgn","CSq","edge",150,"medium","M4","Other",5
"mrgn","CSq","model",150,"large","M0","M0",10
"mrgn","CSq","model",150,"large","M1","M0",2
"mrgn","CSq","model",150,"large","M2","M0",1
"mrgn","CSq","model",150,"large","M3","M0",0
"mrgn","CSq","model",150,"large","M4","M0",0
"mrgn","CSq","model",150,"large","M0","M1",10
"mrgn","CSq","model",150,"large","M1","M1",14
"mrgn","CSq","model",150,"large","M2","M1",7
"mrgn","CSq","model",150,"large","M3","M1",1
"mrgn","CSq","model",150,"large","M4","M1",17
"mrgn","CSq","model",150,"large","M0","M2",0
"mrgn","CSq","model",150,"large","M1","M2",0
"mrgn","CSq","model",150,"large","M2","M2",10
"mrgn","CSq","model",150,"large","M3","M2",0
"mrgn","CSq","model",150,"large","M4","M2",0
"mrgn","CSq","model",150,"large","M0","M3",0
"mrgn","CSq","model",150,"large","M1","M3",0
"mrgn","CSq","model",150,"large","M2","M3",0
"mrgn","CSq","model",150,"large","M3","M3",10
"mrgn","CSq","model",150,"large","M4","M3",0
"mrgn","CSq","model",150,"large","M0","M4",0
"mrgn","CSq","model",150,"large","M1","M4",0
"mrgn","CSq","model",150,"large","M2","M4",0
"mrgn","CSq","model",150,"large","M3","M4",9
"mrgn","CSq","model",150,"large","M4","M4",1
"mrgn","CSq","model",150,"large","M0","Other",0
"mrgn","CSq","model",150,"large","M1","Other",4
"mrgn","CSq","model",150,"large","M2","Other",2
"mrgn","CSq","model",150,"large","M3","Other",0
"mrgn","CSq","model",150,"large","M4","Other",2
"mrgn","CSq","edge",150,"large","M0","T1 - T2 Edge Absent",10
"mrgn","CSq","edge",150,"large","M1","T1 - T2 Edge Absent",2
"mrgn","CSq","edge",150,"large","M2","T1 - T2 Edge Absent",1
"mrgn","CSq","edge",150,"large","M3","T1 - T2 Edge Absent",10
"mrgn","CSq","edge",150,"large","M4","T1 - T2 Edge Absent",0
"mrgn","CSq","edge",150,"large","M0","T1 - T2 Edge Present",10
"mrgn","CSq","edge",150,"large","M1","T1 - T2 Edge Present",14
"mrgn","CSq","edge",150,"large","M2","T1 - T2 Edge Present",17
"mrgn","CSq","edge",150,"large","M3","T1 - T2 Edge Present",10
"mrgn","CSq","edge",150,"large","M4","T1 - T2 Edge Present",18
"mrgn","CSq","edge",150,"large","M0","Other",0
"mrgn","CSq","edge",150,"large","M1","Other",4
"mrgn","CSq","edge",150,"large","M2","Other",2
"mrgn","CSq","edge",150,"large","M3","Other",0
"mrgn","CSq","edge",150,"large","M4","Other",2
"mrgn","CSq","model",300,"all","M0","M0",20
"mrgn","CSq","model",300,"all","M1","M0",7
"mrgn","CSq","model",300,"all","M2","M0",7
"mrgn","CSq","model",300,"all","M3","M0",1
"mrgn","CSq","model",300,"all","M4","M0",2
"mrgn","CSq","model",300,"all","M0","M1",24
"mrgn","CSq","model",300,"all","M1","M1",37
"mrgn","CSq","model",300,"all","M2","M1",16
"mrgn","CSq","model",300,"all","M3","M1",3
"mrgn","CSq","model",300,"all","M4","M1",31
"mrgn","CSq","model",300,"all","M0","M2",1
"mrgn","CSq","model",300,"all","M1","M2",0
"mrgn","CSq","model",300,"all","M2","M2",17
"mrgn","CSq","model",300,"all","M3","M2",2
"mrgn","CSq","model",300,"all","M4","M2",0
"mrgn","CSq","model",300,"all","M0","M3",0
"mrgn","CSq","model",300,"all","M1","M3",0
"mrgn","CSq","model",300,"all","M2","M3",5
"mrgn","CSq","model",300,"all","M3","M3",19
"mrgn","CSq","model",300,"all","M4","M3",4
"mrgn","CSq","model",300,"all","M0","M4",0
"mrgn","CSq","model",300,"all","M1","M4",1
"mrgn","CSq","model",300,"all","M2","M4",0
"mrgn","CSq","model",300,"all","M3","M4",18
"mrgn","CSq","model",300,"all","M4","M4",10
"mrgn","CSq","model",300,"all","M0","Other",15
"mrgn","CSq","model",300,"all","M1","Other",15
"mrgn","CSq","model",300,"all","M2","Other",15
"mrgn","CSq","model",300,"all","M3","Other",17
"mrgn","CSq","model",300,"all","M4","Other",13
"mrgn","CSq","edge",300,"all","M0","T1 - T2 Edge Absent",20
"mrgn","CSq","edge",300,"all","M1","T1 - T2 Edge Absent",7
"mrgn","CSq","edge",300,"all","M2","T1 - T2 Edge Absent",12
"mrgn","CSq","edge",300,"all","M3","T1 - T2 Edge Absent",20
"mrgn","CSq","edge",300,"all","M4","T1 - T2 Edge Absent",6
"mrgn","CSq","edge",300,"all","M0","T1 - T2 Edge Present",25
"mrgn","CSq","edge",300,"all","M1","T1 - T2 Edge Present",38
"mrgn","CSq","edge",300,"all","M2","T1 - T2 Edge Present",33
"mrgn","CSq","edge",300,"all","M3","T1 - T2 Edge Present",23
"mrgn","CSq","edge",300,"all","M4","T1 - T2 Edge Present",41
"mrgn","CSq","edge",300,"all","M0","Other",15
"mrgn","CSq","edge",300,"all","M1","Other",15
"mrgn","CSq","edge",300,"all","M2","Other",15
"mrgn","CSq","edge",300,"all","M3","Other",17
"mrgn","CSq","edge",300,"all","M4","Other",13
"mrgn","CSq","model",300,"small","M0","M0",7
"mrgn","CSq","model",300,"small","M1","M0",4
"mrgn","CSq","model",300,"small","M2","M0",2
"mrgn","CSq","model",300,"small","M3","M0",1
"mrgn","CSq","model",300,"small","M4","M0",2
"mrgn","CSq","model",300,"small","M0","M1",3
"mrgn","CSq","model",300,"small","M1","M1",3
"mrgn","CSq","model",300,"small","M2","M1",3
"mrgn","CSq","model",300,"small","M3","M1",2
"mrgn","CSq","model",300,"small","M4","M1",5
"mrgn","CSq","model",300,"small","M0","M2",0
"mrgn","CSq","model",300,"small","M1","M2",0
"mrgn","CSq","model",300,"small","M2","M2",0
"mrgn","CSq","model",300,"small","M3","M2",1
"mrgn","CSq","model",300,"small","M4","M2",0
"mrgn","CSq","model",300,"small","M0","M3",0
"mrgn","CSq","model",300,"small","M1","M3",0
"mrgn","CSq","model",300,"small","M2","M3",0
"mrgn","CSq","model",300,"small","M3","M3",0
"mrgn","CSq","model",300,"small","M4","M3",1
"mrgn","CSq","model",300,"small","M0","M4",0
"mrgn","CSq","model",300,"small","M1","M4",0
"mrgn","CSq","model",300,"small","M2","M4",0
"mrgn","CSq","model",300,"small","M3","M4",2
"mrgn","CSq","model",300,"small","M4","M4",0
"mrgn","CSq","model",300,"small","M0","Other",10
"mrgn","CSq","model",300,"small","M1","Other",13
"mrgn","CSq","model",300,"small","M2","Other",15
"mrgn","CSq","model",300,"small","M3","Other",14
"mrgn","CSq","model",300,"small","M4","Other",12
"mrgn","CSq","edge",300,"small","M0","T1 - T2 Edge Absent",7
"mrgn","CSq","edge",300,"small","M1","T1 - T2 Edge Absent",4
"mrgn","CSq","edge",300,"small","M2","T1 - T2 Edge Absent",2
"mrgn","CSq","edge",300,"small","M3","T1 - T2 Edge Absent",1
"mrgn","CSq","edge",300,"small","M4","T1 - T2 Edge Absent",3
"mrgn","CSq","edge",300,"small","M0","T1 - T2 Edge Present",3
"mrgn","CSq","edge",300,"small","M1","T1 - T2 Edge Present",3
"mrgn","CSq","edge",300,"small","M2","T1 - T2 Edge Present",3
"mrgn","CSq","edge",300,"small","M3","T1 - T2 Edge Present",5
"mrgn","CSq","edge",300,"small","M4","T1 - T2 Edge Present",5
"mrgn","CSq","edge",300,"small","M0","Other",10
"mrgn","CSq","edge",300,"small","M1","Other",13
"mrgn","CSq","edge",300,"small","M2","Other",15
"mrgn","CSq","edge",300,"small","M3","Other",14
"mrgn","CSq","edge",300,"small","M4","Other",12
"mrgn","CSq","model",300,"medium","M0","M0",5
"mrgn","CSq","model",300,"medium","M1","M0",3
"mrgn","CSq","model",300,"medium","M2","M0",4
"mrgn","CSq","model",300,"medium","M3","M0",0
"mrgn","CSq","model",300,"medium","M4","M0",0
"mrgn","CSq","model",300,"medium","M0","M1",10
"mrgn","CSq","model",300,"medium","M1","M1",15
"mrgn","CSq","model",300,"medium","M2","M1",10
"mrgn","CSq","model",300,"medium","M3","M1",0
"mrgn","CSq","model",300,"medium","M4","M1",7
"mrgn","CSq","model",300,"medium","M0","M2",1
"mrgn","CSq","model",300,"medium","M1","M2",0
"mrgn","CSq","model",300,"medium","M2","M2",4
"mrgn","CSq","model",300,"medium","M3","M2",1
"mrgn","CSq","model",300,"medium","M4","M2",0
"mrgn","CSq","model",300,"medium","M0","M3",0
"mrgn","CSq","model",300,"medium","M1","M3",0
"mrgn","CSq","model",300,"medium","M2","M3",2
"mrgn","CSq","model",300,"medium","M3","M3",10
"mrgn","CSq","model",300,"medium","M4","M3",3
"mrgn","CSq","model",300,"medium","M0","M4",0
"mrgn","CSq","model",300,"medium","M1","M4",1
"mrgn","CSq","model",300,"medium","M2","M4",0
"mrgn","CSq","model",300,"medium","M3","M4",7
"mrgn","CSq","model",300,"medium","M4","M4",9
"mrgn","CSq","model",300,"medium","M0","Other",4
"mrgn","CSq","model",300,"medium","M1","Other",1
"mrgn","CSq","model",300,"medium","M2","Other",0
"mrgn","CSq","model",300,"medium","M3","Other",2
"mrgn","CSq","model",300,"medium","M4","Other",1
"mrgn","CSq","edge",300,"medium","M0","T1 - T2 Edge Absent",5
"mrgn","CSq","edge",300,"medium","M1","T1 - T2 Edge Absent",3
"mrgn","CSq","edge",300,"medium","M2","T1 - T2 Edge Absent",6
"mrgn","CSq","edge",300,"medium","M3","T1 - T2 Edge Absent",10
"mrgn","CSq","edge",300,"medium","M4","T1 - T2 Edge Absent",3
"mrgn","CSq","edge",300,"medium","M0","T1 - T2 Edge Present",11
"mrgn","CSq","edge",300,"medium","M1","T1 - T2 Edge Present",16
"mrgn","CSq","edge",300,"medium","M2","T1 - T2 Edge Present",14
"mrgn","CSq","edge",300,"medium","M3","T1 - T2 Edge Present",8
"mrgn","CSq","edge",300,"medium","M4","T1 - T2 Edge Present",16
"mrgn","CSq","edge",300,"medium","M0","Other",4
"mrgn","CSq","edge",300,"medium","M1","Other",1
"mrgn","CSq","edge",300,"medium","M2","Other",0
"mrgn","CSq","edge",300,"medium","M3","Other",2
"mrgn","CSq","edge",300,"medium","M4","Other",1
"mrgn","CSq","model",300,"large","M0","M0",8
"mrgn","CSq","model",300,"large","M1","M0",0
"mrgn","CSq","model",300,"large","M2","M0",1
"mrgn","CSq","model",300,"large","M3","M0",0
"mrgn","CSq","model",300,"large","M4","M0",0
"mrgn","CSq","model",300,"large","M0","M1",11
"mrgn","CSq","model",300,"large","M1","M1",19
"mrgn","CSq","model",300,"large","M2","M1",3
"mrgn","CSq","model",300,"large","M3","M1",1
"mrgn","CSq","model",300,"large","M4","M1",19
"mrgn","CSq","model",300,"large","M0","M2",0
"mrgn","CSq","model",300,"large","M1","M2",0
"mrgn","CSq","model",300,"large","M2","M2",13
"mrgn","CSq","model",300,"large","M3","M2",0
"mrgn","CSq","model",300,"large","M4","M2",0
"mrgn","CSq","model",300,"large","M0","M3",0
"mrgn","CSq","model",300,"large","M1","M3",0
"mrgn","CSq","model",300,"large","M2","M3",3
"mrgn","CSq","model",300,"large","M3","M3",9
"mrgn","CSq","model",300,"large","M4","M3",0
"mrgn","CSq","model",300,"large","M0","M4",0
"mrgn","CSq","model",300,"large","M1","M4",0
"mrgn","CSq","model",300,"large","M2","M4",0
"mrgn","CSq","model",300,"large","M3","M4",9
"mrgn","CSq","model",300,"large","M4","M4",1
"mrgn","CSq","model",300,"large","M0","Other",1
"mrgn","CSq","model",300,"large","M1","Other",1
"mrgn","CSq","model",300,"large","M2","Other",0
"mrgn","CSq","model",300,"large","M3","Other",1
"mrgn","CSq","model",300,"large","M4","Other",0
"mrgn","CSq","edge",300,"large","M0","T1 - T2 Edge Absent",8
"mrgn","CSq","edge",300,"large","M1","T1 - T2 Edge Absent",0
"mrgn","CSq","edge",300,"large","M2","T1 - T2 Edge Absent",4
"mrgn","CSq","edge",300,"large","M3","T1 - T2 Edge Absent",9
"mrgn","CSq","edge",300,"large","M4","T1 - T2 Edge Absent",0
"mrgn","CSq","edge",300,"large","M0","T1 - T2 Edge Present",11
"mrgn","CSq","edge",300,"large","M1","T1 - T2 Edge Present",19
"mrgn","CSq","edge",300,"large","M2","T1 - T2 Edge Present",16
"mrgn","CSq","edge",300,"large","M3","T1 - T2 Edge Present",10
"mrgn","CSq","edge",300,"large","M4","T1 - T2 Edge Present",20
"mrgn","CSq","edge",300,"large","M0","Other",1
"mrgn","CSq","edge",300,"large","M1","Other",1
"mrgn","CSq","edge",300,"large","M2","Other",0
"mrgn","CSq","edge",300,"large","M3","Other",1
"mrgn","CSq","edge",300,"large","M4","Other",0
"mrgn","CSq","model",670,"all","M0","M0",23
"mrgn","CSq","model",670,"all","M1","M0",6
"mrgn","CSq","model",670,"all","M2","M0",7
"mrgn","CSq","model",670,"all","M3","M0",2
"mrgn","CSq","model",670,"all","M4","M0",1
"mrgn","CSq","model",670,"all","M0","M1",24
"mrgn","CSq","model",670,"all","M1","M1",43
"mrgn","CSq","model",670,"all","M2","M1",11
"mrgn","CSq","model",670,"all","M3","M1",1
"mrgn","CSq","model",670,"all","M4","M1",17
"mrgn","CSq","model",670,"all","M0","M2",0
"mrgn","CSq","model",670,"all","M1","M2",0
"mrgn","CSq","model",670,"all","M2","M2",36
"mrgn","CSq","model",670,"all","M3","M2",0
"mrgn","CSq","model",670,"all","M4","M2",0
"mrgn","CSq","model",670,"all","M0","M3",0
"mrgn","CSq","model",670,"all","M1","M3",0
"mrgn","CSq","model",670,"all","M2","M3",0
"mrgn","CSq","model",670,"all","M3","M3",18
"mrgn","CSq","model",670,"all","M4","M3",3
"mrgn","CSq","model",670,"all","M0","M4",0
"mrgn","CSq","model",670,"all","M1","M4",1
"mrgn","CSq","model",670,"all","M2","M4",0
"mrgn","CSq","model",670,"all","M3","M4",33
"mrgn","CSq","model",670,"all","M4","M4",34
"mrgn","CSq","model",670,"all","M0","Other",13
"mrgn","CSq","model",670,"all","M1","Other",10
"mrgn","CSq","model",670,"all","M2","Other",6
"mrgn","CSq","model",670,"all","M3","Other",6
"mrgn","CSq","model",670,"all","M4","Other",5
"mrgn","CSq","edge",670,"all","M0","T1 - T2 Edge Absent",23
"mrgn","CSq","edge",670,"all","M1","T1 - T2 Edge Absent",6
"mrgn","CSq","edge",670,"all","M2","T1 - T2 Edge Absent",7
"mrgn","CSq","edge",670,"all","M3","T1 - T2 Edge Absent",20
"mrgn","CSq","edge",670,"all","M4","T1 - T2 Edge Absent",4
"mrgn","CSq","edge",670,"all","M0","T1 - T2 Edge Present",24
"mrgn","CSq","edge",670,"all","M1","T1 - T2 Edge Present",44
"mrgn","CSq","edge",670,"all","M2","T1 - T2 Edge Present",47
"mrgn","CSq","edge",670,"all","M3","T1 - T2 Edge Present",34
"mrgn","CSq","edge",670,"all","M4","T1 - T2 Edge Present",51
"mrgn","CSq","edge",670,"all","M0","Other",13
"mrgn","CSq","edge",670,"all","M1","Other",10
"mrgn","CSq","edge",670,"all","M2","Other",6
"mrgn","CSq","edge",670,"all","M3","Other",6
"mrgn","CSq","edge",670,"all","M4","Other",5
"mrgn","CSq","model",670,"small","M0","M0",3
"mrgn","CSq","model",670,"small","M1","M0",4
"mrgn","CSq","model",670,"small","M2","M0",7
"mrgn","CSq","model",670,"small","M3","M0",1
"mrgn","CSq","model",670,"small","M4","M0",1
"mrgn","CSq","model",670,"small","M0","M1",7
"mrgn","CSq","model",670,"small","M1","M1",8
"mrgn","CSq","model",670,"small","M2","M1",7
"mrgn","CSq","model",670,"small","M3","M1",1
"mrgn","CSq","model",670,"small","M4","M1",2
"mrgn","CSq","model",670,"small","M0","M2",0
"mrgn","CSq","model",670,"small","M1","M2",0
"mrgn","CSq","model",670,"small","M2","M2",0
"mrgn","CSq","model",670,"small","M3","M2",0
"mrgn","CSq","model",670,"small","M4","M2",0
"mrgn","CSq","model",670,"small","M0","M3",0
"mrgn","CSq","model",670,"small","M1","M3",0
"mrgn","CSq","model",670,"small","M2","M3",0
"mrgn","CSq","model",670,"small","M3","M3",3
"mrgn","CSq","model",670,"small","M4","M3",3
"mrgn","CSq","model",670,"small","M0","M4",0
"mrgn","CSq","model",670,"small","M1","M4",0
"mrgn","CSq","model",670,"small","M2","M4",0
"mrgn","CSq","model",670,"small","M3","M4",9
"mrgn","CSq","model",670,"small","M4","M4",9
"mrgn","CSq","model",670,"small","M0","Other",10
"mrgn","CSq","model",670,"small","M1","Other",8
"mrgn","CSq","model",670,"small","M2","Other",6
"mrgn","CSq","model",670,"small","M3","Other",6
"mrgn","CSq","model",670,"small","M4","Other",5
"mrgn","CSq","edge",670,"small","M0","T1 - T2 Edge Absent",3
"mrgn","CSq","edge",670,"small","M1","T1 - T2 Edge Absent",4
"mrgn","CSq","edge",670,"small","M2","T1 - T2 Edge Absent",7
"mrgn","CSq","edge",670,"small","M3","T1 - T2 Edge Absent",4
"mrgn","CSq","edge",670,"small","M4","T1 - T2 Edge Absent",4
"mrgn","CSq","edge",670,"small","M0","T1 - T2 Edge Present",7
"mrgn","CSq","edge",670,"small","M1","T1 - T2 Edge Present",8
"mrgn","CSq","edge",670,"small","M2","T1 - T2 Edge Present",7
"mrgn","CSq","edge",670,"small","M3","T1 - T2 Edge Present",10
"mrgn","CSq","edge",670,"small","M4","T1 - T2 Edge Present",11
"mrgn","CSq","edge",670,"small","M0","Other",10
"mrgn","CSq","edge",670,"small","M1","Other",8
"mrgn","CSq","edge",670,"small","M2","Other",6
"mrgn","CSq","edge",670,"small","M3","Other",6
"mrgn","CSq","edge",670,"small","M4","Other",5
"mrgn","CSq","model",670,"medium","M0","M0",8
"mrgn","CSq","model",670,"medium","M1","M0",2
"mrgn","CSq","model",670,"medium","M2","M0",0
"mrgn","CSq","model",670,"medium","M3","M0",1
"mrgn","CSq","model",670,"medium","M4","M0",0
"mrgn","CSq","model",670,"medium","M0","M1",10
"mrgn","CSq","model",670,"medium","M1","M1",16
"mrgn","CSq","model",670,"medium","M2","M1",3
"mrgn","CSq","model",670,"medium","M3","M1",0
"mrgn","CSq","model",670,"medium","M4","M1",4
"mrgn","CSq","model",670,"medium","M0","M2",0
"mrgn","CSq","model",670,"medium","M1","M2",0
"mrgn","CSq","model",670,"medium","M2","M2",17
"mrgn","CSq","model",670,"medium","M3","M2",0
"mrgn","CSq","model",670,"medium","M4","M2",0
"mrgn","CSq","model",670,"medium","M0","M3",0
"mrgn","CSq","model",670,"medium","M1","M3",0
"mrgn","CSq","model",670,"medium","M2","M3",0
"mrgn","CSq","model",670,"medium","M3","M3",6
"mrgn","CSq","model",670,"medium","M4","M3",0
"mrgn","CSq","model",670,"medium","M0","M4",0
"mrgn","CSq","model",670,"medium","M1","M4",0
"mrgn","CSq","model",670,"medium","M2","M4",0
"mrgn","CSq","model",670,"medium","M3","M4",13
"mrgn","CSq","model",670,"medium","M4","M4",16
"mrgn","CSq","model",670,"medium","M0","Other",2
"mrgn","CSq","model",670,"medium","M1","Other",2
"mrgn","CSq","model",670,"medium","M2","Other",0
"mrgn","CSq","model",670,"medium","M3","Other",0
"mrgn","CSq","model",670,"medium","M4","Other",0
"mrgn","CSq","edge",670,"medium","M0","T1 - T2 Edge Absent",8
"mrgn","CSq","edge",670,"medium","M1","T1 - T2 Edge Absent",2
"mrgn","CSq","edge",670,"medium","M2","T1 - T2 Edge Absent",0
"mrgn","CSq","edge",670,"medium","M3","T1 - T2 Edge Absent",7
"mrgn","CSq","edge",670,"medium","M4","T1 - T2 Edge Absent",0
"mrgn","CSq","edge",670,"medium","M0","T1 - T2 Edge Present",10
"mrgn","CSq","edge",670,"medium","M1","T1 - T2 Edge Present",16
"mrgn","CSq","edge",670,"medium","M2","T1 - T2 Edge Present",20
"mrgn","CSq","edge",670,"medium","M3","T1 - T2 Edge Present",13
"mrgn","CSq","edge",670,"medium","M4","T1 - T2 Edge Present",20
"mrgn","CSq","edge",670,"medium","M0","Other",2
"mrgn","CSq","edge",670,"medium","M1","Other",2
"mrgn","CSq","edge",670,"medium","M2","Other",0
"mrgn","CSq","edge",670,"medium","M3","Other",0
"mrgn","CSq","edge",670,"medium","M4","Other",0
"mrgn","CSq","model",670,"large","M0","M0",12
"mrgn","CSq","model",670,"large","M1","M0",0
"mrgn","CSq","model",670,"large","M2","M0",0
"mrgn","CSq","model",670,"large","M3","M0",0
"mrgn","CSq","model",670,"large","M4","M0",0
"mrgn","CSq","model",670,"large","M0","M1",7
"mrgn","CSq","model",670,"large","M1","M1",19
"mrgn","CSq","model",670,"large","M2","M1",1
"mrgn","CSq","model",670,"large","M3","M1",0
"mrgn","CSq","model",670,"large","M4","M1",11
"mrgn","CSq","model",670,"large","M0","M2",0
"mrgn","CSq","model",670,"large","M1","M2",0
"mrgn","CSq","model",670,"large","M2","M2",19
"mrgn","CSq","model",670,"large","M3","M2",0
"mrgn","CSq","model",670,"large","M4","M2",0
"mrgn","CSq","model",670,"large","M0","M3",0
"mrgn","CSq","model",670,"large","M1","M3",0
"mrgn","CSq","model",670,"large","M2","M3",0
"mrgn","CSq","model",670,"large","M3","M3",9
"mrgn","CSq","model",670,"large","M4","M3",0
"mrgn","CSq","model",670,"large","M0","M4",0
"mrgn","CSq","model",670,"large","M1","M4",1
"mrgn","CSq","model",670,"large","M2","M4",0
"mrgn","CSq","model",670,"large","M3","M4",11
"mrgn","CSq","model",670,"large","M4","M4",9
"mrgn","CSq","model",670,"large","M0","Other",1
"mrgn","CSq","model",670,"large","M1","Other",0
"mrgn","CSq","model",670,"large","M2","Other",0
"mrgn","CSq","model",670,"large","M3","Other",0
"mrgn","CSq","model",670,"large","M4","Other",0
"mrgn","CSq","edge",670,"large","M0","T1 - T2 Edge Absent",12
"mrgn","CSq","edge",670,"large","M1","T1 - T2 Edge Absent",0
"mrgn","CSq","edge",670,"large","M2","T1 - T2 Edge Absent",0
"mrgn","CSq","edge",670,"large","M3","T1 - T2 Edge Absent",9
"mrgn","CSq","edge",670,"large","M4","T1 - T2 Edge Absent",0
"mrgn","CSq","edge",670,"large","M0","T1 - T2 Edge Present",7
"mrgn","CSq","edge",670,"large","M1","T1 - T2 Edge Present",20
"mrgn","CSq","edge",670,"large","M2","T1 - T2 Edge Present",20
"mrgn","CSq","edge",670,"large","M3","T1 - T2 Edge Present",11
"mrgn","CSq","edge",670,"large","M4","T1 - T2 Edge Present",20
"mrgn","CSq","edge",670,"large","M0","Other",1
"mrgn","CSq","edge",670,"large","M1","Other",0
"mrgn","CSq","edge",670,"large","M2","Other",0
"mrgn","CSq","edge",670,"large","M3","Other",0
"mrgn","CSq","edge",670,"large","M4","Other",0
"mrgn","CSq","model",1000,"all","M0","M0",27
"mrgn","CSq","model",1000,"all","M1","M0",8
"mrgn","CSq","model",1000,"all","M2","M0",1
"mrgn","CSq","model",1000,"all","M3","M0",0
"mrgn","CSq","model",1000,"all","M4","M0",2
"mrgn","CSq","model",1000,"all","M0","M1",28
"mrgn","CSq","model",1000,"all","M1","M1",46
"mrgn","CSq","model",1000,"all","M2","M1",18
"mrgn","CSq","model",1000,"all","M3","M1",3
"mrgn","CSq","model",1000,"all","M4","M1",14
"mrgn","CSq","model",1000,"all","M0","M2",0
"mrgn","CSq","model",1000,"all","M1","M2",0
"mrgn","CSq","model",1000,"all","M2","M2",35
"mrgn","CSq","model",1000,"all","M3","M2",2
"mrgn","CSq","model",1000,"all","M4","M2",1
"mrgn","CSq","model",1000,"all","M0","M3",1
"mrgn","CSq","model",1000,"all","M1","M3",0
"mrgn","CSq","model",1000,"all","M2","M3",1
"mrgn","CSq","model",1000,"all","M3","M3",20
"mrgn","CSq","model",1000,"all","M4","M3",1
"mrgn","CSq","model",1000,"all","M0","M4",0
"mrgn","CSq","model",1000,"all","M1","M4",0
"mrgn","CSq","model",1000,"all","M2","M4",0
"mrgn","CSq","model",1000,"all","M3","M4",30
"mrgn","CSq","model",1000,"all","M4","M4",38
"mrgn","CSq","model",1000,"all","M0","Other",4
"mrgn","CSq","model",1000,"all","M1","Other",6
"mrgn","CSq","model",1000,"all","M2","Other",5
"mrgn","CSq","model",1000,"all","M3","Other",5
"mrgn","CSq","model",1000,"all","M4","Other",4
"mrgn","CSq","edge",1000,"all","M0","T1 - T2 Edge Absent",28
"mrgn","CSq","edge",1000,"all","M1","T1 - T2 Edge Absent",8
"mrgn","CSq","edge",1000,"all","M2","T1 - T2 Edge Absent",2
"mrgn","CSq","edge",1000,"all","M3","T1 - T2 Edge Absent",20
"mrgn","CSq","edge",1000,"all","M4","T1 - T2 Edge Absent",3
"mrgn","CSq","edge",1000,"all","M0","T1 - T2 Edge Present",28
"mrgn","CSq","edge",1000,"all","M1","T1 - T2 Edge Present",46
"mrgn","CSq","edge",1000,"all","M2","T1 - T2 Edge Present",53
"mrgn","CSq","edge",1000,"all","M3","T1 - T2 Edge Present",35
"mrgn","CSq","edge",1000,"all","M4","T1 - T2 Edge Present",53
"mrgn","CSq","edge",1000,"all","M0","Other",4
"mrgn","CSq","edge",1000,"all","M1","Other",6
"mrgn","CSq","edge",1000,"all","M2","Other",5
"mrgn","CSq","edge",1000,"all","M3","Other",5
"mrgn","CSq","edge",1000,"all","M4","Other",4
"mrgn","CSq","model",1000,"small","M0","M0",2
"mrgn","CSq","model",1000,"small","M1","M0",7
"mrgn","CSq","model",1000,"small","M2","M0",1
"mrgn","CSq","model",1000,"small","M3","M0",0
"mrgn","CSq","model",1000,"small","M4","M0",2
"mrgn","CSq","model",1000,"small","M0","M1",14
"mrgn","CSq","model",1000,"small","M1","M1",8
"mrgn","CSq","model",1000,"small","M2","M1",12
"mrgn","CSq","model",1000,"small","M3","M1",2
"mrgn","CSq","model",1000,"small","M4","M1",5
"mrgn","CSq","model",1000,"small","M0","M2",0
"mrgn","CSq","model",1000,"small","M1","M2",0
"mrgn","CSq","model",1000,"small","M2","M2",1
"mrgn","CSq","model",1000,"small","M3","M2",2
"mrgn","CSq","model",1000,"small","M4","M2",1
"mrgn","CSq","model",1000,"small","M0","M3",0
"mrgn","CSq","model",1000,"small","M1","M3",0
"mrgn","CSq","model",1000,"small","M2","M3",1
"mrgn","CSq","model",1000,"small","M3","M3",3
"mrgn","CSq","model",1000,"small","M4","M3",1
"mrgn","CSq","model",1000,"small","M0","M4",0
"mrgn","CSq","model",1000,"small","M1","M4",0
"mrgn","CSq","model",1000,"small","M2","M4",0
"mrgn","CSq","model",1000,"small","M3","M4",9
"mrgn","CSq","model",1000,"small","M4","M4",8
"mrgn","CSq","model",1000,"small","M0","Other",4
"mrgn","CSq","model",1000,"small","M1","Other",5
"mrgn","CSq","model",1000,"small","M2","Other",5
"mrgn","CSq","model",1000,"small","M3","Other",4
"mrgn","CSq","model",1000,"small","M4","Other",3
"mrgn","CSq","edge",1000,"small","M0","T1 - T2 Edge Absent",2
"mrgn","CSq","edge",1000,"small","M1","T1 - T2 Edge Absent",7
"mrgn","CSq","edge",1000,"small","M2","T1 - T2 Edge Absent",2
"mrgn","CSq","edge",1000,"small","M3","T1 - T2 Edge Absent",3
"mrgn","CSq","edge",1000,"small","M4","T1 - T2 Edge Absent",3
"mrgn","CSq","edge",1000,"small","M0","T1 - T2 Edge Present",14
"mrgn","CSq","edge",1000,"small","M1","T1 - T2 Edge Present",8
"mrgn","CSq","edge",1000,"small","M2","T1 - T2 Edge Present",13
"mrgn","CSq","edge",1000,"small","M3","T1 - T2 Edge Present",13
"mrgn","CSq","edge",1000,"small","M4","T1 - T2 Edge Present",14
"mrgn","CSq","edge",1000,"small","M0","Other",4
"mrgn","CSq","edge",1000,"small","M1","Other",5
"mrgn","CSq","edge",1000,"small","M2","Other",5
"mrgn","CSq","edge",1000,"small","M3","Other",4
"mrgn","CSq","edge",1000,"small","M4","Other",3
"mrgn","CSq","model",1000,"medium","M0","M0",10
"mrgn","CSq","model",1000,"medium","M1","M0",1
"mrgn","CSq","model",1000,"medium","M2","M0",0
"mrgn","CSq","model",1000,"medium","M3","M0",0
"mrgn","CSq","model",1000,"medium","M4","M0",0
"mrgn","CSq","model",1000,"medium","M0","M1",10
"mrgn","CSq","model",1000,"medium","M1","M1",19
"mrgn","CSq","model",1000,"medium","M2","M1",6
"mrgn","CSq","model",1000,"medium","M3","M1",1
"mrgn","CSq","model",1000,"medium","M4","M1",1
"mrgn","CSq","model",1000,"medium","M0","M2",0
"mrgn","CSq","model",1000,"medium","M1","M2",0
"mrgn","CSq","model",1000,"medium","M2","M2",14
"mrgn","CSq","model",1000,"medium","M3","M2",0
"mrgn","CSq","model",1000,"medium","M4","M2",0
"mrgn","CSq","model",1000,"medium","M0","M3",0
"mrgn","CSq","model",1000,"medium","M1","M3",0
"mrgn","CSq","model",1000,"medium","M2","M3",0
"mrgn","CSq","model",1000,"medium","M3","M3",8
"mrgn","CSq","model",1000,"medium","M4","M3",0
"mrgn","CSq","model",1000,"medium","M0","M4",0
"mrgn","CSq","model",1000,"medium","M1","M4",0
"mrgn","CSq","model",1000,"medium","M2","M4",0
"mrgn","CSq","model",1000,"medium","M3","M4",10
"mrgn","CSq","model",1000,"medium","M4","M4",18
"mrgn","CSq","model",1000,"medium","M0","Other",0
"mrgn","CSq","model",1000,"medium","M1","Other",0
"mrgn","CSq","model",1000,"medium","M2","Other",0
"mrgn","CSq","model",1000,"medium","M3","Other",1
"mrgn","CSq","model",1000,"medium","M4","Other",1
"mrgn","CSq","edge",1000,"medium","M0","T1 - T2 Edge Absent",10
"mrgn","CSq","edge",1000,"medium","M1","T1 - T2 Edge Absent",1
"mrgn","CSq","edge",1000,"medium","M2","T1 - T2 Edge Absent",0
"mrgn","CSq","edge",1000,"medium","M3","T1 - T2 Edge Absent",8
"mrgn","CSq","edge",1000,"medium","M4","T1 - T2 Edge Absent",0
"mrgn","CSq","edge",1000,"medium","M0","T1 - T2 Edge Present",10
"mrgn","CSq","edge",1000,"medium","M1","T1 - T2 Edge Present",19
"mrgn","CSq","edge",1000,"medium","M2","T1 - T2 Edge Present",20
"mrgn","CSq","edge",1000,"medium","M3","T1 - T2 Edge Present",11
"mrgn","CSq","edge",1000,"medium","M4","T1 - T2 Edge Present",19
"mrgn","CSq","edge",1000,"medium","M0","Other",0
"mrgn","CSq","edge",1000,"medium","M1","Other",0
"mrgn","CSq","edge",1000,"medium","M2","Other",0
"mrgn","CSq","edge",1000,"medium","M3","Other",1
"mrgn","CSq","edge",1000,"medium","M4","Other",1
"mrgn","CSq","model",1000,"large","M0","M0",15
"mrgn","CSq","model",1000,"large","M1","M0",0
"mrgn","CSq","model",1000,"large","M2","M0",0
"mrgn","CSq","model",1000,"large","M3","M0",0
"mrgn","CSq","model",1000,"large","M4","M0",0
"mrgn","CSq","model",1000,"large","M0","M1",4
"mrgn","CSq","model",1000,"large","M1","M1",19
"mrgn","CSq","model",1000,"large","M2","M1",0
"mrgn","CSq","model",1000,"large","M3","M1",0
"mrgn","CSq","model",1000,"large","M4","M1",8
"mrgn","CSq","model",1000,"large","M0","M2",0
"mrgn","CSq","model",1000,"large","M1","M2",0
"mrgn","CSq","model",1000,"large","M2","M2",20
"mrgn","CSq","model",1000,"large","M3","M2",0
"mrgn","CSq","model",1000,"large","M4","M2",0
"mrgn","CSq","model",1000,"large","M0","M3",1
"mrgn","CSq","model",1000,"large","M1","M3",0
"mrgn","CSq","model",1000,"large","M2","M3",0
"mrgn","CSq","model",1000,"large","M3","M3",9
"mrgn","CSq","model",1000,"large","M4","M3",0
"mrgn","CSq","model",1000,"large","M0","M4",0
"mrgn","CSq","model",1000,"large","M1","M4",0
"mrgn","CSq","model",1000,"large","M2","M4",0
"mrgn","CSq","model",1000,"large","M3","M4",11
"mrgn","CSq","model",1000,"large","M4","M4",12
"mrgn","CSq","model",1000,"large","M0","Other",0
"mrgn","CSq","model",1000,"large","M1","Other",1
"mrgn","CSq","model",1000,"large","M2","Other",0
"mrgn","CSq","model",1000,"large","M3","Other",0
"mrgn","CSq","model",1000,"large","M4","Other",0
"mrgn","CSq","edge",1000,"large","M0","T1 - T2 Edge Absent",16
"mrgn","CSq","edge",1000,"large","M1","T1 - T2 Edge Absent",0
"mrgn","CSq","edge",1000,"large","M2","T1 - T2 Edge Absent",0
"mrgn","CSq","edge",1000,"large","M3","T1 - T2 Edge Absent",9
"mrgn","CSq","edge",1000,"large","M4","T1 - T2 Edge Absent",0
"mrgn","CSq","edge",1000,"large","M0","T1 - T2 Edge Present",4
"mrgn","CSq","edge",1000,"large","M1","T1 - T2 Edge Present",19
"mrgn","CSq","edge",1000,"large","M2","T1 - T2 Edge Present",20
"mrgn","CSq","edge",1000,"large","M3","T1 - T2 Edge Present",11
"mrgn","CSq","edge",1000,"large","M4","T1 - T2 Edge Present",20
"mrgn","CSq","edge",1000,"large","M0","Other",0
"mrgn","CSq","edge",1000,"large","M1","Other",1
"mrgn","CSq","edge",1000,"large","M2","Other",0
"mrgn","CSq","edge",1000,"large","M3","Other",0
"mrgn","CSq","edge",1000,"large","M4","Other",0
"mrgn","CSa","model",50,"all","M0","M0",0
"mrgn","CSa","model",50,"all","M1","M0",0
"mrgn","CSa","model",50,"all","M2","M0",0
"mrgn","CSa","model",50,"all","M3","M0",0
"mrgn","CSa","model",50,"all","M4","M0",0
"mrgn","CSa","model",50,"all","M0","M1",0
"mrgn","CSa","model",50,"all","M1","M1",0
"mrgn","CSa","model",50,"all","M2","M1",0
"mrgn","CSa","model",50,"all","M3","M1",0
"mrgn","CSa","model",50,"all","M4","M1",0
"mrgn","CSa","model",50,"all","M0","M2",0
"mrgn","CSa","model",50,"all","M1","M2",0
"mrgn","CSa","model",50,"all","M2","M2",0
"mrgn","CSa","model",50,"all","M3","M2",0
"mrgn","CSa","model",50,"all","M4","M2",0
"mrgn","CSa","model",50,"all","M0","M3",0
"mrgn","CSa","model",50,"all","M1","M3",0
"mrgn","CSa","model",50,"all","M2","M3",0
"mrgn","CSa","model",50,"all","M3","M3",0
"mrgn","CSa","model",50,"all","M4","M3",0
"mrgn","CSa","model",50,"all","M0","M4",0
"mrgn","CSa","model",50,"all","M1","M4",0
"mrgn","CSa","model",50,"all","M2","M4",0
"mrgn","CSa","model",50,"all","M3","M4",0
"mrgn","CSa","model",50,"all","M4","M4",0
"mrgn","CSa","model",50,"all","M0","Other",60
"mrgn","CSa","model",50,"all","M1","Other",60
"mrgn","CSa","model",50,"all","M2","Other",60
"mrgn","CSa","model",50,"all","M3","Other",60
"mrgn","CSa","model",50,"all","M4","Other",60
"mrgn","CSa","edge",50,"all","M0","T1 - T2 Edge Absent",0
"mrgn","CSa","edge",50,"all","M1","T1 - T2 Edge Absent",0
"mrgn","CSa","edge",50,"all","M2","T1 - T2 Edge Absent",0
"mrgn","CSa","edge",50,"all","M3","T1 - T2 Edge Absent",0
"mrgn","CSa","edge",50,"all","M4","T1 - T2 Edge Absent",0
"mrgn","CSa","edge",50,"all","M0","T1 - T2 Edge Present",0
"mrgn","CSa","edge",50,"all","M1","T1 - T2 Edge Present",0
"mrgn","CSa","edge",50,"all","M2","T1 - T2 Edge Present",0
"mrgn","CSa","edge",50,"all","M3","T1 - T2 Edge Present",0
"mrgn","CSa","edge",50,"all","M4","T1 - T2 Edge Present",0
"mrgn","CSa","edge",50,"all","M0","Other",60
"mrgn","CSa","edge",50,"all","M1","Other",60
"mrgn","CSa","edge",50,"all","M2","Other",60
"mrgn","CSa","edge",50,"all","M3","Other",60
"mrgn","CSa","edge",50,"all","M4","Other",60
"mrgn","CSa","model",50,"small","M0","M0",0
"mrgn","CSa","model",50,"small","M1","M0",0
"mrgn","CSa","model",50,"small","M2","M0",0
"mrgn","CSa","model",50,"small","M3","M0",0
"mrgn","CSa","model",50,"small","M4","M0",0
"mrgn","CSa","model",50,"small","M0","M1",0
"mrgn","CSa","model",50,"small","M1","M1",0
"mrgn","CSa","model",50,"small","M2","M1",0
"mrgn","CSa","model",50,"small","M3","M1",0
"mrgn","CSa","model",50,"small","M4","M1",0
"mrgn","CSa","model",50,"small","M0","M2",0
"mrgn","CSa","model",50,"small","M1","M2",0
"mrgn","CSa","model",50,"small","M2","M2",0
"mrgn","CSa","model",50,"small","M3","M2",0
"mrgn","CSa","model",50,"small","M4","M2",0
"mrgn","CSa","model",50,"small","M0","M3",0
"mrgn","CSa","model",50,"small","M1","M3",0
"mrgn","CSa","model",50,"small","M2","M3",0
"mrgn","CSa","model",50,"small","M3","M3",0
"mrgn","CSa","model",50,"small","M4","M3",0
"mrgn","CSa","model",50,"small","M0","M4",0
"mrgn","CSa","model",50,"small","M1","M4",0
"mrgn","CSa","model",50,"small","M2","M4",0
"mrgn","CSa","model",50,"small","M3","M4",0
"mrgn","CSa","model",50,"small","M4","M4",0
"mrgn","CSa","model",50,"small","M0","Other",20
"mrgn","CSa","model",50,"small","M1","Other",20
"mrgn","CSa","model",50,"small","M2","Other",20
"mrgn","CSa","model",50,"small","M3","Other",20
"mrgn","CSa","model",50,"small","M4","Other",20
"mrgn","CSa","edge",50,"small","M0","T1 - T2 Edge Absent",0
"mrgn","CSa","edge",50,"small","M1","T1 - T2 Edge Absent",0
"mrgn","CSa","edge",50,"small","M2","T1 - T2 Edge Absent",0
"mrgn","CSa","edge",50,"small","M3","T1 - T2 Edge Absent",0
"mrgn","CSa","edge",50,"small","M4","T1 - T2 Edge Absent",0
"mrgn","CSa","edge",50,"small","M0","T1 - T2 Edge Present",0
"mrgn","CSa","edge",50,"small","M1","T1 - T2 Edge Present",0
"mrgn","CSa","edge",50,"small","M2","T1 - T2 Edge Present",0
"mrgn","CSa","edge",50,"small","M3","T1 - T2 Edge Present",0
"mrgn","CSa","edge",50,"small","M4","T1 - T2 Edge Present",0
"mrgn","CSa","edge",50,"small","M0","Other",20
"mrgn","CSa","edge",50,"small","M1","Other",20
"mrgn","CSa","edge",50,"small","M2","Other",20
"mrgn","CSa","edge",50,"small","M3","Other",20
"mrgn","CSa","edge",50,"small","M4","Other",20
"mrgn","CSa","model",50,"medium","M0","M0",0
"mrgn","CSa","model",50,"medium","M1","M0",0
"mrgn","CSa","model",50,"medium","M2","M0",0
"mrgn","CSa","model",50,"medium","M3","M0",0
"mrgn","CSa","model",50,"medium","M4","M0",0
"mrgn","CSa","model",50,"medium","M0","M1",0
"mrgn","CSa","model",50,"medium","M1","M1",0
"mrgn","CSa","model",50,"medium","M2","M1",0
"mrgn","CSa","model",50,"medium","M3","M1",0
"mrgn","CSa","model",50,"medium","M4","M1",0
"mrgn","CSa","model",50,"medium","M0","M2",0
"mrgn","CSa","model",50,"medium","M1","M2",0
"mrgn","CSa","model",50,"medium","M2","M2",0
"mrgn","CSa","model",50,"medium","M3","M2",0
"mrgn","CSa","model",50,"medium","M4","M2",0
"mrgn","CSa","model",50,"medium","M0","M3",0
"mrgn","CSa","model",50,"medium","M1","M3",0
"mrgn","CSa","model",50,"medium","M2","M3",0
"mrgn","CSa","model",50,"medium","M3","M3",0
"mrgn","CSa","model",50,"medium","M4","M3",0
"mrgn","CSa","model",50,"medium","M0","M4",0
"mrgn","CSa","model",50,"medium","M1","M4",0
"mrgn","CSa","model",50,"medium","M2","M4",0
"mrgn","CSa","model",50,"medium","M3","M4",0
"mrgn","CSa","model",50,"medium","M4","M4",0
"mrgn","CSa","model",50,"medium","M0","Other",20
"mrgn","CSa","model",50,"medium","M1","Other",20
"mrgn","CSa","model",50,"medium","M2","Other",20
"mrgn","CSa","model",50,"medium","M3","Other",20
"mrgn","CSa","model",50,"medium","M4","Other",20
"mrgn","CSa","edge",50,"medium","M0","T1 - T2 Edge Absent",0
"mrgn","CSa","edge",50,"medium","M1","T1 - T2 Edge Absent",0
"mrgn","CSa","edge",50,"medium","M2","T1 - T2 Edge Absent",0
"mrgn","CSa","edge",50,"medium","M3","T1 - T2 Edge Absent",0
"mrgn","CSa","edge",50,"medium","M4","T1 - T2 Edge Absent",0
"mrgn","CSa","edge",50,"medium","M0","T1 - T2 Edge Present",0
"mrgn","CSa","edge",50,"medium","M1","T1 - T2 Edge Present",0
"mrgn","CSa","edge",50,"medium","M2","T1 - T2 Edge Present",0
"mrgn","CSa","edge",50,"medium","M3","T1 - T2 Edge Present",0
"mrgn","CSa","edge",50,"medium","M4","T1 - T2 Edge Present",0
"mrgn","CSa","edge",50,"medium","M0","Other",20
"mrgn","CSa","edge",50,"medium","M1","Other",20
"mrgn","CSa","edge",50,"medium","M2","Other",20
"mrgn","CSa","edge",50,"medium","M3","Other",20
"mrgn","CSa","edge",50,"medium","M4","Other",20
"mrgn","CSa","model",50,"large","M0","M0",0
"mrgn","CSa","model",50,"large","M1","M0",0
"mrgn","CSa","model",50,"large","M2","M0",0
"mrgn","CSa","model",50,"large","M3","M0",0
"mrgn","CSa","model",50,"large","M4","M0",0
"mrgn","CSa","model",50,"large","M0","M1",0
"mrgn","CSa","model",50,"large","M1","M1",0
"mrgn","CSa","model",50,"large","M2","M1",0
"mrgn","CSa","model",50,"large","M3","M1",0
"mrgn","CSa","model",50,"large","M4","M1",0
"mrgn","CSa","model",50,"large","M0","M2",0
"mrgn","CSa","model",50,"large","M1","M2",0
"mrgn","CSa","model",50,"large","M2","M2",0
"mrgn","CSa","model",50,"large","M3","M2",0
"mrgn","CSa","model",50,"large","M4","M2",0
"mrgn","CSa","model",50,"large","M0","M3",0
"mrgn","CSa","model",50,"large","M1","M3",0
"mrgn","CSa","model",50,"large","M2","M3",0
"mrgn","CSa","model",50,"large","M3","M3",0
"mrgn","CSa","model",50,"large","M4","M3",0
"mrgn","CSa","model",50,"large","M0","M4",0
"mrgn","CSa","model",50,"large","M1","M4",0
"mrgn","CSa","model",50,"large","M2","M4",0
"mrgn","CSa","model",50,"large","M3","M4",0
"mrgn","CSa","model",50,"large","M4","M4",0
"mrgn","CSa","model",50,"large","M0","Other",20
"mrgn","CSa","model",50,"large","M1","Other",20
"mrgn","CSa","model",50,"large","M2","Other",20
"mrgn","CSa","model",50,"large","M3","Other",20
"mrgn","CSa","model",50,"large","M4","Other",20
"mrgn","CSa","edge",50,"large","M0","T1 - T2 Edge Absent",0
"mrgn","CSa","edge",50,"large","M1","T1 - T2 Edge Absent",0
"mrgn","CSa","edge",50,"large","M2","T1 - T2 Edge Absent",0
"mrgn","CSa","edge",50,"large","M3","T1 - T2 Edge Absent",0
"mrgn","CSa","edge",50,"large","M4","T1 - T2 Edge Absent",0
"mrgn","CSa","edge",50,"large","M0","T1 - T2 Edge Present",0
"mrgn","CSa","edge",50,"large","M1","T1 - T2 Edge Present",0
"mrgn","CSa","edge",50,"large","M2","T1 - T2 Edge Present",0
"mrgn","CSa","edge",50,"large","M3","T1 - T2 Edge Present",0
"mrgn","CSa","edge",50,"large","M4","T1 - T2 Edge Present",0
"mrgn","CSa","edge",50,"large","M0","Other",20
"mrgn","CSa","edge",50,"large","M1","Other",20
"mrgn","CSa","edge",50,"large","M2","Other",20
"mrgn","CSa","edge",50,"large","M3","Other",20
"mrgn","CSa","edge",50,"large","M4","Other",20
"mrgn","CSa","model",150,"all","M0","M0",14
"mrgn","CSa","model",150,"all","M1","M0",3
"mrgn","CSa","model",150,"all","M2","M0",2
"mrgn","CSa","model",150,"all","M3","M0",13
"mrgn","CSa","model",150,"all","M4","M0",1
"mrgn","CSa","model",150,"all","M0","M1",0
"mrgn","CSa","model",150,"all","M1","M1",4
"mrgn","CSa","model",150,"all","M2","M1",7
"mrgn","CSa","model",150,"all","M3","M1",2
"mrgn","CSa","model",150,"all","M4","M1",7
"mrgn","CSa","model",150,"all","M0","M2",0
"mrgn","CSa","model",150,"all","M1","M2",0
"mrgn","CSa","model",150,"all","M2","M2",1
"mrgn","CSa","model",150,"all","M3","M2",0
"mrgn","CSa","model",150,"all","M4","M2",0
"mrgn","CSa","model",150,"all","M0","M3",0
"mrgn","CSa","model",150,"all","M1","M3",0
"mrgn","CSa","model",150,"all","M2","M3",0
"mrgn","CSa","model",150,"all","M3","M3",1
"mrgn","CSa","model",150,"all","M4","M3",0
"mrgn","CSa","model",150,"all","M0","M4",0
"mrgn","CSa","model",150,"all","M1","M4",0
"mrgn","CSa","model",150,"all","M2","M4",0
"mrgn","CSa","model",150,"all","M3","M4",0
"mrgn","CSa","model",150,"all","M4","M4",0
"mrgn","CSa","model",150,"all","M0","Other",46
"mrgn","CSa","model",150,"all","M1","Other",53
"mrgn","CSa","model",150,"all","M2","Other",50
"mrgn","CSa","model",150,"all","M3","Other",44
"mrgn","CSa","model",150,"all","M4","Other",52
"mrgn","CSa","edge",150,"all","M0","T1 - T2 Edge Absent",14
"mrgn","CSa","edge",150,"all","M1","T1 - T2 Edge Absent",3
"mrgn","CSa","edge",150,"all","M2","T1 - T2 Edge Absent",2
"mrgn","CSa","edge",150,"all","M3","T1 - T2 Edge Absent",14
"mrgn","CSa","edge",150,"all","M4","T1 - T2 Edge Absent",1
"mrgn","CSa","edge",150,"all","M0","T1 - T2 Edge Present",0
"mrgn","CSa","edge",150,"all","M1","T1 - T2 Edge Present",4
"mrgn","CSa","edge",150,"all","M2","T1 - T2 Edge Present",8
"mrgn","CSa","edge",150,"all","M3","T1 - T2 Edge Present",2
"mrgn","CSa","edge",150,"all","M4","T1 - T2 Edge Present",7
"mrgn","CSa","edge",150,"all","M0","Other",46
"mrgn","CSa","edge",150,"all","M1","Other",53
"mrgn","CSa","edge",150,"all","M2","Other",50
"mrgn","CSa","edge",150,"all","M3","Other",44
"mrgn","CSa","edge",150,"all","M4","Other",52
"mrgn","CSa","model",150,"small","M0","M0",0
"mrgn","CSa","model",150,"small","M1","M0",2
"mrgn","CSa","model",150,"small","M2","M0",0
"mrgn","CSa","model",150,"small","M3","M0",0
"mrgn","CSa","model",150,"small","M4","M0",0
"mrgn","CSa","model",150,"small","M0","M1",0
"mrgn","CSa","model",150,"small","M1","M1",0
"mrgn","CSa","model",150,"small","M2","M1",0
"mrgn","CSa","model",150,"small","M3","M1",0
"mrgn","CSa","model",150,"small","M4","M1",0
"mrgn","CSa","model",150,"small","M0","M2",0
"mrgn","CSa","model",150,"small","M1","M2",0
"mrgn","CSa","model",150,"small","M2","M2",0
"mrgn","CSa","model",150,"small","M3","M2",0
"mrgn","CSa","model",150,"small","M4","M2",0
"mrgn","CSa","model",150,"small","M0","M3",0
"mrgn","CSa","model",150,"small","M1","M3",0
"mrgn","CSa","model",150,"small","M2","M3",0
"mrgn","CSa","model",150,"small","M3","M3",0
"mrgn","CSa","model",150,"small","M4","M3",0
"mrgn","CSa","model",150,"small","M0","M4",0
"mrgn","CSa","model",150,"small","M1","M4",0
"mrgn","CSa","model",150,"small","M2","M4",0
"mrgn","CSa","model",150,"small","M3","M4",0
"mrgn","CSa","model",150,"small","M4","M4",0
"mrgn","CSa","model",150,"small","M0","Other",20
"mrgn","CSa","model",150,"small","M1","Other",18
"mrgn","CSa","model",150,"small","M2","Other",20
"mrgn","CSa","model",150,"small","M3","Other",20
"mrgn","CSa","model",150,"small","M4","Other",20
"mrgn","CSa","edge",150,"small","M0","T1 - T2 Edge Absent",0
"mrgn","CSa","edge",150,"small","M1","T1 - T2 Edge Absent",2
"mrgn","CSa","edge",150,"small","M2","T1 - T2 Edge Absent",0
"mrgn","CSa","edge",150,"small","M3","T1 - T2 Edge Absent",0
"mrgn","CSa","edge",150,"small","M4","T1 - T2 Edge Absent",0
"mrgn","CSa","edge",150,"small","M0","T1 - T2 Edge Present",0
"mrgn","CSa","edge",150,"small","M1","T1 - T2 Edge Present",0
"mrgn","CSa","edge",150,"small","M2","T1 - T2 Edge Present",0
"mrgn","CSa","edge",150,"small","M3","T1 - T2 Edge Present",0
"mrgn","CSa","edge",150,"small","M4","T1 - T2 Edge Present",0
"mrgn","CSa","edge",150,"small","M0","Other",20
"mrgn","CSa","edge",150,"small","M1","Other",18
"mrgn","CSa","edge",150,"small","M2","Other",20
"mrgn","CSa","edge",150,"small","M3","Other",20
"mrgn","CSa","edge",150,"small","M4","Other",20
"mrgn","CSa","model",150,"medium","M0","M0",4
"mrgn","CSa","model",150,"medium","M1","M0",0
"mrgn","CSa","model",150,"medium","M2","M0",1
"mrgn","CSa","model",150,"medium","M3","M0",4
"mrgn","CSa","model",150,"medium","M4","M0",1
"mrgn","CSa","model",150,"medium","M0","M1",0
"mrgn","CSa","model",150,"medium","M1","M1",1
"mrgn","CSa","model",150,"medium","M2","M1",0
"mrgn","CSa","model",150,"medium","M3","M1",1
"mrgn","CSa","model",150,"medium","M4","M1",2
"mrgn","CSa","model",150,"medium","M0","M2",0
"mrgn","CSa","model",150,"medium","M1","M2",0
"mrgn","CSa","model",150,"medium","M2","M2",0
"mrgn","CSa","model",150,"medium","M3","M2",0
"mrgn","CSa","model",150,"medium","M4","M2",0
"mrgn","CSa","model",150,"medium","M0","M3",0
"mrgn","CSa","model",150,"medium","M1","M3",0
"mrgn","CSa","model",150,"medium","M2","M3",0
"mrgn","CSa","model",150,"medium","M3","M3",0
"mrgn","CSa","model",150,"medium","M4","M3",0
"mrgn","CSa","model",150,"medium","M0","M4",0
"mrgn","CSa","model",150,"medium","M1","M4",0
"mrgn","CSa","model",150,"medium","M2","M4",0
"mrgn","CSa","model",150,"medium","M3","M4",0
"mrgn","CSa","model",150,"medium","M4","M4",0
"mrgn","CSa","model",150,"medium","M0","Other",16
"mrgn","CSa","model",150,"medium","M1","Other",19
"mrgn","CSa","model",150,"medium","M2","Other",19
"mrgn","CSa","model",150,"medium","M3","Other",15
"mrgn","CSa","model",150,"medium","M4","Other",17
"mrgn","CSa","edge",150,"medium","M0","T1 - T2 Edge Absent",4
"mrgn","CSa","edge",150,"medium","M1","T1 - T2 Edge Absent",0
"mrgn","CSa","edge",150,"medium","M2","T1 - T2 Edge Absent",1
"mrgn","CSa","edge",150,"medium","M3","T1 - T2 Edge Absent",4
"mrgn","CSa","edge",150,"medium","M4","T1 - T2 Edge Absent",1
"mrgn","CSa","edge",150,"medium","M0","T1 - T2 Edge Present",0
"mrgn","CSa","edge",150,"medium","M1","T1 - T2 Edge Present",1
"mrgn","CSa","edge",150,"medium","M2","T1 - T2 Edge Present",0
"mrgn","CSa","edge",150,"medium","M3","T1 - T2 Edge Present",1
"mrgn","CSa","edge",150,"medium","M4","T1 - T2 Edge Present",2
"mrgn","CSa","edge",150,"medium","M0","Other",16
"mrgn","CSa","edge",150,"medium","M1","Other",19
"mrgn","CSa","edge",150,"medium","M2","Other",19
"mrgn","CSa","edge",150,"medium","M3","Other",15
"mrgn","CSa","edge",150,"medium","M4","Other",17
"mrgn","CSa","model",150,"large","M0","M0",10
"mrgn","CSa","model",150,"large","M1","M0",1
"mrgn","CSa","model",150,"large","M2","M0",1
"mrgn","CSa","model",150,"large","M3","M0",9
"mrgn","CSa","model",150,"large","M4","M0",0
"mrgn","CSa","model",150,"large","M0","M1",0
"mrgn","CSa","model",150,"large","M1","M1",3
"mrgn","CSa","model",150,"large","M2","M1",7
"mrgn","CSa","model",150,"large","M3","M1",1
"mrgn","CSa","model",150,"large","M4","M1",5
"mrgn","CSa","model",150,"large","M0","M2",0
"mrgn","CSa","model",150,"large","M1","M2",0
"mrgn","CSa","model",150,"large","M2","M2",1
"mrgn","CSa","model",150,"large","M3","M2",0
"mrgn","CSa","model",150,"large","M4","M2",0
"mrgn","CSa","model",150,"large","M0","M3",0
"mrgn","CSa","model",150,"large","M1","M3",0
"mrgn","CSa","model",150,"large","M2","M3",0
"mrgn","CSa","model",150,"large","M3","M3",1
"mrgn","CSa","model",150,"large","M4","M3",0
"mrgn","CSa","model",150,"large","M0","M4",0
"mrgn","CSa","model",150,"large","M1","M4",0
"mrgn","CSa","model",150,"large","M2","M4",0
"mrgn","CSa","model",150,"large","M3","M4",0
"mrgn","CSa","model",150,"large","M4","M4",0
"mrgn","CSa","model",150,"large","M0","Other",10
"mrgn","CSa","model",150,"large","M1","Other",16
"mrgn","CSa","model",150,"large","M2","Other",11
"mrgn","CSa","model",150,"large","M3","Other",9
"mrgn","CSa","model",150,"large","M4","Other",15
"mrgn","CSa","edge",150,"large","M0","T1 - T2 Edge Absent",10
"mrgn","CSa","edge",150,"large","M1","T1 - T2 Edge Absent",1
"mrgn","CSa","edge",150,"large","M2","T1 - T2 Edge Absent",1
"mrgn","CSa","edge",150,"large","M3","T1 - T2 Edge Absent",10
"mrgn","CSa","edge",150,"large","M4","T1 - T2 Edge Absent",0
"mrgn","CSa","edge",150,"large","M0","T1 - T2 Edge Present",0
"mrgn","CSa","edge",150,"large","M1","T1 - T2 Edge Present",3
"mrgn","CSa","edge",150,"large","M2","T1 - T2 Edge Present",8
"mrgn","CSa","edge",150,"large","M3","T1 - T2 Edge Present",1
"mrgn","CSa","edge",150,"large","M4","T1 - T2 Edge Present",5
"mrgn","CSa","edge",150,"large","M0","Other",10
"mrgn","CSa","edge",150,"large","M1","Other",16
"mrgn","CSa","edge",150,"large","M2","Other",11
"mrgn","CSa","edge",150,"large","M3","Other",9
"mrgn","CSa","edge",150,"large","M4","Other",15
"mrgn","CSa","model",300,"all","M0","M0",33
"mrgn","CSa","model",300,"all","M1","M0",3
"mrgn","CSa","model",300,"all","M2","M0",2
"mrgn","CSa","model",300,"all","M3","M0",4
"mrgn","CSa","model",300,"all","M4","M0",3
"mrgn","CSa","model",300,"all","M0","M1",4
"mrgn","CSa","model",300,"all","M1","M1",34
"mrgn","CSa","model",300,"all","M2","M1",21
"mrgn","CSa","model",300,"all","M3","M1",2
"mrgn","CSa","model",300,"all","M4","M1",30
"mrgn","CSa","model",300,"all","M0","M2",0
"mrgn","CSa","model",300,"all","M1","M2",0
"mrgn","CSa","model",300,"all","M2","M2",12
"mrgn","CSa","model",300,"all","M3","M2",0
"mrgn","CSa","model",300,"all","M4","M2",0
"mrgn","CSa","model",300,"all","M0","M3",0
"mrgn","CSa","model",300,"all","M1","M3",0
"mrgn","CSa","model",300,"all","M2","M3",0
"mrgn","CSa","model",300,"all","M3","M3",23
"mrgn","CSa","model",300,"all","M4","M3",0
"mrgn","CSa","model",300,"all","M0","M4",0
"mrgn","CSa","model",300,"all","M1","M4",0
"mrgn","CSa","model",300,"all","M2","M4",0
"mrgn","CSa","model",300,"all","M3","M4",11
"mrgn","CSa","model",300,"all","M4","M4",7
"mrgn","CSa","model",300,"all","M0","Other",23
"mrgn","CSa","model",300,"all","M1","Other",23
"mrgn","CSa","model",300,"all","M2","Other",25
"mrgn","CSa","model",300,"all","M3","Other",20
"mrgn","CSa","model",300,"all","M4","Other",20
"mrgn","CSa","edge",300,"all","M0","T1 - T2 Edge Absent",33
"mrgn","CSa","edge",300,"all","M1","T1 - T2 Edge Absent",3
"mrgn","CSa","edge",300,"all","M2","T1 - T2 Edge Absent",2
"mrgn","CSa","edge",300,"all","M3","T1 - T2 Edge Absent",27
"mrgn","CSa","edge",300,"all","M4","T1 - T2 Edge Absent",3
"mrgn","CSa","edge",300,"all","M0","T1 - T2 Edge Present",4
"mrgn","CSa","edge",300,"all","M1","T1 - T2 Edge Present",34
"mrgn","CSa","edge",300,"all","M2","T1 - T2 Edge Present",33
"mrgn","CSa","edge",300,"all","M3","T1 - T2 Edge Present",13
"mrgn","CSa","edge",300,"all","M4","T1 - T2 Edge Present",37
"mrgn","CSa","edge",300,"all","M0","Other",23
"mrgn","CSa","edge",300,"all","M1","Other",23
"mrgn","CSa","edge",300,"all","M2","Other",25
"mrgn","CSa","edge",300,"all","M3","Other",20
"mrgn","CSa","edge",300,"all","M4","Other",20
"mrgn","CSa","model",300,"small","M0","M0",7
"mrgn","CSa","model",300,"small","M1","M0",2
"mrgn","CSa","model",300,"small","M2","M0",0
"mrgn","CSa","model",300,"small","M3","M0",1
"mrgn","CSa","model",300,"small","M4","M0",2
"mrgn","CSa","model",300,"small","M0","M1",0
"mrgn","CSa","model",300,"small","M1","M1",4
"mrgn","CSa","model",300,"small","M2","M1",1
"mrgn","CSa","model",300,"small","M3","M1",0
"mrgn","CSa","model",300,"small","M4","M1",1
"mrgn","CSa","model",300,"small","M0","M2",0
"mrgn","CSa","model",300,"small","M1","M2",0
"mrgn","CSa","model",300,"small","M2","M2",0
"mrgn","CSa","model",300,"small","M3","M2",0
"mrgn","CSa","model",300,"small","M4","M2",0
"mrgn","CSa","model",300,"small","M0","M3",0
"mrgn","CSa","model",300,"small","M1","M3",0
"mrgn","CSa","model",300,"small","M2","M3",0
"mrgn","CSa","model",300,"small","M3","M3",1
"mrgn","CSa","model",300,"small","M4","M3",0
"mrgn","CSa","model",300,"small","M0","M4",0
"mrgn","CSa","model",300,"small","M1","M4",0
"mrgn","CSa","model",300,"small","M2","M4",0
"mrgn","CSa","model",300,"small","M3","M4",0
"mrgn","CSa","model",300,"small","M4","M4",0
"mrgn","CSa","model",300,"small","M0","Other",13
"mrgn","CSa","model",300,"small","M1","Other",14
"mrgn","CSa","model",300,"small","M2","Other",19
"mrgn","CSa","model",300,"small","M3","Other",18
"mrgn","CSa","model",300,"small","M4","Other",17
"mrgn","CSa","edge",300,"small","M0","T1 - T2 Edge Absent",7
"mrgn","CSa","edge",300,"small","M1","T1 - T2 Edge Absent",2
"mrgn","CSa","edge",300,"small","M2","T1 - T2 Edge Absent",0
"mrgn","CSa","edge",300,"small","M3","T1 - T2 Edge Absent",2
"mrgn","CSa","edge",300,"small","M4","T1 - T2 Edge Absent",2
"mrgn","CSa","edge",300,"small","M0","T1 - T2 Edge Present",0
"mrgn","CSa","edge",300,"small","M1","T1 - T2 Edge Present",4
"mrgn","CSa","edge",300,"small","M2","T1 - T2 Edge Present",1
"mrgn","CSa","edge",300,"small","M3","T1 - T2 Edge Present",0
"mrgn","CSa","edge",300,"small","M4","T1 - T2 Edge Present",1
"mrgn","CSa","edge",300,"small","M0","Other",13
"mrgn","CSa","edge",300,"small","M1","Other",14
"mrgn","CSa","edge",300,"small","M2","Other",19
"mrgn","CSa","edge",300,"small","M3","Other",18
"mrgn","CSa","edge",300,"small","M4","Other",17
"mrgn","CSa","model",300,"medium","M0","M0",10
"mrgn","CSa","model",300,"medium","M1","M0",1
"mrgn","CSa","model",300,"medium","M2","M0",2
"mrgn","CSa","model",300,"medium","M3","M0",2
"mrgn","CSa","model",300,"medium","M4","M0",1
"mrgn","CSa","model",300,"medium","M0","M1",2
"mrgn","CSa","model",300,"medium","M1","M1",14
"mrgn","CSa","model",300,"medium","M2","M1",13
"mrgn","CSa","model",300,"medium","M3","M1",2
"mrgn","CSa","model",300,"medium","M4","M1",10
"mrgn","CSa","model",300,"medium","M0","M2",0
"mrgn","CSa","model",300,"medium","M1","M2",0
"mrgn","CSa","model",300,"medium","M2","M2",1
"mrgn","CSa","model",300,"medium","M3","M2",0
"mrgn","CSa","model",300,"medium","M4","M2",0
"mrgn","CSa","model",300,"medium","M0","M3",0
"mrgn","CSa","model",300,"medium","M1","M3",0
"mrgn","CSa","model",300,"medium","M2","M3",0
"mrgn","CSa","model",300,"medium","M3","M3",13
"mrgn","CSa","model",300,"medium","M4","M3",0
"mrgn","CSa","model",300,"medium","M0","M4",0
"mrgn","CSa","model",300,"medium","M1","M4",0
"mrgn","CSa","model",300,"medium","M2","M4",0
"mrgn","CSa","model",300,"medium","M3","M4",1
"mrgn","CSa","model",300,"medium","M4","M4",6
"mrgn","CSa","model",300,"medium","M0","Other",8
"mrgn","CSa","model",300,"medium","M1","Other",5
"mrgn","CSa","model",300,"medium","M2","Other",4
"mrgn","CSa","model",300,"medium","M3","Other",2
"mrgn","CSa","model",300,"medium","M4","Other",3
"mrgn","CSa","edge",300,"medium","M0","T1 - T2 Edge Absent",10
"mrgn","CSa","edge",300,"medium","M1","T1 - T2 Edge Absent",1
"mrgn","CSa","edge",300,"medium","M2","T1 - T2 Edge Absent",2
"mrgn","CSa","edge",300,"medium","M3","T1 - T2 Edge Absent",15
"mrgn","CSa","edge",300,"medium","M4","T1 - T2 Edge Absent",1
"mrgn","CSa","edge",300,"medium","M0","T1 - T2 Edge Present",2
"mrgn","CSa","edge",300,"medium","M1","T1 - T2 Edge Present",14
"mrgn","CSa","edge",300,"medium","M2","T1 - T2 Edge Present",14
"mrgn","CSa","edge",300,"medium","M3","T1 - T2 Edge Present",3
"mrgn","CSa","edge",300,"medium","M4","T1 - T2 Edge Present",16
"mrgn","CSa","edge",300,"medium","M0","Other",8
"mrgn","CSa","edge",300,"medium","M1","Other",5
"mrgn","CSa","edge",300,"medium","M2","Other",4
"mrgn","CSa","edge",300,"medium","M3","Other",2
"mrgn","CSa","edge",300,"medium","M4","Other",3
"mrgn","CSa","model",300,"large","M0","M0",16
"mrgn","CSa","model",300,"large","M1","M0",0
"mrgn","CSa","model",300,"large","M2","M0",0
"mrgn","CSa","model",300,"large","M3","M0",1
"mrgn","CSa","model",300,"large","M4","M0",0
"mrgn","CSa","model",300,"large","M0","M1",2
"mrgn","CSa","model",300,"large","M1","M1",16
"mrgn","CSa","model",300,"large","M2","M1",7
"mrgn","CSa","model",300,"large","M3","M1",0
"mrgn","CSa","model",300,"large","M4","M1",19
"mrgn","CSa","model",300,"large","M0","M2",0
"mrgn","CSa","model",300,"large","M1","M2",0
"mrgn","CSa","model",300,"large","M2","M2",11
"mrgn","CSa","model",300,"large","M3","M2",0
"mrgn","CSa","model",300,"large","M4","M2",0
"mrgn","CSa","model",300,"large","M0","M3",0
"mrgn","CSa","model",300,"large","M1","M3",0
"mrgn","CSa","model",300,"large","M2","M3",0
"mrgn","CSa","model",300,"large","M3","M3",9
"mrgn","CSa","model",300,"large","M4","M3",0
"mrgn","CSa","model",300,"large","M0","M4",0
"mrgn","CSa","model",300,"large","M1","M4",0
"mrgn","CSa","model",300,"large","M2","M4",0
"mrgn","CSa","model",300,"large","M3","M4",10
"mrgn","CSa","model",300,"large","M4","M4",1
"mrgn","CSa","model",300,"large","M0","Other",2
"mrgn","CSa","model",300,"large","M1","Other",4
"mrgn","CSa","model",300,"large","M2","Other",2
"mrgn","CSa","model",300,"large","M3","Other",0
"mrgn","CSa","model",300,"large","M4","Other",0
"mrgn","CSa","edge",300,"large","M0","T1 - T2 Edge Absent",16
"mrgn","CSa","edge",300,"large","M1","T1 - T2 Edge Absent",0
"mrgn","CSa","edge",300,"large","M2","T1 - T2 Edge Absent",0
"mrgn","CSa","edge",300,"large","M3","T1 - T2 Edge Absent",10
"mrgn","CSa","edge",300,"large","M4","T1 - T2 Edge Absent",0
"mrgn","CSa","edge",300,"large","M0","T1 - T2 Edge Present",2
"mrgn","CSa","edge",300,"large","M1","T1 - T2 Edge Present",16
"mrgn","CSa","edge",300,"large","M2","T1 - T2 Edge Present",18
"mrgn","CSa","edge",300,"large","M3","T1 - T2 Edge Present",10
"mrgn","CSa","edge",300,"large","M4","T1 - T2 Edge Present",20
"mrgn","CSa","edge",300,"large","M0","Other",2
"mrgn","CSa","edge",300,"large","M1","Other",4
"mrgn","CSa","edge",300,"large","M2","Other",2
"mrgn","CSa","edge",300,"large","M3","Other",0
"mrgn","CSa","edge",300,"large","M4","Other",0
"mrgn","CSa","model",670,"all","M0","M0",31
"mrgn","CSa","model",670,"all","M1","M0",3
"mrgn","CSa","model",670,"all","M2","M0",7
"mrgn","CSa","model",670,"all","M3","M0",2
"mrgn","CSa","model",670,"all","M4","M0",2
"mrgn","CSa","model",670,"all","M0","M1",19
"mrgn","CSa","model",670,"all","M1","M1",46
"mrgn","CSa","model",670,"all","M2","M1",14
"mrgn","CSa","model",670,"all","M3","M1",1
"mrgn","CSa","model",670,"all","M4","M1",25
"mrgn","CSa","model",670,"all","M0","M2",0
"mrgn","CSa","model",670,"all","M1","M2",0
"mrgn","CSa","model",670,"all","M2","M2",33
"mrgn","CSa","model",670,"all","M3","M2",0
"mrgn","CSa","model",670,"all","M4","M2",0
"mrgn","CSa","model",670,"all","M0","M3",0
"mrgn","CSa","model",670,"all","M1","M3",0
"mrgn","CSa","model",670,"all","M2","M3",0
"mrgn","CSa","model",670,"all","M3","M3",26
"mrgn","CSa","model",670,"all","M4","M3",3
"mrgn","CSa","model",670,"all","M0","M4",0
"mrgn","CSa","model",670,"all","M1","M4",0
"mrgn","CSa","model",670,"all","M2","M4",0
"mrgn","CSa","model",670,"all","M3","M4",25
"mrgn","CSa","model",670,"all","M4","M4",26
"mrgn","CSa","model",670,"all","M0","Other",10
"mrgn","CSa","model",670,"all","M1","Other",11
"mrgn","CSa","model",670,"all","M2","Other",6
"mrgn","CSa","model",670,"all","M3","Other",6
"mrgn","CSa","model",670,"all","M4","Other",4
"mrgn","CSa","edge",670,"all","M0","T1 - T2 Edge Absent",31
"mrgn","CSa","edge",670,"all","M1","T1 - T2 Edge Absent",3
"mrgn","CSa","edge",670,"all","M2","T1 - T2 Edge Absent",7
"mrgn","CSa","edge",670,"all","M3","T1 - T2 Edge Absent",28
"mrgn","CSa","edge",670,"all","M4","T1 - T2 Edge Absent",5
"mrgn","CSa","edge",670,"all","M0","T1 - T2 Edge Present",19
"mrgn","CSa","edge",670,"all","M1","T1 - T2 Edge Present",46
"mrgn","CSa","edge",670,"all","M2","T1 - T2 Edge Present",47
"mrgn","CSa","edge",670,"all","M3","T1 - T2 Edge Present",26
"mrgn","CSa","edge",670,"all","M4","T1 - T2 Edge Present",51
"mrgn","CSa","edge",670,"all","M0","Other",10
"mrgn","CSa","edge",670,"all","M1","Other",11
"mrgn","CSa","edge",670,"all","M2","Other",6
"mrgn","CSa","edge",670,"all","M3","Other",6
"mrgn","CSa","edge",670,"all","M4","Other",4
"mrgn","CSa","model",670,"small","M0","M0",3
"mrgn","CSa","model",670,"small","M1","M0",3
"mrgn","CSa","model",670,"small","M2","M0",7
"mrgn","CSa","model",670,"small","M3","M0",1
"mrgn","CSa","model",670,"small","M4","M0",2
"mrgn","CSa","model",670,"small","M0","M1",9
"mrgn","CSa","model",670,"small","M1","M1",8
"mrgn","CSa","model",670,"small","M2","M1",7
"mrgn","CSa","model",670,"small","M3","M1",1
"mrgn","CSa","model",670,"small","M4","M1",5
"mrgn","CSa","model",670,"small","M0","M2",0
"mrgn","CSa","model",670,"small","M1","M2",0
"mrgn","CSa","model",670,"small","M2","M2",0
"mrgn","CSa","model",670,"small","M3","M2",0
"mrgn","CSa","model",670,"small","M4","M2",0
"mrgn","CSa","model",670,"small","M0","M3",0
"mrgn","CSa","model",670,"small","M1","M3",0
"mrgn","CSa","model",670,"small","M2","M3",0
"mrgn","CSa","model",670,"small","M3","M3",5
"mrgn","CSa","model",670,"small","M4","M3",3
"mrgn","CSa","model",670,"small","M0","M4",0
"mrgn","CSa","model",670,"small","M1","M4",0
"mrgn","CSa","model",670,"small","M2","M4",0
"mrgn","CSa","model",670,"small","M3","M4",7
"mrgn","CSa","model",670,"small","M4","M4",6
"mrgn","CSa","model",670,"small","M0","Other",8
"mrgn","CSa","model",670,"small","M1","Other",9
"mrgn","CSa","model",670,"small","M2","Other",6
"mrgn","CSa","model",670,"small","M3","Other",6
"mrgn","CSa","model",670,"small","M4","Other",4
"mrgn","CSa","edge",670,"small","M0","T1 - T2 Edge Absent",3
"mrgn","CSa","edge",670,"small","M1","T1 - T2 Edge Absent",3
"mrgn","CSa","edge",670,"small","M2","T1 - T2 Edge Absent",7
"mrgn","CSa","edge",670,"small","M3","T1 - T2 Edge Absent",6
"mrgn","CSa","edge",670,"small","M4","T1 - T2 Edge Absent",5
"mrgn","CSa","edge",670,"small","M0","T1 - T2 Edge Present",9
"mrgn","CSa","edge",670,"small","M1","T1 - T2 Edge Present",8
"mrgn","CSa","edge",670,"small","M2","T1 - T2 Edge Present",7
"mrgn","CSa","edge",670,"small","M3","T1 - T2 Edge Present",8
"mrgn","CSa","edge",670,"small","M4","T1 - T2 Edge Present",11
"mrgn","CSa","edge",670,"small","M0","Other",8
"mrgn","CSa","edge",670,"small","M1","Other",9
"mrgn","CSa","edge",670,"small","M2","Other",6
"mrgn","CSa","edge",670,"small","M3","Other",6
"mrgn","CSa","edge",670,"small","M4","Other",4
"mrgn","CSa","model",670,"medium","M0","M0",12
"mrgn","CSa","model",670,"medium","M1","M0",0
"mrgn","CSa","model",670,"medium","M2","M0",0
"mrgn","CSa","model",670,"medium","M3","M0",1
"mrgn","CSa","model",670,"medium","M4","M0",0
"mrgn","CSa","model",670,"medium","M0","M1",6
"mrgn","CSa","model",670,"medium","M1","M1",18
"mrgn","CSa","model",670,"medium","M2","M1",6
"mrgn","CSa","model",670,"medium","M3","M1",0
"mrgn","CSa","model",670,"medium","M4","M1",5
"mrgn","CSa","model",670,"medium","M0","M2",0
"mrgn","CSa","model",670,"medium","M1","M2",0
"mrgn","CSa","model",670,"medium","M2","M2",14
"mrgn","CSa","model",670,"medium","M3","M2",0
"mrgn","CSa","model",670,"medium","M4","M2",0
"mrgn","CSa","model",670,"medium","M0","M3",0
"mrgn","CSa","model",670,"medium","M1","M3",0
"mrgn","CSa","model",670,"medium","M2","M3",0
"mrgn","CSa","model",670,"medium","M3","M3",13
"mrgn","CSa","model",670,"medium","M4","M3",0
"mrgn","CSa","model",670,"medium","M0","M4",0
"mrgn","CSa","model",670,"medium","M1","M4",0
"mrgn","CSa","model",670,"medium","M2","M4",0
"mrgn","CSa","model",670,"medium","M3","M4",6
"mrgn","CSa","model",670,"medium","M4","M4",15
"mrgn","CSa","model",670,"medium","M0","Other",2
"mrgn","CSa","model",670,"medium","M1","Other",2
"mrgn","CSa","model",670,"medium","M2","Other",0
"mrgn","CSa","model",670,"medium","M3","Other",0
"mrgn","CSa","model",670,"medium","M4","Other",0
"mrgn","CSa","edge",670,"medium","M0","T1 - T2 Edge Absent",12
"mrgn","CSa","edge",670,"medium","M1","T1 - T2 Edge Absent",0
"mrgn","CSa","edge",670,"medium","M2","T1 - T2 Edge Absent",0
"mrgn","CSa","edge",670,"medium","M3","T1 - T2 Edge Absent",14
"mrgn","CSa","edge",670,"medium","M4","T1 - T2 Edge Absent",0
"mrgn","CSa","edge",670,"medium","M0","T1 - T2 Edge Present",6
"mrgn","CSa","edge",670,"medium","M1","T1 - T2 Edge Present",18
"mrgn","CSa","edge",670,"medium","M2","T1 - T2 Edge Present",20
"mrgn","CSa","edge",670,"medium","M3","T1 - T2 Edge Present",6
"mrgn","CSa","edge",670,"medium","M4","T1 - T2 Edge Present",20
"mrgn","CSa","edge",670,"medium","M0","Other",2
"mrgn","CSa","edge",670,"medium","M1","Other",2
"mrgn","CSa","edge",670,"medium","M2","Other",0
"mrgn","CSa","edge",670,"medium","M3","Other",0
"mrgn","CSa","edge",670,"medium","M4","Other",0
"mrgn","CSa","model",670,"large","M0","M0",16
"mrgn","CSa","model",670,"large","M1","M0",0
"mrgn","CSa","model",670,"large","M2","M0",0
"mrgn","CSa","model",670,"large","M3","M0",0
"mrgn","CSa","model",670,"large","M4","M0",0
"mrgn","CSa","model",670,"large","M0","M1",4
"mrgn","CSa","model",670,"large","M1","M1",20
"mrgn","CSa","model",670,"large","M2","M1",1
"mrgn","CSa","model",670,"large","M3","M1",0
"mrgn","CSa","model",670,"large","M4","M1",15
"mrgn","CSa","model",670,"large","M0","M2",0
"mrgn","CSa","model",670,"large","M1","M2",0
"mrgn","CSa","model",670,"large","M2","M2",19
"mrgn","CSa","model",670,"large","M3","M2",0
"mrgn","CSa","model",670,"large","M4","M2",0
"mrgn","CSa","model",670,"large","M0","M3",0
"mrgn","CSa","model",670,"large","M1","M3",0
"mrgn","CSa","model",670,"large","M2","M3",0
"mrgn","CSa","model",670,"large","M3","M3",8
"mrgn","CSa","model",670,"large","M4","M3",0
"mrgn","CSa","model",670,"large","M0","M4",0
"mrgn","CSa","model",670,"large","M1","M4",0
"mrgn","CSa","model",670,"large","M2","M4",0
"mrgn","CSa","model",670,"large","M3","M4",12
"mrgn","CSa","model",670,"large","M4","M4",5
"mrgn","CSa","model",670,"large","M0","Other",0
"mrgn","CSa","model",670,"large","M1","Other",0
"mrgn","CSa","model",670,"large","M2","Other",0
"mrgn","CSa","model",670,"large","M3","Other",0
"mrgn","CSa","model",670,"large","M4","Other",0
"mrgn","CSa","edge",670,"large","M0","T1 - T2 Edge Absent",16
"mrgn","CSa","edge",670,"large","M1","T1 - T2 Edge Absent",0
"mrgn","CSa","edge",670,"large","M2","T1 - T2 Edge Absent",0
"mrgn","CSa","edge",670,"large","M3","T1 - T2 Edge Absent",8
"mrgn","CSa","edge",670,"large","M4","T1 - T2 Edge Absent",0
"mrgn","CSa","edge",670,"large","M0","T1 - T2 Edge Present",4
"mrgn","CSa","edge",670,"large","M1","T1 - T2 Edge Present",20
"mrgn","CSa","edge",670,"large","M2","T1 - T2 Edge Present",20
"mrgn","CSa","edge",670,"large","M3","T1 - T2 Edge Present",12
"mrgn","CSa","edge",670,"large","M4","T1 - T2 Edge Present",20
"mrgn","CSa","edge",670,"large","M0","Other",0
"mrgn","CSa","edge",670,"large","M1","Other",0
"mrgn","CSa","edge",670,"large","M2","Other",0
"mrgn","CSa","edge",670,"large","M3","Other",0
"mrgn","CSa","edge",670,"large","M4","Other",0
"mrgn","CSa","model",1000,"all","M0","M0",29
"mrgn","CSa","model",1000,"all","M1","M0",7
"mrgn","CSa","model",1000,"all","M2","M0",1
"mrgn","CSa","model",1000,"all","M3","M0",1
"mrgn","CSa","model",1000,"all","M4","M0",2
"mrgn","CSa","model",1000,"all","M0","M1",25
"mrgn","CSa","model",1000,"all","M1","M1",43
"mrgn","CSa","model",1000,"all","M2","M1",22
"mrgn","CSa","model",1000,"all","M3","M1",2
"mrgn","CSa","model",1000,"all","M4","M1",11
"mrgn","CSa","model",1000,"all","M0","M2",0
"mrgn","CSa","model",1000,"all","M1","M2",0
"mrgn","CSa","model",1000,"all","M2","M2",30
"mrgn","CSa","model",1000,"all","M3","M2",2
"mrgn","CSa","model",1000,"all","M4","M2",2
"mrgn","CSa","model",1000,"all","M0","M3",0
"mrgn","CSa","model",1000,"all","M1","M3",0
"mrgn","CSa","model",1000,"all","M2","M3",0
"mrgn","CSa","model",1000,"all","M3","M3",26
"mrgn","CSa","model",1000,"all","M4","M3",1
"mrgn","CSa","model",1000,"all","M0","M4",0
"mrgn","CSa","model",1000,"all","M1","M4",0
"mrgn","CSa","model",1000,"all","M2","M4",0
"mrgn","CSa","model",1000,"all","M3","M4",24
"mrgn","CSa","model",1000,"all","M4","M4",39
"mrgn","CSa","model",1000,"all","M0","Other",6
"mrgn","CSa","model",1000,"all","M1","Other",10
"mrgn","CSa","model",1000,"all","M2","Other",7
"mrgn","CSa","model",1000,"all","M3","Other",5
"mrgn","CSa","model",1000,"all","M4","Other",5
"mrgn","CSa","edge",1000,"all","M0","T1 - T2 Edge Absent",29
"mrgn","CSa","edge",1000,"all","M1","T1 - T2 Edge Absent",7
"mrgn","CSa","edge",1000,"all","M2","T1 - T2 Edge Absent",1
"mrgn","CSa","edge",1000,"all","M3","T1 - T2 Edge Absent",27
"mrgn","CSa","edge",1000,"all","M4","T1 - T2 Edge Absent",3
"mrgn","CSa","edge",1000,"all","M0","T1 - T2 Edge Present",25
"mrgn","CSa","edge",1000,"all","M1","T1 - T2 Edge Present",43
"mrgn","CSa","edge",1000,"all","M2","T1 - T2 Edge Present",52
"mrgn","CSa","edge",1000,"all","M3","T1 - T2 Edge Present",28
"mrgn","CSa","edge",1000,"all","M4","T1 - T2 Edge Present",52
"mrgn","CSa","edge",1000,"all","M0","Other",6
"mrgn","CSa","edge",1000,"all","M1","Other",10
"mrgn","CSa","edge",1000,"all","M2","Other",7
"mrgn","CSa","edge",1000,"all","M3","Other",5
"mrgn","CSa","edge",1000,"all","M4","Other",5
"mrgn","CSa","model",1000,"small","M0","M0",3
"mrgn","CSa","model",1000,"small","M1","M0",7
"mrgn","CSa","model",1000,"small","M2","M0",1
"mrgn","CSa","model",1000,"small","M3","M0",0
"mrgn","CSa","model",1000,"small","M4","M0",2
"mrgn","CSa","model",1000,"small","M0","M1",12
"mrgn","CSa","model",1000,"small","M1","M1",5
"mrgn","CSa","model",1000,"small","M2","M1",11
"mrgn","CSa","model",1000,"small","M3","M1",2
"mrgn","CSa","model",1000,"small","M4","M1",2
"mrgn","CSa","model",1000,"small","M0","M2",0
"mrgn","CSa","model",1000,"small","M1","M2",0
"mrgn","CSa","model",1000,"small","M2","M2",1
"mrgn","CSa","model",1000,"small","M3","M2",2
"mrgn","CSa","model",1000,"small","M4","M2",2
"mrgn","CSa","model",1000,"small","M0","M3",0
"mrgn","CSa","model",1000,"small","M1","M3",0
"mrgn","CSa","model",1000,"small","M2","M3",0
"mrgn","CSa","model",1000,"small","M3","M3",7
"mrgn","CSa","model",1000,"small","M4","M3",1
"mrgn","CSa","model",1000,"small","M0","M4",0
"mrgn","CSa","model",1000,"small","M1","M4",0
"mrgn","CSa","model",1000,"small","M2","M4",0
"mrgn","CSa","model",1000,"small","M3","M4",5
"mrgn","CSa","model",1000,"small","M4","M4",9
"mrgn","CSa","model",1000,"small","M0","Other",5
"mrgn","CSa","model",1000,"small","M1","Other",8
"mrgn","CSa","model",1000,"small","M2","Other",7
"mrgn","CSa","model",1000,"small","M3","Other",4
"mrgn","CSa","model",1000,"small","M4","Other",4
"mrgn","CSa","edge",1000,"small","M0","T1 - T2 Edge Absent",3
"mrgn","CSa","edge",1000,"small","M1","T1 - T2 Edge Absent",7
"mrgn","CSa","edge",1000,"small","M2","T1 - T2 Edge Absent",1
"mrgn","CSa","edge",1000,"small","M3","T1 - T2 Edge Absent",7
"mrgn","CSa","edge",1000,"small","M4","T1 - T2 Edge Absent",3
"mrgn","CSa","edge",1000,"small","M0","T1 - T2 Edge Present",12
"mrgn","CSa","edge",1000,"small","M1","T1 - T2 Edge Present",5
"mrgn","CSa","edge",1000,"small","M2","T1 - T2 Edge Present",12
"mrgn","CSa","edge",1000,"small","M3","T1 - T2 Edge Present",9
"mrgn","CSa","edge",1000,"small","M4","T1 - T2 Edge Present",13
"mrgn","CSa","edge",1000,"small","M0","Other",5
"mrgn","CSa","edge",1000,"small","M1","Other",8
"mrgn","CSa","edge",1000,"small","M2","Other",7
"mrgn","CSa","edge",1000,"small","M3","Other",4
"mrgn","CSa","edge",1000,"small","M4","Other",4
"mrgn","CSa","model",1000,"medium","M0","M0",10
"mrgn","CSa","model",1000,"medium","M1","M0",0
"mrgn","CSa","model",1000,"medium","M2","M0",0
"mrgn","CSa","model",1000,"medium","M3","M0",1
"mrgn","CSa","model",1000,"medium","M4","M0",0
"mrgn","CSa","model",1000,"medium","M0","M1",9
"mrgn","CSa","model",1000,"medium","M1","M1",19
"mrgn","CSa","model",1000,"medium","M2","M1",10
"mrgn","CSa","model",1000,"medium","M3","M1",0
"mrgn","CSa","model",1000,"medium","M4","M1",2
"mrgn","CSa","model",1000,"medium","M0","M2",0
"mrgn","CSa","model",1000,"medium","M1","M2",0
"mrgn","CSa","model",1000,"medium","M2","M2",10
"mrgn","CSa","model",1000,"medium","M3","M2",0
"mrgn","CSa","model",1000,"medium","M4","M2",0
"mrgn","CSa","model",1000,"medium","M0","M3",0
"mrgn","CSa","model",1000,"medium","M1","M3",0
"mrgn","CSa","model",1000,"medium","M2","M3",0
"mrgn","CSa","model",1000,"medium","M3","M3",9
"mrgn","CSa","model",1000,"medium","M4","M3",0
"mrgn","CSa","model",1000,"medium","M0","M4",0
"mrgn","CSa","model",1000,"medium","M1","M4",0
"mrgn","CSa","model",1000,"medium","M2","M4",0
"mrgn","CSa","model",1000,"medium","M3","M4",9
"mrgn","CSa","model",1000,"medium","M4","M4",17
"mrgn","CSa","model",1000,"medium","M0","Other",1
"mrgn","CSa","model",1000,"medium","M1","Other",1
"mrgn","CSa","model",1000,"medium","M2","Other",0
"mrgn","CSa","model",1000,"medium","M3","Other",1
"mrgn","CSa","model",1000,"medium","M4","Other",1
"mrgn","CSa","edge",1000,"medium","M0","T1 - T2 Edge Absent",10
"mrgn","CSa","edge",1000,"medium","M1","T1 - T2 Edge Absent",0
"mrgn","CSa","edge",1000,"medium","M2","T1 - T2 Edge Absent",0
"mrgn","CSa","edge",1000,"medium","M3","T1 - T2 Edge Absent",10
"mrgn","CSa","edge",1000,"medium","M4","T1 - T2 Edge Absent",0
"mrgn","CSa","edge",1000,"medium","M0","T1 - T2 Edge Present",9
"mrgn","CSa","edge",1000,"medium","M1","T1 - T2 Edge Present",19
"mrgn","CSa","edge",1000,"medium","M2","T1 - T2 Edge Present",20
"mrgn","CSa","edge",1000,"medium","M3","T1 - T2 Edge Present",9
"mrgn","CSa","edge",1000,"medium","M4","T1 - T2 Edge Present",19
"mrgn","CSa","edge",1000,"medium","M0","Other",1
"mrgn","CSa","edge",1000,"medium","M1","Other",1
"mrgn","CSa","edge",1000,"medium","M2","Other",0
"mrgn","CSa","edge",1000,"medium","M3","Other",1
"mrgn","CSa","edge",1000,"medium","M4","Other",1
"mrgn","CSa","model",1000,"large","M0","M0",16
"mrgn","CSa","model",1000,"large","M1","M0",0
"mrgn","CSa","model",1000,"large","M2","M0",0
"mrgn","CSa","model",1000,"large","M3","M0",0
"mrgn","CSa","model",1000,"large","M4","M0",0
"mrgn","CSa","model",1000,"large","M0","M1",4
"mrgn","CSa","model",1000,"large","M1","M1",19
"mrgn","CSa","model",1000,"large","M2","M1",1
"mrgn","CSa","model",1000,"large","M3","M1",0
"mrgn","CSa","model",1000,"large","M4","M1",7
"mrgn","CSa","model",1000,"large","M0","M2",0
"mrgn","CSa","model",1000,"large","M1","M2",0
"mrgn","CSa","model",1000,"large","M2","M2",19
"mrgn","CSa","model",1000,"large","M3","M2",0
"mrgn","CSa","model",1000,"large","M4","M2",0
"mrgn","CSa","model",1000,"large","M0","M3",0
"mrgn","CSa","model",1000,"large","M1","M3",0
"mrgn","CSa","model",1000,"large","M2","M3",0
"mrgn","CSa","model",1000,"large","M3","M3",10
"mrgn","CSa","model",1000,"large","M4","M3",0
"mrgn","CSa","model",1000,"large","M0","M4",0
"mrgn","CSa","model",1000,"large","M1","M4",0
"mrgn","CSa","model",1000,"large","M2","M4",0
"mrgn","CSa","model",1000,"large","M3","M4",10
"mrgn","CSa","model",1000,"large","M4","M4",13
"mrgn","CSa","model",1000,"large","M0","Other",0
"mrgn","CSa","model",1000,"large","M1","Other",1
"mrgn","CSa","model",1000,"large","M2","Other",0
"mrgn","CSa","model",1000,"large","M3","Other",0
"mrgn","CSa","model",1000,"large","M4","Other",0
"mrgn","CSa","edge",1000,"large","M0","T1 - T2 Edge Absent",16
"mrgn","CSa","edge",1000,"large","M1","T1 - T2 Edge Absent",0
"mrgn","CSa","edge",1000,"large","M2","T1 - T2 Edge Absent",0
"mrgn","CSa","edge",1000,"large","M3","T1 - T2 Edge Absent",10
"mrgn","CSa","edge",1000,"large","M4","T1 - T2 Edge Absent",0
"mrgn","CSa","edge",1000,"large","M0","T1 - T2 Edge Present",4
"mrgn","CSa","edge",1000,"large","M1","T1 - T2 Edge Present",19
"mrgn","CSa","edge",1000,"large","M2","T1 - T2 Edge Present",20
"mrgn","CSa","edge",1000,"large","M3","T1 - T2 Edge Present",10
"mrgn","CSa","edge",1000,"large","M4","T1 - T2 Edge Present",20
"mrgn","CSa","edge",1000,"large","M0","Other",0
"mrgn","CSa","edge",1000,"large","M1","Other",1
"mrgn","CSa","edge",1000,"large","M2","Other",0
"mrgn","CSa","edge",1000,"large","M3","Other",0
"mrgn","CSa","edge",1000,"large","M4","Other",0
"mrgn","CSi","model",50,"all","M0","M0",12
"mrgn","CSi","model",50,"all","M1","M0",11
"mrgn","CSi","model",50,"all","M2","M0",4
"mrgn","CSi","model",50,"all","M3","M0",8
"mrgn","CSi","model",50,"all","M4","M0",4
"mrgn","CSi","model",50,"all","M0","M1",0
"mrgn","CSi","model",50,"all","M1","M1",7
"mrgn","CSi","model",50,"all","M2","M1",13
"mrgn","CSi","model",50,"all","M3","M1",1
"mrgn","CSi","model",50,"all","M4","M1",7
"mrgn","CSi","model",50,"all","M0","M2",1
"mrgn","CSi","model",50,"all","M1","M2",0
"mrgn","CSi","model",50,"all","M2","M2",3
"mrgn","CSi","model",50,"all","M3","M2",1
"mrgn","CSi","model",50,"all","M4","M2",0
"mrgn","CSi","model",50,"all","M0","M3",0
"mrgn","CSi","model",50,"all","M1","M3",0
"mrgn","CSi","model",50,"all","M2","M3",0
"mrgn","CSi","model",50,"all","M3","M3",7
"mrgn","CSi","model",50,"all","M4","M3",0
"mrgn","CSi","model",50,"all","M0","M4",0
"mrgn","CSi","model",50,"all","M1","M4",0
"mrgn","CSi","model",50,"all","M2","M4",0
"mrgn","CSi","model",50,"all","M3","M4",1
"mrgn","CSi","model",50,"all","M4","M4",0
"mrgn","CSi","model",50,"all","M0","Other",47
"mrgn","CSi","model",50,"all","M1","Other",42
"mrgn","CSi","model",50,"all","M2","Other",40
"mrgn","CSi","model",50,"all","M3","Other",42
"mrgn","CSi","model",50,"all","M4","Other",49
"mrgn","CSi","edge",50,"all","M0","T1 - T2 Edge Absent",12
"mrgn","CSi","edge",50,"all","M1","T1 - T2 Edge Absent",11
"mrgn","CSi","edge",50,"all","M2","T1 - T2 Edge Absent",4
"mrgn","CSi","edge",50,"all","M3","T1 - T2 Edge Absent",15
"mrgn","CSi","edge",50,"all","M4","T1 - T2 Edge Absent",4
"mrgn","CSi","edge",50,"all","M0","T1 - T2 Edge Present",1
"mrgn","CSi","edge",50,"all","M1","T1 - T2 Edge Present",7
"mrgn","CSi","edge",50,"all","M2","T1 - T2 Edge Present",16
"mrgn","CSi","edge",50,"all","M3","T1 - T2 Edge Present",3
"mrgn","CSi","edge",50,"all","M4","T1 - T2 Edge Present",7
"mrgn","CSi","edge",50,"all","M0","Other",47
"mrgn","CSi","edge",50,"all","M1","Other",42
"mrgn","CSi","edge",50,"all","M2","Other",40
"mrgn","CSi","edge",50,"all","M3","Other",42
"mrgn","CSi","edge",50,"all","M4","Other",49
"mrgn","CSi","model",50,"small","M0","M0",0
"mrgn","CSi","model",50,"small","M1","M0",1
"mrgn","CSi","model",50,"small","M2","M0",1
"mrgn","CSi","model",50,"small","M3","M0",1
"mrgn","CSi","model",50,"small","M4","M0",3
"mrgn","CSi","model",50,"small","M0","M1",0
"mrgn","CSi","model",50,"small","M1","M1",0
"mrgn","CSi","model",50,"small","M2","M1",0
"mrgn","CSi","model",50,"small","M3","M1",0
"mrgn","CSi","model",50,"small","M4","M1",0
"mrgn","CSi","model",50,"small","M0","M2",0
"mrgn","CSi","model",50,"small","M1","M2",0
"mrgn","CSi","model",50,"small","M2","M2",0
"mrgn","CSi","model",50,"small","M3","M2",0
"mrgn","CSi","model",50,"small","M4","M2",0
"mrgn","CSi","model",50,"small","M0","M3",0
"mrgn","CSi","model",50,"small","M1","M3",0
"mrgn","CSi","model",50,"small","M2","M3",0
"mrgn","CSi","model",50,"small","M3","M3",0
"mrgn","CSi","model",50,"small","M4","M3",0
"mrgn","CSi","model",50,"small","M0","M4",0
"mrgn","CSi","model",50,"small","M1","M4",0
"mrgn","CSi","model",50,"small","M2","M4",0
"mrgn","CSi","model",50,"small","M3","M4",0
"mrgn","CSi","model",50,"small","M4","M4",0
"mrgn","CSi","model",50,"small","M0","Other",20
"mrgn","CSi","model",50,"small","M1","Other",19
"mrgn","CSi","model",50,"small","M2","Other",19
"mrgn","CSi","model",50,"small","M3","Other",19
"mrgn","CSi","model",50,"small","M4","Other",17
"mrgn","CSi","edge",50,"small","M0","T1 - T2 Edge Absent",0
"mrgn","CSi","edge",50,"small","M1","T1 - T2 Edge Absent",1
"mrgn","CSi","edge",50,"small","M2","T1 - T2 Edge Absent",1
"mrgn","CSi","edge",50,"small","M3","T1 - T2 Edge Absent",1
"mrgn","CSi","edge",50,"small","M4","T1 - T2 Edge Absent",3
"mrgn","CSi","edge",50,"small","M0","T1 - T2 Edge Present",0
"mrgn","CSi","edge",50,"small","M1","T1 - T2 Edge Present",0
"mrgn","CSi","edge",50,"small","M2","T1 - T2 Edge Present",0
"mrgn","CSi","edge",50,"small","M3","T1 - T2 Edge Present",0
"mrgn","CSi","edge",50,"small","M4","T1 - T2 Edge Present",0
"mrgn","CSi","edge",50,"small","M0","Other",20
"mrgn","CSi","edge",50,"small","M1","Other",19
"mrgn","CSi","edge",50,"small","M2","Other",19
"mrgn","CSi","edge",50,"small","M3","Other",19
"mrgn","CSi","edge",50,"small","M4","Other",17
"mrgn","CSi","model",50,"medium","M0","M0",2
"mrgn","CSi","model",50,"medium","M1","M0",7
"mrgn","CSi","model",50,"medium","M2","M0",2
"mrgn","CSi","model",50,"medium","M3","M0",2
"mrgn","CSi","model",50,"medium","M4","M0",1
"mrgn","CSi","model",50,"medium","M0","M1",0
"mrgn","CSi","model",50,"medium","M1","M1",2
"mrgn","CSi","model",50,"medium","M2","M1",6
"mrgn","CSi","model",50,"medium","M3","M1",0
"mrgn","CSi","model",50,"medium","M4","M1",1
"mrgn","CSi","model",50,"medium","M0","M2",0
"mrgn","CSi","model",50,"medium","M1","M2",0
"mrgn","CSi","model",50,"medium","M2","M2",0
"mrgn","CSi","model",50,"medium","M3","M2",1
"mrgn","CSi","model",50,"medium","M4","M2",0
"mrgn","CSi","model",50,"medium","M0","M3",0
"mrgn","CSi","model",50,"medium","M1","M3",0
"mrgn","CSi","model",50,"medium","M2","M3",0
"mrgn","CSi","model",50,"medium","M3","M3",2
"mrgn","CSi","model",50,"medium","M4","M3",0
"mrgn","CSi","model",50,"medium","M0","M4",0
"mrgn","CSi","model",50,"medium","M1","M4",0
"mrgn","CSi","model",50,"medium","M2","M4",0
"mrgn","CSi","model",50,"medium","M3","M4",0
"mrgn","CSi","model",50,"medium","M4","M4",0
"mrgn","CSi","model",50,"medium","M0","Other",18
"mrgn","CSi","model",50,"medium","M1","Other",11
"mrgn","CSi","model",50,"medium","M2","Other",12
"mrgn","CSi","model",50,"medium","M3","Other",15
"mrgn","CSi","model",50,"medium","M4","Other",18
"mrgn","CSi","edge",50,"medium","M0","T1 - T2 Edge Absent",2
"mrgn","CSi","edge",50,"medium","M1","T1 - T2 Edge Absent",7
"mrgn","CSi","edge",50,"medium","M2","T1 - T2 Edge Absent",2
"mrgn","CSi","edge",50,"medium","M3","T1 - T2 Edge Absent",4
"mrgn","CSi","edge",50,"medium","M4","T1 - T2 Edge Absent",1
"mrgn","CSi","edge",50,"medium","M0","T1 - T2 Edge Present",0
"mrgn","CSi","edge",50,"medium","M1","T1 - T2 Edge Present",2
"mrgn","CSi","edge",50,"medium","M2","T1 - T2 Edge Present",6
"mrgn","CSi","edge",50,"medium","M3","T1 - T2 Edge Present",1
"mrgn","CSi","edge",50,"medium","M4","T1 - T2 Edge Present",1
"mrgn","CSi","edge",50,"medium","M0","Other",18
"mrgn","CSi","edge",50,"medium","M1","Other",11
"mrgn","CSi","edge",50,"medium","M2","Other",12
"mrgn","CSi","edge",50,"medium","M3","Other",15
"mrgn","CSi","edge",50,"medium","M4","Other",18
"mrgn","CSi","model",50,"large","M0","M0",10
"mrgn","CSi","model",50,"large","M1","M0",3
"mrgn","CSi","model",50,"large","M2","M0",1
"mrgn","CSi","model",50,"large","M3","M0",5
"mrgn","CSi","model",50,"large","M4","M0",0
"mrgn","CSi","model",50,"large","M0","M1",0
"mrgn","CSi","model",50,"large","M1","M1",5
"mrgn","CSi","model",50,"large","M2","M1",7
"mrgn","CSi","model",50,"large","M3","M1",1
"mrgn","CSi","model",50,"large","M4","M1",6
"mrgn","CSi","model",50,"large","M0","M2",1
"mrgn","CSi","model",50,"large","M1","M2",0
"mrgn","CSi","model",50,"large","M2","M2",3
"mrgn","CSi","model",50,"large","M3","M2",0
"mrgn","CSi","model",50,"large","M4","M2",0
"mrgn","CSi","model",50,"large","M0","M3",0
"mrgn","CSi","model",50,"large","M1","M3",0
"mrgn","CSi","model",50,"large","M2","M3",0
"mrgn","CSi","model",50,"large","M3","M3",5
"mrgn","CSi","model",50,"large","M4","M3",0
"mrgn","CSi","model",50,"large","M0","M4",0
"mrgn","CSi","model",50,"large","M1","M4",0
"mrgn","CSi","model",50,"large","M2","M4",0
"mrgn","CSi","model",50,"large","M3","M4",1
"mrgn","CSi","model",50,"large","M4","M4",0
"mrgn","CSi","model",50,"large","M0","Other",9
"mrgn","CSi","model",50,"large","M1","Other",12
"mrgn","CSi","model",50,"large","M2","Other",9
"mrgn","CSi","model",50,"large","M3","Other",8
"mrgn","CSi","model",50,"large","M4","Other",14
"mrgn","CSi","edge",50,"large","M0","T1 - T2 Edge Absent",10
"mrgn","CSi","edge",50,"large","M1","T1 - T2 Edge Absent",3
"mrgn","CSi","edge",50,"large","M2","T1 - T2 Edge Absent",1
"mrgn","CSi","edge",50,"large","M3","T1 - T2 Edge Absent",10
"mrgn","CSi","edge",50,"large","M4","T1 - T2 Edge Absent",0
"mrgn","CSi","edge",50,"large","M0","T1 - T2 Edge Present",1
"mrgn","CSi","edge",50,"large","M1","T1 - T2 Edge Present",5
"mrgn","CSi","edge",50,"large","M2","T1 - T2 Edge Present",10
"mrgn","CSi","edge",50,"large","M3","T1 - T2 Edge Present",2
"mrgn","CSi","edge",50,"large","M4","T1 - T2 Edge Present",6
"mrgn","CSi","edge",50,"large","M0","Other",9
"mrgn","CSi","edge",50,"large","M1","Other",12
"mrgn","CSi","edge",50,"large","M2","Other",9
"mrgn","CSi","edge",50,"large","M3","Other",8
"mrgn","CSi","edge",50,"large","M4","Other",14
"mrgn","CSi","model",150,"all","M0","M0",22
"mrgn","CSi","model",150,"all","M1","M0",4
"mrgn","CSi","model",150,"all","M2","M0",7
"mrgn","CSi","model",150,"all","M3","M0",3
"mrgn","CSi","model",150,"all","M4","M0",4
"mrgn","CSi","model",150,"all","M0","M1",15
"mrgn","CSi","model",150,"all","M1","M1",20
"mrgn","CSi","model",150,"all","M2","M1",15
"mrgn","CSi","model",150,"all","M3","M1",6
"mrgn","CSi","model",150,"all","M4","M1",29
"mrgn","CSi","model",150,"all","M0","M2",0
"mrgn","CSi","model",150,"all","M1","M2",0
"mrgn","CSi","model",150,"all","M2","M2",10
"mrgn","CSi","model",150,"all","M3","M2",1
"mrgn","CSi","model",150,"all","M4","M2",0
"mrgn","CSi","model",150,"all","M0","M3",0
"mrgn","CSi","model",150,"all","M1","M3",0
"mrgn","CSi","model",150,"all","M2","M3",0
"mrgn","CSi","model",150,"all","M3","M3",15
"mrgn","CSi","model",150,"all","M4","M3",0
"mrgn","CSi","model",150,"all","M0","M4",0
"mrgn","CSi","model",150,"all","M1","M4",0
"mrgn","CSi","model",150,"all","M2","M4",0
"mrgn","CSi","model",150,"all","M3","M4",15
"mrgn","CSi","model",150,"all","M4","M4",2
"mrgn","CSi","model",150,"all","M0","Other",23
"mrgn","CSi","model",150,"all","M1","Other",36
"mrgn","CSi","model",150,"all","M2","Other",28
"mrgn","CSi","model",150,"all","M3","Other",20
"mrgn","CSi","model",150,"all","M4","Other",25
"mrgn","CSi","edge",150,"all","M0","T1 - T2 Edge Absent",22
"mrgn","CSi","edge",150,"all","M1","T1 - T2 Edge Absent",4
"mrgn","CSi","edge",150,"all","M2","T1 - T2 Edge Absent",7
"mrgn","CSi","edge",150,"all","M3","T1 - T2 Edge Absent",18
"mrgn","CSi","edge",150,"all","M4","T1 - T2 Edge Absent",4
"mrgn","CSi","edge",150,"all","M0","T1 - T2 Edge Present",15
"mrgn","CSi","edge",150,"all","M1","T1 - T2 Edge Present",20
"mrgn","CSi","edge",150,"all","M2","T1 - T2 Edge Present",25
"mrgn","CSi","edge",150,"all","M3","T1 - T2 Edge Present",22
"mrgn","CSi","edge",150,"all","M4","T1 - T2 Edge Present",31
"mrgn","CSi","edge",150,"all","M0","Other",23
"mrgn","CSi","edge",150,"all","M1","Other",36
"mrgn","CSi","edge",150,"all","M2","Other",28
"mrgn","CSi","edge",150,"all","M3","Other",20
"mrgn","CSi","edge",150,"all","M4","Other",25
"mrgn","CSi","model",150,"small","M0","M0",0
"mrgn","CSi","model",150,"small","M1","M0",1
"mrgn","CSi","model",150,"small","M2","M0",0
"mrgn","CSi","model",150,"small","M3","M0",2
"mrgn","CSi","model",150,"small","M4","M0",1
"mrgn","CSi","model",150,"small","M0","M1",0
"mrgn","CSi","model",150,"small","M1","M1",1
"mrgn","CSi","model",150,"small","M2","M1",1
"mrgn","CSi","model",150,"small","M3","M1",1
"mrgn","CSi","model",150,"small","M4","M1",2
"mrgn","CSi","model",150,"small","M0","M2",0
"mrgn","CSi","model",150,"small","M1","M2",0
"mrgn","CSi","model",150,"small","M2","M2",0
"mrgn","CSi","model",150,"small","M3","M2",1
"mrgn","CSi","model",150,"small","M4","M2",0
"mrgn","CSi","model",150,"small","M0","M3",0
"mrgn","CSi","model",150,"small","M1","M3",0
"mrgn","CSi","model",150,"small","M2","M3",0
"mrgn","CSi","model",150,"small","M3","M3",0
"mrgn","CSi","model",150,"small","M4","M3",0
"mrgn","CSi","model",150,"small","M0","M4",0
"mrgn","CSi","model",150,"small","M1","M4",0
"mrgn","CSi","model",150,"small","M2","M4",0
"mrgn","CSi","model",150,"small","M3","M4",1
"mrgn","CSi","model",150,"small","M4","M4",1
"mrgn","CSi","model",150,"small","M0","Other",20
"mrgn","CSi","model",150,"small","M1","Other",18
"mrgn","CSi","model",150,"small","M2","Other",19
"mrgn","CSi","model",150,"small","M3","Other",15
"mrgn","CSi","model",150,"small","M4","Other",16
"mrgn","CSi","edge",150,"small","M0","T1 - T2 Edge Absent",0
"mrgn","CSi","edge",150,"small","M1","T1 - T2 Edge Absent",1
"mrgn","CSi","edge",150,"small","M2","T1 - T2 Edge Absent",0
"mrgn","CSi","edge",150,"small","M3","T1 - T2 Edge Absent",2
"mrgn","CSi","edge",150,"small","M4","T1 - T2 Edge Absent",1
"mrgn","CSi","edge",150,"small","M0","T1 - T2 Edge Present",0
"mrgn","CSi","edge",150,"small","M1","T1 - T2 Edge Present",1
"mrgn","CSi","edge",150,"small","M2","T1 - T2 Edge Present",1
"mrgn","CSi","edge",150,"small","M3","T1 - T2 Edge Present",3
"mrgn","CSi","edge",150,"small","M4","T1 - T2 Edge Present",3
"mrgn","CSi","edge",150,"small","M0","Other",20
"mrgn","CSi","edge",150,"small","M1","Other",18
"mrgn","CSi","edge",150,"small","M2","Other",19
"mrgn","CSi","edge",150,"small","M3","Other",15
"mrgn","CSi","edge",150,"small","M4","Other",16
"mrgn","CSi","model",150,"medium","M0","M0",10
"mrgn","CSi","model",150,"medium","M1","M0",2
"mrgn","CSi","model",150,"medium","M2","M0",5
"mrgn","CSi","model",150,"medium","M3","M0",1
"mrgn","CSi","model",150,"medium","M4","M0",3
"mrgn","CSi","model",150,"medium","M0","M1",7
"mrgn","CSi","model",150,"medium","M1","M1",5
"mrgn","CSi","model",150,"medium","M2","M1",7
"mrgn","CSi","model",150,"medium","M3","M1",4
"mrgn","CSi","model",150,"medium","M4","M1",9
"mrgn","CSi","model",150,"medium","M0","M2",0
"mrgn","CSi","model",150,"medium","M1","M2",0
"mrgn","CSi","model",150,"medium","M2","M2",1
"mrgn","CSi","model",150,"medium","M3","M2",0
"mrgn","CSi","model",150,"medium","M4","M2",0
"mrgn","CSi","model",150,"medium","M0","M3",0
"mrgn","CSi","model",150,"medium","M1","M3",0
"mrgn","CSi","model",150,"medium","M2","M3",0
"mrgn","CSi","model",150,"medium","M3","M3",5
"mrgn","CSi","model",150,"medium","M4","M3",0
"mrgn","CSi","model",150,"medium","M0","M4",0
"mrgn","CSi","model",150,"medium","M1","M4",0
"mrgn","CSi","model",150,"medium","M2","M4",0
"mrgn","CSi","model",150,"medium","M3","M4",5
"mrgn","CSi","model",150,"medium","M4","M4",1
"mrgn","CSi","model",150,"medium","M0","Other",3
"mrgn","CSi","model",150,"medium","M1","Other",13
"mrgn","CSi","model",150,"medium","M2","Other",7
"mrgn","CSi","model",150,"medium","M3","Other",5
"mrgn","CSi","model",150,"medium","M4","Other",7
"mrgn","CSi","edge",150,"medium","M0","T1 - T2 Edge Absent",10
"mrgn","CSi","edge",150,"medium","M1","T1 - T2 Edge Absent",2
"mrgn","CSi","edge",150,"medium","M2","T1 - T2 Edge Absent",5
"mrgn","CSi","edge",150,"medium","M3","T1 - T2 Edge Absent",6
"mrgn","CSi","edge",150,"medium","M4","T1 - T2 Edge Absent",3
"mrgn","CSi","edge",150,"medium","M0","T1 - T2 Edge Present",7
"mrgn","CSi","edge",150,"medium","M1","T1 - T2 Edge Present",5
"mrgn","CSi","edge",150,"medium","M2","T1 - T2 Edge Present",8
"mrgn","CSi","edge",150,"medium","M3","T1 - T2 Edge Present",9
"mrgn","CSi","edge",150,"medium","M4","T1 - T2 Edge Present",10
"mrgn","CSi","edge",150,"medium","M0","Other",3
"mrgn","CSi","edge",150,"medium","M1","Other",13
"mrgn","CSi","edge",150,"medium","M2","Other",7
"mrgn","CSi","edge",150,"medium","M3","Other",5
"mrgn","CSi","edge",150,"medium","M4","Other",7
"mrgn","CSi","model",150,"large","M0","M0",12
"mrgn","CSi","model",150,"large","M1","M0",1
"mrgn","CSi","model",150,"large","M2","M0",2
"mrgn","CSi","model",150,"large","M3","M0",0
"mrgn","CSi","model",150,"large","M4","M0",0
"mrgn","CSi","model",150,"large","M0","M1",8
"mrgn","CSi","model",150,"large","M1","M1",14
"mrgn","CSi","model",150,"large","M2","M1",7
"mrgn","CSi","model",150,"large","M3","M1",1
"mrgn","CSi","model",150,"large","M4","M1",18
"mrgn","CSi","model",150,"large","M0","M2",0
"mrgn","CSi","model",150,"large","M1","M2",0
"mrgn","CSi","model",150,"large","M2","M2",9
"mrgn","CSi","model",150,"large","M3","M2",0
"mrgn","CSi","model",150,"large","M4","M2",0
"mrgn","CSi","model",150,"large","M0","M3",0
"mrgn","CSi","model",150,"large","M1","M3",0
"mrgn","CSi","model",150,"large","M2","M3",0
"mrgn","CSi","model",150,"large","M3","M3",10
"mrgn","CSi","model",150,"large","M4","M3",0
"mrgn","CSi","model",150,"large","M0","M4",0
"mrgn","CSi","model",150,"large","M1","M4",0
"mrgn","CSi","model",150,"large","M2","M4",0
"mrgn","CSi","model",150,"large","M3","M4",9
"mrgn","CSi","model",150,"large","M4","M4",0
"mrgn","CSi","model",150,"large","M0","Other",0
"mrgn","CSi","model",150,"large","M1","Other",5
"mrgn","CSi","model",150,"large","M2","Other",2
"mrgn","CSi","model",150,"large","M3","Other",0
"mrgn","CSi","model",150,"large","M4","Other",2
"mrgn","CSi","edge",150,"large","M0","T1 - T2 Edge Absent",12
"mrgn","CSi","edge",150,"large","M1","T1 - T2 Edge Absent",1
"mrgn","CSi","edge",150,"large","M2","T1 - T2 Edge Absent",2
"mrgn","CSi","edge",150,"large","M3","T1 - T2 Edge Absent",10
"mrgn","CSi","edge",150,"large","M4","T1 - T2 Edge Absent",0
"mrgn","CSi","edge",150,"large","M0","T1 - T2 Edge Present",8
"mrgn","CSi","edge",150,"large","M1","T1 - T2 Edge Present",14
"mrgn","CSi","edge",150,"large","M2","T1 - T2 Edge Present",16
"mrgn","CSi","edge",150,"large","M3","T1 - T2 Edge Present",10
"mrgn","CSi","edge",150,"large","M4","T1 - T2 Edge Present",18
"mrgn","CSi","edge",150,"large","M0","Other",0
"mrgn","CSi","edge",150,"large","M1","Other",5
"mrgn","CSi","edge",150,"large","M2","Other",2
"mrgn","CSi","edge",150,"large","M3","Other",0
"mrgn","CSi","edge",150,"large","M4","Other",2
"mrgn","CSi","model",300,"all","M0","M0",19
"mrgn","CSi","model",300,"all","M1","M0",6
"mrgn","CSi","model",300,"all","M2","M0",9
"mrgn","CSi","model",300,"all","M3","M0",1
"mrgn","CSi","model",300,"all","M4","M0",4
"mrgn","CSi","model",300,"all","M0","M1",26
"mrgn","CSi","model",300,"all","M1","M1",37
"mrgn","CSi","model",300,"all","M2","M1",14
"mrgn","CSi","model",300,"all","M3","M1",5
"mrgn","CSi","model",300,"all","M4","M1",28
"mrgn","CSi","model",300,"all","M0","M2",1
"mrgn","CSi","model",300,"all","M1","M2",0
"mrgn","CSi","model",300,"all","M2","M2",20
"mrgn","CSi","model",300,"all","M3","M2",1
"mrgn","CSi","model",300,"all","M4","M2",0
"mrgn","CSi","model",300,"all","M0","M3",0
"mrgn","CSi","model",300,"all","M1","M3",0
"mrgn","CSi","model",300,"all","M2","M3",2
"mrgn","CSi","model",300,"all","M3","M3",19
"mrgn","CSi","model",300,"all","M4","M3",3
"mrgn","CSi","model",300,"all","M0","M4",0
"mrgn","CSi","model",300,"all","M1","M4",1
"mrgn","CSi","model",300,"all","M2","M4",0
"mrgn","CSi","model",300,"all","M3","M4",18
"mrgn","CSi","model",300,"all","M4","M4",12
"mrgn","CSi","model",300,"all","M0","Other",14
"mrgn","CSi","model",300,"all","M1","Other",16
"mrgn","CSi","model",300,"all","M2","Other",15
"mrgn","CSi","model",300,"all","M3","Other",16
"mrgn","CSi","model",300,"all","M4","Other",13
"mrgn","CSi","edge",300,"all","M0","T1 - T2 Edge Absent",19
"mrgn","CSi","edge",300,"all","M1","T1 - T2 Edge Absent",6
"mrgn","CSi","edge",300,"all","M2","T1 - T2 Edge Absent",11
"mrgn","CSi","edge",300,"all","M3","T1 - T2 Edge Absent",20
"mrgn","CSi","edge",300,"all","M4","T1 - T2 Edge Absent",7
"mrgn","CSi","edge",300,"all","M0","T1 - T2 Edge Present",27
"mrgn","CSi","edge",300,"all","M1","T1 - T2 Edge Present",38
"mrgn","CSi","edge",300,"all","M2","T1 - T2 Edge Present",34
"mrgn","CSi","edge",300,"all","M3","T1 - T2 Edge Present",24
"mrgn","CSi","edge",300,"all","M4","T1 - T2 Edge Present",40
"mrgn","CSi","edge",300,"all","M0","Other",14
"mrgn","CSi","edge",300,"all","M1","Other",16
"mrgn","CSi","edge",300,"all","M2","Other",15
"mrgn","CSi","edge",300,"all","M3","Other",16
"mrgn","CSi","edge",300,"all","M4","Other",13
"mrgn","CSi","model",300,"small","M0","M0",6
"mrgn","CSi","model",300,"small","M1","M0",4
"mrgn","CSi","model",300,"small","M2","M0",4
"mrgn","CSi","model",300,"small","M3","M0",0
"mrgn","CSi","model",300,"small","M4","M0",3
"mrgn","CSi","model",300,"small","M0","M1",5
"mrgn","CSi","model",300,"small","M1","M1",3
"mrgn","CSi","model",300,"small","M2","M1",3
"mrgn","CSi","model",300,"small","M3","M1",3
"mrgn","CSi","model",300,"small","M4","M1",2
"mrgn","CSi","model",300,"small","M0","M2",0
"mrgn","CSi","model",300,"small","M1","M2",0
"mrgn","CSi","model",300,"small","M2","M2",0
"mrgn","CSi","model",300,"small","M3","M2",1
"mrgn","CSi","model",300,"small","M4","M2",0
"mrgn","CSi","model",300,"small","M0","M3",0
"mrgn","CSi","model",300,"small","M1","M3",0
"mrgn","CSi","model",300,"small","M2","M3",0
"mrgn","CSi","model",300,"small","M3","M3",0
"mrgn","CSi","model",300,"small","M4","M3",0
"mrgn","CSi","model",300,"small","M0","M4",0
"mrgn","CSi","model",300,"small","M1","M4",0
"mrgn","CSi","model",300,"small","M2","M4",0
"mrgn","CSi","model",300,"small","M3","M4",2
"mrgn","CSi","model",300,"small","M4","M4",2
"mrgn","CSi","model",300,"small","M0","Other",9
"mrgn","CSi","model",300,"small","M1","Other",13
"mrgn","CSi","model",300,"small","M2","Other",13
"mrgn","CSi","model",300,"small","M3","Other",14
"mrgn","CSi","model",300,"small","M4","Other",13
"mrgn","CSi","edge",300,"small","M0","T1 - T2 Edge Absent",6
"mrgn","CSi","edge",300,"small","M1","T1 - T2 Edge Absent",4
"mrgn","CSi","edge",300,"small","M2","T1 - T2 Edge Absent",4
"mrgn","CSi","edge",300,"small","M3","T1 - T2 Edge Absent",0
"mrgn","CSi","edge",300,"small","M4","T1 - T2 Edge Absent",3
"mrgn","CSi","edge",300,"small","M0","T1 - T2 Edge Present",5
"mrgn","CSi","edge",300,"small","M1","T1 - T2 Edge Present",3
"mrgn","CSi","edge",300,"small","M2","T1 - T2 Edge Present",3
"mrgn","CSi","edge",300,"small","M3","T1 - T2 Edge Present",6
"mrgn","CSi","edge",300,"small","M4","T1 - T2 Edge Present",4
"mrgn","CSi","edge",300,"small","M0","Other",9
"mrgn","CSi","edge",300,"small","M1","Other",13
"mrgn","CSi","edge",300,"small","M2","Other",13
"mrgn","CSi","edge",300,"small","M3","Other",14
"mrgn","CSi","edge",300,"small","M4","Other",13
"mrgn","CSi","model",300,"medium","M0","M0",5
"mrgn","CSi","model",300,"medium","M1","M0",2
"mrgn","CSi","model",300,"medium","M2","M0",4
"mrgn","CSi","model",300,"medium","M3","M0",0
"mrgn","CSi","model",300,"medium","M4","M0",1
"mrgn","CSi","model",300,"medium","M0","M1",10
"mrgn","CSi","model",300,"medium","M1","M1",16
"mrgn","CSi","model",300,"medium","M2","M1",8
"mrgn","CSi","model",300,"medium","M3","M1",1
"mrgn","CSi","model",300,"medium","M4","M1",7
"mrgn","CSi","model",300,"medium","M0","M2",1
"mrgn","CSi","model",300,"medium","M1","M2",0
"mrgn","CSi","model",300,"medium","M2","M2",4
"mrgn","CSi","model",300,"medium","M3","M2",0
"mrgn","CSi","model",300,"medium","M4","M2",0
"mrgn","CSi","model",300,"medium","M0","M3",0
"mrgn","CSi","model",300,"medium","M1","M3",0
"mrgn","CSi","model",300,"medium","M2","M3",2
"mrgn","CSi","model",300,"medium","M3","M3",9
"mrgn","CSi","model",300,"medium","M4","M3",3
"mrgn","CSi","model",300,"medium","M0","M4",0
"mrgn","CSi","model",300,"medium","M1","M4",1
"mrgn","CSi","model",300,"medium","M2","M4",0
"mrgn","CSi","model",300,"medium","M3","M4",8
"mrgn","CSi","model",300,"medium","M4","M4",9
"mrgn","CSi","model",300,"medium","M0","Other",4
"mrgn","CSi","model",300,"medium","M1","Other",1
"mrgn","CSi","model",300,"medium","M2","Other",2
"mrgn","CSi","model",300,"medium","M3","Other",2
"mrgn","CSi","model",300,"medium","M4","Other",0
"mrgn","CSi","edge",300,"medium","M0","T1 - T2 Edge Absent",5
"mrgn","CSi","edge",300,"medium","M1","T1 - T2 Edge Absent",2
"mrgn","CSi","edge",300,"medium","M2","T1 - T2 Edge Absent",6
"mrgn","CSi","edge",300,"medium","M3","T1 - T2 Edge Absent",9
"mrgn","CSi","edge",300,"medium","M4","T1 - T2 Edge Absent",4
"mrgn","CSi","edge",300,"medium","M0","T1 - T2 Edge Present",11
"mrgn","CSi","edge",300,"medium","M1","T1 - T2 Edge Present",17
"mrgn","CSi","edge",300,"medium","M2","T1 - T2 Edge Present",12
"mrgn","CSi","edge",300,"medium","M3","T1 - T2 Edge Present",9
"mrgn","CSi","edge",300,"medium","M4","T1 - T2 Edge Present",16
"mrgn","CSi","edge",300,"medium","M0","Other",4
"mrgn","CSi","edge",300,"medium","M1","Other",1
"mrgn","CSi","edge",300,"medium","M2","Other",2
"mrgn","CSi","edge",300,"medium","M3","Other",2
"mrgn","CSi","edge",300,"medium","M4","Other",0
"mrgn","CSi","model",300,"large","M0","M0",8
"mrgn","CSi","model",300,"large","M1","M0",0
"mrgn","CSi","model",300,"large","M2","M0",1
"mrgn","CSi","model",300,"large","M3","M0",1
"mrgn","CSi","model",300,"large","M4","M0",0
"mrgn","CSi","model",300,"large","M0","M1",11
"mrgn","CSi","model",300,"large","M1","M1",18
"mrgn","CSi","model",300,"large","M2","M1",3
"mrgn","CSi","model",300,"large","M3","M1",1
"mrgn","CSi","model",300,"large","M4","M1",19
"mrgn","CSi","model",300,"large","M0","M2",0
"mrgn","CSi","model",300,"large","M1","M2",0
"mrgn","CSi","model",300,"large","M2","M2",16
"mrgn","CSi","model",300,"large","M3","M2",0
"mrgn","CSi","model",300,"large","M4","M2",0
"mrgn","CSi","model",300,"large","M0","M3",0
"mrgn","CSi","model",300,"large","M1","M3",0
"mrgn","CSi","model",300,"large","M2","M3",0
"mrgn","CSi","model",300,"large","M3","M3",10
"mrgn","CSi","model",300,"large","M4","M3",0
"mrgn","CSi","model",300,"large","M0","M4",0
"mrgn","CSi","model",300,"large","M1","M4",0
"mrgn","CSi","model",300,"large","M2","M4",0
"mrgn","CSi","model",300,"large","M3","M4",8
"mrgn","CSi","model",300,"large","M4","M4",1
"mrgn","CSi","model",300,"large","M0","Other",1
"mrgn","CSi","model",300,"large","M1","Other",2
"mrgn","CSi","model",300,"large","M2","Other",0
"mrgn","CSi","model",300,"large","M3","Other",0
"mrgn","CSi","model",300,"large","M4","Other",0
"mrgn","CSi","edge",300,"large","M0","T1 - T2 Edge Absent",8
"mrgn","CSi","edge",300,"large","M1","T1 - T2 Edge Absent",0
"mrgn","CSi","edge",300,"large","M2","T1 - T2 Edge Absent",1
"mrgn","CSi","edge",300,"large","M3","T1 - T2 Edge Absent",11
"mrgn","CSi","edge",300,"large","M4","T1 - T2 Edge Absent",0
"mrgn","CSi","edge",300,"large","M0","T1 - T2 Edge Present",11
"mrgn","CSi","edge",300,"large","M1","T1 - T2 Edge Present",18
"mrgn","CSi","edge",300,"large","M2","T1 - T2 Edge Present",19
"mrgn","CSi","edge",300,"large","M3","T1 - T2 Edge Present",9
"mrgn","CSi","edge",300,"large","M4","T1 - T2 Edge Present",20
"mrgn","CSi","edge",300,"large","M0","Other",1
"mrgn","CSi","edge",300,"large","M1","Other",2
"mrgn","CSi","edge",300,"large","M2","Other",0
"mrgn","CSi","edge",300,"large","M3","Other",0
"mrgn","CSi","edge",300,"large","M4","Other",0
"mrgn","CSi","model",670,"all","M0","M0",23
"mrgn","CSi","model",670,"all","M1","M0",5
"mrgn","CSi","model",670,"all","M2","M0",7
"mrgn","CSi","model",670,"all","M3","M0",1
"mrgn","CSi","model",670,"all","M4","M0",1
"mrgn","CSi","model",670,"all","M0","M1",24
"mrgn","CSi","model",670,"all","M1","M1",46
"mrgn","CSi","model",670,"all","M2","M1",11
"mrgn","CSi","model",670,"all","M3","M1",1
"mrgn","CSi","model",670,"all","M4","M1",17
"mrgn","CSi","model",670,"all","M0","M2",0
"mrgn","CSi","model",670,"all","M1","M2",0
"mrgn","CSi","model",670,"all","M2","M2",36
"mrgn","CSi","model",670,"all","M3","M2",0
"mrgn","CSi","model",670,"all","M4","M2",0
"mrgn","CSi","model",670,"all","M0","M3",0
"mrgn","CSi","model",670,"all","M1","M3",0
"mrgn","CSi","model",670,"all","M2","M3",0
"mrgn","CSi","model",670,"all","M3","M3",19
"mrgn","CSi","model",670,"all","M4","M3",3
"mrgn","CSi","model",670,"all","M0","M4",0
"mrgn","CSi","model",670,"all","M1","M4",1
"mrgn","CSi","model",670,"all","M2","M4",0
"mrgn","CSi","model",670,"all","M3","M4",33
"mrgn","CSi","model",670,"all","M4","M4",34
"mrgn","CSi","model",670,"all","M0","Other",13
"mrgn","CSi","model",670,"all","M1","Other",8
"mrgn","CSi","model",670,"all","M2","Other",6
"mrgn","CSi","model",670,"all","M3","Other",6
"mrgn","CSi","model",670,"all","M4","Other",5
"mrgn","CSi","edge",670,"all","M0","T1 - T2 Edge Absent",23
"mrgn","CSi","edge",670,"all","M1","T1 - T2 Edge Absent",5
"mrgn","CSi","edge",670,"all","M2","T1 - T2 Edge Absent",7
"mrgn","CSi","edge",670,"all","M3","T1 - T2 Edge Absent",20
"mrgn","CSi","edge",670,"all","M4","T1 - T2 Edge Absent",4
"mrgn","CSi","edge",670,"all","M0","T1 - T2 Edge Present",24
"mrgn","CSi","edge",670,"all","M1","T1 - T2 Edge Present",47
"mrgn","CSi","edge",670,"all","M2","T1 - T2 Edge Present",47
"mrgn","CSi","edge",670,"all","M3","T1 - T2 Edge Present",34
"mrgn","CSi","edge",670,"all","M4","T1 - T2 Edge Present",51
"mrgn","CSi","edge",670,"all","M0","Other",13
"mrgn","CSi","edge",670,"all","M1","Other",8
"mrgn","CSi","edge",670,"all","M2","Other",6
"mrgn","CSi","edge",670,"all","M3","Other",6
"mrgn","CSi","edge",670,"all","M4","Other",5
"mrgn","CSi","model",670,"small","M0","M0",3
"mrgn","CSi","model",670,"small","M1","M0",3
"mrgn","CSi","model",670,"small","M2","M0",7
"mrgn","CSi","model",670,"small","M3","M0",0
"mrgn","CSi","model",670,"small","M4","M0",1
"mrgn","CSi","model",670,"small","M0","M1",6
"mrgn","CSi","model",670,"small","M1","M1",11
"mrgn","CSi","model",670,"small","M2","M1",7
"mrgn","CSi","model",670,"small","M3","M1",1
"mrgn","CSi","model",670,"small","M4","M1",2
"mrgn","CSi","model",670,"small","M0","M2",0
"mrgn","CSi","model",670,"small","M1","M2",0
"mrgn","CSi","model",670,"small","M2","M2",0
"mrgn","CSi","model",670,"small","M3","M2",0
"mrgn","CSi","model",670,"small","M4","M2",0
"mrgn","CSi","model",670,"small","M0","M3",0
"mrgn","CSi","model",670,"small","M1","M3",0
"mrgn","CSi","model",670,"small","M2","M3",0
"mrgn","CSi","model",670,"small","M3","M3",4
"mrgn","CSi","model",670,"small","M4","M3",3
"mrgn","CSi","model",670,"small","M0","M4",0
"mrgn","CSi","model",670,"small","M1","M4",0
"mrgn","CSi","model",670,"small","M2","M4",0
"mrgn","CSi","model",670,"small","M3","M4",9
"mrgn","CSi","model",670,"small","M4","M4",9
"mrgn","CSi","model",670,"small","M0","Other",11
"mrgn","CSi","model",670,"small","M1","Other",6
"mrgn","CSi","model",670,"small","M2","Other",6
"mrgn","CSi","model",670,"small","M3","Other",6
"mrgn","CSi","model",670,"small","M4","Other",5
"mrgn","CSi","edge",670,"small","M0","T1 - T2 Edge Absent",3
"mrgn","CSi","edge",670,"small","M1","T1 - T2 Edge Absent",3
"mrgn","CSi","edge",670,"small","M2","T1 - T2 Edge Absent",7
"mrgn","CSi","edge",670,"small","M3","T1 - T2 Edge Absent",4
"mrgn","CSi","edge",670,"small","M4","T1 - T2 Edge Absent",4
"mrgn","CSi","edge",670,"small","M0","T1 - T2 Edge Present",6
"mrgn","CSi","edge",670,"small","M1","T1 - T2 Edge Present",11
"mrgn","CSi","edge",670,"small","M2","T1 - T2 Edge Present",7
"mrgn","CSi","edge",670,"small","M3","T1 - T2 Edge Present",10
"mrgn","CSi","edge",670,"small","M4","T1 - T2 Edge Present",11
"mrgn","CSi","edge",670,"small","M0","Other",11
"mrgn","CSi","edge",670,"small","M1","Other",6
"mrgn","CSi","edge",670,"small","M2","Other",6
"mrgn","CSi","edge",670,"small","M3","Other",6
"mrgn","CSi","edge",670,"small","M4","Other",5
"mrgn","CSi","model",670,"medium","M0","M0",8
"mrgn","CSi","model",670,"medium","M1","M0",2
"mrgn","CSi","model",670,"medium","M2","M0",0
"mrgn","CSi","model",670,"medium","M3","M0",1
"mrgn","CSi","model",670,"medium","M4","M0",0
"mrgn","CSi","model",670,"medium","M0","M1",11
"mrgn","CSi","model",670,"medium","M1","M1",16
"mrgn","CSi","model",670,"medium","M2","M1",3
"mrgn","CSi","model",670,"medium","M3","M1",0
"mrgn","CSi","model",670,"medium","M4","M1",4
"mrgn","CSi","model",670,"medium","M0","M2",0
"mrgn","CSi","model",670,"medium","M1","M2",0
"mrgn","CSi","model",670,"medium","M2","M2",17
"mrgn","CSi","model",670,"medium","M3","M2",0
"mrgn","CSi","model",670,"medium","M4","M2",0
"mrgn","CSi","model",670,"medium","M0","M3",0
"mrgn","CSi","model",670,"medium","M1","M3",0
"mrgn","CSi","model",670,"medium","M2","M3",0
"mrgn","CSi","model",670,"medium","M3","M3",6
"mrgn","CSi","model",670,"medium","M4","M3",0
"mrgn","CSi","model",670,"medium","M0","M4",0
"mrgn","CSi","model",670,"medium","M1","M4",0
"mrgn","CSi","model",670,"medium","M2","M4",0
"mrgn","CSi","model",670,"medium","M3","M4",13
"mrgn","CSi","model",670,"medium","M4","M4",16
"mrgn","CSi","model",670,"medium","M0","Other",1
"mrgn","CSi","model",670,"medium","M1","Other",2
"mrgn","CSi","model",670,"medium","M2","Other",0
"mrgn","CSi","model",670,"medium","M3","Other",0
"mrgn","CSi","model",670,"medium","M4","Other",0
"mrgn","CSi","edge",670,"medium","M0","T1 - T2 Edge Absent",8
"mrgn","CSi","edge",670,"medium","M1","T1 - T2 Edge Absent",2
"mrgn","CSi","edge",670,"medium","M2","T1 - T2 Edge Absent",0
"mrgn","CSi","edge",670,"medium","M3","T1 - T2 Edge Absent",7
"mrgn","CSi","edge",670,"medium","M4","T1 - T2 Edge Absent",0
"mrgn","CSi","edge",670,"medium","M0","T1 - T2 Edge Present",11
"mrgn","CSi","edge",670,"medium","M1","T1 - T2 Edge Present",16
"mrgn","CSi","edge",670,"medium","M2","T1 - T2 Edge Present",20
"mrgn","CSi","edge",670,"medium","M3","T1 - T2 Edge Present",13
"mrgn","CSi","edge",670,"medium","M4","T1 - T2 Edge Present",20
"mrgn","CSi","edge",670,"medium","M0","Other",1
"mrgn","CSi","edge",670,"medium","M1","Other",2
"mrgn","CSi","edge",670,"medium","M2","Other",0
"mrgn","CSi","edge",670,"medium","M3","Other",0
"mrgn","CSi","edge",670,"medium","M4","Other",0
"mrgn","CSi","model",670,"large","M0","M0",12
"mrgn","CSi","model",670,"large","M1","M0",0
"mrgn","CSi","model",670,"large","M2","M0",0
"mrgn","CSi","model",670,"large","M3","M0",0
"mrgn","CSi","model",670,"large","M4","M0",0
"mrgn","CSi","model",670,"large","M0","M1",7
"mrgn","CSi","model",670,"large","M1","M1",19
"mrgn","CSi","model",670,"large","M2","M1",1
"mrgn","CSi","model",670,"large","M3","M1",0
"mrgn","CSi","model",670,"large","M4","M1",11
"mrgn","CSi","model",670,"large","M0","M2",0
"mrgn","CSi","model",670,"large","M1","M2",0
"mrgn","CSi","model",670,"large","M2","M2",19
"mrgn","CSi","model",670,"large","M3","M2",0
"mrgn","CSi","model",670,"large","M4","M2",0
"mrgn","CSi","model",670,"large","M0","M3",0
"mrgn","CSi","model",670,"large","M1","M3",0
"mrgn","CSi","model",670,"large","M2","M3",0
"mrgn","CSi","model",670,"large","M3","M3",9
"mrgn","CSi","model",670,"large","M4","M3",0
"mrgn","CSi","model",670,"large","M0","M4",0
"mrgn","CSi","model",670,"large","M1","M4",1
"mrgn","CSi","model",670,"large","M2","M4",0
"mrgn","CSi","model",670,"large","M3","M4",11
"mrgn","CSi","model",670,"large","M4","M4",9
"mrgn","CSi","model",670,"large","M0","Other",1
"mrgn","CSi","model",670,"large","M1","Other",0
"mrgn","CSi","model",670,"large","M2","Other",0
"mrgn","CSi","model",670,"large","M3","Other",0
"mrgn","CSi","model",670,"large","M4","Other",0
"mrgn","CSi","edge",670,"large","M0","T1 - T2 Edge Absent",12
"mrgn","CSi","edge",670,"large","M1","T1 - T2 Edge Absent",0
"mrgn","CSi","edge",670,"large","M2","T1 - T2 Edge Absent",0
"mrgn","CSi","edge",670,"large","M3","T1 - T2 Edge Absent",9
"mrgn","CSi","edge",670,"large","M4","T1 - T2 Edge Absent",0
"mrgn","CSi","edge",670,"large","M0","T1 - T2 Edge Present",7
"mrgn","CSi","edge",670,"large","M1","T1 - T2 Edge Present",20
"mrgn","CSi","edge",670,"large","M2","T1 - T2 Edge Present",20
"mrgn","CSi","edge",670,"large","M3","T1 - T2 Edge Present",11
"mrgn","CSi","edge",670,"large","M4","T1 - T2 Edge Present",20
"mrgn","CSi","edge",670,"large","M0","Other",1
"mrgn","CSi","edge",670,"large","M1","Other",0
"mrgn","CSi","edge",670,"large","M2","Other",0
"mrgn","CSi","edge",670,"large","M3","Other",0
"mrgn","CSi","edge",670,"large","M4","Other",0
"mrgn","CSi","model",1000,"all","M0","M0",26
"mrgn","CSi","model",1000,"all","M1","M0",8
"mrgn","CSi","model",1000,"all","M2","M0",1
"mrgn","CSi","model",1000,"all","M3","M0",0
"mrgn","CSi","model",1000,"all","M4","M0",2
"mrgn","CSi","model",1000,"all","M0","M1",29
"mrgn","CSi","model",1000,"all","M1","M1",46
"mrgn","CSi","model",1000,"all","M2","M1",18
"mrgn","CSi","model",1000,"all","M3","M1",1
"mrgn","CSi","model",1000,"all","M4","M1",13
"mrgn","CSi","model",1000,"all","M0","M2",0
"mrgn","CSi","model",1000,"all","M1","M2",0
"mrgn","CSi","model",1000,"all","M2","M2",35
"mrgn","CSi","model",1000,"all","M3","M2",3
"mrgn","CSi","model",1000,"all","M4","M2",1
"mrgn","CSi","model",1000,"all","M0","M3",1
"mrgn","CSi","model",1000,"all","M1","M3",0
"mrgn","CSi","model",1000,"all","M2","M3",1
"mrgn","CSi","model",1000,"all","M3","M3",22
"mrgn","CSi","model",1000,"all","M4","M3",1
"mrgn","CSi","model",1000,"all","M0","M4",0
"mrgn","CSi","model",1000,"all","M1","M4",0
"mrgn","CSi","model",1000,"all","M2","M4",0
"mrgn","CSi","model",1000,"all","M3","M4",28
"mrgn","CSi","model",1000,"all","M4","M4",39
"mrgn","CSi","model",1000,"all","M0","Other",4
"mrgn","CSi","model",1000,"all","M1","Other",6
"mrgn","CSi","model",1000,"all","M2","Other",5
"mrgn","CSi","model",1000,"all","M3","Other",6
"mrgn","CSi","model",1000,"all","M4","Other",4
"mrgn","CSi","edge",1000,"all","M0","T1 - T2 Edge Absent",27
"mrgn","CSi","edge",1000,"all","M1","T1 - T2 Edge Absent",8
"mrgn","CSi","edge",1000,"all","M2","T1 - T2 Edge Absent",2
"mrgn","CSi","edge",1000,"all","M3","T1 - T2 Edge Absent",22
"mrgn","CSi","edge",1000,"all","M4","T1 - T2 Edge Absent",3
"mrgn","CSi","edge",1000,"all","M0","T1 - T2 Edge Present",29
"mrgn","CSi","edge",1000,"all","M1","T1 - T2 Edge Present",46
"mrgn","CSi","edge",1000,"all","M2","T1 - T2 Edge Present",53
"mrgn","CSi","edge",1000,"all","M3","T1 - T2 Edge Present",32
"mrgn","CSi","edge",1000,"all","M4","T1 - T2 Edge Present",53
"mrgn","CSi","edge",1000,"all","M0","Other",4
"mrgn","CSi","edge",1000,"all","M1","Other",6
"mrgn","CSi","edge",1000,"all","M2","Other",5
"mrgn","CSi","edge",1000,"all","M3","Other",6
"mrgn","CSi","edge",1000,"all","M4","Other",4
"mrgn","CSi","model",1000,"small","M0","M0",2
"mrgn","CSi","model",1000,"small","M1","M0",7
"mrgn","CSi","model",1000,"small","M2","M0",1
"mrgn","CSi","model",1000,"small","M3","M0",0
"mrgn","CSi","model",1000,"small","M4","M0",2
"mrgn","CSi","model",1000,"small","M0","M1",14
"mrgn","CSi","model",1000,"small","M1","M1",8
"mrgn","CSi","model",1000,"small","M2","M1",12
"mrgn","CSi","model",1000,"small","M3","M1",1
"mrgn","CSi","model",1000,"small","M4","M1",4
"mrgn","CSi","model",1000,"small","M0","M2",0
"mrgn","CSi","model",1000,"small","M1","M2",0
"mrgn","CSi","model",1000,"small","M2","M2",1
"mrgn","CSi","model",1000,"small","M3","M2",3
"mrgn","CSi","model",1000,"small","M4","M2",1
"mrgn","CSi","model",1000,"small","M0","M3",0
"mrgn","CSi","model",1000,"small","M1","M3",0
"mrgn","CSi","model",1000,"small","M2","M3",1
"mrgn","CSi","model",1000,"small","M3","M3",4
"mrgn","CSi","model",1000,"small","M4","M3",1
"mrgn","CSi","model",1000,"small","M0","M4",0
"mrgn","CSi","model",1000,"small","M1","M4",0
"mrgn","CSi","model",1000,"small","M2","M4",0
"mrgn","CSi","model",1000,"small","M3","M4",8
"mrgn","CSi","model",1000,"small","M4","M4",9
"mrgn","CSi","model",1000,"small","M0","Other",4
"mrgn","CSi","model",1000,"small","M1","Other",5
"mrgn","CSi","model",1000,"small","M2","Other",5
"mrgn","CSi","model",1000,"small","M3","Other",4
"mrgn","CSi","model",1000,"small","M4","Other",3
"mrgn","CSi","edge",1000,"small","M0","T1 - T2 Edge Absent",2
"mrgn","CSi","edge",1000,"small","M1","T1 - T2 Edge Absent",7
"mrgn","CSi","edge",1000,"small","M2","T1 - T2 Edge Absent",2
"mrgn","CSi","edge",1000,"small","M3","T1 - T2 Edge Absent",4
"mrgn","CSi","edge",1000,"small","M4","T1 - T2 Edge Absent",3
"mrgn","CSi","edge",1000,"small","M0","T1 - T2 Edge Present",14
"mrgn","CSi","edge",1000,"small","M1","T1 - T2 Edge Present",8
"mrgn","CSi","edge",1000,"small","M2","T1 - T2 Edge Present",13
"mrgn","CSi","edge",1000,"small","M3","T1 - T2 Edge Present",12
"mrgn","CSi","edge",1000,"small","M4","T1 - T2 Edge Present",14
"mrgn","CSi","edge",1000,"small","M0","Other",4
"mrgn","CSi","edge",1000,"small","M1","Other",5
"mrgn","CSi","edge",1000,"small","M2","Other",5
"mrgn","CSi","edge",1000,"small","M3","Other",4
"mrgn","CSi","edge",1000,"small","M4","Other",3
"mrgn","CSi","model",1000,"medium","M0","M0",10
"mrgn","CSi","model",1000,"medium","M1","M0",1
"mrgn","CSi","model",1000,"medium","M2","M0",0
"mrgn","CSi","model",1000,"medium","M3","M0",0
"mrgn","CSi","model",1000,"medium","M4","M0",0
"mrgn","CSi","model",1000,"medium","M0","M1",10
"mrgn","CSi","model",1000,"medium","M1","M1",19
"mrgn","CSi","model",1000,"medium","M2","M1",6
"mrgn","CSi","model",1000,"medium","M3","M1",0
"mrgn","CSi","model",1000,"medium","M4","M1",2
"mrgn","CSi","model",1000,"medium","M0","M2",0
"mrgn","CSi","model",1000,"medium","M1","M2",0
"mrgn","CSi","model",1000,"medium","M2","M2",14
"mrgn","CSi","model",1000,"medium","M3","M2",0
"mrgn","CSi","model",1000,"medium","M4","M2",0
"mrgn","CSi","model",1000,"medium","M0","M3",0
"mrgn","CSi","model",1000,"medium","M1","M3",0
"mrgn","CSi","model",1000,"medium","M2","M3",0
"mrgn","CSi","model",1000,"medium","M3","M3",8
"mrgn","CSi","model",1000,"medium","M4","M3",0
"mrgn","CSi","model",1000,"medium","M0","M4",0
"mrgn","CSi","model",1000,"medium","M1","M4",0
"mrgn","CSi","model",1000,"medium","M2","M4",0
"mrgn","CSi","model",1000,"medium","M3","M4",10
"mrgn","CSi","model",1000,"medium","M4","M4",17
"mrgn","CSi","model",1000,"medium","M0","Other",0
"mrgn","CSi","model",1000,"medium","M1","Other",0
"mrgn","CSi","model",1000,"medium","M2","Other",0
"mrgn","CSi","model",1000,"medium","M3","Other",2
"mrgn","CSi","model",1000,"medium","M4","Other",1
"mrgn","CSi","edge",1000,"medium","M0","T1 - T2 Edge Absent",10
"mrgn","CSi","edge",1000,"medium","M1","T1 - T2 Edge Absent",1
"mrgn","CSi","edge",1000,"medium","M2","T1 - T2 Edge Absent",0
"mrgn","CSi","edge",1000,"medium","M3","T1 - T2 Edge Absent",8
"mrgn","CSi","edge",1000,"medium","M4","T1 - T2 Edge Absent",0
"mrgn","CSi","edge",1000,"medium","M0","T1 - T2 Edge Present",10
"mrgn","CSi","edge",1000,"medium","M1","T1 - T2 Edge Present",19
"mrgn","CSi","edge",1000,"medium","M2","T1 - T2 Edge Present",20
"mrgn","CSi","edge",1000,"medium","M3","T1 - T2 Edge Present",10
"mrgn","CSi","edge",1000,"medium","M4","T1 - T2 Edge Present",19
"mrgn","CSi","edge",1000,"medium","M0","Other",0
"mrgn","CSi","edge",1000,"medium","M1","Other",0
"mrgn","CSi","edge",1000,"medium","M2","Other",0
"mrgn","CSi","edge",1000,"medium","M3","Other",2
"mrgn","CSi","edge",1000,"medium","M4","Other",1
"mrgn","CSi","model",1000,"large","M0","M0",14
"mrgn","CSi","model",1000,"large","M1","M0",0
"mrgn","CSi","model",1000,"large","M2","M0",0
"mrgn","CSi","model",1000,"large","M3","M0",0
"mrgn","CSi","model",1000,"large","M4","M0",0
"mrgn","CSi","model",1000,"large","M0","M1",5
"mrgn","CSi","model",1000,"large","M1","M1",19
"mrgn","CSi","model",1000,"large","M2","M1",0
"mrgn","CSi","model",1000,"large","M3","M1",0
"mrgn","CSi","model",1000,"large","M4","M1",7
"mrgn","CSi","model",1000,"large","M0","M2",0
"mrgn","CSi","model",1000,"large","M1","M2",0
"mrgn","CSi","model",1000,"large","M2","M2",20
"mrgn","CSi","model",1000,"large","M3","M2",0
"mrgn","CSi","model",1000,"large","M4","M2",0
"mrgn","CSi","model",1000,"large","M0","M3",1
"mrgn","CSi","model",1000,"large","M1","M3",0
"mrgn","CSi","model",1000,"large","M2","M3",0
"mrgn","CSi","model",1000,"large","M3","M3",10
"mrgn","CSi","model",1000,"large","M4","M3",0
"mrgn","CSi","model",1000,"large","M0","M4",0
"mrgn","CSi","model",1000,"large","M1","M4",0
"mrgn","CSi","model",1000,"large","M2","M4",0
"mrgn","CSi","model",1000,"large","M3","M4",10
"mrgn","CSi","model",1000,"large","M4","M4",13
"mrgn","CSi","model",1000,"large","M0","Other",0
"mrgn","CSi","model",1000,"large","M1","Other",1
"mrgn","CSi","model",1000,"large","M2","Other",0
"mrgn","CSi","model",1000,"large","M3","Other",0
"mrgn","CSi","model",1000,"large","M4","Other",0
"mrgn","CSi","edge",1000,"large","M0","T1 - T2 Edge Absent",15
"mrgn","CSi","edge",1000,"large","M1","T1 - T2 Edge Absent",0
"mrgn","CSi","edge",1000,"large","M2","T1 - T2 Edge Absent",0
"mrgn","CSi","edge",1000,"large","M3","T1 - T2 Edge Absent",10
"mrgn","CSi","edge",1000,"large","M4","T1 - T2 Edge Absent",0
"mrgn","CSi","edge",1000,"large","M0","T1 - T2 Edge Present",5
"mrgn","CSi","edge",1000,"large","M1","T1 - T2 Edge Present",19
"mrgn","CSi","edge",1000,"large","M2","T1 - T2 Edge Present",20
"mrgn","CSi","edge",1000,"large","M3","T1 - T2 Edge Present",10
"mrgn","CSi","edge",1000,"large","M4","T1 - T2 Edge Present",20
"mrgn","CSi","edge",1000,"large","M0","Other",0
"mrgn","CSi","edge",1000,"large","M1","Other",1
"mrgn","CSi","edge",1000,"large","M2","Other",0
"mrgn","CSi","edge",1000,"large","M3","Other",0
"mrgn","CSi","edge",1000,"large","M4","Other",0
"mrpc","truth","model",50,"all","M0","M0",15
"mrpc","truth","model",50,"all","M1","M0",3
"mrpc","truth","model",50,"all","M2","M0",9
"mrpc","truth","model",50,"all","M3","M0",10
"mrpc","truth","model",50,"all","M4","M0",3
"mrpc","truth","model",50,"all","M0","M1",0
"mrpc","truth","model",50,"all","M1","M1",3
"mrpc","truth","model",50,"all","M2","M1",2
"mrpc","truth","model",50,"all","M3","M1",0
"mrpc","truth","model",50,"all","M4","M1",3
"mrpc","truth","model",50,"all","M0","M2",0
"mrpc","truth","model",50,"all","M1","M2",1
"mrpc","truth","model",50,"all","M2","M2",3
"mrpc","truth","model",50,"all","M3","M2",0
"mrpc","truth","model",50,"all","M4","M2",0
"mrpc","truth","model",50,"all","M0","M3",0
"mrpc","truth","model",50,"all","M1","M3",0
"mrpc","truth","model",50,"all","M2","M3",0
"mrpc","truth","model",50,"all","M3","M3",4
"mrpc","truth","model",50,"all","M4","M3",0
"mrpc","truth","model",50,"all","M0","M4",0
"mrpc","truth","model",50,"all","M1","M4",0
"mrpc","truth","model",50,"all","M2","M4",0
"mrpc","truth","model",50,"all","M3","M4",0
"mrpc","truth","model",50,"all","M4","M4",0
"mrpc","truth","model",50,"all","M0","Other",45
"mrpc","truth","model",50,"all","M1","Other",53
"mrpc","truth","model",50,"all","M2","Other",46
"mrpc","truth","model",50,"all","M3","Other",46
"mrpc","truth","model",50,"all","M4","Other",54
"mrpc","truth","model",50,"all","M0","Failed",0
"mrpc","truth","model",50,"all","M1","Failed",0
"mrpc","truth","model",50,"all","M2","Failed",0
"mrpc","truth","model",50,"all","M3","Failed",0
"mrpc","truth","model",50,"all","M4","Failed",0
"mrpc","truth","edge",50,"all","M0","T1 - T2 Edge Absent",15
"mrpc","truth","edge",50,"all","M1","T1 - T2 Edge Absent",3
"mrpc","truth","edge",50,"all","M2","T1 - T2 Edge Absent",9
"mrpc","truth","edge",50,"all","M3","T1 - T2 Edge Absent",14
"mrpc","truth","edge",50,"all","M4","T1 - T2 Edge Absent",3
"mrpc","truth","edge",50,"all","M0","T1 - T2 Edge Present",0
"mrpc","truth","edge",50,"all","M1","T1 - T2 Edge Present",4
"mrpc","truth","edge",50,"all","M2","T1 - T2 Edge Present",5
"mrpc","truth","edge",50,"all","M3","T1 - T2 Edge Present",0
"mrpc","truth","edge",50,"all","M4","T1 - T2 Edge Present",3
"mrpc","truth","edge",50,"all","M0","Other",45
"mrpc","truth","edge",50,"all","M1","Other",53
"mrpc","truth","edge",50,"all","M2","Other",46
"mrpc","truth","edge",50,"all","M3","Other",46
"mrpc","truth","edge",50,"all","M4","Other",54
"mrpc","truth","edge",50,"all","M0","Failed",0
"mrpc","truth","edge",50,"all","M1","Failed",0
"mrpc","truth","edge",50,"all","M2","Failed",0
"mrpc","truth","edge",50,"all","M3","Failed",0
"mrpc","truth","edge",50,"all","M4","Failed",0
"mrpc","truth","model",50,"small","M0","M0",0
"mrpc","truth","model",50,"small","M1","M0",0
"mrpc","truth","model",50,"small","M2","M0",0
"mrpc","truth","model",50,"small","M3","M0",0
"mrpc","truth","model",50,"small","M4","M0",2
"mrpc","truth","model",50,"small","M0","M1",0
"mrpc","truth","model",50,"small","M1","M1",0
"mrpc","truth","model",50,"small","M2","M1",0
"mrpc","truth","model",50,"small","M3","M1",0
"mrpc","truth","model",50,"small","M4","M1",0
"mrpc","truth","model",50,"small","M0","M2",0
"mrpc","truth","model",50,"small","M1","M2",0
"mrpc","truth","model",50,"small","M2","M2",0
"mrpc","truth","model",50,"small","M3","M2",0
"mrpc","truth","model",50,"small","M4","M2",0
"mrpc","truth","model",50,"small","M0","M3",0
"mrpc","truth","model",50,"small","M1","M3",0
"mrpc","truth","model",50,"small","M2","M3",0
"mrpc","truth","model",50,"small","M3","M3",0
"mrpc","truth","model",50,"small","M4","M3",0
"mrpc","truth","model",50,"small","M0","M4",0
"mrpc","truth","model",50,"small","M1","M4",0
"mrpc","truth","model",50,"small","M2","M4",0
"mrpc","truth","model",50,"small","M3","M4",0
"mrpc","truth","model",50,"small","M4","M4",0
"mrpc","truth","model",50,"small","M0","Other",20
"mrpc","truth","model",50,"small","M1","Other",20
"mrpc","truth","model",50,"small","M2","Other",20
"mrpc","truth","model",50,"small","M3","Other",20
"mrpc","truth","model",50,"small","M4","Other",18
"mrpc","truth","model",50,"small","M0","Failed",0
"mrpc","truth","model",50,"small","M1","Failed",0
"mrpc","truth","model",50,"small","M2","Failed",0
"mrpc","truth","model",50,"small","M3","Failed",0
"mrpc","truth","model",50,"small","M4","Failed",0
"mrpc","truth","edge",50,"small","M0","T1 - T2 Edge Absent",0
"mrpc","truth","edge",50,"small","M1","T1 - T2 Edge Absent",0
"mrpc","truth","edge",50,"small","M2","T1 - T2 Edge Absent",0
"mrpc","truth","edge",50,"small","M3","T1 - T2 Edge Absent",0
"mrpc","truth","edge",50,"small","M4","T1 - T2 Edge Absent",2
"mrpc","truth","edge",50,"small","M0","T1 - T2 Edge Present",0
"mrpc","truth","edge",50,"small","M1","T1 - T2 Edge Present",0
"mrpc","truth","edge",50,"small","M2","T1 - T2 Edge Present",0
"mrpc","truth","edge",50,"small","M3","T1 - T2 Edge Present",0
"mrpc","truth","edge",50,"small","M4","T1 - T2 Edge Present",0
"mrpc","truth","edge",50,"small","M0","Other",20
"mrpc","truth","edge",50,"small","M1","Other",20
"mrpc","truth","edge",50,"small","M2","Other",20
"mrpc","truth","edge",50,"small","M3","Other",20
"mrpc","truth","edge",50,"small","M4","Other",18
"mrpc","truth","edge",50,"small","M0","Failed",0
"mrpc","truth","edge",50,"small","M1","Failed",0
"mrpc","truth","edge",50,"small","M2","Failed",0
"mrpc","truth","edge",50,"small","M3","Failed",0
"mrpc","truth","edge",50,"small","M4","Failed",0
"mrpc","truth","model",50,"medium","M0","M0",2
"mrpc","truth","model",50,"medium","M1","M0",3
"mrpc","truth","model",50,"medium","M2","M0",5
"mrpc","truth","model",50,"medium","M3","M0",5
"mrpc","truth","model",50,"medium","M4","M0",1
"mrpc","truth","model",50,"medium","M0","M1",0
"mrpc","truth","model",50,"medium","M1","M1",0
"mrpc","truth","model",50,"medium","M2","M1",0
"mrpc","truth","model",50,"medium","M3","M1",0
"mrpc","truth","model",50,"medium","M4","M1",1
"mrpc","truth","model",50,"medium","M0","M2",0
"mrpc","truth","model",50,"medium","M1","M2",0
"mrpc","truth","model",50,"medium","M2","M2",0
"mrpc","truth","model",50,"medium","M3","M2",0
"mrpc","truth","model",50,"medium","M4","M2",0
"mrpc","truth","model",50,"medium","M0","M3",0
"mrpc","truth","model",50,"medium","M1","M3",0
"mrpc","truth","model",50,"medium","M2","M3",0
"mrpc","truth","model",50,"medium","M3","M3",1
"mrpc","truth","model",50,"medium","M4","M3",0
"mrpc","truth","model",50,"medium","M0","M4",0
"mrpc","truth","model",50,"medium","M1","M4",0
"mrpc","truth","model",50,"medium","M2","M4",0
"mrpc","truth","model",50,"medium","M3","M4",0
"mrpc","truth","model",50,"medium","M4","M4",0
"mrpc","truth","model",50,"medium","M0","Other",18
"mrpc","truth","model",50,"medium","M1","Other",17
"mrpc","truth","model",50,"medium","M2","Other",15
"mrpc","truth","model",50,"medium","M3","Other",14
"mrpc","truth","model",50,"medium","M4","Other",18
"mrpc","truth","model",50,"medium","M0","Failed",0
"mrpc","truth","model",50,"medium","M1","Failed",0
"mrpc","truth","model",50,"medium","M2","Failed",0
"mrpc","truth","model",50,"medium","M3","Failed",0
"mrpc","truth","model",50,"medium","M4","Failed",0
"mrpc","truth","edge",50,"medium","M0","T1 - T2 Edge Absent",2
"mrpc","truth","edge",50,"medium","M1","T1 - T2 Edge Absent",3
"mrpc","truth","edge",50,"medium","M2","T1 - T2 Edge Absent",5
"mrpc","truth","edge",50,"medium","M3","T1 - T2 Edge Absent",6
"mrpc","truth","edge",50,"medium","M4","T1 - T2 Edge Absent",1
"mrpc","truth","edge",50,"medium","M0","T1 - T2 Edge Present",0
"mrpc","truth","edge",50,"medium","M1","T1 - T2 Edge Present",0
"mrpc","truth","edge",50,"medium","M2","T1 - T2 Edge Present",0
"mrpc","truth","edge",50,"medium","M3","T1 - T2 Edge Present",0
"mrpc","truth","edge",50,"medium","M4","T1 - T2 Edge Present",1
"mrpc","truth","edge",50,"medium","M0","Other",18
"mrpc","truth","edge",50,"medium","M1","Other",17
"mrpc","truth","edge",50,"medium","M2","Other",15
"mrpc","truth","edge",50,"medium","M3","Other",14
"mrpc","truth","edge",50,"medium","M4","Other",18
"mrpc","truth","edge",50,"medium","M0","Failed",0
"mrpc","truth","edge",50,"medium","M1","Failed",0
"mrpc","truth","edge",50,"medium","M2","Failed",0
"mrpc","truth","edge",50,"medium","M3","Failed",0
"mrpc","truth","edge",50,"medium","M4","Failed",0
"mrpc","truth","model",50,"large","M0","M0",13
"mrpc","truth","model",50,"large","M1","M0",0
"mrpc","truth","model",50,"large","M2","M0",4
"mrpc","truth","model",50,"large","M3","M0",5
"mrpc","truth","model",50,"large","M4","M0",0
"mrpc","truth","model",50,"large","M0","M1",0
"mrpc","truth","model",50,"large","M1","M1",3
"mrpc","truth","model",50,"large","M2","M1",2
"mrpc","truth","model",50,"large","M3","M1",0
"mrpc","truth","model",50,"large","M4","M1",2
"mrpc","truth","model",50,"large","M0","M2",0
"mrpc","truth","model",50,"large","M1","M2",1
"mrpc","truth","model",50,"large","M2","M2",3
"mrpc","truth","model",50,"large","M3","M2",0
"mrpc","truth","model",50,"large","M4","M2",0
"mrpc","truth","model",50,"large","M0","M3",0
"mrpc","truth","model",50,"large","M1","M3",0
"mrpc","truth","model",50,"large","M2","M3",0
"mrpc","truth","model",50,"large","M3","M3",3
"mrpc","truth","model",50,"large","M4","M3",0
"mrpc","truth","model",50,"large","M0","M4",0
"mrpc","truth","model",50,"large","M1","M4",0
"mrpc","truth","model",50,"large","M2","M4",0
"mrpc","truth","model",50,"large","M3","M4",0
"mrpc","truth","model",50,"large","M4","M4",0
"mrpc","truth","model",50,"large","M0","Other",7
"mrpc","truth","model",50,"large","M1","Other",16
"mrpc","truth","model",50,"large","M2","Other",11
"mrpc","truth","model",50,"large","M3","Other",12
"mrpc","truth","model",50,"large","M4","Other",18
"mrpc","truth","model",50,"large","M0","Failed",0
"mrpc","truth","model",50,"large","M1","Failed",0
"mrpc","truth","model",50,"large","M2","Failed",0
"mrpc","truth","model",50,"large","M3","Failed",0
"mrpc","truth","model",50,"large","M4","Failed",0
"mrpc","truth","edge",50,"large","M0","T1 - T2 Edge Absent",13
"mrpc","truth","edge",50,"large","M1","T1 - T2 Edge Absent",0
"mrpc","truth","edge",50,"large","M2","T1 - T2 Edge Absent",4
"mrpc","truth","edge",50,"large","M3","T1 - T2 Edge Absent",8
"mrpc","truth","edge",50,"large","M4","T1 - T2 Edge Absent",0
"mrpc","truth","edge",50,"large","M0","T1 - T2 Edge Present",0
"mrpc","truth","edge",50,"large","M1","T1 - T2 Edge Present",4
"mrpc","truth","edge",50,"large","M2","T1 - T2 Edge Present",5
"mrpc","truth","edge",50,"large","M3","T1 - T2 Edge Present",0
"mrpc","truth","edge",50,"large","M4","T1 - T2 Edge Present",2
"mrpc","truth","edge",50,"large","M0","Other",7
"mrpc","truth","edge",50,"large","M1","Other",16
"mrpc","truth","edge",50,"large","M2","Other",11
"mrpc","truth","edge",50,"large","M3","Other",12
"mrpc","truth","edge",50,"large","M4","Other",18
"mrpc","truth","edge",50,"large","M0","Failed",0
"mrpc","truth","edge",50,"large","M1","Failed",0
"mrpc","truth","edge",50,"large","M2","Failed",0
"mrpc","truth","edge",50,"large","M3","Failed",0
"mrpc","truth","edge",50,"large","M4","Failed",0
"mrpc","truth","model",150,"all","M0","M0",29
"mrpc","truth","model",150,"all","M1","M0",3
"mrpc","truth","model",150,"all","M2","M0",4
"mrpc","truth","model",150,"all","M3","M0",8
"mrpc","truth","model",150,"all","M4","M0",0
"mrpc","truth","model",150,"all","M0","M1",0
"mrpc","truth","model",150,"all","M1","M1",11
"mrpc","truth","model",150,"all","M2","M1",0
"mrpc","truth","model",150,"all","M3","M1",0
"mrpc","truth","model",150,"all","M4","M1",19
"mrpc","truth","model",150,"all","M0","M2",0
"mrpc","truth","model",150,"all","M1","M2",1
"mrpc","truth","model",150,"all","M2","M2",18
"mrpc","truth","model",150,"all","M3","M2",0
"mrpc","truth","model",150,"all","M4","M2",2
"mrpc","truth","model",150,"all","M0","M3",0
"mrpc","truth","model",150,"all","M1","M3",0
"mrpc","truth","model",150,"all","M2","M3",0
"mrpc","truth","model",150,"all","M3","M3",24
"mrpc","truth","model",150,"all","M4","M3",0
"mrpc","truth","model",150,"all","M0","M4",0
"mrpc","truth","model",150,"all","M1","M4",0
"mrpc","truth","model",150,"all","M2","M4",0
"mrpc","truth","model",150,"all","M3","M4",0
"mrpc","truth","model",150,"all","M4","M4",1
"mrpc","truth","model",150,"all","M0","Other",31
"mrpc","truth","model",150,"all","M1","Other",45
"mrpc","truth","model",150,"all","M2","Other",38
"mrpc","truth","model",150,"all","M3","Other",28
"mrpc","truth","model",150,"all","M4","Other",38
"mrpc","truth","model",150,"all","M0","Failed",0
"mrpc","truth","model",150,"all","M1","Failed",0
"mrpc","truth","model",150,"all","M2","Failed",0
"mrpc","truth","model",150,"all","M3","Failed",0
"mrpc","truth","model",150,"all","M4","Failed",0
"mrpc","truth","edge",150,"all","M0","T1 - T2 Edge Absent",29
"mrpc","truth","edge",150,"all","M1","T1 - T2 Edge Absent",3
"mrpc","truth","edge",150,"all","M2","T1 - T2 Edge Absent",4
"mrpc","truth","edge",150,"all","M3","T1 - T2 Edge Absent",32
"mrpc","truth","edge",150,"all","M4","T1 - T2 Edge Absent",0
"mrpc","truth","edge",150,"all","M0","T1 - T2 Edge Present",0
"mrpc","truth","edge",150,"all","M1","T1 - T2 Edge Present",12
"mrpc","truth","edge",150,"all","M2","T1 - T2 Edge Present",18
"mrpc","truth","edge",150,"all","M3","T1 - T2 Edge Present",0
"mrpc","truth","edge",150,"all","M4","T1 - T2 Edge Present",22
"mrpc","truth","edge",150,"all","M0","Other",31
"mrpc","truth","edge",150,"all","M1","Other",45
"mrpc","truth","edge",150,"all","M2","Other",38
"mrpc","truth","edge",150,"all","M3","Other",28
"mrpc","truth","edge",150,"all","M4","Other",38
"mrpc","truth","edge",150,"all","M0","Failed",0
"mrpc","truth","edge",150,"all","M1","Failed",0
"mrpc","truth","edge",150,"all","M2","Failed",0
"mrpc","truth","edge",150,"all","M3","Failed",0
"mrpc","truth","edge",150,"all","M4","Failed",0
"mrpc","truth","model",150,"small","M0","M0",0
"mrpc","truth","model",150,"small","M1","M0",3
"mrpc","truth","model",150,"small","M2","M0",0
"mrpc","truth","model",150,"small","M3","M0",2
"mrpc","truth","model",150,"small","M4","M0",0
"mrpc","truth","model",150,"small","M0","M1",0
"mrpc","truth","model",150,"small","M1","M1",0
"mrpc","truth","model",150,"small","M2","M1",0
"mrpc","truth","model",150,"small","M3","M1",0
"mrpc","truth","model",150,"small","M4","M1",0
"mrpc","truth","model",150,"small","M0","M2",0
"mrpc","truth","model",150,"small","M1","M2",0
"mrpc","truth","model",150,"small","M2","M2",0
"mrpc","truth","model",150,"small","M3","M2",0
"mrpc","truth","model",150,"small","M4","M2",0
"mrpc","truth","model",150,"small","M0","M3",0
"mrpc","truth","model",150,"small","M1","M3",0
"mrpc","truth","model",150,"small","M2","M3",0
"mrpc","truth","model",150,"small","M3","M3",1
"mrpc","truth","model",150,"small","M4","M3",0
"mrpc","truth","model",150,"small","M0","M4",0
"mrpc","truth","model",150,"small","M1","M4",0
"mrpc","truth","model",150,"small","M2","M4",0
"mrpc","truth","model",150,"small","M3","M4",0
"mrpc","truth","model",150,"small","M4","M4",0
"mrpc","truth","model",150,"small","M0","Other",20
"mrpc","truth","model",150,"small","M1","Other",17
"mrpc","truth","model",150,"small","M2","Other",20
"mrpc","truth","model",150,"small","M3","Other",17
"mrpc","truth","model",150,"small","M4","Other",20
"mrpc","truth","model",150,"small","M0","Failed",0
"mrpc","truth","model",150,"small","M1","Failed",0
"mrpc","truth","model",150,"small","M2","Failed",0
"mrpc","truth","model",150,"small","M3","Failed",0
"mrpc","truth","model",150,"small","M4","Failed",0
"mrpc","truth","edge",150,"small","M0","T1 - T2 Edge Absent",0
"mrpc","truth","edge",150,"small","M1","T1 - T2 Edge Absent",3
"mrpc","truth","edge",150,"small","M2","T1 - T2 Edge Absent",0
"mrpc","truth","edge",150,"small","M3","T1 - T2 Edge Absent",3
"mrpc","truth","edge",150,"small","M4","T1 - T2 Edge Absent",0
"mrpc","truth","edge",150,"small","M0","T1 - T2 Edge Present",0
"mrpc","truth","edge",150,"small","M1","T1 - T2 Edge Present",0
"mrpc","truth","edge",150,"small","M2","T1 - T2 Edge Present",0
"mrpc","truth","edge",150,"small","M3","T1 - T2 Edge Present",0
"mrpc","truth","edge",150,"small","M4","T1 - T2 Edge Present",0
"mrpc","truth","edge",150,"small","M0","Other",20
"mrpc","truth","edge",150,"small","M1","Other",17
"mrpc","truth","edge",150,"small","M2","Other",20
"mrpc","truth","edge",150,"small","M3","Other",17
"mrpc","truth","edge",150,"small","M4","Other",20
"mrpc","truth","edge",150,"small","M0","Failed",0
"mrpc","truth","edge",150,"small","M1","Failed",0
"mrpc","truth","edge",150,"small","M2","Failed",0
"mrpc","truth","edge",150,"small","M3","Failed",0
"mrpc","truth","edge",150,"small","M4","Failed",0
"mrpc","truth","model",150,"medium","M0","M0",11
"mrpc","truth","model",150,"medium","M1","M0",0
"mrpc","truth","model",150,"medium","M2","M0",4
"mrpc","truth","model",150,"medium","M3","M0",3
"mrpc","truth","model",150,"medium","M4","M0",0
"mrpc","truth","model",150,"medium","M0","M1",0
"mrpc","truth","model",150,"medium","M1","M1",2
"mrpc","truth","model",150,"medium","M2","M1",0
"mrpc","truth","model",150,"medium","M3","M1",0
"mrpc","truth","model",150,"medium","M4","M1",6
"mrpc","truth","model",150,"medium","M0","M2",0
"mrpc","truth","model",150,"medium","M1","M2",0
"mrpc","truth","model",150,"medium","M2","M2",2
"mrpc","truth","model",150,"medium","M3","M2",0
"mrpc","truth","model",150,"medium","M4","M2",2
"mrpc","truth","model",150,"medium","M0","M3",0
"mrpc","truth","model",150,"medium","M1","M3",0
"mrpc","truth","model",150,"medium","M2","M3",0
"mrpc","truth","model",150,"medium","M3","M3",7
"mrpc","truth","model",150,"medium","M4","M3",0
"mrpc","truth","model",150,"medium","M0","M4",0
"mrpc","truth","model",150,"medium","M1","M4",0
"mrpc","truth","model",150,"medium","M2","M4",0
"mrpc","truth","model",150,"medium","M3","M4",0
"mrpc","truth","model",150,"medium","M4","M4",0
"mrpc","truth","model",150,"medium","M0","Other",9
"mrpc","truth","model",150,"medium","M1","Other",18
"mrpc","truth","model",150,"medium","M2","Other",14
"mrpc","truth","model",150,"medium","M3","Other",10
"mrpc","truth","model",150,"medium","M4","Other",12
"mrpc","truth","model",150,"medium","M0","Failed",0
"mrpc","truth","model",150,"medium","M1","Failed",0
"mrpc","truth","model",150,"medium","M2","Failed",0
"mrpc","truth","model",150,"medium","M3","Failed",0
"mrpc","truth","model",150,"medium","M4","Failed",0
"mrpc","truth","edge",150,"medium","M0","T1 - T2 Edge Absent",11
"mrpc","truth","edge",150,"medium","M1","T1 - T2 Edge Absent",0
"mrpc","truth","edge",150,"medium","M2","T1 - T2 Edge Absent",4
"mrpc","truth","edge",150,"medium","M3","T1 - T2 Edge Absent",10
"mrpc","truth","edge",150,"medium","M4","T1 - T2 Edge Absent",0
"mrpc","truth","edge",150,"medium","M0","T1 - T2 Edge Present",0
"mrpc","truth","edge",150,"medium","M1","T1 - T2 Edge Present",2
"mrpc","truth","edge",150,"medium","M2","T1 - T2 Edge Present",2
"mrpc","truth","edge",150,"medium","M3","T1 - T2 Edge Present",0
"mrpc","truth","edge",150,"medium","M4","T1 - T2 Edge Present",8
"mrpc","truth","edge",150,"medium","M0","Other",9
"mrpc","truth","edge",150,"medium","M1","Other",18
"mrpc","truth","edge",150,"medium","M2","Other",14
"mrpc","truth","edge",150,"medium","M3","Other",10
"mrpc","truth","edge",150,"medium","M4","Other",12
"mrpc","truth","edge",150,"medium","M0","Failed",0
"mrpc","truth","edge",150,"medium","M1","Failed",0
"mrpc","truth","edge",150,"medium","M2","Failed",0
"mrpc","truth","edge",150,"medium","M3","Failed",0
"mrpc","truth","edge",150,"medium","M4","Failed",0
"mrpc","truth","model",150,"large","M0","M0",18
"mrpc","truth","model",150,"large","M1","M0",0
"mrpc","truth","model",150,"large","M2","M0",0
"mrpc","truth","model",150,"large","M3","M0",3
"mrpc","truth","model",150,"large","M4","M0",0
"mrpc","truth","model",150,"large","M0","M1",0
"mrpc","truth","model",150,"large","M1","M1",9
"mrpc","truth","model",150,"large","M2","M1",0
"mrpc","truth","model",150,"large","M3","M1",0
"mrpc","truth","model",150,"large","M4","M1",13
"mrpc","truth","model",150,"large","M0","M2",0
"mrpc","truth","model",150,"large","M1","M2",1
"mrpc","truth","model",150,"large","M2","M2",16
"mrpc","truth","model",150,"large","M3","M2",0
"mrpc","truth","model",150,"large","M4","M2",0
"mrpc","truth","model",150,"large","M0","M3",0
"mrpc","truth","model",150,"large","M1","M3",0
"mrpc","truth","model",150,"large","M2","M3",0
"mrpc","truth","model",150,"large","M3","M3",16
"mrpc","truth","model",150,"large","M4","M3",0
"mrpc","truth","model",150,"large","M0","M4",0
"mrpc","truth","model",150,"large","M1","M4",0
"mrpc","truth","model",150,"large","M2","M4",0
"mrpc","truth","model",150,"large","M3","M4",0
"mrpc","truth","model",150,"large","M4","M4",1
"mrpc","truth","model",150,"large","M0","Other",2
"mrpc","truth","model",150,"large","M1","Other",10
"mrpc","truth","model",150,"large","M2","Other",4
"mrpc","truth","model",150,"large","M3","Other",1
"mrpc","truth","model",150,"large","M4","Other",6
"mrpc","truth","model",150,"large","M0","Failed",0
"mrpc","truth","model",150,"large","M1","Failed",0
"mrpc","truth","model",150,"large","M2","Failed",0
"mrpc","truth","model",150,"large","M3","Failed",0
"mrpc","truth","model",150,"large","M4","Failed",0
"mrpc","truth","edge",150,"large","M0","T1 - T2 Edge Absent",18
"mrpc","truth","edge",150,"large","M1","T1 - T2 Edge Absent",0
"mrpc","truth","edge",150,"large","M2","T1 - T2 Edge Absent",0
"mrpc","truth","edge",150,"large","M3","T1 - T2 Edge Absent",19
"mrpc","truth","edge",150,"large","M4","T1 - T2 Edge Absent",0
"mrpc","truth","edge",150,"large","M0","T1 - T2 Edge Present",0
"mrpc","truth","edge",150,"large","M1","T1 - T2 Edge Present",10
"mrpc","truth","edge",150,"large","M2","T1 - T2 Edge Present",16
"mrpc","truth","edge",150,"large","M3","T1 - T2 Edge Present",0
"mrpc","truth","edge",150,"large","M4","T1 - T2 Edge Present",14
"mrpc","truth","edge",150,"large","M0","Other",2
"mrpc","truth","edge",150,"large","M1","Other",10
"mrpc","truth","edge",150,"large","M2","Other",4
"mrpc","truth","edge",150,"large","M3","Other",1
"mrpc","truth","edge",150,"large","M4","Other",6
"mrpc","truth","edge",150,"large","M0","Failed",0
"mrpc","truth","edge",150,"large","M1","Failed",0
"mrpc","truth","edge",150,"large","M2","Failed",0
"mrpc","truth","edge",150,"large","M3","Failed",0
"mrpc","truth","edge",150,"large","M4","Failed",0
"mrpc","truth","model",300,"all","M0","M0",27
"mrpc","truth","model",300,"all","M1","M0",2
"mrpc","truth","model",300,"all","M2","M0",3
"mrpc","truth","model",300,"all","M3","M0",1
"mrpc","truth","model",300,"all","M4","M0",3
"mrpc","truth","model",300,"all","M0","M1",0
"mrpc","truth","model",300,"all","M1","M1",4
"mrpc","truth","model",300,"all","M2","M1",0
"mrpc","truth","model",300,"all","M3","M1",0
"mrpc","truth","model",300,"all","M4","M1",18
"mrpc","truth","model",300,"all","M0","M2",0
"mrpc","truth","model",300,"all","M1","M2",12
"mrpc","truth","model",300,"all","M2","M2",14
"mrpc","truth","model",300,"all","M3","M2",0
"mrpc","truth","model",300,"all","M4","M2",0
"mrpc","truth","model",300,"all","M0","M3",0
"mrpc","truth","model",300,"all","M1","M3",1
"mrpc","truth","model",300,"all","M2","M3",0
"mrpc","truth","model",300,"all","M3","M3",24
"mrpc","truth","model",300,"all","M4","M3",1
"mrpc","truth","model",300,"all","M0","M4",0
"mrpc","truth","model",300,"all","M1","M4",2
"mrpc","truth","model",300,"all","M2","M4",0
"mrpc","truth","model",300,"all","M3","M4",0
"mrpc","truth","model",300,"all","M4","M4",7
"mrpc","truth","model",300,"all","M0","Other",19
"mrpc","truth","model",300,"all","M1","Other",17
"mrpc","truth","model",300,"all","M2","Other",16
"mrpc","truth","model",300,"all","M3","Other",15
"mrpc","truth","model",300,"all","M4","Other",11
"mrpc","truth","model",300,"all","M0","Failed",14
"mrpc","truth","model",300,"all","M1","Failed",22
"mrpc","truth","model",300,"all","M2","Failed",27
"mrpc","truth","model",300,"all","M3","Failed",20
"mrpc","truth","model",300,"all","M4","Failed",20
"mrpc","truth","edge",300,"all","M0","T1 - T2 Edge Absent",27
"mrpc","truth","edge",300,"all","M1","T1 - T2 Edge Absent",3
"mrpc","truth","edge",300,"all","M2","T1 - T2 Edge Absent",3
"mrpc","truth","edge",300,"all","M3","T1 - T2 Edge Absent",25
"mrpc","truth","edge",300,"all","M4","T1 - T2 Edge Absent",4
"mrpc","truth","edge",300,"all","M0","T1 - T2 Edge Present",0
"mrpc","truth","edge",300,"all","M1","T1 - T2 Edge Present",18
"mrpc","truth","edge",300,"all","M2","T1 - T2 Edge Present",14
"mrpc","truth","edge",300,"all","M3","T1 - T2 Edge Present",0
"mrpc","truth","edge",300,"all","M4","T1 - T2 Edge Present",25
"mrpc","truth","edge",300,"all","M0","Other",19
"mrpc","truth","edge",300,"all","M1","Other",17
"mrpc","truth","edge",300,"all","M2","Other",16
"mrpc","truth","edge",300,"all","M3","Other",15
"mrpc","truth","edge",300,"all","M4","Other",11
"mrpc","truth","edge",300,"all","M0","Failed",14
"mrpc","truth","edge",300,"all","M1","Failed",22
"mrpc","truth","edge",300,"all","M2","Failed",27
"mrpc","truth","edge",300,"all","M3","Failed",20
"mrpc","truth","edge",300,"all","M4","Failed",20
"mrpc","truth","model",300,"small","M0","M0",4
"mrpc","truth","model",300,"small","M1","M0",1
"mrpc","truth","model",300,"small","M2","M0",0
"mrpc","truth","model",300,"small","M3","M0",0
"mrpc","truth","model",300,"small","M4","M0",2
"mrpc","truth","model",300,"small","M0","M1",0
"mrpc","truth","model",300,"small","M1","M1",0
"mrpc","truth","model",300,"small","M2","M1",0
"mrpc","truth","model",300,"small","M3","M1",0
"mrpc","truth","model",300,"small","M4","M1",1
"mrpc","truth","model",300,"small","M0","M2",0
"mrpc","truth","model",300,"small","M1","M2",0
"mrpc","truth","model",300,"small","M2","M2",1
"mrpc","truth","model",300,"small","M3","M2",0
"mrpc","truth","model",300,"small","M4","M2",0
"mrpc","truth","model",300,"small","M0","M3",0
"mrpc","truth","model",300,"small","M1","M3",0
"mrpc","truth","model",300,"small","M2","M3",0
"mrpc","truth","model",300,"small","M3","M3",2
"mrpc","truth","model",300,"small","M4","M3",1
"mrpc","truth","model",300,"small","M0","M4",0
"mrpc","truth","model",300,"small","M1","M4",0
"mrpc","truth","model",300,"small","M2","M4",0
"mrpc","truth","model",300,"small","M3","M4",0
"mrpc","truth","model",300,"small","M4","M4",0
"mrpc","truth","model",300,"small","M0","Other",9
"mrpc","truth","model",300,"small","M1","Other",15
"mrpc","truth","model",300,"small","M2","Other",11
"mrpc","truth","model",300,"small","M3","Other",12
"mrpc","truth","model",300,"small","M4","Other",10
"mrpc","truth","model",300,"small","M0","Failed",7
"mrpc","truth","model",300,"small","M1","Failed",4
"mrpc","truth","model",300,"small","M2","Failed",8
"mrpc","truth","model",300,"small","M3","Failed",6
"mrpc","truth","model",300,"small","M4","Failed",6
"mrpc","truth","edge",300,"small","M0","T1 - T2 Edge Absent",4
"mrpc","truth","edge",300,"small","M1","T1 - T2 Edge Absent",1
"mrpc","truth","edge",300,"small","M2","T1 - T2 Edge Absent",0
"mrpc","truth","edge",300,"small","M3","T1 - T2 Edge Absent",2
"mrpc","truth","edge",300,"small","M4","T1 - T2 Edge Absent",3
"mrpc","truth","edge",300,"small","M0","T1 - T2 Edge Present",0
"mrpc","truth","edge",300,"small","M1","T1 - T2 Edge Present",0
"mrpc","truth","edge",300,"small","M2","T1 - T2 Edge Present",1
"mrpc","truth","edge",300,"small","M3","T1 - T2 Edge Present",0
"mrpc","truth","edge",300,"small","M4","T1 - T2 Edge Present",1
"mrpc","truth","edge",300,"small","M0","Other",9
"mrpc","truth","edge",300,"small","M1","Other",15
"mrpc","truth","edge",300,"small","M2","Other",11
"mrpc","truth","edge",300,"small","M3","Other",12
"mrpc","truth","edge",300,"small","M4","Other",10
"mrpc","truth","edge",300,"small","M0","Failed",7
"mrpc","truth","edge",300,"small","M1","Failed",4
"mrpc","truth","edge",300,"small","M2","Failed",8
"mrpc","truth","edge",300,"small","M3","Failed",6
"mrpc","truth","edge",300,"small","M4","Failed",6
"mrpc","truth","model",300,"medium","M0","M0",10
"mrpc","truth","model",300,"medium","M1","M0",1
"mrpc","truth","model",300,"medium","M2","M0",3
"mrpc","truth","model",300,"medium","M3","M0",1
"mrpc","truth","model",300,"medium","M4","M0",1
"mrpc","truth","model",300,"medium","M0","M1",0
"mrpc","truth","model",300,"medium","M1","M1",1
"mrpc","truth","model",300,"medium","M2","M1",0
"mrpc","truth","model",300,"medium","M3","M1",0
"mrpc","truth","model",300,"medium","M4","M1",2
"mrpc","truth","model",300,"medium","M0","M2",0
"mrpc","truth","model",300,"medium","M1","M2",4
"mrpc","truth","model",300,"medium","M2","M2",2
"mrpc","truth","model",300,"medium","M3","M2",0
"mrpc","truth","model",300,"medium","M4","M2",0
"mrpc","truth","model",300,"medium","M0","M3",0
"mrpc","truth","model",300,"medium","M1","M3",1
"mrpc","truth","model",300,"medium","M2","M3",0
"mrpc","truth","model",300,"medium","M3","M3",7
"mrpc","truth","model",300,"medium","M4","M3",0
"mrpc","truth","model",300,"medium","M0","M4",0
"mrpc","truth","model",300,"medium","M1","M4",1
"mrpc","truth","model",300,"medium","M2","M4",0
"mrpc","truth","model",300,"medium","M3","M4",0
"mrpc","truth","model",300,"medium","M4","M4",7
"mrpc","truth","model",300,"medium","M0","Other",8
"mrpc","truth","model",300,"medium","M1","Other",0
"mrpc","truth","model",300,"medium","M2","Other",4
"mrpc","truth","model",300,"medium","M3","Other",2
"mrpc","truth","model",300,"medium","M4","Other",1
"mrpc","truth","model",300,"medium","M0","Failed",2
"mrpc","truth","model",300,"medium","M1","Failed",12
"mrpc","truth","model",300,"medium","M2","Failed",11
"mrpc","truth","model",300,"medium","M3","Failed",10
"mrpc","truth","model",300,"medium","M4","Failed",9
"mrpc","truth","edge",300,"medium","M0","T1 - T2 Edge Absent",10
"mrpc","truth","edge",300,"medium","M1","T1 - T2 Edge Absent",2
"mrpc","truth","edge",300,"medium","M2","T1 - T2 Edge Absent",3
"mrpc","truth","edge",300,"medium","M3","T1 - T2 Edge Absent",8
"mrpc","truth","edge",300,"medium","M4","T1 - T2 Edge Absent",1
"mrpc","truth","edge",300,"medium","M0","T1 - T2 Edge Present",0
"mrpc","truth","edge",300,"medium","M1","T1 - T2 Edge Present",6
"mrpc","truth","edge",300,"medium","M2","T1 - T2 Edge Present",2
"mrpc","truth","edge",300,"medium","M3","T1 - T2 Edge Present",0
"mrpc","truth","edge",300,"medium","M4","T1 - T2 Edge Present",9
"mrpc","truth","edge",300,"medium","M0","Other",8
"mrpc","truth","edge",300,"medium","M1","Other",0
"mrpc","truth","edge",300,"medium","M2","Other",4
"mrpc","truth","edge",300,"medium","M3","Other",2
"mrpc","truth","edge",300,"medium","M4","Other",1
"mrpc","truth","edge",300,"medium","M0","Failed",2
"mrpc","truth","edge",300,"medium","M1","Failed",12
"mrpc","truth","edge",300,"medium","M2","Failed",11
"mrpc","truth","edge",300,"medium","M3","Failed",10
"mrpc","truth","edge",300,"medium","M4","Failed",9
"mrpc","truth","model",300,"large","M0","M0",13
"mrpc","truth","model",300,"large","M1","M0",0
"mrpc","truth","model",300,"large","M2","M0",0
"mrpc","truth","model",300,"large","M3","M0",0
"mrpc","truth","model",300,"large","M4","M0",0
"mrpc","truth","model",300,"large","M0","M1",0
"mrpc","truth","model",300,"large","M1","M1",3
"mrpc","truth","model",300,"large","M2","M1",0
"mrpc","truth","model",300,"large","M3","M1",0
"mrpc","truth","model",300,"large","M4","M1",15
"mrpc","truth","model",300,"large","M0","M2",0
"mrpc","truth","model",300,"large","M1","M2",8
"mrpc","truth","model",300,"large","M2","M2",11
"mrpc","truth","model",300,"large","M3","M2",0
"mrpc","truth","model",300,"large","M4","M2",0
"mrpc","truth","model",300,"large","M0","M3",0
"mrpc","truth","model",300,"large","M1","M3",0
"mrpc","truth","model",300,"large","M2","M3",0
"mrpc","truth","model",300,"large","M3","M3",15
"mrpc","truth","model",300,"large","M4","M3",0
"mrpc","truth","model",300,"large","M0","M4",0
"mrpc","truth","model",300,"large","M1","M4",1
"mrpc","truth","model",300,"large","M2","M4",0
"mrpc","truth","model",300,"large","M3","M4",0
"mrpc","truth","model",300,"large","M4","M4",0
"mrpc","truth","model",300,"large","M0","Other",2
"mrpc","truth","model",300,"large","M1","Other",2
"mrpc","truth","model",300,"large","M2","Other",1
"mrpc","truth","model",300,"large","M3","Other",1
"mrpc","truth","model",300,"large","M4","Other",0
"mrpc","truth","model",300,"large","M0","Failed",5
"mrpc","truth","model",300,"large","M1","Failed",6
"mrpc","truth","model",300,"large","M2","Failed",8
"mrpc","truth","model",300,"large","M3","Failed",4
"mrpc","truth","model",300,"large","M4","Failed",5
"mrpc","truth","edge",300,"large","M0","T1 - T2 Edge Absent",13
"mrpc","truth","edge",300,"large","M1","T1 - T2 Edge Absent",0
"mrpc","truth","edge",300,"large","M2","T1 - T2 Edge Absent",0
"mrpc","truth","edge",300,"large","M3","T1 - T2 Edge Absent",15
"mrpc","truth","edge",300,"large","M4","T1 - T2 Edge Absent",0
"mrpc","truth","edge",300,"large","M0","T1 - T2 Edge Present",0
"mrpc","truth","edge",300,"large","M1","T1 - T2 Edge Present",12
"mrpc","truth","edge",300,"large","M2","T1 - T2 Edge Present",11
"mrpc","truth","edge",300,"large","M3","T1 - T2 Edge Present",0
"mrpc","truth","edge",300,"large","M4","T1 - T2 Edge Present",15
"mrpc","truth","edge",300,"large","M0","Other",2
"mrpc","truth","edge",300,"large","M1","Other",2
"mrpc","truth","edge",300,"large","M2","Other",1
"mrpc","truth","edge",300,"large","M3","Other",1
"mrpc","truth","edge",300,"large","M4","Other",0
"mrpc","truth","edge",300,"large","M0","Failed",5
"mrpc","truth","edge",300,"large","M1","Failed",6
"mrpc","truth","edge",300,"large","M2","Failed",8
"mrpc","truth","edge",300,"large","M3","Failed",4
"mrpc","truth","edge",300,"large","M4","Failed",5
"mrpc","CSq","model",50,"all","M0","M0",14
"mrpc","CSq","model",50,"all","M1","M0",4
"mrpc","CSq","model",50,"all","M2","M0",7
"mrpc","CSq","model",50,"all","M3","M0",8
"mrpc","CSq","model",50,"all","M4","M0",6
"mrpc","CSq","model",50,"all","M0","M1",0
"mrpc","CSq","model",50,"all","M1","M1",13
"mrpc","CSq","model",50,"all","M2","M1",5
"mrpc","CSq","model",50,"all","M3","M1",0
"mrpc","CSq","model",50,"all","M4","M1",12
"mrpc","CSq","model",50,"all","M0","M2",0
"mrpc","CSq","model",50,"all","M1","M2",0
"mrpc","CSq","model",50,"all","M2","M2",6
"mrpc","CSq","model",50,"all","M3","M2",0
"mrpc","CSq","model",50,"all","M4","M2",1
"mrpc","CSq","model",50,"all","M0","M3",0
"mrpc","CSq","model",50,"all","M1","M3",0
"mrpc","CSq","model",50,"all","M2","M3",0
"mrpc","CSq","model",50,"all","M3","M3",10
"mrpc","CSq","model",50,"all","M4","M3",0
"mrpc","CSq","model",50,"all","M0","M4",0
"mrpc","CSq","model",50,"all","M1","M4",0
"mrpc","CSq","model",50,"all","M2","M4",0
"mrpc","CSq","model",50,"all","M3","M4",0
"mrpc","CSq","model",50,"all","M4","M4",0
"mrpc","CSq","model",50,"all","M0","Other",46
"mrpc","CSq","model",50,"all","M1","Other",43
"mrpc","CSq","model",50,"all","M2","Other",42
"mrpc","CSq","model",50,"all","M3","Other",42
"mrpc","CSq","model",50,"all","M4","Other",41
"mrpc","CSq","model",50,"all","M0","Failed",0
"mrpc","CSq","model",50,"all","M1","Failed",0
"mrpc","CSq","model",50,"all","M2","Failed",0
"mrpc","CSq","model",50,"all","M3","Failed",0
"mrpc","CSq","model",50,"all","M4","Failed",0
"mrpc","CSq","edge",50,"all","M0","T1 - T2 Edge Absent",14
"mrpc","CSq","edge",50,"all","M1","T1 - T2 Edge Absent",4
"mrpc","CSq","edge",50,"all","M2","T1 - T2 Edge Absent",7
"mrpc","CSq","edge",50,"all","M3","T1 - T2 Edge Absent",18
"mrpc","CSq","edge",50,"all","M4","T1 - T2 Edge Absent",6
"mrpc","CSq","edge",50,"all","M0","T1 - T2 Edge Present",0
"mrpc","CSq","edge",50,"all","M1","T1 - T2 Edge Present",13
"mrpc","CSq","edge",50,"all","M2","T1 - T2 Edge Present",11
"mrpc","CSq","edge",50,"all","M3","T1 - T2 Edge Present",0
"mrpc","CSq","edge",50,"all","M4","T1 - T2 Edge Present",13
"mrpc","CSq","edge",50,"all","M0","Other",46
"mrpc","CSq","edge",50,"all","M1","Other",43
"mrpc","CSq","edge",50,"all","M2","Other",42
"mrpc","CSq","edge",50,"all","M3","Other",42
"mrpc","CSq","edge",50,"all","M4","Other",41
"mrpc","CSq","edge",50,"all","M0","Failed",0
"mrpc","CSq","edge",50,"all","M1","Failed",0
"mrpc","CSq","edge",50,"all","M2","Failed",0
"mrpc","CSq","edge",50,"all","M3","Failed",0
"mrpc","CSq","edge",50,"all","M4","Failed",0
"mrpc","CSq","model",50,"small","M0","M0",0
"mrpc","CSq","model",50,"small","M1","M0",0
"mrpc","CSq","model",50,"small","M2","M0",0
"mrpc","CSq","model",50,"small","M3","M0",0
"mrpc","CSq","model",50,"small","M4","M0",2
"mrpc","CSq","model",50,"small","M0","M1",0
"mrpc","CSq","model",50,"small","M1","M1",0
"mrpc","CSq","model",50,"small","M2","M1",0
"mrpc","CSq","model",50,"small","M3","M1",0
"mrpc","CSq","model",50,"small","M4","M1",0
"mrpc","CSq","model",50,"small","M0","M2",0
"mrpc","CSq","model",50,"small","M1","M2",0
"mrpc","CSq","model",50,"small","M2","M2",0
"mrpc","CSq","model",50,"small","M3","M2",0
"mrpc","CSq","model",50,"small","M4","M2",0
"mrpc","CSq","model",50,"small","M0","M3",0
"mrpc","CSq","model",50,"small","M1","M3",0
"mrpc","CSq","model",50,"small","M2","M3",0
"mrpc","CSq","model",50,"small","M3","M3",0
"mrpc","CSq","model",50,"small","M4","M3",0
"mrpc","CSq","model",50,"small","M0","M4",0
"mrpc","CSq","model",50,"small","M1","M4",0
"mrpc","CSq","model",50,"small","M2","M4",0
"mrpc","CSq","model",50,"small","M3","M4",0
"mrpc","CSq","model",50,"small","M4","M4",0
"mrpc","CSq","model",50,"small","M0","Other",20
"mrpc","CSq","model",50,"small","M1","Other",20
"mrpc","CSq","model",50,"small","M2","Other",20
"mrpc","CSq","model",50,"small","M3","Other",20
"mrpc","CSq","model",50,"small","M4","Other",18
"mrpc","CSq","model",50,"small","M0","Failed",0
"mrpc","CSq","model",50,"small","M1","Failed",0
"mrpc","CSq","model",50,"small","M2","Failed",0
"mrpc","CSq","model",50,"small","M3","Failed",0
"mrpc","CSq","model",50,"small","M4","Failed",0
"mrpc","CSq","edge",50,"small","M0","T1 - T2 Edge Absent",0
"mrpc","CSq","edge",50,"small","M1","T1 - T2 Edge Absent",0
"mrpc","CSq","edge",50,"small","M2","T1 - T2 Edge Absent",0
"mrpc","CSq","edge",50,"small","M3","T1 - T2 Edge Absent",0
"mrpc","CSq","edge",50,"small","M4","T1 - T2 Edge Absent",2
"mrpc","CSq","edge",50,"small","M0","T1 - T2 Edge Present",0
"mrpc","CSq","edge",50,"small","M1","T1 - T2 Edge Present",0
"mrpc","CSq","edge",50,"small","M2","T1 - T2 Edge Present",0
"mrpc","CSq","edge",50,"small","M3","T1 - T2 Edge Present",0
"mrpc","CSq","edge",50,"small","M4","T1 - T2 Edge Present",0
"mrpc","CSq","edge",50,"small","M0","Other",20
"mrpc","CSq","edge",50,"small","M1","Other",20
"mrpc","CSq","edge",50,"small","M2","Other",20
"mrpc","CSq","edge",50,"small","M3","Other",20
"mrpc","CSq","edge",50,"small","M4","Other",18
"mrpc","CSq","edge",50,"small","M0","Failed",0
"mrpc","CSq","edge",50,"small","M1","Failed",0
"mrpc","CSq","edge",50,"small","M2","Failed",0
"mrpc","CSq","edge",50,"small","M3","Failed",0
"mrpc","CSq","edge",50,"small","M4","Failed",0
"mrpc","CSq","model",50,"medium","M0","M0",2
"mrpc","CSq","model",50,"medium","M1","M0",3
"mrpc","CSq","model",50,"medium","M2","M0",3
"mrpc","CSq","model",50,"medium","M3","M0",4
"mrpc","CSq","model",50,"medium","M4","M0",2
"mrpc","CSq","model",50,"medium","M0","M1",0
"mrpc","CSq","model",50,"medium","M1","M1",2
"mrpc","CSq","model",50,"medium","M2","M1",4
"mrpc","CSq","model",50,"medium","M3","M1",0
"mrpc","CSq","model",50,"medium","M4","M1",2
"mrpc","CSq","model",50,"medium","M0","M2",0
"mrpc","CSq","model",50,"medium","M1","M2",0
"mrpc","CSq","model",50,"medium","M2","M2",0
"mrpc","CSq","model",50,"medium","M3","M2",0
"mrpc","CSq","model",50,"medium","M4","M2",0
"mrpc","CSq","model",50,"medium","M0","M3",0
"mrpc","CSq","model",50,"medium","M1","M3",0
"mrpc","CSq","model",50,"medium","M2","M3",0
"mrpc","CSq","model",50,"medium","M3","M3",1
"mrpc","CSq","model",50,"medium","M4","M3",0
"mrpc","CSq","model",50,"medium","M0","M4",0
"mrpc","CSq","model",50,"medium","M1","M4",0
"mrpc","CSq","model",50,"medium","M2","M4",0
"mrpc","CSq","model",50,"medium","M3","M4",0
"mrpc","CSq","model",50,"medium","M4","M4",0
"mrpc","CSq","model",50,"medium","M0","Other",18
"mrpc","CSq","model",50,"medium","M1","Other",15
"mrpc","CSq","model",50,"medium","M2","Other",13
"mrpc","CSq","model",50,"medium","M3","Other",15
"mrpc","CSq","model",50,"medium","M4","Other",16
"mrpc","CSq","model",50,"medium","M0","Failed",0
"mrpc","CSq","model",50,"medium","M1","Failed",0
"mrpc","CSq","model",50,"medium","M2","Failed",0
"mrpc","CSq","model",50,"medium","M3","Failed",0
"mrpc","CSq","model",50,"medium","M4","Failed",0
"mrpc","CSq","edge",50,"medium","M0","T1 - T2 Edge Absent",2
"mrpc","CSq","edge",50,"medium","M1","T1 - T2 Edge Absent",3
"mrpc","CSq","edge",50,"medium","M2","T1 - T2 Edge Absent",3
"mrpc","CSq","edge",50,"medium","M3","T1 - T2 Edge Absent",5
"mrpc","CSq","edge",50,"medium","M4","T1 - T2 Edge Absent",2
"mrpc","CSq","edge",50,"medium","M0","T1 - T2 Edge Present",0
"mrpc","CSq","edge",50,"medium","M1","T1 - T2 Edge Present",2
"mrpc","CSq","edge",50,"medium","M2","T1 - T2 Edge Present",4
"mrpc","CSq","edge",50,"medium","M3","T1 - T2 Edge Present",0
"mrpc","CSq","edge",50,"medium","M4","T1 - T2 Edge Present",2
"mrpc","CSq","edge",50,"medium","M0","Other",18
"mrpc","CSq","edge",50,"medium","M1","Other",15
"mrpc","CSq","edge",50,"medium","M2","Other",13
"mrpc","CSq","edge",50,"medium","M3","Other",15
"mrpc","CSq","edge",50,"medium","M4","Other",16
"mrpc","CSq","edge",50,"medium","M0","Failed",0
"mrpc","CSq","edge",50,"medium","M1","Failed",0
"mrpc","CSq","edge",50,"medium","M2","Failed",0
"mrpc","CSq","edge",50,"medium","M3","Failed",0
"mrpc","CSq","edge",50,"medium","M4","Failed",0
"mrpc","CSq","model",50,"large","M0","M0",12
"mrpc","CSq","model",50,"large","M1","M0",1
"mrpc","CSq","model",50,"large","M2","M0",4
"mrpc","CSq","model",50,"large","M3","M0",4
"mrpc","CSq","model",50,"large","M4","M0",2
"mrpc","CSq","model",50,"large","M0","M1",0
"mrpc","CSq","model",50,"large","M1","M1",11
"mrpc","CSq","model",50,"large","M2","M1",1
"mrpc","CSq","model",50,"large","M3","M1",0
"mrpc","CSq","model",50,"large","M4","M1",10
"mrpc","CSq","model",50,"large","M0","M2",0
"mrpc","CSq","model",50,"large","M1","M2",0
"mrpc","CSq","model",50,"large","M2","M2",6
"mrpc","CSq","model",50,"large","M3","M2",0
"mrpc","CSq","model",50,"large","M4","M2",1
"mrpc","CSq","model",50,"large","M0","M3",0
"mrpc","CSq","model",50,"large","M1","M3",0
"mrpc","CSq","model",50,"large","M2","M3",0
"mrpc","CSq","model",50,"large","M3","M3",9
"mrpc","CSq","model",50,"large","M4","M3",0
"mrpc","CSq","model",50,"large","M0","M4",0
"mrpc","CSq","model",50,"large","M1","M4",0
"mrpc","CSq","model",50,"large","M2","M4",0
"mrpc","CSq","model",50,"large","M3","M4",0
"mrpc","CSq","model",50,"large","M4","M4",0
"mrpc","CSq","model",50,"large","M0","Other",8
"mrpc","CSq","model",50,"large","M1","Other",8
"mrpc","CSq","model",50,"large","M2","Other",9
"mrpc","CSq","model",50,"large","M3","Other",7
"mrpc","CSq","model",50,"large","M4","Other",7
"mrpc","CSq","model",50,"large","M0","Failed",0
"mrpc","CSq","model",50,"large","M1","Failed",0
"mrpc","CSq","model",50,"large","M2","Failed",0
"mrpc","CSq","model",50,"large","M3","Failed",0
"mrpc","CSq","model",50,"large","M4","Failed",0
"mrpc","CSq","edge",50,"large","M0","T1 - T2 Edge Absent",12
"mrpc","CSq","edge",50,"large","M1","T1 - T2 Edge Absent",1
"mrpc","CSq","edge",50,"large","M2","T1 - T2 Edge Absent",4
"mrpc","CSq","edge",50,"large","M3","T1 - T2 Edge Absent",13
"mrpc","CSq","edge",50,"large","M4","T1 - T2 Edge Absent",2
"mrpc","CSq","edge",50,"large","M0","T1 - T2 Edge Present",0
"mrpc","CSq","edge",50,"large","M1","T1 - T2 Edge Present",11
"mrpc","CSq","edge",50,"large","M2","T1 - T2 Edge Present",7
"mrpc","CSq","edge",50,"large","M3","T1 - T2 Edge Present",0
"mrpc","CSq","edge",50,"large","M4","T1 - T2 Edge Present",11
"mrpc","CSq","edge",50,"large","M0","Other",8
"mrpc","CSq","edge",50,"large","M1","Other",8
"mrpc","CSq","edge",50,"large","M2","Other",9
"mrpc","CSq","edge",50,"large","M3","Other",7
"mrpc","CSq","edge",50,"large","M4","Other",7
"mrpc","CSq","edge",50,"large","M0","Failed",0
"mrpc","CSq","edge",50,"large","M1","Failed",0
"mrpc","CSq","edge",50,"large","M2","Failed",0
"mrpc","CSq","edge",50,"large","M3","Failed",0
"mrpc","CSq","edge",50,"large","M4","Failed",0
"mrpc","CSq","model",150,"all","M0","M0",36
"mrpc","CSq","model",150,"all","M1","M0",4
"mrpc","CSq","model",150,"all","M2","M0",5
"mrpc","CSq","model",150,"all","M3","M0",6
"mrpc","CSq","model",150,"all","M4","M0",2
"mrpc","CSq","model",150,"all","M0","M1",0
"mrpc","CSq","model",150,"all","M1","M1",16
"mrpc","CSq","model",150,"all","M2","M1",0
"mrpc","CSq","model",150,"all","M3","M1",0
"mrpc","CSq","model",150,"all","M4","M1",21
"mrpc","CSq","model",150,"all","M0","M2",0
"mrpc","CSq","model",150,"all","M1","M2",5
"mrpc","CSq","model",150,"all","M2","M2",18
"mrpc","CSq","model",150,"all","M3","M2",0
"mrpc","CSq","model",150,"all","M4","M2",6
"mrpc","CSq","model",150,"all","M0","M3",0
"mrpc","CSq","model",150,"all","M1","M3",0
"mrpc","CSq","model",150,"all","M2","M3",0
"mrpc","CSq","model",150,"all","M3","M3",29
"mrpc","CSq","model",150,"all","M4","M3",3
"mrpc","CSq","model",150,"all","M0","M4",0
"mrpc","CSq","model",150,"all","M1","M4",0
"mrpc","CSq","model",150,"all","M2","M4",0
"mrpc","CSq","model",150,"all","M3","M4",3
"mrpc","CSq","model",150,"all","M4","M4",8
"mrpc","CSq","model",150,"all","M0","Other",24
"mrpc","CSq","model",150,"all","M1","Other",35
"mrpc","CSq","model",150,"all","M2","Other",37
"mrpc","CSq","model",150,"all","M3","Other",22
"mrpc","CSq","model",150,"all","M4","Other",20
"mrpc","CSq","model",150,"all","M0","Failed",0
"mrpc","CSq","model",150,"all","M1","Failed",0
"mrpc","CSq","model",150,"all","M2","Failed",0
"mrpc","CSq","model",150,"all","M3","Failed",0
"mrpc","CSq","model",150,"all","M4","Failed",0
"mrpc","CSq","edge",150,"all","M0","T1 - T2 Edge Absent",36
"mrpc","CSq","edge",150,"all","M1","T1 - T2 Edge Absent",4
"mrpc","CSq","edge",150,"all","M2","T1 - T2 Edge Absent",5
"mrpc","CSq","edge",150,"all","M3","T1 - T2 Edge Absent",35
"mrpc","CSq","edge",150,"all","M4","T1 - T2 Edge Absent",5
"mrpc","CSq","edge",150,"all","M0","T1 - T2 Edge Present",0
"mrpc","CSq","edge",150,"all","M1","T1 - T2 Edge Present",21
"mrpc","CSq","edge",150,"all","M2","T1 - T2 Edge Present",18
"mrpc","CSq","edge",150,"all","M3","T1 - T2 Edge Present",3
"mrpc","CSq","edge",150,"all","M4","T1 - T2 Edge Present",35
"mrpc","CSq","edge",150,"all","M0","Other",24
"mrpc","CSq","edge",150,"all","M1","Other",35
"mrpc","CSq","edge",150,"all","M2","Other",37
"mrpc","CSq","edge",150,"all","M3","Other",22
"mrpc","CSq","edge",150,"all","M4","Other",20
"mrpc","CSq","edge",150,"all","M0","Failed",0
"mrpc","CSq","edge",150,"all","M1","Failed",0
"mrpc","CSq","edge",150,"all","M2","Failed",0
"mrpc","CSq","edge",150,"all","M3","Failed",0
"mrpc","CSq","edge",150,"all","M4","Failed",0
"mrpc","CSq","model",150,"small","M0","M0",0
"mrpc","CSq","model",150,"small","M1","M0",3
"mrpc","CSq","model",150,"small","M2","M0",0
"mrpc","CSq","model",150,"small","M3","M0",2
"mrpc","CSq","model",150,"small","M4","M0",2
"mrpc","CSq","model",150,"small","M0","M1",0
"mrpc","CSq","model",150,"small","M1","M1",0
"mrpc","CSq","model",150,"small","M2","M1",0
"mrpc","CSq","model",150,"small","M3","M1",0
"mrpc","CSq","model",150,"small","M4","M1",1
"mrpc","CSq","model",150,"small","M0","M2",0
"mrpc","CSq","model",150,"small","M1","M2",0
"mrpc","CSq","model",150,"small","M2","M2",0
"mrpc","CSq","model",150,"small","M3","M2",0
"mrpc","CSq","model",150,"small","M4","M2",1
"mrpc","CSq","model",150,"small","M0","M3",0
"mrpc","CSq","model",150,"small","M1","M3",0
"mrpc","CSq","model",150,"small","M2","M3",0
"mrpc","CSq","model",150,"small","M3","M3",1
"mrpc","CSq","model",150,"small","M4","M3",1
"mrpc","CSq","model",150,"small","M0","M4",0
"mrpc","CSq","model",150,"small","M1","M4",0
"mrpc","CSq","model",150,"small","M2","M4",0
"mrpc","CSq","model",150,"small","M3","M4",0
"mrpc","CSq","model",150,"small","M4","M4",0
"mrpc","CSq","model",150,"small","M0","Other",20
"mrpc","CSq","model",150,"small","M1","Other",17
"mrpc","CSq","model",150,"small","M2","Other",20
"mrpc","CSq","model",150,"small","M3","Other",17
"mrpc","CSq","model",150,"small","M4","Other",15
"mrpc","CSq","model",150,"small","M0","Failed",0
"mrpc","CSq","model",150,"small","M1","Failed",0
"mrpc","CSq","model",150,"small","M2","Failed",0
"mrpc","CSq","model",150,"small","M3","Failed",0
"mrpc","CSq","model",150,"small","M4","Failed",0
"mrpc","CSq","edge",150,"small","M0","T1 - T2 Edge Absent",0
"mrpc","CSq","edge",150,"small","M1","T1 - T2 Edge Absent",3
"mrpc","CSq","edge",150,"small","M2","T1 - T2 Edge Absent",0
"mrpc","CSq","edge",150,"small","M3","T1 - T2 Edge Absent",3
"mrpc","CSq","edge",150,"small","M4","T1 - T2 Edge Absent",3
"mrpc","CSq","edge",150,"small","M0","T1 - T2 Edge Present",0
"mrpc","CSq","edge",150,"small","M1","T1 - T2 Edge Present",0
"mrpc","CSq","edge",150,"small","M2","T1 - T2 Edge Present",0
"mrpc","CSq","edge",150,"small","M3","T1 - T2 Edge Present",0
"mrpc","CSq","edge",150,"small","M4","T1 - T2 Edge Present",2
"mrpc","CSq","edge",150,"small","M0","Other",20
"mrpc","CSq","edge",150,"small","M1","Other",17
"mrpc","CSq","edge",150,"small","M2","Other",20
"mrpc","CSq","edge",150,"small","M3","Other",17
"mrpc","CSq","edge",150,"small","M4","Other",15
"mrpc","CSq","edge",150,"small","M0","Failed",0
"mrpc","CSq","edge",150,"small","M1","Failed",0
"mrpc","CSq","edge",150,"small","M2","Failed",0
"mrpc","CSq","edge",150,"small","M3","Failed",0
"mrpc","CSq","edge",150,"small","M4","Failed",0
"mrpc","CSq","model",150,"medium","M0","M0",16
"mrpc","CSq","model",150,"medium","M1","M0",1
"mrpc","CSq","model",150,"medium","M2","M0",3
"mrpc","CSq","model",150,"medium","M3","M0",3
"mrpc","CSq","model",150,"medium","M4","M0",0
"mrpc","CSq","model",150,"medium","M0","M1",0
"mrpc","CSq","model",150,"medium","M1","M1",2
"mrpc","CSq","model",150,"medium","M2","M1",0
"mrpc","CSq","model",150,"medium","M3","M1",0
"mrpc","CSq","model",150,"medium","M4","M1",8
"mrpc","CSq","model",150,"medium","M0","M2",0
"mrpc","CSq","model",150,"medium","M1","M2",3
"mrpc","CSq","model",150,"medium","M2","M2",4
"mrpc","CSq","model",150,"medium","M3","M2",0
"mrpc","CSq","model",150,"medium","M4","M2",1
"mrpc","CSq","model",150,"medium","M0","M3",0
"mrpc","CSq","model",150,"medium","M1","M3",0
"mrpc","CSq","model",150,"medium","M2","M3",0
"mrpc","CSq","model",150,"medium","M3","M3",12
"mrpc","CSq","model",150,"medium","M4","M3",2
"mrpc","CSq","model",150,"medium","M0","M4",0
"mrpc","CSq","model",150,"medium","M1","M4",0
"mrpc","CSq","model",150,"medium","M2","M4",0
"mrpc","CSq","model",150,"medium","M3","M4",0
"mrpc","CSq","model",150,"medium","M4","M4",6
"mrpc","CSq","model",150,"medium","M0","Other",4
"mrpc","CSq","model",150,"medium","M1","Other",14
"mrpc","CSq","model",150,"medium","M2","Other",13
"mrpc","CSq","model",150,"medium","M3","Other",5
"mrpc","CSq","model",150,"medium","M4","Other",3
"mrpc","CSq","model",150,"medium","M0","Failed",0
"mrpc","CSq","model",150,"medium","M1","Failed",0
"mrpc","CSq","model",150,"medium","M2","Failed",0
"mrpc","CSq","model",150,"medium","M3","Failed",0
"mrpc","CSq","model",150,"medium","M4","Failed",0
"mrpc","CSq","edge",150,"medium","M0","T1 - T2 Edge Absent",16
"mrpc","CSq","edge",150,"medium","M1","T1 - T2 Edge Absent",1
"mrpc","CSq","edge",150,"medium","M2","T1 - T2 Edge Absent",3
"mrpc","CSq","edge",150,"medium","M3","T1 - T2 Edge Absent",15
"mrpc","CSq","edge",150,"medium","M4","T1 - T2 Edge Absent",2
"mrpc","CSq","edge",150,"medium","M0","T1 - T2 Edge Present",0
"mrpc","CSq","edge",150,"medium","M1","T1 - T2 Edge Present",5
"mrpc","CSq","edge",150,"medium","M2","T1 - T2 Edge Present",4
"mrpc","CSq","edge",150,"medium","M3","T1 - T2 Edge Present",0
"mrpc","CSq","edge",150,"medium","M4","T1 - T2 Edge Present",15
"mrpc","CSq","edge",150,"medium","M0","Other",4
"mrpc","CSq","edge",150,"medium","M1","Other",14
"mrpc","CSq","edge",150,"medium","M2","Other",13
"mrpc","CSq","edge",150,"medium","M3","Other",5
"mrpc","CSq","edge",150,"medium","M4","Other",3
"mrpc","CSq","edge",150,"medium","M0","Failed",0
"mrpc","CSq","edge",150,"medium","M1","Failed",0
"mrpc","CSq","edge",150,"medium","M2","Failed",0
"mrpc","CSq","edge",150,"medium","M3","Failed",0
"mrpc","CSq","edge",150,"medium","M4","Failed",0
"mrpc","CSq","model",150,"large","M0","M0",20
"mrpc","CSq","model",150,"large","M1","M0",0
"mrpc","CSq","model",150,"large","M2","M0",2
"mrpc","CSq","model",150,"large","M3","M0",1
"mrpc","CSq","model",150,"large","M4","M0",0
"mrpc","CSq","model",150,"large","M0","M1",0
"mrpc","CSq","model",150,"large","M1","M1",14
"mrpc","CSq","model",150,"large","M2","M1",0
"mrpc","CSq","model",150,"large","M3","M1",0
"mrpc","CSq","model",150,"large","M4","M1",12
"mrpc","CSq","model",150,"large","M0","M2",0
"mrpc","CSq","model",150,"large","M1","M2",2
"mrpc","CSq","model",150,"large","M2","M2",14
"mrpc","CSq","model",150,"large","M3","M2",0
"mrpc","CSq","model",150,"large","M4","M2",4
"mrpc","CSq","model",150,"large","M0","M3",0
"mrpc","CSq","model",150,"large","M1","M3",0
"mrpc","CSq","model",150,"large","M2","M3",0
"mrpc","CSq","model",150,"large","M3","M3",16
"mrpc","CSq","model",150,"large","M4","M3",0
"mrpc","CSq","model",150,"large","M0","M4",0
"mrpc","CSq","model",150,"large","M1","M4",0
"mrpc","CSq","model",150,"large","M2","M4",0
"mrpc","CSq","model",150,"large","M3","M4",3
"mrpc","CSq","model",150,"large","M4","M4",2
"mrpc","CSq","model",150,"large","M0","Other",0
"mrpc","CSq","model",150,"large","M1","Other",4
"mrpc","CSq","model",150,"large","M2","Other",4
"mrpc","CSq","model",150,"large","M3","Other",0
"mrpc","CSq","model",150,"large","M4","Other",2
"mrpc","CSq","model",150,"large","M0","Failed",0
"mrpc","CSq","model",150,"large","M1","Failed",0
"mrpc","CSq","model",150,"large","M2","Failed",0
"mrpc","CSq","model",150,"large","M3","Failed",0
"mrpc","CSq","model",150,"large","M4","Failed",0
"mrpc","CSq","edge",150,"large","M0","T1 - T2 Edge Absent",20
"mrpc","CSq","edge",150,"large","M1","T1 - T2 Edge Absent",0
"mrpc","CSq","edge",150,"large","M2","T1 - T2 Edge Absent",2
"mrpc","CSq","edge",150,"large","M3","T1 - T2 Edge Absent",17
"mrpc","CSq","edge",150,"large","M4","T1 - T2 Edge Absent",0
"mrpc","CSq","edge",150,"large","M0","T1 - T2 Edge Present",0
"mrpc","CSq","edge",150,"large","M1","T1 - T2 Edge Present",16
"mrpc","CSq","edge",150,"large","M2","T1 - T2 Edge Present",14
"mrpc","CSq","edge",150,"large","M3","T1 - T2 Edge Present",3
"mrpc","CSq","edge",150,"large","M4","T1 - T2 Edge Present",18
"mrpc","CSq","edge",150,"large","M0","Other",0
"mrpc","CSq","edge",150,"large","M1","Other",4
"mrpc","CSq","edge",150,"large","M2","Other",4
"mrpc","CSq","edge",150,"large","M3","Other",0
"mrpc","CSq","edge",150,"large","M4","Other",2
"mrpc","CSq","edge",150,"large","M0","Failed",0
"mrpc","CSq","edge",150,"large","M1","Failed",0
"mrpc","CSq","edge",150,"large","M2","Failed",0
"mrpc","CSq","edge",150,"large","M3","Failed",0
"mrpc","CSq","edge",150,"large","M4","Failed",0
"mrpc","CSq","model",300,"all","M0","M0",40
"mrpc","CSq","model",300,"all","M1","M0",7
"mrpc","CSq","model",300,"all","M2","M0",13
"mrpc","CSq","model",300,"all","M3","M0",6
"mrpc","CSq","model",300,"all","M4","M0",4
"mrpc","CSq","model",300,"all","M0","M1",0
"mrpc","CSq","model",300,"all","M1","M1",8
"mrpc","CSq","model",300,"all","M2","M1",2
"mrpc","CSq","model",300,"all","M3","M1",0
"mrpc","CSq","model",300,"all","M4","M1",18
"mrpc","CSq","model",300,"all","M0","M2",0
"mrpc","CSq","model",300,"all","M1","M2",15
"mrpc","CSq","model",300,"all","M2","M2",20
"mrpc","CSq","model",300,"all","M3","M2",0
"mrpc","CSq","model",300,"all","M4","M2",3
"mrpc","CSq","model",300,"all","M0","M3",0
"mrpc","CSq","model",300,"all","M1","M3",1
"mrpc","CSq","model",300,"all","M2","M3",0
"mrpc","CSq","model",300,"all","M3","M3",30
"mrpc","CSq","model",300,"all","M4","M3",5
"mrpc","CSq","model",300,"all","M0","M4",0
"mrpc","CSq","model",300,"all","M1","M4",6
"mrpc","CSq","model",300,"all","M2","M4",0
"mrpc","CSq","model",300,"all","M3","M4",6
"mrpc","CSq","model",300,"all","M4","M4",16
"mrpc","CSq","model",300,"all","M0","Other",20
"mrpc","CSq","model",300,"all","M1","Other",23
"mrpc","CSq","model",300,"all","M2","Other",25
"mrpc","CSq","model",300,"all","M3","Other",18
"mrpc","CSq","model",300,"all","M4","Other",14
"mrpc","CSq","model",300,"all","M0","Failed",0
"mrpc","CSq","model",300,"all","M1","Failed",0
"mrpc","CSq","model",300,"all","M2","Failed",0
"mrpc","CSq","model",300,"all","M3","Failed",0
"mrpc","CSq","model",300,"all","M4","Failed",0
"mrpc","CSq","edge",300,"all","M0","T1 - T2 Edge Absent",40
"mrpc","CSq","edge",300,"all","M1","T1 - T2 Edge Absent",8
"mrpc","CSq","edge",300,"all","M2","T1 - T2 Edge Absent",13
"mrpc","CSq","edge",300,"all","M3","T1 - T2 Edge Absent",36
"mrpc","CSq","edge",300,"all","M4","T1 - T2 Edge Absent",9
"mrpc","CSq","edge",300,"all","M0","T1 - T2 Edge Present",0
"mrpc","CSq","edge",300,"all","M1","T1 - T2 Edge Present",29
"mrpc","CSq","edge",300,"all","M2","T1 - T2 Edge Present",22
"mrpc","CSq","edge",300,"all","M3","T1 - T2 Edge Present",6
"mrpc","CSq","edge",300,"all","M4","T1 - T2 Edge Present",37
"mrpc","CSq","edge",300,"all","M0","Other",20
"mrpc","CSq","edge",300,"all","M1","Other",23
"mrpc","CSq","edge",300,"all","M2","Other",25
"mrpc","CSq","edge",300,"all","M3","Other",18
"mrpc","CSq","edge",300,"all","M4","Other",14
"mrpc","CSq","edge",300,"all","M0","Failed",0
"mrpc","CSq","edge",300,"all","M1","Failed",0
"mrpc","CSq","edge",300,"all","M2","Failed",0
"mrpc","CSq","edge",300,"all","M3","Failed",0
"mrpc","CSq","edge",300,"all","M4","Failed",0
"mrpc","CSq","model",300,"small","M0","M0",9
"mrpc","CSq","model",300,"small","M1","M0",3
"mrpc","CSq","model",300,"small","M2","M0",2
"mrpc","CSq","model",300,"small","M3","M0",3
"mrpc","CSq","model",300,"small","M4","M0",4
"mrpc","CSq","model",300,"small","M0","M1",0
"mrpc","CSq","model",300,"small","M1","M1",2
"mrpc","CSq","model",300,"small","M2","M1",1
"mrpc","CSq","model",300,"small","M3","M1",0
"mrpc","CSq","model",300,"small","M4","M1",0
"mrpc","CSq","model",300,"small","M0","M2",0
"mrpc","CSq","model",300,"small","M1","M2",0
"mrpc","CSq","model",300,"small","M2","M2",0
"mrpc","CSq","model",300,"small","M3","M2",0
"mrpc","CSq","model",300,"small","M4","M2",0
"mrpc","CSq","model",300,"small","M0","M3",0
"mrpc","CSq","model",300,"small","M1","M3",0
"mrpc","CSq","model",300,"small","M2","M3",0
"mrpc","CSq","model",300,"small","M3","M3",2
"mrpc","CSq","model",300,"small","M4","M3",0
"mrpc","CSq","model",300,"small","M0","M4",0
"mrpc","CSq","model",300,"small","M1","M4",0
"mrpc","CSq","model",300,"small","M2","M4",0
"mrpc","CSq","model",300,"small","M3","M4",0
"mrpc","CSq","model",300,"small","M4","M4",2
"mrpc","CSq","model",300,"small","M0","Other",11
"mrpc","CSq","model",300,"small","M1","Other",15
"mrpc","CSq","model",300,"small","M2","Other",17
"mrpc","CSq","model",300,"small","M3","Other",15
"mrpc","CSq","model",300,"small","M4","Other",14
"mrpc","CSq","model",300,"small","M0","Failed",0
"mrpc","CSq","model",300,"small","M1","Failed",0
"mrpc","CSq","model",300,"small","M2","Failed",0
"mrpc","CSq","model",300,"small","M3","Failed",0
"mrpc","CSq","model",300,"small","M4","Failed",0
"mrpc","CSq","edge",300,"small","M0","T1 - T2 Edge Absent",9
"mrpc","CSq","edge",300,"small","M1","T1 - T2 Edge Absent",3
"mrpc","CSq","edge",300,"small","M2","T1 - T2 Edge Absent",2
"mrpc","CSq","edge",300,"small","M3","T1 - T2 Edge Absent",5
"mrpc","CSq","edge",300,"small","M4","T1 - T2 Edge Absent",4
"mrpc","CSq","edge",300,"small","M0","T1 - T2 Edge Present",0
"mrpc","CSq","edge",300,"small","M1","T1 - T2 Edge Present",2
"mrpc","CSq","edge",300,"small","M2","T1 - T2 Edge Present",1
"mrpc","CSq","edge",300,"small","M3","T1 - T2 Edge Present",0
"mrpc","CSq","edge",300,"small","M4","T1 - T2 Edge Present",2
"mrpc","CSq","edge",300,"small","M0","Other",11
"mrpc","CSq","edge",300,"small","M1","Other",15
"mrpc","CSq","edge",300,"small","M2","Other",17
"mrpc","CSq","edge",300,"small","M3","Other",15
"mrpc","CSq","edge",300,"small","M4","Other",14
"mrpc","CSq","edge",300,"small","M0","Failed",0
"mrpc","CSq","edge",300,"small","M1","Failed",0
"mrpc","CSq","edge",300,"small","M2","Failed",0
"mrpc","CSq","edge",300,"small","M3","Failed",0
"mrpc","CSq","edge",300,"small","M4","Failed",0
"mrpc","CSq","model",300,"medium","M0","M0",13
"mrpc","CSq","model",300,"medium","M1","M0",3
"mrpc","CSq","model",300,"medium","M2","M0",6
"mrpc","CSq","model",300,"medium","M3","M0",2
"mrpc","CSq","model",300,"medium","M4","M0",0
"mrpc","CSq","model",300,"medium","M0","M1",0
"mrpc","CSq","model",300,"medium","M1","M1",4
"mrpc","CSq","model",300,"medium","M2","M1",1
"mrpc","CSq","model",300,"medium","M3","M1",0
"mrpc","CSq","model",300,"medium","M4","M1",4
"mrpc","CSq","model",300,"medium","M0","M2",0
"mrpc","CSq","model",300,"medium","M1","M2",6
"mrpc","CSq","model",300,"medium","M2","M2",7
"mrpc","CSq","model",300,"medium","M3","M2",0
"mrpc","CSq","model",300,"medium","M4","M2",0
"mrpc","CSq","model",300,"medium","M0","M3",0
"mrpc","CSq","model",300,"medium","M1","M3",1
"mrpc","CSq","model",300,"medium","M2","M3",0
"mrpc","CSq","model",300,"medium","M3","M3",14
"mrpc","CSq","model",300,"medium","M4","M3",5
"mrpc","CSq","model",300,"medium","M0","M4",0
"mrpc","CSq","model",300,"medium","M1","M4",1
"mrpc","CSq","model",300,"medium","M2","M4",0
"mrpc","CSq","model",300,"medium","M3","M4",2
"mrpc","CSq","model",300,"medium","M4","M4",11
"mrpc","CSq","model",300,"medium","M0","Other",7
"mrpc","CSq","model",300,"medium","M1","Other",5
"mrpc","CSq","model",300,"medium","M2","Other",6
"mrpc","CSq","model",300,"medium","M3","Other",2
"mrpc","CSq","model",300,"medium","M4","Other",0
"mrpc","CSq","model",300,"medium","M0","Failed",0
"mrpc","CSq","model",300,"medium","M1","Failed",0
"mrpc","CSq","model",300,"medium","M2","Failed",0
"mrpc","CSq","model",300,"medium","M3","Failed",0
"mrpc","CSq","model",300,"medium","M4","Failed",0
"mrpc","CSq","edge",300,"medium","M0","T1 - T2 Edge Absent",13
"mrpc","CSq","edge",300,"medium","M1","T1 - T2 Edge Absent",4
"mrpc","CSq","edge",300,"medium","M2","T1 - T2 Edge Absent",6
"mrpc","CSq","edge",300,"medium","M3","T1 - T2 Edge Absent",16
"mrpc","CSq","edge",300,"medium","M4","T1 - T2 Edge Absent",5
"mrpc","CSq","edge",300,"medium","M0","T1 - T2 Edge Present",0
"mrpc","CSq","edge",300,"medium","M1","T1 - T2 Edge Present",11
"mrpc","CSq","edge",300,"medium","M2","T1 - T2 Edge Present",8
"mrpc","CSq","edge",300,"medium","M3","T1 - T2 Edge Present",2
"mrpc","CSq","edge",300,"medium","M4","T1 - T2 Edge Present",15
"mrpc","CSq","edge",300,"medium","M0","Other",7
"mrpc","CSq","edge",300,"medium","M1","Other",5
"mrpc","CSq","edge",300,"medium","M2","Other",6
"mrpc","CSq","edge",300,"medium","M3","Other",2
"mrpc","CSq","edge",300,"medium","M4","Other",0
"mrpc","CSq","edge",300,"medium","M0","Failed",0
"mrpc","CSq","edge",300,"medium","M1","Failed",0
"mrpc","CSq","edge",300,"medium","M2","Failed",0
"mrpc","CSq","edge",300,"medium","M3","Failed",0
"mrpc","CSq","edge",300,"medium","M4","Failed",0
"mrpc","CSq","model",300,"large","M0","M0",18
"mrpc","CSq","model",300,"large","M1","M0",1
"mrpc","CSq","model",300,"large","M2","M0",5
"mrpc","CSq","model",300,"large","M3","M0",1
"mrpc","CSq","model",300,"large","M4","M0",0
"mrpc","CSq","model",300,"large","M0","M1",0
"mrpc","CSq","model",300,"large","M1","M1",2
"mrpc","CSq","model",300,"large","M2","M1",0
"mrpc","CSq","model",300,"large","M3","M1",0
"mrpc","CSq","model",300,"large","M4","M1",14
"mrpc","CSq","model",300,"large","M0","M2",0
"mrpc","CSq","model",300,"large","M1","M2",9
"mrpc","CSq","model",300,"large","M2","M2",13
"mrpc","CSq","model",300,"large","M3","M2",0
"mrpc","CSq","model",300,"large","M4","M2",3
"mrpc","CSq","model",300,"large","M0","M3",0
"mrpc","CSq","model",300,"large","M1","M3",0
"mrpc","CSq","model",300,"large","M2","M3",0
"mrpc","CSq","model",300,"large","M3","M3",14
"mrpc","CSq","model",300,"large","M4","M3",0
"mrpc","CSq","model",300,"large","M0","M4",0
"mrpc","CSq","model",300,"large","M1","M4",5
"mrpc","CSq","model",300,"large","M2","M4",0
"mrpc","CSq","model",300,"large","M3","M4",4
"mrpc","CSq","model",300,"large","M4","M4",3
"mrpc","CSq","model",300,"large","M0","Other",2
"mrpc","CSq","model",300,"large","M1","Other",3
"mrpc","CSq","model",300,"large","M2","Other",2
"mrpc","CSq","model",300,"large","M3","Other",1
"mrpc","CSq","model",300,"large","M4","Other",0
"mrpc","CSq","model",300,"large","M0","Failed",0
"mrpc","CSq","model",300,"large","M1","Failed",0
"mrpc","CSq","model",300,"large","M2","Failed",0
"mrpc","CSq","model",300,"large","M3","Failed",0
"mrpc","CSq","model",300,"large","M4","Failed",0
"mrpc","CSq","edge",300,"large","M0","T1 - T2 Edge Absent",18
"mrpc","CSq","edge",300,"large","M1","T1 - T2 Edge Absent",1
"mrpc","CSq","edge",300,"large","M2","T1 - T2 Edge Absent",5
"mrpc","CSq","edge",300,"large","M3","T1 - T2 Edge Absent",15
"mrpc","CSq","edge",300,"large","M4","T1 - T2 Edge Absent",0
"mrpc","CSq","edge",300,"large","M0","T1 - T2 Edge Present",0
"mrpc","CSq","edge",300,"large","M1","T1 - T2 Edge Present",16
"mrpc","CSq","edge",300,"large","M2","T1 - T2 Edge Present",13
"mrpc","CSq","edge",300,"large","M3","T1 - T2 Edge Present",4
"mrpc","CSq","edge",300,"large","M4","T1 - T2 Edge Present",20
"mrpc","CSq","edge",300,"large","M0","Other",2
"mrpc","CSq","edge",300,"large","M1","Other",3
"mrpc","CSq","edge",300,"large","M2","Other",2
"mrpc","CSq","edge",300,"large","M3","Other",1
"mrpc","CSq","edge",300,"large","M4","Other",0
"mrpc","CSq","edge",300,"large","M0","Failed",0
"mrpc","CSq","edge",300,"large","M1","Failed",0
"mrpc","CSq","edge",300,"large","M2","Failed",0
"mrpc","CSq","edge",300,"large","M3","Failed",0
"mrpc","CSq","edge",300,"large","M4","Failed",0
"gmac","gmac","edge",50,"all","M0","T1 - T2 Edge Absent",40
"gmac","gmac","edge",50,"all","M1","T1 - T2 Edge Absent",25
"gmac","gmac","edge",50,"all","M2","T1 - T2 Edge Absent",24
"gmac","gmac","edge",50,"all","M3","T1 - T2 Edge Absent",41
"gmac","gmac","edge",50,"all","M4","T1 - T2 Edge Absent",22
"gmac","gmac","edge",50,"all","M0","T1 - T2 Edge Present",20
"gmac","gmac","edge",50,"all","M1","T1 - T2 Edge Present",35
"gmac","gmac","edge",50,"all","M2","T1 - T2 Edge Present",36
"gmac","gmac","edge",50,"all","M3","T1 - T2 Edge Present",19
"gmac","gmac","edge",50,"all","M4","T1 - T2 Edge Present",38
"gmac","gmac","edge",50,"small","M0","T1 - T2 Edge Absent",12
"gmac","gmac","edge",50,"small","M1","T1 - T2 Edge Absent",12
"gmac","gmac","edge",50,"small","M2","T1 - T2 Edge Absent",14
"gmac","gmac","edge",50,"small","M3","T1 - T2 Edge Absent",13
"gmac","gmac","edge",50,"small","M4","T1 - T2 Edge Absent",13
"gmac","gmac","edge",50,"small","M0","T1 - T2 Edge Present",8
"gmac","gmac","edge",50,"small","M1","T1 - T2 Edge Present",8
"gmac","gmac","edge",50,"small","M2","T1 - T2 Edge Present",6
"gmac","gmac","edge",50,"small","M3","T1 - T2 Edge Present",7
"gmac","gmac","edge",50,"small","M4","T1 - T2 Edge Present",7
"gmac","gmac","edge",50,"medium","M0","T1 - T2 Edge Absent",13
"gmac","gmac","edge",50,"medium","M1","T1 - T2 Edge Absent",9
"gmac","gmac","edge",50,"medium","M2","T1 - T2 Edge Absent",8
"gmac","gmac","edge",50,"medium","M3","T1 - T2 Edge Absent",15
"gmac","gmac","edge",50,"medium","M4","T1 - T2 Edge Absent",6
"gmac","gmac","edge",50,"medium","M0","T1 - T2 Edge Present",7
"gmac","gmac","edge",50,"medium","M1","T1 - T2 Edge Present",11
"gmac","gmac","edge",50,"medium","M2","T1 - T2 Edge Present",12
"gmac","gmac","edge",50,"medium","M3","T1 - T2 Edge Present",5
"gmac","gmac","edge",50,"medium","M4","T1 - T2 Edge Present",14
"gmac","gmac","edge",50,"large","M0","T1 - T2 Edge Absent",15
"gmac","gmac","edge",50,"large","M1","T1 - T2 Edge Absent",4
"gmac","gmac","edge",50,"large","M2","T1 - T2 Edge Absent",2
"gmac","gmac","edge",50,"large","M3","T1 - T2 Edge Absent",13
"gmac","gmac","edge",50,"large","M4","T1 - T2 Edge Absent",3
"gmac","gmac","edge",50,"large","M0","T1 - T2 Edge Present",5
"gmac","gmac","edge",50,"large","M1","T1 - T2 Edge Present",16
"gmac","gmac","edge",50,"large","M2","T1 - T2 Edge Present",18
"gmac","gmac","edge",50,"large","M3","T1 - T2 Edge Present",7
"gmac","gmac","edge",50,"large","M4","T1 - T2 Edge Present",17
"gmac","gmac","edge",150,"all","M0","T1 - T2 Edge Absent",27
"gmac","gmac","edge",150,"all","M1","T1 - T2 Edge Absent",11
"gmac","gmac","edge",150,"all","M2","T1 - T2 Edge Absent",13
"gmac","gmac","edge",150,"all","M3","T1 - T2 Edge Absent",24
"gmac","gmac","edge",150,"all","M4","T1 - T2 Edge Absent",9
"gmac","gmac","edge",150,"all","M0","T1 - T2 Edge Present",33
"gmac","gmac","edge",150,"all","M1","T1 - T2 Edge Present",49
"gmac","gmac","edge",150,"all","M2","T1 - T2 Edge Present",47
"gmac","gmac","edge",150,"all","M3","T1 - T2 Edge Present",36
"gmac","gmac","edge",150,"all","M4","T1 - T2 Edge Present",51
"gmac","gmac","edge",150,"small","M0","T1 - T2 Edge Absent",7
"gmac","gmac","edge",150,"small","M1","T1 - T2 Edge Absent",4
"gmac","gmac","edge",150,"small","M2","T1 - T2 Edge Absent",7
"gmac","gmac","edge",150,"small","M3","T1 - T2 Edge Absent",8
"gmac","gmac","edge",150,"small","M4","T1 - T2 Edge Absent",6
"gmac","gmac","edge",150,"small","M0","T1 - T2 Edge Present",13
"gmac","gmac","edge",150,"small","M1","T1 - T2 Edge Present",16
"gmac","gmac","edge",150,"small","M2","T1 - T2 Edge Present",13
"gmac","gmac","edge",150,"small","M3","T1 - T2 Edge Present",12
"gmac","gmac","edge",150,"small","M4","T1 - T2 Edge Present",14
"gmac","gmac","edge",150,"medium","M0","T1 - T2 Edge Absent",9
"gmac","gmac","edge",150,"medium","M1","T1 - T2 Edge Absent",7
"gmac","gmac","edge",150,"medium","M2","T1 - T2 Edge Absent",5
"gmac","gmac","edge",150,"medium","M3","T1 - T2 Edge Absent",7
"gmac","gmac","edge",150,"medium","M4","T1 - T2 Edge Absent",3
"gmac","gmac","edge",150,"medium","M0","T1 - T2 Edge Present",11
"gmac","gmac","edge",150,"medium","M1","T1 - T2 Edge Present",13
"gmac","gmac","edge",150,"medium","M2","T1 - T2 Edge Present",15
"gmac","gmac","edge",150,"medium","M3","T1 - T2 Edge Present",13
"gmac","gmac","edge",150,"medium","M4","T1 - T2 Edge Present",17
"gmac","gmac","edge",150,"large","M0","T1 - T2 Edge Absent",11
"gmac","gmac","edge",150,"large","M1","T1 - T2 Edge Absent",0
"gmac","gmac","edge",150,"large","M2","T1 - T2 Edge Absent",1
"gmac","gmac","edge",150,"large","M3","T1 - T2 Edge Absent",9
"gmac","gmac","edge",150,"large","M4","T1 - T2 Edge Absent",0
"gmac","gmac","edge",150,"large","M0","T1 - T2 Edge Present",9
"gmac","gmac","edge",150,"large","M1","T1 - T2 Edge Present",20
"gmac","gmac","edge",150,"large","M2","T1 - T2 Edge Present",19
"gmac","gmac","edge",150,"large","M3","T1 - T2 Edge Present",11
"gmac","gmac","edge",150,"large","M4","T1 - T2 Edge Present",20
"gmac","gmac","edge",300,"all","M0","T1 - T2 Edge Absent",19
"gmac","gmac","edge",300,"all","M1","T1 - T2 Edge Absent",13
"gmac","gmac","edge",300,"all","M2","T1 - T2 Edge Absent",9
"gmac","gmac","edge",300,"all","M3","T1 - T2 Edge Absent",19
"gmac","gmac","edge",300,"all","M4","T1 - T2 Edge Absent",9
"gmac","gmac","edge",300,"all","M0","T1 - T2 Edge Present",41
"gmac","gmac","edge",300,"all","M1","T1 - T2 Edge Present",47
"gmac","gmac","edge",300,"all","M2","T1 - T2 Edge Present",51
"gmac","gmac","edge",300,"all","M3","T1 - T2 Edge Present",41
"gmac","gmac","edge",300,"all","M4","T1 - T2 Edge Present",51
"gmac","gmac","edge",300,"small","M0","T1 - T2 Edge Absent",9
"gmac","gmac","edge",300,"small","M1","T1 - T2 Edge Absent",10
"gmac","gmac","edge",300,"small","M2","T1 - T2 Edge Absent",6
"gmac","gmac","edge",300,"small","M3","T1 - T2 Edge Absent",1
"gmac","gmac","edge",300,"small","M4","T1 - T2 Edge Absent",7
"gmac","gmac","edge",300,"small","M0","T1 - T2 Edge Present",11
"gmac","gmac","edge",300,"small","M1","T1 - T2 Edge Present",10
"gmac","gmac","edge",300,"small","M2","T1 - T2 Edge Present",14
"gmac","gmac","edge",300,"small","M3","T1 - T2 Edge Present",19
"gmac","gmac","edge",300,"small","M4","T1 - T2 Edge Present",13
"gmac","gmac","edge",300,"medium","M0","T1 - T2 Edge Absent",4
"gmac","gmac","edge",300,"medium","M1","T1 - T2 Edge Absent",2
"gmac","gmac","edge",300,"medium","M2","T1 - T2 Edge Absent",3
"gmac","gmac","edge",300,"medium","M3","T1 - T2 Edge Absent",9
"gmac","gmac","edge",300,"medium","M4","T1 - T2 Edge Absent",2
"gmac","gmac","edge",300,"medium","M0","T1 - T2 Edge Present",16
"gmac","gmac","edge",300,"medium","M1","T1 - T2 Edge Present",18
"gmac","gmac","edge",300,"medium","M2","T1 - T2 Edge Present",17
"gmac","gmac","edge",300,"medium","M3","T1 - T2 Edge Present",11
"gmac","gmac","edge",300,"medium","M4","T1 - T2 Edge Present",18
"gmac","gmac","edge",300,"large","M0","T1 - T2 Edge Absent",6
"gmac","gmac","edge",300,"large","M1","T1 - T2 Edge Absent",1
"gmac","gmac","edge",300,"large","M2","T1 - T2 Edge Absent",0
"gmac","gmac","edge",300,"large","M3","T1 - T2 Edge Absent",9
"gmac","gmac","edge",300,"large","M4","T1 - T2 Edge Absent",0
"gmac","gmac","edge",300,"large","M0","T1 - T2 Edge Present",14
"gmac","gmac","edge",300,"large","M1","T1 - T2 Edge Present",19
"gmac","gmac","edge",300,"large","M2","T1 - T2 Edge Present",20
"gmac","gmac","edge",300,"large","M3","T1 - T2 Edge Present",11
"gmac","gmac","edge",300,"large","M4","T1 - T2 Edge Present",20
"gmac","gmac","edge",670,"all","M0","T1 - T2 Edge Absent",18
"gmac","gmac","edge",670,"all","M1","T1 - T2 Edge Absent",5
"gmac","gmac","edge",670,"all","M2","T1 - T2 Edge Absent",7
"gmac","gmac","edge",670,"all","M3","T1 - T2 Edge Absent",17
"gmac","gmac","edge",670,"all","M4","T1 - T2 Edge Absent",4
"gmac","gmac","edge",670,"all","M0","T1 - T2 Edge Present",42
"gmac","gmac","edge",670,"all","M1","T1 - T2 Edge Present",55
"gmac","gmac","edge",670,"all","M2","T1 - T2 Edge Present",53
"gmac","gmac","edge",670,"all","M3","T1 - T2 Edge Present",43
"gmac","gmac","edge",670,"all","M4","T1 - T2 Edge Present",56
"gmac","gmac","edge",670,"small","M0","T1 - T2 Edge Absent",2
"gmac","gmac","edge",670,"small","M1","T1 - T2 Edge Absent",5
"gmac","gmac","edge",670,"small","M2","T1 - T2 Edge Absent",7
"gmac","gmac","edge",670,"small","M3","T1 - T2 Edge Absent",4
"gmac","gmac","edge",670,"small","M4","T1 - T2 Edge Absent",4
"gmac","gmac","edge",670,"small","M0","T1 - T2 Edge Present",18
"gmac","gmac","edge",670,"small","M1","T1 - T2 Edge Present",15
"gmac","gmac","edge",670,"small","M2","T1 - T2 Edge Present",13
"gmac","gmac","edge",670,"small","M3","T1 - T2 Edge Present",16
"gmac","gmac","edge",670,"small","M4","T1 - T2 Edge Present",16
"gmac","gmac","edge",670,"medium","M0","T1 - T2 Edge Absent",7
"gmac","gmac","edge",670,"medium","M1","T1 - T2 Edge Absent",0
"gmac","gmac","edge",670,"medium","M2","T1 - T2 Edge Absent",0
"gmac","gmac","edge",670,"medium","M3","T1 - T2 Edge Absent",5
"gmac","gmac","edge",670,"medium","M4","T1 - T2 Edge Absent",0
"gmac","gmac","edge",670,"medium","M0","T1 - T2 Edge Present",13
"gmac","gmac","edge",670,"medium","M1","T1 - T2 Edge Present",20
"gmac","gmac","edge",670,"medium","M2","T1 - T2 Edge Present",20
"gmac","gmac","edge",670,"medium","M3","T1 - T2 Edge Present",15
"gmac","gmac","edge",670,"medium","M4","T1 - T2 Edge Present",20
"gmac","gmac","edge",670,"large","M0","T1 - T2 Edge Absent",9
"gmac","gmac","edge",670,"large","M1","T1 - T2 Edge Absent",0
"gmac","gmac","edge",670,"large","M2","T1 - T2 Edge Absent",0
"gmac","gmac","edge",670,"large","M3","T1 - T2 Edge Absent",8
"gmac","gmac","edge",670,"large","M4","T1 - T2 Edge Absent",0
"gmac","gmac","edge",670,"large","M0","T1 - T2 Edge Present",11
"gmac","gmac","edge",670,"large","M1","T1 - T2 Edge Present",20
"gmac","gmac","edge",670,"large","M2","T1 - T2 Edge Present",20
"gmac","gmac","edge",670,"large","M3","T1 - T2 Edge Present",12
"gmac","gmac","edge",670,"large","M4","T1 - T2 Edge Present",20
"gmac","gmac","edge",1000,"all","M0","T1 - T2 Edge Absent",24
"gmac","gmac","edge",1000,"all","M1","T1 - T2 Edge Absent",9
"gmac","gmac","edge",1000,"all","M2","T1 - T2 Edge Absent",1
"gmac","gmac","edge",1000,"all","M3","T1 - T2 Edge Absent",14
"gmac","gmac","edge",1000,"all","M4","T1 - T2 Edge Absent",2
"gmac","gmac","edge",1000,"all","M0","T1 - T2 Edge Present",36
"gmac","gmac","edge",1000,"all","M1","T1 - T2 Edge Present",51
"gmac","gmac","edge",1000,"all","M2","T1 - T2 Edge Present",59
"gmac","gmac","edge",1000,"all","M3","T1 - T2 Edge Present",46
"gmac","gmac","edge",1000,"all","M4","T1 - T2 Edge Present",58
"gmac","gmac","edge",1000,"small","M0","T1 - T2 Edge Absent",3
"gmac","gmac","edge",1000,"small","M1","T1 - T2 Edge Absent",9
"gmac","gmac","edge",1000,"small","M2","T1 - T2 Edge Absent",1
"gmac","gmac","edge",1000,"small","M3","T1 - T2 Edge Absent",2
"gmac","gmac","edge",1000,"small","M4","T1 - T2 Edge Absent",2
"gmac","gmac","edge",1000,"small","M0","T1 - T2 Edge Present",17
"gmac","gmac","edge",1000,"small","M1","T1 - T2 Edge Present",11
"gmac","gmac","edge",1000,"small","M2","T1 - T2 Edge Present",19
"gmac","gmac","edge",1000,"small","M3","T1 - T2 Edge Present",18
"gmac","gmac","edge",1000,"small","M4","T1 - T2 Edge Present",18
"gmac","gmac","edge",1000,"medium","M0","T1 - T2 Edge Absent",10
"gmac","gmac","edge",1000,"medium","M1","T1 - T2 Edge Absent",0
"gmac","gmac","edge",1000,"medium","M2","T1 - T2 Edge Absent",0
"gmac","gmac","edge",1000,"medium","M3","T1 - T2 Edge Absent",5
"gmac","gmac","edge",1000,"medium","M4","T1 - T2 Edge Absent",0
"gmac","gmac","edge",1000,"medium","M0","T1 - T2 Edge Present",10
"gmac","gmac","edge",1000,"medium","M1","T1 - T2 Edge Present",20
"gmac","gmac","edge",1000,"medium","M2","T1 - T2 Edge Present",20
"gmac","gmac","edge",1000,"medium","M3","T1 - T2 Edge Present",15
"gmac","gmac","edge",1000,"medium","M4","T1 - T2 Edge Present",20
"gmac","gmac","edge",1000,"large","M0","T1 - T2 Edge Absent",11
"gmac","gmac","edge",1000,"large","M1","T1 - T2 Edge Absent",0
"gmac","gmac","edge",1000,"large","M2","T1 - T2 Edge Absent",0
"gmac","gmac","edge",1000,"large","M3","T1 - T2 Edge Absent",7
"gmac","gmac","edge",1000,"large","M4","T1 - T2 Edge Absent",0
"gmac","gmac","edge",1000,"large","M0","T1 - T2 Edge Present",9
"gmac","gmac","edge",1000,"large","M1","T1 - T2 Edge Present",20
"gmac","gmac","edge",1000,"large","M2","T1 - T2 Edge Present",20
"gmac","gmac","edge",1000,"large","M3","T1 - T2 Edge Present",13
"gmac","gmac","edge",1000,"large","M4","T1 - T2 Edge Present",20
"mrggi","mrggi","edge",50,"all","M0","T1 - T2 Edge Absent",18
"mrggi","mrggi","edge",50,"all","M1","T1 - T2 Edge Absent",8
"mrggi","mrggi","edge",50,"all","M2","T1 - T2 Edge Absent",17
"mrggi","mrggi","edge",50,"all","M3","T1 - T2 Edge Absent",3
"mrggi","mrggi","edge",50,"all","M4","T1 - T2 Edge Absent",0
"mrggi","mrggi","edge",50,"all","M0","T1 - T2 Edge Present",1
"mrggi","mrggi","edge",50,"all","M1","T1 - T2 Edge Present",11
"mrggi","mrggi","edge",50,"all","M2","T1 - T2 Edge Present",2
"mrggi","mrggi","edge",50,"all","M3","T1 - T2 Edge Present",14
"mrggi","mrggi","edge",50,"all","M4","T1 - T2 Edge Present",16
"mrggi","mrggi","edge",50,"all","M0","Weak instrument",41
"mrggi","mrggi","edge",50,"all","M1","Weak instrument",41
"mrggi","mrggi","edge",50,"all","M2","Weak instrument",41
"mrggi","mrggi","edge",50,"all","M3","Weak instrument",43
"mrggi","mrggi","edge",50,"all","M4","Weak instrument",44
"mrggi","mrggi","edge",50,"small","M0","T1 - T2 Edge Absent",0
"mrggi","mrggi","edge",50,"small","M1","T1 - T2 Edge Absent",0
"mrggi","mrggi","edge",50,"small","M2","T1 - T2 Edge Absent",0
"mrggi","mrggi","edge",50,"small","M3","T1 - T2 Edge Absent",0
"mrggi","mrggi","edge",50,"small","M4","T1 - T2 Edge Absent",0
"mrggi","mrggi","edge",50,"small","M0","T1 - T2 Edge Present",0
"mrggi","mrggi","edge",50,"small","M1","T1 - T2 Edge Present",0
"mrggi","mrggi","edge",50,"small","M2","T1 - T2 Edge Present",0
"mrggi","mrggi","edge",50,"small","M3","T1 - T2 Edge Present",0
"mrggi","mrggi","edge",50,"small","M4","T1 - T2 Edge Present",0
"mrggi","mrggi","edge",50,"small","M0","Weak instrument",20
"mrggi","mrggi","edge",50,"small","M1","Weak instrument",20
"mrggi","mrggi","edge",50,"small","M2","Weak instrument",20
"mrggi","mrggi","edge",50,"small","M3","Weak instrument",20
"mrggi","mrggi","edge",50,"small","M4","Weak instrument",20
"mrggi","mrggi","edge",50,"medium","M0","T1 - T2 Edge Absent",3
"mrggi","mrggi","edge",50,"medium","M1","T1 - T2 Edge Absent",5
"mrggi","mrggi","edge",50,"medium","M2","T1 - T2 Edge Absent",7
"mrggi","mrggi","edge",50,"medium","M3","T1 - T2 Edge Absent",1
"mrggi","mrggi","edge",50,"medium","M4","T1 - T2 Edge Absent",0
"mrggi","mrggi","edge",50,"medium","M0","T1 - T2 Edge Present",1
"mrggi","mrggi","edge",50,"medium","M1","T1 - T2 Edge Present",1
"mrggi","mrggi","edge",50,"medium","M2","T1 - T2 Edge Present",1
"mrggi","mrggi","edge",50,"medium","M3","T1 - T2 Edge Present",3
"mrggi","mrggi","edge",50,"medium","M4","T1 - T2 Edge Present",4
"mrggi","mrggi","edge",50,"medium","M0","Weak instrument",16
"mrggi","mrggi","edge",50,"medium","M1","Weak instrument",14
"mrggi","mrggi","edge",50,"medium","M2","Weak instrument",12
"mrggi","mrggi","edge",50,"medium","M3","Weak instrument",16
"mrggi","mrggi","edge",50,"medium","M4","Weak instrument",16
"mrggi","mrggi","edge",50,"large","M0","T1 - T2 Edge Absent",15
"mrggi","mrggi","edge",50,"large","M1","T1 - T2 Edge Absent",3
"mrggi","mrggi","edge",50,"large","M2","T1 - T2 Edge Absent",10
"mrggi","mrggi","edge",50,"large","M3","T1 - T2 Edge Absent",2
"mrggi","mrggi","edge",50,"large","M4","T1 - T2 Edge Absent",0
"mrggi","mrggi","edge",50,"large","M0","T1 - T2 Edge Present",0
"mrggi","mrggi","edge",50,"large","M1","T1 - T2 Edge Present",10
"mrggi","mrggi","edge",50,"large","M2","T1 - T2 Edge Present",1
"mrggi","mrggi","edge",50,"large","M3","T1 - T2 Edge Present",11
"mrggi","mrggi","edge",50,"large","M4","T1 - T2 Edge Present",12
"mrggi","mrggi","edge",50,"large","M0","Weak instrument",5
"mrggi","mrggi","edge",50,"large","M1","Weak instrument",7
"mrggi","mrggi","edge",50,"large","M2","Weak instrument",9
"mrggi","mrggi","edge",50,"large","M3","Weak instrument",7
"mrggi","mrggi","edge",50,"large","M4","Weak instrument",8
"mrggi","mrggi","edge",150,"all","M0","T1 - T2 Edge Absent",34
"mrggi","mrggi","edge",150,"all","M1","T1 - T2 Edge Absent",6
"mrggi","mrggi","edge",150,"all","M2","T1 - T2 Edge Absent",26
"mrggi","mrggi","edge",150,"all","M3","T1 - T2 Edge Absent",1
"mrggi","mrggi","edge",150,"all","M4","T1 - T2 Edge Absent",0
"mrggi","mrggi","edge",150,"all","M0","T1 - T2 Edge Present",2
"mrggi","mrggi","edge",150,"all","M1","T1 - T2 Edge Present",20
"mrggi","mrggi","edge",150,"all","M2","T1 - T2 Edge Present",0
"mrggi","mrggi","edge",150,"all","M3","T1 - T2 Edge Present",34
"mrggi","mrggi","edge",150,"all","M4","T1 - T2 Edge Present",35
"mrggi","mrggi","edge",150,"all","M0","Weak instrument",24
"mrggi","mrggi","edge",150,"all","M1","Weak instrument",34
"mrggi","mrggi","edge",150,"all","M2","Weak instrument",34
"mrggi","mrggi","edge",150,"all","M3","Weak instrument",25
"mrggi","mrggi","edge",150,"all","M4","Weak instrument",25
"mrggi","mrggi","edge",150,"small","M0","T1 - T2 Edge Absent",0
"mrggi","mrggi","edge",150,"small","M1","T1 - T2 Edge Absent",3
"mrggi","mrggi","edge",150,"small","M2","T1 - T2 Edge Absent",0
"mrggi","mrggi","edge",150,"small","M3","T1 - T2 Edge Absent",0
"mrggi","mrggi","edge",150,"small","M4","T1 - T2 Edge Absent",0
"mrggi","mrggi","edge",150,"small","M0","T1 - T2 Edge Present",0
"mrggi","mrggi","edge",150,"small","M1","T1 - T2 Edge Present",0
"mrggi","mrggi","edge",150,"small","M2","T1 - T2 Edge Present",0
"mrggi","mrggi","edge",150,"small","M3","T1 - T2 Edge Present",1
"mrggi","mrggi","edge",150,"small","M4","T1 - T2 Edge Present",2
"mrggi","mrggi","edge",150,"small","M0","Weak instrument",20
"mrggi","mrggi","edge",150,"small","M1","Weak instrument",17
"mrggi","mrggi","edge",150,"small","M2","Weak instrument",20
"mrggi","mrggi","edge",150,"small","M3","Weak instrument",19
"mrggi","mrggi","edge",150,"small","M4","Weak instrument",18
"mrggi","mrggi","edge",150,"medium","M0","T1 - T2 Edge Absent",16
"mrggi","mrggi","edge",150,"medium","M1","T1 - T2 Edge Absent",3
"mrggi","mrggi","edge",150,"medium","M2","T1 - T2 Edge Absent",9
"mrggi","mrggi","edge",150,"medium","M3","T1 - T2 Edge Absent",1
"mrggi","mrggi","edge",150,"medium","M4","T1 - T2 Edge Absent",0
"mrggi","mrggi","edge",150,"medium","M0","T1 - T2 Edge Present",0
"mrggi","mrggi","edge",150,"medium","M1","T1 - T2 Edge Present",3
"mrggi","mrggi","edge",150,"medium","M2","T1 - T2 Edge Present",0
"mrggi","mrggi","edge",150,"medium","M3","T1 - T2 Edge Present",14
"mrggi","mrggi","edge",150,"medium","M4","T1 - T2 Edge Present",15
"mrggi","mrggi","edge",150,"medium","M0","Weak instrument",4
"mrggi","mrggi","edge",150,"medium","M1","Weak instrument",14
"mrggi","mrggi","edge",150,"medium","M2","Weak instrument",11
"mrggi","mrggi","edge",150,"medium","M3","Weak instrument",5
"mrggi","mrggi","edge",150,"medium","M4","Weak instrument",5
"mrggi","mrggi","edge",150,"large","M0","T1 - T2 Edge Absent",18
"mrggi","mrggi","edge",150,"large","M1","T1 - T2 Edge Absent",0
"mrggi","mrggi","edge",150,"large","M2","T1 - T2 Edge Absent",17
"mrggi","mrggi","edge",150,"large","M3","T1 - T2 Edge Absent",0
"mrggi","mrggi","edge",150,"large","M4","T1 - T2 Edge Absent",0
"mrggi","mrggi","edge",150,"large","M0","T1 - T2 Edge Present",2
"mrggi","mrggi","edge",150,"large","M1","T1 - T2 Edge Present",17
"mrggi","mrggi","edge",150,"large","M2","T1 - T2 Edge Present",0
"mrggi","mrggi","edge",150,"large","M3","T1 - T2 Edge Present",19
"mrggi","mrggi","edge",150,"large","M4","T1 - T2 Edge Present",18
"mrggi","mrggi","edge",150,"large","M0","Weak instrument",0
"mrggi","mrggi","edge",150,"large","M1","Weak instrument",3
"mrggi","mrggi","edge",150,"large","M2","Weak instrument",3
"mrggi","mrggi","edge",150,"large","M3","Weak instrument",1
"mrggi","mrggi","edge",150,"large","M4","Weak instrument",2
"mrggi","mrggi","edge",300,"all","M0","T1 - T2 Edge Absent",39
"mrggi","mrggi","edge",300,"all","M1","T1 - T2 Edge Absent",9
"mrggi","mrggi","edge",300,"all","M2","T1 - T2 Edge Absent",34
"mrggi","mrggi","edge",300,"all","M3","T1 - T2 Edge Absent",1
"mrggi","mrggi","edge",300,"all","M4","T1 - T2 Edge Absent",0
"mrggi","mrggi","edge",300,"all","M0","T1 - T2 Edge Present",4
"mrggi","mrggi","edge",300,"all","M1","T1 - T2 Edge Present",34
"mrggi","mrggi","edge",300,"all","M2","T1 - T2 Edge Present",3
"mrggi","mrggi","edge",300,"all","M3","T1 - T2 Edge Present",39
"mrggi","mrggi","edge",300,"all","M4","T1 - T2 Edge Present",42
"mrggi","mrggi","edge",300,"all","M0","Weak instrument",17
"mrggi","mrggi","edge",300,"all","M1","Weak instrument",17
"mrggi","mrggi","edge",300,"all","M2","Weak instrument",23
"mrggi","mrggi","edge",300,"all","M3","Weak instrument",20
"mrggi","mrggi","edge",300,"all","M4","Weak instrument",18
"mrggi","mrggi","edge",300,"small","M0","T1 - T2 Edge Absent",9
"mrggi","mrggi","edge",300,"small","M1","T1 - T2 Edge Absent",5
"mrggi","mrggi","edge",300,"small","M2","T1 - T2 Edge Absent",3
"mrggi","mrggi","edge",300,"small","M3","T1 - T2 Edge Absent",1
"mrggi","mrggi","edge",300,"small","M4","T1 - T2 Edge Absent",0
"mrggi","mrggi","edge",300,"small","M0","T1 - T2 Edge Present",1
"mrggi","mrggi","edge",300,"small","M1","T1 - T2 Edge Present",0
"mrggi","mrggi","edge",300,"small","M2","T1 - T2 Edge Present",0
"mrggi","mrggi","edge",300,"small","M3","T1 - T2 Edge Present",2
"mrggi","mrggi","edge",300,"small","M4","T1 - T2 Edge Present",3
"mrggi","mrggi","edge",300,"small","M0","Weak instrument",10
"mrggi","mrggi","edge",300,"small","M1","Weak instrument",15
"mrggi","mrggi","edge",300,"small","M2","Weak instrument",17
"mrggi","mrggi","edge",300,"small","M3","Weak instrument",17
"mrggi","mrggi","edge",300,"small","M4","Weak instrument",17
"mrggi","mrggi","edge",300,"medium","M0","T1 - T2 Edge Absent",11
"mrggi","mrggi","edge",300,"medium","M1","T1 - T2 Edge Absent",4
"mrggi","mrggi","edge",300,"medium","M2","T1 - T2 Edge Absent",14
"mrggi","mrggi","edge",300,"medium","M3","T1 - T2 Edge Absent",0
"mrggi","mrggi","edge",300,"medium","M4","T1 - T2 Edge Absent",0
"mrggi","mrggi","edge",300,"medium","M0","T1 - T2 Edge Present",3
"mrggi","mrggi","edge",300,"medium","M1","T1 - T2 Edge Present",14
"mrggi","mrggi","edge",300,"medium","M2","T1 - T2 Edge Present",2
"mrggi","mrggi","edge",300,"medium","M3","T1 - T2 Edge Present",18
"mrggi","mrggi","edge",300,"medium","M4","T1 - T2 Edge Present",20
"mrggi","mrggi","edge",300,"medium","M0","Weak instrument",6
"mrggi","mrggi","edge",300,"medium","M1","Weak instrument",2
"mrggi","mrggi","edge",300,"medium","M2","Weak instrument",4
"mrggi","mrggi","edge",300,"medium","M3","Weak instrument",2
"mrggi","mrggi","edge",300,"medium","M4","Weak instrument",0
"mrggi","mrggi","edge",300,"large","M0","T1 - T2 Edge Absent",19
"mrggi","mrggi","edge",300,"large","M1","T1 - T2 Edge Absent",0
"mrggi","mrggi","edge",300,"large","M2","T1 - T2 Edge Absent",17
"mrggi","mrggi","edge",300,"large","M3","T1 - T2 Edge Absent",0
"mrggi","mrggi","edge",300,"large","M4","T1 - T2 Edge Absent",0
"mrggi","mrggi","edge",300,"large","M0","T1 - T2 Edge Present",0
"mrggi","mrggi","edge",300,"large","M1","T1 - T2 Edge Present",20
"mrggi","mrggi","edge",300,"large","M2","T1 - T2 Edge Present",1
"mrggi","mrggi","edge",300,"large","M3","T1 - T2 Edge Present",19
"mrggi","mrggi","edge",300,"large","M4","T1 - T2 Edge Present",19
"mrggi","mrggi","edge",300,"large","M0","Weak instrument",1
"mrggi","mrggi","edge",300,"large","M1","Weak instrument",0
"mrggi","mrggi","edge",300,"large","M2","Weak instrument",2
"mrggi","mrggi","edge",300,"large","M3","Weak instrument",1
"mrggi","mrggi","edge",300,"large","M4","Weak instrument",1
"mrggi","mrggi","edge",670,"all","M0","T1 - T2 Edge Absent",44
"mrggi","mrggi","edge",670,"all","M1","T1 - T2 Edge Absent",14
"mrggi","mrggi","edge",670,"all","M2","T1 - T2 Edge Absent",50
"mrggi","mrggi","edge",670,"all","M3","T1 - T2 Edge Absent",0
"mrggi","mrggi","edge",670,"all","M4","T1 - T2 Edge Absent",0
"mrggi","mrggi","edge",670,"all","M0","T1 - T2 Edge Present",1
"mrggi","mrggi","edge",670,"all","M1","T1 - T2 Edge Present",32
"mrggi","mrggi","edge",670,"all","M2","T1 - T2 Edge Present",3
"mrggi","mrggi","edge",670,"all","M3","T1 - T2 Edge Present",48
"mrggi","mrggi","edge",670,"all","M4","T1 - T2 Edge Present",50
"mrggi","mrggi","edge",670,"all","M0","Weak instrument",15
"mrggi","mrggi","edge",670,"all","M1","Weak instrument",14
"mrggi","mrggi","edge",670,"all","M2","Weak instrument",7
"mrggi","mrggi","edge",670,"all","M3","Weak instrument",12
"mrggi","mrggi","edge",670,"all","M4","Weak instrument",10
"mrggi","mrggi","edge",670,"small","M0","T1 - T2 Edge Absent",9
"mrggi","mrggi","edge",670,"small","M1","T1 - T2 Edge Absent",7
"mrggi","mrggi","edge",670,"small","M2","T1 - T2 Edge Absent",12
"mrggi","mrggi","edge",670,"small","M3","T1 - T2 Edge Absent",0
"mrggi","mrggi","edge",670,"small","M4","T1 - T2 Edge Absent",0
"mrggi","mrggi","edge",670,"small","M0","T1 - T2 Edge Present",0
"mrggi","mrggi","edge",670,"small","M1","T1 - T2 Edge Present",1
"mrggi","mrggi","edge",670,"small","M2","T1 - T2 Edge Present",1
"mrggi","mrggi","edge",670,"small","M3","T1 - T2 Edge Present",10
"mrggi","mrggi","edge",670,"small","M4","T1 - T2 Edge Present",11
"mrggi","mrggi","edge",670,"small","M0","Weak instrument",11
"mrggi","mrggi","edge",670,"small","M1","Weak instrument",12
"mrggi","mrggi","edge",670,"small","M2","Weak instrument",7
"mrggi","mrggi","edge",670,"small","M3","Weak instrument",10
"mrggi","mrggi","edge",670,"small","M4","Weak instrument",9
"mrggi","mrggi","edge",670,"medium","M0","T1 - T2 Edge Absent",16
"mrggi","mrggi","edge",670,"medium","M1","T1 - T2 Edge Absent",7
"mrggi","mrggi","edge",670,"medium","M2","T1 - T2 Edge Absent",20
"mrggi","mrggi","edge",670,"medium","M3","T1 - T2 Edge Absent",0
"mrggi","mrggi","edge",670,"medium","M4","T1 - T2 Edge Absent",0
"mrggi","mrggi","edge",670,"medium","M0","T1 - T2 Edge Present",1
"mrggi","mrggi","edge",670,"medium","M1","T1 - T2 Edge Present",11
"mrggi","mrggi","edge",670,"medium","M2","T1 - T2 Edge Present",0
"mrggi","mrggi","edge",670,"medium","M3","T1 - T2 Edge Present",18
"mrggi","mrggi","edge",670,"medium","M4","T1 - T2 Edge Present",19
"mrggi","mrggi","edge",670,"medium","M0","Weak instrument",3
"mrggi","mrggi","edge",670,"medium","M1","Weak instrument",2
"mrggi","mrggi","edge",670,"medium","M2","Weak instrument",0
"mrggi","mrggi","edge",670,"medium","M3","Weak instrument",2
"mrggi","mrggi","edge",670,"medium","M4","Weak instrument",1
"mrggi","mrggi","edge",670,"large","M0","T1 - T2 Edge Absent",19
"mrggi","mrggi","edge",670,"large","M1","T1 - T2 Edge Absent",0
"mrggi","mrggi","edge",670,"large","M2","T1 - T2 Edge Absent",18
"mrggi","mrggi","edge",670,"large","M3","T1 - T2 Edge Absent",0
"mrggi","mrggi","edge",670,"large","M4","T1 - T2 Edge Absent",0
"mrggi","mrggi","edge",670,"large","M0","T1 - T2 Edge Present",0
"mrggi","mrggi","edge",670,"large","M1","T1 - T2 Edge Present",20
"mrggi","mrggi","edge",670,"large","M2","T1 - T2 Edge Present",2
"mrggi","mrggi","edge",670,"large","M3","T1 - T2 Edge Present",20
"mrggi","mrggi","edge",670,"large","M4","T1 - T2 Edge Present",20
"mrggi","mrggi","edge",670,"large","M0","Weak instrument",1
"mrggi","mrggi","edge",670,"large","M1","Weak instrument",0
"mrggi","mrggi","edge",670,"large","M2","Weak instrument",0
"mrggi","mrggi","edge",670,"large","M3","Weak instrument",0
"mrggi","mrggi","edge",670,"large","M4","Weak instrument",0
"mrggi","mrggi","edge",1000,"all","M0","T1 - T2 Edge Absent",50
"mrggi","mrggi","edge",1000,"all","M1","T1 - T2 Edge Absent",10
"mrggi","mrggi","edge",1000,"all","M2","T1 - T2 Edge Absent",49
"mrggi","mrggi","edge",1000,"all","M3","T1 - T2 Edge Absent",2
"mrggi","mrggi","edge",1000,"all","M4","T1 - T2 Edge Absent",1
"mrggi","mrggi","edge",1000,"all","M0","T1 - T2 Edge Present",2
"mrggi","mrggi","edge",1000,"all","M1","T1 - T2 Edge Present",40
"mrggi","mrggi","edge",1000,"all","M2","T1 - T2 Edge Present",1
"mrggi","mrggi","edge",1000,"all","M3","T1 - T2 Edge Present",51
"mrggi","mrggi","edge",1000,"all","M4","T1 - T2 Edge Present",48
"mrggi","mrggi","edge",1000,"all","M0","Weak instrument",8
"mrggi","mrggi","edge",1000,"all","M1","Weak instrument",10
"mrggi","mrggi","edge",1000,"all","M2","Weak instrument",10
"mrggi","mrggi","edge",1000,"all","M3","Weak instrument",7
"mrggi","mrggi","edge",1000,"all","M4","Weak instrument",11
"mrggi","mrggi","edge",1000,"small","M0","T1 - T2 Edge Absent",11
"mrggi","mrggi","edge",1000,"small","M1","T1 - T2 Edge Absent",8
"mrggi","mrggi","edge",1000,"small","M2","T1 - T2 Edge Absent",10
"mrggi","mrggi","edge",1000,"small","M3","T1 - T2 Edge Absent",2
"mrggi","mrggi","edge",1000,"small","M4","T1 - T2 Edge Absent",1
"mrggi","mrggi","edge",1000,"small","M0","T1 - T2 Edge Present",1
"mrggi","mrggi","edge",1000,"small","M1","T1 - T2 Edge Present",3
"mrggi","mrggi","edge",1000,"small","M2","T1 - T2 Edge Present",0
"mrggi","mrggi","edge",1000,"small","M3","T1 - T2 Edge Present",13
"mrggi","mrggi","edge",1000,"small","M4","T1 - T2 Edge Present",9
"mrggi","mrggi","edge",1000,"small","M0","Weak instrument",8
"mrggi","mrggi","edge",1000,"small","M1","Weak instrument",9
"mrggi","mrggi","edge",1000,"small","M2","Weak instrument",10
"mrggi","mrggi","edge",1000,"small","M3","Weak instrument",5
"mrggi","mrggi","edge",1000,"small","M4","Weak instrument",10
"mrggi","mrggi","edge",1000,"medium","M0","T1 - T2 Edge Absent",20
"mrggi","mrggi","edge",1000,"medium","M1","T1 - T2 Edge Absent",2
"mrggi","mrggi","edge",1000,"medium","M2","T1 - T2 Edge Absent",19
"mrggi","mrggi","edge",1000,"medium","M3","T1 - T2 Edge Absent",0
"mrggi","mrggi","edge",1000,"medium","M4","T1 - T2 Edge Absent",0
"mrggi","mrggi","edge",1000,"medium","M0","T1 - T2 Edge Present",0
"mrggi","mrggi","edge",1000,"medium","M1","T1 - T2 Edge Present",17
"mrggi","mrggi","edge",1000,"medium","M2","T1 - T2 Edge Present",1
"mrggi","mrggi","edge",1000,"medium","M3","T1 - T2 Edge Present",18
"mrggi","mrggi","edge",1000,"medium","M4","T1 - T2 Edge Present",19
"mrggi","mrggi","edge",1000,"medium","M0","Weak instrument",0
"mrggi","mrggi","edge",1000,"medium","M1","Weak instrument",1
"mrggi","mrggi","edge",1000,"medium","M2","Weak instrument",0
"mrggi","mrggi","edge",1000,"medium","M3","Weak instrument",2
"mrggi","mrggi","edge",1000,"medium","M4","Weak instrument",1
"mrggi","mrggi","edge",1000,"large","M0","T1 - T2 Edge Absent",19
"mrggi","mrggi","edge",1000,"large","M1","T1 - T2 Edge Absent",0
"mrggi","mrggi","edge",1000,"large","M2","T1 - T2 Edge Absent",20
"mrggi","mrggi","edge",1000,"large","M3","T1 - T2 Edge Absent",0
"mrggi","mrggi","edge",1000,"large","M4","T1 - T2 Edge Absent",0
"mrggi","mrggi","edge",1000,"large","M0","T1 - T2 Edge Present",1
"mrggi","mrggi","edge",1000,"large","M1","T1 - T2 Edge Present",20
"mrggi","mrggi","edge",1000,"large","M2","T1 - T2 Edge Present",0
"mrggi","mrggi","edge",1000,"large","M3","T1 - T2 Edge Present",20
"mrggi","mrggi","edge",1000,"large","M4","T1 - T2 Edge Present",20
"mrggi","mrggi","edge",1000,"large","M0","Weak instrument",0
"mrggi","mrggi","edge",1000,"large","M1","Weak instrument",0
"mrggi","mrggi","edge",1000,"large","M2","Weak instrument",0
"mrggi","mrggi","edge",1000,"large","M3","Weak instrument",0
"mrggi","mrggi","edge",1000,"large","M4","Weak instrument",0
"mrggi","none","edge.fdr",50,"all","M0","T1 - T2 Edge Absent",18
"mrggi","none","edge.fdr",50,"all","M1","T1 - T2 Edge Absent",8
"mrggi","none","edge.fdr",50,"all","M2","T1 - T2 Edge Absent",17
"mrggi","none","edge.fdr",50,"all","M3","T1 - T2 Edge Absent",3
"mrggi","none","edge.fdr",50,"all","M4","T1 - T2 Edge Absent",0
"mrggi","none","edge.fdr",50,"all","M0","T1 - T2 Edge Present",1
"mrggi","none","edge.fdr",50,"all","M1","T1 - T2 Edge Present",11
"mrggi","none","edge.fdr",50,"all","M2","T1 - T2 Edge Present",2
"mrggi","none","edge.fdr",50,"all","M3","T1 - T2 Edge Present",14
"mrggi","none","edge.fdr",50,"all","M4","T1 - T2 Edge Present",16
"mrggi","none","edge.fdr",50,"all","M0","Weak instrument",41
"mrggi","none","edge.fdr",50,"all","M1","Weak instrument",41
"mrggi","none","edge.fdr",50,"all","M2","Weak instrument",41
"mrggi","none","edge.fdr",50,"all","M3","Weak instrument",43
"mrggi","none","edge.fdr",50,"all","M4","Weak instrument",44
"mrggi","none","edge.fdr",50,"small","M0","T1 - T2 Edge Absent",0
"mrggi","none","edge.fdr",50,"small","M1","T1 - T2 Edge Absent",0
"mrggi","none","edge.fdr",50,"small","M2","T1 - T2 Edge Absent",0
"mrggi","none","edge.fdr",50,"small","M3","T1 - T2 Edge Absent",0
"mrggi","none","edge.fdr",50,"small","M4","T1 - T2 Edge Absent",0
"mrggi","none","edge.fdr",50,"small","M0","T1 - T2 Edge Present",0
"mrggi","none","edge.fdr",50,"small","M1","T1 - T2 Edge Present",0
"mrggi","none","edge.fdr",50,"small","M2","T1 - T2 Edge Present",0
"mrggi","none","edge.fdr",50,"small","M3","T1 - T2 Edge Present",0
"mrggi","none","edge.fdr",50,"small","M4","T1 - T2 Edge Present",0
"mrggi","none","edge.fdr",50,"small","M0","Weak instrument",20
"mrggi","none","edge.fdr",50,"small","M1","Weak instrument",20
"mrggi","none","edge.fdr",50,"small","M2","Weak instrument",20
"mrggi","none","edge.fdr",50,"small","M3","Weak instrument",20
"mrggi","none","edge.fdr",50,"small","M4","Weak instrument",20
"mrggi","none","edge.fdr",50,"medium","M0","T1 - T2 Edge Absent",3
"mrggi","none","edge.fdr",50,"medium","M1","T1 - T2 Edge Absent",5
"mrggi","none","edge.fdr",50,"medium","M2","T1 - T2 Edge Absent",7
"mrggi","none","edge.fdr",50,"medium","M3","T1 - T2 Edge Absent",1
"mrggi","none","edge.fdr",50,"medium","M4","T1 - T2 Edge Absent",0
"mrggi","none","edge.fdr",50,"medium","M0","T1 - T2 Edge Present",1
"mrggi","none","edge.fdr",50,"medium","M1","T1 - T2 Edge Present",1
"mrggi","none","edge.fdr",50,"medium","M2","T1 - T2 Edge Present",1
"mrggi","none","edge.fdr",50,"medium","M3","T1 - T2 Edge Present",3
"mrggi","none","edge.fdr",50,"medium","M4","T1 - T2 Edge Present",4
"mrggi","none","edge.fdr",50,"medium","M0","Weak instrument",16
"mrggi","none","edge.fdr",50,"medium","M1","Weak instrument",14
"mrggi","none","edge.fdr",50,"medium","M2","Weak instrument",12
"mrggi","none","edge.fdr",50,"medium","M3","Weak instrument",16
"mrggi","none","edge.fdr",50,"medium","M4","Weak instrument",16
"mrggi","none","edge.fdr",50,"large","M0","T1 - T2 Edge Absent",15
"mrggi","none","edge.fdr",50,"large","M1","T1 - T2 Edge Absent",3
"mrggi","none","edge.fdr",50,"large","M2","T1 - T2 Edge Absent",10
"mrggi","none","edge.fdr",50,"large","M3","T1 - T2 Edge Absent",2
"mrggi","none","edge.fdr",50,"large","M4","T1 - T2 Edge Absent",0
"mrggi","none","edge.fdr",50,"large","M0","T1 - T2 Edge Present",0
"mrggi","none","edge.fdr",50,"large","M1","T1 - T2 Edge Present",10
"mrggi","none","edge.fdr",50,"large","M2","T1 - T2 Edge Present",1
"mrggi","none","edge.fdr",50,"large","M3","T1 - T2 Edge Present",11
"mrggi","none","edge.fdr",50,"large","M4","T1 - T2 Edge Present",12
"mrggi","none","edge.fdr",50,"large","M0","Weak instrument",5
"mrggi","none","edge.fdr",50,"large","M1","Weak instrument",7
"mrggi","none","edge.fdr",50,"large","M2","Weak instrument",9
"mrggi","none","edge.fdr",50,"large","M3","Weak instrument",7
"mrggi","none","edge.fdr",50,"large","M4","Weak instrument",8
"mrggi","none","edge.fdr",150,"all","M0","T1 - T2 Edge Absent",34
"mrggi","none","edge.fdr",150,"all","M1","T1 - T2 Edge Absent",6
"mrggi","none","edge.fdr",150,"all","M2","T1 - T2 Edge Absent",26
"mrggi","none","edge.fdr",150,"all","M3","T1 - T2 Edge Absent",1
"mrggi","none","edge.fdr",150,"all","M4","T1 - T2 Edge Absent",0
"mrggi","none","edge.fdr",150,"all","M0","T1 - T2 Edge Present",2
"mrggi","none","edge.fdr",150,"all","M1","T1 - T2 Edge Present",20
"mrggi","none","edge.fdr",150,"all","M2","T1 - T2 Edge Present",0
"mrggi","none","edge.fdr",150,"all","M3","T1 - T2 Edge Present",34
"mrggi","none","edge.fdr",150,"all","M4","T1 - T2 Edge Present",35
"mrggi","none","edge.fdr",150,"all","M0","Weak instrument",24
"mrggi","none","edge.fdr",150,"all","M1","Weak instrument",34
"mrggi","none","edge.fdr",150,"all","M2","Weak instrument",34
"mrggi","none","edge.fdr",150,"all","M3","Weak instrument",25
"mrggi","none","edge.fdr",150,"all","M4","Weak instrument",25
"mrggi","none","edge.fdr",150,"small","M0","T1 - T2 Edge Absent",0
"mrggi","none","edge.fdr",150,"small","M1","T1 - T2 Edge Absent",3
"mrggi","none","edge.fdr",150,"small","M2","T1 - T2 Edge Absent",0
"mrggi","none","edge.fdr",150,"small","M3","T1 - T2 Edge Absent",0
"mrggi","none","edge.fdr",150,"small","M4","T1 - T2 Edge Absent",0
"mrggi","none","edge.fdr",150,"small","M0","T1 - T2 Edge Present",0
"mrggi","none","edge.fdr",150,"small","M1","T1 - T2 Edge Present",0
"mrggi","none","edge.fdr",150,"small","M2","T1 - T2 Edge Present",0
"mrggi","none","edge.fdr",150,"small","M3","T1 - T2 Edge Present",1
"mrggi","none","edge.fdr",150,"small","M4","T1 - T2 Edge Present",2
"mrggi","none","edge.fdr",150,"small","M0","Weak instrument",20
"mrggi","none","edge.fdr",150,"small","M1","Weak instrument",17
"mrggi","none","edge.fdr",150,"small","M2","Weak instrument",20
"mrggi","none","edge.fdr",150,"small","M3","Weak instrument",19
"mrggi","none","edge.fdr",150,"small","M4","Weak instrument",18
"mrggi","none","edge.fdr",150,"medium","M0","T1 - T2 Edge Absent",16
"mrggi","none","edge.fdr",150,"medium","M1","T1 - T2 Edge Absent",3
"mrggi","none","edge.fdr",150,"medium","M2","T1 - T2 Edge Absent",9
"mrggi","none","edge.fdr",150,"medium","M3","T1 - T2 Edge Absent",1
"mrggi","none","edge.fdr",150,"medium","M4","T1 - T2 Edge Absent",0
"mrggi","none","edge.fdr",150,"medium","M0","T1 - T2 Edge Present",0
"mrggi","none","edge.fdr",150,"medium","M1","T1 - T2 Edge Present",3
"mrggi","none","edge.fdr",150,"medium","M2","T1 - T2 Edge Present",0
"mrggi","none","edge.fdr",150,"medium","M3","T1 - T2 Edge Present",14
"mrggi","none","edge.fdr",150,"medium","M4","T1 - T2 Edge Present",15
"mrggi","none","edge.fdr",150,"medium","M0","Weak instrument",4
"mrggi","none","edge.fdr",150,"medium","M1","Weak instrument",14
"mrggi","none","edge.fdr",150,"medium","M2","Weak instrument",11
"mrggi","none","edge.fdr",150,"medium","M3","Weak instrument",5
"mrggi","none","edge.fdr",150,"medium","M4","Weak instrument",5
"mrggi","none","edge.fdr",150,"large","M0","T1 - T2 Edge Absent",18
"mrggi","none","edge.fdr",150,"large","M1","T1 - T2 Edge Absent",0
"mrggi","none","edge.fdr",150,"large","M2","T1 - T2 Edge Absent",17
"mrggi","none","edge.fdr",150,"large","M3","T1 - T2 Edge Absent",0
"mrggi","none","edge.fdr",150,"large","M4","T1 - T2 Edge Absent",0
"mrggi","none","edge.fdr",150,"large","M0","T1 - T2 Edge Present",2
"mrggi","none","edge.fdr",150,"large","M1","T1 - T2 Edge Present",17
"mrggi","none","edge.fdr",150,"large","M2","T1 - T2 Edge Present",0
"mrggi","none","edge.fdr",150,"large","M3","T1 - T2 Edge Present",19
"mrggi","none","edge.fdr",150,"large","M4","T1 - T2 Edge Present",18
"mrggi","none","edge.fdr",150,"large","M0","Weak instrument",0
"mrggi","none","edge.fdr",150,"large","M1","Weak instrument",3
"mrggi","none","edge.fdr",150,"large","M2","Weak instrument",3
"mrggi","none","edge.fdr",150,"large","M3","Weak instrument",1
"mrggi","none","edge.fdr",150,"large","M4","Weak instrument",2
"mrggi","none","edge.fdr",300,"all","M0","T1 - T2 Edge Absent",39
"mrggi","none","edge.fdr",300,"all","M1","T1 - T2 Edge Absent",9
"mrggi","none","edge.fdr",300,"all","M2","T1 - T2 Edge Absent",34
"mrggi","none","edge.fdr",300,"all","M3","T1 - T2 Edge Absent",1
"mrggi","none","edge.fdr",300,"all","M4","T1 - T2 Edge Absent",0
"mrggi","none","edge.fdr",300,"all","M0","T1 - T2 Edge Present",4
"mrggi","none","edge.fdr",300,"all","M1","T1 - T2 Edge Present",34
"mrggi","none","edge.fdr",300,"all","M2","T1 - T2 Edge Present",3
"mrggi","none","edge.fdr",300,"all","M3","T1 - T2 Edge Present",39
"mrggi","none","edge.fdr",300,"all","M4","T1 - T2 Edge Present",42
"mrggi","none","edge.fdr",300,"all","M0","Weak instrument",17
"mrggi","none","edge.fdr",300,"all","M1","Weak instrument",17
"mrggi","none","edge.fdr",300,"all","M2","Weak instrument",23
"mrggi","none","edge.fdr",300,"all","M3","Weak instrument",20
"mrggi","none","edge.fdr",300,"all","M4","Weak instrument",18
"mrggi","none","edge.fdr",300,"small","M0","T1 - T2 Edge Absent",9
"mrggi","none","edge.fdr",300,"small","M1","T1 - T2 Edge Absent",5
"mrggi","none","edge.fdr",300,"small","M2","T1 - T2 Edge Absent",3
"mrggi","none","edge.fdr",300,"small","M3","T1 - T2 Edge Absent",1
"mrggi","none","edge.fdr",300,"small","M4","T1 - T2 Edge Absent",0
"mrggi","none","edge.fdr",300,"small","M0","T1 - T2 Edge Present",1
"mrggi","none","edge.fdr",300,"small","M1","T1 - T2 Edge Present",0
"mrggi","none","edge.fdr",300,"small","M2","T1 - T2 Edge Present",0
"mrggi","none","edge.fdr",300,"small","M3","T1 - T2 Edge Present",2
"mrggi","none","edge.fdr",300,"small","M4","T1 - T2 Edge Present",3
"mrggi","none","edge.fdr",300,"small","M0","Weak instrument",10
"mrggi","none","edge.fdr",300,"small","M1","Weak instrument",15
"mrggi","none","edge.fdr",300,"small","M2","Weak instrument",17
"mrggi","none","edge.fdr",300,"small","M3","Weak instrument",17
"mrggi","none","edge.fdr",300,"small","M4","Weak instrument",17
"mrggi","none","edge.fdr",300,"medium","M0","T1 - T2 Edge Absent",11
"mrggi","none","edge.fdr",300,"medium","M1","T1 - T2 Edge Absent",4
"mrggi","none","edge.fdr",300,"medium","M2","T1 - T2 Edge Absent",14
"mrggi","none","edge.fdr",300,"medium","M3","T1 - T2 Edge Absent",0
"mrggi","none","edge.fdr",300,"medium","M4","T1 - T2 Edge Absent",0
"mrggi","none","edge.fdr",300,"medium","M0","T1 - T2 Edge Present",3
"mrggi","none","edge.fdr",300,"medium","M1","T1 - T2 Edge Present",14
"mrggi","none","edge.fdr",300,"medium","M2","T1 - T2 Edge Present",2
"mrggi","none","edge.fdr",300,"medium","M3","T1 - T2 Edge Present",18
"mrggi","none","edge.fdr",300,"medium","M4","T1 - T2 Edge Present",20
"mrggi","none","edge.fdr",300,"medium","M0","Weak instrument",6
"mrggi","none","edge.fdr",300,"medium","M1","Weak instrument",2
"mrggi","none","edge.fdr",300,"medium","M2","Weak instrument",4
"mrggi","none","edge.fdr",300,"medium","M3","Weak instrument",2
"mrggi","none","edge.fdr",300,"medium","M4","Weak instrument",0
"mrggi","none","edge.fdr",300,"large","M0","T1 - T2 Edge Absent",19
"mrggi","none","edge.fdr",300,"large","M1","T1 - T2 Edge Absent",0
"mrggi","none","edge.fdr",300,"large","M2","T1 - T2 Edge Absent",17
"mrggi","none","edge.fdr",300,"large","M3","T1 - T2 Edge Absent",0
"mrggi","none","edge.fdr",300,"large","M4","T1 - T2 Edge Absent",0
"mrggi","none","edge.fdr",300,"large","M0","T1 - T2 Edge Present",0
"mrggi","none","edge.fdr",300,"large","M1","T1 - T2 Edge Present",20
"mrggi","none","edge.fdr",300,"large","M2","T1 - T2 Edge Present",1
"mrggi","none","edge.fdr",300,"large","M3","T1 - T2 Edge Present",19
"mrggi","none","edge.fdr",300,"large","M4","T1 - T2 Edge Present",19
"mrggi","none","edge.fdr",300,"large","M0","Weak instrument",1
"mrggi","none","edge.fdr",300,"large","M1","Weak instrument",0
"mrggi","none","edge.fdr",300,"large","M2","Weak instrument",2
"mrggi","none","edge.fdr",300,"large","M3","Weak instrument",1
"mrggi","none","edge.fdr",300,"large","M4","Weak instrument",1
"mrggi","none","edge.fdr",670,"all","M0","T1 - T2 Edge Absent",44
"mrggi","none","edge.fdr",670,"all","M1","T1 - T2 Edge Absent",14
"mrggi","none","edge.fdr",670,"all","M2","T1 - T2 Edge Absent",50
"mrggi","none","edge.fdr",670,"all","M3","T1 - T2 Edge Absent",0
"mrggi","none","edge.fdr",670,"all","M4","T1 - T2 Edge Absent",0
"mrggi","none","edge.fdr",670,"all","M0","T1 - T2 Edge Present",1
"mrggi","none","edge.fdr",670,"all","M1","T1 - T2 Edge Present",32
"mrggi","none","edge.fdr",670,"all","M2","T1 - T2 Edge Present",3
"mrggi","none","edge.fdr",670,"all","M3","T1 - T2 Edge Present",48
"mrggi","none","edge.fdr",670,"all","M4","T1 - T2 Edge Present",50
"mrggi","none","edge.fdr",670,"all","M0","Weak instrument",15
"mrggi","none","edge.fdr",670,"all","M1","Weak instrument",14
"mrggi","none","edge.fdr",670,"all","M2","Weak instrument",7
"mrggi","none","edge.fdr",670,"all","M3","Weak instrument",12
"mrggi","none","edge.fdr",670,"all","M4","Weak instrument",10
"mrggi","none","edge.fdr",670,"small","M0","T1 - T2 Edge Absent",9
"mrggi","none","edge.fdr",670,"small","M1","T1 - T2 Edge Absent",7
"mrggi","none","edge.fdr",670,"small","M2","T1 - T2 Edge Absent",12
"mrggi","none","edge.fdr",670,"small","M3","T1 - T2 Edge Absent",0
"mrggi","none","edge.fdr",670,"small","M4","T1 - T2 Edge Absent",0
"mrggi","none","edge.fdr",670,"small","M0","T1 - T2 Edge Present",0
"mrggi","none","edge.fdr",670,"small","M1","T1 - T2 Edge Present",1
"mrggi","none","edge.fdr",670,"small","M2","T1 - T2 Edge Present",1
"mrggi","none","edge.fdr",670,"small","M3","T1 - T2 Edge Present",10
"mrggi","none","edge.fdr",670,"small","M4","T1 - T2 Edge Present",11
"mrggi","none","edge.fdr",670,"small","M0","Weak instrument",11
"mrggi","none","edge.fdr",670,"small","M1","Weak instrument",12
"mrggi","none","edge.fdr",670,"small","M2","Weak instrument",7
"mrggi","none","edge.fdr",670,"small","M3","Weak instrument",10
"mrggi","none","edge.fdr",670,"small","M4","Weak instrument",9
"mrggi","none","edge.fdr",670,"medium","M0","T1 - T2 Edge Absent",16
"mrggi","none","edge.fdr",670,"medium","M1","T1 - T2 Edge Absent",7
"mrggi","none","edge.fdr",670,"medium","M2","T1 - T2 Edge Absent",20
"mrggi","none","edge.fdr",670,"medium","M3","T1 - T2 Edge Absent",0
"mrggi","none","edge.fdr",670,"medium","M4","T1 - T2 Edge Absent",0
"mrggi","none","edge.fdr",670,"medium","M0","T1 - T2 Edge Present",1
"mrggi","none","edge.fdr",670,"medium","M1","T1 - T2 Edge Present",11
"mrggi","none","edge.fdr",670,"medium","M2","T1 - T2 Edge Present",0
"mrggi","none","edge.fdr",670,"medium","M3","T1 - T2 Edge Present",18
"mrggi","none","edge.fdr",670,"medium","M4","T1 - T2 Edge Present",19
"mrggi","none","edge.fdr",670,"medium","M0","Weak instrument",3
"mrggi","none","edge.fdr",670,"medium","M1","Weak instrument",2
"mrggi","none","edge.fdr",670,"medium","M2","Weak instrument",0
"mrggi","none","edge.fdr",670,"medium","M3","Weak instrument",2
"mrggi","none","edge.fdr",670,"medium","M4","Weak instrument",1
"mrggi","none","edge.fdr",670,"large","M0","T1 - T2 Edge Absent",19
"mrggi","none","edge.fdr",670,"large","M1","T1 - T2 Edge Absent",0
"mrggi","none","edge.fdr",670,"large","M2","T1 - T2 Edge Absent",18
"mrggi","none","edge.fdr",670,"large","M3","T1 - T2 Edge Absent",0
"mrggi","none","edge.fdr",670,"large","M4","T1 - T2 Edge Absent",0
"mrggi","none","edge.fdr",670,"large","M0","T1 - T2 Edge Present",0
"mrggi","none","edge.fdr",670,"large","M1","T1 - T2 Edge Present",20
"mrggi","none","edge.fdr",670,"large","M2","T1 - T2 Edge Present",2
"mrggi","none","edge.fdr",670,"large","M3","T1 - T2 Edge Present",20
"mrggi","none","edge.fdr",670,"large","M4","T1 - T2 Edge Present",20
"mrggi","none","edge.fdr",670,"large","M0","Weak instrument",1
"mrggi","none","edge.fdr",670,"large","M1","Weak instrument",0
"mrggi","none","edge.fdr",670,"large","M2","Weak instrument",0
"mrggi","none","edge.fdr",670,"large","M3","Weak instrument",0
"mrggi","none","edge.fdr",670,"large","M4","Weak instrument",0
"mrggi","none","edge.fdr",1000,"all","M0","T1 - T2 Edge Absent",50
"mrggi","none","edge.fdr",1000,"all","M1","T1 - T2 Edge Absent",10
"mrggi","none","edge.fdr",1000,"all","M2","T1 - T2 Edge Absent",49
"mrggi","none","edge.fdr",1000,"all","M3","T1 - T2 Edge Absent",2
"mrggi","none","edge.fdr",1000,"all","M4","T1 - T2 Edge Absent",1
"mrggi","none","edge.fdr",1000,"all","M0","T1 - T2 Edge Present",2
"mrggi","none","edge.fdr",1000,"all","M1","T1 - T2 Edge Present",40
"mrggi","none","edge.fdr",1000,"all","M2","T1 - T2 Edge Present",1
"mrggi","none","edge.fdr",1000,"all","M3","T1 - T2 Edge Present",51
"mrggi","none","edge.fdr",1000,"all","M4","T1 - T2 Edge Present",48
"mrggi","none","edge.fdr",1000,"all","M0","Weak instrument",8
"mrggi","none","edge.fdr",1000,"all","M1","Weak instrument",10
"mrggi","none","edge.fdr",1000,"all","M2","Weak instrument",10
"mrggi","none","edge.fdr",1000,"all","M3","Weak instrument",7
"mrggi","none","edge.fdr",1000,"all","M4","Weak instrument",11
"mrggi","none","edge.fdr",1000,"small","M0","T1 - T2 Edge Absent",11
"mrggi","none","edge.fdr",1000,"small","M1","T1 - T2 Edge Absent",8
"mrggi","none","edge.fdr",1000,"small","M2","T1 - T2 Edge Absent",10
"mrggi","none","edge.fdr",1000,"small","M3","T1 - T2 Edge Absent",2
"mrggi","none","edge.fdr",1000,"small","M4","T1 - T2 Edge Absent",1
"mrggi","none","edge.fdr",1000,"small","M0","T1 - T2 Edge Present",1
"mrggi","none","edge.fdr",1000,"small","M1","T1 - T2 Edge Present",3
"mrggi","none","edge.fdr",1000,"small","M2","T1 - T2 Edge Present",0
"mrggi","none","edge.fdr",1000,"small","M3","T1 - T2 Edge Present",13
"mrggi","none","edge.fdr",1000,"small","M4","T1 - T2 Edge Present",9
"mrggi","none","edge.fdr",1000,"small","M0","Weak instrument",8
"mrggi","none","edge.fdr",1000,"small","M1","Weak instrument",9
"mrggi","none","edge.fdr",1000,"small","M2","Weak instrument",10
"mrggi","none","edge.fdr",1000,"small","M3","Weak instrument",5
"mrggi","none","edge.fdr",1000,"small","M4","Weak instrument",10
"mrggi","none","edge.fdr",1000,"medium","M0","T1 - T2 Edge Absent",20
"mrggi","none","edge.fdr",1000,"medium","M1","T1 - T2 Edge Absent",2
"mrggi","none","edge.fdr",1000,"medium","M2","T1 - T2 Edge Absent",19
"mrggi","none","edge.fdr",1000,"medium","M3","T1 - T2 Edge Absent",0
"mrggi","none","edge.fdr",1000,"medium","M4","T1 - T2 Edge Absent",0
"mrggi","none","edge.fdr",1000,"medium","M0","T1 - T2 Edge Present",0
"mrggi","none","edge.fdr",1000,"medium","M1","T1 - T2 Edge Present",17
"mrggi","none","edge.fdr",1000,"medium","M2","T1 - T2 Edge Present",1
"mrggi","none","edge.fdr",1000,"medium","M3","T1 - T2 Edge Present",18
"mrggi","none","edge.fdr",1000,"medium","M4","T1 - T2 Edge Present",19
"mrggi","none","edge.fdr",1000,"medium","M0","Weak instrument",0
"mrggi","none","edge.fdr",1000,"medium","M1","Weak instrument",1
"mrggi","none","edge.fdr",1000,"medium","M2","Weak instrument",0
"mrggi","none","edge.fdr",1000,"medium","M3","Weak instrument",2
"mrggi","none","edge.fdr",1000,"medium","M4","Weak instrument",1
"mrggi","none","edge.fdr",1000,"large","M0","T1 - T2 Edge Absent",19
"mrggi","none","edge.fdr",1000,"large","M1","T1 - T2 Edge Absent",0
"mrggi","none","edge.fdr",1000,"large","M2","T1 - T2 Edge Absent",20
"mrggi","none","edge.fdr",1000,"large","M3","T1 - T2 Edge Absent",0
"mrggi","none","edge.fdr",1000,"large","M4","T1 - T2 Edge Absent",0
"mrggi","none","edge.fdr",1000,"large","M0","T1 - T2 Edge Present",1
"mrggi","none","edge.fdr",1000,"large","M1","T1 - T2 Edge Present",20
"mrggi","none","edge.fdr",1000,"large","M2","T1 - T2 Edge Present",0
"mrggi","none","edge.fdr",1000,"large","M3","T1 - T2 Edge Present",20
"mrggi","none","edge.fdr",1000,"large","M4","T1 - T2 Edge Present",20
"mrggi","none","edge.fdr",1000,"large","M0","Weak instrument",0
"mrggi","none","edge.fdr",1000,"large","M1","Weak instrument",0
"mrggi","none","edge.fdr",1000,"large","M2","Weak instrument",0
"mrggi","none","edge.fdr",1000,"large","M3","Weak instrument",0
"mrggi","none","edge.fdr",1000,"large","M4","Weak instrument",0
"mrggi","truth","edge.fdr",50,"all","M0","T1 - T2 Edge Absent",18
"mrggi","truth","edge.fdr",50,"all","M1","T1 - T2 Edge Absent",12
"mrggi","truth","edge.fdr",50,"all","M2","T1 - T2 Edge Absent",19
"mrggi","truth","edge.fdr",50,"all","M3","T1 - T2 Edge Absent",4
"mrggi","truth","edge.fdr",50,"all","M4","T1 - T2 Edge Absent",3
"mrggi","truth","edge.fdr",50,"all","M0","T1 - T2 Edge Present",1
"mrggi","truth","edge.fdr",50,"all","M1","T1 - T2 Edge Present",7
"mrggi","truth","edge.fdr",50,"all","M2","T1 - T2 Edge Present",0
"mrggi","truth","edge.fdr",50,"all","M3","T1 - T2 Edge Present",13
"mrggi","truth","edge.fdr",50,"all","M4","T1 - T2 Edge Present",13
"mrggi","truth","edge.fdr",50,"all","M0","Weak instrument",41
"mrggi","truth","edge.fdr",50,"all","M1","Weak instrument",41
"mrggi","truth","edge.fdr",50,"all","M2","Weak instrument",41
"mrggi","truth","edge.fdr",50,"all","M3","Weak instrument",43
"mrggi","truth","edge.fdr",50,"all","M4","Weak instrument",44
"mrggi","truth","edge.fdr",50,"small","M0","T1 - T2 Edge Absent",0
"mrggi","truth","edge.fdr",50,"small","M1","T1 - T2 Edge Absent",0
"mrggi","truth","edge.fdr",50,"small","M2","T1 - T2 Edge Absent",0
"mrggi","truth","edge.fdr",50,"small","M3","T1 - T2 Edge Absent",0
"mrggi","truth","edge.fdr",50,"small","M4","T1 - T2 Edge Absent",0
"mrggi","truth","edge.fdr",50,"small","M0","T1 - T2 Edge Present",0
"mrggi","truth","edge.fdr",50,"small","M1","T1 - T2 Edge Present",0
"mrggi","truth","edge.fdr",50,"small","M2","T1 - T2 Edge Present",0
"mrggi","truth","edge.fdr",50,"small","M3","T1 - T2 Edge Present",0
"mrggi","truth","edge.fdr",50,"small","M4","T1 - T2 Edge Present",0
"mrggi","truth","edge.fdr",50,"small","M0","Weak instrument",20
"mrggi","truth","edge.fdr",50,"small","M1","Weak instrument",20
"mrggi","truth","edge.fdr",50,"small","M2","Weak instrument",20
"mrggi","truth","edge.fdr",50,"small","M3","Weak instrument",20
"mrggi","truth","edge.fdr",50,"small","M4","Weak instrument",20
"mrggi","truth","edge.fdr",50,"medium","M0","T1 - T2 Edge Absent",3
"mrggi","truth","edge.fdr",50,"medium","M1","T1 - T2 Edge Absent",5
"mrggi","truth","edge.fdr",50,"medium","M2","T1 - T2 Edge Absent",8
"mrggi","truth","edge.fdr",50,"medium","M3","T1 - T2 Edge Absent",2
"mrggi","truth","edge.fdr",50,"medium","M4","T1 - T2 Edge Absent",3
"mrggi","truth","edge.fdr",50,"medium","M0","T1 - T2 Edge Present",1
"mrggi","truth","edge.fdr",50,"medium","M1","T1 - T2 Edge Present",1
"mrggi","truth","edge.fdr",50,"medium","M2","T1 - T2 Edge Present",0
"mrggi","truth","edge.fdr",50,"medium","M3","T1 - T2 Edge Present",2
"mrggi","truth","edge.fdr",50,"medium","M4","T1 - T2 Edge Present",1
"mrggi","truth","edge.fdr",50,"medium","M0","Weak instrument",16
"mrggi","truth","edge.fdr",50,"medium","M1","Weak instrument",14
"mrggi","truth","edge.fdr",50,"medium","M2","Weak instrument",12
"mrggi","truth","edge.fdr",50,"medium","M3","Weak instrument",16
"mrggi","truth","edge.fdr",50,"medium","M4","Weak instrument",16
"mrggi","truth","edge.fdr",50,"large","M0","T1 - T2 Edge Absent",15
"mrggi","truth","edge.fdr",50,"large","M1","T1 - T2 Edge Absent",7
"mrggi","truth","edge.fdr",50,"large","M2","T1 - T2 Edge Absent",11
"mrggi","truth","edge.fdr",50,"large","M3","T1 - T2 Edge Absent",2
"mrggi","truth","edge.fdr",50,"large","M4","T1 - T2 Edge Absent",0
"mrggi","truth","edge.fdr",50,"large","M0","T1 - T2 Edge Present",0
"mrggi","truth","edge.fdr",50,"large","M1","T1 - T2 Edge Present",6
"mrggi","truth","edge.fdr",50,"large","M2","T1 - T2 Edge Present",0
"mrggi","truth","edge.fdr",50,"large","M3","T1 - T2 Edge Present",11
"mrggi","truth","edge.fdr",50,"large","M4","T1 - T2 Edge Present",12
"mrggi","truth","edge.fdr",50,"large","M0","Weak instrument",5
"mrggi","truth","edge.fdr",50,"large","M1","Weak instrument",7
"mrggi","truth","edge.fdr",50,"large","M2","Weak instrument",9
"mrggi","truth","edge.fdr",50,"large","M3","Weak instrument",7
"mrggi","truth","edge.fdr",50,"large","M4","Weak instrument",8
"mrggi","truth","edge.fdr",150,"all","M0","T1 - T2 Edge Absent",36
"mrggi","truth","edge.fdr",150,"all","M1","T1 - T2 Edge Absent",9
"mrggi","truth","edge.fdr",150,"all","M2","T1 - T2 Edge Absent",26
"mrggi","truth","edge.fdr",150,"all","M3","T1 - T2 Edge Absent",3
"mrggi","truth","edge.fdr",150,"all","M4","T1 - T2 Edge Absent",1
"mrggi","truth","edge.fdr",150,"all","M0","T1 - T2 Edge Present",0
"mrggi","truth","edge.fdr",150,"all","M1","T1 - T2 Edge Present",17
"mrggi","truth","edge.fdr",150,"all","M2","T1 - T2 Edge Present",0
"mrggi","truth","edge.fdr",150,"all","M3","T1 - T2 Edge Present",32
"mrggi","truth","edge.fdr",150,"all","M4","T1 - T2 Edge Present",34
"mrggi","truth","edge.fdr",150,"all","M0","Weak instrument",24
"mrggi","truth","edge.fdr",150,"all","M1","Weak instrument",34
"mrggi","truth","edge.fdr",150,"all","M2","Weak instrument",34
"mrggi","truth","edge.fdr",150,"all","M3","Weak instrument",25
"mrggi","truth","edge.fdr",150,"all","M4","Weak instrument",25
"mrggi","truth","edge.fdr",150,"small","M0","T1 - T2 Edge Absent",0
"mrggi","truth","edge.fdr",150,"small","M1","T1 - T2 Edge Absent",3
"mrggi","truth","edge.fdr",150,"small","M2","T1 - T2 Edge Absent",0
"mrggi","truth","edge.fdr",150,"small","M3","T1 - T2 Edge Absent",0
"mrggi","truth","edge.fdr",150,"small","M4","T1 - T2 Edge Absent",1
"mrggi","truth","edge.fdr",150,"small","M0","T1 - T2 Edge Present",0
"mrggi","truth","edge.fdr",150,"small","M1","T1 - T2 Edge Present",0
"mrggi","truth","edge.fdr",150,"small","M2","T1 - T2 Edge Present",0
"mrggi","truth","edge.fdr",150,"small","M3","T1 - T2 Edge Present",1
"mrggi","truth","edge.fdr",150,"small","M4","T1 - T2 Edge Present",1
"mrggi","truth","edge.fdr",150,"small","M0","Weak instrument",20
"mrggi","truth","edge.fdr",150,"small","M1","Weak instrument",17
"mrggi","truth","edge.fdr",150,"small","M2","Weak instrument",20
"mrggi","truth","edge.fdr",150,"small","M3","Weak instrument",19
"mrggi","truth","edge.fdr",150,"small","M4","Weak instrument",18
"mrggi","truth","edge.fdr",150,"medium","M0","T1 - T2 Edge Absent",16
"mrggi","truth","edge.fdr",150,"medium","M1","T1 - T2 Edge Absent",5
"mrggi","truth","edge.fdr",150,"medium","M2","T1 - T2 Edge Absent",9
"mrggi","truth","edge.fdr",150,"medium","M3","T1 - T2 Edge Absent",3
"mrggi","truth","edge.fdr",150,"medium","M4","T1 - T2 Edge Absent",0
"mrggi","truth","edge.fdr",150,"medium","M0","T1 - T2 Edge Present",0
"mrggi","truth","edge.fdr",150,"medium","M1","T1 - T2 Edge Present",1
"mrggi","truth","edge.fdr",150,"medium","M2","T1 - T2 Edge Present",0
"mrggi","truth","edge.fdr",150,"medium","M3","T1 - T2 Edge Present",12
"mrggi","truth","edge.fdr",150,"medium","M4","T1 - T2 Edge Present",15
"mrggi","truth","edge.fdr",150,"medium","M0","Weak instrument",4
"mrggi","truth","edge.fdr",150,"medium","M1","Weak instrument",14
"mrggi","truth","edge.fdr",150,"medium","M2","Weak instrument",11
"mrggi","truth","edge.fdr",150,"medium","M3","Weak instrument",5
"mrggi","truth","edge.fdr",150,"medium","M4","Weak instrument",5
"mrggi","truth","edge.fdr",150,"large","M0","T1 - T2 Edge Absent",20
"mrggi","truth","edge.fdr",150,"large","M1","T1 - T2 Edge Absent",1
"mrggi","truth","edge.fdr",150,"large","M2","T1 - T2 Edge Absent",17
"mrggi","truth","edge.fdr",150,"large","M3","T1 - T2 Edge Absent",0
"mrggi","truth","edge.fdr",150,"large","M4","T1 - T2 Edge Absent",0
"mrggi","truth","edge.fdr",150,"large","M0","T1 - T2 Edge Present",0
"mrggi","truth","edge.fdr",150,"large","M1","T1 - T2 Edge Present",16
"mrggi","truth","edge.fdr",150,"large","M2","T1 - T2 Edge Present",0
"mrggi","truth","edge.fdr",150,"large","M3","T1 - T2 Edge Present",19
"mrggi","truth","edge.fdr",150,"large","M4","T1 - T2 Edge Present",18
"mrggi","truth","edge.fdr",150,"large","M0","Weak instrument",0
"mrggi","truth","edge.fdr",150,"large","M1","Weak instrument",3
"mrggi","truth","edge.fdr",150,"large","M2","Weak instrument",3
"mrggi","truth","edge.fdr",150,"large","M3","Weak instrument",1
"mrggi","truth","edge.fdr",150,"large","M4","Weak instrument",2
"mrggi","truth","edge.fdr",300,"all","M0","T1 - T2 Edge Absent",43
"mrggi","truth","edge.fdr",300,"all","M1","T1 - T2 Edge Absent",21
"mrggi","truth","edge.fdr",300,"all","M2","T1 - T2 Edge Absent",37
"mrggi","truth","edge.fdr",300,"all","M3","T1 - T2 Edge Absent",3
"mrggi","truth","edge.fdr",300,"all","M4","T1 - T2 Edge Absent",0
"mrggi","truth","edge.fdr",300,"all","M0","T1 - T2 Edge Present",0
"mrggi","truth","edge.fdr",300,"all","M1","T1 - T2 Edge Present",22
"mrggi","truth","edge.fdr",300,"all","M2","T1 - T2 Edge Present",0
"mrggi","truth","edge.fdr",300,"all","M3","T1 - T2 Edge Present",37
"mrggi","truth","edge.fdr",300,"all","M4","T1 - T2 Edge Present",42
"mrggi","truth","edge.fdr",300,"all","M0","Weak instrument",17
"mrggi","truth","edge.fdr",300,"all","M1","Weak instrument",17
"mrggi","truth","edge.fdr",300,"all","M2","Weak instrument",23
"mrggi","truth","edge.fdr",300,"all","M3","Weak instrument",20
"mrggi","truth","edge.fdr",300,"all","M4","Weak instrument",18
"mrggi","truth","edge.fdr",300,"small","M0","T1 - T2 Edge Absent",10
"mrggi","truth","edge.fdr",300,"small","M1","T1 - T2 Edge Absent",5
"mrggi","truth","edge.fdr",300,"small","M2","T1 - T2 Edge Absent",3
"mrggi","truth","edge.fdr",300,"small","M3","T1 - T2 Edge Absent",1
"mrggi","truth","edge.fdr",300,"small","M4","T1 - T2 Edge Absent",0
"mrggi","truth","edge.fdr",300,"small","M0","T1 - T2 Edge Present",0
"mrggi","truth","edge.fdr",300,"small","M1","T1 - T2 Edge Present",0
"mrggi","truth","edge.fdr",300,"small","M2","T1 - T2 Edge Present",0
"mrggi","truth","edge.fdr",300,"small","M3","T1 - T2 Edge Present",2
"mrggi","truth","edge.fdr",300,"small","M4","T1 - T2 Edge Present",3
"mrggi","truth","edge.fdr",300,"small","M0","Weak instrument",10
"mrggi","truth","edge.fdr",300,"small","M1","Weak instrument",15
"mrggi","truth","edge.fdr",300,"small","M2","Weak instrument",17
"mrggi","truth","edge.fdr",300,"small","M3","Weak instrument",17
"mrggi","truth","edge.fdr",300,"small","M4","Weak instrument",17
"mrggi","truth","edge.fdr",300,"medium","M0","T1 - T2 Edge Absent",14
"mrggi","truth","edge.fdr",300,"medium","M1","T1 - T2 Edge Absent",11
"mrggi","truth","edge.fdr",300,"medium","M2","T1 - T2 Edge Absent",16
"mrggi","truth","edge.fdr",300,"medium","M3","T1 - T2 Edge Absent",1
"mrggi","truth","edge.fdr",300,"medium","M4","T1 - T2 Edge Absent",0
"mrggi","truth","edge.fdr",300,"medium","M0","T1 - T2 Edge Present",0
"mrggi","truth","edge.fdr",300,"medium","M1","T1 - T2 Edge Present",7
"mrggi","truth","edge.fdr",300,"medium","M2","T1 - T2 Edge Present",0
"mrggi","truth","edge.fdr",300,"medium","M3","T1 - T2 Edge Present",17
"mrggi","truth","edge.fdr",300,"medium","M4","T1 - T2 Edge Present",20
"mrggi","truth","edge.fdr",300,"medium","M0","Weak instrument",6
"mrggi","truth","edge.fdr",300,"medium","M1","Weak instrument",2
"mrggi","truth","edge.fdr",300,"medium","M2","Weak instrument",4
"mrggi","truth","edge.fdr",300,"medium","M3","Weak instrument",2
"mrggi","truth","edge.fdr",300,"medium","M4","Weak instrument",0
"mrggi","truth","edge.fdr",300,"large","M0","T1 - T2 Edge Absent",19
"mrggi","truth","edge.fdr",300,"large","M1","T1 - T2 Edge Absent",5
"mrggi","truth","edge.fdr",300,"large","M2","T1 - T2 Edge Absent",18
"mrggi","truth","edge.fdr",300,"large","M3","T1 - T2 Edge Absent",1
"mrggi","truth","edge.fdr",300,"large","M4","T1 - T2 Edge Absent",0
"mrggi","truth","edge.fdr",300,"large","M0","T1 - T2 Edge Present",0
"mrggi","truth","edge.fdr",300,"large","M1","T1 - T2 Edge Present",15
"mrggi","truth","edge.fdr",300,"large","M2","T1 - T2 Edge Present",0
"mrggi","truth","edge.fdr",300,"large","M3","T1 - T2 Edge Present",18
"mrggi","truth","edge.fdr",300,"large","M4","T1 - T2 Edge Present",19
"mrggi","truth","edge.fdr",300,"large","M0","Weak instrument",1
"mrggi","truth","edge.fdr",300,"large","M1","Weak instrument",0
"mrggi","truth","edge.fdr",300,"large","M2","Weak instrument",2
"mrggi","truth","edge.fdr",300,"large","M3","Weak instrument",1
"mrggi","truth","edge.fdr",300,"large","M4","Weak instrument",1
"mrggi","truth","edge.fdr",670,"all","M0","T1 - T2 Edge Absent",45
"mrggi","truth","edge.fdr",670,"all","M1","T1 - T2 Edge Absent",21
"mrggi","truth","edge.fdr",670,"all","M2","T1 - T2 Edge Absent",53
"mrggi","truth","edge.fdr",670,"all","M3","T1 - T2 Edge Absent",0
"mrggi","truth","edge.fdr",670,"all","M4","T1 - T2 Edge Absent",1
"mrggi","truth","edge.fdr",670,"all","M0","T1 - T2 Edge Present",0
"mrggi","truth","edge.fdr",670,"all","M1","T1 - T2 Edge Present",25
"mrggi","truth","edge.fdr",670,"all","M2","T1 - T2 Edge Present",0
"mrggi","truth","edge.fdr",670,"all","M3","T1 - T2 Edge Present",48
"mrggi","truth","edge.fdr",670,"all","M4","T1 - T2 Edge Present",49
"mrggi","truth","edge.fdr",670,"all","M0","Weak instrument",15
"mrggi","truth","edge.fdr",670,"all","M1","Weak instrument",14
"mrggi","truth","edge.fdr",670,"all","M2","Weak instrument",7
"mrggi","truth","edge.fdr",670,"all","M3","Weak instrument",12
"mrggi","truth","edge.fdr",670,"all","M4","Weak instrument",10
"mrggi","truth","edge.fdr",670,"small","M0","T1 - T2 Edge Absent",9
"mrggi","truth","edge.fdr",670,"small","M1","T1 - T2 Edge Absent",8
"mrggi","truth","edge.fdr",670,"small","M2","T1 - T2 Edge Absent",13
"mrggi","truth","edge.fdr",670,"small","M3","T1 - T2 Edge Absent",0
"mrggi","truth","edge.fdr",670,"small","M4","T1 - T2 Edge Absent",1
"mrggi","truth","edge.fdr",670,"small","M0","T1 - T2 Edge Present",0
"mrggi","truth","edge.fdr",670,"small","M1","T1 - T2 Edge Present",0
"mrggi","truth","edge.fdr",670,"small","M2","T1 - T2 Edge Present",0
"mrggi","truth","edge.fdr",670,"small","M3","T1 - T2 Edge Present",10
"mrggi","truth","edge.fdr",670,"small","M4","T1 - T2 Edge Present",10
"mrggi","truth","edge.fdr",670,"small","M0","Weak instrument",11
"mrggi","truth","edge.fdr",670,"small","M1","Weak instrument",12
"mrggi","truth","edge.fdr",670,"small","M2","Weak instrument",7
"mrggi","truth","edge.fdr",670,"small","M3","Weak instrument",10
"mrggi","truth","edge.fdr",670,"small","M4","Weak instrument",9
"mrggi","truth","edge.fdr",670,"medium","M0","T1 - T2 Edge Absent",17
"mrggi","truth","edge.fdr",670,"medium","M1","T1 - T2 Edge Absent",12
"mrggi","truth","edge.fdr",670,"medium","M2","T1 - T2 Edge Absent",20
"mrggi","truth","edge.fdr",670,"medium","M3","T1 - T2 Edge Absent",0
"mrggi","truth","edge.fdr",670,"medium","M4","T1 - T2 Edge Absent",0
"mrggi","truth","edge.fdr",670,"medium","M0","T1 - T2 Edge Present",0
"mrggi","truth","edge.fdr",670,"medium","M1","T1 - T2 Edge Present",6
"mrggi","truth","edge.fdr",670,"medium","M2","T1 - T2 Edge Present",0
"mrggi","truth","edge.fdr",670,"medium","M3","T1 - T2 Edge Present",18
"mrggi","truth","edge.fdr",670,"medium","M4","T1 - T2 Edge Present",19
"mrggi","truth","edge.fdr",670,"medium","M0","Weak instrument",3
"mrggi","truth","edge.fdr",670,"medium","M1","Weak instrument",2
"mrggi","truth","edge.fdr",670,"medium","M2","Weak instrument",0
"mrggi","truth","edge.fdr",670,"medium","M3","Weak instrument",2
"mrggi","truth","edge.fdr",670,"medium","M4","Weak instrument",1
"mrggi","truth","edge.fdr",670,"large","M0","T1 - T2 Edge Absent",19
"mrggi","truth","edge.fdr",670,"large","M1","T1 - T2 Edge Absent",1
"mrggi","truth","edge.fdr",670,"large","M2","T1 - T2 Edge Absent",20
"mrggi","truth","edge.fdr",670,"large","M3","T1 - T2 Edge Absent",0
"mrggi","truth","edge.fdr",670,"large","M4","T1 - T2 Edge Absent",0
"mrggi","truth","edge.fdr",670,"large","M0","T1 - T2 Edge Present",0
"mrggi","truth","edge.fdr",670,"large","M1","T1 - T2 Edge Present",19
"mrggi","truth","edge.fdr",670,"large","M2","T1 - T2 Edge Present",0
"mrggi","truth","edge.fdr",670,"large","M3","T1 - T2 Edge Present",20
"mrggi","truth","edge.fdr",670,"large","M4","T1 - T2 Edge Present",20
"mrggi","truth","edge.fdr",670,"large","M0","Weak instrument",1
"mrggi","truth","edge.fdr",670,"large","M1","Weak instrument",0
"mrggi","truth","edge.fdr",670,"large","M2","Weak instrument",0
"mrggi","truth","edge.fdr",670,"large","M3","Weak instrument",0
"mrggi","truth","edge.fdr",670,"large","M4","Weak instrument",0
"mrggi","truth","edge.fdr",1000,"all","M0","T1 - T2 Edge Absent",52
"mrggi","truth","edge.fdr",1000,"all","M1","T1 - T2 Edge Absent",18
"mrggi","truth","edge.fdr",1000,"all","M2","T1 - T2 Edge Absent",50
"mrggi","truth","edge.fdr",1000,"all","M3","T1 - T2 Edge Absent",7
"mrggi","truth","edge.fdr",1000,"all","M4","T1 - T2 Edge Absent",1
"mrggi","truth","edge.fdr",1000,"all","M0","T1 - T2 Edge Present",0
"mrggi","truth","edge.fdr",1000,"all","M1","T1 - T2 Edge Present",32
"mrggi","truth","edge.fdr",1000,"all","M2","T1 - T2 Edge Present",0
"mrggi","truth","edge.fdr",1000,"all","M3","T1 - T2 Edge Present",46
"mrggi","truth","edge.fdr",1000,"all","M4","T1 - T2 Edge Present",48
"mrggi","truth","edge.fdr",1000,"all","M0","Weak instrument",8
"mrggi","truth","edge.fdr",1000,"all","M1","Weak instrument",10
"mrggi","truth","edge.fdr",1000,"all","M2","Weak instrument",10
"mrggi","truth","edge.fdr",1000,"all","M3","Weak instrument",7
"mrggi","truth","edge.fdr",1000,"all","M4","Weak instrument",11
"mrggi","truth","edge.fdr",1000,"small","M0","T1 - T2 Edge Absent",12
"mrggi","truth","edge.fdr",1000,"small","M1","T1 - T2 Edge Absent",11
"mrggi","truth","edge.fdr",1000,"small","M2","T1 - T2 Edge Absent",10
"mrggi","truth","edge.fdr",1000,"small","M3","T1 - T2 Edge Absent",6
"mrggi","truth","edge.fdr",1000,"small","M4","T1 - T2 Edge Absent",1
"mrggi","truth","edge.fdr",1000,"small","M0","T1 - T2 Edge Present",0
"mrggi","truth","edge.fdr",1000,"small","M1","T1 - T2 Edge Present",0
"mrggi","truth","edge.fdr",1000,"small","M2","T1 - T2 Edge Present",0
"mrggi","truth","edge.fdr",1000,"small","M3","T1 - T2 Edge Present",9
"mrggi","truth","edge.fdr",1000,"small","M4","T1 - T2 Edge Present",9
"mrggi","truth","edge.fdr",1000,"small","M0","Weak instrument",8
"mrggi","truth","edge.fdr",1000,"small","M1","Weak instrument",9
"mrggi","truth","edge.fdr",1000,"small","M2","Weak instrument",10
"mrggi","truth","edge.fdr",1000,"small","M3","Weak instrument",5
"mrggi","truth","edge.fdr",1000,"small","M4","Weak instrument",10
"mrggi","truth","edge.fdr",1000,"medium","M0","T1 - T2 Edge Absent",20
"mrggi","truth","edge.fdr",1000,"medium","M1","T1 - T2 Edge Absent",6
"mrggi","truth","edge.fdr",1000,"medium","M2","T1 - T2 Edge Absent",20
"mrggi","truth","edge.fdr",1000,"medium","M3","T1 - T2 Edge Absent",1
"mrggi","truth","edge.fdr",1000,"medium","M4","T1 - T2 Edge Absent",0
"mrggi","truth","edge.fdr",1000,"medium","M0","T1 - T2 Edge Present",0
"mrggi","truth","edge.fdr",1000,"medium","M1","T1 - T2 Edge Present",13
"mrggi","truth","edge.fdr",1000,"medium","M2","T1 - T2 Edge Present",0
"mrggi","truth","edge.fdr",1000,"medium","M3","T1 - T2 Edge Present",17
"mrggi","truth","edge.fdr",1000,"medium","M4","T1 - T2 Edge Present",19
"mrggi","truth","edge.fdr",1000,"medium","M0","Weak instrument",0
"mrggi","truth","edge.fdr",1000,"medium","M1","Weak instrument",1
"mrggi","truth","edge.fdr",1000,"medium","M2","Weak instrument",0
"mrggi","truth","edge.fdr",1000,"medium","M3","Weak instrument",2
"mrggi","truth","edge.fdr",1000,"medium","M4","Weak instrument",1
"mrggi","truth","edge.fdr",1000,"large","M0","T1 - T2 Edge Absent",20
"mrggi","truth","edge.fdr",1000,"large","M1","T1 - T2 Edge Absent",1
"mrggi","truth","edge.fdr",1000,"large","M2","T1 - T2 Edge Absent",20
"mrggi","truth","edge.fdr",1000,"large","M3","T1 - T2 Edge Absent",0
"mrggi","truth","edge.fdr",1000,"large","M4","T1 - T2 Edge Absent",0
"mrggi","truth","edge.fdr",1000,"large","M0","T1 - T2 Edge Present",0
"mrggi","truth","edge.fdr",1000,"large","M1","T1 - T2 Edge Present",19
"mrggi","truth","edge.fdr",1000,"large","M2","T1 - T2 Edge Present",0
"mrggi","truth","edge.fdr",1000,"large","M3","T1 - T2 Edge Present",20
"mrggi","truth","edge.fdr",1000,"large","M4","T1 - T2 Edge Present",20
"mrggi","truth","edge.fdr",1000,"large","M0","Weak instrument",0
"mrggi","truth","edge.fdr",1000,"large","M1","Weak instrument",0
"mrggi","truth","edge.fdr",1000,"large","M2","Weak instrument",0
"mrggi","truth","edge.fdr",1000,"large","M3","Weak instrument",0
"mrggi","truth","edge.fdr",1000,"large","M4","Weak instrument",0
"mrggi","CSq","edge.fdr",50,"all","M0","T1 - T2 Edge Absent",18
"mrggi","CSq","edge.fdr",50,"all","M1","T1 - T2 Edge Absent",8
"mrggi","CSq","edge.fdr",50,"all","M2","T1 - T2 Edge Absent",17
"mrggi","CSq","edge.fdr",50,"all","M3","T1 - T2 Edge Absent",3
"mrggi","CSq","edge.fdr",50,"all","M4","T1 - T2 Edge Absent",0
"mrggi","CSq","edge.fdr",50,"all","M0","T1 - T2 Edge Present",1
"mrggi","CSq","edge.fdr",50,"all","M1","T1 - T2 Edge Present",11
"mrggi","CSq","edge.fdr",50,"all","M2","T1 - T2 Edge Present",2
"mrggi","CSq","edge.fdr",50,"all","M3","T1 - T2 Edge Present",14
"mrggi","CSq","edge.fdr",50,"all","M4","T1 - T2 Edge Present",16
"mrggi","CSq","edge.fdr",50,"all","M0","Weak instrument",41
"mrggi","CSq","edge.fdr",50,"all","M1","Weak instrument",41
"mrggi","CSq","edge.fdr",50,"all","M2","Weak instrument",41
"mrggi","CSq","edge.fdr",50,"all","M3","Weak instrument",43
"mrggi","CSq","edge.fdr",50,"all","M4","Weak instrument",44
"mrggi","CSq","edge.fdr",50,"small","M0","T1 - T2 Edge Absent",0
"mrggi","CSq","edge.fdr",50,"small","M1","T1 - T2 Edge Absent",0
"mrggi","CSq","edge.fdr",50,"small","M2","T1 - T2 Edge Absent",0
"mrggi","CSq","edge.fdr",50,"small","M3","T1 - T2 Edge Absent",0
"mrggi","CSq","edge.fdr",50,"small","M4","T1 - T2 Edge Absent",0
"mrggi","CSq","edge.fdr",50,"small","M0","T1 - T2 Edge Present",0
"mrggi","CSq","edge.fdr",50,"small","M1","T1 - T2 Edge Present",0
"mrggi","CSq","edge.fdr",50,"small","M2","T1 - T2 Edge Present",0
"mrggi","CSq","edge.fdr",50,"small","M3","T1 - T2 Edge Present",0
"mrggi","CSq","edge.fdr",50,"small","M4","T1 - T2 Edge Present",0
"mrggi","CSq","edge.fdr",50,"small","M0","Weak instrument",20
"mrggi","CSq","edge.fdr",50,"small","M1","Weak instrument",20
"mrggi","CSq","edge.fdr",50,"small","M2","Weak instrument",20
"mrggi","CSq","edge.fdr",50,"small","M3","Weak instrument",20
"mrggi","CSq","edge.fdr",50,"small","M4","Weak instrument",20
"mrggi","CSq","edge.fdr",50,"medium","M0","T1 - T2 Edge Absent",3
"mrggi","CSq","edge.fdr",50,"medium","M1","T1 - T2 Edge Absent",5
"mrggi","CSq","edge.fdr",50,"medium","M2","T1 - T2 Edge Absent",7
"mrggi","CSq","edge.fdr",50,"medium","M3","T1 - T2 Edge Absent",1
"mrggi","CSq","edge.fdr",50,"medium","M4","T1 - T2 Edge Absent",0
"mrggi","CSq","edge.fdr",50,"medium","M0","T1 - T2 Edge Present",1
"mrggi","CSq","edge.fdr",50,"medium","M1","T1 - T2 Edge Present",1
"mrggi","CSq","edge.fdr",50,"medium","M2","T1 - T2 Edge Present",1
"mrggi","CSq","edge.fdr",50,"medium","M3","T1 - T2 Edge Present",3
"mrggi","CSq","edge.fdr",50,"medium","M4","T1 - T2 Edge Present",4
"mrggi","CSq","edge.fdr",50,"medium","M0","Weak instrument",16
"mrggi","CSq","edge.fdr",50,"medium","M1","Weak instrument",14
"mrggi","CSq","edge.fdr",50,"medium","M2","Weak instrument",12
"mrggi","CSq","edge.fdr",50,"medium","M3","Weak instrument",16
"mrggi","CSq","edge.fdr",50,"medium","M4","Weak instrument",16
"mrggi","CSq","edge.fdr",50,"large","M0","T1 - T2 Edge Absent",15
"mrggi","CSq","edge.fdr",50,"large","M1","T1 - T2 Edge Absent",3
"mrggi","CSq","edge.fdr",50,"large","M2","T1 - T2 Edge Absent",10
"mrggi","CSq","edge.fdr",50,"large","M3","T1 - T2 Edge Absent",2
"mrggi","CSq","edge.fdr",50,"large","M4","T1 - T2 Edge Absent",0
"mrggi","CSq","edge.fdr",50,"large","M0","T1 - T2 Edge Present",0
"mrggi","CSq","edge.fdr",50,"large","M1","T1 - T2 Edge Present",10
"mrggi","CSq","edge.fdr",50,"large","M2","T1 - T2 Edge Present",1
"mrggi","CSq","edge.fdr",50,"large","M3","T1 - T2 Edge Present",11
"mrggi","CSq","edge.fdr",50,"large","M4","T1 - T2 Edge Present",12
"mrggi","CSq","edge.fdr",50,"large","M0","Weak instrument",5
"mrggi","CSq","edge.fdr",50,"large","M1","Weak instrument",7
"mrggi","CSq","edge.fdr",50,"large","M2","Weak instrument",9
"mrggi","CSq","edge.fdr",50,"large","M3","Weak instrument",7
"mrggi","CSq","edge.fdr",50,"large","M4","Weak instrument",8
"mrggi","CSq","edge.fdr",150,"all","M0","T1 - T2 Edge Absent",34
"mrggi","CSq","edge.fdr",150,"all","M1","T1 - T2 Edge Absent",8
"mrggi","CSq","edge.fdr",150,"all","M2","T1 - T2 Edge Absent",26
"mrggi","CSq","edge.fdr",150,"all","M3","T1 - T2 Edge Absent",1
"mrggi","CSq","edge.fdr",150,"all","M4","T1 - T2 Edge Absent",0
"mrggi","CSq","edge.fdr",150,"all","M0","T1 - T2 Edge Present",2
"mrggi","CSq","edge.fdr",150,"all","M1","T1 - T2 Edge Present",18
"mrggi","CSq","edge.fdr",150,"all","M2","T1 - T2 Edge Present",0
"mrggi","CSq","edge.fdr",150,"all","M3","T1 - T2 Edge Present",34
"mrggi","CSq","edge.fdr",150,"all","M4","T1 - T2 Edge Present",35
"mrggi","CSq","edge.fdr",150,"all","M0","Weak instrument",24
"mrggi","CSq","edge.fdr",150,"all","M1","Weak instrument",34
"mrggi","CSq","edge.fdr",150,"all","M2","Weak instrument",34
"mrggi","CSq","edge.fdr",150,"all","M3","Weak instrument",25
"mrggi","CSq","edge.fdr",150,"all","M4","Weak instrument",25
"mrggi","CSq","edge.fdr",150,"small","M0","T1 - T2 Edge Absent",0
"mrggi","CSq","edge.fdr",150,"small","M1","T1 - T2 Edge Absent",3
"mrggi","CSq","edge.fdr",150,"small","M2","T1 - T2 Edge Absent",0
"mrggi","CSq","edge.fdr",150,"small","M3","T1 - T2 Edge Absent",0
"mrggi","CSq","edge.fdr",150,"small","M4","T1 - T2 Edge Absent",0
"mrggi","CSq","edge.fdr",150,"small","M0","T1 - T2 Edge Present",0
"mrggi","CSq","edge.fdr",150,"small","M1","T1 - T2 Edge Present",0
"mrggi","CSq","edge.fdr",150,"small","M2","T1 - T2 Edge Present",0
"mrggi","CSq","edge.fdr",150,"small","M3","T1 - T2 Edge Present",1
"mrggi","CSq","edge.fdr",150,"small","M4","T1 - T2 Edge Present",2
"mrggi","CSq","edge.fdr",150,"small","M0","Weak instrument",20
"mrggi","CSq","edge.fdr",150,"small","M1","Weak instrument",17
"mrggi","CSq","edge.fdr",150,"small","M2","Weak instrument",20
"mrggi","CSq","edge.fdr",150,"small","M3","Weak instrument",19
"mrggi","CSq","edge.fdr",150,"small","M4","Weak instrument",18
"mrggi","CSq","edge.fdr",150,"medium","M0","T1 - T2 Edge Absent",16
"mrggi","CSq","edge.fdr",150,"medium","M1","T1 - T2 Edge Absent",5
"mrggi","CSq","edge.fdr",150,"medium","M2","T1 - T2 Edge Absent",9
"mrggi","CSq","edge.fdr",150,"medium","M3","T1 - T2 Edge Absent",1
"mrggi","CSq","edge.fdr",150,"medium","M4","T1 - T2 Edge Absent",0
"mrggi","CSq","edge.fdr",150,"medium","M0","T1 - T2 Edge Present",0
"mrggi","CSq","edge.fdr",150,"medium","M1","T1 - T2 Edge Present",1
"mrggi","CSq","edge.fdr",150,"medium","M2","T1 - T2 Edge Present",0
"mrggi","CSq","edge.fdr",150,"medium","M3","T1 - T2 Edge Present",14
"mrggi","CSq","edge.fdr",150,"medium","M4","T1 - T2 Edge Present",15
"mrggi","CSq","edge.fdr",150,"medium","M0","Weak instrument",4
"mrggi","CSq","edge.fdr",150,"medium","M1","Weak instrument",14
"mrggi","CSq","edge.fdr",150,"medium","M2","Weak instrument",11
"mrggi","CSq","edge.fdr",150,"medium","M3","Weak instrument",5
"mrggi","CSq","edge.fdr",150,"medium","M4","Weak instrument",5
"mrggi","CSq","edge.fdr",150,"large","M0","T1 - T2 Edge Absent",18
"mrggi","CSq","edge.fdr",150,"large","M1","T1 - T2 Edge Absent",0
"mrggi","CSq","edge.fdr",150,"large","M2","T1 - T2 Edge Absent",17
"mrggi","CSq","edge.fdr",150,"large","M3","T1 - T2 Edge Absent",0
"mrggi","CSq","edge.fdr",150,"large","M4","T1 - T2 Edge Absent",0
"mrggi","CSq","edge.fdr",150,"large","M0","T1 - T2 Edge Present",2
"mrggi","CSq","edge.fdr",150,"large","M1","T1 - T2 Edge Present",17
"mrggi","CSq","edge.fdr",150,"large","M2","T1 - T2 Edge Present",0
"mrggi","CSq","edge.fdr",150,"large","M3","T1 - T2 Edge Present",19
"mrggi","CSq","edge.fdr",150,"large","M4","T1 - T2 Edge Present",18
"mrggi","CSq","edge.fdr",150,"large","M0","Weak instrument",0
"mrggi","CSq","edge.fdr",150,"large","M1","Weak instrument",3
"mrggi","CSq","edge.fdr",150,"large","M2","Weak instrument",3
"mrggi","CSq","edge.fdr",150,"large","M3","Weak instrument",1
"mrggi","CSq","edge.fdr",150,"large","M4","Weak instrument",2
"mrggi","CSq","edge.fdr",300,"all","M0","T1 - T2 Edge Absent",43
"mrggi","CSq","edge.fdr",300,"all","M1","T1 - T2 Edge Absent",16
"mrggi","CSq","edge.fdr",300,"all","M2","T1 - T2 Edge Absent",35
"mrggi","CSq","edge.fdr",300,"all","M3","T1 - T2 Edge Absent",3
"mrggi","CSq","edge.fdr",300,"all","M4","T1 - T2 Edge Absent",0
"mrggi","CSq","edge.fdr",300,"all","M0","T1 - T2 Edge Present",0
"mrggi","CSq","edge.fdr",300,"all","M1","T1 - T2 Edge Present",27
"mrggi","CSq","edge.fdr",300,"all","M2","T1 - T2 Edge Present",2
"mrggi","CSq","edge.fdr",300,"all","M3","T1 - T2 Edge Present",37
"mrggi","CSq","edge.fdr",300,"all","M4","T1 - T2 Edge Present",42
"mrggi","CSq","edge.fdr",300,"all","M0","Weak instrument",17
"mrggi","CSq","edge.fdr",300,"all","M1","Weak instrument",17
"mrggi","CSq","edge.fdr",300,"all","M2","Weak instrument",23
"mrggi","CSq","edge.fdr",300,"all","M3","Weak instrument",20
"mrggi","CSq","edge.fdr",300,"all","M4","Weak instrument",18
"mrggi","CSq","edge.fdr",300,"small","M0","T1 - T2 Edge Absent",10
"mrggi","CSq","edge.fdr",300,"small","M1","T1 - T2 Edge Absent",5
"mrggi","CSq","edge.fdr",300,"small","M2","T1 - T2 Edge Absent",3
"mrggi","CSq","edge.fdr",300,"small","M3","T1 - T2 Edge Absent",1
"mrggi","CSq","edge.fdr",300,"small","M4","T1 - T2 Edge Absent",0
"mrggi","CSq","edge.fdr",300,"small","M0","T1 - T2 Edge Present",0
"mrggi","CSq","edge.fdr",300,"small","M1","T1 - T2 Edge Present",0
"mrggi","CSq","edge.fdr",300,"small","M2","T1 - T2 Edge Present",0
"mrggi","CSq","edge.fdr",300,"small","M3","T1 - T2 Edge Present",2
"mrggi","CSq","edge.fdr",300,"small","M4","T1 - T2 Edge Present",3
"mrggi","CSq","edge.fdr",300,"small","M0","Weak instrument",10
"mrggi","CSq","edge.fdr",300,"small","M1","Weak instrument",15
"mrggi","CSq","edge.fdr",300,"small","M2","Weak instrument",17
"mrggi","CSq","edge.fdr",300,"small","M3","Weak instrument",17
"mrggi","CSq","edge.fdr",300,"small","M4","Weak instrument",17
"mrggi","CSq","edge.fdr",300,"medium","M0","T1 - T2 Edge Absent",14
"mrggi","CSq","edge.fdr",300,"medium","M1","T1 - T2 Edge Absent",11
"mrggi","CSq","edge.fdr",300,"medium","M2","T1 - T2 Edge Absent",14
"mrggi","CSq","edge.fdr",300,"medium","M3","T1 - T2 Edge Absent",1
"mrggi","CSq","edge.fdr",300,"medium","M4","T1 - T2 Edge Absent",0
"mrggi","CSq","edge.fdr",300,"medium","M0","T1 - T2 Edge Present",0
"mrggi","CSq","edge.fdr",300,"medium","M1","T1 - T2 Edge Present",7
"mrggi","CSq","edge.fdr",300,"medium","M2","T1 - T2 Edge Present",2
"mrggi","CSq","edge.fdr",300,"medium","M3","T1 - T2 Edge Present",17
"mrggi","CSq","edge.fdr",300,"medium","M4","T1 - T2 Edge Present",20
"mrggi","CSq","edge.fdr",300,"medium","M0","Weak instrument",6
"mrggi","CSq","edge.fdr",300,"medium","M1","Weak instrument",2
"mrggi","CSq","edge.fdr",300,"medium","M2","Weak instrument",4
"mrggi","CSq","edge.fdr",300,"medium","M3","Weak instrument",2
"mrggi","CSq","edge.fdr",300,"medium","M4","Weak instrument",0
"mrggi","CSq","edge.fdr",300,"large","M0","T1 - T2 Edge Absent",19
"mrggi","CSq","edge.fdr",300,"large","M1","T1 - T2 Edge Absent",0
"mrggi","CSq","edge.fdr",300,"large","M2","T1 - T2 Edge Absent",18
"mrggi","CSq","edge.fdr",300,"large","M3","T1 - T2 Edge Absent",1
"mrggi","CSq","edge.fdr",300,"large","M4","T1 - T2 Edge Absent",0
"mrggi","CSq","edge.fdr",300,"large","M0","T1 - T2 Edge Present",0
"mrggi","CSq","edge.fdr",300,"large","M1","T1 - T2 Edge Present",20
"mrggi","CSq","edge.fdr",300,"large","M2","T1 - T2 Edge Present",0
"mrggi","CSq","edge.fdr",300,"large","M3","T1 - T2 Edge Present",18
"mrggi","CSq","edge.fdr",300,"large","M4","T1 - T2 Edge Present",19
"mrggi","CSq","edge.fdr",300,"large","M0","Weak instrument",1
"mrggi","CSq","edge.fdr",300,"large","M1","Weak instrument",0
"mrggi","CSq","edge.fdr",300,"large","M2","Weak instrument",2
"mrggi","CSq","edge.fdr",300,"large","M3","Weak instrument",1
"mrggi","CSq","edge.fdr",300,"large","M4","Weak instrument",1
"mrggi","CSq","edge.fdr",670,"all","M0","T1 - T2 Edge Absent",45
"mrggi","CSq","edge.fdr",670,"all","M1","T1 - T2 Edge Absent",21
"mrggi","CSq","edge.fdr",670,"all","M2","T1 - T2 Edge Absent",53
"mrggi","CSq","edge.fdr",670,"all","M3","T1 - T2 Edge Absent",0
"mrggi","CSq","edge.fdr",670,"all","M4","T1 - T2 Edge Absent",0
"mrggi","CSq","edge.fdr",670,"all","M0","T1 - T2 Edge Present",0
"mrggi","CSq","edge.fdr",670,"all","M1","T1 - T2 Edge Present",25
"mrggi","CSq","edge.fdr",670,"all","M2","T1 - T2 Edge Present",0
"mrggi","CSq","edge.fdr",670,"all","M3","T1 - T2 Edge Present",48
"mrggi","CSq","edge.fdr",670,"all","M4","T1 - T2 Edge Present",50
"mrggi","CSq","edge.fdr",670,"all","M0","Weak instrument",15
"mrggi","CSq","edge.fdr",670,"all","M1","Weak instrument",14
"mrggi","CSq","edge.fdr",670,"all","M2","Weak instrument",7
"mrggi","CSq","edge.fdr",670,"all","M3","Weak instrument",12
"mrggi","CSq","edge.fdr",670,"all","M4","Weak instrument",10
"mrggi","CSq","edge.fdr",670,"small","M0","T1 - T2 Edge Absent",9
"mrggi","CSq","edge.fdr",670,"small","M1","T1 - T2 Edge Absent",8
"mrggi","CSq","edge.fdr",670,"small","M2","T1 - T2 Edge Absent",13
"mrggi","CSq","edge.fdr",670,"small","M3","T1 - T2 Edge Absent",0
"mrggi","CSq","edge.fdr",670,"small","M4","T1 - T2 Edge Absent",0
"mrggi","CSq","edge.fdr",670,"small","M0","T1 - T2 Edge Present",0
"mrggi","CSq","edge.fdr",670,"small","M1","T1 - T2 Edge Present",0
"mrggi","CSq","edge.fdr",670,"small","M2","T1 - T2 Edge Present",0
"mrggi","CSq","edge.fdr",670,"small","M3","T1 - T2 Edge Present",10
"mrggi","CSq","edge.fdr",670,"small","M4","T1 - T2 Edge Present",11
"mrggi","CSq","edge.fdr",670,"small","M0","Weak instrument",11
"mrggi","CSq","edge.fdr",670,"small","M1","Weak instrument",12
"mrggi","CSq","edge.fdr",670,"small","M2","Weak instrument",7
"mrggi","CSq","edge.fdr",670,"small","M3","Weak instrument",10
"mrggi","CSq","edge.fdr",670,"small","M4","Weak instrument",9
"mrggi","CSq","edge.fdr",670,"medium","M0","T1 - T2 Edge Absent",17
"mrggi","CSq","edge.fdr",670,"medium","M1","T1 - T2 Edge Absent",12
"mrggi","CSq","edge.fdr",670,"medium","M2","T1 - T2 Edge Absent",20
"mrggi","CSq","edge.fdr",670,"medium","M3","T1 - T2 Edge Absent",0
"mrggi","CSq","edge.fdr",670,"medium","M4","T1 - T2 Edge Absent",0
"mrggi","CSq","edge.fdr",670,"medium","M0","T1 - T2 Edge Present",0
"mrggi","CSq","edge.fdr",670,"medium","M1","T1 - T2 Edge Present",6
"mrggi","CSq","edge.fdr",670,"medium","M2","T1 - T2 Edge Present",0
"mrggi","CSq","edge.fdr",670,"medium","M3","T1 - T2 Edge Present",18
"mrggi","CSq","edge.fdr",670,"medium","M4","T1 - T2 Edge Present",19
"mrggi","CSq","edge.fdr",670,"medium","M0","Weak instrument",3
"mrggi","CSq","edge.fdr",670,"medium","M1","Weak instrument",2
"mrggi","CSq","edge.fdr",670,"medium","M2","Weak instrument",0
"mrggi","CSq","edge.fdr",670,"medium","M3","Weak instrument",2
"mrggi","CSq","edge.fdr",670,"medium","M4","Weak instrument",1
"mrggi","CSq","edge.fdr",670,"large","M0","T1 - T2 Edge Absent",19
"mrggi","CSq","edge.fdr",670,"large","M1","T1 - T2 Edge Absent",1
"mrggi","CSq","edge.fdr",670,"large","M2","T1 - T2 Edge Absent",20
"mrggi","CSq","edge.fdr",670,"large","M3","T1 - T2 Edge Absent",0
"mrggi","CSq","edge.fdr",670,"large","M4","T1 - T2 Edge Absent",0
"mrggi","CSq","edge.fdr",670,"large","M0","T1 - T2 Edge Present",0
"mrggi","CSq","edge.fdr",670,"large","M1","T1 - T2 Edge Present",19
"mrggi","CSq","edge.fdr",670,"large","M2","T1 - T2 Edge Present",0
"mrggi","CSq","edge.fdr",670,"large","M3","T1 - T2 Edge Present",20
"mrggi","CSq","edge.fdr",670,"large","M4","T1 - T2 Edge Present",20
"mrggi","CSq","edge.fdr",670,"large","M0","Weak instrument",1
"mrggi","CSq","edge.fdr",670,"large","M1","Weak instrument",0
"mrggi","CSq","edge.fdr",670,"large","M2","Weak instrument",0
"mrggi","CSq","edge.fdr",670,"large","M3","Weak instrument",0
"mrggi","CSq","edge.fdr",670,"large","M4","Weak instrument",0
"mrggi","CSq","edge.fdr",1000,"all","M0","T1 - T2 Edge Absent",52
"mrggi","CSq","edge.fdr",1000,"all","M1","T1 - T2 Edge Absent",18
"mrggi","CSq","edge.fdr",1000,"all","M2","T1 - T2 Edge Absent",50
"mrggi","CSq","edge.fdr",1000,"all","M3","T1 - T2 Edge Absent",6
"mrggi","CSq","edge.fdr",1000,"all","M4","T1 - T2 Edge Absent",1
"mrggi","CSq","edge.fdr",1000,"all","M0","T1 - T2 Edge Present",0
"mrggi","CSq","edge.fdr",1000,"all","M1","T1 - T2 Edge Present",32
"mrggi","CSq","edge.fdr",1000,"all","M2","T1 - T2 Edge Present",0
"mrggi","CSq","edge.fdr",1000,"all","M3","T1 - T2 Edge Present",47
"mrggi","CSq","edge.fdr",1000,"all","M4","T1 - T2 Edge Present",48
"mrggi","CSq","edge.fdr",1000,"all","M0","Weak instrument",8
"mrggi","CSq","edge.fdr",1000,"all","M1","Weak instrument",10
"mrggi","CSq","edge.fdr",1000,"all","M2","Weak instrument",10
"mrggi","CSq","edge.fdr",1000,"all","M3","Weak instrument",7
"mrggi","CSq","edge.fdr",1000,"all","M4","Weak instrument",11
"mrggi","CSq","edge.fdr",1000,"small","M0","T1 - T2 Edge Absent",12
"mrggi","CSq","edge.fdr",1000,"small","M1","T1 - T2 Edge Absent",11
"mrggi","CSq","edge.fdr",1000,"small","M2","T1 - T2 Edge Absent",10
"mrggi","CSq","edge.fdr",1000,"small","M3","T1 - T2 Edge Absent",5
"mrggi","CSq","edge.fdr",1000,"small","M4","T1 - T2 Edge Absent",1
"mrggi","CSq","edge.fdr",1000,"small","M0","T1 - T2 Edge Present",0
"mrggi","CSq","edge.fdr",1000,"small","M1","T1 - T2 Edge Present",0
"mrggi","CSq","edge.fdr",1000,"small","M2","T1 - T2 Edge Present",0
"mrggi","CSq","edge.fdr",1000,"small","M3","T1 - T2 Edge Present",10
"mrggi","CSq","edge.fdr",1000,"small","M4","T1 - T2 Edge Present",9
"mrggi","CSq","edge.fdr",1000,"small","M0","Weak instrument",8
"mrggi","CSq","edge.fdr",1000,"small","M1","Weak instrument",9
"mrggi","CSq","edge.fdr",1000,"small","M2","Weak instrument",10
"mrggi","CSq","edge.fdr",1000,"small","M3","Weak instrument",5
"mrggi","CSq","edge.fdr",1000,"small","M4","Weak instrument",10
"mrggi","CSq","edge.fdr",1000,"medium","M0","T1 - T2 Edge Absent",20
"mrggi","CSq","edge.fdr",1000,"medium","M1","T1 - T2 Edge Absent",6
"mrggi","CSq","edge.fdr",1000,"medium","M2","T1 - T2 Edge Absent",20
"mrggi","CSq","edge.fdr",1000,"medium","M3","T1 - T2 Edge Absent",1
"mrggi","CSq","edge.fdr",1000,"medium","M4","T1 - T2 Edge Absent",0
"mrggi","CSq","edge.fdr",1000,"medium","M0","T1 - T2 Edge Present",0
"mrggi","CSq","edge.fdr",1000,"medium","M1","T1 - T2 Edge Present",13
"mrggi","CSq","edge.fdr",1000,"medium","M2","T1 - T2 Edge Present",0
"mrggi","CSq","edge.fdr",1000,"medium","M3","T1 - T2 Edge Present",17
"mrggi","CSq","edge.fdr",1000,"medium","M4","T1 - T2 Edge Present",19
"mrggi","CSq","edge.fdr",1000,"medium","M0","Weak instrument",0
"mrggi","CSq","edge.fdr",1000,"medium","M1","Weak instrument",1
"mrggi","CSq","edge.fdr",1000,"medium","M2","Weak instrument",0
"mrggi","CSq","edge.fdr",1000,"medium","M3","Weak instrument",2
"mrggi","CSq","edge.fdr",1000,"medium","M4","Weak instrument",1
"mrggi","CSq","edge.fdr",1000,"large","M0","T1 - T2 Edge Absent",20
"mrggi","CSq","edge.fdr",1000,"large","M1","T1 - T2 Edge Absent",1
"mrggi","CSq","edge.fdr",1000,"large","M2","T1 - T2 Edge Absent",20
"mrggi","CSq","edge.fdr",1000,"large","M3","T1 - T2 Edge Absent",0
"mrggi","CSq","edge.fdr",1000,"large","M4","T1 - T2 Edge Absent",0
"mrggi","CSq","edge.fdr",1000,"large","M0","T1 - T2 Edge Present",0
"mrggi","CSq","edge.fdr",1000,"large","M1","T1 - T2 Edge Present",19
"mrggi","CSq","edge.fdr",1000,"large","M2","T1 - T2 Edge Present",0
"mrggi","CSq","edge.fdr",1000,"large","M3","T1 - T2 Edge Present",20
"mrggi","CSq","edge.fdr",1000,"large","M4","T1 - T2 Edge Present",20
"mrggi","CSq","edge.fdr",1000,"large","M0","Weak instrument",0
"mrggi","CSq","edge.fdr",1000,"large","M1","Weak instrument",0
"mrggi","CSq","edge.fdr",1000,"large","M2","Weak instrument",0
"mrggi","CSq","edge.fdr",1000,"large","M3","Weak instrument",0
"mrggi","CSq","edge.fdr",1000,"large","M4","Weak instrument",0
"mrggi","CSa","edge.fdr",50,"all","M0","T1 - T2 Edge Absent",19
"mrggi","CSa","edge.fdr",50,"all","M1","T1 - T2 Edge Absent",17
"mrggi","CSa","edge.fdr",50,"all","M2","T1 - T2 Edge Absent",19
"mrggi","CSa","edge.fdr",50,"all","M3","T1 - T2 Edge Absent",6
"mrggi","CSa","edge.fdr",50,"all","M4","T1 - T2 Edge Absent",4
"mrggi","CSa","edge.fdr",50,"all","M0","T1 - T2 Edge Present",0
"mrggi","CSa","edge.fdr",50,"all","M1","T1 - T2 Edge Present",2
"mrggi","CSa","edge.fdr",50,"all","M2","T1 - T2 Edge Present",0
"mrggi","CSa","edge.fdr",50,"all","M3","T1 - T2 Edge Present",11
"mrggi","CSa","edge.fdr",50,"all","M4","T1 - T2 Edge Present",12
"mrggi","CSa","edge.fdr",50,"all","M0","Weak instrument",41
"mrggi","CSa","edge.fdr",50,"all","M1","Weak instrument",41
"mrggi","CSa","edge.fdr",50,"all","M2","Weak instrument",41
"mrggi","CSa","edge.fdr",50,"all","M3","Weak instrument",43
"mrggi","CSa","edge.fdr",50,"all","M4","Weak instrument",44
"mrggi","CSa","edge.fdr",50,"small","M0","T1 - T2 Edge Absent",0
"mrggi","CSa","edge.fdr",50,"small","M1","T1 - T2 Edge Absent",0
"mrggi","CSa","edge.fdr",50,"small","M2","T1 - T2 Edge Absent",0
"mrggi","CSa","edge.fdr",50,"small","M3","T1 - T2 Edge Absent",0
"mrggi","CSa","edge.fdr",50,"small","M4","T1 - T2 Edge Absent",0
"mrggi","CSa","edge.fdr",50,"small","M0","T1 - T2 Edge Present",0
"mrggi","CSa","edge.fdr",50,"small","M1","T1 - T2 Edge Present",0
"mrggi","CSa","edge.fdr",50,"small","M2","T1 - T2 Edge Present",0
"mrggi","CSa","edge.fdr",50,"small","M3","T1 - T2 Edge Present",0
"mrggi","CSa","edge.fdr",50,"small","M4","T1 - T2 Edge Present",0
"mrggi","CSa","edge.fdr",50,"small","M0","Weak instrument",20
"mrggi","CSa","edge.fdr",50,"small","M1","Weak instrument",20
"mrggi","CSa","edge.fdr",50,"small","M2","Weak instrument",20
"mrggi","CSa","edge.fdr",50,"small","M3","Weak instrument",20
"mrggi","CSa","edge.fdr",50,"small","M4","Weak instrument",20
"mrggi","CSa","edge.fdr",50,"medium","M0","T1 - T2 Edge Absent",4
"mrggi","CSa","edge.fdr",50,"medium","M1","T1 - T2 Edge Absent",6
"mrggi","CSa","edge.fdr",50,"medium","M2","T1 - T2 Edge Absent",8
"mrggi","CSa","edge.fdr",50,"medium","M3","T1 - T2 Edge Absent",3
"mrggi","CSa","edge.fdr",50,"medium","M4","T1 - T2 Edge Absent",3
"mrggi","CSa","edge.fdr",50,"medium","M0","T1 - T2 Edge Present",0
"mrggi","CSa","edge.fdr",50,"medium","M1","T1 - T2 Edge Present",0
"mrggi","CSa","edge.fdr",50,"medium","M2","T1 - T2 Edge Present",0
"mrggi","CSa","edge.fdr",50,"medium","M3","T1 - T2 Edge Present",1
"mrggi","CSa","edge.fdr",50,"medium","M4","T1 - T2 Edge Present",1
"mrggi","CSa","edge.fdr",50,"medium","M0","Weak instrument",16
"mrggi","CSa","edge.fdr",50,"medium","M1","Weak instrument",14
"mrggi","CSa","edge.fdr",50,"medium","M2","Weak instrument",12
"mrggi","CSa","edge.fdr",50,"medium","M3","Weak instrument",16
"mrggi","CSa","edge.fdr",50,"medium","M4","Weak instrument",16
"mrggi","CSa","edge.fdr",50,"large","M0","T1 - T2 Edge Absent",15
"mrggi","CSa","edge.fdr",50,"large","M1","T1 - T2 Edge Absent",11
"mrggi","CSa","edge.fdr",50,"large","M2","T1 - T2 Edge Absent",11
"mrggi","CSa","edge.fdr",50,"large","M3","T1 - T2 Edge Absent",3
"mrggi","CSa","edge.fdr",50,"large","M4","T1 - T2 Edge Absent",1
"mrggi","CSa","edge.fdr",50,"large","M0","T1 - T2 Edge Present",0
"mrggi","CSa","edge.fdr",50,"large","M1","T1 - T2 Edge Present",2
"mrggi","CSa","edge.fdr",50,"large","M2","T1 - T2 Edge Present",0
"mrggi","CSa","edge.fdr",50,"large","M3","T1 - T2 Edge Present",10
"mrggi","CSa","edge.fdr",50,"large","M4","T1 - T2 Edge Present",11
"mrggi","CSa","edge.fdr",50,"large","M0","Weak instrument",5
"mrggi","CSa","edge.fdr",50,"large","M1","Weak instrument",7
"mrggi","CSa","edge.fdr",50,"large","M2","Weak instrument",9
"mrggi","CSa","edge.fdr",50,"large","M3","Weak instrument",7
"mrggi","CSa","edge.fdr",50,"large","M4","Weak instrument",8
"mrggi","CSa","edge.fdr",150,"all","M0","T1 - T2 Edge Absent",36
"mrggi","CSa","edge.fdr",150,"all","M1","T1 - T2 Edge Absent",10
"mrggi","CSa","edge.fdr",150,"all","M2","T1 - T2 Edge Absent",26
"mrggi","CSa","edge.fdr",150,"all","M3","T1 - T2 Edge Absent",4
"mrggi","CSa","edge.fdr",150,"all","M4","T1 - T2 Edge Absent",2
"mrggi","CSa","edge.fdr",150,"all","M0","T1 - T2 Edge Present",0
"mrggi","CSa","edge.fdr",150,"all","M1","T1 - T2 Edge Present",16
"mrggi","CSa","edge.fdr",150,"all","M2","T1 - T2 Edge Present",0
"mrggi","CSa","edge.fdr",150,"all","M3","T1 - T2 Edge Present",31
"mrggi","CSa","edge.fdr",150,"all","M4","T1 - T2 Edge Present",33
"mrggi","CSa","edge.fdr",150,"all","M0","Weak instrument",24
"mrggi","CSa","edge.fdr",150,"all","M1","Weak instrument",34
"mrggi","CSa","edge.fdr",150,"all","M2","Weak instrument",34
"mrggi","CSa","edge.fdr",150,"all","M3","Weak instrument",25
"mrggi","CSa","edge.fdr",150,"all","M4","Weak instrument",25
"mrggi","CSa","edge.fdr",150,"small","M0","T1 - T2 Edge Absent",0
"mrggi","CSa","edge.fdr",150,"small","M1","T1 - T2 Edge Absent",3
"mrggi","CSa","edge.fdr",150,"small","M2","T1 - T2 Edge Absent",0
"mrggi","CSa","edge.fdr",150,"small","M3","T1 - T2 Edge Absent",0
"mrggi","CSa","edge.fdr",150,"small","M4","T1 - T2 Edge Absent",2
"mrggi","CSa","edge.fdr",150,"small","M0","T1 - T2 Edge Present",0
"mrggi","CSa","edge.fdr",150,"small","M1","T1 - T2 Edge Present",0
"mrggi","CSa","edge.fdr",150,"small","M2","T1 - T2 Edge Present",0
"mrggi","CSa","edge.fdr",150,"small","M3","T1 - T2 Edge Present",1
"mrggi","CSa","edge.fdr",150,"small","M4","T1 - T2 Edge Present",0
"mrggi","CSa","edge.fdr",150,"small","M0","Weak instrument",20
"mrggi","CSa","edge.fdr",150,"small","M1","Weak instrument",17
"mrggi","CSa","edge.fdr",150,"small","M2","Weak instrument",20
"mrggi","CSa","edge.fdr",150,"small","M3","Weak instrument",19
"mrggi","CSa","edge.fdr",150,"small","M4","Weak instrument",18
"mrggi","CSa","edge.fdr",150,"medium","M0","T1 - T2 Edge Absent",16
"mrggi","CSa","edge.fdr",150,"medium","M1","T1 - T2 Edge Absent",6
"mrggi","CSa","edge.fdr",150,"medium","M2","T1 - T2 Edge Absent",9
"mrggi","CSa","edge.fdr",150,"medium","M3","T1 - T2 Edge Absent",4
"mrggi","CSa","edge.fdr",150,"medium","M4","T1 - T2 Edge Absent",0
"mrggi","CSa","edge.fdr",150,"medium","M0","T1 - T2 Edge Present",0
"mrggi","CSa","edge.fdr",150,"medium","M1","T1 - T2 Edge Present",0
"mrggi","CSa","edge.fdr",150,"medium","M2","T1 - T2 Edge Present",0
"mrggi","CSa","edge.fdr",150,"medium","M3","T1 - T2 Edge Present",11
"mrggi","CSa","edge.fdr",150,"medium","M4","T1 - T2 Edge Present",15
"mrggi","CSa","edge.fdr",150,"medium","M0","Weak instrument",4
"mrggi","CSa","edge.fdr",150,"medium","M1","Weak instrument",14
"mrggi","CSa","edge.fdr",150,"medium","M2","Weak instrument",11
"mrggi","CSa","edge.fdr",150,"medium","M3","Weak instrument",5
"mrggi","CSa","edge.fdr",150,"medium","M4","Weak instrument",5
"mrggi","CSa","edge.fdr",150,"large","M0","T1 - T2 Edge Absent",20
"mrggi","CSa","edge.fdr",150,"large","M1","T1 - T2 Edge Absent",1
"mrggi","CSa","edge.fdr",150,"large","M2","T1 - T2 Edge Absent",17
"mrggi","CSa","edge.fdr",150,"large","M3","T1 - T2 Edge Absent",0
"mrggi","CSa","edge.fdr",150,"large","M4","T1 - T2 Edge Absent",0
"mrggi","CSa","edge.fdr",150,"large","M0","T1 - T2 Edge Present",0
"mrggi","CSa","edge.fdr",150,"large","M1","T1 - T2 Edge Present",16
"mrggi","CSa","edge.fdr",150,"large","M2","T1 - T2 Edge Present",0
"mrggi","CSa","edge.fdr",150,"large","M3","T1 - T2 Edge Present",19
"mrggi","CSa","edge.fdr",150,"large","M4","T1 - T2 Edge Present",18
"mrggi","CSa","edge.fdr",150,"large","M0","Weak instrument",0
"mrggi","CSa","edge.fdr",150,"large","M1","Weak instrument",3
"mrggi","CSa","edge.fdr",150,"large","M2","Weak instrument",3
"mrggi","CSa","edge.fdr",150,"large","M3","Weak instrument",1
"mrggi","CSa","edge.fdr",150,"large","M4","Weak instrument",2
"mrggi","CSa","edge.fdr",300,"all","M0","T1 - T2 Edge Absent",43
"mrggi","CSa","edge.fdr",300,"all","M1","T1 - T2 Edge Absent",23
"mrggi","CSa","edge.fdr",300,"all","M2","T1 - T2 Edge Absent",37
"mrggi","CSa","edge.fdr",300,"all","M3","T1 - T2 Edge Absent",3
"mrggi","CSa","edge.fdr",300,"all","M4","T1 - T2 Edge Absent",1
"mrggi","CSa","edge.fdr",300,"all","M0","T1 - T2 Edge Present",0
"mrggi","CSa","edge.fdr",300,"all","M1","T1 - T2 Edge Present",20
"mrggi","CSa","edge.fdr",300,"all","M2","T1 - T2 Edge Present",0
"mrggi","CSa","edge.fdr",300,"all","M3","T1 - T2 Edge Present",37
"mrggi","CSa","edge.fdr",300,"all","M4","T1 - T2 Edge Present",41
"mrggi","CSa","edge.fdr",300,"all","M0","Weak instrument",17
"mrggi","CSa","edge.fdr",300,"all","M1","Weak instrument",17
"mrggi","CSa","edge.fdr",300,"all","M2","Weak instrument",23
"mrggi","CSa","edge.fdr",300,"all","M3","Weak instrument",20
"mrggi","CSa","edge.fdr",300,"all","M4","Weak instrument",18
"mrggi","CSa","edge.fdr",300,"small","M0","T1 - T2 Edge Absent",10
"mrggi","CSa","edge.fdr",300,"small","M1","T1 - T2 Edge Absent",5
"mrggi","CSa","edge.fdr",300,"small","M2","T1 - T2 Edge Absent",3
"mrggi","CSa","edge.fdr",300,"small","M3","T1 - T2 Edge Absent",1
"mrggi","CSa","edge.fdr",300,"small","M4","T1 - T2 Edge Absent",1
"mrggi","CSa","edge.fdr",300,"small","M0","T1 - T2 Edge Present",0
"mrggi","CSa","edge.fdr",300,"small","M1","T1 - T2 Edge Present",0
"mrggi","CSa","edge.fdr",300,"small","M2","T1 - T2 Edge Present",0
"mrggi","CSa","edge.fdr",300,"small","M3","T1 - T2 Edge Present",2
"mrggi","CSa","edge.fdr",300,"small","M4","T1 - T2 Edge Present",2
"mrggi","CSa","edge.fdr",300,"small","M0","Weak instrument",10
"mrggi","CSa","edge.fdr",300,"small","M1","Weak instrument",15
"mrggi","CSa","edge.fdr",300,"small","M2","Weak instrument",17
"mrggi","CSa","edge.fdr",300,"small","M3","Weak instrument",17
"mrggi","CSa","edge.fdr",300,"small","M4","Weak instrument",17
"mrggi","CSa","edge.fdr",300,"medium","M0","T1 - T2 Edge Absent",14
"mrggi","CSa","edge.fdr",300,"medium","M1","T1 - T2 Edge Absent",13
"mrggi","CSa","edge.fdr",300,"medium","M2","T1 - T2 Edge Absent",16
"mrggi","CSa","edge.fdr",300,"medium","M3","T1 - T2 Edge Absent",1
"mrggi","CSa","edge.fdr",300,"medium","M4","T1 - T2 Edge Absent",0
"mrggi","CSa","edge.fdr",300,"medium","M0","T1 - T2 Edge Present",0
"mrggi","CSa","edge.fdr",300,"medium","M1","T1 - T2 Edge Present",5
"mrggi","CSa","edge.fdr",300,"medium","M2","T1 - T2 Edge Present",0
"mrggi","CSa","edge.fdr",300,"medium","M3","T1 - T2 Edge Present",17
"mrggi","CSa","edge.fdr",300,"medium","M4","T1 - T2 Edge Present",20
"mrggi","CSa","edge.fdr",300,"medium","M0","Weak instrument",6
"mrggi","CSa","edge.fdr",300,"medium","M1","Weak instrument",2
"mrggi","CSa","edge.fdr",300,"medium","M2","Weak instrument",4
"mrggi","CSa","edge.fdr",300,"medium","M3","Weak instrument",2
"mrggi","CSa","edge.fdr",300,"medium","M4","Weak instrument",0
"mrggi","CSa","edge.fdr",300,"large","M0","T1 - T2 Edge Absent",19
"mrggi","CSa","edge.fdr",300,"large","M1","T1 - T2 Edge Absent",5
"mrggi","CSa","edge.fdr",300,"large","M2","T1 - T2 Edge Absent",18
"mrggi","CSa","edge.fdr",300,"large","M3","T1 - T2 Edge Absent",1
"mrggi","CSa","edge.fdr",300,"large","M4","T1 - T2 Edge Absent",0
"mrggi","CSa","edge.fdr",300,"large","M0","T1 - T2 Edge Present",0
"mrggi","CSa","edge.fdr",300,"large","M1","T1 - T2 Edge Present",15
"mrggi","CSa","edge.fdr",300,"large","M2","T1 - T2 Edge Present",0
"mrggi","CSa","edge.fdr",300,"large","M3","T1 - T2 Edge Present",18
"mrggi","CSa","edge.fdr",300,"large","M4","T1 - T2 Edge Present",19
"mrggi","CSa","edge.fdr",300,"large","M0","Weak instrument",1
"mrggi","CSa","edge.fdr",300,"large","M1","Weak instrument",0
"mrggi","CSa","edge.fdr",300,"large","M2","Weak instrument",2
"mrggi","CSa","edge.fdr",300,"large","M3","Weak instrument",1
"mrggi","CSa","edge.fdr",300,"large","M4","Weak instrument",1
"mrggi","CSa","edge.fdr",670,"all","M0","T1 - T2 Edge Absent",45
"mrggi","CSa","edge.fdr",670,"all","M1","T1 - T2 Edge Absent",21
"mrggi","CSa","edge.fdr",670,"all","M2","T1 - T2 Edge Absent",53
"mrggi","CSa","edge.fdr",670,"all","M3","T1 - T2 Edge Absent",1
"mrggi","CSa","edge.fdr",670,"all","M4","T1 - T2 Edge Absent",1
"mrggi","CSa","edge.fdr",670,"all","M0","T1 - T2 Edge Present",0
"mrggi","CSa","edge.fdr",670,"all","M1","T1 - T2 Edge Present",25
"mrggi","CSa","edge.fdr",670,"all","M2","T1 - T2 Edge Present",0
"mrggi","CSa","edge.fdr",670,"all","M3","T1 - T2 Edge Present",47
"mrggi","CSa","edge.fdr",670,"all","M4","T1 - T2 Edge Present",49
"mrggi","CSa","edge.fdr",670,"all","M0","Weak instrument",15
"mrggi","CSa","edge.fdr",670,"all","M1","Weak instrument",14
"mrggi","CSa","edge.fdr",670,"all","M2","Weak instrument",7
"mrggi","CSa","edge.fdr",670,"all","M3","Weak instrument",12
"mrggi","CSa","edge.fdr",670,"all","M4","Weak instrument",10
"mrggi","CSa","edge.fdr",670,"small","M0","T1 - T2 Edge Absent",9
"mrggi","CSa","edge.fdr",670,"small","M1","T1 - T2 Edge Absent",8
"mrggi","CSa","edge.fdr",670,"small","M2","T1 - T2 Edge Absent",13
"mrggi","CSa","edge.fdr",670,"small","M3","T1 - T2 Edge Absent",1
"mrggi","CSa","edge.fdr",670,"small","M4","T1 - T2 Edge Absent",1
"mrggi","CSa","edge.fdr",670,"small","M0","T1 - T2 Edge Present",0
"mrggi","CSa","edge.fdr",670,"small","M1","T1 - T2 Edge Present",0
"mrggi","CSa","edge.fdr",670,"small","M2","T1 - T2 Edge Present",0
"mrggi","CSa","edge.fdr",670,"small","M3","T1 - T2 Edge Present",9
"mrggi","CSa","edge.fdr",670,"small","M4","T1 - T2 Edge Present",10
"mrggi","CSa","edge.fdr",670,"small","M0","Weak instrument",11
"mrggi","CSa","edge.fdr",670,"small","M1","Weak instrument",12
"mrggi","CSa","edge.fdr",670,"small","M2","Weak instrument",7
"mrggi","CSa","edge.fdr",670,"small","M3","Weak instrument",10
"mrggi","CSa","edge.fdr",670,"small","M4","Weak instrument",9
"mrggi","CSa","edge.fdr",670,"medium","M0","T1 - T2 Edge Absent",17
"mrggi","CSa","edge.fdr",670,"medium","M1","T1 - T2 Edge Absent",12
"mrggi","CSa","edge.fdr",670,"medium","M2","T1 - T2 Edge Absent",20
"mrggi","CSa","edge.fdr",670,"medium","M3","T1 - T2 Edge Absent",0
"mrggi","CSa","edge.fdr",670,"medium","M4","T1 - T2 Edge Absent",0
"mrggi","CSa","edge.fdr",670,"medium","M0","T1 - T2 Edge Present",0
"mrggi","CSa","edge.fdr",670,"medium","M1","T1 - T2 Edge Present",6
"mrggi","CSa","edge.fdr",670,"medium","M2","T1 - T2 Edge Present",0
"mrggi","CSa","edge.fdr",670,"medium","M3","T1 - T2 Edge Present",18
"mrggi","CSa","edge.fdr",670,"medium","M4","T1 - T2 Edge Present",19
"mrggi","CSa","edge.fdr",670,"medium","M0","Weak instrument",3
"mrggi","CSa","edge.fdr",670,"medium","M1","Weak instrument",2
"mrggi","CSa","edge.fdr",670,"medium","M2","Weak instrument",0
"mrggi","CSa","edge.fdr",670,"medium","M3","Weak instrument",2
"mrggi","CSa","edge.fdr",670,"medium","M4","Weak instrument",1
"mrggi","CSa","edge.fdr",670,"large","M0","T1 - T2 Edge Absent",19
"mrggi","CSa","edge.fdr",670,"large","M1","T1 - T2 Edge Absent",1
"mrggi","CSa","edge.fdr",670,"large","M2","T1 - T2 Edge Absent",20
"mrggi","CSa","edge.fdr",670,"large","M3","T1 - T2 Edge Absent",0
"mrggi","CSa","edge.fdr",670,"large","M4","T1 - T2 Edge Absent",0
"mrggi","CSa","edge.fdr",670,"large","M0","T1 - T2 Edge Present",0
"mrggi","CSa","edge.fdr",670,"large","M1","T1 - T2 Edge Present",19
"mrggi","CSa","edge.fdr",670,"large","M2","T1 - T2 Edge Present",0
"mrggi","CSa","edge.fdr",670,"large","M3","T1 - T2 Edge Present",20
"mrggi","CSa","edge.fdr",670,"large","M4","T1 - T2 Edge Present",20
"mrggi","CSa","edge.fdr",670,"large","M0","Weak instrument",1
"mrggi","CSa","edge.fdr",670,"large","M1","Weak instrument",0
"mrggi","CSa","edge.fdr",670,"large","M2","Weak instrument",0
"mrggi","CSa","edge.fdr",670,"large","M3","Weak instrument",0
"mrggi","CSa","edge.fdr",670,"large","M4","Weak instrument",0
"mrggi","CSa","edge.fdr",1000,"all","M0","T1 - T2 Edge Absent",52
"mrggi","CSa","edge.fdr",1000,"all","M1","T1 - T2 Edge Absent",21
"mrggi","CSa","edge.fdr",1000,"all","M2","T1 - T2 Edge Absent",50
"mrggi","CSa","edge.fdr",1000,"all","M3","T1 - T2 Edge Absent",7
"mrggi","CSa","edge.fdr",1000,"all","M4","T1 - T2 Edge Absent",1
"mrggi","CSa","edge.fdr",1000,"all","M0","T1 - T2 Edge Present",0
"mrggi","CSa","edge.fdr",1000,"all","M1","T1 - T2 Edge Present",29
"mrggi","CSa","edge.fdr",1000,"all","M2","T1 - T2 Edge Present",0
"mrggi","CSa","edge.fdr",1000,"all","M3","T1 - T2 Edge Present",46
"mrggi","CSa","edge.fdr",1000,"all","M4","T1 - T2 Edge Present",48
"mrggi","CSa","edge.fdr",1000,"all","M0","Weak instrument",8
"mrggi","CSa","edge.fdr",1000,"all","M1","Weak instrument",10
"mrggi","CSa","edge.fdr",1000,"all","M2","Weak instrument",10
"mrggi","CSa","edge.fdr",1000,"all","M3","Weak instrument",7
"mrggi","CSa","edge.fdr",1000,"all","M4","Weak instrument",11
"mrggi","CSa","edge.fdr",1000,"small","M0","T1 - T2 Edge Absent",12
"mrggi","CSa","edge.fdr",1000,"small","M1","T1 - T2 Edge Absent",11
"mrggi","CSa","edge.fdr",1000,"small","M2","T1 - T2 Edge Absent",10
"mrggi","CSa","edge.fdr",1000,"small","M3","T1 - T2 Edge Absent",6
"mrggi","CSa","edge.fdr",1000,"small","M4","T1 - T2 Edge Absent",1
"mrggi","CSa","edge.fdr",1000,"small","M0","T1 - T2 Edge Present",0
"mrggi","CSa","edge.fdr",1000,"small","M1","T1 - T2 Edge Present",0
"mrggi","CSa","edge.fdr",1000,"small","M2","T1 - T2 Edge Present",0
"mrggi","CSa","edge.fdr",1000,"small","M3","T1 - T2 Edge Present",9
"mrggi","CSa","edge.fdr",1000,"small","M4","T1 - T2 Edge Present",9
"mrggi","CSa","edge.fdr",1000,"small","M0","Weak instrument",8
"mrggi","CSa","edge.fdr",1000,"small","M1","Weak instrument",9
"mrggi","CSa","edge.fdr",1000,"small","M2","Weak instrument",10
"mrggi","CSa","edge.fdr",1000,"small","M3","Weak instrument",5
"mrggi","CSa","edge.fdr",1000,"small","M4","Weak instrument",10
"mrggi","CSa","edge.fdr",1000,"medium","M0","T1 - T2 Edge Absent",20
"mrggi","CSa","edge.fdr",1000,"medium","M1","T1 - T2 Edge Absent",9
"mrggi","CSa","edge.fdr",1000,"medium","M2","T1 - T2 Edge Absent",20
"mrggi","CSa","edge.fdr",1000,"medium","M3","T1 - T2 Edge Absent",1
"mrggi","CSa","edge.fdr",1000,"medium","M4","T1 - T2 Edge Absent",0
"mrggi","CSa","edge.fdr",1000,"medium","M0","T1 - T2 Edge Present",0
"mrggi","CSa","edge.fdr",1000,"medium","M1","T1 - T2 Edge Present",10
"mrggi","CSa","edge.fdr",1000,"medium","M2","T1 - T2 Edge Present",0
"mrggi","CSa","edge.fdr",1000,"medium","M3","T1 - T2 Edge Present",17
"mrggi","CSa","edge.fdr",1000,"medium","M4","T1 - T2 Edge Present",19
"mrggi","CSa","edge.fdr",1000,"medium","M0","Weak instrument",0
"mrggi","CSa","edge.fdr",1000,"medium","M1","Weak instrument",1
"mrggi","CSa","edge.fdr",1000,"medium","M2","Weak instrument",0
"mrggi","CSa","edge.fdr",1000,"medium","M3","Weak instrument",2
"mrggi","CSa","edge.fdr",1000,"medium","M4","Weak instrument",1
"mrggi","CSa","edge.fdr",1000,"large","M0","T1 - T2 Edge Absent",20
"mrggi","CSa","edge.fdr",1000,"large","M1","T1 - T2 Edge Absent",1
"mrggi","CSa","edge.fdr",1000,"large","M2","T1 - T2 Edge Absent",20
"mrggi","CSa","edge.fdr",1000,"large","M3","T1 - T2 Edge Absent",0
"mrggi","CSa","edge.fdr",1000,"large","M4","T1 - T2 Edge Absent",0
"mrggi","CSa","edge.fdr",1000,"large","M0","T1 - T2 Edge Present",0
"mrggi","CSa","edge.fdr",1000,"large","M1","T1 - T2 Edge Present",19
"mrggi","CSa","edge.fdr",1000,"large","M2","T1 - T2 Edge Present",0
"mrggi","CSa","edge.fdr",1000,"large","M3","T1 - T2 Edge Present",20
"mrggi","CSa","edge.fdr",1000,"large","M4","T1 - T2 Edge Present",20
"mrggi","CSa","edge.fdr",1000,"large","M0","Weak instrument",0
"mrggi","CSa","edge.fdr",1000,"large","M1","Weak instrument",0
"mrggi","CSa","edge.fdr",1000,"large","M2","Weak instrument",0
"mrggi","CSa","edge.fdr",1000,"large","M3","Weak instrument",0
"mrggi","CSa","edge.fdr",1000,"large","M4","Weak instrument",0
